# Blender 3.6.5
# www.blender.org
mtllib pegasus_4d.mtl
o Mesh0
v 0.129748 -0.068609 0.000000
v 0.125142 -0.068609 -0.026715
v 0.129748 -0.036065 0.000000
v 0.125142 -0.036684 -0.026715
v 0.125142 -0.036684 0.026715
v 0.125142 -0.068609 0.026715
v 0.110785 -0.068609 0.000000
v 0.109968 -0.068609 -0.012753
v 0.129748 -0.068609 0.000000
v 0.125142 -0.068609 -0.026715
v 0.109968 -0.068609 -0.012753
v 0.110785 -0.068609 0.000000
v 0.109880 -0.040609 -0.012600
v 0.110598 -0.040614 0.000000
v 0.109968 -0.068609 -0.012753
v 0.109880 -0.040609 -0.012600
v 0.093649 -0.068609 -0.012929
v 0.093649 -0.038711 -0.012752
v 0.093649 -0.068609 -0.012929
v 0.093649 -0.038711 -0.012752
v 0.092869 -0.068609 -0.032558
v 0.092869 -0.037863 -0.032558
v 0.093649 -0.068609 -0.012929
v 0.116972 -0.068609 -0.033451
v 0.092869 -0.068609 -0.032558
v 0.109968 -0.068609 0.012753
v 0.125142 -0.068609 0.026715
v 0.109968 -0.068609 0.012753
v 0.109880 -0.040609 0.012600
v 0.093649 -0.038711 0.012151
v 0.109880 -0.040609 0.012600
v 0.093649 -0.068609 0.012338
v 0.109968 -0.068609 0.012753
v 0.092869 -0.037863 0.033159
v 0.093649 -0.038711 0.012151
v 0.092869 -0.068609 0.033159
v 0.093649 -0.068609 0.012338
v 0.116942 -0.040209 0.033451
v 0.092869 -0.037863 0.033159
v 0.116972 -0.068609 0.033451
v 0.092869 -0.068609 0.033159
v 0.092869 -0.068609 0.033159
v 0.093649 -0.068609 0.012338
v 0.116972 -0.068609 0.033451
v 0.116972 -0.068609 -0.033451
v 0.116942 -0.040209 -0.033451
v 0.092869 -0.068609 -0.032558
v 0.092869 -0.037863 -0.032558
v -0.129748 -0.068609 0.000000
v -0.125142 -0.068609 -0.026715
v -0.129748 -0.036065 0.000000
v -0.125142 -0.036684 -0.026715
v -0.125142 -0.036684 0.026715
v -0.125142 -0.068609 0.026715
v -0.110785 -0.068609 0.000000
v -0.109968 -0.068609 -0.012753
v -0.129748 -0.068609 0.000000
v -0.125142 -0.068609 -0.026715
v -0.109968 -0.068609 -0.012753
v -0.110785 -0.068609 0.000000
v -0.109880 -0.040609 -0.012600
v -0.110598 -0.040614 0.000000
v -0.109968 -0.068609 -0.012753
v -0.109880 -0.040609 -0.012600
v -0.093649 -0.068609 -0.012929
v -0.093649 -0.038711 -0.012752
v -0.093649 -0.068609 -0.012929
v -0.093649 -0.038711 -0.012752
v -0.092869 -0.068609 -0.032558
v -0.092869 -0.037863 -0.032558
v -0.093649 -0.068609 -0.012929
v -0.116972 -0.068609 -0.033451
v -0.092869 -0.068609 -0.032558
v -0.109968 -0.068609 0.012753
v -0.125142 -0.068609 0.026715
v -0.109968 -0.068609 0.012753
v -0.109880 -0.040609 0.012600
v -0.093649 -0.038711 0.012151
v -0.109880 -0.040609 0.012600
v -0.093649 -0.068609 0.012338
v -0.109968 -0.068609 0.012753
v -0.092869 -0.037863 0.033159
v -0.093649 -0.038711 0.012151
v -0.092869 -0.068609 0.033159
v -0.093649 -0.068609 0.012338
v -0.116942 -0.040209 0.033451
v -0.092869 -0.037863 0.033159
v -0.116972 -0.068609 0.033451
v -0.092869 -0.068609 0.033159
v -0.092869 -0.068609 0.033159
v -0.093649 -0.068609 0.012338
v -0.116972 -0.068609 0.033451
v -0.116972 -0.068609 -0.033451
v -0.116942 -0.040209 -0.033451
v -0.092869 -0.068609 -0.032558
v -0.092869 -0.037863 -0.032558
v -0.114727 0.029431 0.134552
v -0.091505 0.022813 0.149170
v -0.114657 -0.005672 0.135219
v -0.078775 -0.005672 0.156267
v -0.078767 -0.005657 0.156271
v -0.131516 0.023292 0.115450
v -0.144816 -0.005672 0.098251
v -0.099391 0.032481 0.160156
v -0.114727 0.029431 0.134552
v -0.136644 0.038767 0.130035
v -0.078767 -0.005657 0.156271
v -0.091505 0.022813 0.149170
v -0.081277 0.000733 0.169393
v -0.131516 0.023292 0.115450
v -0.145975 0.026524 0.113993
v -0.144816 -0.005672 0.098251
v 0.093304 -0.019609 0.149073
v 0.093136 -0.004070 0.149034
v 0.066743 -0.019609 0.106830
v 0.066705 -0.004070 0.106998
v 0.077988 -0.004070 0.099097
v 0.108141 -0.004070 0.138527
v 0.077817 -0.019609 0.099076
v 0.108120 -0.019609 0.138699
v 0.066743 -0.019609 0.106830
v 0.077817 -0.019609 0.099076
v 0.093304 -0.019609 0.149073
v 0.108120 -0.019609 0.138699
v 0.114727 0.029431 -0.134552
v 0.091505 0.022813 -0.149170
v 0.114657 -0.005672 -0.135219
v 0.078771 -0.005665 -0.156269
v 0.131516 0.023292 -0.115450
v 0.145026 -0.005672 -0.098251
v 0.099391 0.032481 -0.160156
v 0.114727 0.029431 -0.134552
v 0.136644 0.038767 -0.130035
v 0.078771 -0.005665 -0.156269
v 0.091505 0.022813 -0.149170
v 0.081277 0.000733 -0.169393
v 0.131516 0.023292 -0.115450
v 0.145975 0.026524 -0.113993
v 0.145026 -0.005672 -0.098251
v -0.093304 -0.019609 -0.149073
v -0.093136 -0.004070 -0.149034
v -0.066743 -0.019609 -0.106830
v -0.066705 -0.004070 -0.106998
v -0.077988 -0.004070 -0.099097
v -0.108141 -0.004070 -0.138527
v -0.077817 -0.019609 -0.099076
v -0.108120 -0.019609 -0.138699
v -0.066743 -0.019609 -0.106830
v -0.077817 -0.019609 -0.099076
v -0.093304 -0.019609 -0.149073
v -0.108120 -0.019609 -0.138699
v -0.068408 0.000911 0.067530
v -0.089132 0.000911 0.036557
v -0.090208 0.000911 0.090166
v -0.117673 0.000911 0.048726
v -0.096412 0.000911 0.000000
v -0.127095 0.000911 0.000000
v -0.089132 0.000911 -0.036557
v -0.117673 0.000911 -0.048726
v -0.068410 0.000911 -0.067539
v -0.090051 0.000911 -0.090066
v -0.042642 0.000732 -0.086745
v -0.045713 0.000911 -0.116223
v -0.036243 -0.001534 0.087091
v -0.036232 -0.040143 0.087168
v -0.065659 -0.002756 0.064640
v -0.066987 -0.040143 0.066393
v -0.092433 -0.002755 0.000000
v -0.085475 -0.002755 0.034983
v -0.094557 -0.040143 0.000000
v -0.087340 -0.040143 0.035932
v -0.092976 -0.002756 0.093048
v -0.121364 -0.002756 0.050299
v -0.092922 -0.040143 0.093023
v -0.121364 -0.040143 0.050299
v -0.086567 -0.040143 0.086499
v -0.087340 -0.040143 0.035932
v -0.073527 -0.040137 0.084864
v -0.066987 -0.040143 0.066393
v -0.094557 -0.040143 0.000000
v -0.131107 -0.040143 0.000000
v -0.121364 -0.040143 0.050299
v -0.039025 -0.040143 -0.087013
v -0.038463 -0.003089 -0.085089
v -0.066987 -0.040143 -0.066393
v -0.065659 -0.002756 -0.064640
v -0.085475 -0.002755 -0.034983
v -0.087340 -0.040143 -0.035932
v -0.121364 -0.002756 -0.050299
v -0.092867 -0.002756 -0.092998
v -0.121364 -0.040143 -0.050299
v -0.092868 -0.040143 -0.092998
v -0.066987 -0.040143 -0.066393
v -0.087340 -0.040143 -0.035932
v -0.092868 -0.040143 -0.092998
v -0.121364 -0.040143 -0.050299
v -0.131107 -0.002756 0.000000
v -0.131107 -0.040143 0.000000
v -0.068408 0.000911 0.067530
v -0.065659 -0.002756 0.064640
v -0.089132 0.000911 0.036557
v -0.085475 -0.002755 0.034983
v -0.092976 -0.002756 0.093048
v -0.090208 0.000911 0.090166
v -0.121364 -0.002756 0.050299
v -0.117673 0.000911 0.048726
v -0.127095 0.000911 0.000000
v -0.131107 -0.002756 0.000000
v -0.096412 0.000911 0.000000
v -0.092433 -0.002755 0.000000
v -0.121364 -0.002756 -0.050299
v -0.117673 0.000911 -0.048726
v -0.089132 0.000911 -0.036557
v -0.085475 -0.002755 -0.034983
v -0.068410 0.000911 -0.067539
v -0.065659 -0.002756 -0.064640
v -0.041827 -0.002660 0.122145
v -0.043223 0.000911 0.116096
v -0.075273 -0.002722 0.103119
v -0.073946 0.000911 0.099140
v -0.045713 0.000911 -0.116223
v -0.043340 -0.002756 -0.122973
v -0.090051 0.000911 -0.090066
v -0.092867 -0.002756 -0.092998
v -0.040639 0.000867 0.087841
v -0.036243 -0.001534 0.087091
v -0.041385 -0.040143 -0.106682
v -0.038463 -0.003089 -0.085089
v -0.039025 -0.040143 -0.087013
v -0.041385 -0.068252 -0.106682
v -0.075840 -0.068252 -0.084714
v -0.043339 -0.068252 -0.122973
v -0.086037 -0.068252 -0.097132
v -0.041827 -0.002660 0.122145
v -0.075273 -0.002722 0.103119
v -0.040634 -0.068494 0.122185
v -0.074816 -0.068535 0.103134
v -0.038463 -0.003089 -0.085089
v -0.042642 0.000732 -0.086745
v -0.073946 0.000911 0.099140
v -0.043223 0.000911 0.116096
v -0.040639 0.000867 0.087841
v -0.039246 -0.040110 0.105841
v -0.036232 -0.040143 0.087168
v -0.041827 -0.002660 0.122145
v -0.036243 -0.001534 0.087091
v -0.043340 -0.002756 -0.122973
v -0.086037 -0.040143 -0.097132
v -0.075840 -0.040143 -0.084714
v -0.041385 -0.040143 -0.106682
v -0.039025 -0.040143 -0.087013
v -0.075840 -0.068252 -0.084714
v -0.075840 -0.040143 -0.084714
v -0.086037 -0.068252 -0.097132
v -0.086037 -0.040143 -0.097132
v -0.086037 -0.068252 -0.097132
v -0.043339 -0.068252 -0.122973
v -0.041385 -0.068252 -0.106682
v -0.043340 -0.002756 -0.122973
v -0.043339 -0.068252 -0.122973
v -0.041385 -0.040143 -0.106682
v -0.075840 -0.040143 -0.084714
v -0.041385 -0.068252 -0.106682
v -0.075840 -0.068252 -0.084714
v -0.086037 -0.040143 -0.097132
v -0.039240 -0.068524 0.105880
v -0.040634 -0.068494 0.122185
v -0.073514 -0.068551 0.084891
v -0.074816 -0.068535 0.103134
v -0.036232 -0.040143 0.087168
v -0.039246 -0.040110 0.105841
v -0.040634 -0.068494 0.122185
v -0.039240 -0.068524 0.105880
v -0.039240 -0.068524 0.105880
v -0.073514 -0.068551 0.084891
v -0.039246 -0.040110 0.105841
v -0.073527 -0.040137 0.084864
v -0.112025 -0.002858 0.134520
v -0.111435 -0.068186 0.134690
v -0.075273 -0.002722 0.103119
v -0.074816 -0.068535 0.103134
v -0.086552 -0.068557 0.086522
v -0.129525 -0.068208 0.124602
v -0.111435 -0.068186 0.134690
v -0.092922 -0.040143 0.093023
v 0.068408 0.000911 -0.067530
v 0.089132 0.000911 -0.036557
v 0.090208 0.000911 -0.090166
v 0.117673 0.000911 -0.048726
v 0.096412 0.000911 0.000000
v 0.127095 0.000911 0.000000
v 0.089132 0.000911 0.036557
v 0.117673 0.000911 0.048726
v 0.068410 0.000911 0.067539
v 0.090051 0.000911 0.090066
v 0.042642 0.000732 0.086745
v 0.045713 0.000911 0.116223
v 0.036243 -0.001534 -0.087091
v 0.036458 -0.040143 -0.087101
v 0.065659 -0.002756 -0.064640
v 0.066987 -0.040143 -0.066393
v 0.092433 -0.002755 0.000000
v 0.085475 -0.002755 -0.034983
v 0.094557 -0.040143 0.000000
v 0.087340 -0.040143 -0.035932
v 0.093117 -0.004585 -0.092690
v 0.121364 -0.002756 -0.050299
v 0.092922 -0.040143 -0.093023
v 0.121364 -0.040143 -0.050299
v 0.086567 -0.040143 -0.086499
v 0.087340 -0.040143 -0.035932
v 0.073527 -0.040137 -0.084864
v 0.066987 -0.040143 -0.066393
v 0.094557 -0.040143 0.000000
v 0.131107 -0.040143 0.000000
v 0.121364 -0.040143 -0.050299
v 0.039025 -0.040143 0.087013
v 0.038463 -0.003089 0.085089
v 0.066987 -0.040143 0.066393
v 0.065659 -0.002756 0.064640
v 0.085475 -0.002755 0.034983
v 0.087340 -0.040143 0.035932
v 0.121364 -0.002756 0.050299
v 0.092867 -0.002756 0.092998
v 0.121364 -0.040143 0.050299
v 0.092868 -0.040143 0.092998
v 0.066987 -0.040143 0.066393
v 0.087340 -0.040143 0.035932
v 0.092868 -0.040143 0.092998
v 0.121364 -0.040143 0.050299
v 0.131107 -0.002756 0.000000
v 0.131107 -0.040143 0.000000
v 0.068408 0.000911 -0.067530
v 0.065659 -0.002756 -0.064640
v 0.089132 0.000911 -0.036557
v 0.085475 -0.002755 -0.034983
v 0.093117 -0.004585 -0.092690
v 0.090208 0.000911 -0.090166
v 0.121364 -0.002756 -0.050299
v 0.117673 0.000911 -0.048726
v 0.127095 0.000911 0.000000
v 0.131107 -0.002756 0.000000
v 0.096412 0.000911 0.000000
v 0.092433 -0.002755 0.000000
v 0.121364 -0.002756 0.050299
v 0.117673 0.000911 0.048726
v 0.089132 0.000911 0.036557
v 0.085475 -0.002755 0.034983
v 0.068410 0.000911 0.067539
v 0.065659 -0.002756 0.064640
v 0.041827 -0.002660 -0.122145
v 0.043223 0.000911 -0.116096
v 0.075273 -0.002722 -0.103119
v 0.073946 0.000911 -0.099140
v 0.045713 0.000911 0.116223
v 0.043340 -0.002756 0.122973
v 0.090051 0.000911 0.090066
v 0.092867 -0.002756 0.092998
v 0.040639 0.000867 -0.087841
v 0.036243 -0.001534 -0.087091
v 0.041385 -0.040143 0.106682
v 0.038463 -0.003089 0.085089
v 0.039025 -0.040143 0.087013
v 0.041385 -0.068252 0.106682
v 0.075840 -0.068252 0.084714
v 0.043339 -0.068252 0.122973
v 0.086037 -0.068252 0.097132
v 0.041827 -0.002660 -0.122145
v 0.075273 -0.002722 -0.103119
v 0.040634 -0.068494 -0.122185
v 0.074816 -0.068535 -0.103134
v 0.038463 -0.003089 0.085089
v 0.042642 0.000732 0.086745
v 0.073946 0.000911 -0.099140
v 0.043223 0.000911 -0.116096
v 0.040639 0.000867 -0.087841
v 0.039246 -0.040110 -0.105841
v 0.036458 -0.040143 -0.087101
v 0.041827 -0.002660 -0.122145
v 0.036243 -0.001534 -0.087091
v 0.043340 -0.002756 0.122973
v 0.086037 -0.040143 0.097132
v 0.075840 -0.040143 0.084714
v 0.041385 -0.040143 0.106682
v 0.039025 -0.040143 0.087013
v 0.075840 -0.068252 0.084714
v 0.075840 -0.040143 0.084714
v 0.086037 -0.068252 0.097132
v 0.086037 -0.040143 0.097132
v 0.086037 -0.068252 0.097132
v 0.043339 -0.068252 0.122973
v 0.041385 -0.068252 0.106682
v 0.043340 -0.002756 0.122973
v 0.043339 -0.068252 0.122973
v 0.041385 -0.040143 0.106682
v 0.075840 -0.040143 0.084714
v 0.041385 -0.068252 0.106682
v 0.075840 -0.068252 0.084714
v 0.086037 -0.040143 0.097132
v 0.039240 -0.068524 -0.105880
v 0.040634 -0.068494 -0.122185
v 0.073514 -0.068551 -0.084891
v 0.074816 -0.068535 -0.103134
v 0.036458 -0.040143 -0.087101
v 0.039246 -0.040110 -0.105841
v 0.040634 -0.068494 -0.122185
v 0.039240 -0.068524 -0.105880
v 0.039240 -0.068524 -0.105880
v 0.073514 -0.068551 -0.084891
v 0.039246 -0.040110 -0.105841
v 0.073527 -0.040137 -0.084864
v 0.112025 -0.002858 -0.134520
v 0.111435 -0.068186 -0.134690
v 0.075273 -0.002722 -0.103119
v 0.074816 -0.068535 -0.103134
v 0.086552 -0.068557 -0.086522
v 0.129525 -0.068208 -0.124602
v 0.111435 -0.068186 -0.134690
v 0.092922 -0.040143 -0.093023
v 0.185857 0.008354 0.058430
v 0.185854 -0.068503 0.058431
v 0.195719 0.008354 0.000000
v 0.195717 -0.068503 0.000000
v 0.088652 0.008354 0.175651
v 0.049276 0.008354 0.189085
v 0.088652 -0.068503 0.175595
v 0.049605 -0.068502 0.188325
v 0.195717 -0.068503 0.000000
v 0.185854 -0.068503 0.058431
v 0.175167 -0.068503 0.000000
v 0.167082 -0.068502 0.052865
v 0.130710 -0.068503 0.146293
v 0.088652 -0.068503 0.175595
v 0.116135 -0.068503 0.131261
v 0.079312 -0.068502 0.156811
v 0.164410 -0.068503 0.106646
v 0.147812 -0.068502 0.094145
v 0.147811 0.008381 0.094169
v 0.167082 0.008354 0.052873
v 0.147812 -0.068502 0.094145
v 0.167082 -0.068502 0.052865
v 0.116135 -0.068503 0.131261
v 0.116950 0.008354 0.132091
v 0.175167 -0.068503 0.000000
v 0.175157 0.008354 0.000000
v 0.079313 0.008354 0.156811
v 0.079312 -0.068502 0.156811
v 0.045960 0.008354 0.168694
v 0.046803 -0.068502 0.168274
v 0.130711 0.008354 0.146293
v 0.130710 -0.068503 0.146293
v 0.164412 0.008354 0.106636
v 0.164410 -0.068503 0.106646
v 0.185857 0.008354 -0.058430
v 0.185854 -0.068503 -0.058431
v 0.088652 0.008354 -0.175651
v 0.088652 -0.068503 -0.175595
v 0.049276 0.008354 -0.189085
v 0.049605 -0.068502 -0.188325
v 0.088652 -0.068503 -0.175595
v 0.130710 -0.068503 -0.146293
v 0.079312 -0.068502 -0.156811
v 0.116069 -0.068503 -0.131197
v 0.164410 -0.068503 -0.106646
v 0.147812 -0.068502 -0.094145
v 0.147811 0.008381 -0.094169
v 0.147812 -0.068502 -0.094145
v 0.167082 0.008354 -0.052873
v 0.167082 -0.068502 -0.052865
v 0.079313 0.008354 -0.156811
v 0.045960 0.008354 -0.168694
v 0.079312 -0.068502 -0.156811
v 0.046803 -0.068502 -0.168274
v 0.115742 0.008987 -0.130910
v 0.116069 -0.068503 -0.131197
v 0.130711 0.008354 -0.146293
v 0.164412 0.008354 -0.106636
v 0.130710 -0.068503 -0.146293
v 0.164410 -0.068503 -0.106646
v 0.147811 0.008381 0.094169
v 0.115742 0.008987 0.130910
v 0.152800 0.016206 0.097330
v 0.121594 0.014945 0.135870
v 0.172574 0.016206 0.054580
v 0.180792 0.016206 0.000000
v 0.167082 0.008354 0.052873
v 0.175157 0.008354 0.000000
v 0.221634 0.016200 0.054863
v 0.220702 0.016201 0.000000
v 0.206829 0.016203 0.000000
v 0.172574 0.016206 0.054580
v 0.152800 0.016206 0.097330
v 0.180146 0.016200 0.114443
v 0.147811 0.008381 -0.094169
v 0.152800 0.016206 -0.097330
v 0.115742 0.008987 -0.130910
v 0.121594 0.016206 -0.135870
v 0.172574 0.016206 -0.054580
v 0.167082 0.008354 -0.052873
v 0.182468 0.016205 -0.056053
v 0.217601 0.016200 -0.061283
v 0.152800 0.016206 -0.097330
v 0.176415 0.016205 -0.113788
v 0.121594 0.016206 -0.135870
v 0.139245 0.016205 -0.146293
v 0.109350 -0.005673 0.231668
v 0.139243 -0.005781 0.133696
v 0.132973 -0.005672 0.221855
v 0.043306 -0.005672 0.254752
v 0.000000 -0.005781 0.119000
v 0.042286 -0.005781 0.111234
v -0.251899 -0.005672 0.012900
v -0.190890 -0.005781 -0.000065
v -0.244269 -0.005672 0.044167
v -0.141331 -0.005781 0.132780
v -0.204156 -0.005672 0.146562
v -0.214890 -0.005672 0.114169
v -0.080565 -0.005672 0.246372
v -0.042286 -0.005781 0.111234
v -0.042547 -0.005672 0.255227
v -0.003257 -0.005672 0.257926
v 0.227177 -0.005672 0.084346
v 0.190890 -0.005781 0.000065
v 0.218684 -0.005672 0.048509
v 0.086545 -0.005674 0.236813
v 0.159566 -0.005672 0.203855
v -0.228493 -0.005672 0.083658
v -0.246887 -0.005672 -0.019397
v 0.222704 -0.005672 0.132211
v 0.197865 -0.005672 0.166908
v -0.223030 -0.005672 -0.020827
v -0.116744 -0.005672 0.231108
v -0.089095 0.008328 0.089095
v -0.141331 0.008328 0.135623
v -0.084044 0.015328 0.094006
v -0.133957 0.015474 0.142898
v -0.118293 0.015428 0.127554
v -0.042286 0.008328 0.111234
v -0.042286 -0.005781 0.111234
v -0.079053 0.008328 0.088948
v -0.079053 -0.005781 0.088948
v 0.000000 -0.005781 0.119000
v 0.000000 0.008328 0.119000
v -0.044774 0.015328 0.117777
v -0.042286 0.008328 0.111234
v -0.079053 0.008328 0.088948
v 0.000000 0.015328 0.126000
v 0.000000 0.008328 0.119000
v -0.079053 -0.005781 0.088948
v 0.165383 0.008328 0.162551
v 0.139243 -0.005781 0.133696
v 0.089095 0.008328 0.089095
v 0.088873 -0.005781 0.088873
v 0.089095 0.008328 0.089095
v 0.084044 0.015328 0.094006
v 0.165383 0.008328 0.162551
v 0.177145 0.015474 0.189195
v 0.042286 0.008328 0.111234
v 0.079053 0.008328 0.088948
v 0.042286 -0.005781 0.111234
v 0.079053 -0.005781 0.088948
v 0.044774 0.015328 0.117777
v 0.042286 0.008328 0.111234
v 0.079053 0.008328 0.088948
v 0.084044 0.015328 0.094006
v 0.044774 0.015328 0.117777
v 0.177145 0.015474 0.189195
v 0.076841 0.015328 0.237331
v 0.079053 -0.005781 0.088948
v 0.088873 -0.005781 0.088873
v 0.183593 -0.005672 0.182462
v -0.149803 -0.005672 0.209850
v -0.129512 -0.005672 0.223759
v -0.181362 -0.005672 0.182962
v -0.199781 -0.005672 0.163506
v -0.210241 0.001296 0.148429
v -0.221092 0.001378 0.116933
v -0.204156 -0.005672 0.146562
v -0.214890 -0.005672 0.114169
v -0.202191 0.001250 0.160686
v -0.228493 -0.005672 0.083658
v -0.234822 0.001324 0.086023
v -0.244269 -0.005672 0.044167
v -0.248895 0.001216 0.051270
v -0.251660 0.001269 0.051655
v -0.244269 -0.005672 0.044167
v -0.248895 0.001216 0.051270
v -0.249669 -0.005672 0.038558
v -0.255247 0.001320 0.048955
v -0.254381 -0.005672 0.020533
v -0.249669 -0.005672 0.038558
v -0.262878 0.001320 0.013343
v -0.255247 0.001320 0.048955
v -0.261075 0.001258 0.009231
v -0.254381 -0.005672 0.020533
v -0.262878 0.001320 0.013343
v -0.257067 0.011593 0.030738
v -0.259865 0.008943 0.021449
v -0.262878 0.001320 0.013343
v -0.254946 0.008939 0.040285
v -0.255247 0.001320 0.048955
v -0.248895 0.001216 0.051270
v -0.248569 0.011912 0.042396
v -0.251660 0.001269 0.051655
v -0.251208 0.011260 0.042571
v -0.253947 0.011823 0.016131
v -0.257607 0.001172 0.008038
v -0.257730 0.011261 0.017601
v -0.261075 0.001258 0.009231
v -0.250944 0.015750 0.029127
v -0.254020 0.015249 0.029918
v -0.255247 0.001320 0.048955
v -0.254946 0.008939 0.040285
v -0.257067 0.011593 0.030738
v -0.262878 0.001320 0.013343
v -0.259865 0.008943 0.021449
v -0.257607 0.001172 0.008038
v -0.257607 0.001172 0.008038
v -0.251899 -0.005672 0.012900
v -0.254381 -0.005672 0.020533
v -0.254016 0.001177 -0.017625
v -0.246887 -0.005672 -0.019397
v -0.248578 0.000535 -0.022857
v -0.222053 0.000325 -0.024793
v -0.223030 -0.005672 -0.020827
v -0.254381 -0.005672 0.020533
v -0.249669 -0.005672 0.038558
v -0.128207 0.000417 0.227058
v -0.132833 0.001167 0.228166
v -0.129512 -0.005672 0.223759
v -0.141712 0.036067 0.201464
v -0.176211 0.036067 0.171814
v -0.149845 0.027965 0.209734
v -0.180421 0.027965 0.183777
v -0.149845 0.027965 0.209734
v -0.180421 0.027965 0.183777
v -0.153161 0.001178 0.214283
v -0.185038 0.001178 0.187144
v -0.206664 0.001365 0.152571
v -0.202111 0.001165 0.169131
v -0.192839 0.026524 0.154196
v -0.190099 0.022459 0.175498
v -0.190099 0.022459 0.175498
v -0.202111 0.001165 0.169131
v -0.144974 0.026024 0.214273
v -0.144974 0.026024 0.214273
v -0.185038 0.001178 0.187144
v -0.202111 0.001165 0.169131
v -0.181362 -0.005672 0.182962
v -0.199781 -0.005672 0.163506
v -0.149803 -0.005672 0.209850
v -0.153161 0.001178 0.214283
v -0.202111 0.001165 0.169131
v -0.206664 0.001365 0.152571
v -0.199781 -0.005672 0.163506
v -0.204156 -0.005672 0.146562
v -0.129512 -0.005672 0.223759
v -0.132833 0.001167 0.228166
v -0.144974 0.026024 0.214273
v -0.132833 0.001167 0.228166
v -0.137960 0.050901 0.205377
v -0.113623 0.043552 0.227073
v -0.112845 0.043982 0.226010
v -0.120735 0.021445 0.236918
v -0.113623 0.043552 0.227073
v -0.144974 0.026024 0.214273
v -0.137960 0.050901 0.205377
v -0.199205 0.040774 0.125812
v -0.185905 0.036457 0.159055
v -0.185728 0.051096 0.150080
v -0.162308 0.053726 0.179985
v -0.166463 0.030938 0.188989
v -0.137960 0.050901 0.205377
v -0.112845 0.043982 0.226010
v -0.132015 0.037870 0.197655
v -0.107128 0.032678 0.217368
v -0.185728 0.051096 0.150080
v -0.162308 0.053726 0.179985
v -0.174065 0.042274 0.147251
v -0.154826 0.042715 0.174013
v -0.199205 0.040774 0.125812
v -0.004434 0.019247 0.264124
v -0.002184 0.021209 0.262126
v -0.043630 0.018074 0.260159
v -0.041588 0.024394 0.256416
v 0.044471 0.022204 0.261652
v -0.079420 0.031519 0.244791
v -0.082258 0.018669 0.250937
v -0.043479 0.001304 0.261582
v -0.003253 0.001317 0.264531
v -0.043630 0.018074 0.260159
v -0.004434 0.019247 0.264124
v -0.082541 0.001302 0.252452
v -0.082258 0.018669 0.250937
v -0.120735 0.001328 0.236918
v -0.120735 0.021445 0.236918
v -0.133168 0.001328 0.225592
v -0.144974 0.026024 0.214273
v -0.079420 0.031519 0.244791
v -0.077844 0.033188 0.239126
v -0.076334 0.028768 0.234611
v -0.077844 0.033188 0.239126
v -0.040355 0.026832 0.249000
v -0.041588 0.024394 0.256416
v -0.002184 0.021209 0.262126
v -0.040355 0.026832 0.249000
v -0.001602 0.025444 0.255060
v 0.044471 0.022204 0.261652
v 0.037461 0.029172 0.258286
v -0.073236 0.023231 0.231190
v 0.043673 0.022378 0.259620
v -0.024214 0.029615 0.231038
v -0.038474 0.033759 0.211320
v -0.024214 0.017072 0.231038
v -0.038462 0.013963 0.211365
v -0.026206 0.042834 0.220142
v -0.010854 0.041728 0.237258
v -0.011628 0.052764 0.227517
v 0.004832 0.050623 0.243110
v -0.024214 0.029615 0.231038
v -0.011403 0.041260 0.239380
v -0.010854 0.041728 0.237258
v 0.003232 0.050485 0.247492
v 0.004832 0.050623 0.243110
v -0.011628 0.052764 0.227517
v 0.009445 0.051666 0.245295
v 0.014098 0.050336 0.247225
v -0.074817 0.054441 0.215608
v -0.110457 0.056028 0.192853
v -0.073816 0.054168 0.224196
v -0.111257 0.055879 0.198407
v -0.143157 0.057328 0.166120
v 0.007826 0.051528 0.249669
v -0.031889 0.052243 0.241937
v 0.012498 0.050197 0.251607
v -0.036703 0.052581 0.233870
v -0.076730 0.015288 0.195773
v -0.101268 0.039462 0.182126
v -0.075481 0.037872 0.203844
v -0.055171 0.022682 0.213672
v -0.049317 0.039048 0.220934
v -0.036703 0.052581 0.233870
v -0.074817 0.054441 0.215608
v -0.143157 0.057328 0.166120
v -0.110457 0.056028 0.192853
v -0.140788 0.047602 0.148743
v -0.143157 0.057328 0.166120
v -0.155312 0.044142 0.177675
v -0.111257 0.055879 0.198407
v -0.115933 0.033559 0.212349
v -0.069968 0.037179 0.237983
v -0.020065 0.036724 0.254010
v -0.073816 0.054168 0.224196
v -0.031889 0.052243 0.241937
v 0.029690 0.037934 0.257597
v 0.012498 0.050197 0.251607
v -0.067120 0.014740 0.245577
v -0.013013 0.019448 0.260485
v 0.044471 0.022204 0.261652
v -0.183197 0.050392 0.114831
v -0.206671 0.033323 0.075279
v -0.193350 0.035599 0.120288
v -0.161447 0.056465 0.145487
v -0.172467 0.042063 0.153759
v -0.161447 0.056465 0.145487
v -0.151704 0.044559 0.134461
v -0.206671 0.033323 0.075279
v -0.183197 0.050392 0.114831
v -0.171668 0.035122 0.103050
v 0.048214 0.021087 0.258395
v 0.044471 0.022204 0.261652
v 0.047358 0.001328 0.258187
v 0.044419 0.001328 0.261660
v 0.046132 0.019074 0.253866
v 0.046110 0.001328 0.253882
v 0.033805 0.037441 0.255674
v 0.029690 0.037934 0.257597
v 0.031822 0.036714 0.251776
v 0.034300 0.015091 0.244672
v -0.011628 0.052764 0.227517
v 0.031822 0.036714 0.251776
v 0.014098 0.050336 0.247225
v 0.046132 0.019074 0.253866
v 0.046110 0.001328 0.253882
v -0.057840 0.007605 0.212122
v -0.024214 0.018594 0.231038
v -0.114676 0.041028 0.148635
v -0.138476 0.040176 0.120966
v -0.119669 0.044728 0.152754
v -0.143415 0.043328 0.125569
v -0.136958 0.034505 0.119551
v -0.138476 0.040176 0.120966
v -0.112039 0.035279 0.148645
v -0.114676 0.041028 0.148635
v -0.136958 0.034505 0.119551
v -0.112039 0.035279 0.148645
v -0.132367 0.009846 0.114914
v -0.168297 0.034505 0.181418
v -0.186539 0.034505 0.165766
v -0.191771 0.008328 0.170642
v -0.169295 0.040176 0.178035
v -0.185021 0.040176 0.164350
v -0.168297 0.034505 0.181418
v -0.186539 0.034505 0.165766
v -0.185021 0.040176 0.164350
v -0.169295 0.040176 0.178035
v -0.179893 0.043328 0.159571
v -0.162823 0.044087 0.175074
v -0.209003 0.016013 0.147469
v -0.210241 0.001296 0.148429
v -0.199105 0.027892 0.156212
v -0.202276 0.001251 0.160573
v -0.199105 0.027892 0.156212
v -0.186539 0.034505 0.165766
v -0.196839 0.029351 0.154447
v -0.209003 0.016013 0.147469
v -0.204522 0.019735 0.143993
v -0.176757 0.039940 0.095870
v -0.205402 0.039940 0.114615
v -0.162184 0.042372 0.112531
v -0.191922 0.042330 0.136642
v -0.179893 0.043328 0.159571
v -0.148378 0.043328 0.130195
v -0.234032 0.025864 0.085642
v -0.234822 0.001324 0.086023
v -0.220765 0.022734 0.116061
v -0.221092 0.001378 0.116933
v -0.216660 0.025677 0.113677
v -0.230562 0.028054 0.083971
v -0.220765 0.022734 0.116061
v -0.234032 0.025864 0.085642
v -0.167761 0.022761 0.082571
v -0.147146 0.016013 0.099477
v -0.167188 0.008545 0.082575
v -0.146233 0.005171 0.098769
v -0.183904 0.025864 0.061500
v -0.183397 0.010096 0.061255
v -0.167761 0.022761 0.082571
v -0.183904 0.025864 0.061500
v -0.171639 0.025688 0.085289
v -0.187375 0.028054 0.063171
v -0.147146 0.016013 0.099477
v -0.151627 0.019735 0.102954
v -0.199457 0.027986 0.040621
v -0.197100 0.026432 0.039397
v -0.206437 0.031354 0.017577
v -0.206437 0.031354 0.017577
v -0.197100 0.026432 0.039397
v -0.204106 0.015538 0.016981
v -0.196626 0.015328 0.037606
v -0.199457 0.027986 0.040621
v -0.206437 0.031354 0.017577
v -0.206216 0.035331 0.042967
v -0.212617 0.041080 0.019243
v -0.187375 0.028054 0.063171
v -0.194495 0.034021 0.066601
v -0.235333 0.033593 0.053521
v -0.223441 0.034021 0.080542
v -0.206216 0.035331 0.042967
v -0.194495 0.034021 0.066601
v -0.242400 0.041080 0.027029
v -0.212617 0.041080 0.019243
v -0.244517 0.024437 0.057108
v -0.242707 0.025518 0.056501
v -0.248606 0.031354 0.028592
v -0.248895 0.001216 0.051270
v -0.244517 0.024437 0.057108
v -0.250944 0.015750 0.029127
v -0.248606 0.031354 0.028592
v -0.213049 0.014266 -0.009445
v -0.206437 0.031354 0.017577
v -0.213049 0.014266 -0.009445
v -0.212617 0.041080 0.019243
v -0.220599 0.007914 -0.018438
v -0.252799 0.019858 0.003299
v -0.254016 0.001177 -0.017625
v -0.257607 0.001172 0.008038
v -0.252799 0.019858 0.003299
v -0.248606 0.031354 0.028592
v -0.247450 0.021974 -0.003439
v -0.242400 0.041080 0.027029
v -0.254016 0.001177 -0.017625
v -0.248578 0.000535 -0.022857
v -0.247450 0.021974 -0.003439
v -0.242400 0.041080 0.027029
v -0.220599 0.007914 -0.018438
v -0.212617 0.041080 0.019243
v -0.222053 0.000325 -0.024793
v -0.248578 0.000535 -0.022857
v -0.230562 0.028054 0.083971
v -0.223441 0.034021 0.080542
v -0.242707 0.025518 0.056501
v -0.235333 0.033593 0.053521
v -0.242400 0.041080 0.027029
v -0.248606 0.031354 0.028592
v -0.211043 0.036834 0.118306
v -0.205402 0.039940 0.114615
v -0.197357 0.039255 0.140701
v -0.191922 0.042330 0.136642
v -0.176757 0.039940 0.095870
v -0.171116 0.036834 0.092179
v -0.169928 0.032183 0.091400
v -0.187375 0.028054 0.063171
v -0.171116 0.036834 0.092179
v -0.162184 0.042372 0.112531
v -0.156401 0.039251 0.108226
v -0.156401 0.039251 0.108226
v -0.154606 0.033977 0.106979
v -0.151627 0.019735 0.102954
v -0.136958 0.034505 0.119551
v -0.147146 0.016013 0.099477
v -0.096446 0.052326 0.173569
v -0.095853 0.037159 0.154259
v -0.118154 0.055475 0.160761
v -0.115474 0.041636 0.144507
v -0.165966 0.041983 0.103157
v -0.152278 0.051194 0.125589
v -0.147756 0.043786 0.118765
v -0.132522 0.043809 0.131943
v -0.137414 0.055360 0.143885
v -0.054522 0.032907 0.185343
v -0.015800 0.008625 0.183378
v -0.055170 0.021420 0.170356
v -0.075063 0.044985 0.181566
v -0.075289 0.030124 0.162606
v -0.056253 0.017468 0.195861
v -0.015800 0.008625 0.183378
v -0.054522 0.032907 0.185343
v -0.096446 0.052326 0.173569
v -0.101268 0.039462 0.182126
v -0.075063 0.044985 0.181566
v -0.078460 0.022051 0.196524
v -0.122142 0.046495 0.166746
v -0.118154 0.055475 0.160761
v -0.165966 0.041983 0.103157
v -0.158731 0.042689 0.124857
v -0.152278 0.051194 0.125589
v -0.162527 0.040685 0.118494
v -0.137414 0.055360 0.143885
v -0.140788 0.047602 0.148743
v -0.095704 0.015724 0.154232
v -0.095853 0.037159 0.154259
v -0.075123 0.012196 0.162583
v -0.075289 0.030124 0.162606
v -0.015800 0.001625 0.183378
v -0.055036 0.007847 0.170348
v -0.015800 0.008625 0.183378
v -0.055170 0.021420 0.170356
v -0.165966 0.030129 0.103157
v -0.165966 0.041983 0.103157
v -0.147875 0.031415 0.118655
v -0.147756 0.043786 0.118765
v -0.132720 0.031445 0.131755
v -0.132522 0.043809 0.131943
v -0.115540 0.029818 0.144425
v -0.115474 0.041636 0.144507
v -0.080565 -0.005672 0.246372
v -0.042547 -0.005672 0.255227
v -0.082541 0.001302 0.252452
v -0.043479 0.001304 0.261582
v -0.003257 -0.005672 0.257926
v -0.003253 0.001317 0.264531
v 0.043306 -0.005672 0.254752
v 0.044419 0.001328 0.261660
v 0.097850 0.001328 0.239002
v 0.086545 -0.005674 0.236813
v -0.133168 0.001328 0.225592
v -0.129512 -0.005672 0.223759
v -0.120735 0.001328 0.236918
v -0.116744 -0.005672 0.231108
v 0.219948 0.001328 0.036043
v 0.187345 0.015328 0.009218
v 0.220611 0.016728 0.027571
v 0.187345 0.016728 0.009218
v 0.227177 -0.005672 0.084346
v 0.233965 0.001328 0.084127
v 0.222704 -0.005672 0.132211
v 0.228854 0.001328 0.135562
v 0.218684 -0.005672 0.048509
v 0.219948 0.001328 0.036043
v 0.198786 0.022328 0.167985
v 0.224069 0.022328 0.132653
v 0.228592 0.022328 0.084247
v 0.161778 0.022328 0.094949
v 0.155975 0.022328 0.117979
v 0.215974 0.022328 0.030997
v 0.187977 0.022328 0.015919
v 0.191218 0.022328 0.036062
v 0.184111 0.022328 0.067271
v 0.179173 0.016728 0.065112
v 0.156351 0.016728 0.091802
v 0.184111 0.022328 0.067271
v 0.161778 0.022328 0.094949
v 0.185445 0.016728 0.034742
v 0.191218 0.022328 0.036062
v 0.181464 0.016728 0.014501
v 0.187977 0.022328 0.015919
v 0.182546 0.016728 0.009791
v 0.187345 0.016728 0.009218
v 0.181464 0.016728 0.014501
v 0.182546 0.016728 0.009791
v 0.181464 0.015236 0.014501
v 0.182546 0.015328 0.009791
v 0.185445 0.016728 0.034742
v 0.185445 0.015328 0.034742
v 0.179173 0.016728 0.065112
v 0.179224 0.015328 0.065040
v 0.156351 0.014638 0.091802
v 0.156351 0.016728 0.091802
v 0.220611 0.016728 0.027571
v 0.215974 0.022328 0.030997
v 0.234028 0.016728 0.084127
v 0.228592 0.022328 0.084247
v 0.224069 0.022328 0.132653
v 0.228599 0.016753 0.133928
v 0.203841 0.001328 0.170673
v 0.197865 -0.005672 0.166908
v 0.187652 0.001328 0.188307
v 0.183593 -0.005672 0.182462
v 0.159566 -0.005672 0.203855
v 0.163124 0.001328 0.209964
v 0.135955 0.001328 0.228215
v 0.132973 -0.005672 0.221855
v 0.111730 0.001328 0.238105
v 0.109350 -0.005673 0.231668
v 0.125816 0.033850 0.206595
v 0.125816 0.044465 0.206595
v 0.151080 0.033540 0.183242
v 0.151084 0.044599 0.183250
v 0.162660 0.036181 0.151924
v 0.162665 0.043837 0.151927
v 0.192557 0.048664 0.143251
v 0.194810 0.052140 0.144960
v 0.209119 0.047700 0.135927
v 0.209523 0.049082 0.136446
v 0.222999 0.039240 0.129207
v 0.162660 0.036181 0.151924
v 0.162665 0.043837 0.151927
v 0.189707 0.037170 0.144183
v 0.192557 0.048664 0.143251
v 0.151084 0.044599 0.183250
v 0.125816 0.044465 0.206595
v 0.151823 0.047511 0.185230
v 0.165945 0.050382 0.156645
v 0.162665 0.043837 0.151927
v 0.222999 0.039240 0.129207
v 0.223003 0.001328 0.129194
v 0.209119 0.047700 0.135927
v 0.199893 0.021429 0.141303
v 0.162665 0.043837 0.151927
v 0.165945 0.050382 0.156645
v 0.086609 0.041894 0.219254
v 0.086605 0.030478 0.219267
v 0.041298 0.026510 0.223397
v 0.041299 0.038564 0.223376
v -0.002675 0.035851 0.218310
v -0.002671 0.023089 0.218340
v -0.034850 0.014498 0.207421
v -0.034862 0.034774 0.207376
v 0.218331 0.051939 0.141260
v 0.228661 0.038903 0.129901
v 0.209523 0.049082 0.136446
v 0.222999 0.039240 0.129207
v 0.204546 0.057235 0.156689
v 0.194810 0.052140 0.144960
v 0.228655 0.001328 0.129873
v 0.228661 0.038903 0.129901
v 0.228854 0.001328 0.135562
v 0.228851 0.036893 0.135594
v 0.210070 0.043681 0.163099
v 0.135955 0.026877 0.228228
v 0.135955 0.001328 0.228215
v 0.162835 0.031486 0.210209
v 0.163303 0.001328 0.209824
v 0.083321 0.019458 0.244437
v 0.085465 0.001328 0.244090
v 0.109849 0.022993 0.238668
v 0.111730 0.001328 0.238105
v 0.055870 0.016405 0.246830
v 0.059136 0.011238 0.246757
v 0.034300 0.015091 0.244672
v 0.055870 0.016405 0.246830
v 0.083321 0.019458 0.244437
v 0.027158 0.053627 0.234269
v 0.066597 0.053805 0.234905
v -0.011628 0.052764 0.227517
v 0.034300 0.015091 0.244672
v 0.101098 0.053363 0.230119
v 0.109849 0.022993 0.238668
v 0.210070 0.043681 0.163099
v 0.208011 0.052302 0.159008
v 0.187648 0.036893 0.188338
v 0.186381 0.052319 0.182186
v 0.162835 0.031486 0.210209
v 0.162263 0.052359 0.203540
v 0.134551 0.052396 0.220692
v 0.135955 0.026877 0.228228
v 0.219243 0.048183 0.146346
v 0.228851 0.036893 0.135594
v 0.218331 0.051939 0.141260
v 0.204546 0.057235 0.156689
v 0.228661 0.038903 0.129901
v 0.183029 0.057251 0.179739
v 0.165945 0.050382 0.156645
v 0.158521 0.057292 0.201390
v 0.151823 0.047511 0.185230
v 0.128700 0.054743 0.214306
v 0.125816 0.044465 0.206595
v -0.002675 0.035851 0.218310
v -0.034862 0.034774 0.207376
v 0.009558 0.053185 0.228700
v -0.027234 0.044106 0.215547
v 0.092387 0.054647 0.225435
v 0.086609 0.041894 0.219254
v 0.051489 0.054222 0.229895
v 0.041299 0.038564 0.223376
v -0.016727 0.051376 0.222867
v -0.034862 0.034774 0.207376
v -0.016727 0.051376 0.222867
v -0.027234 0.044106 0.215547
v 0.131361 0.057271 0.218422
v 0.096651 0.056871 0.228616
v 0.131361 0.057271 0.218422
v 0.096651 0.056871 0.228616
v 0.058961 0.056102 0.232973
v 0.018287 0.054612 0.231755
v 0.058961 0.056102 0.232973
v 0.018287 0.054612 0.231755
v -0.011628 0.052764 0.227517
v 0.183029 0.057251 0.179739
v 0.158521 0.057292 0.201390
v -0.034850 0.014498 0.207421
v -0.034862 0.034774 0.207376
v 0.187652 0.001328 0.188307
v 0.187648 0.036893 0.188338
v 0.203841 0.001328 0.170673
v 0.228661 0.038903 0.129901
v 0.228655 0.001328 0.129873
v 0.234028 0.016728 0.084127
v 0.228599 0.016753 0.133928
v 0.233965 0.001328 0.084127
v 0.228854 0.001328 0.135562
v 0.034300 0.015091 0.244672
v 0.044720 0.015325 0.255767
v 0.097850 0.015328 0.223595
v 0.097831 0.015325 0.233227
v 0.097831 0.015325 0.233227
v 0.044720 0.015325 0.255767
v 0.097832 0.009730 0.238899
v 0.044533 0.009729 0.261440
v -0.109350 -0.005673 -0.231668
v -0.139243 -0.005781 -0.133696
v -0.132973 -0.005672 -0.221855
v -0.043306 -0.005672 -0.254752
v 0.000000 -0.005781 -0.119000
v -0.042286 -0.005781 -0.111234
v 0.251899 -0.005672 -0.012900
v 0.245321 -0.005672 -0.045219
v 0.139399 -0.005781 -0.135623
v 0.204156 -0.005672 -0.146562
v 0.214890 -0.005672 -0.114169
v 0.080565 -0.005672 -0.246372
v 0.042286 -0.005781 -0.111234
v 0.042547 -0.005672 -0.255227
v 0.003257 -0.005672 -0.257926
v -0.227177 -0.005672 -0.084346
v -0.218684 -0.005672 -0.048509
v -0.086545 -0.005674 -0.236813
v -0.159566 -0.005672 -0.203855
v 0.228493 -0.005672 -0.083658
v 0.246887 -0.005672 0.019397
v -0.222704 -0.005672 -0.132211
v -0.197865 -0.005672 -0.166908
v 0.223030 -0.005672 0.020827
v 0.116744 -0.005672 -0.231108
v 0.089095 0.008328 -0.089095
v 0.141331 0.008328 -0.135623
v 0.084044 0.015328 -0.094006
v 0.133957 0.015474 -0.142898
v 0.118780 0.015430 -0.128032
v 0.042286 0.008328 -0.111234
v 0.042286 -0.005781 -0.111234
v 0.079053 0.008328 -0.088948
v 0.079053 -0.005781 -0.088948
v 0.000000 -0.005781 -0.119000
v 0.000000 0.008328 -0.119000
v 0.044774 0.015328 -0.117777
v 0.042286 0.008328 -0.111234
v 0.079053 0.008328 -0.088948
v 0.000000 0.015328 -0.126000
v 0.000000 0.008328 -0.119000
v 0.079053 -0.005781 -0.088948
v 0.091185 -0.004585 -0.092690
v 0.079053 -0.005781 -0.088948
v 0.139399 -0.005781 -0.135623
v -0.141977 0.008328 -0.135623
v -0.139243 -0.005781 -0.133696
v -0.089095 0.008328 -0.089095
v -0.088873 -0.005781 -0.088873
v -0.089095 0.008328 -0.089095
v -0.084044 0.015328 -0.094006
v -0.141977 0.008328 -0.135623
v -0.133957 0.015474 -0.142898
v -0.042286 0.008328 -0.111234
v -0.079053 0.008328 -0.088948
v -0.042286 -0.005781 -0.111234
v -0.079053 -0.005781 -0.088948
v -0.044774 0.015328 -0.117777
v -0.042286 0.008328 -0.111234
v -0.079053 0.008328 -0.088948
v -0.084044 0.015328 -0.094006
v -0.044774 0.015328 -0.117777
v -0.133957 0.015474 -0.142898
v -0.076841 0.015328 -0.188247
v -0.079053 -0.005781 -0.088948
v -0.088873 -0.005781 -0.088873
v -0.183593 -0.005672 -0.182462
v 0.149803 -0.005672 -0.209850
v 0.129512 -0.005672 -0.223759
v 0.181362 -0.005672 -0.182962
v 0.199781 -0.005672 -0.163506
v 0.210241 0.001296 -0.148429
v 0.221092 0.001378 -0.116933
v 0.204156 -0.005672 -0.146562
v 0.214890 -0.005672 -0.114169
v 0.202191 0.001250 -0.160686
v 0.228493 -0.005672 -0.083658
v 0.234822 0.001324 -0.086023
v 0.245321 -0.005672 -0.045219
v 0.248269 0.001216 -0.052321
v 0.251034 0.001269 -0.052706
v 0.245321 -0.005672 -0.045219
v 0.248269 0.001216 -0.052321
v 0.250720 -0.005672 -0.039609
v 0.254621 0.001320 -0.050006
v 0.254381 -0.005672 -0.020533
v 0.250720 -0.005672 -0.039609
v 0.262878 0.001320 -0.013343
v 0.254621 0.001320 -0.050006
v 0.261075 0.001258 -0.009231
v 0.254381 -0.005672 -0.020533
v 0.262878 0.001320 -0.013343
v 0.257067 0.011593 -0.030738
v 0.259865 0.008943 -0.021449
v 0.262878 0.001320 -0.013343
v 0.254946 0.008939 -0.040285
v 0.254621 0.001320 -0.050006
v 0.248269 0.001216 -0.052321
v 0.248569 0.011912 -0.042396
v 0.251034 0.001269 -0.052706
v 0.251208 0.011260 -0.042571
v 0.253947 0.011823 -0.016131
v 0.257607 0.001172 -0.008038
v 0.257730 0.011261 -0.017601
v 0.261075 0.001258 -0.009231
v 0.250944 0.015750 -0.029127
v 0.254020 0.015249 -0.029918
v 0.254621 0.001320 -0.050006
v 0.254946 0.008939 -0.040285
v 0.257067 0.011593 -0.030738
v 0.262878 0.001320 -0.013343
v 0.259865 0.008943 -0.021449
v 0.257607 0.001172 -0.008038
v 0.257607 0.001172 -0.008038
v 0.251899 -0.005672 -0.012900
v 0.254381 -0.005672 -0.020533
v 0.254016 0.001177 0.017625
v 0.246887 -0.005672 0.019397
v 0.248578 0.000535 0.022857
v 0.222972 0.000325 0.024793
v 0.223030 -0.005672 0.020827
v 0.254381 -0.005672 -0.020533
v 0.250720 -0.005672 -0.039609
v 0.128207 0.000417 -0.227058
v 0.132833 0.001167 -0.228166
v 0.129512 -0.005672 -0.223759
v 0.141712 0.036067 -0.201464
v 0.176211 0.036067 -0.171814
v 0.149845 0.027965 -0.209734
v 0.180421 0.027965 -0.183777
v 0.149845 0.027965 -0.209734
v 0.180421 0.027965 -0.183777
v 0.153161 0.001178 -0.214283
v 0.185038 0.001178 -0.187144
v 0.206664 0.001284 -0.152571
v 0.202111 0.001165 -0.169131
v 0.192839 0.026524 -0.154196
v 0.190099 0.022459 -0.175498
v 0.190099 0.022459 -0.175498
v 0.202111 0.001165 -0.169131
v 0.144974 0.026024 -0.214273
v 0.144974 0.026024 -0.214273
v 0.185038 0.001178 -0.187144
v 0.202111 0.001165 -0.169131
v 0.181362 -0.005672 -0.182962
v 0.199781 -0.005672 -0.163506
v 0.149803 -0.005672 -0.209850
v 0.153161 0.001178 -0.214283
v 0.202111 0.001165 -0.169131
v 0.206664 0.001284 -0.152571
v 0.199781 -0.005672 -0.163506
v 0.204156 -0.005672 -0.146562
v 0.129512 -0.005672 -0.223759
v 0.132833 0.001167 -0.228166
v 0.144974 0.026024 -0.214273
v 0.132833 0.001167 -0.228166
v 0.137960 0.050901 -0.205377
v 0.113623 0.043552 -0.227073
v 0.112845 0.043982 -0.226010
v 0.120735 0.021445 -0.236918
v 0.113623 0.043552 -0.227073
v 0.144974 0.026024 -0.214273
v 0.137960 0.050901 -0.205377
v 0.199205 0.040774 -0.125812
v 0.185905 0.036457 -0.159055
v 0.185728 0.051096 -0.150080
v 0.162308 0.053726 -0.179985
v 0.166463 0.030938 -0.188989
v 0.137960 0.050901 -0.205377
v 0.112845 0.043982 -0.226010
v 0.132015 0.037870 -0.197655
v 0.107128 0.032678 -0.218288
v 0.185728 0.051096 -0.150080
v 0.162308 0.053726 -0.179985
v 0.174065 0.042274 -0.147251
v 0.154826 0.042715 -0.174013
v 0.199205 0.040774 -0.125812
v 0.004434 0.019247 -0.264124
v 0.002184 0.021209 -0.262126
v 0.043630 0.018074 -0.260159
v 0.041588 0.024394 -0.256416
v -0.044471 0.022204 -0.261652
v 0.079420 0.031519 -0.244791
v 0.082258 0.018669 -0.250937
v 0.043479 0.001304 -0.261582
v 0.003253 0.001317 -0.264531
v 0.043630 0.018074 -0.260159
v 0.004434 0.019247 -0.264124
v 0.082541 0.001302 -0.252452
v 0.082258 0.018669 -0.250937
v 0.120735 0.001328 -0.236918
v 0.120735 0.021445 -0.236918
v 0.133168 0.001328 -0.225592
v 0.144974 0.026024 -0.214273
v 0.079420 0.031519 -0.244791
v 0.077844 0.033188 -0.239126
v 0.076334 0.028768 -0.234611
v 0.077844 0.033188 -0.239126
v 0.040355 0.026832 -0.249000
v 0.041588 0.024394 -0.256416
v 0.002184 0.021209 -0.262126
v 0.040355 0.026832 -0.249000
v 0.001602 0.025444 -0.255060
v -0.044471 0.022204 -0.261652
v -0.037461 0.029172 -0.258286
v 0.073236 0.023231 -0.231190
v -0.043673 0.022378 -0.259620
v 0.024214 0.029615 -0.231038
v 0.038474 0.033759 -0.211320
v 0.024214 0.017072 -0.231038
v 0.038462 0.013963 -0.211365
v 0.026206 0.042834 -0.220142
v 0.010854 0.041728 -0.237258
v 0.011628 0.052764 -0.227517
v -0.004832 0.050623 -0.243110
v 0.024214 0.029615 -0.231038
v 0.011403 0.041260 -0.239380
v 0.010854 0.041728 -0.237258
v -0.003232 0.050485 -0.247492
v -0.004832 0.050623 -0.243110
v 0.011628 0.052764 -0.227517
v -0.009445 0.051666 -0.245295
v -0.014098 0.050336 -0.247225
v 0.074817 0.054441 -0.215608
v 0.110457 0.056028 -0.192853
v 0.073816 0.054168 -0.224196
v 0.111257 0.055879 -0.198407
v 0.143157 0.057328 -0.166120
v -0.007826 0.051528 -0.249669
v 0.031889 0.052243 -0.241937
v -0.012498 0.050197 -0.251607
v 0.036703 0.052581 -0.233870
v 0.031889 0.052243 -0.241937
v 0.076730 0.014590 -0.195773
v 0.101268 0.039462 -0.182126
v 0.075481 0.037872 -0.203844
v 0.055171 0.022682 -0.213672
v 0.049317 0.039048 -0.220934
v 0.036703 0.052581 -0.233870
v 0.074817 0.054441 -0.215608
v 0.143157 0.057328 -0.166120
v 0.110457 0.056028 -0.192853
v 0.140788 0.047602 -0.148743
v 0.143157 0.057328 -0.166120
v 0.155312 0.044142 -0.177675
v 0.111257 0.055879 -0.198407
v 0.115933 0.033559 -0.212349
v 0.069968 0.037179 -0.237983
v 0.020065 0.036724 -0.254010
v 0.073816 0.054168 -0.224196
v 0.031889 0.052243 -0.241937
v -0.029690 0.037934 -0.257597
v -0.012498 0.050197 -0.251607
v 0.067120 0.014740 -0.245577
v 0.013013 0.019448 -0.260485
v -0.044471 0.022204 -0.261652
v 0.183197 0.050392 -0.114831
v 0.206671 0.033323 -0.075279
v 0.193350 0.035599 -0.120288
v 0.161447 0.056465 -0.145487
v 0.172467 0.042063 -0.153759
v 0.161447 0.056465 -0.145487
v 0.151704 0.044559 -0.134461
v 0.206671 0.033323 -0.075279
v 0.183197 0.050392 -0.114831
v 0.171668 0.035122 -0.103050
v -0.048214 0.021087 -0.258395
v -0.044471 0.022204 -0.261652
v -0.047358 0.001328 -0.258187
v -0.044421 0.001328 -0.261660
v -0.046132 0.019074 -0.253866
v -0.046110 0.001328 -0.253882
v -0.033805 0.037441 -0.255674
v -0.029690 0.037934 -0.257597
v -0.031822 0.036714 -0.251776
v -0.034300 0.015091 -0.244672
v 0.011628 0.052764 -0.227517
v -0.031822 0.036714 -0.251776
v -0.014098 0.050336 -0.247225
v -0.046132 0.019074 -0.253866
v -0.046110 0.001328 -0.253882
v 0.057840 0.013352 -0.212122
v 0.024214 0.018594 -0.231038
v 0.114676 0.041028 -0.148635
v 0.138476 0.040176 -0.120966
v 0.119669 0.044728 -0.152754
v 0.143415 0.043328 -0.125569
v 0.136958 0.034505 -0.119551
v 0.138476 0.040176 -0.120966
v 0.112039 0.035279 -0.148645
v 0.114676 0.041028 -0.148635
v 0.136958 0.034505 -0.119551
v 0.112039 0.035279 -0.148645
v 0.132367 0.009846 -0.114914
v 0.168297 0.034505 -0.181418
v 0.186539 0.034505 -0.165766
v 0.191771 0.008328 -0.170642
v 0.169295 0.040176 -0.178035
v 0.185021 0.040176 -0.164350
v 0.168297 0.034505 -0.181418
v 0.186539 0.034505 -0.165766
v 0.185021 0.040176 -0.164350
v 0.169295 0.040176 -0.178035
v 0.179893 0.043328 -0.159571
v 0.162823 0.044087 -0.175074
v 0.209003 0.016013 -0.147469
v 0.210241 0.001296 -0.148429
v 0.199105 0.027892 -0.156212
v 0.202276 0.001251 -0.160573
v 0.199105 0.027892 -0.156212
v 0.186539 0.034505 -0.165766
v 0.196839 0.029351 -0.154447
v 0.209003 0.016013 -0.147469
v 0.204522 0.019735 -0.143993
v 0.176757 0.039940 -0.095870
v 0.205402 0.039940 -0.114615
v 0.162184 0.042372 -0.112531
v 0.191922 0.042330 -0.136642
v 0.179893 0.043328 -0.159571
v 0.148378 0.043328 -0.130195
v 0.197357 0.039255 -0.140701
v 0.234032 0.025864 -0.085642
v 0.234822 0.001324 -0.086023
v 0.220765 0.022734 -0.116061
v 0.221092 0.001378 -0.116933
v 0.216660 0.025677 -0.113677
v 0.230562 0.028054 -0.083971
v 0.220765 0.022734 -0.116061
v 0.234032 0.025864 -0.085642
v 0.167761 0.022761 -0.082571
v 0.147146 0.016013 -0.099477
v 0.167188 0.008545 -0.082575
v 0.146233 0.005171 -0.098769
v 0.183904 0.025864 -0.061500
v 0.183397 0.010096 -0.061255
v 0.167761 0.022761 -0.082571
v 0.183904 0.025864 -0.061500
v 0.171639 0.025688 -0.085289
v 0.187375 0.028054 -0.063171
v 0.147146 0.016013 -0.099477
v 0.151627 0.019735 -0.102954
v 0.198831 0.027986 -0.041672
v 0.196475 0.026432 -0.040448
v 0.206437 0.031354 -0.017577
v 0.206437 0.031354 -0.017577
v 0.196475 0.026432 -0.040448
v 0.204106 0.008912 -0.016981
v 0.196000 0.010086 -0.038658
v 0.198831 0.027986 -0.041672
v 0.206437 0.031354 -0.017577
v 0.205590 0.035331 -0.044019
v 0.212617 0.041080 -0.019243
v 0.187375 0.028054 -0.063171
v 0.194495 0.034021 -0.066601
v 0.234707 0.033593 -0.054573
v 0.223441 0.034021 -0.080542
v 0.205590 0.035331 -0.044019
v 0.194495 0.034021 -0.066601
v 0.242400 0.041080 -0.027029
v 0.212617 0.041080 -0.019243
v 0.243891 0.024437 -0.058159
v 0.242081 0.025518 -0.057553
v 0.248606 0.031354 -0.028592
v 0.248269 0.001216 -0.052321
v 0.243891 0.024437 -0.058159
v 0.250944 0.015750 -0.029127
v 0.248606 0.031354 -0.028592
v 0.215425 0.005714 0.009445
v 0.206437 0.031354 -0.017577
v 0.215425 0.005714 0.009445
v 0.212617 0.041080 -0.019243
v 0.219954 0.015328 0.014375
v 0.252799 0.019858 -0.003299
v 0.254016 0.001177 0.017625
v 0.257607 0.001172 -0.008038
v 0.252799 0.019858 -0.003299
v 0.248606 0.031354 -0.028592
v 0.247450 0.021974 0.003439
v 0.242400 0.041080 -0.027029
v 0.254016 0.001177 0.017625
v 0.248578 0.000535 0.022857
v 0.247450 0.021974 0.003439
v 0.242400 0.041080 -0.027029
v 0.219954 0.015328 0.014375
v 0.212617 0.041080 -0.019243
v 0.222972 0.000325 0.024793
v 0.248578 0.000535 0.022857
v 0.230562 0.028054 -0.083971
v 0.223441 0.034021 -0.080542
v 0.242081 0.025518 -0.057553
v 0.234707 0.033593 -0.054573
v 0.242400 0.041080 -0.027029
v 0.248606 0.031354 -0.028592
v 0.211043 0.036834 -0.118306
v 0.205402 0.039940 -0.114615
v 0.197357 0.039255 -0.140701
v 0.191922 0.042330 -0.136642
v 0.176757 0.039940 -0.095870
v 0.171116 0.036834 -0.092179
v 0.169928 0.032183 -0.091400
v 0.187375 0.028054 -0.063171
v 0.171116 0.036834 -0.092179
v 0.162184 0.042372 -0.112531
v 0.156401 0.039251 -0.108226
v 0.156401 0.039251 -0.108226
v 0.138476 0.040176 -0.120966
v 0.154606 0.033977 -0.106979
v 0.136958 0.034505 -0.119551
v 0.151627 0.019735 -0.102954
v 0.136958 0.034505 -0.119551
v 0.147146 0.016013 -0.099477
v 0.096446 0.052326 -0.173569
v 0.095853 0.037159 -0.154259
v 0.118154 0.055475 -0.160761
v 0.115474 0.041636 -0.144507
v 0.165966 0.041983 -0.103157
v 0.152278 0.051194 -0.125589
v 0.147756 0.043786 -0.118765
v 0.132522 0.043809 -0.131943
v 0.137414 0.055360 -0.143885
v 0.051991 0.032907 -0.185779
v 0.011948 0.012119 -0.179357
v 0.055170 0.021420 -0.170356
v 0.075063 0.044985 -0.181566
v 0.075289 0.030124 -0.162606
v 0.053721 0.017468 -0.196297
v 0.011948 0.012119 -0.179357
v 0.051991 0.032907 -0.185779
v 0.096446 0.052326 -0.173569
v 0.101268 0.039462 -0.182126
v 0.075063 0.044985 -0.181566
v 0.079549 0.022051 -0.196573
v 0.122142 0.046495 -0.166746
v 0.118154 0.055475 -0.160761
v 0.165966 0.041983 -0.103157
v 0.158731 0.042689 -0.124857
v 0.152278 0.051194 -0.125589
v 0.162527 0.040685 -0.118494
v 0.137414 0.055360 -0.143885
v 0.140788 0.047602 -0.148743
v 0.095704 0.015724 -0.154232
v 0.095853 0.037159 -0.154259
v 0.075123 0.012196 -0.162583
v 0.075289 0.030124 -0.162606
v 0.011948 0.005119 -0.179357
v 0.055036 0.007847 -0.170348
v 0.011948 0.012119 -0.179357
v 0.055170 0.021420 -0.170356
v 0.165966 0.030129 -0.103157
v 0.165966 0.041983 -0.103157
v 0.147875 0.031415 -0.118655
v 0.147756 0.043786 -0.118765
v 0.132720 0.031445 -0.131755
v 0.132522 0.043809 -0.131943
v 0.115540 0.029818 -0.144425
v 0.115474 0.041636 -0.144507
v 0.080565 -0.005672 -0.246372
v 0.042547 -0.005672 -0.255227
v 0.082541 0.001302 -0.252452
v 0.043479 0.001304 -0.261582
v 0.003257 -0.005672 -0.257926
v 0.003253 0.001317 -0.264531
v -0.043306 -0.005672 -0.254752
v -0.044421 0.001328 -0.261660
v -0.097850 0.001328 -0.239002
v -0.086545 -0.005674 -0.236813
v 0.133168 0.001328 -0.225592
v 0.129512 -0.005672 -0.223759
v 0.120735 0.001328 -0.236918
v 0.116744 -0.005672 -0.231108
v -0.220359 0.005930 -0.026973
v -0.187345 0.015328 -0.009218
v -0.220611 0.016728 -0.027571
v -0.187345 0.016728 -0.009218
v -0.227177 -0.005672 -0.084346
v -0.233965 0.001328 -0.084127
v -0.222704 -0.005672 -0.132211
v -0.228854 0.001328 -0.135562
v -0.220216 -0.000137 -0.032285
v -0.218684 -0.005672 -0.048509
v -0.220216 -0.000137 -0.032285
v -0.198786 0.022328 -0.167985
v -0.224069 0.022328 -0.132653
v -0.228592 0.022328 -0.084247
v -0.161778 0.022328 -0.094949
v -0.155975 0.022328 -0.117979
v -0.215974 0.022328 -0.030997
v -0.187977 0.022328 -0.015919
v -0.191218 0.022328 -0.036062
v -0.184111 0.022328 -0.067271
v -0.179173 0.016728 -0.065112
v -0.156351 0.016728 -0.091802
v -0.184111 0.022328 -0.067271
v -0.161778 0.022328 -0.094949
v -0.185445 0.016728 -0.034742
v -0.191218 0.022328 -0.036062
v -0.181464 0.016728 -0.014501
v -0.187977 0.022328 -0.015919
v -0.182546 0.016728 -0.009791
v -0.187345 0.016728 -0.009218
v -0.181464 0.016728 -0.014501
v -0.182546 0.016728 -0.009791
v -0.181464 0.015236 -0.014501
v -0.182546 0.015328 -0.009791
v -0.185445 0.016728 -0.034742
v -0.185445 0.015328 -0.034742
v -0.179173 0.016728 -0.065112
v -0.179224 0.015328 -0.065040
v -0.156351 0.014638 -0.091802
v -0.156351 0.016728 -0.091802
v -0.220611 0.016728 -0.027571
v -0.215974 0.022328 -0.030997
v -0.234028 0.016728 -0.084127
v -0.228592 0.022328 -0.084247
v -0.224069 0.022328 -0.132653
v -0.228599 0.016753 -0.133928
v -0.203841 0.001328 -0.170673
v -0.197865 -0.005672 -0.166908
v -0.187652 0.001328 -0.188307
v -0.183593 -0.005672 -0.182462
v -0.159566 -0.005672 -0.203855
v -0.163124 0.001328 -0.209964
v -0.135955 0.001328 -0.228215
v -0.132973 -0.005672 -0.221855
v -0.112532 0.001328 -0.237863
v -0.085465 0.001328 -0.244090
v -0.109350 -0.005673 -0.231668
v -0.086545 -0.005674 -0.236813
v -0.125816 0.033850 -0.206595
v -0.125816 0.044465 -0.206595
v -0.151080 0.033540 -0.183242
v -0.151084 0.044599 -0.183250
v -0.162660 0.036181 -0.151924
v -0.162665 0.043837 -0.151927
v -0.192557 0.048664 -0.143251
v -0.194810 0.052140 -0.144960
v -0.209119 0.047700 -0.135927
v -0.209523 0.049082 -0.136446
v -0.222999 0.039240 -0.129207
v -0.162660 0.036181 -0.151924
v -0.162665 0.043837 -0.151927
v -0.189707 0.037170 -0.144183
v -0.192557 0.048664 -0.143251
v -0.151084 0.044599 -0.183250
v -0.125816 0.044465 -0.206595
v -0.151823 0.047511 -0.185230
v -0.165945 0.050382 -0.156645
v -0.162665 0.043837 -0.151927
v -0.222999 0.039240 -0.129207
v -0.223003 0.001328 -0.129194
v -0.209119 0.047700 -0.135927
v -0.199893 0.021429 -0.141303
v -0.086609 0.041894 -0.219254
v -0.086605 0.030478 -0.219267
v -0.041298 0.026510 -0.223397
v -0.041299 0.038564 -0.223376
v 0.002675 0.035851 -0.218310
v 0.002671 0.023089 -0.218340
v 0.034850 0.014498 -0.207421
v 0.034862 0.034774 -0.207376
v -0.218331 0.051939 -0.141260
v -0.228661 0.038903 -0.129901
v -0.209523 0.049082 -0.136446
v -0.222999 0.039240 -0.129207
v -0.204546 0.057235 -0.156689
v -0.194810 0.052140 -0.144960
v -0.228655 0.001328 -0.129873
v -0.228661 0.038903 -0.129901
v -0.228854 0.001328 -0.135562
v -0.228851 0.036893 -0.135594
v -0.210070 0.043681 -0.163099
v -0.135955 0.026877 -0.228228
v -0.135955 0.001328 -0.228215
v -0.162835 0.031486 -0.210209
v -0.163303 0.001328 -0.209824
v -0.083321 0.019458 -0.244437
v -0.085465 0.001328 -0.244090
v -0.109849 0.022993 -0.238668
v -0.111730 0.001328 -0.238105
v -0.055870 0.016405 -0.246830
v -0.059136 0.011238 -0.246757
v -0.034300 0.015091 -0.244672
v -0.055870 0.016405 -0.246830
v -0.083321 0.019458 -0.244437
v -0.027158 0.053627 -0.234269
v -0.066597 0.053805 -0.234905
v 0.011628 0.052764 -0.227517
v -0.034300 0.015091 -0.244672
v -0.101098 0.053363 -0.230119
v -0.109849 0.022993 -0.238668
v -0.210070 0.043681 -0.163099
v -0.208011 0.052302 -0.159008
v -0.187648 0.036893 -0.188338
v -0.186381 0.052319 -0.182186
v -0.162835 0.031486 -0.210209
v -0.162263 0.052359 -0.203540
v -0.134551 0.052396 -0.220692
v -0.135955 0.026877 -0.228228
v -0.219243 0.048183 -0.146346
v -0.228851 0.036893 -0.135594
v -0.218331 0.051939 -0.141260
v -0.204546 0.057235 -0.156689
v -0.228661 0.038903 -0.129901
v -0.183029 0.057251 -0.179739
v -0.165945 0.050382 -0.156645
v -0.158521 0.057292 -0.201390
v -0.151823 0.047511 -0.185230
v -0.128700 0.054743 -0.214306
v -0.125816 0.044465 -0.206595
v 0.002675 0.035851 -0.218310
v 0.034862 0.034774 -0.207376
v -0.009558 0.053185 -0.228700
v 0.027234 0.044106 -0.215547
v -0.092387 0.054647 -0.225435
v -0.086609 0.041894 -0.219254
v -0.051489 0.054222 -0.229895
v -0.041299 0.038564 -0.223376
v 0.016727 0.051376 -0.222867
v 0.027234 0.044106 -0.215547
v 0.016727 0.051376 -0.222867
v 0.034862 0.034774 -0.207376
v -0.131361 0.057271 -0.218422
v -0.096651 0.056871 -0.228616
v -0.131361 0.057271 -0.218422
v -0.096651 0.056871 -0.228616
v -0.058961 0.056102 -0.232973
v -0.018287 0.054612 -0.231755
v -0.058961 0.056102 -0.232973
v -0.018287 0.054612 -0.231755
v 0.011628 0.052764 -0.227517
v -0.183029 0.057251 -0.179739
v -0.158521 0.057292 -0.201390
v 0.034850 0.014498 -0.207421
v 0.034862 0.034774 -0.207376
v -0.187652 0.001328 -0.188307
v -0.187648 0.036893 -0.188338
v -0.203841 0.001328 -0.170673
v -0.228661 0.038903 -0.129901
v -0.228655 0.001328 -0.129873
v -0.234028 0.016728 -0.084127
v -0.228599 0.016753 -0.133928
v -0.233965 0.001328 -0.084127
v -0.228854 0.001328 -0.135562
v -0.034300 0.015091 -0.244672
v -0.044720 0.015325 -0.255767
v -0.097850 0.015328 -0.223595
v -0.097831 0.015325 -0.233227
v -0.097831 0.015325 -0.233227
v -0.044720 0.015325 -0.255767
v -0.097832 0.009730 -0.238899
v -0.044447 0.009729 -0.261440
v -0.097832 0.009730 -0.238899
v -0.044447 0.009729 -0.261440
v -0.097850 0.001328 -0.239002
v -0.044421 0.001328 -0.261660
v 0.227045 0.010720 0.005219
v 0.223467 0.010031 0.048466
v 0.223030 -0.005672 0.020827
v 0.218684 -0.005672 0.048509
v -0.185857 0.008354 -0.058430
v -0.185854 -0.068503 -0.058431
v -0.195719 0.008354 0.000000
v -0.195717 -0.068503 0.000000
v -0.088652 0.008354 -0.175651
v -0.049276 0.008354 -0.189085
v -0.088652 -0.068503 -0.175595
v -0.049605 -0.068502 -0.188325
v -0.195717 -0.068503 0.000000
v -0.185854 -0.068503 -0.058431
v -0.175167 -0.068503 0.000000
v -0.167082 -0.068502 -0.052865
v -0.130710 -0.068503 -0.146293
v -0.088652 -0.068503 -0.175595
v -0.116135 -0.068503 -0.131261
v -0.079312 -0.068502 -0.156811
v -0.164410 -0.068503 -0.106646
v -0.147812 -0.068502 -0.094145
v -0.147811 0.008381 -0.094169
v -0.167082 0.008354 -0.052873
v -0.147812 -0.068502 -0.094145
v -0.167082 -0.068502 -0.052865
v -0.116135 -0.068503 -0.131261
v -0.116950 0.008354 -0.132091
v -0.175167 -0.068503 0.000000
v -0.175157 0.008354 0.000000
v -0.079313 0.008354 -0.156811
v -0.079312 -0.068502 -0.156811
v -0.045960 0.008354 -0.168694
v -0.046803 -0.068502 -0.168274
v -0.130711 0.008354 -0.146293
v -0.130710 -0.068503 -0.146293
v -0.164412 0.008354 -0.106636
v -0.164410 -0.068503 -0.106646
v -0.185857 0.008354 0.058430
v -0.187440 -0.068503 0.058431
v -0.088652 0.008354 0.175651
v -0.088652 -0.068503 0.175595
v -0.049276 0.008354 0.189085
v -0.049605 -0.068502 0.188325
v -0.088652 -0.068503 0.175595
v -0.130710 -0.068503 0.146293
v -0.079312 -0.068502 0.156811
v -0.116069 -0.068503 0.131197
v -0.164410 -0.068503 0.106646
v -0.147812 -0.068502 0.094145
v -0.147811 0.008381 0.094169
v -0.147812 -0.068502 0.094145
v -0.167082 0.008354 0.052873
v -0.168668 -0.068503 0.052865
v -0.079313 0.008354 0.156811
v -0.045960 0.008354 0.168694
v -0.079312 -0.068502 0.156811
v -0.046803 -0.068502 0.168274
v -0.115742 0.008987 0.130910
v -0.116069 -0.068503 0.131197
v -0.130711 0.008354 0.146293
v -0.164412 0.008354 0.106636
v -0.130710 -0.068503 0.146293
v -0.164410 -0.068503 0.106646
v -0.147811 0.008381 -0.094169
v -0.115742 0.008987 -0.130910
v -0.152800 0.016206 -0.097330
v -0.121594 0.016206 -0.135870
v -0.172574 0.016206 -0.054580
v -0.180792 0.016206 0.000000
v -0.167082 0.008354 -0.052873
v -0.175157 0.008354 0.000000
v -0.210127 0.016200 -0.071666
v -0.212394 0.016202 0.000000
v -0.207543 0.016203 0.000000
v -0.172574 0.016206 -0.054580
v -0.152800 0.016206 -0.097330
v -0.180146 0.016200 -0.114443
v -0.121594 0.016206 -0.135870
v -0.151162 0.016199 -0.151288
v -0.147811 0.008381 0.094169
v -0.152800 0.016206 0.097330
v -0.115742 0.008987 0.130910
v -0.121594 0.016206 0.135870
v -0.172574 0.016206 0.054580
v -0.167082 0.008354 0.052873
v -0.184016 0.016204 0.056222
v -0.219278 0.016200 0.061283
v -0.152800 0.016206 0.097330
v -0.176415 0.016205 0.113788
v -0.121594 0.016206 0.135870
v -0.139245 0.016205 0.146293
v 0.227045 0.010720 0.005219
v 0.220702 0.016201 0.000000
v 0.223467 0.010031 0.048466
v 0.221634 0.016200 0.054863
v -0.224217 0.007039 -0.008724
v -0.218044 0.005265 -0.054897
v -0.223030 -0.005672 -0.020827
v -0.218684 -0.005672 -0.048509
v -0.210127 0.016200 -0.071666
v -0.218044 0.005265 -0.054897
v -0.212394 0.016202 0.000000
v -0.224217 0.007039 -0.008724
v 0.185854 -0.068503 -0.058431
v 0.167082 -0.068502 -0.052865
v 0.220611 0.016728 0.027571
v 0.219948 0.001328 0.036043
v 0.097832 0.009730 0.238899
v 0.044533 0.009729 0.261440
v 0.097850 0.001328 0.239002
v 0.044419 0.001328 0.261660
v 0.044471 0.022204 0.261652
v 0.044419 0.001328 0.261660
v 0.085465 0.001328 0.244090
v 0.086545 -0.005674 0.236813
v -0.044471 0.022204 -0.261652
v -0.044421 0.001328 -0.261660
v -0.003232 0.050485 -0.247492
v 0.031889 0.052243 -0.241937
v -0.187440 -0.068503 0.058431
v -0.168668 -0.068503 0.052865
v 0.049605 -0.068502 0.188325
v 0.046803 -0.068502 0.168274
v 0.042671 0.008354 0.174259
v 0.043408 -0.068502 0.173839
v 0.044622 0.008354 0.186291
v 0.045032 -0.068502 0.185458
v 0.044622 0.008354 -0.186291
v 0.045032 -0.068502 -0.185458
v 0.042671 0.008354 -0.174259
v 0.043408 -0.068502 -0.173839
v 0.049605 -0.068502 -0.188325
v 0.046803 -0.068502 -0.168274
v 0.045032 -0.068502 0.185458
v 0.043408 -0.068502 0.173839
v 0.043408 -0.068502 -0.173839
v 0.045032 -0.068502 -0.185458
v -0.049605 -0.068502 -0.188325
v -0.046803 -0.068502 -0.168274
v -0.042671 0.008354 -0.174259
v -0.043408 -0.068502 -0.173839
v -0.044622 0.008354 -0.186291
v -0.045032 -0.068502 -0.185458
v -0.044622 0.008354 0.186291
v -0.045032 -0.068502 0.185458
v -0.042671 0.008354 0.174259
v -0.043408 -0.068502 0.173839
v -0.049605 -0.068502 0.188325
v -0.046803 -0.068502 0.168274
v -0.045032 -0.068502 -0.185458
v -0.043408 -0.068502 -0.173839
v -0.043408 -0.068502 0.173839
v -0.045032 -0.068502 0.185458
v -0.141331 0.008328 0.135623
v -0.089095 0.008328 0.089095
v -0.129525 -0.068208 0.124602
v -0.086567 -0.040143 0.086499
v -0.086552 -0.068557 0.086522
v 0.141331 0.008328 -0.135623
v 0.089095 0.008328 -0.089095
v 0.088669 0.000146 -0.088657
v 0.129525 -0.068208 -0.124602
v 0.086567 -0.040143 -0.086499
v 0.086552 -0.068557 -0.086522
v 0.052472 0.026528 0.163946
v 0.031722 0.026528 0.181657
v 0.052472 0.020468 0.163946
v 0.038608 0.022328 0.177418
v 0.051632 0.020468 0.157619
v 0.021385 -0.004305 0.159207
v 0.051632 0.026528 0.157619
v 0.021385 0.026528 0.159207
v 0.006609 0.026528 0.174647
v -0.013573 0.026528 0.181304
v 0.010835 0.029344 0.177178
v -0.006257 0.029186 0.184619
v 0.021385 0.026528 0.159207
v 0.023625 0.029328 0.163608
v 0.006605 -0.004305 0.174650
v -0.013573 -0.004305 0.181304
v 0.006609 0.026528 0.174647
v -0.013573 0.026528 0.181304
v 0.021385 0.026528 0.159207
v 0.021385 -0.004305 0.159207
v 0.052472 0.026528 0.163946
v 0.051632 0.026528 0.157619
v 0.046881 0.029328 0.162674
v 0.031722 0.026528 0.181657
v 0.027119 0.029322 0.179932
v 0.005699 0.026528 0.190037
v 0.002259 0.029381 0.188479
v 0.021385 0.026528 0.159207
v 0.023625 0.029328 0.163608
v 0.010835 0.029344 0.177178
v -0.006257 0.029186 0.184619
v 0.027119 0.029322 0.179932
v 0.002259 0.029381 0.188479
v 0.046881 0.029328 0.162674
v 0.023625 0.029328 0.163608
v 0.069609 0.020928 0.107973
v 0.065865 0.018128 0.108087
v 0.065295 0.020928 0.123201
v 0.062633 0.018128 0.122332
v 0.038496 0.018916 0.159174
v 0.041864 0.020928 0.158938
v 0.049213 0.019280 0.148981
v 0.050481 0.020928 0.150034
v 0.057280 0.018128 0.134907
v 0.059594 0.020928 0.136527
v 0.073843 0.020928 0.158971
v 0.050481 0.020928 0.150034
v 0.050392 0.020928 0.165284
v 0.041864 0.020928 0.158938
v 0.065295 0.020928 0.123201
v 0.059594 0.020928 0.136527
v 0.078031 0.020928 0.132392
v 0.069609 0.020928 0.107973
v 0.068763 0.001328 0.105089
v 0.068763 0.018128 0.105089
v 0.072473 0.001328 0.106992
v 0.072473 0.018128 0.106992
v 0.065865 0.001328 0.108087
v 0.065865 0.018128 0.108087
v 0.080777 0.001328 0.131843
v 0.080777 0.018128 0.131843
v 0.068763 0.018128 0.105089
v 0.072473 0.018128 0.106992
v 0.062779 0.001328 0.121883
v 0.058459 0.001328 0.132601
v 0.062633 0.018128 0.122332
v 0.057280 0.018128 0.134907
v 0.080783 0.018128 0.131874
v 0.078031 0.020928 0.132392
v 0.073843 0.020928 0.158971
v 0.080831 0.018128 0.132131
v 0.091469 0.018128 0.105484
v 0.080831 0.002728 0.132131
v 0.091469 0.002728 0.105484
v 0.099402 0.002728 0.105087
v 0.098464 0.018128 0.105456
v 0.104935 0.018128 0.123930
v 0.098464 0.018128 0.105456
v 0.100736 0.022328 0.124342
v 0.095504 0.022328 0.106649
v 0.106782 0.018128 0.143482
v 0.102580 0.022328 0.142678
v 0.104935 0.018128 0.123930
v 0.106782 0.018128 0.143482
v 0.104935 0.002728 0.123930
v 0.106782 0.002728 0.143482
v 0.080831 0.018128 0.132131
v 0.074615 0.020928 0.148070
v 0.087296 0.022328 0.128511
v 0.075780 0.022328 0.148845
v 0.091469 0.018128 0.105484
v 0.050392 0.020928 0.165284
v 0.048850 0.022328 0.167170
v 0.060938 0.020928 0.161213
v 0.061640 0.022328 0.162418
v 0.038608 0.022328 0.177418
v 0.055652 0.022328 0.176084
v 0.048850 0.022328 0.167170
v 0.061640 0.022328 0.162418
v 0.083918 0.022328 0.172252
v 0.102580 0.022328 0.142678
v 0.075780 0.022328 0.148845
v 0.095504 0.022328 0.106649
v 0.087296 0.022328 0.128511
v 0.100736 0.022328 0.124342
v 0.048850 0.022328 0.167170
v 0.050392 0.020928 0.165284
v 0.038608 0.022328 0.177418
v 0.008422 0.031847 0.187648
v -0.010254 0.029274 0.179229
v 0.006059 0.037043 0.192153
v -0.010463 0.034758 0.183928
v 0.030509 0.035342 0.191898
v 0.022121 0.040528 0.196781
v 0.030509 0.035342 0.191898
v 0.030549 0.015328 0.192032
v 0.008422 0.031847 0.187648
v 0.009141 0.015328 0.187694
v -0.010254 0.029274 0.179229
v -0.010254 0.014531 0.179229
v 0.037786 0.015328 0.194351
v 0.037765 0.037111 0.194306
v 0.031063 0.015328 0.198778
v 0.031002 0.037482 0.198752
v 0.031002 0.037482 0.198752
v 0.037765 0.037111 0.194306
v -0.001325 0.034563 0.207691
v -0.032100 0.028619 0.210094
v 0.016132 0.015383 0.203762
v -0.032100 0.011474 0.210094
v -0.001325 0.034563 0.207691
v -0.003841 0.037661 0.203389
v -0.032100 0.028619 0.210094
v -0.032248 0.033361 0.206230
v -0.010463 0.034758 0.183928
v -0.003841 0.037661 0.203389
v 0.006059 0.037043 0.192153
v -0.025743 0.031081 0.190816
v -0.042145 0.029393 0.195712
v -0.032248 0.033361 0.206230
v -0.057299 0.027565 0.198127
v -0.047442 0.030209 0.202290
v -0.010463 0.034758 0.183928
v -0.010254 0.029274 0.179229
v -0.025743 0.031081 0.190816
v -0.028231 0.025149 0.187123
v -0.079436 0.023794 0.196249
v -0.057299 0.027565 0.198127
v -0.047389 0.024121 0.192765
v -0.042145 0.029393 0.195712
v -0.078211 0.009061 0.196601
v -0.079436 0.023794 0.196249
v -0.047389 0.009224 0.192765
v -0.047389 0.024121 0.192765
v -0.010254 0.014531 0.179229
v -0.028231 0.009699 0.187123
v -0.010254 0.029274 0.179229
v -0.028231 0.025149 0.187123
v -0.047442 0.030209 0.202290
v -0.057299 0.027565 0.198127
v -0.052129 0.025231 0.204229
v -0.079436 0.023794 0.196249
v -0.052129 0.025231 0.204229
v -0.052129 0.006620 0.204229
v 0.022121 0.040528 0.196781
v 0.058297 0.026528 0.201499
v 0.105954 0.026528 0.171878
v 0.090890 0.026528 0.174559
v 0.069744 0.026528 0.174642
v 0.090599 0.018128 0.171774
v 0.069114 0.018134 0.171763
v 0.090599 0.023728 0.171774
v 0.069114 0.023728 0.171763
v 0.057098 0.023728 0.175868
v 0.069114 0.023728 0.171763
v 0.057098 0.021977 0.175868
v 0.069114 0.018134 0.171763
v 0.090890 0.026528 0.174559
v 0.105954 0.026528 0.171878
v 0.090599 0.023728 0.171774
v 0.111621 0.023728 0.167334
v 0.069744 0.026528 0.174642
v 0.069114 0.023728 0.171763
v 0.057098 0.023728 0.175868
v 0.057468 0.026528 0.178644
v 0.069114 0.023728 0.171763
v 0.069744 0.026528 0.174642
v 0.037424 0.023728 0.177195
v 0.037424 0.022328 0.177195
v 0.037424 0.023728 0.177195
v 0.033106 0.026528 0.179983
v 0.057468 0.026528 0.178644
v 0.033106 0.026528 0.179983
v 0.006224 0.026528 0.189970
v 0.090150 0.032128 0.193434
v 0.073169 0.032128 0.189606
v 0.068305 0.032107 0.200627
v 0.054816 0.032128 0.195749
v 0.104288 0.032128 0.194572
v 0.077196 0.032094 0.202734
v 0.045662 0.032095 0.203515
v 0.022818 0.032081 0.203224
v 0.056336 0.032060 0.208715
v 0.029768 0.032054 0.209649
v 0.000192 0.032065 0.200067
v 0.035517 0.032128 0.197144
v 0.016160 0.032108 0.196319
v 0.116178 0.029345 0.190133
v 0.091255 0.028654 0.188255
v 0.104288 0.032128 0.194572
v 0.090150 0.032128 0.193434
v 0.073169 0.032128 0.189606
v 0.073043 0.029328 0.185056
v 0.054816 0.032128 0.195749
v 0.054402 0.029340 0.191584
v 0.034745 0.029358 0.193367
v 0.035517 0.032128 0.197144
v 0.073043 0.029328 0.185056
v 0.091255 0.028654 0.188255
v 0.073047 0.026380 0.185055
v 0.081071 0.026399 0.186365
v 0.054402 0.029340 0.191584
v 0.073043 0.029328 0.185056
v 0.054404 0.026380 0.191584
v 0.073047 0.026380 0.185055
v 0.015798 0.028434 0.192475
v 0.034745 0.029358 0.193367
v 0.034745 0.026529 0.193357
v 0.015798 0.028434 0.192475
v 0.016160 0.032108 0.196319
v 0.215117 0.029193 0.035530
v 0.203451 0.034494 0.069555
v 0.221213 0.023726 0.033629
v 0.204051 0.031631 0.083213
v 0.217427 0.023726 0.030452
v 0.147945 0.011989 0.122749
v 0.129161 0.011377 0.150202
v 0.147886 0.029650 0.122867
v 0.129398 0.028497 0.149941
v 0.156351 0.030200 0.091802
v 0.156351 0.012264 0.091802
v 0.102632 0.027152 0.174345
v 0.102632 0.010922 0.174345
v 0.080434 0.026541 0.186995
v 0.200600 0.001328 0.090064
v 0.204051 0.031631 0.083213
v 0.187229 0.001328 0.114099
v 0.187190 0.030176 0.114125
v 0.152568 0.032475 0.125433
v 0.160173 0.032292 0.127283
v 0.160418 0.033000 0.095284
v 0.177689 0.032894 0.120190
v 0.134341 0.031297 0.152509
v 0.146189 0.030597 0.159599
v 0.108740 0.029955 0.176088
v 0.131393 0.029654 0.177537
v 0.088585 0.029350 0.188411
v 0.116178 0.029345 0.190133
v 0.177808 0.033556 0.085761
v 0.188520 0.033942 0.101982
v 0.197932 0.034264 0.061382
v 0.203451 0.034494 0.069555
v 0.212479 0.001328 0.029465
v 0.212479 0.023726 0.029465
v 0.217426 0.001328 0.026592
v 0.217427 0.023726 0.030452
v 0.197932 0.034264 0.061382
v 0.194921 0.031206 0.056422
v 0.212479 0.023726 0.029465
v 0.177808 0.033556 0.085761
v 0.174000 0.030838 0.082115
v 0.160418 0.033000 0.095284
v 0.156351 0.030200 0.091802
v 0.220979 0.004344 0.030175
v 0.221213 0.023726 0.033629
v 0.215117 0.029193 0.035530
v 0.134341 0.031297 0.152509
v 0.129398 0.028497 0.149941
v 0.108740 0.029955 0.176088
v 0.102632 0.027152 0.174345
v 0.088585 0.029350 0.188411
v 0.080434 0.026541 0.186995
v 0.152568 0.032475 0.125433
v 0.147886 0.029650 0.122867
v 0.156351 0.030200 0.091802
v 0.160418 0.033000 0.095284
v 0.194921 0.031206 0.056422
v 0.192318 0.012752 0.059961
v 0.174000 0.030838 0.082115
v 0.172479 0.012583 0.083380
v 0.156351 0.030200 0.091802
v 0.156351 0.012264 0.091802
v 0.188520 0.033942 0.101982
v 0.187190 0.030176 0.114125
v 0.177689 0.032894 0.120190
v 0.069470 0.034987 0.208244
v 0.112590 0.034987 0.217428
v 0.101427 0.035116 0.201134
v 0.150752 0.038125 0.160801
v 0.129959 0.036130 0.185451
v 0.164611 0.039258 0.180431
v 0.183506 0.040650 0.157611
v 0.163184 0.040773 0.130901
v 0.184352 0.037128 0.159904
v 0.182197 0.016208 0.162648
v 0.212495 0.039133 0.126173
v 0.208314 0.018206 0.131785
v 0.233814 0.016724 0.087786
v 0.233814 0.029323 0.087786
v 0.225569 0.029323 0.081854
v 0.225788 0.001328 0.080437
v 0.192314 0.039751 0.109724
v 0.187229 0.001328 0.114099
v 0.159699 0.037973 0.127283
v 0.159699 0.032266 0.127283
v 0.232824 0.029323 0.080437
v 0.225569 0.029323 0.081854
v 0.197123 0.042280 0.113498
v 0.192314 0.039751 0.109724
v 0.163184 0.040773 0.130901
v 0.159699 0.037973 0.127283
v 0.208242 0.042736 0.125234
v 0.212495 0.039133 0.126173
v 0.232824 0.029323 0.080437
v 0.233814 0.029323 0.087786
v 0.184352 0.037128 0.159904
v 0.183506 0.040650 0.157611
v 0.208242 0.042736 0.125234
v 0.232824 0.029323 0.080437
v 0.197123 0.042280 0.113498
v 0.225788 0.001328 0.080437
v 0.232824 0.029323 0.080437
v 0.225788 0.001328 0.080437
v 0.232824 0.029323 0.080437
v 0.055727 0.032105 0.205559
v 0.069470 0.034987 0.208244
v 0.090106 0.032253 0.199532
v 0.101427 0.035116 0.201134
v 0.129959 0.036130 0.185451
v 0.122021 0.033101 0.185067
v 0.145880 0.035112 0.159704
v 0.150752 0.038125 0.160801
v 0.090105 0.031369 0.199535
v 0.055727 0.032105 0.205559
v 0.090106 0.032253 0.199532
v 0.145964 0.030481 0.159715
v 0.122030 0.028036 0.185035
v 0.145880 0.035112 0.159704
v 0.122021 0.033101 0.185067
v 0.159699 0.032266 0.127283
v 0.159699 0.037973 0.127283
v 0.159699 0.037973 0.127283
v 0.163184 0.040773 0.130901
v 0.073169 0.032128 0.189606
v 0.073043 0.029328 0.185056
v 0.006216 0.032187 0.201635
v 0.002940 0.034718 0.206363
v 0.022667 0.032882 0.204401
v 0.021992 0.036167 0.208915
v 0.044730 0.034484 0.204721
v 0.043928 0.037355 0.209565
v 0.112747 0.034928 0.212821
v 0.066649 0.034928 0.201674
v 0.100101 0.037728 0.214978
v 0.065698 0.037728 0.206133
v 0.100101 0.037728 0.214978
v 0.065698 0.037728 0.206133
v 0.048770 0.034871 0.232508
v 0.043928 0.037355 0.209565
v 0.002940 0.034718 0.206363
v -0.031276 0.029377 0.208956
v -0.000545 0.030639 0.219383
v 0.021992 0.036167 0.208915
v 0.066649 0.024778 0.201674
v 0.066649 0.034928 0.201674
v 0.077615 0.024778 0.206321
v 0.112747 0.034928 0.212821
v 0.044730 0.034484 0.204721
v 0.066649 0.034928 0.201674
v 0.044763 0.024446 0.204617
v 0.066649 0.024778 0.201674
v 0.022667 0.032882 0.204401
v 0.022719 0.023245 0.204379
v 0.006256 0.022723 0.201638
v 0.006216 0.032187 0.201635
v 0.065698 0.037728 0.206133
v 0.066649 0.034928 0.201674
v 0.059333 0.019528 0.138391
v 0.049090 0.019528 0.127851
v 0.043234 0.019528 0.144563
v 0.040794 0.019528 0.159219
v 0.031754 0.019528 0.159428
v 0.049090 0.019528 0.127851
v 0.059333 0.019528 0.138391
v 0.051952 0.016728 0.121969
v 0.058459 0.016728 0.132601
v 0.051952 0.016728 0.121969
v 0.058459 0.016728 0.132601
v 0.051952 -0.001472 0.121969
v 0.060016 -0.001472 0.137912
v 0.045252 0.016728 0.117199
v 0.042697 0.016728 0.124987
v 0.045252 0.016728 0.117199
v 0.045252 -0.001472 0.117199
v 0.042697 -0.001472 0.124987
v 0.042697 0.016728 0.124987
v 0.037348 -0.001472 0.142706
v 0.037348 0.016728 0.142706
v 0.027108 0.016728 0.159442
v 0.027108 -0.001472 0.159442
v 0.043234 0.019528 0.144563
v 0.037348 0.016728 0.142706
v 0.031754 0.019528 0.159428
v 0.027108 0.016728 0.159442
v 0.153145 0.019098 0.105265
v 0.153653 0.011754 0.105192
v 0.124264 0.020928 0.123056
v 0.124645 0.008700 0.122935
v 0.103180 0.014278 0.130724
v 0.103180 0.020928 0.130724
v 0.153145 0.019098 0.105265
v 0.142778 0.023728 0.116823
v 0.146742 0.020928 0.126540
v 0.137713 0.023728 0.131519
v 0.109641 0.023728 0.168547
v 0.111481 0.020928 0.172725
v 0.125769 0.023728 0.151008
v 0.131523 0.020928 0.149913
v 0.103180 0.020928 0.130724
v 0.106600 0.023728 0.134574
v 0.124264 0.020928 0.123056
v 0.126455 0.023728 0.128453
v 0.057007 0.020928 0.181514
v 0.076727 0.023728 0.175951
v 0.072352 0.020928 0.172781
v 0.106600 0.023728 0.134574
v 0.103180 0.020928 0.130724
v 0.099235 0.023728 0.152699
v 0.093973 0.021927 0.149866
v 0.142778 0.023728 0.116823
v 0.126455 0.023728 0.128453
v 0.137713 0.023728 0.131519
v 0.153145 0.019098 0.105265
v 0.142778 0.023728 0.116823
v 0.099235 0.023728 0.152699
v 0.106600 0.023728 0.134574
v 0.125769 0.023728 0.151008
v 0.076727 0.023728 0.175951
v 0.109641 0.023728 0.168547
v -0.052472 0.026528 -0.163946
v -0.031722 0.026528 -0.181657
v -0.052472 0.020468 -0.163946
v -0.038608 0.022328 -0.177418
v -0.051632 0.020468 -0.157619
v -0.021385 -0.004305 -0.159207
v -0.051632 0.026528 -0.157619
v -0.021385 0.026528 -0.159207
v -0.006614 0.026528 -0.174644
v 0.013573 0.026528 -0.181304
v -0.010853 0.029344 -0.177167
v 0.006257 0.029186 -0.184619
v -0.021385 0.026528 -0.159207
v -0.023625 0.029328 -0.163608
v -0.006605 -0.004305 -0.174650
v 0.013573 -0.004305 -0.181304
v -0.006605 0.026528 -0.174650
v 0.013573 0.026528 -0.181304
v -0.021385 0.026528 -0.159207
v -0.021385 -0.004305 -0.159207
v -0.052472 0.026528 -0.163946
v -0.051632 0.026528 -0.157619
v -0.046881 0.029328 -0.162674
v -0.031722 0.026528 -0.181657
v -0.027145 0.029322 -0.179918
v -0.005699 0.026528 -0.190037
v -0.002259 0.029381 -0.188479
v -0.021385 0.026528 -0.159207
v -0.023625 0.029328 -0.163608
v -0.010817 0.029344 -0.177191
v 0.006257 0.029186 -0.184619
v -0.027093 0.029322 -0.179946
v -0.002259 0.029381 -0.188479
v -0.046881 0.029328 -0.162674
v -0.023625 0.029328 -0.163608
v -0.069609 0.020928 -0.107973
v -0.065865 0.018128 -0.108087
v -0.065295 0.020928 -0.123201
v -0.062633 0.018128 -0.122332
v -0.038496 0.018916 -0.159174
v -0.041864 0.020928 -0.158938
v -0.049213 0.019280 -0.148981
v -0.050481 0.020928 -0.150034
v -0.057280 0.018128 -0.134907
v -0.059594 0.020928 -0.136527
v -0.073843 0.020928 -0.158971
v -0.050481 0.020928 -0.150034
v -0.050392 0.020928 -0.165284
v -0.041864 0.020928 -0.158938
v -0.065295 0.020928 -0.123201
v -0.059594 0.020928 -0.136527
v -0.078031 0.020928 -0.132392
v -0.069609 0.020928 -0.107973
v -0.068763 0.001328 -0.105089
v -0.068763 0.018128 -0.105089
v -0.072473 0.001328 -0.106992
v -0.072473 0.018128 -0.106992
v -0.065865 0.001328 -0.108087
v -0.065865 0.018128 -0.108087
v -0.080777 0.001328 -0.131843
v -0.080777 0.018128 -0.131843
v -0.068763 0.018128 -0.105089
v -0.072473 0.018128 -0.106992
v -0.062779 0.001328 -0.121883
v -0.058459 0.001328 -0.132601
v -0.062633 0.018128 -0.122332
v -0.057280 0.018128 -0.134907
v -0.080783 0.018128 -0.131874
v -0.078031 0.020928 -0.132392
v -0.073843 0.020928 -0.158971
v -0.080831 0.018128 -0.132131
v -0.091469 0.018128 -0.105484
v -0.080831 0.002728 -0.132131
v -0.091469 0.002728 -0.105484
v -0.099402 0.002728 -0.105087
v -0.098464 0.018128 -0.105456
v -0.104935 0.018128 -0.123930
v -0.098464 0.018128 -0.105456
v -0.100736 0.022328 -0.124342
v -0.095504 0.022328 -0.106649
v -0.106782 0.018128 -0.143482
v -0.102580 0.022328 -0.142678
v -0.104935 0.018128 -0.123930
v -0.106782 0.018128 -0.143482
v -0.104935 0.002728 -0.123930
v -0.106782 0.002728 -0.143482
v -0.080831 0.018128 -0.132131
v -0.074615 0.020928 -0.148070
v -0.087296 0.022328 -0.128511
v -0.075780 0.022328 -0.148845
v -0.091469 0.018128 -0.105484
v -0.050392 0.020928 -0.165284
v -0.048850 0.022328 -0.167170
v -0.060938 0.020928 -0.161213
v -0.061640 0.022328 -0.162418
v -0.038608 0.022328 -0.177418
v -0.055652 0.022328 -0.176084
v -0.048850 0.022328 -0.167170
v -0.061640 0.022328 -0.162418
v -0.083918 0.022328 -0.172252
v -0.102580 0.022328 -0.142678
v -0.075780 0.022328 -0.148845
v -0.095504 0.022328 -0.106649
v -0.087296 0.022328 -0.128511
v -0.100736 0.022328 -0.124342
v -0.048850 0.022328 -0.167170
v -0.050392 0.020928 -0.165284
v -0.038608 0.022328 -0.177418
v -0.008422 0.031847 -0.187648
v 0.010254 0.029274 -0.179229
v -0.006059 0.037043 -0.192153
v 0.010463 0.034758 -0.183928
v -0.030509 0.035342 -0.191898
v -0.022121 0.040528 -0.196781
v -0.030509 0.035342 -0.191898
v -0.030549 0.015328 -0.192032
v -0.008422 0.031847 -0.187648
v -0.009141 0.015328 -0.187694
v 0.010254 0.029274 -0.179229
v 0.010254 0.014531 -0.179229
v -0.037786 0.015328 -0.194351
v -0.037765 0.037111 -0.194306
v -0.031063 0.015328 -0.198778
v -0.031002 0.037482 -0.198752
v -0.031002 0.037482 -0.198752
v -0.037765 0.037111 -0.194306
v 0.001325 0.034563 -0.207691
v 0.032100 0.028619 -0.210094
v -0.016132 0.015383 -0.203762
v 0.032100 0.011474 -0.210094
v 0.001325 0.034563 -0.207691
v 0.003841 0.037661 -0.203389
v 0.032100 0.028619 -0.210094
v 0.032248 0.033361 -0.206230
v 0.010463 0.034758 -0.183928
v 0.003841 0.037661 -0.203389
v -0.006059 0.037043 -0.192153
v 0.025743 0.031081 -0.190816
v 0.042145 0.029393 -0.195712
v 0.032248 0.033361 -0.206230
v 0.057299 0.027565 -0.198127
v 0.047442 0.030209 -0.202290
v 0.010463 0.034758 -0.183928
v 0.010254 0.029274 -0.179229
v 0.025743 0.031081 -0.190816
v 0.028231 0.025149 -0.187123
v 0.079693 0.023794 -0.196235
v 0.057299 0.027565 -0.198127
v 0.047389 0.024121 -0.192765
v 0.042145 0.029393 -0.195712
v 0.078044 0.009061 -0.196587
v 0.079693 0.023794 -0.196235
v 0.047389 0.009224 -0.192765
v 0.047389 0.024121 -0.192765
v 0.010254 0.014531 -0.179229
v 0.028231 0.009699 -0.187123
v 0.010254 0.029274 -0.179229
v 0.028231 0.025149 -0.187123
v 0.047442 0.030209 -0.202290
v 0.057299 0.027565 -0.198127
v 0.052129 0.025231 -0.204229
v 0.079693 0.023794 -0.196235
v 0.052129 0.025231 -0.204229
v 0.052129 0.006620 -0.204229
v -0.022121 0.040528 -0.196781
v -0.058297 0.026528 -0.201499
v -0.105954 0.026528 -0.171878
v -0.090890 0.026528 -0.174559
v -0.069744 0.026528 -0.174642
v -0.090599 0.018128 -0.171774
v -0.069114 0.018134 -0.171763
v -0.090599 0.023728 -0.171774
v -0.069114 0.023728 -0.171763
v -0.057098 0.023728 -0.175868
v -0.069114 0.023728 -0.171763
v -0.057098 0.021977 -0.175868
v -0.069114 0.018134 -0.171763
v -0.090890 0.026528 -0.174559
v -0.105954 0.026528 -0.171878
v -0.090599 0.023728 -0.171774
v -0.111621 0.023728 -0.167334
v -0.069744 0.026528 -0.174642
v -0.069114 0.023728 -0.171763
v -0.057098 0.023728 -0.175868
v -0.057468 0.026528 -0.178644
v -0.069114 0.023728 -0.171763
v -0.069744 0.026528 -0.174642
v -0.037424 0.023728 -0.177195
v -0.037424 0.022328 -0.177195
v -0.037424 0.023728 -0.177195
v -0.033106 0.026528 -0.179983
v -0.057468 0.026528 -0.178644
v -0.033106 0.026528 -0.179983
v -0.006216 0.026528 -0.189980
v -0.006232 0.026528 -0.189960
v -0.090150 0.032128 -0.193434
v -0.073169 0.032128 -0.189606
v -0.068305 0.032107 -0.200627
v -0.054816 0.032128 -0.195749
v -0.104288 0.032128 -0.194572
v -0.077196 0.032094 -0.202734
v -0.045662 0.032095 -0.203515
v -0.022818 0.032081 -0.203224
v -0.056336 0.032060 -0.208715
v -0.029768 0.032054 -0.209649
v -0.000192 0.032065 -0.200067
v -0.035517 0.032128 -0.197144
v -0.016160 0.032108 -0.196319
v -0.116178 0.029345 -0.190133
v -0.091255 0.028654 -0.188255
v -0.104288 0.032128 -0.194572
v -0.090150 0.032128 -0.193434
v -0.073169 0.032128 -0.189606
v -0.073043 0.029328 -0.185056
v -0.054816 0.032128 -0.195749
v -0.054402 0.029340 -0.191584
v -0.034745 0.029358 -0.193367
v -0.035517 0.032128 -0.197144
v -0.073043 0.029328 -0.185056
v -0.091255 0.028654 -0.188255
v -0.073047 0.026380 -0.185055
v -0.081071 0.026399 -0.186365
v -0.054402 0.029340 -0.191584
v -0.073043 0.029328 -0.185056
v -0.054404 0.026380 -0.191584
v -0.073047 0.026380 -0.185055
v -0.015798 0.028434 -0.192475
v -0.034745 0.029358 -0.193367
v -0.034745 0.026529 -0.193357
v -0.015798 0.028434 -0.192475
v -0.016160 0.032108 -0.196319
v -0.215117 0.029193 -0.035530
v -0.203451 0.034494 -0.069555
v -0.221213 0.023726 -0.033629
v -0.204051 0.031631 -0.083213
v -0.217427 0.023726 -0.030452
v -0.147945 0.011989 -0.122749
v -0.129161 0.011377 -0.150202
v -0.147886 0.029650 -0.122867
v -0.129398 0.028497 -0.149941
v -0.156351 0.030200 -0.091802
v -0.156351 0.012264 -0.091802
v -0.102632 0.027152 -0.174345
v -0.102632 0.010922 -0.174345
v -0.080434 0.026541 -0.186995
v -0.200600 0.001328 -0.090064
v -0.204051 0.031631 -0.083213
v -0.187229 0.001328 -0.114099
v -0.187190 0.030176 -0.114125
v -0.152568 0.032475 -0.125433
v -0.160173 0.032292 -0.127283
v -0.160418 0.033000 -0.095284
v -0.177689 0.032894 -0.120190
v -0.134341 0.031297 -0.152509
v -0.146189 0.030597 -0.159599
v -0.108740 0.029955 -0.176088
v -0.131393 0.029654 -0.177537
v -0.088585 0.029350 -0.188411
v -0.116178 0.029345 -0.190133
v -0.177808 0.033556 -0.085761
v -0.188520 0.033942 -0.101982
v -0.197932 0.034264 -0.061382
v -0.203451 0.034494 -0.069555
v -0.212479 0.001328 -0.029465
v -0.212479 0.023726 -0.029465
v -0.217426 0.001328 -0.026592
v -0.217427 0.023726 -0.030452
v -0.197932 0.034264 -0.061382
v -0.194921 0.031206 -0.056422
v -0.212479 0.023726 -0.029465
v -0.177808 0.033556 -0.085761
v -0.174000 0.030838 -0.082115
v -0.160418 0.033000 -0.095284
v -0.156351 0.030200 -0.091802
v -0.219113 0.004344 -0.030175
v -0.221213 0.023726 -0.033629
v -0.215117 0.029193 -0.035530
v -0.134341 0.031297 -0.152509
v -0.129398 0.028497 -0.149941
v -0.108740 0.029955 -0.176088
v -0.102632 0.027152 -0.174345
v -0.088585 0.029350 -0.188411
v -0.080434 0.026541 -0.186995
v -0.152568 0.032475 -0.125433
v -0.147886 0.029650 -0.122867
v -0.156351 0.030200 -0.091802
v -0.160418 0.033000 -0.095284
v -0.194921 0.031206 -0.056422
v -0.192318 0.012752 -0.059961
v -0.174000 0.030838 -0.082115
v -0.172479 0.012583 -0.083380
v -0.156351 0.030200 -0.091802
v -0.156351 0.012264 -0.091802
v -0.188520 0.033942 -0.101982
v -0.187190 0.030176 -0.114125
v -0.177689 0.032894 -0.120190
v -0.069470 0.034987 -0.208244
v -0.112590 0.034987 -0.217428
v -0.101427 0.035116 -0.201134
v -0.150752 0.038125 -0.160801
v -0.129959 0.036130 -0.185451
v -0.164611 0.039258 -0.180431
v -0.183506 0.040650 -0.157611
v -0.163184 0.040773 -0.130901
v -0.184352 0.037128 -0.159904
v -0.182197 0.016208 -0.162648
v -0.212495 0.039133 -0.126173
v -0.208314 0.018206 -0.131785
v -0.233814 0.016724 -0.087786
v -0.233814 0.029323 -0.087786
v -0.225569 0.029323 -0.081854
v -0.225788 0.001328 -0.080437
v -0.192314 0.039751 -0.109724
v -0.187229 0.001328 -0.114099
v -0.159699 0.037973 -0.127283
v -0.159699 0.032266 -0.127283
v -0.232824 0.029323 -0.080437
v -0.225569 0.029323 -0.081854
v -0.197123 0.042280 -0.113498
v -0.192314 0.039751 -0.109724
v -0.163184 0.040773 -0.130901
v -0.159699 0.037973 -0.127283
v -0.208242 0.042736 -0.125234
v -0.212495 0.039133 -0.126173
v -0.232824 0.029323 -0.080437
v -0.233814 0.029323 -0.087786
v -0.184352 0.037128 -0.159904
v -0.183506 0.040650 -0.157611
v -0.208242 0.042736 -0.125234
v -0.232824 0.029323 -0.080437
v -0.197123 0.042280 -0.113498
v -0.225788 0.001328 -0.080437
v -0.232824 0.029323 -0.080437
v -0.225788 0.001328 -0.080437
v -0.232824 0.029323 -0.080437
v -0.055727 0.032128 -0.205559
v -0.069470 0.034987 -0.208244
v -0.090106 0.032253 -0.199532
v -0.101427 0.035116 -0.201134
v -0.129959 0.036130 -0.185451
v -0.122021 0.033101 -0.185067
v -0.145880 0.035112 -0.159704
v -0.150752 0.038125 -0.160801
v -0.090105 0.031369 -0.199535
v -0.055727 0.032082 -0.205559
v -0.090106 0.032253 -0.199532
v -0.055727 0.032128 -0.205559
v -0.145964 0.030481 -0.159715
v -0.122030 0.028036 -0.185035
v -0.145880 0.035112 -0.159704
v -0.122021 0.033101 -0.185067
v -0.159699 0.032266 -0.127283
v -0.159699 0.037973 -0.127283
v -0.159699 0.037973 -0.127283
v -0.163184 0.040773 -0.130901
v -0.073169 0.032128 -0.189606
v -0.073043 0.029328 -0.185056
v -0.006216 0.032187 -0.201635
v -0.002940 0.034718 -0.206363
v -0.022667 0.032882 -0.204401
v -0.021992 0.036167 -0.208915
v -0.044730 0.034484 -0.204721
v -0.043928 0.037355 -0.209565
v -0.112747 0.034928 -0.212821
v -0.066649 0.034928 -0.201674
v -0.100101 0.037728 -0.214978
v -0.065698 0.037728 -0.206133
v -0.100101 0.037728 -0.214978
v -0.065698 0.037728 -0.206133
v -0.048770 0.034871 -0.232508
v -0.043928 0.037355 -0.209565
v -0.002940 0.034718 -0.206363
v 0.031276 0.029377 -0.208956
v 0.000545 0.030639 -0.219383
v -0.021992 0.036167 -0.208915
v -0.066649 0.024778 -0.201674
v -0.066649 0.034928 -0.201674
v -0.077615 0.024778 -0.206321
v -0.112747 0.034928 -0.212821
v -0.044730 0.034484 -0.204721
v -0.066649 0.034928 -0.201674
v -0.044763 0.024446 -0.204617
v -0.066649 0.024778 -0.201674
v -0.022667 0.032882 -0.204401
v -0.022719 0.023245 -0.204379
v -0.006256 0.022723 -0.201638
v -0.006216 0.032187 -0.201635
v -0.065698 0.037728 -0.206133
v -0.066649 0.034928 -0.201674
v -0.059333 0.019528 -0.138391
v -0.049090 0.019528 -0.127851
v -0.043234 0.019528 -0.144563
v -0.040794 0.019528 -0.159219
v -0.031754 0.019528 -0.159428
v -0.049090 0.019528 -0.127851
v -0.059333 0.019528 -0.138391
v -0.051952 0.016728 -0.121969
v -0.058459 0.016728 -0.132601
v -0.051952 0.016728 -0.121969
v -0.058459 0.016728 -0.132601
v -0.051952 -0.001472 -0.121969
v -0.060016 -0.001472 -0.137912
v -0.045252 0.016728 -0.117199
v -0.042697 0.016728 -0.124987
v -0.045252 0.016728 -0.117199
v -0.045252 -0.001472 -0.117199
v -0.042697 -0.001472 -0.124987
v -0.042697 0.016728 -0.124987
v -0.037348 -0.001472 -0.142706
v -0.037348 0.016728 -0.142706
v -0.027108 0.016728 -0.159442
v -0.027108 -0.001472 -0.159442
v -0.043234 0.019528 -0.144563
v -0.037348 0.016728 -0.142706
v -0.031754 0.019528 -0.159428
v -0.027108 0.016728 -0.159442
v -0.153145 0.019098 -0.105265
v -0.153653 0.011754 -0.105192
v -0.124264 0.020928 -0.123056
v -0.124645 0.008700 -0.122935
v -0.103180 0.014278 -0.130724
v -0.103180 0.020928 -0.130724
v -0.153145 0.019098 -0.105265
v -0.142778 0.023728 -0.116823
v -0.146742 0.020928 -0.126540
v -0.137713 0.023728 -0.131519
v -0.109641 0.023728 -0.168547
v -0.111481 0.020928 -0.172725
v -0.125769 0.023728 -0.151008
v -0.131523 0.020928 -0.149913
v -0.103180 0.020928 -0.130724
v -0.106600 0.023728 -0.134574
v -0.124264 0.020928 -0.123056
v -0.126455 0.023728 -0.128453
v -0.057007 0.020928 -0.181514
v -0.076727 0.023728 -0.175951
v -0.072352 0.020928 -0.172781
v -0.106600 0.023728 -0.134574
v -0.103180 0.020928 -0.130724
v -0.099235 0.023728 -0.152699
v -0.093973 0.022561 -0.149866
v -0.142778 0.023728 -0.116823
v -0.126455 0.023728 -0.128453
v -0.137713 0.023728 -0.131519
v -0.153145 0.019098 -0.105265
v -0.142778 0.023728 -0.116823
v -0.099235 0.023728 -0.152699
v -0.106600 0.023728 -0.134574
v -0.125769 0.023728 -0.151008
v -0.076727 0.023728 -0.175951
v -0.109641 0.023728 -0.168547
v -0.196839 0.029351 0.154447
v 0.118780 0.015430 -0.128032
v 0.133957 0.015474 -0.142898
v 0.060584 0.015328 -0.161704
v 0.076841 0.015328 -0.206874
v 0.000000 0.015328 -0.170530
v 0.000000 0.015328 -0.244770
v -0.029531 0.015328 -0.150739
v 0.180792 0.016206 0.000000
v -0.180792 0.016206 0.000000
v -0.118293 0.015428 0.127554
v -0.133957 0.015474 0.142898
v -0.047242 0.015328 0.166446
v -0.050882 0.015328 0.238188
v 0.000000 0.015328 0.172554
v 0.000000 0.015328 0.229264
v 0.028809 0.015328 0.152739
vn 1.0000 -0.0000 -0.0000
vn 0.8646 0.0002 -0.5025
vn 0.8646 0.0002 0.5025
vn 0.8647 0.0003 0.5023
vn -0.0000 -1.0000 -0.0000
vn -0.9982 -0.0051 0.0604
vn -1.0000 -0.0051 -0.0000
vn -0.0108 -0.0055 0.9999
vn -0.0101 -0.0059 0.9999
vn -0.9992 -0.0001 0.0394
vn -0.9992 -0.0000 0.0393
vn -0.9982 -0.0051 -0.0604
vn 0.0261 -0.0058 -0.9996
vn 0.0262 -0.0058 -0.9996
vn 0.0259 -0.0057 -0.9996
vn 0.0262 -0.0059 -0.9996
vn -0.9993 -0.0002 -0.0374
vn 0.3318 0.0002 0.9434
vn -0.0104 -0.0057 0.9999
vn 0.3318 0.0002 0.9433
vn 0.3201 0.0002 -0.9474
vn 0.3200 0.0002 -0.9474
vn -0.0371 -0.0000 -0.9993
vn 0.8646 0.0001 -0.5025
vn -0.0000 1.0000 -0.0000
vn -0.9982 0.0051 -0.0604
vn -1.0000 0.0051 -0.0000
vn -0.0108 0.0055 -0.9999
vn -0.0101 0.0059 -0.9999
vn -0.9993 -0.0001 -0.0373
vn -0.9982 0.0051 0.0604
vn 0.0261 0.0058 0.9996
vn 0.0262 0.0058 0.9996
vn 0.0259 0.0057 0.9996
vn 0.0262 0.0059 0.9996
vn -0.9992 -0.0001 0.0395
vn 0.3318 -0.0002 -0.9433
vn -0.0104 0.0057 -0.9999
vn 0.3201 -0.0002 0.9474
vn 0.3200 -0.0002 0.9474
vn -0.0371 -0.0000 0.9993
vn 0.6482 -0.0132 -0.7613
vn 0.5178 -0.0019 -0.8555
vn 0.6495 0.0012 -0.7604
vn 0.5059 0.0112 -0.8625
vn 0.7640 0.0042 -0.6452
vn 0.7747 0.0195 -0.6320
vn 0.6263 0.7437 -0.2338
vn 0.4393 0.7818 -0.4425
vn 0.3620 0.7552 -0.5464
vn 0.8805 0.4693 0.0671
vn 0.7166 0.6781 -0.1633
vn 0.2819 0.6250 -0.7280
vn 0.2090 0.5805 -0.7870
vn 0.1863 0.4370 -0.8800
vn -0.8465 -0.0078 0.5323
vn -0.8465 -0.0079 0.5323
vn 0.7943 -0.0079 -0.6074
vn 0.7943 -0.0078 -0.6075
vn -0.6482 -0.0132 0.7613
vn -0.5178 -0.0019 0.8555
vn -0.6488 0.0005 0.7610
vn -0.5059 0.0112 0.8625
vn -0.7629 0.0027 0.6465
vn -0.7726 0.0165 0.6347
vn -0.6263 0.7436 0.2339
vn -0.4393 0.7818 0.4425
vn -0.3620 0.7552 0.5464
vn -0.8806 0.4692 -0.0669
vn -0.7166 0.6780 0.1635
vn -0.2818 0.6247 0.7282
vn -0.2090 0.5800 0.7873
vn -0.1861 0.4360 0.8805
vn 0.8465 -0.0078 -0.5323
vn 0.8465 -0.0079 -0.5323
vn -0.7943 -0.0079 0.6074
vn -0.7943 -0.0078 0.6075
vn 0.5836 -0.0297 -0.8115
vn 0.5835 -0.0298 -0.8116
vn 0.7184 -0.0433 -0.6943
vn 0.7184 -0.0433 -0.6942
vn 0.9984 -0.0559 0.0001
vn 0.9222 -0.0562 -0.3826
vn 0.9984 -0.0558 -0.0000
vn 0.9222 -0.0562 -0.3825
vn -0.8327 -0.0008 0.5537
vn -0.9252 -0.0003 0.3794
vn -0.8328 -0.0009 0.5536
vn -0.9253 -0.0004 0.3793
vn 0.0001 -1.0000 -0.0001
vn 0.5961 -0.0547 0.8010
vn 0.5963 -0.0549 0.8009
vn 0.7236 -0.0559 0.6880
vn 0.7237 -0.0559 0.6879
vn 0.9222 -0.0562 0.3825
vn 0.9223 -0.0562 0.3824
vn -0.9249 -0.0000 -0.3801
vn -0.6359 -0.0000 -0.7717
vn -0.6913 -0.0000 -0.7226
vn 0.4771 0.7507 -0.4570
vn 0.6260 0.7353 -0.2595
vn 0.6261 0.7353 -0.2594
vn -0.4555 0.7439 0.4890
vn -0.6248 0.7376 0.2559
vn -0.6249 0.7376 0.2557
vn -0.6753 0.7376 -0.0000
vn 0.6780 0.7350 -0.0000
vn 0.6777 0.7354 0.0001
vn -0.6231 0.7391 -0.2558
vn 0.6260 0.7355 0.2594
vn 0.6260 0.7354 0.2593
vn 0.4971 0.7305 0.4682
vn 0.2121 0.8963 0.3893
vn 0.2121 0.8964 0.3893
vn -0.3215 0.7545 0.5721
vn -0.3215 0.7546 0.5721
vn 0.2385 0.8882 -0.3928
vn -0.4548 0.7543 -0.4735
vn -0.4547 0.7544 -0.4734
vn 0.5578 0.7980 -0.2279
vn 0.5579 0.7980 -0.2279
vn 0.9925 -0.0042 -0.1220
vn -0.4906 -0.0058 0.8714
vn 0.6093 0.7522 0.2509
vn 0.9912 0.0064 0.1323
vn 0.9874 -0.0001 0.1580
vn 0.9912 0.0063 0.1323
vn 0.9874 -0.0000 0.1580
vn -0.5178 -0.0000 -0.8555
vn -0.7728 -0.0000 0.6346
vn 0.5376 -0.0000 0.8432
vn -0.0000 -1.0000 -0.0001
vn 0.0001 -1.0000 0.0001
vn 0.9942 0.0127 0.1065
vn 0.5179 -0.0019 -0.8555
vn 0.2108 -0.0009 -0.9775
vn 0.2106 -0.0008 -0.9776
vn 0.6512 0.0063 0.7589
vn 0.6512 0.0062 0.7589
vn -0.5844 -0.0307 0.8109
vn -0.7187 -0.0437 0.6940
vn -0.7188 -0.0438 0.6939
vn -0.9984 -0.0559 -0.0001
vn -0.9222 -0.0562 0.3826
vn -0.9984 -0.0558 -0.0000
vn -0.9222 -0.0562 0.3825
vn 0.8323 0.0004 -0.5544
vn 0.9251 0.0002 -0.3797
vn 0.9251 0.0003 -0.3798
vn -0.0001 -1.0000 0.0001
vn -0.5961 -0.0547 -0.8010
vn -0.5963 -0.0549 -0.8009
vn -0.7236 -0.0559 -0.6880
vn -0.7237 -0.0559 -0.6879
vn -0.9222 -0.0562 -0.3825
vn -0.9223 -0.0562 -0.3824
vn 0.9249 -0.0000 0.3801
vn 0.6359 -0.0000 0.7717
vn 0.6913 -0.0000 0.7226
vn -0.4771 0.7507 0.4570
vn -0.6249 0.7376 0.2558
vn 0.5224 0.6549 -0.5460
vn 0.5225 0.6549 -0.5460
vn 0.6576 0.6976 -0.2844
vn 0.6780 0.7351 -0.0000
vn -0.6753 0.7375 -0.0000
vn -0.6231 0.7392 -0.2558
vn -0.4971 0.7305 -0.4682
vn -0.2121 0.8963 -0.3893
vn -0.2121 0.8964 -0.3893
vn 0.3592 0.7119 -0.6035
vn -0.2385 0.8882 0.3928
vn 0.4548 0.7543 0.4735
vn 0.4547 0.7544 0.4734
vn -0.5578 0.7980 0.2279
vn -0.5579 0.7980 0.2279
vn -0.9925 -0.0042 0.1220
vn 0.4906 -0.0058 -0.8714
vn -0.6093 0.7522 -0.2509
vn -0.9915 0.0053 -0.1302
vn -0.9881 -0.0022 -0.1537
vn 0.5178 -0.0000 0.8555
vn 0.7728 -0.0000 -0.6346
vn -0.5376 -0.0000 -0.8432
vn -0.0001 -1.0000 -0.0001
vn -0.9942 0.0127 -0.1065
vn -0.5179 -0.0019 0.8555
vn -0.2108 -0.0009 0.9775
vn -0.2106 -0.0008 0.9776
vn -0.6512 0.0063 -0.7589
vn -0.6512 0.0062 -0.7589
vn 0.9574 -0.0000 0.2887
vn 0.4489 -0.0024 0.8936
vn -0.1139 -0.0087 0.9935
vn -0.8442 0.0039 -0.5360
vn -0.9570 0.0001 -0.2899
vn -0.9570 -0.0000 -0.2900
vn -0.6705 0.0076 -0.7418
vn -0.4504 0.0041 -0.8928
vn 0.6726 -0.0002 0.7400
vn 0.6724 -0.0000 0.7402
vn 0.8465 -0.0000 0.5324
vn 0.8464 -0.0000 0.5325
vn 0.9574 -0.0000 -0.2887
vn 0.4489 -0.0024 -0.8936
vn -0.1139 -0.0087 -0.9935
vn -0.9570 -0.0000 0.2900
vn -0.4591 -0.0010 0.8884
vn -0.6329 -0.0028 0.7742
vn -0.6710 -0.0028 0.7414
vn -0.6711 -0.0028 0.7414
vn 0.6726 -0.0002 -0.7400
vn 0.6724 -0.0000 -0.7402
vn -0.6443 0.6516 -0.4003
vn -0.5493 0.7005 -0.4556
vn -0.6443 0.6516 -0.4004
vn -0.7718 0.5919 -0.2323
vn -0.8096 0.5869 -0.0000
vn -0.7719 0.5919 -0.2321
vn 0.0001 1.0000 -0.0000
vn 0.0001 1.0000 0.0001
vn -0.6526 0.6351 0.4132
vn -0.5667 0.6684 0.4817
vn -0.7719 0.5919 0.2322
vn -0.7719 0.5918 0.2321
vn 0.0001 1.0000 -0.0001
vn -0.2311 0.7084 -0.6669
vn -0.4302 0.7757 -0.4618
vn -0.0262 0.7370 -0.6754
vn 0.3553 -0.0000 -0.9347
vn 0.2913 0.0223 -0.9564
vn -0.0000 -0.0000 -1.0000
vn 0.2510 0.7074 -0.6608
vn 0.2510 0.7075 -0.6607
vn 0.1832 0.6578 -0.7306
vn -0.0000 0.7071 -0.7071
vn 0.6780 0.1147 -0.7260
vn 0.3665 0.0659 -0.9281
vn 0.2374 0.7132 -0.6596
vn 0.0302 0.7409 -0.6709
vn -0.3553 -0.0000 -0.9347
vn -0.2673 0.0041 -0.9636
vn -0.2511 0.7071 -0.6610
vn -0.2510 0.7075 -0.6607
vn -0.1832 0.6578 -0.7306
vn -0.6636 -0.6746 0.3233
vn -0.6752 -0.6891 0.2632
vn -0.6293 -0.6596 0.4109
vn -0.6589 -0.6982 0.2798
vn -0.6589 -0.6983 0.2798
vn -0.6600 -0.7024 0.2664
vn -0.6600 -0.7025 0.2664
vn -0.2173 -0.8240 0.5233
vn -0.1625 -0.7984 0.5797
vn 0.0874 -0.6860 0.7223
vn -0.3576 -0.8466 0.3943
vn -0.3177 -0.8569 0.4058
vn -0.6781 -0.7183 0.1560
vn -0.6781 -0.7182 0.1561
vn -0.6781 -0.7182 0.1560
vn -0.3481 -0.8769 -0.3315
vn -0.5089 -0.8347 -0.2104
vn -0.9605 0.1135 0.2539
vn -0.9601 0.1032 0.2598
vn -0.9573 0.1652 0.2373
vn -0.9543 0.1960 0.2256
vn -0.9423 0.2670 0.2019
vn 0.0057 0.6554 0.7552
vn -0.0682 0.8294 0.5544
vn -0.2962 0.6565 0.6937
vn -0.3650 0.7653 0.5302
vn -0.2716 0.8319 -0.4839
vn -0.2981 0.6548 -0.6946
vn -0.5668 0.7607 -0.3164
vn -0.5908 0.6299 -0.5041
vn -0.1880 0.9814 0.0391
vn -0.4787 0.8698 0.1197
vn -0.5700 0.5954 0.5663
vn -0.6204 0.6354 0.4598
vn -0.7144 0.6745 0.1862
vn -0.8112 0.5279 -0.2517
vn -0.7888 0.6035 -0.1168
vn -0.1726 -0.8820 -0.4385
vn -0.6921 -0.7034 -0.1619
vn -0.6681 -0.7116 -0.2173
vn -0.6964 -0.6195 -0.3623
vn -0.5185 -0.6346 -0.5731
vn -0.3626 -0.5389 -0.7603
vn -0.0590 -0.5214 -0.8512
vn 0.2398 0.0446 0.9698
vn 0.2397 0.0446 0.9698
vn 0.1264 -0.4933 0.8606
vn -0.2932 0.8128 0.5034
vn -0.5167 0.7858 0.3400
vn -0.2932 0.8128 0.5035
vn -0.6282 0.2048 0.7506
vn -0.6716 0.2035 0.7124
vn -0.6042 0.1977 0.7719
vn -0.8684 0.4456 0.2174
vn -0.8684 0.4456 0.2175
vn -0.7719 0.5919 0.2321
vn -0.7074 0.2024 0.6773
vn -0.2133 0.7945 0.5686
vn 0.2777 0.5685 0.7744
vn -0.5339 -0.6307 0.5632
vn -0.5636 -0.6302 0.5341
vn -0.5341 -0.6307 0.5630
vn -0.5636 -0.6301 0.5341
vn -0.4717 -0.6300 0.6169
vn -0.8472 -0.4822 0.2229
vn -0.8472 -0.4823 0.2228
vn -0.4392 -0.6286 0.6418
vn -0.4392 -0.6287 0.6417
vn -0.5889 0.1944 0.7845
vn -0.5544 0.1830 0.8119
vn -0.0333 0.9347 0.3540
vn 0.0602 0.9349 0.3498
vn 0.0603 0.9349 0.3497
vn -0.4118 0.4603 0.7865
vn -0.5969 0.4224 0.6822
vn -0.8878 0.2482 0.3874
vn -0.8260 0.3034 0.4751
vn -0.8260 0.3033 0.4751
vn -0.7030 0.3759 0.6037
vn -0.7030 0.3759 0.6038
vn 0.5933 0.6247 -0.5076
vn 0.4788 0.6708 -0.5664
vn 0.5934 0.6247 -0.5076
vn 0.5034 0.6483 -0.5711
vn 0.4800 0.7245 -0.4947
vn 0.5759 0.6701 -0.4683
vn 0.4801 0.7244 -0.4947
vn 0.4191 0.7281 -0.5424
vn -0.0458 0.6597 0.7501
vn -0.1337 0.5435 0.8287
vn -0.0082 0.7180 0.6960
vn -0.2289 0.4758 0.8492
vn -0.1583 0.0669 0.9851
vn -0.0163 0.0308 0.9994
vn -0.2940 0.0626 0.9538
vn -0.5282 0.0239 0.8488
vn 0.1165 0.9372 0.3286
vn 0.3821 0.7047 -0.5979
vn 0.3586 0.7242 -0.5890
vn 0.2870 0.7307 -0.6194
vn 0.0351 0.9297 0.3667
vn -0.0359 0.8026 0.5955
vn -0.0358 0.8025 0.5955
vn 0.4394 0.8353 0.3306
vn 0.4279 0.6636 -0.6137
vn 0.7398 0.6299 -0.2365
vn -0.7650 0.2038 0.6109
vn -0.9034 0.4166 0.1011
vn -0.8101 0.0004 0.5862
vn -0.7042 0.6004 0.3790
vn -0.6402 0.4555 0.6186
vn -0.6336 0.5602 0.5337
vn -0.5906 0.5103 0.6251
vn 0.1243 0.4703 -0.8737
vn -0.2359 0.8326 -0.5011
vn -0.5921 0.8055 0.0241
vn -0.0300 0.9198 -0.3911
vn -0.4202 0.9009 0.1090
vn -0.0079 0.9974 0.0710
vn 0.0043 0.9987 0.0518
vn 0.4611 0.8748 -0.1487
vn 0.0310 0.9992 0.0267
vn 0.0206 0.9994 0.0293
vn 0.0207 0.9994 0.0293
vn 0.0043 0.9986 0.0518
vn 0.0259 0.9987 0.0440
vn 0.2460 0.8642 0.4388
vn 0.0422 0.9989 0.0186
vn 0.6163 0.1375 -0.7754
vn 0.5598 0.5246 -0.6414
vn 0.5390 0.3721 -0.7557
vn 0.5351 0.0974 -0.8391
vn 0.4463 0.3128 -0.8385
vn 0.3946 0.4112 -0.8217
vn 0.4696 0.5122 -0.7191
vn 0.4532 0.7654 -0.4568
vn -0.5077 0.7014 0.5004
vn -0.5077 0.7014 0.5003
vn -0.4594 0.5876 0.6661
vn -0.4779 0.4747 0.7391
vn -0.3854 0.3832 0.8394
vn -0.1884 0.3763 0.9071
vn -0.3731 0.5163 0.7709
vn -0.2040 0.4812 0.8526
vn -0.0871 0.3625 0.9279
vn -0.1206 0.4495 0.8851
vn -0.3890 0.2413 0.8891
vn -0.1701 0.2658 0.9489
vn -0.0526 0.2718 0.9609
vn -0.7311 0.6292 0.2640
vn -0.7725 0.6033 0.1981
vn -0.7311 0.6292 0.2639
vn -0.6193 0.6981 0.3594
vn 0.4276 0.7780 -0.4604
vn 0.4014 0.7299 -0.5532
vn 0.4222 0.7426 -0.5199
vn 0.4223 0.7425 -0.5199
vn 0.9254 0.3487 0.1485
vn 0.6509 0.3086 0.6936
vn 0.9769 -0.0234 0.2123
vn 0.7079 -0.0193 0.7060
vn 0.8561 0.2599 -0.4467
vn 0.9371 -0.0201 -0.3486
vn 0.6139 0.7834 0.0966
vn 0.4382 0.6850 0.5820
vn 0.6577 0.5879 -0.4711
vn 0.5681 0.2336 -0.7892
vn 0.5534 0.3712 -0.7456
vn 0.5329 0.3462 -0.7721
vn 0.5709 0.1619 -0.8049
vn 0.6139 -0.0014 -0.7894
vn 0.5702 -0.0172 -0.8213
vn 0.3295 0.8875 -0.3221
vn 0.2736 0.8964 -0.3488
vn 0.3295 0.8875 -0.3220
vn 0.6264 0.3441 -0.6995
vn 0.7103 0.3346 -0.6192
vn 0.7391 0.2330 -0.6320
vn 0.7310 0.2551 -0.6329
vn -0.6284 0.2620 0.7324
vn -0.6681 0.2461 0.7022
vn -0.6169 0.3304 0.7143
vn -0.7314 0.3948 0.5561
vn -0.6967 0.3379 0.6328
vn -0.3566 0.8996 0.2520
vn -0.3176 0.8874 0.3341
vn -0.3177 0.8875 0.3339
vn -0.8753 0.1104 0.4708
vn -0.8753 0.1105 0.4708
vn -0.7514 0.1953 0.6303
vn -0.6005 0.7978 -0.0545
vn -0.5034 0.8615 0.0657
vn -0.6005 0.7977 -0.0545
vn -0.5774 0.8120 0.0853
vn -0.5774 0.8120 0.0854
vn -0.0696 0.9915 -0.1102
vn -0.0437 0.9975 -0.0556
vn -0.0437 0.9975 -0.0557
vn -0.0275 0.9992 -0.0307
vn -0.9230 0.0465 0.3821
vn -0.9230 0.0464 0.3821
vn -0.4290 0.8500 0.3058
vn -0.4584 0.8650 0.2043
vn 0.7186 0.0467 -0.6939
vn 0.6936 0.1359 -0.7074
vn 0.7186 0.0466 -0.6939
vn 0.8339 0.0514 -0.5495
vn 0.4695 0.8489 -0.2427
vn 0.4490 0.8622 -0.2345
vn 0.4695 0.8489 -0.2426
vn 0.4793 0.8399 -0.2547
vn 0.4903 0.8603 -0.1397
vn 0.5360 0.8433 -0.0391
vn 0.9309 0.1389 -0.3377
vn 0.9005 0.0988 -0.4236
vn 0.6968 0.6895 -0.1977
vn 0.7809 0.6161 -0.1033
vn 0.6967 0.6895 -0.1977
vn 0.4832 0.7992 -0.3575
vn 0.4832 0.7992 -0.3574
vn 0.0142 0.9907 0.1354
vn 0.0470 0.9689 0.2428
vn -0.4252 0.8637 0.2705
vn -0.9572 0.1023 0.2708
vn -0.9733 0.1901 0.1289
vn -0.9795 0.1475 0.1369
vn 0.9343 0.1499 -0.3234
vn 0.4787 0.6378 -0.6034
vn 0.4787 0.6378 -0.6033
vn -0.9764 0.2148 0.0240
vn -0.9673 0.2145 -0.1353
vn -0.9691 0.2464 -0.0116
vn -0.7193 0.5903 -0.3662
vn -0.7685 0.6061 -0.2052
vn -0.7193 0.5903 -0.3663
vn -0.6496 0.5576 -0.5168
vn -0.0516 0.7347 -0.6764
vn -0.0446 0.7968 -0.6026
vn -0.0516 0.7347 -0.6765
vn -0.0581 0.6657 -0.7440
vn -0.0581 0.6658 -0.7439
vn -0.5795 0.7962 0.1737
vn -0.6688 0.6891 0.2790
vn -0.7111 0.6248 0.3225
vn -0.4686 0.8737 0.1305
vn -0.3970 0.9042 0.1578
vn 0.3027 0.8708 -0.3874
vn 0.3027 0.8708 -0.3875
vn 0.7306 0.3155 -0.6055
vn 0.7938 0.2922 -0.5334
vn 0.2308 0.9025 -0.3637
vn 0.5990 0.3434 -0.7234
vn 0.0597 0.7189 -0.6926
vn 0.4425 0.7108 -0.5468
vn 0.4426 0.7107 -0.5468
vn 0.4470 0.7178 -0.5338
vn 0.4471 0.7178 -0.5338
vn 0.3931 0.7412 -0.5442
vn 0.4170 0.7371 -0.5317
vn 0.4170 0.7371 -0.5318
vn 0.4520 0.7247 -0.5201
vn 0.4592 0.6959 -0.5521
vn 0.4180 0.7122 -0.5639
vn 0.4593 0.6959 -0.5521
vn 0.4769 0.6909 -0.5434
vn 0.4770 0.6908 -0.5434
vn 0.2517 0.5193 0.8167
vn 0.3533 0.4993 0.7911
vn -0.2172 0.5918 0.7763
vn 0.0233 0.5521 0.8334
vn 0.0233 0.5522 0.8334
vn -0.4309 0.6167 0.6588
vn -0.7498 0.6205 0.2298
vn -0.7425 0.5982 0.3014
vn -0.7532 0.5615 0.3427
vn -0.7143 0.6655 0.2165
vn -0.6256 0.5830 0.5183
vn -0.6256 0.5830 0.5184
vn 0.4116 0.0041 -0.9114
vn 0.3691 0.0042 -0.9294
vn 0.3318 -0.0002 -0.9434
vn 0.6495 0.0011 -0.7604
vn 0.6495 0.0011 -0.7603
vn 0.6240 0.0019 -0.7814
vn 0.6243 0.0016 -0.7812
vn -0.2230 -0.6831 0.6954
vn -0.1099 -0.6793 0.7256
vn -0.0029 -0.6894 0.7243
vn -0.0029 -0.6894 0.7244
vn 0.1651 -0.6960 0.6988
vn 0.2818 -0.6859 0.6710
vn -0.4731 -0.6070 0.6385
vn -0.3776 -0.6515 0.6580
vn 0.4527 -0.4157 -0.7888
vn 0.1796 -0.2235 -0.9580
vn 0.7488 -0.6594 -0.0673
vn 0.6616 -0.7088 0.2447
vn 0.7578 -0.6200 -0.2032
vn -0.6242 0.7198 -0.3036
vn -0.5400 0.7122 -0.4485
vn -0.6936 0.7202 -0.0141
vn -0.6615 0.7499 -0.0111
vn -0.3080 0.8718 -0.3811
vn -0.3781 0.8254 -0.4192
vn 0.1376 0.7488 -0.6484
vn -0.9999 -0.0000 -0.0158
vn -0.6705 0.0076 -0.7419
vn -0.9999 -0.0000 -0.0159
vn -0.8982 -0.0052 -0.4397
vn -0.8982 -0.0052 -0.4396
vn -0.7601 0.0024 -0.6498
vn -0.7601 0.0023 -0.6498
vn 0.5497 0.7232 -0.4180
vn 0.5497 0.7232 -0.4181
vn 0.7287 0.6832 -0.0466
vn 0.7403 0.6681 0.0749
vn 0.5497 -0.7064 0.4459
vn 0.4964 -0.7061 0.5049
vn 0.4964 -0.7061 0.5050
vn 0.4328 -0.7077 0.5584
vn 0.3338 -0.7072 0.6232
vn 0.2148 -0.7024 0.6786
vn -0.5048 -0.0000 -0.8632
vn -0.8312 0.0005 -0.5560
vn -0.8312 0.0006 -0.5560
vn -0.9379 0.0006 -0.3468
vn -0.3217 0.5836 -0.7456
vn -0.3216 0.5836 -0.7456
vn -0.2620 0.4676 -0.8442
vn -0.1948 0.3938 -0.8983
vn -0.3263 -0.0201 -0.9451
vn -0.6809 0.5630 -0.4684
vn -0.5653 0.5567 -0.6087
vn -0.7741 0.5504 -0.3127
vn -0.1770 -0.0041 -0.9842
vn -0.4174 -0.0216 -0.9085
vn -0.3164 0.6297 -0.7094
vn -0.2002 -0.0010 -0.9797
vn -0.2002 -0.0010 -0.9798
vn 0.0120 -0.0017 -0.9999
vn 0.3200 0.0001 -0.9474
vn 0.0448 0.8337 -0.5504
vn 0.1401 0.7082 -0.6920
vn -0.1439 0.9419 -0.3035
vn -0.1414 0.9537 -0.2655
vn 0.1205 0.0005 -0.9927
vn 0.7957 -0.0037 0.6057
vn 0.4684 0.0012 0.8835
vn 0.6109 -0.0006 0.7917
vn 0.6110 -0.0007 0.7916
vn 0.1560 0.0018 0.9877
vn 0.2969 0.0018 0.9549
vn 0.2968 0.0017 0.9549
vn -0.0003 -0.0351 0.9994
vn -0.0948 -0.0739 0.9928
vn -0.0701 0.2674 0.9610
vn 0.0783 0.3108 0.9473
vn -0.0823 0.4933 0.8660
vn 0.0563 0.5176 0.8538
vn -0.1524 0.4402 0.8849
vn -0.1502 0.2317 0.9611
vn 0.1927 0.4685 0.8622
vn 0.2168 0.3167 0.9234
vn 0.7505 0.3400 0.5668
vn 0.6666 0.5292 0.5250
vn 0.6395 0.3304 0.6942
vn 0.5976 0.4928 0.6325
vn 0.5616 0.2818 0.7779
vn 0.5244 0.4601 0.7164
vn 0.3689 0.4479 0.8144
vn 0.3986 0.2946 0.8685
vn 0.7868 0.4627 0.4084
vn 0.8543 0.3749 0.3599
vn 0.7574 0.5882 0.2835
vn 0.6144 0.6484 0.4495
vn 0.8368 0.5138 0.1892
vn -0.2315 0.9517 -0.2019
vn -0.3209 0.8738 -0.3653
vn -0.3591 0.8640 -0.3529
vn -0.2645 0.7989 -0.5401
vn -0.3303 0.6848 -0.6496
vn 0.1449 0.4306 -0.8909
vn 0.2415 0.4268 -0.8715
vn 0.0866 0.6982 -0.7106
vn 0.1887 0.5169 -0.8350
vn -0.1505 0.7285 -0.6683
vn -0.1877 0.5155 -0.8361
vn -0.0370 0.7037 -0.7095
vn -0.0305 0.4443 -0.8954
vn 0.0700 0.8035 -0.5911
vn -0.7191 0.6931 0.0499
vn -0.6685 0.6029 0.4355
vn -0.7674 0.5196 0.3756
vn -0.1921 0.8885 -0.4168
vn -0.1023 0.8862 -0.4519
vn 0.3291 0.5889 0.7382
vn 0.1632 0.6075 0.7774
vn 0.0313 0.6979 0.7155
vn -0.0894 0.6897 0.7186
vn -0.0397 0.8910 -0.4522
vn -0.0069 0.9186 -0.3952
vn 0.0006 0.9389 -0.3443
vn 0.5368 0.6392 0.5507
vn 0.4678 0.6214 0.6285
vn -0.7373 -0.0019 -0.6755
vn -0.7372 -0.0020 -0.6757
vn 0.7033 0.0028 0.7109
vn 0.7798 -0.0053 0.6260
vn 0.9994 -0.0000 -0.0341
vn 0.9994 -0.0000 -0.0344
vn 0.9963 -0.0410 -0.0758
vn 0.2861 0.6798 0.6753
vn 0.2861 0.6799 0.6752
vn -0.0000 -1.0000 0.0001
vn 0.2311 0.7084 0.6669
vn 0.4302 0.7757 0.4618
vn 0.0262 0.7370 0.6754
vn 0.4303 0.7757 0.4618
vn -0.3553 -0.0000 0.9347
vn -0.2755 0.0103 0.9612
vn -0.0000 -0.0000 1.0000
vn -0.2510 0.7074 0.6608
vn -0.2510 0.7075 0.6607
vn -0.1832 0.6578 0.7306
vn -0.0000 0.7071 0.7071
vn 0.1583 -0.9659 0.2047
vn -0.6710 -0.0027 0.7414
vn -0.2270 0.7124 0.6641
vn -0.0234 0.7393 0.6730
vn -0.4224 0.7832 0.4562
vn -0.4224 0.7833 0.4562
vn 0.3553 -0.0000 0.9347
vn 0.2673 0.0041 0.9636
vn 0.2511 0.7071 0.6610
vn 0.2510 0.7075 0.6607
vn 0.1832 0.6578 0.7306
vn 0.6636 -0.6746 -0.3233
vn 0.6752 -0.6891 -0.2632
vn 0.6293 -0.6596 -0.4109
vn 0.6749 -0.6776 -0.2923
vn 0.6917 -0.6608 -0.2913
vn 0.2366 -0.8077 -0.5401
vn 0.1810 -0.7863 -0.5908
vn -0.0857 -0.6972 -0.7117
vn 0.3852 -0.8192 -0.4249
vn 0.3388 -0.8347 -0.4342
vn 0.7215 -0.6750 -0.1543
vn 0.3481 -0.8769 0.3315
vn 0.5089 -0.8347 0.2104
vn 0.9605 0.1135 -0.2539
vn 0.9601 0.1032 -0.2598
vn 0.9583 0.1533 -0.2410
vn 0.9564 0.1783 -0.2312
vn 0.9489 0.2322 -0.2137
vn 0.0027 0.6961 -0.7179
vn 0.0721 0.8443 -0.5310
vn 0.2980 0.6836 -0.6663
vn 0.3645 0.7761 -0.5145
vn 0.2716 0.8319 0.4839
vn 0.2981 0.6548 0.6946
vn 0.5668 0.7607 0.3164
vn 0.5908 0.6299 0.5041
vn 0.1880 0.9814 -0.0391
vn 0.4787 0.8698 -0.1197
vn 0.5664 0.6095 -0.5547
vn 0.6182 0.6420 -0.4536
vn 0.7144 0.6745 -0.1862
vn 0.8112 0.5279 0.2517
vn 0.7888 0.6035 0.1168
vn 0.1726 -0.8820 0.4385
vn 0.6921 -0.7034 0.1619
vn 0.6681 -0.7116 0.2173
vn 0.6964 -0.6195 0.3623
vn 0.5185 -0.6355 0.5721
vn 0.3630 -0.5405 0.7590
vn 0.0600 -0.5247 0.8492
vn 0.0600 -0.5247 0.8491
vn -0.2398 0.0446 -0.9698
vn -0.2397 0.0446 -0.9698
vn -0.1264 -0.4933 -0.8606
vn 0.2932 0.8128 -0.5034
vn 0.5167 0.7858 -0.3400
vn 0.2932 0.8128 -0.5035
vn 0.6282 0.2048 -0.7506
vn 0.6716 0.2035 -0.7124
vn 0.6042 0.1977 -0.7719
vn 0.8688 0.4452 -0.2165
vn 0.7704 0.5945 -0.2302
vn 0.7074 0.2024 -0.6773
vn 0.2133 0.7945 -0.5686
vn -0.2777 0.5685 -0.7744
vn 0.5339 -0.6307 -0.5632
vn 0.5636 -0.6302 -0.5341
vn 0.5341 -0.6307 -0.5630
vn 0.5636 -0.6301 -0.5341
vn 0.4717 -0.6300 -0.6169
vn 0.8454 -0.4851 -0.2235
vn 0.4392 -0.6286 -0.6418
vn 0.4392 -0.6287 -0.6417
vn 0.5889 0.1944 -0.7845
vn 0.5544 0.1830 -0.8119
vn 0.0333 0.9347 -0.3540
vn -0.0602 0.9349 -0.3498
vn -0.0603 0.9349 -0.3497
vn 0.4118 0.4603 -0.7865
vn 0.5969 0.4224 -0.6822
vn 0.8878 0.2482 -0.3874
vn 0.8260 0.3034 -0.4751
vn 0.8260 0.3033 -0.4751
vn 0.7030 0.3759 -0.6037
vn 0.7030 0.3759 -0.6038
vn -0.5983 0.6184 0.5096
vn -0.4802 0.6606 0.5771
vn -0.5054 0.6326 0.5868
vn -0.4800 0.7245 0.4947
vn -0.5759 0.6701 0.4683
vn -0.4801 0.7244 0.4947
vn -0.4191 0.7281 0.5424
vn 0.0458 0.6597 -0.7501
vn 0.1337 0.5435 -0.8287
vn 0.0082 0.7180 -0.6960
vn 0.2289 0.4758 -0.8492
vn 0.1583 0.0669 -0.9851
vn 0.0163 0.0308 -0.9994
vn 0.2940 0.0626 -0.9538
vn 0.5282 0.0239 -0.8488
vn 0.6726 -0.0001 -0.7400
vn -0.1165 0.9372 -0.3286
vn -0.3799 0.6982 0.6068
vn -0.3586 0.7242 0.5890
vn -0.2870 0.7307 0.6194
vn -0.0351 0.9297 -0.3667
vn 0.0359 0.8026 -0.5955
vn 0.0358 0.8025 -0.5955
vn -0.4394 0.8353 -0.3306
vn -0.4207 0.6434 0.6396
vn -0.7398 0.6299 0.2365
vn 0.7650 0.2038 -0.6109
vn 0.8841 0.4484 -0.1317
vn 0.8101 0.0004 -0.5862
vn 0.9983 -0.0009 0.0576
vn 0.6707 0.5419 -0.5065
vn 0.6402 0.4555 -0.6186
vn 0.6336 0.5602 -0.5337
vn 0.5906 0.5103 -0.6251
vn -0.1243 0.4705 0.8736
vn 0.2359 0.8326 0.5011
vn 0.5921 0.8055 -0.0241
vn 0.0517 0.8665 0.4965
vn 0.4202 0.9009 -0.1090
vn 0.0079 0.9974 -0.0710
vn -0.0043 0.9987 -0.0518
vn -0.4611 0.8748 0.1487
vn -0.0275 0.9992 -0.0306
vn -0.0274 0.9992 -0.0307
vn -0.0274 0.9992 -0.0306
vn -0.0159 0.9994 -0.0292
vn -0.0043 0.9987 -0.0517
vn 0.1375 0.6300 -0.7643
vn -0.2460 0.8642 -0.4388
vn -0.0422 0.9989 -0.0186
vn -0.6187 0.1263 0.7754
vn -0.5605 0.5228 0.6423
vn -0.5391 0.3699 0.7567
vn -0.5367 0.0907 0.8389
vn -0.4459 0.3121 0.8389
vn -0.3946 0.4112 0.8217
vn -0.4696 0.5122 0.7191
vn -0.4532 0.7654 0.4568
vn -0.5002 0.6534 0.5682
vn 0.5077 0.7014 -0.5004
vn 0.5077 0.7014 -0.5003
vn 0.4594 0.5876 -0.6661
vn 0.4779 0.4747 -0.7391
vn 0.3854 0.3832 -0.8394
vn 0.1884 0.3763 -0.9071
vn 0.3731 0.5163 -0.7709
vn 0.2040 0.4812 -0.8526
vn 0.0871 0.3625 -0.9279
vn 0.1206 0.4495 -0.8851
vn 0.3890 0.2413 -0.8891
vn 0.1701 0.2658 -0.9489
vn 0.0526 0.2718 -0.9609
vn 0.7311 0.6292 -0.2640
vn 0.7725 0.6033 -0.1981
vn 0.7311 0.6292 -0.2639
vn 0.6193 0.6981 -0.3594
vn -0.4014 0.7299 0.5532
vn -0.4222 0.7426 0.5199
vn -0.4223 0.7425 0.5199
vn -0.9254 0.3487 -0.1485
vn -0.6510 0.3086 -0.6935
vn -0.9769 -0.0234 -0.2122
vn -0.7080 -0.0193 -0.7059
vn -0.8561 0.2599 0.4467
vn -0.9371 -0.0201 0.3486
vn -0.6139 0.7834 -0.0966
vn -0.4382 0.6850 -0.5820
vn -0.6577 0.5879 0.4711
vn -0.5681 0.2336 0.7892
vn -0.5534 0.3712 0.7456
vn -0.5329 0.3462 0.7721
vn -0.5709 0.1619 0.8049
vn -0.6139 -0.0014 0.7894
vn -0.5733 -0.0294 0.8188
vn -0.3295 0.8875 0.3221
vn -0.2736 0.8964 0.3488
vn -0.3295 0.8875 0.3220
vn -0.7103 0.3346 0.6192
vn -0.7103 0.3347 0.6192
vn -0.7391 0.2330 0.6320
vn -0.7310 0.2551 0.6329
vn 0.6284 0.2620 -0.7324
vn 0.6681 0.2461 -0.7022
vn 0.6169 0.3304 -0.7143
vn 0.7418 0.3367 -0.5800
vn 0.7434 0.4089 -0.5293
vn 0.3566 0.8996 -0.2520
vn 0.3176 0.8874 -0.3341
vn 0.3177 0.8875 -0.3339
vn 0.8753 0.1104 -0.4708
vn 0.8753 0.1105 -0.4708
vn 0.7514 0.1953 -0.6303
vn 0.6005 0.7978 0.0545
vn 0.5034 0.8615 -0.0657
vn 0.6005 0.7977 0.0545
vn 0.5774 0.8120 -0.0853
vn 0.5774 0.8120 -0.0854
vn 0.0696 0.9915 0.1102
vn 0.0437 0.9975 0.0556
vn 0.0437 0.9975 0.0557
vn 0.8275 0.3968 -0.3973
vn 0.9241 0.0469 -0.3792
vn 0.4290 0.8500 -0.3058
vn 0.4595 0.8650 -0.2017
vn -0.7186 0.0467 0.6939
vn -0.6936 0.1359 0.7074
vn -0.7186 0.0466 0.6939
vn -0.8324 0.0459 0.5522
vn -0.4695 0.8489 0.2427
vn -0.4492 0.8622 0.2341
vn -0.4695 0.8489 0.2426
vn -0.4793 0.8399 0.2547
vn -0.4881 0.8607 0.1445
vn -0.5319 0.8454 0.0497
vn -0.9177 0.0974 0.3851
vn -0.8978 0.0740 0.4342
vn -0.9177 0.0974 0.3852
vn -0.6951 0.6895 0.2035
vn -0.7779 0.6173 0.1177
vn -0.4839 0.7994 0.3561
vn -0.4839 0.7994 0.3562
vn -0.0128 0.9913 -0.1308
vn -0.0127 0.9913 -0.1308
vn -0.0440 0.9714 -0.2334
vn 0.4254 0.8638 -0.2699
vn 0.9561 0.1014 -0.2749
vn 0.9728 0.1893 -0.1338
vn 0.9787 0.1463 -0.1443
vn -0.9095 0.1051 0.4023
vn -0.7869 0.3499 0.5084
vn -0.7869 0.3499 0.5083
vn 0.9764 0.2148 -0.0240
vn 0.9673 0.2145 0.1353
vn 0.9691 0.2464 0.0116
vn 0.7193 0.5903 0.3662
vn 0.7685 0.6061 0.2052
vn 0.7193 0.5903 0.3663
vn 0.6496 0.5576 0.5168
vn 0.0961 0.7376 0.6683
vn 0.0874 0.8240 0.5599
vn 0.1029 0.6371 0.7639
vn 0.5804 0.7961 -0.1713
vn 0.6692 0.6890 -0.2784
vn 0.7097 0.6246 -0.3259
vn 0.4686 0.8737 -0.1305
vn 0.3970 0.9042 -0.1578
vn -0.3027 0.8708 0.3874
vn -0.3027 0.8708 0.3875
vn -0.7306 0.3155 0.6055
vn -0.7938 0.2922 0.5334
vn -0.2308 0.9025 0.3637
vn -0.5990 0.3434 0.7234
vn -0.5330 0.3462 0.7721
vn -0.5330 0.3461 0.7721
vn -0.0597 0.7189 0.6926
vn -0.4425 0.7108 0.5468
vn -0.4426 0.7107 0.5468
vn -0.4470 0.7178 0.5338
vn -0.4471 0.7178 0.5338
vn -0.3931 0.7412 0.5442
vn -0.4170 0.7371 0.5317
vn -0.4170 0.7371 0.5318
vn -0.4520 0.7247 0.5201
vn -0.3850 0.7100 0.5896
vn -0.2870 0.7308 0.6194
vn -0.4670 0.6881 0.5553
vn -0.2505 0.5190 -0.8173
vn -0.3806 0.4911 -0.7835
vn 0.2175 0.5932 -0.7751
vn -0.0071 0.5545 -0.8321
vn -0.0071 0.5545 -0.8322
vn 0.4309 0.6167 -0.6588
vn 0.7498 0.6205 -0.2298
vn 0.7425 0.5982 -0.3014
vn 0.7532 0.5615 -0.3427
vn 0.7143 0.6655 -0.2165
vn 0.6256 0.5830 -0.5183
vn 0.6256 0.5830 -0.5184
vn -0.4116 0.0041 0.9114
vn -0.3691 0.0042 0.9294
vn -0.2107 -0.0009 0.9775
vn -0.6489 0.0004 0.7609
vn -0.6488 0.0004 0.7609
vn 0.2230 -0.6831 -0.6954
vn 0.1099 -0.6793 -0.7256
vn 0.0029 -0.6894 -0.7243
vn -0.1651 -0.6960 -0.6988
vn -0.2818 -0.6859 -0.6709
vn -0.2818 -0.6859 -0.6710
vn 0.4731 -0.6070 -0.6385
vn 0.3776 -0.6515 -0.6580
vn -0.8609 0.0056 0.5087
vn -0.1907 0.0174 0.9815
vn -0.9098 -0.0147 0.4149
vn -0.7204 -0.6918 0.0492
vn -0.7204 -0.6918 0.0491
vn -0.6616 -0.7088 -0.2447
vn -0.9919 -0.0365 0.1218
vn -0.7059 -0.6882 0.1676
vn -0.7060 -0.6882 0.1676
vn 0.6242 0.7198 0.3036
vn 0.5400 0.7122 0.4485
vn 0.6936 0.7202 0.0141
vn 0.6615 0.7499 0.0111
vn 0.3080 0.8718 0.3811
vn 0.3781 0.8254 0.4192
vn -0.1376 0.7488 0.6484
vn 0.9999 -0.0000 0.0158
vn 0.6725 -0.0001 0.7401
vn 0.9999 -0.0000 0.0159
vn 0.8982 -0.0052 0.4397
vn 0.8982 -0.0052 0.4396
vn 0.7601 0.0024 0.6498
vn 0.7601 0.0023 0.6498
vn -0.5497 0.7232 0.4180
vn -0.5497 0.7232 0.4181
vn -0.7403 0.6681 -0.0749
vn -0.5497 -0.7064 -0.4459
vn -0.4964 -0.7061 -0.5049
vn -0.4964 -0.7061 -0.5050
vn -0.4328 -0.7077 -0.5584
vn -0.3339 -0.7083 -0.6220
vn -0.2155 -0.7026 -0.6781
vn -0.2155 -0.7027 -0.6781
vn 0.5048 -0.0000 0.8632
vn 0.8312 0.0005 0.5560
vn 0.8312 0.0006 0.5560
vn 0.9379 0.0006 0.3468
vn 0.2620 0.4676 0.8442
vn 0.1948 0.3938 0.8983
vn 0.3263 -0.0201 0.9451
vn 0.6809 0.5630 0.4684
vn 0.5653 0.5567 0.6087
vn 0.5726 0.6197 0.5367
vn 0.1770 -0.0041 0.9842
vn 0.4174 -0.0216 0.9085
vn 0.2002 -0.0010 0.9797
vn 0.2002 -0.0010 0.9798
vn -0.3218 -0.0019 0.9468
vn -0.0448 0.8337 0.5504
vn -0.1401 0.7082 0.6920
vn 0.1439 0.9419 0.3035
vn 0.1414 0.9537 0.2655
vn -0.9604 -0.0002 -0.2787
vn -0.7957 -0.0037 -0.6057
vn -0.4684 0.0012 -0.8835
vn -0.6109 -0.0006 -0.7917
vn -0.6110 -0.0007 -0.7916
vn -0.1560 0.0018 -0.9877
vn -0.2969 0.0018 -0.9549
vn -0.2968 0.0017 -0.9549
vn 0.0003 -0.0351 -0.9994
vn 0.0948 -0.0739 -0.9928
vn 0.0701 0.2674 -0.9610
vn -0.0783 0.3108 -0.9473
vn 0.0823 0.4933 -0.8660
vn -0.0563 0.5176 -0.8538
vn 0.1449 0.4305 -0.8909
vn 0.1502 0.2317 -0.9611
vn -0.1927 0.4685 -0.8622
vn -0.2168 0.3167 -0.9234
vn -0.7505 0.3400 -0.5668
vn -0.6666 0.5292 -0.5250
vn -0.6395 0.3304 -0.6942
vn -0.5976 0.4928 -0.6325
vn -0.5616 0.2818 -0.7779
vn -0.5244 0.4601 -0.7164
vn -0.3689 0.4479 -0.8144
vn -0.3986 0.2946 -0.8685
vn -0.7868 0.4627 -0.4084
vn -0.8543 0.3749 -0.3599
vn -0.7574 0.5882 -0.2835
vn -0.6144 0.6484 -0.4495
vn -0.8368 0.5138 -0.1892
vn 0.2315 0.9517 0.2019
vn 0.3209 0.8738 0.3653
vn 0.3591 0.8640 0.3529
vn 0.2645 0.7989 0.5401
vn 0.3303 0.6848 0.6496
vn -0.2415 0.4268 0.8715
vn -0.1887 0.5169 0.8350
vn 0.1505 0.7285 0.6683
vn 0.1877 0.5155 0.8361
vn 0.0305 0.4443 0.8954
vn -0.0700 0.8035 0.5911
vn 0.6907 0.7061 -0.1560
vn 0.6685 0.6029 -0.4355
vn 0.5700 0.7533 0.3282
vn 0.1921 0.8885 0.4168
vn 0.1023 0.8862 0.4519
vn -0.1632 0.6075 -0.7774
vn 0.0397 0.8910 0.4522
vn 0.0069 0.9186 0.3952
vn -0.0006 0.9389 0.3443
vn -0.5368 0.6392 -0.5507
vn -0.4678 0.6214 -0.6285
vn 0.7373 -0.0019 0.6755
vn 0.7372 -0.0020 0.6757
vn -0.7033 0.0028 -0.7109
vn -0.7798 -0.0053 -0.6260
vn -0.9973 -0.0190 0.0704
vn -0.9973 -0.0191 0.0704
vn -0.2863 0.6786 -0.6764
vn -0.2863 0.6787 -0.6764
vn -0.2863 0.6787 -0.6763
vn -0.3896 0.0175 -0.9208
vn -0.3896 0.0176 -0.9208
vn 0.9710 -0.2142 0.1064
vn 0.9710 -0.2143 0.1064
vn 0.8465 0.0001 0.5325
vn 0.6726 -0.0001 0.7400
vn 1.0000 -0.0001 -0.0000
vn 0.4489 -0.0023 0.8936
vn -0.9570 -0.0000 0.2899
vn -0.4489 -0.0024 0.8936
vn 0.1139 -0.0087 0.9935
vn 0.8323 0.0003 -0.5544
vn 0.8323 0.0003 -0.5543
vn 0.4591 -0.0010 -0.8884
vn -0.8428 0.0047 0.5382
vn -0.8428 0.0048 0.5383
vn 0.6526 0.6351 0.4132
vn 0.5667 0.6684 0.4817
vn 0.7718 0.5919 0.2323
vn 0.8096 0.5869 -0.0000
vn 0.7719 0.5919 0.2321
vn -0.0001 1.0000 -0.0000
vn 0.0002 1.0000 0.0001
vn -0.0001 1.0000 -0.0001
vn 0.0002 1.0000 0.0002
vn 0.6526 0.6351 -0.4132
vn 0.5667 0.6684 -0.4817
vn 0.7705 0.5945 -0.2302
vn -0.0001 1.0000 0.0001
vn 0.8195 0.5725 0.0261
vn 0.8195 0.5724 0.0261
vn -0.9899 0.0112 -0.1412
vn -0.7244 0.6866 -0.0622
vn 0.9632 -0.0921 -0.2525
vn 0.9632 -0.0922 -0.2525
vn 0.3899 0.0154 0.9207
vn 0.3899 0.0155 0.9207
vn 0.0549 0.0123 0.9984
vn -0.0549 0.0123 -0.9984
vn -0.9809 -0.0078 -0.1942
vn -0.8335 -0.0110 0.5524
vn -0.8335 -0.0110 -0.5524
vn -0.9809 -0.0078 0.1942
vn 0.0001 -1.0000 -0.0000
vn 0.9809 -0.0078 0.1942
vn 0.8335 -0.0110 -0.5524
vn 0.8335 -0.0110 0.5524
vn 0.9809 -0.0078 -0.1942
vn -0.0001 -1.0000 -0.0000
vn -0.3343 0.0261 -0.9421
vn -0.3742 0.0124 -0.9273
vn -0.4120 -0.0010 -0.9112
vn 0.6726 -0.0001 0.7401
vn 0.3496 0.0135 0.9368
vn 0.4120 -0.0010 0.9112
vn 0.9372 0.0822 0.3389
vn 0.6665 0.1454 0.7312
vn 0.6665 0.1453 0.7312
vn 0.6390 -0.0000 -0.7692
vn -0.0524 -0.0000 -0.9986
vn -0.2757 0.8698 -0.4092
vn -0.1783 0.8690 -0.4616
vn -0.3697 0.8600 -0.3518
vn -0.3697 0.8600 -0.3517
vn -0.3132 -0.0000 -0.9497
vn -0.7225 -0.0000 -0.6914
vn 0.4144 0.8930 0.1757
vn 0.2298 0.9243 -0.3047
vn 0.2878 0.9556 -0.0638
vn 0.2891 0.7882 0.5432
vn 0.2892 0.7882 0.5432
vn -0.0242 0.8574 -0.5141
vn -0.0457 0.8653 -0.4992
vn -0.5922 0.7298 -0.3417
vn -0.6470 0.7296 -0.2215
vn -0.4894 0.7270 -0.4816
vn -0.6207 0.7078 -0.3372
vn -0.6206 0.7078 -0.3373
vn -0.1561 0.0018 -0.9877
vn 0.7640 0.0043 -0.6452
vn -0.8800 -0.0007 -0.4750
vn -0.8799 -0.0006 -0.4751
vn 0.9485 -0.0000 -0.3169
vn -0.0930 0.7279 -0.6794
vn 0.5312 0.6961 -0.4829
vn -0.9531 -0.0031 -0.3028
vn 0.6988 0.7132 -0.0558
vn 0.6988 0.7131 -0.0558
vn 0.7190 0.6857 0.1133
vn -0.5727 0.0067 -0.8198
vn 0.5770 0.0274 -0.8163
vn 0.7151 0.6825 -0.1511
vn 0.4269 0.5543 -0.7145
vn 0.0337 0.7530 -0.6571
vn 0.7070 0.7038 -0.0689
vn 0.9794 0.0164 -0.2013
vn 0.9956 -0.0000 -0.0941
vn -0.6389 0.7056 -0.3065
vn -0.5691 0.6929 -0.4426
vn -0.5691 0.6930 -0.4426
vn -0.3795 0.5883 -0.7140
vn -0.2594 0.6796 -0.6862
vn -0.3821 0.6958 -0.6082
vn -0.6969 0.1706 -0.6965
vn 0.1419 0.6831 -0.7164
vn 0.2417 0.6662 -0.7056
vn 0.0455 0.7100 -0.7027
vn 0.1333 0.9791 -0.1535
vn 0.2526 -0.0022 -0.9676
vn 0.3011 0.0036 -0.9536
vn 0.9911 -0.0014 -0.1327
vn 0.9911 -0.0014 -0.1328
vn 0.4200 0.0156 0.9074
vn 0.1703 0.8683 0.4658
vn 0.1742 0.9590 -0.2234
vn 0.1994 -0.0116 0.9799
vn -0.0842 -0.0263 0.9961
vn 0.0125 0.7509 0.6603
vn -0.1677 0.9818 -0.0893
vn -0.1643 0.9756 -0.1457
vn -0.1160 0.9809 -0.1562
vn -0.2123 0.9679 -0.1348
vn -0.1531 0.9613 -0.2291
vn -0.1542 0.9577 -0.2430
vn -0.4398 0.5872 -0.6795
vn -0.3544 0.6066 -0.7116
vn -0.1182 0.7218 -0.6820
vn -0.1929 0.6742 -0.7129
vn -0.9956 -0.0421 -0.0838
vn -0.2002 -0.0009 -0.9798
vn -0.4020 -0.0000 -0.9156
vn -0.3430 -0.0000 -0.9394
vn -0.3430 -0.0000 -0.9393
vn -0.2925 0.7070 0.6439
vn -0.2618 0.8064 0.5303
vn -0.2808 -0.0000 0.9598
vn -0.2808 -0.0001 0.9598
vn -0.1555 0.9693 -0.1903
vn -0.0001 -0.0000 -1.0000
vn -0.2001 -0.0009 -0.9798
vn -0.3233 -0.0000 -0.9463
vn -0.0659 0.7270 -0.6834
vn -0.1303 0.7394 -0.6605
vn -0.0659 0.7270 -0.6835
vn -0.1304 0.7394 -0.6605
vn -0.1337 0.7034 -0.6981
vn -0.0673 -0.0000 -0.9977
vn -0.0438 0.6884 -0.7240
vn 0.0251 0.8531 -0.5211
vn 0.0252 0.8531 -0.5211
vn -0.1790 0.8332 -0.5232
vn -0.1789 0.8332 -0.5231
vn -0.1127 0.8295 -0.5470
vn -0.0179 0.7936 -0.6082
vn 0.1700 0.0255 -0.9851
vn -0.2119 0.0007 -0.9773
vn 0.0468 0.0035 -0.9989
vn -0.0216 0.0026 -0.9998
vn -0.0216 0.0025 -0.9998
vn 0.0102 0.7629 -0.6464
vn 0.2625 0.8525 -0.4520
vn 0.5576 0.8099 0.1819
vn 0.6097 0.7595 -0.2269
vn 0.5576 0.8100 0.1819
vn 0.3035 0.7141 -0.6309
vn -0.9078 0.0005 -0.4193
vn -0.9079 0.0006 -0.4192
vn -0.9649 -0.0008 -0.2625
vn -0.9649 -0.0007 -0.2625
vn -0.5879 -0.0005 -0.8090
vn -0.5878 -0.0005 -0.8090
vn 0.9138 -0.0214 0.4056
vn 0.9138 -0.0214 0.4057
vn 0.8761 0.0051 0.4822
vn 0.0032 0.9992 0.0402
vn -0.0250 0.9995 0.0206
vn -0.0251 0.9995 0.0206
vn 0.0154 0.9979 0.0626
vn 0.0155 0.9979 0.0627
vn 0.0033 0.9992 0.0402
vn -0.0375 0.9993 0.0092
vn 0.0435 0.9975 -0.0562
vn -0.5549 0.0488 -0.8305
vn 0.2526 0.1179 -0.9603
vn 0.2526 0.1179 -0.9604
vn -0.3769 0.8506 -0.3665
vn -0.1227 0.7953 -0.5937
vn -0.3156 0.8826 -0.3484
vn -0.2512 0.8798 -0.4035
vn 0.9641 0.0491 -0.2609
vn 0.1236 0.9861 -0.1112
vn -0.3640 0.8911 -0.2711
vn -0.2951 0.8875 -0.3539
vn -0.2952 0.8874 -0.3541
vn -0.4399 0.8814 -0.1722
vn -0.4399 0.8814 -0.1720
vn -0.4810 0.8694 -0.1129
vn -0.8035 0.0042 -0.5952
vn -0.8035 0.0042 -0.5953
vn -0.4723 -0.0110 -0.8814
vn -0.4722 -0.0110 -0.8814
vn 0.4285 0.8611 0.2737
vn 0.4390 0.8434 0.3097
vn -0.0814 0.9965 0.0190
vn -0.0772 0.9970 0.0028
vn -0.0571 0.9980 0.0285
vn 0.7652 0.0127 0.6436
vn 0.7653 0.0126 0.6436
vn 0.8199 -0.0062 0.5725
vn 0.9930 -0.1020 0.0588
vn -0.4348 0.0320 -0.8999
vn -0.4348 0.0320 -0.9000
vn -0.5622 -0.0100 -0.8270
vn -0.5621 -0.0100 -0.8270
vn -0.4678 -0.0337 -0.8832
vn -0.1700 0.8941 -0.4144
vn -0.2411 0.8952 -0.3749
vn 0.5658 0.7743 0.2835
vn 0.5157 0.8555 0.0457
vn 0.5787 0.6422 0.5027
vn 0.0646 0.9941 -0.0873
vn 0.1682 0.9659 -0.1969
vn -0.1916 0.0481 -0.9803
vn 0.9066 -0.1572 -0.3916
vn -0.1061 0.8490 -0.5177
vn -0.1682 0.8703 -0.4629
vn -0.4496 0.8688 -0.2073
vn -0.8312 0.0006 -0.5559
vn -0.5727 0.0066 -0.8197
vn -0.8312 0.0005 -0.5559
vn -0.5727 0.0066 -0.8198
vn -0.9201 -0.0078 -0.3915
vn -0.5109 0.8481 -0.1402
vn 0.1218 0.8396 -0.5293
vn -0.0067 0.8421 -0.5393
vn -0.0676 0.8372 -0.5426
vn -0.0676 0.8372 -0.5427
vn 0.1205 0.8660 -0.4853
vn -0.0160 0.9951 0.0975
vn -0.0162 0.9951 0.0974
vn -0.0686 0.9866 0.1479
vn -0.0366 0.9934 0.1085
vn -0.1306 0.9606 0.2453
vn -0.1291 0.9556 0.2648
vn -0.0948 0.9804 0.1729
vn 0.2637 -0.1512 -0.9527
vn 0.2636 -0.1512 -0.9527
vn -0.1355 0.0049 -0.9908
vn 0.0888 0.0042 -0.9960
vn 0.0889 0.0042 -0.9960
vn 0.1650 0.0019 -0.9863
vn 0.1649 0.0016 -0.9863
vn -0.0945 0.8420 -0.5312
vn -0.0945 0.8420 -0.5311
vn -0.0202 0.9704 -0.2406
vn 0.4210 0.8437 -0.3331
vn 0.7471 -0.0167 -0.6645
vn 0.8764 -0.0326 -0.4805
vn -0.0649 0.9706 -0.2318
vn -0.3636 0.9240 -0.1188
vn -0.9126 -0.0000 -0.4088
vn -0.8530 -0.0000 -0.5219
vn -0.3936 0.8966 -0.2028
vn -0.4113 0.8666 -0.2827
vn -0.5228 -0.0153 -0.8523
vn -0.5228 -0.0152 -0.8523
vn -0.4344 -0.0081 -0.9007
vn 0.4211 0.9027 0.0883
vn 0.4316 0.8831 0.1838
vn 0.4375 0.8092 0.3922
vn -0.1496 0.8834 -0.4442
vn -0.2212 0.8529 -0.4728
vn -0.2212 0.8529 -0.4729
vn -0.2659 0.9011 -0.3426
vn -0.3490 0.9197 -0.1798
vn -0.3172 0.9234 -0.2162
vn -0.2913 0.8166 -0.4983
vn -0.9372 0.0822 -0.3389
vn -0.6665 0.1454 -0.7312
vn -0.6665 0.1453 -0.7312
vn 0.0524 -0.0000 0.9986
vn 0.2757 0.8698 0.4091
vn 0.3697 0.8601 0.3516
vn 0.7225 -0.0000 0.6914
vn -0.4145 0.8929 -0.1758
vn -0.2298 0.9243 0.3047
vn -0.2879 0.9555 0.0637
vn -0.2892 0.7883 -0.5431
vn 0.0242 0.8574 0.5141
vn 0.0518 0.8665 0.4965
vn 0.5922 0.7298 0.3417
vn 0.6470 0.7296 0.2215
vn 0.4894 0.7270 0.4816
vn 0.6207 0.7078 0.3372
vn 0.6206 0.7078 0.3373
vn 0.1561 0.0018 0.9877
vn -0.7629 0.0027 0.6466
vn -0.9485 -0.0000 0.3169
vn 0.0930 0.7279 0.6794
vn -0.5312 0.6961 0.4829
vn 0.9531 -0.0031 0.3028
vn -0.6988 0.7132 0.0558
vn -0.6988 0.7131 0.0558
vn -0.7190 0.6857 -0.1133
vn 0.5727 0.0067 0.8198
vn -0.5770 0.0274 0.8163
vn -0.7151 0.6825 0.1511
vn -0.4269 0.5543 0.7145
vn -0.0337 0.7530 0.6571
vn -0.7070 0.7038 0.0689
vn -0.9794 0.0164 0.2013
vn -0.9956 -0.0000 0.0941
vn 0.6389 0.7056 0.3065
vn 0.5691 0.6929 0.4426
vn 0.5691 0.6930 0.4426
vn 0.3795 0.5883 0.7140
vn 0.2594 0.6796 0.6862
vn 0.3821 0.6958 0.6082
vn 0.6969 0.1706 0.6965
vn -0.1419 0.6831 0.7164
vn -0.2417 0.6662 0.7056
vn -0.0455 0.7100 0.7027
vn -0.1333 0.9791 0.1535
vn -0.2526 -0.0022 0.9676
vn -0.3011 0.0036 0.9536
vn -0.9911 -0.0014 0.1327
vn -0.9911 -0.0014 0.1328
vn -0.4200 0.0156 -0.9074
vn -0.1742 0.9590 0.2234
vn -0.1994 -0.0116 -0.9799
vn 0.0842 -0.0263 -0.9961
vn -0.0125 0.7509 -0.6603
vn 0.1677 0.9818 0.0893
vn 0.1643 0.9756 0.1457
vn 0.1160 0.9809 0.1562
vn 0.2123 0.9679 0.1348
vn 0.1531 0.9613 0.2291
vn 0.1542 0.9577 0.2430
vn 0.4398 0.5872 0.6795
vn 0.3544 0.6066 0.7116
vn 0.1173 0.7228 0.6810
vn 0.1925 0.6748 0.7125
vn 0.9949 -0.0552 0.0841
vn 0.2002 -0.0009 0.9798
vn 0.4020 -0.0000 0.9156
vn 0.3430 -0.0000 0.9394
vn 0.3430 -0.0000 0.9393
vn 0.2917 0.7077 -0.6435
vn 0.2600 0.8076 -0.5293
vn 0.2600 0.8076 -0.5292
vn 0.2808 -0.0018 -0.9598
vn 0.2807 -0.0017 -0.9598
vn 0.1555 0.9693 0.1903
vn 0.2001 -0.0009 0.9798
vn 0.0659 0.7270 0.6834
vn 0.1303 0.7394 0.6605
vn 0.0659 0.7270 0.6835
vn 0.1304 0.7394 0.6605
vn 0.1337 0.7034 0.6981
vn 0.0673 -0.0000 0.9977
vn 0.0438 0.6884 0.7240
vn -0.0251 0.8531 0.5211
vn -0.0735 0.8474 0.5258
vn -0.0252 0.8531 0.5211
vn -0.0736 0.8474 0.5258
vn 0.1790 0.8332 0.5232
vn 0.1789 0.8332 0.5231
vn 0.1127 0.8295 0.5470
vn 0.0179 0.7936 0.6082
vn -0.1700 0.0255 0.9851
vn 0.2119 0.0007 0.9773
vn -0.0370 -0.0000 0.9993
vn -0.0102 0.7629 0.6464
vn -0.2625 0.8525 0.4520
vn -0.5576 0.8099 -0.1819
vn -0.6097 0.7595 0.2269
vn -0.5576 0.8100 -0.1819
vn -0.3035 0.7141 0.6309
vn 0.9078 0.0005 0.4193
vn 0.9079 0.0006 0.4192
vn 0.9649 -0.0008 0.2625
vn 0.9649 -0.0007 0.2625
vn 0.5879 -0.0005 0.8090
vn 0.5878 -0.0005 0.8090
vn -0.9160 -0.0398 -0.3992
vn -0.9160 -0.0398 -0.3993
vn -0.8800 -0.0007 -0.4751
vn -0.0032 0.9992 -0.0402
vn 0.0250 0.9995 -0.0206
vn 0.0251 0.9995 -0.0206
vn -0.0154 0.9979 -0.0626
vn -0.0155 0.9979 -0.0627
vn -0.0043 0.9986 -0.0518
vn -0.0033 0.9992 -0.0402
vn 0.0375 0.9993 -0.0092
vn -0.0435 0.9975 0.0562
vn 0.5549 0.0488 0.8305
vn -0.3302 0.0922 0.9394
vn 0.3769 0.8506 0.3665
vn 0.1227 0.7953 0.5937
vn 0.3156 0.8826 0.3484
vn 0.2512 0.8798 0.4035
vn -0.9809 -0.0077 0.1942
vn -0.1236 0.9861 0.1112
vn 0.3640 0.8911 0.2711
vn 0.2951 0.8875 0.3539
vn 0.2952 0.8874 0.3541
vn 0.4399 0.8814 0.1722
vn 0.4399 0.8814 0.1720
vn 0.4810 0.8694 0.1129
vn 0.8035 0.0042 0.5952
vn 0.8035 0.0042 0.5953
vn 0.4723 -0.0110 0.8814
vn 0.4722 -0.0110 0.8814
vn -0.4285 0.8611 -0.2737
vn -0.4390 0.8434 -0.3097
vn 0.0814 0.9965 -0.0190
vn 0.0772 0.9970 -0.0028
vn 0.0571 0.9980 -0.0285
vn -0.7652 0.0127 -0.6436
vn -0.7653 0.0126 -0.6436
vn -0.8199 -0.0062 -0.5725
vn -0.9930 -0.1020 -0.0588
vn 0.4348 0.0320 0.8999
vn 0.4348 0.0320 0.9000
vn 0.5622 -0.0100 0.8270
vn 0.5621 -0.0100 0.8270
vn 0.4678 -0.0337 0.8832
vn 0.1700 0.8941 0.4144
vn 0.2411 0.8952 0.3749
vn -0.5658 0.7743 -0.2835
vn -0.5157 0.8555 -0.0457
vn -0.5787 0.6422 -0.5027
vn -0.0646 0.9941 0.0873
vn -0.1682 0.9659 0.1969
vn 0.1916 0.0481 0.9803
vn -0.9066 -0.1572 0.3916
vn 0.1056 0.8496 0.5167
vn 0.4496 0.8688 0.2073
vn 0.8312 0.0006 0.5559
vn 0.5727 0.0066 0.8197
vn 0.8312 0.0005 0.5559
vn 0.5727 0.0066 0.8198
vn 0.9201 -0.0078 0.3915
vn 0.5109 0.8481 0.1402
vn -0.1218 0.8396 0.5293
vn 0.0067 0.8421 0.5393
vn 0.0676 0.8372 0.5426
vn 0.0676 0.8372 0.5427
vn -0.1205 0.8660 0.4853
vn 0.0160 0.9951 -0.0975
vn 0.0162 0.9951 -0.0974
vn 0.0686 0.9866 -0.1479
vn 0.0366 0.9934 -0.1085
vn 0.1306 0.9606 -0.2453
vn 0.1291 0.9556 -0.2648
vn 0.0948 0.9804 -0.1729
vn -0.2637 -0.1512 0.9527
vn -0.2636 -0.1512 0.9527
vn 0.1355 0.0049 0.9908
vn -0.0888 0.0042 0.9960
vn -0.0889 0.0042 0.9960
vn -0.1650 0.0019 0.9863
vn -0.1649 0.0016 0.9863
vn 0.0945 0.8420 0.5312
vn 0.0945 0.8420 0.5311
vn 0.0202 0.9704 0.2406
vn -0.4210 0.8437 0.3331
vn -0.7471 -0.0167 0.6645
vn -0.8764 -0.0326 0.4805
vn 0.0649 0.9706 0.2318
vn 0.3636 0.9240 0.1188
vn 0.9126 -0.0000 0.4088
vn 0.8530 -0.0000 0.5219
vn 0.3936 0.8966 0.2028
vn 0.4113 0.8666 0.2827
vn 0.5228 -0.0153 0.8523
vn 0.5228 -0.0152 0.8523
vn 0.4344 -0.0081 0.9007
vn -0.4211 0.9027 -0.0883
vn -0.4316 0.8831 -0.1838
vn -0.4375 0.8092 -0.3922
vn 0.1496 0.8834 0.4442
vn 0.2212 0.8529 0.4728
vn 0.2212 0.8529 0.4729
vn 0.2522 0.9122 0.3230
vn 0.2523 0.9121 0.3230
vn 0.2962 0.9393 0.1729
vn 0.2764 0.9416 0.1924
vn 0.2765 0.9416 0.1924
vn 0.2913 0.8166 0.4983
vn -0.8144 0.4066 0.4139
vn -0.0002 1.0000 -0.0000
vn 0.0002 1.0000 -0.0000
vt 0.053441 0.940621
s 1
usemtl CW_Pegasis3A_Mat
f 1/1/1 2/1/2 3/1/1
f 2/1/2 4/1/2 3/1/1
f 5/1/3 6/1/4 3/1/1
f 6/1/4 1/1/1 3/1/1
s 0
f 7/1/5 8/1/5 9/1/5
f 8/1/5 10/1/5 9/1/5
s 1
f 11/1/6 12/1/7 13/1/6
f 12/1/7 14/1/7 13/1/6
s 0
f 15/1/8 16/1/8 17/1/8
s 1
f 16/1/9 18/1/9 17/1/9
s 0
f 19/1/10 20/1/10 21/1/10
f 20/1/11 22/1/11 21/1/11
f 8/1/5 23/1/5 24/1/5
f 23/1/5 25/1/5 24/1/5
f 26/1/5 7/1/5 27/1/5
f 7/1/5 9/1/5 27/1/5
s 1
f 28/1/12 29/1/12 12/1/7
f 29/1/12 14/1/7 12/1/7
f 30/1/13 31/1/14 32/1/15
f 31/1/14 33/1/16 32/1/15
s 0
f 34/1/17 35/1/17 36/1/17
f 35/1/17 37/1/17 36/1/17
s 1
f 38/1/18 39/1/19 40/1/20
f 39/1/19 41/1/19 40/1/20
s 0
f 42/1/5 43/1/5 44/1/5
f 43/1/5 26/1/5 44/1/5
s 1
f 40/1/20 6/1/4 38/1/18
f 6/1/4 5/1/3 38/1/18
f 45/1/21 46/1/22 2/1/2
f 46/1/22 4/1/2 2/1/2
s 0
f 44/1/5 26/1/5 27/1/5
f 8/1/5 24/1/5 10/1/5
s 1
f 45/1/21 47/1/23 46/1/22
f 47/1/23 48/1/23 46/1/22
f 49/1/1 50/1/3 51/1/1
f 50/1/3 52/1/3 51/1/1
f 53/1/2 54/1/24 51/1/1
f 54/1/24 49/1/1 51/1/1
s 0
f 55/1/25 56/1/25 57/1/25
f 56/1/25 58/1/25 57/1/25
s 1
f 59/1/26 60/1/27 61/1/26
f 60/1/27 62/1/27 61/1/26
s 0
f 63/1/28 64/1/28 65/1/28
s 1
f 64/1/29 66/1/29 65/1/29
f 67/1/30 68/1/30 69/1/30
f 68/1/30 70/1/30 69/1/30
s 0
f 56/1/25 71/1/25 72/1/25
f 71/1/25 73/1/25 72/1/25
f 74/1/25 55/1/25 75/1/25
f 55/1/25 57/1/25 75/1/25
s 1
f 76/1/31 77/1/31 60/1/27
f 77/1/31 62/1/27 60/1/27
f 78/1/32 79/1/33 80/1/34
f 79/1/33 81/1/35 80/1/34
f 82/1/36 83/1/36 84/1/36
f 83/1/36 85/1/36 84/1/36
f 86/1/37 87/1/38 88/1/37
f 87/1/38 89/1/38 88/1/37
s 0
f 90/1/25 91/1/25 92/1/25
f 91/1/25 74/1/25 92/1/25
s 1
f 88/1/37 54/1/24 86/1/37
f 54/1/24 53/1/2 86/1/37
f 93/1/39 94/1/40 50/1/3
f 94/1/40 52/1/3 50/1/3
s 0
f 92/1/25 74/1/25 75/1/25
f 56/1/25 72/1/25 58/1/25
s 1
f 93/1/39 95/1/41 94/1/40
f 95/1/41 96/1/41 94/1/40
f 97/1/42 98/1/43 99/1/44
f 99/1/44 98/1/43 100/1/45
f 98/1/43 101/1/45 100/1/45
f 102/1/46 99/1/44 103/1/47
f 99/1/44 102/1/46 97/1/42
f 104/1/48 105/1/49 106/1/50
f 107/1/51 108/1/52 109/1/51
f 108/1/52 104/1/48 109/1/51
f 106/1/50 110/1/53 111/1/54
f 111/1/54 110/1/53 112/1/55
f 108/1/52 105/1/49 104/1/48
f 106/1/50 105/1/49 110/1/53
s 0
f 113/1/56 114/1/56 115/1/56
f 114/1/57 116/1/57 115/1/57
f 117/1/58 118/1/58 119/1/58
f 118/1/59 120/1/59 119/1/59
f 121/1/5 122/1/5 123/1/5
f 122/1/5 124/1/5 123/1/5
s 1
f 125/1/60 126/1/61 127/1/62
f 127/1/62 126/1/61 128/1/63
f 129/1/64 127/1/62 130/1/65
f 127/1/62 129/1/64 125/1/60
f 131/1/66 132/1/67 133/1/68
f 134/1/69 135/1/70 136/1/69
f 135/1/70 131/1/66 136/1/69
f 133/1/68 137/1/71 138/1/72
f 138/1/72 137/1/71 139/1/73
f 135/1/70 132/1/67 131/1/66
f 133/1/68 132/1/67 137/1/71
s 0
f 140/1/74 141/1/74 142/1/74
f 141/1/75 143/1/75 142/1/75
f 144/1/76 145/1/76 146/1/76
f 145/1/77 147/1/77 146/1/77
f 148/1/5 149/1/5 150/1/5
f 149/1/5 151/1/5 150/1/5
f 152/1/25 153/1/25 154/1/25
f 153/1/25 155/1/25 154/1/25
f 153/1/25 156/1/25 155/1/25
f 156/1/25 157/1/25 155/1/25
f 156/1/25 158/1/25 157/1/25
f 158/1/25 159/1/25 157/1/25
f 158/1/25 160/1/25 159/1/25
f 160/1/25 161/1/25 159/1/25
s 1
f 160/1/25 162/1/25 161/1/25
f 162/1/25 163/1/25 161/1/25
f 164/1/78 165/1/79 166/1/80
f 165/1/79 167/1/81 166/1/80
f 168/1/82 169/1/83 170/1/84
f 169/1/83 171/1/85 170/1/84
f 169/1/83 166/1/80 171/1/85
f 166/1/80 167/1/81 171/1/85
f 172/1/86 173/1/87 174/1/88
f 173/1/87 175/1/89 174/1/88
s 0
f 176/1/5 177/1/5 178/1/5
f 177/1/90 179/1/90 178/1/90
f 180/1/5 177/1/5 181/1/5
f 177/1/5 182/1/5 181/1/5
s 1
f 183/1/91 184/1/92 185/1/93
f 184/1/92 186/1/94 185/1/93
f 187/1/95 168/1/82 188/1/96
f 168/1/82 170/1/84 188/1/96
f 186/1/94 187/1/95 185/1/93
f 187/1/95 188/1/96 185/1/93
f 189/1/97 190/1/98 191/1/97
f 190/1/98 192/1/99 191/1/97
s 0
f 193/1/5 194/1/5 195/1/5
f 194/1/5 196/1/5 195/1/5
f 194/1/5 180/1/5 196/1/5
f 180/1/5 181/1/5 196/1/5
s 1
f 173/1/87 197/1/7 175/1/89
f 197/1/7 198/1/7 175/1/89
f 191/1/97 198/1/7 189/1/97
f 198/1/7 197/1/7 189/1/97
f 199/1/100 200/1/100 201/1/101
f 200/1/100 202/1/102 201/1/101
f 203/1/103 204/1/103 205/1/104
f 204/1/103 206/1/105 205/1/104
f 206/1/105 207/1/106 205/1/104
f 207/1/106 208/1/106 205/1/104
f 201/1/101 202/1/102 209/1/107
f 202/1/102 210/1/108 209/1/107
f 211/1/109 208/1/106 212/1/109
f 208/1/106 207/1/106 212/1/109
f 209/1/107 210/1/108 213/1/110
f 210/1/108 214/1/111 213/1/110
f 213/1/110 214/1/111 215/1/112
f 214/1/111 216/1/112 215/1/112
f 217/1/113 218/1/114 219/1/115
f 218/1/114 220/1/116 219/1/115
f 221/1/117 222/1/117 223/1/118
f 222/1/117 224/1/119 223/1/118
f 223/1/118 224/1/119 212/1/109
f 224/1/119 211/1/109 212/1/109
f 225/1/120 226/1/121 199/1/100
f 226/1/121 200/1/100 199/1/100
f 227/1/122 228/1/122 229/1/122
s 0
f 230/1/5 231/1/5 232/1/5
f 231/1/5 233/1/5 232/1/5
s 1
f 234/1/123 235/1/123 236/1/123
f 235/1/123 237/1/123 236/1/123
f 238/1/124 239/1/124 216/1/112
f 239/1/124 215/1/112 216/1/112
s 0
f 240/1/25 241/1/25 152/1/25
s 1
f 241/1/25 242/1/25 152/1/25
f 226/1/121 225/1/120 217/1/113
f 225/1/120 218/1/114 217/1/113
f 243/1/125 244/1/126 245/1/127
f 244/1/126 246/1/128 245/1/127
f 190/1/98 247/1/129 248/1/129
f 239/1/124 238/1/124 221/1/117
f 238/1/124 222/1/117 221/1/117
f 190/1/98 248/1/129 192/1/99
s 0
f 249/1/5 250/1/5 193/1/5
f 250/1/5 251/1/5 193/1/5
f 252/1/130 253/1/130 254/1/130
s 1
f 253/1/130 255/1/130 254/1/130
s 0
f 248/1/129 247/1/129 256/1/129
f 247/1/129 257/1/129 256/1/129
s 1
f 227/1/122 258/1/122 259/1/122
f 258/1/122 260/1/122 259/1/122
s 0
f 261/1/131 262/1/131 263/1/131
f 262/1/131 264/1/131 263/1/131
f 249/1/5 193/1/5 265/1/5
f 193/1/5 195/1/5 265/1/5
s 1
f 228/1/122 227/1/122 259/1/122
s 0
f 240/1/25 152/1/25 154/1/25
s 1
f 219/1/115 220/1/116 203/1/103
f 220/1/116 204/1/103 203/1/103
f 266/1/5 267/1/5 268/1/5
f 267/1/5 269/1/5 268/1/5
f 270/1/5 271/1/5 179/1/132
f 271/1/5 178/1/133 179/1/132
f 245/1/127 272/1/134 243/1/125
f 272/1/134 273/1/134 243/1/125
f 274/1/135 275/1/136 276/1/135
f 275/1/136 277/1/137 276/1/135
f 278/1/138 279/1/138 280/1/139
f 279/1/138 281/1/138 280/1/139
f 282/1/5 268/1/5 269/1/5
f 283/1/5 282/1/5 284/1/5
f 282/1/5 269/1/5 284/1/5
s 0
f 176/1/5 285/1/5 177/1/5
f 285/1/5 182/1/5 177/1/5
f 286/1/25 287/1/25 288/1/25
f 287/1/25 289/1/25 288/1/25
f 287/1/25 290/1/25 289/1/25
f 290/1/25 291/1/25 289/1/25
f 290/1/25 292/1/25 291/1/25
f 292/1/25 293/1/25 291/1/25
f 292/1/25 294/1/25 293/1/25
f 294/1/25 295/1/25 293/1/25
s 1
f 294/1/25 296/1/25 295/1/25
f 296/1/25 297/1/25 295/1/25
f 298/1/140 299/1/140 300/1/141
f 299/1/140 301/1/142 300/1/141
f 302/1/143 303/1/144 304/1/145
f 303/1/144 305/1/146 304/1/145
f 303/1/144 300/1/141 305/1/146
f 300/1/141 301/1/142 305/1/146
f 306/1/147 307/1/148 308/1/147
f 307/1/148 309/1/149 308/1/147
s 0
f 310/1/5 311/1/5 312/1/5
f 311/1/150 313/1/150 312/1/150
f 314/1/5 311/1/5 315/1/5
f 311/1/5 316/1/5 315/1/5
s 1
f 317/1/151 318/1/152 319/1/153
f 318/1/152 320/1/154 319/1/153
f 321/1/155 302/1/143 322/1/156
f 302/1/143 304/1/145 322/1/156
f 320/1/154 321/1/155 319/1/153
f 321/1/155 322/1/156 319/1/153
f 323/1/157 324/1/158 325/1/157
f 324/1/158 326/1/159 325/1/157
s 0
f 327/1/5 328/1/5 329/1/5
f 328/1/5 330/1/5 329/1/5
f 328/1/5 314/1/5 330/1/5
f 314/1/5 315/1/5 330/1/5
s 1
f 307/1/148 331/1/1 309/1/149
f 331/1/1 332/1/1 309/1/149
f 325/1/157 332/1/1 323/1/157
f 332/1/1 331/1/1 323/1/157
f 333/1/160 334/1/160 335/1/161
f 334/1/160 336/1/161 335/1/161
f 337/1/162 338/1/163 339/1/164
f 338/1/163 340/1/164 339/1/164
f 340/1/164 341/1/165 339/1/164
f 341/1/165 342/1/165 339/1/164
f 335/1/161 336/1/161 343/1/166
f 336/1/161 344/1/166 343/1/166
f 345/1/111 342/1/165 346/1/111
f 342/1/165 341/1/165 346/1/111
f 343/1/166 344/1/166 347/1/109
f 344/1/166 348/1/167 347/1/109
f 347/1/109 348/1/167 349/1/168
f 348/1/167 350/1/168 349/1/168
f 351/1/169 352/1/170 353/1/171
f 352/1/170 354/1/171 353/1/171
f 355/1/172 356/1/172 357/1/173
f 356/1/172 358/1/174 357/1/173
f 357/1/173 358/1/174 346/1/111
f 358/1/174 345/1/111 346/1/111
f 359/1/175 360/1/176 333/1/160
f 360/1/176 334/1/160 333/1/160
f 361/1/177 362/1/177 363/1/177
s 0
f 364/1/5 365/1/5 366/1/5
f 365/1/5 367/1/5 366/1/5
s 1
f 368/1/178 369/1/178 370/1/178
f 369/1/178 371/1/178 370/1/178
f 372/1/179 373/1/179 350/1/168
f 373/1/179 349/1/168 350/1/168
s 0
f 374/1/25 375/1/25 286/1/25
s 1
f 375/1/25 376/1/25 286/1/25
f 360/1/176 359/1/175 351/1/169
f 359/1/175 352/1/170 351/1/169
f 377/1/180 378/1/181 379/1/180
f 378/1/181 380/1/181 379/1/180
f 324/1/158 381/1/182 382/1/182
f 373/1/179 372/1/179 355/1/172
f 372/1/179 356/1/172 355/1/172
f 324/1/158 382/1/182 326/1/159
s 0
f 383/1/5 384/1/5 327/1/5
f 384/1/5 385/1/5 327/1/5
f 386/1/183 387/1/183 388/1/183
s 1
f 387/1/183 389/1/183 388/1/183
s 0
f 382/1/182 381/1/182 390/1/182
f 381/1/182 391/1/182 390/1/182
s 1
f 361/1/177 392/1/177 393/1/177
f 392/1/177 394/1/177 393/1/177
s 0
f 395/1/184 396/1/184 397/1/184
f 396/1/184 398/1/184 397/1/184
f 383/1/5 327/1/5 399/1/5
f 327/1/5 329/1/5 399/1/5
s 1
f 362/1/177 361/1/177 393/1/177
s 0
f 374/1/25 286/1/25 288/1/25
s 1
f 353/1/171 354/1/171 337/1/162
f 354/1/171 338/1/163 337/1/162
f 400/1/5 401/1/5 402/1/5
f 401/1/5 403/1/5 402/1/5
f 404/1/5 405/1/5 313/1/5
f 405/1/5 312/1/185 313/1/5
f 379/1/180 406/1/186 377/1/180
f 406/1/186 407/1/186 377/1/180
f 408/1/187 409/1/188 410/1/187
f 409/1/188 411/1/189 410/1/187
f 412/1/190 413/1/190 414/1/191
f 413/1/190 415/1/190 414/1/191
f 416/1/5 402/1/5 403/1/5
f 417/1/5 416/1/5 418/1/5
f 416/1/5 403/1/5 418/1/5
s 0
f 310/1/5 419/1/5 311/1/5
f 419/1/5 316/1/5 311/1/5
s 1
f 420/1/192 421/1/192 422/1/1
f 421/1/192 423/1/1 422/1/1
f 424/1/193 425/1/194 426/1/193
f 425/1/194 427/1/194 426/1/193
s 0
f 428/1/5 429/1/5 430/1/5
f 429/1/5 431/1/5 430/1/5
f 432/1/5 433/1/5 434/1/5
f 433/1/5 435/1/5 434/1/5
f 436/1/5 432/1/5 437/1/5
f 432/1/5 434/1/5 437/1/5
s 1
f 438/1/195 439/1/196 440/1/195
f 439/1/196 441/1/197 440/1/195
f 440/1/195 442/1/198 438/1/195
f 442/1/198 443/1/198 438/1/195
f 444/1/7 441/1/197 445/1/7
f 441/1/197 439/1/196 445/1/7
f 446/1/199 447/1/199 448/1/98
f 447/1/199 449/1/98 448/1/98
f 442/1/198 447/1/199 443/1/198
f 447/1/199 446/1/199 443/1/198
f 450/1/200 451/1/201 452/1/202
f 451/1/201 453/1/203 452/1/202
s 0
f 429/1/5 436/1/5 431/1/5
f 436/1/5 437/1/5 431/1/5
s 1
f 452/1/202 453/1/203 420/1/192
f 453/1/203 421/1/192 420/1/192
f 424/1/193 426/1/193 450/1/200
f 426/1/193 451/1/201 450/1/200
f 454/1/204 422/1/1 455/1/204
f 422/1/1 423/1/1 455/1/204
f 456/1/205 457/1/205 458/1/206
f 457/1/205 459/1/206 458/1/206
s 0
f 460/1/5 461/1/5 462/1/5
f 461/1/5 463/1/5 462/1/5
f 461/1/5 464/1/5 463/1/5
f 464/1/5 465/1/5 463/1/5
s 1
f 466/1/86 467/1/86 468/1/207
f 467/1/86 469/1/207 468/1/207
f 469/1/207 444/1/7 468/1/207
f 444/1/7 445/1/7 468/1/207
f 470/1/208 471/1/209 472/1/208
f 471/1/209 473/1/209 472/1/208
f 474/1/210 470/1/208 475/1/211
f 470/1/208 472/1/208 475/1/211
f 476/1/212 477/1/74 478/1/213
f 477/1/74 479/1/74 478/1/213
f 477/1/74 454/1/204 479/1/74
f 454/1/204 455/1/204 479/1/74
f 478/1/213 457/1/205 476/1/212
f 457/1/205 456/1/205 476/1/212
f 475/1/211 467/1/86 474/1/210
f 467/1/86 466/1/86 474/1/210
f 480/1/214 481/1/215 482/1/216
f 481/1/215 483/1/215 482/1/216
f 484/1/217 485/1/218 486/1/219
f 485/1/218 487/1/218 486/1/219
f 486/1/219 480/1/214 484/1/217
f 480/1/214 482/1/216 484/1/217
s 0
f 488/1/220 489/1/220 490/1/220
f 491/1/221 492/1/221 488/1/221
f 492/1/221 493/1/221 488/1/221
s 1
f 494/1/222 495/1/222 496/1/223
f 495/1/222 497/1/223 496/1/223
f 498/1/224 499/1/225 485/1/218
f 499/1/225 487/1/218 485/1/218
f 499/1/225 498/1/224 494/1/222
f 498/1/224 495/1/222 494/1/222
s 0
f 500/1/226 501/1/226 502/1/226
f 501/1/220 503/1/220 502/1/220
f 502/1/25 503/1/25 504/1/25
f 503/1/25 505/1/25 504/1/25
s 1
f 506/1/5 507/1/5 508/1/5
f 509/1/132 510/1/132 511/1/5
f 512/1/5 513/1/5 514/1/5
f 515/1/5 516/1/5 517/1/5
f 518/1/5 519/1/5 520/1/5
f 519/1/5 510/1/132 520/1/5
f 521/1/5 520/1/5 510/1/132
f 521/1/5 510/1/132 509/1/132
f 513/1/5 515/1/5 514/1/5
f 522/1/5 523/1/5 524/1/5
f 511/1/5 525/1/5 509/1/132
f 507/1/5 525/1/5 511/1/5
f 508/1/5 507/1/5 526/1/5
f 515/1/5 517/1/5 527/1/5
f 528/1/5 513/1/5 512/1/5
f 523/1/5 529/1/5 507/1/5
f 507/1/5 529/1/5 530/1/5
f 522/1/5 529/1/5 523/1/5
f 506/1/5 525/1/5 507/1/5
f 531/1/5 513/1/5 528/1/5
f 532/1/5 519/1/5 518/1/5
f 515/1/5 527/1/5 514/1/5
f 533/1/227 534/1/228 535/1/229
f 534/1/228 536/1/228 535/1/229
f 535/1/229 536/1/228 537/1/228
f 538/1/230 539/1/230 540/1/231
f 539/1/230 541/1/231 540/1/231
f 542/1/232 539/1/230 543/1/232
f 539/1/230 538/1/230 543/1/232
f 544/1/233 545/1/234 535/1/229
f 545/1/234 546/1/235 535/1/229
f 547/1/236 548/1/236 544/1/233
f 548/1/236 545/1/234 544/1/233
f 533/1/227 535/1/229 546/1/235
s 0
f 549/1/5 519/1/5 515/1/5
s 1
f 550/1/237 551/1/237 552/1/238
f 551/1/237 553/1/238 552/1/238
f 554/1/239 555/1/240 556/1/49
f 555/1/240 557/1/49 556/1/49
f 558/1/241 559/1/242 560/1/241
f 559/1/242 561/1/242 560/1/241
f 542/1/232 543/1/232 560/1/241
f 543/1/232 558/1/241 560/1/241
f 562/1/243 555/1/240 563/1/244
f 555/1/240 564/1/245 563/1/244
f 547/1/236 562/1/243 548/1/236
f 562/1/243 563/1/244 548/1/236
f 552/1/238 553/1/238 559/1/242
f 553/1/238 561/1/242 559/1/242
f 554/1/239 564/1/245 555/1/240
f 565/1/25 566/1/220 567/1/25
f 566/1/220 568/1/25 567/1/25
s 0
f 569/1/5 507/1/5 511/1/5
f 570/1/5 507/1/5 569/1/5
s 1
f 526/1/5 507/1/5 571/1/5
f 572/1/5 519/1/5 573/1/5
f 519/1/5 532/1/5 573/1/5
f 515/1/5 519/1/5 574/1/5
f 519/1/5 572/1/5 574/1/5
f 515/1/5 574/1/5 516/1/5
s 0
f 574/1/5 575/1/5 516/1/5
s 1
f 576/1/246 577/1/247 578/1/246
f 577/1/247 579/1/247 578/1/246
f 576/1/246 578/1/246 580/1/248
f 581/1/249 579/1/247 582/1/250
f 579/1/247 577/1/247 582/1/250
f 583/1/251 581/1/249 584/1/252
f 581/1/249 582/1/250 584/1/252
f 585/1/253 586/1/254 587/1/255
f 585/1/253 588/1/256 586/1/254
f 589/1/257 588/1/256 585/1/253
f 590/1/258 591/1/259 592/1/258
f 591/1/259 593/1/260 592/1/258
f 594/1/261 595/1/261 596/1/262
f 597/1/263 598/1/264 599/1/265
f 600/1/266 597/1/263 599/1/265
f 600/1/266 599/1/265 601/1/267
f 602/1/268 603/1/269 604/1/270
f 603/1/269 605/1/271 604/1/270
f 606/1/272 607/1/273 608/1/274
f 607/1/273 609/1/275 608/1/274
f 610/1/276 606/1/272 611/1/277
f 606/1/272 608/1/274 611/1/277
f 612/1/278 604/1/270 613/1/279
f 604/1/270 605/1/271 613/1/279
f 613/1/279 605/1/271 614/1/280
f 605/1/271 611/1/277 614/1/280
f 615/1/281 616/1/282 609/1/275
f 616/1/282 608/1/274 609/1/275
f 608/1/274 616/1/282 611/1/277
f 616/1/282 614/1/280 611/1/277
f 617/1/283 595/1/261 594/1/261
f 618/1/284 619/1/284 620/1/285
f 621/1/286 622/1/287 618/1/284
f 622/1/287 619/1/284 618/1/284
f 622/1/287 621/1/286 623/1/288
f 623/1/288 624/1/289 622/1/287
f 624/1/289 625/1/289 622/1/287
s 0
f 626/1/5 512/1/5 627/1/5
f 512/1/5 514/1/5 627/1/5
s 1
f 628/1/290 629/1/291 630/1/292
f 631/1/293 632/1/294 633/1/295
f 632/1/294 634/1/294 633/1/295
f 635/1/296 636/1/297 637/1/298
f 636/1/297 638/1/297 637/1/298
f 639/1/299 640/1/300 641/1/301
f 640/1/300 642/1/301 641/1/301
f 634/1/294 632/1/294 642/1/301
f 632/1/294 641/1/301 642/1/301
f 643/1/302 644/1/302 636/1/297
f 644/1/302 638/1/297 636/1/297
f 645/1/303 631/1/293 633/1/295
f 646/1/304 629/1/291 628/1/290
f 647/1/305 648/1/306 649/1/307
f 648/1/306 650/1/308 649/1/307
f 649/1/307 651/1/309 647/1/305
f 651/1/309 652/1/309 647/1/305
f 653/1/310 654/1/311 655/1/310
f 654/1/311 656/1/311 655/1/310
f 651/1/309 657/1/312 652/1/309
f 657/1/312 658/1/313 652/1/309
f 659/1/314 637/1/298 660/1/315
f 635/1/296 637/1/298 659/1/314
f 661/1/316 662/1/317 663/1/318
f 664/1/319 665/1/319 666/1/320
f 665/1/319 667/1/320 666/1/320
f 668/1/321 669/1/322 670/1/323
f 671/1/324 672/1/325 667/1/320
f 672/1/325 666/1/320 667/1/320
f 671/1/324 670/1/323 672/1/325
f 670/1/323 669/1/322 672/1/325
f 673/1/326 674/1/327 675/1/328
f 674/1/327 676/1/329 675/1/328
f 677/1/330 678/1/331 679/1/332
f 678/1/331 680/1/331 679/1/332
f 681/1/333 677/1/330 679/1/332
f 678/1/331 673/1/326 680/1/331
f 673/1/326 675/1/328 680/1/331
f 682/1/334 683/1/334 684/1/335
f 683/1/334 685/1/335 684/1/335
f 686/1/336 683/1/334 682/1/334
f 665/1/319 664/1/319 687/1/337
f 664/1/319 688/1/337 687/1/337
f 684/1/335 685/1/335 688/1/337
f 685/1/335 687/1/337 688/1/337
f 689/1/338 690/1/339 691/1/338
f 690/1/339 692/1/339 691/1/338
f 689/1/338 691/1/338 693/1/340
f 691/1/338 694/1/340 693/1/340
f 693/1/340 694/1/340 695/1/341
f 694/1/340 696/1/341 695/1/341
f 697/1/210 695/1/341 698/1/210
f 695/1/341 696/1/341 698/1/210
f 662/1/317 699/1/342 663/1/318
f 699/1/342 700/1/342 663/1/318
f 701/1/343 674/1/327 702/1/344
f 703/1/345 701/1/343 702/1/344
f 704/1/346 705/1/347 706/1/346
f 705/1/347 707/1/348 706/1/346
f 708/1/349 709/1/349 705/1/347
f 709/1/349 707/1/348 705/1/347
f 704/1/346 706/1/346 699/1/342
f 706/1/346 700/1/342 699/1/342
f 676/1/329 674/1/327 710/1/350
f 674/1/327 701/1/343 710/1/350
f 711/1/351 709/1/349 708/1/349
f 712/1/352 713/1/353 714/1/354
f 713/1/353 715/1/12 714/1/354
f 716/1/355 713/1/353 717/1/356
f 713/1/353 712/1/352 717/1/356
f 716/1/355 717/1/356 718/1/357
f 717/1/356 719/1/358 718/1/357
f 720/1/359 721/1/360 722/1/361
f 721/1/360 723/1/362 724/1/363
f 721/1/360 724/1/363 722/1/361
f 725/1/364 724/1/363 726/1/365
f 725/1/364 726/1/365 727/1/366
f 728/1/367 729/1/368 730/1/367
f 729/1/368 731/1/368 730/1/367
f 729/1/368 732/1/369 731/1/368
f 733/1/370 734/1/371 735/1/372
f 736/1/373 728/1/367 734/1/371
f 728/1/367 730/1/367 734/1/371
f 737/1/374 738/1/375 739/1/376
f 740/1/377 737/1/374 741/1/378
f 737/1/374 739/1/376 741/1/378
f 741/1/378 739/1/376 742/1/379
f 739/1/376 743/1/380 742/1/379
f 723/1/362 721/1/360 742/1/379
f 721/1/360 741/1/378 742/1/379
f 721/1/360 720/1/359 741/1/378
f 720/1/359 740/1/377 741/1/378
f 744/1/381 745/1/329 746/1/381
f 745/1/329 738/1/375 746/1/381
f 745/1/329 743/1/380 738/1/375
f 743/1/380 739/1/376 738/1/375
f 747/1/382 748/1/383 749/1/384
f 748/1/383 750/1/385 749/1/384
f 751/1/386 752/1/387 753/1/388
f 752/1/387 754/1/389 753/1/388
f 755/1/390 756/1/391 752/1/387
f 756/1/391 754/1/389 752/1/387
f 751/1/386 753/1/388 750/1/385
f 753/1/388 749/1/384 750/1/385
f 757/1/392 758/1/393 751/1/386
f 758/1/393 752/1/387 751/1/386
f 759/1/394 755/1/390 758/1/393
f 755/1/390 752/1/387 758/1/393
f 757/1/392 751/1/386 750/1/385
f 760/1/395 761/1/396 762/1/397
f 763/1/398 764/1/398 747/1/382
f 764/1/398 748/1/383 747/1/382
f 760/1/395 762/1/397 763/1/398
f 762/1/397 764/1/398 763/1/398
f 744/1/381 746/1/381 765/1/399
f 746/1/381 766/1/399 765/1/399
f 767/1/400 768/1/401 769/1/402
f 769/1/402 768/1/401 766/1/399
f 768/1/401 765/1/399 766/1/399
f 724/1/363 723/1/362 726/1/365
f 723/1/362 733/1/370 726/1/365
f 733/1/370 735/1/372 726/1/365
f 735/1/372 727/1/366 726/1/365
f 770/1/403 771/1/404 772/1/405
f 771/1/404 773/1/406 772/1/405
f 774/1/407 770/1/403 775/1/408
f 770/1/403 772/1/405 775/1/408
f 735/1/372 776/1/409 727/1/366
f 776/1/409 777/1/410 770/1/403
f 777/1/410 771/1/404 770/1/403
f 727/1/366 776/1/409 778/1/411
f 778/1/411 776/1/409 774/1/407
f 776/1/409 770/1/403 774/1/407
f 779/1/412 780/1/413 781/1/414
f 780/1/413 782/1/413 781/1/414
f 735/1/372 777/1/410 776/1/409
f 779/1/412 781/1/414 783/1/415
f 783/1/415 784/1/416 779/1/412
f 785/1/417 737/1/374 740/1/377
f 786/1/178 785/1/417 720/1/359
f 785/1/417 740/1/377 720/1/359
f 787/1/418 788/1/419 789/1/420
f 788/1/419 790/1/419 789/1/420
f 791/1/421 792/1/421 793/1/422
f 792/1/421 794/1/422 793/1/422
f 795/1/423 796/1/424 797/1/423
f 798/1/425 799/1/426 800/1/426
f 801/1/427 802/1/428 803/1/427
f 802/1/428 804/1/429 803/1/427
f 805/1/430 806/1/431 807/1/430
f 806/1/431 808/1/432 807/1/430
f 809/1/433 810/1/434 811/1/435
f 810/1/434 812/1/435 811/1/435
f 813/1/436 814/1/437 815/1/438
f 816/1/439 813/1/436 817/1/440
f 813/1/436 815/1/438 817/1/440
f 818/1/441 819/1/441 820/1/442
f 819/1/441 821/1/443 820/1/442
f 821/1/443 822/1/444 820/1/442
f 822/1/444 823/1/444 820/1/442
f 824/1/445 825/1/446 826/1/445
f 825/1/446 827/1/445 826/1/445
f 809/1/433 826/1/445 810/1/434
f 826/1/445 827/1/445 810/1/434
f 828/1/447 829/1/448 830/1/447
f 829/1/448 831/1/448 830/1/447
f 816/1/439 817/1/440 830/1/447
f 817/1/440 828/1/447 830/1/447
f 832/1/449 833/1/450 834/1/451
f 833/1/450 835/1/450 834/1/451
f 836/1/452 832/1/449 837/1/452
f 832/1/449 834/1/451 837/1/452
f 838/1/453 839/1/454 840/1/455
f 839/1/454 841/1/454 840/1/455
f 842/1/456 838/1/453 843/1/456
f 838/1/453 840/1/455 843/1/456
f 841/1/454 839/1/454 844/1/457
f 839/1/454 845/1/457 844/1/457
f 846/1/458 844/1/457 845/1/457
f 847/1/459 848/1/460 849/1/459
f 848/1/460 850/1/460 849/1/459
f 848/1/460 836/1/452 850/1/460
f 836/1/452 837/1/452 850/1/460
f 851/1/461 852/1/462 853/1/463
f 852/1/462 854/1/462 853/1/463
f 855/1/464 851/1/461 856/1/465
f 851/1/461 853/1/463 856/1/465
f 857/1/466 858/1/442 859/1/466
f 858/1/442 860/1/442 859/1/466
f 861/1/467 857/1/466 862/1/467
f 857/1/466 859/1/466 862/1/467
f 831/1/448 829/1/448 863/1/448
f 829/1/448 864/1/448 863/1/448
f 865/1/468 863/1/448 864/1/448
f 866/1/469 825/1/446 867/1/469
f 825/1/446 824/1/445 867/1/469
f 866/1/469 867/1/469 868/1/470
f 867/1/469 869/1/471 868/1/470
f 849/1/459 870/1/472 847/1/459
f 871/1/473 872/1/473 873/1/474
f 872/1/473 874/1/473 873/1/474
f 875/1/475 876/1/476 877/1/477
f 869/1/471 875/1/475 868/1/470
f 868/1/470 875/1/475 877/1/477
f 878/1/478 879/1/479 880/1/480
f 879/1/479 881/1/479 880/1/480
f 882/1/481 878/1/478 883/1/481
f 878/1/478 880/1/480 883/1/481
f 884/1/482 885/1/483 886/1/484
f 885/1/483 887/1/483 886/1/484
f 888/1/485 889/1/486 886/1/484
f 889/1/486 884/1/482 886/1/484
f 890/1/487 891/1/487 892/1/488
f 891/1/487 893/1/488 892/1/488
f 894/1/489 895/1/489 893/1/488
f 895/1/489 892/1/488 893/1/488
f 896/1/490 897/1/490 890/1/487
f 897/1/490 891/1/487 890/1/487
f 860/1/442 858/1/442 818/1/441
f 858/1/442 819/1/441 818/1/441
f 898/1/491 805/1/430 899/1/491
f 805/1/430 807/1/430 899/1/491
f 897/1/490 896/1/490 899/1/491
f 896/1/490 898/1/491 899/1/491
f 900/1/492 901/1/493 856/1/465
f 901/1/493 855/1/464 856/1/465
f 902/1/494 903/1/495 904/1/494
f 905/1/496 790/1/419 906/1/496
f 790/1/419 788/1/419 906/1/496
f 901/1/493 900/1/492 906/1/496
f 900/1/492 905/1/496 906/1/496
f 907/1/497 792/1/421 908/1/497
f 792/1/421 791/1/421 908/1/497
f 902/1/494 904/1/494 908/1/497
f 904/1/494 907/1/497 908/1/497
f 797/1/423 835/1/450 795/1/423
f 835/1/450 833/1/450 795/1/423
s 0
f 909/1/498 910/1/498 911/1/498
s 1
f 811/1/435 812/1/435 799/1/426
f 812/1/435 800/1/426 799/1/426
f 912/1/499 913/1/500 914/1/501
f 913/1/500 915/1/502 914/1/501
f 916/1/503 917/1/504 918/1/505
f 919/1/506 920/1/506 915/1/502
f 920/1/506 914/1/501 915/1/502
f 919/1/506 918/1/505 920/1/506
f 918/1/505 917/1/504 920/1/506
f 921/1/507 922/1/508 923/1/509
f 912/1/499 924/1/510 913/1/500
f 924/1/510 925/1/511 913/1/500
f 921/1/507 923/1/509 924/1/510
f 923/1/509 925/1/511 924/1/510
f 926/1/512 927/1/513 928/1/512
f 929/1/514 930/1/514 931/1/515
f 930/1/514 932/1/516 931/1/515
f 926/1/512 928/1/512 932/1/516
f 928/1/512 931/1/515 932/1/516
f 933/1/517 930/1/514 934/1/517
f 930/1/514 929/1/514 934/1/517
f 935/1/518 936/1/519 937/1/520
f 935/1/518 938/1/521 936/1/519
f 939/1/522 940/1/523 934/1/517
f 940/1/523 933/1/517 934/1/517
f 937/1/520 936/1/519 939/1/522
f 936/1/519 940/1/523 939/1/522
f 941/1/524 942/1/524 943/1/525
f 942/1/524 944/1/525 943/1/525
f 945/1/22 946/1/37 947/1/22
f 946/1/37 948/1/526 947/1/22
f 948/1/526 946/1/37 944/1/525
f 946/1/37 943/1/525 944/1/525
f 949/1/527 950/1/528 951/1/44
f 950/1/528 952/1/44 951/1/44
f 953/1/529 954/1/530 955/1/43
f 954/1/530 956/1/43 955/1/43
f 956/1/43 942/1/524 955/1/43
f 942/1/524 941/1/524 955/1/43
f 952/1/44 954/1/530 951/1/44
f 954/1/530 953/1/529 951/1/44
f 957/1/531 958/1/532 959/1/531
f 958/1/532 960/1/532 959/1/531
f 958/1/532 961/1/533 960/1/532
f 961/1/533 962/1/534 960/1/532
f 963/1/535 964/1/535 961/1/533
f 964/1/535 962/1/534 961/1/533
f 965/1/536 964/1/535 966/1/536
f 964/1/535 963/1/535 966/1/536
f 967/1/537 968/1/537 969/1/538
f 968/1/537 970/1/538 969/1/538
f 970/1/538 957/1/531 969/1/538
f 957/1/531 959/1/531 969/1/538
f 971/1/539 972/1/540 973/1/539
f 972/1/540 974/1/540 973/1/539
f 975/1/541 976/1/541 977/1/542
f 976/1/541 978/1/542 977/1/542
f 979/1/543 980/1/543 975/1/541
f 980/1/543 976/1/541 975/1/541
s 0
f 981/1/25 982/1/25 983/1/25
f 984/1/25 985/1/25 983/1/25
f 985/1/25 981/1/25 983/1/25
f 986/1/25 987/1/25 988/1/25
f 989/1/25 984/1/25 983/1/25
s 1
f 990/1/544 991/1/545 992/1/544
f 991/1/545 993/1/545 992/1/544
f 994/1/546 990/1/544 995/1/546
f 990/1/544 992/1/544 995/1/546
f 996/1/547 994/1/546 997/1/548
f 994/1/546 995/1/546 997/1/548
f 996/1/547 997/1/548 998/1/549
f 997/1/548 999/1/550 998/1/549
f 1000/1/551 1001/1/552 1002/1/553
f 1001/1/552 1003/1/552 1002/1/553
f 972/1/540 1003/1/552 974/1/540
f 1003/1/552 1001/1/552 974/1/540
f 1004/1/7 1000/1/551 1005/1/7
f 1000/1/551 1002/1/553 1005/1/7
f 1006/1/554 1004/1/7 1007/1/555
f 1004/1/7 1005/1/7 1007/1/555
f 1007/1/555 1008/1/556 1006/1/554
f 1008/1/556 1009/1/557 1006/1/554
f 1010/1/558 999/1/550 1011/1/559
f 999/1/550 997/1/548 1011/1/559
f 1012/1/560 1010/1/558 1013/1/560
f 1010/1/558 1011/1/559 1013/1/560
f 1014/1/561 1015/1/561 1013/1/560
f 1015/1/561 1012/1/560 1013/1/560
s 0
f 986/1/25 988/1/25 983/1/25
f 988/1/25 989/1/25 983/1/25
s 1
f 978/1/542 1016/1/562 977/1/542
f 1016/1/562 1017/1/562 977/1/542
f 1016/1/562 1018/1/563 1017/1/562
f 1018/1/563 1019/1/564 1017/1/562
f 1020/1/565 1019/1/564 1021/1/565
f 1019/1/564 1018/1/563 1021/1/565
f 1022/1/566 1023/1/566 1021/1/565
f 1023/1/566 1020/1/565 1021/1/565
f 1022/1/566 1024/1/567 1023/1/566
f 1024/1/567 1025/1/567 1023/1/566
f 1026/1/568 1027/1/568 1028/1/569
f 1027/1/568 1029/1/570 1028/1/569
f 1028/1/569 1029/1/570 1030/1/571
f 1029/1/570 1031/1/571 1030/1/571
f 1032/1/572 1033/1/573 1034/1/574
f 1033/1/573 1035/1/574 1034/1/574
f 1036/1/575 1034/1/574 1035/1/574
f 1037/1/242 1038/1/242 1039/1/576
f 1038/1/242 1040/1/576 1039/1/576
f 1041/1/577 1042/1/578 1043/1/577
f 1043/1/577 1044/1/579 1041/1/577
f 1044/1/579 1045/1/579 1041/1/577
f 1046/1/580 1047/1/580 1048/1/581
f 1047/1/580 1049/1/581 1048/1/581
f 1048/1/581 1049/1/581 1040/1/576
f 1049/1/581 1039/1/576 1040/1/576
f 1032/1/572 1050/1/582 1033/1/573
f 1050/1/582 1051/1/582 1033/1/573
f 1027/1/568 1026/1/568 1052/1/583
f 1026/1/568 1053/1/584 1052/1/583
f 1054/1/585 1055/1/585 1053/1/584
f 1055/1/585 1052/1/583 1053/1/584
f 1056/1/136 1055/1/585 1057/1/136
f 1055/1/585 1054/1/585 1057/1/136
f 1058/1/586 1059/1/22 1057/1/136
f 1059/1/22 1056/1/136 1057/1/136
f 1060/1/587 1061/1/588 1062/1/587
f 1061/1/588 1063/1/588 1062/1/587
f 1064/1/589 1060/1/587 1065/1/590
f 1060/1/587 1062/1/587 1065/1/590
f 1047/1/580 1046/1/580 1066/1/591
f 1046/1/580 1067/1/591 1066/1/591
f 1068/1/157 1069/1/192 1070/1/592
f 1071/1/593 1072/1/593 1073/1/594
f 1072/1/593 1074/1/595 1073/1/594
f 1075/1/596 1076/1/596 1077/1/597
f 1076/1/596 1078/1/598 1077/1/597
f 1072/1/593 1071/1/593 1078/1/598
f 1071/1/593 1077/1/597 1078/1/598
f 1075/1/596 1079/1/599 1076/1/596
f 1079/1/599 1080/1/599 1076/1/596
f 1079/1/599 1081/1/600 1080/1/599
f 1082/1/601 1083/1/602 1084/1/603
f 1083/1/602 1085/1/604 1084/1/603
f 1086/1/605 1087/1/606 1084/1/603
f 1087/1/606 1082/1/601 1084/1/603
f 1085/1/604 1083/1/602 1088/1/607
f 1083/1/602 1089/1/608 1088/1/607
f 1090/1/609 1091/1/610 1092/1/611
f 1091/1/610 1093/1/612 1092/1/611
f 1092/1/611 1093/1/612 1094/1/613
f 1093/1/612 1095/1/614 1094/1/613
f 1096/1/615 1097/1/616 1095/1/614
f 1097/1/616 1094/1/613 1095/1/614
f 1098/1/617 1091/1/610 1090/1/609
f 1099/1/618 1098/1/617 1090/1/609
f 1100/1/619 1101/1/620 1098/1/617
f 1101/1/620 1091/1/610 1098/1/617
f 1102/1/621 1100/1/619 1099/1/618
f 1100/1/619 1098/1/617 1099/1/618
f 1103/1/622 1065/1/590 1104/1/622
f 1105/1/623 1103/1/622 1106/1/624
f 1103/1/622 1104/1/622 1106/1/624
f 1107/1/625 1105/1/623 1108/1/626
f 1105/1/623 1106/1/624 1108/1/626
f 1109/1/627 1110/1/628 1111/1/629
f 1110/1/628 1112/1/630 1111/1/629
f 1107/1/625 1108/1/626 1113/1/631
f 1108/1/626 1114/1/632 1113/1/631
f 1115/1/633 1116/1/634 1111/1/629
f 1116/1/634 1109/1/627 1111/1/629
f 1115/1/633 1113/1/631 1116/1/634
f 1113/1/631 1114/1/632 1116/1/634
f 1111/1/629 1112/1/630 1117/1/635
f 716/1/355 1118/1/636 713/1/353
f 1119/1/637 1120/1/638 718/1/357
f 1120/1/638 716/1/355 718/1/357
f 716/1/355 1120/1/638 1118/1/636
f 1121/1/639 1107/1/625 1122/1/640
f 1107/1/625 1113/1/631 1122/1/640
f 1096/1/615 1123/1/641 1088/1/607
f 1123/1/641 1124/1/642 1088/1/607
f 1125/1/643 1126/1/644 1085/1/604
f 1126/1/644 1084/1/603 1085/1/604
f 1086/1/605 1084/1/603 1126/1/644
f 1125/1/643 1085/1/604 1124/1/642
f 1085/1/604 1088/1/607 1124/1/642
f 1115/1/633 1111/1/629 1127/1/645
f 1111/1/629 1128/1/646 1127/1/645
f 1117/1/635 1129/1/647 1111/1/629
f 1129/1/647 1128/1/646 1111/1/629
f 1115/1/633 1127/1/645 1113/1/631
f 1127/1/645 1122/1/640 1113/1/631
f 1121/1/639 1105/1/623 1107/1/625
f 1093/1/612 1130/1/648 1095/1/614
f 1130/1/648 1131/1/649 1095/1/614
f 1095/1/614 1131/1/649 1096/1/615
f 1131/1/649 1123/1/641 1096/1/615
f 1093/1/612 1091/1/610 1130/1/648
f 1091/1/610 1101/1/620 1130/1/648
f 1103/1/622 1064/1/589 1065/1/590
f 1132/1/650 715/1/12 1133/1/651
f 715/1/12 713/1/353 1133/1/651
f 1097/1/616 1096/1/615 1089/1/608
f 1096/1/615 1088/1/607 1089/1/608
f 1134/1/652 1135/1/652 1074/1/595
f 1135/1/652 1073/1/594 1074/1/595
f 1070/1/592 1136/1/653 1068/1/157
f 1135/1/652 1134/1/652 1070/1/592
f 1134/1/652 1136/1/653 1070/1/592
f 1069/1/192 1068/1/157 1137/1/654
f 1068/1/157 1138/1/655 1137/1/654
f 1139/1/656 1140/1/134 1141/1/656
f 1140/1/134 1142/1/134 1141/1/656
f 1143/1/25 1144/1/25 1145/1/25
f 1144/1/25 1146/1/25 1145/1/25
f 1147/1/657 1148/1/657 1149/1/658
f 1148/1/657 1150/1/657 1149/1/658
f 1151/1/5 1152/1/5 1153/1/5
f 1154/1/659 1155/1/659 1156/1/5
f 1157/1/5 523/1/5 1158/1/5
f 1159/1/5 1160/1/5 1161/1/5
f 1162/1/5 1163/1/5 1164/1/5
f 1163/1/5 1155/1/659 1164/1/5
f 1165/1/5 1164/1/5 1155/1/659
f 1165/1/5 1155/1/659 1154/1/659
f 523/1/5 1159/1/5 1158/1/5
f 1166/1/5 513/1/5 1167/1/5
f 1156/1/5 1168/1/5 1154/1/659
f 1152/1/5 1168/1/5 1156/1/5
f 1153/1/5 1152/1/5 1169/1/5
f 1159/1/5 1161/1/5 1170/1/5
f 1171/1/5 523/1/5 1157/1/5
f 513/1/5 1172/1/5 1152/1/5
f 1152/1/5 1172/1/5 1173/1/5
f 1166/1/5 1172/1/5 513/1/5
f 1151/1/5 1168/1/5 1152/1/5
f 1174/1/5 523/1/5 1171/1/5
f 1175/1/5 1163/1/5 1162/1/5
f 1159/1/5 1170/1/5 1158/1/5
f 1176/1/660 1177/1/661 1178/1/662
f 1177/1/661 1179/1/661 1178/1/662
f 1178/1/662 1179/1/661 1180/1/663
f 1181/1/664 1182/1/664 1183/1/665
f 1182/1/664 1184/1/665 1183/1/665
f 1185/1/666 1182/1/664 1186/1/666
f 1182/1/664 1181/1/664 1186/1/666
f 1187/1/667 1188/1/668 1178/1/662
f 1188/1/668 1189/1/669 1178/1/662
f 1190/1/670 1191/1/670 1187/1/667
f 1191/1/670 1188/1/668 1187/1/667
f 1176/1/660 1178/1/662 1189/1/669
s 0
f 1192/1/5 1163/1/5 1159/1/5
f 1193/1/671 1194/1/671 1195/1/671
s 1
f 1196/1/210 1197/1/672 1198/1/664
f 1197/1/672 1199/1/664 1198/1/664
f 1200/1/673 1201/1/674 1202/1/675
f 1201/1/674 1203/1/676 1202/1/675
f 1204/1/677 1205/1/678 1206/1/677
f 1205/1/678 1207/1/678 1206/1/677
f 1185/1/666 1186/1/666 1206/1/677
f 1186/1/666 1204/1/677 1206/1/677
f 1208/1/679 1201/1/674 1209/1/680
f 1201/1/674 1210/1/681 1209/1/680
f 1190/1/670 1208/1/679 1191/1/670
f 1208/1/679 1209/1/680 1191/1/670
f 1198/1/664 1199/1/664 1205/1/678
f 1199/1/664 1207/1/678 1205/1/678
f 1200/1/673 1210/1/681 1201/1/674
f 1211/1/25 1212/1/25 1213/1/25
f 1212/1/25 1214/1/25 1213/1/25
s 0
f 1215/1/5 1152/1/5 1156/1/5
f 1216/1/5 1152/1/5 1215/1/5
s 1
f 1169/1/5 1152/1/5 1217/1/5
f 1218/1/5 1163/1/5 1219/1/5
f 1163/1/5 1175/1/5 1219/1/5
f 1159/1/5 1163/1/5 1220/1/659
f 1163/1/5 1218/1/5 1220/1/659
f 1159/1/5 1220/1/659 1160/1/5
s 0
f 1220/1/5 1221/1/5 1160/1/5
s 1
f 1222/1/682 1223/1/683 1224/1/682
f 1223/1/683 1225/1/683 1224/1/682
f 1222/1/682 1224/1/682 1226/1/684
f 1227/1/685 1225/1/683 1228/1/685
f 1225/1/683 1223/1/683 1228/1/685
f 1229/1/686 1227/1/685 1230/1/686
f 1227/1/685 1228/1/685 1230/1/686
f 1231/1/687 1232/1/688 1233/1/689
f 1231/1/687 1234/1/690 1232/1/688
f 1235/1/691 1234/1/690 1231/1/687
f 1236/1/692 1237/1/692 1238/1/692
f 1237/1/692 1239/1/692 1238/1/692
f 1240/1/693 1241/1/693 1242/1/694
f 1243/1/695 1244/1/696 1245/1/697
f 1246/1/698 1243/1/695 1245/1/697
f 1246/1/698 1245/1/697 1247/1/699
f 1248/1/700 1249/1/701 1250/1/702
f 1249/1/701 1251/1/703 1250/1/702
f 1252/1/704 1253/1/705 1254/1/706
f 1253/1/705 1255/1/707 1254/1/706
f 1256/1/708 1252/1/704 1257/1/709
f 1252/1/704 1254/1/706 1257/1/709
f 1258/1/710 1250/1/702 1259/1/711
f 1250/1/702 1251/1/703 1259/1/711
f 1259/1/711 1251/1/703 1260/1/712
f 1251/1/703 1257/1/709 1260/1/712
f 1261/1/713 1262/1/714 1255/1/707
f 1262/1/714 1254/1/706 1255/1/707
f 1254/1/706 1262/1/714 1257/1/709
f 1262/1/714 1260/1/712 1257/1/709
f 1263/1/715 1241/1/693 1240/1/693
f 1264/1/716 1265/1/716 1266/1/717
f 1267/1/718 1268/1/719 1264/1/716
f 1268/1/719 1265/1/716 1264/1/716
f 1268/1/719 1267/1/718 1269/1/720
f 1269/1/720 1270/1/721 1268/1/719
f 1270/1/721 1271/1/722 1268/1/719
s 0
f 1272/1/5 1157/1/5 1273/1/5
f 1157/1/5 1158/1/5 1273/1/5
s 1
f 1274/1/723 1275/1/724 1276/1/725
f 1277/1/726 1278/1/727 1279/1/728
f 1278/1/727 1280/1/727 1279/1/728
f 1281/1/729 1282/1/730 1283/1/731
f 1282/1/730 1284/1/730 1283/1/731
f 1285/1/732 1286/1/732 1287/1/733
f 1286/1/732 1288/1/733 1287/1/733
f 1280/1/727 1278/1/727 1288/1/733
f 1278/1/727 1287/1/733 1288/1/733
f 1289/1/734 1290/1/734 1282/1/730
f 1290/1/734 1284/1/730 1282/1/730
f 1291/1/735 1277/1/726 1279/1/728
f 1292/1/736 1275/1/724 1274/1/723
f 1293/1/737 1294/1/738 1295/1/739
f 1294/1/738 1296/1/740 1295/1/739
f 1295/1/739 1297/1/741 1293/1/737
f 1297/1/741 1298/1/741 1293/1/737
f 1299/1/742 1300/1/742 1301/1/742
f 1300/1/742 1302/1/742 1301/1/742
f 1297/1/741 1303/1/743 1298/1/741
f 1303/1/743 1304/1/744 1298/1/741
f 1305/1/745 1283/1/731 1306/1/746
f 1281/1/729 1283/1/731 1305/1/745
f 1307/1/747 1308/1/748 1309/1/749
f 1310/1/750 1311/1/750 1312/1/751
f 1311/1/750 1313/1/751 1312/1/751
f 1314/1/752 1315/1/753 1316/1/754
f 1317/1/755 1318/1/756 1313/1/751
f 1318/1/756 1312/1/751 1313/1/751
f 1317/1/755 1316/1/754 1318/1/756
f 1316/1/754 1315/1/753 1318/1/756
f 1319/1/757 1320/1/758 1321/1/757
f 1320/1/758 1322/1/759 1321/1/757
f 1323/1/760 1324/1/761 1325/1/762
f 1324/1/761 1326/1/761 1325/1/762
f 1327/1/763 1323/1/760 1325/1/762
f 1324/1/761 1319/1/757 1326/1/761
f 1319/1/757 1321/1/757 1326/1/761
f 1328/1/764 1329/1/764 1330/1/765
f 1329/1/764 1331/1/765 1330/1/765
f 1332/1/766 1329/1/764 1328/1/764
f 1311/1/750 1310/1/750 1333/1/767
f 1310/1/750 1334/1/767 1333/1/767
f 1330/1/765 1331/1/765 1334/1/767
f 1331/1/765 1333/1/767 1334/1/767
f 1335/1/768 1336/1/769 1337/1/768
f 1336/1/769 1338/1/769 1337/1/768
f 1335/1/768 1337/1/768 1339/1/770
f 1337/1/768 1340/1/770 1339/1/770
f 1339/1/770 1340/1/770 1341/1/771
f 1340/1/770 1342/1/771 1341/1/771
f 1343/1/772 1341/1/771 1344/1/772
f 1341/1/771 1342/1/771 1344/1/772
f 1308/1/748 1345/1/773 1309/1/749
f 1345/1/773 1346/1/773 1309/1/749
f 1347/1/774 1320/1/758 1348/1/775
f 1349/1/776 1347/1/774 1348/1/775
f 1350/1/777 1351/1/778 1352/1/777
f 1351/1/778 1353/1/779 1352/1/777
f 1354/1/780 1355/1/780 1351/1/778
f 1355/1/780 1353/1/779 1351/1/778
f 1350/1/777 1352/1/777 1345/1/773
f 1352/1/777 1346/1/773 1345/1/773
f 1322/1/759 1320/1/758 1356/1/781
f 1320/1/758 1347/1/774 1356/1/781
f 1357/1/782 1355/1/780 1354/1/780
f 1358/1/783 1359/1/784 1360/1/785
f 1359/1/784 1361/1/786 1360/1/785
f 1362/1/787 1359/1/784 1363/1/788
f 1359/1/784 1358/1/783 1363/1/788
f 1362/1/787 1363/1/788 1364/1/789
f 1363/1/788 1365/1/790 1364/1/789
f 1366/1/791 1367/1/792 1368/1/793
f 1367/1/792 1369/1/794 1370/1/795
f 1367/1/792 1370/1/795 1368/1/793
f 1371/1/796 1370/1/795 1372/1/797
f 1371/1/796 1372/1/797 1373/1/798
f 1374/1/799 1375/1/444 1376/1/800
f 1375/1/444 1377/1/801 1376/1/800
f 1375/1/444 1378/1/802 1377/1/801
f 1379/1/803 1380/1/804 1381/1/805
f 1382/1/806 1374/1/799 1383/1/806
f 1374/1/799 1376/1/800 1383/1/806
f 1384/1/807 1385/1/808 1386/1/809
f 1387/1/810 1384/1/807 1388/1/811
f 1384/1/807 1386/1/809 1388/1/811
f 1388/1/811 1386/1/809 1389/1/812
f 1386/1/809 1390/1/813 1389/1/812
f 1369/1/794 1367/1/792 1389/1/812
f 1367/1/792 1388/1/811 1389/1/812
f 1367/1/792 1366/1/791 1388/1/811
f 1366/1/791 1387/1/810 1388/1/811
f 1391/1/814 1392/1/815 1393/1/814
f 1392/1/815 1385/1/808 1393/1/814
f 1392/1/815 1390/1/813 1385/1/808
f 1390/1/813 1386/1/809 1385/1/808
f 1394/1/816 1395/1/817 1396/1/818
f 1395/1/817 1397/1/819 1396/1/818
f 1398/1/820 1399/1/821 1400/1/822
f 1399/1/821 1401/1/823 1400/1/822
f 1402/1/824 1403/1/825 1399/1/821
f 1403/1/825 1401/1/823 1399/1/821
f 1398/1/820 1400/1/822 1397/1/819
f 1400/1/822 1396/1/818 1397/1/819
f 1404/1/826 1405/1/827 1398/1/820
f 1405/1/827 1399/1/821 1398/1/820
f 1406/1/828 1402/1/824 1405/1/827
f 1402/1/824 1399/1/821 1405/1/827
f 1404/1/826 1398/1/820 1397/1/819
f 1407/1/829 1408/1/830 1409/1/831
f 1410/1/832 1411/1/832 1394/1/816
f 1411/1/832 1395/1/817 1394/1/816
f 1407/1/829 1409/1/831 1410/1/832
f 1409/1/831 1411/1/832 1410/1/832
f 1391/1/814 1393/1/814 1412/1/676
f 1393/1/814 1413/1/676 1412/1/676
f 1414/1/833 1415/1/834 1416/1/835
f 1416/1/835 1415/1/834 1413/1/676
f 1415/1/834 1412/1/676 1413/1/676
f 1370/1/795 1369/1/794 1372/1/797
f 1369/1/794 1379/1/803 1372/1/797
f 1379/1/803 1381/1/805 1372/1/797
f 1381/1/805 1373/1/798 1372/1/797
f 1417/1/836 1418/1/837 1419/1/838
f 1418/1/837 1420/1/839 1419/1/838
f 1421/1/840 1417/1/836 1422/1/841
f 1417/1/836 1419/1/838 1422/1/841
f 1381/1/805 1423/1/842 1373/1/798
f 1423/1/842 1424/1/843 1417/1/836
f 1424/1/843 1418/1/837 1417/1/836
f 1373/1/798 1423/1/842 1425/1/844
f 1425/1/844 1423/1/842 1421/1/840
f 1423/1/842 1417/1/836 1421/1/840
f 1426/1/845 1427/1/846 1428/1/847
f 1427/1/846 1429/1/846 1428/1/847
f 1381/1/805 1424/1/843 1423/1/842
f 1426/1/845 1428/1/847 1430/1/848
f 1430/1/848 1431/1/849 1426/1/845
f 1432/1/850 1384/1/807 1387/1/810
f 1433/1/123 1432/1/850 1366/1/791
f 1432/1/850 1387/1/810 1366/1/791
f 1434/1/851 1435/1/852 1436/1/853
f 1435/1/852 1437/1/852 1436/1/853
f 1438/1/854 1439/1/855 1440/1/854
f 1439/1/855 1441/1/854 1440/1/854
f 1442/1/856 1443/1/857 1444/1/856
f 1445/1/858 1446/1/859 1447/1/859
f 1448/1/860 1449/1/861 1450/1/860
f 1449/1/861 1451/1/862 1450/1/860
f 1452/1/863 1453/1/864 1454/1/863
f 1453/1/864 1455/1/865 1454/1/863
f 1456/1/866 1457/1/867 1458/1/868
f 1457/1/867 1459/1/868 1458/1/868
f 1460/1/869 1461/1/870 1462/1/871
f 1463/1/872 1460/1/869 1464/1/873
f 1460/1/869 1462/1/871 1464/1/873
f 1465/1/874 1466/1/874 1467/1/875
f 1466/1/874 1468/1/876 1467/1/875
f 1468/1/876 1469/1/367 1467/1/875
f 1469/1/367 1470/1/367 1467/1/875
f 1471/1/877 1451/1/862 1449/1/861
f 1472/1/878 1473/1/878 1474/1/878
f 1473/1/878 1475/1/878 1474/1/878
f 1456/1/866 1474/1/878 1457/1/867
f 1474/1/878 1475/1/878 1457/1/867
f 1476/1/879 1477/1/880 1478/1/879
f 1477/1/880 1479/1/880 1478/1/879
f 1463/1/872 1464/1/873 1478/1/879
f 1464/1/873 1476/1/879 1478/1/879
f 1480/1/881 1481/1/882 1482/1/883
f 1481/1/882 1483/1/882 1482/1/883
f 1484/1/884 1480/1/881 1485/1/884
f 1480/1/881 1482/1/883 1485/1/884
f 1486/1/885 1487/1/886 1488/1/887
f 1487/1/886 1489/1/886 1488/1/887
f 1490/1/888 1486/1/885 1491/1/888
f 1486/1/885 1488/1/887 1491/1/888
f 1489/1/886 1487/1/886 1492/1/889
f 1487/1/886 1493/1/889 1492/1/889
f 1494/1/890 1492/1/889 1493/1/889
f 1495/1/891 1496/1/892 1497/1/893
f 1496/1/892 1498/1/892 1497/1/893
f 1496/1/892 1484/1/884 1498/1/892
f 1484/1/884 1485/1/884 1498/1/892
f 1499/1/894 1500/1/895 1501/1/894
f 1500/1/895 1502/1/895 1501/1/894
f 1503/1/896 1499/1/894 1504/1/897
f 1499/1/894 1501/1/894 1504/1/897
f 1505/1/898 1506/1/875 1507/1/899
f 1506/1/875 1508/1/875 1507/1/899
f 1509/1/900 1505/1/898 1510/1/900
f 1505/1/898 1507/1/899 1510/1/900
f 1479/1/880 1477/1/880 1511/1/880
f 1477/1/880 1512/1/880 1511/1/880
f 1513/1/901 1511/1/880 1512/1/880
f 1514/1/902 1473/1/878 1515/1/902
f 1473/1/878 1472/1/878 1515/1/902
f 1514/1/902 1515/1/902 1516/1/903
f 1515/1/902 1517/1/904 1516/1/903
f 1497/1/893 1518/1/905 1495/1/891
f 1519/1/906 1520/1/906 1521/1/906
f 1520/1/906 1522/1/907 1521/1/906
f 1523/1/908 1524/1/909 1525/1/910
f 1517/1/904 1523/1/908 1516/1/903
f 1516/1/903 1523/1/908 1525/1/910
f 1526/1/911 1527/1/912 1528/1/913
f 1527/1/912 1529/1/912 1528/1/913
f 1530/1/914 1526/1/911 1531/1/914
f 1526/1/911 1528/1/913 1531/1/914
f 1532/1/915 1533/1/916 1534/1/915
f 1533/1/916 1535/1/916 1534/1/915
f 1536/1/917 1537/1/917 1534/1/915
f 1537/1/917 1532/1/915 1534/1/915
f 1538/1/918 1539/1/918 1540/1/919
f 1539/1/918 1541/1/919 1540/1/919
f 1542/1/920 1543/1/920 1541/1/919
f 1543/1/920 1540/1/919 1541/1/919
f 1544/1/921 1545/1/921 1538/1/918
f 1545/1/921 1539/1/918 1538/1/918
f 1508/1/875 1506/1/875 1465/1/874
f 1506/1/875 1466/1/874 1465/1/874
f 1546/1/922 1452/1/863 1547/1/922
f 1452/1/863 1454/1/863 1547/1/922
f 1545/1/921 1544/1/921 1547/1/922
f 1544/1/921 1546/1/922 1547/1/922
f 1548/1/923 1549/1/924 1504/1/897
f 1549/1/924 1503/1/896 1504/1/897
f 1550/1/925 1551/1/926 1552/1/925
f 1553/1/927 1437/1/852 1554/1/927
f 1437/1/852 1435/1/852 1554/1/927
f 1549/1/924 1548/1/923 1554/1/927
f 1548/1/923 1553/1/927 1554/1/927
f 1555/1/928 1556/1/929 1557/1/928
f 1556/1/929 1558/1/930 1557/1/928
f 1550/1/925 1552/1/925 1557/1/928
f 1552/1/925 1555/1/928 1557/1/928
f 1444/1/856 1483/1/882 1442/1/856
f 1483/1/882 1481/1/882 1442/1/856
s 0
f 1559/1/931 1560/1/931 1561/1/931
s 1
f 1458/1/868 1459/1/868 1446/1/859
f 1459/1/868 1447/1/859 1446/1/859
f 1562/1/932 1563/1/933 1564/1/934
f 1563/1/933 1565/1/935 1564/1/934
f 1566/1/936 1567/1/937 1568/1/938
f 1569/1/939 1570/1/939 1565/1/935
f 1570/1/939 1564/1/934 1565/1/935
f 1569/1/939 1568/1/938 1570/1/939
f 1568/1/938 1567/1/937 1570/1/939
f 1571/1/940 1572/1/941 1573/1/940
f 1562/1/932 1574/1/942 1563/1/933
f 1574/1/942 1575/1/942 1563/1/933
f 1571/1/940 1573/1/940 1574/1/942
f 1573/1/940 1575/1/942 1574/1/942
f 1576/1/943 1577/1/944 1578/1/943
f 1579/1/945 1580/1/945 1581/1/946
f 1580/1/945 1582/1/947 1581/1/946
f 1576/1/943 1578/1/943 1582/1/947
f 1578/1/943 1581/1/946 1582/1/947
f 1583/1/948 1580/1/945 1584/1/948
f 1580/1/945 1579/1/945 1584/1/948
f 1585/1/949 1586/1/950 1587/1/951
f 1585/1/949 1588/1/952 1586/1/950
f 1589/1/953 1590/1/954 1584/1/948
f 1590/1/954 1583/1/948 1584/1/948
f 1587/1/951 1586/1/950 1589/1/953
f 1586/1/950 1590/1/954 1589/1/953
f 1591/1/955 1592/1/955 1593/1/956
f 1592/1/955 1594/1/956 1593/1/956
f 1595/1/957 1596/1/665 1597/1/188
f 1596/1/665 1598/1/665 1597/1/188
f 1598/1/665 1596/1/665 1594/1/956
f 1596/1/665 1593/1/956 1594/1/956
f 1599/1/958 1600/1/958 1601/1/959
f 1600/1/958 1602/1/959 1601/1/959
f 1603/1/209 1604/1/209 1605/1/61
f 1604/1/209 1606/1/61 1605/1/61
f 1606/1/61 1592/1/955 1605/1/61
f 1592/1/955 1591/1/955 1605/1/61
f 1602/1/959 1604/1/209 1601/1/959
f 1604/1/209 1603/1/209 1601/1/959
f 1607/1/960 1608/1/961 1609/1/960
f 1608/1/961 1610/1/961 1609/1/960
f 1608/1/961 1611/1/962 1610/1/961
f 1611/1/962 1612/1/962 1610/1/961
f 1613/1/963 1614/1/963 1611/1/962
f 1614/1/963 1612/1/962 1611/1/962
f 1615/1/964 1614/1/963 1616/1/965
f 1614/1/963 1613/1/963 1616/1/965
f 1617/1/966 1618/1/966 1619/1/967
f 1618/1/966 1620/1/967 1619/1/967
f 1620/1/967 1607/1/960 1619/1/967
f 1607/1/960 1609/1/960 1619/1/967
f 1621/1/968 1622/1/969 1623/1/970
f 1622/1/969 1624/1/969 1623/1/970
f 1625/1/971 1626/1/972 1627/1/973
f 1626/1/972 1628/1/973 1627/1/973
f 1621/1/968 1623/1/970 1629/1/974
f 1630/1/975 1631/1/976 1625/1/971
f 1631/1/976 1626/1/972 1625/1/971
s 0
f 1632/1/25 1633/1/25 1634/1/25
f 1635/1/25 1636/1/25 1634/1/25
f 1636/1/25 1632/1/25 1634/1/25
f 1637/1/25 1638/1/25 1639/1/25
f 1640/1/25 1635/1/25 1634/1/25
s 1
f 1641/1/977 1642/1/978 1643/1/977
f 1642/1/978 1644/1/978 1643/1/977
f 1645/1/979 1641/1/977 1646/1/979
f 1641/1/977 1643/1/977 1646/1/979
f 1647/1/980 1645/1/979 1648/1/981
f 1645/1/979 1646/1/979 1648/1/981
f 1647/1/980 1648/1/981 1649/1/982
f 1648/1/981 1650/1/983 1649/1/982
f 1651/1/984 1652/1/985 1653/1/986
f 1652/1/985 1654/1/985 1653/1/986
f 1622/1/969 1654/1/985 1624/1/969
f 1654/1/985 1652/1/985 1624/1/969
f 1655/1/1 1651/1/984 1656/1/1
f 1651/1/984 1653/1/986 1656/1/1
f 1657/1/987 1655/1/1 1658/1/988
f 1655/1/1 1656/1/1 1658/1/988
f 1658/1/988 1659/1/989 1657/1/987
f 1659/1/989 1660/1/990 1657/1/987
f 1661/1/991 1650/1/983 1662/1/992
f 1650/1/983 1648/1/981 1662/1/992
f 1663/1/636 1661/1/991 1664/1/636
f 1661/1/991 1662/1/992 1664/1/636
f 1665/1/993 1666/1/993 1664/1/636
f 1666/1/993 1663/1/636 1664/1/636
s 0
f 1637/1/25 1639/1/25 1634/1/25
f 1639/1/25 1640/1/25 1634/1/25
s 1
f 1628/1/973 1667/1/994 1627/1/973
f 1667/1/994 1668/1/994 1627/1/973
f 1667/1/994 1669/1/995 1668/1/994
f 1669/1/995 1670/1/996 1668/1/994
f 1671/1/997 1670/1/996 1672/1/997
f 1670/1/996 1669/1/995 1672/1/997
f 1673/1/998 1674/1/998 1672/1/997
f 1674/1/998 1671/1/997 1672/1/997
f 1675/1/999 1676/1/963 1677/1/1000
f 1676/1/963 1678/1/963 1677/1/1000
f 1673/1/998 1675/1/999 1674/1/998
f 1675/1/999 1677/1/1000 1674/1/998
f 1679/1/1001 1680/1/1001 1681/1/1002
f 1680/1/1001 1682/1/1003 1681/1/1002
f 1681/1/1002 1682/1/1003 1683/1/1004
f 1682/1/1003 1684/1/1004 1683/1/1004
f 1685/1/641 1686/1/641 1687/1/1005
f 1686/1/641 1688/1/1005 1687/1/1005
f 1689/1/1006 1687/1/1005 1688/1/1005
f 1690/1/678 1691/1/678 1692/1/1007
f 1691/1/678 1693/1/1007 1692/1/1007
f 1694/1/1008 1695/1/1009 1696/1/1008
f 1696/1/1008 1697/1/1010 1694/1/1008
f 1697/1/1010 1698/1/1010 1694/1/1008
f 1699/1/1011 1700/1/1011 1701/1/1012
f 1700/1/1011 1702/1/1012 1701/1/1012
f 1701/1/1012 1702/1/1012 1693/1/1007
f 1702/1/1012 1692/1/1007 1693/1/1007
f 1685/1/641 1698/1/1010 1686/1/641
f 1698/1/1010 1697/1/1010 1686/1/641
f 1680/1/1001 1679/1/1001 1703/1/1013
f 1679/1/1001 1704/1/1014 1703/1/1013
f 1705/1/19 1706/1/19 1704/1/1014
f 1706/1/19 1703/1/1013 1704/1/1014
f 1707/1/188 1706/1/19 1708/1/188
f 1706/1/19 1705/1/19 1708/1/188
f 1709/1/1015 1710/1/1015 1708/1/188
f 1710/1/1015 1707/1/188 1708/1/188
f 1711/1/1016 1712/1/1017 1713/1/1016
f 1712/1/1017 1714/1/1017 1713/1/1016
f 1715/1/1018 1711/1/1016 1716/1/1019
f 1711/1/1016 1713/1/1016 1716/1/1019
f 1700/1/1011 1699/1/1011 1717/1/194
f 1699/1/1011 1718/1/194 1717/1/194
f 1719/1/97 1720/1/1020 1721/1/1021
f 1722/1/1022 1723/1/1022 1724/1/1023
f 1723/1/1022 1725/1/1024 1724/1/1023
f 1726/1/1025 1727/1/1025 1728/1/1026
f 1727/1/1025 1729/1/1027 1728/1/1026
f 1723/1/1022 1722/1/1022 1729/1/1027
f 1722/1/1022 1728/1/1026 1729/1/1027
f 1726/1/1025 1730/1/1028 1727/1/1025
f 1730/1/1028 1731/1/1028 1727/1/1025
f 1730/1/1028 1732/1/1029 1731/1/1028
f 1733/1/1030 1734/1/1031 1735/1/1032
f 1734/1/1031 1736/1/1033 1735/1/1032
f 1737/1/1034 1738/1/1035 1735/1/1032
f 1738/1/1035 1733/1/1030 1735/1/1032
f 1736/1/1033 1734/1/1031 1739/1/1036
f 1734/1/1031 1740/1/1037 1739/1/1036
f 1741/1/1038 1742/1/1039 1743/1/1040
f 1742/1/1039 1744/1/1041 1743/1/1040
f 1743/1/1040 1744/1/1041 1745/1/1042
f 1744/1/1041 1746/1/1043 1745/1/1042
f 1747/1/1044 1748/1/1045 1746/1/1043
f 1748/1/1045 1745/1/1042 1746/1/1043
f 1749/1/1046 1742/1/1039 1741/1/1038
f 1750/1/1047 1749/1/1046 1741/1/1038
f 1751/1/1048 1752/1/1049 1749/1/1046
f 1752/1/1049 1742/1/1039 1749/1/1046
f 1753/1/1050 1751/1/1048 1750/1/1047
f 1751/1/1048 1749/1/1046 1750/1/1047
f 1754/1/1051 1716/1/1019 1755/1/1051
f 1756/1/1052 1754/1/1051 1757/1/1053
f 1754/1/1051 1755/1/1051 1757/1/1053
f 1758/1/1054 1756/1/1052 1759/1/1055
f 1756/1/1052 1757/1/1053 1759/1/1055
f 1760/1/605 1761/1/1056 1762/1/644
f 1761/1/1056 1763/1/1057 1762/1/644
f 1758/1/1054 1759/1/1055 1764/1/1058
f 1759/1/1055 1765/1/1059 1764/1/1058
f 1766/1/643 1767/1/1060 1762/1/644
f 1767/1/1060 1760/1/605 1762/1/644
f 1766/1/643 1764/1/1058 1767/1/1060
f 1764/1/1058 1765/1/1059 1767/1/1060
f 1762/1/644 1763/1/1057 1768/1/1061
f 1769/1/1062 1359/1/784 1362/1/787
f 1770/1/1063 1769/1/1062 1364/1/789
f 1769/1/1062 1362/1/787 1364/1/789
f 1769/1/1062 1771/1/1064 1359/1/784
f 1772/1/1065 1758/1/1054 1773/1/1066
f 1758/1/1054 1764/1/1058 1773/1/1066
f 1747/1/1044 1774/1/573 1739/1/1036
f 1774/1/573 1775/1/1067 1739/1/1036
f 1776/1/633 1777/1/629 1736/1/1033
f 1777/1/629 1735/1/1032 1736/1/1033
f 1737/1/1034 1735/1/1032 1777/1/629
f 1776/1/633 1736/1/1033 1775/1/1067
f 1736/1/1033 1739/1/1036 1775/1/1067
f 1766/1/643 1762/1/644 1778/1/1068
f 1762/1/644 1779/1/1069 1778/1/1068
f 1768/1/1061 1780/1/1070 1762/1/644
f 1780/1/1070 1779/1/1069 1762/1/644
f 1766/1/643 1778/1/1068 1764/1/1058
f 1778/1/1068 1773/1/1066 1764/1/1058
f 1772/1/1065 1756/1/1052 1758/1/1054
f 1744/1/1041 1781/1/1071 1746/1/1043
f 1781/1/1071 1782/1/1072 1746/1/1043
f 1746/1/1043 1782/1/1072 1747/1/1044
f 1782/1/1072 1774/1/573 1747/1/1044
f 1744/1/1041 1742/1/1039 1781/1/1071
f 1742/1/1039 1752/1/1049 1781/1/1071
f 1754/1/1051 1715/1/1018 1716/1/1019
f 1783/1/1073 1361/1/786 1784/1/1074
f 1361/1/786 1359/1/784 1784/1/1074
f 1748/1/1045 1747/1/1044 1740/1/1037
f 1747/1/1044 1739/1/1036 1740/1/1037
f 1785/1/1075 1786/1/1075 1725/1/1024
f 1786/1/1075 1724/1/1023 1725/1/1024
f 1721/1/1021 1787/1/1076 1719/1/97
f 1786/1/1075 1785/1/1075 1721/1/1021
f 1785/1/1075 1787/1/1076 1721/1/1021
f 1720/1/1020 1719/1/97 1788/1/36
f 1719/1/97 1789/1/36 1788/1/36
f 1790/1/1077 1791/1/186 1792/1/1078
f 1791/1/186 1793/1/186 1792/1/1078
f 1794/1/25 1795/1/25 1796/1/25
f 1795/1/25 1797/1/25 1796/1/25
f 1798/1/1079 1799/1/1080 1800/1/1081
f 1799/1/1080 1801/1/1080 1800/1/1081
f 1802/1/1082 1803/1/1082 1804/1/1083
f 1803/1/1082 1805/1/1082 1804/1/1083
f 1806/1/1084 1807/1/1085 1808/1/1085
f 1807/1/1085 1809/1/1085 1808/1/1085
f 1810/1/197 1811/1/197 1812/1/27
f 1811/1/197 1813/1/27 1812/1/27
f 1814/1/199 1815/1/591 1816/1/199
f 1815/1/591 1817/1/591 1816/1/199
s 0
f 1818/1/5 1819/1/5 1820/1/5
f 1819/1/5 1821/1/5 1820/1/5
f 1822/1/5 1823/1/5 1824/1/5
f 1823/1/5 1825/1/5 1824/1/5
f 1826/1/5 1822/1/5 1827/1/5
f 1822/1/5 1824/1/5 1827/1/5
s 1
f 1828/1/202 1829/1/192 1830/1/1086
f 1829/1/192 1831/1/192 1830/1/1086
f 1830/1/1086 1832/1/1087 1828/1/202
f 1832/1/1087 1833/1/1087 1828/1/202
f 1834/1/1 1831/1/192 1835/1/1088
f 1831/1/192 1829/1/192 1835/1/1088
f 1836/1/193 1837/1/1089 1838/1/158
f 1837/1/1089 1839/1/158 1838/1/158
f 1832/1/1087 1837/1/1089 1833/1/1087
f 1837/1/1089 1836/1/193 1833/1/1087
f 1840/1/552 1841/1/552 1842/1/195
f 1841/1/552 1843/1/195 1842/1/195
s 0
f 1819/1/5 1826/1/5 1821/1/5
f 1826/1/5 1827/1/5 1821/1/5
s 1
f 1842/1/195 1843/1/195 1810/1/197
f 1843/1/195 1811/1/197 1810/1/197
f 1814/1/199 1816/1/199 1840/1/552
f 1816/1/199 1841/1/552 1840/1/552
f 1844/1/207 1812/1/27 1845/1/1090
f 1812/1/27 1813/1/27 1845/1/1090
f 1846/1/1091 1847/1/1091 1848/1/1092
f 1847/1/1091 1849/1/1092 1848/1/1092
s 0
f 1850/1/5 1851/1/5 1852/1/5
f 1851/1/5 1853/1/5 1852/1/5
f 1851/1/5 1854/1/5 1853/1/5
f 1854/1/5 1855/1/5 1853/1/5
s 1
f 1856/1/1093 1857/1/1094 1858/1/204
f 1857/1/1094 1859/1/204 1858/1/204
f 1859/1/204 1834/1/1 1858/1/204
f 1834/1/1 1835/1/1088 1858/1/204
f 1860/1/1095 1861/1/530 1862/1/1095
f 1861/1/530 1863/1/530 1862/1/1095
f 1864/1/212 1860/1/1095 1865/1/772
f 1860/1/1095 1862/1/1095 1865/1/772
f 1866/1/672 1867/1/1096 1868/1/672
f 1867/1/1096 1869/1/1097 1868/1/672
f 1867/1/1096 1844/1/207 1869/1/1097
f 1844/1/207 1845/1/1090 1869/1/1097
f 1868/1/672 1847/1/1091 1866/1/672
f 1847/1/1091 1846/1/1091 1866/1/672
f 1865/1/772 1857/1/1094 1864/1/212
f 1857/1/1094 1856/1/1093 1864/1/212
f 1870/1/1098 1871/1/1099 1872/1/1098
f 1871/1/1099 1873/1/1099 1872/1/1098
f 1874/1/1100 1875/1/1101 1876/1/1102
f 1875/1/1101 1877/1/1101 1876/1/1102
f 1876/1/1102 1870/1/1098 1874/1/1100
f 1870/1/1098 1872/1/1098 1874/1/1100
s 0
f 1878/1/1103 1879/1/1103 1880/1/1103
f 1881/1/1104 1882/1/1104 1878/1/1104
f 1882/1/1105 1883/1/1105 1878/1/1105
f 1882/1/1105 1884/1/1105 1883/1/1105
f 1884/1/1106 1885/1/1106 1883/1/1106
s 1
f 1886/1/1107 1887/1/1107 1888/1/1108
f 1887/1/1107 1889/1/1108 1888/1/1108
f 1890/1/1109 1891/1/1109 1875/1/1101
f 1891/1/1109 1877/1/1101 1875/1/1101
f 1891/1/1109 1890/1/1109 1886/1/1107
f 1890/1/1109 1887/1/1107 1886/1/1107
s 0
f 1892/1/1110 1893/1/1110 1894/1/1110
f 1893/1/1103 1895/1/1103 1894/1/1103
f 1894/1/25 1895/1/25 1896/1/25
f 1895/1/25 1897/1/25 1896/1/25
f 489/1/220 501/1/220 490/1/220
f 501/1/220 500/1/220 490/1/220
s 1
f 1898/1/1111 1899/1/1112 1900/1/1111
f 1899/1/1112 1901/1/1112 1900/1/1111
f 1902/1/1113 1903/1/1113 1904/1/1113
f 1903/1/1113 1905/1/1113 1904/1/1113
s 0
f 1879/1/1103 1893/1/1103 1880/1/1103
f 1893/1/1103 1892/1/1103 1880/1/1103
s 1
f 1906/1/1114 1907/1/1114 1908/1/1114
f 1907/1/1114 1909/1/1114 1908/1/1114
f 1167/1/5 513/1/5 531/1/5
f 1629/1/974 1623/1/970 1792/1/1078
f 1623/1/970 1790/1/1077 1792/1/1078
f 1217/1/5 1152/1/5 1173/1/5
f 524/1/5 523/1/5 1174/1/5
s 0
f 1910/1/5 428/1/5 1911/1/5
f 428/1/5 430/1/5 1911/1/5
f 464/1/5 1910/1/5 465/1/5
f 1910/1/5 1911/1/5 465/1/5
s 1
f 1912/1/1115 1139/1/656 1913/1/1116
f 1139/1/656 1141/1/656 1913/1/1116
f 571/1/5 507/1/5 530/1/5
f 1914/1/1117 1915/1/1117 1916/1/1118
f 1915/1/1117 1917/1/1118 1916/1/1118
f 1918/1/1119 692/1/339 1919/1/1119
f 692/1/339 690/1/339 1919/1/1119
f 1024/1/567 1920/1/535 1025/1/567
f 1920/1/535 1921/1/535 1025/1/567
f 1922/1/1120 1338/1/769 1923/1/1120
f 1338/1/769 1336/1/769 1923/1/1120
f 1383/1/806 1924/1/806 1382/1/806
f 1379/1/803 1369/1/794 1925/1/983
f 733/1/370 723/1/362 734/1/371
f 734/1/371 723/1/362 736/1/373
s 0
f 1926/1/5 1818/1/5 1927/1/5
f 1818/1/5 1820/1/5 1927/1/5
f 1854/1/5 1926/1/5 1855/1/5
f 1926/1/5 1927/1/5 1855/1/5
f 433/1/5 1928/1/5 435/1/5
f 1928/1/5 1929/1/5 435/1/5
s 1
f 1930/1/1121 1931/1/1121 1932/1/1122
f 1931/1/1121 1933/1/1122 1932/1/1122
f 1934/1/1123 1935/1/1123 1936/1/1124
f 1935/1/1123 1937/1/1124 1936/1/1124
s 0
f 1938/1/5 460/1/5 1939/1/5
f 460/1/5 462/1/5 1939/1/5
s 1
f 425/1/194 1932/1/1122 427/1/194
f 1932/1/1122 1933/1/1122 427/1/194
s 0
f 1928/1/5 1940/1/5 1929/1/5
f 1940/1/1125 1941/1/1125 1929/1/1125
s 1
f 449/1/98 1931/1/1121 448/1/98
f 1931/1/1121 1930/1/1121 448/1/98
s 0
f 1942/1/1125 1943/1/1125 1939/1/1125
f 1943/1/5 1938/1/5 1939/1/5
s 1
f 459/1/206 1935/1/1123 458/1/206
f 1935/1/1123 1934/1/1123 458/1/206
f 1937/1/1124 473/1/209 1936/1/1124
f 473/1/209 471/1/209 1936/1/1124
s 0
f 1823/1/5 1944/1/5 1825/1/5
f 1944/1/5 1945/1/5 1825/1/5
s 1
f 1946/1/1126 1947/1/1126 1948/1/1127
f 1947/1/1126 1949/1/1127 1948/1/1127
f 1950/1/1128 1951/1/1128 1952/1/1129
f 1951/1/1128 1953/1/1129 1952/1/1129
s 0
f 1954/1/5 1850/1/5 1955/1/5
f 1850/1/5 1852/1/5 1955/1/5
s 1
f 1815/1/591 1948/1/1127 1817/1/591
f 1948/1/1127 1949/1/1127 1817/1/591
s 0
f 1944/1/5 1956/1/5 1945/1/5
f 1956/1/1130 1957/1/1130 1945/1/1130
s 1
f 1839/1/158 1947/1/1126 1838/1/158
f 1947/1/1126 1946/1/1126 1838/1/158
s 0
f 1958/1/1130 1959/1/1130 1955/1/1130
f 1959/1/5 1954/1/5 1955/1/5
s 1
f 1849/1/1092 1951/1/1128 1848/1/1092
f 1951/1/1128 1950/1/1128 1848/1/1092
f 1953/1/1129 1863/1/530 1952/1/1129
f 1863/1/530 1861/1/530 1952/1/1129
f 1960/1/198 1961/1/1131 1962/1/552
f 1961/1/1131 1963/1/1132 1962/1/552
f 1962/1/552 1963/1/1132 1964/1/1133
f 1965/1/1134 1966/1/1135 1967/1/593
f 1968/1/1087 1969/1/1001 1970/1/1136
f 411/1/189 409/1/188 1969/1/1001
f 409/1/188 1970/1/1136 1969/1/1001
f 277/1/137 275/1/136 1963/1/1132
f 275/1/136 1964/1/1133 1963/1/1132
f 540/1/231 541/1/231 1961/1/1131
f 541/1/231 1963/1/1132 1961/1/1131
f 1183/1/665 1184/1/665 1966/1/1135
f 1184/1/665 1967/1/593 1966/1/1135
f 1965/1/1134 1967/1/593 1968/1/1087
f 1967/1/593 1969/1/1001 1968/1/1087
f 1971/1/1137 1972/1/1138 1973/1/1137
f 1972/1/1138 1974/1/1139 1973/1/1137
f 1975/1/1140 1976/1/1141 1977/1/1140
f 1976/1/1141 1978/1/1141 1977/1/1140
f 1979/1/1142 1980/1/1143 1981/1/1142
f 1980/1/1143 1982/1/1143 1981/1/1142
f 1983/1/1144 1979/1/1142 1984/1/1145
f 1979/1/1142 1981/1/1142 1984/1/1145
f 1985/1/184 1986/1/1146 1987/1/184
f 1986/1/1146 1988/1/1146 1987/1/184
f 1989/1/1147 1990/1/1147 1987/1/184
f 1990/1/1147 1985/1/184 1987/1/184
f 1991/1/1148 1992/1/1149 1993/1/1150
f 1994/1/1151 1991/1/1148 1995/1/1152
f 1991/1/1148 1993/1/1150 1995/1/1152
f 1996/1/660 1994/1/1151 1997/1/660
f 1994/1/1151 1995/1/1152 1997/1/660
f 1973/1/1137 1975/1/1140 1971/1/1137
f 1975/1/1140 1977/1/1140 1971/1/1137
f 1992/1/1149 1998/1/1153 1993/1/1150
f 1998/1/1153 1999/1/1153 1993/1/1150
f 2000/1/25 2001/1/25 2002/1/25
f 2001/1/25 2003/1/25 2002/1/25
s 0
f 2004/1/25 2005/1/25 2002/1/25
s 1
f 2005/1/25 2000/1/25 2002/1/25
f 2006/1/1154 2007/1/1155 2008/1/1156
f 2007/1/1155 2009/1/1156 2008/1/1156
f 2010/1/1157 2011/1/1157 2012/1/545
f 2011/1/1157 2013/1/545 2012/1/545
f 2014/1/1158 2015/1/1159 2009/1/1156
f 2015/1/1159 2008/1/1156 2009/1/1156
f 2014/1/1158 2012/1/545 2015/1/1159
f 2012/1/545 2013/1/545 2015/1/1159
s 0
f 2016/1/25 2017/1/25 2018/1/25
f 2017/1/25 2019/1/25 2018/1/25
f 2020/1/25 2021/1/25 2022/1/25
f 2021/1/25 2016/1/25 2022/1/25
f 2023/1/25 2020/1/25 2022/1/25
f 2021/1/25 2017/1/25 2016/1/25
s 1
f 2024/1/1025 2025/1/1160 2026/1/1161
f 2025/1/1160 2027/1/46 2026/1/1161
f 2024/1/1025 2028/1/1162 2025/1/1160
f 2028/1/1162 2029/1/1163 2025/1/1160
f 2026/1/1161 2027/1/46 2030/1/1164
f 2027/1/46 2031/1/1164 2030/1/1164
f 2032/1/1165 2007/1/1155 2006/1/1154
f 2033/1/1166 2032/1/1165 2006/1/1154
f 2034/1/1167 2035/1/97 2036/1/1167
f 2035/1/97 2037/1/97 2036/1/1167
f 2029/1/1163 2028/1/1162 2036/1/1167
f 2028/1/1162 2034/1/1167 2036/1/1167
f 2038/1/1168 2033/1/1166 2039/1/1169
f 2033/1/1166 2006/1/1154 2039/1/1169
f 2040/1/1170 2038/1/1168 2039/1/1169
f 2041/1/97 2042/1/1171 2043/1/97
f 2042/1/1171 2044/1/1171 2043/1/97
f 2045/1/1172 2044/1/1171 2046/1/1172
f 2044/1/1171 2042/1/1171 2046/1/1172
f 2047/1/1173 2048/1/1174 2049/1/1173
f 2048/1/1174 2050/1/1175 2049/1/1173
f 2051/1/1176 2047/1/1173 2052/1/1176
f 2047/1/1173 2049/1/1173 2052/1/1176
f 2053/1/1177 2054/1/1178 2055/1/1177
f 2054/1/1178 2056/1/1178 2055/1/1177
f 2046/1/1172 2053/1/1177 2045/1/1172
f 2053/1/1177 2055/1/1177 2045/1/1172
f 2057/1/1179 2058/1/1180 2059/1/1179
f 2058/1/1180 2060/1/1181 2059/1/1179
f 2050/1/1175 2061/1/1182 2059/1/1179
f 2061/1/1182 2057/1/1179 2059/1/1179
f 2062/1/1183 2063/1/1183 2064/1/1184
f 2063/1/1183 2065/1/1184 2064/1/1184
f 2058/1/1180 2064/1/1184 2060/1/1181
f 2064/1/1184 2065/1/1184 2060/1/1181
s 0
f 2066/1/25 2067/1/25 2068/1/25
f 2067/1/25 2069/1/25 2068/1/25
f 2070/1/25 2071/1/25 2072/1/25
f 2073/1/25 2074/1/25 2075/1/25
f 2070/1/25 2072/1/25 2069/1/25
f 2070/1/25 2069/1/25 2067/1/25
f 2072/1/25 2071/1/25 2074/1/25
f 2071/1/25 2075/1/25 2074/1/25
s 1
f 2050/1/1175 2048/1/1174 2061/1/1182
s 0
f 2076/1/1185 2077/1/1185 2078/1/1185
s 1
f 2079/1/1186 2080/1/1187 2081/1/1186
f 2080/1/1187 2082/1/1187 2081/1/1186
f 2083/1/1188 2079/1/1186 2084/1/1189
f 2079/1/1186 2081/1/1186 2084/1/1189
f 2085/1/1190 2086/1/1190 2087/1/1191
f 2086/1/1190 2088/1/1191 2087/1/1191
f 2087/1/1191 2088/1/1191 2089/1/524
f 2088/1/1191 2090/1/524 2089/1/524
f 2091/1/1192 2092/1/1193 2093/1/1194
f 2092/1/1193 2094/1/1194 2093/1/1194
f 2092/1/1193 2091/1/1192 2085/1/1190
f 2091/1/1192 2086/1/1190 2085/1/1190
f 2084/1/1189 2095/1/1195 2096/1/1196
f 2083/1/1188 2084/1/1189 2096/1/1196
f 2097/1/1197 2098/1/1198 2099/1/1197
f 2098/1/1198 2100/1/1198 2099/1/1197
f 2094/1/1194 2097/1/1197 2093/1/1194
f 2097/1/1197 2099/1/1197 2093/1/1194
f 2101/1/1199 2095/1/1195 2102/1/1199
f 2095/1/1195 2084/1/1189 2102/1/1199
f 2103/1/669 2101/1/1199 2104/1/669
f 2101/1/1199 2102/1/1199 2104/1/669
f 2105/1/1200 2106/1/1201 2107/1/1202
f 2108/1/1203 2109/1/1204 2106/1/1201
f 2109/1/1204 2110/1/1204 2106/1/1201
f 2111/1/1205 2112/1/1204 2109/1/1204
f 2113/1/1206 2114/1/1206 2115/1/1207
f 2114/1/1206 2116/1/1207 2115/1/1207
f 2117/1/1208 2118/1/1208 2119/1/1209
f 2118/1/1208 2120/1/1209 2119/1/1209
f 2116/1/1207 2119/1/1209 2115/1/1207
f 2119/1/1209 2120/1/1209 2115/1/1207
f 2121/1/1210 2122/1/1210 2123/1/584
f 2122/1/1210 2124/1/1211 2123/1/584
f 2125/1/1212 2126/1/1213 2127/1/1212
f 2126/1/1213 2128/1/1214 2127/1/1212
f 2128/1/1214 2126/1/1213 2124/1/1211
f 2126/1/1213 2123/1/584 2124/1/1211
f 2129/1/1215 2130/1/1216 2131/1/1215
f 2130/1/1216 2132/1/1216 2131/1/1215
f 2131/1/1215 2103/1/669 2129/1/1215
f 2103/1/669 2104/1/669 2129/1/1215
f 2133/1/1217 2122/1/1210 2134/1/1218
f 2122/1/1210 2121/1/1210 2134/1/1218
f 2098/1/1198 2133/1/1217 2100/1/1198
f 2133/1/1217 2134/1/1218 2100/1/1198
f 2106/1/1201 2135/1/1219 2107/1/1202
f 2110/1/1204 2109/1/1204 2112/1/1204
f 2105/1/1200 2108/1/1203 2106/1/1201
s 0
f 2136/1/25 2137/1/25 2138/1/25
f 2136/1/25 2138/1/25 2139/1/25
s 1
f 2140/1/232 2141/1/1220 2142/1/1220
f 2141/1/1220 2143/1/232 2142/1/1220
f 2144/1/1221 2145/1/1222 2146/1/584
f 2145/1/1222 2147/1/1222 2146/1/584
f 2148/1/1223 2149/1/1224 2150/1/1225
f 2149/1/1224 2151/1/1226 2150/1/1225
f 2152/1/236 2148/1/1223 2153/1/236
f 2148/1/1223 2150/1/1225 2153/1/236
f 2154/1/1227 2155/1/1227 2156/1/227
f 2155/1/1227 2157/1/227 2156/1/227
f 2158/1/1228 2144/1/1221 2159/1/1228
f 2144/1/1221 2146/1/584 2159/1/1228
f 2160/1/1229 2161/1/1229 2154/1/1227
f 2161/1/1229 2155/1/1227 2154/1/1227
s 0
f 2136/1/25 2139/1/25 2162/1/25
f 2136/1/25 2163/1/25 2164/1/25
f 2136/1/25 2162/1/25 2163/1/25
s 1
f 2165/1/25 2166/1/25 2167/1/25
f 2166/1/25 2168/1/25 2167/1/25
f 2169/1/25 2165/1/25 2170/1/25
f 2165/1/25 2167/1/25 2170/1/25
f 2171/1/25 2172/1/25 2173/1/25
f 2172/1/25 2174/1/25 2173/1/25
f 2175/1/25 2174/1/25 2172/1/25
f 2176/1/25 2177/1/25 2171/1/25
f 2177/1/25 2172/1/25 2171/1/25
f 2177/1/25 2175/1/25 2172/1/25
f 2176/1/25 2171/1/25 2168/1/25
f 2171/1/25 2167/1/25 2168/1/25
f 2178/1/1230 2179/1/701 2180/1/1231
f 2179/1/701 2181/1/701 2180/1/1231
f 2182/1/1232 2183/1/1233 2184/1/1234
f 2183/1/1233 2185/1/1234 2184/1/1234
f 2186/1/1235 2187/1/1235 2185/1/1234
f 2187/1/1235 2184/1/1234 2185/1/1234
f 2188/1/1236 2189/1/1236 2190/1/1236
f 2189/1/1236 2191/1/1236 2190/1/1236
f 2192/1/1237 2193/1/1222 2194/1/1237
f 2193/1/1222 2195/1/1222 2194/1/1237
f 2196/1/1238 2197/1/1239 2198/1/1240
f 2197/1/1239 2192/1/1237 2198/1/1240
f 2192/1/1237 2194/1/1237 2198/1/1240
f 2199/1/1241 2200/1/1241 2186/1/1235
f 2200/1/1241 2187/1/1235 2186/1/1235
f 2171/1/25 2173/1/25 2167/1/25
f 2173/1/25 2170/1/25 2167/1/25
f 2201/1/1242 2202/1/1243 2203/1/1244
f 2202/1/1243 2204/1/1245 2203/1/1244
f 2203/1/1244 2205/1/1246 2201/1/1242
f 2206/1/1247 2207/1/556 2208/1/1248
f 2207/1/556 2209/1/556 2208/1/1248
f 2208/1/1248 2210/1/1249 2206/1/1247
f 2210/1/1249 2211/1/1250 2206/1/1247
f 2209/1/556 2207/1/556 2212/1/1251
f 2207/1/556 2213/1/1252 2212/1/1251
f 2214/1/568 2212/1/1251 2213/1/1252
f 2215/1/1253 2216/1/1254 2217/1/1255
f 2216/1/1254 2218/1/1255 2217/1/1255
f 2219/1/1256 2220/1/1256 2221/1/1257
f 2220/1/1256 2222/1/1258 2221/1/1257
f 2223/1/1259 2224/1/1260 2219/1/1256
f 2224/1/1260 2220/1/1256 2219/1/1256
f 2223/1/1259 2225/1/370 2224/1/1260
f 2225/1/370 2226/1/365 2224/1/1260
f 2227/1/1256 2228/1/1261 2225/1/370
f 2228/1/1261 2226/1/365 2225/1/370
f 2229/1/1262 2221/1/1257 2230/1/1262
f 2221/1/1257 2222/1/1258 2230/1/1262
f 2231/1/1263 2229/1/1262 2232/1/1263
f 2229/1/1262 2230/1/1262 2232/1/1263
f 2233/1/1264 2234/1/1264 2235/1/1265
f 2234/1/1264 2236/1/1266 2235/1/1265
f 2237/1/1267 2201/1/1242 2238/1/1267
f 2201/1/1242 2239/1/1268 2238/1/1267
f 2240/1/1269 2237/1/1267 2241/1/1269
f 2237/1/1267 2238/1/1267 2241/1/1269
f 2242/1/1270 2240/1/1269 2243/1/1270
f 2240/1/1269 2241/1/1269 2243/1/1270
f 2239/1/1268 2201/1/1242 2205/1/1246
f 2215/1/1253 2244/1/1271 2216/1/1254
f 2244/1/1271 2245/1/1271 2216/1/1254
f 2246/1/1272 2231/1/1263 2232/1/1263
f 2247/1/1273 2248/1/1273 2249/1/1274
f 2248/1/1273 2250/1/1275 2249/1/1274
f 2249/1/1274 2250/1/1275 2251/1/1270
f 2250/1/1275 2252/1/1270 2251/1/1270
f 2247/1/1273 2253/1/1276 2248/1/1273
f 2253/1/1276 2254/1/1277 2248/1/1273
f 2255/1/1278 2254/1/1277 2256/1/1278
f 2254/1/1277 2253/1/1276 2256/1/1278
f 2234/1/1264 2233/1/1264 2257/1/1279
f 2233/1/1264 2258/1/1280 2257/1/1279
f 2259/1/98 2257/1/1279 2260/1/98
f 2257/1/1279 2258/1/1280 2260/1/98
f 2261/1/1281 2259/1/98 2262/1/1282
f 2259/1/98 2260/1/98 2262/1/1282
f 2202/1/1243 2263/1/1283 2204/1/1245
f 2263/1/1283 2264/1/1283 2204/1/1245
f 2263/1/1283 2265/1/1284 2264/1/1283
f 2266/1/25 2267/1/1262 2268/1/1262
f 2269/1/1285 2270/1/1286 2271/1/1285
f 2272/1/1287 2273/1/1287 2271/1/1285
f 2273/1/1287 2269/1/1285 2271/1/1285
f 2270/1/1286 2268/1/1262 2271/1/1285
f 2268/1/1262 2267/1/1262 2271/1/1285
f 2274/1/1288 2275/1/1289 2276/1/1290
f 2275/1/1289 2277/1/1290 2276/1/1290
f 2277/1/1290 2278/1/1291 2276/1/1290
f 2278/1/1291 2279/1/1291 2276/1/1290
f 2280/1/1292 2281/1/1293 2282/1/1294
f 2281/1/1293 2283/1/1295 2282/1/1294
f 2282/1/1294 2283/1/1295 2284/1/1296
f 2283/1/1295 2285/1/1296 2284/1/1296
f 2286/1/640 2287/1/640 2288/1/1297
f 2287/1/640 2289/1/1297 2288/1/1297
f 2290/1/1298 2288/1/1297 2291/1/1298
f 2288/1/1297 2289/1/1297 2291/1/1298
f 2292/1/1299 2293/1/1299 2294/1/1300
f 2293/1/1299 2295/1/1300 2294/1/1300
f 2293/1/1299 2292/1/1299 2296/1/1301
f 2292/1/1299 2297/1/1301 2296/1/1301
f 2298/1/1302 2299/1/1303 2300/1/1302
f 2300/1/1302 2273/1/1287 2298/1/1302
f 2273/1/1287 2272/1/1287 2298/1/1302
f 2301/1/25 2281/1/1293 2302/1/1304
f 2281/1/1293 2280/1/1292 2302/1/1304
f 2303/1/1305 2304/1/1305 2278/1/1291
f 2304/1/1305 2279/1/1291 2278/1/1291
f 2305/1/1306 2306/1/1306 2307/1/1307
f 2306/1/1306 2308/1/1307 2307/1/1307
f 2309/1/1269 2310/1/1269 2308/1/1307
f 2310/1/1269 2307/1/1307 2308/1/1307
f 2311/1/1308 2310/1/1269 2312/1/1308
f 2310/1/1269 2309/1/1269 2312/1/1308
f 2313/1/1027 2314/1/580 2315/1/1027
f 2316/1/1309 2317/1/1310 2318/1/1311
f 2317/1/1310 2319/1/1312 2318/1/1311
f 2320/1/1313 2316/1/1309 2321/1/1313
f 2316/1/1309 2318/1/1311 2321/1/1313
f 2317/1/1310 2313/1/1027 2319/1/1312
f 2313/1/1027 2315/1/1027 2319/1/1312
f 2322/1/1314 2311/1/1308 2323/1/1314
f 2311/1/1308 2312/1/1308 2323/1/1314
f 2324/1/1315 2181/1/701 2325/1/1315
f 2181/1/701 2179/1/701 2325/1/1315
f 2245/1/1271 2244/1/1271 2236/1/1266
f 2244/1/1271 2235/1/1265 2236/1/1266
f 2326/1/1231 2327/1/1230 2328/1/1316
f 2327/1/1230 2329/1/1316 2328/1/1316
f 2328/1/1316 2329/1/1316 2330/1/1317
f 2329/1/1316 2331/1/1318 2330/1/1317
f 2332/1/1319 2333/1/1319 2334/1/1319
f 2333/1/1319 2335/1/1319 2334/1/1319
f 2336/1/1320 2337/1/1321 2338/1/1322
f 2337/1/1321 2339/1/1323 2338/1/1322
f 2340/1/1324 2341/1/1325 2342/1/1324
f 2343/1/1326 2338/1/1322 2339/1/1323
f 2343/1/1326 2340/1/1324 2338/1/1322
f 2340/1/1324 2342/1/1324 2338/1/1322
f 2344/1/1327 2345/1/1328 2346/1/1327
f 2345/1/1328 2347/1/1328 2346/1/1327
f 2348/1/1120 2349/1/1329 2350/1/1120
f 2349/1/1329 2351/1/1329 2350/1/1120
f 2352/1/1330 2348/1/1120 2353/1/1331
f 2348/1/1120 2350/1/1120 2353/1/1331
f 2354/1/1332 2355/1/1333 2353/1/1331
f 2355/1/1333 2352/1/1330 2353/1/1331
f 2356/1/1334 2357/1/1335 2331/1/1318
f 2357/1/1335 2330/1/1317 2331/1/1318
s 0
f 2358/1/25 2359/1/25 2360/1/25
f 2360/1/25 2361/1/25 2358/1/25
f 2362/1/25 2361/1/25 2360/1/25
s 1
f 2363/1/1336 2364/1/1337 2365/1/418
f 2364/1/1337 2366/1/1337 2365/1/418
f 2367/1/1338 2368/1/1339 2369/1/1338
f 2368/1/1339 2370/1/1339 2369/1/1338
f 2363/1/1336 2365/1/418 2371/1/1340
f 2363/1/1336 2371/1/1340 2372/1/1341
f 2373/1/1146 2367/1/1338 2374/1/1146
f 2367/1/1338 2369/1/1338 2374/1/1146
f 2375/1/1167 2376/1/1167 2374/1/1146
f 2376/1/1167 2373/1/1146 2374/1/1146
f 2375/1/1167 2377/1/1342 2376/1/1167
f 2377/1/1342 2378/1/1342 2376/1/1167
f 2378/1/1342 2377/1/1342 2379/1/1343
f 2377/1/1342 2380/1/1343 2379/1/1343
f 2363/1/1336 2372/1/1341 2381/1/1344
f 2372/1/1341 2382/1/1344 2381/1/1344
f 2383/1/1345 2381/1/1344 2384/1/1345
f 2381/1/1344 2382/1/1344 2384/1/1345
f 2385/1/1346 2386/1/1347 2387/1/1348
f 2386/1/1347 2388/1/1348 2387/1/1348
f 2389/1/1214 2390/1/1213 2388/1/1348
f 2390/1/1213 2387/1/1348 2388/1/1348
f 2391/1/1349 2392/1/1349 2393/1/1350
f 2392/1/1349 2394/1/1350 2393/1/1350
f 2395/1/1351 2396/1/1351 2397/1/349
f 2396/1/1351 2398/1/349 2397/1/349
f 2397/1/349 2398/1/349 2394/1/1350
f 2398/1/349 2393/1/1350 2394/1/1350
f 2399/1/1352 2400/1/1352 2401/1/1353
f 2400/1/1352 2402/1/1354 2401/1/1353
f 2403/1/805 2404/1/1355 2405/1/1355
f 2406/1/1356 2407/1/1356 2408/1/1357
f 2407/1/1356 2409/1/1357 2408/1/1357
f 2408/1/1357 2409/1/1357 2404/1/1355
f 2409/1/1357 2405/1/1355 2404/1/1355
s 0
f 2410/1/25 2411/1/25 2412/1/25
s 1
f 2413/1/1358 2401/1/1353 2414/1/1358
f 2401/1/1353 2402/1/1354 2414/1/1358
s 0
f 2415/1/25 2412/1/25 2416/1/25
f 2412/1/25 2411/1/25 2416/1/25
f 2415/1/25 2417/1/25 2412/1/25
f 2415/1/25 2418/1/25 2417/1/25
f 2418/1/25 2419/1/25 2417/1/25
s 1
f 2420/1/1359 2421/1/1360 2422/1/1359
f 2421/1/1360 2423/1/1361 2422/1/1359
f 2424/1/959 2425/1/1362 2426/1/959
f 2425/1/1362 2427/1/1362 2426/1/959
f 2428/1/1363 2429/1/1195 2430/1/1363
f 2429/1/1195 2431/1/1195 2430/1/1363
f 2432/1/1364 2428/1/1363 2433/1/1364
f 2428/1/1363 2430/1/1363 2433/1/1364
f 2434/1/131 2435/1/40 2436/1/131
f 2435/1/40 2437/1/40 2436/1/131
f 2438/1/1365 2439/1/1365 2436/1/131
f 2439/1/1365 2434/1/131 2436/1/131
f 2440/1/1366 2441/1/1367 2442/1/1368
f 2443/1/1369 2440/1/1366 2444/1/1369
f 2440/1/1366 2442/1/1368 2444/1/1369
f 2445/1/227 2443/1/1369 2446/1/227
f 2443/1/1369 2444/1/1369 2446/1/227
f 2422/1/1359 2424/1/959 2420/1/1359
f 2424/1/959 2426/1/959 2420/1/1359
f 2441/1/1367 2447/1/1370 2442/1/1368
f 2447/1/1370 2448/1/1370 2442/1/1368
f 2449/1/25 2450/1/25 2451/1/221
f 2450/1/25 2452/1/25 2451/1/221
s 0
f 2453/1/25 2454/1/25 2451/1/25
s 1
f 2454/1/25 2449/1/25 2451/1/221
f 2455/1/1371 2456/1/1372 2457/1/1373
f 2456/1/1372 2458/1/1373 2457/1/1373
f 2459/1/1374 2460/1/1374 2461/1/978
f 2460/1/1374 2462/1/978 2461/1/978
f 2463/1/1375 2464/1/1376 2458/1/1373
f 2464/1/1376 2457/1/1373 2458/1/1373
f 2463/1/1375 2461/1/978 2464/1/1376
f 2461/1/978 2462/1/978 2464/1/1376
s 0
f 2465/1/25 2466/1/25 2467/1/25
f 2466/1/25 2468/1/25 2467/1/25
f 2469/1/25 2470/1/25 2471/1/25
f 2470/1/25 2465/1/25 2471/1/25
f 2472/1/25 2469/1/25 2471/1/25
f 2470/1/25 2466/1/25 2465/1/25
s 1
f 2473/1/596 2474/1/1377 2475/1/64
f 2474/1/1377 2476/1/1378 2475/1/64
f 2473/1/596 2477/1/1255 2474/1/1377
f 2477/1/1255 2478/1/1255 2474/1/1377
f 2475/1/64 2476/1/1378 2479/1/1379
f 2476/1/1378 2480/1/1379 2479/1/1379
f 2481/1/1380 2456/1/1372 2455/1/1371
f 2482/1/1381 2481/1/1380 2455/1/1371
f 2483/1/1382 2484/1/157 2485/1/1382
f 2484/1/157 2486/1/157 2485/1/1382
f 2478/1/1255 2477/1/1255 2485/1/1382
f 2477/1/1255 2483/1/1382 2485/1/1382
f 2487/1/1383 2482/1/1381 2488/1/1384
f 2482/1/1381 2455/1/1371 2488/1/1384
f 2489/1/1385 2487/1/1383 2488/1/1384
f 2490/1/157 2491/1/1386 2492/1/157
f 2491/1/1386 2493/1/1386 2492/1/157
f 2494/1/1387 2493/1/1386 2495/1/1387
f 2493/1/1386 2491/1/1386 2495/1/1387
f 2496/1/1388 2497/1/1389 2498/1/1388
f 2497/1/1389 2499/1/1390 2498/1/1388
f 2500/1/1391 2496/1/1388 2501/1/1391
f 2496/1/1388 2498/1/1388 2501/1/1391
f 2502/1/1392 2503/1/1393 2504/1/1392
f 2503/1/1393 2505/1/1393 2504/1/1392
f 2495/1/1387 2502/1/1392 2494/1/1387
f 2502/1/1392 2504/1/1392 2494/1/1387
f 2506/1/1394 2507/1/1395 2508/1/1394
f 2507/1/1395 2509/1/1396 2508/1/1394
f 2499/1/1390 2510/1/1397 2508/1/1394
f 2510/1/1397 2506/1/1394 2508/1/1394
f 2511/1/1398 2512/1/1398 2513/1/1399
f 2512/1/1398 2514/1/1399 2513/1/1399
f 2507/1/1395 2513/1/1399 2509/1/1396
f 2513/1/1399 2514/1/1399 2509/1/1396
s 0
f 2515/1/25 2516/1/25 2517/1/25
f 2516/1/25 2518/1/25 2517/1/25
f 2519/1/25 2520/1/25 2521/1/25
f 2522/1/25 2523/1/25 2524/1/25
f 2519/1/25 2521/1/25 2518/1/25
f 2519/1/25 2518/1/25 2516/1/25
f 2521/1/25 2520/1/25 2523/1/25
f 2520/1/25 2524/1/25 2523/1/25
s 1
f 2499/1/1390 2497/1/1389 2510/1/1397
s 0
f 2525/1/1400 2526/1/1400 2527/1/1400
s 1
f 2528/1/1401 2529/1/1402 2530/1/1401
f 2529/1/1402 2531/1/1402 2530/1/1401
f 2532/1/1403 2528/1/1401 2533/1/1404
f 2528/1/1401 2530/1/1401 2533/1/1404
f 2534/1/1405 2535/1/1405 2536/1/1406
f 2535/1/1405 2537/1/1406 2536/1/1406
f 2536/1/1406 2537/1/1406 2538/1/955
f 2537/1/1406 2539/1/955 2538/1/955
f 2540/1/1407 2541/1/1408 2542/1/1409
f 2541/1/1408 2543/1/1409 2542/1/1409
f 2541/1/1408 2540/1/1407 2534/1/1405
f 2540/1/1407 2535/1/1405 2534/1/1405
f 2533/1/1404 2544/1/1143 2545/1/1410
f 2532/1/1403 2533/1/1404 2545/1/1410
f 2546/1/1411 2547/1/1412 2548/1/1411
f 2547/1/1412 2549/1/1412 2548/1/1411
f 2543/1/1409 2546/1/1411 2542/1/1409
f 2546/1/1411 2548/1/1411 2542/1/1409
f 2550/1/1413 2544/1/1143 2551/1/1413
f 2544/1/1143 2533/1/1404 2551/1/1413
f 2552/1/235 2550/1/1413 2553/1/235
f 2550/1/1413 2551/1/1413 2553/1/235
f 2554/1/1414 2555/1/1415 2556/1/1416
f 2557/1/1417 2558/1/1418 2555/1/1415
f 2558/1/1418 2559/1/1418 2555/1/1415
f 2560/1/1419 2561/1/1418 2558/1/1418
f 2562/1/1420 2563/1/1420 2564/1/1421
f 2563/1/1420 2565/1/1421 2564/1/1421
f 2566/1/1422 2567/1/1422 2568/1/1423
f 2567/1/1422 2569/1/1423 2568/1/1423
f 2565/1/1421 2568/1/1423 2564/1/1421
f 2568/1/1423 2569/1/1423 2564/1/1421
f 2570/1/1424 2571/1/1424 2572/1/1014
f 2571/1/1424 2573/1/1425 2572/1/1014
f 2574/1/1426 2575/1/1427 2576/1/1426
f 2575/1/1427 2577/1/1428 2576/1/1426
f 2577/1/1428 2575/1/1427 2573/1/1425
f 2575/1/1427 2572/1/1014 2573/1/1425
f 2578/1/1429 2579/1/1430 2580/1/1429
f 2579/1/1430 2581/1/1431 2580/1/1429
f 2580/1/1429 2552/1/235 2578/1/1429
f 2552/1/235 2553/1/235 2578/1/1429
f 2582/1/1432 2571/1/1424 2583/1/1433
f 2571/1/1424 2570/1/1424 2583/1/1433
f 2547/1/1412 2582/1/1432 2549/1/1412
f 2582/1/1432 2583/1/1433 2549/1/1412
f 2555/1/1415 2584/1/1434 2556/1/1416
f 2559/1/1418 2558/1/1418 2561/1/1418
f 2554/1/1414 2557/1/1417 2555/1/1415
s 0
f 2585/1/25 2586/1/25 2587/1/25
f 2585/1/25 2587/1/25 2588/1/25
s 1
f 2589/1/19 2590/1/19 2591/1/19
f 2590/1/19 2592/1/19 2591/1/19
f 2593/1/1435 2594/1/18 2595/1/1014
f 2594/1/18 2596/1/18 2595/1/1014
f 2597/1/1436 2598/1/1437 2599/1/1438
f 2598/1/1437 2600/1/1439 2599/1/1438
f 2601/1/336 2597/1/1436 2602/1/336
f 2597/1/1436 2599/1/1438 2602/1/336
f 2603/1/1440 2604/1/1440 2605/1/660
f 2604/1/1440 2606/1/660 2605/1/660
f 2607/1/1441 2593/1/1435 2608/1/1441
f 2593/1/1435 2595/1/1014 2608/1/1441
f 2609/1/1442 2610/1/1442 2603/1/1440
f 2610/1/1442 2604/1/1440 2603/1/1440
s 0
f 2585/1/25 2588/1/25 2611/1/25
f 2585/1/25 2612/1/25 2613/1/25
f 2612/1/1103 2614/1/1103 2613/1/1103
f 2585/1/25 2611/1/25 2612/1/25
s 1
f 2615/1/25 2616/1/25 2617/1/25
f 2616/1/25 2618/1/25 2617/1/25
f 2619/1/25 2615/1/25 2620/1/25
f 2615/1/25 2617/1/25 2620/1/25
f 2621/1/25 2622/1/25 2623/1/25
f 2622/1/25 2624/1/25 2623/1/25
f 2625/1/25 2624/1/25 2622/1/25
f 2626/1/25 2627/1/25 2621/1/25
f 2627/1/25 2622/1/25 2621/1/25
f 2627/1/25 2625/1/25 2622/1/25
f 2626/1/25 2621/1/25 2618/1/25
f 2621/1/25 2617/1/25 2618/1/25
f 2628/1/1443 2629/1/1444 2630/1/1445
f 2629/1/1444 2631/1/1446 2630/1/1445
f 2632/1/1447 2633/1/1448 2634/1/1449
f 2633/1/1448 2635/1/1449 2634/1/1449
f 2636/1/1450 2637/1/1450 2635/1/1449
f 2637/1/1450 2634/1/1449 2635/1/1449
f 2638/1/1451 2639/1/1451 2640/1/1451
f 2639/1/1451 2641/1/1451 2640/1/1451
f 2642/1/1452 2643/1/18 2644/1/1452
f 2643/1/18 2645/1/20 2644/1/1452
f 2646/1/1453 2647/1/33 2648/1/33
f 2647/1/33 2642/1/1452 2648/1/33
f 2642/1/1452 2644/1/1452 2648/1/33
f 2649/1/1454 2650/1/1454 2636/1/1450
f 2650/1/1454 2637/1/1450 2636/1/1450
f 2621/1/25 2623/1/25 2617/1/25
f 2623/1/25 2620/1/25 2617/1/25
f 2651/1/1455 2652/1/1456 2653/1/1457
f 2652/1/1456 2654/1/1458 2653/1/1457
f 2653/1/1457 2655/1/1459 2651/1/1455
f 2656/1/1460 2657/1/989 2658/1/1461
f 2657/1/989 2659/1/989 2658/1/1461
f 2658/1/1461 2660/1/1462 2656/1/1460
f 2660/1/1462 2661/1/1463 2656/1/1460
f 2659/1/989 2657/1/989 2662/1/1464
f 2657/1/989 2663/1/1465 2662/1/1464
f 2664/1/1001 2662/1/1464 2663/1/1465
f 2665/1/1466 2666/1/1467 2667/1/1468
f 2666/1/1467 2668/1/1162 2667/1/1468
f 2669/1/1469 2670/1/1469 2671/1/1470
f 2670/1/1469 2672/1/1471 2671/1/1470
f 2673/1/1472 2674/1/1473 2669/1/1469
f 2674/1/1473 2670/1/1469 2669/1/1469
f 2673/1/1472 2675/1/1474 2674/1/1473
f 2675/1/1474 2676/1/797 2674/1/1473
f 2677/1/1469 2678/1/1475 2675/1/1474
f 2678/1/1475 2676/1/797 2675/1/1474
f 2679/1/1476 2671/1/1470 2680/1/1476
f 2671/1/1470 2672/1/1471 2680/1/1476
f 2681/1/1477 2679/1/1476 2682/1/1477
f 2679/1/1476 2680/1/1476 2682/1/1477
f 2683/1/1478 2684/1/1478 2685/1/1479
f 2684/1/1478 2686/1/1479 2685/1/1479
f 2687/1/1480 2651/1/1455 2688/1/1480
f 2651/1/1455 2689/1/1481 2688/1/1480
f 2690/1/1482 2687/1/1480 2691/1/1482
f 2687/1/1480 2688/1/1480 2691/1/1482
f 2692/1/1483 2690/1/1482 2693/1/1483
f 2690/1/1482 2691/1/1482 2693/1/1483
f 2689/1/1481 2651/1/1455 2655/1/1459
f 2665/1/1466 2694/1/1484 2666/1/1467
f 2694/1/1484 2695/1/1484 2666/1/1467
f 2696/1/1485 2681/1/1477 2682/1/1477
f 2697/1/1486 2698/1/1486 2699/1/1487
f 2698/1/1486 2700/1/1488 2699/1/1487
f 2699/1/1487 2700/1/1488 2701/1/1483
f 2700/1/1488 2702/1/1483 2701/1/1483
f 2697/1/1486 2703/1/1489 2698/1/1486
f 2703/1/1489 2704/1/1490 2698/1/1486
f 2705/1/1491 2704/1/1490 2706/1/1491
f 2704/1/1490 2703/1/1489 2706/1/1491
f 2684/1/1478 2683/1/1478 2707/1/1492
f 2683/1/1478 2708/1/1493 2707/1/1492
f 2709/1/158 2707/1/1492 2710/1/158
f 2707/1/1492 2708/1/1493 2710/1/158
f 2711/1/1494 2709/1/158 2712/1/1495
f 2709/1/158 2710/1/158 2712/1/1495
f 2652/1/1456 2713/1/1496 2654/1/1458
f 2713/1/1496 2714/1/1496 2654/1/1458
f 2713/1/1496 2715/1/1497 2714/1/1496
f 2716/1/25 2717/1/1476 2718/1/1476
f 2719/1/1498 2720/1/1499 2721/1/1498
f 2722/1/1500 2723/1/1500 2721/1/1498
f 2723/1/1500 2719/1/1498 2721/1/1498
f 2720/1/1499 2718/1/1476 2721/1/1498
f 2718/1/1476 2717/1/1476 2721/1/1498
f 2724/1/1501 2725/1/1502 2726/1/1503
f 2725/1/1502 2727/1/1503 2726/1/1503
f 2727/1/1503 2728/1/1504 2726/1/1503
f 2728/1/1504 2729/1/1504 2726/1/1503
f 2730/1/1505 2731/1/1506 2732/1/1507
f 2731/1/1506 2733/1/1508 2732/1/1507
f 2732/1/1507 2733/1/1508 2734/1/1509
f 2733/1/1508 2735/1/1509 2734/1/1509
f 2736/1/1066 2737/1/1066 2738/1/1510
f 2737/1/1066 2739/1/1510 2738/1/1510
f 2740/1/1511 2738/1/1510 2741/1/1511
f 2738/1/1510 2739/1/1510 2741/1/1511
f 2742/1/1512 2743/1/1512 2744/1/1513
f 2743/1/1512 2745/1/1513 2744/1/1513
f 2743/1/1512 2742/1/1512 2746/1/1514
f 2742/1/1512 2747/1/1514 2746/1/1514
f 2748/1/1515 2749/1/1516 2750/1/1515
f 2750/1/1515 2723/1/1500 2748/1/1515
f 2723/1/1500 2722/1/1500 2748/1/1515
f 2751/1/25 2731/1/1506 2752/1/1517
f 2731/1/1506 2730/1/1505 2752/1/1517
f 2753/1/1518 2754/1/1518 2728/1/1504
f 2754/1/1518 2729/1/1504 2728/1/1504
f 2755/1/1519 2756/1/1519 2757/1/1195
f 2756/1/1519 2758/1/1195 2757/1/1195
f 2759/1/1482 2760/1/1482 2758/1/1195
f 2760/1/1482 2757/1/1195 2758/1/1195
f 2761/1/1520 2760/1/1482 2762/1/1520
f 2760/1/1482 2759/1/1482 2762/1/1520
f 2763/1/598 2764/1/1011 2765/1/598
f 2764/1/1011 2766/1/1011 2765/1/598
f 2767/1/1521 2768/1/1522 2769/1/1523
f 2768/1/1522 2770/1/1524 2769/1/1523
f 2771/1/1525 2767/1/1521 2772/1/1525
f 2767/1/1521 2769/1/1523 2772/1/1525
f 2768/1/1522 2763/1/598 2770/1/1524
f 2763/1/598 2765/1/598 2770/1/1524
f 2773/1/1526 2761/1/1520 2774/1/1526
f 2761/1/1520 2762/1/1520 2774/1/1526
f 2775/1/1527 2631/1/1446 2776/1/1527
f 2631/1/1446 2629/1/1444 2776/1/1527
f 2695/1/1484 2694/1/1484 2686/1/1479
f 2694/1/1484 2685/1/1479 2686/1/1479
f 2777/1/1445 2778/1/1443 2779/1/1528
f 2778/1/1443 2780/1/1528 2779/1/1528
f 2779/1/1528 2780/1/1528 2781/1/1529
f 2780/1/1528 2782/1/1530 2781/1/1529
f 2783/1/1531 2784/1/1531 2785/1/1531
f 2784/1/1531 2786/1/1531 2785/1/1531
f 2787/1/1532 2788/1/1533 2789/1/1534
f 2788/1/1533 2790/1/1535 2789/1/1534
f 2791/1/1536 2792/1/1537 2793/1/1536
f 2794/1/1538 2789/1/1534 2790/1/1535
f 2794/1/1538 2791/1/1536 2789/1/1534
f 2791/1/1536 2793/1/1536 2789/1/1534
f 2795/1/1539 2796/1/1540 2797/1/1539
f 2796/1/1540 2798/1/1540 2797/1/1539
f 2799/1/1119 2800/1/1541 2801/1/1119
f 2800/1/1541 2802/1/1541 2801/1/1119
f 2803/1/1542 2799/1/1119 2804/1/1543
f 2799/1/1119 2801/1/1119 2804/1/1543
f 2805/1/1544 2806/1/1545 2804/1/1543
f 2806/1/1545 2803/1/1542 2804/1/1543
f 2807/1/1546 2808/1/1547 2782/1/1530
f 2808/1/1547 2781/1/1529 2782/1/1530
s 0
f 2809/1/25 2810/1/25 2811/1/25
f 2811/1/25 2812/1/25 2809/1/25
f 2813/1/25 2812/1/25 2811/1/25
s 1
f 2814/1/1548 2815/1/1549 2816/1/432
f 2815/1/1549 2817/1/1549 2816/1/432
f 2818/1/1550 2819/1/1551 2820/1/1550
f 2819/1/1551 2821/1/1551 2820/1/1550
f 2814/1/1548 2816/1/432 2822/1/1552
f 2814/1/1548 2822/1/1552 2823/1/1553
f 2824/1/40 2818/1/1550 2825/1/40
f 2818/1/1550 2820/1/1550 2825/1/40
f 2826/1/1382 2827/1/1382 2825/1/40
f 2827/1/1382 2824/1/40 2825/1/40
f 2826/1/1382 2828/1/1554 2827/1/1382
f 2828/1/1554 2829/1/1554 2827/1/1382
f 2829/1/1554 2828/1/1554 2830/1/1555
f 2828/1/1554 2831/1/1555 2830/1/1555
f 2814/1/1548 2823/1/1553 2832/1/1556
f 2823/1/1553 2833/1/1556 2832/1/1556
f 2834/1/1557 2832/1/1556 2835/1/1557
f 2832/1/1556 2833/1/1556 2835/1/1557
f 2836/1/1558 2837/1/1559 2838/1/1560
f 2837/1/1559 2839/1/1560 2838/1/1560
f 2840/1/18 2841/1/18 2839/1/1560
f 2841/1/18 2838/1/1560 2839/1/1560
f 2842/1/1561 2843/1/1561 2844/1/1562
f 2843/1/1561 2845/1/1562 2844/1/1562
f 2846/1/1563 2847/1/1563 2848/1/780
f 2847/1/1563 2849/1/780 2848/1/780
f 2848/1/780 2849/1/780 2845/1/1562
f 2849/1/780 2844/1/1562 2845/1/1562
f 2850/1/1564 2851/1/1564 2852/1/1565
f 2851/1/1564 2853/1/1566 2852/1/1565
f 2854/1/372 2855/1/1567 2856/1/1568
f 2857/1/1569 2858/1/1569 2859/1/1570
f 2858/1/1569 2860/1/1571 2859/1/1570
f 2859/1/1570 2860/1/1571 2855/1/1567
f 2860/1/1571 2856/1/1568 2855/1/1567
s 0
f 2861/1/25 2862/1/25 2863/1/25
s 1
f 2864/1/1572 2852/1/1565 2865/1/1572
f 2852/1/1565 2853/1/1566 2865/1/1572
s 0
f 2866/1/25 2863/1/25 2867/1/25
f 2863/1/25 2862/1/25 2867/1/25
f 2866/1/25 2868/1/25 2863/1/25
f 2866/1/25 2869/1/25 2868/1/25
f 2869/1/25 2870/1/25 2868/1/25
s 1
f 610/1/276 611/1/277 603/1/269
f 611/1/277 605/1/271 603/1/269
f 1251/1/703 1249/1/701 1257/1/709
f 1249/1/701 1256/1/708 1257/1/709
f 804/1/429 802/1/428 2871/1/1573
f 2872/1/25 2873/1/25 2874/1/25
f 2873/1/25 2875/1/25 2874/1/25
s 0
f 2876/1/25 2874/1/25 2877/1/25
f 2874/1/25 2875/1/25 2877/1/25
f 1212/1/25 2878/1/25 1214/1/25
f 1214/1/25 2878/1/25 2877/1/25
f 2878/1/25 2876/1/25 2877/1/25
f 488/1/220 490/1/220 491/1/220
f 490/1/1574 2879/1/1574 491/1/1574
f 1878/1/1103 1880/1/1103 1881/1/1103
f 1880/1/1575 2880/1/1575 1881/1/1575
s 1
f 2881/1/25 2882/1/25 2883/1/25
f 2882/1/25 2884/1/25 2883/1/25
s 0
f 2885/1/25 2883/1/25 2886/1/25
f 2883/1/25 2884/1/25 2886/1/25
f 566/1/25 2887/1/25 568/1/25
f 2887/1/25 2885/1/25 568/1/25
f 568/1/25 2885/1/25 2886/1/25
o Mesh1.001
v -0.084044 0.015328 0.094006
v -0.118293 0.015428 0.127554
v -0.044774 0.015328 0.117777
v -0.047242 0.015328 0.166446
v 0.000000 0.015328 0.126000
v 0.000000 0.015328 0.172554
v 0.028809 0.015328 0.152739
v -0.196839 0.029351 0.154447
v -0.185021 0.040176 0.164350
v -0.197357 0.039255 0.140701
v -0.211043 0.036834 0.118306
v -0.230562 0.028054 0.083971
v -0.216660 0.025677 0.113677
v -0.204522 0.019735 0.143993
v -0.154606 0.033977 0.106979
v -0.151627 0.019735 0.102954
v -0.171639 0.025688 0.085289
v -0.187375 0.028054 0.063171
v -0.169928 0.032183 0.091400
v -0.136958 0.034505 0.119551
v 0.084044 0.015328 -0.094006
v 0.118780 0.015430 -0.128032
v 0.044774 0.015328 -0.117777
v 0.060584 0.015328 -0.161704
v 0.000000 0.015328 -0.126000
v 0.000000 0.015328 -0.170530
v -0.044774 0.015328 -0.117777
v -0.029531 0.015328 -0.150739
v 0.211043 0.036834 -0.118306
v 0.230562 0.028054 -0.083971
v 0.216660 0.025677 -0.113677
v 0.196839 0.029351 -0.154447
v 0.186539 0.034505 -0.165766
v 0.197357 0.039255 -0.140701
v 0.204522 0.019735 -0.143993
v 0.154606 0.033977 -0.106979
v 0.151627 0.019735 -0.102954
v 0.171639 0.025688 -0.085289
v 0.187375 0.028054 -0.063171
v 0.169928 0.032183 -0.091400
v 0.136958 0.034505 -0.119551
v 0.172574 0.016206 -0.054580
v 0.182468 0.016205 -0.056053
v 0.152800 0.016206 -0.097330
v 0.206829 0.016203 0.000000
v 0.180792 0.016206 0.000000
v -0.172574 0.016206 0.054580
v -0.184016 0.016204 0.056222
v -0.152800 0.016206 0.097330
v -0.207543 0.016203 0.000000
v -0.180792 0.016206 0.000000
v 0.044774 0.015328 0.117777
vn 0.0013 1.0000 -0.0006
vn 0.0012 1.0000 -0.0009
vn 0.0012 1.0000 -0.0006
vn 0.0013 1.0000 -0.0007
vn -0.8144 0.4066 0.4139
vn -0.7314 0.3948 0.5561
vn -0.8353 0.4016 0.3755
vn -0.8532 0.2952 0.4300
vn -0.8666 0.2594 0.4263
vn -0.8602 0.3527 0.3683
vn 0.6124 0.3723 -0.6974
vn 0.6119 0.3310 -0.7183
vn 0.6985 0.3601 -0.6184
vn 0.7937 0.2927 -0.5333
vn 0.7080 0.3759 -0.5978
vn 0.5408 0.3316 -0.7731
vn 0.8532 0.2952 -0.4300
vn 0.8666 0.2594 -0.4263
vn 0.8100 0.4608 -0.3626
vn 0.7434 0.4088 -0.5293
vn 0.8275 0.3968 -0.3973
vn 0.8602 0.3527 -0.3683
vn -0.6124 0.3723 0.6974
vn -0.6119 0.3310 0.7183
vn -0.6985 0.3601 0.6184
vn -0.7937 0.2927 0.5333
vn -0.7080 0.3759 0.5978
vn -0.5408 0.3316 0.7731
vt 0.764986 0.549027
vt 0.893466 0.763664
vt 0.535326 0.617065
vt 0.483406 0.865978
vt 0.298456 0.599342
vt 0.236876 0.834320
vt 0.117676 0.696193
vt 0.895756 0.071873
vt 0.885176 0.057838
vt 0.909356 0.063800
vt 0.932756 0.071347
vt 0.967206 0.086750
vt 0.936746 0.083113
vt 0.905786 0.083113
vt 0.907566 0.037005
vt 0.917906 0.018014
vt 0.948436 0.042558
vt 0.983256 0.060202
vt 0.936826 0.048413
vt 0.880056 0.022622
vt 0.765616 0.546332
vt 0.896986 0.768514
vt 0.531606 0.614269
vt 0.552326 0.861227
vt 0.290736 0.594929
vt 0.229566 0.823256
vt 0.072456 0.491255
vt 0.105326 0.681210
vt 0.883516 0.063097
vt 0.364476 0.192789
vt 0.375436 0.255617
vt 0.066066 0.159000
vt 0.763556 0.290447
vt 0.711256 0.132883
vt 0.362956 0.187484
vt 0.375536 0.259523
vt 0.067046 0.152457
vt 0.759826 0.290682
vt 0.707326 0.129794
vt 0.083336 0.498609
s 1
usemtl CW_Pegasis3_S_Mat
f 2888/2/1576 2889/3/1577 2890/4/1578
f 2889/3/1577 2891/5/1576 2890/4/1578
f 2890/4/1578 2891/5/1576 2892/6/1579
f 2891/5/1576 2893/7/1579 2892/6/1579
f 2894/8/1579 2892/6/1579 2893/7/1579
f 2895/9/1580 2896/10/1581 2897/11/1582
f 2898/12/1583 2899/13/1584 2900/14/1583
f 2900/14/1583 2901/15/1585 2898/12/1583
f 2901/15/1585 2897/11/1582 2898/12/1583
f 2895/9/1580 2897/11/1582 2901/15/1585
f 2902/16/1586 2903/17/1587 2904/18/1588
f 2905/19/1589 2906/20/1590 2904/18/1588
f 2904/18/1588 2906/20/1590 2902/16/1586
f 2907/21/1591 2903/17/1587 2902/16/1586
f 2908/22/1576 2909/23/1578 2910/24/1578
f 2909/23/1578 2911/25/1579 2910/24/1578
f 2910/24/1578 2911/25/1579 2912/26/1579
f 2911/25/1579 2913/27/1579 2912/26/1579
f 2914/28/1579 2912/26/1579 2915/29/1579
f 2916/12/1592 2917/13/1593 2918/14/1592
f 2919/9/1594 2920/30/1595 2921/11/1596
f 2918/14/1592 2922/15/1597 2916/12/1592
f 2922/15/1597 2921/11/1596 2916/12/1592
f 2919/9/1594 2921/11/1596 2922/15/1597
f 2923/16/1598 2924/17/1599 2925/18/1600
f 2926/19/1601 2927/20/1602 2925/18/1600
f 2925/18/1600 2927/20/1602 2923/16/1598
f 2928/21/1603 2924/17/1599 2923/16/1598
f 2915/29/1579 2912/26/1579 2913/27/1579
f 2929/31/1576 2930/32/1576 2931/33/1576
f 2932/34/1579 2930/32/1576 2933/35/1579
f 2930/32/1576 2929/31/1576 2933/35/1579
f 2934/36/1576 2935/37/1576 2936/38/1576
f 2937/39/1579 2935/37/1576 2938/40/1576
f 2935/37/1576 2934/36/1576 2938/40/1576
f 2939/41/1579 2892/6/1579 2894/8/1579
