# Blender v2.93.5 OBJ File: ''
# www.blender.org
mtllib 4.mtl
o Mesh_3595out
v 0.021400 0.187310 0.166349
v -0.020416 0.192666 0.109000
v -0.005971 0.191525 0.123165
v 0.001626 0.187766 0.154393
v -0.036522 0.193109 0.099266
v -0.016956 0.188574 0.140040
v 0.010591 0.190620 0.136098
v 0.027459 0.190027 0.146562
v -0.046250 0.192946 0.095253
v -0.022573 0.187154 0.146301
v 0.039976 0.187160 0.174689
v 0.056453 0.187180 0.180396
v 0.043246 0.189701 0.154224
v 0.062265 0.189571 0.161208
v 0.068038 0.188144 0.176220
v 0.084567 0.189682 0.166577
v 0.084971 0.189590 0.168480
v 0.099384 0.183772 0.164460
v 0.100850 0.182945 0.166336
v 0.093696 0.185473 0.163508
v 0.088255 0.187004 0.164127
v 0.101136 0.182026 0.168239
v 0.100628 0.181029 0.169926
v 0.091174 0.179661 0.175757
v 0.083577 0.179179 0.179458
v 0.068038 0.188144 0.176220
v 0.074605 0.178403 0.183407
v 0.066024 0.177745 0.186664
v 0.056453 0.187180 0.180396
v 0.054583 0.184215 0.183583
v 0.038314 0.184189 0.177895
v 0.039976 0.187160 0.174689
v 0.021400 0.187310 0.166349
v 0.022338 0.184319 0.170701
v 0.001626 0.187766 0.154393
v 0.003020 0.184762 0.159534
v -0.016989 0.185486 0.144861
v -0.016956 0.188574 0.140040
v -0.000120 0.184176 0.157651
v 0.020377 0.183753 0.169835
v 0.022338 0.184319 0.170701
v 0.037839 0.183635 0.177725
v 0.038314 0.184189 0.177895
v 0.050804 0.183674 0.182397
v 0.054583 0.184215 0.183583
v 0.055411 0.180990 0.183830
v 0.066024 0.177745 0.186664
v 0.055411 0.162955 0.183830
v 0.066024 0.162955 0.186664
v 0.037337 0.193200 0.112062
v 0.038151 0.188105 0.106615
v 0.048087 0.187903 0.109925
v 0.029173 0.188431 0.102837
v 0.028482 0.193395 0.108323
v 0.018983 0.189844 0.098543
v 0.016891 0.193676 0.103931
v 0.011106 0.188633 0.099370
v 0.009105 0.193604 0.104954
v -0.000316 0.188574 0.100087
v -0.004258 0.193493 0.105449
v -0.009952 0.188457 0.099501
v 0.046537 0.193057 0.115151
v 0.057939 0.188027 0.112675
v 0.061099 0.192946 0.118650
v 0.076534 0.193004 0.120317
v 0.073426 0.187988 0.114838
v 0.089193 0.188144 0.115151
v 0.088014 0.193128 0.120487
v 0.101957 0.193376 0.119197
v 0.100068 0.188313 0.114213
v 0.118558 0.193825 0.115802
v 0.108108 0.188554 0.112909
v 0.116754 0.188802 0.110903
v -0.018272 0.188352 0.098315
v -0.015751 0.193376 0.104368
v -0.024977 0.191291 0.100341
v -0.028313 0.188255 0.095930
v -0.026234 0.193252 0.102348
v -0.036522 0.193109 0.099266
v -0.037982 0.188111 0.092510
v -0.020416 0.192666 0.109000
v -0.013223 0.190105 0.113261
v -0.005971 0.191525 0.123165
v -0.000290 0.189095 0.124735
v 0.010591 0.190620 0.136098
v 0.011679 0.187942 0.133238
v 0.027459 0.190027 0.146562
v 0.031330 0.187271 0.145259
v 0.043246 0.189701 0.154224
v 0.043904 0.187017 0.151266
v 0.062265 0.189571 0.161208
v 0.061249 0.186854 0.157912
v 0.076371 0.186886 0.161847
v -0.043585 0.188033 0.090001
v -0.046250 0.192946 0.095253
v -0.053984 0.192796 0.091226
v -0.051443 0.187883 0.085753
v -0.059027 0.187720 0.080723
v -0.061046 0.192640 0.086782
v -0.062135 0.191786 0.084795
v 0.091096 0.191858 -0.082802
v 0.116122 0.193956 -0.088483
v 0.081043 0.190607 -0.066331
v 0.121771 0.193949 -0.079283
v 0.111620 0.192692 -0.061092
v 0.087981 0.190913 -0.056649
v 0.093389 0.191141 -0.047227
v 0.127504 0.193956 -0.068539
v 0.135179 0.193969 -0.047260
v 0.118396 0.192822 -0.046999
v 0.072168 0.190033 -0.075726
v 0.084821 0.191929 -0.096543
v 0.111098 0.193949 -0.095520
v 0.064702 0.189460 -0.082170
v 0.077361 0.190939 -0.098654
v 0.080912 0.191421 -0.108414
v 0.068591 0.189629 -0.118663
v 0.085525 0.192418 -0.123269
v 0.093845 0.192985 -0.101657
v 0.095800 0.193956 -0.121614
v 0.088835 0.193949 -0.136052
v 0.060291 0.188463 -0.133870
v 0.066194 0.190020 -0.147194
v 0.077413 0.192079 -0.143571
v 0.102276 0.193962 -0.106336
v 0.053847 0.187577 -0.145044
v 0.059515 0.189558 -0.159964
v 0.040275 0.185981 -0.165157
v 0.072006 0.191851 -0.153898
v 0.063457 0.191441 -0.167483
v 0.080528 0.193956 -0.151390
v 0.069380 0.193923 -0.168636
v 0.055078 0.191558 -0.181172
v 0.043898 0.188704 -0.184065
v 0.052042 0.189115 -0.172311
v 0.075941 0.193956 -0.162603
v 0.084385 0.193956 -0.159339
v 0.077935 0.191617 -0.170519
v 0.064037 0.190998 -0.179107
v 0.070689 0.188098 -0.183068
v 0.082554 0.187694 -0.176885
v 0.066031 0.184358 -0.191962
v 0.076254 0.184339 -0.186580
v 0.066748 0.180951 -0.195929
v 0.055763 0.180957 -0.200959
v 0.077387 0.180957 -0.190163
v 0.040132 0.189089 -0.191760
v 0.021752 0.186059 -0.202517
v 0.056453 0.188346 -0.188697
v 0.054929 0.185095 -0.195760
v 0.042712 0.186717 -0.196679
v 0.040132 0.189089 -0.191760
v 0.055078 0.191558 -0.181172
v 0.021752 0.186059 -0.202517
v 0.044458 0.180957 -0.205240
v 0.032874 0.180957 -0.208758
v 0.044628 0.184398 -0.200399
v 0.021400 0.180977 -0.211423
v 0.033571 0.184417 -0.203416
v 0.008682 0.180964 -0.213495
v 0.024065 0.184815 -0.204654
v 0.005515 0.181596 -0.212844
v 0.004727 0.183231 -0.209912
v 0.004473 0.182475 -0.205090
v 0.004727 0.183231 -0.209912
v 0.024026 0.184326 -0.185114
v 0.026958 0.185785 -0.192659
v 0.036959 0.186424 -0.178970
v -0.150699 0.184450 0.053801
v -0.153931 0.183766 0.043663
v -0.154810 0.255488 0.040321
v -0.150901 0.234684 0.053176
v -0.151885 0.241909 0.050400
v -0.150679 0.228957 0.053808
v -0.155051 0.183479 0.039128
v -0.156374 0.263958 0.033864
v -0.157214 0.268206 0.029707
v -0.156498 0.183107 0.033310
v -0.158335 0.182599 0.023022
v -0.158648 0.182528 0.020299
v -0.158329 0.272128 0.023153
v -0.158843 0.273118 0.018957
v -0.159449 0.182345 0.013282
v -0.159971 0.182397 0.003085
v -0.159938 0.182515 0.000003
v -0.159436 0.273985 0.013790
v -0.160003 0.273959 0.000003
v -0.159866 0.182749 -0.006558
v -0.159482 0.273959 -0.012897
v -0.159013 0.183394 -0.017725
v -0.158772 0.273092 -0.019791
v -0.157254 0.184222 -0.029512
v -0.157905 0.270766 -0.025811
v -0.156765 0.266043 -0.032131
v -0.154602 0.254256 -0.041220
v -0.154823 0.185003 -0.040347
v -0.152341 0.243955 -0.048915
v -0.151383 0.238886 -0.051801
v -0.150686 0.231426 -0.053788
v -0.150784 0.185948 -0.053756
v 0.134430 0.187584 -0.081231
v 0.141069 0.185473 -0.079648
v 0.139219 0.187584 -0.069504
v 0.145962 0.184782 -0.070292
v 0.119718 0.190151 -0.095741
v 0.146138 0.183746 -0.083512
v 0.150132 0.184065 -0.060871
v 0.144138 0.187258 -0.056779
v 0.127504 0.193956 -0.068539
v 0.150680 0.184456 -0.053808
v 0.137649 0.191356 -0.054225
v 0.135179 0.193969 -0.047260
v 0.154139 0.183205 -0.049840
v 0.153931 0.183766 -0.043657
v 0.125211 0.188893 -0.095969
v 0.134678 0.187597 -0.098458
v 0.154380 0.181974 -0.089786
v 0.140229 0.187473 -0.105293
v 0.112734 0.193956 -0.112486
v 0.111098 0.193949 -0.095520
v 0.103195 0.193956 -0.109287
v 0.128325 0.192034 -0.114525
v 0.095780 0.193956 -0.126599
v 0.120591 0.193956 -0.119334
v 0.123419 0.193956 -0.118656
v 0.149781 0.180970 -0.110375
v 0.132671 0.187473 -0.122390
v 0.144145 0.180977 -0.121510
v 0.138092 0.180970 -0.131707
v 0.125934 0.187141 -0.135036
v 0.122285 0.192366 -0.124657
v 0.117803 0.190776 -0.136320
v 0.111887 0.193956 -0.134280
v 0.114239 0.187571 -0.149611
v 0.120428 0.184248 -0.149253
v 0.108903 0.190822 -0.147233
v 0.098921 0.190867 -0.157078
v 0.104492 0.187616 -0.159717
v 0.104355 0.184287 -0.166121
v 0.099116 0.193956 -0.147507
v 0.088008 0.190913 -0.165743
v 0.090210 0.187668 -0.171666
v 0.100615 0.193956 -0.143343
v 0.097533 0.187642 -0.165932
v 0.086085 0.184319 -0.180455
v 0.095468 0.184306 -0.173627
v 0.087604 0.180957 -0.183706
v 0.097377 0.180957 -0.176572
v 0.107033 0.180977 -0.168415
v 0.112688 0.184267 -0.157983
v 0.115359 0.180957 -0.160420
v 0.087402 0.193956 -0.154674
v 0.123849 0.180977 -0.151032
v 0.131016 0.180957 -0.142014
v 0.127530 0.184228 -0.139975
v 0.085662 0.193956 -0.146373
v -0.046537 0.193057 -0.115151
v -0.060408 0.192939 -0.118558
v -0.082932 0.190920 -0.152354
v -0.095266 0.191154 -0.152999
v -0.091011 0.188079 -0.157658
v -0.071230 0.187812 -0.155631
v -0.111079 0.188574 -0.157136
v -0.099071 0.187857 -0.157775
v -0.067607 0.190750 -0.150308
v -0.053567 0.190744 -0.146777
v -0.028482 0.193395 -0.108323
v -0.016891 0.193676 -0.103931
v -0.052413 0.187753 -0.151390
v -0.037337 0.193200 -0.112063
v -0.009105 0.193604 -0.104954
v -0.040243 0.190841 -0.142353
v -0.024762 0.191161 -0.135192
v 0.004258 0.193493 -0.105449
v -0.037252 0.187870 -0.146243
v -0.017601 0.188307 -0.136750
v -0.011503 0.191630 -0.127406
v 0.000290 0.189095 -0.124735
v 0.004721 0.192509 -0.115066
v 0.015751 0.193376 -0.104368
v 0.013223 0.190105 -0.113261
v 0.024977 0.191291 -0.100341
v -0.011685 0.187942 -0.133238
v 0.141069 0.142959 0.079648
v 0.148530 0.185896 0.064682
v 0.149468 0.142959 0.062480
v 0.141069 0.179961 0.079648
v 0.143773 0.186561 0.074651
v 0.139603 0.183257 0.082293
v 0.152563 0.185166 0.054505
v 0.155892 0.184365 0.044067
v 0.156680 0.142959 0.041168
v 0.158355 0.183570 0.034177
v 0.160251 0.182710 0.023804
v 0.160876 0.142959 0.019054
v 0.161515 0.181830 0.012428
v 0.161977 0.181257 0.002727
v 0.161964 0.142959 -0.003417
v 0.161795 0.180964 -0.008109
v 0.160961 0.181133 -0.018214
v 0.159925 0.142959 -0.025831
v 0.159599 0.181589 -0.027766
v 0.157221 0.182371 -0.038985
v 0.154804 0.142959 -0.047742
v 0.154139 0.183205 -0.049840
v 0.150132 0.184065 -0.060871
v 0.146699 0.142959 -0.068735
v 0.145962 0.184782 -0.070292
v 0.141069 0.142959 -0.079648
v 0.141069 0.185473 -0.079648
v -0.154165 0.142959 0.089630
v -0.154804 0.142959 0.047742
v -0.146699 0.142959 0.068735
v -0.161098 0.142959 0.027941
v -0.163925 0.142959 0.075863
v -0.141069 0.142959 0.079648
v -0.159925 0.142959 0.025830
v -0.163170 0.142959 0.010415
v -0.161964 0.142959 0.003417
v -0.172050 0.142959 0.055124
v -0.177054 0.142959 0.035187
v -0.155481 0.143011 0.091448
v -0.163170 0.142959 -0.010415
v -0.160876 0.142959 -0.019055
v -0.161098 0.142959 -0.027942
v -0.156680 0.142959 -0.041168
v -0.175021 0.142959 -0.032327
v -0.174265 0.142959 0.032046
v -0.176904 0.142959 -0.035760
v -0.172337 0.142959 -0.054121
v -0.149468 0.142959 -0.062480
v -0.165678 0.142959 -0.071628
v -0.156087 0.142959 -0.091083
v -0.141069 0.142959 -0.079648
v 0.089311 0.147709 0.144633
v 0.092419 0.144171 0.136847
v 0.076514 0.139415 0.146197
v 0.073335 0.142679 0.153344
v 0.103697 0.151091 0.134730
v 0.062226 0.133935 0.152549
v 0.058251 0.136861 0.159716
v 0.104870 0.146810 0.127524
v 0.116858 0.148452 0.116793
v 0.117483 0.153136 0.122826
v 0.119223 0.150882 0.117581
v 0.121386 0.152504 0.117542
v 0.123856 0.153677 0.116467
v 0.052244 0.129544 0.156068
v 0.041305 0.124214 0.159150
v 0.041057 0.128899 0.164955
v 0.039709 0.123960 0.160153
v 0.020130 0.123960 0.163782
v 0.031629 0.128958 0.167033
v 0.018253 0.173960 0.103403
v -0.000726 0.173960 0.105000
v -0.019660 0.173960 0.143662
v 0.019660 0.173960 0.143662
v 0.035460 0.173960 0.140594
v 0.119386 0.173960 0.082228
v 0.109684 0.173960 0.094836
v 0.056434 0.173960 0.133563
v 0.076097 0.173960 0.123425
v 0.036627 0.173960 0.098406
v -0.019680 0.173960 0.103143
v -0.118408 0.173960 0.080769
v -0.035460 0.173960 0.140594
v -0.117529 0.173960 0.078045
v -0.037982 0.173960 0.097891
v -0.055039 0.173960 0.089421
v -0.070285 0.173960 0.078006
v -0.083219 0.173960 0.064031
v 0.053801 0.173960 0.090170
v 0.117529 0.173960 0.078078
v 0.069204 0.173960 0.078970
v 0.082326 0.173960 0.065171
v 0.118076 0.173960 0.075335
v 0.092744 0.173960 0.049227
v 0.125263 0.173960 0.062525
v 0.095794 0.173960 0.042999
v 0.133564 0.173973 0.042132
v -0.118005 0.173960 0.075465
v -0.125263 0.173960 0.062525
v -0.093415 0.173960 0.047944
v -0.133231 0.173960 0.042999
v -0.096158 0.173986 0.041943
v -0.133980 0.174286 0.040660
v -0.096640 0.174755 0.039102
v -0.134678 0.175198 0.038242
v -0.097246 0.176540 0.036197
v -0.135270 0.176768 0.036092
v -0.135648 0.178501 0.034639
v -0.097631 0.179296 0.034170
v -0.135915 0.180671 0.033577
v -0.097800 0.181537 0.033317
v -0.136052 0.183257 0.033004
v -0.097885 0.183961 0.032997
v -0.136052 0.223959 0.032997
v -0.097846 0.223940 0.033004
v 0.079765 0.158955 0.163639
v 0.097709 0.158955 0.153911
v 0.076716 0.152374 0.165007
v 0.066285 0.158961 0.169509
v 0.060532 0.146126 0.171620
v 0.054805 0.158961 0.173549
v 0.042745 0.158955 0.176904
v 0.043246 0.138216 0.176780
v 0.031121 0.158961 0.179321
v 0.019159 0.158961 0.180989
v 0.025798 0.128958 0.180162
v 0.019146 0.128958 0.180833
v 0.007685 0.158961 0.181836
v 0.010702 0.128958 0.181687
v 0.004610 0.158961 0.181941
v 0.004655 0.130964 0.181941
v 0.002251 0.128958 0.181986
v 0.155208 0.128945 0.095018
v 0.165554 0.141454 0.075608
v 0.165587 0.128958 0.075537
v 0.157110 0.141461 0.091865
v 0.155032 0.158955 0.095311
v 0.149559 0.158961 0.103710
v 0.144953 0.128951 0.110088
v 0.157110 0.162955 0.091865
v 0.173529 0.128958 0.054876
v 0.173360 0.141448 0.055417
v 0.178286 0.128964 0.036718
v 0.178377 0.141467 0.036301
v 0.178012 0.128958 0.034437
v 0.147826 0.161958 0.106166
v 0.144940 0.163959 0.110062
v 0.147826 0.178957 0.106166
v 0.140405 0.178957 0.115809
v 0.136476 0.163965 0.120415
v 0.177458 0.141415 0.033063
v 0.143376 0.163476 0.111333
v 0.143369 0.128958 0.111287
v 0.132365 0.178957 0.124917
v 0.123875 0.178957 0.133348
v 0.124566 0.163385 0.132690
v 0.111105 0.178957 0.144346
v 0.110968 0.161808 0.144366
v 0.141571 0.162440 0.111939
v 0.176976 0.128938 0.032352
v 0.175269 0.141480 0.030815
v 0.174826 0.128958 0.030652
v 0.162792 0.141461 0.026899
v 0.162792 0.139460 0.026899
v 0.159899 0.128958 0.026000
v 0.161345 0.137955 0.026449
v 0.159899 0.137955 0.026000
v 0.141949 0.128958 0.111847
v 0.138743 0.160023 0.111873
v 0.139232 0.128984 0.111997
v 0.041409 0.148308 -0.154550
v 0.041409 0.128958 -0.154550
v 0.051247 0.147370 -0.151572
v 0.051560 0.128958 -0.151468
v 0.060636 0.145976 -0.148047
v 0.071191 0.128964 -0.143298
v 0.070103 0.144028 -0.143832
v 0.078736 0.141676 -0.139265
v 0.087675 0.138666 -0.133844
v 0.089252 0.128951 -0.132782
v 0.095422 0.135421 -0.128403
v 0.107554 0.129120 -0.118754
v 0.133889 0.174246 -0.040757
v 0.138216 0.129961 -0.021491
v 0.134528 0.129961 -0.038770
v 0.134704 0.175256 -0.038151
v 0.135271 0.176768 -0.036092
v 0.133218 0.173960 -0.043025
v 0.127784 0.129961 -0.057202
v 0.125263 0.173960 -0.062526
v 0.118011 0.129967 -0.075465
v 0.118005 0.173960 -0.075465
v 0.117529 0.173960 -0.078045
v 0.117575 0.129928 -0.077863
v 0.118233 0.129961 -0.080463
v 0.118409 0.173960 -0.080762
v 0.119523 0.129961 -0.082098
v 0.119523 0.173960 -0.082098
v 0.135649 0.178501 -0.034639
v 0.135916 0.180671 -0.033577
v 0.136052 0.183257 -0.033004
v 0.138333 0.223959 -0.021517
v 0.136052 0.223959 -0.032998
v 0.138626 0.129961 -0.019576
v 0.140001 0.223959 0.000003
v 0.140001 0.129961 0.000003
v 0.138613 0.129954 0.019673
v 0.138333 0.223959 0.021517
v 0.136052 0.182619 0.033010
v 0.136052 0.223959 0.032997
v 0.135785 0.179381 0.034099
v 0.135434 0.177361 0.035473
v 0.134951 0.175771 0.037265
v 0.134326 0.174611 0.039461
v 0.133564 0.173973 0.042132
v 0.134528 0.129961 0.038751
v 0.127654 0.129928 0.057522
v 0.125263 0.173960 0.062525
v 0.118076 0.173960 0.075335
v 0.117998 0.129961 0.075511
v 0.117549 0.129954 0.077739
v 0.117529 0.173960 0.078078
v 0.118213 0.129948 0.080404
v 0.119386 0.173960 0.082228
v 0.119523 0.129961 0.082098
v -0.038653 0.129954 0.139760
v -0.056433 0.173960 0.133563
v -0.057841 0.129961 0.132964
v -0.076097 0.173960 0.123425
v -0.035460 0.173960 0.140594
v -0.019660 0.173960 0.143662
v -0.019660 0.129961 0.143662
v -0.075784 0.129961 0.123614
v -0.092255 0.129961 0.111867
v -0.093982 0.173960 0.110414
v -0.106928 0.129961 0.097930
v -0.109684 0.173960 0.094836
v -0.119523 0.129961 0.082098
v -0.119523 0.173960 0.082098
v -0.138613 0.129954 -0.019667
v -0.133576 0.173973 -0.042100
v -0.134528 0.129961 -0.038751
v -0.127654 0.129928 -0.057522
v -0.125263 0.173960 -0.062526
v -0.118076 0.173960 -0.075335
v -0.117998 0.129961 -0.075511
v -0.134332 0.174618 -0.039441
v -0.134951 0.175784 -0.037252
v -0.117548 0.129954 -0.077739
v -0.117529 0.173960 -0.078078
v -0.118213 0.129948 -0.080404
v -0.119386 0.173960 -0.082228
v -0.119523 0.129961 -0.082098
v -0.135433 0.177367 -0.035473
v -0.135785 0.179387 -0.034099
v -0.136052 0.182619 -0.033011
v -0.138339 0.223959 -0.021517
v -0.140001 0.223959 0.000003
v -0.140001 0.129961 0.000003
v -0.138613 0.129954 0.019641
v -0.138339 0.223959 0.021517
v -0.136052 0.183257 0.033004
v -0.136052 0.223959 -0.032998
v -0.136052 0.223959 0.032997
v -0.135915 0.180671 0.033577
v -0.135648 0.178501 0.034639
v -0.135270 0.176768 0.036092
v -0.134678 0.175198 0.038242
v -0.133980 0.174286 0.040660
v -0.134528 0.129967 0.038738
v -0.133231 0.173960 0.042999
v -0.127784 0.129961 0.057202
v -0.125263 0.173960 0.062525
v -0.118011 0.129967 0.075465
v -0.118005 0.173960 0.075465
v -0.117529 0.173960 0.078045
v -0.117574 0.129928 0.077863
v -0.118233 0.129961 0.080462
v -0.118408 0.173960 0.080769
v -0.119523 0.129961 0.082098
v -0.119523 0.173960 0.082098
v -0.076097 0.173960 -0.123426
v -0.075784 0.129961 -0.123614
v -0.092405 0.129948 -0.111756
v -0.093982 0.173960 -0.110414
v -0.056433 0.173960 -0.133564
v -0.057841 0.129961 -0.132964
v -0.109684 0.173960 -0.094836
v -0.106928 0.129961 -0.097931
v -0.119523 0.129961 -0.082098
v -0.119386 0.173960 -0.082228
v -0.038783 0.129948 -0.139721
v -0.035460 0.173960 -0.140594
v -0.019660 0.129961 -0.143663
v -0.019660 0.173960 -0.143663
v 0.038653 0.129954 -0.139760
v 0.056434 0.173960 -0.133564
v 0.057841 0.129961 -0.132964
v 0.076097 0.173960 -0.123426
v 0.035460 0.173960 -0.140594
v 0.019660 0.173960 -0.143663
v 0.019660 0.129961 -0.143663
v 0.075785 0.129961 -0.123614
v 0.092256 0.129961 -0.111867
v 0.093982 0.173960 -0.110414
v 0.106928 0.129961 -0.097931
v 0.109684 0.173960 -0.094836
v 0.119523 0.129961 -0.082098
v 0.119523 0.173960 -0.082098
v -0.041474 0.158727 0.164864
v -0.035897 0.159007 0.173405
v -0.031043 0.158961 0.167144
v -0.053690 0.158173 0.168753
v -0.026879 0.158688 0.168317
v -0.027511 0.160030 0.176090
v -0.051697 0.158030 0.161951
v -0.063522 0.157098 0.165333
v -0.061783 0.156824 0.158374
v -0.077166 0.154752 0.159462
v -0.071295 0.155176 0.154328
v -0.080352 0.153065 0.149826
v -0.091317 0.150895 0.151592
v -0.089740 0.150270 0.144386
v -0.099996 0.147787 0.145891
v -0.098426 0.147025 0.138606
v -0.108316 0.144152 0.139655
v -0.106752 0.143252 0.132299
v -0.116304 0.139943 0.132886
v -0.114669 0.138933 0.125504
v -0.123999 0.135089 0.125484
v -0.121725 0.134385 0.118715
v -0.131016 0.129857 0.117855
v -0.128840 0.128958 0.110909
v -0.137701 0.123960 0.109619
v -0.131772 0.123960 0.099325
v -0.060440 0.146119 -0.171718
v -0.072390 0.146334 -0.161326
v -0.061170 0.141839 -0.165796
v -0.049631 0.141298 -0.175100
v -0.072807 0.150999 -0.166812
v -0.049514 0.136483 -0.169386
v -0.039793 0.136463 -0.177575
v -0.037904 0.130613 -0.172181
v -0.035910 0.134476 -0.178422
v -0.025804 0.128951 -0.180162
v -0.024579 0.123960 -0.175282
v -0.010408 0.123960 -0.176696
v -0.010702 0.128958 -0.181687
v -0.002231 0.128958 -0.181986
v 0.007092 0.123960 -0.176852
v -0.026085 0.123960 -0.174064
v 0.002290 0.128958 -0.181986
v 0.009412 0.128918 -0.181661
v 0.022892 0.128951 -0.180566
v 0.022612 0.123947 -0.175458
v 0.024690 0.128958 -0.179804
v 0.025889 0.128958 -0.178852
v 0.027381 0.128984 -0.176572
v 0.027609 0.128951 -0.174402
v 0.026593 0.128958 -0.167907
v 0.020859 0.123960 -0.163678
v 0.138216 0.129961 -0.021491
v 0.140288 0.123960 -0.040432
v 0.134528 0.129961 -0.038770
v 0.133257 0.123960 -0.059652
v 0.127784 0.129961 -0.057202
v 0.118011 0.129967 -0.075465
v 0.123654 0.123954 -0.077622
v 0.144568 0.123960 -0.020416
v 0.117575 0.129928 -0.077863
v 0.118233 0.129961 -0.080463
v 0.119523 0.129961 -0.082098
v 0.125406 0.123960 -0.080723
v 0.125263 0.123960 -0.084457
v 0.106928 0.129961 -0.097931
v 0.111352 0.123960 -0.101983
v 0.092256 0.129961 -0.111867
v 0.096074 0.123960 -0.116493
v 0.075785 0.129961 -0.123614
v 0.078925 0.123960 -0.128736
v 0.060239 0.123960 -0.138463
v 0.057841 0.129961 -0.132964
v 0.038653 0.129954 -0.139760
v 0.040373 0.123960 -0.145500
v 0.019660 0.129961 -0.143663
v 0.024573 0.123954 -0.149005
v -0.078925 0.123960 -0.128736
v -0.085082 0.123960 -0.129563
v -0.096073 0.123960 -0.116493
v -0.068950 0.123960 -0.138822
v -0.060239 0.123960 -0.138463
v -0.099989 0.123960 -0.118435
v -0.111352 0.123960 -0.101983
v -0.113079 0.123960 -0.106010
v -0.125321 0.123960 -0.084346
v -0.131316 0.123960 -0.099905
v -0.120200 0.123941 -0.112916
v -0.051821 0.123960 -0.146080
v -0.035851 0.123973 -0.150882
v -0.040373 0.123960 -0.145500
v -0.024573 0.123954 -0.148992
v -0.039708 0.123960 -0.160153
v -0.020253 0.123960 -0.156303
v -0.020142 0.123960 -0.163769
v -0.125302 0.123960 -0.080137
v -0.132931 0.123960 -0.068194
v -0.140717 0.123954 -0.107358
v -0.145161 0.123960 -0.079205
v -0.123608 0.123960 -0.077700
v -0.141603 0.123960 -0.070852
v -0.152119 0.123960 -0.090490
v -0.150373 0.123960 -0.071778
v -0.159417 0.123960 -0.070976
v -0.133257 0.123960 -0.059652
v -0.139773 0.123960 -0.062232
v -0.139623 0.123960 -0.053156
v -0.140287 0.123960 -0.040432
v -0.147409 0.123960 -0.057821
v -0.155990 0.123960 -0.054876
v -0.154211 0.123960 -0.029466
v -0.173399 0.123954 -0.035526
v -0.168200 0.123960 -0.055124
v -0.153963 0.123960 -0.063724
v -0.144568 0.123960 -0.020416
v -0.146001 0.123960 0.000003
v -0.156680 0.123960 -0.009992
v -0.156680 0.123960 0.009991
v -0.144568 0.123960 0.020416
v -0.154211 0.123960 0.029466
v -0.140287 0.123960 0.040432
v -0.173379 0.123954 0.035512
v -0.155990 0.123960 0.054876
v -0.167893 0.123960 0.056049
v -0.153963 0.123960 0.063724
v -0.159417 0.123960 0.070976
v -0.139623 0.123960 0.053156
v -0.147409 0.123960 0.057821
v -0.133257 0.123960 0.059652
v -0.132931 0.123960 0.068194
v -0.123653 0.123954 0.077622
v -0.125406 0.123960 0.080723
v -0.139773 0.123960 0.062232
v -0.160316 0.123960 0.075016
v -0.150373 0.123960 0.071777
v -0.145161 0.123960 0.079205
v -0.150608 0.123960 0.092985
v -0.139505 0.123960 0.108935
v -0.137701 0.123960 0.109619
v -0.131772 0.123960 0.099325
v -0.125263 0.123960 0.084456
v -0.111352 0.123960 0.101983
v -0.112779 0.123973 0.106472
v -0.096073 0.123960 0.116493
v -0.118845 0.123960 0.114460
v -0.141603 0.123960 0.070852
v -0.102706 0.123960 0.116089
v -0.078925 0.123960 0.128735
v -0.086522 0.123960 0.128605
v -0.060239 0.123960 0.138463
v -0.068832 0.123960 0.138880
v -0.040373 0.123960 0.145500
v -0.049938 0.123960 0.146738
v -0.035265 0.123960 0.150934
v -0.024521 0.123954 0.149012
v -0.037702 0.123947 0.160563
v -0.020253 0.123960 0.156302
v -0.015484 0.123960 0.160889
v -0.020859 0.123960 0.163678
v -0.009711 0.123960 0.164121
v -0.022612 0.123947 0.175458
v -0.003307 0.123960 0.165789
v -0.007098 0.123960 0.176852
v 0.003307 0.123960 0.165789
v 0.009711 0.123960 0.164121
v 0.010409 0.123960 0.176696
v 0.020130 0.123960 0.163782
v 0.026085 0.123960 0.174063
v 0.015484 0.123960 0.160889
v 0.024580 0.123960 0.175282
v 0.020253 0.123960 0.156302
v 0.039709 0.123960 0.160153
v 0.024573 0.123954 0.148992
v 0.035858 0.123986 0.150908
v 0.040373 0.123960 0.145500
v 0.049182 0.123960 0.146992
v 0.060239 0.123960 0.138463
v 0.068116 0.123960 0.139232
v 0.078925 0.123960 0.128735
v 0.085857 0.123960 0.129048
v 0.096074 0.123960 0.116493
v 0.102107 0.123960 0.116617
v 0.111352 0.123960 0.101983
v 0.113079 0.123960 0.106010
v 0.125322 0.123960 0.084346
v 0.131316 0.123960 0.099905
v 0.120200 0.123941 0.112916
v 0.125302 0.123960 0.080137
v 0.132932 0.123960 0.068194
v 0.140659 0.123954 0.107326
v 0.123608 0.123960 0.077700
v 0.145161 0.123960 0.079205
v 0.141604 0.123960 0.070852
v 0.150927 0.123960 0.092470
v 0.150373 0.123960 0.071777
v 0.161033 0.123960 0.073465
v 0.133257 0.123960 0.059652
v 0.139773 0.123960 0.062232
v 0.139623 0.123960 0.053156
v 0.140288 0.123960 0.040432
v 0.147409 0.123960 0.057821
v 0.155990 0.123960 0.054876
v 0.154211 0.123960 0.029466
v 0.144568 0.123960 0.020416
v 0.173393 0.123954 0.035519
v 0.156615 0.123960 0.010988
v 0.168760 0.123960 0.053371
v 0.159417 0.123960 0.070976
v 0.153957 0.123960 0.063724
v 0.146002 0.123960 0.000003
v 0.156615 0.123960 -0.010988
v 0.144568 0.123960 -0.020416
v 0.154211 0.123960 -0.029466
v 0.140288 0.123960 -0.040432
v 0.173366 0.123954 -0.035513
v 0.155990 0.123960 -0.054876
v 0.139623 0.123960 -0.053156
v 0.133257 0.123960 -0.059652
v 0.147409 0.123960 -0.057821
v 0.168525 0.123960 -0.054101
v 0.153957 0.123960 -0.063724
v 0.159417 0.123960 -0.070976
v 0.132932 0.123960 -0.068194
v 0.139773 0.123960 -0.062232
v 0.123654 0.123954 -0.077622
v 0.125406 0.123960 -0.080723
v 0.160316 0.123960 -0.075016
v 0.150373 0.123960 -0.071778
v 0.145161 0.123960 -0.079205
v 0.149526 0.123960 -0.094718
v 0.139512 0.123960 -0.108929
v 0.137701 0.123960 -0.109619
v 0.131772 0.123960 -0.099325
v 0.141604 0.123960 -0.070852
v 0.125263 0.123960 -0.084457
v 0.111352 0.123960 -0.101983
v 0.112779 0.123973 -0.106472
v 0.096074 0.123960 -0.116493
v 0.118839 0.123960 -0.114460
v 0.102706 0.123960 -0.116089
v 0.078925 0.123960 -0.128736
v 0.086522 0.123960 -0.128605
v 0.060239 0.123960 -0.138463
v 0.068833 0.123960 -0.138880
v 0.040373 0.123960 -0.145500
v 0.049938 0.123960 -0.146731
v 0.035265 0.123960 -0.150934
v 0.024573 0.123954 -0.149005
v 0.037702 0.123947 -0.160564
v 0.020253 0.123960 -0.156303
v 0.015484 0.123960 -0.160889
v 0.020859 0.123960 -0.163678
v 0.009711 0.123960 -0.164121
v 0.022612 0.123947 -0.175458
v 0.003307 0.123960 -0.165789
v 0.007092 0.123960 -0.176852
v -0.003307 0.123960 -0.165789
v -0.009711 0.123960 -0.164121
v -0.010408 0.123960 -0.176696
v -0.026085 0.123960 -0.174064
v -0.015484 0.123960 -0.160889
v -0.024579 0.123960 -0.175282
v 0.056434 0.173960 0.133563
v 0.057841 0.129961 0.132964
v 0.075785 0.129961 0.123614
v 0.076097 0.173960 0.123425
v 0.094288 0.140190 0.109574
v 0.109684 0.173960 0.094836
v 0.106928 0.129961 0.097930
v 0.096074 0.123960 0.116493
v 0.111352 0.123960 0.101983
v 0.119523 0.129961 0.082098
v 0.119523 0.129961 0.082098
v 0.119386 0.173960 0.082228
v 0.078925 0.123960 0.128735
v 0.038783 0.129948 0.139720
v 0.035460 0.173960 0.140594
v 0.019660 0.129961 0.143662
v 0.019660 0.173960 0.143662
v 0.125322 0.123960 0.084346
v 0.125302 0.123960 0.080137
v 0.123608 0.123960 0.077700
v 0.118213 0.129948 0.080404
v 0.117549 0.129954 0.077739
v 0.117998 0.129961 0.075511
v 0.127654 0.129928 0.057522
v 0.133257 0.123960 0.059652
v 0.134528 0.129961 0.038751
v 0.140288 0.123960 0.040432
v 0.138613 0.129954 0.019673
v 0.144568 0.123960 0.020416
v 0.146002 0.123960 0.000003
v 0.140001 0.129961 0.000003
v 0.138626 0.129961 -0.019576
v 0.155208 0.184899 0.038887
v 0.152341 0.243955 0.048915
v 0.154589 0.254269 0.041226
v 0.152146 0.185649 0.049514
v 0.156765 0.266069 0.032118
v 0.157501 0.184117 0.028124
v 0.157925 0.270871 0.025661
v 0.159013 0.183401 0.017758
v 0.158772 0.273092 0.019784
v 0.159482 0.273959 0.012897
v 0.159866 0.182749 0.006525
v 0.159997 0.273959 0.000003
v 0.159971 0.182397 -0.003124
v 0.159443 0.182352 -0.013275
v 0.159430 0.273985 -0.013881
v 0.158387 0.272271 -0.022847
v 0.158648 0.182528 -0.020299
v 0.157215 0.268206 -0.029707
v 0.158335 0.182599 -0.023035
v 0.156498 0.183107 -0.033291
v 0.154856 0.183524 -0.039963
v 0.156374 0.263958 -0.033864
v 0.154537 0.253976 -0.041442
v 0.151911 0.242053 -0.050296
v 0.150888 0.234671 -0.053189
v 0.153931 0.183766 -0.043657
v 0.150680 0.184456 -0.053808
v 0.150680 0.228957 -0.053808
v 0.091728 0.162936 -0.180794
v 0.077387 0.180957 -0.190163
v 0.070540 0.162955 -0.193975
v 0.066748 0.180951 -0.195929
v 0.047755 0.162955 -0.204074
v 0.055763 0.180957 -0.200959
v 0.087604 0.180957 -0.183706
v 0.097377 0.180957 -0.176572
v 0.110968 0.162955 -0.164779
v 0.107033 0.180977 -0.168415
v 0.115359 0.180957 -0.160420
v 0.127726 0.162955 -0.146308
v 0.123849 0.180977 -0.151032
v 0.044458 0.180957 -0.205240
v 0.032874 0.180957 -0.208758
v 0.023720 0.162955 -0.210954
v 0.021400 0.180977 -0.211423
v 0.008754 0.162955 -0.213489
v 0.008682 0.180964 -0.213495
v 0.131016 0.180957 -0.142014
v 0.138092 0.180970 -0.131707
v 0.141780 0.162955 -0.125693
v 0.144145 0.180977 -0.121510
v 0.149781 0.180970 -0.110375
v 0.150452 0.162955 -0.108166
v 0.006167 0.162942 -0.213104
v 0.005515 0.181596 -0.212844
v 0.003730 0.162968 -0.211299
v 0.003157 0.181133 -0.210478
v 0.153351 0.180925 -0.102094
v 0.152856 0.162955 -0.103319
v 0.156498 0.162929 -0.093663
v 0.156400 0.181036 -0.093806
v 0.002707 0.162955 -0.209325
v 0.002368 0.180736 -0.207631
v 0.002381 0.162955 -0.207090
v 0.003150 0.180475 -0.204269
v 0.003359 0.162923 -0.204126
v 0.007385 0.162727 -0.200158
v 0.007920 0.177055 -0.199565
v 0.016755 0.177732 -0.190704
v 0.015523 0.181642 -0.192020
v 0.026873 0.178455 -0.179432
v 0.025752 0.182645 -0.180742
v 0.035780 0.183733 -0.168441
v 0.036438 0.179289 -0.167587
v 0.044869 0.184736 -0.155990
v 0.045370 0.180195 -0.155254
v 0.053593 0.181172 -0.142542
v 0.052909 0.185701 -0.143663
v 0.061223 0.182247 -0.129276
v 0.059959 0.186619 -0.131583
v 0.061164 0.184150 -0.129329
v 0.066122 0.187479 -0.119777
v 0.068318 0.185609 -0.115242
v 0.075472 0.188887 -0.099123
v 0.074338 0.186997 -0.101540
v 0.075394 0.186111 -0.098999
v -0.067145 0.188958 -0.103579
v -0.077902 0.188958 -0.067386
v -0.088581 0.188958 -0.052563
v -0.064767 0.188958 -0.080091
v -0.049599 0.188958 -0.090275
v -0.054459 0.188958 -0.110779
v -0.039598 0.188958 -0.106296
v -0.032867 0.188958 -0.097618
v -0.025309 0.188958 -0.099846
v -0.093630 0.188958 -0.046309
v -0.083010 0.188958 -0.091363
v -0.095643 0.188958 -0.046999
v -0.096692 0.188958 -0.076736
v -0.107827 0.188958 -0.060089
v -0.114141 0.188958 -0.046999
v -0.092418 0.188893 -0.045279
v -0.179680 0.162955 -0.109052
v -0.157110 0.179961 -0.091865
v -0.157110 0.162955 -0.091865
v -0.141069 0.179961 -0.079648
v -0.141069 0.142959 -0.079648
v -0.156087 0.142959 -0.091083
v -0.157110 0.183101 -0.091865
v -0.179484 0.183094 -0.108903
v -0.157110 0.141461 -0.091865
v -0.180696 0.183270 -0.110395
v -0.180931 0.162955 -0.110909
v -0.181191 0.183381 -0.112206
v -0.181204 0.162962 -0.113613
v -0.181081 0.183401 -0.113978
v -0.180129 0.183453 -0.115855
v -0.180214 0.162962 -0.115744
v -0.166369 0.162955 -0.129504
v -0.170193 0.182743 -0.125967
v -0.160199 0.182091 -0.134854
v -0.147630 0.181251 -0.144503
v -0.149194 0.162955 -0.143376
v -0.133511 0.162955 -0.153586
v -0.133511 0.180430 -0.153579
v -0.118513 0.162962 -0.156342
v -0.121901 0.184463 -0.155859
v -0.110179 0.162955 -0.157241
v -0.110179 0.183446 -0.157241
v -0.099201 0.182547 -0.164486
v -0.099097 0.162955 -0.164453
v -0.111079 0.188574 -0.157136
v -0.099071 0.187857 -0.157775
v -0.099305 0.189564 -0.074990
v -0.100999 0.192568 -0.077518
v -0.089604 0.189349 -0.086470
v -0.091480 0.192346 -0.088320
v -0.111196 0.192757 -0.062076
v -0.081590 0.192066 -0.097644
v -0.078619 0.189056 -0.096458
v -0.066122 0.188111 -0.105417
v -0.064565 0.191486 -0.110629
v -0.054915 0.185134 -0.111808
v -0.057926 0.188020 -0.112675
v -0.083642 0.187968 -0.092132
v -0.104394 0.189688 -0.067725
v -0.109528 0.189779 -0.059059
v -0.118252 0.192868 -0.046999
v -0.115366 0.189897 -0.046999
v -0.149468 0.142959 -0.062480
v -0.155892 0.184371 -0.044067
v -0.156680 0.142959 -0.041168
v -0.152562 0.185166 -0.054505
v -0.148529 0.185896 -0.064682
v -0.141069 0.142959 -0.079648
v -0.141069 0.179961 -0.079648
v -0.143773 0.186561 -0.074651
v -0.139603 0.183257 -0.082293
v -0.158355 0.183570 -0.034177
v -0.160251 0.182704 -0.023798
v -0.160876 0.142959 -0.019055
v -0.161515 0.181830 -0.012428
v -0.161977 0.181257 -0.002727
v -0.161964 0.142959 0.003417
v -0.161795 0.180970 0.008108
v -0.160961 0.181133 0.018214
v -0.159925 0.142959 0.025830
v -0.159599 0.181589 0.027766
v -0.157221 0.182371 0.038985
v -0.154804 0.142959 0.047742
v -0.154139 0.183205 0.049840
v -0.150132 0.184065 0.060871
v -0.146699 0.142959 0.068735
v -0.145962 0.184782 0.070292
v -0.141069 0.142959 0.079648
v -0.141069 0.185473 0.079648
v 0.067145 0.188958 0.103579
v 0.077902 0.188958 0.067386
v 0.088581 0.188958 0.052563
v 0.064767 0.188958 0.080091
v 0.049599 0.188958 0.090275
v 0.054459 0.188958 0.110779
v 0.039598 0.188958 0.106296
v 0.032867 0.188958 0.097618
v 0.093630 0.188958 0.046308
v 0.083010 0.188958 0.091363
v 0.095644 0.188958 0.046999
v 0.096693 0.188958 0.076736
v 0.107828 0.188958 0.060089
v 0.114141 0.188958 0.046999
v 0.025309 0.188958 0.099846
v 0.092419 0.188893 0.045279
v 0.180025 0.183121 0.109332
v 0.157117 0.183121 0.091865
v 0.180195 0.162955 0.109450
v 0.157110 0.179961 0.091865
v 0.157110 0.162955 0.091865
v 0.141069 0.179961 0.079648
v 0.141069 0.142959 0.079648
v 0.156087 0.142959 0.091083
v 0.157110 0.141461 0.091865
v 0.181159 0.183355 0.111691
v 0.181231 0.162962 0.112245
v 0.181061 0.183407 0.114050
v 0.180983 0.162955 0.114180
v 0.180103 0.183446 0.115887
v 0.180227 0.162962 0.115737
v 0.166369 0.162955 0.129504
v 0.170193 0.182743 0.125966
v 0.160199 0.182091 0.134853
v 0.147630 0.181251 0.144503
v 0.149194 0.162955 0.143376
v 0.133505 0.162955 0.153585
v 0.133511 0.180430 0.153579
v 0.118513 0.162962 0.156341
v 0.121901 0.184463 0.155859
v 0.110180 0.162955 0.157241
v 0.110180 0.183446 0.157241
v 0.099377 0.182560 0.164381
v 0.099227 0.162994 0.164381
v 0.111079 0.188574 0.157136
v 0.099071 0.187857 0.157775
v 0.084828 0.150654 0.155318
v 0.089604 0.153078 0.144477
v 0.080169 0.150270 0.149911
v 0.070833 0.147031 0.154537
v 0.071282 0.145950 0.161867
v 0.061203 0.143252 0.158602
v 0.056948 0.139949 0.167164
v 0.051352 0.138933 0.162055
v 0.046771 0.135141 0.170109
v 0.041950 0.134385 0.164772
v 0.094126 0.153351 0.149943
v 0.106766 0.156329 0.141395
v 0.098009 0.155176 0.138906
v 0.106257 0.156831 0.132690
v 0.117294 0.157945 0.132690
v 0.114389 0.158030 0.125764
v 0.122012 0.158727 0.118376
v 0.131049 0.158974 0.119093
v 0.129231 0.158961 0.110453
v 0.132358 0.158668 0.107456
v 0.138743 0.160023 0.111873
v 0.036562 0.129863 0.172389
v 0.031629 0.128958 0.167033
v 0.026085 0.123960 0.174063
v 0.020130 0.123960 0.163782
v -0.041077 0.128912 -0.164975
v -0.052238 0.129544 -0.156068
v -0.041298 0.124214 -0.159182
v -0.058714 0.137011 -0.159508
v -0.039708 0.123960 -0.160153
v -0.020142 0.123960 -0.163769
v -0.031629 0.128958 -0.167033
v -0.062258 0.133948 -0.152537
v -0.076240 0.139317 -0.146366
v -0.074032 0.142888 -0.152967
v -0.089278 0.147716 -0.144666
v -0.092321 0.144145 -0.136913
v -0.103429 0.151065 -0.134945
v -0.104713 0.146784 -0.127680
v -0.116858 0.148452 -0.116793
v -0.117646 0.153182 -0.122715
v -0.119223 0.150882 -0.117581
v -0.121386 0.152504 -0.117542
v -0.123855 0.153677 -0.116467
v -0.049938 0.123960 0.146738
v -0.071191 0.128964 0.143297
v -0.051560 0.128958 0.151468
v -0.035265 0.123960 0.150934
v -0.041409 0.128958 0.154550
v -0.068832 0.123960 0.138880
v -0.089252 0.128951 0.132782
v -0.086522 0.123960 0.128605
v -0.107554 0.129120 0.118754
v -0.102706 0.123960 0.116089
v -0.112779 0.123973 0.106472
v -0.076892 0.190965 0.121204
v -0.068591 0.189629 0.118663
v -0.060291 0.188463 0.133870
v -0.080912 0.191421 0.108414
v -0.077361 0.190939 0.098654
v -0.084821 0.191929 0.096543
v -0.064702 0.189460 0.082170
v -0.072168 0.190033 0.075726
v -0.091096 0.191858 0.082802
v -0.111098 0.193949 0.095526
v -0.081042 0.190607 0.066330
v -0.116122 0.193956 0.088483
v -0.121770 0.193949 0.079283
v -0.111619 0.192692 0.061092
v -0.087988 0.190913 0.056649
v -0.093389 0.191141 0.047227
v -0.127504 0.193956 0.068539
v -0.135459 0.193975 0.047188
v -0.118395 0.192822 0.046999
v -0.093839 0.192985 0.101651
v -0.086554 0.192535 0.122513
v -0.095611 0.193956 0.122057
v -0.086594 0.193969 0.140587
v -0.102276 0.193962 0.106335
v -0.095780 0.193956 0.126598
v -0.085662 0.193956 0.146373
v -0.103195 0.193956 0.109287
v -0.112734 0.193956 0.112486
v -0.125211 0.188893 0.095969
v -0.134678 0.187597 0.098458
v -0.146138 0.183746 0.083512
v -0.154393 0.181974 0.089793
v -0.140229 0.187473 0.105293
v -0.128325 0.192034 0.114525
v -0.120591 0.193956 0.119334
v -0.123419 0.193956 0.118656
v -0.149780 0.180970 0.110375
v -0.132671 0.187473 0.122389
v -0.144144 0.180977 0.121510
v -0.138092 0.180970 0.131706
v -0.125934 0.187141 0.135036
v -0.122285 0.192366 0.124657
v -0.117803 0.190776 0.136319
v -0.111886 0.193956 0.134280
v -0.114239 0.187571 0.149611
v -0.120428 0.184248 0.149253
v -0.108902 0.190822 0.147233
v -0.098921 0.190867 0.157078
v -0.099116 0.193956 0.147506
v -0.088007 0.190913 0.165743
v -0.090210 0.187668 0.171666
v -0.104491 0.187616 0.159716
v -0.104355 0.184287 0.166121
v -0.100615 0.193956 0.143343
v -0.112375 0.193956 0.130508
v -0.117887 0.193956 0.126155
v -0.097533 0.187642 0.165932
v -0.086085 0.184319 0.180455
v -0.095468 0.184306 0.173627
v -0.087610 0.180957 0.183706
v -0.097377 0.180957 0.176572
v -0.106661 0.180964 0.168779
v -0.112688 0.184267 0.157983
v -0.077387 0.180957 0.190163
v -0.114975 0.180951 0.160837
v -0.123497 0.180957 0.151481
v -0.131016 0.180957 0.142014
v -0.127530 0.184228 0.139975
v -0.076253 0.184339 0.186580
v -0.066747 0.180951 0.195929
v -0.066031 0.184358 0.191961
v -0.055762 0.180957 0.200959
v -0.082554 0.187694 0.176885
v -0.070689 0.188098 0.183068
v -0.077934 0.191617 0.170519
v -0.064037 0.190998 0.179106
v -0.069464 0.193936 0.168558
v -0.084385 0.193956 0.159339
v -0.087401 0.193956 0.154673
v -0.075941 0.193956 0.162603
v -0.078677 0.193956 0.153853
v -0.063047 0.191415 0.168076
v -0.072005 0.191851 0.153898
v -0.055313 0.191604 0.180976
v -0.043898 0.188704 0.184065
v -0.052042 0.189115 0.172317
v -0.040132 0.189089 0.191759
v -0.021745 0.186066 0.202516
v -0.056453 0.188346 0.188704
v -0.054928 0.185095 0.195760
v -0.042705 0.186717 0.196679
v -0.040132 0.189089 0.191759
v -0.055313 0.191604 0.180976
v -0.021745 0.186066 0.202516
v -0.044458 0.180957 0.205240
v -0.032874 0.180957 0.208758
v -0.044627 0.184398 0.200399
v -0.021400 0.180977 0.211423
v -0.033577 0.184417 0.203416
v -0.008688 0.180964 0.213495
v -0.024058 0.184815 0.204653
v -0.005515 0.181589 0.212843
v -0.004994 0.183270 0.209905
v -0.077413 0.192079 0.143571
v -0.081440 0.192144 0.132918
v -0.066194 0.190020 0.147194
v -0.053847 0.187577 0.145044
v -0.059515 0.189558 0.159964
v -0.040275 0.185987 0.165157
v -0.036959 0.186424 0.178970
v -0.024026 0.184326 0.185114
v -0.026964 0.185785 0.192659
v -0.003723 0.182384 0.205891
v -0.004994 0.183270 0.209905
v -0.050732 0.163516 0.174787
v -0.053690 0.158173 0.168753
v -0.066754 0.161926 0.169314
v -0.035897 0.159007 0.173405
v -0.036144 0.163952 0.178370
v -0.027511 0.160030 0.176090
v -0.026156 0.162440 0.178579
v -0.024729 0.163476 0.179830
v -0.022866 0.163959 0.180553
v -0.063522 0.157098 0.165333
v -0.083525 0.158824 0.161678
v -0.077166 0.154752 0.159462
v -0.089343 0.157384 0.158563
v -0.091317 0.150895 0.151592
v -0.106062 0.151820 0.147923
v -0.099996 0.147787 0.145891
v -0.108316 0.144152 0.139655
v -0.117913 0.146412 0.138652
v -0.116304 0.139943 0.132886
v -0.123999 0.135089 0.125484
v -0.131316 0.138346 0.126019
v -0.131016 0.129857 0.117855
v -0.143135 0.128925 0.112382
v -0.137701 0.123960 0.109619
v -0.139505 0.123960 0.108935
v -0.154856 0.128958 0.095617
v -0.150608 0.123960 0.092985
v -0.164844 0.128958 0.077140
v -0.160316 0.123960 0.075016
v -0.172650 0.128964 0.057593
v -0.167893 0.123960 0.056049
v -0.178123 0.128958 0.037356
v -0.173379 0.123954 0.035512
v -0.178214 0.128964 0.035102
v -0.177080 0.128958 0.032457
v -0.174819 0.128958 0.030652
v -0.154211 0.123960 0.029466
v -0.159899 0.128958 0.026000
v -0.118076 0.173960 -0.075335
v -0.092744 0.173960 -0.049228
v -0.082326 0.173960 -0.065171
v -0.125263 0.173960 -0.062526
v -0.117529 0.173960 -0.078078
v -0.069204 0.173960 -0.078971
v -0.053801 0.173960 -0.090171
v -0.119386 0.173960 -0.082228
v -0.036627 0.173960 -0.098406
v -0.018253 0.173960 -0.103404
v -0.035460 0.173960 -0.140594
v -0.019660 0.173960 -0.143663
v 0.019660 0.173960 -0.143663
v 0.000727 0.173960 -0.105000
v -0.109684 0.173960 -0.094836
v -0.093982 0.173960 -0.110414
v -0.076097 0.173960 -0.123426
v -0.056433 0.173960 -0.133564
v 0.019673 0.173960 -0.103143
v 0.118409 0.173960 -0.080762
v 0.035460 0.173960 -0.140594
v 0.117529 0.173960 -0.078045
v 0.037982 0.173960 -0.097891
v 0.055039 0.173960 -0.089421
v 0.070286 0.173960 -0.078006
v 0.083219 0.173960 -0.064031
v 0.118005 0.173960 -0.075465
v 0.125263 0.173960 -0.062526
v 0.093415 0.173960 -0.047944
v 0.133218 0.173960 -0.043025
v 0.096158 0.173986 -0.041930
v 0.119523 0.173960 -0.082098
v 0.109684 0.173960 -0.094836
v 0.093982 0.173960 -0.110414
v 0.056434 0.173960 -0.133564
v 0.076097 0.173960 -0.123426
v 0.133889 0.174246 -0.040757
v 0.096641 0.174755 -0.039103
v 0.134704 0.175256 -0.038151
v 0.097240 0.176540 -0.036197
v 0.135271 0.176768 -0.036092
v 0.135649 0.178501 -0.034639
v 0.097631 0.179296 -0.034170
v 0.135916 0.180671 -0.033577
v 0.097800 0.181537 -0.033317
v 0.136052 0.183257 -0.033004
v 0.097885 0.183961 -0.032998
v 0.136052 0.223959 -0.032998
v 0.097846 0.223940 -0.033004
v -0.096073 0.123960 -0.116493
v -0.092405 0.129948 -0.111756
v -0.078925 0.123960 -0.128736
v -0.075784 0.129961 -0.123614
v -0.057841 0.129961 -0.132964
v -0.106928 0.129961 -0.097931
v -0.060239 0.123960 -0.138463
v -0.111352 0.123960 -0.101983
v -0.119523 0.129961 -0.082098
v -0.125321 0.123960 -0.084346
v -0.040373 0.123960 -0.145500
v -0.038783 0.129948 -0.139721
v -0.024573 0.123954 -0.148992
v -0.019660 0.129961 -0.143663
v -0.125302 0.123960 -0.080137
v -0.123608 0.123960 -0.077700
v -0.118213 0.129948 -0.080404
v -0.117548 0.129954 -0.077739
v -0.117998 0.129961 -0.075511
v -0.127654 0.129928 -0.057522
v -0.133257 0.123960 -0.059652
v -0.134528 0.129961 -0.038751
v -0.140287 0.123960 -0.040432
v -0.138613 0.129954 -0.019667
v -0.144568 0.123960 -0.020416
v -0.146001 0.123960 0.000003
v -0.140001 0.129961 0.000003
v -0.144568 0.123960 0.020416
v -0.138613 0.129954 0.019641
v -0.140287 0.123960 0.040432
v -0.134528 0.129967 0.038738
v -0.133257 0.123960 0.059652
v -0.127784 0.129961 0.057202
v -0.118011 0.129967 0.075465
v -0.123653 0.123954 0.077622
v -0.117574 0.129928 0.077863
v -0.118233 0.129961 0.080462
v -0.119523 0.129961 0.082098
v -0.125406 0.123960 0.080723
v -0.125263 0.123960 0.084456
v -0.106928 0.129961 0.097930
v -0.111352 0.123960 0.101983
v -0.092255 0.129961 0.111867
v -0.096073 0.123960 0.116493
v -0.078925 0.123960 0.128735
v -0.075784 0.129961 0.123614
v -0.060239 0.123960 0.138463
v -0.057841 0.129961 0.132964
v -0.038653 0.129954 0.139760
v -0.040373 0.123960 0.145500
v -0.019660 0.129961 0.143662
v -0.024521 0.123954 0.149012
v 0.046537 0.193057 0.115151
v 0.061099 0.192946 0.118650
v 0.082932 0.190920 0.152354
v 0.095266 0.191154 0.152999
v 0.091011 0.188079 0.157658
v 0.071230 0.187812 0.155631
v 0.111079 0.188574 0.157136
v 0.099071 0.187857 0.157775
v 0.067614 0.190750 0.150308
v 0.053534 0.190744 0.146770
v 0.028482 0.193395 0.108323
v 0.016891 0.193676 0.103931
v 0.052394 0.187746 0.151383
v 0.037337 0.193200 0.112062
v 0.009105 0.193604 0.104954
v 0.040243 0.190841 0.142353
v 0.024762 0.191161 0.135192
v -0.004258 0.193493 0.105449
v 0.037272 0.187877 0.146249
v 0.017602 0.188307 0.136756
v 0.011503 0.191630 0.127406
v -0.000290 0.189095 0.124735
v -0.004720 0.192509 0.115066
v -0.015751 0.193376 0.104368
v -0.013223 0.190105 0.113261
v -0.024977 0.191291 0.100341
v 0.011679 0.187942 0.133238
v 0.164818 0.128951 -0.077179
v 0.164382 0.141474 -0.078117
v 0.153768 0.128958 -0.097370
v 0.155175 0.141441 -0.095122
v 0.143135 0.128925 -0.112382
v 0.155221 0.162180 -0.095266
v 0.146034 0.158883 -0.108668
v 0.141148 0.158961 -0.114767
v 0.131316 0.138346 -0.126019
v 0.172976 0.141480 -0.056597
v 0.173275 0.128958 -0.055665
v 0.178383 0.141448 -0.036334
v 0.178286 0.128951 -0.036705
v 0.177856 0.128938 -0.033864
v 0.177458 0.141467 -0.033063
v 0.176533 0.128958 -0.031916
v 0.175243 0.141467 -0.030802
v 0.138157 0.158961 -0.118487
v 0.129967 0.158961 -0.127420
v 0.117913 0.146412 -0.138652
v 0.121178 0.158961 -0.135798
v 0.106062 0.151820 -0.147924
v 0.111587 0.158968 -0.143832
v 0.100244 0.161672 -0.151898
v 0.089343 0.157384 -0.158563
v 0.090353 0.163789 -0.158016
v 0.083525 0.158824 -0.161678
v 0.090692 0.168949 -0.157957
v 0.076592 0.168956 -0.165098
v 0.066754 0.161926 -0.169314
v 0.065216 0.168956 -0.169926
v 0.050733 0.163516 -0.174787
v 0.053906 0.168956 -0.173836
v 0.036145 0.163952 -0.178370
v 0.042184 0.168956 -0.177048
v 0.030281 0.168956 -0.179465
v 0.022866 0.163959 -0.180546
v 0.017660 0.168956 -0.181172
v 0.017452 0.162955 -0.181178
v 0.022892 0.128951 -0.180566
v 0.024729 0.163476 -0.179830
v 0.024690 0.128958 -0.179804
v 0.009412 0.128918 -0.181661
v 0.010917 0.158961 -0.181674
v 0.004668 0.130971 -0.181941
v 0.004610 0.158961 -0.181941
v 0.002290 0.128958 -0.181986
v 0.026156 0.162440 -0.178572
v 0.025889 0.128958 -0.178852
v 0.027512 0.160023 -0.176090
v 0.027381 0.128984 -0.176572
v 0.080599 0.147709 -0.149663
v 0.072403 0.144145 -0.148412
v 0.088372 0.139408 -0.139349
v 0.096132 0.142679 -0.140183
v 0.064826 0.151117 -0.157169
v 0.100999 0.133935 -0.130163
v 0.109196 0.136861 -0.130306
v 0.058206 0.146784 -0.154524
v 0.042719 0.148452 -0.159599
v 0.047625 0.153143 -0.163157
v 0.042217 0.150882 -0.162036
v 0.041096 0.152504 -0.163893
v 0.038933 0.153677 -0.165496
v 0.109033 0.129544 -0.123282
v 0.117177 0.124214 -0.115346
v 0.122331 0.128899 -0.118037
v 0.118839 0.123960 -0.114460
v 0.131772 0.123960 -0.099325
v 0.128840 0.128958 -0.110909
v 0.140099 0.237961 -0.033291
v 0.140014 0.259625 -0.033714
v 0.143552 0.237961 -0.011386
v 0.136717 0.243154 -0.045338
v 0.137740 0.237961 -0.042002
v 0.135609 0.235889 -0.048420
v 0.136111 0.232957 -0.046999
v 0.141258 0.267235 -0.028000
v 0.135355 0.228957 -0.049136
v 0.135179 0.193969 -0.047260
v 0.142021 0.270695 -0.023804
v 0.142965 0.273881 -0.017374
v 0.143682 0.274982 -0.009842
v 0.143682 0.274956 0.009542
v 0.143597 0.237961 0.010786
v 0.143089 0.274154 0.016350
v 0.142060 0.271053 0.023563
v 0.141799 0.237961 0.022521
v 0.140893 0.265144 0.029753
v 0.140235 0.237961 0.032704
v 0.138346 0.250849 0.039943
v 0.137740 0.237961 0.042002
v 0.136522 0.242281 0.045833
v 0.135375 0.232951 0.049097
v 0.136111 0.232957 0.046999
v 0.136111 0.193975 0.046999
v 0.135355 0.193897 0.049136
v -0.009405 0.128918 0.181660
v -0.010917 0.158961 0.181673
v -0.004662 0.130971 0.181941
v -0.004610 0.158961 0.181941
v -0.002258 0.128958 0.181986
v -0.017719 0.163118 0.181152
v -0.022892 0.128951 0.180566
v -0.022866 0.163959 0.180553
v -0.017810 0.168956 0.181146
v -0.030280 0.168956 0.179465
v -0.036144 0.163952 0.178370
v -0.042184 0.168956 0.177048
v -0.053905 0.168956 0.173835
v -0.050732 0.163516 0.174787
v -0.065216 0.168956 0.169926
v -0.066754 0.161926 0.169314
v -0.076592 0.168956 0.165098
v -0.083525 0.158824 0.161678
v -0.090692 0.168949 0.157957
v -0.090353 0.163789 0.158016
v -0.024729 0.163476 0.179830
v -0.024690 0.128958 0.179804
v -0.026156 0.162440 0.178579
v -0.089343 0.157384 0.158563
v -0.100243 0.161672 0.151898
v -0.106062 0.151820 0.147923
v -0.111587 0.158968 0.143832
v -0.121178 0.158961 0.135798
v -0.117913 0.146412 0.138652
v -0.129967 0.158961 0.127419
v -0.131316 0.138346 0.126019
v -0.138157 0.158961 0.118487
v -0.141147 0.158961 0.114766
v -0.143135 0.128925 0.112382
v -0.146040 0.158883 0.108668
v -0.155221 0.162180 0.095272
v -0.155175 0.141422 0.095116
v -0.154856 0.128958 0.095617
v -0.164388 0.141474 0.078110
v -0.164844 0.128958 0.077140
v -0.172975 0.141487 0.056603
v -0.172650 0.128964 0.057593
v -0.178383 0.141467 0.036333
v -0.178123 0.128958 0.037356
v -0.155696 0.141956 0.093291
v -0.155696 0.161939 0.092881
v -0.155481 0.143011 0.091448
v -0.155325 0.160903 0.090763
v -0.154165 0.142959 0.089630
v -0.154393 0.181974 0.089793
v -0.146138 0.183746 0.083512
v -0.141069 0.185473 0.079648
v -0.141069 0.142959 0.079648
v -0.155735 0.181498 0.091213
v -0.156498 0.162929 0.093669
v -0.156400 0.181036 0.093806
v -0.178214 0.128964 0.035102
v -0.177458 0.141467 0.033063
v -0.177080 0.128958 0.032457
v -0.175256 0.141467 0.030808
v -0.174819 0.128958 0.030652
v -0.162792 0.139460 0.026899
v -0.160212 0.137454 0.026091
v -0.159899 0.128958 0.026000
v -0.162792 0.141461 0.026899
v 0.049182 0.123960 0.146992
v 0.049071 0.129120 0.152523
v 0.068116 0.123960 0.139232
v 0.070370 0.128951 0.143688
v 0.085857 0.123960 0.129048
v 0.088509 0.128964 0.133303
v 0.102107 0.123960 0.116617
v 0.105391 0.128958 0.120383
v 0.113079 0.123960 0.106010
v 0.113138 0.128958 0.113137
v 0.035858 0.123986 0.150908
v 0.136111 0.232957 -0.046999
v 0.118396 0.192822 -0.046999
v 0.135179 0.193969 -0.047260
v 0.096237 0.232957 -0.046999
v 0.115223 0.189818 -0.046999
v 0.097220 0.188939 -0.047006
v 0.094745 0.190073 -0.046804
v 0.114141 0.188958 -0.046999
v 0.115223 0.187955 -0.046999
v 0.094471 0.232970 -0.046713
v 0.093148 0.190314 -0.045957
v 0.092353 0.232983 -0.045234
v 0.091689 0.188059 -0.044165
v 0.091291 0.232983 -0.042908
v 0.091200 0.186632 -0.041937
v 0.091409 0.232977 -0.040731
v 0.091480 0.185896 -0.040432
v 0.093220 0.226956 -0.036190
v 0.093207 0.182091 -0.036223
v 0.096999 0.227002 -0.024306
v 0.096386 0.232977 -0.026704
v 0.099670 0.227022 -0.008063
v 0.099592 0.232957 -0.009040
v 0.099592 0.232957 0.009040
v 0.099657 0.226956 0.008232
v 0.091826 0.179016 -0.039656
v 0.096895 0.226983 0.024638
v 0.096380 0.232977 0.026697
v 0.093220 0.226956 0.036190
v 0.091298 0.232938 0.040940
v 0.093226 0.182599 0.036197
v 0.091278 0.186046 0.040972
v 0.087447 0.186066 0.048550
v 0.092034 0.179081 0.039181
v 0.088301 0.178996 0.046856
v 0.091356 0.187043 0.043298
v 0.091324 0.232931 0.043253
v 0.092419 0.188893 0.045279
v 0.092145 0.232951 0.044888
v 0.082958 0.185961 0.055834
v 0.078475 0.178990 0.061939
v 0.077361 0.185968 0.063392
v 0.093630 0.188958 0.046308
v 0.093546 0.232938 0.046289
v 0.095644 0.188958 0.046999
v 0.095585 0.232957 0.046999
v 0.118252 0.192868 0.046999
v 0.136111 0.232957 0.046999
v 0.136111 0.193975 0.046999
v 0.115366 0.189897 0.047006
v 0.114141 0.188958 0.046999
v 0.115223 0.187955 0.046999
v 0.071602 0.185961 0.069810
v 0.065907 0.178957 0.075211
v 0.065028 0.185961 0.075973
v 0.060030 0.178957 0.079479
v 0.057919 0.185961 0.081518
v 0.050120 0.185974 0.086554
v 0.051241 0.178957 0.085877
v 0.044400 0.178957 0.089154
v 0.042367 0.185961 0.090581
v 0.033792 0.185974 0.094138
v 0.034946 0.179009 0.093643
v 0.025407 0.185968 0.096719
v 0.017387 0.178957 0.098478
v 0.019999 0.185961 0.097983
v 0.009190 0.178957 0.099168
v 0.018983 0.189844 0.098543
v 0.011106 0.188633 0.099370
v -0.000687 0.178957 0.099996
v -0.000316 0.188574 0.100087
v -0.009190 0.178957 0.099162
v -0.009952 0.188457 0.099501
v -0.018761 0.178957 0.098224
v -0.018272 0.188352 0.098315
v -0.028313 0.188255 0.095930
v -0.036574 0.178912 0.093102
v -0.037982 0.188111 0.092510
v -0.043585 0.188033 0.090001
v -0.051443 0.187883 0.085753
v -0.052420 0.178957 0.085160
v -0.059027 0.187720 0.080723
v -0.061118 0.184404 0.079146
v -0.066943 0.178957 0.074286
v -0.069595 0.185075 0.071810
v -0.079212 0.178951 0.061046
v -0.076762 0.185538 0.064206
v -0.083616 0.185850 0.054811
v -0.088965 0.178957 0.045663
v -0.087831 0.186092 0.047807
v -0.091480 0.185896 0.040432
v -0.091806 0.179009 0.039695
v -0.093207 0.182065 0.036223
v -0.093220 0.226956 0.036190
v -0.091408 0.232977 0.040731
v -0.096999 0.227002 0.024306
v -0.096386 0.232977 0.026703
v -0.099677 0.227015 0.008024
v -0.099592 0.232957 0.009040
v -0.099664 0.226956 -0.008232
v -0.099592 0.232957 -0.009040
v -0.096894 0.226983 -0.024638
v -0.096380 0.232977 -0.026697
v -0.093220 0.226956 -0.036190
v -0.091298 0.232938 -0.040940
v -0.093220 0.182645 -0.036203
v -0.091291 0.185987 -0.040881
v -0.092047 0.179081 -0.039168
v -0.088372 0.178990 -0.046752
v -0.087362 0.186052 -0.048693
v -0.091356 0.187036 -0.043292
v -0.091324 0.232931 -0.043253
v -0.092418 0.188893 -0.045279
v -0.092145 0.232951 -0.044888
v -0.093630 0.188958 -0.046309
v -0.093546 0.232938 -0.046289
v -0.095643 0.188958 -0.046999
v -0.095585 0.232957 -0.046999
v -0.118252 0.192868 -0.046999
v -0.136111 0.232957 -0.046999
v -0.136111 0.193975 -0.046999
v -0.115366 0.189897 -0.046999
v -0.114141 0.188958 -0.046999
v -0.115222 0.187955 -0.046999
v -0.082958 0.185961 -0.055834
v -0.078482 0.178996 -0.061926
v -0.077596 0.185961 -0.063079
v -0.071601 0.185961 -0.069810
v -0.065907 0.178957 -0.075211
v -0.065027 0.185961 -0.075974
v -0.060030 0.178957 -0.079479
v -0.057919 0.185961 -0.081518
v -0.050120 0.185974 -0.086555
v -0.051241 0.178957 -0.085877
v -0.044399 0.178957 -0.089154
v -0.042367 0.185961 -0.090581
v -0.033792 0.185974 -0.094139
v -0.034946 0.179009 -0.093643
v -0.025407 0.185968 -0.096719
v -0.017386 0.178957 -0.098478
v -0.019999 0.185955 -0.097983
v -0.009190 0.178957 -0.099169
v -0.018983 0.189844 -0.098543
v -0.011105 0.188633 -0.099370
v 0.000687 0.178957 -0.099996
v 0.000316 0.188574 -0.100087
v 0.009184 0.178957 -0.099162
v 0.009946 0.188457 -0.099501
v 0.018761 0.178957 -0.098224
v 0.018273 0.188352 -0.098315
v 0.028313 0.188255 -0.095930
v 0.036575 0.178912 -0.093103
v 0.037982 0.188111 -0.092503
v 0.043585 0.188033 -0.090001
v 0.051443 0.187883 -0.085753
v 0.052420 0.178957 -0.085160
v 0.059020 0.187720 -0.080723
v 0.061118 0.184404 -0.079147
v 0.066943 0.178957 -0.074286
v 0.069595 0.185075 -0.071810
v 0.079212 0.178951 -0.061047
v 0.076762 0.185538 -0.064207
v 0.083616 0.185850 -0.054811
v 0.088965 0.178957 -0.045664
v 0.087832 0.186092 -0.047807
v -0.076762 0.185538 0.064206
v -0.072168 0.190033 0.075726
v -0.081042 0.190607 0.066330
v -0.083616 0.185850 0.054811
v -0.069595 0.185075 0.071810
v -0.064702 0.189460 0.082170
v -0.061118 0.184404 0.079146
v -0.087988 0.190913 0.056649
v -0.093389 0.191141 0.047227
v -0.093148 0.190314 0.045957
v -0.091689 0.188059 0.044165
v -0.087831 0.186092 0.047807
v -0.091200 0.186632 0.041937
v -0.062180 0.187212 0.081753
v -0.091480 0.185896 0.040432
v -0.037337 0.193200 -0.112063
v -0.038158 0.188105 -0.106616
v -0.048146 0.187903 -0.109945
v -0.029179 0.188431 -0.102843
v -0.028482 0.193395 -0.108323
v -0.018983 0.189844 -0.098543
v -0.016891 0.193676 -0.103931
v -0.011105 0.188633 -0.099370
v -0.009105 0.193604 -0.104954
v 0.000316 0.188574 -0.100087
v 0.004258 0.193493 -0.105449
v 0.009946 0.188457 -0.099501
v 0.018273 0.188352 -0.098315
v 0.015751 0.193376 -0.104368
v 0.024977 0.191291 -0.100341
v 0.028313 0.188255 -0.095930
v 0.026235 0.193252 -0.102348
v 0.036522 0.193109 -0.099266
v 0.037982 0.188111 -0.092503
v -0.022612 0.187955 -0.099462
v -0.019999 0.185955 -0.097983
v 0.020416 0.192666 -0.109000
v 0.013223 0.190105 -0.113261
v 0.005972 0.191525 -0.123165
v 0.000290 0.189095 -0.124735
v -0.010591 0.190620 -0.136098
v -0.011685 0.187942 -0.133238
v -0.027459 0.190027 -0.146562
v -0.031329 0.187271 -0.145259
v -0.043246 0.189701 -0.154224
v -0.043904 0.187017 -0.151266
v -0.062265 0.189571 -0.161202
v -0.061248 0.186854 -0.157912
v -0.084567 0.189682 -0.166577
v -0.076371 0.186886 -0.161847
v -0.088255 0.187004 -0.164128
v -0.093695 0.185473 -0.163502
v -0.099357 0.183779 -0.164447
v -0.084978 0.189590 -0.168473
v -0.100797 0.182984 -0.166245
v -0.068038 0.188144 -0.176220
v -0.062265 0.189571 -0.161202
v -0.056453 0.187180 -0.180397
v -0.043246 0.189701 -0.154224
v -0.027459 0.190027 -0.146562
v -0.039975 0.187160 -0.174689
v -0.021400 0.187310 -0.166349
v -0.010591 0.190620 -0.136098
v 0.005972 0.191525 -0.123165
v 0.020416 0.192666 -0.109000
v -0.001626 0.187766 -0.154393
v 0.036522 0.193109 -0.099266
v 0.016957 0.188574 -0.140040
v 0.046250 0.192946 -0.095253
v 0.022573 0.187154 -0.146301
v 0.026235 0.193252 -0.102348
v 0.053984 0.192796 -0.091226
v 0.061047 0.192640 -0.086783
v 0.023700 0.183479 -0.169060
v -0.001189 0.182658 -0.189173
v 0.007314 0.186333 -0.160094
v 0.019993 0.181277 -0.177276
v 0.037513 0.182059 -0.160648
v 0.002075 0.180781 -0.190958
v -0.008701 0.175269 -0.197806
v -0.013308 0.183661 -0.188645
v -0.017217 0.175973 -0.197252
v -0.010115 0.185727 -0.172865
v -0.013308 0.183661 -0.188645
v -0.030704 0.185297 -0.185309
v 0.041135 0.184476 -0.151045
v 0.052837 0.185499 -0.135538
v 0.066226 0.190574 -0.093487
v 0.064526 0.190470 -0.084730
v 0.052453 0.183218 -0.142457
v 0.070149 0.188261 -0.092112
v 0.075394 0.186111 -0.098999
v 0.062135 0.191786 -0.084789
v -0.029525 0.185030 -0.186723
v -0.025694 0.176638 -0.196327
v -0.033831 0.177276 -0.195089
v -0.044426 0.179179 -0.191786
v -0.045025 0.180078 -0.190241
v -0.044823 0.180912 -0.188117
v -0.038940 0.182717 -0.185179
v -0.017536 0.183107 -0.173243
v -0.010115 0.185727 -0.172865
v 0.001606 0.183746 -0.159866
v -0.042510 0.181596 -0.185778
v 0.007314 0.186333 -0.160094
v 0.017198 0.184567 -0.146366
v 0.022573 0.187154 -0.146301
v -0.042842 0.178006 -0.193291
v 0.129218 0.161952 0.136313
v 0.112284 0.178957 0.145689
v 0.112330 0.161958 0.145663
v 0.127654 0.178957 0.137277
v 0.144099 0.178957 0.125966
v 0.145142 0.161952 0.125158
v 0.157580 0.178957 0.114519
v 0.157534 0.161958 0.114545
v -0.043051 0.158961 -0.176820
v -0.060440 0.146119 -0.171718
v -0.049631 0.141298 -0.175100
v -0.054805 0.158961 -0.173549
v -0.039793 0.136463 -0.177575
v -0.031121 0.158961 -0.179322
v -0.019172 0.158961 -0.180990
v -0.066187 0.158955 -0.169509
v -0.072807 0.150999 -0.166812
v -0.082404 0.154316 -0.162277
v -0.084469 0.158922 -0.161378
v -0.105970 0.159906 -0.147813
v -0.035910 0.134476 -0.178422
v -0.025804 0.128951 -0.180162
v -0.019146 0.128958 -0.180833
v -0.007685 0.158961 -0.181837
v -0.010702 0.128958 -0.181687
v -0.004610 0.158961 -0.181941
v -0.004662 0.130964 -0.181941
v -0.002231 0.128958 -0.181986
v -0.143617 0.193428 -0.135499
v -0.160199 0.182091 -0.134854
v -0.147630 0.181251 -0.144503
v -0.153488 0.194073 -0.127745
v -0.133192 0.192750 -0.142653
v -0.133511 0.180430 -0.153579
v -0.170193 0.182743 -0.125967
v -0.159984 0.194510 -0.122005
v -0.180129 0.183453 -0.115855
v -0.167242 0.195018 -0.114968
v -0.181081 0.183401 -0.113978
v -0.167300 0.195096 -0.112968
v -0.125048 0.192262 -0.147500
v -0.121901 0.184463 -0.155859
v -0.117470 0.191780 -0.151637
v -0.107808 0.191480 -0.152628
v -0.181191 0.183381 -0.112206
v -0.180696 0.183270 -0.110395
v -0.179484 0.183094 -0.108903
v -0.152119 0.195089 -0.101253
v -0.157110 0.183101 -0.091865
v -0.151683 0.190177 -0.095520
v -0.107808 0.191480 -0.152628
v -0.076534 0.193004 -0.120318
v -0.088014 0.193128 -0.120487
v -0.117470 0.191780 -0.151637
v -0.125048 0.192262 -0.147500
v -0.101957 0.193376 -0.119197
v -0.133192 0.192750 -0.142653
v -0.118558 0.193825 -0.115802
v -0.143617 0.193428 -0.135499
v -0.153488 0.194073 -0.127745
v -0.159984 0.194510 -0.122005
v -0.136293 0.194418 -0.109450
v -0.152119 0.195089 -0.101253
v -0.167300 0.195096 -0.112968
v -0.167242 0.195018 -0.114968
v -0.136111 0.232957 0.046999
v -0.118395 0.192822 0.046999
v -0.135459 0.193975 0.047188
v -0.096236 0.232957 0.046999
v -0.115222 0.189818 0.046999
v -0.097220 0.188939 0.047006
v -0.094744 0.190073 0.046804
v -0.114141 0.188958 0.046999
v -0.115222 0.187955 0.046999
v -0.094471 0.232970 0.046712
v -0.093148 0.190314 0.045957
v -0.092353 0.232983 0.045233
v -0.091689 0.188059 0.044165
v -0.091291 0.232983 0.042914
v -0.091200 0.186632 0.041937
v 0.099305 0.189564 0.074989
v 0.100999 0.192568 0.077517
v 0.089604 0.189349 0.086470
v 0.091480 0.192346 0.088320
v 0.111196 0.192757 0.062076
v 0.081590 0.192066 0.097644
v 0.078619 0.189056 0.096458
v 0.066122 0.188111 0.105417
v 0.064565 0.191486 0.110629
v 0.054916 0.185134 0.111808
v 0.057939 0.188027 0.112675
v 0.083642 0.187968 0.092132
v 0.104394 0.189688 0.067725
v 0.109528 0.189779 0.059059
v 0.118252 0.192868 0.046999
v 0.115366 0.189897 0.047006
v -0.025296 0.162962 -0.196379
v -0.025694 0.176638 -0.196327
v -0.042315 0.162962 -0.193441
v -0.033831 0.177276 -0.195089
v -0.042842 0.178006 -0.193291
v -0.044230 0.162929 -0.192151
v -0.044426 0.179179 -0.191786
v -0.045103 0.162962 -0.189987
v -0.017217 0.175973 -0.197252
v -0.008701 0.162955 -0.197806
v -0.008701 0.175269 -0.197806
v -0.045025 0.180078 -0.190241
v -0.044823 0.180912 -0.188117
v -0.044751 0.162955 -0.187994
v -0.044048 0.180052 -0.186951
v -0.043995 0.162955 -0.186893
v -0.042510 0.181596 -0.185778
v 0.136052 0.223959 0.032997
v 0.097885 0.182743 0.033004
v 0.136052 0.182619 0.033010
v 0.097820 0.223933 0.033004
v 0.135785 0.179381 0.034099
v 0.097703 0.179830 0.033890
v 0.135434 0.177361 0.035473
v 0.097442 0.177745 0.035161
v 0.134951 0.175771 0.037265
v 0.097188 0.176208 0.036666
v 0.134326 0.174611 0.039461
v 0.096758 0.175002 0.038542
v 0.096347 0.174260 0.040555
v -0.133576 0.173973 -0.042100
v -0.096275 0.173973 -0.041709
v -0.096764 0.175009 -0.038523
v -0.134332 0.174618 -0.039441
v -0.097194 0.176214 -0.036659
v -0.134951 0.175784 -0.037252
v -0.097442 0.177745 -0.035161
v -0.135433 0.177367 -0.035473
v -0.097702 0.179830 -0.033897
v -0.135785 0.179387 -0.034099
v -0.097885 0.182743 -0.033004
v -0.136052 0.182619 -0.033011
v -0.136052 0.223959 -0.032998
v -0.097820 0.223933 -0.033004
v 0.030281 0.168956 -0.179465
v 0.021218 0.168956 -0.187498
v 0.017328 0.168956 -0.182456
v 0.017660 0.168956 -0.181172
v 0.042184 0.168956 -0.177048
v 0.053906 0.168956 -0.173836
v 0.065216 0.168956 -0.169926
v 0.091063 0.168956 -0.159821
v 0.077316 0.168956 -0.170141
v 0.059476 0.168956 -0.180560
v 0.023492 0.168956 -0.193590
v 0.040458 0.168956 -0.188639
v 0.076592 0.168956 -0.165098
v 0.090692 0.168949 -0.157957
v -0.039891 0.158961 -0.187283
v -0.000668 0.158961 -0.188000
v -0.009718 0.158961 -0.193753
v -0.001886 0.158961 -0.184671
v -0.003723 0.158961 -0.183400
v -0.007685 0.158961 -0.181837
v -0.019172 0.158961 -0.180990
v -0.041259 0.158961 -0.183576
v -0.031121 0.158961 -0.179322
v -0.043051 0.158961 -0.176820
v -0.055430 0.158955 -0.179660
v -0.054805 0.158961 -0.173549
v -0.066187 0.158955 -0.169509
v -0.084469 0.158922 -0.161378
v -0.097331 0.158961 -0.155286
v -0.095474 0.158961 -0.162127
v -0.114265 0.158961 -0.148184
v -0.095311 0.158961 -0.166082
v -0.065803 0.158961 -0.182501
v -0.108889 0.158961 -0.153325
v -0.119966 0.158961 -0.152094
v -0.105970 0.159906 -0.147813
v -0.081674 0.158968 -0.176096
v -0.097129 0.158961 -0.167933
v -0.131876 0.158961 -0.149904
v -0.130214 0.158955 -0.139232
v -0.142665 0.158961 -0.143063
v -0.146203 0.158961 -0.128299
v -0.152856 0.158961 -0.135629
v -0.162564 0.158961 -0.127550
v -0.160479 0.158961 -0.115835
v -0.171711 0.158961 -0.118871
v -0.177484 0.158955 -0.112499
v -0.160107 0.158961 -0.111782
v -0.155038 0.158961 -0.095318
v -0.149559 0.158961 -0.103710
v -0.143597 0.237961 -0.010786
v -0.140874 0.265046 -0.029825
v -0.140235 0.237961 -0.032704
v -0.138352 0.250849 -0.039943
v -0.137740 0.237961 -0.042002
v -0.142073 0.271066 -0.023583
v -0.143089 0.274161 -0.016305
v -0.143682 0.274956 -0.009542
v -0.143552 0.237961 0.011386
v -0.143682 0.274982 0.009841
v -0.143148 0.274252 0.015627
v -0.136521 0.242281 -0.045833
v -0.135375 0.232951 -0.049097
v -0.136111 0.232957 -0.046999
v -0.136111 0.193975 -0.046999
v -0.135355 0.193897 -0.049136
v -0.142353 0.272037 0.021739
v -0.142099 0.237961 0.020592
v -0.141258 0.267235 0.028000
v -0.140007 0.259579 0.033747
v -0.140098 0.237961 0.033291
v -0.136717 0.243154 0.045338
v -0.137740 0.237961 0.042002
v -0.135609 0.235889 0.048419
v -0.136111 0.232957 0.046999
v -0.135355 0.228957 0.049136
v -0.135459 0.193975 0.047188
v -0.139786 0.247115 -0.048498
v -0.149995 0.266414 -0.036966
v -0.146112 0.246959 -0.051104
v -0.143728 0.268238 -0.032945
v -0.151188 0.272180 -0.031584
v -0.138470 0.240789 -0.051912
v -0.144581 0.271731 -0.029225
v -0.152419 0.276031 -0.025557
v -0.145382 0.274845 -0.025433
v -0.145278 0.242971 -0.053502
v -0.137864 0.234267 -0.053827
v -0.144451 0.236117 -0.055952
v -0.137662 0.229543 -0.054225
v -0.144138 0.228957 -0.056779
v -0.144144 0.188365 -0.056779
v -0.137649 0.191786 -0.054225
v -0.153019 0.277386 -0.022215
v -0.146705 0.277999 -0.017432
v -0.154426 0.278989 -0.013881
v -0.147676 0.278956 -0.009803
v -0.154993 0.278956 0.001280
v -0.147676 0.278956 0.009802
v -0.154498 0.278956 0.012493
v -0.153846 0.278683 0.016689
v -0.147096 0.278565 0.014767
v -0.146399 0.277419 0.019497
v -0.153142 0.277608 0.021517
v -0.152308 0.275770 0.026098
v -0.145721 0.275770 0.023504
v -0.144939 0.273307 0.027537
v -0.151579 0.273627 0.029688
v -0.150771 0.270603 0.033349
v -0.143897 0.268903 0.032509
v -0.149950 0.266212 0.037122
v -0.145975 0.246327 0.051560
v -0.139147 0.244138 0.050530
v -0.145187 0.242307 0.053827
v -0.144633 0.238163 0.055411
v -0.137968 0.236345 0.053313
v -0.144275 0.233869 0.056401
v -0.137655 0.228846 0.054218
v -0.144138 0.228957 0.056779
v -0.137649 0.191356 0.054225
v -0.144138 0.187258 0.056779
v 0.042315 0.162962 0.193440
v 0.025694 0.176638 0.196327
v 0.033832 0.177276 0.195089
v 0.025296 0.162962 0.196379
v 0.042842 0.178006 0.193291
v 0.044230 0.162929 0.192150
v 0.044426 0.179179 0.191785
v 0.045103 0.162962 0.189994
v 0.017217 0.175973 0.197252
v 0.008701 0.162955 0.197806
v 0.008701 0.175269 0.197806
v 0.045025 0.180078 0.190241
v 0.044823 0.180912 0.188117
v 0.044751 0.162955 0.187993
v 0.044048 0.180052 0.186951
v 0.043996 0.162955 0.186892
v 0.042510 0.181596 0.185778
v -0.150458 0.162955 0.108166
v -0.149780 0.180970 0.110375
v -0.141779 0.162955 0.125693
v -0.144144 0.180977 0.121510
v -0.138092 0.180970 0.131706
v -0.127719 0.162955 0.146321
v -0.131016 0.180957 0.142014
v -0.153351 0.180925 0.102094
v -0.125041 0.162955 0.149272
v -0.123497 0.180957 0.151481
v -0.114975 0.180951 0.160837
v -0.110935 0.162955 0.164812
v -0.152856 0.162955 0.103319
v -0.156498 0.162929 0.093669
v -0.156400 0.181036 0.093806
v -0.108427 0.162955 0.166903
v -0.106661 0.180964 0.168779
v -0.097377 0.180957 0.176572
v -0.091708 0.162936 0.180807
v -0.087610 0.180957 0.183706
v -0.077387 0.180957 0.190163
v -0.070539 0.162955 0.193975
v -0.066747 0.180951 0.195929
v -0.047735 0.162942 0.204074
v -0.055762 0.180957 0.200959
v -0.044458 0.180957 0.205240
v -0.032874 0.180957 0.208758
v -0.023713 0.162955 0.210954
v -0.021400 0.180977 0.211423
v -0.008753 0.162955 0.213488
v -0.008688 0.180964 0.213495
v -0.006173 0.162942 0.213111
v -0.005515 0.181589 0.212843
v -0.003730 0.162968 0.211299
v -0.003157 0.181133 0.210478
v -0.002707 0.162955 0.209325
v -0.002368 0.180742 0.207631
v -0.002381 0.162955 0.207090
v -0.003150 0.180475 0.204269
v -0.003359 0.162923 0.204126
v -0.007385 0.162727 0.200158
v -0.008050 0.177081 0.199435
v -0.016754 0.177732 0.190704
v -0.015523 0.181642 0.192020
v -0.003723 0.182384 0.205891
v -0.015523 0.181642 0.192020
v -0.024026 0.184326 0.185114
v -0.003157 0.181133 0.210478
v -0.004994 0.183270 0.209905
v -0.005515 0.181589 0.212843
v -0.026873 0.178455 0.179432
v -0.025752 0.182645 0.180742
v -0.035780 0.183733 0.168441
v -0.040275 0.185987 0.165157
v -0.044869 0.184736 0.155990
v -0.053847 0.187577 0.145044
v -0.052909 0.185701 0.143662
v -0.060291 0.188463 0.133870
v -0.025752 0.182645 0.180742
v -0.035780 0.183733 0.168441
v -0.036438 0.179289 0.167587
v -0.044869 0.184736 0.155990
v -0.045370 0.180195 0.155253
v -0.053593 0.181172 0.142542
v -0.052909 0.185701 0.143662
v -0.061222 0.182247 0.129276
v -0.059958 0.186619 0.131583
v -0.066122 0.187479 0.119783
v -0.068591 0.189629 0.118663
v -0.075472 0.188887 0.099123
v -0.077361 0.190939 0.098654
v -0.059958 0.186619 0.131583
v -0.061170 0.184150 0.129328
v -0.066122 0.187479 0.119783
v -0.068318 0.185609 0.115242
v -0.075472 0.188887 0.099123
v -0.074338 0.186997 0.101540
v -0.075393 0.186111 0.098999
v 0.126507 0.237948 -0.007320
v 0.111059 0.237955 -0.030457
v 0.120513 0.237961 -0.042002
v 0.125947 0.237942 -0.010799
v 0.129048 0.237948 -0.032822
v 0.131479 0.237961 -0.029414
v 0.132782 0.237948 -0.008675
v 0.111567 0.237948 -0.034190
v 0.106603 0.237961 -0.028847
v 0.108271 0.237955 -0.011627
v 0.101149 0.237961 -0.028170
v 0.104570 0.237961 -0.009490
v 0.104570 0.237961 0.009496
v 0.110297 0.237955 0.000205
v 0.127621 0.237948 0.015067
v 0.110518 0.237961 0.029870
v 0.106231 0.237955 0.028997
v 0.101149 0.237961 0.028169
v 0.103338 0.237831 -0.032157
v 0.103723 0.237961 0.031388
v 0.096237 0.237961 0.042002
v 0.111554 0.237961 0.033467
v 0.120513 0.237961 0.042002
v 0.129654 0.237961 0.031388
v 0.132163 0.237955 0.028997
v 0.141799 0.237961 0.022521
v 0.110395 0.237961 0.036001
v 0.106577 0.237955 0.037089
v 0.103814 0.237961 0.034555
v 0.132717 0.237928 0.014709
v 0.143597 0.237961 0.010786
v 0.132697 0.237902 0.002544
v 0.139128 0.237902 0.004043
v 0.143552 0.237961 -0.011386
v 0.139232 0.237863 -0.004721
v 0.136450 0.237955 0.029870
v 0.140235 0.237961 0.032704
v 0.132704 0.237889 -0.005900
v 0.134743 0.237955 -0.028971
v 0.137303 0.237961 -0.031375
v 0.140099 0.237961 -0.033291
v 0.137486 0.237955 0.033467
v 0.136326 0.237961 0.036001
v 0.137740 0.237961 0.042002
v 0.137219 0.237961 -0.034555
v 0.137740 0.237961 -0.042002
v 0.134443 0.237955 -0.037089
v 0.130606 0.237955 -0.035982
v 0.133596 0.237889 0.037324
v 0.130136 0.237955 0.035519
v 0.109730 0.237955 -0.036568
v 0.096237 0.237961 -0.042002
v 0.106336 0.237955 -0.036946
v 0.103703 0.237955 -0.034666
v 0.103026 0.223959 -0.005066
v 0.138333 0.223959 -0.021517
v 0.100810 0.223959 -0.021680
v 0.140001 0.223959 0.000003
v 0.136052 0.223959 -0.032998
v 0.102491 0.223959 0.010493
v 0.138333 0.223959 0.021517
v 0.136052 0.223959 0.032997
v 0.097846 0.223940 -0.033004
v 0.100550 0.223959 0.022221
v 0.097820 0.223933 0.033004
v -0.140235 0.237961 -0.032704
v -0.133251 0.237955 -0.015093
v -0.143597 0.237961 -0.010786
v -0.132567 0.237889 -0.002544
v -0.139427 0.237935 -0.004447
v -0.143552 0.237961 0.011386
v -0.139212 0.237883 0.004714
v -0.132827 0.237948 0.008623
v -0.132632 0.237635 0.005802
v -0.137219 0.237961 -0.031447
v -0.134443 0.237955 -0.028906
v -0.127341 0.237948 -0.015171
v -0.130605 0.237961 -0.030020
v -0.120519 0.237961 -0.042002
v -0.110284 0.237955 -0.000238
v -0.111574 0.237961 -0.034242
v -0.108811 0.237955 -0.037031
v -0.096236 0.237961 -0.042002
v -0.129061 0.237909 -0.033174
v -0.131478 0.237955 -0.036588
v -0.137740 0.237961 -0.042002
v -0.110662 0.237961 -0.030437
v -0.107554 0.237955 -0.028684
v -0.104570 0.237961 -0.009490
v -0.108264 0.237955 0.011672
v -0.104570 0.237961 0.009496
v -0.101149 0.237961 0.028169
v -0.126383 0.237942 0.007314
v -0.126103 0.237955 0.010695
v -0.106583 0.237955 0.028912
v -0.110427 0.237961 0.030020
v -0.111952 0.237948 0.033043
v -0.120519 0.237961 0.042002
v -0.109789 0.237948 0.036568
v -0.129765 0.237955 0.035291
v -0.129745 0.237961 0.031440
v -0.132984 0.237961 0.036991
v -0.137740 0.237961 0.042002
v -0.132508 0.237955 0.028912
v -0.142099 0.237961 0.020592
v -0.136359 0.237961 0.030020
v -0.140098 0.237961 0.033291
v -0.137864 0.237889 0.033030
v -0.135720 0.237935 0.036561
v -0.107052 0.237961 0.036991
v -0.096236 0.237961 0.042002
v -0.103833 0.237948 0.035291
v -0.103820 0.237961 0.031440
v -0.140001 0.223959 0.000003
v -0.102491 0.223959 -0.010493
v -0.138339 0.223959 -0.021517
v -0.136052 0.223959 -0.032998
v -0.103025 0.223959 0.005059
v -0.138339 0.223959 0.021517
v -0.100817 0.223959 0.021680
v -0.136052 0.223959 0.032997
v -0.097846 0.223940 0.033004
v -0.100550 0.223959 -0.022221
v -0.097820 0.223933 -0.033004
v -0.074989 0.158961 0.186938
v -0.057834 0.158961 0.184703
v -0.073224 0.158955 0.176383
v -0.085115 0.158961 0.180566
v -0.087506 0.158961 0.166506
v -0.094809 0.158961 0.173497
v -0.103964 0.158961 0.165834
v -0.098836 0.158955 0.157071
v -0.112558 0.158961 0.157573
v -0.120780 0.158961 0.148503
v -0.111587 0.158968 0.143832
v -0.121178 0.158961 0.135798
v -0.128279 0.158961 0.138984
v -0.129967 0.158961 0.127419
v -0.135010 0.158961 0.129133
v -0.141056 0.158961 0.118838
v -0.138157 0.158961 0.118487
v -0.141147 0.158961 0.114766
v -0.146040 0.158883 0.108668
v 0.039891 0.158961 0.187283
v 0.000668 0.158961 0.188000
v 0.009718 0.158961 0.193760
v 0.001880 0.158961 0.184671
v 0.000003 0.158961 0.184996
v 0.022234 0.158961 0.192724
v 0.041038 0.158942 0.189746
v 0.003730 0.158961 0.183394
v 0.007685 0.158961 0.181836
v 0.019159 0.158961 0.180989
v 0.041259 0.158961 0.183576
v 0.031121 0.158961 0.179321
v 0.042745 0.158955 0.176904
v 0.055430 0.158955 0.179660
v 0.054805 0.158961 0.173549
v 0.066285 0.158961 0.169509
v 0.079765 0.158955 0.163639
v 0.097709 0.158955 0.153911
v 0.098465 0.158961 0.155019
v 0.096197 0.158961 0.161580
v 0.115620 0.158961 0.147467
v 0.108890 0.158961 0.153325
v 0.119966 0.158961 0.152093
v 0.111476 0.162369 0.145500
v 0.110968 0.161808 0.144366
v 0.094940 0.158961 0.164395
v 0.065803 0.158961 0.182501
v 0.131876 0.158961 0.149904
v 0.130215 0.158955 0.139232
v 0.142666 0.158961 0.143063
v 0.146204 0.158961 0.128305
v 0.077485 0.158961 0.177855
v 0.096947 0.158929 0.168141
v 0.152856 0.158961 0.135629
v 0.162564 0.158961 0.127550
v 0.160479 0.158961 0.115835
v 0.171712 0.158961 0.118871
v 0.177491 0.158955 0.112499
v 0.160101 0.158961 0.111782
v 0.155032 0.158955 0.095311
v 0.149559 0.158961 0.103710
v -0.122174 0.190959 0.088691
v -0.139219 0.187584 0.069503
v -0.121770 0.193949 0.079283
v -0.116122 0.193956 0.088483
v -0.127504 0.193956 0.068539
v -0.144138 0.187258 0.056779
v -0.137649 0.191356 0.054225
v -0.135459 0.193975 0.047188
v -0.150132 0.184065 0.060871
v -0.150699 0.184450 0.053801
v -0.154139 0.183205 0.049840
v -0.153931 0.183766 0.043663
v -0.145962 0.184782 0.070292
v -0.141069 0.185473 0.079648
v -0.134430 0.187584 0.081231
v -0.119718 0.190151 0.095741
v -0.111098 0.193949 0.095526
v -0.155051 0.183479 0.039128
v -0.157221 0.182371 0.038985
v -0.156498 0.183107 0.033310
v -0.158335 0.182599 0.023022
v -0.159599 0.181589 0.027766
v -0.158648 0.182528 0.020299
v -0.160961 0.181133 0.018214
v -0.159449 0.182345 0.013282
v -0.159971 0.182397 0.003085
v -0.161795 0.180970 0.008108
v -0.159938 0.182515 0.000003
v -0.161977 0.181257 -0.002727
v -0.159866 0.182749 -0.006558
v -0.159013 0.183394 -0.017725
v -0.161515 0.181830 -0.012428
v -0.160251 0.182704 -0.023798
v -0.157254 0.184222 -0.029512
v -0.158355 0.183570 -0.034177
v -0.154823 0.185003 -0.040347
v -0.155892 0.184371 -0.044067
v -0.150784 0.185948 -0.053756
v -0.152562 0.185166 -0.054505
v -0.144144 0.188365 -0.056779
v -0.148529 0.185896 -0.064682
v -0.142020 0.187584 -0.070390
v -0.135818 0.190959 -0.064135
v -0.137649 0.191786 -0.054225
v -0.129739 0.193975 -0.063614
v -0.135355 0.193897 -0.049136
v -0.136111 0.193975 -0.046999
v -0.130104 0.190959 -0.077179
v -0.124142 0.194001 -0.075016
v -0.117053 0.194034 -0.086985
v -0.123360 0.190959 -0.089591
v -0.139030 0.187023 -0.083154
v -0.132729 0.187636 -0.092881
v -0.115652 0.190959 -0.101266
v -0.123764 0.188307 -0.104609
v -0.108805 0.191161 -0.109046
v -0.118650 0.186287 -0.110440
v -0.108108 0.188554 -0.112910
v -0.107866 0.194106 -0.099247
v -0.096979 0.194242 -0.111144
v -0.097396 0.191252 -0.114558
v -0.086014 0.190372 -0.115314
v -0.084893 0.193233 -0.112037
v -0.073471 0.192249 -0.111652
v -0.072553 0.189180 -0.114767
v -0.064565 0.191486 -0.110629
v -0.057926 0.188020 -0.112675
v -0.143773 0.186561 -0.074651
v -0.156680 0.123960 0.009991
v -0.161671 0.128951 0.010258
v -0.154211 0.123960 0.029466
v -0.159899 0.128958 0.026000
v -0.161671 0.128958 -0.010298
v -0.156680 0.123960 -0.009992
v -0.159899 0.128958 -0.026000
v -0.154211 0.123960 -0.029466
v 0.029525 0.185030 0.186729
v 0.025694 0.176638 0.196327
v 0.013308 0.183661 0.188645
v 0.033832 0.177276 0.195089
v 0.044426 0.179179 0.191785
v 0.042842 0.178006 0.193291
v 0.017217 0.175973 0.197252
v 0.008701 0.175269 0.197806
v 0.001189 0.182658 0.189173
v -0.002075 0.180781 0.190958
v -0.019993 0.181277 0.177276
v -0.023700 0.183479 0.169060
v -0.061046 0.192640 0.086782
v -0.053984 0.192796 0.091226
v -0.037513 0.182059 0.160648
v -0.007314 0.186333 0.160101
v 0.010115 0.185727 0.172865
v 0.013308 0.183661 0.188645
v 0.030704 0.185297 0.185309
v -0.041135 0.184476 0.151044
v -0.052837 0.185499 0.135538
v -0.052453 0.183218 0.142457
v -0.066226 0.190574 0.093487
v -0.064526 0.190470 0.084730
v -0.070149 0.188261 0.092112
v -0.075393 0.186111 0.098999
v -0.062135 0.191786 0.084795
v 0.045025 0.180078 0.190241
v 0.044823 0.180912 0.188117
v 0.038940 0.182717 0.185179
v 0.017530 0.183107 0.173242
v 0.010115 0.185727 0.172865
v -0.001606 0.183746 0.159866
v 0.042510 0.181596 0.185778
v -0.007314 0.186333 0.160101
v -0.017197 0.184567 0.146366
v -0.022573 0.187154 0.146301
v -0.071986 0.188274 0.100980
v -0.074338 0.186997 0.101540
v -0.068318 0.185609 0.115242
v -0.062747 0.186691 0.119738
v -0.061170 0.184150 0.129328
v 0.154165 0.142959 -0.089630
v 0.154804 0.142959 -0.047742
v 0.146699 0.142959 -0.068735
v 0.161098 0.142959 -0.027942
v 0.163906 0.142959 -0.075895
v 0.141069 0.142959 -0.079648
v 0.159925 0.142959 -0.025831
v 0.163170 0.142959 -0.010415
v 0.161964 0.142959 -0.003417
v 0.172050 0.142959 -0.055124
v 0.177067 0.142959 -0.035187
v 0.163170 0.142959 0.010415
v 0.160876 0.142959 0.019054
v 0.161098 0.142959 0.027941
v 0.156680 0.142959 0.041168
v 0.175021 0.142959 0.032326
v 0.155475 0.143018 -0.091435
v 0.174266 0.142959 -0.032046
v 0.176904 0.142959 0.035760
v 0.172337 0.142959 0.054121
v 0.149468 0.142959 0.062480
v 0.165678 0.142959 0.071628
v 0.156087 0.142959 0.091083
v 0.141069 0.142959 0.079648
v -0.112382 0.161958 -0.145637
v -0.114265 0.158961 -0.148184
v -0.129218 0.161952 -0.136313
v -0.130214 0.158955 -0.139232
v -0.145141 0.161952 -0.125159
v -0.146203 0.158961 -0.128299
v -0.157547 0.161958 -0.114538
v -0.160479 0.158961 -0.115835
v -0.111574 0.162388 -0.145572
v -0.097331 0.158961 -0.155286
v 0.077902 0.188958 0.067386
v 0.077361 0.185968 0.063392
v 0.088581 0.188958 0.052563
v 0.082958 0.185961 0.055834
v 0.087447 0.186066 0.048550
v 0.092419 0.188893 0.045279
v 0.091356 0.187043 0.043298
v 0.091278 0.186046 0.040972
v 0.071602 0.185961 0.069810
v 0.065028 0.185961 0.075973
v 0.064767 0.188958 0.080091
v 0.057919 0.185961 0.081518
v 0.050120 0.185974 0.086554
v 0.049599 0.188958 0.090275
v 0.042367 0.185961 0.090581
v 0.033792 0.185974 0.094138
v 0.032867 0.188958 0.097618
v 0.025407 0.185968 0.096719
v 0.025309 0.188958 0.099846
v 0.019999 0.185961 0.097983
v 0.022605 0.187955 0.099462
v 0.154165 0.142959 -0.089630
v 0.141069 0.142959 -0.079648
v 0.141069 0.185473 -0.079648
v 0.146138 0.183746 -0.083512
v 0.154380 0.181974 -0.089786
v 0.155286 0.160844 -0.090705
v 0.155475 0.143018 -0.091435
v 0.155697 0.161939 -0.092881
v 0.155697 0.141962 -0.093292
v 0.155736 0.181498 -0.091213
v 0.156498 0.162929 -0.093663
v 0.156400 0.181036 -0.093806
v 0.147676 0.278956 -0.009803
v 0.154993 0.278956 -0.001280
v 0.147676 0.278956 0.009802
v 0.154498 0.278956 -0.012493
v 0.154426 0.278989 0.013881
v 0.146705 0.277999 0.017432
v 0.153019 0.277386 0.022214
v 0.145383 0.274845 0.025439
v 0.152400 0.276005 0.025596
v 0.144581 0.271731 0.029231
v 0.151188 0.272180 0.031584
v 0.143728 0.268238 0.032945
v 0.149996 0.266414 0.036965
v 0.139786 0.247115 0.048498
v 0.146112 0.246959 0.051104
v 0.138470 0.240789 0.051912
v 0.145278 0.242971 0.053502
v 0.137864 0.234267 0.053827
v 0.144451 0.236117 0.055951
v 0.137662 0.229543 0.054225
v 0.144138 0.228957 0.056779
v 0.144145 0.188365 0.056779
v 0.137649 0.191786 0.054225
v -0.147676 0.278956 0.009802
v -0.143682 0.274956 -0.009542
v -0.143682 0.274982 0.009841
v -0.147676 0.278956 -0.009803
v -0.146705 0.277999 -0.017432
v -0.143089 0.274161 -0.016305
v -0.142073 0.271066 -0.023583
v -0.145382 0.274845 -0.025433
v -0.144581 0.271731 -0.029225
v -0.140874 0.265046 -0.029825
v -0.143728 0.268238 -0.032945
v -0.138352 0.250849 -0.039943
v -0.139786 0.247115 -0.048498
v -0.136521 0.242281 -0.045833
v -0.138470 0.240789 -0.051912
v -0.135375 0.232951 -0.049097
v -0.137864 0.234267 -0.053827
v -0.137662 0.229543 -0.054225
v -0.137649 0.191786 -0.054225
v -0.135355 0.193897 -0.049136
v -0.077902 0.188958 -0.067386
v -0.077596 0.185961 -0.063079
v -0.088581 0.188958 -0.052563
v -0.082958 0.185961 -0.055834
v -0.071601 0.185961 -0.069810
v -0.065027 0.185961 -0.075974
v -0.064767 0.188958 -0.080091
v -0.057919 0.185961 -0.081518
v -0.050120 0.185974 -0.086555
v -0.049599 0.188958 -0.090275
v -0.042367 0.185961 -0.090581
v -0.033792 0.185974 -0.094139
v -0.032867 0.188958 -0.097618
v -0.025407 0.185968 -0.096719
v -0.025309 0.188958 -0.099846
v -0.087362 0.186052 -0.048693
v -0.092418 0.188893 -0.045279
v -0.091356 0.187036 -0.043292
v -0.091291 0.185987 -0.040881
v -0.019999 0.185955 -0.097983
v -0.022612 0.187955 -0.099462
v 0.154498 0.278956 -0.012493
v 0.159430 0.273985 -0.013881
v 0.154993 0.278956 -0.001280
v 0.159997 0.273959 0.000003
v 0.154426 0.278989 0.013881
v 0.159482 0.273959 0.012897
v 0.158772 0.273092 0.019784
v 0.153019 0.277386 0.022214
v 0.152400 0.276005 0.025596
v 0.157925 0.270871 0.025661
v 0.151188 0.272180 0.031584
v 0.156765 0.266069 0.032118
v 0.149996 0.266414 0.036965
v 0.154589 0.254269 0.041226
v 0.146112 0.246959 0.051104
v 0.152341 0.243955 0.048915
v 0.151383 0.238886 0.051801
v 0.145278 0.242971 0.053502
v 0.144451 0.236117 0.055951
v 0.150693 0.231433 0.053788
v 0.144138 0.228957 0.056779
v 0.144145 0.188365 0.056779
v 0.150680 0.185948 0.053808
v 0.156374 0.263958 -0.033864
v 0.149943 0.266193 -0.037135
v 0.154537 0.253976 -0.041442
v 0.151911 0.242053 -0.050296
v 0.145976 0.246327 -0.051560
v 0.150771 0.270603 -0.033349
v 0.157215 0.268206 -0.029707
v 0.151579 0.273627 -0.029688
v 0.158387 0.272271 -0.022847
v 0.152309 0.275770 -0.026098
v 0.153143 0.277608 -0.021517
v 0.153846 0.278683 -0.016689
v 0.145187 0.242307 -0.053827
v 0.150888 0.234671 -0.053189
v 0.144633 0.238163 -0.055411
v 0.144275 0.233869 -0.056401
v 0.144138 0.228957 -0.056779
v 0.150680 0.228957 -0.053808
v 0.144138 0.187258 -0.056779
v 0.150680 0.184456 -0.053808
v -0.156465 0.128938 -0.092927
v -0.165554 0.141454 -0.075602
v -0.165685 0.128958 -0.075315
v -0.157110 0.141461 -0.091865
v -0.155038 0.158961 -0.095318
v -0.149559 0.158961 -0.103710
v -0.144900 0.128951 -0.110167
v -0.157110 0.162955 -0.091865
v -0.147826 0.161958 -0.106166
v -0.144946 0.163959 -0.110049
v -0.147826 0.178957 -0.106166
v -0.140405 0.178957 -0.115809
v -0.136476 0.163972 -0.120415
v -0.172949 0.128958 -0.056675
v -0.173347 0.141448 -0.055450
v -0.178123 0.128958 -0.037356
v -0.178377 0.141474 -0.036288
v -0.132365 0.178957 -0.124918
v -0.123875 0.178957 -0.133349
v -0.124566 0.163385 -0.132691
v -0.111333 0.178957 -0.144145
v -0.111554 0.161620 -0.143799
v -0.143330 0.163457 -0.111346
v -0.111039 0.162493 -0.144685
v -0.111209 0.178970 -0.145252
v -0.105970 0.159906 -0.147813
v -0.106081 0.156179 -0.141884
v -0.092158 0.152856 -0.151194
v -0.082404 0.154316 -0.162277
v -0.081336 0.149514 -0.157123
v -0.118115 0.158062 -0.131993
v -0.124566 0.163385 -0.132691
v -0.131974 0.159007 -0.118142
v -0.136476 0.163972 -0.120415
v -0.138489 0.159873 -0.111678
v -0.140750 0.161867 -0.112056
v -0.143330 0.163457 -0.111346
v -0.144946 0.163959 -0.110049
v -0.097331 0.158961 -0.155286
v -0.111574 0.162388 -0.145572
v -0.174826 0.128958 -0.030652
v -0.162792 0.139460 -0.026899
v -0.159899 0.128958 -0.026000
v -0.162792 0.141461 -0.026899
v -0.175269 0.141480 -0.030815
v -0.177074 0.128945 -0.032457
v -0.177458 0.141415 -0.033063
v -0.178220 0.128964 -0.035102
v -0.161345 0.137955 -0.026450
v -0.159899 0.137955 -0.026000
v -0.013816 0.173960 0.154458
v -0.015582 0.129961 0.152543
v -0.011907 0.129961 0.156068
v -0.017008 0.173960 0.150517
v -0.018240 0.129961 0.148204
v -0.019106 0.173960 0.145904
v -0.019660 0.129961 0.143662
v -0.009737 0.173960 0.157469
v -0.007470 0.129961 0.158550
v -0.005033 0.173960 0.159358
v -0.002544 0.129961 0.159840
v -0.000003 0.173960 0.160003
v 0.002544 0.129961 0.159840
v 0.005033 0.173960 0.159358
v 0.007470 0.129961 0.158550
v 0.009737 0.173960 0.157469
v 0.011907 0.129961 0.156068
v 0.013816 0.173960 0.154458
v 0.015582 0.129961 0.152543
v 0.017009 0.173960 0.150517
v 0.018331 0.129915 0.148028
v 0.019107 0.173960 0.145904
v 0.019660 0.173960 0.143662
v 0.019660 0.129961 0.143662
v -0.109684 0.173960 0.094836
v -0.093982 0.173960 0.110414
v -0.076097 0.173960 0.123425
v -0.056433 0.173960 0.133563
v -0.119523 0.173960 0.082098
v 0.120780 0.158961 -0.148504
v 0.103586 0.158961 -0.152439
v 0.111587 0.158968 -0.143832
v 0.112558 0.158961 -0.157567
v 0.121178 0.158961 -0.135798
v 0.128280 0.158961 -0.138984
v 0.135010 0.158961 -0.129133
v 0.129967 0.158961 -0.127420
v 0.141056 0.158961 -0.118839
v 0.138157 0.158961 -0.118487
v 0.141148 0.158961 -0.114767
v 0.146034 0.158883 -0.108668
v 0.103964 0.158961 -0.165835
v 0.096432 0.158961 -0.159143
v 0.081857 0.158961 -0.170832
v 0.094810 0.158961 -0.173497
v 0.085115 0.158961 -0.180566
v 0.062245 0.158961 -0.182723
v 0.074990 0.158961 -0.186938
v 0.064493 0.158961 -0.192587
v 0.041077 0.158961 -0.191727
v 0.049000 0.158961 -0.199506
v 0.024202 0.158961 -0.196522
v 0.031291 0.158961 -0.205051
v 0.019667 0.158961 -0.207696
v 0.020944 0.158961 -0.195395
v 0.007913 0.158955 -0.209547
v 0.006187 0.158935 -0.207084
v 0.016448 0.158961 -0.196750
v 0.019263 0.158831 -0.190763
v 0.099227 0.162994 0.164381
v 0.100713 0.162955 0.166102
v 0.100850 0.182945 0.166336
v 0.099384 0.183772 0.164460
v 0.101188 0.162968 0.168024
v 0.101136 0.182026 0.168239
v 0.100628 0.181029 0.169926
v 0.100667 0.162968 0.169894
v 0.099527 0.180293 0.171171
v 0.099475 0.162955 0.171216
v 0.091174 0.179661 0.175757
v 0.083577 0.179179 0.179458
v 0.082834 0.162955 0.179843
v 0.074605 0.178403 0.183407
v 0.066024 0.162955 0.186664
v 0.066024 0.177745 0.186664
v 0.143617 0.193428 0.135498
v 0.118558 0.193825 0.115802
v 0.153488 0.194073 0.127745
v 0.133192 0.192750 0.142652
v 0.101957 0.193376 0.119197
v 0.160003 0.194510 0.121979
v 0.136294 0.194418 0.109450
v 0.152120 0.195089 0.101253
v 0.166942 0.195096 0.112636
v 0.167444 0.195050 0.114708
v 0.125048 0.192262 0.147500
v 0.088014 0.193128 0.120487
v 0.117470 0.191780 0.151637
v 0.107808 0.191480 0.152628
v 0.076534 0.193004 0.120317
v 0.107808 0.191480 0.152628
v 0.117470 0.191780 0.151637
v 0.121901 0.184463 0.155859
v 0.125048 0.192262 0.147500
v 0.133511 0.180430 0.153579
v 0.133192 0.192750 0.142652
v 0.147630 0.181251 0.144503
v 0.143617 0.193428 0.135498
v 0.160199 0.182091 0.134853
v 0.153488 0.194073 0.127745
v 0.170193 0.182743 0.125966
v 0.160003 0.194510 0.121979
v 0.180103 0.183446 0.115887
v 0.167444 0.195050 0.114708
v 0.181061 0.183407 0.114050
v 0.181159 0.183355 0.111691
v 0.166942 0.195096 0.112636
v 0.180025 0.183121 0.109332
v 0.157117 0.183121 0.091865
v 0.152120 0.195089 0.101253
v 0.151683 0.190177 0.095520
v 0.152563 0.185166 0.054505
v 0.152146 0.185649 0.049514
v 0.155892 0.184365 0.044067
v 0.155208 0.184899 0.038887
v 0.158355 0.183570 0.034177
v 0.157501 0.184117 0.028124
v 0.160251 0.182710 0.023804
v 0.159013 0.183401 0.017758
v 0.161515 0.181830 0.012428
v 0.161977 0.181257 0.002727
v 0.159866 0.182749 0.006525
v 0.159971 0.182397 -0.003124
v 0.161795 0.180964 -0.008109
v 0.160961 0.181133 -0.018214
v 0.159443 0.182352 -0.013275
v 0.158648 0.182528 -0.020299
v 0.159599 0.181589 -0.027766
v 0.158335 0.182599 -0.023035
v 0.157221 0.182371 -0.038985
v 0.156498 0.183107 -0.033291
v 0.154856 0.183524 -0.039963
v 0.115653 0.190959 0.101266
v 0.132730 0.187636 0.092881
v 0.123764 0.188307 0.104609
v 0.108805 0.191161 0.109046
v 0.118650 0.186287 0.110440
v 0.108108 0.188554 0.112909
v 0.123360 0.190959 0.089591
v 0.139030 0.187023 0.083153
v 0.130104 0.190959 0.077179
v 0.117053 0.194034 0.086984
v 0.124142 0.194001 0.075016
v 0.107867 0.194106 0.099247
v 0.096979 0.194242 0.111144
v 0.097396 0.191252 0.114558
v 0.086014 0.190372 0.115314
v 0.084893 0.193233 0.112036
v 0.135818 0.190959 0.064135
v 0.142021 0.187584 0.070390
v 0.144145 0.188365 0.056779
v 0.137649 0.191786 0.054225
v 0.148530 0.185896 0.064682
v 0.129739 0.193975 0.063614
v 0.135355 0.193897 0.049136
v 0.136111 0.193975 0.046999
v 0.150680 0.185948 0.053808
v 0.143773 0.186561 0.074651
v 0.073472 0.192249 0.111652
v 0.072553 0.189180 0.114766
v 0.064565 0.191486 0.110629
v 0.057939 0.188027 0.112675
v -0.101149 0.237961 0.028169
v -0.096386 0.232977 0.026703
v -0.096236 0.237961 0.042002
v -0.091408 0.232977 0.040731
v -0.099592 0.232957 0.009040
v -0.104570 0.237961 0.009496
v -0.099592 0.232957 -0.009040
v -0.104570 0.237961 -0.009490
v -0.096380 0.232977 -0.026697
v -0.101149 0.237961 -0.028170
v -0.091298 0.232938 -0.040940
v -0.096236 0.237961 -0.042002
v -0.091324 0.232931 -0.043253
v -0.092145 0.232951 -0.044888
v -0.091291 0.232983 0.042914
v -0.092353 0.232983 0.045233
v -0.094471 0.232970 0.046712
v -0.093546 0.232938 -0.046289
v -0.095585 0.232957 -0.046999
v -0.136111 0.232957 -0.046999
v -0.120519 0.237961 -0.042002
v -0.137740 0.237961 -0.042002
v -0.096236 0.232957 0.046999
v -0.120519 0.237961 0.042002
v -0.136111 0.232957 0.046999
v -0.137740 0.237961 0.042002
v 0.159899 0.128958 0.026000
v 0.160792 0.137955 0.019738
v 0.161600 0.128958 0.011340
v 0.161782 0.137955 0.008402
v 0.161600 0.128945 -0.011216
v 0.161971 0.137955 -0.003163
v 0.161339 0.137955 -0.014611
v 0.159899 0.128958 -0.026000
v 0.160212 0.137454 -0.026091
v 0.159899 0.137955 0.026000
v 0.096999 0.227002 -0.024306
v 0.103026 0.223959 -0.005066
v 0.100810 0.223959 -0.021680
v 0.093220 0.226956 -0.036190
v 0.099670 0.227022 -0.008063
v 0.102491 0.223959 0.010493
v 0.099657 0.226956 0.008232
v 0.097846 0.223940 -0.033004
v 0.100550 0.223959 0.022221
v 0.096895 0.226983 0.024638
v 0.097820 0.223933 0.033004
v 0.093220 0.226956 0.036190
v -0.082834 0.162955 -0.179843
v -0.083577 0.179179 -0.179458
v -0.099475 0.162955 -0.171216
v -0.091174 0.179661 -0.175758
v -0.099527 0.180293 -0.171171
v -0.074605 0.178403 -0.183407
v -0.066031 0.162955 -0.186665
v -0.066031 0.177745 -0.186665
v -0.100667 0.162968 -0.169900
v -0.100608 0.181003 -0.169959
v -0.101175 0.162962 -0.168063
v -0.101182 0.182091 -0.168095
v -0.175021 0.142959 -0.032327
v -0.162792 0.141461 -0.026899
v -0.175269 0.141480 -0.030815
v -0.161098 0.142959 -0.027942
v -0.177458 0.141415 -0.033063
v -0.176904 0.142959 -0.035760
v -0.178377 0.141474 -0.036288
v -0.172337 0.142959 -0.054121
v -0.173347 0.141448 -0.055450
v -0.165678 0.142959 -0.071628
v -0.165554 0.141454 -0.075602
v -0.156087 0.142959 -0.091083
v -0.157110 0.141461 -0.091865
v 0.016318 0.158961 -0.188450
v 0.004610 0.158961 -0.181941
v 0.010917 0.158961 -0.181674
v 0.003711 0.158955 -0.183387
v 0.015536 0.158974 -0.184808
v 0.019263 0.158831 -0.190763
v 0.008343 0.162994 -0.195428
v 0.006630 0.162864 -0.192991
v 0.008330 0.162786 -0.198392
v 0.016448 0.158961 -0.196750
v 0.012050 0.158961 -0.187727
v 0.001802 0.158961 -0.184710
v -0.000016 0.158961 -0.185003
v 0.012050 0.158961 -0.187727
v 0.004492 0.162695 -0.191994
v 0.000538 0.162955 -0.192001
v -0.000668 0.158961 -0.188000
v -0.009718 0.158961 -0.193753
v -0.008701 0.162955 -0.197806
v -0.022234 0.158961 -0.192724
v -0.025296 0.162962 -0.196379
v -0.041037 0.158942 -0.189746
v -0.042315 0.162962 -0.193441
v -0.044230 0.162929 -0.192151
v -0.045103 0.162962 -0.189987
v -0.044751 0.162955 -0.187994
v -0.043995 0.162955 -0.186893
v -0.039891 0.158961 -0.187283
v -0.000537 0.162955 0.192000
v 0.000668 0.158961 0.188000
v -0.012044 0.158961 0.187726
v 0.009718 0.158961 0.193760
v 0.008701 0.162955 0.197806
v -0.004323 0.162708 0.191981
v -0.006629 0.162864 0.192991
v 0.022234 0.158961 0.192724
v 0.025296 0.162962 0.196379
v 0.041038 0.158942 0.189746
v 0.042315 0.162962 0.193440
v 0.044230 0.162929 0.192150
v 0.045103 0.162962 0.189994
v 0.044751 0.162955 0.187993
v -0.016324 0.158961 0.188456
v -0.008369 0.162994 0.195454
v -0.019269 0.158831 0.190763
v -0.015471 0.158974 0.184749
v -0.008330 0.162786 0.198392
v -0.016448 0.158961 0.196750
v -0.010917 0.158961 0.181673
v -0.004610 0.158961 0.181941
v -0.003717 0.158955 0.183400
v -0.012044 0.158961 0.187726
v -0.001782 0.158961 0.184716
v -0.007385 0.162727 0.200158
v -0.003359 0.162923 0.204126
v -0.006186 0.158935 0.207084
v -0.002381 0.162955 0.207090
v -0.002707 0.162955 0.209325
v -0.003730 0.162968 0.211299
v -0.007913 0.158955 0.209553
v -0.006173 0.162942 0.213111
v -0.008753 0.162955 0.213488
v -0.023713 0.162955 0.210954
v -0.019667 0.158961 0.207696
v -0.031297 0.158961 0.205051
v -0.047735 0.162942 0.204074
v -0.048999 0.158961 0.199506
v -0.070539 0.162955 0.193975
v -0.064493 0.158961 0.192587
v -0.074989 0.158961 0.186938
v -0.091708 0.162936 0.180807
v -0.085115 0.158961 0.180566
v -0.094809 0.158961 0.173497
v -0.108427 0.162955 0.166903
v -0.103964 0.158961 0.165834
v -0.110935 0.162955 0.164812
v -0.112558 0.158961 0.157573
v -0.125041 0.162955 0.149272
v -0.120780 0.158961 0.148503
v -0.127719 0.162955 0.146321
v -0.128279 0.158961 0.138984
v -0.141779 0.162955 0.125693
v -0.135010 0.158961 0.129133
v -0.141056 0.158961 0.118838
v -0.150458 0.162955 0.108166
v -0.146040 0.158883 0.108668
v -0.152856 0.162955 0.103319
v -0.155221 0.162180 0.095272
v -0.156498 0.162929 0.093669
v -0.155696 0.161939 0.092881
v -0.155325 0.160903 0.090763
v 0.027609 0.128951 -0.174402
v 0.026593 0.128958 -0.167907
v 0.026880 0.158688 -0.168317
v 0.027381 0.128984 -0.176572
v 0.027512 0.160023 -0.176090
v -0.137649 0.191356 0.054225
v -0.137655 0.228846 0.054218
v -0.135355 0.228957 0.049136
v -0.135459 0.193975 0.047188
v -0.135609 0.235889 0.048419
v -0.137968 0.236345 0.053313
v -0.139147 0.244138 0.050530
v -0.136717 0.243154 0.045338
v -0.140007 0.259579 0.033747
v -0.143897 0.268903 0.032509
v -0.141258 0.267235 0.028000
v -0.144939 0.273307 0.027537
v -0.142353 0.272037 0.021739
v -0.145721 0.275770 0.023504
v -0.146399 0.277419 0.019497
v -0.143148 0.274252 0.015627
v -0.147096 0.278565 0.014767
v 0.139786 0.247115 0.048498
v 0.138346 0.250849 0.039943
v 0.143728 0.268238 0.032945
v 0.140893 0.265144 0.029753
v 0.144581 0.271731 0.029231
v 0.142060 0.271053 0.023563
v 0.145383 0.274845 0.025439
v 0.146705 0.277999 0.017432
v 0.143089 0.274154 0.016350
v 0.143682 0.274956 0.009542
v 0.147676 0.278956 0.009802
v 0.147676 0.278956 -0.009803
v 0.143682 0.274982 -0.009842
v 0.136522 0.242281 0.045833
v 0.138470 0.240789 0.051912
v 0.135375 0.232951 0.049097
v 0.137864 0.234267 0.053827
v 0.137662 0.229543 0.054225
v 0.137649 0.191786 0.054225
v 0.135355 0.193897 0.049136
v 0.147096 0.278565 -0.014767
v 0.142965 0.273881 -0.017374
v 0.146399 0.277419 -0.019498
v 0.145721 0.275770 -0.023505
v 0.142021 0.270695 -0.023804
v 0.144940 0.273307 -0.027538
v 0.141258 0.267235 -0.028000
v 0.143897 0.268903 -0.032502
v 0.140014 0.259625 -0.033714
v 0.139147 0.244138 -0.050531
v 0.136717 0.243154 -0.045338
v 0.135609 0.235889 -0.048420
v 0.137968 0.236345 -0.053313
v 0.137649 0.228846 -0.054218
v 0.135355 0.228957 -0.049136
v 0.135179 0.193969 -0.047260
v 0.137649 0.191356 -0.054225
v -0.018331 0.129915 -0.148028
v -0.017008 0.173960 -0.150517
v -0.015582 0.129961 -0.152543
v -0.019106 0.173960 -0.145904
v -0.013816 0.173960 -0.154459
v -0.011913 0.129961 -0.156068
v -0.009737 0.173960 -0.157469
v -0.007470 0.129961 -0.158550
v -0.005033 0.173960 -0.159358
v -0.002544 0.129961 -0.159840
v -0.000003 0.173960 -0.159997
v 0.002544 0.129961 -0.159840
v 0.005033 0.173960 -0.159358
v 0.007470 0.129961 -0.158550
v 0.009737 0.173960 -0.157469
v 0.011907 0.129961 -0.156068
v 0.013816 0.173960 -0.154459
v 0.015582 0.129961 -0.152543
v 0.017009 0.173960 -0.150517
v 0.018240 0.129961 -0.148204
v 0.019107 0.173960 -0.145904
v 0.019660 0.129961 -0.143663
v 0.019660 0.173960 -0.143663
v -0.160212 0.137454 0.026091
v -0.159899 0.128958 0.026000
v -0.161339 0.137955 0.014611
v -0.161671 0.128951 0.010258
v -0.161971 0.137955 0.003163
v -0.161788 0.137955 -0.008317
v -0.161671 0.128958 -0.010298
v -0.160791 0.137955 -0.019739
v -0.159899 0.128958 -0.026000
v -0.159899 0.137955 -0.026000
v 0.132717 0.237928 0.014709
v 0.132436 0.234957 0.002231
v 0.132697 0.237902 0.002544
v 0.132580 0.234957 0.014507
v -0.007913 0.158955 0.209553
v -0.020944 0.158961 0.195402
v -0.019667 0.158961 0.207696
v -0.006186 0.158935 0.207084
v -0.016448 0.158961 0.196750
v -0.019269 0.158831 0.190763
v -0.024202 0.158961 0.196522
v -0.031297 0.158961 0.205051
v -0.048999 0.158961 0.199506
v -0.041077 0.158961 0.191727
v -0.064493 0.158961 0.192587
v -0.008369 0.162994 0.195454
v -0.008558 0.175048 0.196372
v -0.007183 0.174892 0.193486
v -0.006629 0.162864 0.192991
v -0.008330 0.162786 0.198392
v -0.004740 0.175908 0.192040
v -0.004323 0.162708 0.191981
v -0.000537 0.176436 0.192007
v -0.000537 0.162955 0.192000
v 0.137232 0.128951 0.111111
v 0.132117 0.128958 0.106987
v 0.132358 0.158668 0.107456
v 0.139232 0.128984 0.111997
v 0.138743 0.160023 0.111873
v 0.057841 0.129961 0.132964
v 0.078925 0.123960 0.128735
v 0.075785 0.129961 0.123614
v 0.060239 0.123960 0.138463
v 0.094288 0.140190 0.109574
v 0.040373 0.123960 0.145500
v 0.038783 0.129948 0.139720
v 0.024573 0.123954 0.148992
v 0.019660 0.129961 0.143662
v -0.041409 0.148308 0.154550
v -0.041409 0.128958 0.154550
v -0.051247 0.147370 0.151572
v -0.051560 0.128958 0.151468
v -0.060636 0.145976 0.148047
v -0.071191 0.128964 0.143297
v -0.070103 0.144028 0.143832
v -0.078736 0.141676 0.139264
v -0.087675 0.138666 0.133844
v -0.089252 0.128951 0.132782
v -0.095422 0.135421 0.128403
v -0.107554 0.129120 0.118754
v -0.026879 0.158688 0.168317
v -0.027511 0.160030 0.176090
v -0.027381 0.128990 0.176572
v -0.027609 0.128951 0.174402
v -0.026593 0.128958 0.167906
v -0.020859 0.123960 0.163678
v -0.026593 0.128958 0.167906
v -0.022612 0.123947 0.175458
v -0.027609 0.128951 0.174402
v -0.027381 0.128990 0.176572
v -0.025883 0.128958 0.178859
v -0.024690 0.128958 0.179804
v -0.022892 0.128951 0.180566
v -0.007098 0.123960 0.176852
v -0.009405 0.128918 0.181660
v -0.002258 0.128958 0.181986
v 0.002251 0.128958 0.181986
v 0.010409 0.123960 0.176696
v 0.010702 0.128958 0.181687
v 0.024580 0.123960 0.175282
v 0.019146 0.128958 0.180833
v 0.025798 0.128958 0.180162
v 0.026085 0.123960 0.174063
v 0.043246 0.138216 0.176780
v 0.036562 0.129863 0.172389
v 0.046771 0.135141 0.170109
v 0.056948 0.139949 0.167164
v 0.060532 0.146126 0.171620
v 0.071282 0.145950 0.161867
v 0.076716 0.152374 0.165007
v 0.084828 0.150654 0.155318
v 0.097709 0.158955 0.153911
v 0.094126 0.153351 0.149943
v 0.106766 0.156329 0.141395
v 0.109098 0.159548 0.144203
v 0.124566 0.163385 0.132690
v 0.117294 0.157945 0.132690
v 0.131049 0.158974 0.119093
v 0.136476 0.163965 0.120415
v 0.138743 0.160023 0.111873
v 0.141571 0.162440 0.111939
v 0.110968 0.161808 0.144366
v 0.143376 0.163476 0.111333
v 0.144940 0.163959 0.110062
v -0.137368 0.128958 -0.111209
v -0.132117 0.128958 -0.106987
v -0.132365 0.158675 -0.107495
v -0.139121 0.128958 -0.111874
v -0.138489 0.159873 -0.111678
v -0.140509 0.128958 -0.112030
v -0.140750 0.161867 -0.112056
v -0.142561 0.128945 -0.111704
v 0.160212 0.137454 -0.026091
v 0.174819 0.128958 -0.030652
v 0.159899 0.128958 -0.026000
v 0.162792 0.139460 -0.026899
v 0.162792 0.141461 -0.026899
v 0.003307 0.123960 -0.165789
v -0.002544 0.129961 -0.159840
v 0.002544 0.129961 -0.159840
v 0.009711 0.123960 -0.164121
v 0.007470 0.129961 -0.158550
v 0.011907 0.129961 -0.156068
v 0.015484 0.123960 -0.160889
v 0.020253 0.123960 -0.156303
v 0.015582 0.129961 -0.152543
v 0.024573 0.123954 -0.149005
v 0.018240 0.129961 -0.148204
v 0.019660 0.129961 -0.143663
v -0.003307 0.123960 -0.165789
v -0.009711 0.123960 -0.164121
v -0.007470 0.129961 -0.158550
v -0.011913 0.129961 -0.156068
v -0.015484 0.123960 -0.160889
v -0.020253 0.123960 -0.156303
v -0.015582 0.129961 -0.152543
v -0.024573 0.123954 -0.148992
v -0.018331 0.129915 -0.148028
v -0.019660 0.129961 -0.143663
v 0.009737 0.173960 -0.157469
v 0.019107 0.173960 -0.145904
v 0.017009 0.173960 -0.150517
v 0.013816 0.173960 -0.154459
v 0.005033 0.173960 -0.159358
v -0.000003 0.173960 -0.159997
v -0.005033 0.173960 -0.159358
v -0.009737 0.173960 -0.157469
v -0.013816 0.173960 -0.154459
v -0.017008 0.173960 -0.150517
v -0.019106 0.173960 -0.145904
v -0.157423 0.161952 -0.113483
v -0.147826 0.161958 -0.106166
v -0.157390 0.178957 -0.113450
v -0.147826 0.178957 -0.106166
v -0.045878 0.136340 -0.163691
v -0.058714 0.137011 -0.159508
v -0.041077 0.128912 -0.164975
v -0.031629 0.128958 -0.167033
v -0.056955 0.141448 -0.160173
v -0.067536 0.145793 -0.156016
v -0.074032 0.142888 -0.152967
v -0.077746 0.149475 -0.151181
v -0.089278 0.147716 -0.144666
v -0.087336 0.152426 -0.145871
v -0.103429 0.151065 -0.134945
v -0.097741 0.155117 -0.139089
v -0.105058 0.156616 -0.133655
v -0.117646 0.153182 -0.122715
v -0.110570 0.157521 -0.129127
v -0.121458 0.158694 -0.118949
v -0.123855 0.153677 -0.116467
v -0.129231 0.158961 -0.110453
v -0.132117 0.128958 -0.106987
v -0.123992 0.128938 -0.116311
v -0.121542 0.128971 -0.117536
v -0.121386 0.152504 -0.117542
v -0.132365 0.158675 -0.107495
v -0.119223 0.150882 -0.117581
v -0.118962 0.128912 -0.117549
v -0.116858 0.148452 -0.116793
v -0.116512 0.128951 -0.116461
v -0.113137 0.128958 -0.113138
v -0.113137 0.148308 -0.113138
v 0.153768 0.128958 -0.097370
v 0.149526 0.123960 -0.094718
v 0.164818 0.128951 -0.077179
v 0.139512 0.123960 -0.108929
v 0.143135 0.128925 -0.112382
v 0.160316 0.123960 -0.075016
v 0.173275 0.128958 -0.055665
v 0.168525 0.123960 -0.054101
v 0.178286 0.128951 -0.036705
v 0.173366 0.123954 -0.035513
v 0.137701 0.123960 -0.109619
v 0.131016 0.129857 -0.117855
v 0.131316 0.138346 -0.126019
v 0.177856 0.128938 -0.033864
v 0.176533 0.128958 -0.031916
v 0.123999 0.135089 -0.125484
v 0.117913 0.146412 -0.138652
v 0.116304 0.139943 -0.132886
v 0.108316 0.144152 -0.139656
v 0.106062 0.151820 -0.147924
v 0.099996 0.147787 -0.145884
v 0.174819 0.128958 -0.030652
v 0.154211 0.123960 -0.029466
v 0.159899 0.128958 -0.026000
v 0.091317 0.150895 -0.151592
v 0.089343 0.157384 -0.158563
v 0.077166 0.154752 -0.159462
v 0.083525 0.158824 -0.161678
v 0.063522 0.157098 -0.165333
v 0.066754 0.161926 -0.169314
v 0.053691 0.158173 -0.168754
v 0.050733 0.163516 -0.174787
v 0.035903 0.159007 -0.173406
v 0.036145 0.163952 -0.178370
v 0.027512 0.160023 -0.176090
v 0.026156 0.162440 -0.178572
v 0.024729 0.163476 -0.179830
v 0.022866 0.163959 -0.180546
v 0.121718 0.134385 -0.118715
v 0.123999 0.135089 -0.125484
v 0.114669 0.138933 -0.125504
v 0.116304 0.139943 -0.132886
v 0.106752 0.143252 -0.132300
v 0.131016 0.129857 -0.117855
v 0.128840 0.128958 -0.110909
v 0.137701 0.123960 -0.109619
v 0.131772 0.123960 -0.099325
v 0.108316 0.144152 -0.139656
v 0.098426 0.147025 -0.138607
v 0.099996 0.147787 -0.145884
v 0.089741 0.150270 -0.144386
v 0.091317 0.150895 -0.151592
v 0.080352 0.153065 -0.149826
v 0.077166 0.154752 -0.159462
v 0.071295 0.155176 -0.154328
v 0.061783 0.156824 -0.158374
v 0.063522 0.157098 -0.165333
v 0.051697 0.158030 -0.161951
v 0.053691 0.158173 -0.168754
v 0.041474 0.158727 -0.164864
v 0.035903 0.159007 -0.173406
v 0.031036 0.158961 -0.167144
v 0.026880 0.158688 -0.168317
v 0.027512 0.160023 -0.176090
v -0.009737 0.173960 0.157469
v -0.005033 0.173960 0.159358
v -0.013816 0.173960 0.154458
v -0.000003 0.173960 0.160003
v 0.005033 0.173960 0.159358
v 0.009737 0.173960 0.157469
v 0.013816 0.173960 0.154458
v 0.017009 0.173960 0.150517
v 0.019107 0.173960 0.145904
v -0.017008 0.173960 0.150517
v -0.019106 0.173960 0.145904
v -0.046537 0.193057 -0.115151
v -0.060408 0.192939 -0.118558
v -0.057926 0.188020 -0.112675
v -0.076534 0.193004 -0.120318
v -0.073426 0.187988 -0.114838
v -0.089193 0.188144 -0.115151
v -0.088014 0.193128 -0.120487
v -0.101957 0.193376 -0.119197
v -0.100067 0.188313 -0.114213
v -0.118558 0.193825 -0.115802
v -0.108108 0.188554 -0.112910
v -0.116754 0.188802 -0.110903
v -0.125628 0.189115 -0.108147
v -0.136293 0.194418 -0.109450
v -0.134345 0.189421 -0.104739
v -0.152119 0.195089 -0.101253
v -0.143148 0.189779 -0.100446
v -0.151683 0.190177 -0.095520
v 0.143070 0.184508 0.100634
v 0.131889 0.184665 0.094073
v 0.139603 0.183257 0.082293
v 0.154530 0.183257 0.093656
v 0.124839 0.185818 0.103260
v 0.128599 0.185850 0.107098
v 0.118650 0.186287 0.110440
v 0.009711 0.123960 0.164121
v 0.007470 0.129961 0.158550
v 0.002544 0.129961 0.159840
v 0.015484 0.123960 0.160889
v 0.011907 0.129961 0.156068
v 0.003307 0.123960 0.165789
v 0.020253 0.123960 0.156302
v 0.015582 0.129961 0.152543
v 0.024573 0.123954 0.148992
v 0.018331 0.129915 0.148028
v 0.019660 0.129961 0.143662
v -0.003307 0.123960 0.165789
v -0.002544 0.129961 0.159840
v -0.009711 0.123960 0.164121
v -0.007470 0.129961 0.158550
v -0.015484 0.123960 0.160889
v -0.011907 0.129961 0.156068
v -0.015582 0.129961 0.152543
v -0.020253 0.123960 0.156302
v -0.018240 0.129961 0.148204
v -0.024521 0.123954 0.149012
v -0.019660 0.129961 0.143662
v -0.143069 0.184508 -0.100634
v -0.131889 0.184665 -0.094073
v -0.139603 0.183257 -0.082293
v -0.154530 0.183257 -0.093656
v -0.124839 0.185818 -0.103260
v -0.128599 0.185850 -0.107098
v -0.118650 0.186287 -0.110440
v 0.125628 0.189115 0.108147
v 0.136294 0.194418 0.109450
v 0.134345 0.189421 0.104739
v 0.152120 0.195089 0.101253
v 0.143148 0.189779 0.100445
v 0.151683 0.190177 0.095520
v 0.008701 0.175269 0.197806
v -0.000537 0.162955 0.192000
v -0.000537 0.176436 0.192007
v 0.008701 0.162955 0.197806
v -0.002075 0.180781 0.190958
v -0.004636 0.179094 0.189368
v -0.019993 0.181277 0.177276
v -0.020155 0.179511 0.177184
v -0.037513 0.182059 0.160648
v -0.034014 0.180110 0.164290
v -0.049625 0.181114 0.146275
v -0.052453 0.183218 0.142457
v -0.061222 0.182247 0.129276
v -0.061170 0.184150 0.129328
v 0.114669 0.138933 -0.125504
v 0.109196 0.136861 -0.130306
v 0.121718 0.134385 -0.118715
v 0.122331 0.128899 -0.118037
v 0.128840 0.128958 -0.110909
v 0.106752 0.143252 -0.132300
v 0.096132 0.142679 -0.140183
v 0.098426 0.147025 -0.138607
v 0.089741 0.150270 -0.144386
v 0.080599 0.147709 -0.149663
v 0.080352 0.153065 -0.149826
v 0.064826 0.151117 -0.157169
v 0.071295 0.155176 -0.154328
v 0.061783 0.156824 -0.158374
v 0.047625 0.153143 -0.163157
v 0.051697 0.158030 -0.161951
v 0.041474 0.158727 -0.164864
v 0.038933 0.153677 -0.165496
v 0.031036 0.158961 -0.167144
v 0.026593 0.128958 -0.167907
v 0.038738 0.128938 -0.165535
v 0.041018 0.128971 -0.164023
v 0.041096 0.152504 -0.163893
v 0.026880 0.158688 -0.168317
v 0.042217 0.150882 -0.162036
v 0.042315 0.128912 -0.161802
v 0.042719 0.148452 -0.159599
v 0.042601 0.128951 -0.159137
v 0.041409 0.128958 -0.154550
v 0.041409 0.148308 -0.154550
v 0.085857 0.190959 -0.152074
v 0.085662 0.193956 -0.146373
v 0.075941 0.193956 -0.162603
v 0.096530 0.190959 -0.132221
v 0.095780 0.193956 -0.126599
v 0.103195 0.193956 -0.109287
v 0.104694 0.190959 -0.113620
v -0.066031 0.177745 -0.186665
v -0.055411 0.162955 -0.183830
v -0.055411 0.180990 -0.183830
v -0.066031 0.162955 -0.186665
v -0.054583 0.184215 -0.183583
v -0.050804 0.183674 -0.182397
v -0.038314 0.184189 -0.177895
v -0.037838 0.183635 -0.177725
v -0.022338 0.184319 -0.170702
v -0.020377 0.183753 -0.169835
v -0.003020 0.184762 -0.159534
v 0.000121 0.184176 -0.157651
v 0.016989 0.185486 -0.144861
v -0.001626 0.187766 -0.154393
v 0.016957 0.188574 -0.140040
v -0.022338 0.184319 -0.170702
v -0.021400 0.187310 -0.166349
v -0.038314 0.184189 -0.177895
v -0.039975 0.187160 -0.174689
v -0.056453 0.187180 -0.180397
v -0.054583 0.184215 -0.183583
v -0.066031 0.177745 -0.186665
v -0.068038 0.188144 -0.176220
v -0.074605 0.178403 -0.183407
v -0.083577 0.179179 -0.179458
v -0.091174 0.179661 -0.175758
v -0.100608 0.181003 -0.169959
v -0.101182 0.182091 -0.168095
v -0.099527 0.180293 -0.171171
v 0.103586 0.158961 -0.152439
v 0.100244 0.161672 -0.151898
v 0.111587 0.158968 -0.143832
v 0.090353 0.163789 -0.158016
v 0.091194 0.161971 -0.159710
v 0.096432 0.158961 -0.159143
v 0.080560 0.161939 -0.167907
v 0.081857 0.158961 -0.170832
v 0.061431 0.161945 -0.179563
v 0.062245 0.158961 -0.182723
v 0.040862 0.161958 -0.188495
v 0.041077 0.158961 -0.191727
v 0.023433 0.161926 -0.193630
v 0.024202 0.158961 -0.196522
v 0.020944 0.158961 -0.195395
v 0.040458 0.168956 -0.188639
v 0.040862 0.161958 -0.188495
v 0.023433 0.161926 -0.193630
v 0.059476 0.168956 -0.180560
v 0.023492 0.168956 -0.193590
v 0.061431 0.161945 -0.179563
v 0.077316 0.168956 -0.170141
v 0.080560 0.161939 -0.167907
v 0.091063 0.168956 -0.159821
v 0.091194 0.161971 -0.159710
v 0.021218 0.168956 -0.187498
v 0.021745 0.161965 -0.188782
v 0.017719 0.161874 -0.182658
v 0.017328 0.168956 -0.182456
v 0.023433 0.161926 -0.193630
v 0.023492 0.168956 -0.193590
v 0.049071 0.129120 0.152523
v 0.063490 0.135421 0.146842
v 0.070370 0.128951 0.143688
v 0.072077 0.138666 0.142848
v 0.088509 0.128964 0.133303
v 0.081238 0.141676 0.137818
v 0.089513 0.144028 0.132625
v 0.097898 0.145976 0.126540
v 0.105391 0.128958 0.120383
v 0.105638 0.147370 0.120168
v 0.113138 0.128958 0.113137
v 0.113138 0.148308 0.113137
v -0.144138 0.187258 0.056779
v -0.150679 0.228957 0.053808
v -0.144138 0.228957 0.056779
v -0.150699 0.184450 0.053801
v -0.150901 0.234684 0.053176
v -0.144275 0.233869 0.056401
v -0.144633 0.238163 0.055411
v -0.151885 0.241909 0.050400
v -0.145187 0.242307 0.053827
v -0.145975 0.246327 0.051560
v -0.149950 0.266212 0.037122
v -0.154810 0.255488 0.040321
v -0.156374 0.263958 0.033864
v -0.150771 0.270603 0.033349
v -0.157214 0.268206 0.029707
v -0.151579 0.273627 0.029688
v -0.158329 0.272128 0.023153
v -0.152308 0.275770 0.026098
v -0.153142 0.277608 0.021517
v -0.153846 0.278683 0.016689
v -0.158843 0.273118 0.018957
v -0.159436 0.273985 0.013790
v -0.154498 0.278956 0.012493
v -0.154993 0.278956 0.001280
v -0.160003 0.273959 0.000003
v -0.154426 0.278989 -0.013881
v -0.159482 0.273959 -0.012897
v -0.158772 0.273092 -0.019791
v -0.153019 0.277386 -0.022215
v -0.152419 0.276031 -0.025557
v -0.157905 0.270766 -0.025811
v -0.151188 0.272180 -0.031584
v -0.156765 0.266043 -0.032131
v -0.149995 0.266414 -0.036966
v -0.154602 0.254256 -0.041220
v -0.146112 0.246959 -0.051104
v -0.152341 0.243955 -0.048915
v -0.151383 0.238886 -0.051801
v -0.145278 0.242971 -0.053502
v -0.144451 0.236117 -0.055952
v -0.150686 0.231426 -0.053788
v -0.144138 0.228957 -0.056779
v -0.144144 0.188365 -0.056779
v -0.150784 0.185948 -0.053756
v -0.103195 0.193956 0.109287
v -0.096530 0.190959 0.132221
v -0.104693 0.190959 0.113620
v -0.095780 0.193956 0.126598
v -0.085662 0.193956 0.146373
v -0.085857 0.190959 0.152074
v -0.075941 0.193956 0.162603
v -0.121458 0.158694 -0.118949
v -0.131974 0.159007 -0.118142
v -0.129231 0.158961 -0.110453
v -0.118115 0.158062 -0.131993
v -0.110570 0.157521 -0.129127
v -0.106081 0.156179 -0.141884
v -0.132365 0.158675 -0.107495
v -0.138489 0.159873 -0.111678
v -0.105058 0.156616 -0.133655
v -0.097741 0.155117 -0.139089
v -0.092158 0.152856 -0.151194
v -0.087336 0.152426 -0.145871
v -0.081336 0.149514 -0.157123
v -0.077746 0.149475 -0.151181
v -0.072390 0.146334 -0.161326
v -0.067536 0.145793 -0.156016
v -0.061170 0.141839 -0.165796
v -0.056955 0.141448 -0.160173
v -0.049514 0.136483 -0.169386
v -0.045878 0.136340 -0.163691
v -0.037904 0.130613 -0.172181
v -0.031629 0.128958 -0.167033
v -0.026085 0.123960 -0.174064
v -0.020142 0.123960 -0.163769
v 0.118513 0.162962 0.156341
v 0.119966 0.158961 0.152093
v 0.108890 0.158961 0.153325
v 0.110180 0.162955 0.157241
v 0.099227 0.162994 0.164381
v 0.096197 0.158961 0.161580
v 0.094940 0.158961 0.164395
v 0.131876 0.158961 0.149904
v 0.133505 0.162955 0.153585
v 0.142666 0.158961 0.143063
v 0.149194 0.162955 0.143376
v 0.152856 0.158961 0.135629
v 0.162564 0.158961 0.127550
v 0.166369 0.162955 0.129504
v 0.171712 0.158961 0.118871
v 0.180227 0.162962 0.115737
v 0.177491 0.158955 0.112499
v 0.180983 0.162955 0.114180
v 0.181231 0.162962 0.112245
v 0.180195 0.162955 0.109450
v 0.155032 0.158955 0.095311
v 0.157110 0.162955 0.091865
v 0.007385 0.162727 -0.200158
v 0.003359 0.162923 -0.204126
v 0.006187 0.158935 -0.207084
v 0.002381 0.162955 -0.207090
v 0.002707 0.162955 -0.209325
v 0.003730 0.162968 -0.211299
v 0.007913 0.158955 -0.209547
v 0.006167 0.162942 -0.213104
v 0.008754 0.162955 -0.213489
v 0.023720 0.162955 -0.210954
v 0.019667 0.158961 -0.207696
v 0.031291 0.158961 -0.205051
v 0.047755 0.162955 -0.204074
v 0.049000 0.158961 -0.199506
v 0.070540 0.162955 -0.193975
v 0.064493 0.158961 -0.192587
v 0.074990 0.158961 -0.186938
v 0.091728 0.162936 -0.180794
v 0.085115 0.158961 -0.180566
v 0.094810 0.158961 -0.173497
v 0.110968 0.162955 -0.164779
v 0.103964 0.158961 -0.165835
v 0.112558 0.158961 -0.157567
v 0.127726 0.162955 -0.146308
v 0.120780 0.158961 -0.148504
v 0.128280 0.158961 -0.138984
v 0.141780 0.162955 -0.125693
v 0.135010 0.158961 -0.129133
v 0.141056 0.158961 -0.118839
v 0.150452 0.162955 -0.108166
v 0.146034 0.158883 -0.108668
v 0.152856 0.162955 -0.103319
v 0.155221 0.162180 -0.095266
v 0.156498 0.162929 -0.093663
v 0.155697 0.161939 -0.092881
v 0.155286 0.160844 -0.090705
v -0.172949 0.128958 -0.056675
v -0.173399 0.123954 -0.035526
v -0.168200 0.123960 -0.055124
v -0.178123 0.128958 -0.037356
v -0.165685 0.128958 -0.075315
v -0.161130 0.123960 -0.073250
v -0.156465 0.128938 -0.092927
v -0.152119 0.123960 -0.090490
v -0.140717 0.123954 -0.107358
v -0.144900 0.128951 -0.110167
v -0.142561 0.128945 -0.111704
v -0.140509 0.128958 -0.112030
v -0.178220 0.128964 -0.035102
v -0.177074 0.128945 -0.032457
v -0.174826 0.128958 -0.030652
v -0.154211 0.123960 -0.029466
v -0.159899 0.128958 -0.026000
v -0.139121 0.128958 -0.111874
v -0.137368 0.128958 -0.111209
v -0.132117 0.128958 -0.106987
v -0.131316 0.123960 -0.099905
v 0.157430 0.161952 0.113483
v 0.147826 0.161958 0.106166
v 0.157397 0.178957 0.113457
v 0.147826 0.178957 0.106166
v -0.008701 0.175269 -0.197806
v 0.000538 0.162955 -0.192001
v 0.000538 0.176436 -0.192001
v -0.008701 0.162955 -0.197806
v 0.002075 0.180781 -0.190958
v 0.004642 0.179094 -0.189362
v 0.019993 0.181277 -0.177276
v 0.020156 0.179511 -0.177185
v 0.037513 0.182059 -0.160648
v 0.034014 0.180110 -0.164290
v 0.049625 0.181114 -0.146275
v 0.052453 0.183218 -0.142457
v 0.061223 0.182247 -0.129276
v 0.061164 0.184150 -0.129329
v -0.114669 0.138933 0.125504
v -0.109196 0.136861 0.130306
v -0.121725 0.134385 0.118715
v -0.122331 0.128899 0.118037
v -0.128840 0.128958 0.110909
v -0.106752 0.143252 0.132299
v -0.096132 0.142679 0.140183
v -0.098426 0.147025 0.138606
v -0.089740 0.150270 0.144386
v -0.080599 0.147709 0.149663
v -0.080352 0.153065 0.149826
v -0.064832 0.151091 0.157169
v -0.071295 0.155176 0.154328
v -0.061783 0.156824 0.158374
v -0.047625 0.153143 0.163157
v -0.051697 0.158030 0.161951
v -0.041474 0.158727 0.164864
v -0.038933 0.153677 0.165496
v -0.031043 0.158961 0.167144
v -0.026593 0.128958 0.167906
v -0.038738 0.128938 0.165535
v -0.041018 0.128971 0.164023
v -0.041103 0.152504 0.163893
v -0.026879 0.158688 0.168317
v -0.042217 0.150882 0.162036
v -0.042321 0.128912 0.161801
v -0.042718 0.148452 0.159599
v -0.042601 0.128951 0.159137
v -0.041409 0.128958 0.154550
v -0.041409 0.148308 0.154550
v -0.080599 0.147709 0.149663
v -0.072305 0.144171 0.148458
v -0.088353 0.139415 0.139362
v -0.096132 0.142679 0.140183
v -0.064832 0.151091 0.157169
v -0.100999 0.133935 0.130162
v -0.109196 0.136861 0.130306
v -0.058004 0.146810 0.154582
v -0.042718 0.148452 0.159599
v -0.047625 0.153143 0.163157
v -0.042217 0.150882 0.162036
v -0.041103 0.152504 0.163893
v -0.038933 0.153677 0.165496
v -0.109033 0.129544 0.123282
v -0.117177 0.124214 0.115346
v -0.122331 0.128899 0.118037
v -0.118845 0.123960 0.114460
v -0.131772 0.123960 0.099325
v -0.128840 0.128958 0.110909
v 0.153351 0.180925 -0.102094
v 0.156400 0.181036 -0.093806
v 0.155736 0.181498 -0.091213
v -0.103208 0.128958 -0.122259
v -0.105638 0.147370 -0.120168
v -0.113137 0.128958 -0.113138
v -0.113137 0.148308 -0.113138
v -0.097930 0.145982 -0.126520
v -0.087682 0.128964 -0.133844
v -0.089512 0.144028 -0.132625
v -0.081179 0.141656 -0.137857
v -0.072077 0.138666 -0.142848
v -0.071080 0.128964 -0.143350
v -0.063307 0.135356 -0.146920
v -0.049306 0.129244 -0.152452
v -0.053495 0.128958 -0.150790
v -0.116858 0.148452 -0.116793
v -0.113137 0.148308 -0.113138
v -0.104713 0.146784 -0.127680
v -0.105638 0.147370 -0.120168
v -0.097930 0.145982 -0.126520
v -0.092321 0.144145 -0.136913
v -0.089512 0.144028 -0.132625
v -0.081179 0.141656 -0.137857
v -0.076240 0.139317 -0.146366
v -0.072077 0.138666 -0.142848
v -0.062258 0.133948 -0.152537
v -0.063307 0.135356 -0.146920
v -0.049306 0.129244 -0.152452
v -0.052238 0.129544 -0.156068
v -0.041298 0.124214 -0.159182
v -0.153351 0.180925 0.102094
v -0.156400 0.181036 0.093806
v -0.155735 0.181498 0.091213
v 0.143897 0.268903 -0.032502
v 0.145976 0.246327 -0.051560
v 0.149943 0.266193 -0.037135
v 0.139147 0.244138 -0.050531
v 0.150771 0.270603 -0.033349
v 0.144940 0.273307 -0.027538
v 0.151579 0.273627 -0.029688
v 0.152309 0.275770 -0.026098
v 0.145721 0.275770 -0.023505
v 0.145187 0.242307 -0.053827
v 0.144633 0.238163 -0.055411
v 0.137968 0.236345 -0.053313
v 0.146399 0.277419 -0.019498
v 0.153143 0.277608 -0.021517
v 0.153846 0.278683 -0.016689
v 0.147096 0.278565 -0.014767
v 0.144275 0.233869 -0.056401
v 0.137649 0.228846 -0.054218
v 0.144138 0.228957 -0.056779
v 0.137649 0.191356 -0.054225
v 0.144138 0.187258 -0.056779
v -0.026873 0.178455 0.179432
v -0.034014 0.180110 0.164290
v -0.011047 0.178221 0.191075
v -0.036438 0.179289 0.167587
v -0.049625 0.181114 0.146275
v -0.016754 0.177732 0.190704
v -0.011001 0.177726 0.194320
v -0.008050 0.177081 0.199435
v -0.045370 0.180195 0.155253
v -0.053593 0.181172 0.142542
v -0.061222 0.182247 0.129276
v -0.009483 0.178644 0.189355
v -0.020155 0.179511 0.177184
v -0.004636 0.179094 0.189368
v 0.060030 0.178957 0.079479
v 0.053801 0.173960 0.090170
v 0.069204 0.173960 0.078970
v 0.051241 0.178957 0.085877
v 0.065907 0.178957 0.075211
v 0.078475 0.178990 0.061939
v 0.082326 0.173960 0.065171
v 0.088301 0.178996 0.046856
v 0.092744 0.173960 0.049227
v 0.092034 0.179081 0.039181
v 0.095794 0.173960 0.042999
v 0.044400 0.178957 0.089154
v 0.036627 0.173960 0.098406
v 0.034946 0.179009 0.093643
v 0.018253 0.173960 0.103403
v 0.017387 0.178957 0.098478
v 0.009190 0.178957 0.099168
v -0.000726 0.173960 0.105000
v -0.000687 0.178957 0.099996
v -0.009190 0.178957 0.099162
v -0.019680 0.173960 0.103143
v -0.018761 0.178957 0.098224
v -0.037982 0.173960 0.097891
v -0.036574 0.178912 0.093102
v -0.055039 0.173960 0.089421
v -0.052420 0.178957 0.085160
v -0.070285 0.173960 0.078006
v -0.066943 0.178957 0.074286
v -0.083219 0.173960 0.064031
v -0.079212 0.178951 0.061046
v -0.093415 0.173960 0.047944
v -0.088965 0.178957 0.045663
v -0.091806 0.179009 0.039695
v -0.096158 0.173986 0.041943
v -0.096640 0.174755 0.039102
v -0.097246 0.176540 0.036197
v -0.093207 0.182065 0.036223
v -0.097631 0.179296 0.034170
v -0.097800 0.181537 0.033317
v -0.097885 0.183961 0.032997
v -0.097846 0.223940 0.033004
v -0.093220 0.226956 0.036190
v 0.129231 0.158961 0.110453
v 0.132117 0.128958 0.106987
v 0.123856 0.153677 0.116467
v 0.123992 0.128938 0.116310
v 0.122012 0.158727 0.118376
v 0.117483 0.153136 0.122826
v 0.121543 0.128971 0.117535
v 0.121386 0.152504 0.117542
v 0.132358 0.158668 0.107456
v 0.114389 0.158030 0.125764
v 0.106257 0.156831 0.132690
v 0.103697 0.151091 0.134730
v 0.098009 0.155176 0.138906
v 0.089604 0.153078 0.144477
v 0.089311 0.147709 0.144633
v 0.080169 0.150270 0.149911
v 0.073335 0.142679 0.153344
v 0.070833 0.147031 0.154537
v 0.061203 0.143252 0.158602
v 0.058251 0.136861 0.159716
v 0.051352 0.138933 0.162055
v 0.041950 0.134385 0.164772
v 0.041057 0.128899 0.164955
v 0.031629 0.128958 0.167033
v 0.059020 0.187720 -0.080723
v 0.051443 0.187883 -0.085753
v 0.053984 0.192796 -0.091226
v 0.061047 0.192640 -0.086783
v 0.062135 0.191786 -0.084789
v 0.043585 0.188033 -0.090001
v 0.046250 0.192946 -0.095253
v 0.026873 0.178455 -0.179432
v 0.034014 0.180110 -0.164290
v 0.010467 0.178501 -0.189662
v 0.036438 0.179289 -0.167587
v 0.049625 0.181114 -0.146275
v 0.020156 0.179511 -0.177185
v 0.004642 0.179094 -0.189362
v 0.016755 0.177732 -0.190704
v 0.011054 0.177739 -0.194222
v 0.007920 0.177055 -0.199565
v 0.045370 0.180195 -0.155254
v 0.053593 0.181172 -0.142542
v 0.061223 0.182247 -0.129276
v 0.008343 0.162994 -0.195428
v 0.008552 0.175185 -0.196770
v 0.007926 0.174859 -0.194581
v 0.006630 0.162864 -0.192991
v 0.008330 0.162786 -0.198392
v 0.011054 0.177739 -0.194222
v 0.006636 0.175048 -0.193024
v 0.004492 0.162695 -0.191994
v 0.004629 0.175967 -0.192020
v 0.000538 0.176436 -0.192001
v 0.000538 0.162955 -0.192001
v -0.077316 0.168956 0.170141
v -0.080560 0.161939 0.167906
v -0.061431 0.161945 0.179562
v -0.091063 0.168956 0.159821
v -0.091193 0.161971 0.159710
v -0.059476 0.168956 0.180559
v -0.040862 0.161958 0.188495
v -0.040458 0.168956 0.188639
v -0.023433 0.161926 0.193629
v -0.023491 0.168956 0.193590
v -0.020859 0.123960 0.163678
v -0.038738 0.128938 0.165535
v -0.026593 0.128958 0.167906
v -0.037702 0.123947 0.160563
v -0.041018 0.128971 0.164023
v -0.042321 0.128912 0.161801
v -0.042601 0.128951 0.159137
v -0.041409 0.128958 0.154550
v -0.035265 0.123960 0.150934
v -0.099071 0.187857 -0.157775
v -0.088255 0.187004 -0.164128
v -0.074657 0.187356 -0.156381
v -0.076371 0.186886 -0.161847
v -0.061248 0.186854 -0.157912
v -0.052511 0.187245 -0.151462
v -0.043904 0.187017 -0.151266
v -0.033519 0.187401 -0.144712
v -0.031329 0.187271 -0.145259
v -0.011685 0.187942 -0.133238
v -0.030280 0.168956 0.179465
v -0.021224 0.168956 0.187518
v -0.017204 0.168956 0.182266
v -0.017810 0.168956 0.181146
v -0.042184 0.168956 0.177048
v -0.053905 0.168956 0.173835
v -0.065216 0.168956 0.169926
v -0.091063 0.168956 0.159821
v -0.077316 0.168956 0.170141
v -0.059476 0.168956 0.180559
v -0.023491 0.168956 0.193590
v -0.040458 0.168956 0.188639
v -0.076592 0.168956 0.165098
v -0.090692 0.168949 0.157957
v 0.020859 0.123960 -0.163678
v 0.038738 0.128938 -0.165535
v 0.026593 0.128958 -0.167907
v 0.037702 0.123947 -0.160564
v 0.041018 0.128971 -0.164023
v 0.042315 0.128912 -0.161802
v 0.042601 0.128951 -0.159137
v 0.041409 0.128958 -0.154550
v 0.035265 0.123960 -0.150934
v 0.100999 0.133935 -0.130163
v 0.095422 0.135421 -0.128403
v 0.107554 0.129120 -0.118754
v 0.087675 0.138666 -0.133844
v 0.088372 0.139408 -0.139349
v 0.078736 0.141676 -0.139265
v 0.072403 0.144145 -0.148412
v 0.070103 0.144028 -0.143832
v 0.060636 0.145976 -0.148047
v 0.058206 0.146784 -0.154524
v 0.051247 0.147370 -0.151572
v 0.041409 0.148308 -0.154550
v 0.042719 0.148452 -0.159599
v 0.109033 0.129544 -0.123282
v 0.117177 0.124214 -0.115346
v 0.150927 0.123960 0.092470
v 0.155208 0.128945 0.095018
v 0.161033 0.123960 0.073465
v 0.165587 0.128958 0.075537
v 0.144953 0.128951 0.110088
v 0.168760 0.123960 0.053371
v 0.173529 0.128958 0.054876
v 0.173393 0.123954 0.035519
v 0.178286 0.128964 0.036718
v 0.178012 0.128958 0.034437
v 0.140659 0.123954 0.107326
v 0.143369 0.128958 0.111287
v 0.176976 0.128938 0.032352
v 0.174826 0.128958 0.030652
v 0.154211 0.123960 0.029466
v 0.159899 0.128958 0.026000
v 0.141949 0.128958 0.111847
v 0.139232 0.128984 0.111997
v 0.137232 0.128951 0.111111
v 0.132117 0.128958 0.106987
v 0.131316 0.123960 0.099905
v 0.049938 0.123960 -0.146731
v 0.071191 0.128964 -0.143298
v 0.051560 0.128958 -0.151468
v 0.035265 0.123960 -0.150934
v 0.041409 0.128958 -0.154550
v 0.068833 0.123960 -0.138880
v 0.089252 0.128951 -0.132782
v 0.086522 0.123960 -0.128605
v 0.107554 0.129120 -0.118754
v 0.102706 0.123960 -0.116089
v 0.112779 0.123973 -0.106472
v 0.018761 0.178957 -0.098224
v 0.019673 0.173960 -0.103143
v 0.009184 0.178957 -0.099162
v 0.037982 0.173960 -0.097891
v 0.036575 0.178912 -0.093103
v 0.000727 0.173960 -0.105000
v 0.055039 0.173960 -0.089421
v 0.052420 0.178957 -0.085160
v 0.070286 0.173960 -0.078006
v 0.066943 0.178957 -0.074286
v 0.083219 0.173960 -0.064031
v 0.079212 0.178951 -0.061047
v 0.093415 0.173960 -0.047944
v 0.088965 0.178957 -0.045664
v 0.091826 0.179016 -0.039656
v 0.096158 0.173986 -0.041930
v 0.096641 0.174755 -0.039103
v 0.097240 0.176540 -0.036197
v 0.093207 0.182091 -0.036223
v 0.097631 0.179296 -0.034170
v 0.097800 0.181537 -0.033317
v 0.097885 0.183961 -0.032998
v 0.097846 0.223940 -0.033004
v 0.093220 0.226956 -0.036190
v -0.009190 0.178957 -0.099169
v -0.018253 0.173960 -0.103404
v 0.000687 0.178957 -0.099996
v -0.017386 0.178957 -0.098478
v -0.034946 0.179009 -0.093643
v -0.036627 0.173960 -0.098406
v -0.044399 0.178957 -0.089154
v -0.053801 0.173960 -0.090171
v -0.051241 0.178957 -0.085877
v -0.060030 0.178957 -0.079479
v -0.069204 0.173960 -0.078971
v -0.065907 0.178957 -0.075211
v -0.078482 0.178996 -0.061926
v -0.082326 0.173960 -0.065171
v -0.088372 0.178990 -0.046752
v -0.092744 0.173960 -0.049228
v -0.092047 0.179081 -0.039168
v -0.096275 0.173973 -0.041709
v -0.096764 0.175009 -0.038523
v -0.097194 0.176214 -0.036659
v -0.097442 0.177745 -0.035161
v -0.093220 0.182645 -0.036203
v -0.097702 0.179830 -0.033897
v -0.097885 0.182743 -0.033004
v -0.097820 0.223933 -0.033004
v -0.093220 0.226956 -0.036190
v 0.118962 0.128912 0.117548
v 0.116858 0.148452 0.116793
v 0.119223 0.150882 0.117581
v 0.116513 0.128951 0.116460
v 0.113138 0.128958 0.113137
v 0.113138 0.148308 0.113137
v -0.088353 0.139415 0.139362
v -0.072305 0.144171 0.148458
v -0.078736 0.141676 0.139264
v -0.087675 0.138666 0.133844
v -0.100999 0.133935 0.130162
v -0.095422 0.135421 0.128403
v -0.107554 0.129120 0.118754
v -0.070103 0.144028 0.143832
v -0.060636 0.145976 0.148047
v -0.058004 0.146810 0.154582
v -0.051247 0.147370 0.151572
v -0.041409 0.148308 0.154550
v -0.042718 0.148452 0.159599
v -0.109033 0.129544 0.123282
v -0.117177 0.124214 0.115346
v -0.051821 0.123960 -0.146080
v -0.035851 0.123973 -0.150882
v -0.053495 0.128958 -0.150790
v -0.068950 0.123960 -0.138822
v -0.071080 0.128964 -0.143350
v -0.085082 0.123960 -0.129563
v -0.087682 0.128964 -0.133844
v -0.099989 0.123960 -0.118435
v -0.103208 0.128958 -0.122259
v -0.113079 0.123960 -0.106010
v -0.113137 0.128958 -0.113138
v -0.049306 0.129244 -0.152452
v 0.161600 0.128945 -0.011216
v 0.154211 0.123960 -0.029466
v 0.156615 0.123960 -0.010988
v 0.159899 0.128958 -0.026000
v 0.161600 0.128958 0.011340
v 0.156615 0.123960 0.010988
v 0.159899 0.128958 0.026000
v 0.154211 0.123960 0.029466
v 0.062226 0.133935 0.152549
v 0.063490 0.135421 0.146842
v 0.049071 0.129120 0.152523
v 0.072077 0.138666 0.142848
v 0.076514 0.139415 0.146197
v 0.081238 0.141676 0.137818
v 0.092419 0.144171 0.136847
v 0.089513 0.144028 0.132625
v 0.097898 0.145976 0.126540
v 0.104870 0.146810 0.127524
v 0.105638 0.147370 0.120168
v 0.113138 0.148308 0.113137
v 0.116858 0.148452 0.116793
v 0.052244 0.129544 0.156068
v 0.041305 0.124214 0.159150
v -0.113079 0.123960 -0.106010
v -0.113137 0.128958 -0.113138
v -0.120200 0.123941 -0.112916
v -0.116512 0.128951 -0.116461
v -0.118962 0.128912 -0.117549
v -0.121542 0.128971 -0.117536
v -0.123992 0.128938 -0.116311
v -0.131316 0.123960 -0.099905
v -0.132117 0.128958 -0.106987
v -0.145141 0.161952 -0.125159
v -0.157573 0.178957 -0.114525
v -0.144099 0.178957 -0.125967
v -0.157547 0.161958 -0.114538
v -0.129218 0.161952 -0.136313
v -0.127654 0.178957 -0.137277
v -0.112297 0.178957 -0.145682
v -0.112382 0.161958 -0.145637
v 0.147826 0.178957 0.106166
v 0.140405 0.178957 0.115809
v 0.157397 0.178957 0.113457
v 0.144099 0.178957 0.125966
v 0.132365 0.178957 0.124917
v 0.127654 0.178957 0.137277
v 0.123875 0.178957 0.133348
v 0.112284 0.178957 0.145689
v 0.111105 0.178957 0.144346
v 0.157580 0.178957 0.114519
v 0.111385 0.178957 0.145422
v -0.099357 0.183779 -0.164447
v -0.100563 0.162955 -0.165730
v -0.100797 0.182984 -0.166245
v -0.101182 0.182091 -0.168095
v -0.101175 0.162962 -0.168063
v -0.157390 0.178957 -0.113450
v -0.147826 0.178957 -0.106166
v -0.140405 0.178957 -0.115809
v -0.144099 0.178957 -0.125967
v -0.132365 0.178957 -0.124918
v -0.127654 0.178957 -0.137277
v -0.123875 0.178957 -0.133349
v -0.112297 0.178957 -0.145682
v -0.111333 0.178957 -0.144145
v -0.157573 0.178957 -0.114525
v -0.111209 0.178970 -0.145252
v 0.175021 0.142959 0.032326
v 0.162792 0.141461 0.026899
v 0.175269 0.141480 0.030815
v 0.161098 0.142959 0.027941
v 0.177458 0.141415 0.033063
v 0.176904 0.142959 0.035760
v 0.178377 0.141467 0.036301
v 0.172337 0.142959 0.054121
v 0.173360 0.141448 0.055417
v 0.165678 0.142959 0.071628
v 0.165554 0.141454 0.075608
v 0.156087 0.142959 0.091083
v 0.157110 0.141461 0.091865
v -0.021224 0.168956 0.187518
v -0.021745 0.161965 0.188782
v -0.019159 0.161965 0.184527
v -0.017204 0.168956 0.182266
v -0.023433 0.161926 0.193629
v -0.023491 0.168956 0.193590
v -0.017243 0.162089 0.182279
v 0.104570 0.237961 -0.009490
v 0.099592 0.232957 -0.009040
v 0.101149 0.237961 -0.028170
v 0.099592 0.232957 0.009040
v 0.096386 0.232977 -0.026704
v 0.096237 0.237961 -0.042002
v 0.091409 0.232977 -0.040731
v 0.104570 0.237961 0.009496
v 0.096380 0.232977 0.026697
v 0.101149 0.237961 0.028169
v 0.091298 0.232938 0.040940
v 0.096237 0.237961 0.042002
v 0.091324 0.232931 0.043253
v 0.092145 0.232951 0.044888
v 0.091291 0.232983 -0.042908
v 0.092353 0.232983 -0.045234
v 0.094471 0.232970 -0.046713
v 0.093546 0.232938 0.046289
v 0.095585 0.232957 0.046999
v 0.136111 0.232957 0.046999
v 0.120513 0.237961 0.042002
v 0.137740 0.237961 0.042002
v 0.096237 0.232957 -0.046999
v 0.120513 0.237961 -0.042002
v 0.136111 0.232957 -0.046999
v 0.137740 0.237961 -0.042002
v -0.096999 0.227002 0.024306
v -0.103025 0.223959 0.005059
v -0.100817 0.223959 0.021680
v -0.093220 0.226956 0.036190
v -0.099677 0.227015 0.008024
v -0.102491 0.223959 -0.010493
v -0.099664 0.226956 -0.008232
v -0.097846 0.223940 0.033004
v -0.100550 0.223959 -0.022221
v -0.096894 0.226983 -0.024638
v -0.097820 0.223933 -0.033004
v -0.093220 0.226956 -0.036190
v 0.044869 0.184736 -0.155990
v 0.053847 0.187577 -0.145044
v 0.052909 0.185701 -0.143663
v 0.040275 0.185981 -0.165157
v 0.035780 0.183733 -0.168441
v 0.024026 0.184326 -0.185114
v 0.025752 0.182645 -0.180742
v 0.015523 0.181642 -0.192020
v 0.004473 0.182475 -0.205090
v 0.003150 0.180475 -0.204269
v 0.002368 0.180736 -0.207631
v 0.004727 0.183231 -0.209912
v 0.003157 0.181133 -0.210478
v 0.005515 0.181596 -0.212844
v 0.060291 0.188463 -0.133870
v 0.059959 0.186619 -0.131583
v 0.066122 0.187479 -0.119777
v 0.068591 0.189629 -0.118663
v 0.075472 0.188887 -0.099123
v 0.077361 0.190939 -0.098654
v -0.171711 0.158961 -0.118871
v -0.166369 0.162955 -0.129504
v -0.180214 0.162962 -0.115744
v -0.177484 0.158955 -0.112499
v -0.181204 0.162962 -0.113613
v -0.180931 0.162955 -0.110909
v -0.179680 0.162955 -0.109052
v -0.155038 0.158961 -0.095318
v -0.157110 0.162955 -0.091865
v -0.162564 0.158961 -0.127550
v -0.149194 0.162955 -0.143376
v -0.152856 0.158961 -0.135629
v -0.142665 0.158961 -0.143063
v -0.133511 0.162955 -0.153586
v -0.131876 0.158961 -0.149904
v -0.118513 0.162962 -0.156342
v -0.119966 0.158961 -0.152094
v -0.108889 0.158961 -0.153325
v -0.110179 0.162955 -0.157241
v -0.099097 0.162955 -0.164453
v -0.095474 0.158961 -0.162127
v 0.050804 0.183674 0.182397
v 0.038940 0.182717 0.185179
v 0.037839 0.183635 0.177725
v 0.020377 0.183753 0.169835
v 0.017530 0.183107 0.173242
v -0.000120 0.184176 0.157651
v -0.001606 0.183746 0.159866
v -0.016220 0.184802 0.145311
v -0.017197 0.184567 0.146366
v 0.055411 0.180990 0.183830
v 0.055411 0.162955 0.183830
v 0.044048 0.180052 0.186951
v 0.043996 0.162955 0.186892
v 0.131889 0.184665 0.094073
v 0.132730 0.187636 0.092881
v 0.139030 0.187023 0.083153
v 0.124839 0.185818 0.103260
v 0.123764 0.188307 0.104609
v 0.118650 0.186287 0.110440
v -0.050804 0.183674 -0.182397
v -0.038940 0.182717 -0.185179
v -0.037838 0.183635 -0.177725
v -0.020377 0.183753 -0.169835
v -0.017536 0.183107 -0.173243
v 0.000121 0.184176 -0.157651
v 0.001606 0.183746 -0.159866
v 0.016220 0.184802 -0.145311
v 0.017198 0.184567 -0.146366
v -0.055411 0.180990 -0.183830
v -0.055411 0.162955 -0.183830
v -0.044048 0.180052 -0.186951
v -0.043995 0.162955 -0.186893
v -0.131889 0.184665 -0.094073
v -0.132729 0.187636 -0.092881
v -0.139030 0.187023 -0.083154
v -0.124839 0.185818 -0.103260
v -0.123764 0.188307 -0.104609
v -0.118650 0.186287 -0.110440
v -0.099475 0.162955 -0.171216
v -0.097129 0.158961 -0.167933
v -0.082834 0.162955 -0.179843
v -0.081674 0.158968 -0.176096
v -0.066031 0.162955 -0.186665
v -0.065803 0.158961 -0.182501
v -0.055430 0.158955 -0.179660
v -0.055411 0.162955 -0.183830
v -0.043995 0.162955 -0.186893
v -0.041259 0.158961 -0.183576
v -0.100667 0.162968 -0.169900
v -0.101175 0.162962 -0.168063
v -0.100563 0.162955 -0.165730
v -0.099097 0.162955 -0.164453
v -0.095311 0.158961 -0.166082
v -0.099201 0.182547 -0.164486
v -0.099097 0.162955 -0.164453
v -0.100563 0.162955 -0.165730
v 0.077361 0.190939 -0.098654
v 0.070149 0.188261 -0.092112
v 0.075472 0.188887 -0.099123
v 0.067907 0.188001 -0.089167
v 0.065588 0.189421 -0.083512
v 0.064702 0.189460 -0.082170
v 0.062180 0.187212 -0.081753
v -0.077361 0.190939 0.098654
v -0.070149 0.188261 0.092112
v -0.075472 0.188887 0.099123
v -0.067907 0.188001 0.089167
v -0.065588 0.189421 0.083512
v -0.064702 0.189460 0.082170
v -0.062180 0.187212 0.081753
v 0.081590 0.192066 0.097644
v 0.073472 0.192249 0.111652
v 0.064565 0.191486 0.110629
v 0.084893 0.193233 0.112036
v 0.107867 0.194106 0.099247
v 0.096979 0.194242 0.111144
v 0.091480 0.192346 0.088320
v 0.117053 0.194034 0.086984
v 0.100999 0.192568 0.077517
v 0.124142 0.194001 0.075016
v 0.129739 0.193975 0.063614
v 0.111196 0.192757 0.062076
v 0.118252 0.192868 0.046999
v 0.136111 0.193975 0.046999
v 0.081043 0.190607 -0.066331
v 0.083616 0.185850 -0.054811
v 0.076762 0.185538 -0.064207
v 0.072168 0.190033 -0.075726
v 0.069595 0.185075 -0.071810
v 0.064702 0.189460 -0.082170
v 0.061118 0.184404 -0.079147
v 0.087981 0.190913 -0.056649
v 0.093389 0.191141 -0.047227
v 0.093148 0.190314 -0.045957
v 0.091689 0.188059 -0.044165
v 0.087832 0.186092 -0.047807
v 0.091200 0.186632 -0.041937
v 0.062180 0.187212 -0.081753
v 0.091480 0.185896 -0.040432
v 0.122175 0.190959 -0.088692
v 0.121771 0.193949 -0.079283
v 0.116122 0.193956 -0.088483
v -0.110049 0.190959 0.128618
v -0.096530 0.190959 0.132221
v -0.098530 0.190959 0.141186
v -0.104693 0.190959 0.113620
v -0.085857 0.190959 0.152074
v -0.116291 0.190959 0.120317
v 0.099071 0.187857 0.157775
v 0.088255 0.187004 0.164127
v 0.074651 0.187349 0.156381
v 0.076371 0.186886 0.161847
v 0.061249 0.186854 0.157912
v 0.052505 0.187245 0.151461
v 0.043904 0.187017 0.151266
v 0.033519 0.187401 0.144711
v 0.031330 0.187271 0.145259
v 0.011679 0.187942 0.133238
v -0.081590 0.192066 -0.097644
v -0.073471 0.192249 -0.111652
v -0.064565 0.191486 -0.110629
v -0.084893 0.193233 -0.112037
v -0.107866 0.194106 -0.099247
v -0.096979 0.194242 -0.111144
v -0.091480 0.192346 -0.088320
v -0.117053 0.194034 -0.086985
v -0.100999 0.192568 -0.077518
v -0.124142 0.194001 -0.075016
v -0.129739 0.193975 -0.063614
v -0.111196 0.192757 -0.062076
v -0.118252 0.192868 -0.046999
v -0.136111 0.193975 -0.046999
v -0.087401 0.193956 0.154673
v -0.085857 0.190959 0.152074
v -0.075941 0.193956 0.162603
v -0.100615 0.193956 0.143343
v -0.098530 0.190959 0.141186
v -0.112375 0.193956 0.130508
v -0.110049 0.190959 0.128618
v -0.116291 0.190959 0.120317
v -0.120591 0.193956 0.119334
v 0.055430 0.158955 0.179660
v 0.066024 0.162955 0.186664
v 0.065803 0.158961 0.182501
v 0.055411 0.162955 0.183830
v 0.043996 0.162955 0.186892
v 0.041259 0.158961 0.183576
v 0.077485 0.158961 0.177855
v 0.082834 0.162955 0.179843
v 0.096947 0.158929 0.168141
v 0.099475 0.162955 0.171216
v 0.100667 0.162968 0.169894
v 0.101188 0.162968 0.168024
v 0.100713 0.162955 0.166102
v 0.099227 0.162994 0.164381
v 0.094940 0.158961 0.164395
v 0.113079 0.123960 0.106010
v 0.113138 0.128958 0.113137
v 0.120200 0.123941 0.112916
v 0.116513 0.128951 0.116460
v 0.118962 0.128912 0.117548
v 0.121543 0.128971 0.117535
v 0.123992 0.128938 0.116310
v 0.131316 0.123960 0.099905
v 0.132117 0.128958 0.106987
v 0.112330 0.161958 0.145663
v 0.115620 0.158961 0.147467
v 0.129218 0.161952 0.136313
v 0.098465 0.158961 0.155019
v 0.130215 0.158955 0.139232
v 0.145142 0.161952 0.125158
v 0.146204 0.158961 0.128305
v 0.157534 0.161958 0.114545
v 0.160479 0.158961 0.115835
v 0.111476 0.162369 0.145500
v -0.117809 0.234957 0.008623
v -0.108994 0.237225 0.010819
v -0.118278 0.237349 0.008532
v -0.126631 0.234957 0.007066
v -0.126383 0.237942 0.007314
v -0.109000 0.234957 0.010812
v -0.110890 0.234957 0.000055
v -0.117079 0.234957 0.001560
v -0.120572 0.234977 -0.007835
v -0.109000 0.234957 0.010812
v -0.126540 0.234957 -0.006812
v -0.127484 0.234957 -0.015002
v -0.132495 0.234957 -0.002258
v -0.132586 0.234957 -0.014507
v -0.126572 0.234957 -0.000453
v -0.132586 0.234957 0.005717
v -0.126631 0.234957 0.007066
v -0.117809 0.234957 0.008623
v -0.138997 0.234957 0.004655
v -0.138873 0.235107 -0.003704
v -0.132586 0.234957 0.008591
v -0.126247 0.234957 0.010447
v -0.110811 0.237446 0.000244
v -0.108994 0.237225 0.010819
v -0.110890 0.234957 0.000055
v -0.109000 0.234957 0.010812
v -0.098836 0.158955 0.157071
v -0.100243 0.161672 0.151898
v -0.111587 0.158968 0.143832
v -0.090353 0.163789 0.158016
v -0.091193 0.161971 0.159710
v -0.080560 0.161939 0.167906
v -0.087506 0.158961 0.166506
v -0.073224 0.158955 0.176383
v -0.061431 0.161945 0.179562
v -0.057834 0.158961 0.184703
v -0.040862 0.161958 0.188495
v -0.041077 0.158961 0.191727
v -0.023433 0.161926 0.193629
v -0.024202 0.158961 0.196522
v -0.020944 0.158961 0.195402
v -0.120572 0.234977 -0.007835
v -0.110811 0.237446 0.000244
v -0.110890 0.234957 0.000055
v -0.124109 0.237179 -0.011405
v -0.127484 0.234957 -0.015002
v -0.127341 0.237948 -0.015171
v -0.132593 0.237244 -0.014520
v -0.132586 0.234957 -0.014507
v -0.132567 0.237889 -0.002544
v -0.132495 0.234957 -0.002258
v 0.100615 0.193956 -0.143343
v 0.085857 0.190959 -0.152074
v 0.087402 0.193956 -0.154674
v 0.098530 0.190959 -0.141187
v 0.075941 0.193956 -0.162603
v 0.112375 0.193956 -0.130508
v 0.110049 0.190959 -0.128618
v 0.116291 0.190959 -0.120318
v 0.120591 0.193956 -0.119334
v 0.110049 0.190959 -0.128618
v 0.096530 0.190959 -0.132221
v 0.098530 0.190959 -0.141187
v 0.085857 0.190959 -0.152074
v 0.104694 0.190959 -0.113620
v 0.116291 0.190959 -0.120318
v 0.103195 0.193956 -0.109287
v 0.104694 0.190959 -0.113620
v 0.120591 0.193956 -0.119334
v 0.116291 0.190959 -0.120318
v -0.103195 0.193956 0.109287
v -0.104693 0.190959 0.113620
v -0.120591 0.193956 0.119334
v -0.116291 0.190959 0.120317
v -0.139212 0.237883 0.004714
v -0.138873 0.235107 -0.003704
v -0.138997 0.234957 0.004655
v -0.139427 0.237935 -0.004447
v -0.025883 0.128958 0.178859
v -0.027511 0.160030 0.176090
v -0.027381 0.128990 0.176572
v -0.016956 0.188574 0.140040
v -0.016989 0.185486 0.144861
v -0.022573 0.187154 0.146301
v -0.016220 0.184802 0.145311
v -0.017197 0.184567 0.146366
v 0.016957 0.188574 -0.140040
v 0.016989 0.185486 -0.144861
v 0.022573 0.187154 -0.146301
v 0.016220 0.184802 -0.145311
v 0.017198 0.184567 -0.146366
v -0.163170 0.142959 -0.010415
v -0.164668 0.141461 -0.010506
v -0.161098 0.142959 -0.027942
v -0.164668 0.141461 0.010506
v -0.162792 0.141461 -0.026899
v -0.163170 0.142959 0.010415
v -0.162792 0.141461 0.026899
v -0.161098 0.142959 0.027941
v -0.174265 0.142959 0.032046
v -0.162792 0.141461 0.026899
v -0.161098 0.142959 0.027941
v -0.175256 0.141467 0.030808
v -0.177054 0.142959 0.035187
v -0.177458 0.141467 0.033063
v -0.178383 0.141467 0.036333
v -0.172975 0.141487 0.056603
v -0.172050 0.142959 0.055124
v -0.164388 0.141474 0.078110
v -0.163925 0.142959 0.075863
v -0.155481 0.143011 0.091448
v -0.155696 0.141956 0.093291
v -0.155175 0.141422 0.095116
v -0.099071 0.187857 -0.157775
v -0.099201 0.182547 -0.164486
v -0.093695 0.185473 -0.163502
v -0.110179 0.183446 -0.157241
v -0.088255 0.187004 -0.164128
v 0.163170 0.142959 -0.010415
v 0.161098 0.142959 -0.027942
v 0.162792 0.141461 -0.026899
v 0.164668 0.141461 -0.010506
v 0.164668 0.141461 0.010506
v 0.163170 0.142959 0.010415
v 0.161098 0.142959 0.027941
v 0.162792 0.141461 0.026899
v 0.174266 0.142959 -0.032046
v 0.162792 0.141461 -0.026899
v 0.161098 0.142959 -0.027942
v 0.175243 0.141467 -0.030802
v 0.177067 0.142959 -0.035187
v 0.177458 0.141467 -0.033063
v 0.178383 0.141448 -0.036334
v 0.172976 0.141480 -0.056597
v 0.172050 0.142959 -0.055124
v 0.164382 0.141474 -0.078117
v 0.163906 0.142959 -0.075895
v 0.155475 0.143018 -0.091435
v 0.155697 0.141962 -0.093292
v 0.155175 0.141441 -0.095122
v 0.099071 0.187857 0.157775
v 0.099377 0.182560 0.164381
v 0.093696 0.185473 0.163508
v 0.110180 0.183446 0.157241
v 0.088255 0.187004 0.164127
v -0.097220 0.188939 0.047006
v -0.111619 0.192692 0.061092
v -0.110095 0.188978 0.055671
v -0.094744 0.190073 0.046804
v -0.110746 0.189701 0.056824
v -0.093389 0.191141 0.047227
v -0.093148 0.190314 0.045957
v 0.163307 0.137955 -0.008017
v 0.164694 0.139460 -0.010011
v 0.160212 0.137454 -0.026091
v 0.164694 0.139454 0.009998
v 0.162792 0.139460 -0.026899
v 0.163359 0.137968 0.009672
v 0.162792 0.139460 0.026899
v 0.161345 0.137955 0.026449
v 0.003730 0.158961 0.183394
v 0.004610 0.158961 0.181941
v 0.004655 0.130964 0.181941
v 0.003522 0.130958 0.183543
v 0.001938 0.131003 0.184684
v 0.001880 0.158961 0.184671
v 0.000003 0.158961 0.184996
v -0.000003 0.130958 0.185003
v -0.001782 0.158961 0.184716
v -0.001984 0.130971 0.184651
v -0.003717 0.158955 0.183400
v -0.003515 0.130958 0.183550
v -0.004662 0.130971 0.181941
v -0.004610 0.158961 0.181941
v 0.093226 0.182599 0.036197
v 0.097820 0.223933 0.033004
v 0.093220 0.226956 0.036190
v 0.097885 0.182743 0.033004
v 0.097703 0.179830 0.033890
v 0.097442 0.177745 0.035161
v 0.097188 0.176208 0.036666
v 0.096758 0.175002 0.038542
v 0.096347 0.174260 0.040555
v -0.160212 0.137454 0.026091
v -0.164694 0.139460 0.010011
v -0.162792 0.139460 0.026899
v -0.163306 0.137955 0.008017
v -0.164694 0.139454 -0.010005
v -0.163359 0.137968 -0.009672
v -0.162792 0.139460 -0.026899
v -0.161345 0.137955 -0.026450
v -0.001984 0.130971 0.184651
v -0.000192 0.128905 0.183100
v -0.003515 0.130958 0.183550
v -0.002258 0.128958 0.181986
v -0.004662 0.130971 0.181941
v -0.000003 0.130958 0.185003
v 0.001938 0.131003 0.184684
v 0.002251 0.128958 0.181986
v 0.003522 0.130958 0.183543
v 0.004655 0.130964 0.181941
v -0.001932 0.130990 -0.184684
v -0.001886 0.158961 -0.184671
v -0.003723 0.158961 -0.183400
v -0.003528 0.130958 -0.183544
v -0.004662 0.130964 -0.181941
v -0.004610 0.158961 -0.181941
v -0.000016 0.158961 -0.185003
v -0.000003 0.130958 -0.185003
v 0.001802 0.158961 -0.184710
v 0.001997 0.130990 -0.184638
v 0.003711 0.158955 -0.183387
v 0.003522 0.130958 -0.183550
v 0.004668 0.130971 -0.181941
v 0.004610 0.158961 -0.181941
v 0.126573 0.234957 -0.007079
v 0.126573 0.234957 0.000453
v 0.109059 0.234957 -0.010630
v 0.117079 0.234957 -0.001561
v 0.110890 0.234957 -0.000055
v 0.120591 0.234977 0.007848
v 0.126540 0.234957 0.006805
v 0.132436 0.234957 0.002231
v 0.132586 0.234957 -0.005717
v 0.127485 0.234957 0.015002
v 0.132580 0.234957 0.014507
v 0.138997 0.234957 0.003925
v 0.138997 0.234957 -0.004655
v 0.132580 0.234957 -0.008591
v 0.126286 0.234957 -0.010435
v 0.127621 0.237948 0.015067
v 0.110838 0.237355 -0.000238
v 0.120591 0.234977 0.007848
v 0.110890 0.234957 -0.000055
v 0.127485 0.234957 0.015002
v 0.109059 0.234957 -0.010630
v 0.108994 0.237225 -0.010819
v 0.118480 0.237342 -0.008486
v 0.126573 0.234957 -0.007079
v 0.126507 0.237948 -0.007320
v 0.110890 0.234957 -0.000055
v 0.108994 0.237225 -0.010819
v 0.109059 0.234957 -0.010630
v 0.110838 0.237355 -0.000238
v 0.001997 0.130990 -0.184638
v 0.002290 0.128958 -0.181986
v 0.003522 0.130958 -0.183550
v -0.000081 0.128912 -0.183081
v 0.004668 0.130971 -0.181941
v -0.000003 0.130958 -0.185003
v -0.001932 0.130990 -0.184684
v -0.002231 0.128958 -0.181986
v -0.003528 0.130958 -0.183544
v -0.004662 0.130964 -0.181941
v -0.019269 0.158831 0.190763
v -0.019159 0.161965 0.184527
v -0.021745 0.161965 0.188782
v -0.020944 0.158961 0.195402
v -0.015471 0.158974 0.184749
v -0.023433 0.161926 0.193629
v -0.017243 0.162089 0.182279
v -0.017719 0.163118 0.181152
v -0.010917 0.158961 0.181673
v 0.019263 0.158831 -0.190763
v 0.017719 0.161874 -0.182658
v 0.021745 0.161965 -0.188782
v 0.020944 0.158961 -0.195395
v 0.015536 0.158974 -0.184808
v 0.023433 0.161926 -0.193630
v 0.017452 0.162955 -0.181178
v 0.010917 0.158961 -0.181674
v -0.157423 0.161952 -0.113483
v -0.160107 0.158961 -0.111782
v -0.147826 0.161958 -0.106166
v -0.149559 0.158961 -0.103710
v -0.164668 0.141461 0.010506
v -0.164694 0.139460 0.010011
v -0.164694 0.139454 -0.010005
v -0.162792 0.139460 0.026899
v -0.162792 0.141461 0.026899
v -0.164668 0.141461 -0.010506
v -0.162792 0.141461 -0.026899
v -0.162792 0.139460 -0.026899
v 0.141604 0.123960 -0.070852
v 0.132932 0.123960 -0.068194
v 0.143819 0.126957 -0.068396
v 0.138971 0.126957 -0.066911
v 0.153957 0.123960 -0.063724
v 0.159417 0.123960 -0.070976
v 0.150725 0.126957 -0.064409
v 0.153775 0.126957 -0.068461
v 0.142711 0.126957 0.058505
v 0.147409 0.123960 0.057821
v 0.139623 0.123960 0.053156
v 0.147064 0.126957 0.061112
v 0.153775 0.126957 0.068461
v 0.150373 0.123960 0.071777
v 0.159417 0.123960 0.070976
v 0.148719 0.126957 0.068911
v -0.138971 0.126957 -0.066911
v -0.139773 0.123960 -0.062232
v -0.132931 0.123960 -0.068194
v -0.142796 0.126957 -0.063575
v 0.143819 0.126957 0.068396
v 0.132932 0.123960 0.068194
v 0.141604 0.123960 0.070852
v 0.138971 0.126957 0.066910
v 0.162792 0.141461 0.026899
v 0.164694 0.139454 0.009998
v 0.162792 0.139460 0.026899
v 0.164668 0.141461 0.010506
v 0.164694 0.139460 -0.010011
v 0.164668 0.141461 -0.010506
v 0.162792 0.139460 -0.026899
v 0.162792 0.141461 -0.026899
v -0.150725 0.126957 -0.064409
v -0.159417 0.123960 -0.070976
v -0.153963 0.123960 -0.063724
v -0.153774 0.126957 -0.068461
v -0.143819 0.126957 -0.068396
v -0.132931 0.123960 -0.068194
v -0.141603 0.123960 -0.070852
v -0.138971 0.126957 -0.066911
v -0.153774 0.126957 -0.068461
v -0.150373 0.123960 -0.071778
v -0.159417 0.123960 -0.070976
v -0.148718 0.126957 -0.068911
v 0.110088 0.188978 -0.055671
v 0.114141 0.188958 -0.046999
v 0.097220 0.188939 -0.047006
v 0.118396 0.192822 -0.046999
v 0.115223 0.189818 -0.046999
v 0.110746 0.189701 -0.056825
v 0.111620 0.192692 -0.061092
v -0.153963 0.123960 0.063724
v -0.159417 0.123960 0.070976
v -0.150725 0.126957 0.064408
v -0.153774 0.126957 0.068461
v -0.139773 0.123960 0.062232
v -0.139623 0.123960 0.053156
v -0.142796 0.126957 0.063574
v -0.142711 0.126957 0.058505
v -0.139623 0.123960 0.053156
v -0.147409 0.123960 0.057821
v -0.142711 0.126957 0.058505
v -0.147063 0.126957 0.061112
v -0.095474 0.158961 -0.162127
v -0.095311 0.158961 -0.166082
v -0.099097 0.162955 -0.164453
v -0.108108 0.188554 -0.112910
v -0.118650 0.186287 -0.110440
v -0.116754 0.188802 -0.110903
v -0.125628 0.189115 -0.108147
v -0.128599 0.185850 -0.107098
v -0.134345 0.189421 -0.104739
v -0.143069 0.184508 -0.100634
v -0.143148 0.189779 -0.100446
v -0.151683 0.190177 -0.095520
v -0.154530 0.183257 -0.093656
v -0.157110 0.183101 -0.091865
v -0.157110 0.179961 -0.091865
v 0.125628 0.189115 0.108147
v 0.118650 0.186287 0.110440
v 0.128599 0.185850 0.107098
v 0.134345 0.189421 0.104739
v 0.143070 0.184508 0.100634
v 0.143148 0.189779 0.100445
v 0.151683 0.190177 0.095520
v 0.154530 0.183257 0.093656
v 0.157117 0.183121 0.091865
v 0.157110 0.179961 0.091865
v 0.116754 0.188802 0.110903
v 0.108108 0.188554 0.112909
v 0.157430 0.161952 0.113483
v 0.160101 0.158961 0.111782
v 0.147826 0.161958 0.106166
v 0.149559 0.158961 0.103710
v 0.041259 0.158961 0.183576
v 0.039891 0.158961 0.187283
v 0.043996 0.162955 0.186892
v -0.041259 0.158961 -0.183576
v -0.039891 0.158961 -0.187283
v -0.043995 0.162955 -0.186893
v -0.138873 0.235107 -0.003704
v -0.132567 0.237889 -0.002544
v -0.132495 0.234957 -0.002258
v -0.139427 0.237935 -0.004447
v -0.111209 0.178970 -0.145252
v -0.111574 0.162388 -0.145572
v -0.112297 0.178957 -0.145682
v -0.112382 0.161958 -0.145637
v 0.150725 0.126957 0.064408
v 0.159417 0.123960 0.070976
v 0.153957 0.123960 0.063724
v 0.153775 0.126957 0.068461
v 0.143819 0.126957 0.068396
v 0.141604 0.123960 0.070852
v 0.145806 0.126957 0.073061
v 0.145161 0.123960 0.079205
v 0.142796 0.126957 0.063574
v 0.139623 0.123960 0.053156
v 0.139773 0.123960 0.062232
v 0.142711 0.126957 0.058505
v 0.142796 0.126957 0.063574
v 0.143819 0.126957 0.068396
v 0.145806 0.126957 0.073061
v 0.147064 0.126957 0.061112
v 0.150725 0.126957 0.064408
v 0.151859 0.126957 0.059470
v 0.142711 0.126957 0.058505
v 0.138971 0.126957 0.066910
v 0.148719 0.126957 0.068911
v 0.153775 0.126957 0.068461
v 0.145806 0.126957 0.073061
v 0.145161 0.123960 0.079205
v 0.148719 0.126957 0.068911
v 0.150373 0.123960 0.071777
v 0.110968 0.161808 0.144366
v 0.111385 0.178957 0.145422
v 0.111105 0.178957 0.144346
v 0.111476 0.162369 0.145500
v 0.142796 0.126957 0.063574
v 0.139773 0.123960 0.062232
v 0.138971 0.126957 0.066910
v 0.132932 0.123960 0.068194
v 0.138997 0.234957 0.003925
v 0.139128 0.237902 0.004043
v 0.132436 0.234957 0.002231
v 0.132697 0.237902 0.002544
v -0.147063 0.126957 -0.061112
v -0.155990 0.123960 -0.054876
v -0.147409 0.123960 -0.057821
v -0.151859 0.126957 -0.059470
v 0.139232 0.237863 -0.004721
v 0.139128 0.237902 0.004043
v 0.138997 0.234957 -0.004655
v 0.138997 0.234957 0.003925
v -0.150725 0.126957 -0.064409
v -0.153963 0.123960 -0.063724
v -0.151859 0.126957 -0.059470
v -0.155990 0.123960 -0.054876
v -0.145806 0.126957 -0.073061
v -0.145161 0.123960 -0.079205
v -0.148718 0.126957 -0.068911
v -0.150373 0.123960 -0.071778
v -0.147063 0.126957 -0.061112
v -0.145806 0.126957 -0.073061
v -0.150725 0.126957 -0.064409
v -0.142796 0.126957 -0.063575
v -0.143819 0.126957 -0.068396
v -0.151859 0.126957 -0.059470
v -0.142711 0.126957 -0.058506
v -0.138971 0.126957 -0.066911
v -0.148718 0.126957 -0.068911
v -0.153774 0.126957 -0.068461
v 0.139623 0.123960 -0.053156
v 0.147409 0.123960 -0.057821
v 0.142711 0.126957 -0.058506
v 0.147064 0.126957 -0.061112
v -0.143819 0.126957 -0.068396
v -0.141603 0.123960 -0.070852
v -0.145806 0.126957 -0.073061
v -0.145161 0.123960 -0.079205
v 0.097220 0.188939 -0.047006
v 0.094745 0.190073 -0.046804
v 0.111620 0.192692 -0.061092
v 0.110088 0.188978 -0.055671
v 0.110746 0.189701 -0.056825
v 0.093389 0.191141 -0.047227
v 0.093148 0.190314 -0.045957
v 0.066122 0.188111 0.105417
v 0.054459 0.188958 0.110779
v 0.067145 0.188958 0.103579
v 0.054570 0.187955 0.111834
v 0.083010 0.188958 0.091363
v 0.083642 0.187968 0.092132
v 0.096693 0.188958 0.076736
v 0.097403 0.187968 0.077426
v 0.108688 0.187961 0.060590
v 0.107828 0.188958 0.060089
v 0.115223 0.187955 0.046999
v 0.114141 0.188958 0.046999
v 0.039598 0.188958 0.106296
v 0.048087 0.187903 0.109925
v 0.038151 0.188105 0.106615
v 0.025309 0.188958 0.099846
v 0.022605 0.187955 0.099462
v 0.054570 0.187955 0.111834
v 0.054459 0.188958 0.110779
v -0.039598 0.188958 -0.106296
v -0.048146 0.187903 -0.109945
v -0.038158 0.188105 -0.106616
v -0.025309 0.188958 -0.099846
v -0.022612 0.187955 -0.099462
v -0.054577 0.187955 -0.111835
v -0.054459 0.188958 -0.110779
v -0.066122 0.188111 -0.105417
v -0.054459 0.188958 -0.110779
v -0.067145 0.188958 -0.103579
v -0.054577 0.187955 -0.111835
v -0.083010 0.188958 -0.091363
v -0.083642 0.187968 -0.092132
v -0.096692 0.188958 -0.076736
v -0.097403 0.187968 -0.077426
v -0.108687 0.187961 -0.060591
v -0.107827 0.188958 -0.060089
v -0.115222 0.187955 -0.046999
v -0.114141 0.188958 -0.046999
v 0.141069 0.179961 0.079648
v 0.157110 0.179961 0.091865
v 0.139603 0.183257 0.082293
v 0.154530 0.183257 0.093656
v -0.111209 0.178970 -0.145252
v -0.111039 0.162493 -0.144685
v -0.111574 0.162388 -0.145572
v -0.141069 0.179961 -0.079648
v -0.157110 0.179961 -0.091865
v -0.139603 0.183257 -0.082293
v -0.154530 0.183257 -0.093656
v -0.061118 0.184404 0.079146
v -0.059027 0.187720 0.080723
v -0.062135 0.191786 0.084795
v -0.064526 0.190470 0.084730
v 0.126286 0.234957 -0.010435
v 0.132782 0.237948 -0.008675
v 0.132580 0.234957 -0.008591
v 0.125947 0.237942 -0.010799
v 0.126286 0.234957 -0.010435
v 0.126573 0.234957 -0.007079
v 0.126507 0.237948 -0.007320
v 0.125947 0.237942 -0.010799
v -0.147063 0.126957 0.061112
v -0.148718 0.126957 0.068911
v -0.142711 0.126957 0.058505
v -0.142796 0.126957 0.063574
v -0.143819 0.126957 0.068396
v -0.145806 0.126957 0.073061
v -0.138971 0.126957 0.066910
v -0.150725 0.126957 0.064408
v -0.151859 0.126957 0.059470
v -0.153774 0.126957 0.068461
v -0.147063 0.126957 -0.061112
v -0.147409 0.123960 -0.057821
v -0.142711 0.126957 -0.058506
v -0.139623 0.123960 -0.053156
v -0.004740 0.175908 0.192040
v -0.009483 0.178644 0.189355
v -0.004636 0.179094 0.189368
v -0.000537 0.176436 0.192007
v -0.007183 0.174892 0.193486
v -0.011047 0.178221 0.191075
v -0.008558 0.175048 0.196372
v -0.011001 0.177726 0.194320
v -0.145806 0.126957 0.073061
v -0.141603 0.123960 0.070852
v -0.143819 0.126957 0.068396
v -0.145161 0.123960 0.079205
v -0.148718 0.126957 0.068911
v -0.145161 0.123960 0.079205
v -0.145806 0.126957 0.073061
v -0.150373 0.123960 0.071777
v 0.150725 0.126957 0.064408
v 0.153957 0.123960 0.063724
v 0.151859 0.126957 0.059470
v 0.155990 0.123960 0.054876
v 0.008552 0.175185 -0.196770
v 0.011054 0.177739 -0.194222
v 0.007926 0.174859 -0.194581
v 0.010467 0.178501 -0.189662
v 0.006636 0.175048 -0.193024
v 0.004629 0.175967 -0.192020
v 0.004642 0.179094 -0.189362
v 0.000538 0.176436 -0.192001
v 0.147064 0.126957 0.061112
v 0.155990 0.123960 0.054876
v 0.147409 0.123960 0.057821
v 0.151859 0.126957 0.059470
v 0.136476 0.235902 0.035200
v 0.137486 0.237955 0.033467
v 0.136326 0.237961 0.036001
v 0.137251 0.236391 0.032391
v 0.135766 0.234593 0.031557
v 0.133616 0.234299 0.035343
v 0.132906 0.233974 0.032027
v 0.130912 0.235622 0.030671
v 0.129654 0.237961 0.031388
v 0.132163 0.237955 0.028997
v 0.133668 0.235883 0.029381
v 0.132906 0.233974 0.032027
v 0.135766 0.234593 0.031557
v 0.133668 0.235883 0.029381
v 0.132163 0.237955 0.028997
v 0.136450 0.237955 0.029870
v 0.133596 0.237889 0.037324
v 0.130136 0.237955 0.035519
v 0.130716 0.236065 0.035493
v 0.133616 0.234299 0.035343
v 0.050804 0.183674 0.182397
v 0.042510 0.181596 0.185778
v 0.038940 0.182717 0.185179
v 0.044048 0.180052 0.186951
v 0.055411 0.180990 0.183830
v -0.050804 0.183674 -0.182397
v -0.042510 0.181596 -0.185778
v -0.038940 0.182717 -0.185179
v -0.044048 0.180052 -0.186951
v -0.055411 0.180990 -0.183830
v 0.061118 0.184404 -0.079147
v 0.059020 0.187720 -0.080723
v 0.062135 0.191786 -0.084789
v 0.064526 0.190470 -0.084730
v -0.136052 0.235629 -0.035337
v -0.137303 0.237961 -0.034626
v -0.134736 0.237942 -0.037024
v -0.133016 0.235453 -0.036373
v -0.134046 0.233974 -0.033988
v -0.136912 0.235453 -0.032770
v -0.133433 0.233967 -0.031675
v -0.136241 0.236065 -0.030509
v -0.133433 0.235674 -0.029440
v -0.134443 0.237955 -0.028906
v -0.134736 0.237942 -0.037024
v -0.137303 0.237961 -0.034626
v -0.130521 0.236313 -0.035402
v -0.131478 0.237955 -0.036588
v -0.129061 0.237909 -0.033174
v 0.107586 0.235687 0.036561
v 0.106577 0.237955 0.037089
v 0.104791 0.236065 0.035493
v 0.107671 0.233961 0.034346
v 0.104127 0.235440 0.033238
v 0.106974 0.233974 0.032027
v 0.104987 0.235622 0.030671
v -0.130605 0.237961 -0.030020
v -0.134443 0.237955 -0.028906
v -0.133433 0.235674 -0.029440
v -0.130892 0.235596 -0.030763
v 0.134743 0.237955 -0.028971
v 0.133016 0.235453 -0.029629
v 0.136046 0.235629 -0.030665
v 0.134046 0.233974 -0.032007
v 0.137303 0.237961 -0.031375
v 0.136913 0.235453 -0.033226
v 0.133433 0.233967 -0.034327
v 0.136241 0.236065 -0.035493
v 0.133433 0.235674 -0.036555
v 0.134443 0.237955 -0.037089
v 0.130521 0.236313 -0.030600
v 0.131479 0.237961 -0.029414
v 0.129048 0.237948 -0.032822
v 0.110544 0.235902 0.035200
v 0.111554 0.237961 0.033467
v 0.110395 0.237961 0.036001
v 0.111326 0.236391 0.032391
v 0.109860 0.234638 0.031525
v 0.107671 0.233961 0.034346
v 0.107586 0.235687 0.036561
v 0.106974 0.233974 0.032027
v 0.130606 0.237955 -0.035982
v 0.134443 0.237955 -0.037089
v 0.133433 0.235674 -0.036555
v 0.130892 0.235596 -0.035239
v 0.142796 0.126957 -0.063575
v 0.139623 0.123960 -0.053156
v 0.142711 0.126957 -0.058506
v 0.139773 0.123960 -0.062232
v 0.145806 0.126957 -0.073061
v 0.143819 0.126957 -0.068396
v 0.148719 0.126957 -0.068911
v 0.142796 0.126957 -0.063575
v 0.142711 0.126957 -0.058506
v 0.147064 0.126957 -0.061112
v 0.138971 0.126957 -0.066911
v 0.150725 0.126957 -0.064409
v 0.151859 0.126957 -0.059470
v 0.153775 0.126957 -0.068461
v 0.109860 0.234638 0.031525
v 0.107736 0.235883 0.029381
v 0.110518 0.237961 0.029870
v 0.111326 0.236391 0.032391
v 0.148719 0.126957 -0.068911
v 0.145161 0.123960 -0.079205
v 0.145806 0.126957 -0.073061
v 0.150373 0.123960 -0.071778
v 0.145806 0.126957 -0.073061
v 0.141604 0.123960 -0.070852
v 0.143819 0.126957 -0.068396
v 0.145161 0.123960 -0.079205
v 0.151859 0.126957 -0.059470
v 0.153957 0.123960 -0.063724
v 0.150725 0.126957 -0.064409
v 0.155990 0.123960 -0.054876
v 0.147409 0.123960 -0.057821
v 0.155990 0.123960 -0.054876
v 0.147064 0.126957 -0.061112
v 0.151859 0.126957 -0.059470
v 0.019999 0.185961 0.097983
v 0.022605 0.187955 0.099462
v -0.151859 0.126957 0.059470
v -0.153963 0.123960 0.063724
v -0.150725 0.126957 0.064408
v -0.155990 0.123960 0.054876
v 0.160792 0.137955 0.019738
v 0.161345 0.137955 0.026449
v 0.163359 0.137968 0.009672
v 0.161782 0.137955 0.008402
v 0.161971 0.137955 -0.003163
v 0.163307 0.137955 -0.008017
v 0.161339 0.137955 -0.014611
v 0.160212 0.137454 -0.026091
v 0.159899 0.137955 0.026000
v -0.161339 0.137955 0.014611
v -0.163306 0.137955 0.008017
v -0.160212 0.137454 0.026091
v -0.161971 0.137955 0.003163
v -0.163359 0.137968 -0.009672
v -0.161788 0.137955 -0.008317
v -0.160791 0.137955 -0.019739
v -0.161345 0.137955 -0.026450
v -0.159899 0.137955 -0.026000
v -0.147409 0.123960 0.057821
v -0.155990 0.123960 0.054876
v -0.147063 0.126957 0.061112
v -0.151859 0.126957 0.059470
v 0.105019 0.235954 -0.030417
v 0.106603 0.237961 -0.028847
v 0.103338 0.237831 -0.032157
v 0.111059 0.237955 -0.030457
v 0.111183 0.235844 -0.033812
v 0.111567 0.237948 -0.034190
v 0.109430 0.234808 -0.031095
v 0.108010 0.235798 -0.029349
v 0.104980 0.235648 -0.035513
v 0.104909 0.234795 -0.032750
v 0.103338 0.237831 -0.032157
v 0.105019 0.235954 -0.030417
v 0.103703 0.237955 -0.034666
v 0.106870 0.234150 -0.031721
v 0.108010 0.235798 -0.029349
v 0.106603 0.237961 -0.028847
v 0.109430 0.234808 -0.031095
v 0.108108 0.233726 -0.033662
v 0.108108 0.233726 -0.033662
v 0.104980 0.235648 -0.035513
v 0.108284 0.235596 -0.036425
v 0.109730 0.237955 -0.036568
v 0.111183 0.235844 -0.033812
v 0.108284 0.235596 -0.036425
v 0.108108 0.233726 -0.033662
v 0.111567 0.237948 -0.034190
v -0.142796 0.126957 -0.063575
v -0.139623 0.123960 -0.053156
v -0.139773 0.123960 -0.062232
v -0.142711 0.126957 -0.058506
v 0.130006 0.235472 0.033336
v 0.129654 0.237961 0.031388
v 0.130912 0.235622 0.030671
v 0.135766 0.234593 0.031557
v 0.133668 0.235883 0.029381
v 0.136450 0.237955 0.029870
v 0.137251 0.236391 0.032391
v 0.126527 0.237733 0.000511
v 0.117132 0.237564 -0.001528
v 0.126573 0.234957 0.000453
v 0.117079 0.234957 -0.001561
v 0.126540 0.234957 0.006805
v 0.126527 0.237733 0.000511
v 0.126573 0.234957 0.000453
v 0.126169 0.237981 0.006076
v 0.117079 0.234957 -0.001561
v 0.126169 0.237981 0.006076
v 0.126540 0.234957 0.006805
v 0.117132 0.237564 -0.001528
v -0.132586 0.234957 -0.014507
v -0.127341 0.237948 -0.015171
v -0.127484 0.234957 -0.015002
v -0.132593 0.237244 -0.014520
v -0.129061 0.237909 -0.033174
v -0.130892 0.235596 -0.030763
v -0.131250 0.234521 -0.033695
v -0.130605 0.237961 -0.030020
v -0.130521 0.236313 -0.035402
v -0.101149 0.237961 -0.028170
v -0.103123 0.237928 -0.033167
v -0.104693 0.237961 -0.029987
v -0.105547 0.237955 -0.036588
v -0.117079 0.234957 0.001560
v -0.126168 0.237994 -0.006063
v -0.126540 0.234957 -0.006812
v -0.117157 0.237564 0.001528
v -0.110095 0.235570 -0.035304
v -0.111574 0.237961 -0.034242
v -0.108811 0.237955 -0.037031
v -0.111593 0.236678 -0.032809
v -0.110160 0.234821 -0.032542
v -0.108114 0.233974 -0.033988
v -0.107078 0.235459 -0.036379
v -0.108811 0.237955 -0.037031
v -0.110140 0.235589 0.030763
v -0.110140 0.234801 0.034574
v -0.111952 0.237948 0.033043
v -0.107606 0.233967 0.031681
v -0.110427 0.237961 0.030020
v -0.107625 0.235694 0.029433
v -0.107013 0.233967 0.033975
v -0.126572 0.234957 -0.000453
v -0.117157 0.237564 0.001528
v -0.117079 0.234957 0.001560
v -0.126527 0.237733 -0.000512
v -0.126168 0.237994 -0.006063
v -0.126527 0.237733 -0.000512
v -0.126540 0.234957 -0.006812
v -0.126572 0.234957 -0.000453
v -0.103123 0.237928 -0.033167
v -0.104693 0.237961 -0.029987
v -0.105000 0.235524 -0.030776
v -0.105319 0.234527 -0.033695
v -0.107169 0.234312 -0.030750
v -0.108114 0.233974 -0.033988
v -0.110160 0.234821 -0.032542
v -0.109534 0.235798 -0.030007
v -0.104589 0.236313 -0.035402
v -0.111593 0.236678 -0.032809
v -0.110662 0.237961 -0.030437
v -0.109534 0.235798 -0.030007
v -0.107554 0.237955 -0.028684
v -0.110662 0.237961 -0.030437
v -0.126527 0.237733 -0.000512
v -0.126168 0.237994 -0.006063
v -0.117157 0.237564 0.001528
v 0.126527 0.237733 0.000511
v 0.126169 0.237981 0.006076
v 0.117132 0.237564 -0.001528
v -0.109789 0.237948 0.036568
v -0.111952 0.237948 0.033043
v -0.110140 0.234801 0.034574
v -0.105000 0.235550 0.035297
v -0.104211 0.235524 0.031460
v -0.103833 0.237948 0.035291
v -0.103820 0.237961 0.031440
v -0.103833 0.237948 0.035291
v -0.107052 0.237961 0.036991
v -0.107287 0.235817 0.036600
v -0.105000 0.235550 0.035297
v -0.107078 0.235459 -0.036379
v -0.105547 0.237955 -0.036588
v -0.104589 0.236313 -0.035402
v -0.108811 0.237955 -0.037031
v -0.105319 0.234527 -0.033695
v -0.108114 0.233974 -0.033988
v -0.126103 0.237955 0.010695
v -0.132827 0.237948 0.008623
v -0.126247 0.234957 0.010447
v -0.132586 0.234957 0.008591
v 0.132717 0.237928 0.014709
v 0.127621 0.237948 0.015067
v 0.132580 0.234957 0.014507
v 0.127485 0.234957 0.015002
v -0.135720 0.237935 0.036561
v -0.137864 0.237889 0.033030
v -0.136072 0.234801 0.034574
v -0.130931 0.235550 0.035297
v -0.130143 0.235524 0.031460
v -0.129765 0.237955 0.035291
v -0.129745 0.237961 0.031440
v -0.136072 0.235589 0.030763
v -0.136072 0.234801 0.034574
v -0.137864 0.237889 0.033030
v -0.133537 0.233967 0.031681
v -0.136359 0.237961 0.030020
v -0.133550 0.235694 0.029433
v -0.132938 0.233967 0.033975
v -0.129765 0.237955 0.035291
v -0.132984 0.237961 0.036991
v -0.133212 0.235817 0.036600
v -0.130931 0.235550 0.035297
v 0.104127 0.235440 0.033238
v 0.103723 0.237961 0.031388
v 0.104987 0.235622 0.030671
v 0.103814 0.237961 0.034555
v 0.104791 0.236065 0.035493
v 0.104791 0.236065 0.035493
v 0.106577 0.237955 0.037089
v 0.103814 0.237961 0.034555
v -0.126631 0.234957 0.007066
v -0.126103 0.237955 0.010695
v -0.126247 0.234957 0.010447
v -0.126383 0.237942 0.007314
v -0.072553 0.189180 -0.114767
v -0.086014 0.190372 -0.115314
v -0.089193 0.188144 -0.115151
v -0.097396 0.191252 -0.114558
v -0.100067 0.188313 -0.114213
v -0.073426 0.187988 -0.114838
v -0.057926 0.188020 -0.112675
v -0.108108 0.188554 -0.112910
v 0.072553 0.189180 0.114766
v 0.086014 0.190372 0.115314
v 0.089193 0.188144 0.115151
v 0.097396 0.191252 0.114558
v 0.100068 0.188313 0.114213
v 0.073426 0.187988 0.114838
v 0.057939 0.188027 0.112675
v 0.108108 0.188554 0.112909
v 0.091063 0.168956 -0.159821
v 0.090692 0.168949 -0.157957
v 0.091194 0.161971 -0.159710
v 0.090353 0.163789 -0.158016
v -0.091063 0.168956 0.159821
v -0.090692 0.168949 0.157957
v -0.091193 0.161971 0.159710
v -0.090353 0.163789 0.158016
v 0.071986 0.188274 -0.100980
v 0.062747 0.186691 -0.119738
v 0.068318 0.185609 -0.115242
v 0.074338 0.186997 -0.101540
v 0.061164 0.184150 -0.129329
v 0.130892 0.235596 -0.035239
v 0.131251 0.234521 -0.032307
v 0.129048 0.237948 -0.032822
v 0.130606 0.237955 -0.035982
v 0.130521 0.236313 -0.030600
v -0.019660 0.129961 -0.143663
v -0.019660 0.173960 -0.143663
v 0.150693 0.231433 0.053788
v 0.151383 0.238886 0.051801
v 0.150680 0.185948 0.053808
v -0.011001 0.177726 0.194320
v -0.008558 0.175048 0.196372
v -0.008050 0.177081 0.199435
v 0.075394 0.186111 -0.098999
v 0.075472 0.188887 -0.099123
v 0.070149 0.188261 -0.092112
v -0.107169 0.234312 -0.030750
v -0.107554 0.237955 -0.028684
v -0.109534 0.235798 -0.030007
v -0.105000 0.235524 -0.030776
v -0.104693 0.237961 -0.029987
v -0.075393 0.186111 0.098999
v -0.075472 0.188887 0.099123
v -0.070149 0.188261 0.092112
v 0.136476 0.235902 0.035200
v 0.133596 0.237889 0.037324
v 0.133616 0.234299 0.035343
v 0.136326 0.237961 0.036001
v 0.111059 0.237955 -0.030457
v 0.106603 0.237961 -0.028847
v 0.108010 0.235798 -0.029349
v 0.112375 0.193956 -0.130508
v 0.117887 0.193956 -0.126156
v 0.117887 0.193956 -0.126156
v 0.123419 0.193956 -0.118656
v -0.136359 0.237961 0.030020
v -0.132508 0.237955 0.028912
v -0.133550 0.235694 0.029433
v -0.136072 0.235589 0.030763
v -0.130143 0.235524 0.031460
v -0.133537 0.233967 0.031681
v -0.133550 0.235694 0.029433
v -0.132508 0.237955 0.028912
v -0.129745 0.237961 0.031440
v -0.110427 0.237961 0.030020
v -0.106583 0.237955 0.028912
v -0.107625 0.235694 0.029433
v -0.110140 0.235589 0.030763
v -0.104211 0.235524 0.031460
v -0.107606 0.233967 0.031681
v -0.107625 0.235694 0.029433
v -0.106583 0.237955 0.028912
v -0.103820 0.237961 0.031440
v 0.136241 0.236065 -0.035493
v 0.134443 0.237955 -0.037089
v 0.137219 0.237961 -0.034555
v -0.104589 0.236313 -0.035402
v -0.105547 0.237955 -0.036588
v -0.103123 0.237928 -0.033167
v -0.109789 0.237948 0.036568
v -0.110140 0.234801 0.034574
v -0.107287 0.235817 0.036600
v -0.107052 0.237961 0.036991
v -0.107013 0.233967 0.033975
v -0.104211 0.235524 0.031460
v -0.105000 0.235550 0.035297
v -0.107606 0.233967 0.031681
v -0.135720 0.237935 0.036561
v -0.136072 0.234801 0.034574
v -0.133212 0.235817 0.036600
v -0.132984 0.237961 0.036991
v -0.132938 0.233967 0.033975
v -0.130143 0.235524 0.031460
v -0.130931 0.235550 0.035297
v -0.133537 0.233967 0.031681
v 0.103703 0.237955 -0.034666
v 0.106336 0.237955 -0.036946
v 0.104980 0.235648 -0.035513
v 0.106336 0.237955 -0.036946
v 0.109730 0.237955 -0.036568
v 0.108284 0.235596 -0.036425
v 0.104980 0.235648 -0.035513
v -0.110095 0.188978 0.055671
v -0.114141 0.188958 0.046999
v -0.097220 0.188939 0.047006
v -0.110818 0.187955 0.056609
v -0.110746 0.189701 0.056824
v -0.115222 0.187955 0.046999
v -0.115222 0.189818 0.046999
v -0.118395 0.192822 0.046999
v -0.115222 0.189818 0.046999
v -0.110746 0.189701 0.056824
v -0.111619 0.192692 0.061092
v 0.132586 0.234957 -0.005717
v 0.139232 0.237863 -0.004721
v 0.138997 0.234957 -0.004655
v 0.132704 0.237889 -0.005900
v -0.132586 0.234957 0.005717
v -0.139212 0.237883 0.004714
v -0.138997 0.234957 0.004655
v -0.132632 0.237635 0.005802
v 0.132782 0.237948 -0.008675
v 0.132704 0.237889 -0.005900
v 0.132580 0.234957 -0.008591
v 0.132586 0.234957 -0.005717
v -0.132586 0.234957 0.008591
v -0.132632 0.237635 0.005802
v -0.132586 0.234957 0.005717
v -0.132827 0.237948 0.008623
v -0.143819 0.126957 0.068396
v -0.132931 0.123960 0.068194
v -0.138971 0.126957 0.066910
v -0.141603 0.123960 0.070852
v 0.132932 0.123960 -0.068194
v 0.139773 0.123960 -0.062232
v 0.138971 0.126957 -0.066911
v 0.142796 0.126957 -0.063575
v -0.132931 0.123960 0.068194
v -0.139773 0.123960 0.062232
v -0.138971 0.126957 0.066910
v -0.142796 0.126957 0.063574
v -0.110095 0.188978 0.055671
v -0.110818 0.187955 0.056609
v -0.114141 0.188958 0.046999
v -0.115222 0.187955 0.046999
v -0.110095 0.188978 0.055671
v -0.110746 0.189701 0.056824
v -0.110818 0.187955 0.056609
v -0.159417 0.123960 0.070976
v -0.150373 0.123960 0.071777
v -0.153774 0.126957 0.068461
v -0.148718 0.126957 0.068911
v 0.159417 0.123960 -0.070976
v 0.150373 0.123960 -0.071778
v 0.153775 0.126957 -0.068461
v 0.148719 0.126957 -0.068911
v -0.111574 0.162388 -0.145572
v -0.111039 0.162493 -0.144685
v -0.105970 0.159906 -0.147813
v 0.110088 0.188978 -0.055671
v 0.110818 0.187955 -0.056610
v 0.114141 0.188958 -0.046999
v 0.115223 0.187955 -0.046999
v 0.115223 0.187955 -0.046999
v 0.110746 0.189701 -0.056825
v 0.115223 0.189818 -0.046999
v 0.110818 0.187955 -0.056610
v 0.110088 0.188978 -0.055671
v 0.110746 0.189701 -0.056825
v 0.110818 0.187955 -0.056610
v 0.137303 0.237961 -0.031375
v 0.136046 0.235629 -0.030665
v 0.136913 0.235453 -0.033226
v 0.137219 0.237961 -0.034555
v 0.136241 0.236065 -0.035493
v -0.136912 0.235453 -0.032770
v -0.137303 0.237961 -0.034626
v -0.136052 0.235629 -0.035337
v -0.137219 0.237961 -0.031447
v -0.136241 0.236065 -0.030509
v -0.136241 0.236065 -0.030509
v -0.134443 0.237955 -0.028906
v -0.137219 0.237961 -0.031447
v 0.157534 0.161958 0.114545
v 0.160479 0.158961 0.115835
v 0.160101 0.158961 0.111782
v 0.157430 0.161952 0.113483
v -0.157547 0.161958 -0.114538
v -0.160479 0.158961 -0.115835
v -0.160107 0.158961 -0.111782
v -0.157423 0.161952 -0.113483
v -0.099357 0.183779 -0.164447
v -0.099201 0.182547 -0.164486
v -0.100563 0.162955 -0.165730
v -0.093695 0.185473 -0.163502
v 0.107736 0.235883 0.029381
v 0.106231 0.237955 0.028997
v 0.110518 0.237961 0.029870
v 0.104987 0.235622 0.030671
v 0.103723 0.237961 0.031388
v 0.106231 0.237955 0.028997
v 0.107736 0.235883 0.029381
v 0.106974 0.233974 0.032027
v 0.109860 0.234638 0.031525
v 0.110395 0.237961 0.036001
v 0.106577 0.237955 0.037089
v 0.107586 0.235687 0.036561
v 0.110544 0.235902 0.035200
v 0.099384 0.183772 0.164460
v 0.099377 0.182560 0.164381
v 0.099227 0.162994 0.164381
v 0.099377 0.182560 0.164381
v 0.099384 0.183772 0.164460
v 0.093696 0.185473 0.163508
v 0.133433 0.233967 -0.034327
v 0.131251 0.234521 -0.032307
v 0.130892 0.235596 -0.035239
v 0.133433 0.235674 -0.036555
v 0.134046 0.233974 -0.032007
v 0.133016 0.235453 -0.029629
v 0.130521 0.236313 -0.030600
v 0.131479 0.237961 -0.029414
v 0.134743 0.237955 -0.028971
v 0.066122 0.188111 0.105417
v 0.054916 0.185134 0.111808
v 0.054570 0.187955 0.111834
v -0.131250 0.234521 -0.033695
v -0.130892 0.235596 -0.030763
v -0.133433 0.233967 -0.031675
v -0.133433 0.235674 -0.029440
v -0.134046 0.233974 -0.033988
v -0.133016 0.235453 -0.036373
v -0.130521 0.236313 -0.035402
v -0.131478 0.237955 -0.036588
v -0.134736 0.237942 -0.037024
v 0.054916 0.185134 0.111808
v 0.057939 0.188027 0.112675
v 0.054570 0.187955 0.111834
v -0.110140 0.234801 0.034574
v -0.107013 0.233967 0.033975
v -0.107287 0.235817 0.036600
v -0.105000 0.235550 0.035297
v -0.136072 0.234801 0.034574
v -0.132938 0.233967 0.033975
v -0.133212 0.235817 0.036600
v -0.130931 0.235550 0.035297
v 0.109430 0.234808 -0.031095
v 0.108108 0.233726 -0.033662
v 0.111183 0.235844 -0.033812
v 0.062180 0.187212 -0.081753
v 0.064324 0.189460 -0.084463
v 0.065588 0.189421 -0.083512
v -0.062180 0.187212 0.081753
v -0.064324 0.189460 0.084463
v -0.065588 0.189421 0.083512
v -0.066122 0.188111 -0.105417
v -0.054915 0.185134 -0.111808
v -0.054577 0.187955 -0.111835
v -0.161130 0.123960 -0.073250
v -0.054915 0.185134 -0.111808
v -0.057926 0.188020 -0.112675
v -0.054577 0.187955 -0.111835
v 0.130006 0.235472 0.033336
v 0.132906 0.233974 0.032027
v 0.133616 0.234299 0.035343
v 0.130912 0.235622 0.030671
v 0.130716 0.236065 0.035493
v 0.109528 0.189779 0.059059
v 0.108688 0.187961 0.060590
v 0.115366 0.189897 0.047006
v 0.104394 0.189688 0.067725
v 0.097403 0.187968 0.077426
v 0.115223 0.187955 0.046999
v 0.099305 0.189564 0.074989
v 0.089604 0.189349 0.086470
v 0.083642 0.187968 0.092132
v 0.078619 0.189056 0.096458
v -0.109528 0.189779 -0.059059
v -0.108687 0.187961 -0.060591
v -0.115366 0.189897 -0.046999
v -0.104394 0.189688 -0.067725
v -0.097403 0.187968 -0.077426
v -0.115222 0.187955 -0.046999
v -0.099305 0.189564 -0.074990
v -0.089604 0.189349 -0.086470
v -0.083642 0.187968 -0.092132
v -0.078619 0.189056 -0.096458
v 0.130006 0.235472 0.033336
v 0.130136 0.237955 0.035519
v 0.129654 0.237961 0.031388
v 0.130716 0.236065 0.035493
v -0.111593 0.236678 -0.032809
v -0.110662 0.237961 -0.030437
v -0.111574 0.237961 -0.034242
v -0.022234 0.158961 -0.192724
v -0.041037 0.158942 -0.189746
v 0.039891 0.158961 0.187283
v 0.043996 0.162955 0.186892
v 0.065588 0.189421 -0.083512
v 0.064324 0.189460 -0.084463
v 0.067907 0.188001 -0.089167
v -0.065588 0.189421 0.083512
v -0.064324 0.189460 0.084463
v -0.067907 0.188001 0.089167
v 0.091011 0.188079 0.157658
v 0.099071 0.187857 0.157775
v 0.074651 0.187349 0.156381
v -0.091011 0.188079 -0.157658
v -0.099071 0.187857 -0.157775
v -0.074657 0.187356 -0.156381
v -0.019660 0.173960 0.143662
v -0.157423 0.161952 -0.113483
v -0.157573 0.178957 -0.114525
v -0.157547 0.161958 -0.114538
v -0.157390 0.178957 -0.113450
v 0.157430 0.161952 0.113483
v 0.157580 0.178957 0.114519
v 0.157534 0.161958 0.114545
v 0.157397 0.178957 0.113457
v 0.011679 0.187942 0.133238
v 0.017602 0.188307 0.136756
v 0.033519 0.187401 0.144711
v -0.011685 0.187942 -0.133238
v -0.017601 0.188307 -0.136750
v -0.033519 0.187401 -0.144712
v -0.017204 0.168956 0.182266
v -0.017243 0.162089 0.182279
v -0.017719 0.163118 0.181152
v -0.017810 0.168956 0.181146
v 0.126507 0.237948 -0.007320
v 0.118480 0.237342 -0.008486
v 0.108271 0.237955 -0.011627
v 0.108994 0.237225 -0.010819
v 0.002290 0.128958 -0.181986
v -0.000081 0.128912 -0.183081
v -0.002231 0.128958 -0.181986
v -0.126383 0.237942 0.007314
v -0.118278 0.237349 0.008532
v -0.108264 0.237955 0.011672
v -0.108994 0.237225 0.010819
v -0.002258 0.128958 0.181986
v -0.000192 0.128905 0.183100
v 0.002251 0.128958 0.181986
v 0.017328 0.168956 -0.182456
v 0.017719 0.161874 -0.182658
v 0.017452 0.162955 -0.181178
v 0.017660 0.168956 -0.181172
v -0.074657 0.187356 -0.156381
v -0.071230 0.187812 -0.155631
v -0.074657 0.187356 -0.156381
v -0.052511 0.187245 -0.151462
v -0.052413 0.187753 -0.151390
v -0.037252 0.187870 -0.146243
v -0.033519 0.187401 -0.144712
v -0.000120 0.184176 0.157651
v -0.016220 0.184802 0.145311
v -0.016989 0.185486 0.144861
v 0.000121 0.184176 -0.157651
v 0.016220 0.184802 -0.145311
v 0.016989 0.185486 -0.144861
v 0.074651 0.187349 0.156381
v 0.071230 0.187812 0.155631
v 0.074651 0.187349 0.156381
v 0.052505 0.187245 0.151461
v 0.052394 0.187746 0.151383
v 0.037272 0.187877 0.146249
v 0.033519 0.187401 0.144711
v 0.033519 0.187401 0.144711
v 0.017602 0.188307 0.136756
v 0.037272 0.187877 0.146249
v -0.033519 0.187401 -0.144712
v -0.017601 0.188307 -0.136750
v -0.037252 0.187870 -0.146243
v 0.064324 0.189460 -0.084463
v 0.062180 0.187212 -0.081753
v 0.064526 0.190470 -0.084730
v 0.067907 0.188001 -0.089167
v 0.070149 0.188261 -0.092112
v -0.064526 0.190470 0.084730
v -0.067907 0.188001 0.089167
v -0.064324 0.189460 0.084463
v -0.062180 0.187212 0.081753
v -0.070149 0.188261 0.092112
v -0.117887 0.193956 0.126155
v -0.123419 0.193956 0.118656
v 0.111476 0.162369 0.145500
v 0.112330 0.161958 0.145663
v 0.112284 0.178957 0.145689
v 0.111385 0.178957 0.145422
v -0.026234 0.193252 0.102348
v -0.064526 0.190470 0.084730
v -0.062180 0.187212 0.081753
v -0.061118 0.184404 0.079146
v 0.064526 0.190470 -0.084730
v 0.062180 0.187212 -0.081753
v 0.061118 0.184404 -0.079147
v -0.127341 0.237948 -0.015171
v -0.110811 0.237446 0.000244
v -0.124109 0.237179 -0.011405
v -0.110284 0.237955 -0.000238
v -0.108264 0.237955 0.011672
v -0.108994 0.237225 0.010819
v -0.054577 0.187955 -0.111835
v -0.057926 0.188020 -0.112675
v -0.048146 0.187903 -0.109945
v 0.127621 0.237948 0.015067
v 0.110297 0.237955 0.000205
v 0.110838 0.237355 -0.000238
v 0.108271 0.237955 -0.011627
v 0.108994 0.237225 -0.010819
v 0.054570 0.187955 0.111834
v 0.057939 0.188027 0.112675
v 0.048087 0.187903 0.109925
v 0.099527 0.180293 0.171171
v 0.111326 0.236391 0.032391
v 0.110518 0.237961 0.029870
v 0.111554 0.237961 0.033467
v 0.004610 0.158961 0.181941
v -0.004610 0.158961 -0.181941
v -0.133251 0.237955 -0.015093
v -0.132593 0.237244 -0.014520
v -0.132567 0.237889 -0.002544
v -0.127341 0.237948 -0.015171
v -0.132593 0.237244 -0.014520
v -0.133251 0.237955 -0.015093
v 0.137251 0.236391 0.032391
v 0.136450 0.237955 0.029870
v 0.137486 0.237955 0.033467
vt 0.255859 0.230469
vt 0.255859 0.230469
vt 0.255859 0.230469
vt 0.255859 0.230469
vt 0.255859 0.230469
vt 0.255859 0.230469
vt 0.255859 0.230469
vt 0.255859 0.230469
vt 0.255859 0.230469
vt 0.255859 0.230469
vt 0.255859 0.230469
vt 0.255859 0.230469
vt 0.255859 0.230469
vt 0.255859 0.230469
vt 0.255859 0.230469
vt 0.255859 0.230469
vt 0.255859 0.230469
vt 0.255859 0.230469
vt 0.255859 0.230469
vt 0.255859 0.230469
vt 0.255859 0.230469
vt 0.255859 0.230469
vt 0.255859 0.230469
vt 0.255859 0.230469
vt 0.255859 0.230469
vt 0.255859 0.230469
vt 0.255859 0.230469
vt 0.255859 0.230469
vt 0.255859 0.230469
vt 0.255859 0.230469
vt 0.255859 0.230469
vt 0.255859 0.230469
vt 0.255859 0.230469
vt 0.255859 0.230469
vt 0.255859 0.230469
vt 0.255859 0.230469
vt 0.255859 0.230469
vt 0.255859 0.230469
vt 0.255859 0.230469
vt 0.255859 0.230469
vt 0.255859 0.230469
vt 0.255859 0.230469
vt 0.255859 0.230469
vt 0.255859 0.230469
vt 0.255859 0.230469
vt 0.255859 0.230469
vt 0.255859 0.230469
vt 0.255859 0.230469
vt 0.255859 0.230469
vt 0.255859 0.230469
vt 0.255859 0.230469
vt 0.255859 0.230469
vt 0.255859 0.230469
vt 0.255859 0.230469
vt 0.255859 0.230469
vt 0.255859 0.230469
vt 0.255859 0.230469
vt 0.255859 0.230469
vt 0.255859 0.230469
vt 0.255859 0.230469
vt 0.255859 0.230469
vt 0.255859 0.230469
vt 0.255859 0.230469
vt 0.255859 0.230469
vt 0.255859 0.230469
vt 0.255859 0.230469
vt 0.255859 0.230469
vt 0.255859 0.230469
vt 0.255859 0.230469
vt 0.255859 0.230469
vt 0.255859 0.230469
vt 0.255859 0.230469
vt 0.255859 0.230469
vt 0.255859 0.230469
vt 0.255859 0.230469
vt 0.255859 0.230469
vt 0.255859 0.230469
vt 0.255859 0.230469
vt 0.255859 0.230469
vt 0.255859 0.230469
vt 0.255859 0.230469
vt 0.255859 0.230469
vt 0.255859 0.230469
vt 0.255859 0.230469
vt 0.255859 0.230469
vt 0.255859 0.230469
vt 0.255859 0.230469
vt 0.255859 0.230469
vt 0.255859 0.230469
vt 0.255859 0.230469
vt 0.255859 0.230469
vt 0.255859 0.230469
vt 0.255859 0.230469
vt 0.255859 0.230469
vt 0.255859 0.230469
vt 0.255859 0.230469
vt 0.255859 0.230469
vt 0.255859 0.230469
vt 0.255859 0.230469
vt 0.255859 0.230469
vt 0.255859 0.230469
vt 0.255859 0.230469
vt 0.255859 0.230469
vt 0.255859 0.230469
vt 0.255859 0.230469
vt 0.255859 0.230469
vt 0.255859 0.230469
vt 0.255859 0.230469
vt 0.255859 0.230469
vt 0.255859 0.230469
vt 0.255859 0.230469
vt 0.255859 0.230469
vt 0.255859 0.230469
vt 0.255859 0.230469
vt 0.255859 0.230469
vt 0.255859 0.230469
vt 0.255859 0.230469
vt 0.255859 0.230469
vt 0.255859 0.230469
vt 0.255859 0.230469
vt 0.255859 0.230469
vt 0.255859 0.230469
vt 0.255859 0.230469
vt 0.255859 0.230469
vt 0.255859 0.230469
vt 0.255859 0.230469
vt 0.255859 0.230469
vt 0.255859 0.230469
vt 0.255859 0.230469
vt 0.255859 0.230469
vt 0.255859 0.230469
vt 0.255859 0.230469
vt 0.255859 0.230469
vt 0.255859 0.230469
vt 0.255859 0.230469
vt 0.255859 0.230469
vt 0.255859 0.230469
vt 0.255859 0.230469
vt 0.255859 0.230469
vt 0.255859 0.230469
vt 0.255859 0.230469
vt 0.255859 0.230469
vt 0.255859 0.230469
vt 0.255859 0.230469
vt 0.255859 0.230469
vt 0.255859 0.230469
vt 0.255859 0.230469
vt 0.255859 0.230469
vt 0.255859 0.230469
vt 0.255859 0.230469
vt 0.255859 0.230469
vt 0.255859 0.230469
vt 0.255859 0.230469
vt 0.255859 0.230469
vt 0.255859 0.230469
vt 0.255859 0.230469
vt 0.255859 0.230469
vt 0.255859 0.230469
vt 0.255859 0.230469
vt 0.255859 0.230469
vt 0.255859 0.230469
vt 0.255859 0.230469
vt 0.255859 0.230469
vt 0.255859 0.230469
vt 0.255859 0.230469
vt 0.255859 0.230469
vt 0.255859 0.230469
vt 0.255859 0.230469
vt 0.255859 0.230469
vt 0.255859 0.230469
vt 0.255859 0.230469
vt 0.255859 0.230469
vt 0.255859 0.230469
vt 0.255859 0.230469
vt 0.255859 0.230469
vt 0.255859 0.230469
vt 0.255859 0.230469
vt 0.255859 0.230469
vt 0.255859 0.230469
vt 0.255859 0.230469
vt 0.255859 0.230469
vt 0.255859 0.230469
vt 0.255859 0.230469
vt 0.255859 0.230469
vt 0.255859 0.230469
vt 0.255859 0.230469
vt 0.255859 0.230469
vt 0.255859 0.230469
vt 0.255859 0.230469
vt 0.255859 0.230469
vt 0.255859 0.230469
vt 0.255859 0.230469
vt 0.255859 0.230469
vt 0.255859 0.230469
vt 0.255859 0.230469
vt 0.255859 0.230469
vt 0.255859 0.230469
vt 0.255859 0.230469
vt 0.255859 0.230469
vt 0.255859 0.230469
vt 0.255859 0.230469
vt 0.255859 0.230469
vt 0.255859 0.230469
vt 0.255859 0.230469
vt 0.255859 0.230469
vt 0.255859 0.230469
vt 0.255859 0.230469
vt 0.255859 0.230469
vt 0.255859 0.230469
vt 0.255859 0.230469
vt 0.255859 0.230469
vt 0.255859 0.230469
vt 0.255859 0.230469
vt 0.255859 0.230469
vt 0.255859 0.230469
vt 0.255859 0.230469
vt 0.255859 0.230469
vt 0.255859 0.230469
vt 0.255859 0.230469
vt 0.255859 0.230469
vt 0.255859 0.230469
vt 0.255859 0.230469
vt 0.255859 0.230469
vt 0.255859 0.230469
vt 0.255859 0.230469
vt 0.255859 0.230469
vt 0.255859 0.230469
vt 0.255859 0.230469
vt 0.255859 0.230469
vt 0.255859 0.230469
vt 0.255859 0.230469
vt 0.255859 0.230469
vt 0.255859 0.230469
vt 0.255859 0.230469
vt 0.255859 0.230469
vt 0.255859 0.230469
vt 0.255859 0.230469
vt 0.255859 0.230469
vt 0.255859 0.230469
vt 0.255859 0.230469
vt 0.255859 0.230469
vt 0.255859 0.230469
vt 0.255859 0.230469
vt 0.255859 0.230469
vt 0.255859 0.230469
vt 0.255859 0.230469
vt 0.255859 0.230469
vt 0.255859 0.230469
vt 0.255859 0.230469
vt 0.255859 0.230469
vt 0.255859 0.230469
vt 0.255859 0.230469
vt 0.255859 0.230469
vt 0.255859 0.230469
vt 0.255859 0.230469
vt 0.255859 0.230469
vt 0.255859 0.230469
vt 0.255859 0.230469
vt 0.255859 0.230469
vt 0.255859 0.230469
vt 0.255859 0.230469
vt 0.255859 0.230469
vt 0.255859 0.230469
vt 0.255859 0.230469
vt 0.255859 0.230469
vt 0.255859 0.230469
vt 0.255859 0.230469
vt 0.255859 0.230469
vt 0.255859 0.230469
vt 0.255859 0.230469
vt 0.255859 0.230469
vt 0.255859 0.230469
vt 0.255859 0.230469
vt 0.255859 0.230469
vt 0.255859 0.230469
vt 0.255859 0.230469
vt 0.255859 0.230469
vt 0.255859 0.230469
vt 0.255859 0.230469
vt 0.255859 0.230469
vt 0.255859 0.230469
vt 0.255859 0.230469
vt 0.255859 0.230469
vt 0.255859 0.230469
vt 0.255859 0.230469
vt 0.255859 0.230469
vt 0.255859 0.230469
vt 0.255859 0.230469
vt 0.255859 0.230469
vt 0.255859 0.230469
vt 0.255859 0.230469
vt 0.255859 0.230469
vt 0.255859 0.230469
vt 0.255859 0.230469
vt 0.255859 0.230469
vt 0.255859 0.230469
vt 0.255859 0.230469
vt 0.255859 0.230469
vt 0.255859 0.230469
vt 0.255859 0.230469
vt 0.255859 0.230469
vt 0.255859 0.230469
vt 0.255859 0.230469
vt 0.255859 0.230469
vt 0.255859 0.230469
vt 0.255859 0.230469
vt 0.255859 0.230469
vt 0.255859 0.230469
vt 0.255859 0.230469
vt 0.255859 0.230469
vt 0.255859 0.230469
vt 0.255859 0.230469
vt 0.255859 0.230469
vt 0.255859 0.230469
vt 0.255859 0.230469
vt 0.255859 0.230469
vt 0.255859 0.230469
vt 0.255859 0.230469
vt 0.255859 0.230469
vt 0.255859 0.230469
vt 0.255859 0.230469
vt 0.255859 0.230469
vt 0.255859 0.230469
vt 0.255859 0.230469
vt 0.255859 0.230469
vt 0.255859 0.230469
vt 0.255859 0.230469
vt 0.255859 0.230469
vt 0.255859 0.230469
vt 0.255859 0.230469
vt 0.255859 0.230469
vt 0.255859 0.230469
vt 0.255859 0.230469
vt 0.255859 0.230469
vt 0.255859 0.230469
vt 0.255859 0.230469
vt 0.255859 0.230469
vt 0.255859 0.230469
vt 0.255859 0.230469
vt 0.255859 0.230469
vt 0.255859 0.230469
vt 0.255859 0.230469
vt 0.255859 0.230469
vt 0.255859 0.230469
vt 0.255859 0.230469
vt 0.255859 0.230469
vt 0.255859 0.230469
vt 0.255859 0.230469
vt 0.255859 0.230469
vt 0.255859 0.230469
vt 0.255859 0.230469
vt 0.255859 0.230469
vt 0.255859 0.230469
vt 0.255859 0.230469
vt 0.255859 0.230469
vt 0.255859 0.230469
vt 0.255859 0.230469
vt 0.255859 0.230469
vt 0.255859 0.230469
vt 0.255859 0.230469
vt 0.255859 0.230469
vt 0.255859 0.230469
vt 0.255859 0.230469
vt 0.255859 0.230469
vt 0.255859 0.230469
vt 0.255859 0.230469
vt 0.255859 0.230469
vt 0.255859 0.230469
vt 0.255859 0.230469
vt 0.255859 0.230469
vt 0.255859 0.230469
vt 0.255859 0.230469
vt 0.255859 0.230469
vt 0.255859 0.230469
vt 0.255859 0.230469
vt 0.255859 0.230469
vt 0.255859 0.230469
vt 0.255859 0.230469
vt 0.255859 0.230469
vt 0.255859 0.230469
vt 0.255859 0.230469
vt 0.255859 0.230469
vt 0.255859 0.230469
vt 0.255859 0.230469
vt 0.255859 0.230469
vt 0.255859 0.230469
vt 0.255859 0.230469
vt 0.255859 0.230469
vt 0.255859 0.230469
vt 0.255859 0.230469
vt 0.255859 0.230469
vt 0.255859 0.230469
vt 0.255859 0.230469
vt 0.255859 0.230469
vt 0.255859 0.230469
vt 0.255859 0.230469
vt 0.255859 0.230469
vt 0.255859 0.230469
vt 0.255859 0.230469
vt 0.255859 0.230469
vt 0.255859 0.230469
vt 0.255859 0.230469
vt 0.255859 0.230469
vt 0.255859 0.230469
vt 0.255859 0.230469
vt 0.255859 0.230469
vt 0.255859 0.230469
vt 0.255859 0.230469
vt 0.255859 0.230469
vt 0.255859 0.230469
vt 0.255859 0.230469
vt 0.255859 0.230469
vt 0.255859 0.230469
vt 0.255859 0.230469
vt 0.255859 0.230469
vt 0.255859 0.230469
vt 0.255859 0.230469
vt 0.255859 0.230469
vt 0.255859 0.230469
vt 0.255859 0.230469
vt 0.255859 0.230469
vt 0.255859 0.230469
vt 0.255859 0.230469
vt 0.255859 0.230469
vt 0.255859 0.230469
vt 0.255859 0.230469
vt 0.255859 0.230469
vt 0.255859 0.230469
vt 0.255859 0.230469
vt 0.255859 0.230469
vt 0.255859 0.230469
vt 0.255859 0.230469
vt 0.255859 0.230469
vt 0.255859 0.230469
vt 0.255859 0.230469
vt 0.255859 0.230469
vt 0.255859 0.230469
vt 0.255859 0.230469
vt 0.255859 0.230469
vt 0.255859 0.230469
vt 0.255859 0.230469
vt 0.255859 0.230469
vt 0.255859 0.230469
vt 0.255859 0.230469
vt 0.255859 0.230469
vt 0.255859 0.230469
vt 0.255859 0.230469
vt 0.255859 0.230469
vt 0.255859 0.230469
vt 0.255859 0.230469
vt 0.255859 0.230469
vt 0.255859 0.230469
vt 0.255859 0.230469
vt 0.255859 0.230469
vt 0.255859 0.230469
vt 0.255859 0.230469
vt 0.255859 0.230469
vt 0.255859 0.230469
vt 0.255859 0.230469
vt 0.255859 0.230469
vt 0.255859 0.230469
vt 0.255859 0.230469
vt 0.255859 0.230469
vt 0.255859 0.230469
vt 0.255859 0.230469
vt 0.255859 0.230469
vt 0.255859 0.230469
vt 0.255859 0.230469
vt 0.255859 0.230469
vt 0.255859 0.230469
vt 0.255859 0.230469
vt 0.255859 0.230469
vt 0.255859 0.230469
vt 0.255859 0.230469
vt 0.255859 0.230469
vt 0.255859 0.230469
vt 0.255859 0.230469
vt 0.255859 0.230469
vt 0.255859 0.230469
vt 0.255859 0.230469
vt 0.255859 0.230469
vt 0.255859 0.230469
vt 0.255859 0.230469
vt 0.255859 0.230469
vt 0.255859 0.230469
vt 0.255859 0.230469
vt 0.255859 0.230469
vt 0.255859 0.230469
vt 0.255859 0.230469
vt 0.255859 0.230469
vt 0.255859 0.230469
vt 0.255859 0.230469
vt 0.255859 0.230469
vt 0.255859 0.230469
vt 0.255859 0.230469
vt 0.255859 0.230469
vt 0.255859 0.230469
vt 0.255859 0.230469
vt 0.255859 0.230469
vt 0.255859 0.230469
vt 0.255859 0.230469
vt 0.255859 0.230469
vt 0.255859 0.230469
vt 0.255859 0.230469
vt 0.255859 0.230469
vt 0.255859 0.230469
vt 0.255859 0.230469
vt 0.255859 0.230469
vt 0.255859 0.230469
vt 0.255859 0.230469
vt 0.255859 0.230469
vt 0.255859 0.230469
vt 0.255859 0.230469
vt 0.255859 0.230469
vt 0.255859 0.230469
vt 0.255859 0.230469
vt 0.255859 0.230469
vt 0.255859 0.230469
vt 0.255859 0.230469
vt 0.255859 0.230469
vt 0.255859 0.230469
vt 0.255859 0.230469
vt 0.255859 0.230469
vt 0.255859 0.230469
vt 0.255859 0.230469
vt 0.255859 0.230469
vt 0.255859 0.230469
vt 0.255859 0.230469
vt 0.255859 0.230469
vt 0.255859 0.230469
vt 0.255859 0.230469
vt 0.255859 0.230469
vt 0.255859 0.230469
vt 0.255859 0.230469
vt 0.255859 0.230469
vt 0.255859 0.230469
vt 0.255859 0.230469
vt 0.255859 0.230469
vt 0.255859 0.230469
vt 0.255859 0.230469
vt 0.255859 0.230469
vt 0.255859 0.230469
vt 0.255859 0.230469
vt 0.255859 0.230469
vt 0.255859 0.230469
vt 0.255859 0.230469
vt 0.255859 0.230469
vt 0.255859 0.230469
vt 0.255859 0.230469
vt 0.255859 0.230469
vt 0.255859 0.230469
vt 0.255859 0.230469
vt 0.255859 0.230469
vt 0.255859 0.230469
vt 0.255859 0.230469
vt 0.255859 0.230469
vt 0.255859 0.230469
vt 0.255859 0.230469
vt 0.255859 0.230469
vt 0.255859 0.230469
vt 0.255859 0.230469
vt 0.255859 0.230469
vt 0.255859 0.230469
vt 0.255859 0.230469
vt 0.255859 0.230469
vt 0.255859 0.230469
vt 0.255859 0.230469
vt 0.255859 0.230469
vt 0.255859 0.230469
vt 0.255859 0.230469
vt 0.255859 0.230469
vt 0.255859 0.230469
vt 0.255859 0.230469
vt 0.255859 0.230469
vt 0.255859 0.230469
vt 0.255859 0.230469
vt 0.255859 0.230469
vt 0.255859 0.230469
vt 0.255859 0.230469
vt 0.255859 0.230469
vt 0.255859 0.230469
vt 0.255859 0.230469
vt 0.255859 0.230469
vt 0.255859 0.230469
vt 0.255859 0.230469
vt 0.255859 0.230469
vt 0.255859 0.230469
vt 0.255859 0.230469
vt 0.255859 0.230469
vt 0.255859 0.230469
vt 0.255859 0.230469
vt 0.255859 0.230469
vt 0.255859 0.230469
vt 0.255859 0.230469
vt 0.255859 0.230469
vt 0.255859 0.230469
vt 0.255859 0.230469
vt 0.255859 0.230469
vt 0.255859 0.230469
vt 0.255859 0.230469
vt 0.255859 0.230469
vt 0.255859 0.230469
vt 0.255859 0.230469
vt 0.255859 0.230469
vt 0.255859 0.230469
vt 0.255859 0.230469
vt 0.255859 0.230469
vt 0.255859 0.230469
vt 0.255859 0.230469
vt 0.255859 0.230469
vt 0.255859 0.230469
vt 0.255859 0.230469
vt 0.255859 0.230469
vt 0.255859 0.230469
vt 0.255859 0.230469
vt 0.255859 0.230469
vt 0.255859 0.230469
vt 0.255859 0.230469
vt 0.255859 0.230469
vt 0.255859 0.230469
vt 0.255859 0.230469
vt 0.255859 0.230469
vt 0.255859 0.230469
vt 0.255859 0.230469
vt 0.255859 0.230469
vt 0.255859 0.230469
vt 0.255859 0.230469
vt 0.255859 0.230469
vt 0.255859 0.230469
vt 0.255859 0.230469
vt 0.255859 0.230469
vt 0.255859 0.230469
vt 0.255859 0.230469
vt 0.255859 0.230469
vt 0.255859 0.230469
vt 0.255859 0.230469
vt 0.255859 0.230469
vt 0.255859 0.230469
vt 0.255859 0.230469
vt 0.255859 0.230469
vt 0.255859 0.230469
vt 0.255859 0.230469
vt 0.255859 0.230469
vt 0.255859 0.230469
vt 0.255859 0.230469
vt 0.255859 0.230469
vt 0.255859 0.230469
vt 0.255859 0.230469
vt 0.255859 0.230469
vt 0.255859 0.230469
vt 0.255859 0.230469
vt 0.255859 0.230469
vt 0.255859 0.230469
vt 0.255859 0.230469
vt 0.255859 0.230469
vt 0.255859 0.230469
vt 0.255859 0.230469
vt 0.255859 0.230469
vt 0.255859 0.230469
vt 0.255859 0.230469
vt 0.255859 0.230469
vt 0.255859 0.230469
vt 0.255859 0.230469
vt 0.255859 0.230469
vt 0.255859 0.230469
vt 0.255859 0.230469
vt 0.255859 0.230469
vt 0.255859 0.230469
vt 0.255859 0.230469
vt 0.255859 0.230469
vt 0.255859 0.230469
vt 0.255859 0.230469
vt 0.255859 0.230469
vt 0.255859 0.230469
vt 0.255859 0.230469
vt 0.255859 0.230469
vt 0.255859 0.230469
vt 0.255859 0.230469
vt 0.255859 0.230469
vt 0.255859 0.230469
vt 0.255859 0.230469
vt 0.255859 0.230469
vt 0.255859 0.230469
vt 0.255859 0.230469
vt 0.255859 0.230469
vt 0.255859 0.230469
vt 0.255859 0.230469
vt 0.255859 0.230469
vt 0.255859 0.230469
vt 0.255859 0.230469
vt 0.255859 0.230469
vt 0.255859 0.230469
vt 0.255859 0.230469
vt 0.255859 0.230469
vt 0.255859 0.230469
vt 0.255859 0.230469
vt 0.255859 0.230469
vt 0.255859 0.230469
vt 0.255859 0.230469
vt 0.255859 0.230469
vt 0.255859 0.230469
vt 0.255859 0.230469
vt 0.255859 0.230469
vt 0.255859 0.230469
vt 0.255859 0.230469
vt 0.255859 0.230469
vt 0.255859 0.230469
vt 0.255859 0.230469
vt 0.255859 0.230469
vt 0.255859 0.230469
vt 0.255859 0.230469
vt 0.255859 0.230469
vt 0.255859 0.230469
vt 0.255859 0.230469
vt 0.255859 0.230469
vt 0.255859 0.230469
vt 0.255859 0.230469
vt 0.255859 0.230469
vt 0.255859 0.230469
vt 0.255859 0.230469
vt 0.255859 0.230469
vt 0.255859 0.230469
vt 0.255859 0.230469
vt 0.255859 0.230469
vt 0.255859 0.230469
vt 0.255859 0.230469
vt 0.255859 0.230469
vt 0.255859 0.230469
vt 0.255859 0.230469
vt 0.255859 0.230469
vt 0.255859 0.230469
vt 0.255859 0.230469
vt 0.255859 0.230469
vt 0.255859 0.230469
vt 0.255859 0.230469
vt 0.255859 0.230469
vt 0.255859 0.230469
vt 0.255859 0.230469
vt 0.255859 0.230469
vt 0.255859 0.230469
vt 0.255859 0.230469
vt 0.255859 0.230469
vt 0.255859 0.230469
vt 0.255859 0.230469
vt 0.255859 0.230469
vt 0.255859 0.230469
vt 0.255859 0.230469
vt 0.255859 0.230469
vt 0.255859 0.230469
vt 0.255859 0.230469
vt 0.255859 0.230469
vt 0.255859 0.230469
vt 0.255859 0.230469
vt 0.255859 0.230469
vt 0.255859 0.230469
vt 0.255859 0.230469
vt 0.255859 0.230469
vt 0.255859 0.230469
vt 0.255859 0.230469
vt 0.255859 0.230469
vt 0.255859 0.230469
vt 0.255859 0.230469
vt 0.255859 0.230469
vt 0.255859 0.230469
vt 0.255859 0.230469
vt 0.255859 0.230469
vt 0.255859 0.230469
vt 0.255859 0.230469
vt 0.255859 0.230469
vt 0.255859 0.230469
vt 0.255859 0.230469
vt 0.255859 0.230469
vt 0.255859 0.230469
vt 0.255859 0.230469
vt 0.255859 0.230469
vt 0.255859 0.230469
vt 0.255859 0.230469
vt 0.255859 0.230469
vt 0.255859 0.230469
vt 0.255859 0.230469
vt 0.255859 0.230469
vt 0.255859 0.230469
vt 0.255859 0.230469
vt 0.255859 0.230469
vt 0.255859 0.230469
vt 0.255859 0.230469
vt 0.255859 0.230469
vt 0.255859 0.230469
vt 0.255859 0.230469
vt 0.255859 0.230469
vt 0.255859 0.230469
vt 0.255859 0.230469
vt 0.255859 0.230469
vt 0.255859 0.230469
vt 0.255859 0.230469
vt 0.255859 0.230469
vt 0.255859 0.230469
vt 0.255859 0.230469
vt 0.255859 0.230469
vt 0.255859 0.230469
vt 0.255859 0.230469
vt 0.255859 0.230469
vt 0.255859 0.230469
vt 0.255859 0.230469
vt 0.255859 0.230469
vt 0.255859 0.230469
vt 0.255859 0.230469
vt 0.255859 0.230469
vt 0.255859 0.230469
vt 0.255859 0.230469
vt 0.255859 0.230469
vt 0.255859 0.230469
vt 0.255859 0.230469
vt 0.255859 0.230469
vt 0.255859 0.230469
vt 0.255859 0.230469
vt 0.255859 0.230469
vt 0.255859 0.230469
vt 0.255859 0.230469
vt 0.255859 0.230469
vt 0.255859 0.230469
vt 0.255859 0.230469
vt 0.255859 0.230469
vt 0.255859 0.230469
vt 0.255859 0.230469
vt 0.255859 0.230469
vt 0.255859 0.230469
vt 0.255859 0.230469
vt 0.255859 0.230469
vt 0.255859 0.230469
vt 0.255859 0.230469
vt 0.255859 0.230469
vt 0.255859 0.230469
vt 0.255859 0.230469
vt 0.255859 0.230469
vt 0.255859 0.230469
vt 0.255859 0.230469
vt 0.255859 0.230469
vt 0.255859 0.230469
vt 0.255859 0.230469
vt 0.255859 0.230469
vt 0.255859 0.230469
vt 0.255859 0.230469
vt 0.255859 0.230469
vt 0.255859 0.230469
vt 0.255859 0.230469
vt 0.255859 0.230469
vt 0.255859 0.230469
vt 0.255859 0.230469
vt 0.255859 0.230469
vt 0.255859 0.230469
vt 0.255859 0.230469
vt 0.255859 0.230469
vt 0.255859 0.230469
vt 0.255859 0.230469
vt 0.255859 0.230469
vt 0.255859 0.230469
vt 0.255859 0.230469
vt 0.255859 0.230469
vt 0.255859 0.230469
vt 0.255859 0.230469
vt 0.255859 0.230469
vt 0.255859 0.230469
vt 0.255859 0.230469
vt 0.255859 0.230469
vt 0.255859 0.230469
vt 0.255859 0.230469
vt 0.255859 0.230469
vt 0.255859 0.230469
vt 0.255859 0.230469
vt 0.255859 0.230469
vt 0.255859 0.230469
vt 0.255859 0.230469
vt 0.255859 0.230469
vt 0.255859 0.230469
vt 0.255859 0.230469
vt 0.255859 0.230469
vt 0.255859 0.230469
vt 0.255859 0.230469
vt 0.255859 0.230469
vt 0.255859 0.230469
vt 0.255859 0.230469
vt 0.255859 0.230469
vt 0.255859 0.230469
vt 0.255859 0.230469
vt 0.255859 0.230469
vt 0.255859 0.230469
vt 0.255859 0.230469
vt 0.255859 0.230469
vt 0.255859 0.230469
vt 0.255859 0.230469
vt 0.255859 0.230469
vt 0.255859 0.230469
vt 0.255859 0.230469
vt 0.255859 0.230469
vt 0.255859 0.230469
vt 0.255859 0.230469
vt 0.255859 0.230469
vt 0.255859 0.230469
vt 0.255859 0.230469
vt 0.255859 0.230469
vt 0.255859 0.230469
vt 0.255859 0.230469
vt 0.255859 0.230469
vt 0.255859 0.230469
vt 0.255859 0.230469
vt 0.255859 0.230469
vt 0.255859 0.230469
vt 0.255859 0.230469
vt 0.255859 0.230469
vt 0.255859 0.230469
vt 0.255859 0.230469
vt 0.255859 0.230469
vt 0.255859 0.230469
vt 0.255859 0.230469
vt 0.255859 0.230469
vt 0.255859 0.230469
vt 0.255859 0.230469
vt 0.255859 0.230469
vt 0.255859 0.230469
vt 0.255859 0.230469
vt 0.255859 0.230469
vt 0.255859 0.230469
vt 0.255859 0.230469
vt 0.255859 0.230469
vt 0.255859 0.230469
vt 0.255859 0.230469
vt 0.255859 0.230469
vt 0.255859 0.230469
vt 0.255859 0.230469
vt 0.255859 0.230469
vt 0.255859 0.230469
vt 0.255859 0.230469
vt 0.255859 0.230469
vt 0.255859 0.230469
vt 0.255859 0.230469
vt 0.255859 0.230469
vt 0.255859 0.230469
vt 0.255859 0.230469
vt 0.255859 0.230469
vt 0.255859 0.230469
vt 0.255859 0.230469
vt 0.255859 0.230469
vt 0.255859 0.230469
vt 0.255859 0.230469
vt 0.255859 0.230469
vt 0.255859 0.230469
vt 0.255859 0.230469
vt 0.255859 0.230469
vt 0.255859 0.230469
vt 0.255859 0.230469
vt 0.255859 0.230469
vt 0.255859 0.230469
vt 0.255859 0.230469
vt 0.255859 0.230469
vt 0.255859 0.230469
vt 0.255859 0.230469
vt 0.255859 0.230469
vt 0.255859 0.230469
vt 0.255859 0.230469
vt 0.255859 0.230469
vt 0.255859 0.230469
vt 0.255859 0.230469
vt 0.255859 0.230469
vt 0.255859 0.230469
vt 0.255859 0.230469
vt 0.255859 0.230469
vt 0.255859 0.230469
vt 0.255859 0.230469
vt 0.255859 0.230469
vt 0.255859 0.230469
vt 0.255859 0.230469
vt 0.255859 0.230469
vt 0.255859 0.230469
vt 0.255859 0.230469
vt 0.255859 0.230469
vt 0.255859 0.230469
vt 0.255859 0.230469
vt 0.255859 0.230469
vt 0.255859 0.230469
vt 0.255859 0.230469
vt 0.255859 0.230469
vt 0.255859 0.230469
vt 0.255859 0.230469
vt 0.255859 0.230469
vt 0.255859 0.230469
vt 0.255859 0.230469
vt 0.255859 0.230469
vt 0.255859 0.230469
vt 0.255859 0.230469
vt 0.255859 0.230469
vt 0.255859 0.230469
vt 0.255859 0.230469
vt 0.255859 0.230469
vt 0.255859 0.230469
vt 0.255859 0.230469
vt 0.255859 0.230469
vt 0.255859 0.230469
vt 0.255859 0.230469
vt 0.255859 0.230469
vt 0.255859 0.230469
vt 0.255859 0.230469
vt 0.255859 0.230469
vt 0.255859 0.230469
vt 0.255859 0.230469
vt 0.255859 0.230469
vt 0.255859 0.230469
vt 0.255859 0.230469
vt 0.255859 0.230469
vt 0.255859 0.230469
vt 0.255859 0.230469
vt 0.255859 0.230469
vt 0.255859 0.230469
vt 0.255859 0.230469
vt 0.255859 0.230469
vt 0.255859 0.230469
vt 0.255859 0.230469
vt 0.255859 0.230469
vt 0.255859 0.230469
vt 0.255859 0.230469
vt 0.255859 0.230469
vt 0.255859 0.230469
vt 0.255859 0.230469
vt 0.255859 0.230469
vt 0.255859 0.230469
vt 0.255859 0.230469
vt 0.255859 0.230469
vt 0.255859 0.230469
vt 0.255859 0.230469
vt 0.255859 0.230469
vt 0.255859 0.230469
vt 0.255859 0.230469
vt 0.255859 0.230469
vt 0.255859 0.230469
vt 0.255859 0.230469
vt 0.255859 0.230469
vt 0.255859 0.230469
vt 0.255859 0.230469
vt 0.255859 0.230469
vt 0.255859 0.230469
vt 0.255859 0.230469
vt 0.255859 0.230469
vt 0.255859 0.230469
vt 0.255859 0.230469
vt 0.255859 0.230469
vt 0.255859 0.230469
vt 0.255859 0.230469
vt 0.255859 0.230469
vt 0.255859 0.230469
vt 0.255859 0.230469
vt 0.255859 0.230469
vt 0.255859 0.230469
vt 0.255859 0.230469
vt 0.255859 0.230469
vt 0.255859 0.230469
vt 0.255859 0.230469
vt 0.255859 0.230469
vt 0.255859 0.230469
vt 0.255859 0.230469
vt 0.255859 0.230469
vt 0.255859 0.230469
vt 0.255859 0.230469
vt 0.255859 0.230469
vt 0.255859 0.230469
vt 0.255859 0.230469
vt 0.255859 0.230469
vt 0.255859 0.230469
vt 0.255859 0.230469
vt 0.255859 0.230469
vt 0.255859 0.230469
vt 0.255859 0.230469
vt 0.255859 0.230469
vt 0.255859 0.230469
vt 0.255859 0.230469
vt 0.255859 0.230469
vt 0.255859 0.230469
vt 0.255859 0.230469
vt 0.255859 0.230469
vt 0.255859 0.230469
vt 0.255859 0.230469
vt 0.255859 0.230469
vt 0.255859 0.230469
vt 0.255859 0.230469
vt 0.255859 0.230469
vt 0.255859 0.230469
vt 0.255859 0.230469
vt 0.255859 0.230469
vt 0.255859 0.230469
vt 0.255859 0.230469
vt 0.255859 0.230469
vt 0.255859 0.230469
vt 0.255859 0.230469
vt 0.255859 0.230469
vt 0.255859 0.230469
vt 0.255859 0.230469
vt 0.255859 0.230469
vt 0.255859 0.230469
vt 0.255859 0.230469
vt 0.255859 0.230469
vt 0.255859 0.230469
vt 0.255859 0.230469
vt 0.255859 0.230469
vt 0.255859 0.230469
vt 0.255859 0.230469
vt 0.255859 0.230469
vt 0.255859 0.230469
vt 0.255859 0.230469
vt 0.255859 0.230469
vt 0.255859 0.230469
vt 0.255859 0.230469
vt 0.255859 0.230469
vt 0.255859 0.230469
vt 0.255859 0.230469
vt 0.255859 0.230469
vt 0.255859 0.230469
vt 0.255859 0.230469
vt 0.255859 0.230469
vt 0.255859 0.230469
vt 0.255859 0.230469
vt 0.255859 0.230469
vt 0.255859 0.230469
vt 0.255859 0.230469
vt 0.255859 0.230469
vt 0.255859 0.230469
vt 0.255859 0.230469
vt 0.255859 0.230469
vt 0.255859 0.230469
vt 0.255859 0.230469
vt 0.255859 0.230469
vt 0.255859 0.230469
vt 0.255859 0.230469
vt 0.255859 0.230469
vt 0.255859 0.230469
vt 0.255859 0.230469
vt 0.255859 0.230469
vt 0.255859 0.230469
vt 0.255859 0.230469
vt 0.255859 0.230469
vt 0.255859 0.230469
vt 0.255859 0.230469
vt 0.255859 0.230469
vt 0.255859 0.230469
vt 0.255859 0.230469
vt 0.255859 0.230469
vt 0.255859 0.230469
vt 0.255859 0.230469
vt 0.255859 0.230469
vt 0.255859 0.230469
vt 0.255859 0.230469
vt 0.255859 0.230469
vt 0.255859 0.230469
vt 0.255859 0.230469
vt 0.255859 0.230469
vt 0.255859 0.230469
vt 0.255859 0.230469
vt 0.255859 0.230469
vt 0.255859 0.230469
vt 0.255859 0.230469
vt 0.255859 0.230469
vt 0.255859 0.230469
vt 0.255859 0.230469
vt 0.255859 0.230469
vt 0.255859 0.230469
vt 0.255859 0.230469
vt 0.255859 0.230469
vt 0.255859 0.230469
vt 0.255859 0.230469
vt 0.255859 0.230469
vt 0.255859 0.230469
vt 0.255859 0.230469
vt 0.255859 0.230469
vt 0.255859 0.230469
vt 0.255859 0.230469
vt 0.255859 0.230469
vt 0.255859 0.230469
vt 0.255859 0.230469
vt 0.255859 0.230469
vt 0.255859 0.230469
vt 0.255859 0.230469
vt 0.255859 0.230469
vt 0.255859 0.230469
vt 0.255859 0.230469
vt 0.255859 0.230469
vt 0.255859 0.230469
vt 0.255859 0.230469
vt 0.255859 0.230469
vt 0.255859 0.230469
vt 0.255859 0.230469
vt 0.255859 0.230469
vt 0.255859 0.230469
vt 0.255859 0.230469
vt 0.255859 0.230469
vt 0.255859 0.230469
vt 0.255859 0.230469
vt 0.255859 0.230469
vt 0.255859 0.230469
vt 0.255859 0.230469
vt 0.255859 0.230469
vt 0.255859 0.230469
vt 0.255859 0.230469
vt 0.255859 0.230469
vt 0.255859 0.230469
vt 0.255859 0.230469
vt 0.255859 0.230469
vt 0.255859 0.230469
vt 0.255859 0.230469
vt 0.255859 0.230469
vt 0.255859 0.230469
vt 0.255859 0.230469
vt 0.255859 0.230469
vt 0.255859 0.230469
vt 0.255859 0.230469
vt 0.255859 0.230469
vt 0.255859 0.230469
vt 0.255859 0.230469
vt 0.255859 0.230469
vt 0.255859 0.230469
vt 0.255859 0.230469
vt 0.255859 0.230469
vt 0.255859 0.230469
vt 0.255859 0.230469
vt 0.255859 0.230469
vt 0.255859 0.230469
vt 0.255859 0.230469
vt 0.255859 0.230469
vt 0.255859 0.230469
vt 0.255859 0.230469
vt 0.255859 0.230469
vt 0.255859 0.230469
vt 0.255859 0.230469
vt 0.255859 0.230469
vt 0.255859 0.230469
vt 0.255859 0.230469
vt 0.255859 0.230469
vt 0.255859 0.230469
vt 0.255859 0.230469
vt 0.255859 0.230469
vt 0.255859 0.230469
vt 0.255859 0.230469
vt 0.255859 0.230469
vt 0.255859 0.230469
vt 0.255859 0.230469
vt 0.255859 0.230469
vt 0.255859 0.230469
vt 0.255859 0.230469
vt 0.255859 0.230469
vt 0.255859 0.230469
vt 0.255859 0.230469
vt 0.255859 0.230469
vt 0.255859 0.230469
vt 0.255859 0.230469
vt 0.255859 0.230469
vt 0.255859 0.230469
vt 0.255859 0.230469
vt 0.255859 0.230469
vt 0.255859 0.230469
vt 0.255859 0.230469
vt 0.255859 0.230469
vt 0.255859 0.230469
vt 0.255859 0.230469
vt 0.255859 0.230469
vt 0.255859 0.230469
vt 0.255859 0.230469
vt 0.255859 0.230469
vt 0.255859 0.230469
vt 0.255859 0.230469
vt 0.255859 0.230469
vt 0.255859 0.230469
vt 0.255859 0.230469
vt 0.255859 0.230469
vt 0.255859 0.230469
vt 0.255859 0.230469
vt 0.255859 0.230469
vt 0.255859 0.230469
vt 0.255859 0.230469
vt 0.255859 0.230469
vt 0.255859 0.230469
vt 0.255859 0.230469
vt 0.255859 0.230469
vt 0.255859 0.230469
vt 0.255859 0.230469
vt 0.255859 0.230469
vt 0.255859 0.230469
vt 0.255859 0.230469
vt 0.255859 0.230469
vt 0.255859 0.230469
vt 0.255859 0.230469
vt 0.255859 0.230469
vt 0.255859 0.230469
vt 0.255859 0.230469
vt 0.255859 0.230469
vt 0.255859 0.230469
vt 0.255859 0.230469
vt 0.255859 0.230469
vt 0.255859 0.230469
vt 0.255859 0.230469
vt 0.255859 0.230469
vt 0.255859 0.230469
vt 0.255859 0.230469
vt 0.255859 0.230469
vt 0.255859 0.230469
vt 0.255859 0.230469
vt 0.255859 0.230469
vt 0.255859 0.230469
vt 0.255859 0.230469
vt 0.255859 0.230469
vt 0.255859 0.230469
vt 0.255859 0.230469
vt 0.255859 0.230469
vt 0.255859 0.230469
vt 0.255859 0.230469
vt 0.255859 0.230469
vt 0.255859 0.230469
vt 0.255859 0.230469
vt 0.255859 0.230469
vt 0.255859 0.230469
vt 0.255859 0.230469
vt 0.255859 0.230469
vt 0.255859 0.230469
vt 0.255859 0.230469
vt 0.255859 0.230469
vt 0.255859 0.230469
vt 0.255859 0.230469
vt 0.255859 0.230469
vt 0.255859 0.230469
vt 0.255859 0.230469
vt 0.255859 0.230469
vt 0.255859 0.230469
vt 0.255859 0.230469
vt 0.255859 0.230469
vt 0.255859 0.230469
vt 0.255859 0.230469
vt 0.255859 0.230469
vt 0.255859 0.230469
vt 0.255859 0.230469
vt 0.255859 0.230469
vt 0.255859 0.230469
vt 0.255859 0.230469
vt 0.255859 0.230469
vt 0.255859 0.230469
vt 0.255859 0.230469
vt 0.255859 0.230469
vt 0.255859 0.230469
vt 0.255859 0.230469
vt 0.255859 0.230469
vt 0.255859 0.230469
vt 0.255859 0.230469
vt 0.255859 0.230469
vt 0.255859 0.230469
vt 0.255859 0.230469
vt 0.255859 0.230469
vt 0.255859 0.230469
vt 0.255859 0.230469
vt 0.255859 0.230469
vt 0.255859 0.230469
vt 0.255859 0.230469
vt 0.255859 0.230469
vt 0.255859 0.230469
vt 0.255859 0.230469
vt 0.255859 0.230469
vt 0.255859 0.230469
vt 0.255859 0.230469
vt 0.255859 0.230469
vt 0.255859 0.230469
vt 0.255859 0.230469
vt 0.255859 0.230469
vt 0.255859 0.230469
vt 0.255859 0.230469
vt 0.255859 0.230469
vt 0.255859 0.230469
vt 0.255859 0.230469
vt 0.255859 0.230469
vt 0.255859 0.230469
vt 0.255859 0.230469
vt 0.255859 0.230469
vt 0.255859 0.230469
vt 0.255859 0.230469
vt 0.255859 0.230469
vt 0.255859 0.230469
vt 0.255859 0.230469
vt 0.255859 0.230469
vt 0.255859 0.230469
vt 0.255859 0.230469
vt 0.255859 0.230469
vt 0.255859 0.230469
vt 0.255859 0.230469
vt 0.255859 0.230469
vt 0.255859 0.230469
vt 0.255859 0.230469
vt 0.255859 0.230469
vt 0.255859 0.230469
vt 0.255859 0.230469
vt 0.255859 0.230469
vt 0.255859 0.230469
vt 0.255859 0.230469
vt 0.255859 0.230469
vt 0.255859 0.230469
vt 0.255859 0.230469
vt 0.255859 0.230469
vt 0.255859 0.230469
vt 0.255859 0.230469
vt 0.255859 0.230469
vt 0.255859 0.230469
vt 0.255859 0.230469
vt 0.255859 0.230469
vt 0.255859 0.230469
vt 0.255859 0.230469
vt 0.255859 0.230469
vt 0.255859 0.230469
vt 0.255859 0.230469
vt 0.255859 0.230469
vt 0.255859 0.230469
vt 0.255859 0.230469
vt 0.255859 0.230469
vt 0.255859 0.230469
vt 0.255859 0.230469
vt 0.255859 0.230469
vt 0.255859 0.230469
vt 0.255859 0.230469
vt 0.255859 0.230469
vt 0.255859 0.230469
vt 0.255859 0.230469
vt 0.255859 0.230469
vt 0.255859 0.230469
vt 0.255859 0.230469
vt 0.255859 0.230469
vt 0.255859 0.230469
vt 0.255859 0.230469
vt 0.255859 0.230469
vt 0.255859 0.230469
vt 0.255859 0.230469
vt 0.255859 0.230469
vt 0.255859 0.230469
vt 0.255859 0.230469
vt 0.255859 0.230469
vt 0.255859 0.230469
vt 0.255859 0.230469
vt 0.255859 0.230469
vt 0.255859 0.230469
vt 0.255859 0.230469
vt 0.255859 0.230469
vt 0.255859 0.230469
vt 0.255859 0.230469
vt 0.255859 0.230469
vt 0.255859 0.230469
vt 0.255859 0.230469
vt 0.255859 0.230469
vt 0.255859 0.230469
vt 0.255859 0.230469
vt 0.255859 0.230469
vt 0.255859 0.230469
vt 0.255859 0.230469
vt 0.255859 0.230469
vt 0.255859 0.230469
vt 0.255859 0.230469
vt 0.255859 0.230469
vt 0.255859 0.230469
vt 0.255859 0.230469
vt 0.255859 0.230469
vt 0.255859 0.230469
vt 0.255859 0.230469
vt 0.255859 0.230469
vt 0.255859 0.230469
vt 0.255859 0.230469
vt 0.255859 0.230469
vt 0.255859 0.230469
vt 0.255859 0.230469
vt 0.255859 0.230469
vt 0.255859 0.230469
vt 0.255859 0.230469
vt 0.255859 0.230469
vt 0.255859 0.230469
vt 0.255859 0.230469
vt 0.255859 0.230469
vt 0.255859 0.230469
vt 0.255859 0.230469
vt 0.255859 0.230469
vt 0.255859 0.230469
vt 0.255859 0.230469
vt 0.255859 0.230469
vt 0.255859 0.230469
vt 0.255859 0.230469
vt 0.255859 0.230469
vt 0.255859 0.230469
vt 0.255859 0.230469
vt 0.255859 0.230469
vt 0.255859 0.230469
vt 0.255859 0.230469
vt 0.255859 0.230469
vt 0.255859 0.230469
vt 0.255859 0.230469
vt 0.255859 0.230469
vt 0.255859 0.230469
vt 0.255859 0.230469
vt 0.255859 0.230469
vt 0.255859 0.230469
vt 0.255859 0.230469
vt 0.255859 0.230469
vt 0.255859 0.230469
vt 0.255859 0.230469
vt 0.255859 0.230469
vt 0.255859 0.230469
vt 0.255859 0.230469
vt 0.255859 0.230469
vt 0.255859 0.230469
vt 0.255859 0.230469
vt 0.255859 0.230469
vt 0.255859 0.230469
vt 0.255859 0.230469
vt 0.255859 0.230469
vt 0.255859 0.230469
vt 0.255859 0.230469
vt 0.255859 0.230469
vt 0.255859 0.230469
vt 0.255859 0.230469
vt 0.255859 0.230469
vt 0.255859 0.230469
vt 0.255859 0.230469
vt 0.255859 0.230469
vt 0.255859 0.230469
vt 0.255859 0.230469
vt 0.255859 0.230469
vt 0.255859 0.230469
vt 0.255859 0.230469
vt 0.255859 0.230469
vt 0.255859 0.230469
vt 0.255859 0.230469
vt 0.255859 0.230469
vt 0.255859 0.230469
vt 0.255859 0.230469
vt 0.255859 0.230469
vt 0.255859 0.230469
vt 0.255859 0.230469
vt 0.255859 0.230469
vt 0.255859 0.230469
vt 0.255859 0.230469
vt 0.255859 0.230469
vt 0.255859 0.230469
vt 0.255859 0.230469
vt 0.255859 0.230469
vt 0.255859 0.230469
vt 0.255859 0.230469
vt 0.255859 0.230469
vt 0.255859 0.230469
vt 0.255859 0.230469
vt 0.255859 0.230469
vt 0.255859 0.230469
vt 0.255859 0.230469
vt 0.255859 0.230469
vt 0.255859 0.230469
vt 0.255859 0.230469
vt 0.255859 0.230469
vt 0.255859 0.230469
vt 0.255859 0.230469
vt 0.255859 0.230469
vt 0.255859 0.230469
vt 0.255859 0.230469
vt 0.255859 0.230469
vt 0.255859 0.230469
vt 0.255859 0.230469
vt 0.255859 0.230469
vt 0.255859 0.230469
vt 0.255859 0.230469
vt 0.255859 0.230469
vt 0.255859 0.230469
vt 0.255859 0.230469
vt 0.255859 0.230469
vt 0.255859 0.230469
vt 0.255859 0.230469
vt 0.255859 0.230469
vt 0.255859 0.230469
vt 0.255859 0.230469
vt 0.255859 0.230469
vt 0.255859 0.230469
vt 0.255859 0.230469
vt 0.255859 0.230469
vt 0.255859 0.230469
vt 0.255859 0.230469
vt 0.255859 0.230469
vt 0.255859 0.230469
vt 0.255859 0.230469
vt 0.255859 0.230469
vt 0.255859 0.230469
vt 0.255859 0.230469
vt 0.255859 0.230469
vt 0.255859 0.230469
vt 0.255859 0.230469
vt 0.255859 0.230469
vt 0.255859 0.230469
vt 0.255859 0.230469
vt 0.255859 0.230469
vt 0.255859 0.230469
vt 0.255859 0.230469
vt 0.255859 0.230469
vt 0.255859 0.230469
vt 0.255859 0.230469
vt 0.255859 0.230469
vt 0.255859 0.230469
vt 0.255859 0.230469
vt 0.255859 0.230469
vt 0.255859 0.230469
vt 0.255859 0.230469
vt 0.255859 0.230469
vt 0.255859 0.230469
vt 0.255859 0.230469
vt 0.255859 0.230469
vt 0.255859 0.230469
vt 0.255859 0.230469
vt 0.255859 0.230469
vt 0.255859 0.230469
vt 0.255859 0.230469
vt 0.255859 0.230469
vt 0.255859 0.230469
vt 0.255859 0.230469
vt 0.255859 0.230469
vt 0.255859 0.230469
vt 0.255859 0.230469
vt 0.255859 0.230469
vt 0.255859 0.230469
vt 0.255859 0.230469
vt 0.255859 0.230469
vt 0.255859 0.230469
vt 0.255859 0.230469
vt 0.255859 0.230469
vt 0.255859 0.230469
vt 0.255859 0.230469
vt 0.255859 0.230469
vt 0.255859 0.230469
vt 0.255859 0.230469
vt 0.255859 0.230469
vt 0.255859 0.230469
vt 0.255859 0.230469
vt 0.255859 0.230469
vt 0.255859 0.230469
vt 0.255859 0.230469
vt 0.255859 0.230469
vt 0.255859 0.230469
vt 0.255859 0.230469
vt 0.255859 0.230469
vt 0.255859 0.230469
vt 0.255859 0.230469
vt 0.255859 0.230469
vt 0.255859 0.230469
vt 0.255859 0.230469
vt 0.255859 0.230469
vt 0.255859 0.230469
vt 0.255859 0.230469
vt 0.255859 0.230469
vt 0.255859 0.230469
vt 0.255859 0.230469
vt 0.255859 0.230469
vt 0.255859 0.230469
vt 0.255859 0.230469
vt 0.255859 0.230469
vt 0.255859 0.230469
vt 0.255859 0.230469
vt 0.255859 0.230469
vt 0.255859 0.230469
vt 0.255859 0.230469
vt 0.255859 0.230469
vt 0.255859 0.230469
vt 0.255859 0.230469
vt 0.255859 0.230469
vt 0.255859 0.230469
vt 0.255859 0.230469
vt 0.255859 0.230469
vt 0.255859 0.230469
vt 0.255859 0.230469
vt 0.255859 0.230469
vt 0.255859 0.230469
vt 0.255859 0.230469
vt 0.255859 0.230469
vt 0.255859 0.230469
vt 0.255859 0.230469
vt 0.255859 0.230469
vt 0.255859 0.230469
vt 0.255859 0.230469
vt 0.255859 0.230469
vt 0.255859 0.230469
vt 0.255859 0.230469
vt 0.255859 0.230469
vt 0.255859 0.230469
vt 0.255859 0.230469
vt 0.255859 0.230469
vt 0.255859 0.230469
vt 0.255859 0.230469
vt 0.255859 0.230469
vt 0.255859 0.230469
vt 0.255859 0.230469
vt 0.255859 0.230469
vt 0.255859 0.230469
vt 0.255859 0.230469
vt 0.255859 0.230469
vt 0.255859 0.230469
vt 0.255859 0.230469
vt 0.255859 0.230469
vt 0.255859 0.230469
vt 0.255859 0.230469
vt 0.255859 0.230469
vt 0.255859 0.230469
vt 0.255859 0.230469
vt 0.255859 0.230469
vt 0.255859 0.230469
vt 0.255859 0.230469
vt 0.255859 0.230469
vt 0.255859 0.230469
vt 0.255859 0.230469
vt 0.255859 0.230469
vt 0.255859 0.230469
vt 0.255859 0.230469
vt 0.255859 0.230469
vt 0.255859 0.230469
vt 0.255859 0.230469
vt 0.255859 0.230469
vt 0.255859 0.230469
vt 0.255859 0.230469
vt 0.255859 0.230469
vt 0.255859 0.230469
vt 0.255859 0.230469
vt 0.255859 0.230469
vt 0.255859 0.230469
vt 0.255859 0.230469
vt 0.255859 0.230469
vt 0.255859 0.230469
vt 0.255859 0.230469
vt 0.255859 0.230469
vt 0.255859 0.230469
vt 0.255859 0.230469
vt 0.255859 0.230469
vt 0.255859 0.230469
vt 0.255859 0.230469
vt 0.255859 0.230469
vt 0.255859 0.230469
vt 0.255859 0.230469
vt 0.255859 0.230469
vt 0.255859 0.230469
vt 0.255859 0.230469
vt 0.255859 0.230469
vt 0.255859 0.230469
vt 0.255859 0.230469
vt 0.255859 0.230469
vt 0.255859 0.230469
vt 0.255859 0.230469
vt 0.255859 0.230469
vt 0.255859 0.230469
vt 0.255859 0.230469
vt 0.255859 0.230469
vt 0.255859 0.230469
vt 0.255859 0.230469
vt 0.255859 0.230469
vt 0.255859 0.230469
vt 0.255859 0.230469
vt 0.255859 0.230469
vt 0.255859 0.230469
vt 0.255859 0.230469
vt 0.255859 0.230469
vt 0.255859 0.230469
vt 0.255859 0.230469
vt 0.255859 0.230469
vt 0.255859 0.230469
vt 0.255859 0.230469
vt 0.255859 0.230469
vt 0.255859 0.230469
vt 0.255859 0.230469
vt 0.255859 0.230469
vt 0.255859 0.230469
vt 0.255859 0.230469
vt 0.255859 0.230469
vt 0.255859 0.230469
vt 0.255859 0.230469
vt 0.255859 0.230469
vt 0.255859 0.230469
vt 0.255859 0.230469
vt 0.255859 0.230469
vt 0.255859 0.230469
vt 0.255859 0.230469
vt 0.255859 0.230469
vt 0.255859 0.230469
vt 0.255859 0.230469
vt 0.255859 0.230469
vt 0.255859 0.230469
vt 0.255859 0.230469
vt 0.255859 0.230469
vt 0.255859 0.230469
vt 0.255859 0.230469
vt 0.255859 0.230469
vt 0.255859 0.230469
vt 0.255859 0.230469
vt 0.255859 0.230469
vt 0.255859 0.230469
vt 0.255859 0.230469
vt 0.255859 0.230469
vt 0.255859 0.230469
vt 0.255859 0.230469
vt 0.255859 0.230469
vt 0.255859 0.230469
vt 0.255859 0.230469
vt 0.255859 0.230469
vt 0.255859 0.230469
vt 0.255859 0.230469
vt 0.255859 0.230469
vt 0.255859 0.230469
vt 0.255859 0.230469
vt 0.255859 0.230469
vt 0.255859 0.230469
vt 0.255859 0.230469
vt 0.255859 0.230469
vt 0.255859 0.230469
vt 0.255859 0.230469
vt 0.255859 0.230469
vt 0.255859 0.230469
vt 0.255859 0.230469
vt 0.255859 0.230469
vt 0.255859 0.230469
vt 0.255859 0.230469
vt 0.255859 0.230469
vt 0.255859 0.230469
vt 0.255859 0.230469
vt 0.255859 0.230469
vt 0.255859 0.230469
vt 0.255859 0.230469
vt 0.255859 0.230469
vt 0.255859 0.230469
vt 0.255859 0.230469
vt 0.255859 0.230469
vt 0.255859 0.230469
vt 0.255859 0.230469
vt 0.255859 0.230469
vt 0.255859 0.230469
vt 0.255859 0.230469
vt 0.255859 0.230469
vt 0.255859 0.230469
vt 0.255859 0.230469
vt 0.255859 0.230469
vt 0.255859 0.230469
vt 0.255859 0.230469
vt 0.255859 0.230469
vt 0.255859 0.230469
vt 0.255859 0.230469
vt 0.255859 0.230469
vt 0.255859 0.230469
vt 0.255859 0.230469
vt 0.255859 0.230469
vt 0.255859 0.230469
vt 0.255859 0.230469
vt 0.255859 0.230469
vt 0.255859 0.230469
vt 0.255859 0.230469
vt 0.255859 0.230469
vt 0.255859 0.230469
vt 0.255859 0.230469
vt 0.255859 0.230469
vt 0.255859 0.230469
vt 0.255859 0.230469
vt 0.255859 0.230469
vt 0.255859 0.230469
vt 0.255859 0.230469
vt 0.255859 0.230469
vt 0.255859 0.230469
vt 0.255859 0.230469
vt 0.255859 0.230469
vt 0.255859 0.230469
vt 0.255859 0.230469
vt 0.255859 0.230469
vt 0.255859 0.230469
vt 0.255859 0.230469
vt 0.255859 0.230469
vt 0.255859 0.230469
vt 0.255859 0.230469
vt 0.255859 0.230469
vt 0.255859 0.230469
vt 0.255859 0.230469
vt 0.255859 0.230469
vt 0.255859 0.230469
vt 0.255859 0.230469
vt 0.255859 0.230469
vt 0.255859 0.230469
vt 0.255859 0.230469
vt 0.255859 0.230469
vt 0.255859 0.230469
vt 0.255859 0.230469
vt 0.255859 0.230469
vt 0.255859 0.230469
vt 0.255859 0.230469
vt 0.255859 0.230469
vt 0.255859 0.230469
vt 0.255859 0.230469
vt 0.255859 0.230469
vt 0.255859 0.230469
vt 0.255859 0.230469
vt 0.255859 0.230469
vt 0.255859 0.230469
vt 0.255859 0.230469
vt 0.255859 0.230469
vt 0.255859 0.230469
vt 0.255859 0.230469
vt 0.255859 0.230469
vt 0.255859 0.230469
vt 0.255859 0.230469
vt 0.255859 0.230469
vt 0.255859 0.230469
vt 0.255859 0.230469
vt 0.255859 0.230469
vt 0.255859 0.230469
vt 0.255859 0.230469
vt 0.255859 0.230469
vt 0.255859 0.230469
vt 0.255859 0.230469
vt 0.255859 0.230469
vt 0.255859 0.230469
vt 0.255859 0.230469
vt 0.255859 0.230469
vt 0.255859 0.230469
vt 0.255859 0.230469
vt 0.255859 0.230469
vt 0.255859 0.230469
vt 0.255859 0.230469
vt 0.255859 0.230469
vt 0.255859 0.230469
vt 0.255859 0.230469
vt 0.255859 0.230469
vt 0.255859 0.230469
vt 0.255859 0.230469
vt 0.255859 0.230469
vt 0.255859 0.230469
vt 0.255859 0.230469
vt 0.255859 0.230469
vt 0.255859 0.230469
vt 0.255859 0.230469
vt 0.255859 0.230469
vt 0.255859 0.230469
vt 0.255859 0.230469
vt 0.255859 0.230469
vt 0.255859 0.230469
vt 0.255859 0.230469
vt 0.255859 0.230469
vt 0.255859 0.230469
vt 0.255859 0.230469
vt 0.255859 0.230469
vt 0.255859 0.230469
vt 0.255859 0.230469
vt 0.255859 0.230469
vt 0.255859 0.230469
vt 0.255859 0.230469
vt 0.255859 0.230469
vt 0.255859 0.230469
vt 0.255859 0.230469
vt 0.255859 0.230469
vt 0.255859 0.230469
vt 0.255859 0.230469
vt 0.255859 0.230469
vt 0.255859 0.230469
vt 0.255859 0.230469
vt 0.255859 0.230469
vt 0.255859 0.230469
vt 0.255859 0.230469
vt 0.255859 0.230469
vt 0.255859 0.230469
vt 0.255859 0.230469
vt 0.255859 0.230469
vt 0.255859 0.230469
vt 0.255859 0.230469
vt 0.255859 0.230469
vt 0.255859 0.230469
vt 0.255859 0.230469
vt 0.255859 0.230469
vt 0.255859 0.230469
vt 0.255859 0.230469
vt 0.255859 0.230469
vt 0.255859 0.230469
vt 0.255859 0.230469
vt 0.255859 0.230469
vt 0.255859 0.230469
vt 0.255859 0.230469
vt 0.255859 0.230469
vt 0.255859 0.230469
vt 0.255859 0.230469
vt 0.255859 0.230469
vt 0.255859 0.230469
vt 0.255859 0.230469
vt 0.255859 0.230469
vt 0.255859 0.230469
vt 0.255859 0.230469
vt 0.255859 0.230469
vt 0.255859 0.230469
vt 0.255859 0.230469
vt 0.255859 0.230469
vt 0.255859 0.230469
vt 0.255859 0.230469
vt 0.255859 0.230469
vt 0.255859 0.230469
vt 0.255859 0.230469
vt 0.255859 0.230469
vt 0.255859 0.230469
vt 0.255859 0.230469
vt 0.255859 0.230469
vt 0.255859 0.230469
vt 0.255859 0.230469
vt 0.255859 0.230469
vt 0.255859 0.230469
vt 0.255859 0.230469
vt 0.255859 0.230469
vt 0.255859 0.230469
vt 0.255859 0.230469
vt 0.255859 0.230469
vt 0.255859 0.230469
vt 0.255859 0.230469
vt 0.255859 0.230469
vt 0.255859 0.230469
vt 0.255859 0.230469
vt 0.255859 0.230469
vt 0.255859 0.230469
vt 0.255859 0.230469
vt 0.255859 0.230469
vt 0.255859 0.230469
vt 0.255859 0.230469
vt 0.255859 0.230469
vt 0.255859 0.230469
vt 0.255859 0.230469
vt 0.255859 0.230469
vt 0.255859 0.230469
vt 0.255859 0.230469
vt 0.255859 0.230469
vt 0.255859 0.230469
vt 0.255859 0.230469
vt 0.255859 0.230469
vt 0.255859 0.230469
vt 0.255859 0.230469
vt 0.255859 0.230469
vt 0.255859 0.230469
vt 0.255859 0.230469
vt 0.255859 0.230469
vt 0.255859 0.230469
vt 0.255859 0.230469
vt 0.255859 0.230469
vt 0.255859 0.230469
vt 0.255859 0.230469
vt 0.255859 0.230469
vt 0.255859 0.230469
vt 0.255859 0.230469
vt 0.255859 0.230469
vt 0.255859 0.230469
vt 0.255859 0.230469
vt 0.255859 0.230469
vt 0.255859 0.230469
vt 0.255859 0.230469
vt 0.255859 0.230469
vt 0.255859 0.230469
vt 0.255859 0.230469
vt 0.255859 0.230469
vt 0.255859 0.230469
vt 0.255859 0.230469
vt 0.255859 0.230469
vt 0.255859 0.230469
vt 0.255859 0.230469
vt 0.255859 0.230469
vt 0.255859 0.230469
vt 0.255859 0.230469
vt 0.255859 0.230469
vt 0.255859 0.230469
vt 0.255859 0.230469
vt 0.255859 0.230469
vt 0.255859 0.230469
vt 0.255859 0.230469
vt 0.255859 0.230469
vt 0.255859 0.230469
vt 0.255859 0.230469
vt 0.255859 0.230469
vt 0.255859 0.230469
vt 0.255859 0.230469
vt 0.255859 0.230469
vt 0.255859 0.230469
vt 0.255859 0.230469
vt 0.255859 0.230469
vt 0.255859 0.230469
vt 0.255859 0.230469
vt 0.255859 0.230469
vt 0.255859 0.230469
vt 0.255859 0.230469
vt 0.255859 0.230469
vt 0.255859 0.230469
vt 0.255859 0.230469
vt 0.255859 0.230469
vt 0.255859 0.230469
vt 0.255859 0.230469
vt 0.255859 0.230469
vt 0.255859 0.230469
vt 0.255859 0.230469
vt 0.255859 0.230469
vt 0.255859 0.230469
vt 0.255859 0.230469
vt 0.255859 0.230469
vt 0.255859 0.230469
vt 0.255859 0.230469
vt 0.255859 0.230469
vt 0.255859 0.230469
vt 0.255859 0.230469
vt 0.255859 0.230469
vt 0.255859 0.230469
vt 0.255859 0.230469
vt 0.255859 0.230469
vt 0.255859 0.230469
vt 0.255859 0.230469
vt 0.255859 0.230469
vt 0.255859 0.230469
vt 0.255859 0.230469
vt 0.255859 0.230469
vt 0.255859 0.230469
vt 0.255859 0.230469
vt 0.255859 0.230469
vt 0.255859 0.230469
vt 0.255859 0.230469
vt 0.255859 0.230469
vt 0.255859 0.230469
vt 0.255859 0.230469
vt 0.255859 0.230469
vt 0.255859 0.230469
vt 0.255859 0.230469
vt 0.255859 0.230469
vt 0.255859 0.230469
vt 0.255859 0.230469
vt 0.255859 0.230469
vt 0.255859 0.230469
vt 0.255859 0.230469
vt 0.255859 0.230469
vt 0.255859 0.230469
vt 0.255859 0.230469
vt 0.255859 0.230469
vt 0.255859 0.230469
vt 0.255859 0.230469
vt 0.255859 0.230469
vt 0.255859 0.230469
vt 0.255859 0.230469
vt 0.255859 0.230469
vt 0.255859 0.230469
vt 0.255859 0.230469
vt 0.255859 0.230469
vt 0.255859 0.230469
vt 0.255859 0.230469
vt 0.255859 0.230469
vt 0.255859 0.230469
vt 0.255859 0.230469
vt 0.255859 0.230469
vt 0.255859 0.230469
vt 0.255859 0.230469
vt 0.255859 0.230469
vt 0.255859 0.230469
vt 0.255859 0.230469
vt 0.255859 0.230469
vt 0.255859 0.230469
vt 0.255859 0.230469
vt 0.255859 0.230469
vt 0.255859 0.230469
vt 0.255859 0.230469
vt 0.255859 0.230469
vt 0.255859 0.230469
vt 0.255859 0.230469
vt 0.255859 0.230469
vt 0.255859 0.230469
vt 0.255859 0.230469
vt 0.255859 0.230469
vt 0.255859 0.230469
vt 0.255859 0.230469
vt 0.255859 0.230469
vt 0.255859 0.230469
vt 0.255859 0.230469
vt 0.255859 0.230469
vt 0.255859 0.230469
vt 0.255859 0.230469
vt 0.255859 0.230469
vt 0.255859 0.230469
vt 0.255859 0.230469
vt 0.255859 0.230469
vt 0.255859 0.230469
vt 0.255859 0.230469
vt 0.255859 0.230469
vt 0.255859 0.230469
vt 0.255859 0.230469
vt 0.255859 0.230469
vt 0.255859 0.230469
vt 0.255859 0.230469
vt 0.255859 0.230469
vt 0.255859 0.230469
vt 0.255859 0.230469
vt 0.255859 0.230469
vt 0.255859 0.230469
vt 0.255859 0.230469
vt 0.255859 0.230469
vt 0.255859 0.230469
vt 0.255859 0.230469
vt 0.255859 0.230469
vt 0.255859 0.230469
vt 0.255859 0.230469
vt 0.255859 0.230469
vt 0.255859 0.230469
vt 0.255859 0.230469
vt 0.255859 0.230469
vt 0.255859 0.230469
vt 0.255859 0.230469
vt 0.255859 0.230469
vt 0.255859 0.230469
vt 0.255859 0.230469
vt 0.255859 0.230469
vt 0.255859 0.230469
vt 0.255859 0.230469
vt 0.255859 0.230469
vt 0.255859 0.230469
vt 0.255859 0.230469
vt 0.255859 0.230469
vt 0.255859 0.230469
vt 0.255859 0.230469
vt 0.255859 0.230469
vt 0.255859 0.230469
vt 0.255859 0.230469
vt 0.255859 0.230469
vt 0.255859 0.230469
vt 0.255859 0.230469
vt 0.255859 0.230469
vt 0.255859 0.230469
vt 0.255859 0.230469
vt 0.255859 0.230469
vt 0.255859 0.230469
vt 0.255859 0.230469
vt 0.255859 0.230469
vt 0.255859 0.230469
vt 0.255859 0.230469
vt 0.255859 0.230469
vt 0.255859 0.230469
vt 0.255859 0.230469
vt 0.255859 0.230469
vt 0.255859 0.230469
vt 0.255859 0.230469
vt 0.255859 0.230469
vt 0.255859 0.230469
vt 0.255859 0.230469
vt 0.255859 0.230469
vt 0.255859 0.230469
vt 0.255859 0.230469
vt 0.255859 0.230469
vt 0.255859 0.230469
vt 0.255859 0.230469
vt 0.255859 0.230469
vt 0.255859 0.230469
vt 0.255859 0.230469
vt 0.255859 0.230469
vt 0.255859 0.230469
vt 0.255859 0.230469
vt 0.255859 0.230469
vt 0.255859 0.230469
vt 0.255859 0.230469
vt 0.255859 0.230469
vt 0.255859 0.230469
vt 0.255859 0.230469
vt 0.255859 0.230469
vt 0.255859 0.230469
vt 0.255859 0.230469
vt 0.255859 0.230469
vt 0.255859 0.230469
vt 0.255859 0.230469
vt 0.255859 0.230469
vt 0.255859 0.230469
vt 0.255859 0.230469
vt 0.255859 0.230469
vt 0.255859 0.230469
vt 0.255859 0.230469
vt 0.255859 0.230469
vt 0.255859 0.230469
vt 0.255859 0.230469
vt 0.255859 0.230469
vt 0.255859 0.230469
vt 0.255859 0.230469
vt 0.255859 0.230469
vt 0.255859 0.230469
vt 0.255859 0.230469
vt 0.255859 0.230469
vt 0.255859 0.230469
vt 0.255859 0.230469
vt 0.255859 0.230469
vt 0.255859 0.230469
vt 0.255859 0.230469
vt 0.255859 0.230469
vt 0.255859 0.230469
vt 0.255859 0.230469
vt 0.255859 0.230469
vt 0.255859 0.230469
vt 0.255859 0.230469
vt 0.255859 0.230469
vt 0.255859 0.230469
vt 0.255859 0.230469
vt 0.255859 0.230469
vt 0.255859 0.230469
vt 0.255859 0.230469
vt 0.255859 0.230469
vt 0.255859 0.230469
vt 0.255859 0.230469
vt 0.255859 0.230469
vt 0.255859 0.230469
vt 0.255859 0.230469
vt 0.255859 0.230469
vt 0.255859 0.230469
vt 0.255859 0.230469
vt 0.255859 0.230469
vt 0.255859 0.230469
vt 0.255859 0.230469
vt 0.255859 0.230469
vt 0.255859 0.230469
vt 0.255859 0.230469
vt 0.255859 0.230469
vt 0.255859 0.230469
vt 0.255859 0.230469
vt 0.255859 0.230469
vt 0.255859 0.230469
vt 0.255859 0.230469
vt 0.255859 0.230469
vt 0.255859 0.230469
vt 0.255859 0.230469
vt 0.255859 0.230469
vt 0.255859 0.230469
vt 0.255859 0.230469
vt 0.255859 0.230469
vt 0.255859 0.230469
vt 0.255859 0.230469
vt 0.255859 0.230469
vt 0.255859 0.230469
vt 0.255859 0.230469
vt 0.255859 0.230469
vt 0.255859 0.230469
vt 0.255859 0.230469
vt 0.255859 0.230469
vt 0.255859 0.230469
vt 0.255859 0.230469
vt 0.255859 0.230469
vt 0.255859 0.230469
vt 0.255859 0.230469
vt 0.255859 0.230469
vt 0.255859 0.230469
vt 0.255859 0.230469
vt 0.255859 0.230469
vt 0.255859 0.230469
vt 0.255859 0.230469
vt 0.255859 0.230469
vt 0.255859 0.230469
vt 0.255859 0.230469
vt 0.255859 0.230469
vt 0.255859 0.230469
vt 0.255859 0.230469
vt 0.255859 0.230469
vt 0.255859 0.230469
vt 0.255859 0.230469
vt 0.255859 0.230469
vt 0.255859 0.230469
vt 0.255859 0.230469
vt 0.255859 0.230469
vt 0.255859 0.230469
vt 0.255859 0.230469
vt 0.255859 0.230469
vt 0.255859 0.230469
vt 0.255859 0.230469
vt 0.255859 0.230469
vt 0.255859 0.230469
vt 0.255859 0.230469
vt 0.255859 0.230469
vt 0.255859 0.230469
vt 0.255859 0.230469
vt 0.255859 0.230469
vt 0.255859 0.230469
vt 0.255859 0.230469
vt 0.255859 0.230469
vt 0.255859 0.230469
vt 0.255859 0.230469
vt 0.255859 0.230469
vt 0.255859 0.230469
vt 0.255859 0.230469
vt 0.255859 0.230469
vt 0.255859 0.230469
vt 0.255859 0.230469
vt 0.255859 0.230469
vt 0.255859 0.230469
vt 0.255859 0.230469
vt 0.255859 0.230469
vt 0.255859 0.230469
vt 0.255859 0.230469
vt 0.255859 0.230469
vt 0.255859 0.230469
vt 0.255859 0.230469
vt 0.255859 0.230469
vt 0.255859 0.230469
vt 0.255859 0.230469
vt 0.255859 0.230469
vt 0.255859 0.230469
vt 0.255859 0.230469
vt 0.255859 0.230469
vt 0.255859 0.230469
vt 0.255859 0.230469
vt 0.255859 0.230469
vt 0.255859 0.230469
vt 0.255859 0.230469
vt 0.255859 0.230469
vt 0.255859 0.230469
vt 0.255859 0.230469
vt 0.255859 0.230469
vt 0.255859 0.230469
vt 0.255859 0.230469
vt 0.255859 0.230469
vt 0.255859 0.230469
vt 0.255859 0.230469
vt 0.255859 0.230469
vt 0.255859 0.230469
vt 0.255859 0.230469
vt 0.255859 0.230469
vt 0.255859 0.230469
vt 0.255859 0.230469
vt 0.255859 0.230469
vt 0.255859 0.230469
vt 0.255859 0.230469
vt 0.255859 0.230469
vt 0.255859 0.230469
vt 0.255859 0.230469
vt 0.255859 0.230469
vt 0.255859 0.230469
vt 0.255859 0.230469
vt 0.255859 0.230469
vt 0.255859 0.230469
vt 0.255859 0.230469
vt 0.255859 0.230469
vt 0.255859 0.230469
vt 0.255859 0.230469
vt 0.255859 0.230469
vt 0.255859 0.230469
vt 0.255859 0.230469
vt 0.255859 0.230469
vt 0.255859 0.230469
vt 0.255859 0.230469
vt 0.255859 0.230469
vt 0.255859 0.230469
vt 0.255859 0.230469
vt 0.255859 0.230469
vt 0.255859 0.230469
vt 0.255859 0.230469
vt 0.255859 0.230469
vt 0.255859 0.230469
vt 0.255859 0.230469
vt 0.255859 0.230469
vt 0.255859 0.230469
vt 0.255859 0.230469
vt 0.255859 0.230469
vt 0.255859 0.230469
vt 0.255859 0.230469
vt 0.255859 0.230469
vt 0.255859 0.230469
vt 0.255859 0.230469
vt 0.255859 0.230469
vt 0.255859 0.230469
vt 0.255859 0.230469
vt 0.255859 0.230469
vt 0.255859 0.230469
vt 0.255859 0.230469
vt 0.255859 0.230469
vt 0.255859 0.230469
vt 0.255859 0.230469
vt 0.255859 0.230469
vt 0.255859 0.230469
vt 0.255859 0.230469
vt 0.255859 0.230469
vt 0.255859 0.230469
vt 0.255859 0.230469
vt 0.255859 0.230469
vt 0.255859 0.230469
vt 0.255859 0.230469
vt 0.255859 0.230469
vt 0.255859 0.230469
vt 0.255859 0.230469
vt 0.255859 0.230469
vt 0.255859 0.230469
vt 0.255859 0.230469
vt 0.255859 0.230469
vt 0.255859 0.230469
vt 0.255859 0.230469
vt 0.255859 0.230469
vt 0.255859 0.230469
vt 0.255859 0.230469
vt 0.255859 0.230469
vt 0.255859 0.230469
vt 0.255859 0.230469
vt 0.255859 0.230469
vt 0.255859 0.230469
vt 0.255859 0.230469
vt 0.255859 0.230469
vt 0.255859 0.230469
vt 0.255859 0.230469
vt 0.255859 0.230469
vt 0.255859 0.230469
vt 0.255859 0.230469
vt 0.255859 0.230469
vt 0.255859 0.230469
vt 0.255859 0.230469
vt 0.255859 0.230469
vt 0.255859 0.230469
vt 0.255859 0.230469
vt 0.255859 0.230469
vt 0.255859 0.230469
vt 0.255859 0.230469
vt 0.255859 0.230469
vt 0.255859 0.230469
vt 0.255859 0.230469
vt 0.255859 0.230469
vt 0.255859 0.230469
vt 0.255859 0.230469
vt 0.255859 0.230469
vt 0.255859 0.230469
vt 0.255859 0.230469
vt 0.255859 0.230469
vt 0.255859 0.230469
vt 0.255859 0.230469
vt 0.255859 0.230469
vt 0.255859 0.230469
vt 0.255859 0.230469
vt 0.255859 0.230469
vt 0.255859 0.230469
vt 0.255859 0.230469
vt 0.255859 0.230469
vt 0.255859 0.230469
vt 0.255859 0.230469
vt 0.255859 0.230469
vt 0.255859 0.230469
vt 0.255859 0.230469
vt 0.255859 0.230469
vt 0.255859 0.230469
vt 0.255859 0.230469
vt 0.255859 0.230469
vt 0.255859 0.230469
vt 0.255859 0.230469
vt 0.255859 0.230469
vt 0.255859 0.230469
vt 0.255859 0.230469
vt 0.255859 0.230469
vt 0.255859 0.230469
vt 0.255859 0.230469
vt 0.255859 0.230469
vt 0.255859 0.230469
vt 0.255859 0.230469
vt 0.255859 0.230469
vt 0.255859 0.230469
vt 0.255859 0.230469
vt 0.255859 0.230469
vt 0.255859 0.230469
vt 0.255859 0.230469
vt 0.255859 0.230469
vt 0.255859 0.230469
vt 0.255859 0.230469
vt 0.255859 0.230469
vt 0.255859 0.230469
vt 0.255859 0.230469
vt 0.255859 0.230469
vt 0.255859 0.230469
vt 0.255859 0.230469
vt 0.255859 0.230469
vt 0.255859 0.230469
vt 0.255859 0.230469
vt 0.255859 0.230469
vt 0.255859 0.230469
vt 0.255859 0.230469
vt 0.255859 0.230469
vt 0.255859 0.230469
vt 0.255859 0.230469
vt 0.255859 0.230469
vt 0.255859 0.230469
vt 0.255859 0.230469
vt 0.255859 0.230469
vt 0.255859 0.230469
vt 0.255859 0.230469
vt 0.255859 0.230469
vt 0.255859 0.230469
vt 0.255859 0.230469
vt 0.255859 0.230469
vt 0.255859 0.230469
vt 0.255859 0.230469
vt 0.255859 0.230469
vt 0.255859 0.230469
vt 0.255859 0.230469
vt 0.255859 0.230469
vt 0.255859 0.230469
vt 0.255859 0.230469
vt 0.255859 0.230469
vt 0.255859 0.230469
vt 0.255859 0.230469
vt 0.255859 0.230469
vt 0.255859 0.230469
vt 0.255859 0.230469
vt 0.255859 0.230469
vt 0.255859 0.230469
vt 0.255859 0.230469
vt 0.255859 0.230469
vt 0.255859 0.230469
vt 0.255859 0.230469
vt 0.255859 0.230469
vt 0.255859 0.230469
vt 0.255859 0.230469
vt 0.255859 0.230469
vt 0.255859 0.230469
vt 0.255859 0.230469
vt 0.255859 0.230469
vt 0.255859 0.230469
vt 0.255859 0.230469
vt 0.255859 0.230469
vt 0.255859 0.230469
vt 0.255859 0.230469
vt 0.255859 0.230469
vt 0.255859 0.230469
vt 0.255859 0.230469
vt 0.255859 0.230469
vt 0.255859 0.230469
vt 0.255859 0.230469
vt 0.255859 0.230469
vt 0.255859 0.230469
vt 0.255859 0.230469
vt 0.255859 0.230469
vt 0.255859 0.230469
vt 0.255859 0.230469
vt 0.255859 0.230469
vt 0.255859 0.230469
vt 0.255859 0.230469
vt 0.255859 0.230469
vt 0.255859 0.230469
vt 0.255859 0.230469
vt 0.255859 0.230469
vt 0.255859 0.230469
vt 0.255859 0.230469
vt 0.255859 0.230469
vt 0.255859 0.230469
vt 0.255859 0.230469
vt 0.255859 0.230469
vt 0.255859 0.230469
vt 0.255859 0.230469
vt 0.255859 0.230469
vt 0.255859 0.230469
vt 0.255859 0.230469
vt 0.255859 0.230469
vt 0.255859 0.230469
vt 0.255859 0.230469
vt 0.255859 0.230469
vt 0.255859 0.230469
vt 0.255859 0.230469
vt 0.255859 0.230469
vt 0.255859 0.230469
vt 0.255859 0.230469
vt 0.255859 0.230469
vt 0.255859 0.230469
vt 0.255859 0.230469
vt 0.255859 0.230469
vt 0.255859 0.230469
vt 0.255859 0.230469
vt 0.255859 0.230469
vt 0.255859 0.230469
vt 0.255859 0.230469
vt 0.255859 0.230469
vt 0.255859 0.230469
vt 0.255859 0.230469
vt 0.255859 0.230469
vt 0.255859 0.230469
vt 0.255859 0.230469
vt 0.255859 0.230469
vt 0.255859 0.230469
vt 0.255859 0.230469
vt 0.255859 0.230469
vt 0.255859 0.230469
vt 0.255859 0.230469
vt 0.255859 0.230469
vt 0.255859 0.230469
vt 0.255859 0.230469
vt 0.255859 0.230469
vt 0.255859 0.230469
vt 0.255859 0.230469
vt 0.255859 0.230469
vt 0.255859 0.230469
vt 0.255859 0.230469
vt 0.255859 0.230469
vt 0.255859 0.230469
vt 0.255859 0.230469
vt 0.255859 0.230469
vt 0.255859 0.230469
vt 0.255859 0.230469
vt 0.255859 0.230469
vt 0.255859 0.230469
vt 0.255859 0.230469
vt 0.255859 0.230469
vt 0.255859 0.230469
vt 0.255859 0.230469
vt 0.255859 0.230469
vt 0.255859 0.230469
vt 0.255859 0.230469
vt 0.255859 0.230469
vt 0.255859 0.230469
vt 0.255859 0.230469
vt 0.255859 0.230469
vt 0.255859 0.230469
vt 0.255859 0.230469
vt 0.255859 0.230469
vt 0.255859 0.230469
vt 0.255859 0.230469
vt 0.255859 0.230469
vt 0.255859 0.230469
vt 0.255859 0.230469
vt 0.255859 0.230469
vt 0.255859 0.230469
vt 0.255859 0.230469
vt 0.255859 0.230469
vt 0.255859 0.230469
vt 0.255859 0.230469
vt 0.255859 0.230469
vt 0.255859 0.230469
vt 0.255859 0.230469
vt 0.255859 0.230469
vt 0.255859 0.230469
vt 0.255859 0.230469
vt 0.255859 0.230469
vt 0.255859 0.230469
vt 0.255859 0.230469
vt 0.255859 0.230469
vt 0.255859 0.230469
vt 0.255859 0.230469
vt 0.255859 0.230469
vt 0.255859 0.230469
vt 0.255859 0.230469
vt 0.255859 0.230469
vt 0.255859 0.230469
vt 0.255859 0.230469
vt 0.255859 0.230469
vt 0.255859 0.230469
vt 0.255859 0.230469
vt 0.255859 0.230469
vt 0.255859 0.230469
vt 0.255859 0.230469
vt 0.255859 0.230469
vt 0.255859 0.230469
vt 0.255859 0.230469
vt 0.255859 0.230469
vt 0.255859 0.230469
vt 0.255859 0.230469
vt 0.255859 0.230469
vt 0.255859 0.230469
vt 0.255859 0.230469
vt 0.255859 0.230469
vt 0.255859 0.230469
vt 0.255859 0.230469
vt 0.255859 0.230469
vt 0.255859 0.230469
vt 0.255859 0.230469
vt 0.255859 0.230469
vt 0.255859 0.230469
vt 0.255859 0.230469
vt 0.255859 0.230469
vt 0.255859 0.230469
vt 0.255859 0.230469
vt 0.255859 0.230469
vt 0.255859 0.230469
vt 0.255859 0.230469
vt 0.255859 0.230469
vt 0.255859 0.230469
vt 0.255859 0.230469
vt 0.255859 0.230469
vt 0.255859 0.230469
vt 0.255859 0.230469
vt 0.255859 0.230469
vt 0.255859 0.230469
vt 0.255859 0.230469
vt 0.255859 0.230469
vt 0.255859 0.230469
vt 0.255859 0.230469
vt 0.255859 0.230469
vt 0.255859 0.230469
vt 0.255859 0.230469
vt 0.255859 0.230469
vt 0.255859 0.230469
vt 0.255859 0.230469
vt 0.255859 0.230469
vt 0.255859 0.230469
vt 0.255859 0.230469
vt 0.255859 0.230469
vt 0.255859 0.230469
vt 0.255859 0.230469
vt 0.255859 0.230469
vt 0.255859 0.230469
vt 0.255859 0.230469
vt 0.255859 0.230469
vt 0.255859 0.230469
vt 0.255859 0.230469
vt 0.255859 0.230469
vt 0.255859 0.230469
vt 0.255859 0.230469
vt 0.255859 0.230469
vt 0.255859 0.230469
vt 0.255859 0.230469
vt 0.255859 0.230469
vt 0.255859 0.230469
vt 0.255859 0.230469
vt 0.255859 0.230469
vt 0.255859 0.230469
vt 0.255859 0.230469
vt 0.255859 0.230469
vt 0.255859 0.230469
vt 0.255859 0.230469
vt 0.255859 0.230469
vt 0.255859 0.230469
vt 0.255859 0.230469
vt 0.255859 0.230469
vt 0.255859 0.230469
vt 0.255859 0.230469
vt 0.255859 0.230469
vt 0.255859 0.230469
vt 0.255859 0.230469
vt 0.255859 0.230469
vt 0.255859 0.230469
vt 0.255859 0.230469
vt 0.255859 0.230469
vt 0.255859 0.230469
vt 0.255859 0.230469
vt 0.255859 0.230469
vt 0.255859 0.230469
vt 0.255859 0.230469
vt 0.255859 0.230469
vt 0.255859 0.230469
vt 0.255859 0.230469
vt 0.255859 0.230469
vt 0.255859 0.230469
vt 0.255859 0.230469
vt 0.255859 0.230469
vt 0.255859 0.230469
vt 0.255859 0.230469
vt 0.255859 0.230469
vt 0.255859 0.230469
vt 0.255859 0.230469
vt 0.255859 0.230469
vt 0.255859 0.230469
vt 0.255859 0.230469
vt 0.255859 0.230469
vt 0.255859 0.230469
vt 0.255859 0.230469
vt 0.255859 0.230469
vt 0.255859 0.230469
vt 0.255859 0.230469
vt 0.255859 0.230469
vt 0.255859 0.230469
vt 0.255859 0.230469
vt 0.255859 0.230469
vt 0.255859 0.230469
vt 0.255859 0.230469
vt 0.255859 0.230469
vt 0.255859 0.230469
vt 0.255859 0.230469
vt 0.255859 0.230469
vt 0.255859 0.230469
vt 0.255859 0.230469
vt 0.255859 0.230469
vt 0.255859 0.230469
vt 0.255859 0.230469
vt 0.255859 0.230469
vt 0.255859 0.230469
vt 0.255859 0.230469
vt 0.255859 0.230469
vt 0.255859 0.230469
vt 0.255859 0.230469
vt 0.255859 0.230469
vt 0.255859 0.230469
vt 0.255859 0.230469
vt 0.255859 0.230469
vt 0.255859 0.230469
vt 0.255859 0.230469
vt 0.255859 0.230469
vt 0.255859 0.230469
vt 0.255859 0.230469
vt 0.255859 0.230469
vt 0.255859 0.230469
vt 0.255859 0.230469
vt 0.255859 0.230469
vt 0.255859 0.230469
vt 0.255859 0.230469
vt 0.255859 0.230469
vt 0.255859 0.230469
vt 0.255859 0.230469
vt 0.255859 0.230469
vt 0.255859 0.230469
vt 0.255859 0.230469
vt 0.255859 0.230469
vt 0.255859 0.230469
vt 0.255859 0.230469
vt 0.255859 0.230469
vt 0.255859 0.230469
vt 0.255859 0.230469
vt 0.255859 0.230469
vt 0.255859 0.230469
vt 0.255859 0.230469
vt 0.255859 0.230469
vt 0.255859 0.230469
vt 0.255859 0.230469
vt 0.255859 0.230469
vt 0.255859 0.230469
vt 0.255859 0.230469
vt 0.255859 0.230469
vt 0.255859 0.230469
vt 0.255859 0.230469
vt 0.255859 0.230469
vt 0.255859 0.230469
vt 0.255859 0.230469
vt 0.255859 0.230469
vt 0.255859 0.230469
vt 0.255859 0.230469
vt 0.255859 0.230469
vt 0.255859 0.230469
vt 0.255859 0.230469
vt 0.255859 0.230469
vt 0.255859 0.230469
vt 0.255859 0.230469
vt 0.255859 0.230469
vt 0.255859 0.230469
vt 0.255859 0.230469
vt 0.255859 0.230469
vt 0.255859 0.230469
vt 0.255859 0.230469
vt 0.255859 0.230469
vt 0.255859 0.230469
vt 0.255859 0.230469
vt 0.255859 0.230469
vt 0.255859 0.230469
vt 0.255859 0.230469
vt 0.255859 0.230469
vt 0.255859 0.230469
vt 0.255859 0.230469
vt 0.255859 0.230469
vt 0.255859 0.230469
vt 0.255859 0.230469
vt 0.255859 0.230469
vt 0.255859 0.230469
vt 0.255859 0.230469
vt 0.255859 0.230469
vt 0.255859 0.230469
vt 0.255859 0.230469
vt 0.255859 0.230469
vt 0.255859 0.230469
vt 0.255859 0.230469
vt 0.255859 0.230469
vt 0.255859 0.230469
vt 0.255859 0.230469
vt 0.255859 0.230469
vt 0.255859 0.230469
vt 0.255859 0.230469
vt 0.255859 0.230469
vt 0.255859 0.230469
vt 0.255859 0.230469
vt 0.255859 0.230469
vt 0.255859 0.230469
vt 0.255859 0.230469
vt 0.255859 0.230469
vt 0.255859 0.230469
vt 0.255859 0.230469
vt 0.255859 0.230469
vt 0.255859 0.230469
vt 0.255859 0.230469
vt 0.255859 0.230469
vt 0.255859 0.230469
vt 0.255859 0.230469
vt 0.255859 0.230469
vt 0.255859 0.230469
vt 0.255859 0.230469
vt 0.255859 0.230469
vt 0.255859 0.230469
vt 0.255859 0.230469
vt 0.255859 0.230469
vt 0.255859 0.230469
vt 0.255859 0.230469
vt 0.255859 0.230469
vt 0.255859 0.230469
vt 0.255859 0.230469
vt 0.255859 0.230469
vt 0.255859 0.230469
vt 0.255859 0.230469
vt 0.255859 0.230469
vt 0.255859 0.230469
vt 0.255859 0.230469
vt 0.255859 0.230469
vt 0.255859 0.230469
vt 0.255859 0.230469
vt 0.255859 0.230469
vt 0.255859 0.230469
vt 0.255859 0.230469
vt 0.255859 0.230469
vt 0.255859 0.230469
vt 0.255859 0.230469
vt 0.255859 0.230469
vt 0.255859 0.230469
vt 0.255859 0.230469
vt 0.255859 0.230469
vt 0.255859 0.230469
vt 0.255859 0.230469
vt 0.255859 0.230469
vt 0.255859 0.230469
vt 0.255859 0.230469
vt 0.255859 0.230469
vt 0.255859 0.230469
vt 0.255859 0.230469
vt 0.255859 0.230469
vt 0.255859 0.230469
vt 0.255859 0.230469
vt 0.255859 0.230469
vt 0.255859 0.230469
vt 0.255859 0.230469
vt 0.255859 0.230469
vt 0.255859 0.230469
vt 0.255859 0.230469
vt 0.255859 0.230469
vt 0.255859 0.230469
vt 0.255859 0.230469
vt 0.255859 0.230469
vt 0.255859 0.230469
vt 0.255859 0.230469
vt 0.255859 0.230469
vt 0.255859 0.230469
vt 0.255859 0.230469
vt 0.255859 0.230469
vt 0.255859 0.230469
vt 0.255859 0.230469
vt 0.255859 0.230469
vt 0.255859 0.230469
vt 0.255859 0.230469
vt 0.255859 0.230469
vt 0.255859 0.230469
vt 0.255859 0.230469
vt 0.255859 0.230469
vt 0.255859 0.230469
vt 0.255859 0.230469
vt 0.255859 0.230469
vt 0.255859 0.230469
vt 0.255859 0.230469
vt 0.255859 0.230469
vt 0.255859 0.230469
vt 0.255859 0.230469
vt 0.255859 0.230469
vt 0.255859 0.230469
vt 0.255859 0.230469
vt 0.255859 0.230469
vt 0.255859 0.230469
vt 0.255859 0.230469
vt 0.255859 0.230469
vt 0.255859 0.230469
vt 0.255859 0.230469
vt 0.255859 0.230469
vt 0.255859 0.230469
vt 0.255859 0.230469
vt 0.255859 0.230469
vt 0.255859 0.230469
vt 0.255859 0.230469
vt 0.255859 0.230469
vt 0.255859 0.230469
vt 0.255859 0.230469
vt 0.255859 0.230469
vt 0.255859 0.230469
vt 0.255859 0.230469
vt 0.255859 0.230469
vt 0.255859 0.230469
vt 0.255859 0.230469
vt 0.255859 0.230469
vt 0.255859 0.230469
vt 0.255859 0.230469
vt 0.255859 0.230469
vt 0.255859 0.230469
vt 0.255859 0.230469
vt 0.255859 0.230469
vt 0.255859 0.230469
vt 0.255859 0.230469
vt 0.255859 0.230469
vt 0.255859 0.230469
vt 0.255859 0.230469
vt 0.255859 0.230469
vt 0.255859 0.230469
vt 0.255859 0.230469
vt 0.255859 0.230469
vt 0.255859 0.230469
vt 0.255859 0.230469
vt 0.255859 0.230469
vt 0.255859 0.230469
vt 0.255859 0.230469
vt 0.255859 0.230469
vt 0.255859 0.230469
vt 0.255859 0.230469
vt 0.255859 0.230469
vt 0.255859 0.230469
vt 0.255859 0.230469
vt 0.255859 0.230469
vt 0.255859 0.230469
vt 0.255859 0.230469
vt 0.255859 0.230469
vt 0.255859 0.230469
vt 0.255859 0.230469
vt 0.255859 0.230469
vt 0.255859 0.230469
vt 0.255859 0.230469
vt 0.255859 0.230469
vt 0.255859 0.230469
vt 0.255859 0.230469
vt 0.255859 0.230469
vt 0.255859 0.230469
vt 0.255859 0.230469
vt 0.255859 0.230469
vt 0.255859 0.230469
vt 0.255859 0.230469
vt 0.255859 0.230469
vt 0.255859 0.230469
vt 0.255859 0.230469
vt 0.255859 0.230469
vt 0.255859 0.230469
vt 0.255859 0.230469
vt 0.255859 0.230469
vt 0.255859 0.230469
vt 0.255859 0.230469
vt 0.255859 0.230469
vt 0.255859 0.230469
vt 0.255859 0.230469
vt 0.255859 0.230469
vt 0.255859 0.230469
vt 0.255859 0.230469
vt 0.255859 0.230469
vt 0.255859 0.230469
vt 0.255859 0.230469
vt 0.255859 0.230469
vt 0.255859 0.230469
vt 0.255859 0.230469
vt 0.255859 0.230469
vt 0.255859 0.230469
vt 0.255859 0.230469
vt 0.255859 0.230469
vt 0.255859 0.230469
vt 0.255859 0.230469
vt 0.255859 0.230469
vt 0.255859 0.230469
vt 0.255859 0.230469
vt 0.255859 0.230469
vt 0.255859 0.230469
vt 0.255859 0.230469
vt 0.255859 0.230469
vt 0.255859 0.230469
vt 0.255859 0.230469
vt 0.255859 0.230469
vt 0.255859 0.230469
vt 0.255859 0.230469
vt 0.255859 0.230469
vt 0.255859 0.230469
vt 0.255859 0.230469
vt 0.255859 0.230469
vt 0.255859 0.230469
vt 0.255859 0.230469
vt 0.255859 0.230469
vt 0.255859 0.230469
vt 0.255859 0.230469
vt 0.255859 0.230469
vt 0.255859 0.230469
vt 0.255859 0.230469
vt 0.255859 0.230469
vt 0.255859 0.230469
vt 0.255859 0.230469
vt 0.255859 0.230469
vt 0.255859 0.230469
vt 0.255859 0.230469
vt 0.255859 0.230469
vt 0.255859 0.230469
vt 0.255859 0.230469
vt 0.255859 0.230469
vt 0.255859 0.230469
vt 0.255859 0.230469
vt 0.255859 0.230469
vt 0.255859 0.230469
vt 0.255859 0.230469
vt 0.255859 0.230469
vt 0.255859 0.230469
vt 0.255859 0.230469
vt 0.255859 0.230469
vt 0.255859 0.230469
vt 0.255859 0.230469
vt 0.255859 0.230469
vt 0.255859 0.230469
vt 0.255859 0.230469
vt 0.255859 0.230469
vt 0.255859 0.230469
vt 0.255859 0.230469
vt 0.255859 0.230469
vt 0.255859 0.230469
vt 0.255859 0.230469
vt 0.255859 0.230469
vt 0.255859 0.230469
vt 0.255859 0.230469
vt 0.255859 0.230469
vt 0.255859 0.230469
vt 0.255859 0.230469
vt 0.255859 0.230469
vt 0.255859 0.230469
vt 0.255859 0.230469
vt 0.255859 0.230469
vt 0.255859 0.230469
vt 0.255859 0.230469
vt 0.255859 0.230469
vt 0.255859 0.230469
vt 0.255859 0.230469
vt 0.255859 0.230469
vt 0.255859 0.230469
vt 0.255859 0.230469
vt 0.255859 0.230469
vt 0.255859 0.230469
vt 0.255859 0.230469
vt 0.255859 0.230469
vt 0.255859 0.230469
vt 0.255859 0.230469
vt 0.255859 0.230469
vt 0.255859 0.230469
vt 0.255859 0.230469
vt 0.255859 0.230469
vt 0.255859 0.230469
vt 0.255859 0.230469
vt 0.255859 0.230469
vt 0.255859 0.230469
vt 0.255859 0.230469
vt 0.255859 0.230469
vt 0.255859 0.230469
vt 0.255859 0.230469
vt 0.255859 0.230469
vt 0.255859 0.230469
vt 0.255859 0.230469
vt 0.255859 0.230469
vt 0.255859 0.230469
vt 0.255859 0.230469
vt 0.255859 0.230469
vt 0.255859 0.230469
vt 0.255859 0.230469
vt 0.255859 0.230469
vt 0.255859 0.230469
vt 0.255859 0.230469
vt 0.255859 0.230469
vt 0.255859 0.230469
vt 0.255859 0.230469
vt 0.255859 0.230469
vt 0.255859 0.230469
vt 0.255859 0.230469
vt 0.255859 0.230469
vt 0.255859 0.230469
vt 0.255859 0.230469
vt 0.255859 0.230469
vt 0.255859 0.230469
vt 0.255859 0.230469
vt 0.255859 0.230469
vt 0.255859 0.230469
vt 0.255859 0.230469
vt 0.255859 0.230469
vt 0.255859 0.230469
vt 0.255859 0.230469
vt 0.255859 0.230469
vt 0.255859 0.230469
vt 0.255859 0.230469
vt 0.255859 0.230469
vt 0.255859 0.230469
vt 0.255859 0.230469
vt 0.255859 0.230469
vt 0.255859 0.230469
vt 0.255859 0.230469
vt 0.255859 0.230469
vt 0.255859 0.230469
vt 0.255859 0.230469
vt 0.255859 0.230469
vt 0.255859 0.230469
vt 0.255859 0.230469
vt 0.255859 0.230469
vt 0.255859 0.230469
vt 0.255859 0.230469
vt 0.255859 0.230469
vt 0.255859 0.230469
vt 0.255859 0.230469
vt 0.255859 0.230469
vt 0.255859 0.230469
vt 0.255859 0.230469
vt 0.255859 0.230469
vt 0.255859 0.230469
vt 0.255859 0.230469
vt 0.255859 0.230469
vt 0.255859 0.230469
vt 0.255859 0.230469
vt 0.255859 0.230469
vt 0.255859 0.230469
vt 0.255859 0.230469
vt 0.255859 0.230469
vt 0.255859 0.230469
vt 0.255859 0.230469
vt 0.255859 0.230469
vt 0.255859 0.230469
vt 0.255859 0.230469
vt 0.255859 0.230469
vt 0.255859 0.230469
vt 0.255859 0.230469
vt 0.255859 0.230469
vt 0.255859 0.230469
vt 0.255859 0.230469
vt 0.255859 0.230469
vt 0.255859 0.230469
vt 0.255859 0.230469
vt 0.255859 0.230469
vt 0.255859 0.230469
vt 0.255859 0.230469
vt 0.255859 0.230469
vt 0.255859 0.230469
vt 0.255859 0.230469
vt 0.255859 0.230469
vt 0.255859 0.230469
vt 0.255859 0.230469
vt 0.255859 0.230469
vt 0.255859 0.230469
vt 0.255859 0.230469
vt 0.255859 0.230469
vt 0.255859 0.230469
vt 0.255859 0.230469
vt 0.255859 0.230469
vt 0.255859 0.230469
vt 0.255859 0.230469
vt 0.255859 0.230469
vt 0.255859 0.230469
vt 0.255859 0.230469
vt 0.255859 0.230469
vt 0.255859 0.230469
vt 0.255859 0.230469
vt 0.255859 0.230469
vt 0.255859 0.230469
vt 0.255859 0.230469
vt 0.255859 0.230469
vt 0.255859 0.230469
vt 0.255859 0.230469
vt 0.255859 0.230469
vt 0.255859 0.230469
vt 0.255859 0.230469
vt 0.255859 0.230469
vt 0.255859 0.230469
vt 0.255859 0.230469
vt 0.255859 0.230469
vt 0.255859 0.230469
vt 0.255859 0.230469
vt 0.255859 0.230469
vt 0.255859 0.230469
vt 0.255859 0.230469
vt 0.255859 0.230469
vt 0.255859 0.230469
vt 0.255859 0.230469
vt 0.255859 0.230469
vt 0.255859 0.230469
vt 0.255859 0.230469
vt 0.255859 0.230469
vt 0.255859 0.230469
vt 0.255859 0.230469
vt 0.255859 0.230469
vt 0.255859 0.230469
vt 0.255859 0.230469
vt 0.255859 0.230469
vt 0.255859 0.230469
vt 0.255859 0.230469
vt 0.255859 0.230469
vt 0.255859 0.230469
vt 0.255859 0.230469
vt 0.255859 0.230469
vt 0.255859 0.230469
vt 0.255859 0.230469
vt 0.255859 0.230469
vt 0.255859 0.230469
vt 0.255859 0.230469
vt 0.255859 0.230469
vt 0.255859 0.230469
vt 0.255859 0.230469
vt 0.255859 0.230469
vt 0.255859 0.230469
vt 0.255859 0.230469
vt 0.255859 0.230469
vt 0.255859 0.230469
vt 0.255859 0.230469
vt 0.255859 0.230469
vt 0.255859 0.230469
vt 0.255859 0.230469
vt 0.255859 0.230469
vt 0.255859 0.230469
vt 0.255859 0.230469
vt 0.255859 0.230469
vt 0.255859 0.230469
vt 0.255859 0.230469
vt 0.255859 0.230469
vt 0.255859 0.230469
vt 0.255859 0.230469
vt 0.255859 0.230469
vt 0.255859 0.230469
vt 0.255859 0.230469
vt 0.255859 0.230469
vt 0.255859 0.230469
vt 0.255859 0.230469
vt 0.255859 0.230469
vt 0.255859 0.230469
vt 0.255859 0.230469
vt 0.255859 0.230469
vt 0.255859 0.230469
vt 0.255859 0.230469
vt 0.255859 0.230469
vt 0.255859 0.230469
vt 0.255859 0.230469
vt 0.255859 0.230469
vt 0.255859 0.230469
vt 0.255859 0.230469
vt 0.255859 0.230469
vt 0.255859 0.230469
vt 0.255859 0.230469
vt 0.255859 0.230469
vt 0.255859 0.230469
vt 0.255859 0.230469
vt 0.255859 0.230469
vt 0.255859 0.230469
vt 0.255859 0.230469
vt 0.255859 0.230469
vt 0.255859 0.230469
vt 0.255859 0.230469
vt 0.255859 0.230469
vt 0.255859 0.230469
vt 0.255859 0.230469
vt 0.255859 0.230469
vt 0.255859 0.230469
vt 0.255859 0.230469
vt 0.255859 0.230469
vt 0.255859 0.230469
vt 0.255859 0.230469
vt 0.255859 0.230469
vt 0.255859 0.230469
vt 0.255859 0.230469
vt 0.255859 0.230469
vt 0.255859 0.230469
vt 0.255859 0.230469
vt 0.255859 0.230469
vt 0.255859 0.230469
vt 0.255859 0.230469
vt 0.255859 0.230469
vt 0.255859 0.230469
vt 0.255859 0.230469
vt 0.255859 0.230469
vt 0.255859 0.230469
vt 0.255859 0.230469
vt 0.255859 0.230469
vt 0.255859 0.230469
vt 0.255859 0.230469
vt 0.255859 0.230469
vt 0.255859 0.230469
vt 0.255859 0.230469
vt 0.255859 0.230469
vt 0.255859 0.230469
vt 0.255859 0.230469
vt 0.255859 0.230469
vt 0.255859 0.230469
vt 0.255859 0.230469
vt 0.255859 0.230469
vt 0.255859 0.230469
vt 0.255859 0.230469
vt 0.255859 0.230469
vt 0.255859 0.230469
vt 0.255859 0.230469
vt 0.255859 0.230469
vt 0.255859 0.230469
vt 0.255859 0.230469
vt 0.255859 0.230469
vt 0.255859 0.230469
vt 0.255859 0.230469
vt 0.255859 0.230469
vt 0.255859 0.230469
vt 0.255859 0.230469
vt 0.255859 0.230469
vt 0.255859 0.230469
vt 0.255859 0.230469
vt 0.255859 0.230469
vt 0.255859 0.230469
vt 0.255859 0.230469
vt 0.255859 0.230469
vt 0.255859 0.230469
vt 0.255859 0.230469
vt 0.255859 0.230469
vt 0.255859 0.230469
vt 0.255859 0.230469
vt 0.255859 0.230469
vt 0.255859 0.230469
vt 0.255859 0.230469
vt 0.255859 0.230469
vt 0.255859 0.230469
vt 0.255859 0.230469
vt 0.255859 0.230469
vt 0.255859 0.230469
vt 0.255859 0.230469
vt 0.255859 0.230469
vt 0.255859 0.230469
vt 0.255859 0.230469
vt 0.255859 0.230469
vt 0.255859 0.230469
vt 0.255859 0.230469
vt 0.255859 0.230469
vt 0.255859 0.230469
vt 0.255859 0.230469
vt 0.255859 0.230469
vt 0.255859 0.230469
vt 0.255859 0.230469
vt 0.255859 0.230469
vt 0.255859 0.230469
vt 0.255859 0.230469
vt 0.255859 0.230469
vt 0.255859 0.230469
vt 0.255859 0.230469
vt 0.255859 0.230469
vt 0.255859 0.230469
vt 0.255859 0.230469
vt 0.255859 0.230469
vt 0.255859 0.230469
vt 0.255859 0.230469
vt 0.255859 0.230469
vt 0.255859 0.230469
vt 0.255859 0.230469
vt 0.255859 0.230469
vt 0.255859 0.230469
vt 0.255859 0.230469
vt 0.255859 0.230469
vt 0.255859 0.230469
vt 0.255859 0.230469
vt 0.255859 0.230469
vt 0.255859 0.230469
vt 0.255859 0.230469
vt 0.255859 0.230469
vt 0.255859 0.230469
vt 0.255859 0.230469
vt 0.255859 0.230469
vt 0.255859 0.230469
vt 0.255859 0.230469
vt 0.255859 0.230469
vt 0.255859 0.230469
vt 0.255859 0.230469
vt 0.255859 0.230469
vt 0.255859 0.230469
vt 0.255859 0.230469
vt 0.255859 0.230469
vt 0.255859 0.230469
vt 0.255859 0.230469
vt 0.255859 0.230469
vt 0.255859 0.230469
vt 0.255859 0.230469
vt 0.255859 0.230469
vt 0.255859 0.230469
vt 0.255859 0.230469
vt 0.255859 0.230469
vt 0.255859 0.230469
vt 0.255859 0.230469
vt 0.255859 0.230469
vt 0.255859 0.230469
vt 0.255859 0.230469
vt 0.255859 0.230469
vt 0.255859 0.230469
vt 0.255859 0.230469
vt 0.255859 0.230469
vt 0.255859 0.230469
vt 0.255859 0.230469
vt 0.255859 0.230469
vt 0.255859 0.230469
vt 0.255859 0.230469
vt 0.255859 0.230469
vt 0.255859 0.230469
vt 0.255859 0.230469
vt 0.255859 0.230469
vt 0.255859 0.230469
vt 0.255859 0.230469
vt 0.255859 0.230469
vt 0.255859 0.230469
vt 0.255859 0.230469
vt 0.255859 0.230469
vt 0.255859 0.230469
vt 0.255859 0.230469
vt 0.255859 0.230469
vt 0.255859 0.230469
vt 0.255859 0.230469
vt 0.255859 0.230469
vt 0.255859 0.230469
vt 0.255859 0.230469
vt 0.255859 0.230469
vt 0.255859 0.230469
vt 0.255859 0.230469
vt 0.255859 0.230469
vt 0.255859 0.230469
vt 0.255859 0.230469
vt 0.255859 0.230469
vt 0.255859 0.230469
vt 0.255859 0.230469
vt 0.255859 0.230469
vt 0.255859 0.230469
vt 0.255859 0.230469
vt 0.255859 0.230469
vt 0.255859 0.230469
vt 0.255859 0.230469
vt 0.255859 0.230469
vt 0.255859 0.230469
vt 0.255859 0.230469
vt 0.255859 0.230469
vt 0.255859 0.230469
vt 0.255859 0.230469
vt 0.255859 0.230469
vt 0.255859 0.230469
vt 0.255859 0.230469
vt 0.255859 0.230469
vt 0.255859 0.230469
vt 0.255859 0.230469
vt 0.255859 0.230469
vt 0.255859 0.230469
vt 0.255859 0.230469
vt 0.255859 0.230469
vt 0.255859 0.230469
vt 0.255859 0.230469
vt 0.255859 0.230469
vt 0.255859 0.230469
vt 0.255859 0.230469
vt 0.255859 0.230469
vt 0.255859 0.230469
vt 0.255859 0.230469
vt 0.255859 0.230469
vt 0.255859 0.230469
vt 0.255859 0.230469
vt 0.255859 0.230469
vt 0.255859 0.230469
vt 0.255859 0.230469
vt 0.255859 0.230469
vt 0.255859 0.230469
vt 0.255859 0.230469
vt 0.255859 0.230469
vt 0.255859 0.230469
vt 0.255859 0.230469
vt 0.255859 0.230469
vt 0.255859 0.230469
vt 0.255859 0.230469
vt 0.255859 0.230469
vt 0.255859 0.230469
vt 0.255859 0.230469
vt 0.255859 0.230469
vt 0.255859 0.230469
vt 0.255859 0.230469
vt 0.255859 0.230469
vt 0.255859 0.230469
vt 0.255859 0.230469
vt 0.255859 0.230469
vt 0.255859 0.230469
vt 0.255859 0.230469
vt 0.255859 0.230469
vt 0.255859 0.230469
vt 0.255859 0.230469
vt 0.255859 0.230469
vt 0.255859 0.230469
vt 0.255859 0.230469
vt 0.255859 0.230469
vt 0.255859 0.230469
vt 0.255859 0.230469
vt 0.255859 0.230469
vt 0.255859 0.230469
vt 0.255859 0.230469
vt 0.255859 0.230469
vt 0.255859 0.230469
vt 0.255859 0.230469
vt 0.255859 0.230469
vt 0.255859 0.230469
vt 0.255859 0.230469
vt 0.255859 0.230469
vt 0.255859 0.230469
vt 0.255859 0.230469
vt 0.255859 0.230469
vt 0.255859 0.230469
vt 0.255859 0.230469
vt 0.255859 0.230469
vt 0.255859 0.230469
vt 0.255859 0.230469
vt 0.255859 0.230469
vt 0.255859 0.230469
vt 0.255859 0.230469
vt 0.255859 0.230469
vt 0.255859 0.230469
vt 0.255859 0.230469
vt 0.255859 0.230469
vt 0.255859 0.230469
vt 0.255859 0.230469
vt 0.255859 0.230469
vt 0.255859 0.230469
vt 0.255859 0.230469
vt 0.255859 0.230469
vt 0.255859 0.230469
vt 0.255859 0.230469
vt 0.255859 0.230469
vt 0.255859 0.230469
vt 0.255859 0.230469
vt 0.255859 0.230469
vt 0.255859 0.230469
vt 0.255859 0.230469
vt 0.255859 0.230469
vt 0.255859 0.230469
vt 0.255859 0.230469
vt 0.255859 0.230469
vt 0.255859 0.230469
vt 0.255859 0.230469
vt 0.255859 0.230469
vt 0.255859 0.230469
vt 0.255859 0.230469
vt 0.255859 0.230469
vt 0.255859 0.230469
vt 0.255859 0.230469
vt 0.255859 0.230469
vt 0.255859 0.230469
vt 0.255859 0.230469
vt 0.255859 0.230469
vt 0.255859 0.230469
vt 0.255859 0.230469
vt 0.255859 0.230469
vt 0.255859 0.230469
vt 0.255859 0.230469
vt 0.255859 0.230469
vt 0.255859 0.230469
vt 0.255859 0.230469
vt 0.255859 0.230469
vt 0.255859 0.230469
vt 0.255859 0.230469
vt 0.255859 0.230469
vt 0.255859 0.230469
vt 0.255859 0.230469
vt 0.255859 0.230469
vt 0.255859 0.230469
vt 0.255859 0.230469
vt 0.255859 0.230469
vt 0.255859 0.230469
vt 0.255859 0.230469
vt 0.255859 0.230469
vt 0.255859 0.230469
vt 0.255859 0.230469
vt 0.255859 0.230469
vt 0.255859 0.230469
vt 0.255859 0.230469
vt 0.255859 0.230469
vt 0.255859 0.230469
vt 0.255859 0.230469
vt 0.255859 0.230469
vt 0.255859 0.230469
vt 0.255859 0.230469
vt 0.255859 0.230469
vt 0.255859 0.230469
vt 0.255859 0.230469
vt 0.255859 0.230469
vt 0.255859 0.230469
vt 0.255859 0.230469
vt 0.255859 0.230469
vt 0.255859 0.230469
vt 0.255859 0.230469
vt 0.255859 0.230469
vt 0.255859 0.230469
vt 0.255859 0.230469
vt 0.255859 0.230469
vt 0.255859 0.230469
vt 0.255859 0.230469
vt 0.255859 0.230469
vt 0.255859 0.230469
vt 0.255859 0.230469
vt 0.255859 0.230469
vt 0.255859 0.230469
vt 0.255859 0.230469
vt 0.255859 0.230469
vt 0.255859 0.230469
vt 0.255859 0.230469
vt 0.255859 0.230469
vt 0.255859 0.230469
vt 0.255859 0.230469
vt 0.255859 0.230469
vt 0.255859 0.230469
vt 0.255859 0.230469
vt 0.255859 0.230469
vt 0.255859 0.230469
vt 0.255859 0.230469
vt 0.255859 0.230469
vt 0.255859 0.230469
vt 0.255859 0.230469
vt 0.255859 0.230469
vt 0.255859 0.230469
vt 0.255859 0.230469
vt 0.255859 0.230469
vt 0.255859 0.230469
vt 0.255859 0.230469
vt 0.255859 0.230469
vt 0.255859 0.230469
vt 0.255859 0.230469
vt 0.255859 0.230469
vt 0.255859 0.230469
vt 0.255859 0.230469
vt 0.255859 0.230469
vt 0.255859 0.230469
vt 0.255859 0.230469
vt 0.255859 0.230469
vt 0.255859 0.230469
vt 0.255859 0.230469
vt 0.255859 0.230469
vt 0.255859 0.230469
vt 0.255859 0.230469
vt 0.255859 0.230469
vt 0.255859 0.230469
vt 0.255859 0.230469
vt 0.255859 0.230469
vt 0.255859 0.230469
vt 0.255859 0.230469
vt 0.255859 0.230469
vt 0.255859 0.230469
vt 0.255859 0.230469
vt 0.255859 0.230469
vt 0.255859 0.230469
vt 0.255859 0.230469
vt 0.255859 0.230469
vt 0.255859 0.230469
vt 0.255859 0.230469
vt 0.255859 0.230469
vt 0.255859 0.230469
vt 0.255859 0.230469
vt 0.255859 0.230469
vt 0.255859 0.230469
vt 0.255859 0.230469
vt 0.255859 0.230469
vt 0.255859 0.230469
vt 0.255859 0.230469
vt 0.255859 0.230469
vt 0.255859 0.230469
vt 0.255859 0.230469
vt 0.255859 0.230469
vt 0.255859 0.230469
vt 0.255859 0.230469
vt 0.255859 0.230469
vt 0.255859 0.230469
vt 0.255859 0.230469
vt 0.255859 0.230469
vt 0.255859 0.230469
vt 0.255859 0.230469
vt 0.255859 0.230469
vt 0.255859 0.230469
vt 0.255859 0.230469
vt 0.255859 0.230469
vt 0.255859 0.230469
vt 0.255859 0.230469
vt 0.255859 0.230469
vt 0.255859 0.230469
vt 0.255859 0.230469
vt 0.255859 0.230469
vt 0.255859 0.230469
vt 0.255859 0.230469
vt 0.255859 0.230469
vt 0.255859 0.230469
vt 0.255859 0.230469
vt 0.255859 0.230469
vt 0.255859 0.230469
vt 0.255859 0.230469
vt 0.255859 0.230469
vt 0.255859 0.230469
vt 0.255859 0.230469
vt 0.255859 0.230469
vt 0.255859 0.230469
vt 0.255859 0.230469
vt 0.255859 0.230469
vt 0.255859 0.230469
vt 0.255859 0.230469
vt 0.255859 0.230469
vt 0.255859 0.230469
vt 0.255859 0.230469
vt 0.255859 0.230469
vt 0.255859 0.230469
vt 0.255859 0.230469
vt 0.255859 0.230469
vt 0.255859 0.230469
vt 0.255859 0.230469
vt 0.255859 0.230469
vt 0.255859 0.230469
vt 0.255859 0.230469
vt 0.255859 0.230469
vt 0.255859 0.230469
vt 0.255859 0.230469
vt 0.255859 0.230469
vt 0.255859 0.230469
vt 0.255859 0.230469
vt 0.255859 0.230469
vt 0.255859 0.230469
vt 0.255859 0.230469
vt 0.255859 0.230469
vt 0.255859 0.230469
vt 0.255859 0.230469
vt 0.255859 0.230469
vt 0.255859 0.230469
vt 0.255859 0.230469
vt 0.255859 0.230469
vt 0.255859 0.230469
vt 0.255859 0.230469
vt 0.255859 0.230469
vt 0.255859 0.230469
vt 0.255859 0.230469
vt 0.255859 0.230469
vt 0.255859 0.230469
vt 0.255859 0.230469
vt 0.255859 0.230469
vt 0.255859 0.230469
vt 0.255859 0.230469
vt 0.255859 0.230469
vt 0.255859 0.230469
vt 0.255859 0.230469
vt 0.255859 0.230469
vt 0.255859 0.230469
vt 0.255859 0.230469
vt 0.255859 0.230469
vt 0.255859 0.230469
vt 0.255859 0.230469
vt 0.255859 0.230469
vt 0.255859 0.230469
vt 0.255859 0.230469
vt 0.255859 0.230469
vt 0.255859 0.230469
vt 0.255859 0.230469
vt 0.255859 0.230469
vt 0.255859 0.230469
vt 0.255859 0.230469
vt 0.255859 0.230469
vt 0.255859 0.230469
vt 0.255859 0.230469
vt 0.255859 0.230469
vt 0.255859 0.230469
vt 0.255859 0.230469
vt 0.255859 0.230469
vt 0.255859 0.230469
vt 0.255859 0.230469
vt 0.255859 0.230469
vt 0.255859 0.230469
vt 0.255859 0.230469
vt 0.255859 0.230469
vt 0.255859 0.230469
vt 0.255859 0.230469
vt 0.255859 0.230469
vt 0.255859 0.230469
vt 0.255859 0.230469
vt 0.255859 0.230469
vt 0.255859 0.230469
vt 0.255859 0.230469
vt 0.255859 0.230469
vt 0.255859 0.230469
vt 0.255859 0.230469
vt 0.255859 0.230469
vt 0.255859 0.230469
vt 0.255859 0.230469
vt 0.255859 0.230469
vt 0.255859 0.230469
vt 0.255859 0.230469
vt 0.255859 0.230469
vt 0.255859 0.230469
vt 0.255859 0.230469
vt 0.255859 0.230469
vt 0.255859 0.230469
vt 0.255859 0.230469
vt 0.255859 0.230469
vt 0.255859 0.230469
vt 0.255859 0.230469
vt 0.255859 0.230469
vt 0.255859 0.230469
vt 0.255859 0.230469
vt 0.255859 0.230469
vt 0.255859 0.230469
vt 0.255859 0.230469
vt 0.255859 0.230469
vt 0.255859 0.230469
vt 0.255859 0.230469
vt 0.255859 0.230469
vt 0.255859 0.230469
vt 0.255859 0.230469
vt 0.255859 0.230469
vt 0.255859 0.230469
vt 0.255859 0.230469
vt 0.255859 0.230469
vt 0.255859 0.230469
vt 0.255859 0.230469
vt 0.255859 0.230469
vt 0.255859 0.230469
vt 0.255859 0.230469
vt 0.255859 0.230469
vt 0.255859 0.230469
vt 0.255859 0.230469
vt 0.255859 0.230469
vt 0.255859 0.230469
vt 0.255859 0.230469
vt 0.255859 0.230469
vt 0.255859 0.230469
vt 0.255859 0.230469
vt 0.255859 0.230469
vt 0.255859 0.230469
vt 0.255859 0.230469
vt 0.255859 0.230469
vt 0.255859 0.230469
vt 0.255859 0.230469
vt 0.255859 0.230469
vt 0.255859 0.230469
vt 0.255859 0.230469
vt 0.255859 0.230469
vt 0.255859 0.230469
vt 0.255859 0.230469
vt 0.255859 0.230469
vt 0.255859 0.230469
vt 0.255859 0.230469
vt 0.255859 0.230469
vt 0.255859 0.230469
vt 0.255859 0.230469
vt 0.255859 0.230469
vt 0.255859 0.230469
vt 0.255859 0.230469
vt 0.255859 0.230469
vt 0.255859 0.230469
vt 0.255859 0.230469
vt 0.255859 0.230469
vt 0.255859 0.230469
vt 0.255859 0.230469
vt 0.255859 0.230469
vt 0.255859 0.230469
vt 0.255859 0.230469
vt 0.255859 0.230469
vt 0.255859 0.230469
vt 0.255859 0.230469
vt 0.255859 0.230469
vt 0.255859 0.230469
vt 0.255859 0.230469
vt 0.255859 0.230469
vt 0.255859 0.230469
vt 0.255859 0.230469
vt 0.255859 0.230469
vt 0.255859 0.230469
vt 0.255859 0.230469
vt 0.255859 0.230469
vt 0.255859 0.230469
vt 0.255859 0.230469
vt 0.255859 0.230469
vt 0.255859 0.230469
vt 0.255859 0.230469
vt 0.255859 0.230469
vt 0.255859 0.230469
vt 0.255859 0.230469
vt 0.255859 0.230469
vt 0.255859 0.230469
vt 0.255859 0.230469
vt 0.255859 0.230469
vt 0.255859 0.230469
vt 0.255859 0.230469
vt 0.255859 0.230469
vt 0.255859 0.230469
vt 0.255859 0.230469
vt 0.255859 0.230469
vt 0.255859 0.230469
vt 0.255859 0.230469
vt 0.255859 0.230469
vt 0.255859 0.230469
vt 0.255859 0.230469
vt 0.255859 0.230469
vt 0.255859 0.230469
vt 0.255859 0.230469
vt 0.255859 0.230469
vt 0.255859 0.230469
vt 0.255859 0.230469
vt 0.255859 0.230469
vt 0.255859 0.230469
vt 0.255859 0.230469
vt 0.255859 0.230469
vt 0.255859 0.230469
vt 0.255859 0.230469
vt 0.255859 0.230469
vt 0.255859 0.230469
vt 0.255859 0.230469
vt 0.255859 0.230469
vt 0.255859 0.230469
vt 0.255859 0.230469
vt 0.255859 0.230469
vt 0.255859 0.230469
vt 0.255859 0.230469
vt 0.255859 0.230469
vt 0.255859 0.230469
vt 0.255859 0.230469
vt 0.255859 0.230469
vt 0.255859 0.230469
vt 0.255859 0.230469
vt 0.255859 0.230469
vt 0.255859 0.230469
vt 0.255859 0.230469
vt 0.255859 0.230469
vt 0.255859 0.230469
vt 0.255859 0.230469
vt 0.255859 0.230469
vt 0.255859 0.230469
vt 0.255859 0.230469
vt 0.255859 0.230469
vt 0.255859 0.230469
vt 0.255859 0.230469
vt 0.255859 0.230469
vt 0.255859 0.230469
vt 0.255859 0.230469
vt 0.255859 0.230469
vt 0.255859 0.230469
vt 0.255859 0.230469
vt 0.255859 0.230469
vt 0.255859 0.230469
vt 0.255859 0.230469
vt 0.255859 0.230469
vt 0.255859 0.230469
vt 0.255859 0.230469
vt 0.255859 0.230469
vt 0.255859 0.230469
vt 0.255859 0.230469
vt 0.255859 0.230469
vt 0.255859 0.230469
vt 0.255859 0.230469
vt 0.255859 0.230469
vt 0.255859 0.230469
vt 0.255859 0.230469
vt 0.255859 0.230469
vt 0.255859 0.230469
vt 0.255859 0.230469
vt 0.255859 0.230469
vt 0.255859 0.230469
vt 0.255859 0.230469
vt 0.255859 0.230469
vt 0.255859 0.230469
vt 0.255859 0.230469
vt 0.255859 0.230469
vt 0.255859 0.230469
vt 0.255859 0.230469
vt 0.255859 0.230469
vt 0.255859 0.230469
vt 0.255859 0.230469
vt 0.255859 0.230469
vt 0.255859 0.230469
vt 0.255859 0.230469
vt 0.255859 0.230469
vt 0.255859 0.230469
vt 0.255859 0.230469
vt 0.255859 0.230469
vt 0.255859 0.230469
vt 0.255859 0.230469
vt 0.255859 0.230469
vt 0.255859 0.230469
vt 0.255859 0.230469
vt 0.255859 0.230469
vt 0.255859 0.230469
vt 0.255859 0.230469
vt 0.255859 0.230469
vt 0.255859 0.230469
vt 0.255859 0.230469
vt 0.255859 0.230469
vt 0.255859 0.230469
vt 0.255859 0.230469
vt 0.255859 0.230469
vt 0.255859 0.230469
vt 0.255859 0.230469
vt 0.255859 0.230469
vt 0.255859 0.230469
vt 0.255859 0.230469
vt 0.255859 0.230469
vt 0.255859 0.230469
vt 0.255859 0.230469
vt 0.255859 0.230469
vt 0.255859 0.230469
vt 0.255859 0.230469
vt 0.255859 0.230469
vt 0.255859 0.230469
vt 0.255859 0.230469
vt 0.255859 0.230469
vt 0.255859 0.230469
vt 0.255859 0.230469
vt 0.255859 0.230469
vt 0.255859 0.230469
vt 0.255859 0.230469
vt 0.255859 0.230469
vt 0.255859 0.230469
vt 0.255859 0.230469
vt 0.255859 0.230469
vt 0.255859 0.230469
vt 0.255859 0.230469
vt 0.255859 0.230469
vt 0.255859 0.230469
vt 0.255859 0.230469
vt 0.255859 0.230469
vt 0.255859 0.230469
vt 0.255859 0.230469
vt 0.255859 0.230469
vt 0.255859 0.230469
vt 0.255859 0.230469
vt 0.255859 0.230469
vt 0.255859 0.230469
vt 0.255859 0.230469
vt 0.255859 0.230469
vt 0.255859 0.230469
vt 0.255859 0.230469
vt 0.255859 0.230469
vt 0.255859 0.230469
vt 0.255859 0.230469
vt 0.255859 0.230469
vt 0.255859 0.230469
vt 0.255859 0.230469
vt 0.255859 0.230469
vt 0.255859 0.230469
vt 0.255859 0.230469
vt 0.255859 0.230469
vt 0.255859 0.230469
vt 0.255859 0.230469
vt 0.255859 0.230469
vt 0.255859 0.230469
vt 0.255859 0.230469
vt 0.255859 0.230469
vt 0.255859 0.230469
vt 0.255859 0.230469
vt 0.255859 0.230469
vt 0.255859 0.230469
vt 0.255859 0.230469
vt 0.255859 0.230469
vt 0.255859 0.230469
vt 0.255859 0.230469
vt 0.255859 0.230469
vt 0.255859 0.230469
vt 0.255859 0.230469
vt 0.255859 0.230469
vt 0.255859 0.230469
vt 0.255859 0.230469
vt 0.255859 0.230469
vt 0.255859 0.230469
vt 0.255859 0.230469
vt 0.255859 0.230469
vt 0.255859 0.230469
vt 0.255859 0.230469
vt 0.255859 0.230469
vt 0.255859 0.230469
vt 0.255859 0.230469
vt 0.255859 0.230469
vt 0.255859 0.230469
vt 0.255859 0.230469
vt 0.255859 0.230469
vt 0.255859 0.230469
vt 0.255859 0.230469
vt 0.255859 0.230469
vt 0.255859 0.230469
vt 0.255859 0.230469
vt 0.255859 0.230469
vt 0.255859 0.230469
vt 0.255859 0.230469
vt 0.255859 0.230469
vt 0.255859 0.230469
vt 0.255859 0.230469
vt 0.255859 0.230469
vt 0.255859 0.230469
vt 0.255859 0.230469
vt 0.255859 0.230469
vt 0.255859 0.230469
vt 0.255859 0.230469
vt 0.255859 0.230469
vt 0.255859 0.230469
vt 0.255859 0.230469
vt 0.255859 0.230469
vt 0.255859 0.230469
vt 0.255859 0.230469
vt 0.255859 0.230469
vt 0.255859 0.230469
vt 0.255859 0.230469
vt 0.255859 0.230469
vt 0.255859 0.230469
vt 0.255859 0.230469
vt 0.255859 0.230469
vt 0.255859 0.230469
vt 0.255859 0.230469
vt 0.255859 0.230469
vt 0.255859 0.230469
vt 0.255859 0.230469
vt 0.255859 0.230469
vt 0.255859 0.230469
vt 0.255859 0.230469
vt 0.255859 0.230469
vt 0.255859 0.230469
vt 0.255859 0.230469
vt 0.255859 0.230469
vt 0.255859 0.230469
vt 0.255859 0.230469
vt 0.255859 0.230469
vt 0.255859 0.230469
vt 0.255859 0.230469
vt 0.255859 0.230469
vt 0.255859 0.230469
vt 0.255859 0.230469
vt 0.255859 0.230469
vt 0.255859 0.230469
vt 0.255859 0.230469
vt 0.255859 0.230469
vt 0.255859 0.230469
vt 0.255859 0.230469
vt 0.255859 0.230469
vt 0.255859 0.230469
vt 0.255859 0.230469
vt 0.255859 0.230469
vt 0.255859 0.230469
vt 0.255859 0.230469
vt 0.255859 0.230469
vt 0.255859 0.230469
vt 0.255859 0.230469
vt 0.255859 0.230469
vt 0.255859 0.230469
vt 0.255859 0.230469
vt 0.255859 0.230469
vt 0.255859 0.230469
vt 0.255859 0.230469
vt 0.255859 0.230469
vt 0.255859 0.230469
vt 0.255859 0.230469
vt 0.255859 0.230469
vt 0.255859 0.230469
vt 0.255859 0.230469
vt 0.255859 0.230469
vt 0.255859 0.230469
vt 0.255859 0.230469
vt 0.255859 0.230469
vt 0.255859 0.230469
vt 0.255859 0.230469
vt 0.255859 0.230469
vt 0.255859 0.230469
vt 0.255859 0.230469
vt 0.255859 0.230469
vt 0.255859 0.230469
vt 0.255859 0.230469
vt 0.255859 0.230469
vt 0.255859 0.230469
vt 0.255859 0.230469
vt 0.255859 0.230469
vt 0.255859 0.230469
vt 0.255859 0.230469
vt 0.255859 0.230469
vt 0.255859 0.230469
vt 0.255859 0.230469
vt 0.255859 0.230469
vt 0.255859 0.230469
vt 0.255859 0.230469
vt 0.255859 0.230469
vt 0.255859 0.230469
vt 0.255859 0.230469
vt 0.255859 0.230469
vt 0.255859 0.230469
vt 0.255859 0.230469
vt 0.255859 0.230469
vt 0.255859 0.230469
vt 0.255859 0.230469
vt 0.255859 0.230469
vt 0.255859 0.230469
vt 0.255859 0.230469
vt 0.255859 0.230469
vt 0.255859 0.230469
vt 0.255859 0.230469
vt 0.255859 0.230469
vt 0.255859 0.230469
vt 0.255859 0.230469
vt 0.255859 0.230469
vt 0.255859 0.230469
vt 0.255859 0.230469
vt 0.255859 0.230469
vt 0.255859 0.230469
vt 0.255859 0.230469
vt 0.255859 0.230469
vt 0.255859 0.230469
vt 0.255859 0.230469
vt 0.255859 0.230469
vt 0.255859 0.230469
vt 0.255859 0.230469
vt 0.255859 0.230469
vt 0.255859 0.230469
vt 0.255859 0.230469
vt 0.255859 0.230469
vt 0.255859 0.230469
vt 0.255859 0.230469
vt 0.255859 0.230469
vt 0.255859 0.230469
vt 0.255859 0.230469
vt 0.255859 0.230469
vt 0.255859 0.230469
vt 0.255859 0.230469
vt 0.255859 0.230469
vt 0.255859 0.230469
vt 0.255859 0.230469
vt 0.255859 0.230469
vt 0.255859 0.230469
vt 0.255859 0.230469
vt 0.255859 0.230469
vt 0.255859 0.230469
vt 0.255859 0.230469
vt 0.255859 0.230469
vt 0.255859 0.230469
vt 0.255859 0.230469
vt 0.255859 0.230469
vt 0.255859 0.230469
vt 0.255859 0.230469
vt 0.255859 0.230469
vt 0.255859 0.230469
vt 0.255859 0.230469
vt 0.255859 0.230469
vt 0.255859 0.230469
vt 0.255859 0.230469
vt 0.255859 0.230469
vt 0.255859 0.230469
vt 0.255859 0.230469
vt 0.255859 0.230469
vt 0.255859 0.230469
vt 0.255859 0.230469
vt 0.255859 0.230469
vt 0.255859 0.230469
vt 0.255859 0.230469
vt 0.255859 0.230469
vt 0.255859 0.230469
vt 0.255859 0.230469
vt 0.255859 0.230469
vt 0.255859 0.230469
vt 0.255859 0.230469
vt 0.255859 0.230469
vt 0.255859 0.230469
vt 0.255859 0.230469
vt 0.255859 0.230469
vt 0.255859 0.230469
vt 0.255859 0.230469
vt 0.255859 0.230469
vt 0.255859 0.230469
vt 0.255859 0.230469
vt 0.255859 0.230469
vt 0.255859 0.230469
vt 0.255859 0.230469
vt 0.255859 0.230469
vt 0.255859 0.230469
vt 0.255859 0.230469
vt 0.255859 0.230469
vt 0.255859 0.230469
vt 0.255859 0.230469
vt 0.255859 0.230469
vt 0.255859 0.230469
vt 0.255859 0.230469
vt 0.255859 0.230469
vt 0.255859 0.230469
vt 0.255859 0.230469
vt 0.255859 0.230469
vt 0.255859 0.230469
vt 0.255859 0.230469
vt 0.255859 0.230469
vt 0.255859 0.230469
vt 0.255859 0.230469
vt 0.255859 0.230469
vt 0.255859 0.230469
vt 0.255859 0.230469
vt 0.255859 0.230469
vt 0.255859 0.230469
vt 0.255859 0.230469
vt 0.255859 0.230469
vt 0.255859 0.230469
vt 0.255859 0.230469
vt 0.255859 0.230469
vt 0.255859 0.230469
vt 0.255859 0.230469
vt 0.255859 0.230469
vt 0.255859 0.230469
vt 0.255859 0.230469
vt 0.255859 0.230469
vt 0.255859 0.230469
vt 0.255859 0.230469
vt 0.255859 0.230469
vt 0.255859 0.230469
vt 0.255859 0.230469
vt 0.255859 0.230469
vt 0.255859 0.230469
vt 0.255859 0.230469
vt 0.255859 0.230469
vt 0.255859 0.230469
vt 0.255859 0.230469
vt 0.255859 0.230469
vt 0.255859 0.230469
vt 0.255859 0.230469
vt 0.255859 0.230469
vt 0.255859 0.230469
vt 0.255859 0.230469
vt 0.255859 0.230469
vt 0.255859 0.230469
vt 0.255859 0.230469
vt 0.255859 0.230469
vt 0.255859 0.230469
vt 0.255859 0.230469
vt 0.255859 0.230469
vt 0.255859 0.230469
vt 0.255859 0.230469
vt 0.255859 0.230469
vt 0.255859 0.230469
vt 0.255859 0.230469
vt 0.255859 0.230469
vt 0.255859 0.230469
vt 0.255859 0.230469
vt 0.255859 0.230469
vt 0.255859 0.230469
vt 0.255859 0.230469
vt 0.255859 0.230469
vt 0.255859 0.230469
vt 0.255859 0.230469
vt 0.255859 0.230469
vt 0.255859 0.230469
vt 0.255859 0.230469
vt 0.255859 0.230469
vt 0.255859 0.230469
vt 0.255859 0.230469
vt 0.255859 0.230469
vt 0.255859 0.230469
vt 0.255859 0.230469
vt 0.255859 0.230469
vt 0.255859 0.230469
vt 0.255859 0.230469
vt 0.255859 0.230469
vt 0.255859 0.230469
vt 0.255859 0.230469
vt 0.255859 0.230469
vt 0.255859 0.230469
vt 0.255859 0.230469
vt 0.255859 0.230469
vt 0.255859 0.230469
vt 0.255859 0.230469
vt 0.255859 0.230469
vt 0.255859 0.230469
vt 0.255859 0.230469
vt 0.255859 0.230469
vt 0.255859 0.230469
vt 0.255859 0.230469
vt 0.255859 0.230469
vt 0.255859 0.230469
vt 0.255859 0.230469
vt 0.255859 0.230469
vt 0.255859 0.230469
vt 0.255859 0.230469
vt 0.255859 0.230469
vt 0.255859 0.230469
vt 0.255859 0.230469
vt 0.255859 0.230469
vt 0.255859 0.230469
vt 0.255859 0.230469
vt 0.255859 0.230469
vt 0.255859 0.230469
vt 0.255859 0.230469
vt 0.255859 0.230469
vt 0.255859 0.230469
vt 0.255859 0.230469
vt 0.255859 0.230469
vt 0.255859 0.230469
vt 0.255859 0.230469
vt 0.255859 0.230469
vt 0.255859 0.230469
vt 0.255859 0.230469
vt 0.255859 0.230469
vt 0.255859 0.230469
vt 0.255859 0.230469
vt 0.255859 0.230469
vt 0.255859 0.230469
vt 0.255859 0.230469
vt 0.255859 0.230469
vt 0.255859 0.230469
vt 0.255859 0.230469
vt 0.255859 0.230469
vt 0.255859 0.230469
vt 0.255859 0.230469
vt 0.255859 0.230469
vt 0.255859 0.230469
vt 0.255859 0.230469
vt 0.255859 0.230469
vt 0.255859 0.230469
vt 0.255859 0.230469
vt 0.255859 0.230469
vt 0.255859 0.230469
vt 0.255859 0.230469
vt 0.255859 0.230469
vt 0.255859 0.230469
vt 0.255859 0.230469
vt 0.255859 0.230469
vt 0.255859 0.230469
vt 0.255859 0.230469
vt 0.255859 0.230469
vt 0.255859 0.230469
vt 0.255859 0.230469
vt 0.255859 0.230469
vt 0.255859 0.230469
vt 0.255859 0.230469
vt 0.255859 0.230469
vt 0.255859 0.230469
vt 0.255859 0.230469
vt 0.255859 0.230469
vt 0.255859 0.230469
vt 0.255859 0.230469
vt 0.255859 0.230469
vt 0.255859 0.230469
vt 0.255859 0.230469
vt 0.255859 0.230469
vt 0.255859 0.230469
vt 0.255859 0.230469
vt 0.255859 0.230469
vt 0.255859 0.230469
vt 0.255859 0.230469
vt 0.255859 0.230469
vt 0.255859 0.230469
vt 0.255859 0.230469
vt 0.255859 0.230469
vt 0.255859 0.230469
vt 0.255859 0.230469
vt 0.255859 0.230469
vt 0.255859 0.230469
vt 0.255859 0.230469
vt 0.255859 0.230469
vt 0.255859 0.230469
vt 0.255859 0.230469
vt 0.255859 0.230469
vt 0.255859 0.230469
vt 0.255859 0.230469
vt 0.255859 0.230469
vt 0.255859 0.230469
vt 0.255859 0.230469
vt 0.255859 0.230469
vt 0.255859 0.230469
vt 0.255859 0.230469
vt 0.255859 0.230469
vt 0.255859 0.230469
vt 0.255859 0.230469
vt 0.255859 0.230469
vt 0.255859 0.230469
vt 0.255859 0.230469
vt 0.255859 0.230469
vt 0.255859 0.230469
vt 0.255859 0.230469
vt 0.255859 0.230469
vt 0.255859 0.230469
vt 0.255859 0.230469
vt 0.255859 0.230469
vt 0.255859 0.230469
vt 0.255859 0.230469
vt 0.255859 0.230469
vt 0.255859 0.230469
vt 0.255859 0.230469
vt 0.255859 0.230469
vt 0.255859 0.230469
vt 0.255859 0.230469
vt 0.255859 0.230469
vt 0.255859 0.230469
vt 0.255859 0.230469
vt 0.255859 0.230469
vt 0.255859 0.230469
vt 0.255859 0.230469
vt 0.255859 0.230469
vt 0.255859 0.230469
vt 0.255859 0.230469
vt 0.255859 0.230469
vt 0.255859 0.230469
vt 0.255859 0.230469
vt 0.255859 0.230469
vt 0.255859 0.230469
vt 0.255859 0.230469
vt 0.255859 0.230469
vt 0.255859 0.230469
vt 0.255859 0.230469
vt 0.255859 0.230469
vt 0.255859 0.230469
vt 0.255859 0.230469
vt 0.255859 0.230469
vt 0.255859 0.230469
vt 0.255859 0.230469
vt 0.255859 0.230469
vt 0.255859 0.230469
vt 0.255859 0.230469
vt 0.255859 0.230469
vt 0.255859 0.230469
vt 0.255859 0.230469
vt 0.255859 0.230469
vt 0.255859 0.230469
vt 0.255859 0.230469
vt 0.255859 0.230469
vt 0.255859 0.230469
vt 0.255859 0.230469
vt 0.255859 0.230469
vt 0.255859 0.230469
vt 0.255859 0.230469
vt 0.255859 0.230469
vt 0.255859 0.230469
vt 0.255859 0.230469
vt 0.255859 0.230469
vt 0.255859 0.230469
vt 0.255859 0.230469
vt 0.255859 0.230469
vt 0.255859 0.230469
vt 0.255859 0.230469
vt 0.255859 0.230469
vt 0.255859 0.230469
vt 0.255859 0.230469
vt 0.255859 0.230469
vt 0.255859 0.230469
vt 0.255859 0.230469
vt 0.255859 0.230469
vt 0.255859 0.230469
vt 0.255859 0.230469
vt 0.255859 0.230469
vt 0.255859 0.230469
vt 0.255859 0.230469
vt 0.255859 0.230469
vt 0.255859 0.230469
vt 0.255859 0.230469
vt 0.255859 0.230469
vt 0.255859 0.230469
vt 0.255859 0.230469
vt 0.255859 0.230469
vt 0.255859 0.230469
vt 0.255859 0.230469
vt 0.255859 0.230469
vt 0.255859 0.230469
vt 0.255859 0.230469
vt 0.255859 0.230469
vt 0.255859 0.230469
vt 0.255859 0.230469
vt 0.255859 0.230469
vt 0.255859 0.230469
vt 0.255859 0.230469
vt 0.255859 0.230469
vt 0.255859 0.230469
vt 0.255859 0.230469
vt 0.255859 0.230469
vt 0.255859 0.230469
vt 0.255859 0.230469
vt 0.255859 0.230469
vt 0.255859 0.230469
vt 0.255859 0.230469
vt 0.255859 0.230469
vt 0.255859 0.230469
vt 0.255859 0.230469
vt 0.255859 0.230469
vt 0.255859 0.230469
vt 0.255859 0.230469
vt 0.255859 0.230469
vt 0.255859 0.230469
vt 0.255859 0.230469
vt 0.255859 0.230469
vt 0.255859 0.230469
vt 0.255859 0.230469
vt 0.255859 0.230469
vt 0.255859 0.230469
vt 0.255859 0.230469
vt 0.255859 0.230469
vt 0.255859 0.230469
vt 0.255859 0.230469
vt 0.255859 0.230469
vt 0.255859 0.230469
vt 0.255859 0.230469
vt 0.255859 0.230469
vt 0.255859 0.230469
vt 0.255859 0.230469
vt 0.255859 0.230469
vt 0.255859 0.230469
vt 0.255859 0.230469
vt 0.255859 0.230469
vt 0.255859 0.230469
vt 0.255859 0.230469
vt 0.255859 0.230469
vt 0.255859 0.230469
vt 0.255859 0.230469
vt 0.255859 0.230469
vt 0.255859 0.230469
vt 0.255859 0.230469
vt 0.255859 0.230469
vt 0.255859 0.230469
vt 0.255859 0.230469
vt 0.255859 0.230469
vt 0.255859 0.230469
vt 0.255859 0.230469
vt 0.255859 0.230469
vt 0.255859 0.230469
vt 0.255859 0.230469
vt 0.255859 0.230469
vt 0.255859 0.230469
vt 0.255859 0.230469
vt 0.255859 0.230469
vt 0.255859 0.230469
vt 0.255859 0.230469
vt 0.255859 0.230469
vt 0.255859 0.230469
vt 0.255859 0.230469
vt 0.255859 0.230469
vt 0.255859 0.230469
vt 0.255859 0.230469
vt 0.255859 0.230469
vt 0.255859 0.230469
vt 0.255859 0.230469
vt 0.255859 0.230469
vt 0.255859 0.230469
vt 0.255859 0.230469
vt 0.255859 0.230469
vt 0.255859 0.230469
vt 0.255859 0.230469
vt 0.255859 0.230469
vt 0.255859 0.230469
vt 0.255859 0.230469
vt 0.255859 0.230469
vt 0.255859 0.230469
vt 0.255859 0.230469
vt 0.255859 0.230469
vt 0.255859 0.230469
vt 0.255859 0.230469
vt 0.255859 0.230469
vt 0.255859 0.230469
vt 0.255859 0.230469
vt 0.255859 0.230469
vt 0.255859 0.230469
vt 0.255859 0.230469
vt 0.255859 0.230469
vt 0.255859 0.230469
vt 0.255859 0.230469
vt 0.255859 0.230469
vt 0.255859 0.230469
vt 0.255859 0.230469
vt 0.255859 0.230469
vt 0.255859 0.230469
vt 0.255859 0.230469
vt 0.255859 0.230469
vt 0.255859 0.230469
vt 0.255859 0.230469
vt 0.255859 0.230469
vt 0.255859 0.230469
vt 0.255859 0.230469
vt 0.255859 0.230469
vt 0.255859 0.230469
vt 0.255859 0.230469
vt 0.255859 0.230469
vt 0.255859 0.230469
vt 0.255859 0.230469
vt 0.255859 0.230469
vt 0.255859 0.230469
vt 0.255859 0.230469
vt 0.255859 0.230469
vt 0.255859 0.230469
vt 0.255859 0.230469
vt 0.255859 0.230469
vt 0.255859 0.230469
vt 0.255859 0.230469
vt 0.255859 0.230469
vt 0.255859 0.230469
vt 0.255859 0.230469
vt 0.255859 0.230469
vt 0.255859 0.230469
vt 0.255859 0.230469
vt 0.255859 0.230469
vt 0.255859 0.230469
vt 0.255859 0.230469
vt 0.255859 0.230469
vt 0.255859 0.230469
vt 0.255859 0.230469
vt 0.255859 0.230469
vt 0.255859 0.230469
vt 0.255859 0.230469
vt 0.255859 0.230469
vt 0.255859 0.230469
vt 0.255859 0.230469
vt 0.255859 0.230469
vt 0.255859 0.230469
vt 0.255859 0.230469
vt 0.255859 0.230469
vt 0.255859 0.230469
vt 0.255859 0.230469
vt 0.255859 0.230469
vt 0.255859 0.230469
vt 0.255859 0.230469
vt 0.255859 0.230469
vt 0.255859 0.230469
vt 0.255859 0.230469
vt 0.255859 0.230469
vt 0.255859 0.230469
vt 0.255859 0.230469
vt 0.255859 0.230469
vt 0.255859 0.230469
vt 0.255859 0.230469
vt 0.255859 0.230469
vt 0.255859 0.230469
vt 0.255859 0.230469
vt 0.255859 0.230469
vt 0.255859 0.230469
vt 0.255859 0.230469
vt 0.255859 0.230469
vt 0.255859 0.230469
vt 0.255859 0.230469
vt 0.255859 0.230469
vt 0.255859 0.230469
vt 0.255859 0.230469
vt 0.255859 0.230469
vt 0.255859 0.230469
vt 0.255859 0.230469
vt 0.255859 0.230469
vt 0.255859 0.230469
vt 0.255859 0.230469
vt 0.255859 0.230469
vt 0.255859 0.230469
vt 0.255859 0.230469
vt 0.255859 0.230469
vt 0.255859 0.230469
vt 0.255859 0.230469
vt 0.255859 0.230469
vt 0.255859 0.230469
vt 0.255859 0.230469
vt 0.255859 0.230469
vt 0.255859 0.230469
vt 0.255859 0.230469
vt 0.255859 0.230469
vt 0.255859 0.230469
vt 0.255859 0.230469
vt 0.255859 0.230469
vt 0.255859 0.230469
vt 0.255859 0.230469
vt 0.255859 0.230469
vt 0.255859 0.230469
vt 0.255859 0.230469
vt 0.255859 0.230469
vt 0.255859 0.230469
vt 0.255859 0.230469
vt 0.255859 0.230469
vt 0.255859 0.230469
vt 0.255859 0.230469
vt 0.255859 0.230469
vt 0.255859 0.230469
vt 0.255859 0.230469
vt 0.255859 0.230469
vt 0.255859 0.230469
vt 0.255859 0.230469
vt 0.255859 0.230469
vt 0.255859 0.230469
vt 0.255859 0.230469
vt 0.255859 0.230469
vt 0.255859 0.230469
vt 0.255859 0.230469
vt 0.255859 0.230469
vt 0.255859 0.230469
vt 0.255859 0.230469
vt 0.255859 0.230469
vt 0.255859 0.230469
vt 0.255859 0.230469
vt 0.255859 0.230469
vt 0.255859 0.230469
vt 0.255859 0.230469
vt 0.255859 0.230469
vt 0.255859 0.230469
vt 0.255859 0.230469
vt 0.255859 0.230469
vt 0.255859 0.230469
vt 0.255859 0.230469
vt 0.255859 0.230469
vt 0.255859 0.230469
vt 0.255859 0.230469
vt 0.255859 0.230469
vt 0.255859 0.230469
vt 0.255859 0.230469
vt 0.255859 0.230469
vt 0.255859 0.230469
vt 0.255859 0.230469
vt 0.255859 0.230469
vt 0.255859 0.230469
vt 0.255859 0.230469
vt 0.255859 0.230469
vt 0.255859 0.230469
vt 0.255859 0.230469
vt 0.255859 0.230469
vt 0.255859 0.230469
vt 0.255859 0.230469
vt 0.255859 0.230469
vt 0.255859 0.230469
vt 0.255859 0.230469
vt 0.255859 0.230469
vt 0.255859 0.230469
vt 0.255859 0.230469
vt 0.255859 0.230469
vt 0.255859 0.230469
vt 0.255859 0.230469
vt 0.255859 0.230469
vt 0.255859 0.230469
vt 0.255859 0.230469
vt 0.255859 0.230469
vt 0.255859 0.230469
vt 0.255859 0.230469
vt 0.255859 0.230469
vt 0.255859 0.230469
vt 0.255859 0.230469
vt 0.255859 0.230469
vt 0.255859 0.230469
vt 0.255859 0.230469
vt 0.255859 0.230469
vt 0.255859 0.230469
vt 0.255859 0.230469
vt 0.255859 0.230469
vt 0.255859 0.230469
vt 0.255859 0.230469
vt 0.255859 0.230469
vt 0.255859 0.230469
vt 0.255859 0.230469
vt 0.255859 0.230469
vt 0.255859 0.230469
vt 0.255859 0.230469
vt 0.255859 0.230469
vt 0.255859 0.230469
vt 0.255859 0.230469
vt 0.255859 0.230469
vt 0.255859 0.230469
vt 0.255859 0.230469
vt 0.255859 0.230469
vt 0.255859 0.230469
vt 0.255859 0.230469
vt 0.255859 0.230469
vt 0.255859 0.230469
vt 0.255859 0.230469
vt 0.255859 0.230469
vt 0.255859 0.230469
vt 0.255859 0.230469
vt 0.255859 0.230469
vt 0.255859 0.230469
vt 0.255859 0.230469
vt 0.255859 0.230469
vt 0.255859 0.230469
vt 0.255859 0.230469
vt 0.255859 0.230469
vt 0.255859 0.230469
vt 0.255859 0.230469
vt 0.255859 0.230469
vt 0.255859 0.230469
vt 0.255859 0.230469
vt 0.255859 0.230469
vt 0.255859 0.230469
vt 0.255859 0.230469
vt 0.255859 0.230469
vt 0.255859 0.230469
vt 0.255859 0.230469
vt 0.255859 0.230469
vt 0.255859 0.230469
vt 0.255859 0.230469
vt 0.255859 0.230469
vt 0.255859 0.230469
vt 0.255859 0.230469
vt 0.255859 0.230469
vt 0.255859 0.230469
vt 0.255859 0.230469
vt 0.255859 0.230469
vt 0.255859 0.230469
vt 0.255859 0.230469
vt 0.255859 0.230469
vt 0.255859 0.230469
vt 0.255859 0.230469
vt 0.255859 0.230469
vt 0.255859 0.230469
vt 0.255859 0.230469
vt 0.255859 0.230469
vt 0.255859 0.230469
vt 0.255859 0.230469
vt 0.255859 0.230469
vt 0.255859 0.230469
vt 0.255859 0.230469
vt 0.255859 0.230469
vt 0.255859 0.230469
vt 0.255859 0.230469
vt 0.255859 0.230469
vt 0.255859 0.230469
vt 0.255859 0.230469
vt 0.255859 0.230469
vt 0.255859 0.230469
vt 0.255859 0.230469
vt 0.255859 0.230469
vt 0.255859 0.230469
vt 0.255859 0.230469
vt 0.255859 0.230469
vt 0.255859 0.230469
vt 0.255859 0.230469
vt 0.255859 0.230469
vt 0.255859 0.230469
vt 0.255859 0.230469
vt 0.255859 0.230469
vt 0.255859 0.230469
vt 0.255859 0.230469
vt 0.255859 0.230469
vt 0.255859 0.230469
vt 0.255859 0.230469
vt 0.255859 0.230469
vt 0.255859 0.230469
vt 0.255859 0.230469
vt 0.255859 0.230469
vt 0.255859 0.230469
vt 0.255859 0.230469
vt 0.255859 0.230469
vt 0.255859 0.230469
vt 0.255859 0.230469
vt 0.255859 0.230469
vt 0.255859 0.230469
vt 0.255859 0.230469
vt 0.255859 0.230469
vt 0.255859 0.230469
vt 0.255859 0.230469
vt 0.255859 0.230469
vt 0.255859 0.230469
vt 0.255859 0.230469
vt 0.255859 0.230469
vt 0.255859 0.230469
vt 0.255859 0.230469
vt 0.255859 0.230469
vt 0.255859 0.230469
vt 0.255859 0.230469
vt 0.255859 0.230469
vt 0.255859 0.230469
vt 0.255859 0.230469
vt 0.255859 0.230469
vt 0.255859 0.230469
vt 0.255859 0.230469
vt 0.255859 0.230469
vt 0.255859 0.230469
vt 0.255859 0.230469
vt 0.255859 0.230469
vt 0.255859 0.230469
vt 0.255859 0.230469
vt 0.255859 0.230469
vt 0.255859 0.230469
vt 0.255859 0.230469
vt 0.255859 0.230469
vt 0.255859 0.230469
vt 0.255859 0.230469
vt 0.255859 0.230469
vt 0.255859 0.230469
vt 0.255859 0.230469
vt 0.255859 0.230469
vt 0.255859 0.230469
vt 0.255859 0.230469
vt 0.255859 0.230469
vt 0.255859 0.230469
vt 0.255859 0.230469
vt 0.255859 0.230469
vt 0.255859 0.230469
vt 0.255859 0.230469
vt 0.255859 0.230469
vt 0.255859 0.230469
vt 0.255859 0.230469
vt 0.255859 0.230469
vt 0.255859 0.230469
vt 0.255859 0.230469
vt 0.255859 0.230469
vt 0.255859 0.230469
vt 0.255859 0.230469
vt 0.255859 0.230469
vt 0.255859 0.230469
vt 0.255859 0.230469
vt 0.255859 0.230469
vt 0.255859 0.230469
vt 0.255859 0.230469
vt 0.255859 0.230469
vt 0.255859 0.230469
vt 0.255859 0.230469
vt 0.255859 0.230469
vt 0.255859 0.230469
vt 0.255859 0.230469
vt 0.255859 0.230469
vt 0.255859 0.230469
vt 0.255859 0.230469
vt 0.255859 0.230469
vt 0.255859 0.230469
vt 0.255859 0.230469
vt 0.255859 0.230469
vt 0.255859 0.230469
vt 0.255859 0.230469
vt 0.255859 0.230469
vt 0.255859 0.230469
vt 0.255859 0.230469
vt 0.255859 0.230469
vt 0.255859 0.230469
vt 0.255859 0.230469
vt 0.255859 0.230469
vt 0.255859 0.230469
vt 0.255859 0.230469
vt 0.255859 0.230469
vt 0.255859 0.230469
vt 0.255859 0.230469
vt 0.255859 0.230469
vt 0.255859 0.230469
vt 0.255859 0.230469
vt 0.255859 0.230469
vt 0.255859 0.230469
vt 0.255859 0.230469
vt 0.255859 0.230469
vt 0.255859 0.230469
vt 0.255859 0.230469
vt 0.255859 0.230469
vt 0.255859 0.230469
vt 0.255859 0.230469
vt 0.255859 0.230469
vt 0.255859 0.230469
vt 0.255859 0.230469
vt 0.255859 0.230469
vt 0.255859 0.230469
vt 0.255859 0.230469
vt 0.255859 0.230469
vt 0.255859 0.230469
vt 0.255859 0.230469
vt 0.255859 0.230469
vt 0.255859 0.230469
vt 0.255859 0.230469
vt 0.255859 0.230469
vt 0.255859 0.230469
vt 0.255859 0.230469
vt 0.255859 0.230469
vt 0.255859 0.230469
vt 0.255859 0.230469
vt 0.255859 0.230469
vt 0.255859 0.230469
vt 0.255859 0.230469
vt 0.255859 0.230469
vt 0.255859 0.230469
vt 0.255859 0.230469
vt 0.255859 0.230469
vt 0.255859 0.230469
vt 0.255859 0.230469
vt 0.255859 0.230469
vt 0.255859 0.230469
vt 0.255859 0.230469
vt 0.255859 0.230469
vt 0.255859 0.230469
vt 0.255859 0.230469
vt 0.255859 0.230469
vt 0.255859 0.230469
vt 0.255859 0.230469
vt 0.255859 0.230469
vt 0.255859 0.230469
vt 0.255859 0.230469
vt 0.255859 0.230469
vt 0.255859 0.230469
vt 0.255859 0.230469
vt 0.255859 0.230469
vt 0.255859 0.230469
vt 0.255859 0.230469
vt 0.255859 0.230469
vt 0.255859 0.230469
vt 0.255859 0.230469
vt 0.255859 0.230469
vt 0.255859 0.230469
vt 0.255859 0.230469
vt 0.255859 0.230469
vt 0.255859 0.230469
vt 0.255859 0.230469
vt 0.255859 0.230469
vt 0.255859 0.230469
vt 0.255859 0.230469
vt 0.255859 0.230469
vt 0.255859 0.230469
vt 0.255859 0.230469
vt 0.255859 0.230469
vt 0.255859 0.230469
vt 0.255859 0.230469
vt 0.255859 0.230469
vt 0.255859 0.230469
vt 0.255859 0.230469
vt 0.255859 0.230469
vt 0.255859 0.230469
vt 0.255859 0.230469
vt 0.255859 0.230469
vt 0.255859 0.230469
vt 0.255859 0.230469
vt 0.255859 0.230469
vt 0.255859 0.230469
vt 0.255859 0.230469
vt 0.255859 0.230469
vt 0.255859 0.230469
vt 0.255859 0.230469
vt 0.255859 0.230469
vt 0.255859 0.230469
vt 0.255859 0.230469
vt 0.255859 0.230469
vt 0.255859 0.230469
vt 0.255859 0.230469
vt 0.255859 0.230469
vt 0.255859 0.230469
vt 0.255859 0.230469
vt 0.255859 0.230469
vt 0.255859 0.230469
vt 0.255859 0.230469
vt 0.255859 0.230469
vt 0.255859 0.230469
vt 0.255859 0.230469
vt 0.255859 0.230469
vt 0.255859 0.230469
vt 0.255859 0.230469
vt 0.255859 0.230469
vt 0.255859 0.230469
vt 0.255859 0.230469
vt 0.255859 0.230469
vt 0.255859 0.230469
vt 0.255859 0.230469
vt 0.255859 0.230469
vt 0.255859 0.230469
vt 0.255859 0.230469
vt 0.255859 0.230469
vt 0.255859 0.230469
vt 0.255859 0.230469
vt 0.255859 0.230469
vt 0.255859 0.230469
vt 0.255859 0.230469
vt 0.255859 0.230469
vt 0.255859 0.230469
vt 0.255859 0.230469
vt 0.255859 0.230469
vt 0.255859 0.230469
vt 0.255859 0.230469
vt 0.255859 0.230469
vt 0.255859 0.230469
vt 0.255859 0.230469
vt 0.255859 0.230469
vt 0.255859 0.230469
vt 0.255859 0.230469
vt 0.255859 0.230469
vt 0.255859 0.230469
vt 0.255859 0.230469
vt 0.255859 0.230469
vt 0.255859 0.230469
vt 0.255859 0.230469
vt 0.255859 0.230469
vt 0.255859 0.230469
vt 0.255859 0.230469
vt 0.255859 0.230469
vt 0.255859 0.230469
vt 0.255859 0.230469
vt 0.255859 0.230469
vt 0.255859 0.230469
vt 0.255859 0.230469
vt 0.255859 0.230469
vt 0.255859 0.230469
vt 0.255859 0.230469
vt 0.255859 0.230469
vt 0.255859 0.230469
vt 0.255859 0.230469
vt 0.255859 0.230469
vt 0.255859 0.230469
vt 0.255859 0.230469
vt 0.255859 0.230469
vt 0.255859 0.230469
vt 0.255859 0.230469
vt 0.255859 0.230469
vt 0.255859 0.230469
vt 0.255859 0.230469
vt 0.255859 0.230469
vt 0.255859 0.230469
vt 0.255859 0.230469
vt 0.255859 0.230469
vt 0.255859 0.230469
vt 0.255859 0.230469
vt 0.255859 0.230469
vt 0.255859 0.230469
vt 0.255859 0.230469
vt 0.255859 0.230469
vt 0.255859 0.230469
vt 0.255859 0.230469
vt 0.255859 0.230469
vt 0.255859 0.230469
vt 0.255859 0.230469
vt 0.255859 0.230469
vt 0.255859 0.230469
vt 0.255859 0.230469
vt 0.255859 0.230469
vt 0.255859 0.230469
vt 0.255859 0.230469
vt 0.255859 0.230469
vt 0.255859 0.230469
vt 0.255859 0.230469
vt 0.255859 0.230469
vt 0.255859 0.230469
vt 0.255859 0.230469
vt 0.255859 0.230469
vt 0.255859 0.230469
vt 0.255859 0.230469
vt 0.255859 0.230469
vt 0.255859 0.230469
vt 0.255859 0.230469
vt 0.255859 0.230469
vt 0.255859 0.230469
vt 0.255859 0.230469
vt 0.255859 0.230469
vt 0.255859 0.230469
vt 0.255859 0.230469
vt 0.255859 0.230469
vt 0.255859 0.230469
vt 0.255859 0.230469
vt 0.255859 0.230469
vt 0.255859 0.230469
vt 0.255859 0.230469
vt 0.255859 0.230469
vt 0.255859 0.230469
vt 0.255859 0.230469
vt 0.255859 0.230469
vt 0.255859 0.230469
vt 0.255859 0.230469
vt 0.255859 0.230469
vt 0.255859 0.230469
vt 0.255859 0.230469
vt 0.255859 0.230469
vt 0.255859 0.230469
vt 0.255859 0.230469
vt 0.255859 0.230469
vt 0.255859 0.230469
vt 0.255859 0.230469
vt 0.255859 0.230469
vt 0.255859 0.230469
vt 0.255859 0.230469
vt 0.255859 0.230469
vt 0.255859 0.230469
vt 0.255859 0.230469
vt 0.255859 0.230469
vt 0.255859 0.230469
vt 0.255859 0.230469
vt 0.255859 0.230469
vt 0.255859 0.230469
vt 0.255859 0.230469
vt 0.255859 0.230469
vt 0.255859 0.230469
vt 0.255859 0.230469
vt 0.255859 0.230469
vt 0.255859 0.230469
vt 0.255859 0.230469
vt 0.255859 0.230469
vt 0.255859 0.230469
vt 0.255859 0.230469
vt 0.255859 0.230469
vt 0.255859 0.230469
vt 0.255859 0.230469
vt 0.255859 0.230469
vt 0.255859 0.230469
vt 0.255859 0.230469
vt 0.255859 0.230469
vt 0.255859 0.230469
vt 0.255859 0.230469
vt 0.255859 0.230469
vt 0.255859 0.230469
vt 0.255859 0.230469
vt 0.255859 0.230469
vt 0.255859 0.230469
vt 0.255859 0.230469
vt 0.255859 0.230469
vt 0.255859 0.230469
vt 0.255859 0.230469
vt 0.255859 0.230469
vt 0.255859 0.230469
vt 0.255859 0.230469
vt 0.255859 0.230469
vt 0.255859 0.230469
vt 0.255859 0.230469
vt 0.255859 0.230469
vt 0.255859 0.230469
vt 0.255859 0.230469
vt 0.255859 0.230469
vt 0.255859 0.230469
vt 0.255859 0.230469
vt 0.255859 0.230469
vt 0.255859 0.230469
vt 0.255859 0.230469
vt 0.255859 0.230469
vt 0.255859 0.230469
vt 0.255859 0.230469
vt 0.255859 0.230469
vt 0.255859 0.230469
vt 0.255859 0.230469
vt 0.255859 0.230469
vt 0.255859 0.230469
vt 0.255859 0.230469
vt 0.255859 0.230469
vt 0.255859 0.230469
vt 0.255859 0.230469
vt 0.255859 0.230469
vt 0.255859 0.230469
vt 0.255859 0.230469
vt 0.255859 0.230469
vt 0.255859 0.230469
vt 0.255859 0.230469
vt 0.255859 0.230469
vt 0.255859 0.230469
vt 0.255859 0.230469
vt 0.255859 0.230469
vt 0.255859 0.230469
vt 0.255859 0.230469
vt 0.255859 0.230469
vt 0.255859 0.230469
vt 0.255859 0.230469
vt 0.255859 0.230469
vt 0.255859 0.230469
vt 0.255859 0.230469
vt 0.255859 0.230469
vt 0.255859 0.230469
vt 0.255859 0.230469
vt 0.255859 0.230469
vt 0.255859 0.230469
vt 0.255859 0.230469
vt 0.255859 0.230469
vt 0.255859 0.230469
vt 0.255859 0.230469
vt 0.255859 0.230469
vt 0.255859 0.230469
vt 0.255859 0.230469
vt 0.255859 0.230469
vt 0.255859 0.230469
vt 0.255859 0.230469
vt 0.255859 0.230469
vt 0.255859 0.230469
vt 0.255859 0.230469
vt 0.255859 0.230469
vt 0.255859 0.230469
vt 0.255859 0.230469
vt 0.255859 0.230469
vt 0.255859 0.230469
vt 0.255859 0.230469
vt 0.255859 0.230469
vt 0.255859 0.230469
vt 0.255859 0.230469
vt 0.255859 0.230469
vt 0.255859 0.230469
vt 0.255859 0.230469
vt 0.255859 0.230469
vt 0.255859 0.230469
vt 0.255859 0.230469
vt 0.255859 0.230469
vt 0.255859 0.230469
vt 0.255859 0.230469
vt 0.255859 0.230469
vt 0.255859 0.230469
vt 0.255859 0.230469
vt 0.255859 0.230469
vt 0.255859 0.230469
vt 0.255859 0.230469
vt 0.255859 0.230469
vt 0.255859 0.230469
vt 0.255859 0.230469
vt 0.255859 0.230469
vt 0.255859 0.230469
vt 0.255859 0.230469
vt 0.255859 0.230469
vt 0.255859 0.230469
vt 0.255859 0.230469
vt 0.255859 0.230469
vt 0.255859 0.230469
vt 0.255859 0.230469
vt 0.255859 0.230469
vt 0.255859 0.230469
vt 0.255859 0.230469
vt 0.255859 0.230469
vt 0.255859 0.230469
vt 0.255859 0.230469
vt 0.255859 0.230469
vt 0.255859 0.230469
vt 0.255859 0.230469
vt 0.255859 0.230469
vt 0.255859 0.230469
vt 0.255859 0.230469
vt 0.255859 0.230469
vt 0.255859 0.230469
vt 0.255859 0.230469
vt 0.255859 0.230469
vt 0.255859 0.230469
vt 0.255859 0.230469
vt 0.255859 0.230469
vt 0.255859 0.230469
vt 0.255859 0.230469
vt 0.255859 0.230469
vt 0.255859 0.230469
vt 0.255859 0.230469
vt 0.255859 0.230469
vt 0.255859 0.230469
vt 0.255859 0.230469
vt 0.255859 0.230469
vt 0.255859 0.230469
vt 0.255859 0.230469
vt 0.255859 0.230469
vt 0.255859 0.230469
vt 0.255859 0.230469
vt 0.255859 0.230469
vt 0.255859 0.230469
vt 0.255859 0.230469
vt 0.255859 0.230469
vt 0.255859 0.230469
vt 0.255859 0.230469
vt 0.255859 0.230469
vt 0.255859 0.230469
vt 0.255859 0.230469
vt 0.255859 0.230469
vt 0.255859 0.230469
vt 0.255859 0.230469
vt 0.255859 0.230469
vt 0.255859 0.230469
vt 0.255859 0.230469
vt 0.255859 0.230469
vt 0.255859 0.230469
vt 0.255859 0.230469
vt 0.255859 0.230469
vt 0.255859 0.230469
vt 0.255859 0.230469
vt 0.255859 0.230469
vt 0.255859 0.230469
vt 0.255859 0.230469
vt 0.255859 0.230469
vt 0.255859 0.230469
vt 0.255859 0.230469
vt 0.255859 0.230469
vt 0.255859 0.230469
vt 0.255859 0.230469
vt 0.255859 0.230469
vt 0.255859 0.230469
vt 0.255859 0.230469
vt 0.255859 0.230469
vt 0.255859 0.230469
vt 0.255859 0.230469
vt 0.255859 0.230469
vt 0.255859 0.230469
vt 0.255859 0.230469
vt 0.255859 0.230469
vt 0.255859 0.230469
vt 0.255859 0.230469
vt 0.255859 0.230469
vt 0.255859 0.230469
vt 0.255859 0.230469
vt 0.255859 0.230469
vt 0.255859 0.230469
vt 0.255859 0.230469
vt 0.255859 0.230469
vt 0.255859 0.230469
vt 0.255859 0.230469
vt 0.255859 0.230469
vt 0.255859 0.230469
vt 0.255859 0.230469
vt 0.255859 0.230469
vt 0.255859 0.230469
vt 0.255859 0.230469
vt 0.255859 0.230469
vt 0.255859 0.230469
vt 0.255859 0.230469
vt 0.255859 0.230469
vt 0.255859 0.230469
vt 0.255859 0.230469
vt 0.255859 0.230469
vt 0.255859 0.230469
vt 0.255859 0.230469
vt 0.255859 0.230469
vt 0.255859 0.230469
vt 0.255859 0.230469
vt 0.255859 0.230469
vt 0.255859 0.230469
vt 0.255859 0.230469
vt 0.255859 0.230469
vt 0.255859 0.230469
vt 0.255859 0.230469
vt 0.255859 0.230469
vt 0.255859 0.230469
vt 0.255859 0.230469
vt 0.255859 0.230469
vt 0.255859 0.230469
vt 0.255859 0.230469
vt 0.255859 0.230469
vt 0.255859 0.230469
vt 0.255859 0.230469
vt 0.255859 0.230469
vt 0.255859 0.230469
vt 0.255859 0.230469
vt 0.255859 0.230469
vt 0.255859 0.230469
vt 0.255859 0.230469
vt 0.255859 0.230469
vt 0.255859 0.230469
vt 0.255859 0.230469
vt 0.255859 0.230469
vt 0.255859 0.230469
vt 0.255859 0.230469
vt 0.255859 0.230469
vt 0.255859 0.230469
vt 0.255859 0.230469
vt 0.255859 0.230469
vt 0.255859 0.230469
vt 0.255859 0.230469
vt 0.255859 0.230469
vt 0.255859 0.230469
vt 0.255859 0.230469
vt 0.255859 0.230469
vt 0.255859 0.230469
vt 0.255859 0.230469
vt 0.255859 0.230469
vt 0.255859 0.230469
vt 0.255859 0.230469
vt 0.255859 0.230469
vt 0.255859 0.230469
vt 0.255859 0.230469
vt 0.255859 0.230469
vt 0.255859 0.230469
vt 0.255859 0.230469
vt 0.255859 0.230469
vt 0.255859 0.230469
vt 0.255859 0.230469
vt 0.255859 0.230469
vt 0.255859 0.230469
vt 0.255859 0.230469
vt 0.255859 0.230469
vt 0.255859 0.230469
vt 0.255859 0.230469
vt 0.255859 0.230469
vt 0.255859 0.230469
vt 0.255859 0.230469
vt 0.255859 0.230469
vt 0.255859 0.230469
vt 0.255859 0.230469
vt 0.255859 0.230469
vt 0.255859 0.230469
vt 0.255859 0.230469
vt 0.255859 0.230469
vt 0.255859 0.230469
vt 0.255859 0.230469
vt 0.255859 0.230469
vt 0.255859 0.230469
vt 0.255859 0.230469
vt 0.255859 0.230469
vt 0.255859 0.230469
vt 0.255859 0.230469
vt 0.255859 0.230469
vt 0.255859 0.230469
vt 0.255859 0.230469
vt 0.255859 0.230469
vt 0.255859 0.230469
vt 0.255859 0.230469
vt 0.255859 0.230469
vt 0.255859 0.230469
vt 0.255859 0.230469
vt 0.255859 0.230469
vt 0.255859 0.230469
vt 0.255859 0.230469
vt 0.255859 0.230469
vt 0.255859 0.230469
vt 0.255859 0.230469
vt 0.255859 0.230469
vt 0.255859 0.230469
vt 0.255859 0.230469
vt 0.255859 0.230469
vt 0.255859 0.230469
vt 0.255859 0.230469
vt 0.255859 0.230469
vt 0.255859 0.230469
vt 0.255859 0.230469
vt 0.255859 0.230469
vt 0.255859 0.230469
vt 0.255859 0.230469
vt 0.255859 0.230469
vt 0.255859 0.230469
vt 0.255859 0.230469
vt 0.255859 0.230469
vt 0.255859 0.230469
vt 0.255859 0.230469
vt 0.255859 0.230469
vt 0.255859 0.230469
vt 0.255859 0.230469
vt 0.255859 0.230469
vt 0.255859 0.230469
vt 0.255859 0.230469
vt 0.255859 0.230469
vt 0.255859 0.230469
vt 0.255859 0.230469
vt 0.255859 0.230469
vt 0.255859 0.230469
vt 0.255859 0.230469
vt 0.255859 0.230469
vt 0.255859 0.230469
vt 0.255859 0.230469
vt 0.255859 0.230469
vt 0.255859 0.230469
vt 0.255859 0.230469
vt 0.255859 0.230469
vt 0.255859 0.230469
vt 0.255859 0.230469
vt 0.255859 0.230469
vt 0.255859 0.230469
vt 0.255859 0.230469
vt 0.255859 0.230469
vt 0.255859 0.230469
vt 0.255859 0.230469
vt 0.255859 0.230469
vt 0.255859 0.230469
vt 0.255859 0.230469
vt 0.255859 0.230469
vt 0.255859 0.230469
vt 0.255859 0.230469
vt 0.255859 0.230469
vt 0.255859 0.230469
vt 0.255859 0.230469
vt 0.255859 0.230469
vt 0.255859 0.230469
vt 0.255859 0.230469
vt 0.255859 0.230469
vt 0.255859 0.230469
vt 0.255859 0.230469
vt 0.255859 0.230469
vt 0.255859 0.230469
vt 0.255859 0.230469
vt 0.255859 0.230469
vt 0.255859 0.230469
vt 0.255859 0.230469
vt 0.255859 0.230469
vt 0.255859 0.230469
vt 0.255859 0.230469
vt 0.255859 0.230469
vt 0.255859 0.230469
vt 0.255859 0.230469
vt 0.255859 0.230469
vt 0.255859 0.230469
vt 0.255859 0.230469
vt 0.255859 0.230469
vt 0.255859 0.230469
vt 0.255859 0.230469
vt 0.255859 0.230469
vt 0.255859 0.230469
vt 0.255859 0.230469
vt 0.255859 0.230469
vt 0.255859 0.230469
vt 0.255859 0.230469
vt 0.255859 0.230469
vt 0.255859 0.230469
vt 0.255859 0.230469
vt 0.255859 0.230469
vt 0.255859 0.230469
vt 0.255859 0.230469
vt 0.255859 0.230469
vt 0.255859 0.230469
vt 0.255859 0.230469
vt 0.255859 0.230469
vt 0.255859 0.230469
vt 0.255859 0.230469
vt 0.255859 0.230469
vt 0.255859 0.230469
vt 0.255859 0.230469
vt 0.255859 0.230469
vt 0.255859 0.230469
vt 0.255859 0.230469
vt 0.255859 0.230469
vt 0.255859 0.230469
vt 0.255859 0.230469
vt 0.255859 0.230469
vt 0.255859 0.230469
vt 0.255859 0.230469
vt 0.255859 0.230469
vt 0.255859 0.230469
vt 0.255859 0.230469
vt 0.255859 0.230469
vt 0.255859 0.230469
vt 0.255859 0.230469
vt 0.255859 0.230469
vt 0.255859 0.230469
vt 0.255859 0.230469
vt 0.255859 0.230469
vt 0.255859 0.230469
vt 0.255859 0.230469
vt 0.255859 0.230469
vt 0.255859 0.230469
vt 0.255859 0.230469
vt 0.255859 0.230469
vt 0.255859 0.230469
vt 0.255859 0.230469
vt 0.255859 0.230469
vt 0.255859 0.230469
vn -0.0364 0.9919 0.1219
vn -0.0367 0.9917 0.1230
vn -0.0344 0.9907 0.1318
vn -0.0358 0.9914 0.1261
vn -0.0795 0.9842 0.1582
vn -0.0687 0.9848 0.1595
vn -0.0361 0.9918 0.1223
vn -0.0379 0.9920 0.1203
vn -0.0879 0.9845 0.1515
vn -0.0973 0.9824 0.1595
vn -0.0420 0.9921 0.1178
vn -0.0435 0.9918 0.1200
vn -0.0388 0.9922 0.1185
vn -0.0401 0.9921 0.1185
vn -0.0300 0.9926 0.1178
vn 0.1408 0.8825 -0.4487
vn 0.0301 0.9925 0.1187
vn 0.4190 0.9078 0.0184
vn 0.3975 0.8819 0.2534
vn 0.3030 0.9003 -0.3126
vn 0.1456 0.7546 -0.6399
vn 0.3814 0.8041 0.4560
vn 0.3547 0.7324 0.5811
vn 0.2985 0.6782 0.6715
vn 0.2663 0.6787 0.6844
vn 0.2202 0.6775 0.7018
vn 0.2331 0.6786 0.6966
vn 0.2042 0.6714 0.7124
vn 0.0012 0.7182 0.6959
vn 0.0069 0.7279 0.6856
vn -0.2351 0.7726 0.5898
vn -0.2302 0.7725 0.5918
vn -0.3117 0.7490 0.5846
vn -0.2718 0.7644 0.5847
vn -0.3517 0.7648 0.5398
vn -0.5125 0.1026 0.8525
vn -0.3481 0.7816 0.5176
vn -0.3532 0.7905 0.5003
vn -0.5231 0.4196 0.7418
vn -0.4566 0.3176 0.8310
vn -0.4170 0.0588 0.9070
vn -0.3855 0.0588 0.9208
vn -0.3511 0.0274 0.9359
vn -0.3270 0.1790 0.9279
vn -0.2954 0.0163 0.9552
vn -0.2634 0.0051 0.9647
vn -0.2538 0.0020 0.9673
vn -0.2618 0.0032 0.9651
vn -0.2618 -0.0032 0.9651
vn 0.2565 0.7254 -0.6387
vn 0.2068 0.7255 -0.6564
vn 0.2637 0.7255 -0.6357
vn 0.3847 0.6219 -0.6821
vn 0.2832 0.7495 -0.5983
vn 0.3074 0.6731 -0.6726
vn -0.0322 0.8079 -0.5884
vn -0.1084 0.7399 -0.6639
vn -0.0664 0.7333 -0.6767
vn -0.0058 0.7335 -0.6797
vn 0.0288 0.7412 -0.6706
vn 0.0725 0.7255 -0.6844
vn 0.2023 0.7255 -0.6578
vn 0.1430 0.7255 -0.6732
vn 0.1046 0.7412 -0.6631
vn 0.0343 0.7333 -0.6790
vn 0.0659 0.7176 -0.6933
vn -0.0369 0.7256 -0.6871
vn -0.0301 0.7255 -0.6875
vn -0.1113 0.7181 -0.6870
vn -0.0995 0.7180 -0.6889
vn -0.1974 0.7103 -0.6756
vn -0.1454 0.6863 -0.7127
vn -0.2038 0.7175 -0.6660
vn 0.1144 0.7493 -0.6523
vn 0.0769 0.7581 -0.6476
vn 0.2231 0.7653 -0.6038
vn 0.1664 0.7566 -0.6323
vn 0.4170 0.7617 -0.4960
vn 0.2190 0.7570 -0.6156
vn 0.2509 0.7570 -0.6033
vn 0.5141 0.7568 -0.4036
vn 0.5263 0.7022 -0.4795
vn 0.4638 0.7565 -0.4610
vn 0.4575 0.7250 -0.5148
vn 0.4068 0.7407 -0.5346
vn 0.4096 0.7408 -0.5325
vn 0.3418 0.7493 -0.5672
vn 0.3233 0.7412 -0.5883
vn 0.2710 0.7411 -0.6143
vn 0.2821 0.7409 -0.6095
vn 0.1938 0.7334 -0.6516
vn 0.2303 0.7175 -0.6574
vn 0.1779 0.6784 -0.7128
vn 0.2698 0.7649 -0.5850
vn 0.2665 0.7649 -0.5864
vn 0.3077 0.7725 -0.5555
vn 0.3158 0.7725 -0.5509
vn 0.3327 0.7771 -0.5343
vn 0.3207 0.7891 -0.5239
vn 0.3411 0.7833 -0.5197
vn -0.1110 0.9936 0.0209
vn -0.0534 0.9983 0.0253
vn -0.0284 0.9979 0.0575
vn -0.0360 0.9979 0.0532
vn -0.0543 0.9985 0.0048
vn -0.0557 0.9980 0.0289
vn -0.0629 0.9980 0.0023
vn -0.0450 0.9978 0.0484
vn -0.0896 0.9954 0.0335
vn -0.0475 0.9988 0.0118
vn -0.1494 0.9883 0.0301
vn -0.1174 0.9901 0.0764
vn -0.1209 0.9919 0.0396
vn -0.1150 0.9931 -0.0220
vn -0.1283 0.9917 -0.0086
vn -0.1396 0.9902 -0.0000
vn -0.2076 0.9780 -0.0225
vn -0.1922 0.9806 0.0397
vn -0.0759 0.9963 0.0394
vn -0.0904 0.9935 0.0698
vn -0.0345 0.9975 0.0610
vn -0.1891 0.9818 0.0156
vn -0.2198 0.9755 0.0046
vn -0.1323 0.9881 0.0784
vn -0.0418 0.9984 0.0373
vn -0.2354 0.9715 0.0288
vn -0.2263 0.9723 0.0585
vn -0.2062 0.9758 0.0724
vn -0.2516 0.9621 0.1051
vn -0.2919 0.9458 0.1425
vn -0.1578 0.9875 0.0036
vn -0.0981 0.9921 -0.0775
vn -0.2926 0.9375 0.1884
vn -0.2502 0.9559 0.1540
vn -0.2277 0.9680 0.1052
vn 0.0011 1.0000 -0.0047
vn 0.0800 0.9960 -0.0391
vn 0.2088 0.9137 -0.3487
vn 0.1576 0.9231 -0.3507
vn 0.2327 0.8734 -0.4278
vn 0.2585 0.8513 -0.4566
vn 0.2773 0.7962 -0.5377
vn 0.2912 0.8033 -0.5195
vn 0.2890 0.7490 -0.5962
vn 0.2303 0.7803 -0.5814
vn 0.3403 0.7334 -0.5886
vn -0.2793 0.9425 0.1837
vn -0.2415 0.9579 0.1550
vn 0.1473 0.9022 -0.4055
vn 0.2004 0.8351 -0.5123
vn 0.1223 0.8890 -0.4412
vn 0.1054 0.9149 -0.3896
vn 0.1339 0.9223 -0.3625
vn 0.0573 0.8964 -0.4395
vn 0.1763 0.8197 -0.5450
vn 0.1289 0.8431 -0.5220
vn 0.2075 0.8153 -0.5406
vn 0.0941 0.8589 -0.5034
vn 0.1196 0.8541 -0.5062
vn 0.0706 0.8592 -0.5067
vn 0.0904 0.8667 -0.4906
vn 0.0624 0.8725 -0.4846
vn 0.0660 0.8811 -0.4683
vn -0.2474 0.9610 0.1235
vn -0.2079 0.9675 0.1441
vn -0.1599 0.9808 0.1112
vn -0.2087 0.9666 0.1486
vn -0.1758 0.9797 0.0961
vn -0.9537 0.0012 0.3007
vn -0.9699 0.0029 0.2433
vn -0.9641 0.0031 0.2655
vn -0.9536 0.0049 0.3010
vn -0.9758 -0.0548 0.2117
vn -0.9449 -0.0041 0.3272
vn -0.9731 0.0028 0.2305
vn -0.9791 0.0105 0.2032
vn -0.9850 -0.0009 0.1726
vn -0.9796 0.0031 0.2008
vn -0.9941 0.0014 0.1088
vn -0.9944 0.0034 0.1052
vn -0.9892 -0.0125 0.1463
vn -0.9948 0.0007 0.1020
vn -0.9869 0.0056 0.1611
vn -0.9994 0.0032 0.0348
vn -0.9999 0.0044 -0.0119
vn -0.9877 -0.0167 0.1554
vn -1.0000 0.0039 0.0021
vn -0.9964 0.0001 -0.0851
vn -0.9901 -0.0049 -0.1406
vn -0.9953 -0.0057 -0.0968
vn -0.9936 -0.0009 -0.1130
vn -0.9821 -0.0031 -0.1883
vn -0.9903 0.0174 -0.1379
vn -0.9822 -0.0146 -0.1873
vn -0.9708 0.0077 -0.2397
vn -0.9666 0.0045 -0.2563
vn -0.9595 -0.0103 -0.2815
vn -0.9522 -0.0094 -0.3054
vn -0.9527 -0.0076 -0.3037
vn -0.9583 0.0132 -0.2856
vn 0.3557 0.9209 -0.1595
vn 0.3845 0.9100 -0.1551
vn 0.3103 0.9375 -0.1574
vn 0.3741 0.9213 -0.1060
vn 0.2769 0.9536 -0.1181
vn 0.2542 0.9669 0.0218
vn 0.3901 0.9147 -0.1054
vn 0.4205 0.8932 -0.1592
vn 0.4477 0.8665 -0.2207
vn 0.3991 0.9133 -0.0813
vn 0.4613 0.8707 -0.1706
vn 0.4563 0.8758 -0.1575
vn 0.4298 0.9019 -0.0438
vn 0.4277 0.8973 -0.1090
vn 0.1945 0.9724 0.1286
vn 0.1865 0.9700 0.1558
vn 0.3384 0.9408 0.0213
vn 0.3711 0.9286 -0.0010
vn 0.1502 0.9781 0.1444
vn 0.3912 0.8745 -0.2867
vn -0.0022 1.0000 -0.0020
vn 0.3601 0.9315 -0.0518
vn -0.0028 1.0000 0.0023
vn -0.0036 1.0000 -0.0016
vn 0.0276 0.9943 0.1032
vn 0.4786 0.8511 -0.2159
vn 0.4835 0.8424 -0.2379
vn 0.4999 0.8273 -0.2562
vn 0.4899 0.8196 -0.2970
vn 0.4603 0.8336 -0.3053
vn 0.4273 0.8665 -0.2580
vn 0.4050 0.8656 -0.2944
vn 0.1077 0.9892 -0.0996
vn 0.4187 0.8359 -0.3549
vn 0.4800 0.7870 -0.3876
vn 0.3345 0.8871 -0.3181
vn 0.2948 0.8929 -0.3403
vn 0.3879 0.8356 -0.3891
vn 0.4353 0.7709 -0.4649
vn 0.2614 0.9524 -0.1567
vn 0.2629 0.9011 -0.3449
vn 0.3330 0.8453 -0.4179
vn 0.0001 1.0000 0.0039
vn 0.3469 0.8453 -0.4062
vn 0.3511 0.7812 -0.5161
vn 0.3824 0.7811 -0.4936
vn 0.3828 0.7255 -0.5720
vn 0.4218 0.7255 -0.5439
vn 0.4679 0.7255 -0.5048
vn 0.4592 0.7736 -0.4367
vn 0.4863 0.7411 -0.4629
vn 0.0010 1.0000 0.0038
vn 0.5020 0.7568 -0.4186
vn 0.5137 0.7726 -0.3732
vn 0.4818 0.8079 -0.3393
vn -0.0018 1.0000 0.0039
vn -0.0263 0.9996 -0.0088
vn 0.1985 0.9299 -0.3097
vn -0.0146 0.9999 -0.0047
vn 0.0086 0.8865 -0.4626
vn 0.0379 0.8431 -0.5364
vn 0.0858 0.8429 -0.5311
vn -0.0826 0.7833 -0.6161
vn -0.0068 0.6157 -0.7879
vn 0.2559 0.8643 -0.4331
vn 0.1501 0.8860 -0.4386
vn -0.0440 0.9988 -0.0192
vn -0.0183 0.9998 -0.0026
vn 0.1478 0.8432 -0.5169
vn -0.0365 0.9992 -0.0153
vn 0.0208 0.9998 -0.0014
vn 0.2056 0.8812 -0.4258
vn 0.0274 0.9690 -0.2456
vn 0.0233 0.9920 -0.1242
vn 0.1942 0.8432 -0.5013
vn 0.2487 0.8431 -0.4767
vn 0.1937 0.9262 -0.3235
vn 0.2886 0.8511 -0.4385
vn 0.2377 0.9231 -0.3023
vn 0.3072 0.8919 -0.3319
vn 0.3419 0.8439 -0.4135
vn 0.3667 0.8329 -0.4145
vn 0.4549 0.5293 -0.7162
vn 0.8967 -0.0010 0.4426
vn 0.9273 -0.0038 0.3744
vn 0.9124 -0.0037 0.4094
vn 0.8957 0.0093 0.4445
vn 0.8888 -0.0342 0.4570
vn 0.8637 0.0147 0.5038
vn 0.9401 -0.0029 0.3410
vn 0.9599 -0.0037 0.2803
vn 0.9653 -0.0039 0.2612
vn 0.9792 -0.0050 0.2030
vn 0.9920 -0.0080 0.1257
vn 0.9938 -0.0039 0.1111
vn 0.9882 0.0065 0.1533
vn 0.9992 -0.0024 0.0396
vn 0.9991 -0.0118 -0.0418
vn 0.9946 -0.0045 -0.1039
vn 0.9954 -0.0049 -0.0953
vn 0.9897 -0.0118 -0.1428
vn 0.9842 -0.0038 -0.1773
vn 0.9724 -0.0050 -0.2332
vn 0.9581 -0.0118 -0.2863
vn 0.9482 -0.0028 -0.3178
vn 0.9255 -0.0032 -0.3787
vn 0.9085 -0.0039 -0.4178
vn 0.9021 0.0033 -0.4314
vn 0.8870 0.0030 -0.4617
vn 0.8845 0.0083 -0.4664
vn 0.0187 0.9997 -0.0151
vn 0.0026 1.0000 -0.0029
vn 0.0032 1.0000 -0.0022
vn 0.0016 1.0000 0.0035
vn -0.0027 1.0000 0.0027
vn 0.0036 1.0000 0.0017
vn -0.0037 1.0000 0.0012
vn -0.0039 1.0000 0.0005
vn -0.0039 1.0000 0.0002
vn -0.0032 1.0000 0.0023
vn 0.0034 1.0000 0.0018
vn 0.0185 0.9998 -0.0001
vn -0.0039 1.0000 -0.0005
vn -0.0038 1.0000 -0.0009
vn 0.0016 1.0000 -0.0035
vn -0.0034 1.0000 -0.0019
vn -0.0008 1.0000 -0.0038
vn -0.0038 1.0000 0.0010
vn -0.0032 1.0000 -0.0022
vn -0.0028 1.0000 -0.0027
vn -0.0026 1.0000 -0.0028
vn -0.0035 1.0000 0.0018
vn 0.0035 1.0000 -0.0017
vn 0.5062 -0.6884 0.5196
vn 0.5024 -0.6796 0.5345
vn 0.5166 -0.6855 0.5130
vn 0.5022 -0.6769 0.5381
vn 0.5212 -0.6942 0.4964
vn 0.4960 -0.6761 0.5449
vn 0.4891 -0.6789 0.5476
vn 0.5343 -0.6854 0.4947
vn 0.5423 -0.6869 0.4838
vn 0.5335 -0.6936 0.4840
vn 0.5425 -0.6964 0.4698
vn 0.5355 -0.6952 0.4795
vn 0.5383 -0.6916 0.4817
vn 0.4841 -0.6812 0.5492
vn 0.4686 -0.6751 0.5698
vn 0.3212 -0.7047 0.6327
vn 0.4390 -0.6888 0.5769
vn 0.1334 -0.7336 0.6664
vn 0.1394 -0.7407 0.6572
vn 0.0036 -1.0000 -0.0013
vn 0.0002 -1.0000 0.0039
vn 0.0039 -1.0000 0.0001
vn 0.0002 -1.0000 -0.0039
vn 0.0034 -1.0000 -0.0019
vn -0.0038 -1.0000 -0.0009
vn -0.0002 -1.0000 -0.0039
vn 0.0027 -1.0000 -0.0028
vn 0.0015 -1.0000 -0.0036
vn -0.0029 -1.0000 0.0025
vn 0.0037 -1.0000 0.0014
vn -0.0021 -1.0000 -0.0033
vn 0.0034 -1.0000 0.0019
vn -0.0039 -1.0000 -0.0005
vn -0.0029 -1.0000 -0.0026
vn -0.0017 -1.0000 -0.0035
vn -0.0004 -1.0000 -0.0039
vn 0.0010 -1.0000 -0.0038
vn 0.0018 -1.0000 -0.0034
vn 0.0038 -1.0000 -0.0009
vn 0.0005 -1.0000 -0.0038
vn 0.0009 -1.0000 0.0038
vn 0.0029 -1.0000 0.0025
vn 0.0020 -1.0000 0.0033
vn 0.0027 -1.0000 0.0025
vn 0.0270 -0.9958 -0.0877
vn 0.0854 -0.9625 -0.2573
vn 0.0030 -1.0000 -0.0025
vn -0.0024 -1.0000 0.0031
vn 0.0010 -1.0000 -0.0053
vn -0.0568 -0.9878 -0.1453
vn -0.0591 -0.9771 -0.2043
vn 0.0025 -0.9666 -0.2562
vn 0.0060 -0.9261 -0.3772
vn -0.0009 -0.8727 -0.4882
vn 0.0032 -0.7458 -0.6662
vn -0.0068 -0.7152 -0.6989
vn -0.0042 -0.5356 -0.8445
vn -0.0005 -0.4638 -0.8860
vn -0.0027 -0.3315 -0.9434
vn 0.0041 -0.2502 -0.9682
vn 0.0010 -0.2005 -0.9797
vn 0.0060 -0.1267 -0.9919
vn -0.0039 -0.0039 -1.0000
vn 0.0039 0.0039 -1.0000
vn 0.4405 -0.0274 0.8973
vn 0.4225 -0.0159 0.9062
vn 0.4751 -0.0413 0.8790
vn 0.3724 -0.0118 0.9280
vn 0.3255 0.0027 0.9456
vn 0.2883 -0.0118 0.9575
vn 0.2344 -0.0039 0.9721
vn 0.2204 0.0062 0.9754
vn 0.1586 -0.0275 0.9870
vn 0.1038 -0.0039 0.9946
vn 0.1205 0.0018 0.9927
vn 0.0967 -0.0039 0.9953
vn 0.0432 -0.0039 0.9991
vn 0.0622 0.0039 0.9981
vn 0.0377 -0.0015 0.9993
vn 0.0364 -0.0183 0.9992
vn 0.0355 -0.0202 0.9992
vn 0.8681 -0.0039 0.4964
vn 0.9058 -0.0039 0.4238
vn 0.9065 -0.0039 0.4221
vn 0.8668 0.0040 0.4986
vn 0.8545 0.0049 0.5195
vn 0.8218 0.0002 0.5698
vn 0.6318 -0.0034 0.7751
vn 0.8560 0.0062 0.5169
vn 0.9513 0.0039 0.3082
vn 0.9491 -0.0039 0.3150
vn 0.9974 0.0036 -0.0726
vn 0.9824 0.0012 -0.1867
vn 0.9547 -0.0040 -0.2975
vn 0.8031 -0.0007 0.5958
vn 0.7717 0.0066 0.6359
vn 0.7942 0.0070 0.6076
vn 0.7710 0.0039 0.6368
vn 0.7491 -0.0037 0.6624
vn 0.8640 0.0118 -0.5033
vn 0.5135 -0.0034 0.8581
vn 0.4721 0.0040 0.8815
vn 0.7184 -0.0118 0.6955
vn 0.6846 -0.0039 0.7289
vn 0.6852 -0.0040 0.7283
vn 0.6522 -0.0074 0.7580
vn 0.6518 -0.0001 0.7584
vn 0.2328 0.0253 0.9722
vn 0.7890 -0.0117 -0.6143
vn 0.6402 0.0025 -0.7682
vn 0.5642 -0.0048 -0.8256
vn 0.2957 -0.0026 -0.9553
vn 0.2977 0.0052 -0.9546
vn 0.2939 -0.0036 -0.9558
vn 0.2961 0.0048 -0.9551
vn 0.2928 0.0025 -0.9562
vn 0.2497 0.0030 0.9683
vn -0.0181 -0.0006 0.9998
vn 0.0542 0.0085 0.9985
vn 0.2863 0.0039 -0.9581
vn 0.3197 0.0037 -0.9475
vn 0.2868 0.0037 -0.9580
vn 0.3241 -0.0118 -0.9459
vn 0.3732 -0.0105 -0.9277
vn 0.4621 -0.0118 -0.8868
vn 0.4342 -0.0055 -0.9008
vn 0.4901 -0.0172 -0.8715
vn 0.5368 -0.0174 -0.8435
vn 0.5664 -0.0195 -0.8239
vn 0.5912 -0.0312 -0.8059
vn 0.6080 -0.0433 -0.7927
vn -0.9517 0.0185 0.3064
vn -0.9628 0.0039 0.2703
vn -0.9787 -0.0039 0.2055
vn -0.9647 0.0200 0.2624
vn -0.9693 0.0093 0.2457
vn -0.9581 -0.0092 0.2863
vn -0.9121 0.0039 0.4101
vn -0.8934 -0.0039 0.4492
vn -0.9763 0.0020 0.2166
vn -0.9718 -0.0039 0.2359
vn -0.9916 0.0039 -0.1292
vn -0.9977 -0.0041 -0.0674
vn -0.8881 -0.0037 -0.4596
vn -0.8505 0.0039 -0.5259
vn -0.7829 0.0048 -0.6222
vn -0.7655 0.0052 -0.6434
vn -0.9746 0.0229 0.2226
vn -0.9763 0.0054 0.2162
vn -0.9843 0.0033 0.1764
vn -0.9889 -0.0039 0.1486
vn -0.9814 0.0187 0.1910
vn -0.9610 -0.0039 0.2766
vn -1.0000 -0.0039 -0.0001
vn -1.0000 0.0039 -0.0003
vn -0.9875 -0.0039 -0.1578
vn -0.9889 -0.0039 -0.1486
vn -0.9842 0.0066 -0.1769
vn -0.9814 0.0187 -0.1910
vn -0.9765 0.0113 -0.2151
vn -0.9709 0.0016 -0.2394
vn -0.9665 0.0248 -0.2553
vn -0.9665 0.0199 -0.2559
vn -0.9546 -0.0074 -0.2979
vn -0.9627 0.0039 -0.2705
vn -0.9096 0.0039 -0.4155
vn -0.8914 -0.0039 -0.4533
vn -0.9693 0.0039 -0.2458
vn -0.9725 -0.0041 -0.2329
vn -0.9990 -0.0040 0.0439
vn -0.9991 0.0043 0.0425
vn -0.8859 -0.0038 0.4638
vn -0.9111 -0.0026 0.4122
vn -0.7912 -0.0088 0.6115
vn 0.2648 0.0039 -0.9643
vn 0.3956 0.0039 -0.9184
vn 0.3914 -0.0039 -0.9202
vn 0.5275 -0.0039 -0.8495
vn 0.2407 -0.0039 -0.9706
vn 0.1938 0.0022 -0.9810
vn 0.1974 0.0013 -0.9803
vn 0.5231 -0.0039 -0.8523
vn 0.6397 0.0039 -0.7686
vn 0.6484 -0.0039 -0.7613
vn 0.7403 0.0039 -0.6722
vn 0.7524 -0.0039 -0.6587
vn 0.7844 0.0100 -0.6201
vn 0.7890 0.0052 -0.6144
vn 0.9875 -0.0039 0.1577
vn 0.9627 0.0039 0.2705
vn 0.9548 -0.0075 0.2971
vn 0.9096 0.0039 0.4155
vn 0.8914 -0.0039 0.4533
vn 0.9693 0.0039 0.2459
vn 0.9724 -0.0041 0.2333
vn 0.9671 0.0189 0.2535
vn 0.9666 0.0247 0.2551
vn 0.9990 -0.0040 -0.0439
vn 0.9991 0.0043 -0.0425
vn 0.8858 -0.0038 -0.4641
vn 0.9111 -0.0026 -0.4122
vn 0.7912 -0.0088 -0.6115
vn 0.9707 0.0026 0.2402
vn 0.9765 0.0115 0.2153
vn 0.9842 0.0068 0.1769
vn 0.9889 -0.0039 0.1487
vn 1.0000 -0.0039 -0.0000
vn 1.0000 0.0039 -0.0001
vn 0.9877 -0.0039 -0.1565
vn 0.9889 -0.0039 -0.1487
vn 0.9843 0.0033 -0.1764
vn 0.9813 0.0192 0.1914
vn 0.9813 0.0193 -0.1915
vn 0.9763 0.0064 -0.2165
vn 0.9746 0.0230 -0.2227
vn 0.9711 0.0109 -0.2384
vn 0.9626 0.0311 -0.2690
vn 0.9518 0.0186 -0.3061
vn 0.9626 0.0039 -0.2711
vn 0.9518 -0.0083 -0.3066
vn 0.9122 0.0039 -0.4097
vn 0.8934 -0.0039 -0.4493
vn 0.9762 0.0020 -0.2170
vn 0.9718 -0.0039 -0.2359
vn 0.9917 0.0039 0.1282
vn 0.9977 -0.0040 0.0674
vn 0.8881 -0.0037 0.4596
vn 0.8495 0.0039 0.5275
vn 0.7831 0.0044 0.6219
vn 0.7636 0.0021 0.6457
vn 0.5265 -0.0039 0.8501
vn 0.6377 -0.0040 0.7703
vn 0.5221 -0.0039 0.8528
vn 0.6528 0.0039 0.7576
vn 0.3925 -0.0039 0.9198
vn 0.3971 -0.0039 0.9178
vn 0.7575 0.0039 0.6528
vn 0.7366 -0.0039 0.6763
vn 0.7848 0.0095 0.6197
vn 0.7945 -0.0065 0.6073
vn 0.2683 0.0038 0.9633
vn 0.2435 -0.0039 0.9699
vn 0.1988 0.0027 0.9800
vn 0.1945 0.0015 0.9809
vn -0.2649 0.0039 0.9643
vn -0.3956 0.0039 0.9184
vn -0.3913 -0.0039 0.9203
vn -0.5275 -0.0039 0.8495
vn -0.2407 -0.0039 0.9706
vn -0.1939 0.0021 0.9810
vn -0.1975 0.0013 0.9803
vn -0.5231 -0.0039 0.8523
vn -0.6397 0.0039 0.7686
vn -0.6483 -0.0039 0.7613
vn -0.7404 0.0039 0.6722
vn -0.7524 -0.0039 0.6586
vn -0.7844 0.0100 0.6201
vn -0.7890 0.0052 0.6144
vn 0.0461 -0.9989 0.0008
vn -0.0505 -0.9987 -0.0097
vn 0.0476 -0.9989 0.0036
vn 0.0977 -0.9952 0.0095
vn -0.0217 -0.9984 0.0521
vn 0.0522 -0.9835 0.1730
vn 0.0448 -0.9948 0.0909
vn 0.1336 -0.9904 0.0340
vn 0.1442 -0.9888 0.0382
vn 0.2033 -0.9767 0.0690
vn 0.1509 -0.9847 0.0871
vn 0.2256 -0.9696 0.0945
vn 0.2455 -0.9617 0.1220
vn 0.2350 -0.9622 0.1377
vn 0.2813 -0.9487 0.1443
vn 0.2691 -0.9490 0.1645
vn 0.3078 -0.9344 0.1790
vn 0.3152 -0.9306 0.1859
vn 0.3352 -0.9216 0.1956
vn 0.3707 -0.9054 0.2069
vn 0.3968 -0.8922 0.2156
vn 0.3982 -0.8887 0.2274
vn 0.4196 -0.8745 0.2432
vn 0.4403 -0.8614 0.2532
vn 0.4431 -0.8597 0.2543
vn 0.4491 -0.8557 0.2573
vn -0.4830 -0.6782 -0.5539
vn -0.4877 -0.6761 -0.5523
vn -0.4933 -0.6773 -0.5459
vn -0.4808 -0.6755 -0.5591
vn -0.4883 -0.6869 -0.5382
vn -0.4757 -0.6816 -0.5560
vn -0.4739 -0.6788 -0.5610
vn -0.4710 -0.6803 -0.5616
vn -0.4712 -0.6760 -0.5665
vn -0.3076 -0.7004 -0.6441
vn -0.3145 -0.7089 -0.6313
vn -0.0440 -0.7098 -0.7030
vn -0.0442 -0.7098 -0.7030
vn -0.0065 -0.7176 -0.6964
vn 0.0274 -0.7098 -0.7039
vn -0.4686 -0.6700 -0.5757
vn 0.0057 -0.7098 -0.7044
vn 0.0413 -0.7098 -0.7032
vn 0.2418 -0.7101 -0.6612
vn 0.5354 -0.8112 -0.2352
vn 0.3745 -0.6941 -0.6147
vn 0.5132 -0.6865 -0.5151
vn 0.6881 -0.6940 -0.2119
vn 0.7043 -0.7096 -0.0189
vn 0.7043 -0.7026 0.1015
vn 0.6855 -0.7195 0.1115
vn -0.6825 -0.7098 0.1744
vn -0.6753 -0.7098 0.2005
vn -0.6387 -0.7098 0.2972
vn -0.6841 -0.7112 0.1618
vn -0.6398 -0.7230 -0.2606
vn -0.6907 -0.7098 0.1382
vn -0.7044 -0.7097 0.0130
vn -0.6268 -0.7097 -0.3216
vn -0.5859 -0.7337 -0.3440
vn -0.6827 -0.7098 -0.1734
vn -0.6981 -0.7106 0.0880
vn -0.5177 -0.7098 0.4776
vn -0.5178 -0.7098 0.4776
vn -0.4453 -0.7098 0.5458
vn -0.4454 -0.7098 0.5457
vn -0.3638 -0.7098 0.6032
vn -0.2834 -0.7098 0.6449
vn -0.1851 -0.7098 0.6797
vn -0.1894 -0.7098 0.6785
vn -0.1451 -0.7176 0.6811
vn -0.1509 -0.7264 0.6706
vn 0.0018 -1.0000 -0.0035
vn 0.0007 -1.0000 -0.0038
vn 0.0023 -1.0000 -0.0031
vn -0.0026 -1.0000 0.0028
vn 0.0007 -1.0000 -0.0039
vn -0.0003 -1.0000 -0.0039
vn -0.0035 -1.0000 -0.0000
vn 0.0031 -1.0000 0.0024
vn -0.0032 -1.0000 0.0007
vn -0.0027 -1.0000 0.0003
vn -0.0019 -1.0000 0.0021
vn -0.0932 -0.9955 -0.0178
vn 0.0029 -1.0000 -0.0020
vn 0.0011 -1.0000 -0.0036
vn -0.1165 -0.9925 0.0370
vn 0.0012 -1.0000 0.0034
vn -0.0025 -1.0000 -0.0030
vn 0.0032 -1.0000 -0.0022
vn 0.0036 -1.0000 -0.0015
vn -0.0034 -1.0000 0.0011
vn 0.0036 -1.0000 0.0008
vn -0.0039 -1.0000 0.0005
vn 0.0004 -1.0000 0.0039
vn -0.0021 -1.0000 -0.0031
vn 0.0020 -1.0000 -0.0034
vn -0.0026 -1.0000 -0.0029
vn 0.0019 -1.0000 -0.0034
vn -0.0033 -1.0000 -0.0021
vn 0.0038 -1.0000 0.0008
vn 0.0017 -1.0000 -0.0035
vn 0.0021 -1.0000 -0.0033
vn 0.0032 -1.0000 0.0020
vn -0.0035 -1.0000 0.0016
vn -0.0037 -1.0000 -0.0011
vn -0.0039 -1.0000 -0.0000
vn 0.0039 -1.0000 0.0005
vn -0.0037 -1.0000 0.0011
vn 0.0018 -1.0000 0.0032
vn 0.0033 -1.0000 -0.0020
vn 0.0021 -1.0000 0.0033
vn -0.0005 -1.0000 0.0039
vn 0.0032 -1.0000 -0.0020
vn -0.0035 -1.0000 -0.0016
vn -0.0026 -1.0000 0.0029
vn 0.0019 -1.0000 0.0034
vn 0.0038 -1.0000 -0.0008
vn -0.0036 -1.0000 -0.0013
vn -0.0039 -1.0000 0.0017
vn -0.0037 -1.0000 -0.0010
vn -0.0025 -1.0000 0.0030
vn -0.0038 -1.0000 0.0008
vn -0.0036 -1.0000 0.0007
vn 0.0029 -1.0000 -0.0025
vn 0.0008 -1.0000 0.0051
vn 0.0289 -0.9994 0.0210
vn 0.0005 -1.0000 0.0037
vn 0.1048 -0.9917 0.0747
vn 0.0004 -1.0000 -0.0039
vn -0.0017 -1.0000 -0.0048
vn -0.0018 -1.0000 -0.0035
vn -0.0015 -1.0000 -0.0036
vn 0.0026 -1.0000 0.0028
vn 0.0024 -1.0000 0.0031
vn 0.0030 -1.0000 0.0024
vn -0.0026 -1.0000 0.0022
vn -0.0010 -1.0000 -0.0036
vn 0.0012 -1.0000 -0.0042
vn 0.0012 -1.0000 -0.0035
vn -0.0008 -1.0000 -0.0035
vn 0.0017 -1.0000 -0.0031
vn -0.0031 -1.0000 -0.0028
vn 0.0007 -1.0000 -0.0041
vn -0.0034 -1.0000 -0.0009
vn -0.0029 -1.0000 -0.0003
vn -0.0038 -1.0000 0.0010
vn 0.0028 -1.0000 -0.0027
vn 0.0039 -1.0000 -0.0004
vn 0.0025 -1.0000 0.0029
vn -0.0036 -1.0000 -0.0014
vn -0.0011 -1.0000 0.0037
vn -0.0012 -1.0000 -0.0034
vn 0.1151 -0.9927 -0.0372
vn -0.0006 -1.0000 0.0033
vn 0.0926 -0.9955 0.0190
vn 0.0010 -1.0000 -0.0014
vn 0.0025 -1.0000 -0.0022
vn 0.0026 -1.0000 -0.0028
vn 0.0024 -1.0000 -0.0031
vn 0.0006 -1.0000 -0.0038
vn 0.0035 -1.0000 -0.0000
vn -0.0031 -1.0000 -0.0024
vn 0.0032 -1.0000 -0.0007
vn 0.0027 -1.0000 -0.0003
vn -0.0032 -1.0000 0.0023
vn -0.0036 -1.0000 0.0015
vn 0.0035 -1.0000 -0.0011
vn 0.0039 -1.0000 -0.0005
vn -0.0036 -1.0000 -0.0008
vn 0.0020 -1.0000 0.0031
vn -0.0026 -1.0000 -0.0030
vn 0.0033 -1.0000 0.0021
vn -0.0017 -1.0000 0.0035
vn 0.0037 -1.0000 0.0011
vn -0.0021 -1.0000 0.0033
vn 0.0030 -1.0000 0.0027
vn -0.0018 -1.0000 -0.0032
vn -0.0033 -1.0000 0.0020
vn 0.0005 -1.0000 -0.0039
vn 0.0026 -1.0000 -0.0029
vn 0.0030 -1.0000 -0.0026
vn 0.0036 -1.0000 0.0013
vn 0.0039 -1.0000 -0.0017
vn 0.0037 -1.0000 0.0010
vn 0.0020 -1.0000 0.0034
vn 0.0010 -1.0000 0.0038
vn 0.0036 -1.0000 -0.0007
vn -0.0008 -1.0000 -0.0052
vn -0.0289 -0.9994 -0.0210
vn -0.0005 -1.0000 -0.0037
vn -0.1051 -0.9916 -0.0751
vn 0.0016 -1.0000 0.0048
vn 0.0018 -1.0000 0.0035
vn 0.0015 -1.0000 0.0036
vn 0.0027 -1.0000 0.0029
vn -0.0032 -1.0000 -0.0020
vn 0.0027 -1.0000 -0.0022
vn 0.0010 -1.0000 0.0036
vn -0.0012 -1.0000 0.0042
vn -0.0012 -1.0000 0.0035
vn 0.0008 -1.0000 0.0035
vn -0.0017 -1.0000 0.0031
vn 0.0031 -1.0000 0.0028
vn -0.0007 -1.0000 0.0041
vn 0.0034 -1.0000 0.0009
vn 0.0029 -1.0000 0.0003
vn 0.0038 -1.0000 -0.0010
vn -0.0028 -1.0000 0.0027
vn -0.0039 -1.0000 0.0004
vn 0.0011 -1.0000 -0.0037
vn 0.0028 -1.0000 -0.0028
vn -0.3924 -0.0039 -0.9198
vn -0.5167 -0.0008 -0.8562
vn -0.3970 -0.0039 -0.9178
vn -0.5359 -0.0116 -0.8442
vn -0.6206 -0.1362 -0.7722
vn -0.7524 -0.0196 -0.6584
vn -0.5926 -0.6018 -0.5354
vn -0.6256 -0.3882 -0.6768
vn -0.5176 -0.7098 -0.4779
vn -0.7848 0.0095 -0.6197
vn -0.5895 -0.7231 0.3601
vn -0.7945 -0.0065 -0.6073
vn -0.5374 -0.3801 -0.7528
vn -0.2682 0.0039 -0.9634
vn -0.2435 -0.0039 -0.9699
vn -0.1987 0.0026 -0.9800
vn -0.1945 0.0016 -0.9809
vn -0.7000 -0.7106 -0.0715
vn -0.6631 -0.7097 0.2379
vn -0.6036 -0.7236 0.3347
vn -0.6264 -0.7097 0.3224
vn -0.7040 -0.7095 -0.0329
vn -0.6845 -0.7100 -0.1652
vn -0.6370 -0.7098 -0.3008
vn -0.6393 -0.7098 -0.2958
vn -0.6752 -0.7098 -0.2008
vn -0.6906 -0.7098 -0.1390
vn -0.6908 -0.7098 -0.1374
vn -0.7070 -0.7072 -0.0002
vn -0.7071 -0.7071 -0.0002
vn -0.6907 -0.7098 0.1383
vn 0.9719 -0.0049 0.2352
vn 0.9687 0.0045 0.2481
vn 0.9600 -0.0076 0.2797
vn 0.9470 -0.0008 0.3212
vn 0.9809 -0.0134 0.1941
vn 0.9848 -0.0041 0.1738
vn 0.9903 0.0171 0.1379
vn 0.9956 -0.0059 0.0932
vn 0.9936 -0.0009 0.1129
vn 0.9901 -0.0049 0.1402
vn 0.9964 0.0001 0.0845
vn 1.0000 0.0039 -0.0019
vn 0.9991 0.0030 -0.0434
vn 0.9867 0.0056 -0.1624
vn 0.9886 -0.0179 -0.1496
vn 0.9899 -0.0100 -0.1411
vn 0.9946 0.0034 -0.1037
vn 0.9848 -0.0016 -0.1735
vn 0.9941 0.0014 -0.1087
vn 0.9800 0.0030 -0.1990
vn 0.9710 0.0033 -0.2390
vn 0.9791 0.0104 -0.2033
vn 0.9700 0.0032 -0.2431
vn 0.9592 -0.0129 -0.2823
vn 0.9521 -0.0139 -0.3056
vn 0.9655 0.0028 -0.2602
vn 0.9512 0.0021 -0.3085
vn 0.9452 0.0049 -0.3263
vn 0.5783 -0.0196 -0.8156
vn 0.4656 -0.0118 -0.8849
vn 0.5080 -0.0117 -0.8613
vn 0.4492 -0.0118 -0.8933
vn 0.3436 -0.0118 -0.9390
vn 0.3923 -0.0196 -0.9196
vn 0.5540 -0.0039 -0.8325
vn 0.6132 -0.0118 -0.7898
vn 0.6900 -0.0196 -0.7236
vn 0.6672 -0.0039 -0.7449
vn 0.7191 -0.0118 -0.6948
vn 0.7819 -0.0118 -0.6232
vn 0.7598 -0.0118 -0.6501
vn 0.3197 -0.0039 -0.9475
vn 0.2622 -0.0118 -0.9649
vn 0.2091 -0.0118 -0.9778
vn 0.1926 0.0039 -0.9813
vn -0.0959 -0.0044 -0.9954
vn -0.1370 0.0254 -0.9902
vn 0.8042 -0.0039 -0.5944
vn 0.8426 -0.0117 -0.5384
vn 0.8674 -0.0118 -0.4975
vn 0.8761 -0.0039 -0.4822
vn 0.9052 -0.0196 -0.4246
vn 0.9010 -0.0196 -0.4334
vn -0.3634 -0.0040 -0.9316
vn -0.4765 0.0037 -0.8792
vn -0.7883 -0.0038 -0.6153
vn -0.8640 0.0061 -0.5034
vn 0.9244 -0.0040 -0.3815
vn 0.9102 0.0040 -0.4141
vn 0.9377 -0.0027 -0.3475
vn 0.9391 -0.0012 -0.3437
vn -0.9514 -0.0039 -0.3079
vn -0.9973 0.0114 -0.0728
vn -0.9989 -0.0035 0.0478
vn -0.8918 0.0042 0.4525
vn -0.8783 -0.0010 0.4781
vn -0.8423 0.0043 0.5389
vn -0.7507 0.0770 0.6562
vn -0.7330 -0.0045 0.6802
vn -0.7217 0.0113 0.6922
vn -0.7598 -0.0035 0.6501
vn -0.7527 0.0043 0.6583
vn -0.7938 -0.0045 0.6082
vn -0.7942 0.0041 0.6076
vn -0.8275 0.0030 0.5615
vn -0.8254 0.0041 0.5645
vn -0.8503 -0.0028 0.5263
vn -0.8498 0.0040 0.5271
vn -0.8764 -0.0105 0.4814
vn -0.8779 0.0103 0.4787
vn -0.8907 -0.0054 0.4545
vn -0.8914 0.0205 0.4528
vn -0.9073 -0.0434 0.4183
vn -0.9223 0.0408 0.3843
vn -0.9188 0.0445 0.3923
vn -0.9182 0.0352 0.3945
vn 0.0015 1.0000 -0.0036
vn 0.0014 1.0000 0.0040
vn -0.0006 1.0000 -0.0038
vn 0.0008 1.0000 -0.0038
vn 0.0021 1.0000 -0.0033
vn 0.0038 1.0000 -0.0009
vn 0.0029 1.0000 0.0026
vn -0.0030 1.0000 0.0025
vn 0.0038 1.0000 0.0005
vn 0.0298 0.9994 0.0147
vn 0.0004 1.0000 -0.0039
vn 0.0037 1.0000 0.0013
vn -0.0009 1.0000 -0.0038
vn -0.0020 1.0000 -0.0033
vn -0.0017 1.0000 0.0035
vn 0.0190 0.9998 0.0032
vn -0.8150 -0.0039 0.5795
vn -0.6028 -0.0024 0.7979
vn -0.6090 -0.0025 0.7932
vn -0.6089 0.0026 0.7932
vn -0.6083 0.0037 0.7937
vn -0.6089 -0.0025 0.7932
vn -0.7708 0.0138 0.6370
vn -0.6049 0.0025 0.7963
vn -0.8972 0.0051 0.4416
vn -0.9352 -0.0040 0.3542
vn -0.9974 0.0058 0.0725
vn -0.9773 -0.0038 -0.2118
vn -0.9664 0.0035 -0.2570
vn -0.8774 -0.0008 -0.4797
vn -0.8896 -0.0039 -0.4567
vn -0.6639 -0.0039 -0.7478
vn -0.6942 -0.0039 -0.7197
vn -0.6313 -0.0118 -0.7755
vn -0.5774 -0.0044 -0.8165
vn -0.5888 0.0039 -0.8083
vn -0.3498 -0.0039 -0.9368
vn -0.3474 -0.0013 -0.9377
vn -0.1312 0.0039 -0.9913
vn -0.1441 -0.0007 -0.9896
vn -0.3035 -0.0039 -0.9528
vn -0.2976 -0.0248 -0.9544
vn -0.5506 0.0031 -0.8348
vn -0.5454 -0.0043 -0.8381
vn -0.0879 0.0031 -0.9961
vn -0.0510 0.0112 -0.9986
vn 0.5882 0.6864 0.4276
vn 0.5378 0.6708 0.5107
vn 0.5817 0.6863 0.4365
vn 0.5483 0.6626 0.5102
vn 0.6373 0.6863 0.3504
vn 0.4861 0.6861 0.5412
vn 0.5673 0.4819 0.6678
vn 0.4711 0.6711 0.5725
vn 0.4952 0.6591 0.5660
vn 0.5076 0.6858 0.5216
vn 0.5204 0.6893 0.5040
vn 0.5642 0.3617 0.7422
vn 0.6388 0.6392 0.4283
vn 0.6436 0.6867 0.3379
vn 0.6783 0.6631 0.3166
vn 0.6769 0.6637 0.3182
vn -0.9272 -0.0039 -0.3744
vn -0.9653 -0.0039 -0.2612
vn -0.9599 -0.0037 -0.2804
vn -0.9400 -0.0029 -0.3411
vn -0.9124 -0.0038 -0.4093
vn -0.8967 -0.0010 -0.4426
vn -0.8957 0.0093 -0.4445
vn -0.8889 -0.0342 -0.4569
vn -0.8637 0.0147 -0.5038
vn -0.9792 -0.0050 -0.2029
vn -0.9920 -0.0080 -0.1257
vn -0.9938 -0.0039 -0.1111
vn -0.9882 0.0065 -0.1533
vn -0.9992 -0.0024 -0.0396
vn -0.9991 -0.0118 0.0418
vn -0.9946 -0.0045 0.1039
vn -0.9954 -0.0049 0.0953
vn -0.9897 -0.0118 0.1428
vn -0.9841 -0.0039 0.1773
vn -0.9724 -0.0050 0.2332
vn -0.9581 -0.0118 0.2863
vn -0.9482 -0.0028 0.3178
vn -0.9255 -0.0032 0.3787
vn -0.9085 -0.0039 0.4178
vn -0.9021 0.0033 0.4314
vn -0.8870 0.0030 0.4617
vn -0.8845 0.0083 0.4664
vn -0.0015 1.0000 0.0036
vn -0.0014 1.0000 -0.0040
vn -0.0021 1.0000 0.0033
vn -0.0038 1.0000 0.0009
vn -0.0029 1.0000 -0.0026
vn 0.0030 1.0000 -0.0025
vn -0.0299 0.9994 -0.0148
vn -0.0004 1.0000 0.0039
vn -0.0037 1.0000 -0.0013
vn -0.0038 1.0000 -0.0005
vn -0.0190 0.9998 -0.0032
vn 0.8863 0.0210 -0.4626
vn 0.9163 -0.0033 -0.4005
vn 0.6021 -0.0033 -0.7984
vn 0.6083 -0.0033 -0.7937
vn 0.6028 -0.0024 -0.7979
vn 0.6089 0.0026 -0.7932
vn 0.6083 0.0037 -0.7937
vn 0.6049 0.0025 -0.7963
vn 0.9853 0.0066 -0.1707
vn 0.9988 -0.0040 -0.0479
vn 0.9611 0.0045 0.2763
vn 0.9548 -0.0039 0.2972
vn 0.8713 -0.0003 0.4907
vn 0.8873 -0.0044 0.4611
vn 0.6637 -0.0039 0.7480
vn 0.6940 -0.0040 0.7200
vn 0.6313 -0.0118 0.7754
vn 0.5773 -0.0044 0.8165
vn 0.5887 0.0039 0.8084
vn 0.3497 -0.0039 0.9368
vn 0.3475 -0.0013 0.9377
vn 0.1314 0.0039 0.9913
vn 0.1442 -0.0007 0.9896
vn 0.3118 -0.0039 0.9501
vn 0.2976 -0.0248 0.9544
vn 0.5517 -0.0055 0.8340
vn 0.5463 -0.0054 0.8376
vn 0.0879 0.0031 0.9961
vn 0.0510 0.0112 0.9986
vn 0.2189 -0.9647 -0.1463
vn 0.2390 -0.9608 -0.1402
vn 0.2053 -0.9729 -0.1061
vn 0.2901 -0.9458 -0.1457
vn 0.2945 -0.9420 -0.1612
vn 0.3175 -0.9295 -0.1878
vn 0.3520 -0.9167 -0.1888
vn 0.3673 -0.9088 -0.1977
vn 0.3854 -0.8956 -0.2223
vn 0.3967 -0.8899 -0.2253
vn 0.1842 -0.9765 -0.1119
vn 0.1065 -0.9904 -0.0878
vn 0.1899 -0.9774 -0.0933
vn 0.1250 -0.9903 -0.0611
vn 0.0299 -0.9977 -0.0601
vn 0.1164 -0.9925 -0.0383
vn 0.0655 -0.9974 -0.0312
vn 0.0532 -0.9986 0.0053
vn -0.0547 -0.9979 0.0360
vn 0.0221 -0.9997 0.0092
vn 0.1827 -0.9790 0.0910
vn 0.4204 -0.8741 -0.2434
vn 0.4350 -0.8668 -0.2438
vn 0.4436 -0.8587 -0.2568
vn 0.4456 -0.8563 -0.2610
vn -0.3457 -0.7018 -0.6229
vn -0.4649 -0.6763 -0.5714
vn -0.4886 -0.6755 -0.5522
vn -0.4916 -0.6778 -0.5467
vn -0.4303 -0.6895 -0.5825
vn -0.1335 -0.7340 -0.6659
vn -0.1382 -0.7410 -0.6572
vn -0.4955 -0.6716 -0.5508
vn -0.4991 -0.6807 -0.5362
vn -0.4939 -0.6877 -0.5321
vn -0.5071 -0.6881 -0.5190
vn -0.5170 -0.6854 -0.5127
vn -0.5289 -0.6848 -0.5013
vn -0.5349 -0.6853 -0.4942
vn -0.5422 -0.6870 -0.4839
vn -0.5419 -0.6918 -0.4773
vn -0.5428 -0.6962 -0.4699
vn -0.5355 -0.6952 -0.4795
vn -0.5381 -0.6920 -0.4812
vn -0.2262 -0.7098 0.6671
vn -0.2289 -0.7098 0.6662
vn -0.3094 -0.7098 0.6328
vn -0.1985 -0.7143 0.6711
vn -0.2019 -0.7248 0.6587
vn -0.3070 -0.7098 0.6340
vn -0.3919 -0.7098 0.5853
vn -0.3923 -0.7098 0.5850
vn -0.4593 -0.7098 0.5340
vn -0.4584 -0.7098 0.5348
vn -0.4868 -0.7132 0.5044
vn 0.1435 0.9893 0.0276
vn 0.1495 0.9876 -0.0478
vn 0.2154 0.9757 0.0391
vn 0.1468 0.9891 -0.0066
vn 0.1283 0.9917 0.0086
vn 0.0460 0.9987 -0.0227
vn 0.1150 0.9931 0.0220
vn 0.1494 0.9883 -0.0301
vn 0.1058 0.9927 -0.0576
vn 0.1210 0.9919 -0.0396
vn 0.0534 0.9983 -0.0253
vn 0.0285 0.9979 -0.0575
vn 0.0360 0.9979 -0.0532
vn 0.0541 0.9985 -0.0049
vn 0.0557 0.9980 -0.0289
vn 0.0630 0.9980 -0.0023
vn 0.0446 0.9978 -0.0486
vn 0.0894 0.9954 -0.0334
vn 0.0468 0.9988 -0.0123
vn 0.1069 0.9940 -0.0211
vn 0.1682 0.9819 -0.0876
vn 0.0842 0.9938 -0.0723
vn 0.0433 0.9970 -0.0634
vn 0.0418 0.9984 -0.0373
vn -0.0029 1.0000 0.0022
vn -0.0013 1.0000 0.0047
vn 0.0022 1.0000 0.0021
vn -0.0390 0.9990 -0.0194
vn -0.2199 0.9731 -0.0683
vn -0.1960 0.9712 -0.1358
vn -0.2539 0.9670 -0.0220
vn -0.3399 0.9403 -0.0198
vn -0.3711 0.9286 0.0010
vn -0.3601 0.9315 0.0518
vn -0.0276 0.9943 -0.1032
vn -0.4786 0.8511 0.2160
vn -0.4836 0.8424 0.2379
vn -0.4999 0.8273 0.2562
vn -0.4899 0.8196 0.2970
vn -0.4603 0.8336 0.3053
vn -0.4273 0.8665 0.2580
vn -0.4050 0.8657 0.2943
vn -0.1077 0.9892 0.0996
vn -0.4186 0.8359 0.3549
vn -0.4804 0.7869 0.3873
vn -0.3345 0.8871 0.3181
vn -0.2949 0.8929 0.3403
vn -0.2615 0.9524 0.1566
vn -0.2629 0.9011 0.3449
vn -0.3330 0.8453 0.4179
vn -0.3878 0.8356 0.3891
vn -0.4355 0.7708 0.4650
vn -0.0001 1.0000 -0.0039
vn 0.0011 1.0000 -0.0037
vn -0.3470 0.8453 0.4062
vn -0.3507 0.7815 0.5160
vn -0.3824 0.7812 0.4935
vn -0.3827 0.7255 0.5721
vn -0.4217 0.7255 0.5439
vn -0.4639 0.7255 0.5084
vn -0.4593 0.7733 0.4370
vn -0.3402 0.7333 0.5886
vn -0.4818 0.7411 0.4675
vn -0.4983 0.7568 0.4229
vn -0.5135 0.7725 0.3735
vn -0.4818 0.8079 0.3393
vn -0.2890 0.7987 0.5277
vn -0.2890 0.7490 0.5962
vn -0.2467 0.8051 0.5394
vn -0.2304 0.7803 0.5814
vn -0.3155 0.8362 0.4486
vn -0.2259 0.8750 0.4281
vn -0.2063 0.9140 0.3494
vn -0.1606 0.9201 0.3574
vn 0.1110 0.9919 0.0614
vn -0.0274 0.9939 0.1068
vn -0.0008 1.0000 -0.0036
vn -0.0091 0.9999 0.0049
vn 0.1081 0.9934 -0.0385
vn 0.2935 0.9382 -0.1833
vn 0.2512 0.9615 -0.1113
vn 0.2922 0.9375 -0.1888
vn 0.2507 0.9556 -0.1551
vn 0.2280 0.9680 -0.1051
vn 0.2790 0.9425 -0.1839
vn 0.2314 0.9608 -0.1529
vn -0.1473 0.9021 0.4056
vn -0.2006 0.8350 0.5124
vn -0.1222 0.8891 0.4411
vn -0.1055 0.9150 0.3895
vn -0.1351 0.9225 0.3616
vn -0.0716 0.8911 0.4482
vn -0.1763 0.8197 0.5450
vn -0.1289 0.8431 0.5220
vn -0.2075 0.8153 0.5406
vn -0.0942 0.8589 0.5033
vn -0.1196 0.8541 0.5061
vn -0.0678 0.8595 0.5067
vn -0.0904 0.8667 0.4906
vn -0.0757 0.8690 0.4890
vn -0.0622 0.8707 0.4879
vn 0.2329 0.9680 -0.0937
vn 0.1936 0.9811 0.0003
vn 0.2437 0.9654 -0.0926
vn 0.2353 0.9715 -0.0290
vn 0.2262 0.9723 -0.0585
vn 0.2063 0.9758 -0.0723
vn 0.1764 0.9782 -0.1093
vn 0.1603 0.9808 -0.1107
vn 0.2323 0.9664 -0.1097
vn 0.2095 0.9664 -0.1488
vn 0.2064 0.9659 -0.1565
vn -0.1567 -0.7022 0.6945
vn -0.1743 -0.6927 0.6998
vn -0.1672 -0.6946 0.6997
vn -0.1445 -0.7019 0.6974
vn -0.1327 -0.7018 0.6999
vn -0.1166 -0.6866 0.7176
vn -0.1228 -0.6876 0.7156
vn -0.1180 -0.6611 0.7410
vn -0.1204 -0.6505 0.7499
vn -0.1759 -0.6940 0.6981
vn -0.2028 -0.6886 0.6962
vn -0.1892 -0.6856 0.7030
vn -0.2038 -0.6851 0.6993
vn -0.2074 -0.6837 0.6997
vn -0.2265 -0.6796 0.6977
vn -0.2243 -0.6819 0.6962
vn -0.2334 -0.6794 0.6956
vn -0.2356 -0.6765 0.6977
vn -0.2375 -0.6774 0.6962
vn -0.2445 -0.6767 0.6945
vn -0.2471 -0.6730 0.6972
vn -0.2629 -0.6707 0.6936
vn -0.3877 -0.6893 0.6120
vn -0.2630 -0.6707 0.6935
vn -0.2587 -0.7050 0.6603
vn -0.5996 -0.7098 0.3696
vn -0.5998 -0.7098 0.3694
vn -0.6369 -0.7098 0.3009
vn -0.6657 -0.7098 0.2301
vn -0.6657 -0.7098 0.2304
vn -0.7010 -0.7101 0.0654
vn -0.5105 -0.8118 -0.2836
vn -0.7145 -0.6938 -0.0899
vn -0.5744 -0.6941 -0.4339
vn -0.3981 -0.7111 -0.5796
vn -0.2079 -0.7098 -0.6730
vn -0.2141 -0.7075 -0.6735
vn -0.0029 -1.0000 -0.0025
vn -0.0009 -1.0000 -0.0038
vn -0.0028 -1.0000 -0.0021
vn 0.0021 -1.0000 0.0037
vn -0.0038 -1.0000 0.0009
vn 0.0005 -1.0000 0.0039
vn 0.0029 -1.0000 0.0027
vn 0.0017 -1.0000 0.0035
vn -0.0010 -1.0000 0.0038
vn -0.0030 -1.0000 0.0025
vn -0.0024 -1.0000 0.0030
vn -0.0010 -1.0000 0.0053
vn 0.0503 -0.9900 0.1319
vn 0.0594 -0.9770 0.2050
vn -0.0039 -1.0000 -0.0002
vn 0.0006 -1.0000 0.0038
vn 0.0027 -1.0000 0.0028
vn -0.0028 -0.9669 0.2553
vn -0.0057 -0.9256 0.3786
vn 0.0037 -0.8667 0.4988
vn -0.0032 -0.7459 0.6660
vn 0.0073 -0.7136 0.7005
vn 0.0042 -0.5355 0.8445
vn 0.0006 -0.4639 0.8859
vn 0.0027 -0.3315 0.9434
vn -0.0041 -0.2499 0.9683
vn -0.0010 -0.2005 0.9797
vn -0.0060 -0.1263 0.9920
vn 0.0039 -0.0039 1.0000
vn -0.0039 0.0039 1.0000
vn 0.4448 -0.7098 0.5462
vn 0.3641 -0.7098 0.6030
vn 0.4470 -0.7098 0.5444
vn 0.3642 -0.7098 0.6029
vn 0.2834 -0.7098 0.6449
vn 0.5173 -0.7098 0.4781
vn 0.5175 -0.7098 0.4779
vn 0.5895 -0.7231 -0.3601
vn 0.6999 -0.7106 0.0716
vn 0.1871 -0.7098 0.6791
vn 0.1929 -0.7098 0.6775
vn 0.1447 -0.7178 0.6810
vn 0.1404 -0.7220 0.6776
vn 0.6631 -0.7097 -0.2378
vn 0.6036 -0.7236 -0.3347
vn 0.6263 -0.7097 -0.3226
vn 0.7040 -0.7095 0.0330
vn 0.6844 -0.7100 0.1655
vn 0.6370 -0.7098 0.3008
vn 0.6393 -0.7098 0.2958
vn 0.6752 -0.7098 0.2007
vn 0.6906 -0.7098 0.1389
vn 0.6908 -0.7098 0.1375
vn 0.7071 -0.7072 0.0002
vn 0.7070 -0.7072 0.0002
vn 0.6907 -0.7098 -0.1381
vn 0.6905 -0.7098 -0.1392
vn 0.6752 -0.7098 -0.2006
vn 0.6754 -0.7098 -0.2000
vn 0.6387 -0.7098 -0.2971
vn 0.6387 -0.7098 -0.2970
vn 0.6840 -0.7112 -0.1621
vn 0.6398 -0.7230 0.2607
vn 0.7044 -0.7097 -0.0130
vn 0.6267 -0.7097 0.3217
vn 0.5860 -0.7337 0.3439
vn 0.6827 -0.7098 0.1736
vn 0.6981 -0.7106 -0.0880
vn 0.5178 -0.7098 -0.4776
vn 0.4455 -0.7098 -0.5456
vn 0.4456 -0.7098 -0.5456
vn 0.3636 -0.7098 -0.6033
vn 0.3635 -0.7098 -0.6033
vn 0.2834 -0.7098 -0.6449
vn 0.1850 -0.7098 -0.6797
vn 0.1894 -0.7098 -0.6785
vn 0.1449 -0.7174 -0.6814
vn 0.1510 -0.7263 -0.6706
vn 0.0258 0.9996 0.0086
vn -0.1983 0.9306 0.3077
vn 0.0134 0.9999 0.0044
vn -0.0086 0.8865 0.4626
vn -0.0379 0.8431 0.5364
vn -0.0857 0.8429 0.5312
vn 0.0826 0.7833 0.6161
vn 0.0068 0.6157 0.7879
vn -0.2558 0.8645 0.4327
vn -0.1504 0.8854 0.4398
vn 0.0440 0.9988 0.0192
vn 0.0183 0.9998 0.0026
vn -0.1479 0.8432 0.5169
vn 0.0366 0.9992 0.0153
vn -0.0208 0.9998 0.0014
vn -0.2054 0.8815 0.4252
vn -0.0275 0.9690 0.2454
vn -0.0233 0.9920 0.1242
vn -0.1935 0.8432 0.5016
vn -0.2488 0.8431 0.4767
vn -0.1935 0.9263 0.3234
vn -0.2887 0.8511 0.4384
vn -0.2377 0.9231 0.3023
vn -0.3072 0.8919 0.3319
vn -0.3419 0.8439 0.4135
vn -0.3667 0.8329 0.4145
vn -0.4551 0.5293 0.7160
vn 0.9068 -0.0039 -0.4216
vn 0.8460 0.0039 -0.5332
vn 0.9013 -0.0039 -0.4333
vn 0.8444 -0.0239 -0.5352
vn 0.7973 -0.0075 -0.6036
vn 0.9750 0.0138 -0.2216
vn 0.8025 -0.0054 -0.5966
vn 0.7837 -0.0041 -0.6211
vn 0.7288 -0.0008 -0.6847
vn 0.9524 0.0039 -0.3049
vn 0.9490 -0.0039 -0.3153
vn 0.9827 0.0071 0.1851
vn 0.9948 -0.0047 0.1019
vn 0.9242 -0.0117 0.3817
vn 0.8625 0.0118 0.5059
vn 0.7168 -0.0039 0.6972
vn 0.6333 0.0040 0.7739
vn 0.7724 -0.0118 -0.6350
vn 0.7117 -0.0039 -0.7024
vn 0.6497 0.0108 -0.7601
vn 0.6687 -0.0039 -0.7435
vn 0.5856 -0.0013 -0.8106
vn 0.6262 -0.0278 -0.7792
vn 0.5446 -0.0213 -0.8384
vn 0.4877 -0.0042 -0.8730
vn 0.5003 -0.0035 -0.8659
vn 0.4579 -0.0071 -0.8890
vn 0.4719 -0.0118 -0.8816
vn 0.4182 -0.0117 -0.9083
vn 0.3648 -0.0107 -0.9310
vn 0.3552 -0.0039 -0.9348
vn 0.2683 0.0119 -0.9633
vn 0.3070 -0.0118 -0.9516
vn 0.2063 -0.0040 -0.9785
vn 0.2529 -0.0431 -0.9665
vn 0.1689 -0.0118 -0.9856
vn 0.1685 0.0027 -0.9857
vn 0.1187 0.0013 -0.9929
vn 0.1035 0.0055 -0.9946
vn 0.3540 -0.0032 -0.9352
vn 0.4798 -0.0063 -0.8774
vn 0.5244 0.0040 -0.8515
vn 0.0598 -0.0039 -0.9982
vn 0.0627 -0.0051 -0.9980
vn 0.0406 -0.0263 -0.9988
vn 0.0385 -0.0008 -0.9993
vn 0.0461 -0.0357 -0.9983
vn 0.7239 0.0301 -0.6892
vn 0.7124 0.0031 -0.7018
vn 0.8742 -0.0025 -0.4856
vn 0.8373 0.0076 -0.5467
vn 0.1944 -0.6868 -0.7004
vn 0.2120 -0.6800 -0.7019
vn 0.1886 -0.6873 -0.7015
vn 0.2164 -0.6787 -0.7018
vn 0.1770 -0.6877 -0.7041
vn 0.2257 -0.6795 -0.6982
vn 0.2289 -0.6771 -0.6994
vn 0.1666 -0.6871 -0.7072
vn 0.1469 -0.6840 -0.7146
vn 0.1506 -0.6932 -0.7048
vn 0.1434 -0.6902 -0.7093
vn 0.1480 -0.6967 -0.7020
vn 0.1472 -0.6910 -0.7078
vn 0.2316 -0.6739 -0.7016
vn 0.2610 -0.6757 -0.6894
vn 0.3864 -0.7038 -0.5961
vn 0.2823 -0.6890 -0.6675
vn 0.5077 -0.7303 -0.4571
vn 0.5005 -0.7422 -0.4457
vn -0.9691 -0.0039 0.2468
vn -0.9876 0.0047 0.1569
vn -0.9812 0.0311 0.1902
vn -0.9607 0.0043 0.2775
vn -0.9565 -0.0057 0.2916
vn -0.9461 -0.0081 0.3237
vn -0.9516 0.0132 0.3070
vn -0.9849 0.0163 0.1722
vn -0.9530 0.0164 0.3025
vn -0.9554 0.0195 0.2947
vn -0.9859 0.0367 0.1630
vn -0.9941 -0.0013 0.1082
vn -0.9962 0.0102 0.0869
vn -0.9967 0.0087 -0.0802
vn -0.9897 0.0039 -0.1432
vn -0.9952 -0.0034 -0.0977
vn -0.9867 0.0345 -0.1589
vn -0.9833 0.0118 -0.1817
vn -0.9834 0.0168 -0.1805
vn -0.9714 0.0039 -0.2375
vn -0.9665 0.0078 -0.2567
vn -0.9540 0.0132 -0.2996
vn -0.9535 0.0006 -0.3015
vn -0.9459 -0.0098 -0.3244
vn -0.9469 -0.0179 -0.3211
vn -0.9441 0.0070 -0.3296
vn -0.9414 -0.0068 -0.3373
vn -0.0600 -0.0039 0.9982
vn -0.0404 -0.0267 0.9988
vn -0.0636 -0.0047 0.9980
vn -0.0386 -0.0006 0.9993
vn -0.0464 -0.0367 0.9982
vn -0.1039 0.0063 0.9946
vn -0.3539 -0.0032 0.9353
vn -0.1687 0.0046 0.9857
vn -0.1209 0.0033 0.9927
vn -0.1693 -0.0117 0.9855
vn -0.2065 -0.0040 0.9784
vn -0.2530 -0.0431 0.9665
vn -0.3069 -0.0118 0.9517
vn -0.2682 0.0119 0.9633
vn -0.3552 -0.0039 0.9348
vn -0.3648 -0.0107 0.9310
vn -0.4182 -0.0117 0.9083
vn -0.4578 -0.0071 0.8890
vn -0.4719 -0.0118 0.8816
vn -0.5003 -0.0035 0.8659
vn -0.4859 -0.0012 0.8740
vn -0.5234 0.0040 0.8521
vn -0.7226 0.0314 0.6905
vn -0.4877 -0.0043 0.8730
vn -0.5447 -0.0212 0.8384
vn -0.5856 -0.0013 0.8106
vn -0.6261 -0.0278 0.7792
vn -0.6687 -0.0039 0.7435
vn -0.6497 0.0108 0.7601
vn -0.7117 -0.0039 0.7025
vn -0.7288 -0.0008 0.6847
vn -0.7726 -0.0118 0.6348
vn -0.7834 -0.0041 0.6215
vn -0.7993 -0.0084 0.6009
vn -0.8022 -0.0055 0.5970
vn -0.9752 0.0139 0.2207
vn -0.8442 -0.0206 0.5356
vn -0.8489 -0.0039 0.5285
vn -0.9028 0.0039 0.4301
vn -0.9082 0.0039 0.4186
vn -0.9472 0.0039 0.3206
vn -0.9507 0.0039 0.3100
vn -0.9835 0.0054 -0.1809
vn -0.9979 -0.0037 0.0654
vn -0.9903 -0.0097 0.1383
vn -0.9959 0.0285 0.0856
vn -0.9504 -0.0221 -0.3103
vn -0.8581 -0.0288 -0.5127
vn -0.7959 -0.0009 -0.6054
vn -0.6975 -0.0265 -0.7161
vn -0.6030 -0.0026 -0.7978
vn -0.6088 -0.0030 -0.7933
vn -0.6093 0.0021 -0.7929
vn -0.8432 0.0170 -0.5373
vn -0.9318 -0.0000 -0.3629
vn -0.9681 0.0064 -0.2505
vn -0.9882 -0.0118 -0.1526
vn -0.8638 0.0118 -0.5036
vn -0.7957 -0.0118 -0.6056
vn -0.6343 0.0040 -0.7731
vn -0.5605 -0.0039 -0.8282
vn -0.2981 -0.0040 -0.9545
vn -0.2989 0.0056 -0.9543
vn -0.2945 -0.0043 -0.9556
vn -0.2955 -0.0028 -0.9553
vn 0.2299 -0.7099 0.6657
vn 0.3072 -0.7098 0.6339
vn 0.2270 -0.7121 0.6643
vn 0.3076 -0.7098 0.6337
vn 0.3930 -0.7098 0.5846
vn 0.3908 -0.7098 0.5860
vn 0.4601 -0.7098 0.5334
vn 0.4657 -0.7097 0.5285
vn 0.4819 -0.7180 0.5023
vn 0.4693 -0.7213 0.5093
vn 0.1918 -0.7140 0.6734
vn -0.0019 0.0019 -1.0000
vn -0.0131 0.0108 -0.9999
vn -0.0063 0.0028 -1.0000
vn -0.1479 0.0044 -0.9890
vn -0.0001 -0.0055 -1.0000
vn -0.0589 0.0159 -0.9981
vn -0.2780 0.0149 -0.9605
vn -0.0049 -0.0005 -1.0000
vn -0.0002 0.0056 -1.0000
vn -0.3393 0.0034 -0.9407
vn -0.6390 0.0136 -0.7691
vn -0.7642 0.0039 -0.6449
vn -0.9404 0.0075 -0.3400
vn -0.9877 0.0038 -0.1563
vn -0.9961 -0.0464 0.0753
vn -0.9887 -0.0038 0.1501
vn -0.9294 -0.0040 0.3690
vn -0.9451 -0.0369 0.3246
vn -0.9227 -0.0105 0.3854
vn -0.9720 -0.0196 0.2341
vn -0.9635 0.0118 0.2676
vn -0.9876 -0.0050 0.1567
vn -0.9973 0.0040 0.0729
vn -0.9982 -0.0039 -0.0593
vn -0.9882 -0.0037 -0.1530
vn -0.9132 0.0044 0.4076
vn -0.9714 -0.0039 -0.2375
vn -0.9619 -0.0118 -0.2731
vn -0.9378 -0.0284 -0.3461
vn -0.9911 -0.0042 -0.1328
vn -0.9192 0.0115 -0.3937
vn -0.9348 0.0940 -0.3426
vn -0.8719 0.0118 -0.4896
vn -0.9068 -0.0363 -0.4200
vn -0.8813 0.0195 -0.4722
vn -0.9858 -0.0016 0.1679
vn -0.9661 -0.0037 0.2580
vn -0.7854 0.0259 0.6184
vn -0.8174 -0.0040 0.5761
vn -0.8287 0.0432 -0.5581
vn -0.7815 0.0353 -0.6230
vn -0.7673 0.0118 -0.6412
vn -0.5204 0.0028 0.8539
vn -0.5412 -0.0039 0.8409
vn -0.2983 -0.0040 0.9544
vn -0.3096 -0.0052 0.9509
vn -0.0002 0.0056 1.0000
vn 0.0042 -0.0037 1.0000
vn -0.0060 -0.0007 1.0000
vn 0.0023 -0.0064 1.0000
vn -0.0021 -0.0032 1.0000
vn -0.7212 0.0431 -0.6914
vn -0.6336 0.0275 -0.7732
vn -0.6390 0.0118 -0.7691
vn -0.5916 0.0353 -0.8055
vn -0.5692 0.0667 -0.8195
vn -0.4911 0.0275 -0.8707
vn -0.5057 -0.0039 -0.8627
vn -0.4334 0.0353 -0.9005
vn -0.4146 0.0667 -0.9076
vn -0.3445 0.0196 -0.9386
vn -0.3726 0.0196 -0.9278
vn -0.2620 0.0510 -0.9637
vn -0.1277 0.0040 -0.9918
vn -0.1843 0.0492 -0.9816
vn -0.1012 0.0353 -0.9942
vn -0.1573 0.0798 -0.9843
vn -0.1000 0.0345 -0.9944
vn 0.0259 0.0118 -0.9996
vn 0.0146 0.0198 -0.9997
vn 0.0852 0.0353 -0.9957
vn 0.0913 0.0353 -0.9952
vn 0.1674 0.0274 -0.9855
vn 0.1768 -0.0041 -0.9842
vn 0.2814 0.0274 -0.9592
vn 0.3778 0.0275 -0.9255
vn 0.3853 -0.0036 -0.9228
vn 0.4523 0.0509 -0.8904
vn 0.5112 0.0122 -0.8594
vn 0.5336 0.0196 -0.8455
vn 0.5694 0.0122 -0.8220
vn 0.5951 0.0482 -0.8022
vn 0.6621 0.0275 -0.7489
vn 0.6995 0.0288 -0.7140
vn 0.7899 0.0274 -0.6127
vn 0.7565 0.0274 -0.6534
vn 0.8340 0.0358 -0.5506
vn 0.8878 0.0195 -0.4598
vn 0.8721 0.0039 -0.4893
vn 0.9294 -0.0038 -0.3691
vn 0.9129 0.0046 -0.4080
vn 0.9226 -0.0097 -0.3857
vn 0.9451 -0.0369 -0.3247
vn 0.9887 -0.0038 -0.1496
vn 0.9720 -0.0196 -0.2342
vn 0.9634 0.0118 -0.2676
vn 0.9879 -0.0041 -0.1553
vn 0.9973 0.0040 -0.0731
vn 0.9883 -0.0038 0.1527
vn 0.9982 -0.0039 0.0592
vn 0.9714 -0.0039 0.2376
vn 0.9619 -0.0117 0.2730
vn 0.9378 -0.0284 0.3461
vn 0.9911 -0.0042 0.1328
vn 0.9227 -0.0123 0.3852
vn 0.9457 -0.0039 0.3251
vn 0.9162 -0.0075 0.4006
vn 0.8857 0.0272 0.4634
vn 0.8714 0.0117 0.4905
vn 0.9871 -0.0065 -0.1602
vn 0.9661 -0.0037 -0.2580
vn 0.7866 0.0252 -0.6170
vn 0.8174 -0.0040 -0.5761
vn 0.5202 0.0028 -0.8540
vn 0.5412 -0.0039 -0.8409
vn 0.2980 -0.0039 -0.9545
vn 0.3096 -0.0052 -0.9509
vn 0.0004 0.0055 -1.0000
vn -0.0042 -0.0037 -1.0000
vn 0.0056 0.0003 -1.0000
vn -0.0002 -0.0056 -1.0000
vn -0.0056 -0.0002 -1.0000
vn 0.8279 0.0510 0.5586
vn 0.7808 0.0353 0.6237
vn 0.7721 0.0039 0.6355
vn 0.7145 0.0431 0.6983
vn 0.6337 0.0275 0.7731
vn 0.6391 0.0117 0.7691
vn 0.5916 0.0353 0.8055
vn 0.5692 0.0668 0.8195
vn 0.4910 0.0275 0.8707
vn 0.5057 -0.0039 0.8627
vn 0.4334 0.0353 0.9005
vn 0.4146 0.0666 0.9075
vn 0.3444 0.0196 0.9386
vn 0.3726 0.0196 0.9278
vn 0.2620 0.0510 0.9637
vn 0.1279 0.0040 0.9918
vn 0.1843 0.0491 0.9817
vn 0.1011 0.0353 0.9943
vn 0.1572 0.0797 0.9844
vn 0.0999 0.0345 0.9944
vn -0.0260 0.0118 0.9996
vn -0.0147 0.0198 0.9997
vn -0.0853 0.0353 0.9957
vn -0.0913 0.0353 0.9952
vn -0.1673 0.0274 0.9855
vn -0.1768 -0.0041 0.9842
vn -0.2817 0.0275 0.9591
vn -0.3778 0.0274 0.9255
vn -0.3848 -0.0036 0.9230
vn -0.4518 0.0509 0.8907
vn -0.5116 0.0122 0.8592
vn -0.5337 0.0196 0.8454
vn -0.5686 0.0118 0.8225
vn -0.5947 0.0480 0.8025
vn -0.6622 0.0275 0.7488
vn -0.6995 0.0288 0.7140
vn -0.7899 0.0275 0.6127
vn -0.7565 0.0275 0.6534
vn -0.8340 0.0358 0.5506
vn -0.8877 0.0195 0.4599
vn -0.8721 0.0039 0.4893
vn 0.5778 0.6783 -0.4540
vn 0.5827 0.6785 -0.4474
vn 0.5332 0.6781 -0.5058
vn 0.6252 0.6783 -0.3861
vn 0.5307 0.6789 -0.5074
vn 0.5095 0.6804 -0.5267
vn 0.5126 0.6770 -0.5281
vn 0.6326 0.6780 -0.3744
vn 0.6432 0.6923 -0.3271
vn 0.6431 0.6863 -0.3399
vn 0.6440 0.6924 -0.3254
vn 0.6875 0.6236 -0.3722
vn 0.7157 0.5666 -0.4083
vn 0.5208 0.6794 -0.5169
vn 0.7677 0.5094 -0.3889
vn -0.2562 0.7255 0.6387
vn -0.2020 0.7255 0.6579
vn -0.2633 0.7255 0.6359
vn -0.3811 0.6277 0.6788
vn -0.2834 0.7495 0.5982
vn -0.3072 0.6732 0.6726
vn 0.0322 0.8079 0.5884
vn 0.1083 0.7399 0.6639
vn 0.0665 0.7333 0.6767
vn 0.0058 0.7335 0.6796
vn -0.0288 0.7412 0.6706
vn -0.0724 0.7255 0.6844
vn -0.1144 0.7493 0.6523
vn -0.0769 0.7581 0.6476
vn -0.2230 0.7653 0.6038
vn -0.1666 0.7566 0.6323
vn -0.4168 0.7617 0.4961
vn -0.2191 0.7570 0.6156
vn -0.2504 0.7570 0.6035
vn -0.3860 0.3326 0.8605
vn -0.3451 0.2251 0.9112
vn -0.5141 0.7568 0.4036
vn -0.5263 0.7022 0.4795
vn -0.4638 0.7565 0.4610
vn -0.4575 0.7250 0.5149
vn -0.4067 0.7408 0.5346
vn -0.4093 0.7408 0.5326
vn -0.3419 0.7493 0.5672
vn -0.3233 0.7412 0.5883
vn -0.2708 0.7411 0.6144
vn -0.2819 0.7409 0.6096
vn -0.1940 0.7334 0.6516
vn -0.2305 0.7175 0.6573
vn -0.1410 0.8823 0.4490
vn -0.1779 0.6784 0.7128
vn -0.1441 0.7548 0.6400
vn -0.3028 0.9003 0.3126
vn -0.4142 0.9100 -0.0153
vn -0.0298 0.9925 -0.1183
vn -0.4069 0.8792 -0.2478
vn 0.0300 0.9926 -0.1178
vn 0.0401 0.9921 -0.1185
vn 0.0435 0.9918 -0.1200
vn 0.0388 0.9922 -0.1185
vn 0.0379 0.9920 -0.1203
vn 0.0421 0.9921 -0.1179
vn 0.0364 0.9919 -0.1219
vn 0.0361 0.9918 -0.1223
vn 0.0367 0.9917 -0.1230
vn 0.0344 0.9907 -0.1318
vn 0.0358 0.9914 -0.1261
vn 0.0795 0.9842 -0.1582
vn 0.0687 0.9848 -0.1594
vn 0.0879 0.9845 -0.1515
vn 0.0973 0.9824 -0.1595
vn 0.0368 0.9917 -0.1233
vn 0.1250 0.9766 -0.1750
vn 0.4358 0.8880 0.1467
vn 0.3183 0.9263 -0.2017
vn 0.0755 0.8248 -0.5604
vn 0.0868 0.9845 -0.1524
vn 0.2796 0.8909 -0.3579
vn 0.3054 0.8904 -0.3374
vn 0.1528 0.8286 -0.5386
vn 0.0298 0.7416 -0.6702
vn 0.0148 0.7481 -0.6634
vn 0.0049 0.7483 -0.6633
vn 0.0843 0.9846 -0.1534
vn 0.0699 0.9840 -0.1636
vn -0.0642 0.9976 0.0250
vn 0.1044 0.9697 -0.2208
vn 0.1521 0.9612 -0.2303
vn 0.1795 0.9837 0.0055
vn 0.4439 0.8933 0.0706
vn 0.3540 0.8835 -0.3068
vn 0.4389 0.8920 0.1080
vn 0.4877 0.8659 0.1113
vn 0.4881 0.8659 0.1091
vn 0.0234 0.9751 -0.2204
vn -0.0290 0.7498 -0.6611
vn -0.0571 0.7489 -0.6602
vn -0.1301 0.8120 -0.5689
vn -0.1750 0.8692 -0.4624
vn -0.2133 0.9446 -0.2494
vn -0.3855 0.9018 0.1954
vn -0.3075 0.8275 0.4698
vn -0.3153 0.8435 0.4348
vn -0.3491 0.8355 0.4243
vn -0.3080 0.9511 0.0240
vn -0.3616 0.8437 0.3967
vn -0.4024 0.8256 0.3955
vn -0.4061 0.8221 0.3990
vn -0.0733 0.7513 -0.6559
vn -0.5301 0.0039 -0.8479
vn -0.4810 0.0023 -0.8767
vn -0.4835 0.0025 -0.8753
vn -0.5206 0.0039 -0.8538
vn -0.6076 -0.0039 -0.7942
vn -0.6197 0.0039 -0.7848
vn -0.6506 0.0008 -0.7594
vn -0.6530 -0.0039 -0.7574
vn -0.2419 0.0039 -0.9703
vn -0.2679 0.0026 -0.9635
vn -0.3201 0.0050 -0.9474
vn -0.2905 -0.0118 -0.9568
vn -0.2105 0.0053 -0.9776
vn -0.1669 -0.0118 -0.9859
vn -0.1127 -0.0039 -0.9936
vn -0.3740 0.0118 -0.9273
vn -0.4032 0.0223 -0.9148
vn -0.4421 -0.0221 -0.8967
vn -0.4838 -0.0513 -0.8737
vn -0.5373 -0.0754 -0.8400
vn -0.1873 0.0254 -0.9820
vn -0.1263 0.0011 -0.9920
vn 0.0678 0.1581 -0.9851
vn -0.0427 -0.0039 -0.9991
vn -0.0622 0.0039 -0.9981
vn -0.0374 -0.0018 -0.9993
vn -0.0362 -0.0187 -0.9992
vn -0.0357 -0.0208 -0.9991
vn -0.4371 0.6237 -0.6481
vn -0.4223 0.6232 -0.6583
vn -0.4669 0.6309 -0.6197
vn -0.4697 0.6310 -0.6174
vn -0.3972 0.6158 -0.6805
vn -0.3699 0.6185 -0.6932
vn -0.5055 0.6387 -0.5802
vn -0.5013 0.6311 -0.5920
vn -0.6756 0.6610 -0.3265
vn -0.6816 0.6907 -0.2416
vn -0.6556 0.7469 -0.1110
vn -0.7012 0.7020 0.1245
vn -0.3564 0.6152 -0.7032
vn -0.3414 0.6156 -0.7103
vn -0.2677 0.6554 -0.7063
vn -0.0080 0.8433 -0.5374
vn -0.6370 0.7640 0.1023
vn -0.5841 0.7333 0.3481
vn -0.5415 0.6668 0.5121
vn -0.4525 0.6579 0.6019
vn -0.4518 0.6587 0.6017
vn -0.4563 0.6618 0.5948
vn 0.0341 0.9994 -0.0010
vn 0.0024 1.0000 -0.0006
vn 0.0199 0.9998 -0.0003
vn 0.0623 0.9980 -0.0108
vn 0.0758 0.9967 -0.0275
vn 0.0327 0.9995 -0.0031
vn 0.0743 0.9968 -0.0300
vn 0.0453 0.9989 -0.0072
vn 0.0758 0.9965 -0.0355
vn 0.0725 0.9967 -0.0376
vn 0.0669 0.9971 -0.0365
vn 0.0488 0.9987 -0.0127
vn 0.0168 0.9999 -0.0009
vn -0.0013 0.9982 -0.0607
vn 0.0625 0.9961 -0.0619
vn 0.0003 0.0003 1.0000
vn 0.0103 0.0055 0.9999
vn 0.0046 0.0036 1.0000
vn 0.1485 0.0044 0.9889
vn 0.0001 -0.0055 1.0000
vn 0.0589 0.0159 0.9981
vn 0.2782 0.0150 0.9604
vn 0.0049 -0.0005 1.0000
vn 0.0002 0.0056 1.0000
vn 0.3399 0.0034 0.9405
vn 0.6391 0.0135 0.7690
vn 0.7635 0.0039 0.6458
vn 0.9404 0.0075 0.3400
vn 0.9874 0.0038 0.1580
vn 0.9961 -0.0464 -0.0753
vn -0.5882 0.6864 -0.4276
vn -0.5378 0.6708 -0.5107
vn -0.5817 0.6863 -0.4365
vn -0.5483 0.6626 -0.5101
vn -0.6373 0.6863 -0.3504
vn -0.4861 0.6861 -0.5412
vn -0.5673 0.4819 -0.6678
vn -0.4711 0.6711 -0.5725
vn -0.4954 0.6590 -0.5660
vn -0.5077 0.6862 -0.5209
vn -0.5204 0.6893 -0.5040
vn -0.5642 0.3617 -0.7422
vn -0.6387 0.6392 -0.4283
vn -0.6436 0.6867 -0.3379
vn -0.6785 0.6625 -0.3173
vn -0.6772 0.6635 -0.3180
vn -0.1257 -0.0039 -0.9921
vn -0.4968 -0.0060 -0.8679
vn -0.1289 -0.0052 -0.9916
vn -0.1659 -0.0120 -0.9861
vn -0.6197 0.1039 -0.7779
vn -0.7692 -0.0039 -0.6390
vn -0.8728 0.0197 -0.4876
vn -0.9964 -0.0037 -0.0851
vn -0.0849 -0.0044 -0.9964
vn -0.0749 -0.0042 -0.9972
vn -0.0690 -0.0014 -0.9976
vn -0.9915 -0.0531 -0.1188
vn -0.8329 0.1049 0.5433
vn -0.9024 -0.0041 0.4308
vn -0.7586 0.1935 0.6221
vn -0.8225 0.0048 0.5687
vn -0.7244 0.2248 0.6517
vn -0.0038 -0.0040 -1.0000
vn -0.0064 -0.2855 -0.9584
vn -0.0038 -0.2786 -0.9604
vn -0.0041 0.0037 -1.0000
vn -0.0079 -0.4515 -0.8922
vn 0.0018 -0.4264 -0.9045
vn -0.0049 -0.6515 -0.7586
vn 0.0024 -0.6265 -0.7795
vn -0.0039 -0.8115 -0.5844
vn 0.0028 -0.7849 -0.6196
vn -0.0021 -0.9268 -0.3756
vn 0.0009 -0.9049 -0.4256
vn 0.0070 -0.9732 -0.2300
vn -0.0865 -0.9615 0.2608
vn -0.0766 -0.9685 0.2371
vn -0.0142 -0.8965 0.4429
vn 0.0004 -0.9244 0.3813
vn -0.0033 -0.7830 0.6220
vn 0.0028 -0.8090 0.5878
vn -0.0027 -0.6242 0.7813
vn 0.0047 -0.6504 0.7596
vn -0.0019 -0.4262 0.9046
vn 0.0079 -0.4517 0.8921
vn 0.0039 -0.2806 0.9598
vn 0.0064 -0.2857 0.9583
vn 0.0037 -0.0041 1.0000
vn 0.0041 0.0037 1.0000
vn -0.0037 -1.0000 -0.0013
vn 0.0036 -1.0000 0.0015
vn -0.0005 -1.0000 -0.0038
vn -0.0035 -1.0000 -0.0017
vn -0.0032 -1.0000 -0.0022
vn 0.0012 -1.0000 -0.0071
vn 0.0023 -1.0000 0.0031
vn -0.0030 -1.0000 -0.0025
vn 0.0024 -1.0000 0.0007
vn 0.0042 -1.0000 0.0056
vn 0.0034 -1.0000 0.0018
vn 0.0004 -1.0000 -0.0040
vn 0.0037 -1.0000 -0.0013
vn -0.0031 -1.0000 0.0017
vn -0.0033 -1.0000 0.0000
vn -0.0027 -1.0000 0.0021
vn 0.0002 -1.0000 0.0015
vn 0.0035 -1.0000 -0.0081
vn 0.1571 -0.9657 0.2065
vn -0.0023 -1.0000 0.0030
vn 0.0027 -1.0000 -0.0031
vn 0.0030 -1.0000 -0.0004
vn 0.1315 -0.9560 0.2622
vn 0.0021 -1.0000 -0.0028
vn 0.0038 -1.0000 0.0005
vn -0.0027 -1.0000 0.0026
vn -0.0017 -1.0000 0.0034
vn -0.0011 -1.0000 0.0039
vn -0.0009 -1.0000 0.0038
vn 0.0029 -1.0000 0.0024
vn 0.0007 -1.0000 0.0033
vn 0.0038 -1.0000 -0.0014
vn 0.0022 -1.0000 -0.0031
vn -0.0034 -1.0000 0.0012
vn -0.0037 -1.0000 0.0013
vn 0.9893 0.0039 0.1459
vn 0.9715 0.0039 0.2369
vn 0.9836 0.0159 0.1797
vn 0.9665 0.0076 0.2566
vn 0.9539 0.0134 0.3000
vn 0.9863 0.0358 0.1608
vn 0.9954 -0.0038 0.0958
vn 0.9967 0.0087 0.0808
vn 0.9884 0.0039 -0.1517
vn 0.9963 0.0092 -0.0850
vn 0.9957 -0.0041 -0.0925
vn 0.9534 0.0012 0.3017
vn 0.9459 -0.0099 0.3244
vn 0.9469 -0.0179 0.3211
vn 0.9441 0.0070 0.3296
vn 0.9414 -0.0068 0.3373
vn 0.9886 0.0248 -0.1483
vn 0.9897 0.0118 -0.1427
vn 0.9848 0.0094 -0.1737
vn 0.9788 -0.0027 -0.2048
vn 0.9782 -0.0039 -0.2076
vn 0.9607 0.0044 -0.2776
vn 0.9565 -0.0057 -0.2915
vn 0.9461 -0.0081 -0.3237
vn 0.9464 -0.0054 -0.3229
vn 0.9529 0.0137 -0.3030
vn 0.9487 0.0121 -0.3160
vn 0.3112 0.5299 -0.7889
vn 0.3125 0.5309 -0.7877
vn 0.2790 0.6527 -0.7044
vn 0.2699 0.7081 -0.6525
vn 0.2374 0.7794 -0.5798
vn 0.3165 0.3886 -0.8653
vn 0.2339 0.7711 -0.5922
vn 0.1772 0.8941 -0.4113
vn 0.1618 0.8370 -0.5228
vn 0.3427 0.4731 -0.8116
vn 0.3445 0.1659 -0.9240
vn 0.3663 0.2440 -0.8979
vn 0.3628 0.0943 -0.9271
vn 0.3631 0.0964 -0.9267
vn 0.3698 0.0005 -0.9291
vn 0.3622 -0.0004 -0.9321
vn 0.1164 0.9479 -0.2965
vn 0.0942 0.9748 -0.2021
vn 0.0468 0.9807 -0.1897
vn 0.0247 0.9965 -0.0799
vn 0.0039 1.0000 0.0008
vn 0.0072 0.9984 0.0569
vn 0.0189 0.9972 0.0721
vn 0.0526 0.9908 0.1250
vn 0.0526 0.9915 0.1192
vn 0.1049 0.9550 0.2776
vn 0.1141 0.9522 0.2833
vn 0.1682 0.8913 0.4211
vn 0.1569 0.9008 0.4048
vn 0.2190 0.8200 0.5288
vn 0.2123 0.8230 0.5268
vn 0.2460 0.7225 0.6462
vn 0.2697 0.7170 0.6428
vn 0.2902 0.6287 0.7215
vn 0.3131 0.5374 0.7831
vn 0.3397 0.4262 0.8385
vn 0.3266 0.4281 0.8426
vn 0.3594 0.3023 0.8829
vn 0.3818 0.2397 0.8926
vn 0.3713 0.1679 0.9132
vn 0.3714 0.0887 0.9242
vn 0.3639 0.0708 0.9288
vn 0.3624 -0.0004 0.9320
vn 0.3639 -0.0034 0.9314
vn 0.4968 -0.0059 0.8679
vn 0.1660 -0.0120 0.9861
vn 0.1289 -0.0052 0.9916
vn 0.1257 -0.0039 0.9921
vn 0.6200 0.1040 0.7777
vn 0.7684 -0.0039 0.6400
vn 0.8728 0.0196 0.4877
vn 0.9962 -0.0037 0.0870
vn 0.0849 -0.0044 0.9964
vn 0.0749 -0.0042 0.9972
vn 0.0690 -0.0014 0.9976
vn 0.9915 -0.0531 0.1188
vn 0.8329 0.1049 -0.5433
vn 0.9030 -0.0041 -0.4297
vn 0.7586 0.1935 -0.6221
vn 0.8228 0.0043 -0.5683
vn 0.7244 0.2248 -0.6517
vn -0.9012 -0.0196 0.4330
vn -0.8673 -0.0118 0.4976
vn -0.9050 -0.0196 0.4249
vn -0.8761 -0.0039 0.4822
vn -0.8427 -0.0117 0.5383
vn -0.7394 -0.0118 0.6731
vn -0.7996 -0.0118 0.6005
vn -0.9244 -0.0040 0.3814
vn -0.7490 -0.0118 0.6624
vn -0.7621 -0.0118 0.6473
vn -0.7108 -0.0118 0.7033
vn -0.6365 -0.0118 0.7712
vn -0.9106 0.0040 0.4134
vn -0.9376 -0.0028 0.3476
vn -0.9390 -0.0011 0.3438
vn -0.6537 -0.0118 0.7567
vn -0.6672 -0.0118 0.7448
vn -0.6200 -0.0118 0.7845
vn -0.5858 -0.0196 0.8102
vn -0.5540 -0.0039 0.8325
vn -0.5079 -0.0117 0.8613
vn -0.4653 -0.0118 0.8851
vn -0.4490 -0.0118 0.8934
vn -0.3434 -0.0196 0.9390
vn -0.3923 -0.0196 0.9196
vn -0.3198 -0.0039 0.9475
vn -0.2623 -0.0118 0.9649
vn -0.2091 -0.0118 0.9778
vn -0.1926 0.0039 0.9813
vn 0.1012 -0.0045 0.9949
vn 0.1364 0.0250 0.9903
vn 0.3616 -0.0040 0.9323
vn 0.4763 0.0037 0.8793
vn 0.7887 -0.0038 0.6148
vn 0.8643 0.0061 0.5030
vn 0.9514 -0.0039 0.3079
vn 0.8483 0.5195 -0.1024
vn 0.9989 -0.0035 -0.0478
vn 0.7802 0.3933 -0.4864
vn 0.8783 -0.0010 -0.4781
vn 0.8411 0.0043 -0.5409
vn 0.7552 -0.0374 -0.6544
vn 0.7330 -0.0045 -0.6802
vn 0.7217 0.0114 -0.6922
vn 0.7535 0.6557 -0.0475
vn 0.6276 0.5447 -0.5562
vn 0.6106 0.6233 -0.4886
vn 0.6843 0.6766 0.2721
vn 0.6864 0.6559 0.3139
vn 0.5948 0.6451 0.4796
vn 0.7598 -0.0035 -0.6501
vn 0.6430 0.5926 -0.4851
vn 0.6478 0.5999 -0.4695
vn 0.6471 0.6383 -0.4169
vn 0.6911 0.5778 -0.4342
vn 0.6952 0.6145 -0.3728
vn 0.6932 0.6158 -0.3746
vn 0.7223 0.5915 -0.3582
vn 0.7527 0.0043 -0.6583
vn 0.7938 -0.0045 -0.6082
vn 0.7942 0.0041 -0.6076
vn 0.8275 0.0030 -0.5615
vn 0.8254 0.0041 -0.5645
vn 0.8504 -0.0028 -0.5262
vn 0.8499 0.0040 -0.5270
vn 0.8753 -0.0077 -0.4835
vn 0.7389 0.5757 -0.3501
vn 0.6999 0.6394 -0.3182
vn 0.6948 0.6560 -0.2947
vn 0.7386 0.6118 -0.2831
vn 0.7469 0.6014 -0.2837
vn 0.8775 0.0103 -0.4796
vn 0.8892 -0.0016 -0.4574
vn 0.8916 0.0205 -0.4524
vn 0.9074 -0.0435 -0.4181
vn 0.9225 0.0412 -0.3838
vn 0.9188 0.0446 -0.3921
vn 0.9182 0.0353 -0.3946
vn 0.0019 1.0000 0.0018
vn -0.0038 1.0000 0.0000
vn 0.0011 1.0000 0.0034
vn 0.1369 0.9838 -0.1155
vn 0.0040 1.0000 0.0007
vn -0.0014 1.0000 0.0015
vn 0.0082 0.9998 0.0170
vn -0.0039 1.0000 0.0000
vn -0.0078 1.0000 -0.0027
vn 0.0007 1.0000 0.0030
vn 0.0009 0.9999 -0.0114
vn 0.0039 1.0000 -0.0006
vn 0.0038 1.0000 0.0003
vn 0.0022 1.0000 -0.0030
vn -0.0029 1.0000 -0.0023
vn -0.0003 1.0000 -0.0038
vn 0.0033 1.0000 -0.0021
vn 0.0036 1.0000 0.0013
vn 0.0978 0.9878 0.1214
vn -0.0023 1.0000 -0.0038
vn 0.0014 1.0000 -0.0036
vn 0.0039 1.0000 0.0001
vn -0.0028 1.0000 -0.0033
vn 0.0043 1.0000 -0.0024
vn -0.0035 1.0000 -0.0023
vn -0.0011 1.0000 -0.0024
vn -0.0032 1.0000 -0.0017
vn 0.0031 1.0000 -0.0018
vn 0.0045 0.9999 -0.0090
vn -0.0036 1.0000 -0.0039
vn 0.0031 1.0000 -0.0056
vn -0.0003 1.0000 -0.0090
vn -0.0033 1.0000 0.0078
vn -0.0117 0.9999 0.0000
vn -0.0003 1.0000 0.0033
vn -0.0035 1.0000 -0.0018
vn 0.0220 0.9995 0.0222
vn 0.0024 1.0000 -0.0020
vn -0.0030 1.0000 -0.0021
vn 0.0035 1.0000 -0.0016
vn -0.0036 1.0000 -0.0042
vn -0.0101 0.9999 0.0063
vn 0.0011 1.0000 -0.0039
vn -0.0027 1.0000 0.0026
vn 0.0009 1.0000 0.0037
vn 0.0022 1.0000 0.0014
vn -0.0006 1.0000 -0.0027
vn 0.0405 0.9992 0.0004
vn 0.0008 1.0000 -0.0045
vn 0.0013 1.0000 0.0037
vn -0.0003 1.0000 -0.0024
vn -0.0039 1.0000 0.0024
vn 0.0041 1.0000 -0.0004
vn 0.0039 -1.0000 -0.0000
vn -0.0037 -1.0000 0.0010
vn -0.0004 -1.0000 -0.0035
vn -0.0038 -1.0000 -0.0008
vn -0.0003 -1.0000 0.0034
vn -0.0001 -1.0000 0.0052
vn 0.0040 -1.0000 -0.0006
vn -0.0007 -1.0000 -0.0059
vn 0.0035 1.0000 0.0018
vn 0.0036 1.0000 0.0036
vn 0.0002 1.0000 0.0040
vn 0.0006 1.0000 0.0027
vn 0.0084 1.0000 -0.0035
vn 0.0035 1.0000 -0.0056
vn 0.0067 1.0000 -0.0058
vn -0.0173 0.9994 -0.0310
vn 0.0617 0.9930 -0.1007
vn -0.0023 1.0000 0.0035
vn -0.0014 1.0000 -0.0012
vn 0.0032 1.0000 0.0026
vn -0.0025 1.0000 0.0054
vn 0.0030 1.0000 0.0000
vn -0.0023 1.0000 0.0029
vn -0.0029 1.0000 0.0023
vn -0.0009 1.0000 0.0043
vn -0.0157 0.9987 -0.0486
vn 0.0041 1.0000 0.0001
vn -0.0011 1.0000 0.0039
vn -0.0041 1.0000 -0.0003
vn -0.0039 1.0000 -0.0006
vn -0.0010 1.0000 -0.0027
vn -0.0039 1.0000 0.0006
vn -0.0033 1.0000 0.0024
vn 0.0036 1.0000 0.0003
vn 0.0025 1.0000 0.0012
vn 0.0026 1.0000 0.0015
vn -0.0013 1.0000 -0.0021
vn 0.0039 1.0000 0.0002
vn -0.0034 1.0000 -0.0000
vn -0.0063 1.0000 -0.0016
vn -0.0007 1.0000 -0.0053
vn 0.0059 1.0000 0.0045
vn 0.0008 1.0000 -0.0008
vn -0.0044 1.0000 -0.0064
vn -0.0043 1.0000 -0.0019
vn 0.0037 1.0000 -0.0015
vn 0.0006 1.0000 0.0028
vn 0.0145 0.9998 0.0128
vn 0.0289 0.9989 0.0361
vn -0.0144 0.9999 -0.0017
vn -0.0030 1.0000 0.0012
vn -0.0011 1.0000 -0.0039
vn 0.0045 1.0000 0.0015
vn 0.0003 -1.0000 -0.0034
vn 0.0038 -1.0000 -0.0011
vn 0.0004 -1.0000 0.0035
vn 0.0001 -1.0000 -0.0052
vn -0.0040 -1.0000 0.0006
vn 0.0007 -1.0000 0.0059
vn 0.0022 -1.0000 0.0035
vn -0.0023 -1.0000 -0.0030
vn 0.0012 -1.0000 0.0035
vn 0.0006 -1.0000 0.0041
vn -0.0001 -1.0000 -0.0038
vn -0.0001 -1.0000 0.0039
vn 0.0006 -1.0000 -0.0039
vn -0.0006 -1.0000 -0.0042
vn -0.0002 -1.0000 -0.0037
vn -0.0012 -1.0000 0.0037
vn 0.0031 -1.0000 -0.0014
vn -0.0006 -1.0000 0.0038
vn 0.0124 -0.9999 0.0008
vn 0.0154 -0.9999 0.0027
vn -0.0042 -1.0000 -0.0056
vn -0.0034 -1.0000 -0.0018
vn 0.0032 -1.0000 0.0022
vn -0.0028 -1.0000 0.0028
vn 0.0039 -1.0000 -0.0001
vn 0.0037 -1.0000 -0.0009
vn 0.0025 -0.9999 -0.0120
vn -0.0010 -1.0000 0.0045
vn -0.0039 -1.0000 0.0013
vn 0.0028 -1.0000 -0.0016
vn 0.0036 -1.0000 -0.0024
vn 0.0021 -1.0000 -0.0024
vn 0.1528 -0.9859 -0.0688
vn 0.0041 -0.9999 -0.0133
vn -0.0005 -1.0000 -0.0040
vn 0.0037 -1.0000 -0.0011
vn 0.3800 -0.8940 0.2373
vn 0.3778 -0.8836 0.2765
vn -0.0041 -1.0000 -0.0039
vn -0.0032 -1.0000 0.0004
vn 0.0027 -1.0000 -0.0026
vn 0.0016 -1.0000 -0.0034
vn 0.0011 -1.0000 -0.0039
vn 0.0024 -1.0000 -0.0028
vn -0.0006 -0.9999 -0.0106
vn 0.0009 -1.0000 -0.0038
vn -0.0029 -1.0000 -0.0024
vn -0.0007 -1.0000 -0.0033
vn -0.0038 -1.0000 0.0017
vn -0.0020 -1.0000 0.0035
vn 0.0028 -1.0000 -0.0011
vn 0.0038 -1.0000 -0.0005
vn -0.3933 0.8846 0.2506
vn -0.4415 0.8589 0.2596
vn -0.4067 0.9047 0.1268
vn -0.4056 0.8665 0.2908
vn -0.4472 0.8666 0.2216
vn -0.4204 0.8932 0.1592
vn -0.4924 0.8528 0.1742
vn -0.4727 0.8634 0.1761
vn -0.3900 0.9147 0.1056
vn -0.3993 0.9132 0.0811
vn -0.4299 0.9018 0.0435
vn -0.4278 0.8972 0.1097
vn -0.3741 0.9213 0.1060
vn -0.3103 0.9375 0.1574
vn -0.3557 0.9209 0.1594
vn -0.2769 0.9536 0.1182
vn -0.3911 0.8745 0.2868
vn -0.4303 0.8957 0.1119
vn -0.4676 0.8821 0.0567
vn -0.4904 0.8690 0.0661
vn -0.5278 0.8491 0.0181
vn -0.4972 0.8630 0.0894
vn -0.5338 0.8440 0.0524
vn -0.5527 0.8334 0.0058
vn -0.5632 0.8258 -0.0297
vn -0.5703 0.8213 -0.0175
vn -0.5605 0.8274 0.0353
vn -0.5525 0.8315 0.0582
vn -0.5434 0.8391 -0.0246
vn -0.5627 0.8248 -0.0556
vn -0.4906 0.8692 -0.0616
vn -0.4929 0.8685 0.0517
vn -0.4829 0.8744 0.0475
vn -0.4534 0.8909 -0.0258
vn -0.4158 0.9081 -0.0500
vn -0.3945 0.9167 -0.0631
vn -0.3982 0.9172 -0.0156
vn -0.3859 0.9198 -0.0713
vn -0.3867 0.9203 -0.0600
vn -0.3801 0.9217 -0.0776
vn -0.3648 0.9273 -0.0840
vn -0.3139 0.9412 -0.1249
vn -0.3907 0.9106 -0.1347
vn -0.4315 0.8875 -0.1616
vn -0.4354 0.8823 -0.1786
vn -0.4565 0.7741 -0.4386
vn -0.7303 0.6181 -0.2909
vn -0.3537 0.9189 -0.1746
vn -0.3917 0.8980 -0.2004
vn -0.3607 0.9058 -0.2224
vn -0.3262 0.9251 -0.1942
vn -0.3331 0.9351 -0.1213
vn -0.3056 0.9429 -0.1325
vn -0.2662 0.9440 -0.1951
vn -0.2541 0.9368 -0.2404
vn -0.3261 0.8448 -0.4243
vn -0.3030 0.7802 -0.5472
vn -0.2999 0.7633 -0.5722
vn -0.3234 0.9136 -0.2466
vn -0.1085 0.8183 -0.5645
vn -0.1438 0.7484 -0.6475
vn 0.0489 0.7407 -0.6700
vn 0.0567 0.7407 -0.6695
vn 0.1180 0.7245 -0.6792
vn 0.1209 0.7177 -0.6858
vn 0.1517 0.7101 -0.6876
vn 0.1554 0.7087 -0.6882
vn -0.3173 0.9435 -0.0955
vn -0.7038 -0.7098 0.0303
vn -0.7063 -0.7045 0.0691
vn -0.7038 -0.7099 0.0273
vn -0.6665 -0.7404 0.0871
vn -0.7026 -0.7071 -0.0795
vn -0.7041 -0.7097 -0.0228
vn -0.7125 -0.6979 -0.0720
vn -0.6641 -0.7415 -0.0955
vn -0.0233 0.9752 0.2200
vn -0.0150 0.7481 0.6634
vn 0.0288 0.7498 0.6611
vn 0.0572 0.7489 0.6602
vn 0.1300 0.8119 0.5691
vn 0.0735 0.7514 0.6558
vn -0.0049 0.7483 0.6633
vn -0.0298 0.7416 0.6702
vn -0.0755 0.8248 0.5604
vn -0.1528 0.8286 0.5386
vn -0.2796 0.8909 0.3579
vn -0.3238 0.8942 0.3093
vn -0.4359 0.8880 -0.1463
vn -0.1251 0.9766 0.1750
vn -0.3055 0.8904 0.3374
vn -0.0869 0.9845 0.1524
vn -0.0843 0.9846 0.1534
vn -0.0699 0.9840 0.1636
vn 0.0647 0.9976 -0.0258
vn -0.1044 0.9697 0.2208
vn -0.1521 0.9612 0.2303
vn -0.3539 0.8835 0.3069
vn -0.1795 0.9837 -0.0055
vn -0.4438 0.8934 -0.0706
vn -0.4389 0.8920 -0.1079
vn -0.4877 0.8659 -0.1115
vn -0.4881 0.8660 -0.1091
vn 0.1750 0.8691 0.4626
vn 0.2133 0.9446 0.2494
vn 0.3855 0.9018 -0.1954
vn 0.3075 0.8275 -0.4698
vn 0.3154 0.8435 -0.4348
vn 0.3490 0.8355 -0.4244
vn 0.3080 0.9511 -0.0240
vn 0.3616 0.8437 -0.3968
vn 0.4024 0.8256 -0.3955
vn 0.4060 0.8224 -0.3986
vn -0.5294 0.8469 -0.0498
vn -0.2457 0.9684 0.0416
vn -0.3860 0.8819 0.2707
vn -0.3379 0.8952 0.2907
vn -0.3504 0.8904 0.2905
vn -0.0213 0.9996 0.0178
vn -0.0026 1.0000 0.0029
vn -0.0032 1.0000 0.0022
vn -0.0016 1.0000 -0.0035
vn 0.0027 1.0000 -0.0026
vn -0.0036 1.0000 -0.0017
vn 0.0032 1.0000 -0.0023
vn -0.0034 1.0000 -0.0018
vn -0.0016 1.0000 0.0036
vn 0.0034 1.0000 0.0019
vn 0.0008 1.0000 0.0038
vn -0.0238 0.9997 -0.0003
vn 0.0038 1.0000 -0.0010
vn 0.0032 1.0000 0.0022
vn 0.0028 1.0000 0.0027
vn 0.0026 1.0000 0.0028
vn 0.0035 1.0000 -0.0018
vn -0.0035 1.0000 0.0017
vn 0.3383 -0.7241 0.6010
vn 0.3757 -0.7098 0.5959
vn 0.3095 -0.7176 0.6240
vn 0.3706 -0.7098 0.5990
vn 0.4297 -0.7177 0.5480
vn 0.4171 -0.7255 0.5473
vn 0.4734 -0.6987 0.5364
vn 0.4747 -0.6957 0.5392
vn 0.3124 -0.7032 0.6386
vn 0.2712 -0.7087 0.6513
vn -0.5366 0.6941 -0.4798
vn -0.6182 0.7018 -0.3538
vn -0.5660 0.6867 -0.4563
vn -0.6112 0.6628 -0.4326
vn -0.6112 0.7176 -0.3339
vn -0.6231 0.7070 -0.3345
vn -0.6096 0.7289 -0.3116
vn -0.5921 0.7491 -0.2972
vn -0.5197 0.6627 -0.5392
vn -0.4774 0.6867 -0.5482
vn -0.4467 0.6941 -0.5645
vn -0.4187 0.6549 -0.6292
vn -0.3755 0.6865 -0.6227
vn -0.3384 0.6941 -0.6353
vn -0.2960 0.6548 -0.6954
vn -0.2528 0.6944 -0.6738
vn -0.2174 0.7017 -0.6785
vn -0.1764 0.7098 -0.6819
vn -0.1810 0.7104 -0.6801
vn -0.1641 0.7171 -0.6774
vn -0.1757 0.7259 -0.6650
vn 0.7949 -0.0005 0.6067
vn 0.6088 -0.0030 0.7933
vn 0.6093 0.0021 0.7929
vn 0.6031 -0.0026 0.7976
vn 0.6960 -0.0260 0.7176
vn 0.8556 -0.0195 0.5173
vn 0.9489 -0.0208 0.3149
vn 0.9965 0.0269 -0.0785
vn 0.9907 -0.0084 -0.1355
vn 0.8499 0.0109 0.5268
vn 0.9309 -0.0047 0.3653
vn 0.9682 0.0061 0.2503
vn -0.0072 0.9984 -0.0569
vn -0.0247 0.9965 0.0799
vn -0.0039 1.0000 -0.0008
vn -0.0189 0.9972 -0.0721
vn -0.0468 0.9807 0.1897
vn -0.0942 0.9749 0.2019
vn -0.1166 0.9476 0.2974
vn -0.1617 0.8373 0.5222
vn -0.1777 0.8928 0.4139
vn -0.2341 0.7704 0.5931
vn -0.2376 0.7790 0.5803
vn -0.2700 0.7077 0.6529
vn -0.2790 0.6526 0.7045
vn -0.3112 0.5299 0.7889
vn -0.3125 0.5309 0.7877
vn -0.3165 0.3886 0.8653
vn -0.3427 0.4730 0.8117
vn -0.3445 0.1658 0.9240
vn -0.3663 0.2440 0.8979
vn -0.3628 0.0944 0.9271
vn -0.3631 0.0965 0.9267
vn -0.3698 0.0005 0.9291
vn -0.3622 -0.0004 0.9321
vn 0.7056 0.7081 -0.0262
vn 0.7160 0.6959 0.0551
vn 0.7044 0.7079 0.0523
vn 0.7071 0.7071 0.0012
vn 0.7525 0.6485 -0.1147
vn 0.7388 0.6684 -0.0857
vn 0.7861 0.5762 -0.2236
vn 0.7865 0.5815 -0.2078
vn 0.8073 0.5179 -0.2828
vn 0.8286 0.4623 -0.3157
vn 0.8294 0.4837 -0.2794
vn 0.8579 0.4006 -0.3217
vn 0.8616 0.3828 -0.3334
vn 0.8718 0.3481 -0.3447
vn 0.8875 0.2819 -0.3644
vn 0.9072 0.1749 -0.3825
vn 0.8914 0.1364 -0.4323
vn 0.9133 0.0432 -0.4049
vn 0.9122 0.0065 -0.4098
vn 0.9111 -0.0052 -0.4121
vn 0.5360 0.6941 0.4805
vn 0.6105 0.7019 0.3668
vn 0.5688 0.6866 0.4528
vn 0.6116 0.6628 0.4321
vn 0.5204 0.6627 0.5385
vn 0.4774 0.6866 0.5483
vn 0.4467 0.6941 0.5645
vn 0.4188 0.6549 0.6291
vn 0.3754 0.6865 0.6227
vn 0.3384 0.6941 0.6354
vn 0.2961 0.6548 0.6954
vn 0.2527 0.6944 0.6738
vn 0.2173 0.7017 0.6785
vn 0.1770 0.7098 0.6818
vn 0.1816 0.7103 0.6801
vn 0.6104 0.7176 0.3353
vn 0.6230 0.7065 0.3358
vn 0.6043 0.7346 0.3086
vn 0.5966 0.7439 0.3010
vn 0.1640 0.7170 0.6775
vn 0.1768 0.7253 0.6653
vn 0.6967 0.7082 -0.1144
vn 0.7071 0.7071 -0.0100
vn 0.7016 0.7016 -0.1247
vn 0.7071 0.7071 0.0042
vn 0.6932 0.7090 0.1294
vn 0.7059 0.6985 0.1176
vn 0.6593 0.6952 0.2864
vn 0.6347 0.6814 0.3645
vn 0.6115 0.6653 0.4282
vn 0.6123 0.6541 0.4441
vn 0.5603 0.5821 0.5893
vn 0.5576 0.5355 0.6342
vn 0.5187 0.4912 0.6998
vn 0.4906 0.4530 0.7443
vn 0.4737 0.3931 0.7881
vn 0.4684 0.3974 0.7891
vn 0.4476 0.3033 0.8412
vn 0.4552 0.3444 0.8211
vn 0.4188 0.1736 0.8913
vn 0.4250 0.1464 0.8933
vn 0.4129 0.0551 0.9091
vn 0.4165 -0.0033 0.9091
vn 0.4115 0.0037 0.9114
vn 0.5344 0.5001 -0.6814
vn 0.4968 0.4448 -0.7453
vn 0.5186 0.4846 -0.7044
vn 0.4603 0.3233 -0.8268
vn 0.4708 0.3837 -0.7944
vn 0.5453 0.5377 -0.6431
vn 0.5811 0.5709 -0.5800
vn 0.5907 0.6026 -0.5366
vn 0.6421 0.6659 -0.3797
vn 0.6149 0.6451 -0.4535
vn 0.6405 0.7044 -0.3060
vn 0.6830 0.7063 -0.1865
vn 0.4535 0.3168 -0.8331
vn 0.4329 0.1571 -0.8877
vn 0.4345 0.2240 -0.8724
vn 0.4274 0.1058 -0.8978
vn 0.4125 0.0636 -0.9087
vn 0.4129 0.0736 -0.9078
vn 0.4095 -0.0003 -0.9123
vn 0.4175 0.0003 -0.9087
vn -0.8694 -0.0039 -0.4940
vn -0.9074 0.0039 -0.4202
vn -0.9068 -0.0039 -0.4215
vn -0.8673 0.0107 -0.4977
vn -0.8540 0.0046 -0.5202
vn -0.8229 -0.0006 -0.5682
vn -0.5946 -0.0120 -0.8039
vn -0.8579 0.0046 -0.5137
vn -0.8030 -0.0003 -0.5959
vn -0.7716 0.0074 -0.6360
vn -0.7942 0.0069 -0.6076
vn -0.7711 0.0039 -0.6367
vn -0.7493 -0.0037 -0.6622
vn -0.9458 0.0039 -0.3246
vn -0.9512 0.0039 -0.3086
vn -0.9980 -0.0037 -0.0624
vn -0.9824 0.0009 0.1869
vn -0.7184 -0.0118 -0.6955
vn -0.6844 -0.0039 -0.7291
vn -0.6838 -0.0041 -0.7296
vn -0.9871 -0.0080 -0.1601
vn -0.5969 -0.5430 -0.5907
vn -0.5181 0.0212 -0.8550
vn -0.7489 -0.2463 -0.6152
vn -0.9935 -0.0010 -0.1141
vn -0.5334 -0.7058 -0.4662
vn -0.5224 -0.7141 -0.4661
vn -0.4888 -0.7023 -0.5175
vn -0.4990 -0.6837 -0.5326
vn -0.4948 -0.6873 -0.5317
vn -0.5252 -0.6937 -0.4929
vn -0.5252 -0.7016 -0.4816
vn -0.5422 -0.7007 -0.4637
vn -0.5402 -0.7019 -0.4642
vn -0.5451 -0.7019 -0.4584
vn -0.5519 -0.7027 -0.4490
vn -0.5906 -0.6598 -0.4645
vn -0.5898 -0.6514 -0.4772
vn -0.5096 -0.7144 -0.4796
vn -0.5162 -0.6927 -0.5038
vn -0.5177 -0.6940 -0.5003
vn -0.5630 -0.0044 0.8264
vn -0.2939 -0.0036 0.9558
vn -0.2977 0.0052 0.9546
vn -0.2957 -0.0026 0.9553
vn -0.6404 0.0023 0.7681
vn -0.7950 -0.0118 0.6065
vn -0.8632 0.0118 0.5048
vn -0.9881 -0.0116 0.1537
vn -0.2957 0.0046 0.9553
vn -0.2934 0.0032 0.9560
vn 0.6879 -0.0039 -0.7257
vn 0.5979 0.0039 -0.8015
vn 0.7774 0.0039 -0.6290
vn 0.8502 -0.0039 -0.5265
vn 0.9151 0.0039 -0.4032
vn 0.9521 -0.0039 -0.3056
vn 0.9553 -0.0040 -0.2957
vn 0.4842 -0.0039 -0.8750
vn 0.3750 0.0039 -0.9270
vn 0.2491 -0.0039 -0.9685
vn 0.1260 0.0039 -0.9920
vn 0.0040 -0.0039 -1.0000
vn -0.1260 0.0039 -0.9920
vn -0.2489 -0.0039 -0.9685
vn -0.3750 0.0039 -0.9270
vn -0.4842 -0.0039 -0.8750
vn -0.5979 0.0039 -0.8015
vn -0.6878 -0.0039 -0.7259
vn -0.7795 0.0039 -0.6264
vn -0.8500 -0.0039 -0.5268
vn -0.9200 0.0039 -0.3920
vn -0.9534 -0.0039 -0.3017
vn -0.9703 0.0110 -0.2417
vn -0.9577 -0.0126 -0.2875
vn -0.0005 -1.0000 0.0038
vn 0.0006 -1.0000 0.0039
vn -0.0039 -1.0000 -0.0001
vn -0.0007 -1.0000 0.0038
vn 0.0004 -1.0000 0.0040
vn 0.0001 -1.0000 0.0041
vn 0.0002 -1.0000 0.0037
vn -0.0012 -1.0000 0.0038
vn -0.0031 -1.0000 0.0013
vn -0.0125 -0.9999 -0.0008
vn -0.0154 -0.9999 -0.0026
vn 0.0005 -1.0000 0.0038
vn 0.0013 -1.0000 0.0036
vn 0.0014 -1.0000 0.0036
vn 0.0023 -1.0000 0.0032
vn -0.0030 -1.0000 -0.0024
vn 0.0029 -1.0000 0.0026
vn 0.0039 -1.0000 -0.0002
vn -0.0034 -1.0000 -0.0020
vn -0.0030 -1.0000 -0.0013
vn 0.0124 -0.9999 -0.0083
vn 0.0057 -1.0000 -0.0008
vn 0.0033 -1.0000 -0.0076
vn -0.0011 -1.0000 -0.0072
vn 0.0136 -0.9999 -0.0004
vn 0.7605 -0.0017 -0.6494
vn 0.8966 -0.0245 -0.4421
vn 0.8929 -0.0041 -0.4502
vn 0.7870 -0.0053 -0.6169
vn 0.9995 -0.0038 0.0318
vn 1.0000 -0.0004 0.0080
vn 0.9021 -0.0084 0.4315
vn 0.8702 0.0038 0.4928
vn 0.7248 0.0650 0.6859
vn 0.7141 -0.0018 0.7001
vn 0.4501 -0.0202 0.8928
vn 0.4216 -0.0050 0.9068
vn 0.4166 -0.0039 0.9091
vn 0.3780 -0.0041 0.9258
vn 0.3661 -0.0048 0.9306
vn 0.3514 -0.0024 0.9362
vn -0.0758 0.9965 0.0355
vn -0.0724 0.9967 0.0375
vn -0.0453 0.9989 0.0072
vn -0.0743 0.9968 0.0300
vn -0.0327 0.9995 0.0031
vn -0.0669 0.9971 0.0367
vn -0.0488 0.9987 0.0127
vn -0.0168 0.9999 0.0009
vn 0.0022 0.9990 0.0455
vn -0.0598 0.9965 0.0582
vn -0.0757 0.9967 0.0276
vn -0.0199 0.9998 0.0003
vn -0.0623 0.9980 0.0108
vn -0.0341 0.9994 0.0010
vn -0.0019 1.0000 0.0006
vn 0.0080 0.8433 0.5374
vn 0.2677 0.6554 0.7063
vn 0.3414 0.6156 0.7103
vn 0.3565 0.6152 0.7032
vn 0.3699 0.6185 0.6932
vn 0.3972 0.6158 0.6805
vn 0.4223 0.6232 0.6582
vn 0.4370 0.6237 0.6481
vn 0.4669 0.6309 0.6197
vn 0.4699 0.6311 0.6172
vn 0.5056 0.6387 0.5801
vn 0.5026 0.6311 0.5908
vn 0.6671 0.6621 0.3415
vn 0.6907 0.7190 0.0771
vn 0.6501 0.7486 0.1305
vn 0.6336 0.7596 -0.1467
vn 0.6705 0.6833 -0.2889
vn 0.6378 0.6787 -0.3642
vn 0.4552 0.6647 -0.5924
vn 0.4525 0.6579 -0.6021
vn 0.4532 0.6567 -0.6028
vn 0.4005 0.9158 0.0309
vn 0.3651 0.9275 0.0810
vn 0.3626 0.9262 0.1030
vn 0.4306 0.9025 0.0133
vn 0.4170 0.9078 0.0446
vn 0.4825 0.8754 -0.0293
vn 0.4719 0.8816 0.0117
vn 0.5150 0.8571 -0.0156
vn 0.4929 0.8685 -0.0519
vn 0.5434 0.8391 0.0250
vn 0.5621 0.8253 0.0544
vn 0.5607 0.8274 -0.0326
vn 0.5605 0.8274 -0.0353
vn 0.5526 0.8334 -0.0061
vn 0.5600 0.8276 -0.0391
vn 0.5338 0.8440 -0.0526
vn 0.4972 0.8630 -0.0894
vn 0.5279 0.8491 -0.0177
vn 0.4678 0.8820 -0.0560
vn 0.4903 0.8690 -0.0664
vn 0.4300 0.8958 -0.1126
vn 0.2788 0.9422 0.1859
vn 0.2541 0.9368 0.2405
vn 0.3057 0.9429 0.1325
vn 0.3262 0.8447 0.4244
vn 0.3030 0.7802 0.5473
vn 0.2999 0.7633 0.5722
vn 0.3261 0.9251 0.1945
vn 0.3331 0.9351 0.1213
vn 0.3583 0.9185 0.1673
vn 0.3607 0.9058 0.2224
vn 0.3917 0.8980 0.2004
vn 0.3234 0.9136 0.2466
vn 0.1085 0.8183 0.5645
vn 0.1438 0.7484 0.6474
vn -0.0490 0.7407 0.6701
vn -0.0567 0.7407 0.6695
vn 0.3859 0.9072 0.1675
vn 0.3487 0.9329 0.0900
vn 0.3796 0.9219 0.0777
vn 0.4315 0.8875 0.1616
vn 0.3648 0.9273 0.0840
vn 0.4354 0.8823 0.1786
vn 0.4565 0.7741 0.4386
vn 0.7303 0.6181 0.2909
vn 0.3676 0.9285 0.0533
vn 0.3173 0.9435 0.0955
vn -0.1180 0.7244 0.6792
vn -0.1209 0.7177 0.6858
vn -0.1512 0.7103 0.6875
vn -0.1555 0.7090 0.6878
vn 0.6735 0.7098 -0.2063
vn 0.4973 0.8510 0.1688
vn 0.6747 0.7098 -0.2024
vn 0.7008 0.7103 -0.0656
vn 0.7011 0.7098 -0.0686
vn 0.7011 0.7098 -0.0688
vn 0.7011 0.7098 0.0686
vn 0.6747 0.7099 0.2021
vn 0.6736 0.7098 0.2060
vn 0.7033 0.7096 0.0424
vn 0.5607 0.8272 -0.0376
vn 0.6838 0.7098 -0.1689
vn 0.5761 0.7098 -0.4054
vn 0.6972 0.7097 0.1014
vn 0.5420 0.7098 0.4499
vn 0.2309 0.7093 0.6660
vn 0.3776 0.7098 -0.5947
vn 0.2235 0.7091 -0.6687
vn 0.0035 0.7100 -0.7042
vn 0.0039 0.7098 -0.7044
vn -0.0053 0.7086 -0.7056
vn 0.1002 0.7103 0.6968
vn 0.0039 0.7098 0.7044
vn 0.0053 0.7046 0.7096
vn -0.0053 0.7086 0.7056
vn 0.9920 -0.0104 0.1259
vn 0.9928 -0.0117 0.1191
vn 0.9942 -0.0118 0.1071
vn 0.9972 -0.0118 0.0740
vn 0.9925 -0.0117 -0.1219
vn 0.9994 -0.0353 -0.0056
vn 0.9987 -0.0102 -0.0505
vn 0.9936 -0.0462 -0.1032
vn 0.9949 -0.0137 -0.0996
vn 0.9893 -0.0163 0.1450
vn -0.6887 -0.7021 0.1809
vn -0.6573 -0.7413 0.1356
vn -0.6805 -0.7327 -0.0100
vn -0.6489 -0.7381 0.1848
vn -0.7178 -0.6953 0.0369
vn -0.6903 -0.7175 -0.0934
vn -0.7120 -0.7016 -0.0279
vn -0.6095 -0.7755 0.1646
vn -0.6885 -0.7173 -0.1072
vn -0.6762 -0.7177 -0.1665
vn -0.6312 -0.7487 -0.2027
vn -0.6336 -0.7465 -0.2033
vn -0.4167 -0.0039 -0.9090
vn -0.7125 -0.0018 -0.7016
vn -0.4215 -0.0050 -0.9068
vn -0.4500 -0.0202 -0.8928
vn -0.7218 0.0632 -0.6892
vn -0.3784 -0.0040 -0.9257
vn -0.3663 -0.0050 -0.9305
vn -0.3517 -0.0021 -0.9361
vn -0.8704 0.0039 -0.4923
vn -0.8977 -0.0135 -0.4404
vn -0.9627 0.0113 -0.2702
vn -0.9564 -0.0108 -0.2919
vn -0.5232 0.7274 0.4440
vn -0.4389 0.7119 0.5483
vn -0.2095 0.7121 0.6701
vn -0.2136 0.7051 0.6761
vn -0.6026 0.7177 0.3490
vn -0.6460 0.7340 0.2098
vn -0.6872 0.7193 0.1018
vn -0.7098 0.6706 -0.2156
vn -0.7040 0.6706 -0.2339
vn -0.6764 0.6788 -0.2859
vn -0.6199 0.7254 -0.2991
vn -0.6706 0.6545 -0.3492
vn -0.6762 0.6488 -0.3490
vn -0.1217 -0.9915 -0.0469
vn -0.0023 -1.0000 0.0018
vn 0.0020 -1.0000 -0.0011
vn -0.0004 -1.0000 -0.0045
vn -0.0041 -1.0000 0.0084
vn -0.3214 -0.9346 -0.1524
vn -0.3510 -0.9354 -0.0430
vn -0.1683 -0.9005 -0.4009
vn -0.4033 -0.8817 0.2450
vn -0.4744 -0.8424 0.2554
vn -0.0043 -1.0000 0.0006
vn -0.0038 -1.0000 -0.0031
vn -0.0039 -1.0000 0.0001
vn -0.1004 -0.8027 -0.5879
vn -0.0799 -0.8195 -0.5675
vn 0.1929 -0.7254 -0.6607
vn 0.2141 -0.7255 -0.6541
vn 0.1808 -0.7255 -0.6640
vn 0.1930 -0.7176 -0.6692
vn -0.0753 -0.7019 -0.7082
vn -0.0875 -0.7098 -0.6989
vn -0.6345 -0.7571 0.1555
vn -0.3610 -0.6963 -0.6204
vn -0.5454 -0.7098 -0.4457
vn -0.7005 -0.7099 -0.0729
vn -0.6386 -0.7098 0.2974
vn -0.5878 -0.7126 0.3829
vn -0.6435 -0.7027 0.3036
vn -0.1939 -0.7254 0.6605
vn 0.1012 -0.8026 0.5878
vn -0.2145 -0.7255 0.6540
vn -0.1804 -0.7255 0.6641
vn -0.1929 -0.7176 0.6692
vn 0.0835 -0.8121 0.5776
vn 0.1638 -0.9002 0.4035
vn 0.0754 -0.7019 0.7082
vn 0.0875 -0.7098 0.6989
vn 0.6344 -0.7572 -0.1556
vn 0.3610 -0.6963 0.6204
vn 0.5449 -0.7098 0.4464
vn 0.7003 -0.7099 0.0743
vn 0.6389 -0.7098 -0.2967
vn 0.1217 -0.9914 0.0481
vn 0.3523 -0.9351 0.0378
vn 0.3211 -0.9346 0.1530
vn 0.0040 -1.0000 -0.0082
vn 0.4023 -0.8815 -0.2471
vn 0.4742 -0.8424 -0.2558
vn 0.0023 -1.0000 -0.0017
vn -0.0020 -1.0000 0.0011
vn 0.0004 -1.0000 0.0045
vn 0.0043 -1.0000 -0.0006
vn 0.0038 -1.0000 0.0030
vn 0.4950 -0.7654 -0.4114
vn 0.6382 -0.7161 -0.2827
vn 0.6061 -0.7633 0.2238
vn 0.7252 -0.6863 -0.0553
vn 0.6610 -0.7094 0.2446
vn 0.5486 -0.7174 0.4294
vn 0.4255 -0.7500 0.5063
vn 0.2600 -0.7021 0.6629
vn 0.0528 -0.7111 0.7011
vn -0.1435 -0.6940 0.7055
vn -0.1239 -0.7019 0.7014
vn -0.1940 -0.6785 0.7086
vn -0.2349 -0.6941 0.6805
vn -0.2666 -0.6863 0.6767
vn -0.3314 -0.6941 0.6391
vn -0.3175 -0.6864 0.6543
vn -0.3799 -0.6784 0.6288
vn -0.4157 -0.6941 0.5877
vn -0.3916 -0.6941 0.6041
vn -0.4585 -0.6785 0.5739
vn -0.4668 -0.6784 0.5673
vn -0.4769 -0.6863 0.5491
vn -0.4903 -0.6941 0.5271
vn -0.5247 -0.6864 0.5035
vn -0.5432 -0.6784 0.4947
vn -0.5479 -0.6863 0.4783
vn -0.5538 -0.6941 0.4599
vn -0.6008 -0.6784 0.4228
vn -0.6196 -0.6941 0.3664
vn -0.6054 -0.6862 0.4032
vn -0.6451 -0.6863 0.3359
vn -0.6537 -0.6784 0.3353
vn -0.6678 -0.6762 0.3113
vn -0.6442 -0.7176 0.2646
vn -0.6884 -0.6850 0.2386
vn -0.6947 -0.6906 0.2011
vn -0.6620 -0.7100 0.2401
vn -0.6537 -0.7185 0.2376
vn 0.9998 0.0116 0.0188
vn 0.9940 -0.0848 0.0690
vn 0.9880 -0.0296 0.1514
vn 0.9905 0.1115 -0.0810
vn 0.9929 0.0736 0.0931
vn 0.9509 -0.0148 0.3090
vn 0.9201 0.0631 0.3866
vn 0.9128 0.0654 0.4031
vn 0.9555 -0.0073 0.2948
vn 0.8989 0.1826 0.3982
vn 0.8913 0.1716 0.4196
vn 0.8766 0.3057 0.3716
vn 0.8737 0.3342 0.3534
vn 0.8619 0.3876 0.3270
vn 0.8370 0.4591 0.2979
vn 0.8332 0.4691 0.2927
vn 0.7966 0.5578 0.2330
vn 0.7859 0.5920 0.1787
vn 0.7763 0.6053 0.1759
vn 0.7592 0.6419 0.1075
vn 0.7638 0.6328 0.1269
vn 0.7173 0.6967 -0.0118
vn -0.8617 0.3823 0.3337
vn -0.8297 0.4826 0.2805
vn -0.8579 0.4005 0.3218
vn -0.8283 0.4642 0.3138
vn -0.8071 0.5188 0.2819
vn -0.7860 0.5767 0.2227
vn -0.7865 0.5814 0.2080
vn -0.7525 0.6486 0.1146
vn -0.7391 0.6678 0.0881
vn -0.7044 0.7079 -0.0521
vn -0.7071 0.7071 -0.0012
vn -0.7056 0.7081 0.0262
vn -0.7032 0.7089 0.0545
vn -0.8718 0.3479 0.3448
vn -0.8875 0.2819 0.3644
vn -0.9072 0.1749 0.3825
vn -0.8914 0.1364 0.4323
vn -0.9133 0.0432 0.4049
vn -0.9122 0.0065 0.4098
vn -0.9111 -0.0052 0.4121
vn -0.7268 0.6868 0.0066
vn -0.7579 0.6447 -0.1000
vn -0.7393 0.6666 -0.0952
vn -0.7793 0.6033 -0.1697
vn -0.7966 0.5590 -0.2303
vn -0.8060 0.5371 -0.2487
vn -0.8307 0.4737 -0.2925
vn -0.8370 0.4591 -0.2979
vn -0.8618 0.3878 -0.3269
vn -0.8766 0.3056 -0.3716
vn -0.8738 0.3342 -0.3534
vn -0.8989 0.1830 -0.3981
vn -0.8913 0.1724 -0.4194
vn -0.9132 0.0580 -0.4034
vn -0.9122 0.0640 -0.4046
vn -0.9398 0.0072 -0.3416
vn -0.9428 0.0088 -0.3333
vn 0.9199 0.0039 0.3921
vn 0.7800 0.0038 0.6258
vn 0.8501 -0.0039 0.5266
vn 0.9532 -0.0039 0.3022
vn 0.6880 -0.0039 0.7257
vn 0.5981 0.0039 0.8014
vn 0.4840 -0.0039 0.8751
vn 0.3745 0.0039 0.9272
vn 0.2480 -0.0039 0.9688
vn 0.1259 0.0039 0.9920
vn -0.0038 -0.0039 1.0000
vn -0.1260 0.0039 0.9920
vn -0.2478 -0.0039 0.9688
vn -0.3750 0.0039 0.9270
vn -0.4841 -0.0039 0.8750
vn -0.5979 0.0039 0.8016
vn -0.6878 -0.0039 0.7259
vn -0.7774 0.0039 0.6290
vn -0.8502 -0.0038 0.5265
vn -0.9151 0.0039 0.4033
vn -0.9522 -0.0039 0.3053
vn -0.9553 -0.0038 0.2957
vn -0.9699 0.0092 0.2434
vn -0.9949 -0.0137 0.0996
vn -0.9986 -0.0102 0.0518
vn -0.9937 -0.0485 0.1008
vn -0.9934 -0.0111 0.1144
vn -0.9996 -0.0275 0.0090
vn -0.9968 -0.0118 -0.0795
vn -0.9937 -0.0117 -0.1111
vn -0.9944 -0.0118 -0.1053
vn -0.9914 -0.0126 -0.1305
vn -0.9893 -0.0162 -0.1449
vn -0.9991 0.0419 0.0085
vn -0.9999 0.0036 -0.0097
vn -0.9969 0.0782 0.0035
vn -0.9983 0.0568 0.0147
vn -0.0057 -1.0000 0.0008
vn 0.0031 -1.0000 0.0014
vn -0.0123 -0.9999 0.0083
vn -0.0033 -1.0000 0.0075
vn 0.0012 -1.0000 0.0072
vn -0.0136 -0.9999 0.0004
vn -0.0039 -1.0000 0.0002
vn 0.0034 -1.0000 0.0020
vn -0.0024 -1.0000 -0.0031
vn 0.9579 0.0120 0.2868
vn 0.7081 -0.0173 0.7059
vn 0.9869 0.0405 0.1562
vn 0.6167 0.0128 0.7871
vn 0.9548 0.0161 -0.2967
vn 0.2742 0.0230 0.9614
vn 0.2466 0.0041 0.9691
vn 0.0057 -0.0055 1.0000
vn -0.0015 -0.0013 1.0000
vn -0.4430 0.0127 0.8964
vn -0.5706 0.0044 0.8212
vn -0.6251 -0.0120 0.7804
vn -0.4238 0.0845 0.9018
vn -0.5666 -0.0060 0.8240
vn -0.2834 -0.7098 -0.6449
vn -0.2361 -0.7031 -0.6707
vn -0.2677 -0.7069 -0.6547
vn -0.1561 -0.6896 -0.7071
vn -0.1871 -0.7098 -0.6791
vn -0.1929 -0.7098 -0.6775
vn -0.1446 -0.7178 -0.6810
vn -0.1404 -0.7220 -0.6775
vn -0.2863 0.0039 0.9581
vn -0.3197 0.0037 0.9475
vn -0.2868 0.0037 0.9580
vn -0.3241 -0.0118 0.9459
vn -0.3732 -0.0105 0.9277
vn -0.4621 -0.0118 0.8868
vn -0.4342 -0.0055 0.9008
vn -0.4901 -0.0172 0.8715
vn -0.5368 -0.0174 0.8436
vn -0.5664 -0.0195 0.8239
vn -0.5912 -0.0312 0.8059
vn -0.6080 -0.0433 0.7927
vn -0.9940 -0.0847 -0.0689
vn -0.9905 0.1115 0.0807
vn -0.9929 0.0736 -0.0932
vn -0.9997 0.0116 -0.0191
vn -0.9880 -0.0296 -0.1514
vn -0.6855 -0.7195 -0.1115
vn -0.5354 -0.8112 0.2351
vn -0.7043 -0.7026 -0.1015
vn -0.7044 -0.7095 0.0208
vn -0.6807 -0.6941 0.2342
vn -0.5134 -0.6865 0.5149
vn -0.3739 -0.6941 0.6151
vn -0.2417 -0.7101 0.6613
vn -0.0275 -0.7098 0.7039
vn -0.0412 -0.7098 0.7032
vn -0.0056 -0.7097 0.7044
vn 0.0065 -0.7176 0.6964
vn 0.0436 -0.7099 0.7030
vn 0.0440 -0.7098 0.7030
vn 0.4113 -0.7062 0.5763
vn 0.0687 -0.7019 0.7089
vn 0.2097 -0.7376 0.6418
vn 0.4688 -0.6700 0.5756
vn 0.4772 -0.6771 0.5602
vn 0.4716 -0.6800 0.5614
vn 0.4745 -0.6745 0.5656
vn 0.4799 -0.6795 0.5550
vn 0.4853 -0.6772 0.5531
vn 0.4893 -0.6788 0.5475
vn 0.4989 -0.6754 0.5431
vn 0.5000 -0.6778 0.5390
vn 0.5020 -0.6873 0.5250
vn 0.5072 -0.6859 0.5218
vn 0.4857 -0.7342 0.4744
vn 0.4943 -0.6459 0.5818
vn 0.5276 -0.7014 0.4792
vn 0.5236 -0.6939 0.4944
vn 0.5313 -0.7018 0.4746
vn 0.5426 -0.7017 0.4617
vn 0.5610 -0.6900 0.4573
vn 0.5562 -0.6895 0.4640
vn 0.5777 -0.5305 0.6204
vn 0.5901 -0.6563 0.4701
vn 0.5966 -0.6386 0.4861
vn 0.3927 0.0116 -0.9196
vn 0.5658 -0.0000 -0.8245
vn 0.6294 -0.0041 -0.7771
vn 0.1666 0.0197 -0.9858
vn 0.2520 0.0885 -0.9637
vn 0.0086 0.0041 -1.0000
vn -0.1342 -0.0161 -0.9908
vn -0.3251 -0.0038 -0.9457
vn 0.2989 0.0056 0.9543
vn 0.2945 -0.0043 0.9556
vn 0.5434 -0.0049 0.8395
vn 0.2981 -0.0041 0.9545
vn 0.2954 -0.0030 0.9554
vn -0.0888 -0.7098 0.6988
vn -0.0815 -0.7098 0.6997
vn 0.0893 -0.7098 0.6987
vn -0.2634 -0.7098 0.6533
vn -0.2639 -0.7098 0.6531
vn -0.4190 -0.7098 0.5662
vn -0.4196 -0.7098 0.5658
vn -0.5433 -0.7098 0.4484
vn -0.5525 -0.7020 0.4494
vn -0.6235 -0.7149 0.3166
vn -0.6400 -0.7100 0.2938
vn -0.6508 -0.7347 0.1912
vn 0.0888 -0.7098 0.6988
vn 0.2633 -0.7098 0.6534
vn 0.2635 -0.7098 0.6532
vn 0.4192 -0.7098 0.5661
vn 0.4196 -0.7098 0.5658
vn 0.5437 -0.7098 0.4478
vn 0.5427 -0.7099 0.4488
vn 0.6235 -0.7153 0.3156
vn 0.6442 -0.7101 0.2843
vn 0.6626 -0.7195 0.2079
vn -0.0031 -1.0000 0.0024
vn 0.0020 -1.0000 -0.0033
vn 0.6091 0.0023 -0.7931
vn 0.6031 -0.0021 -0.7977
vn 0.6032 -0.0019 -0.7976
vn 0.6090 0.0024 -0.7932
vn -0.2936 -0.0316 -0.9554
vn -0.2308 0.0100 -0.9730
vn -0.3422 -0.0225 -0.9394
vn -0.2137 0.0358 -0.9762
vn -0.3430 -0.0075 -0.9393
vn -0.4123 -0.0321 -0.9105
vn -0.4326 -0.0233 -0.9013
vn -0.4741 -0.0274 -0.8800
vn -0.5248 0.0005 -0.8512
vn -0.5108 -0.0092 -0.8596
vn -0.6008 -0.0146 -0.7993
vn -0.5706 -0.0487 -0.8198
vn -0.6262 -0.0142 -0.7795
vn -0.6862 0.0127 -0.7273
vn -0.6399 -0.0530 -0.7666
vn -0.7144 0.0121 -0.6996
vn -0.7110 0.0324 -0.7025
vn -0.7119 -0.0113 -0.7022
vn -0.7476 -0.0061 -0.6642
vn -0.5070 -0.0026 -0.8619
vn -0.2148 -0.0041 -0.9767
vn -0.2726 -0.0094 -0.9621
vn -0.6844 -0.0169 -0.7289
vn 0.0739 0.0044 -0.9973
vn 0.2147 -0.0040 -0.9767
vn 0.4447 0.0492 -0.8943
vn 0.5193 -0.0049 -0.8546
vn 0.6988 -0.0005 -0.7153
vn 0.7036 0.0016 -0.7106
vn 0.5955 -0.7098 -0.3763
vn 0.6367 -0.7098 -0.3014
vn 0.5955 -0.7098 -0.3762
vn 0.2563 -0.7050 -0.6612
vn 0.4007 -0.6905 -0.6022
vn 0.6370 -0.7098 -0.3007
vn 0.6683 -0.7098 -0.2228
vn 0.6685 -0.7098 -0.2221
vn 0.6996 -0.7119 0.0611
vn 0.5085 -0.8118 0.2871
vn 0.2639 -0.6710 -0.6929
vn 0.2629 -0.6707 -0.6936
vn 0.2471 -0.6730 -0.6972
vn 0.6613 -0.6941 0.2846
vn 0.5061 -0.6940 0.5121
vn 0.2445 -0.6767 -0.6945
vn 0.2357 -0.6765 -0.6977
vn 0.2375 -0.6774 -0.6962
vn 0.2333 -0.6794 -0.6957
vn 0.2264 -0.6795 -0.6978
vn 0.2245 -0.6819 -0.6961
vn 0.3863 -0.7107 0.5879
vn 0.2079 -0.7101 0.6727
vn 0.2141 -0.7075 0.6735
vn 0.2075 -0.6837 -0.6996
vn 0.2038 -0.6851 -0.6994
vn 0.1892 -0.6856 -0.7030
vn 0.2028 -0.6886 -0.6962
vn 0.1760 -0.6940 -0.6981
vn 0.1744 -0.6927 -0.6998
vn 0.1673 -0.6946 -0.6997
vn 0.1567 -0.7022 -0.6945
vn 0.1449 -0.7020 -0.6973
vn 0.1327 -0.7018 -0.6999
vn 0.1145 -0.6854 -0.7191
vn 0.1235 -0.6884 -0.7147
vn 0.1138 -0.6591 -0.7434
vn 0.1240 -0.6400 -0.7583
vn -0.3982 -0.8887 -0.2274
vn -0.3708 -0.9054 -0.2070
vn -0.3969 -0.8922 -0.2157
vn -0.3351 -0.9216 -0.1956
vn -0.3151 -0.9307 -0.1859
vn -0.4195 -0.8746 -0.2430
vn -0.4402 -0.8615 -0.2531
vn -0.4431 -0.8597 -0.2543
vn -0.4491 -0.8557 -0.2573
vn -0.3079 -0.9344 -0.1790
vn -0.2692 -0.9489 -0.1645
vn -0.2814 -0.9487 -0.1444
vn -0.2349 -0.9622 -0.1376
vn -0.2454 -0.9617 -0.1219
vn -0.2256 -0.9696 -0.0945
vn -0.2033 -0.9767 -0.0690
vn -0.1509 -0.9847 -0.0871
vn -0.1442 -0.9888 -0.0382
vn -0.1336 -0.9904 -0.0340
vn -0.0448 -0.9948 -0.0909
vn -0.0977 -0.9952 -0.0095
vn -0.0461 -0.9989 -0.0008
vn -0.0472 -0.9989 -0.0035
vn 0.0507 -0.9987 0.0097
vn 0.0225 -0.9984 -0.0510
vn -0.0523 -0.9835 -0.1729
vn -0.0030 -1.0000 0.0024
vn -0.2081 0.7253 0.6562
vn -0.1152 0.7413 0.6612
vn -0.1576 0.7255 0.6699
vn -0.0342 0.7333 0.6790
vn -0.0654 0.7177 0.6933
vn 0.0369 0.7256 0.6871
vn 0.0302 0.7256 0.6875
vn 0.1113 0.7181 0.6870
vn 0.0995 0.7180 0.6889
vn 0.1975 0.7103 0.6756
vn 0.1453 0.6863 0.7127
vn 0.2039 0.7175 0.6660
vn 0.2554 0.7022 0.6646
vn 0.3008 0.7105 0.6362
vn 0.3047 0.7104 0.6345
vn 0.3624 0.7138 0.5993
vn 0.3550 0.6861 0.6350
vn 0.3713 0.7186 0.5880
vn 0.0347 0.9946 -0.0977
vn 0.0514 0.9927 -0.1091
vn 0.0302 0.9971 -0.0700
vn 0.0558 0.9973 -0.0484
vn 0.1036 0.9925 -0.0648
vn 0.0890 0.9959 -0.0149
vn -0.0062 0.9987 -0.0499
vn -0.2556 -0.7098 -0.6564
vn -0.0893 -0.7098 -0.6987
vn -0.2561 -0.7098 -0.6562
vn -0.4117 -0.7098 -0.5716
vn -0.4110 -0.7098 -0.5720
vn -0.0888 -0.7098 -0.6988
vn -0.5436 -0.7098 -0.4480
vn -0.5423 -0.7099 -0.4493
vn -0.6235 -0.7153 -0.3156
vn -0.6442 -0.7101 -0.2843
vn -0.6627 -0.7195 -0.2079
vn 0.0888 -0.7098 -0.6988
vn 0.0815 -0.7098 -0.6997
vn 0.2556 -0.7098 -0.6564
vn 0.2561 -0.7098 -0.6562
vn 0.4193 -0.7098 -0.5660
vn 0.4186 -0.7098 -0.5665
vn 0.5524 -0.7098 -0.4371
vn 0.5551 -0.7019 -0.4463
vn 0.6438 -0.7100 -0.2853
vn 0.6313 -0.7119 -0.3077
vn 0.6635 -0.7171 -0.2136
vn -0.0347 0.9946 0.0977
vn -0.0514 0.9927 0.1091
vn -0.0302 0.9971 0.0700
vn -0.0558 0.9973 0.0484
vn -0.1036 0.9925 0.0648
vn -0.0890 0.9959 0.0149
vn 0.0062 0.9987 0.0499
vn -0.2554 0.7022 -0.6646
vn -0.3008 0.7105 -0.6362
vn -0.3047 0.7104 -0.6345
vn -0.3624 0.7139 -0.5992
vn -0.3551 0.6861 -0.6350
vn -0.3711 0.7187 -0.5880
vn -0.5295 0.0042 0.8483
vn -0.5353 0.0158 0.8445
vn -0.5351 0.0028 0.8448
vn -0.5354 -0.0032 0.8446
vn -0.5350 0.0541 0.8431
vn -0.5617 0.1272 0.8175
vn -0.6469 0.0272 0.7621
vn -0.6539 0.0274 0.7561
vn -0.7454 -0.1139 0.6568
vn -0.6771 0.1210 0.7259
vn -0.7716 0.0979 0.6286
vn -0.8219 -0.0665 0.5658
vn -0.8348 -0.0048 0.5505
vn -0.8348 0.0125 0.5504
vn 0.6682 -0.0418 -0.7428
vn 0.6945 -0.0199 -0.7192
vn 0.6485 -0.0167 -0.7610
vn 0.7217 -0.0153 -0.6920
vn 0.7418 0.0001 -0.6706
vn 0.6098 -0.0206 -0.7923
vn 0.5676 -0.0222 -0.8230
vn 0.5819 -0.0140 -0.8131
vn 0.5150 -0.0357 -0.8565
vn 0.4782 -0.0149 -0.8781
vn 0.4655 -0.0156 -0.8849
vn 0.3913 -0.0149 -0.9201
vn 0.4222 -0.0421 -0.9055
vn 0.3499 -0.0209 -0.9366
vn 0.2811 -0.0106 -0.9596
vn 0.3090 -0.0266 -0.9507
vn 0.2454 0.0040 -0.9694
vn 0.2480 0.0327 -0.9682
vn 0.2471 -0.0034 -0.9690
vn 0.1996 -0.0035 -0.9799
vn 0.4876 -0.0026 -0.8731
vn 0.7454 -0.0042 -0.6666
vn 0.6984 -0.0125 -0.7156
vn 0.2760 -0.0137 -0.9611
vn 0.9003 -0.0007 -0.4352
vn 0.9536 -0.0040 -0.3011
vn 0.9993 0.0179 -0.0327
vn 0.9997 -0.0050 0.0257
vn 0.9688 0.0031 0.2477
vn 0.9670 -0.0028 0.2548
vn 0.6089 0.7097 -0.3544
vn 0.5994 0.7184 -0.3530
vn 0.6251 0.7020 -0.3414
vn 0.6184 0.7255 -0.3020
vn 0.6535 0.7018 -0.2836
vn 0.6411 0.7161 -0.2761
vn 0.6336 0.7271 -0.2643
vn 0.2538 0.0019 -0.9673
vn 0.2634 0.0050 -0.9647
vn 0.2617 0.0031 -0.9651
vn 0.2617 -0.0031 -0.9651
vn 0.2953 0.0163 -0.9553
vn 0.3270 0.1790 -0.9279
vn 0.3511 0.0274 -0.9359
vn 0.3855 0.0588 -0.9208
vn 0.4170 0.0588 -0.9070
vn 0.4567 0.3176 -0.8310
vn 0.5125 0.1033 -0.8524
vn 0.5231 0.4196 -0.7418
vn 0.3480 0.7816 -0.5177
vn 0.3517 0.7648 -0.5399
vn 0.3533 0.7905 -0.5003
vn 0.2717 0.7644 -0.5847
vn 0.3117 0.7490 -0.5846
vn 0.2351 0.7725 -0.5898
vn 0.2302 0.7725 -0.5918
vn -0.0011 0.7182 -0.6959
vn -0.0068 0.7280 -0.6856
vn -0.2043 0.6714 -0.7124
vn -0.2204 0.6775 -0.7017
vn -0.2333 0.6786 -0.6965
vn -0.2663 0.6787 -0.6844
vn -0.2987 0.6782 -0.6714
vn -0.3567 0.7337 -0.5782
vn -0.3806 0.8064 -0.4526
vn -0.3243 0.6649 -0.6729
vn -0.4937 -0.7177 0.4912
vn -0.5020 -0.7239 0.4733
vn -0.4846 -0.7031 0.5203
vn -0.4816 -0.7090 0.5152
vn -0.4664 -0.6975 0.5441
vn -0.4698 -0.7175 0.5143
vn -0.3996 -0.7255 0.5604
vn -0.3958 -0.7255 0.5630
vn -0.3243 -0.7255 0.6071
vn -0.3140 -0.7255 0.6124
vn -0.2407 -0.7176 0.6535
vn -0.2273 -0.7176 0.6583
vn 0.0232 -0.6345 0.7726
vn 0.1376 -0.7146 0.6858
vn 0.2506 -0.6461 0.7209
vn -0.3287 -0.0039 0.9444
vn -0.2830 0.0009 0.9591
vn -0.3393 0.0039 0.9407
vn -0.4390 0.0039 0.8985
vn -0.2794 -0.0049 0.9602
vn -0.4696 0.0039 0.8829
vn -0.5470 0.0118 0.8370
vn -0.5825 0.0039 0.8129
vn -0.6056 -0.0067 0.7957
vn -0.6126 -0.0023 0.7904
vn 0.8804 -0.0039 0.4742
vn 0.8132 -0.0014 0.5819
vn 0.9158 -0.0116 0.4014
vn 0.7905 0.0314 0.6117
vn 0.9398 0.0115 0.3415
vn 0.9361 -0.0085 0.3515
vn 0.3805 -0.0441 0.9237
vn 0.4333 -0.0195 0.9010
vn 0.4056 -0.0282 0.9136
vn 0.4589 -0.0201 0.8882
vn 0.5374 -0.0118 0.8433
vn 0.5061 -0.0195 0.8623
vn 0.5629 -0.0054 0.8265
vn 0.6125 -0.0124 0.7904
vn 0.6614 -0.0118 0.7500
vn 0.6606 0.0035 0.7507
vn 0.6859 -0.0044 0.7277
vn 0.6865 0.0035 0.7271
vn -0.4094 -0.0001 0.9123
vn -0.4125 0.0639 0.9087
vn -0.4129 0.0745 0.9077
vn -0.4172 0.0002 0.9088
vn -0.4327 0.1555 0.8880
vn -0.4275 0.1057 0.8978
vn -0.4420 0.2203 0.8695
vn -0.4593 0.3164 0.8300
vn -0.4507 0.3083 0.8377
vn -0.4711 0.3849 0.7937
vn -0.5188 0.4853 0.7038
vn -0.4975 0.4484 0.7426
vn -0.5410 0.4938 0.6808
vn -0.5454 0.5380 0.6427
vn -0.5807 0.5694 0.5818
vn -0.5904 0.6017 0.5380
vn -0.6349 0.6803 0.3662
vn -0.6107 0.6424 0.4629
vn -0.6439 0.6958 0.3182
vn -0.6746 0.7061 0.2153
vn -0.6758 0.6975 0.2382
vn -0.6931 0.7002 0.1714
vn -0.6965 0.7082 0.1154
vn -0.7071 0.7071 0.0101
vn -0.7071 0.7071 -0.0042
vn -0.6932 0.7090 -0.1295
vn -0.7058 0.6985 -0.1178
vn -0.6590 0.6946 -0.2884
vn -0.6356 0.6828 -0.3602
vn -0.6163 0.6567 -0.4346
vn -0.6108 0.6491 -0.4534
vn -0.5600 0.5813 -0.5903
vn -0.5512 0.5423 -0.6341
vn -0.5187 0.4913 -0.6997
vn -0.4906 0.4531 -0.7443
vn -0.4737 0.3932 -0.7880
vn -0.4684 0.3977 -0.7889
vn -0.4476 0.3031 -0.8413
vn -0.4552 0.3445 -0.8210
vn -0.4187 0.1734 -0.8914
vn -0.4249 0.1458 -0.8934
vn -0.4129 0.0550 -0.9091
vn -0.4168 -0.0038 -0.9090
vn -0.4121 0.0042 -0.9111
vn -0.6413 0.7159 0.2760
vn -0.6336 0.7271 0.2644
vn -0.6184 0.7255 0.3020
vn -0.6535 0.7018 0.2836
vn -0.6251 0.7020 0.3414
vn -0.6089 0.7097 0.3544
vn -0.5994 0.7184 0.3530
vn -0.0673 -0.9972 0.0324
vn 0.0477 -0.9982 -0.0365
vn -0.0499 -0.9988 -0.0010
vn -0.1221 -0.9916 0.0433
vn -0.0628 -0.9961 0.0626
vn -0.1094 -0.9899 0.0902
vn -0.0345 -0.9968 -0.0725
vn -0.1660 -0.9859 -0.0218
vn -0.1591 -0.9855 0.0587
vn -0.1845 -0.9788 0.0893
vn -0.2300 -0.9681 0.0990
vn -0.1932 -0.9729 0.1275
vn -0.2564 -0.9577 0.1307
vn -0.2608 -0.9562 0.1330
vn -0.2844 -0.9458 0.1568
vn -0.3105 -0.9387 0.1496
vn -0.3184 -0.9279 0.1937
vn -0.3426 -0.9209 0.1858
vn -0.3790 -0.9028 0.2032
vn -0.3790 -0.8987 0.2206
vn -0.4204 -0.8778 0.2296
vn -0.4354 -0.8666 0.2438
vn -0.4442 -0.8585 0.2565
vn -0.4456 -0.8564 0.2609
vn 0.0959 -0.7098 0.6979
vn 0.2015 -0.7175 0.6668
vn 0.1052 -0.7020 0.7044
vn 0.1994 -0.7177 0.6672
vn 0.5079 -0.6681 0.5437
vn 0.6115 -0.7104 0.3484
vn 0.6519 -0.7005 0.2904
vn 0.2610 -0.7098 0.6542
vn 0.2651 -0.7098 0.6526
vn 0.4040 -0.6942 0.5957
vn 0.4171 -0.7019 0.5773
vn 0.4670 -0.6783 0.5673
vn 0.4732 -0.7021 0.5322
vn 0.4749 -0.7020 0.5308
vn 0.5155 -0.6942 0.5024
vn 0.6199 -0.7023 0.3500
vn 0.5609 -0.7919 0.2413
vn 0.6806 -0.6939 0.2352
vn 0.7333 -0.6783 -0.0458
vn 0.6350 -0.7128 -0.2978
vn 0.4261 -0.7076 -0.5637
vn 0.4313 -0.7075 -0.5599
vn -0.4950 -0.7654 0.4114
vn -0.6382 -0.7161 0.2827
vn -0.6059 -0.7633 -0.2242
vn -0.7252 -0.6863 0.0554
vn -0.6610 -0.7094 -0.2446
vn -0.5482 -0.7174 -0.4299
vn -0.4255 -0.7500 -0.5064
vn -0.2613 -0.7021 -0.6624
vn -0.0545 -0.7111 -0.7010
vn 0.1435 -0.6940 -0.7055
vn 0.1235 -0.7019 -0.7015
vn 0.1944 -0.6785 -0.7085
vn 0.2350 -0.6941 -0.6805
vn 0.2662 -0.6863 -0.6769
vn 0.3313 -0.6941 -0.6391
vn 0.3175 -0.6864 -0.6543
vn 0.3799 -0.6784 -0.6288
vn 0.4159 -0.6941 -0.5876
vn 0.3916 -0.6941 -0.6041
vn 0.4587 -0.6785 -0.5737
vn 0.4910 -0.6941 -0.5264
vn 0.4772 -0.6863 -0.5489
vn 0.5355 -0.6785 -0.5029
vn 0.5620 -0.6941 -0.4498
vn 0.5476 -0.6863 -0.4786
vn 0.6008 -0.6784 -0.4229
vn 0.6197 -0.6941 -0.3664
vn 0.6054 -0.6862 -0.4032
vn 0.6453 -0.6863 -0.3356
vn 0.6534 -0.6784 -0.3359
vn 0.6679 -0.6762 -0.3111
vn 0.6442 -0.7176 -0.2648
vn 0.6884 -0.6850 -0.2386
vn 0.6946 -0.6903 -0.2025
vn 0.6621 -0.7094 -0.2416
vn 0.6549 -0.7176 -0.2370
vn -0.6685 -0.7098 -0.2219
vn -0.6686 -0.7098 -0.2217
vn -0.5120 -0.8118 0.2809
vn -0.7009 -0.7101 -0.0667
vn -0.6353 -0.7098 -0.3043
vn -0.6352 -0.7098 -0.3045
vn -0.6027 -0.7098 -0.3646
vn -0.6015 -0.7098 -0.3666
vn 0.1208 -0.8047 -0.5812
vn -0.4279 -0.7116 -0.5573
vn -0.2394 -0.6862 -0.6869
vn 0.0037 -0.6783 -0.7348
vn -0.7084 -0.6942 0.1275
vn -0.5735 -0.6941 0.4351
vn -0.3962 -0.7119 0.5798
vn -0.2080 -0.7102 0.6726
vn -0.2140 -0.7075 0.6735
vn 0.1613 -0.6942 -0.7015
vn 0.3089 -0.7105 -0.6323
vn 0.4409 -0.7135 -0.5446
vn 0.4358 -0.7093 -0.5540
vn -0.6091 0.0023 0.7931
vn -0.6029 -0.0023 0.7978
vn 0.5297 0.0044 -0.8482
vn 0.5351 0.0153 -0.8447
vn 0.5353 0.0031 -0.8446
vn 0.5353 -0.0030 -0.8447
vn 0.5348 0.0541 -0.8432
vn 0.5616 0.1271 -0.8176
vn 0.6468 0.0272 -0.7622
vn 0.6538 0.0274 -0.7562
vn 0.7454 -0.1139 -0.6568
vn 0.6771 0.1210 -0.7258
vn 0.7716 0.0980 -0.6286
vn 0.8218 -0.0665 -0.5658
vn 0.8363 -0.0019 -0.5483
vn 0.8333 0.0149 -0.5526
vn -0.6678 -0.0414 0.7432
vn -0.6947 -0.0199 0.7191
vn -0.6484 -0.0166 0.7611
vn -0.7218 -0.0154 0.6920
vn -0.7415 -0.0017 0.6709
vn -0.6098 -0.0206 0.7923
vn -0.5676 -0.0222 0.8230
vn -0.5819 -0.0140 0.8131
vn -0.5150 -0.0357 0.8564
vn -0.4783 -0.0149 0.8781
vn -0.4657 -0.0156 0.8848
vn -0.3913 -0.0149 0.9201
vn -0.4221 -0.0421 0.9056
vn -0.3497 -0.0208 0.9366
vn -0.2811 -0.0106 0.9596
vn -0.3090 -0.0266 0.9507
vn -0.2455 0.0040 0.9694
vn -0.2479 0.0324 0.9682
vn -0.2467 -0.0034 0.9691
vn -0.1996 -0.0034 0.9799
vn -0.4875 -0.0026 0.8731
vn -0.7443 -0.0042 0.6679
vn -0.6982 -0.0123 0.7158
vn -0.2755 -0.0142 0.9612
vn -0.9013 -0.0026 0.4332
vn -0.9537 -0.0040 0.3008
vn -0.9993 0.0177 0.0322
vn -0.9996 -0.0049 -0.0279
vn -0.9688 0.0031 -0.2477
vn -0.9670 -0.0026 -0.2547
vn -0.1947 -0.6869 0.7001
vn -0.2120 -0.6799 0.7020
vn -0.1894 -0.6875 0.7011
vn -0.2164 -0.6787 0.7018
vn -0.1696 -0.6943 0.6995
vn -0.2256 -0.6795 0.6982
vn -0.2288 -0.6771 0.6994
vn -0.1669 -0.6872 0.7071
vn -0.1469 -0.6840 0.7146
vn -0.1494 -0.6931 0.7052
vn -0.1435 -0.6904 0.7090
vn -0.1478 -0.6964 0.7022
vn -0.1479 -0.6900 0.7086
vn -0.2316 -0.6739 0.7016
vn -0.2604 -0.6755 0.6899
vn -0.3863 -0.7038 0.5963
vn -0.2817 -0.6890 0.6678
vn -0.5080 -0.7300 0.4572
vn -0.5005 -0.7422 0.4457
vn 0.4762 0.8588 -0.1887
vn 0.4391 0.8969 -0.0515
vn 0.3859 0.9222 -0.0251
vn -0.6412 -0.0117 -0.7673
vn -0.6790 -0.0032 -0.7341
vn -0.6637 -0.0038 -0.7480
vn -0.6866 0.0036 -0.7271
vn -0.6156 -0.0023 -0.7881
vn -0.5348 -0.0118 -0.8449
vn -0.5649 -0.0049 -0.8252
vn -0.5040 -0.0124 -0.8636
vn -0.4626 -0.0160 -0.8864
vn -0.4393 -0.0118 -0.8982
vn -0.3984 -0.0343 -0.9166
vn -0.3758 0.0398 -0.9258
vn -0.3682 0.3410 -0.8650
vn -0.0888 -0.9959 0.0177
vn -0.1367 -0.9881 0.0709
vn -0.0786 -0.9931 0.0868
vn -0.0430 -0.9964 0.0727
vn -0.1153 -0.9889 0.0939
vn -0.1750 -0.9789 0.1058
vn -0.1745 -0.9790 0.1054
vn -0.2152 -0.9664 0.1406
vn -0.2390 -0.9584 0.1560
vn -0.2529 -0.9545 0.1582
vn -0.3152 -0.9337 0.1699
vn -0.2880 -0.9427 0.1683
vn -0.3573 -0.9090 0.2144
vn -0.3513 -0.9127 0.2088
vn -0.1632 -0.9786 0.1254
vn -0.4762 0.8588 0.1888
vn -0.4391 0.8970 0.0513
vn -0.3902 0.9205 0.0208
vn -0.2698 0.7166 -0.6432
vn -0.2902 0.6285 -0.7217
vn -0.3130 0.5376 -0.7830
vn -0.3396 0.4263 -0.8384
vn -0.2461 0.7220 -0.6466
vn -0.2191 0.8197 -0.5292
vn -0.2123 0.8231 -0.5267
vn -0.1682 0.8913 -0.4211
vn -0.1569 0.9008 -0.4048
vn -0.3266 0.4282 -0.8426
vn -0.3594 0.3022 -0.8829
vn -0.3818 0.2398 -0.8926
vn -0.1048 0.9550 -0.2776
vn -0.1141 0.9522 -0.2833
vn -0.0526 0.9908 -0.1250
vn -0.0526 0.9915 -0.1191
vn -0.3713 0.1681 -0.9132
vn -0.3713 0.0888 -0.9242
vn -0.3639 0.0707 -0.9288
vn -0.3624 -0.0005 -0.9320
vn -0.3639 -0.0034 -0.9314
vn -0.0920 0.9838 0.1538
vn -0.1007 0.9830 0.1537
vn -0.0913 0.9832 0.1582
vn -0.1384 0.9788 0.1511
vn -0.1400 0.9767 0.1628
vn -0.0913 0.9839 0.1539
vn -0.1149 0.9771 0.1791
vn -0.1323 0.9736 0.1861
vn -0.0957 0.9823 0.1613
vn -0.1459 0.9785 0.1456
vn -0.1163 0.9795 0.1646
vn -0.0963 0.9846 0.1460
vn -0.1232 0.9765 0.1768
vn -0.0899 0.9845 0.1507
vn -0.4180 -0.7020 -0.5766
vn -0.4539 -0.7098 -0.5387
vn -0.3572 -0.7098 -0.6071
vn -0.3492 -0.7098 -0.6117
vn -0.4371 -0.7097 -0.5525
vn -0.5534 -0.7098 -0.4358
vn -0.5511 -0.7098 -0.4387
vn -0.6138 -0.7099 -0.3455
vn -0.6158 -0.7098 -0.3419
vn -0.6132 -0.5849 -0.5309
vn -0.6568 -0.7039 -0.2706
vn -0.3062 -0.7020 -0.6430
vn -0.2518 -0.7098 -0.6579
vn -0.2617 -0.7098 -0.6540
vn -0.1077 -0.7098 -0.6961
vn -0.1001 -0.7097 -0.6973
vn -0.0605 -0.7019 -0.7097
vn 0.0060 -0.7098 -0.7044
vn 0.0060 -0.7098 -0.7043
vn 0.0723 -0.7019 -0.7086
vn 0.1187 -0.7098 -0.6943
vn 0.1116 -0.7098 -0.6955
vn 0.2520 -0.7098 -0.6578
vn 0.2539 -0.7098 -0.6571
vn 0.3664 -0.7098 -0.6016
vn 0.3669 -0.7098 -0.6013
vn 0.4684 -0.7098 -0.5261
vn 0.4685 -0.7098 -0.5260
vn 0.5562 -0.7098 -0.4323
vn 0.5550 -0.7098 -0.4338
vn 0.6388 -0.7022 -0.3144
vn 0.6216 -0.7099 -0.3310
vn 0.6297 -0.6158 -0.4736
vn 0.6566 -0.6985 -0.2846
vn 0.6318 -0.6638 -0.4003
vn 0.6077 -0.5132 -0.6061
vn 0.6392 -0.3930 -0.6610
vn 0.5655 -0.3411 -0.7509
vn 0.5371 -0.1729 -0.8256
vn 0.5700 -0.0643 -0.8191
vn 0.5705 -0.0001 -0.8213
vn 0.5643 -0.0008 -0.8256
vn 0.7176 -0.0037 0.6964
vn 0.7113 0.0305 0.7022
vn 0.7480 -0.0054 0.6636
vn 0.5071 -0.0026 0.8619
vn 0.7145 0.0037 0.6996
vn 0.6925 -0.0101 0.7213
vn 0.2149 -0.0041 0.9766
vn 0.2724 -0.0095 0.9621
vn 0.6894 -0.0125 0.7243
vn 0.6672 -0.0269 0.7444
vn 0.6327 -0.0221 0.7741
vn 0.6033 -0.0141 0.7974
vn 0.5725 -0.0423 0.8188
vn 0.5361 -0.0142 0.8440
vn 0.5242 -0.0132 0.8515
vn 0.4870 -0.0338 0.8727
vn 0.4301 -0.0214 0.9025
vn 0.4199 -0.0088 0.9075
vn 0.3774 -0.0241 0.9257
vn 0.3380 -0.0131 0.9411
vn 0.3073 -0.0443 0.9506
vn 0.2740 -0.0219 0.9615
vn 0.2389 -0.0152 0.9709
vn 0.2150 -0.0010 0.9766
vn -0.3331 0.7769 0.5343
vn -0.3077 0.7725 0.5554
vn -0.3160 0.7725 0.5508
vn -0.3215 0.7893 0.5231
vn -0.3411 0.7843 0.5182
vn -0.2696 0.7649 0.5851
vn -0.2665 0.7649 0.5864
vn 0.0921 0.9838 -0.1537
vn 0.0992 0.9840 -0.1478
vn 0.0913 0.9832 -0.1582
vn 0.1384 0.9788 -0.1511
vn 0.1400 0.9767 -0.1628
vn 0.1285 0.9769 -0.1706
vn 0.0904 0.9842 -0.1525
vn 0.0909 0.9838 -0.1543
vn 0.1138 0.9766 -0.1824
vn 0.1403 0.9713 -0.1920
vn 0.0957 0.9823 -0.1613
vn 0.1459 0.9785 -0.1456
vn 0.1164 0.9795 -0.1646
vn -0.9555 0.0119 -0.2947
vn -0.8773 -0.0032 -0.4800
vn -0.9849 0.1525 0.0824
vn -0.6153 0.0064 -0.7883
vn -0.9565 0.0158 0.2912
vn -0.8198 0.3714 0.4359
vn -0.6073 0.0111 -0.7944
vn -0.2777 -0.0043 -0.9607
vn -0.2501 0.0287 -0.9678
vn -0.0012 -0.0015 -1.0000
vn -0.0020 0.0024 -1.0000
vn 0.5470 0.0118 -0.8370
vn 0.4696 0.0039 -0.8829
vn 0.5825 0.0039 -0.8129
vn 0.6057 -0.0066 -0.7957
vn 0.6125 -0.0022 -0.7904
vn 0.4390 0.0039 -0.8985
vn 0.3393 0.0039 -0.9407
vn 0.3287 -0.0039 -0.9444
vn 0.2830 0.0009 -0.9591
vn 0.2793 -0.0048 -0.9602
vn -0.1311 -0.7207 0.6808
vn -0.1340 -0.7239 0.6768
vn -0.3459 -0.7184 0.6035
vn -0.5799 -0.8036 0.1340
vn -0.5222 -0.6942 0.4953
vn -0.6817 -0.6941 0.2315
vn -0.7025 -0.7114 -0.0175
vn -0.6902 -0.7027 -0.1725
vn -0.6688 -0.7219 -0.1779
vn 0.0420 0.9972 -0.0626
vn 0.0336 0.9921 -0.1212
vn 0.0137 0.9927 -0.1196
vn 0.0395 0.9921 -0.1193
vn 0.0409 0.9922 -0.1177
vn 0.0412 0.9922 -0.1180
vn 0.0433 0.9924 -0.1152
vn 0.0448 0.9924 -0.1144
vn 0.0462 0.9927 -0.1118
vn 0.0175 0.9944 -0.1045
vn 0.0037 -1.0000 0.0013
vn -0.0038 -1.0000 -0.0006
vn -0.0014 -1.0000 -0.0037
vn 0.0035 -1.0000 0.0017
vn -0.0012 -1.0000 0.0071
vn -0.0023 -1.0000 -0.0031
vn -0.0023 -1.0000 0.0031
vn 0.0026 -1.0000 0.0030
vn -0.0024 -1.0000 -0.0007
vn 0.1312 -0.7207 -0.6807
vn 0.1339 -0.7239 -0.6768
vn 0.3459 -0.7184 -0.6035
vn 0.5799 -0.8036 -0.1341
vn 0.5230 -0.6942 -0.4945
vn 0.6816 -0.6941 -0.2318
vn 0.7025 -0.7115 0.0162
vn 0.6902 -0.7027 0.1725
vn 0.6688 -0.7219 0.1779
vn -0.3015 -0.9335 -0.1940
vn -0.3581 -0.9105 -0.2067
vn -0.2895 -0.9428 -0.1650
vn -0.2460 -0.9547 -0.1672
vn -0.2352 -0.9601 -0.1515
vn -0.2304 -0.9666 -0.1126
vn -0.1750 -0.9787 -0.1074
vn -0.1701 -0.9780 -0.1209
vn -0.1269 -0.9876 -0.0930
vn -0.1435 -0.9889 -0.0376
vn -0.0668 -0.9955 -0.0671
vn -0.0549 -0.9982 -0.0235
vn -0.1193 -0.9903 -0.0706
vn -0.3594 -0.9123 -0.1966
vn -0.1813 -0.9795 -0.0872
vn 0.5973 -0.7098 0.3734
vn 0.6343 -0.7098 0.3062
vn 0.5981 -0.7098 0.3721
vn 0.6344 -0.7098 0.3062
vn 0.4523 -0.7103 0.5393
vn 0.6708 -0.7098 0.2151
vn 0.6708 -0.7098 0.2150
vn 0.5178 -0.8117 -0.2701
vn 0.7014 -0.7114 -0.0440
vn 0.7035 -0.6860 -0.1855
vn -0.0945 -0.8112 0.5771
vn 0.3440 -0.6941 0.6323
vn 0.5624 -0.6941 -0.4493
vn 0.3909 -0.7119 -0.5834
vn 0.2079 -0.7099 -0.6729
vn 0.2140 -0.7075 -0.6735
vn 0.1878 -0.6865 0.7025
vn -0.1471 -0.6941 0.7047
vn -0.3327 -0.7097 0.6211
vn -0.4418 -0.7141 0.5431
vn -0.4369 -0.7085 0.5542
vn 0.2265 -0.7098 -0.6670
vn 0.2291 -0.7098 -0.6662
vn 0.3092 -0.7098 -0.6329
vn 0.1987 -0.7147 -0.6706
vn 0.2019 -0.7248 -0.6587
vn 0.3068 -0.7098 -0.6341
vn 0.3919 -0.7098 -0.5853
vn 0.3923 -0.7098 -0.5850
vn 0.4593 -0.7098 -0.5340
vn 0.4584 -0.7098 -0.5348
vn 0.4868 -0.7132 -0.5044
vn -0.1116 -0.7098 0.6955
vn -0.0723 -0.7020 0.7085
vn -0.1186 -0.7098 0.6944
vn -0.2519 -0.7098 0.6578
vn -0.2538 -0.7098 0.6571
vn -0.0061 -0.7098 0.7044
vn -0.3664 -0.7098 0.6016
vn -0.3669 -0.7098 0.6013
vn -0.4685 -0.7098 0.5260
vn -0.5562 -0.7098 0.4323
vn -0.5550 -0.7098 0.4338
vn -0.6387 -0.7022 0.3145
vn -0.6213 -0.7099 0.3317
vn -0.6280 -0.6140 0.4782
vn -0.6564 -0.6984 0.2854
vn -0.6319 -0.6640 0.3998
vn -0.6075 -0.5127 0.6066
vn -0.6312 -0.3956 0.6672
vn -0.5726 -0.3340 0.7487
vn -0.5447 -0.1698 0.8213
vn -0.5700 -0.0643 0.8191
vn -0.5705 -0.0001 0.8213
vn -0.5643 -0.0008 0.8256
vn 0.0605 -0.7019 0.7097
vn 0.1078 -0.7098 0.6961
vn -0.0061 -0.7098 0.7043
vn 0.1002 -0.7097 0.6973
vn 0.2617 -0.7098 0.6540
vn 0.2518 -0.7098 0.6578
vn 0.3062 -0.7020 0.6430
vn 0.3571 -0.7098 0.6072
vn 0.3492 -0.7098 0.6118
vn 0.4181 -0.7020 0.5766
vn 0.4538 -0.7098 0.5388
vn 0.4371 -0.7097 0.5525
vn 0.5537 -0.7098 0.4354
vn 0.5511 -0.7098 0.4387
vn 0.6145 -0.7099 0.3442
vn 0.6307 -0.7021 0.3306
vn 0.6035 -0.5804 0.5467
vn 0.6480 -0.6946 0.3125
vn 0.6232 -0.6420 0.4465
vn 0.5940 -0.5604 0.5772
vn 0.6022 -0.4342 0.6700
vn 0.6174 -0.3405 0.7092
vn 0.5774 -0.3047 0.7575
vn 0.5667 -0.1834 0.8033
vn 0.5716 0.0021 0.8206
vn 0.5672 -0.0029 0.8236
vn -0.2148 -0.0040 0.9766
vn -0.0739 0.0044 0.9973
vn -0.4449 0.0491 0.8943
vn -0.5194 -0.0049 0.8545
vn -0.6989 -0.0005 0.7153
vn -0.7038 0.0013 0.7104
vn 0.2350 -0.9601 0.1514
vn 0.2303 -0.9666 0.1125
vn 0.1741 -0.9789 0.1069
vn 0.2461 -0.9547 0.1672
vn 0.3015 -0.9335 0.1940
vn 0.2895 -0.9428 0.1650
vn 0.3581 -0.9105 0.2067
vn 0.1707 -0.9778 0.1212
vn 0.1261 -0.9877 0.0927
vn 0.1421 -0.9892 0.0371
vn 0.0673 -0.9955 0.0673
vn 0.0548 -0.9982 0.0234
vn 0.1189 -0.9904 0.0708
vn 0.3594 -0.9122 0.1966
vn 0.1808 -0.9797 0.0870
vn -0.2388 -0.7098 -0.6627
vn -0.2327 -0.7092 -0.6655
vn -0.2007 -0.7173 -0.6672
vn -0.3096 -0.7098 -0.6327
vn -0.3158 -0.7098 -0.6296
vn -0.3859 -0.7098 -0.5893
vn -0.3834 -0.7098 -0.5909
vn -0.4567 -0.7098 -0.5363
vn -0.4545 -0.7098 -0.5382
vn -0.4712 -0.7202 -0.5091
vn -0.4663 -0.7253 -0.5065
vn -0.2105 -0.7251 -0.6557
vn 0.7037 -0.7099 -0.0290
vn 0.7036 -0.7098 -0.0329
vn 0.7089 -0.7016 -0.0721
vn 0.6654 -0.7412 -0.0890
vn 0.7024 -0.7071 0.0821
vn 0.7041 -0.7097 0.0249
vn 0.6693 -0.7361 0.1008
vn 0.6667 -0.7389 0.0981
vn 0.3168 -0.9330 -0.1705
vn 0.3596 -0.9081 -0.2147
vn 0.2875 -0.9429 -0.1681
vn 0.2541 -0.9541 -0.1588
vn 0.2363 -0.9593 -0.1545
vn 0.2141 -0.9667 -0.1400
vn 0.1738 -0.9792 -0.1050
vn 0.1750 -0.9789 -0.1057
vn 0.1148 -0.9890 -0.0936
vn 0.1355 -0.9883 -0.0699
vn 0.0435 -0.9964 -0.0732
vn 0.0785 -0.9931 -0.0868
vn 0.0888 -0.9959 -0.0174
vn 0.3505 -0.9130 -0.2086
vn 0.1569 -0.9780 -0.1375
vn 0.4872 -0.7122 -0.5054
vn 0.1725 -0.8036 -0.5697
vn 0.4947 -0.7134 -0.4964
vn 0.3831 -0.7108 -0.5899
vn 0.1428 -0.6941 -0.7056
vn -0.1714 -0.6942 -0.6991
vn -0.3512 -0.7184 -0.6005
vn -0.5227 -0.7228 -0.4520
vn -0.5193 -0.7232 -0.4552
vn 0.6197 0.0039 0.7849
vn 0.6076 -0.0038 0.7942
vn 0.6506 0.0007 0.7595
vn 0.6530 -0.0039 0.7573
vn 0.5301 0.0039 0.8479
vn 0.5206 0.0039 0.8538
vn 0.4837 0.0024 0.8752
vn 0.4878 0.0023 0.8729
vn 0.0037 -1.0000 -0.0010
vn -0.0018 -1.0000 0.0034
vn -0.0007 -1.0000 -0.0039
vn 0.0010 -1.0000 -0.0037
vn 0.0003 -1.0000 -0.0039
vn -0.7842 0.0087 0.6205
vn -0.8882 -0.0151 0.4591
vn -0.9618 0.0005 0.2738
vn -0.9775 -0.0122 0.2105
vn -0.9663 -0.0053 0.2574
vn 0.0007 -1.0000 0.0038
vn -0.0018 -1.0000 0.0035
vn -0.0003 -1.0000 0.0039
vn 0.0131 -0.9999 -0.0011
vn 0.0020 -0.9999 -0.0113
vn 0.0088 -0.9998 -0.0179
vn 0.5231 0.7274 -0.4441
vn 0.4389 0.7119 -0.5483
vn 0.2098 0.7120 -0.6701
vn 0.2134 0.7048 -0.6765
vn 0.6034 0.7177 -0.3477
vn 0.6461 0.7340 -0.2091
vn 0.6874 0.7195 -0.0986
vn 0.7099 0.6703 0.2159
vn 0.7042 0.6706 0.2331
vn 0.6764 0.6788 0.2858
vn 0.6200 0.7254 0.2991
vn 0.6706 0.6544 0.3492
vn 0.6761 0.6489 0.3491
vn -0.8838 0.0039 -0.4678
vn -0.7987 -0.0035 -0.6017
vn -0.9063 -0.0039 -0.4226
vn -0.7859 0.0158 -0.6181
vn -0.9399 0.0116 -0.3414
vn -0.9361 -0.0083 -0.3517
vn -0.7618 0.0085 -0.6478
vn -0.7010 0.7098 0.0687
vn -0.6736 0.7098 0.2062
vn -0.7011 0.7098 0.0686
vn -0.7011 0.7098 -0.0685
vn -0.6747 0.7098 0.2024
vn -0.4973 0.8510 -0.1688
vn -0.7008 0.7103 0.0660
vn -0.7011 0.7098 -0.0687
vn -0.6747 0.7099 -0.2021
vn -0.6736 0.7098 -0.2061
vn -0.7033 0.7096 -0.0424
vn -0.5606 0.8272 0.0377
vn -0.6838 0.7098 0.1689
vn -0.5761 0.7098 0.4054
vn -0.6974 0.7097 -0.1001
vn -0.5424 0.7098 -0.4494
vn -0.2305 0.7093 -0.6661
vn -0.3776 0.7098 0.5947
vn -0.2236 0.7091 0.6687
vn -0.0035 0.7100 0.7042
vn 0.0035 0.7032 0.7110
vn -0.0997 0.7103 -0.6968
vn -0.0035 0.7100 -0.7042
vn 0.0035 0.7032 -0.7110
vn 0.6888 -0.7021 -0.1807
vn 0.6573 -0.7413 -0.1353
vn 0.6805 -0.7327 0.0098
vn 0.6490 -0.7380 -0.1848
vn 0.7062 -0.7015 -0.0965
vn 0.6903 -0.7175 0.0933
vn 0.7120 -0.7016 0.0275
vn 0.6093 -0.7756 -0.1649
vn 0.6884 -0.7173 0.1076
vn 0.6761 -0.7177 0.1667
vn 0.6312 -0.7487 0.2027
vn 0.6336 -0.7465 0.2032
vn -0.6912 0.5778 0.4340
vn -0.6931 0.6158 0.3747
vn -0.6952 0.6145 0.3728
vn -0.6471 0.6383 0.4170
vn -0.6477 0.5999 0.4696
vn -0.6104 0.6233 0.4887
vn -0.6430 0.5926 0.4851
vn -0.6263 0.5449 0.5576
vn -0.7337 0.6447 0.2147
vn -0.7405 0.6093 0.2834
vn -0.7259 0.6833 0.0782
vn -0.6978 0.6648 -0.2666
vn -0.7246 0.6238 -0.2930
vn -0.6218 0.6023 -0.5007
vn -0.7224 0.5915 0.3582
vn -0.7391 0.5756 0.3499
vn -0.6999 0.6395 0.3182
vn -0.6948 0.6560 0.2948
vn -0.7386 0.6118 0.2831
vn -0.7469 0.6014 0.2837
vn -0.5157 -0.6942 -0.5022
vn -0.6263 -0.7022 -0.3387
vn -0.4749 -0.7020 -0.5307
vn -0.5610 -0.7920 -0.2410
vn -0.7065 -0.6940 -0.1390
vn -0.6785 -0.6862 0.2623
vn -0.5642 -0.7113 0.4193
vn -0.4265 -0.7082 0.5627
vn -0.4299 -0.7083 0.5599
vn -0.4732 -0.7021 -0.5321
vn -0.4172 -0.7019 -0.5773
vn -0.4670 -0.6783 -0.5673
vn -0.4042 -0.6942 -0.5956
vn -0.2652 -0.7098 -0.6526
vn -0.2608 -0.7098 -0.6543
vn -0.0958 -0.7098 -0.6979
vn -0.1052 -0.7020 -0.7044
vn -0.2031 -0.7175 -0.6663
vn -0.2005 -0.7178 -0.6668
vn -0.3909 -0.7007 -0.5968
vn -0.3887 -0.7035 -0.5950
vn -0.0525 0.9882 0.1441
vn -0.0405 0.9921 0.1184
vn -0.0468 0.9923 0.1148
vn -0.0377 0.9919 0.1214
vn -0.0362 0.9916 0.1245
vn -0.0890 0.9849 0.1483
vn -0.0894 0.9853 0.1457
vn -0.0759 0.9842 0.1601
vn -0.0759 0.9877 0.1370
vn 0.2612 -0.0025 0.9653
vn 0.2650 -0.0013 0.9642
vn 0.2627 -0.0041 0.9649
vn 0.2593 -0.0003 0.9658
vn 0.8099 0.0042 0.5866
vn 0.8228 -0.0042 0.5683
vn 0.8562 0.0113 0.5166
vn 0.7801 0.0049 0.6256
vn 0.7656 -0.0129 0.6432
vn 0.7569 -0.0277 0.6530
vn 0.0526 0.9882 -0.1441
vn 0.0405 0.9921 -0.1184
vn 0.0468 0.9923 -0.1148
vn 0.0377 0.9919 -0.1214
vn 0.0362 0.9916 -0.1245
vn 0.0890 0.9849 -0.1483
vn 0.0893 0.9853 -0.1457
vn 0.0759 0.9842 -0.1601
vn 0.0759 0.9877 -0.1369
vn -0.2612 -0.0025 -0.9653
vn -0.2651 -0.0013 -0.9642
vn -0.2627 -0.0040 -0.9649
vn -0.2593 -0.0003 -0.9658
vn -0.8099 0.0042 -0.5866
vn -0.8228 -0.0042 -0.5683
vn -0.8561 0.0113 -0.5167
vn -0.7802 0.0049 -0.6255
vn -0.7656 -0.0129 -0.6431
vn -0.7569 -0.0277 -0.6530
vn -0.5107 -0.7093 -0.4860
vn -0.2944 -0.7020 -0.6485
vn -0.5319 -0.7595 0.3745
vn -0.3094 -0.6941 -0.6500
vn 0.0079 -0.7175 -0.6965
vn 0.0080 -0.7177 -0.6963
vn 0.0114 -0.7176 -0.6963
vn 0.0020 -0.7255 -0.6882
vn -0.1854 -0.7052 -0.6844
vn -0.1898 -0.6987 -0.6898
vn -0.6200 -0.7098 -0.3343
vn -0.7009 -0.7092 -0.0765
vn -0.5744 -0.7177 0.3937
vn -0.4771 -0.6967 0.5358
vn -0.5137 -0.6930 0.5059
vn -0.6589 -0.0037 0.7523
vn -0.6579 0.0005 0.7531
vn -0.6555 -0.0048 0.7552
vn -0.6234 0.6640 -0.4129
vn -0.6197 0.6651 -0.4166
vn -0.6223 0.6629 -0.4164
vn -0.6300 0.6559 -0.4157
vn -0.6467 0.6296 -0.4305
vn -0.6376 0.6323 -0.4402
vn -0.6394 0.6322 -0.4376
vn 0.6234 0.6640 0.4129
vn 0.6197 0.6651 0.4166
vn 0.6223 0.6629 0.4163
vn 0.6300 0.6559 0.4157
vn 0.6468 0.6296 0.4304
vn 0.6376 0.6323 0.4402
vn 0.6394 0.6322 0.4376
vn -0.1179 0.9910 -0.0637
vn -0.0638 0.9976 -0.0258
vn -0.0728 0.9930 -0.0934
vn -0.0866 0.9912 -0.1002
vn -0.1119 0.9922 -0.0553
vn -0.0841 0.9924 -0.0896
vn -0.0236 0.9983 -0.0525
vn -0.0246 0.9977 -0.0628
vn -0.0302 0.9984 -0.0475
vn -0.0354 0.9977 -0.0575
vn -0.0460 0.9978 -0.0471
vn -0.0421 0.9982 -0.0436
vn -0.0404 0.9990 -0.0167
vn -0.0828 0.9959 -0.0351
vn -0.5827 0.6785 0.4473
vn -0.5777 0.6783 0.4540
vn -0.6252 0.6783 0.3860
vn -0.5332 0.6782 0.5058
vn -0.5307 0.6789 0.5074
vn -0.5096 0.6804 0.5267
vn -0.5126 0.6769 0.5282
vn -0.6325 0.6780 0.3744
vn -0.6431 0.6922 0.3274
vn -0.6431 0.6863 0.3399
vn -0.6440 0.6923 0.3255
vn -0.6874 0.6236 0.3724
vn -0.7157 0.5666 0.4083
vn -0.5209 0.6793 0.5169
vn -0.7678 0.5091 0.3889
vn 0.3933 0.8846 -0.2506
vn 0.4415 0.8589 -0.2596
vn 0.4055 0.8665 -0.2911
vn 0.0007 1.0000 -0.0038
vn 0.0024 1.0000 -0.0031
vn -0.0031 1.0000 -0.0023
vn -0.0008 1.0000 0.0038
vn -0.0036 1.0000 -0.0015
vn -0.0422 0.9972 0.0617
vn -0.0334 0.9921 0.1212
vn -0.0139 0.9927 0.1197
vn -0.0395 0.9921 0.1193
vn -0.0406 0.9922 0.1178
vn -0.0412 0.9922 0.1181
vn -0.0433 0.9924 0.1152
vn -0.0448 0.9924 0.1144
vn -0.0463 0.9927 0.1118
vn -0.0174 0.9944 0.1045
vn 0.1179 0.9910 0.0637
vn 0.0638 0.9976 0.0258
vn 0.0728 0.9930 0.0934
vn 0.0866 0.9912 0.1002
vn 0.1119 0.9922 0.0553
vn 0.0841 0.9924 0.0896
vn 0.0236 0.9983 0.0525
vn 0.0246 0.9977 0.0628
vn 0.0302 0.9984 0.0475
vn 0.0355 0.9977 0.0575
vn 0.0460 0.9978 0.0471
vn 0.0421 0.9982 0.0436
vn 0.0404 0.9990 0.0167
vn 0.0828 0.9959 0.0351
vn 0.4221 0.7098 -0.5640
vn 0.4041 0.7096 -0.5772
vn 0.4275 0.7076 -0.5625
vn 0.4899 0.7098 -0.5062
vn 0.4900 0.7098 -0.5061
vn 0.5519 0.7020 -0.4502
vn 0.5460 0.7098 -0.4450
vn 0.5816 0.6921 -0.4276
vn 0.5865 0.6884 -0.4268
vn -0.0115 -0.7176 0.6963
vn 0.0187 -0.7255 0.6880
vn 0.0133 -0.7175 0.6964
vn -0.0021 -0.7255 0.6882
vn 0.1854 -0.7051 0.6844
vn 0.1897 -0.6986 0.6899
vn 0.2780 -0.7019 0.6558
vn 0.2979 -0.7098 0.6383
vn 0.6320 -0.7523 -0.1862
vn 0.5277 -0.6930 0.4912
vn 0.6173 -0.7099 0.3391
vn 0.6874 -0.7256 -0.0322
vn 0.6168 -0.7257 -0.3047
vn 0.5405 -0.7227 -0.4308
vn 0.6411 -0.6811 -0.3536
vn -0.4874 -0.7120 0.5054
vn -0.1725 -0.8036 0.5697
vn -0.4946 -0.7133 0.4965
vn -0.3832 -0.7108 0.5899
vn -0.1429 -0.6941 0.7056
vn 0.1716 -0.6941 0.6991
vn 0.3513 -0.7184 0.6004
vn 0.5227 -0.7228 0.4520
vn 0.5193 -0.7232 0.4553
vn -0.2779 -0.7235 -0.6319
vn -0.3766 -0.7098 -0.5952
vn -0.3181 -0.7177 -0.6195
vn -0.2817 -0.7173 -0.6373
vn -0.3722 -0.7099 -0.5980
vn -0.4297 -0.7176 -0.5480
vn -0.4171 -0.7255 -0.5474
vn -0.4730 -0.6989 -0.5364
vn -0.4748 -0.6964 -0.5382
vn -0.2465 -0.7569 -0.6052
vn 0.2140 0.0039 -0.9768
vn 0.1993 0.0117 -0.9799
vn 0.2411 0.0019 -0.9705
vn 0.1605 0.0591 -0.9853
vn 0.1557 0.0690 -0.9854
vn 0.2397 0.0043 -0.9708
vn 0.0026 1.0000 -0.0021
vn -0.0002 1.0000 0.0035
vn -0.0030 1.0000 -0.0017
vn 0.0003 1.0000 -0.0039
vn -0.0002 1.0000 -0.0017
vn 0.0014 1.0000 0.0020
vn 0.0004 1.0000 0.0029
vn 0.0004 1.0000 0.0039
vn -0.0006 1.0000 0.0038
vn 0.0002 1.0000 -0.0039
vn -0.0035 1.0000 -0.0016
vn 0.0167 0.9998 0.0059
vn 0.0016 0.9999 0.0142
vn -0.0011 1.0000 0.0037
vn -0.9857 0.0128 0.1679
vn -0.9845 0.0212 0.1739
vn -0.9850 0.0083 0.1722
vn -0.9852 -0.0013 0.1712
vn 0.4714 -0.7098 -0.5235
vn 0.5190 -0.6909 -0.5033
vn 0.5107 -0.6930 -0.5089
vn 0.4615 -0.7124 -0.5287
vn 0.4753 -0.6755 -0.5637
vn 0.4144 -0.7019 -0.5793
vn 0.4218 -0.7411 -0.5224
vn 0.3514 -0.7412 -0.5720
vn 0.3301 -0.7098 -0.6223
vn 0.2856 -0.7334 -0.6169
vn 0.2318 -0.7255 -0.6480
vn 0.2321 -0.7177 -0.6566
vn -0.0219 -0.6351 -0.7722
vn -0.1366 -0.7146 -0.6861
vn -0.2506 -0.6460 -0.7210
vn -0.6680 0.1294 0.7329
vn -0.6340 -0.0385 0.7724
vn -0.6325 -0.0209 0.7743
vn -0.7241 0.0289 0.6891
vn -0.7490 0.0475 0.6608
vn -0.7504 0.0728 0.6569
vn 1.0000 0.0007 -0.0030
vn 0.9996 0.0279 -0.0097
vn 0.9999 0.0093 -0.0054
vn 0.9998 0.0161 -0.0103
vn -0.4899 0.7098 0.5062
vn -0.4221 0.7098 0.5640
vn -0.4276 0.7077 0.5625
vn -0.4899 0.7098 0.5061
vn -0.4038 0.7099 0.5770
vn -0.5519 0.7020 0.4502
vn -0.5460 0.7098 0.4450
vn -0.5816 0.6920 0.4275
vn -0.5865 0.6882 0.4270
vn -0.0007 1.0000 0.0038
vn -0.0024 1.0000 0.0031
vn 0.0031 1.0000 0.0023
vn -0.3574 0.7093 -0.6076
vn -0.3562 0.7035 -0.6149
vn -0.3493 0.7061 -0.6159
vn -0.3504 0.7120 -0.6085
vn 0.3573 0.7094 0.6075
vn 0.3562 0.7034 0.6151
vn 0.3493 0.7062 0.6159
vn 0.3505 0.7119 0.6085
vn 0.9860 0.1661 0.0112
vn 0.9959 0.0890 0.0154
vn 0.9914 0.1311 -0.0035
vn 0.9860 0.1663 -0.0141
vn -0.7112 0.0030 0.7030
vn -0.8745 -0.0037 0.4851
vn -0.8371 0.0072 0.5471
vn 0.3603 0.7829 0.5072
vn 0.3653 0.7788 0.5099
vn 0.3763 0.7606 0.5291
vn 0.3648 0.7685 0.5258
vn 0.3728 0.7711 0.5161
vn -0.3603 0.7829 -0.5072
vn -0.3654 0.7787 -0.5100
vn -0.3762 0.7606 -0.5291
vn -0.3648 0.7682 -0.5261
vn -0.3726 0.7712 -0.5162
vn -0.7022 0.7071 -0.0829
vn -0.6607 0.7450 -0.0924
vn -0.7040 0.7098 -0.0240
vn -0.7025 0.7071 0.0805
vn -0.6677 0.7396 -0.0851
vn -0.7041 0.7098 0.0216
vn -0.7144 0.6964 0.0685
vn -0.7089 0.7013 0.0751
vn -0.4447 0.7191 -0.5340
vn -0.2066 0.7072 -0.6762
vn -0.2146 0.7073 -0.6735
vn -0.4591 0.7150 -0.5272
vn -0.5885 0.7272 -0.3532
vn -0.5686 0.7269 -0.3851
vn -0.6852 0.7261 -0.0579
vn -0.7006 0.6787 0.2200
vn -0.7174 0.6629 0.2144
vn -0.6554 0.6865 0.3148
vn -0.6823 0.6632 0.3077
vn -0.6210 0.7065 0.3393
vn -0.6605 0.6463 0.3820
vn -0.6962 0.6130 0.3735
vn -0.2995 0.7521 -0.5871
vn -0.2845 0.7576 -0.5875
vn -0.2999 0.7531 -0.5856
vn -0.3275 0.7400 -0.5875
vn -0.2793 0.7617 -0.5847
vn 0.7041 0.7098 -0.0215
vn 0.7144 0.6964 -0.0685
vn 0.7089 0.7013 -0.0751
vn 0.7025 0.7071 -0.0805
vn 0.7040 0.7098 0.0240
vn 0.7022 0.7071 0.0830
vn 0.6607 0.7450 0.0923
vn 0.6677 0.7396 0.0851
vn 0.4449 0.7190 0.5340
vn 0.2068 0.7074 0.6759
vn 0.2142 0.7074 0.6735
vn 0.4571 0.7152 0.5288
vn 0.5947 0.7202 0.3572
vn 0.5688 0.7268 0.3849
vn 0.6931 0.7187 0.0557
vn 0.7007 0.6787 -0.2199
vn 0.7173 0.6627 -0.2151
vn 0.6481 0.6861 -0.3305
vn 0.6819 0.6632 -0.3085
vn 0.6203 0.7158 -0.3207
vn 0.6585 0.6459 -0.3863
vn 0.6876 0.6219 -0.3748
vn 0.2994 0.7521 0.5871
vn 0.2837 0.7579 0.5875
vn 0.3008 0.7528 0.5855
vn 0.3273 0.7409 0.5865
vn 0.2788 0.7634 0.5827
vn -0.3805 0.7176 -0.5833
vn -0.3807 0.6963 -0.6084
vn -0.3629 0.7283 -0.5812
vn -0.3935 0.7137 -0.5795
vn -0.1575 0.7903 -0.5922
vn -0.4016 0.7262 -0.5581
vn -0.3966 0.7323 -0.5536
vn 0.7112 -0.7009 -0.0533
vn 0.5961 -0.7997 -0.0713
vn 0.6749 -0.7323 -0.0907
vn 0.7397 -0.6705 0.0569
vn 0.6073 -0.7911 -0.0729
vn 0.7405 -0.6706 0.0436
vn 0.6906 -0.7190 0.0777
vn 0.6808 -0.7287 0.0748
vn 0.7455 0.0039 0.6665
vn 0.8186 -0.0056 0.5743
vn 0.8566 0.0081 0.5158
vn 0.7107 -0.0039 0.7035
vn 0.3865 0.0039 0.9223
vn 0.3597 0.0039 0.9331
vn 0.0037 0.0039 1.0000
vn -0.0022 -0.0038 1.0000
vn -0.3373 0.0040 0.9414
vn -0.3985 -0.0039 0.9172
vn -0.7454 0.0040 0.6666
vn -0.7060 -0.0039 0.7082
vn -0.8166 -0.0091 0.5771
vn -0.8541 -0.0021 0.5200
vn -0.6188 -0.3446 -0.7060
vn -0.5672 -0.0029 -0.8236
vn -0.5716 0.0021 -0.8205
vn -0.5744 -0.1790 -0.7988
vn -0.5774 -0.3047 -0.7575
vn -0.6024 -0.4357 -0.6688
vn -0.5942 -0.5610 -0.5764
vn -0.6148 -0.6450 -0.4538
vn -0.6635 -0.6782 -0.3160
vn -0.5961 -0.7997 0.0713
vn -0.6073 -0.7911 0.0729
vn -0.6749 -0.7323 0.0905
vn -0.7112 -0.7009 0.0533
vn -0.7397 -0.6705 -0.0570
vn -0.7405 -0.6706 -0.0434
vn -0.6906 -0.7190 -0.0777
vn -0.6807 -0.7287 -0.0748
vn -0.2921 -0.7255 0.6232
vn -0.4850 -0.7178 0.4994
vn -0.0726 -0.7481 0.6596
vn -0.4319 -0.7022 0.5660
vn -0.5933 -0.6902 0.4143
vn 0.0099 -0.6784 0.7347
vn 0.2725 -0.7177 0.6408
vn 0.4249 -0.7168 0.5529
vn 0.4916 -0.7098 0.5044
vn 0.5927 -0.6923 0.4116
vn -0.3839 0.0039 -0.9234
vn -0.7449 0.0039 -0.6671
vn -0.3647 0.0039 -0.9311
vn -0.7073 -0.0039 -0.7069
vn -0.8187 -0.0055 -0.5742
vn -0.8557 -0.0051 -0.5175
vn -0.0037 0.0039 -1.0000
vn 0.0042 -0.0039 -1.0000
vn 0.3495 0.0040 -0.9369
vn 0.4000 -0.0039 -0.9165
vn 0.7464 0.0040 -0.6655
vn 0.7044 -0.0039 -0.7098
vn 0.8170 -0.0083 -0.5765
vn 0.8503 0.0050 -0.5262
vn 0.0001 1.0000 -0.0039
vn 0.0030 1.0000 0.0017
vn -0.0026 1.0000 0.0021
vn 0.0002 1.0000 -0.0034
vn 0.0002 1.0000 0.0017
vn -0.0009 1.0000 0.0038
vn 0.0006 1.0000 -0.0038
vn -0.0013 1.0000 -0.0019
vn -0.0010 1.0000 0.0038
vn 0.7355 0.0113 -0.6775
vn 0.6623 0.2000 -0.7221
vn 0.6152 -0.0143 -0.7883
vn 0.6328 -0.0449 -0.7730
vn 0.7214 -0.0145 -0.6923
vn -0.2537 0.0496 0.9660
vn -0.1905 -0.0741 0.9789
vn -0.2397 0.0740 0.9680
vn -0.1415 0.0474 0.9888
vn -0.1509 0.0798 0.9853
vn 0.9845 0.0133 -0.1746
vn 0.9863 0.0097 -0.1647
vn 0.9853 0.0187 -0.1699
vn 0.9858 0.0042 -0.1679
vn 0.2784 -0.7176 -0.6384
vn 0.4953 -0.7019 -0.5119
vn 0.4253 -0.7194 -0.5492
vn -0.0232 -0.7568 -0.6532
vn 0.5896 -0.6951 -0.4113
vn 0.0033 -0.6863 -0.7273
vn -0.2683 -0.7178 -0.6425
vn -0.4278 -0.7244 -0.5406
vn -0.4942 -0.7099 -0.5019
vn -0.5860 -0.6964 -0.4143
vn -0.6423 -0.7097 -0.2894
vn -0.6435 -0.7020 -0.3051
vn -0.5515 -0.7172 -0.4261
vn -0.6791 -0.6936 -0.2403
vn -0.4965 -0.7259 -0.4760
vn -0.6698 -0.7042 -0.2356
vn -0.6002 -0.7623 -0.2421
vn -0.4777 -0.7363 -0.4792
vn -0.3964 -0.7102 -0.5818
vn 0.6531 -0.7016 0.2850
vn 0.6376 -0.7098 0.2994
vn 0.4610 -0.6446 0.6099
vn 0.6783 -0.6942 0.2408
vn 0.4906 -0.7255 0.4827
vn 0.6699 -0.7040 0.2361
vn 0.3794 -0.7171 0.5847
vn 0.3964 -0.7119 0.5798
vn 0.4297 -0.7009 -0.5693
vn 0.4265 -0.7080 -0.5629
vn 0.4300 -0.7116 -0.5557
vn 0.4318 -0.7073 -0.5598
vn -0.9916 0.0039 0.1292
vn -0.9954 0.0039 -0.0959
vn -0.9955 0.0039 0.0946
vn -0.9931 -0.0127 0.1163
vn -0.9930 0.0114 0.1176
vn -0.9913 0.0039 -0.1313
vn -0.9939 0.0119 -0.1093
vn -0.9941 -0.0132 -0.1080
vn 0.2097 -0.7090 0.6734
vn 0.2047 -0.7052 0.6788
vn 0.2069 -0.7042 0.6792
vn 0.2075 -0.7099 0.6731
vn -0.5597 -0.7143 -0.4201
vn -0.5706 -0.6992 -0.4308
vn -0.5735 -0.7001 -0.4254
vn -0.5567 -0.7134 -0.4255
vn -0.3591 -0.7079 0.6081
vn -0.3671 -0.7073 0.6042
vn -0.3604 -0.7061 0.6095
vn -0.3658 -0.7090 0.6029
vn -0.0670 -0.7079 -0.7032
vn -0.0580 -0.7077 -0.7041
vn -0.0666 -0.7060 -0.7051
vn -0.0584 -0.7094 -0.7024
vn -0.4602 -0.7115 -0.5310
vn -0.4685 -0.7035 -0.5344
vn -0.4629 -0.7115 -0.5286
vn -0.4659 -0.7033 -0.5369
vn 0.2048 -0.7053 -0.6787
vn 0.2097 -0.7090 -0.6733
vn 0.2069 -0.7044 -0.6790
vn 0.2075 -0.7099 -0.6731
vn 0.9939 0.0119 0.1092
vn 0.9941 -0.0132 0.1079
vn 0.9954 0.0039 0.0956
vn 0.9913 0.0039 0.1315
vn 0.9955 0.0039 -0.0947
vn 0.9916 0.0039 -0.1292
vn 0.9931 -0.0127 -0.1163
vn 0.9930 0.0114 -0.1176
vn 0.5704 -0.7001 -0.4296
vn 0.5593 -0.7145 -0.4203
vn 0.5731 -0.7010 -0.4244
vn 0.5567 -0.7135 -0.4255
vn -0.2047 -0.7052 0.6788
vn -0.2096 -0.7090 0.6734
vn -0.2069 -0.7043 0.6791
vn -0.2074 -0.7099 0.6730
vn 0.0670 -0.7079 0.7032
vn 0.0580 -0.7079 0.7040
vn 0.0664 -0.7061 0.7050
vn 0.0586 -0.7095 0.7022
vn 0.0027 1.0000 0.0018
vn -0.0019 1.0000 0.0067
vn -0.0049 1.0000 0.0015
vn -0.6629 0.6859 0.3002
vn -0.6784 0.6627 0.3172
vn -0.6633 0.6890 0.2922
vn -0.6804 0.6530 0.3326
vn 0.5594 -0.7145 0.4202
vn 0.5704 -0.7001 0.4296
vn 0.5731 -0.7010 0.4244
vn 0.5568 -0.7134 0.4254
vn -0.6987 -0.7152 -0.0157
vn -0.7145 -0.6996 -0.0078
vn -0.7118 -0.7024 -0.0024
vn -0.7015 -0.7123 -0.0211
vn 0.3671 -0.7072 0.6042
vn 0.3592 -0.7080 0.6081
vn 0.3605 -0.7062 0.6094
vn 0.3658 -0.7090 0.6029
vn -0.7391 -0.6724 -0.0390
vn -0.7351 -0.6778 -0.0164
vn -0.7215 -0.6917 -0.0307
vn 0.2227 0.0128 0.9748
vn 0.2469 -0.0117 0.9690
vn 0.2784 -0.0285 0.9600
vn 0.3296 -0.0041 0.9441
vn 0.3549 0.0032 0.9349
vn 0.4028 0.0275 0.9149
vn 0.4642 -0.0050 0.8857
vn 0.4725 -0.0277 0.8809
vn 0.5169 0.0095 0.8560
vn 0.5647 0.0199 0.8250
vn 0.5688 -0.0033 0.8224
vn 0.5736 0.0015 0.8191
vn -0.3296 -0.0041 -0.9441
vn -0.3549 0.0032 -0.9349
vn -0.2784 -0.0285 -0.9600
vn -0.4028 0.0275 -0.9149
vn -0.4642 -0.0050 -0.8857
vn -0.4725 -0.0277 -0.8809
vn -0.5167 0.0094 -0.8561
vn -0.5638 0.0194 -0.8257
vn -0.5691 -0.0025 -0.8222
vn -0.5710 0.0027 -0.8209
vn -0.2468 -0.0118 -0.9690
vn -0.2227 0.0130 -0.9748
vn -0.4308 -0.7003 0.5692
vn -0.4264 -0.7079 0.5631
vn -0.4297 -0.7105 0.5572
vn -0.4320 -0.7071 0.5598
vn 0.6887 -0.6764 0.2611
vn 0.6924 -0.6781 0.2468
vn 0.6813 -0.6878 0.2505
vn -0.6888 -0.6763 -0.2611
vn -0.6923 -0.6781 -0.2468
vn -0.6813 -0.6877 -0.2506
vn -0.2536 0.1675 0.9527
vn -0.2190 0.0869 0.9719
vn -0.2258 0.1159 0.9673
vn -0.2563 0.2000 0.9457
vn -0.3692 -0.0069 0.9293
vn -0.3569 -0.0119 0.9341
vn -0.0921 0.0008 0.9957
vn -0.0808 0.0030 0.9967
vn -0.5706 -0.6992 0.4308
vn -0.5598 -0.7143 0.4200
vn -0.5735 -0.7001 0.4254
vn -0.5568 -0.7134 0.4254
vn 0.6534 -0.7050 -0.2758
vn 0.6475 -0.7105 -0.2757
vn 0.6470 -0.7100 -0.2780
vn 0.6529 -0.7046 -0.2781
vn 0.7145 -0.6996 -0.0078
vn 0.6987 -0.7152 -0.0157
vn 0.7118 -0.7024 -0.0024
vn 0.7016 -0.7123 -0.0211
vn 0.0019 -1.0000 -0.0033
vn -0.5759 -0.7094 -0.4063
vn -0.5809 -0.7067 -0.4040
vn -0.5810 -0.7057 -0.4055
vn -0.5760 -0.7084 -0.4079
vn 0.9173 -0.0018 -0.3982
vn 0.9667 -0.0114 -0.2558
vn 0.9664 -0.0262 -0.2556
vn 0.9124 -0.0010 -0.4092
vn 0.4659 -0.7032 0.5371
vn 0.4604 -0.7115 0.5309
vn 0.4631 -0.7114 0.5285
vn 0.4685 -0.7033 0.5346
vn 0.2502 0.0306 -0.9677
vn 0.2315 0.0665 -0.9706
vn 0.2446 0.0458 -0.9686
vn 0.2272 0.0857 -0.9701
vn -0.2321 -0.7092 -0.6657
vn -0.2260 -0.7063 -0.6708
vn -0.2330 -0.7077 -0.6670
vn -0.2251 -0.7080 -0.6694
vn -0.9976 0.0681 -0.0136
vn -0.9965 0.0827 -0.0086
vn -0.9985 0.0546 -0.0036
vn -0.9990 0.0444 0.0013
vn 0.6877 -0.7079 0.1610
vn 0.6883 -0.7087 0.1547
vn 0.6896 -0.7074 0.1549
vn 0.6892 -0.7065 0.1611
vn 0.5759 -0.7094 0.4062
vn 0.5807 -0.7068 0.4040
vn 0.5809 -0.7058 0.4055
vn 0.5761 -0.7085 0.4077
vn -0.3669 -0.7074 -0.6041
vn -0.3591 -0.7079 -0.6081
vn -0.3604 -0.7061 -0.6095
vn -0.3656 -0.7091 -0.6029
vn -0.6532 -0.7052 0.2758
vn -0.6475 -0.7104 0.2757
vn -0.6470 -0.7100 0.2780
vn -0.6527 -0.7047 0.2781
vn 0.3807 0.7176 0.5832
vn 0.3633 0.7280 0.5814
vn 0.3933 0.7138 0.5795
vn 0.3803 0.6962 0.6088
vn 0.1573 0.7900 0.5926
vn 0.4016 0.7262 0.5581
vn 0.3964 0.7326 0.5534
vn 0.3243 0.7724 0.5461
vn 0.4099 0.7177 0.5629
vn 0.3311 0.7079 0.6239
vn 0.3433 0.7004 0.6257
vn 0.4744 0.7098 0.5208
vn 0.4708 0.7098 0.5239
vn 0.5537 0.7098 0.4355
vn 0.5472 0.7098 0.4436
vn 0.6154 0.7098 0.3427
vn 0.6158 0.7098 0.3421
vn 0.6536 0.6872 0.3172
vn 0.6474 0.6939 0.3152
vn -0.2318 0.6782 0.6973
vn -0.2623 0.7099 0.6536
vn -0.2142 0.6863 0.6951
vn -0.3278 0.6246 0.7088
vn -0.3334 0.6227 0.7079
vn -0.2128 0.6980 0.6837
vn -0.2013 0.6977 0.6876
vn 0.2322 0.6782 -0.6972
vn 0.2622 0.7099 -0.6536
vn 0.2091 0.6941 -0.6888
vn 0.3286 0.6244 -0.7086
vn 0.3335 0.6201 -0.7101
vn 0.2132 0.6978 -0.6839
vn 0.2009 0.6974 -0.6879
vn -0.3243 0.7724 -0.5461
vn -0.4099 0.7177 -0.5629
vn -0.3324 0.7090 -0.6219
vn -0.3408 0.7022 -0.6251
vn -0.4744 0.7098 -0.5207
vn -0.4708 0.7098 -0.5239
vn -0.5536 0.7098 -0.4355
vn -0.5473 0.7098 -0.4435
vn -0.6154 0.7098 -0.3427
vn -0.6158 0.7098 -0.3420
vn -0.6537 0.6868 -0.3177
vn -0.6478 0.6937 -0.3149
vn 0.4462 0.6737 -0.5891
vn 0.4510 0.6705 -0.5891
vn 0.4509 0.6705 -0.5892
vn 0.4467 0.6729 -0.5897
vn -0.8546 0.0118 0.5191
vn -0.8551 0.0050 0.5184
vn -0.8584 0.0126 0.5128
vn -0.4462 0.6737 0.5891
vn -0.4510 0.6705 0.5891
vn -0.4509 0.6705 0.5892
vn -0.4467 0.6729 0.5897
vn -0.2882 0.5536 -0.7813
vn -0.2912 0.5535 -0.7803
vn -0.2940 0.5571 -0.7766
vn -0.2827 0.5613 -0.7778
vn -0.2911 0.0717 0.9540
vn -0.2784 0.0432 0.9595
vn -0.2824 0.0545 0.9577
vn -0.2955 0.0808 0.9519
vn 0.9892 0.0733 -0.1267
vn 0.9912 0.0560 -0.1196
vn 0.9948 -0.0696 -0.0748
vn 0.9841 0.0859 -0.1555
vn 0.3656 -0.7091 -0.6029
vn 0.3592 -0.7080 -0.6081
vn 0.3605 -0.7062 -0.6094
vn 0.3669 -0.7074 -0.6041
vn -0.0206 0.6861 0.7272
vn -0.0689 0.6397 0.7655
vn 0.2166 0.7529 0.6214
vn -0.0722 0.6447 0.7610
vn 0.3565 0.8195 0.4487
vn 0.4708 0.7939 0.3848
vn 0.6115 0.7700 0.1822
vn 0.6824 0.7253 0.0910
vn -0.6475 -0.7105 -0.2757
vn -0.6532 -0.7052 -0.2758
vn -0.6470 -0.7100 -0.2779
vn -0.6527 -0.7047 -0.2781
vn 0.5808 -0.7067 -0.4040
vn 0.5759 -0.7094 -0.4062
vn 0.5809 -0.7057 -0.4055
vn 0.5761 -0.7084 -0.4078
vn -0.6883 -0.7070 -0.1622
vn -0.6883 -0.7087 -0.1548
vn -0.6900 -0.7072 -0.1545
vn -0.6900 -0.7055 -0.1618
vn -0.6499 0.7589 -0.0405
vn -0.5810 0.7798 -0.2332
vn -0.6520 0.7384 -0.1723
vn -0.3219 0.7815 -0.5344
vn -0.2210 0.7975 -0.5614
vn 0.0250 0.6635 -0.7478
vn 0.0419 0.6468 -0.7615
vn 0.0748 0.6464 -0.7593
vn 0.2321 -0.7092 0.6657
vn 0.2261 -0.7063 0.6708
vn 0.2330 -0.7077 0.6669
vn 0.2251 -0.7080 0.6693
vn -0.8576 0.4120 -0.3079
vn -0.9063 0.0968 -0.4113
vn -0.9343 0.2224 -0.2786
vn -0.8426 0.5070 -0.1815
vn -0.5210 0.8423 -0.1384
vn -0.3724 0.9190 -0.1296
vn -0.1732 0.9828 -0.0636
vn 0.4571 0.4688 0.7559
vn 0.4944 0.3106 0.8119
vn 0.6862 0.1448 0.7129
vn 0.1967 0.6587 0.7262
vn 0.0696 0.7999 0.5960
vn -0.0828 0.8189 0.5679
vn -0.1993 0.0353 0.9793
vn -0.2006 0.0373 0.9790
vn -0.1987 0.0378 0.9793
vn 0.3654 0.3332 -0.8692
vn 0.3951 0.2691 -0.8783
vn 0.4592 0.1537 -0.8749
vn 0.2423 0.4647 -0.8517
vn 0.1385 0.6564 0.7416
vn 0.1057 0.7099 0.6963
vn 0.1079 0.6975 0.7084
vn 0.1269 0.6741 0.7276
vn 0.1520 0.6508 0.7439
vn -0.1385 0.6564 -0.7416
vn -0.1057 0.7099 -0.6963
vn -0.1079 0.6975 -0.7084
vn -0.1269 0.6741 -0.7276
vn -0.1520 0.6508 -0.7439
vn 0.2874 0.5537 0.7815
vn 0.2923 0.5536 0.7798
vn 0.2941 0.5564 0.7771
vn 0.2836 0.5592 0.7790
vn 0.4926 0.6053 0.6252
vn 0.4887 0.3137 0.8141
vn 0.6762 0.1382 0.7237
vn 0.2842 0.6205 0.7309
vn 0.4034 0.8864 0.2270
vn 0.4903 0.8658 -0.1005
vn 0.4073 0.8512 -0.3309
vn 0.3937 0.6927 -0.6042
vn 0.3653 0.5767 -0.7307
vn 0.3774 0.3633 -0.8518
vn -0.0046 1.0000 0.0027
vn 0.0033 1.0000 0.0015
vn -0.8184 -0.0572 0.5718
vn -0.8124 -0.0559 0.5805
vn -0.8126 -0.0631 0.5794
vn 0.3646 0.5814 -0.7274
vn 0.3917 0.6981 -0.5994
vn 0.3771 0.3634 -0.8519
vn 0.4057 0.8474 -0.3424
vn 0.4816 0.8733 -0.0735
vn 0.4709 0.8820 0.0184
vn 0.5237 0.8185 0.2361
vn -0.3777 0.2391 -0.8945
vn -0.3479 0.1847 -0.9191
vn -0.2754 0.1028 -0.9558
vn -0.4306 0.3148 -0.8459
vn -0.4899 0.3130 -0.8136
vn -0.4925 0.6063 -0.6244
vn -0.2844 0.6197 -0.7315
vn -0.4033 0.8858 -0.2298
vn -0.6783 0.1449 -0.7204
vn -0.4903 0.8660 0.0988
vn -0.4072 0.8510 0.3315
vn -0.3930 0.6920 0.6056
vn -0.3656 0.5758 0.7313
vn -0.3741 0.3643 0.8529
vn 0.8143 -0.0582 -0.5775
vn 0.8133 -0.0516 -0.5796
vn 0.8108 -0.0544 -0.5827
vn -0.8135 0.4767 -0.3332
vn -0.9064 0.0966 -0.4112
vn -0.9336 0.2202 -0.2825
vn -0.8553 0.4898 -0.1688
vn -0.5252 0.8487 -0.0622
vn -0.3985 0.8874 -0.2317
vn -0.3267 0.7402 -0.5877
vn -0.2735 0.9570 0.0966
vn 0.3766 0.2378 0.8953
vn 0.3461 0.1834 0.9201
vn 0.2736 0.1056 0.9560
vn 0.4277 0.3173 0.8464
vn 0.7145 -0.6996 0.0079
vn 0.7015 -0.7123 0.0211
vn 0.7118 -0.7024 0.0024
vn 0.6987 -0.7152 0.0157
vn -0.6519 0.4392 0.6182
vn -0.6371 0.4477 0.6275
vn -0.4747 0.4656 0.7469
vn -0.7753 0.3939 0.4937
vn -0.5808 -0.7068 0.4040
vn -0.5759 -0.7094 0.4063
vn -0.5808 -0.7058 0.4055
vn -0.5761 -0.7084 0.4078
vn 0.6475 -0.7105 0.2757
vn 0.6534 -0.7050 0.2758
vn 0.6470 -0.7100 0.2780
vn 0.6529 -0.7046 0.2781
vn -0.6883 -0.7087 0.1548
vn -0.6883 -0.7070 0.1622
vn -0.6900 -0.7072 0.1544
vn -0.6900 -0.7055 0.1618
vn 0.2261 -0.7063 -0.6708
vn 0.2321 -0.7092 -0.6657
vn 0.2330 -0.7077 -0.6669
vn 0.2251 -0.7080 -0.6693
vn 0.3849 0.3322 -0.8611
vn 0.3463 0.2246 -0.9108
vn 0.6883 -0.7087 -0.1548
vn 0.6877 -0.7079 -0.1611
vn 0.6896 -0.7074 -0.1549
vn 0.6892 -0.7065 -0.1611
vn 0.0038 -1.0000 -0.0002
vn 0.0039 -1.0000 0.0006
vn -0.0008 -1.0000 0.0030
vn 0.0039 -1.0000 0.0002
vn 0.0039 -1.0000 0.0012
vn -0.0035 -1.0000 0.0046
vn -0.2035 -0.9784 0.0376
vn -0.2253 -0.9743 0.0012
vn 0.2035 -0.9784 -0.0376
vn 0.2256 -0.9742 -0.0013
vn 0.0035 -1.0000 -0.0046
vn -0.0040 -1.0000 -0.0012
vn -0.0039 -1.0000 -0.0006
vn -0.0038 -1.0000 0.0002
vn 0.0008 -1.0000 -0.0030
vn -0.2260 -0.7063 0.6708
vn -0.2321 -0.7092 0.6657
vn -0.2330 -0.7077 0.6669
vn -0.2251 -0.7080 0.6693
vn 0.7144 -0.0115 -0.6997
vn 0.7098 -0.0119 -0.7043
vn 0.7110 -0.0161 -0.7030
vn -0.8129 0.4189 -0.4046
vn -0.9756 0.1732 -0.1351
vn -0.9351 0.2863 -0.2090
vn -0.6772 0.4714 -0.5650
vn -0.5613 0.4329 -0.7053
vn 0.8973 0.4170 0.1450
vn 0.8852 0.4649 -0.0154
vn 0.6568 0.7524 0.0497
vn 0.5378 0.6314 -0.5587
vn 0.8797 0.4489 0.1570
vn 0.2119 0.9075 -0.3628
vn 0.1727 0.6921 -0.7008
vn 0.3258 0.4117 -0.8511
vn -0.1141 0.8842 -0.4531
vn -0.1691 0.9358 -0.3094
vn 0.3193 0.9147 0.2479
vn 0.2893 0.8618 0.4166
vn 0.1678 0.8122 0.5587
vn -0.6913 0.3594 0.6269
vn -0.5714 0.5736 0.5869
vn -0.6774 0.4446 0.5861
vn -0.4838 0.7412 0.4654
vn -0.7657 0.2493 0.5929
vn -0.7145 -0.6996 0.0079
vn -0.6987 -0.7152 0.0157
vn -0.7118 -0.7024 0.0024
vn -0.7016 -0.7123 0.0211
vn 0.8716 0.3774 0.3128
vn 0.8756 0.3655 0.3159
vn 0.8692 0.3736 0.3239
vn -0.6589 0.4352 0.6135
vn -0.6342 0.4557 0.6246
vn -0.4815 0.4718 0.7386
vn -0.7635 0.4081 0.5004
vn 0.2149 0.0282 -0.9762
vn 0.2125 0.0244 -0.9769
vn 0.2074 0.0113 -0.9782
vn 0.2111 0.0084 -0.9774
vn 0.9967 0.0634 0.0501
vn 0.9999 0.0112 0.0082
vn 0.9974 0.0702 0.0188
vn 0.9939 0.0806 0.0754
vn -0.6463 0.0186 0.7628
vn -0.6591 0.1035 0.7449
vn -0.6561 0.0915 0.7491
vn -0.6443 0.0075 0.7647
vn 0.1203 0.0209 0.9925
vn 0.0969 0.0499 0.9940
vn 0.1075 0.0416 0.9933
vn 0.1242 0.0069 0.9922
vn -0.8740 0.4719 -0.1159
vn -0.8451 0.5323 0.0484
vn -0.8743 0.3940 -0.2833
vn -0.8683 0.2496 -0.4286
vn -0.8375 0.5101 0.1957
vn -0.0023 1.0000 -0.0061
vn -0.0041 1.0000 -0.0026
vn 0.0047 1.0000 -0.0084
vn 0.0021 1.0000 -0.0011
vn 0.6455 0.0254 -0.7633
vn 0.6619 0.1071 -0.7419
vn 0.6595 0.0951 -0.7456
vn 0.6459 0.0132 -0.7633
vn 0.5926 0.5291 0.6074
vn 0.7054 0.1209 0.6984
vn 0.8419 0.2905 0.4548
vn 0.8279 0.4854 0.2810
vn 0.6567 0.7240 0.2111
vn 0.3916 0.8239 0.4097
vn 0.2822 0.6254 0.7275
vn 0.3148 0.4355 0.8434
vn 0.6668 0.6804 0.3039
vn 0.8686 0.3955 0.2986
vn 0.5555 0.8286 0.0694
vn 0.3844 0.8895 0.2471
vn 0.8645 0.2428 0.4401
vn 0.2791 0.7642 0.5814
vn 0.2779 0.9575 -0.0778
vn -0.2128 0.0248 0.9768
vn -0.2057 0.0063 0.9786
vn -0.2056 0.0095 0.9786
vn -0.2153 0.0278 0.9762
vn -0.9939 0.0808 -0.0757
vn -0.9967 0.0632 -0.0501
vn -0.9974 0.0700 -0.0185
vn -0.9999 0.0110 -0.0084
vn -0.8742 0.4704 -0.1205
vn -0.7370 0.6258 -0.2554
vn -0.8669 0.2466 -0.4331
vn -0.6203 0.7792 -0.0901
vn -0.0409 0.9687 -0.2448
vn 0.0529 0.9908 -0.1244
vn 0.5616 0.7499 -0.3496
vn 0.6466 0.6146 -0.4518
vn -0.8378 0.5097 0.1958
vn 0.7885 0.4339 -0.4358
vn 0.8036 0.3299 -0.4954
vn 0.4892 0.0826 -0.8683
vn 0.4903 0.0826 -0.8677
vn 0.4897 0.0835 -0.8679
vn 0.0522 0.9966 0.0641
vn -0.0322 0.9968 0.0733
vn -0.0239 0.9996 0.0119
vn -0.0503 0.9968 -0.0614
vn 0.0301 0.9972 -0.0691
vn 0.0214 0.9997 -0.0108
vn 0.8299 0.2265 -0.5098
vn 0.8308 0.2316 -0.5060
vn 0.8275 0.2319 -0.5114
vn -0.8788 0.4409 -0.1824
vn -0.9406 0.3191 -0.1161
vn -0.9583 0.2777 -0.0679
vn -0.9739 0.2270 -0.0059
vn -0.4596 0.2172 -0.8612
vn -0.4570 0.2131 -0.8635
vn -0.4558 0.2108 -0.8647
vn -0.4654 0.2195 -0.8575
vn -0.3033 0.5531 0.7760
vn -0.4562 0.5344 0.7115
vn -0.3256 0.2754 0.9045
vn -0.1287 0.1620 0.9784
vn -0.3474 0.7940 0.4988
vn -0.2224 0.8699 0.4403
vn 0.2957 0.0650 -0.9531
vn 0.2884 0.0532 -0.9560
vn 0.2833 0.0397 -0.9582
vn 0.2833 0.0306 -0.9585
vn -0.0659 0.0736 -0.9951
vn -0.0815 0.0596 -0.9949
vn -0.0897 0.0436 -0.9950
vn -0.0953 0.0246 -0.9951
vn 0.8320 0.2224 -0.5082
vn 0.8328 0.2318 -0.5027
vn 0.8274 0.2309 -0.5119
vn -0.8792 0.4397 -0.1837
vn -0.9403 0.3196 -0.1167
vn -0.9573 0.2803 -0.0706
vn -0.9737 0.2278 -0.0053
vn 0.6736 0.6746 0.3020
vn 0.8600 0.4247 0.2828
vn 0.5430 0.8318 0.1156
vn 0.3844 0.8895 0.2470
vn 0.8639 0.2437 0.4407
vn 0.2790 0.7643 0.5813
vn 0.2779 0.9574 -0.0780
vn -0.4593 0.2167 -0.8614
vn -0.4567 0.2127 -0.8638
vn -0.4577 0.2090 -0.8642
vn -0.4672 0.2184 -0.8568
vn 0.9655 0.2597 -0.0202
vn 0.8754 0.3667 0.3150
vn 0.9402 0.2955 0.1695
vn 0.9511 0.2325 -0.2034
vn 0.8906 0.2909 -0.3495
vn 0.6725 -0.0185 -0.7399
vn 0.6793 -0.0174 -0.7337
vn 0.6764 -0.0115 -0.7364
vn -0.9926 0.0725 0.0978
vn -0.9929 0.0309 0.1152
vn -0.9924 0.0671 0.1027
vn -0.9950 0.0572 0.0818
vn 0.1019 -0.0278 -0.9944
vn -0.0463 -0.0118 -0.9989
vn 0.0061 -0.0897 -0.9959
vn -0.1006 -0.0198 -0.9947
vn -0.1422 0.0041 -0.9898
vn 0.0525 0.0196 -0.9984
vn 0.1374 -0.0414 -0.9896
vn -0.1610 0.0296 -0.9865
vn -0.1019 -0.0278 0.9944
vn 0.0463 -0.0118 0.9989
vn -0.0062 -0.0898 0.9959
vn 0.1007 -0.0198 0.9947
vn 0.1424 0.0040 0.9898
vn -0.0526 0.0196 0.9984
vn -0.1374 -0.0399 0.9897
vn 0.1610 0.0299 0.9865
vn -0.9796 -0.0417 -0.1968
vn -0.9061 0.0431 -0.4209
vn -0.9675 -0.0070 -0.2529
vn -0.8653 0.0578 -0.4979
vn 0.9796 -0.0416 0.1967
vn 0.9063 0.0428 0.4204
vn 0.9675 -0.0070 0.2529
vn 0.8654 0.0581 0.4978
vn 0.4185 0.8824 -0.2151
vn 0.3860 0.8819 -0.2707
vn 0.3380 0.8951 -0.2908
vn 0.5294 0.8469 0.0497
vn 0.3504 0.8904 -0.2904
vn 0.8742 0.3952 0.2823
vn 0.8741 0.4715 0.1170
vn 0.8435 0.5365 -0.0255
vn 0.8685 0.2495 0.4284
vn 0.8413 0.5167 -0.1590
vn 0.9577 -0.0125 0.2876
vn 0.9702 0.0104 0.2422
vn 0.9454 0.0030 0.3259
vn 0.9453 0.0053 0.3262
vn 0.9450 -0.0038 0.3269
vn 0.8125 0.4153 -0.4091
vn 0.8089 0.4248 -0.4065
vn 0.8041 0.4206 -0.4201
vn -0.7967 -0.0047 -0.6044
vn -0.7962 -0.0053 -0.6051
vn -0.7959 -0.0044 -0.6054
vn -0.1356 0.4744 -0.8698
vn 0.0436 0.4950 -0.8678
vn -0.2078 0.4362 -0.8755
vn -0.3201 0.3970 -0.8602
vn -0.3947 0.3239 -0.8598
vn 0.7965 -0.0045 0.6046
vn 0.7961 -0.0048 0.6051
vn 0.7960 -0.0041 0.6052
vn -0.3618 0.3697 -0.8558
vn -0.2989 0.4575 -0.8375
vn -0.3727 0.3802 -0.8465
vn -0.4223 0.3044 -0.8538
vn -0.3416 -0.0026 -0.9399
vn -0.3389 -0.0044 -0.9408
vn -0.3397 -0.0009 -0.9405
vn 0.4183 0.8588 -0.2957
vn 0.6283 0.6180 -0.4725
vn 0.3826 0.2367 0.8931
vn 0.3499 0.1782 0.9197
vn 0.2807 0.0944 0.9552
vn 0.4324 0.3203 0.8429
vn -0.5440 0.3890 0.7434
vn -0.3991 0.5648 0.7223
vn -0.3018 0.7551 0.5820
vn -0.5426 0.2919 0.7876
vn -0.6720 0.1160 0.7314
vn 0.3830 0.2371 0.8928
vn 0.3509 0.1789 0.9192
vn 0.2812 0.0936 0.9551
vn 0.4335 0.3193 0.8427
vn -0.5448 0.3879 0.7434
vn -0.3993 0.5640 0.7228
vn -0.3008 0.7550 0.5827
vn -0.5425 0.2920 0.7877
vn -0.6708 0.1136 0.7329
vn -0.6694 -0.0179 0.7427
vn -0.6777 -0.0214 0.7350
vn -0.6767 -0.0124 0.7362
vn -0.8177 -0.0574 0.5728
vn -0.8123 -0.0560 0.5805
vn -0.8125 -0.0624 0.5796
vn 0.2569 0.3227 -0.9109
vn 0.2590 0.2785 -0.9248
vn 0.4019 0.4540 -0.7952
vn 0.1496 0.1645 -0.9750
vn -0.4762 0.8793 0.0035
vn -0.5624 0.8186 -0.1165
vn -0.4451 0.8955 -0.0014
vn -0.3886 0.9156 0.1035
vn 0.2581 0.3233 -0.9104
vn 0.2588 0.2780 -0.9251
vn 0.4006 0.4551 -0.7952
vn 0.1509 0.1630 -0.9750
vn -0.4763 0.8793 0.0034
vn -0.5641 0.8176 -0.1154
vn -0.4451 0.8955 -0.0013
vn -0.3895 0.9150 0.1049
vn 0.6550 0.0829 0.7510
vn 0.6497 0.0828 0.7557
vn 0.6524 0.0883 0.7527
vn 0.0950 0.2885 0.9528
vn 0.0428 0.2458 0.9684
vn -0.1058 0.1292 0.9860
vn 0.2437 0.4011 0.8830
vn -0.0027 1.0000 -0.0018
vn 0.0019 1.0000 -0.0067
vn 0.0049 1.0000 -0.0015
vn 0.9069 0.0217 -0.4209
vn 0.9109 0.0107 -0.4125
vn 0.9086 0.0046 -0.4177
vn 0.9083 -0.0090 -0.4182
vn 0.6630 0.6858 -0.3002
vn 0.6782 0.6628 -0.3173
vn 0.6633 0.6890 -0.2922
vn 0.6805 0.6529 -0.3326
vn -0.1744 0.0567 0.9830
vn -0.1632 0.0330 0.9860
vn -0.1687 0.0433 0.9847
vn -0.1754 0.0677 0.9822
vn 0.1622 0.0368 -0.9861
vn 0.1592 0.0290 -0.9868
vn 0.1684 0.0355 -0.9851
vn 0.1654 0.0305 -0.9858
vn -0.9989 0.0401 -0.0264
vn -0.9978 0.0647 -0.0142
vn -0.9977 0.0664 -0.0161
vn -0.9991 0.0423 -0.0008
vn 0.9963 0.0804 0.0299
vn 0.9999 0.0171 0.0024
vn 0.9965 0.0796 0.0264
vn 0.9917 0.1137 0.0594
vn -0.2048 -0.7054 -0.6786
vn -0.2075 -0.7099 -0.6731
vn -0.2069 -0.7045 -0.6789
vn -0.2096 -0.7090 -0.6734
vn 0.4685 -0.7034 -0.5345
vn 0.4603 -0.7115 -0.5309
vn 0.4630 -0.7115 -0.5285
vn 0.4659 -0.7033 -0.5369
vn -0.4685 -0.7033 0.5346
vn -0.4603 -0.7115 0.5309
vn -0.4631 -0.7115 0.5285
vn -0.4659 -0.7032 0.5371
vn -0.6314 0.7174 0.2943
vn -0.6489 0.7009 0.2961
vn -0.6380 0.7127 0.2915
vn -0.6480 0.6999 0.3004
vn -0.8351 0.1042 -0.5401
vn -0.8409 0.1026 -0.5313
vn -0.8385 0.0946 -0.5366
vn 0.0580 -0.7077 -0.7041
vn 0.0669 -0.7079 -0.7032
vn 0.0666 -0.7060 -0.7051
vn 0.0584 -0.7094 -0.7024
vn -0.0580 -0.7078 0.7040
vn -0.0669 -0.7078 0.7032
vn -0.0664 -0.7061 0.7050
vn -0.0586 -0.7095 0.7022
vn -0.2953 -0.9121 0.2845
vn -0.2898 -0.9127 0.2879
vn -0.2873 -0.9153 0.2824
vn 0.6313 0.7187 -0.2915
vn 0.6482 0.7013 -0.2967
vn 0.6339 0.7158 -0.2930
vn 0.6478 0.7003 -0.2999
vn -0.9109 0.0107 0.4125
vn -0.9083 -0.0090 0.4183
vn -0.9085 0.0046 0.4178
vn -0.9068 0.0217 0.4209
vn 0.8351 0.1040 0.5401
vn 0.8374 0.0998 0.5374
vn 0.8348 0.0986 0.5417
vn -0.9395 0.2968 -0.1712
vn -0.9654 0.2600 0.0178
vn -0.8759 0.3631 -0.3176
vn -0.9515 0.2318 0.2022
vn -0.8905 0.2920 0.3490
vn 0.9655 0.2597 -0.0208
vn 0.8757 0.3644 0.3167
vn 0.9402 0.2955 0.1694
vn 0.9516 0.2317 -0.2020
vn 0.8906 0.2913 -0.3493
vn 0.6712 -0.0182 -0.7411
vn 0.6788 -0.0187 -0.7341
vn 0.6765 -0.0115 -0.7364
vn -0.7109 -0.6992 0.0766
vn -0.7157 -0.6958 0.0604
vn -0.7368 -0.6729 0.0658
vn -0.6946 -0.7171 0.0574
vn 0.7037 -0.7051 -0.0878
vn 0.7150 -0.6964 -0.0610
vn 0.6931 -0.7167 -0.0765
vn 0.7342 -0.6712 -0.1025
vn -0.1506 -0.0481 0.9874
vn -0.1669 -0.0499 0.9847
vn -0.1554 -0.0550 0.9863
vn -0.1470 -0.0464 0.9881
vn -0.1993 0.0352 0.9793
vn -0.2007 0.0373 0.9789
vn 0.4562 0.4699 0.7557
vn 0.4949 0.3103 0.8117
vn 0.6871 0.1478 0.7114
vn 0.1929 0.6630 0.7234
vn 0.0657 0.8009 0.5952
vn -0.0899 0.8200 0.5652
vn -0.3768 0.2336 -0.8964
vn -0.3328 0.1754 -0.9265
vn -0.2689 0.1007 -0.9579
vn -0.4144 0.2988 -0.8596
vn 0.9983 -0.0059 0.0581
vn 0.9983 -0.0040 0.0579
vn 1.0000 -0.0095 -0.0002
vn 0.1791 0.0635 -0.9818
vn 0.1815 0.0593 -0.9816
vn 0.1869 0.0631 -0.9803
vn 0.3262 0.9148 0.2383
vn 0.3674 0.8213 0.4366
vn 0.3628 0.9117 -0.1929
vn 0.2826 0.7619 0.5827
vn 0.2138 0.9476 -0.2373
vn 0.3034 0.5542 -0.7751
vn 0.4560 0.5315 -0.7138
vn 0.3249 0.2751 -0.9049
vn 0.1272 0.1649 -0.9781
vn 0.4823 0.0512 0.8745
vn 0.4844 0.0538 0.8732
vn 0.4848 0.0490 0.8732
vn -0.3628 0.9116 0.1930
vn -0.3261 0.9151 -0.2374
vn -0.3680 0.8215 -0.4355
vn -0.2826 0.7620 -0.5827
vn -0.2138 0.9479 0.2362
vn -0.3034 0.5540 0.7753
vn -0.4560 0.5325 0.7131
vn -0.3253 0.2751 0.9047
vn -0.1335 0.1610 0.9779
vn 0.2408 0.0347 -0.9700
vn 0.2441 0.0411 -0.9689
vn 0.2376 0.0394 -0.9706
vn 0.1148 0.8161 -0.5663
vn -0.0953 0.8052 -0.5852
vn -0.0670 0.8101 -0.5824
vn -0.2398 0.7827 -0.5743
vn 0.1148 0.8162 -0.5663
vn -0.0958 0.8052 -0.5852
vn -0.0675 0.8100 -0.5825
vn -0.2398 0.7828 -0.5742
vn -0.5658 0.8215 -0.0701
vn -0.5577 0.8289 -0.0431
vn -0.5801 0.8133 -0.0447
vn -0.3176 0.8367 0.4461
vn -0.3101 0.8411 0.4431
vn -0.3107 0.8349 0.4543
vn 0.3176 0.8367 -0.4461
vn 0.3101 0.8411 -0.4431
vn 0.3107 0.8349 -0.4543
vn -0.4827 0.0479 -0.8745
vn -0.4833 0.0523 -0.8739
vn -0.4867 0.0476 -0.8723
vn -0.2430 0.0339 0.9694
vn -0.2449 0.0420 0.9686
vn -0.2380 0.0382 0.9705
vn 0.4666 0.8805 -0.0836
vn 0.4538 0.8502 -0.2669
vn 0.4383 0.8988 -0.0067
vn 0.5196 0.8246 0.2238
vn 0.4776 0.7935 -0.3771
vn -0.8900 0.0353 -0.4546
vn -0.8988 0.0689 -0.4329
vn -0.8716 0.0196 -0.4898
vn -0.8138 0.2156 -0.5397
vn -0.7700 -0.0274 -0.6374
vn -0.8989 0.0650 -0.4334
vn -0.8166 0.0584 -0.5742
vn -0.6957 0.3019 -0.6518
vn -0.6688 -0.0982 -0.7369
vn -0.6628 -0.1447 -0.7347
vn 0.8902 0.0353 0.4542
vn 0.8985 0.0679 0.4337
vn 0.8717 0.0196 0.4897
vn 0.8138 0.2156 0.5396
vn 0.7700 -0.0275 0.6374
vn 0.8994 0.0640 0.4324
vn 0.8167 0.0585 0.5741
vn 0.6957 0.3019 0.6518
vn 0.6688 -0.0982 0.7369
vn 0.6628 -0.1447 0.7346
vn 0.9595 0.1250 -0.2525
vn 0.9921 0.0478 -0.1157
vn 0.9334 0.2152 -0.2872
vn 0.8824 0.2878 -0.3721
vn 0.9351 -0.2691 -0.2304
vn 0.9397 -0.2639 -0.2176
vn 0.9399 -0.2578 -0.2239
vn -0.0025 -0.9999 0.0120
vn -0.0037 -1.0000 0.0009
vn 0.6435 -0.7026 -0.3037
vn 0.5882 -0.7125 -0.3827
vn 0.1582 0.9692 -0.1888
vn 0.1749 0.9678 -0.1812
vn 0.1647 0.9726 -0.1641
vn -0.1582 0.9692 0.1888
vn -0.1749 0.9678 0.1812
vn -0.1647 0.9726 0.1641
vn -0.0305 -0.6627 0.7482
vn -0.0279 -0.6582 0.7523
vn -0.0276 -0.6583 0.7522
vn 0.0307 -0.6628 -0.7482
vn 0.0275 -0.6628 -0.7483
vn 0.0275 -0.6629 -0.7482
vn 0.9698 0.0089 -0.2437
vn 0.9926 0.0077 -0.1212
vn 0.9934 -0.0068 -0.1145
vn 0.9865 0.0093 -0.1634
vn 0.9854 -0.0103 -0.1701
vn -0.9945 0.0274 0.1014
vn -0.9950 -0.0249 0.0965
vn -0.9863 0.0081 0.1645
vn -0.9851 -0.0083 0.1720
vn -0.3936 -0.5757 0.7167
vn -0.3941 -0.5754 0.7167
vn -0.3912 -0.5686 0.7236
vn 0.3958 -0.5694 -0.7205
vn 0.3960 -0.5691 -0.7207
vn 0.3913 -0.5686 -0.7236
vn -0.8856 -0.0048 0.4643
vn -0.9145 0.0083 0.4044
vn -0.9171 0.0092 0.3986
vn -0.8802 -0.0071 0.4745
vn -0.1521 0.7612 0.6304
vn -0.1998 0.6421 0.7401
vn -0.1480 0.7570 0.6364
vn -0.1885 0.6379 0.7467
vn -0.0212 -0.9967 0.0784
vn 0.0156 -0.9966 0.0811
vn 0.0023 -1.0000 -0.0001
vn 0.1529 0.7651 -0.6255
vn 0.2007 0.6654 -0.7190
vn 0.1486 0.7649 -0.6268
vn 0.1878 0.6640 -0.7238
vn 0.0260 -0.9958 -0.0874
vn -0.0162 -0.9956 -0.0923
vn -0.0071 -1.0000 -0.0004
vn 0.9800 -0.0392 -0.1949
vn 0.9933 0.0310 0.1113
vn 0.9872 0.0280 0.1570
vn 0.9673 -0.0290 -0.2521
vn 0.0876 0.6156 -0.7832
vn 0.2174 -0.0195 -0.9759
vn 0.2712 0.0824 -0.9590
vn 0.2161 -0.0267 -0.9760
vn 0.2836 0.0823 -0.9554
vn 0.3156 -0.3489 -0.8824
vn 0.3167 -0.3615 -0.8769
vn -0.6072 -0.1711 0.7759
vn -0.6092 -0.1673 0.7752
vn -0.5987 -0.1647 0.7838
vn 0.6072 -0.1711 -0.7759
vn 0.6092 -0.1674 -0.7752
vn 0.5988 -0.1647 -0.7838
vn -0.0868 0.6155 0.7833
vn -0.2178 -0.0195 0.9758
vn -0.2695 0.0824 0.9595
vn -0.2158 -0.0214 0.9762
vn -0.2856 0.0824 0.9548
vn -0.3152 -0.3489 0.8826
vn -0.3158 -0.3587 0.8784
vn -0.3925 0.4038 0.8264
vn -0.3879 0.4061 0.8274
vn -0.3878 0.4057 0.8276
vn 0.3926 0.4037 -0.8263
vn 0.3872 0.4111 -0.8253
vn 0.3867 0.4107 -0.8257
vn 0.7849 0.0030 0.6196
vn 0.7881 0.0007 0.6156
vn 0.7773 0.0104 0.6290
vn 0.7947 -0.0037 0.6070
vn 0.7965 0.0055 0.6046
vn -0.7881 0.0007 -0.6156
vn -0.7849 0.0030 -0.6196
vn -0.7947 -0.0037 -0.6070
vn -0.7773 0.0104 -0.6290
vn -0.7965 0.0055 -0.6046
vn -0.4183 0.8588 0.2957
vn -0.6282 0.6181 0.4726
vn 0.1934 0.0020 -0.9811
vn 0.2804 -0.0060 -0.9599
vn 0.1885 0.0065 -0.9821
vn 0.2856 -0.0045 -0.9583
vn -0.0368 0.9917 0.1233
vn -0.0337 -0.6883 0.7246
vn -0.0343 -0.6878 0.7251
vn -0.0283 -0.6847 0.7283
vn 0.0322 -0.6878 -0.7252
vn 0.0327 -0.6875 -0.7255
vn 0.0284 -0.6846 -0.7284
vn -0.4946 0.6723 0.5509
vn -0.5048 0.6462 0.5724
vn -0.5667 0.8001 0.1966
vn -0.5312 0.8140 0.2349
vn -0.7821 0.6097 0.1288
vn -0.7801 0.6080 0.1474
vn -0.0808 -0.9686 0.2353
vn -0.0842 -0.9588 0.2712
vn -0.0834 -0.9589 0.2713
vn 0.4320 0.7510 -0.4994
vn 0.6173 0.7557 -0.2188
vn 0.5975 0.7588 -0.2593
vn 0.7828 0.6086 -0.1298
vn 0.7573 0.6331 -0.1603
vn 0.0744 -0.9687 -0.2367
vn 0.1095 -0.9375 -0.3303
vn 0.1074 -0.9375 -0.3311
vn 0.3237 0.6647 0.6734
vn -0.9587 -0.0493 0.2802
vn -0.9604 -0.0528 0.2735
vn -0.9607 -0.0473 0.2737
vn -0.0019 -1.0000 0.0034
vn 0.7699 0.6379 -0.0194
vn 0.7486 0.6630 -0.0000
vn 0.7265 0.6848 -0.0577
vn 0.0131 0.6281 0.7780
vn 0.0056 0.6298 0.7768
vn 0.0154 0.6380 0.7699
vn -0.9582 -0.0489 0.2819
vn -0.9616 -0.0464 0.2703
vn -0.9604 -0.0397 0.2757
usemtl iron
s 1
f 1/1/1 3/2/2 2/3/3
f 4/4/4 1/1/1 2/3/3
f 4/4/4 2/3/3 5/5/5
f 5/5/5 6/6/6 4/4/4
f 3/2/2 1/1/1 7/7/7
f 1/1/1 8/8/8 7/7/7
f 9/9/9 6/6/6 5/5/5
f 10/10/10 6/6/6 9/9/9
f 1/1/1 11/11/11 8/8/8
f 11/11/11 12/12/12 8/8/8
f 12/12/12 13/13/13 8/8/8
f 14/14/14 13/13/13 12/12/12
f 15/15/15 14/14/14 12/12/12
f 14/14/14 15/15/15 16/16/16
f 16/16/16 15/15/15 17/17/17
f 18/18/18 16/16/16 17/17/17
f 18/18/18 17/17/17 19/19/19
f 18/18/18 20/20/20 16/16/16
f 16/16/16 20/20/20 21/21/21
f 22/22/22 19/19/19 17/17/17
f 17/17/17 23/23/23 22/22/22
f 24/24/24 23/23/23 17/17/17
f 25/25/25 24/24/24 17/17/17
f 25/25/25 17/17/17 26/26/26
f 27/27/27 25/25/25 26/26/26
f 28/28/28 27/27/27 26/26/26
f 28/28/28 26/26/26 29/29/29
f 30/30/30 28/28/28 29/29/29
f 31/31/31 30/30/30 29/29/29
f 31/31/31 29/29/29 32/32/32
f 31/31/31 32/32/32 33/33/33
f 34/34/34 31/31/31 33/33/33
f 33/33/33 35/35/35 34/34/34
f 36/36/36 34/34/34 35/35/35
f 37/37/37 36/36/36 35/35/35
f 37/37/37 35/35/35 38/38/38
f 36/36/36 37/37/37 39/39/39
f 39/39/39 40/40/40 36/36/36
f 40/40/40 41/41/41 36/36/36
f 41/41/41 40/40/40 42/42/42
f 43/43/43 41/41/41 42/42/42
f 43/43/43 42/42/42 44/44/44
f 45/45/45 43/43/43 44/44/44
f 45/45/45 44/44/44 46/46/46
f 47/47/47 45/45/45 46/46/46
f 47/47/47 46/46/46 48/48/48
f 49/49/49 47/47/47 48/48/48
f 50/50/50 52/51/51 51/52/52
f 53/53/53 50/50/50 51/52/52
f 54/54/54 50/50/50 53/53/53
f 54/54/54 53/53/53 55/55/55
f 56/56/56 54/54/54 55/55/55
f 56/56/56 55/55/55 57/57/57
f 58/58/58 56/56/56 57/57/57
f 57/57/57 59/59/59 58/58/58
f 59/59/59 60/60/60 58/58/58
f 60/60/60 59/59/59 61/61/61
f 50/50/50 62/62/62 52/51/51
f 62/62/62 63/63/63 52/51/51
f 62/62/62 64/64/64 63/63/63
f 63/63/63 64/64/64 65/65/65
f 66/66/66 63/63/63 65/65/65
f 65/65/65 67/67/67 66/66/66
f 65/65/65 68/68/68 67/67/67
f 67/67/67 68/68/68 69/69/69
f 70/70/70 67/67/67 69/69/69
f 70/70/70 69/69/69 71/71/71
f 72/72/72 70/70/70 71/71/71
f 73/73/73 72/72/72 71/71/71
f 74/74/74 60/60/60 61/61/61
f 75/75/75 60/60/60 74/74/74
f 76/76/76 75/75/75 74/74/74
f 76/76/76 74/74/74 77/77/77
f 76/76/76 77/77/77 78/78/78
f 77/77/77 79/79/79 78/78/78
f 79/79/79 77/77/77 80/80/80
f 78/78/78 81/81/81 76/76/76
f 81/81/81 82/82/82 76/76/76
f 81/81/81 83/83/83 82/82/82
f 83/83/83 84/84/84 82/82/82
f 83/83/83 85/85/85 84/84/84
f 85/85/85 86/86/86 84/84/84
f 86/86/86 85/85/85 87/87/87
f 88/88/88 86/86/86 87/87/87
f 87/87/87 89/89/89 88/88/88
f 89/89/89 90/90/90 88/88/88
f 89/89/89 91/91/91 90/90/90
f 91/91/91 92/92/92 90/90/90
f 91/91/91 16/16/16 92/92/92
f 16/16/16 93/93/93 92/92/92
f 21/21/21 93/93/93 16/16/16
f 79/79/79 80/80/80 94/94/94
f 95/95/95 79/79/79 94/94/94
f 96/96/96 95/95/95 94/94/94
f 96/96/96 94/94/94 97/97/97
f 98/98/98 96/96/96 97/97/97
f 96/96/96 98/98/98 99/99/99
f 99/99/99 98/98/98 100/100/100
f 101/101/101 103/102/102 102/103/103
f 103/102/102 104/104/104 102/103/103
f 104/104/104 103/102/102 105/105/105
f 106/106/106 105/105/105 103/102/102
f 106/106/106 107/107/107 105/105/105
f 104/104/104 105/105/105 108/108/108
f 105/105/105 109/109/109 108/108/108
f 105/105/105 110/110/110 109/109/109
f 103/102/102 101/101/101 111/111/111
f 112/112/112 111/111/111 101/101/101
f 112/112/112 101/101/101 113/113/113
f 101/101/101 102/103/103 113/113/113
f 111/111/111 112/112/112 114/114/114
f 114/114/114 112/112/112 115/115/115
f 112/112/112 116/116/116 115/115/115
f 117/117/117 115/115/115 116/116/116
f 117/117/117 116/116/116 118/118/118
f 116/116/116 119/119/119 118/118/118
f 119/119/119 112/112/112 113/113/113
f 119/119/119 116/116/116 112/112/112
f 120/120/120 118/118/118 119/119/119
f 120/120/120 121/121/121 118/118/118
f 118/118/118 122/122/122 117/117/117
f 118/118/118 123/123/123 122/122/122
f 123/123/123 118/118/118 124/124/124
f 121/121/121 124/124/124 118/118/118
f 119/119/119 113/113/113 125/125/125
f 119/119/119 125/125/125 120/120/120
f 123/123/123 126/126/126 122/122/122
f 123/123/123 127/127/127 126/126/126
f 127/127/127 128/128/128 126/126/126
f 127/127/127 123/123/123 129/129/129
f 123/123/123 124/124/124 129/129/129
f 127/127/127 129/129/129 130/130/130
f 131/131/131 130/130/130 129/129/129
f 121/121/121 131/131/131 124/124/124
f 131/131/131 129/129/129 124/124/124
f 131/131/131 132/132/132 130/130/130
f 130/130/130 132/132/132 133/133/133
f 134/134/134 130/130/130 133/133/133
f 134/134/134 135/135/135 130/130/130
f 127/127/127 135/135/135 128/128/128
f 135/135/135 127/127/127 130/130/130
f 131/131/131 136/136/136 132/132/132
f 136/136/136 137/137/137 132/132/132
f 137/137/137 138/138/138 132/132/132
f 138/138/138 139/139/139 132/132/132
f 139/139/139 138/138/138 140/140/140
f 138/138/138 141/141/141 140/140/140
f 140/140/140 141/141/141 142/142/142
f 141/141/141 143/143/143 142/142/142
f 142/142/142 143/143/143 144/144/144
f 145/145/145 142/142/142 144/144/144
f 143/143/143 146/146/146 144/144/144
f 134/134/134 133/133/133 147/147/147
f 134/134/134 147/147/147 148/148/148
f 139/139/139 140/140/140 149/149/149
f 150/150/150 149/149/149 140/140/140
f 150/150/150 140/140/140 142/142/142
f 150/150/150 142/142/142 145/145/145
f 150/150/150 151/151/151 149/149/149
f 152/152/152 149/149/149 151/151/151
f 153/153/153 149/149/149 152/152/152
f 153/153/153 139/139/139 149/149/149
f 151/151/151 154/154/154 152/152/152
f 155/155/155 150/150/150 145/145/145
f 155/155/155 156/156/156 150/150/150
f 156/156/156 157/157/157 150/150/150
f 156/156/156 158/158/158 157/157/157
f 151/151/151 150/150/150 159/159/159
f 158/158/158 159/159/159 157/157/157
f 150/150/150 157/157/157 159/159/159
f 159/159/159 158/158/158 160/160/160
f 161/161/161 159/159/159 160/160/160
f 151/151/151 159/159/159 161/161/161
f 161/161/161 154/154/154 151/151/151
f 161/161/161 160/160/160 162/162/162
f 161/161/161 162/162/162 154/154/154
f 162/162/162 163/163/163 154/154/154
f 148/148/148 165/164/164 164/165/165
f 166/166/166 167/167/167 164/165/165
f 168/168/168 167/167/167 166/166/166
f 168/168/168 166/166/166 128/128/128
f 164/165/165 167/167/167 148/148/148
f 134/134/134 167/167/167 168/168/168
f 134/134/134 148/148/148 167/167/167
f 135/135/135 168/168/168 128/128/128
f 135/135/135 134/134/134 168/168/168
f 169/169/169 171/170/170 170/171/171
f 171/170/170 169/169/169 172/172/172
f 171/170/170 172/172/172 173/173/173
f 169/169/169 174/174/174 172/172/172
f 171/170/170 175/175/175 170/171/171
f 171/170/170 176/176/176 175/175/175
f 176/176/176 177/177/177 175/175/175
f 177/177/177 178/178/178 175/175/175
f 177/177/177 179/179/179 178/178/178
f 180/180/180 179/179/179 177/177/177
f 181/181/181 180/180/180 177/177/177
f 182/182/182 180/180/180 181/181/181
f 180/180/180 182/182/182 183/183/183
f 182/182/182 184/184/184 183/183/183
f 185/185/185 184/184/184 182/182/182
f 185/185/185 182/182/182 186/186/186
f 186/186/186 187/187/187 185/185/185
f 187/187/187 188/188/188 185/185/185
f 187/187/187 189/189/189 188/188/188
f 189/189/189 190/190/190 188/188/188
f 189/189/189 191/191/191 190/190/190
f 191/191/191 192/192/192 190/190/190
f 191/191/191 193/193/193 192/192/192
f 193/193/193 194/194/194 192/192/192
f 192/192/192 194/194/194 195/195/195
f 196/196/196 192/192/192 195/195/195
f 197/197/197 196/196/196 195/195/195
f 196/196/196 197/197/197 198/198/198
f 198/198/198 199/199/199 196/196/196
f 200/200/200 196/196/196 199/199/199
f 201/201/201 203/202/202 202/203/203
f 202/203/203 203/202/202 204/204/204
f 201/201/201 202/203/203 205/205/205
f 206/206/206 205/205/205 202/203/203
f 203/202/202 207/207/207 204/204/204
f 208/208/208 207/207/207 203/202/202
f 208/208/208 203/202/202 209/209/209
f 208/208/208 210/210/210 207/207/207
f 211/211/211 208/208/208 209/209/209
f 211/211/211 209/209/209 212/212/212
f 210/210/210 213/213/213 207/207/207
f 213/213/213 210/210/210 214/214/214
f 205/205/205 206/206/206 215/215/215
f 216/216/216 215/215/215 206/206/206
f 217/217/217 216/216/216 206/206/206
f 217/217/217 218/218/218 216/216/216
f 216/216/216 219/219/219 215/215/215
f 219/219/219 125/125/125 215/215/215
f 125/125/125 205/205/205 215/215/215
f 125/125/125 220/220/220 205/205/205
f 221/221/221 125/125/125 219/219/219
f 219/219/219 216/216/216 222/222/222
f 216/216/216 218/218/218 222/222/222
f 221/221/221 223/223/223 125/125/125
f 224/224/224 221/221/221 219/219/219
f 224/224/224 219/219/219 225/225/225
f 219/219/219 222/222/222 225/225/225
f 226/226/226 222/222/222 218/218/218
f 227/227/227 222/222/222 226/226/226
f 228/228/228 227/227/227 226/226/226
f 227/227/227 228/228/228 229/229/229
f 227/227/227 229/229/229 230/230/230
f 231/231/231 227/227/227 230/230/230
f 227/227/227 231/231/231 222/222/222
f 232/232/232 231/231/231 230/230/230
f 233/233/233 231/231/231 232/232/232
f 232/232/232 230/230/230 234/234/234
f 234/234/234 230/230/230 235/235/235
f 236/236/236 232/232/232 234/234/234
f 233/233/233 232/232/232 236/236/236
f 233/233/233 236/236/236 237/237/237
f 236/236/236 234/234/234 238/238/238
f 237/237/237 236/236/236 238/238/238
f 238/238/238 234/234/234 239/239/239
f 240/240/240 233/233/233 237/237/237
f 240/240/240 237/237/237 241/241/241
f 137/137/137 240/240/240 241/241/241
f 241/241/241 237/237/237 242/242/242
f 243/243/243 240/240/240 137/137/137
f 233/233/233 240/240/240 243/243/243
f 242/242/242 237/237/237 244/244/244
f 237/237/237 238/238/238 244/244/244
f 242/242/242 244/244/244 245/245/245
f 244/244/244 246/246/246 245/245/245
f 238/238/238 239/239/239 246/246/246
f 244/244/244 238/238/238 246/246/246
f 247/247/247 245/245/245 246/246/246
f 248/248/248 247/247/247 246/246/246
f 248/248/248 246/246/246 239/239/239
f 249/249/249 248/248/248 239/239/239
f 239/239/239 250/250/250 249/249/249
f 245/245/245 247/247/247 146/146/146
f 250/250/250 251/251/251 249/249/249
f 252/252/252 243/243/243 137/137/137
f 136/136/136 252/252/252 137/137/137
f 241/241/241 138/138/138 137/137/137
f 138/138/138 241/241/241 141/141/141
f 241/241/241 242/242/242 141/141/141
f 143/143/143 245/245/245 146/146/146
f 242/242/242 245/245/245 143/143/143
f 141/141/141 242/242/242 143/143/143
f 250/250/250 235/235/235 251/251/251
f 235/235/235 253/253/253 251/251/251
f 235/235/235 254/254/254 253/253/253
f 235/235/235 255/255/255 254/254/254
f 255/255/255 229/229/229 254/254/254
f 234/234/234 235/235/235 250/250/250
f 234/234/234 250/250/250 239/239/239
f 230/230/230 255/255/255 235/235/235
f 230/230/230 229/229/229 255/255/255
f 256/256/256 136/136/136 131/131/131
f 121/121/121 256/256/256 131/131/131
f 121/121/121 223/223/223 256/256/256
f 121/121/121 120/120/120 223/223/223
f 223/223/223 120/120/120 125/125/125
f 257/257/257 259/258/258 258/259/259
f 259/258/258 260/260/260 258/259/259
f 261/261/261 260/260/260 259/258/258
f 262/262/262 261/261/261 259/258/258
f 260/260/260 261/261/261 263/263/263
f 263/263/263 261/261/261 264/264/264
f 262/262/262 259/258/258 265/265/265
f 265/265/265 266/266/266 262/262/262
f 267/267/267 266/266/266 265/265/265
f 265/265/265 259/258/258 267/267/267
f 267/267/267 268/268/268 266/266/266
f 266/266/266 269/269/269 262/262/262
f 259/258/258 270/270/270 267/267/267
f 257/257/257 270/270/270 259/258/258
f 266/266/266 268/268/268 271/271/271
f 266/266/266 272/272/272 269/269/269
f 271/271/271 272/272/272 266/266/266
f 273/273/273 272/272/272 271/271/271
f 273/273/273 271/271/271 274/274/274
f 272/272/272 273/273/273 275/275/275
f 269/269/269 272/272/272 275/275/275
f 273/273/273 276/276/276 275/275/275
f 273/273/273 277/277/277 276/276/276
f 273/273/273 274/274/274 277/277/277
f 277/277/277 278/278/278 276/276/276
f 277/277/277 279/279/279 278/278/278
f 277/277/277 274/274/274 279/279/279
f 280/280/280 279/279/279 274/274/274
f 281/281/281 279/279/279 280/280/280
f 279/279/279 281/281/281 278/278/278
f 282/282/282 281/281/281 280/280/280
f 276/276/276 278/278/278 283/283/283
f 284/284/284 286/285/285 285/286/286
f 284/284/284 285/286/286 287/287/287
f 287/287/287 285/286/286 288/288/288
f 289/289/289 287/287/287 288/288/288
f 286/285/285 290/290/290 285/286/286
f 286/285/285 291/291/291 290/290/290
f 286/285/285 292/292/292 291/291/291
f 291/291/291 292/292/292 293/293/293
f 292/292/292 294/294/294 293/293/293
f 292/292/292 295/295/295 294/294/294
f 294/294/294 295/295/295 296/296/296
f 295/295/295 297/297/297 296/296/296
f 295/295/295 298/298/298 297/297/297
f 298/298/298 299/299/299 297/297/297
f 298/298/298 300/300/300 299/299/299
f 298/298/298 301/301/301 300/300/300
f 301/301/301 302/302/302 300/300/300
f 301/301/301 303/303/303 302/302/302
f 301/301/301 304/304/304 303/303/303
f 304/304/304 305/305/305 303/303/303
f 304/304/304 306/306/306 305/305/305
f 304/304/304 307/307/307 306/306/306
f 307/307/307 308/308/308 306/306/306
f 308/308/308 307/307/307 309/309/309
f 310/310/310 308/308/308 309/309/309
f 311/311/311 313/312/312 312/313/313
f 311/311/311 312/313/313 314/314/314
f 311/311/311 314/314/314 315/315/315
f 313/312/312 311/311/311 316/316/316
f 312/313/313 317/317/317 314/314/314
f 317/317/317 318/318/318 314/314/314
f 317/317/317 319/319/319 318/318/318
f 315/315/315 314/314/314 320/320/320
f 320/320/320 314/314/314 321/321/321
f 315/315/315 322/322/322 311/311/311
f 319/319/319 323/323/323 318/318/318
f 319/319/319 324/324/324 323/323/323
f 324/324/324 325/325/325 323/323/323
f 324/324/324 326/326/326 325/325/325
f 325/325/325 326/326/326 327/327/327
f 328/328/325 321/321/321 314/314/314
f 326/326/326 329/329/328 327/327/327
f 326/326/326 330/330/329 329/329/328
f 326/326/326 331/331/330 330/330/329
f 331/331/330 332/332/331 330/330/329
f 333/333/332 332/332/331 331/331/330
f 333/333/332 331/331/330 334/334/333
f 335/335/334 337/336/335 336/337/336
f 335/335/334 338/338/337 337/336/335
f 339/339/338 335/335/334 336/337/336
f 338/338/337 340/340/339 337/336/335
f 338/338/337 341/341/340 340/340/339
f 339/339/338 336/337/336 342/342/341
f 343/343/342 339/339/338 342/342/341
f 344/344/343 339/339/338 343/343/342
f 344/344/343 343/343/342 345/345/344
f 344/344/343 345/345/344 346/346/345
f 344/344/343 346/346/345 347/347/346
f 341/341/340 348/348/347 340/340/339
f 348/348/347 341/341/340 349/349/348
f 341/341/340 350/350/349 349/349/348
f 351/351/350 349/349/348 350/350/349
f 351/351/350 350/350/349 352/352/351
f 350/350/349 353/353/352 352/352/351
f 354/354/353 356/355/354 355/356/355
f 357/357/356 356/355/354 354/354/353
f 358/358/357 357/357/356 354/354/353
f 358/358/357 354/354/353 359/359/358
f 359/359/358 360/360/359 358/358/357
f 360/360/359 361/361/360 358/358/357
f 360/360/359 362/362/361 361/361/360
f 363/363/362 359/359/358 354/354/353
f 356/355/354 364/364/363 355/356/355
f 365/365/364 364/364/363 356/355/354
f 365/365/364 356/355/354 366/366/365
f 365/365/364 367/367/366 364/364/363
f 367/367/366 368/368/367 364/364/363
f 367/367/366 369/369/368 368/368/367
f 367/367/366 370/370/369 369/369/368
f 371/371/370 370/370/369 367/367/366
f 363/363/362 372/372/371 359/359/358
f 372/372/371 373/373/372 359/359/358
f 372/372/371 374/374/373 373/373/372
f 374/374/373 375/375/374 373/373/372
f 376/376/375 373/373/372 375/375/374
f 376/376/375 375/375/374 377/377/376
f 378/378/377 376/376/375 377/377/376
f 378/378/377 377/377/376 379/379/378
f 380/380/379 378/378/377 379/379/378
f 371/371/370 367/367/366 381/381/380
f 371/371/370 381/381/380 382/382/381
f 383/383/382 371/371/370 382/382/381
f 383/383/382 382/382/381 384/384/383
f 385/385/384 383/383/382 384/384/383
f 384/384/383 386/386/385 385/385/384
f 386/386/385 387/387/386 385/385/384
f 386/386/385 388/388/387 387/387/386
f 388/388/387 389/389/388 387/387/386
f 388/388/387 390/390/389 389/389/388
f 390/390/389 391/391/390 389/389/388
f 391/391/390 392/392/391 389/389/388
f 391/391/390 393/393/392 392/392/391
f 393/393/392 394/394/393 392/392/391
f 393/393/392 395/395/394 394/394/393
f 395/395/394 396/396/395 394/394/393
f 396/396/395 395/395/394 397/397/396
f 398/398/397 396/396/395 397/397/396
f 399/399/398 401/400/399 400/401/400
f 401/400/399 399/399/398 402/402/401
f 403/403/402 401/400/399 402/402/401
f 404/404/403 403/403/402 402/402/401
f 404/404/403 405/405/404 403/403/402
f 405/405/404 406/406/405 403/403/402
f 406/406/405 405/405/404 407/407/406
f 406/406/405 407/407/406 408/408/407
f 406/406/405 408/408/407 409/409/408
f 408/408/407 410/410/409 409/409/408
f 408/408/407 411/411/410 410/410/409
f 411/411/410 412/412/411 410/410/409
f 411/411/410 413/413/412 412/412/411
f 413/413/412 414/414/413 412/412/411
f 414/414/413 415/415/414 412/412/411
f 416/416/415 418/417/416 417/418/417
f 416/416/415 417/418/417 419/419/418
f 416/416/415 419/419/418 420/420/419
f 421/421/420 416/416/415 420/420/419
f 422/422/421 416/416/415 421/421/420
f 420/420/419 419/419/418 423/423/422
f 417/418/417 418/417/416 424/424/423
f 425/425/424 417/418/417 424/424/423
f 425/425/424 424/424/423 426/426/425
f 427/427/426 425/425/424 426/426/425
f 426/426/425 428/428/427 427/427/426
f 422/422/421 421/421/420 429/429/428
f 430/430/429 422/422/421 429/429/428
f 430/430/429 429/429/428 431/431/430
f 430/430/429 431/431/430 432/432/431
f 433/433/432 430/430/429 432/432/431
f 428/428/427 434/434/433 427/427/426
f 430/430/429 435/435/434 422/422/421
f 435/435/434 436/436/435 422/422/421
f 433/433/432 432/432/431 437/437/436
f 433/433/432 437/437/436 438/438/437
f 439/439/438 433/433/432 438/438/437
f 438/438/437 440/440/439 439/439/438
f 440/440/439 441/441/440 439/439/438
f 435/435/434 442/442/441 436/436/435
f 428/428/427 443/443/442 434/434/433
f 434/434/433 443/443/442 444/444/443
f 443/443/442 445/445/444 444/444/443
f 444/444/443 445/445/444 446/446/445
f 445/445/444 447/447/446 446/446/445
f 445/445/444 448/448/447 447/447/446
f 448/448/447 449/449/448 447/447/446
f 448/448/447 450/450/449 449/449/448
f 451/451/450 436/436/435 442/442/441
f 451/451/450 442/442/441 452/452/451
f 453/453/452 451/451/450 452/452/451
f 454/454/453 456/455/454 455/456/455
f 456/455/454 457/457/456 455/456/455
f 456/455/454 458/458/457 457/457/456
f 458/458/457 459/459/458 457/457/456
f 458/458/457 460/460/459 459/459/458
f 460/460/459 461/461/460 459/459/458
f 459/459/458 461/461/460 462/462/461
f 463/463/462 459/459/458 462/462/461
f 463/463/462 462/462/461 464/464/463
f 465/465/464 463/463/462 464/464/463
f 466/466/465 468/467/466 467/468/467
f 467/468/467 469/469/468 466/466/465
f 467/468/467 470/470/469 469/469/468
f 466/466/465 471/471/470 468/467/466
f 471/471/470 472/472/471 468/467/466
f 471/471/470 473/473/472 472/472/471
f 473/473/472 474/474/473 472/472/471
f 474/474/473 473/473/472 475/475/474
f 475/475/474 476/476/475 474/474/473
f 476/476/475 477/477/476 474/474/473
f 476/476/475 478/478/477 477/477/476
f 476/476/475 479/479/478 478/478/477
f 479/479/478 480/480/479 478/478/477
f 479/479/478 481/481/480 480/480/479
f 470/470/469 467/468/467 482/482/481
f 467/468/467 483/483/482 482/482/481
f 467/468/467 484/484/483 483/483/482
f 467/468/467 485/485/484 484/484/483
f 484/484/483 485/485/484 486/486/485
f 467/468/467 487/487/486 485/485/484
f 487/487/486 488/488/487 485/485/484
f 487/487/486 489/489/488 488/488/487
f 489/489/488 490/490/489 488/488/487
f 490/490/489 491/491/490 488/488/487
f 490/490/489 492/492/491 491/491/490
f 491/491/490 492/492/491 493/493/492
f 490/490/489 494/494/493 492/492/491
f 490/490/489 495/495/494 494/494/493
f 495/495/494 490/490/489 496/496/495
f 490/490/489 497/497/496 496/496/495
f 490/490/489 498/498/497 497/497/496
f 490/490/489 499/499/498 498/498/497
f 499/499/498 500/500/499 498/498/497
f 500/500/499 501/501/500 498/498/497
f 500/500/499 502/502/501 501/501/500
f 500/500/499 503/503/502 502/502/501
f 503/503/502 504/504/503 502/502/501
f 504/504/503 505/505/504 502/502/501
f 505/505/504 504/504/503 506/506/505
f 507/507/506 505/505/504 506/506/505
f 508/508/507 507/507/506 506/506/505
f 509/509/508 511/510/509 510/511/510
f 512/512/511 510/511/510 511/510/509
f 509/509/508 510/511/510 513/513/512
f 509/509/508 513/513/512 514/514/513
f 515/515/514 509/509/508 514/514/513
f 512/512/511 511/510/509 516/516/515
f 517/517/516 512/512/511 516/516/515
f 517/517/516 518/518/517 512/512/511
f 517/517/516 519/519/518 518/518/517
f 520/520/519 518/518/517 519/519/518
f 521/521/520 520/520/519 519/519/518
f 520/520/519 521/521/520 522/522/521
f 523/523/522 525/524/523 524/525/524
f 525/524/523 526/526/525 524/525/524
f 526/526/525 527/527/526 524/525/524
f 526/526/525 528/528/527 527/527/526
f 526/526/525 529/529/528 528/528/527
f 523/523/522 524/525/524 530/530/529
f 523/523/522 530/530/529 531/531/530
f 529/529/528 532/532/531 528/528/527
f 532/532/531 533/533/532 528/528/527
f 533/533/532 532/532/531 534/534/533
f 535/535/534 533/533/532 534/534/533
f 536/536/535 535/535/534 534/534/533
f 537/537/536 523/523/522 531/531/530
f 523/523/522 537/537/536 538/538/537
f 523/523/522 538/538/537 539/539/538
f 523/523/522 539/539/538 540/540/539
f 523/523/522 540/540/539 541/541/540
f 542/542/541 523/523/522 541/541/540
f 543/543/542 542/542/541 541/541/540
f 543/543/542 541/541/540 544/544/543
f 543/543/542 544/544/543 545/545/544
f 540/540/539 539/539/538 546/546/545
f 545/545/544 544/544/543 547/547/546
f 543/543/542 545/545/544 548/548/547
f 543/543/542 548/548/547 549/549/548
f 550/550/549 543/543/542 549/549/548
f 543/543/542 550/550/549 551/551/550
f 551/551/550 552/552/551 543/543/542
f 552/552/551 553/553/552 543/543/542
f 552/552/551 554/554/553 553/553/552
f 554/554/553 555/555/554 553/553/552
f 554/554/553 556/556/555 555/555/554
f 556/556/555 557/557/556 555/555/554
f 557/557/556 556/556/555 558/558/557
f 558/558/557 559/559/558 557/557/556
f 559/559/558 560/560/559 557/557/556
f 559/559/558 561/561/560 560/560/559
f 559/559/558 562/562/561 561/561/560
f 562/562/561 563/563/562 561/561/560
f 562/562/561 564/564/563 563/563/562
f 565/565/564 567/566/565 566/567/566
f 565/565/564 568/568/567 567/566/565
f 569/569/568 565/565/564 566/567/566
f 569/569/568 566/567/566 570/570/569
f 568/568/567 571/571/570 567/566/565
f 571/571/570 572/572/571 567/566/565
f 572/572/571 571/571/570 573/573/572
f 571/571/570 574/574/573 573/573/572
f 570/570/569 575/575/574 569/569/568
f 575/575/574 576/576/575 569/569/568
f 575/575/574 577/577/576 576/576/575
f 576/576/575 577/577/576 578/578/577
f 579/579/578 581/580/579 580/581/580
f 582/582/581 580/581/580 581/580/579
f 579/579/578 580/581/580 583/583/582
f 579/579/578 583/583/582 584/584/583
f 585/585/584 579/579/578 584/584/583
f 582/582/581 581/580/579 586/586/585
f 586/586/585 587/587/586 582/582/581
f 587/587/586 588/588/587 582/582/581
f 587/587/586 589/589/588 588/588/587
f 590/590/589 588/588/587 589/589/588
f 591/591/590 590/590/589 589/589/588
f 590/590/589 591/591/590 592/592/591
f 593/593/592 595/594/593 594/595/594
f 593/593/592 594/595/594 596/596/595
f 597/597/596 594/595/594 595/594/593
f 594/595/594 597/597/596 598/598/597
f 599/599/598 593/593/592 596/596/595
f 599/599/598 596/596/595 600/600/599
f 601/601/600 599/599/598 600/600/599
f 601/601/600 600/600/599 602/602/601
f 603/603/602 601/601/600 602/602/601
f 604/604/603 603/603/602 602/602/601
f 602/602/601 605/605/604 604/604/603
f 605/605/604 606/606/605 604/604/603
f 606/606/605 605/605/604 607/607/606
f 608/608/607 606/606/605 607/607/606
f 608/608/607 607/607/606 609/609/608
f 610/610/609 608/608/607 609/609/608
f 610/610/609 609/609/608 611/611/610
f 612/612/611 610/610/609 611/611/610
f 613/613/612 612/612/611 611/611/610
f 614/614/613 612/612/611 613/613/612
f 615/615/614 614/614/613 613/613/612
f 615/615/614 616/616/615 614/614/613
f 615/615/614 617/617/616 616/616/615
f 617/617/616 618/618/617 616/616/615
f 619/619/618 621/620/619 620/621/620
f 619/619/618 622/622/621 621/620/619
f 623/623/622 619/619/618 620/621/620
f 621/620/619 622/622/621 624/624/623
f 622/622/621 625/625/624 624/624/623
f 625/625/624 626/626/625 624/624/623
f 626/626/625 625/625/624 627/627/626
f 626/626/625 627/627/626 628/628/627
f 629/629/628 626/626/625 628/628/627
f 628/628/627 630/630/629 629/629/628
f 630/630/629 628/628/627 631/631/630
f 630/630/629 631/631/630 632/632/631
f 633/633/632 630/630/629 632/632/631
f 626/626/625 629/629/628 634/634/633
f 633/633/632 632/632/631 635/635/634
f 633/633/632 635/635/634 636/636/635
f 633/633/632 636/636/635 637/637/636
f 638/638/637 633/633/632 637/637/636
f 637/637/636 639/639/638 638/638/637
f 638/638/637 639/639/638 640/640/639
f 641/641/640 638/638/637 640/640/639
f 638/638/637 641/641/640 642/642/641
f 638/638/637 642/642/641 643/643/642
f 644/644/643 638/638/637 643/643/642
f 645/645/644 647/646/645 646/647/645
f 647/646/645 648/648/646 646/647/645
f 647/646/645 649/649/646 648/648/646
f 648/648/646 649/649/646 650/650/647
f 651/651/648 648/648/646 650/650/647
f 645/645/644 646/647/645 652/652/649
f 653/653/650 651/651/648 650/650/647
f 654/654/651 651/651/648 653/653/650
f 655/655/652 651/651/648 654/654/651
f 651/651/648 655/655/652 656/656/653
f 656/656/653 655/655/652 657/657/654
f 655/655/652 658/658/655 657/657/654
f 658/658/655 659/659/656 657/657/654
f 658/658/655 660/660/657 659/659/656
f 660/660/657 661/661/658 659/659/656
f 660/660/657 662/662/659 661/661/658
f 662/662/659 663/663/659 661/661/658
f 662/662/659 664/664/660 663/663/659
f 662/662/659 665/665/660 664/664/660
f 664/664/660 665/665/660 666/666/661
f 667/667/662 664/664/660 666/666/661
f 668/668/663 667/667/662 666/666/661
f 667/667/662 668/668/663 669/669/664
f 670/670/665 672/671/666 671/672/361
f 670/670/665 671/672/361 673/673/667
f 674/674/668 670/670/665 673/673/667
f 672/671/666 675/675/669 671/672/361
f 672/671/666 676/676/670 675/675/669
f 676/676/670 677/677/671 675/675/669
f 676/676/670 678/678/672 677/677/671
f 678/678/672 679/679/673 677/677/671
f 679/679/673 680/680/674 677/677/671
f 674/674/668 673/673/667 681/681/675
f 682/682/676 674/674/668 681/681/675
f 674/674/668 682/682/676 683/683/677
f 682/682/676 684/684/678 683/683/677
f 682/682/676 685/685/679 684/684/678
f 685/685/679 686/686/680 684/684/678
f 686/686/680 685/685/679 687/687/681
f 688/688/682 679/679/673 678/678/672
f 688/688/682 689/689/683 679/679/673
f 689/689/683 690/690/684 679/679/673
f 689/689/683 691/691/685 690/690/684
f 692/692/686 689/689/683 688/688/682
f 691/691/685 689/689/683 693/693/687
f 691/691/685 694/694/688 690/690/684
f 694/694/688 691/691/685 695/695/689
f 694/694/688 695/695/689 696/696/690
f 692/692/686 697/697/690 689/689/683
f 697/697/690 698/698/690 689/689/683
f 697/697/690 699/699/691 698/698/690
f 699/699/691 697/697/690 700/700/692
f 699/699/691 700/700/692 701/701/693
f 700/700/692 702/702/369 701/701/693
f 700/700/692 703/703/694 702/702/369
f 702/702/369 703/703/694 704/704/695
f 704/704/695 705/705/696 702/702/369
f 705/705/696 696/696/690 702/702/369
f 702/702/369 696/696/690 706/706/697
f 707/707/698 703/703/694 700/700/692
f 707/707/698 708/708/699 703/703/694
f 708/708/699 709/709/700 703/703/694
f 708/708/699 710/710/686 709/709/700
f 710/710/686 708/708/699 711/711/701
f 712/712/702 710/710/686 711/711/701
f 712/712/702 711/711/701 713/713/703
f 714/714/704 712/712/702 713/713/703
f 715/715/705 714/714/704 713/713/703
f 715/715/705 716/716/706 714/714/704
f 716/716/706 715/715/705 717/717/707
f 716/716/706 717/717/707 718/718/708
f 719/719/709 715/715/705 713/713/703
f 715/715/705 719/719/709 720/720/710
f 719/719/709 713/713/703 721/721/708
f 722/722/711 719/719/709 721/721/708
f 722/722/711 721/721/708 723/723/712
f 724/724/713 722/722/711 723/723/712
f 719/719/709 722/722/711 725/725/708
f 726/726/714 716/716/706 718/718/708
f 726/726/714 718/718/708 727/727/709
f 728/728/715 726/726/714 727/727/709
f 729/729/694 726/726/714 728/728/715
f 729/729/694 728/728/715 730/730/374
f 731/731/380 730/730/374 728/728/715
f 732/732/716 731/731/380 728/728/715
f 733/733/717 732/732/716 722/722/711
f 724/724/713 733/733/717 722/722/711
f 733/733/717 734/734/718 732/732/716
f 734/734/718 735/735/719 732/732/716
f 734/734/718 736/736/720 735/735/719
f 732/732/716 735/735/719 737/737/721
f 732/732/716 728/728/715 738/738/722
f 722/722/711 732/732/716 738/738/722
f 736/736/720 739/739/723 735/735/719
f 736/736/720 740/740/724 739/739/723
f 740/740/724 741/741/725 739/739/723
f 740/740/724 742/742/726 741/741/725
f 742/742/726 743/743/727 741/741/725
f 742/742/726 744/744/696 743/743/727
f 744/744/696 745/745/728 743/743/727
f 744/744/696 746/746/729 745/745/728
f 746/746/729 744/744/696 747/747/730
f 747/747/730 748/748/731 746/746/729
f 747/747/730 749/749/732 748/748/731
f 749/749/732 750/750/733 748/748/731
f 750/750/733 751/751/734 748/748/731
f 750/750/733 752/752/735 751/751/734
f 751/751/734 752/752/735 753/753/736
f 752/752/735 754/754/737 753/753/736
f 754/754/737 755/755/738 753/753/736
f 754/754/737 756/756/739 755/755/738
f 756/756/739 757/757/740 755/755/738
f 755/755/738 757/757/740 758/758/741
f 758/758/741 757/757/740 759/759/742
f 758/758/741 759/759/742 760/760/743
f 759/759/742 757/757/740 761/761/744
f 762/762/740 758/758/741 760/760/743
f 759/759/742 761/761/744 763/763/745
f 764/764/746 759/759/742 763/763/745
f 764/764/746 763/763/745 765/765/747
f 766/766/748 764/764/746 765/765/747
f 766/766/748 765/765/747 767/767/749
f 768/768/750 766/766/748 767/767/749
f 768/768/750 767/767/749 769/769/751
f 770/770/752 768/768/750 769/769/751
f 770/770/752 769/769/751 771/771/665
f 772/772/361 770/770/752 771/771/665
f 772/772/361 771/771/665 773/773/666
f 774/774/753 772/772/361 773/773/666
f 774/774/753 773/773/666 775/775/687
f 776/776/754 774/774/753 775/775/687
f 776/776/754 775/775/687 777/777/755
f 777/777/755 778/778/756 776/776/754
f 778/778/756 779/779/757 776/776/754
f 780/780/758 778/778/756 777/777/755
f 780/780/758 781/781/759 778/778/756
f 781/781/759 782/782/760 778/778/756
f 781/781/759 780/780/758 783/783/761
f 781/781/759 784/784/762 782/782/760
f 784/784/762 781/781/759 785/785/687
f 786/786/763 782/782/760 784/784/762
f 786/786/763 784/784/762 787/787/691
f 788/788/764 786/786/763 787/787/691
f 781/781/759 783/783/761 789/789/690
f 790/790/690 781/781/759 789/789/690
f 791/791/691 790/790/690 789/789/690
f 791/791/691 789/789/690 792/792/765
f 793/793/693 791/791/691 792/792/765
f 793/793/693 792/792/765 794/794/687
f 792/792/765 795/795/766 794/794/687
f 792/792/765 796/796/767 795/795/766
f 794/794/687 795/795/766 797/797/768
f 796/796/767 798/798/366 795/795/766
f 797/797/768 799/799/769 794/794/687
f 799/799/769 800/800/690 794/794/687
f 799/799/769 788/788/764 800/800/690
f 788/788/764 787/787/691 800/800/690
f 794/794/687 800/800/690 801/801/697
f 796/796/767 802/802/699 798/798/366
f 802/802/699 803/803/686 798/798/366
f 802/802/699 804/804/701 803/803/686
f 804/804/701 805/805/770 803/803/686
f 804/804/701 806/806/771 805/805/770
f 806/806/771 807/807/364 805/805/770
f 808/808/772 807/807/364 806/806/771
f 809/809/709 808/808/772 806/806/771
f 809/809/709 806/806/771 810/810/773
f 808/808/772 809/809/709 811/811/710
f 808/808/772 812/812/774 807/807/364
f 812/812/774 808/808/772 813/813/707
f 812/812/774 813/813/707 814/814/708
f 815/815/775 809/809/709 810/810/773
f 809/809/709 815/815/775 816/816/708
f 815/815/775 810/810/773 817/817/776
f 818/818/777 815/815/775 817/817/776
f 819/819/714 812/812/774 814/814/708
f 819/819/714 814/814/708 820/820/778
f 821/821/710 819/819/714 820/820/778
f 822/822/766 819/819/714 821/821/710
f 822/822/766 821/821/710 823/823/779
f 824/824/380 823/823/779 821/821/710
f 825/825/780 824/824/380 821/821/710
f 815/815/775 825/825/780 826/826/722
f 825/825/780 821/821/710 826/826/722
f 827/827/362 825/825/780 815/815/775
f 827/827/362 815/815/775 818/818/777
f 827/827/362 828/828/781 825/825/780
f 828/828/781 829/829/782 825/825/780
f 828/828/781 830/830/783 829/829/782
f 825/825/780 829/829/782 831/831/784
f 830/830/783 832/832/785 829/829/782
f 830/830/783 833/833/786 832/832/785
f 833/833/786 834/834/787 832/832/785
f 833/833/786 835/835/788 834/834/787
f 835/835/788 836/836/727 834/834/787
f 835/835/788 837/837/789 836/836/727
f 837/837/789 838/838/728 836/836/727
f 837/837/789 839/839/790 838/838/728
f 839/839/790 837/837/789 840/840/791
f 840/840/791 841/841/792 839/839/790
f 840/840/791 842/842/793 841/841/792
f 842/842/793 843/843/794 841/841/792
f 843/843/794 844/844/795 841/841/792
f 843/843/794 845/845/796 844/844/795
f 844/844/795 845/845/796 846/846/797
f 846/846/797 845/845/796 847/847/798
f 848/848/799 846/846/797 847/847/798
f 848/848/799 847/847/798 849/849/800
f 850/850/801 848/848/799 849/849/800
f 848/848/799 850/850/801 851/851/802
f 687/687/681 851/851/802 850/850/801
f 687/687/681 852/852/743 851/851/802
f 853/853/803 687/687/681 850/850/801
f 852/852/743 854/854/804 851/851/802
f 853/853/803 686/686/680 687/687/681
f 855/855/805 857/856/806 856/857/807
f 855/855/805 858/858/808 857/856/806
f 858/858/808 859/859/809 857/856/806
f 858/858/808 860/860/810 859/859/809
f 860/860/810 861/861/811 859/859/809
f 862/862/812 859/859/809 861/861/811
f 863/863/813 862/862/812 861/861/811
f 861/861/811 860/860/810 864/864/814
f 865/865/815 863/863/813 861/861/811
f 860/860/810 866/866/816 864/864/814
f 862/862/812 867/867/817 859/859/809
f 856/857/807 868/868/818 855/855/805
f 868/868/818 869/869/819 855/855/805
f 868/868/818 870/870/820 869/869/819
f 869/869/819 870/870/820 871/871/821
f 863/863/813 865/865/815 872/872/822
f 872/872/822 865/865/815 873/873/823
f 873/873/823 865/865/815 874/874/824
f 865/865/815 875/875/825 874/874/824
f 874/874/824 875/875/825 876/876/826
f 877/877/827 874/874/824 876/876/826
f 877/877/827 878/878/828 874/874/824
f 878/878/828 879/879/829 874/874/824
f 878/878/828 880/880/830 879/879/829
f 880/880/830 881/881/830 879/879/829
f 880/880/830 882/882/831 881/881/830
f 882/882/831 883/883/832 881/881/830
f 882/882/831 884/884/833 883/883/832
f 882/882/831 885/885/834 884/884/833
f 885/885/834 652/652/649 884/884/833
f 885/885/834 886/886/835 652/652/649
f 886/886/835 645/645/644 652/652/649
f 887/887/836 889/888/837 888/889/838
f 890/890/839 887/887/836 888/889/838
f 887/887/836 891/891/840 889/888/837
f 887/887/836 892/892/841 891/891/840
f 893/893/842 891/891/840 892/892/841
f 894/894/843 893/893/842 892/892/841
f 895/895/844 893/893/842 894/894/843
f 896/896/845 895/895/844 894/894/843
f 896/896/845 894/894/843 897/897/846
f 898/898/847 896/896/845 897/897/846
f 899/899/848 898/898/847 897/897/846
f 898/898/847 899/899/848 900/900/849
f 901/901/850 898/898/847 900/900/849
f 902/902/851 901/901/850 900/900/849
f 902/902/851 900/900/849 903/903/852
f 902/902/851 903/903/852 904/904/853
f 903/903/852 905/905/854 904/904/853
f 904/904/853 905/905/854 906/906/855
f 904/904/853 906/906/855 907/907/856
f 908/908/857 904/904/853 907/907/856
f 908/908/857 907/907/856 909/909/858
f 907/907/856 910/910/859 909/909/858
f 907/907/856 911/911/860 910/910/859
f 907/907/856 912/912/861 911/911/860
f 912/912/861 913/913/862 911/911/860
f 914/914/863 911/911/860 913/913/862
f 915/915/864 917/916/865 916/917/866
f 917/916/865 918/918/867 916/917/866
f 918/918/867 917/916/865 919/919/868
f 920/920/869 918/918/867 919/919/868
f 921/921/870 915/915/864 916/917/866
f 915/915/864 921/921/870 922/922/871
f 923/923/872 915/915/864 922/922/871
f 923/923/872 922/922/871 924/924/873
f 923/923/872 924/924/873 925/925/874
f 926/926/875 923/923/872 925/925/874
f 926/926/875 925/925/874 927/927/876
f 919/919/868 928/928/877 920/920/869
f 919/919/868 929/929/878 928/928/877
f 919/919/868 930/930/879 929/929/878
f 930/930/879 931/931/880 929/929/878
f 931/931/880 930/930/879 932/932/881
f 933/933/882 931/931/880 932/932/881
f 926/926/875 927/927/876 934/934/883
f 934/934/883 935/935/884 926/926/875
f 935/935/884 936/936/885 926/926/875
f 937/937/886 936/936/885 935/935/884
f 936/936/885 937/937/886 938/938/887
f 939/939/888 936/936/885 938/938/887
f 933/933/882 932/932/881 940/940/889
f 941/941/890 933/933/882 940/940/889
f 941/941/890 940/940/889 942/942/891
f 943/943/892 941/941/890 942/942/891
f 944/944/893 939/939/888 938/938/887
f 945/945/894 939/939/888 944/944/893
f 946/946/895 945/945/894 944/944/893
f 946/946/895 944/944/893 947/947/896
f 943/943/892 942/942/891 948/948/897
f 949/949/898 943/943/892 948/948/897
f 949/949/898 948/948/897 950/950/899
f 951/951/900 949/949/898 950/950/899
f 951/951/900 950/950/899 952/952/901
f 952/952/901 953/953/902 951/951/900
f 953/953/902 954/954/903 951/951/900
f 951/951/900 954/954/903 955/955/904
f 956/956/905 951/951/900 955/955/904
f 956/956/905 955/955/904 957/957/906
f 958/958/907 956/956/905 957/957/906
f 959/959/908 958/958/907 957/957/906
f 959/959/908 957/957/906 960/960/909
f 960/960/909 961/961/910 959/959/908
f 960/960/909 962/962/911 961/961/910
f 962/962/911 963/963/912 961/961/910
f 963/963/912 964/964/913 961/961/910
f 964/964/913 963/963/912 965/965/914
f 966/966/915 964/964/913 965/965/914
f 966/966/915 965/965/914 967/967/916
f 968/968/917 966/966/915 967/967/916
f 968/968/917 967/967/916 969/969/918
f 970/970/919 968/968/917 969/969/918
f 970/970/919 969/969/918 971/971/920
f 972/972/921 970/970/919 971/971/920
f 973/973/922 975/974/923 974/975/924
f 973/973/922 974/975/924 976/976/925
f 977/977/926 973/973/922 976/976/925
f 973/973/922 977/977/926 978/978/927
f 978/978/927 977/977/926 979/979/928
f 977/977/926 980/980/929 979/979/928
f 980/980/929 981/981/930 979/979/928
f 975/974/923 973/973/922 982/982/931
f 973/973/922 983/983/932 982/982/931
f 983/983/932 984/984/933 982/982/931
f 985/985/934 984/984/933 983/983/932
f 984/984/933 985/985/934 986/986/935
f 987/987/936 984/984/933 986/986/935
f 988/988/937 975/974/923 982/982/931
f 989/989/938 991/990/939 990/991/940
f 991/990/939 992/992/939 990/991/940
f 992/992/939 991/990/939 993/993/941
f 991/990/939 994/994/942 993/993/941
f 989/989/938 990/991/940 995/995/943
f 996/996/944 989/989/938 995/995/943
f 991/990/939 997/997/945 994/994/942
f 989/989/938 996/996/944 998/998/946
f 999/999/947 989/989/938 998/998/946
f 998/998/946 1000/1000/948 999/999/947
f 1000/1000/948 1001/1001/949 999/999/947
f 1001/1001/949 1000/1000/948 1002/1002/950
f 1001/1001/949 1002/1002/950 1003/1003/951
f 1004/1004/952 1001/1001/949 1003/1003/951
f 1003/1003/951 1005/1005/953 1004/1004/952
f 1003/1003/951 1006/1006/954 1005/1005/953
f 1005/1005/953 1006/1006/954 1007/1007/955
f 1008/1008/956 1005/1005/953 1007/1007/955
f 1005/1005/953 1008/1008/956 1009/1009/957
f 1008/1008/956 1010/1010/958 1009/1009/957
f 1008/1008/956 1011/1011/959 1010/1010/958
f 1012/1012/960 1010/1010/958 1011/1011/959
f 1012/1012/960 1011/1011/959 1013/1013/961
f 1012/1012/960 1013/1013/961 1014/1014/962
f 1013/1013/961 1015/1015/963 1014/1014/962
f 1015/1015/963 1016/1016/964 1014/1014/962
f 1016/1016/964 1017/1017/965 1014/1014/962
f 1013/1013/961 1018/1018/966 1015/1015/963
f 1018/1018/966 1019/1019/967 1015/1015/963
f 1020/1020/968 1022/1021/969 1021/1022/970
f 1022/1021/969 1023/1023/971 1021/1022/970
f 1020/1020/968 1021/1022/970 1024/1024/972
f 1022/1021/969 1025/1025/973 1023/1023/971
f 1025/1025/973 1022/1021/969 1026/1026/974
f 1025/1025/973 1026/1026/974 1027/1027/975
f 1028/1028/976 1025/1025/973 1027/1027/975
f 1028/1028/976 1027/1027/975 1029/1029/977
f 1030/1030/978 1028/1028/976 1029/1029/977
f 1026/1026/974 1031/1031/979 1027/1027/975
f 1032/1032/980 1020/1020/968 1024/1024/972
f 1033/1033/981 1032/1032/980 1024/1024/972
f 1033/1033/981 1024/1024/972 1034/1034/982
f 1035/1035/983 1033/1033/981 1034/1034/982
f 1036/1036/984 1038/1037/985 1037/1038/986
f 1036/1036/984 1037/1038/986 1039/1039/987
f 1036/1036/984 1039/1039/987 1040/1040/988
f 1041/1041/989 1036/1036/984 1040/1040/988
f 1041/1041/989 1040/1040/988 1042/1042/990
f 1042/1042/990 1040/1040/988 1043/1043/991
f 1044/1044/992 1042/1042/990 1043/1043/991
f 1037/1038/986 1038/1037/985 1045/1045/993
f 1038/1037/985 1046/1046/994 1045/1045/993
f 1038/1037/985 1047/1047/995 1046/1046/994
f 1046/1046/994 1047/1047/995 1048/1048/996
f 1047/1047/995 1049/1049/997 1048/1048/996
f 1047/1047/995 1050/1050/998 1049/1049/997
f 1050/1050/998 1051/1051/999 1049/1049/997
f 1050/1050/998 1052/1052/1000 1051/1051/999
f 1050/1050/998 1053/1053/1001 1052/1052/1000
f 1053/1053/1001 1054/1054/1002 1052/1052/1000
f 1053/1053/1001 1055/1055/1003 1054/1054/1002
f 1053/1053/1001 1056/1056/1004 1055/1055/1003
f 1056/1056/1004 1057/1057/1005 1055/1055/1003
f 1056/1056/1004 1058/1058/1006 1057/1057/1005
f 1056/1056/1004 1059/1059/1007 1058/1058/1006
f 1059/1059/1007 1060/1060/1008 1058/1058/1006
f 1060/1060/1008 1059/1059/1007 1061/1061/1009
f 1062/1062/1010 1060/1060/1008 1061/1061/1009
f 1063/1063/1011 1065/1064/1012 1064/1065/924
f 1063/1063/1011 1064/1065/924 1066/1066/925
f 1063/1063/1011 1066/1066/925 1067/1067/1013
f 1068/1068/1014 1063/1063/1011 1067/1067/1013
f 1068/1068/1014 1067/1067/1013 1069/1069/1015
f 1067/1067/1013 1070/1070/1016 1069/1069/1015
f 1065/1064/1012 1063/1063/1011 1071/1071/1017
f 1063/1063/1011 1072/1072/1018 1071/1071/1017
f 1072/1072/1018 1073/1073/1019 1071/1071/1017
f 1074/1074/934 1073/1073/1019 1072/1072/1018
f 1073/1073/1019 1074/1074/934 1075/1075/935
f 1076/1076/936 1073/1073/1019 1075/1075/935
f 1070/1070/1016 1077/1077/1020 1069/1069/1015
f 1078/1078/1021 1065/1064/1012 1071/1071/1017
f 1079/1079/1022 1081/1080/1023 1080/1081/1024
f 1081/1080/1023 1082/1082/1025 1080/1081/1024
f 1081/1080/1023 1083/1083/1026 1082/1082/1025
f 1083/1083/1026 1084/1084/1026 1082/1082/1025
f 1084/1084/1026 1083/1083/1026 1085/1085/1027
f 1083/1083/1026 1086/1086/1028 1085/1085/1027
f 1083/1083/1026 1087/1087/1029 1086/1086/1028
f 1079/1079/1022 1088/1088/1030 1081/1080/1023
f 1088/1088/1030 1089/1089/1031 1081/1080/1023
f 1089/1089/1031 1088/1088/1030 1090/1090/1032
f 1091/1091/1033 1089/1089/1031 1090/1090/1032
f 1091/1091/1033 1090/1090/1032 1092/1092/1034
f 1093/1093/1035 1091/1091/1033 1092/1092/1034
f 1092/1092/1034 1094/1094/1036 1093/1093/1035
f 1092/1092/1034 1095/1095/1037 1094/1094/1036
f 1094/1094/1036 1095/1095/1037 1096/1096/1038
f 1097/1097/1039 1094/1094/1036 1096/1096/1038
f 1094/1094/1036 1097/1097/1039 1098/1098/1040
f 1097/1097/1039 1099/1099/1041 1098/1098/1040
f 1097/1097/1039 1100/1100/1042 1099/1099/1041
f 1101/1101/1043 1099/1099/1041 1100/1100/1042
f 1101/1101/1043 1100/1100/1042 1102/1102/1044
f 1101/1101/1043 1102/1102/1044 1103/1103/1045
f 1102/1102/1044 1104/1104/1046 1103/1103/1045
f 1104/1104/1046 1105/1105/1047 1103/1103/1045
f 1105/1105/1047 1106/1106/1048 1103/1103/1045
f 1102/1102/1044 1107/1107/1049 1104/1104/1046
f 1107/1107/1049 1108/1108/1050 1104/1104/1046
f 1109/1109/1051 1111/1110/1052 1110/1111/1053
f 1109/1109/1051 1112/1112/1054 1111/1110/1052
f 1109/1109/1051 1113/1113/1055 1112/1112/1054
f 1113/1113/1055 1114/1114/1056 1112/1112/1054
f 1113/1113/1055 1115/1115/1057 1114/1114/1056
f 1115/1115/1057 1116/1116/1058 1114/1114/1056
f 1115/1115/1057 1117/1117/1059 1116/1116/1058
f 1117/1117/1059 1118/1118/1060 1116/1116/1058
f 1119/1119/1061 1109/1109/1051 1110/1111/1053
f 1110/1111/1053 1120/1120/1062 1119/1119/1061
f 1110/1111/1053 1121/1121/1063 1120/1120/1062
f 1121/1121/1063 1122/1122/1064 1120/1120/1062
f 1122/1122/1064 1123/1123/1065 1120/1120/1062
f 1122/1122/1064 1124/1124/1066 1123/1123/1065
f 1124/1124/1066 1125/1125/1067 1123/1123/1065
f 1125/1125/1067 1126/1126/1068 1123/1123/1065
f 1125/1125/1067 1127/1127/1069 1126/1126/1068
f 1128/1128/1070 1126/1126/1068 1127/1127/1069
f 1126/1126/1068 1128/1128/1070 1129/1129/1071
f 1117/1117/1059 1130/1130/1072 1118/1118/1060
f 1130/1130/1072 1131/1131/1073 1118/1118/1060
f 1130/1130/1072 1132/1132/1074 1131/1131/1073
f 1132/1132/1074 1133/1133/1075 1131/1131/1073
f 1134/1134/1076 1136/1135/1077 1135/1136/1078
f 1137/1137/1079 1134/1134/1076 1135/1136/1078
f 1136/1135/1077 1134/1134/1076 1138/1138/1080
f 1134/1134/1076 1139/1139/1081 1138/1138/1080
f 1134/1134/1076 1140/1140/1082 1139/1139/1081
f 1141/1141/1083 1137/1137/1079 1135/1136/1078
f 1137/1137/1079 1141/1141/1083 1142/1142/1084
f 1143/1143/1085 1137/1137/1079 1142/1142/1084
f 1144/1144/1086 1143/1143/1085 1142/1142/1084
f 1144/1144/1086 1142/1142/1084 1145/1145/1087
f 1146/1146/1088 1144/1144/1086 1145/1145/1087
f 1147/1147/1089 1146/1146/1088 1145/1145/1087
f 1147/1147/1089 1148/1148/1090 1146/1146/1088
f 1148/1148/1090 1149/1149/1091 1146/1146/1088
f 1149/1149/1091 1148/1148/1090 1150/1150/1092
f 1149/1149/1091 1150/1150/1092 1151/1151/1093
f 1149/1149/1091 1151/1151/1093 1152/1152/1094
f 1153/1153/1095 1155/1154/1096 1154/1155/1097
f 1153/1153/1095 1156/1156/1098 1155/1154/1096
f 1156/1156/1098 1157/1157/1099 1155/1154/1096
f 1158/1158/1100 1153/1153/1095 1154/1155/1097
f 1159/1159/1101 1158/1158/1100 1154/1155/1097
f 1158/1158/1100 1159/1159/1101 1160/1160/1102
f 1160/1160/1102 1159/1159/1101 1161/1161/1103
f 1162/1162/1104 1160/1160/1102 1161/1161/1103
f 1162/1162/1104 1161/1161/1103 1163/1163/1105
f 1164/1164/1106 1166/1165/1107 1165/1166/1108
f 1165/1166/1108 1167/1167/1109 1164/1164/1106
f 1165/1166/1108 1168/1168/1110 1167/1167/1109
f 1169/1169/1111 1167/1167/1109 1168/1168/1110
f 1170/1170/1112 1169/1169/1111 1168/1168/1110
f 1169/1169/1111 1170/1170/1112 1171/1171/1113
f 1172/1172/1114 1169/1169/1111 1171/1171/1113
f 1173/1173/1115 1169/1169/1111 1172/1172/1114
f 1174/1174/1116 1172/1172/1114 1171/1171/1113
f 1175/1175/1117 1172/1172/1114 1174/1174/1116
f 1175/1175/1117 1173/1173/1115 1172/1172/1114
f 1176/1176/1118 1175/1175/1117 1174/1174/1116
f 1176/1176/1118 1174/1174/1116 1177/1177/1119
f 1178/1178/1120 1177/1177/1119 1174/1174/1116
f 1178/1178/1120 1179/1179/1121 1177/1177/1119
f 1176/1176/1118 1177/1177/1119 1180/1180/1122
f 1177/1177/1119 1181/1181/1123 1180/1180/1122
f 1177/1177/1119 1182/1182/1124 1181/1181/1123
f 1183/1183/1125 1167/1167/1109 1169/1169/1111
f 1173/1173/1115 1183/1183/1125 1169/1169/1111
f 1167/1167/1109 1183/1183/1125 1184/1184/1126
f 1185/1185/1127 1184/1184/1126 1183/1183/1125
f 1185/1185/1127 1186/1186/1128 1184/1184/1126
f 1183/1183/1125 1187/1187/1129 1185/1185/1127
f 1187/1187/1129 1183/1183/1125 1173/1173/1115
f 1188/1188/1130 1185/1185/1127 1187/1187/1129
f 1188/1188/1130 1186/1186/1128 1185/1185/1127
f 1188/1188/1130 1189/1189/1131 1186/1186/1128
f 1190/1190/1132 1188/1188/1130 1187/1187/1129
f 1190/1190/1132 1187/1187/1129 1191/1191/1133
f 1191/1191/1133 1187/1187/1129 1192/1192/1134
f 1193/1193/1135 1191/1191/1133 1192/1192/1134
f 1193/1193/1135 1192/1192/1134 1194/1194/1136
f 1195/1195/1137 1193/1193/1135 1194/1194/1136
f 1195/1195/1137 1196/1196/1138 1193/1193/1135
f 1191/1191/1133 1193/1193/1135 1197/1197/1139
f 1193/1193/1135 1196/1196/1138 1197/1197/1139
f 1198/1198/224 1190/1190/1132 1191/1191/1133
f 1198/1198/224 1191/1191/1133 1199/1199/1140
f 1191/1191/1133 1197/1197/1139 1199/1199/1140
f 1200/1200/1141 1197/1197/1139 1196/1196/1138
f 1201/1201/1142 1197/1197/1139 1200/1200/1141
f 1202/1202/1143 1201/1201/1142 1200/1200/1141
f 1201/1201/1142 1202/1202/1143 1203/1203/1144
f 1201/1201/1142 1203/1203/1144 1204/1204/1145
f 1205/1205/1146 1201/1201/1142 1204/1204/1145
f 1201/1201/1142 1205/1205/1146 1197/1197/1139
f 1206/1206/1147 1205/1205/1146 1204/1204/1145
f 1207/1207/1148 1205/1205/1146 1206/1206/1147
f 1206/1206/1147 1204/1204/1145 1208/1208/1149
f 1208/1208/1149 1204/1204/1145 1209/1209/1150
f 1210/1210/1151 1206/1206/1147 1208/1208/1149
f 1207/1207/1148 1206/1206/1147 1210/1210/1151
f 1207/1207/1148 1210/1210/1151 1211/1211/1152
f 1212/1212/1153 1207/1207/1148 1211/1211/1152
f 1212/1212/1153 1211/1211/1152 1213/1213/1154
f 1213/1213/1154 1211/1211/1152 1214/1214/1155
f 1210/1210/1151 1208/1208/1149 1215/1215/1156
f 1211/1211/1152 1210/1210/1151 1215/1215/1156
f 1215/1215/1156 1208/1208/1149 1216/1216/1157
f 1207/1207/1148 1212/1212/1153 1217/1217/1158
f 1207/1207/1148 1217/1217/1158 1218/1218/925
f 1218/1218/925 1219/1219/1159 1207/1207/1148
f 1218/1218/925 1198/1198/224 1219/1219/1159
f 1214/1214/1155 1211/1211/1152 1220/1220/1160
f 1211/1211/1152 1215/1215/1156 1220/1220/1160
f 1214/1214/1155 1220/1220/1160 1221/1221/1161
f 1220/1220/1160 1222/1222/1162 1221/1221/1161
f 1215/1215/1156 1216/1216/1157 1222/1222/1162
f 1220/1220/1160 1215/1215/1156 1222/1222/1162
f 1223/1223/1163 1221/1221/1161 1222/1222/1162
f 1224/1224/1164 1223/1223/1163 1222/1222/1162
f 1224/1224/1164 1222/1222/1162 1216/1216/1157
f 1225/1225/1165 1224/1224/1164 1216/1216/1157
f 1216/1216/1157 1226/1226/1166 1225/1225/1165
f 1221/1221/1161 1223/1223/1163 1227/1227/1167
f 1226/1226/1166 1228/1228/1168 1225/1225/1165
f 1208/1208/1149 1226/1226/1166 1216/1216/1157
f 1226/1226/1166 1209/1209/1150 1228/1228/1168
f 1208/1208/1149 1209/1209/1150 1226/1226/1166
f 1209/1209/1150 1229/1229/1169 1228/1228/1168
f 1209/1209/1150 1230/1230/1170 1229/1229/1169
f 1209/1209/1150 1231/1231/1171 1230/1230/1170
f 1231/1231/1171 1203/1203/1144 1230/1230/1170
f 1232/1232/1172 1221/1221/1161 1227/1227/1167
f 1232/1232/1172 1227/1227/1167 1233/1233/1173
f 1234/1234/1174 1232/1232/1172 1233/1233/1173
f 1235/1235/1175 1234/1234/1174 1233/1233/1173
f 1236/1236/1176 1232/1232/1172 1234/1234/1174
f 1237/1237/1177 1236/1236/1176 1234/1234/1174
f 1238/1238/1178 1236/1236/1176 1237/1237/1177
f 1239/1239/1179 1238/1238/1178 1237/1237/1177
f 1238/1238/1178 1239/1239/1179 1240/1240/1180
f 1241/1241/1181 1238/1238/1178 1240/1240/1180
f 1242/1242/1182 1241/1241/1181 1240/1240/1180
f 1243/1243/1183 1242/1242/1182 1240/1240/1180
f 1244/1244/1184 1243/1243/1183 1240/1240/1180
f 1245/1245/1185 1244/1244/1184 1240/1240/1180
f 1245/1245/1185 1246/1246/1186 1244/1244/1184
f 1245/1245/1185 1240/1240/1180 1247/1247/1187
f 1248/1248/1188 1245/1245/1185 1247/1247/1187
f 1248/1248/1188 1249/1249/1189 1245/1245/1185
f 1248/1248/1188 1247/1247/1187 1250/1250/1190
f 1248/1248/1188 1250/1250/1190 1251/1251/1191
f 1239/1239/1179 1237/1237/1177 1252/1252/1192
f 1253/1253/1193 1252/1252/1192 1237/1237/1177
f 1253/1253/1193 1254/1254/1194 1252/1252/1192
f 1255/1255/1195 1252/1252/1192 1254/1254/1194
f 1256/1256/1196 1252/1252/1192 1255/1255/1195
f 1254/1254/1194 1257/1257/1197 1255/1255/1195
f 1244/1244/1184 1189/1189/1131 1243/1243/1183
f 1253/1253/1193 1237/1237/1177 1234/1234/1174
f 1253/1253/1193 1234/1234/1174 1235/1235/1175
f 1258/1258/1198 1253/1253/1193 1235/1235/1175
f 1258/1258/1198 1259/1259/1199 1253/1253/1193
f 1259/1259/1199 1260/1260/1200 1253/1253/1193
f 1259/1259/1199 1261/1261/1201 1260/1260/1200
f 1254/1254/1194 1253/1253/1193 1262/1262/1202
f 1261/1261/1201 1262/1262/1202 1260/1260/1200
f 1253/1253/1193 1260/1260/1200 1262/1262/1202
f 1262/1262/1202 1261/1261/1201 1263/1263/1203
f 1264/1264/1204 1262/1262/1202 1263/1263/1203
f 1254/1254/1194 1262/1262/1202 1264/1264/1204
f 1264/1264/1204 1257/1257/1197 1254/1254/1194
f 1264/1264/1204 1263/1263/1203 1265/1265/1205
f 1257/1257/1197 1264/1264/1204 1265/1265/1205
f 1266/1266/1206 1257/1257/1197 1265/1265/1205
f 1189/1189/1131 1244/1244/1184 1186/1186/1128
f 1267/1267/1207 1186/1186/1128 1244/1244/1184
f 1186/1186/1128 1267/1267/1207 1268/1268/1208
f 1269/1269/1209 1268/1268/1208 1267/1267/1207
f 1268/1268/1208 1269/1269/1209 1166/1165/1107
f 1269/1269/1209 1270/1270/1210 1166/1165/1107
f 1269/1269/1209 1271/1271/1211 1270/1270/1210
f 1271/1271/1211 1272/1272/1212 1270/1270/1210
f 1271/1271/1211 1269/1269/1209 1246/1246/1186
f 1246/1246/1186 1267/1267/1207 1244/1244/1184
f 1269/1269/1209 1267/1267/1207 1246/1246/1186
f 1271/1271/1211 1246/1246/1186 1245/1245/1185
f 1271/1271/1211 1249/1249/1189 1272/1272/1212
f 1249/1249/1189 1271/1271/1211 1245/1245/1185
f 1186/1186/1128 1268/1268/1208 1184/1184/1126
f 1164/1164/1106 1268/1268/1208 1166/1165/1107
f 1164/1164/1106 1184/1184/1126 1268/1268/1208
f 1164/1164/1106 1167/1167/1109 1184/1184/1126
f 1249/1249/1189 1273/1273/1213 1272/1272/1212
f 1273/1273/1213 1274/1274/1214 1272/1272/1212
f 1273/1273/1213 1275/1275/1215 1274/1274/1214
f 1274/1274/1214 1275/1275/1215 1276/1276/1216
f 1275/1275/1215 1277/1277/1217 1276/1276/1216
f 1251/1251/1191 1277/1277/1217 1275/1275/1215
f 1248/1248/1188 1275/1275/1215 1273/1273/1213
f 1248/1248/1188 1251/1251/1191 1275/1275/1215
f 1249/1249/1189 1248/1248/1188 1273/1273/1213
f 1278/1278/1218 1280/1279/1219 1279/1280/1220
f 1281/1281/1221 1278/1278/1218 1279/1280/1220
f 1282/1282/1222 1278/1278/1218 1281/1281/1221
f 1282/1282/1222 1281/1281/1221 1283/1283/1223
f 1282/1282/1222 1283/1283/1223 1284/1284/1224
f 1285/1285/1225 1282/1282/1222 1284/1284/1224
f 1286/1286/1226 1282/1282/1222 1285/1285/1225
f 1280/1279/1219 1287/1287/1227 1279/1280/1220
f 1280/1279/1219 1288/1288/1228 1287/1287/1227
f 1287/1287/1227 1288/1288/1228 1289/1289/1229
f 1288/1288/1228 1290/1290/1230 1289/1289/1229
f 1290/1290/1230 1291/1291/1231 1289/1289/1229
f 1290/1290/1230 1292/1292/1232 1291/1291/1231
f 1292/1292/1232 1293/1293/1233 1291/1291/1231
f 1292/1292/1232 1294/1294/1234 1293/1293/1233
f 1292/1292/1232 1295/1295/1235 1294/1294/1234
f 1295/1295/1235 1296/1296/1236 1294/1294/1234
f 1295/1295/1235 1297/1297/1237 1296/1296/1236
f 1295/1295/1235 1298/1298/1238 1297/1297/1237
f 1297/1297/1237 1298/1298/1238 1299/1299/1239
f 1298/1298/1238 1300/1300/1240 1299/1299/1239
f 1300/1300/1240 1301/1301/1241 1299/1299/1239
f 1300/1300/1240 1302/1302/1242 1301/1301/1241
f 1300/1300/1240 1303/1303/1243 1302/1302/1242
f 1303/1303/1243 1304/1304/1244 1302/1302/1242
f 1303/1303/1243 1305/1305/1245 1304/1304/1244
f 1304/1304/1244 1305/1305/1245 1306/1306/1245
f 1306/1306/1245 1305/1305/1245 1307/1307/1246
f 1308/1308/1247 1306/1306/1245 1307/1307/1246
f 1309/1309/1248 1308/1308/1247 1307/1307/1246
f 1308/1308/1247 1309/1309/1248 1310/1310/1249
f 1310/1310/1249 1309/1309/1248 1311/1311/1250
f 1310/1310/1249 1311/1311/1250 1312/1312/1251
f 1310/1310/1249 1312/1312/1251 1313/1313/1252
f 1310/1310/1249 1313/1313/1252 1314/1314/1253
f 1313/1313/1252 1315/1315/1254 1314/1314/1253
f 1316/1316/1255 1318/1317/1256 1317/1318/1257
f 1319/1319/1258 1316/1316/1255 1317/1318/1257
f 1316/1316/1255 1320/1320/1259 1318/1317/1256
f 1321/1321/373 1318/1317/1256 1320/1320/1259
f 1322/1322/371 1321/1321/373 1320/1320/1259
f 1322/1322/371 1320/1320/1259 1323/1323/358
f 1324/1324/717 1322/1322/371 1323/1323/358
f 1324/1324/717 1323/1323/358 1325/1325/353
f 1326/1326/357 1325/1325/353 1323/1323/358
f 1326/1326/357 1327/1327/356 1325/1325/353
f 1327/1327/356 1328/1328/354 1325/1325/353
f 1328/1328/354 1329/1329/355 1325/1325/353
f 1330/1330/1260 1326/1326/357 1323/1323/358
f 1330/1330/1260 1331/1331/753 1326/1326/357
f 1331/1331/753 1332/1332/694 1326/1326/357
f 1326/1326/357 1332/1332/694 1333/1333/360
f 1328/1328/354 1334/1334/363 1329/1329/355
f 1335/1335/704 1334/1334/363 1328/1328/354
f 1335/1335/704 1328/1328/354 1336/1336/365
f 1335/1335/704 1337/1337/366 1334/1334/363
f 1337/1337/366 1338/1338/1261 1334/1334/363
f 1337/1337/366 1339/1339/1262 1338/1338/1261
f 1337/1337/366 1340/1340/687 1339/1339/1262
f 1341/1341/1263 1340/1340/687 1337/1337/366
f 1341/1341/1263 1337/1337/366 1342/1342/1264
f 1341/1341/1263 1342/1342/1264 1343/1343/1265
f 1344/1344/1266 1341/1341/1263 1343/1343/1265
f 1344/1344/1266 1343/1343/1265 1345/1345/1267
f 1346/1346/1268 1344/1344/1266 1345/1345/1267
f 1336/1336/365 1347/1347/1269 1335/1335/704
f 1347/1347/1269 1336/1336/365 1348/1348/705
f 1336/1336/365 1349/1349/1270 1348/1348/705
f 1336/1336/365 1350/1350/1271 1349/1349/1270
f 1350/1350/1271 1351/1351/1262 1349/1349/1270
f 1345/1345/1267 1352/1352/1272 1346/1346/1268
f 1352/1352/1272 1353/1353/1273 1346/1346/1268
f 1352/1352/1272 1354/1354/1274 1353/1353/1273
f 1354/1354/1274 1355/1355/1275 1353/1353/1273
f 1354/1354/1274 1356/1356/1276 1355/1355/1275
f 1356/1356/1276 1357/1357/1277 1355/1355/1275
f 1357/1357/1277 1358/1358/1278 1355/1355/1275
f 1357/1357/1277 1359/1359/1279 1358/1358/1278
f 1359/1359/1279 1360/1360/1280 1358/1358/1278
f 1359/1359/1279 1361/1361/1281 1360/1360/1280
f 1361/1361/1281 1362/1362/1282 1360/1360/1280
f 1362/1362/1282 1361/1361/1281 1363/1363/1283
f 1364/1364/1284 1362/1362/1282 1363/1363/1283
f 1365/1365/1285 1367/1366/1286 1366/1367/1287
f 1367/1366/1286 1368/1368/1288 1366/1367/1287
f 1369/1369/1289 1368/1368/1288 1367/1366/1286
f 1365/1365/1285 1366/1367/1287 1370/1370/1290
f 1369/1369/1289 1367/1366/1286 1371/1371/1289
f 1372/1372/1291 1365/1365/1285 1370/1370/1290
f 1373/1373/1292 1372/1372/1291 1370/1370/1290
f 1372/1372/1291 1373/1373/1292 1374/1374/1293
f 1369/1369/1289 1371/1371/1289 1375/1375/1294
f 1376/1376/1295 1369/1369/1289 1375/1375/1294
f 1376/1376/1295 1375/1375/1294 1377/1377/1296
f 1378/1378/1297 1376/1376/1295 1377/1377/1296
f 1374/1374/1293 1373/1373/1292 1379/1379/1298
f 1379/1379/1298 1373/1373/1292 1380/1380/1299
f 1373/1373/1292 1381/1381/1300 1380/1380/1299
f 1380/1380/1299 1381/1381/1300 1382/1382/1301
f 1383/1383/1302 1380/1380/1299 1382/1382/1301
f 1383/1383/1302 1384/1384/1303 1380/1380/1299
f 1384/1384/1303 1385/1385/1304 1380/1380/1299
f 1384/1384/1303 1386/1386/1305 1385/1385/1304
f 1386/1386/1305 1387/1387/1305 1385/1385/1304
f 1386/1386/1305 1388/1388/1306 1387/1387/1305
f 1388/1388/1306 1389/1389/1307 1387/1387/1305
f 1388/1388/1306 1390/1390/1308 1389/1389/1307
f 1388/1388/1306 1391/1391/1309 1390/1390/1308
f 1391/1391/1309 1392/1392/1310 1390/1390/1308
f 1391/1391/1309 1393/1393/1311 1392/1392/1310
f 1393/1393/1311 1394/1394/1312 1392/1392/1310
f 1393/1393/1311 1395/1395/1313 1394/1394/1312
f 1395/1395/1313 1396/1396/1314 1394/1394/1312
f 1395/1395/1313 1397/1397/1315 1396/1396/1314
f 1396/1396/1314 1397/1397/1315 1398/1398/1316
f 1399/1399/1317 1396/1396/1314 1398/1398/1316
f 1400/1400/1318 1399/1399/1317 1398/1398/1316
f 1401/1401/1319 1399/1399/1317 1400/1400/1318
f 1402/1402/1320 1399/1399/1317 1401/1401/1319
f 1399/1399/1317 1402/1402/1320 1403/1403/1321
f 1403/1403/1321 1402/1402/1320 1404/1404/1322
f 1402/1402/1320 1405/1405/1323 1404/1404/1322
f 1405/1405/1323 1406/1406/1323 1404/1404/1322
f 1405/1405/1323 1407/1407/1324 1406/1406/1323
f 1407/1407/1324 1408/1408/1325 1406/1406/1323
f 1407/1407/1324 1409/1409/1326 1408/1408/1325
f 1407/1407/1324 1410/1410/1327 1409/1409/1326
f 1410/1410/1327 1411/1411/1328 1409/1409/1326
f 1410/1410/1327 1412/1412/1328 1411/1411/1328
f 1411/1411/1328 1412/1412/1328 1413/1413/1329
f 1414/1414/1330 1411/1411/1328 1413/1413/1329
f 1415/1415/1331 1414/1414/1330 1413/1413/1329
f 1414/1414/1330 1415/1415/1331 1416/1416/1332
f 1417/1417/1333 1419/1418/1334 1418/1419/1335
f 1419/1418/1334 1420/1420/1336 1418/1419/1335
f 1421/1421/1337 1420/1420/1336 1419/1418/1334
f 1422/1422/1338 1421/1421/1337 1419/1418/1334
f 1420/1420/1336 1421/1421/1337 1423/1423/1339
f 1423/1423/1339 1421/1421/1337 1424/1424/1340
f 1422/1422/1338 1419/1418/1334 1425/1425/1341
f 1426/1426/1342 1422/1422/1338 1425/1425/1341
f 1427/1427/1343 1426/1426/1342 1425/1425/1341
f 1425/1425/1341 1419/1418/1334 1427/1427/1343
f 1427/1427/1343 1428/1428/1344 1426/1426/1342
f 1422/1422/1338 1426/1426/1342 1429/1429/1345
f 1419/1418/1334 1430/1430/1346 1427/1427/1343
f 1417/1417/1333 1430/1430/1346 1419/1418/1334
f 1426/1426/1342 1428/1428/1344 1431/1431/1347
f 1426/1426/1342 1432/1432/1348 1429/1429/1345
f 1431/1431/1347 1432/1432/1348 1426/1426/1342
f 1433/1433/1349 1432/1432/1348 1431/1431/1347
f 1433/1433/1349 1431/1431/1347 1434/1434/1350
f 1432/1432/1348 1433/1433/1349 1435/1435/1351
f 1429/1429/1345 1432/1432/1348 1435/1435/1351
f 1433/1433/1349 1436/1436/1352 1435/1435/1351
f 1433/1433/1349 1437/1437/1353 1436/1436/1352
f 1433/1433/1349 1434/1434/1350 1437/1437/1353
f 1437/1437/1353 1438/1438/1354 1436/1436/1352
f 1437/1437/1353 1439/1439/1355 1438/1438/1354
f 1437/1437/1353 1434/1434/1350 1439/1439/1355
f 1440/1440/1356 1439/1439/1355 1434/1434/1350
f 1441/1441/1357 1439/1439/1355 1440/1440/1356
f 1439/1439/1355 1441/1441/1357 1438/1438/1354
f 1442/1442/1358 1441/1441/1357 1440/1440/1356
f 1436/1436/1352 1438/1438/1354 1443/1443/1359
f 1444/1444/1360 1446/1445/1361 1445/1446/1362
f 1446/1445/1361 1447/1447/1363 1445/1446/1362
f 1446/1445/1361 1448/1448/1364 1447/1447/1363
f 1448/1448/1364 1449/1449/1365 1447/1447/1363
f 1448/1448/1364 1450/1450/1366 1449/1449/1365
f 1451/1451/1367 1450/1450/1366 1448/1448/1364
f 1451/1451/1367 1448/1448/1364 1452/1452/1368
f 1444/1444/1360 1445/1446/1362 1453/1453/1369
f 1454/1454/1370 1444/1444/1360 1453/1453/1369
f 1454/1454/1370 1453/1453/1369 1455/1455/1371
f 1456/1456/1372 1454/1454/1370 1455/1455/1371
f 1455/1455/1371 1457/1457/1373 1456/1456/1372
f 1455/1455/1371 1458/1458/1374 1457/1457/1373
f 1458/1458/1374 1459/1459/1375 1457/1457/1373
f 1458/1458/1374 1460/1460/1376 1459/1459/1375
f 1461/1461/1377 1451/1451/1367 1452/1452/1368
f 1462/1462/1378 1461/1461/1377 1452/1452/1368
f 1462/1462/1378 1452/1452/1368 1463/1463/1379
f 1464/1464/1380 1462/1462/1378 1463/1463/1379
f 1465/1465/1381 1464/1464/1380 1463/1463/1379
f 1464/1464/1380 1465/1465/1381 1466/1466/1382
f 1465/1465/1381 1467/1467/1383 1466/1466/1382
f 1465/1465/1381 1468/1468/1384 1467/1467/1383
f 1468/1468/1384 1469/1469/1385 1467/1467/1383
f 1468/1468/1384 1470/1470/1386 1469/1469/1385
f 1470/1470/1386 1471/1471/1387 1469/1469/1385
f 1472/1472/1388 1471/1471/1387 1470/1470/1386
f 1472/1472/1388 1470/1470/1386 1473/1473/1389
f 1474/1474/1390 1472/1472/1388 1473/1473/1389
f 1474/1474/1390 1473/1473/1389 1475/1475/1391
f 1476/1476/1392 1474/1474/1390 1475/1475/1391
f 1477/1477/1393 1476/1476/1392 1475/1475/1391
f 1476/1476/1392 1477/1477/1393 1478/1478/1394
f 1477/1477/1393 1479/1479/1395 1478/1478/1394
f 1477/1477/1393 1480/1480/1396 1479/1479/1395
f 1480/1480/1396 1481/1481/1397 1479/1479/1395
f 1480/1480/1396 1482/1482/1398 1481/1481/1397
f 1480/1480/1396 1483/1483/1399 1482/1482/1398
f 1480/1480/1396 1484/1484/1400 1483/1483/1399
f 1484/1484/1400 1485/1485/1401 1483/1483/1399
f 1483/1483/1399 1486/1486/1402 1482/1482/1398
f 1482/1482/1398 1486/1486/1402 1487/1487/1403
f 1486/1486/1402 1488/1488/1404 1487/1487/1403
f 1487/1487/1403 1488/1488/1404 1489/1489/1405
f 1486/1486/1402 1490/1490/1406 1488/1488/1404
f 1484/1484/1400 1491/1491/1407 1485/1485/1401
f 1492/1492/1408 1485/1485/1401 1491/1491/1407
f 1492/1492/1408 1491/1491/1407 1493/1493/1409
f 1494/1494/1410 1492/1492/1408 1493/1493/1409
f 1495/1495/1411 1497/1496/1412 1496/1497/1413
f 1495/1495/1411 1498/1498/1414 1497/1496/1412
f 1499/1499/1415 1495/1495/1411 1496/1497/1413
f 1498/1498/1414 1500/1500/1416 1497/1496/1412
f 1498/1498/1414 1501/1501/1417 1500/1500/1416
f 1502/1502/1418 1499/1499/1415 1496/1497/1413
f 1502/1502/1418 1503/1503/1419 1499/1499/1415
f 1503/1503/1419 1504/1504/1420 1499/1499/1415
f 1504/1504/1420 1503/1503/1419 1505/1505/1421
f 1504/1504/1420 1505/1505/1421 1506/1506/1422
f 1504/1504/1420 1506/1506/1422 1507/1507/1423
f 1501/1501/1417 1508/1508/1424 1500/1500/1416
f 1508/1508/1424 1501/1501/1417 1509/1509/1425
f 1501/1501/1417 1510/1510/1426 1509/1509/1425
f 1511/1511/1427 1509/1509/1425 1510/1510/1426
f 1511/1511/1427 1510/1510/1426 1512/1512/1428
f 1510/1510/1426 1513/1513/1429 1512/1512/1428
f 1514/1514/1430 1516/1515/1431 1515/1516/1432
f 1517/1517/1433 1514/1514/1430 1515/1516/1432
f 1518/1518/1434 1514/1514/1430 1517/1517/1433
f 1519/1519/1435 1518/1518/1434 1517/1517/1433
f 1520/1520/1436 1518/1518/1434 1519/1519/1435
f 1516/1515/1431 1521/1521/1437 1515/1516/1432
f 1522/1522/1438 1520/1520/1436 1519/1519/1435
f 1520/1520/1436 1522/1522/1438 1523/1523/1439
f 1516/1515/1431 1524/1524/1440 1521/1521/1437
f 1524/1524/1440 1516/1515/1431 1525/1525/1441
f 1516/1515/1431 1526/1526/1442 1525/1525/1441
f 1516/1515/1431 1527/1527/1443 1526/1526/1442
f 1516/1515/1431 1528/1528/1444 1527/1527/1443
f 1528/1528/1444 1529/1529/1445 1527/1527/1443
f 1528/1528/1444 1530/1530/1446 1529/1529/1445
f 1528/1528/1444 1531/1531/1447 1530/1530/1446
f 1530/1530/1446 1531/1531/1447 1532/1532/1448
f 1531/1531/1447 1533/1533/1449 1532/1532/1448
f 1533/1533/1449 1534/1534/1450 1532/1532/1448
f 1533/1533/1449 1535/1535/1451 1534/1534/1450
f 1535/1535/1451 1536/1536/1452 1534/1534/1450
f 1535/1535/1451 1537/1537/1453 1536/1536/1452
f 1535/1535/1451 1538/1538/1454 1537/1537/1453
f 1537/1537/1453 1538/1538/1454 1539/1539/1455
f 1540/1540/1456 1537/1537/1453 1539/1539/1455
f 1541/1541/1457 1543/1542/1458 1542/1543/1459
f 1542/1543/1459 1543/1542/1458 1544/1544/1460
f 1541/1541/1457 1545/1545/1461 1543/1542/1458
f 1546/1546/1462 1541/1541/1457 1542/1543/1459
f 1547/1547/1463 1541/1541/1457 1546/1546/1462
f 1548/1548/1464 1547/1547/1463 1546/1546/1462
f 1548/1548/1464 1546/1546/1462 1549/1549/1465
f 1548/1548/1464 1549/1549/1465 1550/1550/1466
f 1551/1551/1467 1548/1548/1464 1550/1550/1466
f 1551/1551/1467 1550/1550/1466 1552/1552/1468
f 1553/1553/1469 1551/1551/1467 1552/1552/1468
f 1551/1551/1467 1553/1553/1469 1554/1554/1470
f 1553/1553/1469 1555/1555/1471 1554/1554/1470
f 1555/1555/1471 1556/1556/1472 1554/1554/1470
f 1555/1555/1471 1557/1557/1473 1556/1556/1472
f 1557/1557/1473 1558/1558/1474 1556/1556/1472
f 1557/1557/1473 1559/1559/1475 1558/1558/1474
f 1558/1558/1474 1559/1559/1475 1560/1560/1476
f 1548/1548/1464 1561/1561/1477 1547/1547/1463
f 1561/1561/1477 1562/1562/1478 1547/1547/1463
f 1561/1561/1477 1563/1563/1479 1562/1562/1478
f 1564/1564/1480 1558/1558/1474 1560/1560/1476
f 1564/1564/1480 1560/1560/1476 1565/1565/1481
f 1566/1566/1482 1564/1564/1480 1565/1565/1481
f 1566/1566/1482 1565/1565/1481 1567/1567/1483
f 1568/1568/1484 1566/1566/1482 1567/1567/1483
f 1566/1566/1482 1568/1568/1484 1569/1569/1485
f 1568/1568/1484 1570/1570/1486 1569/1569/1485
f 1570/1570/1486 1571/1571/1487 1569/1569/1485
f 1570/1570/1486 1572/1572/1488 1571/1571/1487
f 1572/1572/1488 1573/1573/1489 1571/1571/1487
f 1573/1573/1489 1574/1574/1490 1571/1571/1487
f 1573/1573/1489 1575/1575/1491 1574/1574/1490
f 1574/1574/1490 1575/1575/1491 1576/1576/1492
f 1574/1574/1490 1576/1576/1492 1577/1577/1493
f 1578/1578/1494 1574/1574/1490 1577/1577/1493
f 1578/1578/1494 1577/1577/1493 1579/1579/1495
f 1580/1580/1496 1578/1578/1494 1579/1579/1495
f 1580/1580/1496 1579/1579/1495 1581/1581/1497
f 1582/1582/1498 1580/1580/1496 1581/1581/1497
f 1582/1582/1498 1581/1581/1497 1583/1583/1499
f 1584/1584/1500 1582/1582/1498 1583/1583/1499
f 1576/1576/1492 1585/1585/1501 1577/1577/1493
f 1576/1576/1492 1586/1586/1502 1585/1585/1501
f 1586/1586/1502 1587/1587/1503 1585/1585/1501
f 1587/1587/1503 1586/1586/1502 1588/1588/1504
f 1587/1587/1503 1588/1588/1504 1589/1589/1505
f 1589/1589/1505 1588/1588/1504 1590/1590/1506
f 1589/1589/1505 1590/1590/1506 1591/1591/1507
f 1592/1592/1508 1589/1589/1505 1591/1591/1507
f 1589/1589/1505 1592/1592/1508 1593/1593/1509
f 1588/1588/1504 1594/1594/1510 1590/1590/1506
f 1588/1588/1504 1595/1595/1511 1594/1594/1510
f 1595/1595/1511 1596/1596/1512 1594/1594/1510
f 1583/1583/1499 1597/1597/1513 1584/1584/1500
f 1583/1583/1499 1598/1598/1514 1597/1597/1513
f 1598/1598/1514 1599/1599/1515 1597/1597/1513
f 1598/1598/1514 1600/1600/1516 1599/1599/1515
f 1600/1600/1516 1601/1601/1517 1599/1599/1515
f 1602/1602/1518 1601/1601/1517 1600/1600/1516
f 1602/1602/1518 1603/1603/1519 1601/1601/1517
f 1603/1603/1519 1604/1604/1520 1601/1601/1517
f 1605/1605/1521 1602/1602/1518 1600/1600/1516
f 1606/1606/1522 1608/1607/1523 1607/1608/1524
f 1608/1607/1523 1609/1609/1525 1607/1608/1524
f 1610/1610/1526 1609/1609/1525 1608/1607/1523
f 1609/1609/1525 1610/1610/1526 1611/1611/1527
f 1610/1610/1526 1612/1612/1528 1611/1611/1527
f 1612/1612/1528 1613/1613/1529 1611/1611/1527
f 1612/1612/1528 1614/1614/1530 1613/1613/1529
f 1614/1614/1530 1615/1615/1531 1613/1613/1529
f 1606/1606/1522 1607/1608/1524 1616/1616/1532
f 1617/1617/1533 1619/1618/1534 1618/1619/1535
f 1620/1620/1536 1617/1617/1533 1618/1619/1535
f 1620/1620/1536 1618/1619/1535 1621/1621/1537
f 1622/1622/1538 1620/1620/1536 1621/1621/1537
f 1622/1622/1538 1623/1623/1539 1620/1620/1536
f 1624/1624/1540 1622/1622/1538 1621/1621/1537
f 1624/1624/1540 1621/1621/1537 1625/1625/1541
f 1623/1623/1539 1626/1626/1542 1620/1620/1536
f 1623/1623/1539 1627/1627/1543 1626/1626/1542
f 1628/1628/1544 1626/1626/1542 1627/1627/1543
f 1628/1628/1544 1627/1627/1543 1629/1629/1545
f 1630/1630/1546 1628/1628/1544 1629/1629/1545
f 1630/1630/1546 1629/1629/1545 1631/1631/1547
f 1631/1631/1547 1632/1632/1548 1630/1630/1546
f 1631/1631/1547 1633/1633/1549 1632/1632/1548
f 1634/1634/1550 1632/1632/1548 1633/1633/1549
f 1635/1635/1551 1634/1634/1550 1633/1633/1549
f 1634/1634/1550 1636/1636/1552 1632/1632/1548
f 1636/1636/1552 1637/1637/1553 1632/1632/1548
f 1636/1636/1552 1638/1638/1554 1637/1637/1553
f 1638/1638/1554 1639/1639/1555 1637/1637/1553
f 1638/1638/1554 1640/1640/1556 1639/1639/1555
f 1638/1638/1554 1641/1641/1557 1640/1640/1556
f 1633/1633/1549 1642/1642/1558 1635/1635/1551
f 1641/1641/1557 1643/1643/1559 1640/1640/1556
f 1643/1643/1559 1644/1644/1560 1640/1640/1556
f 1643/1643/1559 1645/1645/1561 1644/1644/1560
f 1645/1645/1561 1646/1646/1562 1644/1644/1560
f 1645/1645/1561 1647/1647/1563 1646/1646/1562
f 1647/1647/1563 1648/1648/1564 1646/1646/1562
f 1649/1649/1565 1648/1648/1564 1647/1647/1563
f 1649/1649/1565 1647/1647/1563 1650/1650/1566
f 1649/1649/1565 1650/1650/1566 1651/1651/1567
f 1646/1646/1562 1648/1648/1564 1652/1652/1568
f 1653/1653/1569 1646/1646/1562 1652/1652/1568
f 1653/1653/1569 1652/1652/1568 1654/1654/1570
f 1655/1655/1571 1653/1653/1569 1654/1654/1570
f 1651/1651/1567 1656/1656/1572 1649/1649/1565
f 1651/1651/1567 1657/1657/1573 1656/1656/1572
f 1657/1657/1573 1658/1658/1574 1656/1656/1572
f 1659/1659/1575 1655/1655/1571 1654/1654/1570
f 1655/1655/1571 1659/1659/1575 1660/1660/1576
f 1659/1659/1575 1661/1661/1577 1660/1660/1576
f 1661/1661/1577 1662/1662/1578 1660/1660/1576
f 1663/1663/1579 1662/1662/1578 1661/1661/1577
f 1663/1663/1579 1664/1664/1283 1662/1662/1578
f 1663/1663/1579 1665/1665/1580 1664/1664/1283
f 1666/1666/1581 1663/1663/1579 1661/1661/1577
f 1666/1666/1581 1661/1661/1577 1667/1667/1582
f 1668/1668/1583 1666/1666/1581 1667/1667/1582
f 1657/1657/1573 1669/1669/1584 1658/1658/1574
f 1657/1657/1573 1670/1670/1585 1669/1669/1584
f 1670/1670/1585 1671/1671/1586 1669/1669/1584
f 1670/1670/1585 1672/1672/1587 1671/1671/1586
f 1672/1672/1587 1673/1673/1588 1671/1671/1586
f 1672/1672/1587 1674/1674/1589 1673/1673/1588
f 1672/1672/1587 1675/1675/1590 1674/1674/1589
f 1675/1675/1590 1676/1676/1591 1674/1674/1589
f 1676/1676/1591 1677/1677/1592 1674/1674/1589
f 1678/1678/1593 1677/1677/1592 1676/1676/1591
f 1678/1678/1593 1676/1676/1591 1679/1679/1594
f 1680/1680/1595 1678/1678/1593 1679/1679/1594
f 1679/1679/1594 1681/1681/1596 1680/1680/1595
f 1681/1681/1596 1682/1682/1597 1680/1680/1595
f 1681/1681/1596 1683/1683/1598 1682/1682/1597
f 1683/1683/1598 1684/1684/1599 1682/1682/1597
f 1683/1683/1598 1685/1685/1600 1684/1684/1599
f 1683/1683/1598 1686/1686/1601 1685/1685/1600
f 1686/1686/1601 1687/1687/1602 1685/1685/1600
f 1687/1687/1602 1686/1686/1601 1688/1688/1603
f 1689/1689/1604 1687/1687/1602 1688/1688/1603
f 1689/1689/1604 1688/1688/1603 1690/1690/1605
f 1691/1691/1606 1689/1689/1604 1690/1690/1605
f 1690/1690/1605 1692/1692/1607 1691/1691/1606
f 1690/1690/1605 1693/1693/1608 1692/1692/1607
f 1693/1693/1608 1694/1694/1609 1692/1692/1607
f 1695/1695/1610 1694/1694/1609 1693/1693/1608
f 1696/1696/1611 1695/1695/1610 1693/1693/1608
f 1696/1696/1611 1693/1693/1608 1697/1697/1612
f 1696/1696/1611 1697/1697/1612 1698/1698/1613
f 1697/1697/1612 1699/1699/1614 1698/1698/1613
f 1697/1697/1612 1700/1700/1615 1699/1699/1614
f 1699/1699/1614 1700/1700/1615 1701/1701/1616
f 1700/1700/1615 1702/1702/1617 1701/1701/1616
f 1702/1702/1617 1703/1703/1618 1701/1701/1616
f 1702/1702/1617 1704/1704/1619 1703/1703/1618
f 1702/1702/1617 1705/1705/1620 1704/1704/1619
f 1704/1704/1619 1705/1705/1620 1706/1706/1621
f 1705/1705/1620 1707/1707/1622 1706/1706/1621
f 1705/1705/1620 1708/1708/1623 1707/1707/1622
f 1707/1707/1622 1708/1708/1623 1709/1709/1624
f 1709/1709/1624 1710/1710/1625 1707/1707/1622
f 1710/1710/1625 1711/1711/1626 1707/1707/1622
f 1710/1710/1625 1712/1712/1627 1711/1711/1626
f 1712/1712/1627 1713/1713/1628 1711/1711/1626
f 1712/1712/1627 1714/1714/1629 1713/1713/1628
f 1714/1714/1629 1715/1715/1630 1713/1713/1628
f 1714/1714/1629 1716/1716/1631 1715/1715/1630
f 1716/1716/1631 1717/1717/1632 1715/1715/1630
f 1716/1716/1631 1718/1718/1633 1717/1717/1632
f 1718/1718/1633 1719/1719/1634 1717/1717/1632
f 1718/1718/1633 1720/1720/1635 1719/1719/1634
f 1720/1720/1635 1721/1721/1636 1719/1719/1634
f 1720/1720/1635 1722/1722/1637 1721/1721/1636
f 1722/1722/1637 1723/1723/1638 1721/1721/1636
f 1724/1724/1639 1723/1723/1638 1722/1722/1637
f 1724/1724/1639 1725/1725/1640 1723/1723/1638
f 1725/1725/1640 1726/1726/1641 1723/1723/1638
f 1721/1721/1636 1723/1723/1638 1727/1727/1642
f 1728/1728/1643 1721/1721/1636 1727/1727/1642
f 1728/1728/1643 1727/1727/1642 1729/1729/1644
f 1730/1730/1645 1728/1728/1643 1729/1729/1644
f 1731/1731/1646 1730/1730/1645 1729/1729/1644
f 1730/1730/1645 1731/1731/1646 1732/1732/1647
f 1731/1731/1646 1733/1733/1648 1732/1732/1647
f 1733/1733/1648 1734/1734/1649 1732/1732/1647
f 1735/1735/1650 1734/1734/1649 1733/1733/1648
f 1735/1735/1650 1736/1736/396 1734/1734/1649
f 1735/1735/1650 1737/1737/1651 1736/1736/396
f 1738/1738/1652 1735/1735/1650 1733/1733/1648
f 1738/1738/1652 1733/1733/1648 1739/1739/1653
f 1740/1740/1654 1738/1738/1652 1739/1739/1653
f 1725/1725/1640 1741/1741/1655 1726/1726/1641
f 1725/1725/1640 1742/1742/1656 1741/1741/1655
f 1742/1742/1656 1743/1743/1657 1741/1741/1655
f 1742/1742/1656 1744/1744/1658 1743/1743/1657
f 1742/1742/1656 1745/1745/1659 1744/1744/1658
f 1745/1745/1659 1746/1746/1660 1744/1744/1658
f 1745/1745/1659 1747/1747/1661 1746/1746/1660
f 1747/1747/1661 1748/1748/1662 1746/1746/1660
f 1747/1747/1661 1749/1749/1663 1748/1748/1662
f 1747/1747/1661 1750/1750/1664 1749/1749/1663
f 1750/1750/1664 1751/1751/1665 1749/1749/1663
f 1751/1751/1665 1752/1752/1666 1749/1749/1663
f 1753/1753/1667 1752/1752/1666 1751/1751/1665
f 1753/1753/1667 1751/1751/1665 1754/1754/1668
f 1755/1755/1669 1753/1753/1667 1754/1754/1668
f 1754/1754/1668 1756/1756/1670 1755/1755/1669
f 1756/1756/1670 1757/1757/1671 1755/1755/1669
f 1756/1756/1670 1758/1758/1672 1757/1757/1671
f 1758/1758/1672 1759/1759/1673 1757/1757/1671
f 1758/1758/1672 1760/1760/1674 1759/1759/1673
f 1758/1758/1672 1761/1761/1675 1760/1760/1674
f 1761/1761/1675 1762/1762/1676 1760/1760/1674
f 1762/1762/1676 1761/1761/1675 1763/1763/1677
f 1764/1764/1678 1762/1762/1676 1763/1763/1677
f 1764/1764/1678 1763/1763/1677 1765/1765/1679
f 1766/1766/1680 1764/1764/1678 1765/1765/1679
f 1765/1765/1679 1767/1767/1681 1766/1766/1680
f 1765/1765/1679 1768/1768/1682 1767/1767/1681
f 1768/1768/1682 1769/1769/1683 1767/1767/1681
f 1770/1770/1684 1769/1769/1683 1768/1768/1682
f 1771/1771/1685 1770/1770/1684 1768/1768/1682
f 1771/1771/1685 1768/1768/1682 1772/1772/1686
f 1771/1771/1685 1772/1772/1686 1773/1773/1687
f 1772/1772/1686 1774/1774/1688 1773/1773/1687
f 1772/1772/1686 1775/1775/1689 1774/1774/1688
f 1774/1774/1688 1775/1775/1689 1776/1776/1690
f 1775/1775/1689 1777/1777/1691 1776/1776/1690
f 1777/1777/1691 1778/1778/1692 1776/1776/1690
f 1777/1777/1691 1779/1779/1693 1778/1778/1692
f 1777/1777/1691 1780/1780/1694 1779/1779/1693
f 1779/1779/1693 1780/1780/1694 1781/1781/1695
f 1780/1780/1694 1633/1633/1549 1781/1781/1695
f 1780/1780/1694 1642/1642/1558 1633/1633/1549
f 1782/1782/1696 1784/1783/1697 1783/1784/1698
f 1784/1783/1697 1782/1782/1696 1785/1785/1699
f 1786/1786/1700 1782/1782/1696 1783/1784/1698
f 1786/1786/1700 1783/1784/1698 1787/1787/1701
f 1788/1788/1702 1786/1786/1700 1787/1787/1701
f 1789/1789/1703 1784/1783/1697 1785/1785/1699
f 1785/1785/1699 1790/1790/1704 1789/1789/1703
f 1785/1785/1699 1791/1791/1705 1790/1790/1704
f 1791/1791/1705 1785/1785/1699 1792/1792/1706
f 1785/1785/1699 1793/1793/1707 1792/1792/1706
f 1794/1794/1708 1792/1792/1706 1793/1793/1707
f 1788/1788/1702 1787/1787/1701 1795/1795/1709
f 1793/1793/1707 1796/1796/1710 1794/1794/1708
f 1797/1797/1711 1799/1798/1712 1798/1799/1713
f 1800/1800/1714 1797/1797/1711 1798/1799/1713
f 1801/1801/1715 1797/1797/1711 1800/1800/1714
f 1801/1801/1715 1800/1800/1714 1802/1802/1716
f 1803/1803/1717 1801/1801/1715 1802/1802/1716
f 1803/1803/1717 1802/1802/1716 1804/1804/1718
f 1805/1805/1719 1803/1803/1717 1804/1804/1718
f 1804/1804/1718 1806/1806/1720 1805/1805/1719
f 1806/1806/1720 1807/1807/1721 1805/1805/1719
f 1807/1807/1721 1806/1806/1720 1808/1808/1722
f 1809/1809/1723 1807/1807/1721 1808/1808/1722
f 1810/1810/1724 1807/1807/1721 1809/1809/1723
f 1811/1811/1725 1810/1810/1724 1809/1809/1723
f 1811/1811/1725 1809/1809/1723 1812/1812/1726
f 1811/1811/1725 1812/1812/1726 1813/1813/1727
f 1812/1812/1726 1814/1814/1728 1813/1813/1727
f 1814/1814/1728 1812/1812/1726 1815/1815/1729
f 1802/1802/1716 1800/1800/1714 1816/1816/1730
f 1802/1802/1716 1816/1816/1730 1817/1817/1731
f 1800/1800/1714 1798/1799/1713 1816/1816/1730
f 1813/1813/1727 1818/1818/1732 1811/1811/1725
f 1818/1818/1732 1819/1819/1733 1811/1811/1725
f 1818/1818/1732 1820/1820/1734 1819/1819/1733
f 1820/1820/1734 1821/1821/1735 1819/1819/1733
f 1820/1820/1734 1822/1822/1736 1821/1821/1735
f 1822/1822/1736 1823/1823/1737 1821/1821/1735
f 1823/1823/1737 1822/1822/1736 1824/1824/1738
f 1825/1825/1739 1823/1823/1737 1824/1824/1738
f 1824/1824/1738 1826/1826/1740 1825/1825/1739
f 1826/1826/1740 1827/1827/1741 1825/1825/1739
f 1826/1826/1740 1828/1828/1742 1827/1827/1741
f 1828/1828/1742 1829/1829/1743 1827/1827/1741
f 1828/1828/1742 1830/1830/1744 1829/1829/1743
f 1830/1830/1744 1831/1831/1745 1829/1829/1743
f 1832/1832/1746 1831/1831/1745 1830/1830/1744
f 1830/1830/1744 1833/1833/1747 1832/1832/1746
f 1834/1834/1748 1833/1833/1747 1830/1830/1744
f 1834/1834/1748 1830/1830/1744 1835/1835/1749
f 1834/1834/1748 1835/1835/1749 1836/1836/1750
f 1830/1830/1744 1837/1837/1751 1835/1835/1749
f 1838/1838/1752 1837/1837/1751 1830/1830/1744
f 1837/1837/1751 1838/1838/1752 1839/1839/1753
f 1838/1838/1752 1840/1840/1754 1839/1839/1753
f 1839/1839/1753 1840/1840/1754 1841/1841/1755
f 1842/1842/1756 1839/1839/1753 1841/1841/1755
f 1843/1843/1757 1842/1842/1756 1841/1841/1755
f 1843/1843/1757 1841/1841/1755 1844/1844/1758
f 1845/1845/1759 1843/1843/1757 1844/1844/1758
f 1843/1843/1757 1845/1845/1759 1846/1846/1760
f 1847/1847/1761 1843/1843/1757 1846/1846/1760
f 1847/1847/1761 1846/1846/1760 1848/1848/1762
f 1848/1848/1762 1849/1849/1763 1847/1847/1761
f 1850/1850/1764 1849/1849/1763 1848/1848/1762
f 1851/1851/1765 1849/1849/1763 1850/1850/1764
f 1848/1848/1762 1846/1846/1760 1852/1852/1766
f 1853/1853/1767 1851/1851/1765 1850/1850/1764
f 1854/1854/1768 1851/1851/1765 1853/1853/1767
f 1851/1851/1765 1854/1854/1768 1855/1855/1769
f 1856/1856/1770 1851/1851/1765 1855/1855/1769
f 1857/1857/1771 1851/1851/1765 1856/1856/1770
f 1858/1858/1772 1856/1856/1770 1855/1855/1769
f 1859/1859/1773 1858/1858/1772 1855/1855/1769
f 1858/1858/1772 1860/1860/1774 1856/1856/1770
f 1856/1856/1770 1860/1860/1774 1861/1861/1775
f 1862/1862/1776 1856/1856/1770 1861/1861/1775
f 1861/1861/1775 1863/1863/1777 1862/1862/1776
f 1856/1856/1770 1864/1864/1778 1857/1857/1771
f 1856/1856/1770 1865/1865/1779 1864/1864/1778
f 1864/1864/1778 1865/1865/1779 1866/1866/1780
f 1854/1854/1768 1867/1867/1781 1855/1855/1769
f 1859/1859/1773 1855/1855/1769 1867/1867/1781
f 1868/1868/1782 1867/1867/1781 1854/1854/1768
f 1869/1869/1783 1868/1868/1782 1854/1854/1768
f 1870/1870/1784 1869/1869/1783 1854/1854/1768
f 1867/1867/1781 1868/1868/1782 1871/1871/1785
f 1867/1867/1781 1871/1871/1785 1859/1859/1773
f 1870/1870/1784 1872/1872/1786 1869/1869/1783
f 1872/1872/1786 1873/1873/1787 1869/1869/1783
f 1874/1874/1788 1870/1870/1784 1854/1854/1768
f 1866/1866/1780 1865/1865/1779 1875/1875/1789
f 1876/1876/1790 1875/1875/1789 1862/1862/1776
f 1863/1863/1777 1876/1876/1790 1862/1862/1776
f 1876/1876/1790 1877/1877/1791 1875/1875/1789
f 1877/1877/1791 1878/1878/1792 1875/1875/1789
f 1875/1875/1789 1879/1879/1793 1866/1866/1780
f 1875/1875/1789 1878/1878/1792 1879/1879/1793
f 1866/1866/1780 1879/1879/1793 1880/1880/1794
f 1881/1881/1795 1866/1866/1780 1880/1880/1794
f 1881/1881/1795 1882/1882/1796 1866/1866/1780
f 1882/1882/1796 1883/1883/1797 1866/1866/1780
f 1883/1883/1797 1882/1882/1796 1884/1884/1798
f 1881/1881/1795 1880/1880/1794 1885/1885/1799
f 1886/1886/1800 1883/1883/1797 1884/1884/1798
f 1886/1886/1800 1884/1884/1798 1887/1887/1801
f 1888/1888/1802 1886/1886/1800 1887/1887/1801
f 1878/1878/1792 1877/1877/1791 1889/1889/1803
f 1890/1890/1804 1892/1891/1805 1891/1892/1806
f 1890/1890/1804 1891/1892/1806 1893/1893/1807
f 1890/1890/1804 1893/1893/1807 1894/1894/1808
f 1895/1895/1809 1890/1890/1804 1894/1894/1808
f 1895/1895/1809 1894/1894/1808 1896/1896/1810
f 1897/1897/1811 1895/1895/1809 1896/1896/1810
f 1898/1898/1812 1900/1899/1813 1899/1900/1814
f 1901/1901/1815 1898/1898/1812 1899/1900/1814
f 1898/1898/1812 1902/1902/1816 1900/1899/1813
f 1898/1898/1812 1903/1903/1817 1902/1902/1816
f 1903/1903/1817 1904/1904/1818 1902/1902/1816
f 1905/1905/1819 1901/1901/1815 1899/1900/1814
f 1905/1905/1819 1899/1900/1814 1906/1906/1820
f 1907/1907/1821 1905/1905/1819 1906/1906/1820
f 1908/1908/1822 1905/1905/1819 1907/1907/1821
f 1908/1908/1822 1907/1907/1821 1909/1909/1823
f 1902/1902/1816 1904/1904/1818 1910/1910/1824
f 1910/1910/1824 1904/1904/1818 1911/1911/1825
f 1904/1904/1818 1912/1912/1826 1911/1911/1825
f 1904/1904/1818 1913/1913/1827 1912/1912/1826
f 1913/1913/1827 1914/1914/1828 1912/1912/1826
f 1911/1911/1825 1912/1912/1826 1914/1914/1828
f 1913/1913/1827 1915/1915/1829 1914/1914/1828
f 1915/1915/1829 1916/1916/1830 1914/1914/1828
f 1916/1916/1830 1917/1917/1831 1914/1914/1828
f 1918/1918/1832 1920/1919/1833 1919/1920/1834
f 1921/1921/1835 1918/1918/1832 1919/1920/1834
f 1918/1918/1832 1922/1922/1836 1920/1919/1833
f 1923/1923/1837 1920/1919/1833 1922/1922/1836
f 1924/1924/1838 1921/1921/1835 1919/1920/1834
f 1921/1921/1835 1924/1924/1838 1925/1925/1839
f 1924/1924/1838 1926/1926/1840 1925/1925/1839
f 1925/1925/1839 1926/1926/1840 1927/1927/1841
f 1927/1927/1841 1926/1926/1840 1928/1928/1842
f 1929/1929/1843 1927/1927/1841 1928/1928/1842
f 1922/1922/1836 1930/1930/1844 1923/1923/1837
f 1930/1930/1844 1931/1931/1845 1923/1923/1837
f 1930/1930/1844 1932/1932/1846 1931/1931/1845
f 1932/1932/1846 263/263/263 1931/1931/1845
f 1932/1932/1846 1933/1933/1847 263/263/263
f 1933/1933/1847 260/260/260 263/263/263
f 1929/1929/1843 1928/1928/1842 1934/1934/1848
f 1929/1929/1843 1934/1934/1848 1935/1935/1849
f 1929/1929/1843 1935/1935/1849 1936/1936/1850
f 1937/1937/1851 1929/1929/1843 1936/1936/1850
f 1937/1937/1851 1936/1936/1850 1938/1938/1852
f 1939/1939/1853 1937/1937/1851 1938/1938/1852
f 258/259/259 260/260/260 1940/1940/1854
f 1940/1940/1854 1941/1941/1855 258/259/259
f 1940/1940/1854 1942/1942/1856 1941/1941/1855
f 1940/1940/1854 1943/1943/1857 1942/1942/1856
f 1943/1943/1857 1944/1944/1858 1942/1942/1856
f 1944/1944/1858 1945/1945/1859 1942/1942/1856
f 1945/1945/1859 1944/1944/1858 1946/1946/1860
f 1947/1947/1861 1945/1945/1859 1946/1946/1860
f 1948/1948/1862 1947/1947/1861 1946/1946/1860
f 1947/1947/1861 1948/1948/1862 1949/1949/1863
f 1947/1947/1861 1949/1949/1863 1950/1950/1864
f 1947/1947/1861 1950/1950/1864 1951/1951/1865
f 1950/1950/1864 1952/1952/1866 1951/1951/1865
f 1953/1953/1867 1952/1952/1866 1950/1950/1864
f 1950/1950/1864 1954/1954/1868 1953/1953/1867
f 1955/1955/1869 1957/1956/1870 1956/1957/1871
f 1958/1958/1872 1955/1955/1869 1956/1957/1871
f 1958/1958/1872 1956/1957/1871 1959/1959/1873
f 1960/1960/1874 1958/1958/1872 1959/1959/1873
f 1960/1960/1874 1961/1961/1875 1958/1958/1872
f 1962/1962/1876 1960/1960/1874 1959/1959/1873
f 1962/1962/1876 1959/1959/1873 1963/1963/1877
f 1961/1961/1875 1964/1964/1878 1958/1958/1872
f 1961/1961/1875 1965/1965/1879 1964/1964/1878
f 1966/1966/1880 1964/1964/1878 1965/1965/1879
f 1966/1966/1880 1965/1965/1879 1967/1967/1881
f 1968/1968/1882 1966/1966/1880 1967/1967/1881
f 1968/1968/1882 1967/1967/1881 1969/1969/1883
f 1969/1969/1883 1711/1711/1626 1968/1968/1882
f 1969/1969/1883 1707/1707/1622 1711/1711/1626
f 1970/1970/1884 1972/1971/1885 1971/1972/1886
f 1972/1971/1885 1973/1973/1887 1971/1972/1886
f 1970/1970/1884 1971/1972/1886 1974/1974/1888
f 1972/1971/1885 1975/1975/1889 1973/1973/1887
f 1972/1971/1885 1976/1976/1890 1975/1975/1889
f 1975/1975/1889 1976/1976/1890 1977/1977/1891
f 1978/1978/1892 1975/1975/1889 1977/1977/1891
f 1978/1978/1892 1977/1977/1891 1979/1979/1893
f 1980/1980/1894 1978/1978/1892 1979/1979/1893
f 1981/1981/1895 1977/1977/1891 1976/1976/1890
f 1982/1982/1896 1970/1970/1884 1974/1974/1888
f 1983/1983/1897 1982/1982/1896 1974/1974/1888
f 1983/1983/1897 1974/1974/1888 1984/1984/1898
f 1985/1985/1899 1983/1983/1897 1984/1984/1898
f 1986/1986/1900 1988/1987/1901 1987/1988/1902
f 1988/1987/1901 1989/1989/1903 1987/1988/1902
f 1988/1987/1901 1990/1990/1904 1989/1989/1903
f 1988/1987/1901 1991/1991/1905 1990/1990/1904
f 1991/1991/1905 1992/1992/1906 1990/1990/1904
f 1992/1992/1906 1991/1991/1905 1993/1993/1907
f 1986/1986/1900 1987/1988/1902 1994/1994/1908
f 1995/1995/1909 1986/1986/1900 1994/1994/1908
f 1995/1995/1909 1994/1994/1908 1996/1996/1910
f 1997/1997/1911 1992/1992/1906 1993/1993/1907
f 1993/1993/1907 1998/1998/1912 1997/1997/1911
f 1993/1993/1907 1999/1999/1913 1998/1998/1912
f 1999/1999/1913 2000/2000/1914 1998/1998/1912
f 1999/1999/1913 2001/2001/1915 2000/2000/1914
f 2000/2000/1914 2002/2002/1916 1998/1998/1912
f 2003/2003/1917 2005/2004/1918 2004/2005/1919
f 2006/2006/1920 2003/2003/1917 2004/2005/1919
f 2004/2005/1919 2005/2004/1918 2007/2007/1921
f 2004/2005/1919 2007/2007/1921 2008/2008/1922
f 2007/2007/1921 2009/2009/1923 2008/2008/1922
f 2009/2009/1923 2010/2010/1924 2008/2008/1922
f 2009/2009/1923 2011/2011/1925 2010/2010/1924
f 2011/2011/1925 2012/2012/1926 2010/2010/1924
f 2011/2011/1925 2013/2013/1927 2012/2012/1926
f 2013/2013/1927 2014/2014/1928 2012/2012/1926
f 2013/2013/1927 380/380/379 2014/2014/1928
f 380/380/379 2015/2015/1929 2014/2014/1928
f 379/379/378 2015/2015/1929 380/380/379
f 2016/2016/1930 1319/1319/1258 2017/2017/1931
f 2016/2016/1930 2017/2017/1931 2018/2018/1932
f 2019/2019/1933 2016/2016/1930 2018/2018/1932
f 2019/2019/1933 2018/2018/1932 2020/2020/1934
f 2021/2021/1935 2019/2019/1933 2020/2020/1934
f 1319/1319/1258 1317/1318/1257 2017/2017/1931
f 2021/2021/1935 2020/2020/1934 2022/2022/1936
f 2023/2023/1937 2021/2021/1935 2022/2022/1936
f 2023/2023/1937 2022/2022/1936 2024/2024/1938
f 2025/2025/1939 2023/2023/1937 2024/2024/1938
f 2026/2026/1940 2025/2025/1939 2024/2024/1938
f 2026/2026/1940 2027/2027/1941 2025/2025/1939
f 2028/2028/1942 2027/2027/1941 2026/2026/1940
f 2029/2029/1943 2028/2028/1942 2026/2026/1940
f 2030/2030/1944 2032/2031/1945 2031/2032/364
f 2032/2031/1945 2030/2030/1944 2033/2033/1946
f 2030/2030/1944 2031/2032/364 2034/2034/1947
f 2031/2032/364 2035/2035/1948 2034/2034/1947
f 2035/2035/1948 2031/2032/364 2036/2036/375
f 2031/2032/364 2037/2037/1949 2036/2036/375
f 2037/2037/1949 2031/2032/364 2038/2038/787
f 2031/2032/364 2039/2039/1950 2038/2038/787
f 2031/2032/364 2040/2040/667 2039/2039/1950
f 2039/2039/1950 2040/2040/667 2041/2041/1951
f 2037/2037/1949 2042/2042/764 2036/2036/375
f 2037/2037/1949 2043/2043/1952 2042/2042/764
f 2044/2044/1953 2046/2045/1954 2045/2046/1948
f 2044/2044/1953 2045/2046/1948 2047/2047/804
f 2048/2048/359 2044/2044/1953 2047/2047/804
f 2049/2049/741 2044/2044/1953 2048/2048/359
f 2049/2049/741 2050/2050/710 2044/2044/1953
f 2050/2050/710 2051/2051/1955 2044/2044/1953
f 2050/2050/710 2052/2052/1956 2051/2051/1955
f 2052/2052/1956 2053/2053/1957 2051/2051/1955
f 2053/2053/1957 2054/2054/1958 2051/2051/1955
f 2053/2053/1957 2055/2055/1959 2054/2054/1958
f 2055/2055/1959 2056/2056/1960 2054/2054/1958
f 2054/2054/1958 2056/2056/1960 2057/2057/1961
f 2054/2054/1958 2057/2057/1961 2058/2058/1962
f 2059/2059/364 2054/2054/1958 2058/2058/1962
f 2060/2060/1963 2059/2059/364 2058/2058/1962
f 2054/2054/1958 2059/2059/364 2061/2061/1964
f 2062/2062/1965 2054/2054/1958 2061/2061/1964
f 2059/2059/364 2060/2060/1963 2063/2063/1264
f 2060/2060/1963 2064/2064/701 2063/2063/1264
f 2058/2058/1962 2057/2057/1961 2065/2065/1966
f 2062/2062/1965 2061/2061/1964 2066/2066/1967
f 2061/2061/1964 2067/2067/1968 2066/2066/1967
f 2060/2060/1963 2068/2068/1969 2064/2064/701
f 2068/2068/1969 2060/2060/1963 2069/2069/1970
f 2070/2070/732 2068/2068/1969 2069/2069/1970
f 2070/2070/732 2069/2069/1970 2071/2071/1971
f 2072/2072/1972 2070/2070/732 2071/2071/1971
f 2073/2073/705 2072/2072/1972 2071/2071/1971
f 2073/2073/705 2071/2071/1971 2074/2074/1973
f 2075/2075/1974 2073/2073/705 2074/2074/1973
f 2074/2074/1973 2076/2076/1975 2075/2075/1974
f 2076/2076/1975 2074/2074/1973 2077/2077/1976
f 2077/2077/1976 2078/2078/1977 2076/2076/1975
f 2077/2077/1976 2079/2079/1978 2078/2078/1977
f 2080/2080/1979 2082/2081/1980 2081/2082/1981
f 2082/2081/1980 2083/2083/1982 2081/2082/1981
f 2082/2081/1980 2084/2084/1983 2083/2083/1982
f 2085/2085/1984 2080/2080/1979 2081/2082/1981
f 2086/2086/1985 2080/2080/1979 2085/2085/1984
f 2087/2087/1986 2080/2080/1979 2086/2086/1985
f 2087/2087/1986 2088/2088/1987 2080/2080/1979
f 2087/2087/1986 2089/2089/1988 2088/2088/1987
f 2088/2088/1987 2089/2089/1988 2090/2090/1989
f 2084/2084/1983 2091/2091/1990 2083/2083/1982
f 2084/2084/1983 2092/2092/1991 2091/2091/1990
f 2084/2084/1983 2093/2093/1992 2092/2092/1991
f 2092/2092/1991 2093/2093/1992 2094/2094/1993
f 2095/2095/1994 2092/2092/1991 2094/2094/1993
f 2088/2088/1987 2090/2090/1989 2096/2096/1995
f 2097/2097/1996 2088/2088/1987 2096/2096/1995
f 2098/2098/1997 2097/2097/1996 2096/2096/1995
f 2097/2097/1996 2098/2098/1997 2099/2099/1998
f 2100/2100/1999 2097/2097/1996 2099/2099/1998
f 2101/2101/2000 2100/2100/1999 2099/2099/1998
f 2102/2102/2001 2100/2100/1999 2101/2101/2000
f 2103/2103/2002 2102/2102/2001 2101/2101/2000
f 2104/2104/2003 2102/2102/2001 2103/2103/2002
f 2105/2105/2004 2104/2104/2003 2103/2103/2002
f 2104/2104/2003 2105/2105/2004 2106/2106/2005
f 2107/2107/2006 2109/2108/2007 2108/2109/2008
f 2110/2110/2009 2107/2107/2006 2108/2109/2008
f 2111/2111/2010 2110/2110/2009 2108/2109/2008
f 2112/2112/2011 2109/2108/2007 2107/2107/2006
f 2111/2111/2010 2113/2113/2012 2110/2110/2009
f 2111/2111/2010 2114/2114/2013 2113/2113/2012
f 2114/2114/2013 2115/2115/2014 2113/2113/2012
f 2109/2108/2007 2112/2112/2011 2116/2116/2015
f 2117/2117/2016 2116/2116/2015 2112/2112/2011
f 2116/2116/2015 2117/2117/2016 2118/2118/2017
f 2117/2117/2016 2119/2119/2018 2118/2118/2017
f 2119/2119/2018 2120/2120/2019 2118/2118/2017
f 2120/2120/2019 2119/2119/2018 2121/2121/2020
f 2119/2119/2018 2122/2122/2021 2121/2121/2020
f 2115/2115/2014 2114/2114/2013 2123/2123/2022
f 2124/2124/2023 2115/2115/2014 2123/2123/2022
f 2123/2123/2022 2125/2125/2024 2124/2124/2023
f 2125/2125/2024 2126/2126/2025 2124/2124/2023
f 2126/2126/2025 2125/2125/2024 2127/2127/2026
f 2128/2128/2027 2126/2126/2025 2127/2127/2026
f 2129/2129/2028 2128/2128/2027 2127/2127/2026
f 2129/2129/2028 2130/2130/2029 2128/2128/2027
f 2130/2130/2029 2131/2131/2030 2128/2128/2027
f 2132/2132/2031 2131/2131/2030 2130/2130/2029
f 2132/2132/2031 2130/2130/2029 2133/2133/2032
f 2132/2132/2031 2133/2133/2032 2134/2134/2033
f 2135/2135/2034 2132/2132/2031 2134/2134/2033
f 2136/2136/2035 2135/2135/2034 2134/2134/2033
f 2136/2136/2035 2134/2134/2033 2137/2137/2036
f 2136/2136/2035 2137/2137/2036 2138/2138/2037
f 2139/2139/2038 2136/2136/2035 2138/2138/2037
f 2139/2139/2038 2138/2138/2037 2140/2140/2039
f 2139/2139/2038 2140/2140/2039 2141/2141/2040
f 2142/2142/2041 2139/2139/2038 2141/2141/2040
f 2142/2142/2041 2141/2141/2040 2143/2143/2042
f 2142/2142/2041 2143/2143/2042 2144/2144/2043
f 2145/2145/2044 2142/2142/2041 2144/2144/2043
f 2146/2146/2045 2145/2145/2044 2144/2144/2043
f 2147/2147/2046 2145/2145/2044 2146/2146/2045
f 2147/2147/2046 2146/2146/2045 2148/2148/2047
f 2147/2147/2046 2148/2148/2047 2149/2149/2048
f 2148/2148/2047 2150/2150/2049 2149/2149/2048
f 2151/2151/2050 2153/2152/2051 2152/2153/2052
f 2154/2154/2053 2151/2151/2050 2152/2153/2052
f 2151/2151/2050 2155/2155/2054 2153/2152/2051
f 2151/2151/2050 2156/2156/2055 2155/2155/2054
f 2156/2156/2055 2157/2157/2056 2155/2155/2054
f 2157/2157/2056 2156/2156/2055 2158/2158/2057
f 2154/2154/2053 2152/2153/2052 2159/2159/2058
f 2160/2160/2059 2154/2154/2053 2159/2159/2058
f 2160/2160/2059 2159/2159/2058 2161/2161/2060
f 2162/2162/2061 2157/2157/2056 2158/2158/2057
f 2158/2158/2057 2163/2163/2062 2162/2162/2061
f 2158/2158/2057 2164/2164/2063 2163/2163/2062
f 2164/2164/2063 2165/2165/2064 2163/2163/2062
f 2164/2164/2063 2166/2166/2065 2165/2165/2064
f 2165/2165/2064 2167/2167/2066 2163/2163/2062
f 2168/2168/2067 2170/2169/2068 2169/2170/2069
f 2170/2169/2068 2171/2171/2070 2169/2170/2069
f 2171/2171/2070 2170/2169/2068 2172/2172/2071
f 2170/2169/2068 2173/2173/2072 2172/2172/2071
f 2173/2173/2072 2174/2174/2073 2172/2172/2071
f 2168/2168/2067 2169/2170/2069 2175/2175/2074
f 2173/2173/2072 2176/2176/2075 2174/2174/2073
f 2176/2176/2075 2177/2177/2076 2174/2174/2073
f 2176/2176/2075 2178/2178/2077 2177/2177/2076
f 2176/2176/2075 2179/2179/2078 2178/2178/2077
f 2180/2180/2079 2168/2168/2067 2175/2175/2074
f 2181/2181/2080 2180/2180/2079 2175/2175/2074
f 2181/2181/2080 2175/2175/2074 2182/2182/2081
f 2179/2179/2078 2183/2183/2082 2178/2178/2077
f 2183/2183/2082 2184/2184/2083 2178/2178/2077
f 2183/2183/2082 2185/2185/2084 2184/2184/2083
f 2183/2183/2082 2186/2186/2085 2185/2185/2084
f 2186/2186/2085 2187/2187/2086 2185/2185/2084
f 2187/2187/2086 2186/2186/2085 2188/2188/2087
f 2186/2186/2085 2189/2189/2088 2188/2188/2087
f 2189/2189/2088 2190/2190/2089 2188/2188/2087
f 2189/2189/2088 2191/2191/2090 2190/2190/2089
f 2190/2190/2089 2191/2191/2090 2192/2192/2091
f 2191/2191/2090 2193/2193/2092 2192/2192/2091
f 2191/2191/2090 2194/2194/2093 2193/2193/2092
f 2191/2191/2090 2195/2195/2094 2194/2194/2093
f 2195/2195/2094 2196/2196/2095 2194/2194/2093
f 2196/2196/2095 2195/2195/2094 2197/2197/2096
f 2198/2198/2097 2196/2196/2095 2197/2197/2096
f 2198/2198/2097 2197/2197/2096 2199/2199/2098
f 2200/2200/2099 2198/2198/2097 2199/2199/2098
f 2200/2200/2099 2199/2199/2098 2201/2201/2100
f 2202/2202/2101 2200/2200/2099 2201/2201/2100
f 2202/2202/2101 2201/2201/2100 2203/2203/2102
f 2204/2204/2103 2202/2202/2101 2203/2203/2102
f 2204/2204/2103 2203/2203/2102 2205/2205/2104
f 2206/2206/2105 2204/2204/2103 2205/2205/2104
f 2206/2206/2105 2205/2205/2104 2207/2207/2106
f 2207/2207/2106 2208/2208/2107 2206/2206/2105
f 2208/2208/2107 2209/2209/2108 2206/2206/2105
f 2206/2206/2105 2209/2209/2108 2210/2210/2109
f 2211/2211/2110 2206/2206/2105 2210/2210/2109
f 2212/2212/2111 2204/2204/2103 2206/2206/2105
f 2212/2212/2111 2206/2206/2105 2213/2213/2112
f 2214/2214/2113 2212/2212/2111 2213/2213/2112
f 2212/2212/2111 2215/2215/2114 2204/2204/2103
f 2212/2212/2111 2216/2216/2115 2215/2215/2114
f 2216/2216/2115 2217/2217/2116 2215/2215/2114
f 2211/2211/2110 2210/2210/2109 2218/2218/2117
f 2214/2214/2113 2213/2213/2112 2219/2219/2118
f 2214/2214/2113 2219/2219/2118 2220/2220/2119
f 2221/2221/2120 2214/2214/2113 2220/2220/2119
f 2220/2220/2119 2222/2222/2121 2221/2221/2120
f 2222/2222/2121 2223/2223/2122 2221/2221/2120
f 2222/2222/2121 2224/2224/2123 2223/2223/2122
f 2224/2224/2123 2225/2225/2124 2223/2223/2122
f 2226/2226/2125 2211/2211/2110 2218/2218/2117
f 2227/2227/2126 2226/2226/2125 2218/2218/2117
f 2227/2227/2126 2218/2218/2117 2228/2228/2127
f 2228/2228/2127 2229/2229/2128 2227/2227/2126
f 2228/2228/2127 2230/2230/2129 2229/2229/2128
f 2230/2230/2129 2231/2231/2130 2229/2229/2128
f 2231/2231/2130 2232/2232/2131 2229/2229/2128
f 2232/2232/2131 2231/2231/2130 2233/2233/2132
f 2224/2224/2123 2234/2234/2133 2225/2225/2124
f 2234/2234/2133 2235/2235/2134 2225/2225/2124
f 2235/2235/2134 2236/2236/2135 2225/2225/2124
f 2235/2235/2134 2237/2237/2136 2236/2236/2135
f 2237/2237/2136 2238/2238/2137 2236/2236/2135
f 2239/2239/2138 2232/2232/2131 2233/2233/2132
f 2239/2239/2138 2233/2233/2132 2240/2240/2139
f 2241/2241/2140 2239/2239/2138 2240/2240/2139
f 2241/2241/2140 2240/2240/2139 2242/2242/2141
f 2243/2243/2142 2241/2241/2140 2242/2242/2141
f 2243/2243/2142 2242/2242/2141 2244/2244/2143
f 2245/2245/2144 2243/2243/2142 2244/2244/2143
f 2246/2246/2145 2248/2247/2146 2247/2248/2147
f 2246/2246/2145 2249/2249/2148 2248/2247/2146
f 2248/2247/2146 2249/2249/2148 2250/2250/2149
f 2249/2249/2148 2251/2251/2150 2250/2250/2149
f 2249/2249/2148 2252/2252/2151 2251/2251/2150
f 2247/2248/2147 2248/2247/2146 2253/2253/2152
f 2246/2246/2145 2247/2248/2147 2254/2254/2153
f 2255/2255/2154 2246/2246/2145 2254/2254/2153
f 2254/2254/2153 2256/2256/2155 2255/2255/2154
f 2255/2255/2154 2256/2256/2155 2257/2257/2156
f 2255/2255/2154 2257/2257/2156 2258/2258/2157
f 2259/2259/2158 2255/2255/2154 2258/2258/2157
f 2258/2258/2157 2260/2260/2159 2259/2259/2158
f 2261/2261/2160 2260/2260/2159 2258/2258/2157
f 2262/2262/2161 2261/2261/2160 2258/2258/2157
f 2258/2258/2157 2263/2263/2162 2262/2262/2161
f 2254/2254/2153 2264/2264/2163 2256/2256/2155
f 2263/2263/2162 2265/2265/2164 2262/2262/2161
f 2263/2263/2162 2266/2266/2165 2265/2265/2164
f 2267/2267/2166 2260/2260/2159 2261/2261/2160
f 2267/2267/2166 2268/2268/2146 2260/2260/2159
f 2268/2268/2146 2269/2269/2167 2260/2260/2159
f 2270/2270/2168 2260/2260/2159 2269/2269/2167
f 2271/2271/2169 2260/2260/2159 2270/2270/2168
f 2268/2268/2146 2267/2267/2166 2272/2272/2170
f 2266/2266/2165 2268/2268/2146 2273/2273/2171
f 2268/2268/2146 2272/2272/2170 2273/2273/2171
f 2266/2266/2165 2273/2273/2171 2274/2274/2172
f 2266/2266/2165 2274/2274/2172 2265/2265/2164
f 2271/2271/2169 2275/2275/2173 2260/2260/2159
f 2271/2271/2169 2276/2276/2174 2275/2275/2173
f 2276/2276/2174 2277/2277/2175 2275/2275/2173
f 2276/2276/2174 2278/2278/2176 2277/2277/2175
f 2279/2279/2177 2278/2278/2176 2276/2276/2174
f 2278/2278/2176 2279/2279/2177 2280/2280/2178
f 2271/2271/2169 2270/2270/2168 2281/2281/2179
f 2282/2282/2180 2271/2271/2169 2281/2281/2179
f 2279/2279/2177 2283/2283/2181 2280/2280/2178
f 2279/2279/2177 2252/2252/2151 2283/2283/2181
f 2252/2252/2151 2279/2279/2177 2284/2284/2182
f 2284/2284/2182 2279/2279/2177 2285/2285/2183
f 2279/2279/2177 2286/2286/2184 2285/2285/2183
f 2287/2287/2185 2282/2282/2180 2281/2281/2179
f 2282/2282/2180 2287/2287/2185 2288/2288/2186
f 2289/2289/2187 2282/2282/2180 2288/2288/2186
f 2252/2252/2151 2284/2284/2182 2251/2251/2150
f 2285/2285/2183 2286/2286/2184 2290/2290/2188
f 2286/2286/2184 2291/2291/2189 2290/2290/2188
f 2291/2291/2189 2292/2292/2190 2290/2290/2188
f 2291/2291/2189 2248/2247/2146 2292/2292/2190
f 2248/2247/2146 2293/2293/2191 2292/2292/2190
f 2293/2293/2191 2248/2247/2146 2250/2250/2149
f 2289/2289/2187 2288/2288/2186 2294/2294/2192
f 2295/2295/2193 2289/2289/2187 2294/2294/2192
f 2268/2268/2146 2289/2289/2187 2295/2295/2193
f 2269/2269/2167 2268/2268/2146 2295/2295/2193
f 2248/2247/2146 2297/2296/2194 2296/2297/2195
f 2297/2296/2194 2298/2298/2196 2296/2297/2195
f 2297/2296/2194 2299/2299/2197 2298/2298/2196
f 2297/2296/2194 2256/2256/2155 2299/2299/2197
f 2248/2247/2146 2296/2297/2195 2253/2253/2152
f 2256/2256/2155 2264/2264/2163 2299/2299/2197
f 2300/2300/802 2302/2301/2198 2301/2302/2199
f 2300/2300/802 2301/2302/2199 2303/2303/699
f 2304/2304/2200 2301/2302/2199 2302/2301/2198
f 2303/2303/699 2305/2305/2201 2300/2300/802
f 2303/2303/699 2306/2306/777 2305/2305/2201
f 2306/2306/777 2307/2307/2202 2305/2305/2201
f 2308/2308/2203 2304/2304/2200 2302/2301/2198
f 2307/2307/2202 2309/2309/2204 2305/2305/2201
f 2307/2307/2202 2310/2310/2205 2309/2309/2204
f 2311/2311/2206 2313/2312/2207 2312/2313/2208
f 2312/2313/2208 2313/2312/2207 2314/2314/2209
f 2313/2312/2207 2315/2315/2210 2314/2314/2209
f 2313/2312/2207 2316/2316/2211 2315/2315/2210
f 2316/2316/2211 2317/2317/2212 2315/2315/2210
f 2316/2316/2211 2318/2318/2213 2317/2317/2212
f 2319/2319/2214 2317/2317/2212 2318/2318/2213
f 2311/2311/2206 2312/2313/2208 2320/2320/2215
f 2312/2313/2208 2321/2321/2216 2320/2320/2215
f 2312/2313/2208 2322/2322/2217 2321/2321/2216
f 2322/2322/2217 2323/2323/2218 2321/2321/2216
f 2322/2322/2217 2324/2324/2219 2323/2323/2218
f 2324/2324/2219 2322/2322/2217 2325/2325/2220
f 2326/2326/2162 2324/2324/2219 2325/2325/2220
f 2327/2327/2221 2324/2324/2219 2326/2326/2162
f 2328/2328/2222 2324/2324/2219 2327/2327/2221
f 2324/2324/2219 2329/2329/2223 2323/2323/2218
f 2324/2324/2219 2330/2330/2224 2329/2329/2223
f 2324/2324/2219 2331/2331/2225 2330/2330/2224
f 2325/2325/2220 2332/2332/1159 2326/2326/2162
f 2325/2325/2220 2333/2333/2226 2332/2332/1159
f 2325/2325/2220 2334/2334/2227 2333/2333/2226
f 2325/2325/2220 2335/2335/2228 2334/2334/2227
f 2335/2335/2228 2336/2336/2229 2334/2334/2227
f 2335/2335/2228 2337/2337/2230 2336/2336/2229
f 2335/2335/2228 2338/2338/2231 2337/2337/2230
f 2338/2338/2231 2339/2339/2232 2337/2337/2230
f 2337/2337/2230 2339/2339/2232 2340/2340/2233
f 2339/2339/2232 2341/2341/2234 2340/2340/2233
f 2342/2342/2235 2341/2341/2234 2339/2339/2232
f 2343/2343/2236 2342/2342/2235 2339/2339/2232
f 2343/2343/2236 2344/2344/2237 2342/2342/2235
f 2343/2343/2236 2339/2339/2232 2345/2345/2238
f 2345/2345/2238 2339/2339/2232 2346/2346/2239
f 2343/2343/2236 2345/2345/2238 2347/2347/2240
f 2348/2348/2241 2343/2343/2236 2347/2347/2240
f 2339/2339/2232 2349/2349/2242 2346/2346/2239
f 2339/2339/2232 2350/2350/2243 2349/2349/2242
f 2349/2349/2242 2350/2350/2243 2351/2351/2244
f 2318/2318/2213 2350/2350/2243 2339/2339/2232
f 2350/2350/2243 2352/2352/2245 2351/2351/2244
f 2352/2352/2245 2348/2348/2241 2353/2353/2246
f 2352/2352/2245 2353/2353/2246 2351/2351/2244
f 2348/2348/2241 2354/2354/2247 2353/2353/2246
f 2348/2348/2241 2347/2347/2240 2354/2354/2247
f 2318/2318/2213 2316/2316/2211 2350/2350/2243
f 2343/2343/2236 2355/2355/2248 2344/2344/2237
f 2343/2343/2236 2356/2356/2249 2355/2355/2248
f 2356/2356/2249 2357/2357/2238 2355/2355/2248
f 2357/2357/2238 2356/2356/2249 2337/2337/2230
f 2358/2358/2250 2357/2357/2238 2337/2337/2230
f 2337/2337/2230 2340/2340/2233 2358/2358/2250
f 2359/2359/2198 2361/2360/713 2360/2361/693
f 2361/2360/713 2362/2362/2251 2360/2361/693
f 2359/2359/2198 2360/2361/693 2363/2363/741
f 2363/2363/741 2364/2364/2252 2359/2359/2198
f 2363/2363/741 2365/2365/699 2364/2364/2252
f 2366/2366/2253 2364/2364/2252 2365/2365/699
f 2367/2367/2254 2366/2366/2253 2365/2365/699
f 2362/2362/2251 2368/2368/2255 2360/2361/693
f 2362/2362/2251 2369/2369/2256 2368/2368/2255
f 2370/2370/2257 2372/2371/786 2371/2372/2258
f 2370/2370/2257 2373/2373/2259 2372/2371/786
f 2373/2373/2259 2374/2374/779 2372/2371/786
f 2373/2373/2259 2375/2375/374 2374/2374/779
f 2375/2375/374 2376/2376/2260 2374/2374/779
f 2376/2376/2260 2377/2377/2261 2374/2374/779
f 2376/2376/2260 2378/2378/2262 2377/2377/2261
f 2378/2378/2262 2379/2379/2263 2377/2377/2261
f 2379/2379/2263 2380/2380/2264 2377/2377/2261
f 2379/2379/2263 2381/2381/2265 2380/2380/2264
f 2379/2379/2263 2382/2382/2266 2381/2381/2265
f 2382/2382/2266 2383/2383/2262 2381/2381/2265
f 2382/2382/2266 2384/2384/766 2383/2383/2262
f 2384/2384/766 2385/2385/2267 2383/2383/2262
f 2383/2383/2262 2385/2385/2267 2386/2386/2268
f 2386/2386/2268 2385/2385/2267 2387/2387/2269
f 2385/2385/2267 2388/2388/2270 2387/2387/2269
f 2389/2389/2271 2391/2390/2272 2390/2391/2273
f 2389/2389/2271 2390/2391/2273 2392/2392/2274
f 2390/2391/2273 2393/2393/2275 2392/2392/2274
f 2389/2389/2271 2394/2394/2276 2391/2390/2272
f 2389/2389/2271 2395/2395/2277 2394/2394/2276
f 2396/2396/354 2389/2389/2271 2392/2392/2274
f 2397/2397/802 2389/2389/2271 2396/2396/354
f 2397/2397/802 2398/2398/715 2389/2389/2271
f 2398/2398/715 2399/2399/2278 2389/2389/2271
f 2398/2398/715 2400/2400/2279 2399/2399/2278
f 2400/2400/2279 2401/2401/2280 2399/2399/2278
f 2401/2401/2280 2402/2402/2198 2399/2399/2278
f 2401/2401/2280 2403/2403/2281 2402/2402/2198
f 2403/2403/2281 2404/2404/2282 2402/2402/2198
f 2402/2402/2198 2404/2404/2282 2405/2405/381
f 2402/2402/2198 2405/2405/381 2406/2406/2283
f 2407/2407/2284 2402/2402/2198 2406/2406/2283
f 2408/2408/2285 2402/2402/2198 2407/2407/2284
f 2409/2409/1976 2408/2408/2285 2407/2407/2284
f 2408/2408/2285 2409/2409/1976 2410/2410/380
f 2409/2409/1976 2411/2411/2286 2410/2410/380
f 2412/2412/2287 2407/2407/2284 2406/2406/2283
f 2412/2412/2287 2406/2406/2283 2413/2413/2288
f 2402/2402/2198 2408/2408/2285 2414/2414/2289
f 2415/2415/2290 2402/2402/2198 2414/2414/2289
f 2409/2409/1976 2416/2416/2291 2411/2411/2286
f 2416/2416/2291 2409/2409/1976 2417/2417/2292
f 2418/2418/793 2416/2416/2291 2417/2417/2292
f 2418/2418/793 2417/2417/2292 2419/2419/2293
f 2415/2415/2290 2414/2414/2289 2420/2420/2294
f 2414/2414/2289 2421/2421/2295 2420/2420/2294
f 2422/2422/2296 2418/2418/793 2419/2419/2293
f 2423/2423/772 2422/2422/2296 2419/2419/2293
f 2423/2423/772 2419/2419/2293 2424/2424/2297
f 2425/2425/2298 2423/2423/772 2424/2424/2297
f 2424/2424/2297 2426/2426/2299 2425/2425/2298
f 2426/2426/2299 2424/2424/2297 2427/2427/2300
f 2427/2427/2300 2428/2428/2301 2426/2426/2299
f 2427/2427/2300 2429/2429/2302 2428/2428/2301
f 2430/2430/2303 2432/2431/2304 2431/2432/2305
f 2432/2431/2304 2430/2430/2303 2433/2433/2306
f 2431/2432/2305 2432/2431/2304 2434/2434/2307
f 2435/2435/2308 2431/2432/2305 2434/2434/2307
f 2436/2436/2309 2435/2435/2308 2434/2434/2307
f 2436/2436/2309 2434/2434/2307 2437/2437/2310
f 2435/2435/2308 2438/2438/2311 2431/2432/2305
f 2435/2435/2308 2439/2439/2312 2438/2438/2311
f 2439/2439/2312 2440/2440/2313 2438/2438/2311
f 2440/2440/2313 2439/2439/2312 2441/2441/2314
f 2431/2432/2305 2438/2438/2311 2442/2442/2315
f 2443/2443/2316 2431/2432/2305 2442/2442/2315
f 2444/2444/2317 2431/2432/2305 2443/2443/2316
f 2444/2444/2317 2430/2430/2303 2431/2432/2305
f 2444/2444/2317 2443/2443/2316 2445/2445/2318
f 2430/2430/2303 2444/2444/2317 2445/2445/2318
f 1194/1194/1136 2445/2445/2318 2443/2443/2316
f 2445/2445/2318 1194/1194/1136 1192/1192/1134
f 1187/1187/1129 2445/2445/2318 1192/1192/1134
f 1187/1187/1129 2446/2446/2319 2445/2445/2318
f 2446/2446/2319 2430/2430/2303 2445/2445/2318
f 2440/2440/2313 2441/2441/2314 2447/2447/2320
f 2448/2448/2321 2440/2440/2313 2447/2447/2320
f 2448/2448/2321 2447/2447/2320 2449/2449/2322
f 2450/2450/2323 2448/2448/2321 2449/2449/2322
f 2451/2451/2324 2448/2448/2321 2450/2450/2323
f 2451/2451/2324 2450/2450/2323 2452/2452/2325
f 2453/2453/2326 2451/2451/2324 2452/2452/2325
f 2453/2453/2326 2452/2452/2325 2454/2454/2327
f 2455/2455/2328 2453/2453/2326 2454/2454/2327
f 2456/2456/2329 2453/2453/2326 2455/2455/2328
f 2456/2456/2329 2455/2455/2328 2457/2457/2330
f 2458/2458/2331 2456/2456/2329 2457/2457/2330
f 2458/2458/2331 2457/2457/2330 2459/2459/2332
f 2460/2460/2333 2458/2458/2331 2459/2459/2332
f 2461/2461/2334 2458/2458/2331 2460/2460/2333
f 2462/2462/2335 2461/2461/2334 2460/2460/2333
f 2462/2462/2335 2460/2460/2333 2463/2463/2336
f 2464/2464/2337 2462/2462/2335 2463/2463/2336
f 2464/2464/2337 2463/2463/2336 2465/2465/2338
f 2466/2466/2339 2464/2464/2337 2465/2465/2338
f 2466/2466/2339 2465/2465/2338 2467/2467/2340
f 2468/2468/2341 2466/2466/2339 2467/2467/2340
f 2469/2469/2342 2468/2468/2341 2467/2467/2340
f 2469/2469/2342 2470/2470/2343 2468/2468/2341
f 2470/2470/2343 2469/2469/2342 2471/2471/2344
f 2471/2471/2344 2469/2469/2342 2472/2472/2345
f 2469/2469/2342 2473/2473/2346 2472/2472/2345
f 2472/2472/2345 2473/2473/2346 2474/2474/2347
f 2473/2473/2346 2475/2475/2348 2474/2474/2347
f 2475/2475/2348 2476/2476/2349 2474/2474/2347
f 2471/2471/2344 2472/2472/2345 2477/2477/2350
f 2477/2477/2350 2472/2472/2345 2478/2478/2351
f 2472/2472/2345 2474/2474/2347 2478/2478/2351
f 2479/2479/2352 2477/2477/2350 2478/2478/2351
f 2480/2480/2353 2477/2477/2350 2479/2479/2352
f 2481/2481/2354 2477/2477/2350 2480/2480/2353
f 2481/2481/2354 2471/2471/2344 2477/2477/2350
f 2482/2482/2355 2481/2481/2354 2480/2480/2353
f 2482/2482/2355 2480/2480/2353 2483/2483/2356
f 2483/2483/2356 2484/2484/2357 2482/2482/2355
f 2483/2483/2356 2485/2485/2358 2484/2484/2357
f 2484/2484/2357 2485/2485/2358 2486/2486/2359
f 2485/2485/2358 2487/2487/2360 2486/2486/2359
f 2483/2483/2356 2480/2480/2353 2488/2488/2361
f 2480/2480/2353 2479/2479/2352 2488/2488/2361
f 2489/2489/2362 2483/2483/2356 2488/2488/2361
f 2485/2485/2358 2489/2489/2362 2487/2487/2360
f 2485/2485/2358 2483/2483/2356 2489/2489/2362
f 2490/2490/2363 2487/2487/2360 2489/2489/2362
f 2491/2491/2364 2490/2490/2363 2489/2489/2362
f 2491/2491/2364 2489/2489/2362 2492/2492/2365
f 2492/2492/2365 2493/2493/2366 2491/2491/2364
f 2491/2491/2364 2493/2493/2366 2494/2494/2367
f 2493/2493/2366 2495/2495/2368 2494/2494/2367
f 2495/2495/2368 2496/2496/2369 2494/2494/2367
f 2497/2497/2370 2471/2471/2344 2481/2481/2354
f 2497/2497/2370 2470/2470/2343 2471/2471/2344
f 2498/2498/2371 2500/2499/2372 2499/2500/2373
f 2500/2499/2372 2501/2501/2374 2499/2500/2373
f 2498/2498/2371 2499/2500/2373 2502/2502/2375
f 2503/2503/2376 2498/2498/2371 2502/2502/2375
f 2503/2503/2376 2502/2502/2375 2504/2504/2377
f 2505/2505/2378 2503/2503/2376 2504/2504/2377
f 2506/2506/2379 2508/2507/2380 2507/2508/2381
f 2507/2508/2381 2509/2509/2382 2506/2506/2379
f 2509/2509/2382 2510/2510/2383 2506/2506/2379
f 2510/2510/2383 2509/2509/2382 2511/2511/2384
f 2508/2507/2380 2512/2512/2385 2507/2508/2381
f 2508/2507/2380 2513/2513/2386 2512/2512/2385
f 2508/2507/2380 2514/2514/2387 2513/2513/2386
f 2514/2514/2387 2515/2515/2388 2513/2513/2386
f 2516/2516/2389 2515/2515/2388 2514/2514/2387
f 2516/2516/2389 2514/2514/2387 2517/2517/2390
f 2514/2514/2387 10/10/10 2517/2517/2390
f 10/10/10 2518/2518/2391 2517/2517/2390
f 2518/2518/2391 10/10/10 2519/2519/2392
f 2520/2520/2393 2516/2516/2389 2517/2517/2390
f 2521/2521/2394 10/10/10 2514/2514/2387
f 2514/2514/2387 2522/2522/2395 2521/2521/2394
f 2514/2514/2387 2523/2523/2396 2522/2522/2395
f 2522/2522/2395 2523/2523/2396 2524/2524/2397
f 2518/2518/2391 2525/2525/2398 2517/2517/2390
f 2520/2520/2393 2517/2517/2390 2525/2525/2398
f 2526/2526/2399 2525/2525/2398 2518/2518/2391
f 2525/2525/2398 2526/2526/2399 2527/2527/2400
f 2525/2525/2398 2527/2527/2400 2520/2520/2393
f 2528/2528/2401 2526/2526/2399 2518/2518/2391
f 2529/2529/2402 2528/2528/2401 2518/2518/2391
f 2529/2529/2402 2530/2530/2403 2528/2528/2401
f 2530/2530/2403 2531/2531/2404 2528/2528/2401
f 2532/2532/2405 2529/2529/2402 2518/2518/2391
f 2524/2524/2397 2523/2523/2396 2506/2506/2379
f 2506/2506/2379 2533/2533/2406 2524/2524/2397
f 2524/2524/2397 2533/2533/2406 2534/2534/2407
f 2535/2535/2408 2524/2524/2397 2534/2534/2407
f 2535/2535/2408 2536/2536/2409 2524/2524/2397
f 2536/2536/2409 2537/2537/2410 2524/2524/2397
f 2537/2537/2410 2536/2536/2409 2538/2538/2411
f 2535/2535/2408 2534/2534/2407 2539/2539/2412
f 2540/2540/2413 2537/2537/2410 2538/2538/2411
f 2540/2540/2413 2538/2538/2411 2541/2541/2414
f 2542/2542/2415 2540/2540/2413 2541/2541/2414
f 2506/2506/2379 2510/2510/2383 2533/2533/2406
f 2531/2531/2404 2544/2543/2416 2543/2544/2417
f 2545/2545/2418 2543/2544/2417 2544/2543/2416
f 2543/2544/2417 2545/2545/2418 2546/2546/2419
f 2546/2546/2419 2545/2545/2418 2547/2547/2420
f 2547/2547/2420 2527/2527/2400 2546/2546/2419
f 2526/2526/2399 2546/2546/2419 2527/2527/2400
f 2526/2526/2399 2528/2528/2401 2546/2546/2419
f 2528/2528/2401 2543/2544/2417 2546/2546/2419
f 2531/2531/2404 2543/2544/2417 2528/2528/2401
f 2548/2548/2421 2550/2549/2422 2549/2550/2423
f 2548/2548/2421 2549/2550/2423 2551/2551/2424
f 2548/2548/2421 2551/2551/2424 2552/2552/2425
f 2550/2549/2422 2548/2548/2421 2553/2553/2426
f 2549/2550/2423 2554/2554/317 2551/2551/2424
f 2554/2554/317 2555/2555/318 2551/2551/2424
f 2554/2554/317 2556/2556/319 2555/2555/318
f 2552/2552/2425 2551/2551/2424 2557/2557/2427
f 2557/2557/2427 2551/2551/2424 2558/2558/2428
f 2556/2556/319 2559/2559/323 2555/2555/318
f 2556/2556/319 2560/2560/324 2559/2559/323
f 2560/2560/324 2561/2561/2429 2559/2559/323
f 2560/2560/324 2562/2562/2430 2561/2561/2429
f 2561/2561/2429 2562/2562/2430 2563/2563/2431
f 2552/2552/2425 2564/2564/2432 2548/2548/2421
f 2565/2565/2429 2558/2558/2428 2551/2551/2424
f 2562/2562/2430 2566/2566/2433 2563/2563/2431
f 2562/2562/2430 2567/2567/2434 2566/2566/2433
f 2562/2562/2430 2568/2568/2435 2567/2567/2434
f 2568/2568/2435 2569/2569/2436 2567/2567/2434
f 2570/2570/2437 2569/2569/2436 2568/2568/2435
f 2570/2570/2437 2568/2568/2435 2571/2571/2438
f 2572/2572/2439 2574/2573/2440 2573/2574/2441
f 2574/2573/2440 2575/2575/2442 2573/2574/2441
f 2574/2573/2440 2576/2576/2443 2575/2575/2442
f 2577/2577/2444 2575/2575/2442 2576/2576/2443
f 2577/2577/2444 2576/2576/2443 2578/2578/2445
f 2579/2579/2446 2577/2577/2444 2578/2578/2445
f 2580/2580/2447 2572/2572/2439 2573/2574/2441
f 2580/2580/2447 2573/2574/2441 2581/2581/2448
f 2582/2582/2449 2584/2583/2450 2583/2584/2451
f 2584/2583/2450 2585/2585/2452 2583/2584/2451
f 2584/2583/2450 2586/2586/2453 2585/2585/2452
f 2587/2587/2454 2586/2586/2453 2584/2583/2450
f 2587/2587/2454 2588/2588/2455 2586/2586/2453
f 2586/2586/2453 2588/2588/2455 2589/2589/2456
f 2582/2582/2449 2583/2584/2451 2590/2590/2457
f 2582/2582/2449 2590/2590/2457 2591/2591/2458
f 2592/2592/2459 2582/2582/2449 2591/2591/2458
f 2593/2593/2460 2592/2592/2459 2591/2591/2458
f 2592/2592/2459 2593/2593/2460 2594/2594/2461
f 2595/2595/2462 2592/2592/2459 2594/2594/2461
f 2596/2596/2463 2595/2595/2462 2594/2594/2461
f 2595/2595/2462 2596/2596/2463 2597/2597/2464
f 2598/2598/2465 2595/2595/2462 2597/2597/2464
f 2599/2599/2466 2598/2598/2465 2597/2597/2464
f 2600/2600/2467 2598/2598/2465 2599/2599/2466
f 2601/2601/2468 2600/2600/2467 2599/2599/2466
f 2600/2600/2467 2601/2601/2468 2602/2602/2469
f 2603/2603/2470 2605/2604/2471 2604/2605/2472
f 2605/2604/2471 2603/2603/2470 2606/2606/2473
f 2603/2603/2470 2607/2607/2474 2606/2606/2473
f 2607/2607/2474 2603/2603/2470 2608/2608/2475
f 2609/2609/2476 2608/2608/2475 2603/2603/2470
f 2609/2609/2476 2610/2610/2477 2608/2608/2475
f 2610/2610/2477 2609/2609/2476 2611/2611/2478
f 1449/1449/1365 2610/2610/2477 2611/2611/2478
f 2608/2608/2475 2612/2612/2479 2607/2607/2474
f 2608/2608/2475 2613/2613/2480 2612/2612/2479
f 2613/2613/2480 2614/2614/2481 2612/2612/2479
f 1449/1449/1365 2611/2611/2478 1447/1447/1363
f 2615/2615/2482 2617/2616/2483 2616/2617/2484
f 2618/2618/2485 2615/2615/2482 2616/2617/2484
f 2617/2616/2483 2619/2619/2486 2616/2617/2484
f 2619/2619/2486 2617/2616/2483 2620/2620/2487
f 2621/2621/2488 2619/2619/2486 2620/2620/2487
f 2620/2620/2487 2622/2622/2489 2621/2621/2488
f 2622/2622/2489 2623/2623/2490 2621/2621/2488
f 2623/2623/2490 2622/2622/2489 2624/2624/2491
f 2625/2625/2492 2623/2623/2490 2624/2624/2491
f 2625/2625/2492 2624/2624/2491 2626/2626/2493
f 2625/2625/2492 2626/2626/2493 2627/2627/2494
f 2626/2626/2493 2628/2628/2495 2627/2627/2494
f 2628/2628/2495 2629/2629/2496 2627/2627/2494
f 2630/2630/2497 2629/2629/2496 2628/2628/2495
f 2629/2629/2496 2630/2630/2497 2631/2631/2498
f 2632/2632/2499 2631/2631/2498 2630/2630/2497
f 2631/2631/2498 2632/2632/2499 2633/2633/2500
f 2632/2632/2499 2634/2634/2501 2633/2633/2500
f 2634/2634/2501 2635/2635/2502 2633/2633/2500
f 2635/2635/2502 2634/2634/2501 2636/2636/2503
f 2634/2634/2501 2637/2637/2504 2636/2636/2503
f 2638/2638/2505 2640/2639/2506 2639/2640/2507
f 2641/2641/2508 2638/2638/2505 2639/2640/2507
f 2639/2640/2507 2642/2642/2509 2641/2641/2508
f 2639/2640/2507 2643/2643/2510 2642/2642/2509
f 2643/2643/2510 2644/2644/2511 2642/2642/2509
f 2644/2644/2511 2645/2645/2512 2642/2642/2509
f 2646/2646/2513 2645/2645/2512 2644/2644/2511
f 2646/2646/2513 2644/2644/2511 2647/2647/2514
f 2648/2648/2515 2646/2646/2513 2647/2647/2514
f 2648/2648/2515 2647/2647/2514 2649/2649/2516
f 2650/2650/2517 2648/2648/2515 2649/2649/2516
f 2650/2650/2517 2649/2649/2516 2651/2651/2518
f 2651/2651/2518 2652/2652/2519 2650/2650/2517
f 2651/2651/2518 2653/2653/2520 2652/2652/2519
f 2653/2653/2520 2654/2654/2521 2652/2652/2519
f 2653/2653/2520 2655/2655/2522 2654/2654/2521
f 2656/2656/2523 2655/2655/2522 2653/2653/2520
f 2657/2657/2524 2656/2656/2523 2653/2653/2520
f 2658/2658/2525 2660/2659/2526 2659/2660/2527
f 2660/2659/2526 2661/2661/2528 2659/2660/2527
f 2662/2662/2529 2658/2658/2525 2659/2660/2527
f 2658/2658/2525 2662/2662/2529 2663/2663/2530
f 2664/2664/2531 2658/2658/2525 2663/2663/2530
f 2665/2665/2532 2664/2664/2531 2663/2663/2530
f 2664/2664/2531 2665/2665/2532 2666/2666/2533
f 2667/2667/2534 2664/2664/2531 2666/2666/2533
f 2668/2668/2535 2667/2667/2534 2666/2666/2533
f 2667/2667/2534 2668/2668/2535 2669/2669/2536
f 2670/2670/2537 2667/2667/2534 2669/2669/2536
f 2671/2671/2538 2670/2670/2537 2669/2669/2536
f 2672/2672/2539 2670/2670/2537 2671/2671/2538
f 2660/2659/2526 2673/2673/2540 2661/2661/2528
f 2674/2674/2541 2673/2673/2540 2660/2659/2526
f 2674/2674/2541 2675/2675/2542 2673/2673/2540
f 2673/2673/2540 2675/2675/2542 2676/2676/2543
f 2677/2677/2544 2672/2672/2539 2671/2671/2538
f 2672/2672/2539 2677/2677/2544 2678/2678/2545
f 2679/2679/2546 2681/2680/2547 2680/2681/2548
f 2681/2680/2547 2682/2682/2549 2680/2681/2548
f 2681/2680/2547 2683/2683/2550 2682/2682/2549
f 2684/2684/2551 2682/2682/2549 2683/2683/2550
f 2683/2683/2550 2685/2685/2552 2684/2684/2551
f 2683/2683/2550 2686/2686/2553 2685/2685/2552
f 2685/2685/2552 2686/2686/2553 2687/2687/2554
f 2688/2688/2555 2685/2685/2552 2687/2687/2554
f 2688/2688/2555 2687/2687/2554 2689/2689/2556
f 2690/2690/2557 2688/2688/2555 2689/2689/2556
f 2690/2690/2557 2689/2689/2556 2691/2691/2558
f 2692/2692/2559 2690/2690/2557 2691/2691/2558
f 2692/2692/2559 2691/2691/2558 2693/2693/2560
f 2694/2694/2561 2692/2692/2559 2693/2693/2560
f 2695/2695/2562 2694/2694/2561 2693/2693/2560
f 2695/2695/2562 2693/2693/2560 2696/2696/2563
f 2695/2695/2562 2696/2696/2563 2697/2697/2564
f 2698/2698/2565 2695/2695/2562 2697/2697/2564
f 2698/2698/2565 2697/2697/2564 2699/2699/2566
f 2700/2700/2567 2698/2698/2565 2699/2699/2566
f 2700/2700/2567 2701/2701/2568 2698/2698/2565
f 2702/2702/2569 2704/2703/2570 2703/2704/2571
f 2704/2703/2570 2705/2705/2572 2703/2704/2571
f 2703/2704/2571 2705/2705/2572 2706/2706/2573
f 2703/2704/2571 2707/2707/2574 2702/2702/2569
f 2707/2707/2574 2708/2708/2575 2702/2702/2569
f 2707/2707/2574 2709/2709/2576 2708/2708/2575
f 2709/2709/2576 2710/2710/2577 2708/2708/2575
f 2709/2709/2576 2711/2711/2578 2710/2710/2577
f 2711/2711/2578 2712/2712/2579 2710/2710/2577
f 2712/2712/2579 2713/2713/2580 2710/2710/2577
f 2713/2713/2580 2680/2681/2548 2710/2710/2577
f 2705/2705/2572 2714/2714/2581 2706/2706/2573
f 2715/2715/2582 2714/2714/2581 2705/2705/2572
f 2714/2714/2581 2715/2715/2582 2716/2716/2583
f 2713/2713/2580 2679/2679/2546 2680/2681/2548
f 2715/2715/2582 2717/2717/2584 2716/2716/2583
f 2715/2715/2582 2718/2718/2585 2717/2717/2584
f 2715/2715/2582 2719/2719/2586 2718/2718/2585
f 2720/2720/2587 2718/2718/2585 2719/2719/2586
f 2721/2721/2588 2720/2720/2587 2719/2719/2586
f 2722/2722/2589 2724/2723/2590 2723/2724/2591
f 2722/2722/2589 2723/2724/2591 2725/2725/2592
f 2722/2722/2589 2725/2725/2592 2726/2726/2593
f 2727/2727/2594 2722/2722/2589 2726/2726/2593
f 2728/2728/2595 2722/2722/2589 2727/2727/2594
f 2726/2726/2593 2725/2725/2592 2729/2729/2596
f 2728/2728/2595 2727/2727/2594 2730/2730/2597
f 2731/2731/2598 2728/2728/2595 2730/2730/2597
f 2731/2731/2598 2730/2730/2597 2732/2732/2599
f 2731/2731/2598 2732/2732/2599 2733/2733/2600
f 2734/2734/2601 2731/2731/2598 2733/2733/2600
f 2723/2724/2591 2724/2723/2590 2735/2735/2602
f 2736/2736/2603 2723/2724/2591 2735/2735/2602
f 2736/2736/2603 2735/2735/2602 2737/2737/2604
f 2738/2738/2605 2736/2736/2603 2737/2737/2604
f 2734/2734/2601 2733/2733/2600 2739/2739/2606
f 2734/2734/2601 2739/2739/2606 2740/2740/2607
f 2741/2741/2608 2734/2734/2601 2740/2740/2607
f 2740/2740/2607 2742/2742/2609 2741/2741/2608
f 2742/2742/2609 2743/2743/2610 2741/2741/2608
f 2731/2731/2598 2744/2744/2611 2728/2728/2595
f 2742/2742/2609 2745/2745/2612 2743/2743/2610
f 2745/2745/2612 2742/2742/2609 2746/2746/2613
f 2743/2743/2610 2745/2745/2612 2747/2747/2614
f 2743/2743/2610 2747/2747/2614 2748/2748/2615
f 2748/2748/2615 2747/2747/2614 2749/2749/2616
f 2747/2747/2614 2750/2750/2617 2749/2749/2616
f 2750/2750/2617 2751/2751/2618 2749/2749/2616
f 2748/2748/2615 2752/2752/2619 2743/2743/2610
f 2753/2753/2620 2743/2743/2610 2752/2752/2619
f 2752/2752/2619 2754/2754/2621 2753/2753/2620
f 2754/2754/2621 2755/2755/2622 2753/2753/2620
f 2755/2755/2622 2754/2754/2621 2756/2756/2623
f 2755/2755/2622 2756/2756/2623 2757/2757/2624
f 2758/2758/2625 2755/2755/2622 2757/2757/2624
f 2750/2750/2617 623/623/622 2751/2751/2618
f 2759/2759/2626 2755/2755/2622 2758/2758/2625
f 2751/2751/2618 623/623/622 620/621/620
f 2747/2747/2627 2761/2760/2628 2760/2761/2629
f 2762/2762/2630 2764/2763/2631 2763/2764/2632
f 2762/2762/2630 2763/2764/2632 2765/2765/2633
f 2766/2766/2634 2762/2762/2630 2765/2765/2633
f 2767/2767/2635 2762/2762/2630 2766/2766/2634
f 2768/2768/2636 2767/2767/2635 2766/2766/2634
f 2769/2769/2637 2767/2767/2635 2768/2768/2636
f 2769/2769/2637 2768/2768/2636 2738/2738/2605
f 2764/2763/2631 2770/2770/2638 2763/2764/2632
f 2764/2763/2631 2771/2771/2639 2770/2770/2638
f 2737/2737/2604 2769/2769/2637 2738/2738/2605
f 2772/2772/2640 2774/2773/2641 2773/2774/2642
f 2775/2775/2643 2772/2772/2640 2773/2774/2642
f 2775/2775/2643 2773/2774/2642 2776/2776/2644
f 2777/2777/2645 2775/2775/2643 2776/2776/2644
f 2778/2778/2646 2777/2777/2645 2776/2776/2644
f 2772/2772/2640 2779/2779/2647 2774/2773/2641
f 2774/2773/2641 2779/2779/2647 2780/2780/2648
f 2779/2779/2647 2781/2781/2649 2780/2780/2648
f 2780/2780/2648 2781/2781/2649 2782/2782/2650
f 2781/2781/2649 2783/2783/2651 2782/2782/2650
f 2783/2783/2651 2784/2784/2652 2782/2782/2650
f 2783/2783/2651 2785/2785/2653 2784/2784/2652
f 2785/2785/2653 2786/2786/2654 2784/2784/2652
f 2785/2785/2653 2787/2787/2655 2786/2786/2654
f 2787/2787/2655 2788/2788/2656 2786/2786/2654
f 2787/2787/2655 2789/2789/2657 2788/2788/2656
f 2789/2789/2657 2790/2790/2658 2788/2788/2656
f 2789/2789/2657 2791/2791/2659 2790/2790/2658
f 2792/2792/2660 2790/2790/2658 2791/2791/2659
f 2792/2792/2660 2791/2791/2659 2793/2793/2661
f 2792/2792/2660 2793/2793/2661 2794/2794/2662
f 2795/2795/2663 2792/2792/2660 2794/2794/2662
f 2796/2796/2664 2798/2797/1262 2797/2798/2665
f 2799/2799/1271 2798/2797/1262 2796/2796/2664
f 366/366/365 2799/2799/1271 2796/2796/2664
f 366/366/365 2796/2796/2664 2800/2800/2666
f 365/365/364 366/366/365 2800/2800/2666
f 2801/2801/2667 2803/2802/2668 2802/2803/2669
f 2804/2804/2262 2801/2801/2667 2802/2803/2669
f 2801/2801/2667 2805/2805/2670 2803/2802/2668
f 2801/2801/2667 2806/2806/2671 2805/2805/2670
f 2806/2806/2671 2807/2807/766 2805/2805/2670
f 2807/2807/766 2808/2808/2262 2805/2805/2670
f 2807/2807/766 2809/2809/2672 2808/2808/2262
f 2808/2808/2262 2809/2809/2672 2810/2810/2268
f 2810/2810/2268 2809/2809/2672 2811/2811/2673
f 2809/2809/2672 2812/2812/2674 2811/2811/2673
f 2813/2813/687 2804/2804/2262 2802/2803/2669
f 2813/2813/687 2802/2803/2669 2814/2814/2675
f 2813/2813/687 2814/2814/2675 2815/2815/2676
f 2816/2816/374 2813/2813/687 2815/2815/2676
f 2817/2817/2677 2816/2816/374 2815/2815/2676
f 2817/2817/2677 2815/2815/2676 2818/2818/2678
f 2819/2819/709 2817/2817/2677 2818/2818/2678
f 2820/2820/727 2819/2819/709 2818/2818/2678
f 2820/2820/727 2818/2818/2678 2821/2821/2679
f 2822/2822/2680 2820/2820/727 2821/2821/2679
f 2822/2822/2680 2821/2821/2679 2823/2823/2681
f 2824/2824/2682 2822/2822/2680 2823/2823/2681
f 2825/2825/2683 2824/2824/2682 2823/2823/2681
f 2823/2823/2681 2826/2826/2684 2825/2825/2683
f 2826/2826/2684 2827/2827/2685 2825/2825/2683
f 2827/2827/2685 2826/2826/2684 2828/2828/2686
f 2826/2826/2684 2829/2829/2687 2828/2828/2686
f 2830/2830/2688 2829/2829/2687 2826/2826/2684
f 2831/2831/2689 2833/2832/2690 2832/2833/2691
f 2834/2834/2692 2833/2832/2690 2831/2831/2689
f 2833/2832/2690 2835/2835/2693 2832/2833/2691
f 2833/2832/2690 2836/2836/2694 2835/2835/2693
f 2835/2835/2693 2836/2836/2694 2837/2837/2695
f 2838/2838/2696 2835/2835/2693 2837/2837/2695
f 2838/2838/2696 2837/2837/2695 2839/2839/2697
f 2840/2840/2698 2838/2838/2696 2839/2839/2697
f 2840/2840/2698 2839/2839/2697 2841/2841/2699
f 2840/2840/2698 2841/2841/2699 2842/2842/2700
f 2843/2843/2701 2840/2840/2698 2842/2842/2700
f 2843/2843/2701 2842/2842/2700 2844/2844/2702
f 2845/2845/2703 2843/2843/2701 2844/2844/2702
f 2846/2846/2704 2845/2845/2703 2844/2844/2702
f 2847/2847/2705 2849/2848/2706 2848/2849/2707
f 2847/2847/2705 2848/2849/2707 2850/2850/2708
f 2848/2849/2707 2851/2851/2709 2850/2850/2708
f 2849/2848/2706 2852/2852/2710 2848/2849/2707
f 2852/2852/2710 2853/2853/2711 2848/2849/2707
f 2854/2854/2712 2853/2853/2711 2852/2852/2710
f 2854/2854/2712 2852/2852/2710 2855/2855/2713
f 2855/2855/2713 2852/2852/2710 2856/2856/2714
f 2851/2851/2709 2857/2857/2715 2850/2850/2708
f 2857/2857/2715 2851/2851/2709 2858/2858/2716
f 2859/2859/2717 2857/2857/2715 2858/2858/2716
f 2860/2860/2718 2859/2859/2717 2858/2858/2716
f 2860/2860/2718 2858/2858/2716 2861/2861/2719
f 2860/2860/2718 2861/2861/2719 1418/1419/1335
f 1418/1419/1335 1420/1420/1336 2860/2860/2718
f 2862/2862/2720 1420/1420/1336 1423/1423/1339
f 2863/2863/2721 2862/2862/2720 1423/1423/1339
f 2863/2863/2721 1423/1423/1339 2864/2864/2722
f 2865/2865/2723 2863/2863/2721 2864/2864/2722
f 2865/2865/2723 2864/2864/2722 2866/2866/2724
f 2867/2867/2725 2865/2865/2723 2866/2866/2724
f 2866/2866/2724 2868/2868/2726 2867/2867/2725
f 2869/2869/2727 2867/2867/2725 2868/2868/2726
f 2869/2869/2727 2868/2868/2726 2870/2870/2728
f 2871/2871/2729 2869/2869/2727 2870/2870/2728
f 2872/2872/2730 2871/2871/2729 2870/2870/2728
f 2871/2871/2729 2872/2872/2730 2873/2873/2731
f 2872/2872/2730 2874/2874/2732 2873/2873/2731
f 2873/2873/2731 2874/2874/2732 2875/2875/2733
f 2875/2875/2733 2874/2874/2732 2876/2876/2734
f 2875/2875/2733 2876/2876/2734 2877/2877/2735
f 2875/2875/2733 2877/2877/2735 2878/2878/2736
f 2878/2878/2736 2877/2877/2735 2879/2879/2737
f 2879/2879/2737 2880/2880/2738 2878/2878/2736
f 2881/2881/2739 2878/2878/2736 2880/2880/2738
f 2882/2882/2740 2881/2881/2739 2880/2880/2738
f 2883/2883/2741 2885/2884/2742 2884/2885/2743
f 2885/2884/2742 2886/2886/2744 2884/2885/2743
f 2885/2884/2742 2887/2887/2745 2886/2886/2744
f 2887/2887/2745 2888/2888/2746 2886/2886/2744
f 2887/2887/2745 2889/2889/2747 2888/2888/2746
f 2889/2889/2747 2890/2890/2748 2888/2888/2746
f 2889/2889/2747 2891/2891/2749 2890/2890/2748
f 2891/2891/2749 2892/2892/2750 2890/2890/2748
f 2890/2890/2748 2892/2892/2750 2893/2893/2751
f 2892/2892/2750 2894/2894/2752 2893/2893/2751
f 2892/2892/2750 2895/2895/2753 2894/2894/2752
f 2895/2895/2753 2896/2896/2754 2894/2894/2752
f 2894/2894/2752 2896/2896/2754 2897/2897/2755
f 2896/2896/2754 2898/2898/2756 2897/2897/2755
f 2896/2896/2754 2899/2899/2757 2898/2898/2756
f 2899/2899/2757 2900/2900/2758 2898/2898/2756
f 2899/2899/2757 2901/2901/2759 2900/2900/2758
f 2900/2900/2758 2901/2901/2759 2902/2902/2760
f 2901/2901/2759 2903/2903/2761 2902/2902/2760
f 2901/2901/2759 213/213/213 2903/2903/2761
f 213/213/213 214/214/214 2903/2903/2761
f 2904/2904/2762 2906/2905/2763 2905/2906/2764
f 2904/2904/2762 2907/2907/2765 2906/2905/2763
f 2906/2905/2763 2907/2907/2765 2908/2908/2766
f 2907/2907/2765 2909/2909/2767 2908/2908/2766
f 2905/2906/2764 2910/2910/2768 2904/2904/2762
f 2905/2906/2764 2911/2911/2769 2910/2910/2768
f 2911/2911/2769 2912/2912/2770 2910/2910/2768
f 2910/2910/2768 2912/2912/2770 2913/2913/2771
f 2913/2913/2771 2912/2912/2770 2914/2914/2772
f 2904/2904/2762 2910/2910/2768 2915/2915/2773
f 2910/2910/2768 2913/2913/2771 2915/2915/2773
f 2916/2916/2774 2904/2904/2762 2915/2915/2773
f 2907/2907/2765 2904/2904/2762 2916/2916/2774
f 2907/2907/2765 2916/2916/2774 2909/2909/2767
f 2917/2917/2775 2909/2909/2767 2916/2916/2774
f 2918/2918/2776 2917/2917/2775 2916/2916/2774
f 2918/2918/2776 2916/2916/2774 2919/2919/2777
f 2912/2912/2770 2920/2920/2778 2914/2914/2772
f 2921/2921/2779 2920/2920/2778 2912/2912/2770
f 2911/2911/2769 2921/2921/2779 2912/2912/2770
f 2921/2921/2779 2922/2922/2780 2920/2920/2778
f 2922/2922/2780 2923/2923/2781 2920/2920/2778
f 2924/2924/2782 2922/2922/2780 2921/2921/2779
f 2920/2920/2778 2923/2923/2781 2925/2925/2783
f 2920/2920/2778 2925/2925/2783 2914/2914/2772
f 2923/2923/2781 2926/2926/2784 2925/2925/2783
f 2926/2926/2784 2927/2927/2785 2925/2925/2783
f 2922/2922/2780 2924/2924/2782 2883/2883/2741
f 2922/2922/2780 2883/2883/2741 2928/2928/2786
f 2883/2883/2741 2884/2885/2743 2928/2928/2786
f 2929/2929/2787 2924/2924/2782 2921/2921/2779
f 2929/2929/2787 2921/2921/2779 2911/2911/2769
f 2919/2919/2777 2930/2930/2788 2918/2918/2776
f 2918/2918/2776 2930/2930/2788 2931/2931/2789
f 2930/2930/2788 2932/2932/2790 2931/2931/2789
f 2932/2932/2790 2933/2933/2791 2931/2931/2789
f 2934/2934/2792 2936/2935/2793 2935/2936/2794
f 2936/2935/2793 2937/2937/2795 2935/2936/2794
f 2934/2934/2792 2935/2936/2794 2938/2938/2796
f 2939/2939/2797 2934/2934/2792 2938/2938/2796
f 2939/2939/2797 2938/2938/2796 2940/2940/2798
f 2941/2941/2798 2939/2939/2797 2940/2940/2798
f 2941/2941/2798 2940/2940/2798 2942/2942/2799
f 2943/2943/2800 2941/2941/2798 2942/2942/2799
f 2944/2944/2801 2943/2943/2800 2942/2942/2799
f 2945/2945/2802 2943/2943/2800 2944/2944/2801
f 2946/2946/2803 2945/2945/2802 2944/2944/2801
f 2947/2947/2804 2945/2945/2802 2946/2946/2803
f 2937/2937/2795 2936/2935/2793 2948/2948/2805
f 2948/2948/2805 2936/2935/2793 2949/2949/2806
f 2949/2949/2806 2936/2935/2793 2950/2950/2807
f 2951/2951/2808 2945/2945/2802 2947/2947/2804
f 2952/2952/2809 2945/2945/2802 2951/2951/2808
f 2952/2952/2809 2953/2953/2810 2945/2945/2802
f 2953/2953/2810 2954/2954/2811 2945/2945/2802
f 2953/2953/2810 2955/2955/2812 2954/2954/2811
f 2956/2956/2813 2950/2950/2807 2936/2935/2793
f 2936/2935/2793 2957/2957/2814 2956/2956/2813
f 2957/2957/2814 2958/2958/2815 2956/2956/2813
f 2957/2957/2814 2959/2959/2816 2958/2958/2815
f 2960/2960/2817 2962/2961/2818 2961/2962/2819
f 2962/2961/2818 2963/2963/2820 2961/2962/2819
f 2962/2961/2818 2964/2964/2821 2963/2963/2820
f 2964/2964/2821 2965/2965/2822 2963/2963/2820
f 2966/2966/2823 2965/2965/2822 2964/2964/2821
f 2966/2966/2823 2964/2964/2821 2967/2967/2824
f 2968/2968/2825 2966/2966/2823 2967/2967/2824
f 2960/2960/2817 2961/2962/2819 2969/2969/2826
f 2970/2970/2827 2972/2971/2828 2971/2972/2829
f 2970/2970/2827 2973/2973/2830 2972/2971/2828
f 2974/2974/2831 2970/2970/2827 2971/2972/2829
f 2974/2974/2831 2971/2972/2829 2975/2975/2832
f 2976/2976/2833 2974/2974/2831 2975/2975/2832
f 2973/2973/2830 2977/2977/2834 2972/2971/2828
f 2978/2978/2835 2976/2976/2833 2975/2975/2832
f 2979/2979/2836 2976/2976/2833 2978/2978/2835
f 2979/2979/2836 2978/2978/2835 2980/2980/2837
f 2981/2981/2838 2979/2979/2836 2980/2980/2837
f 2982/2982/2839 2984/2983/2840 2983/2984/2841
f 2984/2983/2840 2985/2985/2842 2983/2984/2841
f 2984/2983/2840 2986/2986/2843 2985/2985/2842
f 2982/2982/2839 2983/2984/2841 2987/2987/2844
f 2988/2988/2845 2982/2982/2839 2987/2987/2844
f 2988/2988/2845 2987/2987/2844 2989/2989/2846
f 2984/2983/2840 2990/2990/2847 2986/2986/2843
f 2990/2990/2847 2991/2991/2848 2986/2986/2843
f 2990/2990/2847 2992/2992/2849 2991/2991/2848
f 2992/2992/2849 2993/2993/2850 2991/2991/2848
f 2994/2994/2851 2996/2995/2852 2995/2996/2853
f 2997/2997/2854 2994/2994/2851 2995/2996/2853
f 2994/2994/2851 2998/2998/2855 2996/2995/2852
f 2994/2994/2851 2999/2999/2856 2998/2998/2855
f 2999/2999/2856 3000/3000/2857 2998/2998/2855
f 2999/2999/2856 3001/3001/2858 3000/3000/2857
f 3001/3001/2858 3002/3002/2859 3000/3000/2857
f 3002/3002/2859 3001/3001/2858 3003/3003/2860
f 3004/3004/2861 3002/3002/2859 3003/3003/2860
f 3004/3004/2861 3003/3003/2860 3005/3005/2862
f 3006/3006/2863 3004/3004/2861 3005/3005/2862
f 3007/3007/2864 3009/3008/2865 3008/3009/2866
f 3010/3010/2867 3007/3007/2864 3008/3009/2866
f 3007/3007/2864 3011/3011/2868 3009/3008/2865
f 3012/3012/2869 3011/3011/2868 3007/3007/2864
f 3013/3013/2870 3012/3012/2869 3007/3007/2864
f 3014/3014/2871 3013/3013/2870 3007/3007/2864
f 3015/3015/2872 3012/3012/2869 3013/3013/2870
f 3016/3016/2873 3012/3012/2869 3015/3015/2872
f 3007/3007/2864 3010/3010/2867 3017/3017/2874
f 3010/3010/2867 3018/3018/2875 3017/3017/2874
f 2045/2046/1948 3017/3017/2874 3018/3018/2875
f 2045/2046/1948 3018/3018/2875 3019/3019/2876
f 3020/3020/2877 3014/3014/2871 3007/3007/2864
f 3020/3020/2877 3021/3021/2878 3014/3014/2871
f 3021/3021/2878 3020/3020/2877 3022/3022/2879
f 3022/3022/2879 3020/3020/2877 3023/3023/2880
f 3022/3022/2879 3023/3023/2880 3024/3024/2881
f 3022/3022/2879 3024/3024/2881 3025/3025/2882
f 3024/3024/2881 3026/3026/2883 3025/3025/2882
f 3026/3026/2883 3027/3027/2884 3025/3025/2882
f 3026/3026/2883 3028/3028/2885 3027/3027/2884
f 3028/3028/2885 3029/3029/2886 3027/3027/2884
f 3029/3029/2886 3028/3028/2885 3030/3030/2887
f 3030/3030/2887 3028/3028/2885 3031/3031/2888
f 3031/3031/2888 3028/3028/2885 3032/3032/2889
f 2045/2046/1948 3019/3019/2876 2047/2047/804
f 3033/3033/2890 3032/3032/2889 3028/3028/2885
f 3033/3033/2890 3028/3028/2885 3034/3034/2891
f 3035/3035/2892 3037/3036/2893 3036/3037/2894
f 3035/3035/2892 3036/3037/2894 3038/3038/2895
f 3035/3035/2892 3038/3038/2895 3039/3039/2896
f 3040/3040/2897 3037/3036/2893 3035/3035/2892
f 3037/3036/2893 3040/3040/2897 3041/3041/2898
f 3038/3038/2895 3042/3042/2899 3039/3039/2896
f 3042/3042/2899 3043/3043/2900 3039/3039/2896
f 3042/3042/2899 3044/3044/2901 3043/3043/2900
f 3044/3044/2901 3045/3045/2902 3043/3043/2900
f 3045/3045/2902 3044/3044/2901 3046/3046/2903
f 3046/3046/2903 3044/3044/2901 3047/3047/2904
f 3047/3047/2904 3044/3044/2901 3048/3048/2905
f 3037/3036/2893 3041/3041/2898 3049/3049/2906
f 3041/3041/2898 3050/3050/2907 3049/3049/2906
f 3050/3050/2907 3051/3051/2908 3049/3049/2906
f 3051/3051/2908 3052/3052/2909 3049/3049/2906
f 3053/3053/2910 3051/3051/2908 3050/3050/2907
f 3054/3054/2911 3051/3051/2908 3053/3053/2910
f 3049/3049/2906 3052/3052/2909 3055/3055/2912
f 3049/3049/2906 3055/3055/2912 3056/3056/2913
f 3057/3057/2914 3049/3049/2906 3056/3056/2913
f 3057/3057/2914 3058/3058/2915 3049/3049/2906
f 3057/3057/2914 3059/3059/2916 3058/3058/2915
f 2390/2391/2273 3058/3058/2915 3059/3059/2916
f 2390/2391/2273 3059/3059/2916 2393/2393/2275
f 3060/3060/2917 3054/3054/2911 3053/3053/2910
f 3060/3060/2917 3061/3061/2918 3054/3054/2911
f 3062/3062/2919 3054/3054/2911 3061/3061/2918
f 3061/3061/2918 3063/3063/2920 3062/3062/2919
f 3062/3062/2919 3063/3063/2920 3064/3064/2921
f 3062/3062/2919 3064/3064/2921 3065/3065/2922
f 3066/3066/2923 3062/3062/2919 3065/3065/2922
f 3066/3066/2923 3065/3065/2922 3067/3067/2924
f 3066/3066/2923 3067/3067/2924 3068/3068/2925
f 3068/3068/2925 3069/3069/2926 3066/3066/2923
f 3069/3069/2926 3070/3070/2927 3066/3066/2923
f 3069/3069/2926 3071/3071/2928 3070/3070/2927
f 3069/3069/2926 3072/3072/2929 3071/3071/2928
f 3072/3072/2929 3073/3073/2930 3071/3071/2928
f 3072/3072/2929 3074/3074/2931 3073/3073/2930
f 3074/3074/2931 3075/3075/2932 3073/3073/2930
f 3074/3074/2931 3076/3076/2933 3075/3075/2932
f 3074/3074/2931 3077/3077/2934 3076/3076/2933
f 3077/3077/2934 3078/3078/2935 3076/3076/2933
f 3077/3077/2934 3079/3079/2936 3078/3078/2935
f 3077/3077/2934 3080/3080/2937 3079/3079/2936
f 3080/3080/2937 3081/3081/2938 3079/3079/2936
f 3080/3080/2937 3082/3082/2939 3081/3081/2938
f 3081/3081/2938 3082/3082/2939 3083/3083/2940
f 3082/3082/2939 3084/3084/2941 3083/3083/2940
f 3084/3084/2941 3085/3085/2942 3083/3083/2940
f 3084/3084/2941 3086/3086/2943 3085/3085/2942
f 3086/3086/2943 3087/3087/2944 3085/3085/2942
f 3086/3086/2943 3088/3088/2945 3087/3087/2944
f 3088/3088/2945 3089/3089/2946 3087/3087/2944
f 3088/3088/2945 3090/3090/2947 3089/3089/2946
f 3088/3088/2945 3091/3091/2948 3090/3090/2947
f 3091/3091/2948 3092/3092/2949 3090/3090/2947
f 3091/3091/2948 3093/3093/2950 3092/3092/2949
f 3093/3093/2950 3094/3094/2951 3092/3092/2949
f 3094/3094/2951 3093/3093/2950 3095/3095/2952
f 3095/3095/2952 3096/3096/2953 3094/3094/2951
f 3095/3095/2952 3097/3097/2954 3096/3096/2953
f 3098/3098/2955 3100/3099/2956 3099/3100/2957
f 3100/3099/2956 3098/3098/2955 3101/3101/2958
f 3100/3099/2956 3101/3101/2958 3102/3102/2959
f 3103/3103/2960 3105/3104/2961 3104/3105/2962
f 3103/3103/2960 3106/3106/2963 3105/3104/2961
f 3107/3107/2964 3104/3105/2962 3105/3104/2961
f 3104/3105/2962 3107/3107/2964 3108/3108/2965
f 3107/3107/2964 3109/3109/2966 3108/3108/2965
f 3107/3107/2964 3110/3110/2967 3109/3109/2966
f 3109/3109/2966 3110/3110/2967 3111/3111/2968
f 3112/3112/2969 3109/3109/2966 3111/3111/2968
f 3113/3113/2970 3112/3112/2969 3111/3111/2968
f 3113/3113/2970 3114/3114/2971 3112/3112/2969
f 3113/3113/2970 3115/3115/2972 3114/3114/2971
f 3115/3115/2972 3116/3116/2973 3114/3114/2971
f 3115/3115/2972 3117/3117/2974 3116/3116/2973
f 3115/3115/2972 3118/3118/2975 3117/3117/2974
f 3118/3118/2975 3119/3119/2976 3117/3117/2974
f 3118/3118/2975 2640/2639/2506 3119/3119/2976
f 2640/2639/2506 2638/2638/2505 3119/3119/2976
f 3120/3120/2977 3122/3121/2978 3121/3122/2979
f 3122/3121/2978 3123/3123/2980 3121/3122/2979
f 3122/3121/2978 3124/3124/2981 3123/3123/2980
f 3124/3124/2981 3125/3125/2982 3123/3123/2980
f 3124/3124/2981 3126/3126/2983 3125/3125/2982
f 3125/3125/2982 3126/3126/2983 3127/3127/2984
f 3128/3128/2985 3125/3125/2982 3127/3127/2984
f 3129/3129/2986 3128/3128/2985 3127/3127/2984
f 3129/3129/2986 3127/3127/2984 3130/3130/2987
f 3130/3130/2987 3131/3131/2988 3129/3129/2986
f 3131/3131/2988 3132/3132/2989 3129/3129/2986
f 3120/3120/2977 3121/3122/2979 3133/3133/2990
f 3133/3133/2990 3134/3134/2991 3120/3120/2977
f 3133/3133/2990 3135/3135/2992 3134/3134/2991
f 3135/3135/2992 3136/3136/2993 3134/3134/2991
f 3135/3135/2992 3137/3137/2994 3136/3136/2993
f 3138/3138/2995 3137/3137/2994 3135/3135/2992
f 3139/3139/2996 3138/3138/2995 3135/3135/2992
f 3132/3132/2989 3131/3131/2988 3140/3140/2997
f 3141/3141/2998 3132/3132/2989 3140/3140/2997
f 3141/3141/2998 3140/3140/2997 3142/3142/2999
f 3141/3141/2998 3142/3142/2999 3143/3143/3000
f 3144/3144/3001 3141/3141/2998 3143/3143/3000
f 3144/3144/3001 3143/3143/3000 3145/3145/3002
f 3146/3146/3003 3144/3144/3001 3145/3145/3002
f 3146/3146/3003 3145/3145/3002 3147/3147/3004
f 3146/3146/3003 3147/3147/3004 3148/3148/3005
f 3147/3147/3004 3149/3149/3006 3148/3148/3005
f 3149/3149/3006 3150/3150/3007 3148/3148/3005
f 3151/3151/3008 3150/3150/3007 3149/3149/3006
f 3151/3151/3008 3149/3149/3006 3152/3152/3009
f 3153/3153/3010 3151/3151/3008 3152/3152/3009
f 3151/3151/3008 3153/3153/3010 3154/3154/3011
f 3155/3155/3012 3154/3154/3011 3153/3153/3010
f 3156/3156/3013 3155/3155/3012 3153/3153/3010
f 3157/3157/3014 3159/3158/3015 3158/3159/3016
f 3157/3157/3014 3158/3159/3016 3160/3160/3017
f 3161/3161/3018 3158/3159/3016 3159/3158/3015
f 3161/3161/3018 3159/3158/3015 3162/3162/3019
f 3163/3163/3020 3161/3161/3018 3162/3162/3019
f 3164/3164/3021 3163/3163/3020 3162/3162/3019
f 3165/3165/3022 3163/3163/3020 3164/3164/3021
f 3165/3165/3022 3164/3164/3021 3166/3166/3023
f 3167/3167/3024 3165/3165/3022 3166/3166/3023
f 3168/3168/3025 3167/3167/3024 3166/3166/3023
f 3169/3169/3026 3167/3167/3024 3168/3168/3025
f 3170/3170/3027 3169/3169/3026 3168/3168/3025
f 3171/3171/3028 3169/3169/3026 3170/3170/3027
f 3171/3171/3028 3170/3170/3027 3172/3172/3029
f 3173/3173/3030 3171/3171/3028 3172/3172/3029
f 3174/3174/3031 3173/3173/3030 3172/3172/3029
f 3175/3175/3032 3173/3173/3030 3174/3174/3031
f 3176/3176/3033 3175/3175/3032 3174/3174/3031
f 3177/3177/3034 3175/3175/3032 3176/3176/3033
f 3178/3178/3035 3177/3177/3034 3176/3176/3033
f 3177/3177/3034 3178/3178/3035 3179/3179/3036
f 3180/3180/3037 3182/3181/3038 3181/3182/3039
f 3182/3181/3038 3183/3183/3040 3181/3182/3039
f 3182/3181/3038 3184/3184/3041 3183/3183/3040
f 3183/3183/3040 3184/3184/3041 3185/3185/3042
f 3186/3186/3043 3183/3183/3040 3185/3185/3042
f 3186/3186/3043 3185/3185/3042 3187/3187/3044
f 3188/3188/3045 3186/3186/3043 3187/3187/3044
f 3188/3188/3045 3187/3187/3044 3189/3189/3046
f 3190/3190/3047 3192/3191/3048 3191/3192/3049
f 3190/3190/3047 3191/3192/3049 3193/3193/3050
f 3194/3194/3051 3196/3195/3052 3195/3196/3053
f 3195/3196/3053 3197/3197/3054 3194/3194/3051
f 3195/3196/3053 3198/3198/3055 3197/3197/3054
f 3199/3199/3056 3198/3198/3055 3195/3196/3053
f 3196/3195/3052 3200/3200/3057 3195/3196/3053
f 3196/3195/3052 3201/3201/3058 3200/3200/3057
f 3201/3201/3058 3202/3202/367 3200/3200/3057
f 3202/3202/367 3203/3203/728 3200/3200/3057
f 3202/3202/367 3204/3204/3059 3203/3203/728
f 3204/3204/3059 2371/2372/2258 3203/3203/728
f 3204/3204/3059 2370/2370/2257 2371/2372/2258
f 3205/3205/3060 3207/3206/3061 3206/3207/3062
f 3205/3205/3060 3208/3208/3063 3207/3206/3061
f 3206/3207/3062 3209/3209/3064 3205/3205/3060
f 3206/3207/3062 2209/2209/2108 3209/3209/3064
f 3208/3208/3063 3210/3210/3065 3207/3206/3061
f 3208/3208/3063 3211/3211/3066 3210/3210/3065
f 3212/3212/3067 3210/3210/3065 3211/3211/3066
f 3212/3212/3067 3211/3211/3066 3213/3213/3068
f 2208/2208/2107 3209/3209/3064 2209/2209/2108
f 3214/3214/3069 3216/3215/3070 3215/3216/3071
f 3216/3215/3070 3214/3214/3069 3217/3217/3072
f 3216/3215/3070 3217/3217/3072 3218/3218/3073
f 3219/3219/3074 3221/3220/3075 3220/3221/3076
f 3219/3219/3074 3220/3221/3076 3222/3222/3074
f 3220/3221/3076 3221/3220/3075 3223/3223/3077
f 3219/3219/3074 3222/3222/3074 3224/3224/3078
f 3225/3225/3079 3219/3219/3074 3224/3224/3078
f 3225/3225/3079 3224/3224/3078 3226/3226/3080
f 3227/3227/3081 3225/3225/3079 3226/3226/3080
f 3228/3228/3082 3230/3229/3083 3229/3230/3084
f 3230/3229/3083 3231/3231/3085 3229/3230/3084
f 3230/3229/3083 3232/3232/3086 3231/3231/3085
f 3232/3232/3086 3233/3233/3087 3231/3231/3085
f 3232/3232/3086 3234/3234/3088 3233/3233/3087
f 3234/3234/3088 3235/3235/3089 3233/3233/3087
f 3233/3233/3087 3235/3235/3089 3236/3236/3090
f 3237/3237/3091 3233/3233/3087 3236/3236/3090
f 3237/3237/3091 3236/3236/3090 3238/3238/3092
f 3239/3239/3093 3237/3237/3091 3238/3238/3092
f 3240/3240/3094 3242/3241/3095 3241/3242/3096
f 3240/3240/3094 3243/3243/3097 3242/3241/3095
f 3243/3243/3097 3240/3240/3094 3244/3244/3098
f 3245/3245/3099 3247/3246/3100 3246/3247/3101
f 3247/3246/3100 3248/3248/3102 3246/3247/3101
f 3247/3246/3100 3249/3249/3103 3248/3248/3102
f 3249/3249/3103 3247/3246/3100 3250/3250/3104
f 3247/3246/3100 3251/3251/3105 3250/3250/3104
f 3252/3252/3106 3251/3251/3105 3247/3246/3100
f 3247/3246/3100 3253/3253/3107 3252/3252/3106
f 3253/3253/3107 3254/3254/3108 3252/3252/3106
f 3253/3253/3107 3255/3255/3109 3254/3254/3108
f 3253/3253/3107 3256/3256/3110 3255/3255/3109
f 3253/3253/3107 3257/3257/3111 3256/3256/3110
f 3257/3257/3111 3258/3258/3112 3256/3256/3110
f 3257/3257/3111 3259/3259/3113 3258/3258/3112
f 3259/3259/3113 3260/3260/3114 3258/3258/3112
f 3259/3259/3113 3261/3261/3115 3260/3260/3114
f 3259/3259/3113 3262/3262/3116 3261/3261/3115
f 3262/3262/3116 3263/3263/3117 3261/3261/3115
f 3263/3263/3117 3262/3262/3116 3264/3264/3118
f 3263/3263/3117 3264/3264/3118 3265/3265/3119
f 3263/3263/3117 3265/3265/3119 3266/3266/3120
f 3267/3267/3121 3263/3263/3117 3266/3266/3120
f 3267/3267/3121 3266/3266/3120 3268/3268/3122
f 3269/3269/3123 3267/3267/3121 3268/3268/3122
f 3270/3270/3124 3269/3269/3123 3268/3268/3122
f 3271/3271/3125 3269/3269/3123 3270/3270/3124
f 3271/3271/3125 3270/3270/3124 3272/3272/3126
f 3271/3271/3125 3272/3272/3126 3273/3273/3127
f 3274/3274/3128 3271/3271/3125 3273/3273/3127
f 3275/3275/3129 3274/3274/3128 3273/3273/3127
f 3276/3276/3130 3275/3275/3129 3273/3273/3127
f 3275/3275/3129 3276/3276/3130 3277/3277/3131
f 3278/3278/3132 3275/3275/3129 3277/3277/3131
f 3278/3278/3132 3277/3277/3131 3279/3279/3133
f 3278/3278/3132 3279/3279/3133 3280/3280/3134
f 3281/3281/3135 3271/3271/3125 3274/3274/3128
f 3274/3274/3128 3275/3275/3129 3281/3281/3135
f 3282/3282/3136 3278/3278/3132 3280/3280/3134
f 3283/3283/3137 3278/3278/3132 3282/3282/3136
f 3284/3284/3138 3286/3285/3139 3285/3286/3140
f 3284/3284/3138 3287/3287/3141 3286/3285/3139
f 3287/3287/3141 3288/3288/3142 3286/3285/3139
f 3287/3287/3141 3289/3289/3143 3288/3288/3142
f 3289/3289/3143 3290/3290/3144 3288/3288/3142
f 3290/3290/3144 3289/3289/3143 3291/3291/3145
f 2744/2744/2611 3290/3290/3144 3291/3291/3145
f 2744/2744/2611 3291/3291/3145 2728/2728/2595
f 3292/3292/3146 3294/3293/3147 3293/3294/3148
f 3295/3295/3149 3292/3292/3146 3293/3294/3148
f 3295/3295/3149 3293/3294/3148 1460/1460/1376
f 3296/3296/3150 3295/3295/3149 1460/1460/1376
f 1460/1460/1376 3293/3294/3148 1459/1459/1375
f 3297/3297/3151 3299/3298/3152 3298/3299/3153
f 3297/3297/3151 3300/3300/3154 3299/3298/3152
f 3300/3300/3154 3301/3301/3155 3299/3298/3152
f 3300/3300/3154 3302/3302/3156 3301/3301/3155
f 3300/3300/3154 3303/3303/3157 3302/3302/3156
f 3303/3303/3157 3304/3304/3158 3302/3302/3156
f 3304/3304/3158 3305/3305/3159 3302/3302/3156
f 3304/3304/3158 3306/3306/3160 3305/3305/3159
f 3306/3306/3160 3307/3307/3161 3305/3305/3159
f 3306/3306/3160 3308/3308/3162 3307/3307/3161
f 3309/3309/3163 3297/3297/3151 3298/3299/3153
f 3310/3310/3164 3309/3309/3163 3298/3299/3153
f 3310/3310/3164 3298/3299/3153 3311/3311/3165
f 3310/3310/3164 3311/3311/3165 3312/3312/3166
f 3313/3313/3167 3310/3310/3164 3312/3312/3166
f 3314/3314/3168 3313/3313/3167 3312/3312/3166
f 3314/3314/3168 3312/3312/3166 3315/3315/3169
f 3316/3316/3170 3314/3314/3168 3315/3315/3169
f 3316/3316/3170 3315/3315/3169 3317/3317/3171
f 3316/3316/3170 3317/3317/3171 3318/3318/3172
f 3319/3319/376 3321/3320/766 3320/3321/3173
f 3319/3319/376 3322/3322/354 3321/3320/766
f 3323/3323/365 3319/3319/376 3320/3321/3173
f 3320/3321/3173 3324/3324/2198 3323/3323/365
f 3324/3324/2198 3320/3321/3173 3325/3325/357
f 3320/3321/3173 3326/3326/3174 3325/3325/357
f 3320/3321/3173 3327/3327/356 3326/3326/3174
f 3328/3328/368 3327/3327/356 3320/3321/3173
f 3329/3329/2679 3328/3328/368 3320/3321/3173
f 3329/3329/2679 3320/3321/3173 1328/1328/354
f 1327/1327/356 3329/3329/2679 1328/1328/354
f 3330/3330/3175 3332/3331/3176 3331/3332/3177
f 3332/3331/3176 3333/3333/3178 3331/3332/3177
f 3334/3334/3179 3336/3335/3180 3335/3336/3181
f 3334/3334/3179 3337/3337/3182 3336/3335/3180
f 3338/3338/3183 3334/3334/3179 3335/3336/3181
f 3338/3338/3183 3335/3336/3181 3339/3339/3184
f 3339/3339/3184 3335/3336/3181 3340/3340/3185
f 3341/3341/3186 3339/3339/3184 3340/3340/3185
f 3341/3341/3186 3340/3340/3185 3342/3342/3187
f 3343/3343/3188 3341/3341/3186 3342/3342/3187
f 3343/3343/3188 3342/3342/3187 3344/3344/3189
f 3345/3345/3190 3343/3343/3188 3344/3344/3189
f 3346/3346/3191 3345/3345/3190 3344/3344/3189
f 3346/3346/3191 3344/3344/3189 3347/3347/3192
f 3348/3348/3193 3346/3346/3191 3347/3347/3192
f 3349/3349/3194 3348/3348/3193 3347/3347/3192
f 3349/3349/3194 3347/3347/3192 3350/3350/3195
f 3351/3351/3196 3349/3349/3194 3350/3350/3195
f 3351/3351/3196 3350/3350/3195 3352/3352/3197
f 3352/3352/3197 3350/3350/3195 3353/3353/3198
f 3350/3350/3195 3354/3354/3199 3353/3353/3198
f 3350/3350/3195 3355/3355/3200 3354/3354/3199
f 3356/3356/3201 3351/3351/3196 3352/3352/3197
f 3355/3355/3200 3357/3357/3202 3354/3354/3199
f 3357/3357/3202 3358/3358/3203 3354/3354/3199
f 3358/3358/3203 3357/3357/3202 3359/3359/3204
f 3360/3360/3205 3358/3358/3203 3359/3359/3204
f 3360/3360/3205 3359/3359/3204 3361/3361/3206
f 3359/3359/3204 3362/3362/3207 3361/3361/3206
f 3363/3363/3208 3365/3364/3209 3364/3365/3210
f 3363/3363/3208 3364/3365/3210 3366/3366/3211
f 3367/3367/3212 3363/3363/3208 3366/3366/3211
f 3364/3365/3210 3365/3364/3209 3368/3368/3213
f 3368/3368/3213 3365/3364/3209 3369/3369/3214
f 3370/3370/3215 3368/3368/3213 3369/3369/3214
f 3371/3371/3216 3370/3370/3215 3369/3369/3214
f 3370/3370/3215 3371/3371/3216 3372/3372/3217
f 3367/3367/3212 3366/3366/3211 3373/3373/3218
f 3367/3367/3212 3373/3373/3218 3374/3374/3219
f 3375/3375/3220 3367/3367/3212 3374/3374/3219
f 3372/3372/3217 3371/3371/3216 3376/3376/3221
f 3372/3372/3217 3376/3376/3221 3377/3377/3222
f 3378/3378/3223 3375/3375/3220 3374/3374/3219
f 3379/3379/3224 3375/3375/3220 3378/3378/3223
f 3379/3379/3224 3378/3378/3223 3380/3380/3225
f 3379/3379/3224 3380/3380/3225 3381/3381/3226
f 3382/3382/3227 3379/3379/3224 3381/3381/3226
f 3382/3382/3227 3381/3381/3226 3383/3383/3228
f 3372/3372/3217 3377/3377/3222 3384/3384/3229
f 3372/3372/3217 3384/3384/3229 3385/3385/3230
f 3384/3384/3229 3386/3386/3231 3385/3385/3230
f 3382/3382/3227 3383/3383/3228 3387/3387/3232
f 3388/3388/3233 3382/3382/3227 3387/3387/3232
f 3388/3388/3233 3387/3387/3232 3389/3389/3234
f 3390/3390/3235 3388/3388/3233 3389/3389/3234
f 3391/3391/3236 3390/3390/3235 3389/3389/3234
f 3392/3392/3237 3390/3390/3235 3391/3391/3236
f 3392/3392/3237 3391/3391/3236 3393/3393/3238
f 3394/3394/3239 3392/3392/3237 3393/3393/3238
f 3395/3395/3240 3394/3394/3239 3393/3393/3238
f 3396/3396/3241 3394/3394/3239 3395/3395/3240
f 3396/3396/3241 3395/3395/3240 3397/3397/3242
f 3396/3396/3241 3397/3397/3242 3398/3398/3243
f 3399/3399/3244 3396/3396/3241 3398/3398/3243
f 3400/3400/3245 3396/3396/3241 3399/3399/3244
f 3401/3401/3246 3403/3402/3247 3402/3403/3248
f 3402/3403/3248 3403/3402/3247 3404/3404/3249
f 3403/3402/3247 3405/3405/3250 3404/3404/3249
f 3406/3406/3251 3401/3401/3246 3402/3403/3248
f 3406/3406/3251 3407/3407/3252 3401/3401/3246
f 3406/3406/3251 3408/3408/3253 3407/3407/3252
f 3408/3408/3253 3409/3409/3254 3407/3407/3252
f 3405/3405/3250 3410/3410/3255 3404/3404/3249
f 3405/3405/3250 3411/3411/3256 3410/3410/3255
f 3411/3411/3256 3412/3412/3257 3410/3410/3255
f 3411/3411/3256 3413/3413/3258 3412/3412/3257
f 3413/3413/3258 3414/3414/3259 3412/3412/3257
f 3414/3414/3259 3413/3413/3258 3415/3415/3260
f 3416/3416/3261 3414/3414/3259 3415/3415/3260
f 3415/3415/3260 3417/3417/3262 3416/3416/3261
f 3417/3417/3262 3418/3418/3263 3416/3416/3261
f 3418/3418/3263 3419/3419/3264 3416/3416/3261
f 3418/3418/3263 3420/3420/3265 3419/3419/3264
f 3420/3420/3265 3421/3421/3266 3419/3419/3264
f 3420/3420/3265 3422/3422/3267 3421/3421/3266
f 3422/3422/3267 3423/3423/3268 3421/3421/3266
f 3422/3422/3267 3424/3424/3269 3423/3423/3268
f 3425/3425/3270 3423/3423/3268 3424/3424/3269
f 3423/3423/3268 3425/3425/3270 3426/3426/3271
f 3427/3427/704 3429/3428/354 3428/3429/365
f 3429/3428/354 3430/3430/2198 3428/3429/365
f 3430/3430/2198 3429/3428/354 3431/3431/357
f 3429/3428/354 3432/3432/3174 3431/3431/357
f 3429/3428/354 3433/3433/356 3432/3432/3174
f 3434/3434/368 3433/3433/356 3429/3428/354
f 3435/3435/2679 3434/3434/368 3429/3428/354
f 3435/3435/2679 3429/3428/354 3436/3436/766
f 3437/3437/3272 3435/3435/2679 3436/3436/766
f 3435/3435/2679 3437/3437/3272 356/355/354
f 357/357/356 3435/3435/2679 356/355/354
f 3438/3438/3273 3439/3439/3274 1799/1798/1712
f 3439/3439/3274 3440/3440/3275 1799/1798/1712
f 3440/3440/3275 3439/3439/3274 3441/3441/3276
f 3442/3442/3277 3440/3440/3275 3441/3441/3276
f 3441/3441/3276 3443/3443/3278 3442/3442/3277
f 3441/3441/3276 3444/3444/3279 3443/3443/3278
f 3443/3443/3278 3444/3444/3279 3445/3445/3280
f 3446/3446/3281 3443/3443/3278 3445/3445/3280
f 3446/3446/3281 3445/3445/3280 3447/3447/3282
f 3448/3448/3283 3446/3446/3281 3447/3447/3282
f 3449/3449/3284 3448/3448/3283 3447/3447/3282
f 1797/1797/1711 3438/3438/3273 1799/1798/1712
f 3450/3450/3285 3449/3449/3284 3447/3447/3282
f 3450/3450/3285 3447/3447/3282 3451/3451/3286
f 3452/3452/3287 3450/3450/3285 3451/3451/3286
f 3452/3452/3287 3451/3451/3286 3453/3453/3288
f 3454/3454/3289 3452/3452/3287 3453/3453/3288
f 3455/3455/3290 3454/3454/3289 3453/3453/3288
f 3456/3456/3291 3458/3457/3292 3457/3458/3293
f 3456/3456/3291 3459/3459/3294 3458/3457/3292
f 3456/3456/3291 3457/3458/3293 3460/3460/3295
f 3461/3461/3296 3456/3456/3291 3460/3460/3295
f 3462/3462/3297 3461/3461/3296 3460/3460/3295
f 3463/3463/3298 3465/3464/3299 3464/3465/3300
f 3466/3466/3301 3463/3463/3298 3464/3465/3300
f 3466/3466/3301 3464/3465/3300 3467/3467/3302
f 3463/3463/3298 3468/3468/3303 3465/3464/3299
f 3469/3469/3304 3466/3466/3301 3467/3467/3302
f 3469/3469/3304 3467/3467/3302 3470/3470/3305
f 3471/3471/3306 3469/3469/3304 3470/3470/3305
f 3471/3471/3306 3470/3470/3305 3472/3472/3307
f 3471/3471/3306 3472/3472/3307 3473/3473/3308
f 3468/3468/3303 3474/3474/3309 3465/3464/3299
f 3474/3474/3309 3475/3475/3310 3465/3464/3299
f 3474/3474/3309 3476/3476/3311 3475/3475/3310
f 3476/3476/3311 3477/3477/3312 3475/3475/3310
f 3476/3476/3311 3478/3478/3313 3477/3477/3312
f 3478/3478/3313 3479/3479/3314 3477/3477/3312
f 3478/3478/3313 3480/3480/3315 3479/3479/3314
f 3478/3478/3313 3481/3481/3316 3480/3480/3315
f 3481/3481/3316 3482/3482/3317 3480/3480/3315
f 3481/3481/3316 3483/3483/3318 3482/3482/3317
f 3483/3483/3318 3484/3484/3319 3482/3482/3317
f 3485/3485/3320 3487/3486/3321 3486/3487/3322
f 3485/3485/3320 3488/3488/3323 3487/3486/3321
f 3485/3485/3320 3486/3487/3322 3489/3489/3324
f 3490/3490/3325 3485/3485/3320 3489/3489/3324
f 3491/3491/3326 3490/3490/3325 3489/3489/3324
f 3492/3492/3327 71/71/71 3493/3493/3328
f 3494/3494/3329 3492/3492/3327 3493/3493/3328
f 3494/3494/3329 3493/3493/3328 3495/3495/3330
f 3496/3496/3331 3494/3494/3329 3495/3495/3330
f 3497/3497/3332 3496/3496/3331 3495/3495/3330
f 3492/3492/3327 73/73/73 71/71/71
f 3498/3498/3333 3500/3499/3334 3499/3500/3335
f 3501/3501/3336 3498/3498/3333 3499/3500/3335
f 3498/3498/3333 3502/3502/3337 3500/3499/3334
f 3502/3502/3337 3503/3503/3338 3500/3499/3334
f 3502/3502/3337 3504/3504/3339 3503/3503/3338
f 3504/3504/3339 3505/3505/3340 3503/3503/3338
f 3504/3504/3339 3506/3506/3341 3505/3505/3340
f 3506/3506/3341 3507/3507/3342 3505/3505/3340
f 3506/3506/3341 3508/3508/3343 3507/3507/3342
f 3506/3506/3341 3509/3509/3344 3508/3508/3343
f 3509/3509/3344 3510/3510/3345 3508/3508/3343
f 3509/3509/3344 3511/3511/3346 3510/3510/3345
f 3512/3512/3347 3514/3513/3348 3513/3514/3349
f 3514/3513/3348 3515/3515/3350 3513/3514/3349
f 3514/3513/3348 3516/3516/3351 3515/3515/3350
f 3517/3517/3352 3512/3512/3347 3513/3514/3349
f 3517/3517/3352 3513/3514/3349 3518/3518/3353
f 3517/3517/3352 3518/3518/3353 3519/3519/3354
f 3518/3518/3353 3520/3520/3355 3519/3519/3354
f 3518/3518/3353 3521/3521/3356 3520/3520/3355
f 3521/3521/3356 3522/3522/3357 3520/3520/3355
f 3521/3521/3356 3523/3523/3358 3522/3522/3357
f 3523/3523/3358 3524/3524/3359 3522/3522/3357
f 3523/3523/3358 3525/3525/3360 3524/3524/3359
f 3523/3523/3358 3526/3526/3361 3525/3525/3360
f 3526/3526/3361 3527/3527/3362 3525/3525/3360
f 3528/3528/3363 3527/3527/3362 3526/3526/3361
f 3528/3528/3363 3526/3526/3361 3529/3529/3364
f 3530/3530/3365 3528/3528/3363 3529/3529/3364
f 3530/3530/3365 3529/3529/3364 3531/3531/3366
f 3531/3531/3366 3529/3529/3364 3532/3532/3367
f 3529/3529/3364 3533/3533/3368 3532/3532/3367
f 3529/3529/3364 3534/3534/3369 3533/3533/3368
f 3535/3535/3370 3530/3530/3365 3531/3531/3366
f 3534/3534/3369 3536/3536/3371 3533/3533/3368
f 3536/3536/3371 3537/3537/3372 3533/3533/3368
f 3537/3537/3372 3536/3536/3371 3538/3538/3373
f 3539/3539/3374 3537/3537/3372 3538/3538/3373
f 3539/3539/3374 3538/3538/3373 3540/3540/3375
f 3538/3538/3373 3541/3541/3376 3540/3540/3375
f 3542/3542/3377 3544/3543/3378 3543/3544/3379
f 3543/3544/3379 3545/3545/3380 3542/3542/3377
f 3543/3544/3379 3546/3546/3381 3545/3545/3380
f 3546/3546/3381 3547/3547/3382 3545/3545/3380
f 3547/3547/3382 3548/3548/3383 3545/3545/3380
f 3549/3549/3384 3551/3550/3385 3550/3551/3386
f 3552/3552/3387 3549/3549/3384 3550/3551/3386
f 3549/3549/3384 3553/3553/3388 3551/3550/3385
f 3553/3553/3388 3554/3554/3389 3551/3550/3385
f 3553/3553/3388 3555/3555/3390 3554/3554/3389
f 3555/3555/3390 3556/3556/3391 3554/3554/3389
f 3555/3555/3390 3557/3557/3392 3556/3556/3391
f 3557/3557/3392 3558/3558/3393 3556/3556/3391
f 3558/3558/3393 3557/3557/3392 3559/3559/3394
f 3560/3560/3395 3558/3558/3393 3559/3559/3394
f 3559/3559/3394 3561/3561/3396 3560/3560/3395
f 3561/3561/3396 3559/3559/3394 3562/3562/3397
f 3561/3561/3396 3562/3562/3397 3563/3563/3398
f 3559/3559/3394 3564/3564/3399 3562/3562/3397
f 3565/3565/3400 3562/3562/3397 3564/3564/3399
f 3564/3564/3399 3566/3566/3401 3565/3565/3400
f 3566/3566/3401 3567/3567/3402 3565/3565/3400
f 3566/3566/3401 3568/3568/3403 3567/3567/3402
f 3566/3566/3401 3569/3569/3404 3568/3568/3403
f 3569/3569/3404 3570/3570/3405 3568/3568/3403
f 3570/3570/3405 3571/3571/3406 3568/3568/3403
f 3570/3570/3405 3572/3572/3407 3571/3571/3406
f 3572/3572/3407 3573/3573/3408 3571/3571/3406
f 3573/3573/3408 1835/1835/1749 3571/3571/3406
f 3573/3573/3408 3574/3574/3409 1835/1835/1749
f 3574/3574/3409 3575/3575/3410 1835/1835/1749
f 1835/1835/1749 3575/3575/3410 3576/3576/3411
f 3576/3576/3411 1836/1836/1750 1835/1835/1749
f 3575/3575/3410 3574/3574/3409 3577/3577/3412
f 3578/3578/3413 3580/3579/3414 3579/3580/3415
f 3578/3578/3413 3579/3580/3415 3581/3581/3416
f 3578/3578/3413 3581/3581/3416 3582/3582/3417
f 3583/3583/3418 3578/3578/3413 3582/3582/3417
f 3584/3584/3419 3583/3583/3418 3582/3582/3417
f 3583/3583/3418 3584/3584/3419 3585/3585/3420
f 3584/3584/3419 3586/3586/3421 3585/3585/3420
f 3585/3585/3420 3586/3586/3421 3587/3587/3422
f 3586/3586/3421 3588/3588/3423 3587/3587/3422
f 3589/3589/3424 3587/3587/3422 3588/3588/3423
f 3589/3589/3424 3588/3588/3423 3590/3590/3425
f 3591/3591/3426 3589/3589/3424 3590/3590/3425
f 3590/3590/3425 3592/3592/3427 3591/3591/3426
f 3593/3593/3428 3595/3594/3429 3594/3595/3430
f 3596/3596/3431 3593/3593/3428 3594/3595/3430
f 3595/3594/3429 3593/3593/3428 3597/3597/3432
f 3596/3596/3431 3594/3595/3430 3598/3598/3433
f 3599/3599/3434 3596/3596/3431 3598/3598/3433
f 3599/3599/3434 3598/3598/3433 3600/3600/3435
f 3601/3601/3436 3599/3599/3434 3600/3600/3435
f 3602/3602/3437 3601/3601/3436 3600/3600/3435
f 3603/3603/3438 3605/3604/3439 3604/3605/3440
f 3605/3604/3439 3603/3603/3438 3606/3606/3441
f 3607/3607/3442 3603/3603/3438 3604/3605/3440
f 3603/3603/3438 3607/3607/3442 3608/3608/3443
f 3609/3609/3444 3611/3610/3445 3610/3611/3446
f 3611/3610/3445 3612/3612/3447 3610/3611/3446
f 3611/3610/3445 3613/3613/3448 3612/3612/3447
f 3613/3613/3448 3614/3614/3449 3612/3612/3447
f 3614/3614/3449 3613/3613/3448 3615/3615/3450
f 3613/3613/3448 3616/3616/3451 3615/3615/3450
f 3613/3613/3448 3617/3617/3452 3616/3616/3451
f 3617/3617/3452 3618/3618/3453 3616/3616/3451
f 3617/3617/3452 3619/3619/3454 3618/3618/3453
f 3619/3619/3454 3620/3620/3455 3618/3618/3453
f 3621/3621/3456 3623/3622/3457 3622/3623/3458
f 3624/3624/3459 3621/3621/3456 3622/3623/3458
f 3625/3625/3460 3622/3623/3458 3623/3622/3457
f 3625/3625/3460 3623/3622/3457 3626/3626/3461
f 3625/3625/3460 3626/3626/3461 3627/3627/3462
f 3628/3628/3463 3625/3625/3460 3627/3627/3462
f 3629/3629/3464 3628/3628/3463 3627/3627/3462
f 3628/3628/3463 3629/3629/3464 3630/3630/3465
f 3631/3631/3466 3628/3628/3463 3630/3630/3465
f 3632/3632/3467 3628/3628/3463 3631/3631/3466
f 3633/3633/3468 3632/3632/3467 3631/3631/3466
f 3631/3631/3466 3634/3634/3469 3633/3633/3468
f 3634/3634/3469 3635/3635/3470 3633/3633/3468
f 3634/3634/3469 3636/3636/3471 3635/3635/3470
f 3636/3636/3471 3637/3637/3472 3635/3635/3470
f 3636/3636/3471 3638/3638/3473 3637/3637/3472
f 3638/3638/3473 3639/3639/3474 3637/3637/3472
f 3639/3639/3474 3640/3640/3475 3637/3637/3472
f 3640/3640/3475 3641/3641/3476 3637/3637/3472
f 3640/3640/3475 3642/3642/3477 3641/3641/3476
f 3640/3640/3475 3643/3643/3478 3642/3642/3477
f 3643/3643/3478 3644/3644/3479 3642/3642/3477
f 3644/3644/3479 3645/3645/3480 3642/3642/3477
f 3644/3644/3479 3646/3646/3481 3645/3645/3480
f 3647/3647/3482 3645/3645/3480 3646/3646/3481
f 3646/3646/3481 3648/3648/3483 3647/3647/3482
f 3646/3646/3481 3649/3649/3484 3648/3648/3483
f 3648/3648/3483 3649/3649/3484 3650/3650/3485
f 3651/3651/3486 3648/3648/3483 3650/3650/3485
f 3651/3651/3486 3650/3650/3485 3652/3652/3487
f 3653/3653/3488 3651/3651/3486 3652/3652/3487
f 3653/3653/3488 3652/3652/3487 3654/3654/3489
f 3655/3655/3490 3653/3653/3488 3654/3654/3489
f 3655/3655/3490 3654/3654/3489 3656/3656/3491
f 3657/3657/3492 3655/3655/3490 3656/3656/3491
f 3658/3658/3493 3657/3657/3492 3656/3656/3491
f 3658/3658/3493 3656/3656/3491 3659/3659/3494
f 3658/3658/3493 3659/3659/3494 3660/3660/3495
f 3661/3661/3496 3658/3658/3493 3660/3660/3495
f 3661/3661/3496 3660/3660/3495 3662/3662/3497
f 3663/3663/3498 3661/3661/3496 3662/3662/3497
f 3663/3663/3498 3664/3664/3499 3661/3661/3496
f 3665/3665/3500 3667/3666/3501 3666/3667/3502
f 3668/3668/3503 3665/3665/3500 3666/3667/3502
f 3669/3669/3504 3668/3668/3503 3666/3667/3502
f 3669/3669/3504 3666/3667/3502 3670/3670/3505
f 3670/3670/3505 3671/3671/3506 3669/3669/3504
f 3672/3672/3507 3674/3673/3508 3673/3674/3509
f 3672/3672/3507 3673/3674/3509 3675/3675/3510
f 3676/3676/3511 3672/3672/3507 3675/3675/3510
f 3676/3676/3511 3675/3675/3510 3677/3677/3512
f 3678/3678/3513 3673/3674/3509 3674/3673/3508
f 3673/3674/3509 3678/3678/3513 3679/3679/3514
f 3680/3680/3515 3676/3676/3511 3677/3677/3512
f 3681/3681/3516 3680/3680/3515 3677/3677/3512
f 3682/3682/3517 3681/3681/3516 3677/3677/3512
f 3681/3681/3516 3682/3682/3517 3683/3683/3518
f 3684/3684/3519 3683/3683/3518 3682/3682/3517
f 3683/3683/3518 3684/3684/3519 3685/3685/3520
f 3685/3685/3520 3684/3684/3519 3686/3686/3521
f 3687/3687/3522 3685/3685/3520 3686/3686/3521
f 3687/3687/3522 3686/3686/3521 3688/3688/3523
f 3689/3689/3524 3687/3687/3522 3688/3688/3523
f 3688/3688/3523 3690/3690/3525 3689/3689/3524
f 3690/3690/3525 3691/3691/3526 3689/3689/3524
f 3690/3690/3525 3692/3692/3527 3691/3691/3526
f 3692/3692/3527 3693/3693/3528 3691/3691/3526
f 3693/3693/3528 3692/3692/3527 3694/3694/3529
f 3695/3695/3530 3693/3693/3528 3694/3694/3529
f 3696/3696/3531 3698/3697/3532 3697/3698/3533
f 3696/3696/3531 3699/3699/3534 3698/3697/3532
f 3698/3697/3532 3699/3699/3534 3700/3700/3535
f 3701/3701/3536 3698/3697/3532 3700/3700/3535
f 3702/3702/3537 3701/3701/3536 3700/3700/3535
f 3703/3703/3538 3696/3696/3531 3697/3698/3533
f 3704/3704/3539 3696/3696/3531 3703/3703/3538
f 3703/3703/3538 3705/3705/3540 3704/3704/3539
f 3705/3705/3540 3706/3706/3541 3704/3704/3539
f 3705/3705/3540 3707/3707/3542 3706/3706/3541
f 3707/3707/3542 3708/3708/3543 3706/3706/3541
f 3708/3708/3543 3709/3709/3544 3706/3706/3541
f 3708/3708/3543 3710/3710/3545 3709/3709/3544
f 3710/3710/3545 3711/3711/3546 3709/3709/3544
f 3710/3710/3545 3712/3712/3547 3711/3711/3546
f 3713/3713/3548 3711/3711/3546 3712/3712/3547
f 3714/3714/3549 3713/3713/3548 3712/3712/3547
f 3715/3715/3550 3714/3714/3549 3712/3712/3547
f 3715/3715/3550 3712/3712/3547 3716/3716/3551
f 3717/3717/3552 3715/3715/3550 3716/3716/3551
f 3718/3718/3553 3719/3719/3554 3016/3016/2873
f 3720/3720/3555 3016/3016/2873 3719/3719/3554
f 3719/3719/3554 3721/3721/3556 3720/3720/3555
f 3720/3720/3555 3721/3721/3556 3722/3722/3557
f 3720/3720/3555 3722/3722/3557 3723/3723/3558
f 3724/3724/3559 3720/3720/3555 3723/3723/3558
f 3724/3724/3559 3723/3723/3558 3725/3725/3560
f 3724/3724/3559 3725/3725/3560 3726/3726/3561
f 3726/3726/3561 3727/3727/3562 3724/3724/3559
f 3727/3727/3562 3728/3728/3563 3724/3724/3559
f 3718/3718/3553 3016/3016/2873 3015/3015/2872
f 3727/3727/3562 3729/3729/3564 3728/3728/3563
f 3727/3727/3562 3730/3730/3565 3729/3729/3564
f 3730/3730/3565 3731/3731/3566 3729/3729/3564
f 3730/3730/3565 3732/3732/3567 3731/3731/3566
f 3732/3732/3567 3733/3733/3568 3731/3731/3566
f 3732/3732/3567 3734/3734/3569 3733/3733/3568
f 3732/3732/3567 3735/3735/3570 3734/3734/3569
f 3735/3735/3570 3736/3736/3571 3734/3734/3569
f 3735/3735/3570 3737/3737/3572 3736/3736/3571
f 3735/3735/3570 3738/3738/3573 3737/3737/3572
f 3738/3738/3573 3739/3739/3574 3737/3737/3572
f 3738/3738/3573 3740/3740/3575 3739/3739/3574
f 3738/3738/3573 3741/3741/3576 3740/3740/3575
f 3741/3741/3576 3742/3742/3577 3740/3740/3575
f 3741/3741/3576 3743/3743/3578 3742/3742/3577
f 3741/3741/3576 3744/3744/3579 3743/3743/3578
f 3744/3744/3579 3745/3745/3580 3743/3743/3578
f 3744/3744/3579 3746/3746/3581 3745/3745/3580
f 3744/3744/3579 3747/3747/3582 3746/3746/3581
f 3747/3747/3582 3748/3748/3583 3746/3746/3581
f 3747/3747/3582 3749/3749/3584 3748/3748/3583
f 3749/3749/3584 3750/3750/3585 3748/3748/3583
f 3750/3750/3585 3749/3749/3584 3751/3751/3586
f 3751/3751/3586 3752/3752/3587 3750/3750/3585
f 3751/3751/3586 3753/3753/3588 3752/3752/3587
f 3754/3754/3589 3756/3755/3590 3755/3756/3591
f 3757/3757/3592 3754/3754/3589 3755/3756/3591
f 3756/3755/3590 3754/3754/3589 3758/3758/3593
f 3759/3759/3594 3756/3755/3590 3758/3758/3593
f 3758/3758/3593 3760/3760/3595 3759/3759/3594
f 3760/3760/3595 3761/3761/3596 3759/3759/3594
f 3760/3760/3595 3762/3762/3597 3761/3761/3596
f 3760/3760/3595 3763/3763/3598 3762/3762/3597
f 3763/3763/3598 3764/3764/3599 3762/3762/3597
f 3764/3764/3599 3765/3765/3600 3762/3762/3597
f 3755/3756/3591 3766/3766/3601 3757/3757/3592
f 3755/3756/3591 3767/3767/3602 3766/3766/3601
f 3755/3756/3591 3768/3768/3603 3767/3767/3602
f 3768/3768/3603 3755/3756/3591 3769/3769/3604
f 3770/3770/3605 3768/3768/3603 3769/3769/3604
f 3765/3765/3600 3771/3771/3606 3762/3762/3597
f 3771/3771/3606 3772/3772/3607 3762/3762/3597
f 3762/3762/3597 3772/3772/3607 3773/3773/3608
f 3774/3774/3609 3762/3762/3597 3773/3773/3608
f 3775/3775/3610 3777/3776/3611 3776/3777/3611
f 3777/3776/3611 3778/3778/3610 3776/3777/3611
f 3779/3779/3612 3781/3780/3613 3780/3781/3614
f 3782/3782/3615 3779/3779/3612 3780/3781/3614
f 3779/3779/3612 3783/3783/3616 3781/3780/3613
f 3783/3783/3616 3784/3784/3617 3781/3780/3613
f 3783/3783/3616 3785/3785/3618 3784/3784/3617
f 3785/3785/3618 3786/3786/3619 3784/3784/3617
f 3785/3785/3618 3787/3787/3620 3786/3786/3619
f 3787/3787/3620 3788/3788/3621 3786/3786/3619
f 3787/3787/3620 3789/3789/3622 3788/3788/3621
f 3787/3787/3620 3790/3790/3623 3789/3789/3622
f 3790/3790/3623 3791/3791/3624 3789/3789/3622
f 3790/3790/3623 3792/3792/3625 3791/3791/3624
f 3793/3793/3626 3795/3794/3627 3794/3795/3628
f 3795/3794/3627 3796/3796/3629 3794/3795/3628
f 3795/3794/3627 3797/3797/3630 3796/3796/3629
f 3798/3798/3631 3793/3793/3626 3794/3795/3628
f 3798/3798/3631 3794/3795/3628 3799/3799/3632
f 3798/3798/3631 3799/3799/3632 3800/3800/3633
f 3799/3799/3632 3801/3801/3634 3800/3800/3633
f 3799/3799/3632 3802/3802/3635 3801/3801/3634
f 3802/3802/3635 3803/3803/3636 3801/3801/3634
f 3802/3802/3635 3804/3804/3637 3803/3803/3636
f 3804/3804/3637 3805/3805/3638 3803/3803/3636
f 3804/3804/3637 3806/3806/3639 3805/3805/3638
f 3804/3804/3637 3807/3807/3640 3806/3806/3639
f 3807/3807/3640 3808/3808/3641 3806/3806/3639
f 3809/3809/3642 3808/3808/3641 3807/3807/3640
f 3809/3809/3642 3807/3807/3640 3810/3810/3643
f 3811/3811/3644 3809/3809/3642 3810/3810/3643
f 3811/3811/3644 3810/3810/3643 3812/3812/3645
f 3812/3812/3645 3810/3810/3643 3813/3813/3646
f 3810/3810/3643 3814/3814/3647 3813/3813/3646
f 3810/3810/3643 3815/3815/3648 3814/3814/3647
f 3816/3816/3649 3811/3811/3644 3812/3812/3645
f 3815/3815/3648 3817/3817/3650 3814/3814/3647
f 3817/3817/3650 3818/3818/3651 3814/3814/3647
f 3818/3818/3651 3817/3817/3650 3819/3819/3652
f 3820/3820/3653 3818/3818/3651 3819/3819/3652
f 3820/3820/3653 3819/3819/3652 3821/3821/3654
f 3819/3819/3652 3822/3822/3655 3821/3821/3654
f 3823/3823/3656 3825/3824/3657 3824/3825/3658
f 3823/3823/3656 3826/3826/3659 3825/3824/3657
f 3827/3827/3660 3823/3823/3656 3824/3825/3658
f 3826/3826/3659 3828/3828/3661 3825/3824/3657
f 3826/3826/3659 3829/3829/3662 3828/3828/3661
f 3827/3827/3660 3824/3825/3658 3830/3830/3663
f 3831/3831/3664 3827/3827/3660 3830/3830/3663
f 3832/3832/3665 3827/3827/3660 3831/3831/3664
f 3832/3832/3665 3831/3831/3664 3833/3833/3666
f 3832/3832/3665 3833/3833/3666 3834/3834/3667
f 3832/3832/3665 3834/3834/3667 3835/3835/3668
f 3829/3829/3662 3836/3836/3669 3828/3828/3661
f 3836/3836/3669 3829/3829/3662 3837/3837/3670
f 3829/3829/3662 3838/3838/3671 3837/3837/3670
f 3839/3839/3672 3837/3837/3670 3838/3838/3671
f 3839/3839/3672 3838/3838/3671 3840/3840/3673
f 3838/3838/3671 3841/3841/3674 3840/3840/3673
f 3842/3842/3675 218/218/218 3843/3843/3676
f 3843/3843/3676 218/218/218 3844/3844/3677
f 3842/3842/3675 226/226/226 218/218/218
f 218/218/218 217/217/217 3844/3844/3677
f 3845/3845/3678 3847/3846/3679 3846/3847/3680
f 3847/3846/3679 3848/3848/3681 3846/3847/3680
f 3845/3845/3678 3846/3847/3680 3849/3849/3682
f 3850/3850/3683 3845/3845/3678 3849/3849/3682
f 3850/3850/3683 3849/3849/3682 3851/3851/3684
f 3852/3852/3685 3850/3850/3683 3851/3851/3684
f 3850/3850/3683 3852/3852/3685 3853/3853/3686
f 3854/3854/3687 3850/3850/3683 3853/3853/3686
f 3854/3854/3687 3853/3853/3686 3855/3855/3688
f 3856/3856/3689 3854/3854/3687 3855/3855/3688
f 3856/3856/3689 3857/3857/3690 3854/3854/3687
f 3858/3858/3691 3860/3859/3692 3859/3860/3693
f 3860/3859/3692 3861/3861/3694 3859/3860/3693
f 3860/3859/3692 3862/3862/3695 3861/3861/3694
f 3862/3862/3695 3860/3859/3692 3863/3863/3696
f 3864/3864/3697 3862/3862/3695 3863/3863/3696
f 3865/3865/3698 3864/3864/3697 3863/3863/3696
f 3866/3866/3699 3865/3865/3698 3863/3863/3696
f 3866/3866/3699 3867/3867/3700 3865/3865/3698
f 3868/3868/3701 3867/3867/3700 3866/3866/3699
f 3867/3867/3700 3868/3868/3701 3869/3869/3702
f 3868/3868/3701 3870/3870/3703 3869/3869/3702
f 3870/3870/3703 3868/3868/3701 3871/3871/3704
f 3870/3870/3703 3871/3871/3704 3872/3872/3705
f 682/682/676 3870/3870/3703 3872/3872/3705
f 682/682/676 3872/3872/3705 685/685/679
f 3873/3873/3706 1196/1196/1138 3874/3874/3707
f 3874/3874/3707 1196/1196/1138 3875/3875/3708
f 3873/3873/3706 1200/1200/1141 1196/1196/1138
f 1196/1196/1138 1195/1195/1137 3875/3875/3708
f 3876/3876/3709 3878/3877/3710 3877/3878/3711
f 3879/3879/3712 3876/3876/3709 3877/3878/3711
f 3876/3876/3709 3880/3880/3713 3878/3877/3710
f 3876/3876/3709 3881/3881/3714 3880/3880/3713
f 3881/3881/3714 3882/3882/3715 3880/3880/3713
f 3881/3881/3714 3883/3883/3716 3882/3882/3715
f 3881/3881/3714 3884/3884/3717 3883/3883/3716
f 3879/3879/3712 3877/3878/3711 3885/3885/3718
f 3879/3879/3712 3885/3885/3718 3886/3886/3719
f 3887/3887/3720 3879/3879/3712 3886/3886/3719
f 3884/3884/3717 3888/3888/3721 3883/3883/3716
f 3888/3888/3721 3889/3889/3722 3883/3883/3716
f 3888/3888/3721 3890/3890/3723 3889/3889/3722
f 3888/3888/3721 3891/3891/3724 3890/3890/3723
f 3890/3890/3723 3891/3891/3724 2615/2615/2482
f 2618/2618/2485 3890/3890/3723 2615/2615/2482
f 3892/3892/3725 3887/3887/3720 3886/3886/3719
f 3893/3893/3726 3887/3887/3720 3892/3892/3725
f 3893/3893/3726 3892/3892/3725 3894/3894/3727
f 3893/3893/3726 3894/3894/3727 3895/3895/3728
f 3894/3894/3727 3896/3896/3729 3895/3895/3728
f 3897/3897/3730 3899/3898/3731 3898/3899/3732
f 3900/3900/3733 3897/3897/3730 3898/3899/3732
f 3901/3901/3734 3900/3900/3733 3898/3899/3732
f 3897/3897/3730 3902/3902/3735 3899/3898/3731
f 3902/3902/3735 3903/3903/3736 3899/3898/3731
f 3903/3903/3736 3902/3902/3735 3904/3904/3737
f 3905/3905/3738 3900/3900/3733 3901/3901/3734
f 3906/3906/3739 3905/3905/3738 3901/3901/3734
f 3906/3906/3739 3901/3901/3734 3907/3907/3740
f 3899/3898/3731 3908/3908/3741 3898/3899/3732
f 3898/3899/3732 3908/3908/3741 3909/3909/3742
f 3910/3910/3743 3909/3909/3742 3908/3908/3741
f 3911/3911/3744 3913/3912/3745 3912/3913/3746
f 3914/3914/3747 3911/3911/3744 3912/3913/3746
f 3911/3911/3744 3915/3915/3748 3913/3912/3745
f 3915/3915/3748 3916/3916/3749 3913/3912/3745
f 3916/3916/3749 3917/3917/3750 3913/3912/3745
f 3916/3916/3749 3918/3918/3751 3917/3917/3750
f 3918/3918/3751 3919/3919/3752 3917/3917/3750
f 3918/3918/3751 3920/3920/3753 3919/3919/3752
f 3919/3919/3752 3920/3920/3753 3921/3921/3754
f 3922/3922/3755 3914/3914/3747 3912/3913/3746
f 3922/3922/3755 3912/3913/3746 3923/3923/3756
f 3924/3924/3757 3922/3922/3755 3923/3923/3756
f 3924/3924/3757 3923/3923/3756 3925/3925/3758
f 3926/3926/3759 3924/3924/3757 3925/3925/3758
f 3927/3927/3760 3926/3926/3759 3925/3925/3758
f 3927/3927/3760 3925/3925/3758 3928/3928/3761
f 3929/3929/3762 3927/3927/3760 3928/3928/3761
f 3930/3930/3763 3929/3929/3762 3928/3928/3761
f 3930/3930/3763 3928/3928/3761 3931/3931/3764
f 3932/3932/3765 3930/3930/3763 3931/3931/3764
f 3932/3932/3765 3931/3931/3764 3933/3933/3766
f 3934/3934/3767 3932/3932/3765 3933/3933/3766
f 3934/3934/3767 3933/3933/3766 3935/3935/3768
f 3934/3934/3767 3935/3935/3768 3936/3936/3769
f 3935/3935/3768 3937/3937/3770 3936/3936/3769
f 3936/3936/3769 3937/3937/3770 3938/3938/3771
f 3937/3937/3770 3939/3939/3772 3938/3938/3771
f 3939/3939/3772 3940/3940/3773 3938/3938/3771
f 3939/3939/3772 3941/3941/3774 3940/3940/3773
f 3941/3941/3774 3942/3942/3775 3940/3940/3773
f 3942/3942/3775 3941/3941/3774 3943/3943/3776
f 3941/3941/3774 3944/3944/3777 3943/3943/3776
f 3943/3943/3776 3944/3944/3777 3945/3945/3778
f 3943/3943/3776 3945/3945/3778 3946/3946/3779
f 3946/3946/3779 3947/3947/3780 3943/3943/3776
f 3946/3946/3779 3948/3948/3781 3947/3947/3780
f 3948/3948/3781 3949/3949/3782 3947/3947/3780
f 3949/3949/3782 3950/3950/3783 3947/3947/3780
f 3951/3951/3784 3947/3947/3780 3950/3950/3783
f 3951/3951/3784 3952/3952/3785 3947/3947/3780
f 3953/3953/3786 3955/3954/3787 3954/3955/3788
f 3954/3955/3788 3955/3954/3787 3956/3956/3789
f 3953/3953/3786 3957/3957/3790 3955/3954/3787
f 3957/3957/3790 3958/3958/3791 3955/3954/3787
f 3955/3954/3787 3959/3959/3792 3956/3956/3789
f 3955/3954/3787 3960/3960/3793 3959/3959/3792
f 3961/3961/3794 3953/3953/3786 3954/3955/3788
f 3957/3957/3790 3962/3962/3795 3958/3958/3791
f 3962/3962/3795 3963/3963/3796 3958/3958/3791
f 3963/3963/3796 3964/3964/3797 3958/3958/3791
f 3963/3963/3796 3965/3965/3798 3964/3964/3797
f 3965/3965/3798 3966/3966/3799 3964/3964/3797
f 3966/3966/3799 3967/3967/3800 3964/3964/3797
f 3966/3966/3799 3968/3968/3801 3967/3967/3800
f 3968/3968/3801 3969/3969/3802 3967/3967/3800
f 3968/3968/3801 3970/3970/3803 3969/3969/3802
f 3970/3970/3803 3971/3971/3804 3969/3969/3802
f 3969/3969/3802 3971/3971/3804 3972/3972/3805
f 3971/3971/3804 3973/3973/3806 3972/3972/3805
f 3973/3973/3806 3974/3974/3807 3972/3972/3805
f 3974/3974/3807 3975/3975/3808 3972/3972/3805
f 3974/3974/3807 3976/3976/3809 3975/3975/3808
f 3977/3977/3810 3979/3978/3811 3978/3979/3812
f 3979/3978/3811 3977/3977/3810 3980/3980/3813
f 3980/3980/3813 3977/3977/3810 3981/3981/3814
f 3979/3978/3811 3982/3982/3815 3978/3979/3812
f 3979/3978/3811 3983/3983/3816 3982/3982/3815
f 3983/3983/3816 1814/1814/1728 3982/3982/3815
f 1814/1814/1728 1815/1815/1729 3982/3982/3815
f 3984/3984/3817 3986/3985/3818 3985/3986/3819
f 3987/3987/3820 3984/3984/3817 3985/3986/3819
f 3988/3988/3821 3987/3987/3820 3985/3986/3819
f 3985/3986/3819 3986/3985/3818 3989/3989/3822
f 3990/3990/3823 3989/3989/3822 3986/3985/3818
f 3984/3984/3817 3991/3991/3824 3986/3985/3818
f 3991/3991/3824 3992/3992/3825 3986/3985/3818
f 3992/3992/3825 3991/3991/3824 3993/3993/3826
f 3994/3994/3827 3987/3987/3820 3988/3988/3821
f 3995/3995/3828 3994/3994/3827 3988/3988/3821
f 3995/3995/3828 3988/3988/3821 3996/3996/3829
f 3997/3997/3830 3999/3998/3831 3998/3999/3832
f 3997/3997/3830 4000/4000/3833 3999/3998/3831
f 3998/3999/3832 4001/4001/3834 3997/3997/3830
f 3998/3999/3832 954/954/903 4001/4001/3834
f 4002/4002/3835 954/954/903 3998/3999/3832
f 4000/4000/3833 4003/4003/3836 3999/3998/3831
f 4004/4004/3837 4003/4003/3836 4000/4000/3833
f 4003/4003/3836 4004/4004/3837 4005/4005/3838
f 4006/4006/3839 4005/4005/3838 4004/4004/3837
f 4006/4006/3839 4004/4004/3837 4007/4007/3840
f 953/953/902 4001/4001/3834 954/954/903
f 4008/4008/3841 4010/4009/3842 4009/4010/3843
f 4011/4011/3844 4008/4008/3841 4009/4010/3843
f 4012/4012/3845 4011/4011/3844 4009/4010/3843
f 4008/4008/3841 4013/4013/3846 4010/4009/3842
f 4013/4013/3846 4014/4014/3847 4010/4009/3842
f 4013/4013/3846 4015/4015/3848 4014/4014/3847
f 4015/4015/3848 4016/4016/3849 4014/4014/3847
f 4016/4016/3849 4015/4015/3848 4017/4017/3850
f 4018/4018/3851 4020/4019/3852 4019/4020/3853
f 4021/4021/3854 4018/4018/3851 4019/4020/3853
f 4021/4021/3854 4019/4020/3853 4022/4022/3855
f 4021/4021/3854 4022/4022/3855 4023/4023/3856
f 4021/4021/3854 4023/4023/3856 4024/4024/3857
f 4021/4021/3854 4024/4024/3857 4025/4025/3858
f 4026/4026/3859 4021/4021/3854 4025/4025/3858
f 4027/4027/3860 4029/4028/3861 4028/4029/3862
f 4029/4028/3861 4030/4030/3863 4028/4029/3862
f 4029/4028/3861 4031/4031/3864 4030/4030/3863
f 4031/4031/3864 4029/4028/3861 4032/4032/3865
f 4033/4033/3866 4031/4031/3864 4032/4032/3865
f 4033/4033/3866 4032/4032/3865 4034/4034/3867
f 4035/4035/3868 4033/4033/3866 4034/4034/3867
f 4036/4036/3869 4035/4035/3868 4034/4034/3867
f 4037/4037/3870 4039/4038/3871 4038/4039/364
f 4037/4037/3870 4040/4040/3872 4039/4038/3871
f 4037/4037/3870 4038/4039/364 4041/4041/3873
f 4038/4039/364 4042/4042/2273 4041/4041/3873
f 4043/4043/367 4042/4042/2273 4038/4039/364
f 4043/4043/367 4038/4039/364 4044/4044/3874
f 4044/4044/3874 4038/4039/364 4045/4045/725
f 4038/4039/364 4046/4046/3875 4045/4045/725
f 4038/4039/364 4047/4047/3876 4046/4046/3875
f 4046/4046/3875 4047/4047/3876 4048/4048/728
f 4049/4049/3877 4043/4043/367 4044/4044/3874
f 4049/4049/3877 4044/4044/3874 4050/4050/3878
f 4051/4051/3879 4053/4052/3880 4052/4053/3881
f 4054/4054/3882 4051/4051/3879 4052/4053/3881
f 4054/4054/3882 4052/4053/3881 4055/4055/3883
f 4054/4054/3882 4055/4055/3883 4056/4056/3884
f 4054/4054/3882 4056/4056/3884 4057/4057/3885
f 4054/4054/3882 4057/4057/3885 4058/4058/3886
f 4059/4059/3887 4054/4054/3882 4058/4058/3886
f 4060/4060/3888 4062/4061/3889 4061/4062/3890
f 4063/4063/3891 4060/4060/3888 4061/4062/3890
f 4060/4060/3888 4063/4063/3891 4064/4064/3892
f 4064/4064/3892 4063/4063/3891 4065/4065/3893
f 4064/4064/3892 4065/4065/3893 4066/4066/3894
f 4065/4065/3893 4067/4067/3895 4066/4066/3894
f 4067/4067/3895 4068/4068/3896 4066/4066/3894
f 4068/4068/3896 4069/4069/3897 4066/4066/3894
f 4069/4069/3897 4068/4068/3896 4070/4070/3898
f 4069/4069/3897 4070/4070/3898 4071/4071/3899
f 4072/4072/3900 4069/4069/3897 4071/4071/3899
f 4060/4060/3888 4073/4073/3901 4062/4061/3889
f 4073/4073/3901 4074/4074/3902 4062/4061/3889
f 4074/4074/3902 829/829/782 4062/4061/3889
f 829/829/782 4074/4074/3902 831/831/784
f 4075/4075/3903 4077/4076/3904 4076/4077/3905
f 4077/4076/3904 4078/4078/3906 4076/4077/3905
f 4079/4079/3907 4075/4075/3903 4076/4077/3905
f 4080/4080/3908 4078/4078/3906 4077/4076/3904
f 4081/4081/3909 4078/4078/3906 4080/4080/3908
f 4081/4081/3909 4080/4080/3908 4082/4082/3910
f 4083/4083/3911 4081/4081/3909 4082/4082/3910
f 4082/4082/3910 4084/4084/3912 4083/4083/3911
f 4075/4075/3903 4079/4079/3907 4085/4085/3913
f 4079/4079/3907 4086/4086/3914 4085/4085/3913
f 4082/4082/3910 4087/4087/3915 4084/4084/3912
f 4082/4082/3910 4088/4088/3916 4087/4087/3915
f 4088/4088/3916 4082/4082/3910 4089/4089/3917
f 4090/4090/3918 4088/4088/3916 4089/4089/3917
f 4085/4085/3913 4086/4086/3914 4091/4091/3919
f 4092/4092/3920 4085/4085/3913 4091/4091/3919
f 4085/4085/3913 4092/4092/3920 4093/4093/3921
f 4085/4085/3913 4093/4093/3921 4094/4094/3922
f 4095/4095/3923 4085/4085/3913 4094/4094/3922
f 4096/4096/3924 4098/4097/3925 4097/4098/3926
f 4096/4096/3924 4099/4099/3927 4098/4097/3925
f 4099/4099/3927 4100/4100/3928 4098/4097/3925
f 4101/4101/3929 4096/4096/3924 4097/4098/3926
f 4102/4102/3930 4101/4101/3929 4097/4098/3926
f 4101/4101/3929 4102/4102/3930 4103/4103/3931
f 4103/4103/3931 4102/4102/3930 4104/4104/3932
f 4105/4105/3933 4103/4103/3931 4104/4104/3932
f 4105/4105/3933 4104/4104/3932 4106/4106/3934
f 4107/4107/3935 4109/4108/3936 4108/4109/3937
f 4107/4107/3935 4108/4109/3937 4110/4110/3938
f 4111/4111/3939 4107/4107/3935 4110/4110/3938
f 4109/4108/3936 4112/4112/3940 4108/4109/3937
f 4111/4111/3939 4110/4110/3938 4113/4113/3941
f 4111/4111/3939 4113/4113/3941 4114/4114/3942
f 4113/4113/3941 4115/4115/3943 4114/4114/3942
f 4114/4114/3942 4115/4115/3943 4116/4116/3943
f 4115/4115/3943 4117/4117/3944 4116/4116/3943
f 4117/4117/3944 4118/4118/3945 4116/4116/3943
f 4117/4117/3944 4119/4119/3946 4118/4118/3945
f 4119/4119/3946 4120/4120/3947 4118/4118/3945
f 4120/4120/3947 4119/4119/3946 4121/4121/3948
f 4119/4119/3946 4122/4122/3949 4121/4121/3948
f 4121/4121/3948 4122/4122/3949 4123/4123/3950
f 4124/4124/3951 4121/4121/3948 4123/4123/3950
f 4121/4121/3948 4124/4124/3951 4125/4125/3952
f 4124/4124/3951 4126/4126/3953 4125/4125/3952
f 4126/4126/3953 4127/4127/3954 4125/4125/3952
f 4127/4127/3954 4128/4128/3955 4125/4125/3952
f 4129/4129/3956 4125/4125/3952 4128/4128/3955
f 4129/4129/3956 4130/4130/3957 4125/4125/3952
f 4131/4131/3958 4132/4132/3959 4112/4112/3940
f 4133/4133/3960 4131/4131/3958 4112/4112/3940
f 4131/4131/3958 4134/4134/3961 4132/4132/3959
f 4134/4134/3961 4135/4135/3962 4132/4132/3959
f 4135/4135/3962 4136/4136/3963 4132/4132/3959
f 4135/4135/3962 4137/4137/3964 4136/4136/3963
f 4137/4137/3964 4138/4138/3965 4136/4136/3963
f 4137/4137/3964 4139/4139/3966 4138/4138/3965
f 4139/4139/3966 4140/4140/3967 4138/4138/3965
f 4140/4140/3967 4141/4141/3968 4138/4138/3965
f 4140/4140/3967 4142/4142/3969 4141/4141/3968
f 4142/4142/3969 4143/4143/3970 4141/4141/3968
f 4143/4143/3970 4144/4144/3971 4141/4141/3968
f 4143/4143/3970 4145/4145/3972 4144/4144/3971
f 4145/4145/3972 4146/4146/3973 4144/4144/3971
f 4145/4145/3972 4147/4147/3974 4146/4146/3973
f 4146/4146/3973 4147/4147/3974 4148/4148/3975
f 4149/4149/3976 4148/4148/3975 4147/4147/3974
f 4147/4147/3974 4150/4150/3977 4149/4149/3976
f 4147/4147/3974 4151/4151/3978 4150/4150/3977
f 4147/4147/3974 4152/4152/3979 4151/4151/3978
f 4151/4151/3978 4152/4152/3979 4153/4153/3980
f 4152/4152/3979 4154/4154/3981 4153/4153/3980
f 4154/4154/3981 4152/4152/3979 4155/4155/3982
f 4152/4152/3979 4156/4156/3983 4155/4155/3982
f 4157/4157/3984 4159/4158/3985 4158/4159/3986
f 4159/4158/3985 4157/4157/3984 3959/3959/3792
f 4160/4160/3987 4157/4157/3984 4158/4159/3986
f 4160/4160/3987 4158/4159/3986 4161/4161/3988
f 4158/4159/3986 4162/4162/3989 4161/4161/3988
f 3960/3960/3793 4159/4158/3985 3959/3959/3792
f 4163/4163/3990 4165/4164/3991 4164/4165/3992
f 4163/4163/3990 4166/4166/3993 4165/4164/3991
f 4167/4167/3994 4166/4166/3993 4163/4163/3990
f 4166/4166/3993 4167/4167/3994 4168/4168/3995
f 4167/4167/3994 4169/4169/3996 4168/4168/3995
f 4165/4164/3991 4170/4170/3997 4164/4165/3992
f 4170/4170/3997 4171/4171/3998 4164/4165/3992
f 4171/4171/3998 4172/4172/3999 4164/4165/3992
f 4172/4172/3999 4171/4171/3998 4173/4173/4000
f 4172/4172/3999 4173/4173/4000 4174/4174/4001
f 4175/4175/4002 4172/4172/3999 4174/4174/4001
f 4167/4167/3994 4176/4176/4003 4169/4169/3996
f 4176/4176/4003 4177/4177/4004 4169/4169/3996
f 4177/4177/4004 735/735/719 4169/4169/3996
f 735/735/719 4177/4177/4004 737/737/721
f 4178/4178/4005 4180/4179/4006 4179/4180/4007
f 4178/4178/4005 4181/4181/4008 4180/4179/4006
f 4181/4181/4008 4182/4182/4009 4180/4179/4006
f 4183/4183/4010 4182/4182/4009 4181/4181/4008
f 4182/4182/4009 4183/4183/4010 4184/4184/4011
f 4183/4183/4010 4185/4185/4012 4184/4184/4011
f 4185/4185/4012 4186/4186/4013 4184/4184/4011
f 4185/4185/4012 4187/4187/4014 4186/4186/4013
f 4187/4187/4014 4188/4188/4015 4186/4186/4013
f 4179/4180/4007 4180/4179/4006 4189/4189/4016
f 4190/4190/4017 4192/4191/4018 4191/4192/4019
f 4193/4193/4020 4190/4190/4017 4191/4192/4019
f 4190/4190/4017 4194/4194/4021 4192/4191/4018
f 4194/4194/4021 4195/4195/4022 4192/4191/4018
f 4195/4195/4022 4194/4194/4021 4196/4196/4023
f 4197/4197/4024 4195/4195/4022 4196/4196/4023
f 4198/4198/4025 4200/4199/4026 4199/4200/4027
f 4201/4201/4028 4198/4198/4025 4199/4200/4027
f 4198/4198/4025 4201/4201/4028 4202/4202/4029
f 4202/4202/4029 4201/4201/4028 4203/4203/4030
f 4202/4202/4029 4203/4203/4030 4204/4204/4031
f 4203/4203/4030 4205/4205/4032 4204/4204/4031
f 4205/4205/4032 4206/4206/4033 4204/4204/4031
f 4206/4206/4033 4207/4207/4034 4204/4204/4031
f 4207/4207/4034 4206/4206/4033 4208/4208/4035
f 4207/4207/4034 4208/4208/4035 4209/4209/4036
f 4210/4210/4037 4207/4207/4034 4209/4209/4036
f 4198/4198/4025 4211/4211/4038 4200/4199/4026
f 4211/4211/4038 4212/4212/4039 4200/4199/4026
f 4212/4212/4039 766/766/748 4200/4199/4026
f 766/766/748 4212/4212/4039 764/764/746
f 4213/4213/4040 4215/4214/4041 4214/4215/4042
f 4215/4214/4041 4216/4216/4043 4214/4215/4042
f 4215/4214/4041 4217/4217/4044 4216/4216/4043
f 4215/4214/4041 4218/4218/4045 4217/4217/4044
f 4215/4214/4041 4219/4219/4046 4218/4218/4045
f 4215/4214/4041 4220/4220/4047 4219/4219/4046
f 4220/4220/4047 4221/4221/4048 4219/4219/4046
f 4222/4222/4049 4224/4223/4050 4223/4224/4051
f 4225/4225/4052 4222/4222/4049 4223/4224/4051
f 4222/4222/4049 4226/4226/4053 4224/4223/4050
f 4226/4226/4053 4227/4227/4054 4224/4223/4050
f 4226/4226/4053 4228/4228/4055 4227/4227/4054
f 4226/4226/4053 4229/4229/4056 4228/4228/4055
f 4230/4230/4057 4232/4231/4058 4231/4232/4059
f 4232/4231/4058 4233/4233/4060 4231/4232/4059
f 4233/4233/4060 4234/4234/359 4231/4232/4059
f 4233/4233/4060 4235/4235/694 4234/4234/359
f 4235/4235/694 4236/4236/4061 4234/4234/359
f 4235/4235/694 4237/4237/715 4236/4236/4061
f 4237/4237/715 4238/4238/2273 4236/4236/4061
f 4232/4231/4058 4239/4239/1951 4233/4233/4060
f 4238/4238/2273 4237/4237/715 4240/4240/2262
f 4241/4241/4062 4243/4242/4063 4242/4243/4064
f 4243/4242/4063 4244/4244/4065 4242/4243/4064
f 4244/4244/4065 4245/4245/4066 4242/4243/4064
f 4246/4246/4058 4248/4247/4067 4247/4248/2199
f 4249/4249/4060 4248/4247/4067 4246/4246/4058
f 4249/4249/4060 4250/4250/354 4248/4247/4067
f 4249/4249/4060 4251/4251/4068 4250/4250/354
f 4251/4251/4068 4252/4252/4069 4250/4250/354
f 4251/4251/4068 4253/4253/4070 4252/4252/4069
f 4253/4253/4070 4254/4254/4071 4252/4252/4069
f 4255/4255/1951 4249/4249/4060 4246/4246/4058
f 4256/4256/4072 4254/4254/4071 4253/4253/4070
f 4257/4257/4073 4259/4258/4074 4258/4259/4075
f 4260/4260/4076 4257/4257/4073 4258/4259/4075
f 4257/4257/4073 4261/4261/4077 4259/4258/4074
f 4257/4257/4073 4262/4262/4078 4261/4261/4077
f 4262/4262/4078 4263/4263/4079 4261/4261/4077
f 4262/4262/4078 4264/4264/4080 4263/4263/4079
f 4264/4264/4080 4265/4265/4081 4263/4263/4079
f 4265/4265/4081 4264/4264/4080 4266/4266/4082
f 4267/4267/4083 4265/4265/4081 4266/4266/4082
f 4267/4267/4083 4266/4266/4082 4268/4268/4084
f 4269/4269/4085 4267/4267/4083 4268/4268/4084
f 4270/4270/4086 4272/4271/4087 4271/4272/4088
f 4272/4271/4087 4270/4270/4086 4273/4273/4089
f 4274/4274/4090 4270/4270/4086 4271/4272/4088
f 4270/4270/4086 4274/4274/4090 4275/4275/4091
f 4276/4276/4092 4272/4271/4087 4273/4273/4089
f 4277/4277/4093 4279/4278/4094 4278/4279/4095
f 4277/4277/4093 4278/4279/4095 4280/4280/4096
f 4279/4278/4094 4281/4281/4097 4278/4279/4095
f 4279/4278/4094 4282/4282/4098 4281/4281/4097
f 4282/4282/4098 4283/4283/4099 4281/4281/4097
f 4284/4284/4100 4277/4277/4093 4280/4280/4096
f 4284/4284/4100 4280/4280/4096 4285/4285/4101
f 4286/4286/4102 4284/4284/4100 4285/4285/4101
f 4286/4286/4102 4285/4285/4101 4287/4287/4103
f 4288/4288/4104 4286/4286/4102 4287/4287/4103
f 4289/4289/4105 4288/4288/4104 4287/4287/4103
f 4290/4290/4106 4288/4288/4104 4289/4289/4105
f 4283/4283/4099 4282/4282/4098 4291/4291/4107
f 4291/4291/4107 4282/4282/4098 4292/4292/4108
f 4292/4292/4108 4282/4282/4098 4293/4293/4109
f 4294/4294/4110 4288/4288/4104 4290/4290/4106
f 4295/4295/4111 4288/4288/4104 4294/4294/4110
f 4295/4295/4111 4296/4296/4112 4288/4288/4104
f 4296/4296/4112 4297/4297/2814 4288/4288/4104
f 4296/4296/4112 4298/4298/4113 4297/4297/2814
f 4299/4299/4114 4293/4293/4109 4282/4282/4098
f 4282/4282/4098 4300/4300/2811 4299/4299/4114
f 4300/4300/2811 4301/4301/4115 4299/4299/4114
f 4300/4300/2811 4302/4302/4116 4301/4301/4115
f 4303/4303/4117 4305/4304/4118 4304/4305/4119
f 4303/4303/4117 4306/4306/4120 4305/4304/4118
f 4307/4307/4121 4303/4303/4117 4304/4305/4119
f 4307/4307/4121 4304/4305/4119 4308/4308/4122
f 4309/4309/4123 4307/4307/4121 4308/4308/4122
f 4306/4306/4120 4310/4310/4124 4305/4304/4118
f 4311/4311/4125 4309/4309/4123 4308/4308/4122
f 4312/4312/4126 4309/4309/4123 4311/4311/4125
f 4312/4312/4126 4311/4311/4125 4313/4313/4127
f 4314/4314/4128 4312/4312/4126 4313/4313/4127
f 4315/4315/4129 4317/4316/4130 4316/4317/4131
f 4315/4315/4129 4316/4317/4131 4318/4318/4132
f 4319/4319/4133 4315/4315/4129 4318/4318/4132
f 4318/4318/4132 4320/4320/4134 4319/4319/4133
f 4320/4320/4134 4321/4321/4135 4319/4319/4133
f 4320/4320/4134 4322/4322/4136 4321/4321/4135
f 4320/4320/4134 4323/4323/4137 4322/4322/4136
f 4323/4323/4137 4324/4324/4138 4322/4322/4136
f 4323/4323/4137 4325/4325/4139 4324/4324/4138
f 4323/4323/4137 4326/4326/4140 4325/4325/4139
f 4326/4326/4140 4327/4327/4141 4325/4325/4139
f 4326/4326/4140 4328/4328/4142 4327/4327/4141
f 4317/4316/4130 4329/4329/4143 4316/4317/4131
f 4317/4316/4130 4330/4330/4144 4329/4329/4143
f 4330/4330/4144 4331/4331/4145 4329/4329/4143
f 4331/4331/4145 4332/4332/4146 4329/4329/4143
f 4331/4331/4145 4333/4333/4147 4332/4332/4146
f 4333/4333/4147 4334/4334/4148 4332/4332/4146
f 4335/4335/4149 4337/4336/4150 4336/4337/4151
f 4335/4335/4149 4338/4338/4152 4337/4336/4150
f 4339/4339/4153 4337/4336/4150 4338/4338/4152
f 4340/4340/4154 4339/4339/4153 4338/4338/4152
f 4341/4341/4155 4340/4340/4154 4338/4338/4152
f 4341/4341/4155 4338/4338/4152 4342/4342/4156
f 4343/4343/4157 4341/4341/4155 4342/4342/4156
f 4344/4344/4158 4335/4335/4149 4336/4337/4151
f 4344/4344/4158 4336/4337/4151 4345/4345/4159
f 4346/4346/4160 4344/4344/4158 4345/4345/4159
f 4347/4347/4161 4346/4346/4160 4345/4345/4159
f 4347/4347/4161 4345/4345/4159 4348/4348/4162
f 4349/4349/4163 4347/4347/4161 4348/4348/4162
f 4348/4348/4162 4350/4350/4164 4349/4349/4163
f 4349/4349/4163 4350/4350/4164 4351/4351/4165
f 4350/4350/4164 4352/4352/4166 4351/4351/4165
f 4350/4350/4164 4353/4353/4167 4352/4352/4166
f 4352/4352/4166 4353/4353/4167 4354/4354/4168
f 4355/4355/4169 4352/4352/4166 4354/4354/4168
f 4356/4356/4170 4358/4357/4171 4357/4358/4172
f 4358/4357/4171 4359/4359/4173 4357/4358/4172
f 4360/4360/4174 4357/4358/4172 4359/4359/4173
f 4360/4360/4174 4359/4359/4173 4361/4361/4175
f 4362/4362/4176 4360/4360/4174 4361/4361/4175
f 4362/4362/4176 4361/4361/4175 4363/4363/4177
f 4364/4364/4178 4362/4362/4176 4363/4363/4177
f 4365/4365/4179 4367/4366/4180 4366/4367/4181
f 4367/4366/4180 4368/4368/4182 4366/4367/4181
f 4369/4369/4183 289/289/289 4370/4370/4184
f 289/289/289 4371/4371/4185 4370/4370/4184
f 289/289/289 288/288/288 4371/4371/4185
f 4372/4372/4186 4369/4369/4183 4370/4370/4184
f 4372/4372/4186 4370/4370/4184 4373/4373/4187
f 4372/4372/4186 4373/4373/4187 4374/4374/4188
f 4375/4375/4189 4377/4376/4190 4376/4377/4191
f 4377/4376/4190 4378/4378/4192 4376/4377/4191
f 4379/4379/4193 4376/4377/4191 4378/4378/4192
f 4379/4379/4193 4378/4378/4192 4380/4380/4194
f 4381/4381/4195 4379/4379/4193 4380/4380/4194
f 4381/4381/4195 4380/4380/4194 4382/4382/4196
f 4383/4383/4197 4381/4381/4195 4382/4382/4196
f 4384/4384/4198 4386/4385/4199 4385/4386/4200
f 4386/4385/4199 4387/4387/4201 4385/4386/4200
f 4388/4388/4202 1044/1044/992 4389/4389/4203
f 1044/1044/992 4390/4390/4204 4389/4389/4203
f 1044/1044/992 1043/1043/991 4390/4390/4204
f 4391/4391/4205 4388/4388/4202 4389/4389/4203
f 4391/4391/4205 4389/4389/4203 4392/4392/4206
f 4391/4391/4205 4392/4392/4206 4393/4393/4207
f 4394/4394/4208 4396/4395/4209 4395/4396/4210
f 4396/4395/4209 4397/4397/4211 4395/4396/4210
f 4397/4397/4211 4396/4395/4209 4398/4398/4212
f 4399/4399/4213 4397/4397/4211 4398/4398/4212
f 4400/4400/4214 4399/4399/4213 4398/4398/4212
f 4401/4401/4215 4400/4400/4214 4398/4398/4212
f 4400/4400/4214 4401/4401/4215 4402/4402/4216
f 4403/4403/4217 4400/4400/4214 4402/4402/4216
f 4394/4394/4208 4395/4396/4210 4404/4404/4218
f 4404/4404/4218 4395/4396/4210 4405/4405/4219
f 4405/4405/4219 4395/4396/4210 4406/4406/4220
f 4407/4407/4221 4406/4406/4220 4395/4396/4210
f 4408/4408/4222 4407/4407/4221 4395/4396/4210
f 4409/4409/4223 4411/4410/4224 4410/4411/4225
f 4412/4412/4226 4414/4413/4227 4413/4414/4228
f 4412/4412/4226 4413/4414/4228 4415/4415/4229
f 4412/4412/4226 4415/4415/4229 4416/4416/4230
f 4417/4417/4231 4412/4412/4226 4416/4416/4230
f 4417/4417/4231 4416/4416/4230 4418/4418/4232
f 4419/4419/4233 4421/4420/4234 4420/4421/4235
f 4419/4419/4233 4420/4421/4235 4422/4422/4236
f 4419/4419/4233 4422/4422/4236 4423/4423/4237
f 4424/4424/4238 4419/4419/4233 4423/4423/4237
f 4424/4424/4238 4423/4423/4237 4425/4425/4239
f 4426/4426/4240 4428/4427/4241 4427/4428/4242
f 4426/4426/4240 4427/4428/4242 4429/4429/4243
f 4430/4430/4244 4426/4426/4240 4429/4429/4243
f 4431/4431/4245 4430/4430/4244 4429/4429/4243
f 4430/4430/4244 4432/4432/4246 4426/4426/4240
f 4430/4430/4244 4433/4433/4247 4432/4432/4246
f 4434/4434/4248 4432/4432/4246 4433/4433/4247
f 4433/4433/4247 4435/4435/4249 4434/4434/4248
f 4435/4435/4249 4436/4436/4250 4434/4434/4248
f 4437/4437/4251 4434/4434/4248 4436/4436/4250
f 4437/4437/4251 4436/4436/4250 4438/4438/4252
f 4436/4436/4250 4439/4439/4253 4438/4438/4252
f 4440/4440/4254 4442/4441/4255 4441/4442/4256
f 4442/4441/4255 4440/4440/4254 4443/4443/4257
f 4444/4444/4258 4442/4441/4255 4443/4443/4257
f 4444/4444/4258 4443/4443/4257 4445/4445/4259
f 4446/4446/4260 4444/4444/4258 4445/4445/4259
f 4447/4447/4261 4440/4440/4254 4441/4442/4256
f 4441/4442/4256 4448/4448/4262 4447/4447/4261
f 4441/4442/4256 4449/4449/4263 4448/4448/4262
f 4449/4449/4263 4441/4442/4256 4450/4450/4264
f 4441/4442/4256 4451/4451/4265 4450/4450/4264
f 4452/4452/4266 4450/4450/4264 4451/4451/4265
f 4446/4446/4260 4445/4445/4259 4453/4453/4267
f 4451/4451/4265 4454/4454/4268 4452/4452/4266
f 4455/4455/4269 4456/4456/4270 203/202/202
f 4456/4456/4270 4455/4455/4269 4457/4457/4271
f 203/202/202 4456/4456/4270 209/209/209
f 220/220/220 4457/4457/4271 4455/4455/4269
f 220/220/220 4455/4455/4269 205/205/205
f 4455/4455/4269 201/201/201 205/205/205
f 201/201/201 4455/4455/4269 203/202/202
f 4458/4458/4272 4460/4459/1158 4459/4460/4273
f 4461/4461/4274 4458/4458/4272 4459/4460/4273
f 4460/4459/1158 4462/4462/4275 4459/4460/4273
f 4458/4458/4272 4461/4461/4274 4463/4463/4276
f 4464/4464/4277 4466/4465/4278 4465/4466/4279
f 4466/4465/4278 4467/4467/4280 4465/4466/4279
f 4466/4465/4278 4468/4468/4281 4467/4467/4280
f 4468/4468/4281 4466/4465/4278 4469/4469/4282
f 4470/4470/4283 4468/4468/4281 4469/4469/4282
f 4470/4470/4283 4469/4469/4282 4471/4471/4284
f 4472/4472/4285 4470/4470/4283 4471/4471/4284
f 4473/4473/4286 4472/4472/4285 4471/4471/4284
f 4474/4474/4287 4476/4475/4288 4475/4476/4289
f 4474/4474/4287 4475/4476/4289 4477/4477/4290
f 4478/4478/4291 4474/4474/4287 4477/4477/4290
f 4479/4479/4292 4478/4478/4291 4477/4477/4290
f 4478/4478/4291 4480/4480/4293 4474/4474/4287
f 4478/4478/4291 4481/4481/4294 4480/4480/4293
f 4482/4482/4295 4480/4480/4293 4481/4481/4294
f 4481/4481/4294 4483/4483/4296 4482/4482/4295
f 4483/4483/4296 4484/4484/4297 4482/4482/4295
f 4485/4485/4298 4482/4482/4295 4484/4484/4297
f 4485/4485/4298 4484/4484/4297 4486/4486/4299
f 4484/4484/4297 4487/4487/4300 4486/4486/4299
f 4488/4488/4301 4490/4489/4302 4489/4490/4303
f 4491/4491/4304 4488/4488/4301 4489/4490/4303
f 4491/4491/4304 4489/4490/4303 4492/4492/4305
f 4493/4493/4306 4491/4491/4304 4492/4492/4305
f 4493/4493/4306 4492/4492/4305 4494/4494/4307
f 4495/4495/4308 4493/4493/4306 4494/4494/4307
f 4493/4493/4306 4495/4495/4308 4496/4496/4309
f 4497/4497/4310 4499/4498/4311 4498/4499/4312
f 4500/4500/4313 4497/4497/4310 4498/4499/4312
f 4497/4497/4310 4500/4500/4313 4501/4501/4314
f 4502/4502/4315 4497/4497/4310 4501/4501/4314
f 4499/4498/4311 4503/4503/4316 4498/4499/4312
f 4503/4503/4316 4504/4504/4317 4498/4499/4312
f 4504/4504/4317 4503/4503/4316 4505/4505/4318
f 4506/4506/4319 4504/4504/4317 4505/4505/4318
f 4506/4506/4319 4505/4505/4318 4507/4507/4320
f 4507/4507/4320 4505/4505/4318 4508/4508/4321
f 4508/4508/4321 4505/4505/4318 4509/4509/4322
f 4509/4509/4322 4505/4505/4318 4510/4510/4323
f 4510/4510/4323 4505/4505/4318 4511/4511/4324
f 4512/4512/4325 4514/4513/4326 4513/4514/4327
f 4514/4513/4326 4515/4515/4328 4513/4514/4327
f 4514/4513/4326 4516/4516/4329 4515/4515/4328
f 4514/4513/4326 4517/4517/4330 4516/4516/4329
f 4514/4513/4326 4518/4518/4331 4517/4517/4330
f 4514/4513/4326 4519/4519/4332 4518/4518/4331
f 4519/4519/4332 4520/4520/4333 4518/4518/4331
f 4521/4521/4334 4523/4522/4335 4522/4523/4336
f 4521/4521/4334 4522/4523/4336 4524/4524/4337
f 4523/4522/4335 4525/4525/4338 4522/4523/4336
f 4523/4522/4335 4526/4526/4339 4525/4525/4338
f 4527/4527/4340 4525/4525/4338 4526/4526/4339
f 4527/4527/4340 4526/4526/4339 4528/4528/4341
f 4529/4529/4342 4527/4527/4340 4528/4528/4341
f 4530/4530/4343 4521/4521/4334 4524/4524/4337
f 4531/4531/4344 4533/4532/4345 4532/4533/4346
f 4531/4531/4344 4534/4534/4347 4533/4532/4345
f 4534/4534/4347 4535/4535/4348 4533/4532/4345
f 4536/4536/4349 4531/4531/4344 4532/4533/4346
f 4537/4537/4350 4539/4538/4351 4538/4539/4352
f 4540/4540/4353 4537/4537/4350 4538/4539/4352
f 4541/4541/4354 4538/4539/4352 4539/4538/4351
f 4542/4542/4355 4541/4541/4354 4539/4538/4351
f 4543/4543/4356 4541/4541/4354 4542/4542/4355
f 4544/4544/4357 4543/4543/4356 4542/4542/4355
f 4545/4545/4275 4541/4541/4354 4543/4543/4356
f 4545/4545/4275 4543/4543/4356 4546/4546/4358
f 4547/4547/4359 4538/4539/4352 4545/4545/4275
f 4546/4546/4358 4547/4547/4359 4545/4545/4275
f 4547/4547/4359 4548/4548/4360 4538/4539/4352
f 4548/4548/4360 4540/4540/4353 4538/4539/4352
f 4549/4549/4361 4546/4546/4358 4543/4543/4356
f 4550/4550/4362 4549/4549/4361 4543/4543/4356
f 4546/4546/4358 4551/4551/4363 4547/4547/4359
f 4551/4551/4363 4552/4552/4272 4547/4547/4359
f 4553/4553/4364 4555/4554/4365 4554/4555/4366
f 4555/4554/4365 4556/4556/4367 4554/4555/4366
f 4557/4557/4368 4559/4558/4369 4558/4559/4370
f 4557/4557/4368 4558/4559/4370 4560/4560/4371
f 4557/4557/4368 4560/4560/4371 4561/4561/4372
f 4562/4562/4373 4557/4557/4368 4561/4561/4372
f 4557/4557/4368 4562/4562/4373 4563/4563/4374
f 4562/4562/4373 4564/4564/4375 4563/4563/4374
f 4562/4562/4373 4565/4565/4376 4564/4564/4375
f 4565/4565/4376 4566/4566/4377 4564/4564/4375
f 4565/4565/4376 4567/4567/4378 4566/4566/4377
f 4568/4568/4379 4566/4566/4377 4567/4567/4378
f 4568/4568/4379 4567/4567/4378 4569/4569/4380
f 4570/4570/4381 4568/4568/4379 4569/4569/4380
f 4569/4569/4380 4571/4571/4382 4570/4570/4381
f 4572/4572/4383 4574/4573/4384 4573/4574/4385
f 4575/4575/4386 4572/4572/4383 4573/4574/4385
f 4576/4576/4387 4572/4572/4383 4575/4575/4386
f 4577/4577/4388 4576/4576/4387 4575/4575/4386
f 4578/4578/4389 4580/4579/4390 4579/4580/4391
f 4580/4579/4390 4581/4581/4392 4579/4580/4391
f 4582/4582/4393 4584/4583/4394 4583/4584/4395
f 4582/4582/4393 4583/4584/4395 4585/4585/4396
f 4584/4583/4394 4586/4586/4397 4583/4584/4395
f 4587/4587/4398 4582/4582/4393 4585/4585/4396
f 4587/4587/4398 4585/4585/4396 4588/4588/4399
f 4589/4589/4400 4587/4587/4398 4588/4588/4399
f 4587/4587/4398 4589/4589/4400 4590/4590/4401
f 4591/4591/4402 4593/4592/243 4592/4593/4403
f 4593/4592/243 4594/4594/925 4592/4593/4403
f 4595/4595/4404 4591/4591/4402 4592/4593/4403
f 4591/4591/4402 4595/4595/4404 4596/4596/4276
f 4597/4597/4405 4599/4598/4406 4598/4599/4407
f 4599/4598/4406 4600/4600/4408 4598/4599/4407
f 4601/4601/4409 4603/4602/4410 4602/4603/4411
f 4603/4602/4410 4604/4604/4412 4602/4603/4411
f 4605/4605/4413 4607/4606/4414 4606/4607/4415
f 4605/4605/4413 4606/4607/4415 4608/4608/4416
f 4609/4609/4417 1563/1563/1479 4610/4610/4418
f 4611/4611/4419 4609/4609/4417 4610/4610/4418
f 4609/4609/4417 1562/1562/1478 1563/1563/1479
f 4612/4612/4420 4614/4613/4421 4613/4614/4422
f 4614/4613/4421 4615/4615/4423 4613/4614/4422
f 4614/4613/4421 4616/4616/4424 4615/4615/4423
f 4617/4617/4425 4619/4618/4426 4618/4619/4427
f 4619/4618/4426 4620/4620/4428 4618/4619/4427
f 4619/4618/4426 4621/4621/4429 4620/4620/4428
f 4622/4622/4430 4624/4623/4431 4623/4624/4432
f 4622/4622/4430 4623/4624/4432 4625/4625/4433
f 4624/4623/4431 4626/4626/4434 4623/4624/4432
f 4627/4627/4435 4622/4622/4430 4625/4625/4433
f 4628/4628/4436 4627/4627/4435 4625/4625/4433
f 4627/4627/4435 4628/4628/4436 4629/4629/4437
f 4630/4630/4438 4632/4631/4439 4631/4632/4440
f 4633/4633/4441 4630/4630/4438 4631/4632/4440
f 4634/4634/4442 4630/4630/4438 4633/4633/4441
f 4634/4634/4442 4633/4633/4441 4635/4635/4443
f 4634/4634/4442 4635/4635/4443 4636/4636/4444
f 4636/4636/4444 4637/4637/4445 4634/4634/4442
f 4637/4637/4445 4638/4638/4446 4634/4634/4442
f 4637/4637/4445 4639/4639/4447 4638/4638/4446
f 4639/4639/4447 4640/4640/4448 4638/4638/4446
f 4640/4640/4448 4639/4639/4447 4641/4641/4449
f 4639/4639/4447 4642/4642/4450 4641/4641/4449
f 4639/4639/4447 4643/4643/4451 4642/4642/4450
f 4644/4644/4452 4646/4645/4453 4645/4646/4454
f 4645/4646/4454 4647/4647/4455 4644/4644/4452
f 4644/4644/4452 4648/4648/4456 4646/4645/4453
f 4649/4649/4457 4651/4650/4458 4650/4651/4459
f 4651/4650/4458 4649/4649/4457 4652/4652/4460
f 4649/4649/4457 4653/4653/4461 4652/4652/4460
f 4649/4649/4457 4654/4654/4462 4653/4653/4461
f 4654/4654/4462 4655/4655/4463 4653/4653/4461
f 4655/4655/4463 4656/4656/4464 4653/4653/4461
f 4657/4657/4465 4659/4658/4466 4658/4659/4467
f 4660/4660/4468 4657/4657/4465 4658/4659/4467
f 4661/4661/4469 4657/4657/4465 4660/4660/4468
f 4661/4661/4469 4660/4660/4468 4662/4662/4470
f 4661/4661/4469 4662/4662/4470 4663/4663/4471
f 4663/4663/4471 4664/4664/4472 4661/4661/4469
f 4664/4664/4472 4665/4665/4473 4661/4661/4469
f 4664/4664/4472 4666/4666/4474 4665/4665/4473
f 4666/4666/4474 4667/4667/4475 4665/4665/4473
f 4667/4667/4475 4666/4666/4474 4668/4668/4476
f 4666/4666/4474 4669/4669/4477 4668/4668/4476
f 4666/4666/4474 4670/4670/4478 4669/4669/4477
f 4671/4671/4479 4673/4672/4480 4672/4673/4481
f 4672/4673/4481 4674/4674/4482 4671/4671/4479
f 4671/4671/4479 4675/4675/4483 4673/4672/4480
f 4676/4676/4484 4678/4677/4485 4677/4678/4486
f 4676/4676/4484 4677/4678/4486 4679/4679/4487
f 4678/4677/4485 4680/4680/4488 4677/4678/4486
f 4677/4678/4486 4681/4681/4489 4679/4679/4487
f 4679/4679/4487 4681/4681/4489 4682/4682/4490
f 4683/4683/4491 4685/4684/4492 4684/4685/4493
f 4683/4683/4491 4684/4685/4493 4686/4686/4494
f 4685/4684/4492 4687/4687/4495 4684/4685/4493
f 4688/4688/4496 4683/4683/4491 4686/4686/4494
f 4688/4688/4496 4686/4686/4494 4689/4689/4497
f 4690/4690/4498 4688/4688/4496 4689/4689/4497
f 4691/4691/4499 4693/4692/4500 4692/4693/4501
f 4691/4691/4499 4694/4694/4502 4693/4692/4500
f 4691/4691/4499 4695/4695/4503 4694/4694/4502
f 4691/4691/4499 4696/4696/4504 4695/4695/4503
f 4696/4696/4504 4697/4697/4505 4695/4695/4503
f 4698/4698/4506 4695/4695/4503 4697/4697/4505
f 4698/4698/4506 4697/4697/4505 4699/4699/4507
f 4700/4700/4508 4698/4698/4506 4699/4699/4507
f 4699/4699/4507 4701/4701/4509 4700/4700/4508
f 4701/4701/4509 4702/4702/4510 4700/4700/4508
f 4701/4701/4509 4703/4703/4511 4702/4702/4510
f 4703/4703/4511 4701/4701/4509 4704/4704/4512
f 4705/4705/4513 4707/4706/4514 4706/4707/4515
f 4708/4708/4516 4705/4705/4513 4706/4707/4515
f 4705/4705/4513 4708/4708/4516 4709/4709/4517
f 4710/4710/4518 4705/4705/4513 4709/4709/4517
f 3920/3920/3753 4705/4705/4513 4710/4710/4518
f 3920/3920/3753 4710/4710/4518 4711/4711/4519
f 3920/3920/3753 4711/4711/4519 4712/4712/4520
f 4712/4712/4520 4713/4713/4521 3920/3920/3753
f 4713/4713/4521 3921/3921/3754 3920/3920/3753
f 4714/4714/4522 4716/4715/4523 4715/4716/4524
f 4717/4717/4525 4714/4714/4522 4715/4716/4524
f 4717/4717/4525 4715/4716/4524 4718/4718/4526
f 4719/4719/4527 4717/4717/4525 4718/4718/4526
f 4719/4719/4527 4718/4718/4526 4720/4720/4528
f 4721/4721/4529 4719/4719/4527 4720/4720/4528
f 4722/4722/4530 4724/4723/4531 4723/4724/4532
f 4724/4723/4531 4725/4725/4533 4723/4724/4532
f 4724/4723/4531 4726/4726/4534 4725/4725/4533
f 4727/4727/4535 4722/4722/4530 4723/4724/4532
f 4728/4728/4536 4727/4727/4535 4723/4724/4532
f 4723/4724/4532 4729/4729/4537 4728/4728/4536
f 4729/4729/4537 4730/4730/4538 4728/4728/4536
f 4731/4731/4539 4730/4730/4538 4729/4729/4537
f 4732/4732/4540 4734/4733/4541 4733/4734/4542
f 4732/4732/4540 4735/4735/4543 4734/4733/4541
f 4735/4735/4543 4736/4736/4544 4734/4733/4541
f 4736/4736/4544 4737/4737/4545 4734/4733/4541
f 4738/4738/4546 4732/4732/4540 4733/4734/4542
f 4739/4739/4547 4732/4732/4540 4738/4738/4546
f 4739/4739/4547 4738/4738/4546 4740/4740/4548
f 4741/4741/4549 4739/4739/4547 4740/4740/4548
f 4740/4740/4548 4742/4742/4550 4741/4741/4549
f 4742/4742/4550 4743/4743/4551 4741/4741/4549
f 4742/4742/4550 4744/4744/4552 4743/4743/4551
f 4744/4744/4552 4742/4742/4550 4745/4745/4553
f 4746/4746/932 4748/4747/4554 4747/4748/4275
f 4748/4747/4554 4749/4749/4555 4747/4748/4275
f 4749/4749/4555 4748/4747/4554 4750/4750/4556
f 4749/4749/4555 4750/4750/4556 4751/4751/4557
f 4752/4752/4558 4749/4749/4555 4751/4751/4557
f 4752/4752/4558 4753/4753/4559 4747/4748/4275
f 4746/4746/932 4747/4748/4275 4753/4753/4559
f 4754/4754/4560 4746/4746/932 4753/4753/4559
f 4753/4753/4559 4752/4752/4558 4755/4755/4561
f 4755/4755/4561 4752/4752/4558 4751/4751/4557
f 4756/4756/4357 4753/4753/4559 4755/4755/4561
f 4754/4754/4560 4753/4753/4559 4757/4757/4562
f 4758/4758/4358 4754/4754/4560 4757/4757/4562
f 4754/4754/4560 4759/4759/4363 4746/4746/932
f 4759/4759/4363 4760/4760/925 4746/4746/932
f 4761/4761/4563 4763/4762/4564 4762/4763/4565
f 4763/4762/4564 4764/4764/4566 4762/4763/4565
f 4765/4765/4567 4763/4762/4564 4761/4761/4563
f 4766/4766/4568 4768/4767/4569 4767/4768/4570
f 4766/4766/4568 4769/4769/4571 4768/4767/4569
f 4769/4769/4571 4770/4770/4572 4768/4767/4569
f 4771/4771/4573 4773/4772/4574 4772/4773/4575
f 4774/4774/4576 4771/4771/4573 4772/4773/4575
f 4775/4775/4577 4777/4776/4578 4776/4777/4579
f 4775/4775/4577 4776/4777/4579 4778/4778/4580
f 4777/4776/4578 4779/4779/4581 4776/4777/4579
f 4780/4780/4582 4775/4775/4577 4778/4778/4580
f 4781/4781/4583 4780/4780/4582 4778/4778/4580
f 4782/4782/4584 4781/4781/4583 4778/4778/4580
f 4781/4781/4583 4782/4782/4584 4783/4783/4585
f 4782/4782/4584 4784/4784/4586 4783/4783/4585
f 4785/4785/4587 4787/4786/4588 4786/4787/4589
f 4785/4785/4587 4788/4788/4590 4787/4786/4588
f 4789/4789/4591 4785/4785/4587 4786/4787/4589
f 4788/4788/4590 4790/4790/4592 4787/4786/4588
f 4789/4789/4591 4786/4787/4589 4791/4791/4593
f 4792/4792/4594 4789/4789/4591 4791/4791/4593
f 4792/4792/4594 4793/4793/4595 4789/4789/4591
f 4794/4794/4596 4796/4795/4597 4795/4796/4598
f 4794/4794/4596 4797/4797/4599 4796/4795/4597
f 4798/4798/4600 4794/4794/4596 4795/4796/4598
f 4797/4797/4599 4799/4799/4601 4796/4795/4597
f 4800/4800/4602 4798/4798/4600 4795/4796/4598
f 4800/4800/4602 4801/4801/4603 4798/4798/4600
f 4802/4802/4604 4804/4803/4605 4803/4804/4606
f 4804/4803/4605 4805/4805/4607 4803/4804/4606
f 4806/4806/4608 4808/4807/4609 4807/4808/4610
f 4806/4806/4608 4807/4808/4610 4809/4809/4611
f 4810/4810/4612 4806/4806/4608 4809/4809/4611
f 4806/4806/4608 4811/4811/4613 4808/4807/4609
f 4811/4811/4613 4812/4812/4614 4808/4807/4609
f 4812/4812/4614 4813/4813/4615 4808/4807/4609
f 4814/4814/4616 4816/4815/4617 4815/4816/4618
f 4816/4815/4617 4817/4817/4619 4815/4816/4618
f 4818/4818/4620 4820/4819/4621 4819/4820/4622
f 4820/4819/4621 4821/4821/4623 4819/4820/4622
f 4822/4822/4624 4824/4823/4625 4823/4824/4626
f 4825/4825/4627 4822/4822/4624 4823/4824/4626
f 4826/4826/4628 4828/4827/4629 4827/4828/4630
f 4829/4829/4631 4826/4826/4628 4827/4828/4630
f 4830/4830/4632 4832/4831/4633 4831/4832/4634
f 4833/4833/4635 4830/4830/4632 4831/4832/4634
f 4834/4834/4636 4836/4835/4637 4835/4836/4638
f 4837/4837/4639 4834/4834/4636 4835/4836/4638
f 4838/4838/4640 4840/4839/4641 4839/4840/4642
f 4841/4841/4643 4838/4838/4640 4839/4840/4642
f 4841/4841/4643 4839/4840/4642 4842/4842/4644
f 4843/4843/4645 4841/4841/4643 4842/4842/4644
f 4843/4843/4645 4842/4842/4644 4844/4844/4646
f 4845/4845/4647 4843/4843/4645 4844/4844/4646
f 4846/4846/4648 4848/4847/4649 4847/4848/4650
f 4849/4849/4651 4846/4846/4648 4847/4848/4650
f 4850/4850/4652 4852/4851/4653 4851/4852/4654
f 4853/4853/4655 4850/4850/4652 4851/4852/4654
f 4854/4854/4656 4856/4855/4657 4855/4856/4658
f 4857/4857/4659 4854/4854/4656 4855/4856/4658
f 4858/4858/4660 4860/4859/4661 4859/4860/4662
f 4861/4861/4663 4863/4862/4664 4862/4863/4665
f 4861/4861/4663 4864/4864/4666 4863/4862/4664
f 4865/4865/4667 4867/4866/4668 4866/4867/4669
f 4867/4866/4668 4868/4868/4670 4866/4867/4669
f 4869/4869/4671 4871/4870/4672 4870/4871/4673
f 4871/4870/4672 4872/4872/4674 4870/4871/4673
f 4873/4873/4675 4875/4874/4676 4874/4875/4677
f 4875/4874/4676 4876/4876/4678 4874/4875/4677
f 4877/4877/4679 4879/4878/4680 4878/4879/4681
f 4880/4880/4682 4882/4881/4683 4881/4882/4684
f 4882/4881/4683 4883/4883/4685 4881/4882/4684
f 4883/4883/4685 4884/4884/4686 4881/4882/4684
f 4883/4883/4685 4885/4885/4687 4884/4884/4686
f 4885/4885/4687 4886/4886/4688 4884/4884/4686
f 4885/4885/4687 4887/4887/4689 4886/4886/4688
f 4886/4886/4688 4887/4887/4689 4888/4888/4690
f 4889/4889/4691 4886/4886/4688 4888/4888/4690
f 4889/4889/4691 4888/4888/4690 4890/4890/4692
f 4891/4891/4693 4889/4889/4691 4890/4890/4692
f 4892/4892/4694 4894/4893/4695 4893/4894/4696
f 4892/4892/4694 4895/4895/4697 4894/4893/4695
f 4895/4895/4697 4896/4896/4698 4894/4893/4695
f 4895/4895/4697 4897/4897/4699 4896/4896/4698
f 4896/4896/4698 4897/4897/4699 4898/4898/4700
f 4899/4899/4701 4896/4896/4698 4898/4898/4700
f 4899/4899/4701 4898/4898/4700 4900/4900/4702
f 4901/4901/4703 4899/4899/4701 4900/4900/4702
f 4902/4902/4704 4892/4892/4694 4893/4894/4696
f 4902/4902/4704 4893/4894/4696 4903/4903/4705
f 4904/4904/4706 4906/4905/4707 4905/4906/4708
f 4906/4905/4707 4907/4907/4709 4905/4906/4708
f 4908/4908/4710 4910/4909/4711 4909/4910/4712
f 4911/4911/4713 4913/4912/4714 4912/4913/4715
f 4914/4914/4716 4916/4915/4717 4915/4916/4718
f 4917/4917/4719 4914/4914/4716 4915/4916/4718
f 4918/4918/4720 4920/4919/4721 4919/4920/4722
f 4921/4921/4723 4919/4920/4722 4920/4919/4721
f 4922/4922/4724 4924/4923/4725 4923/4924/4726
f 4925/4925/4727 4922/4922/4724 4923/4924/4726
f 4926/4926/4728 4928/4927/4729 4927/4928/4730
f 4928/4927/4729 4929/4929/4731 4927/4928/4730
f 4930/4930/4732 4932/4931/4733 4931/4932/4734
f 4933/4933/4735 4930/4930/4732 4931/4932/4734
f 4934/4934/690 4936/4935/693 4935/4936/687
f 4934/4934/690 4937/4937/693 4936/4935/693
f 4937/4937/693 4938/4938/697 4936/4935/693
f 4937/4937/693 4939/4939/687 4938/4938/697
f 4937/4937/693 4934/4934/690 4940/4940/691
f 4941/4941/697 4934/4934/690 4935/4936/687
f 4942/4942/4736 4936/4935/693 4938/4938/697
f 4943/4943/690 4942/4942/4736 4938/4938/697
f 4944/4944/4737 4946/4945/4738 4945/4946/4739
f 4946/4945/4738 4947/4947/4740 4945/4946/4739
f 4948/4948/4741 4950/4949/4742 4949/4950/4743
f 4951/4951/4744 4948/4948/4741 4949/4950/4743
f 4952/4952/4745 4954/4953/4746 4953/4954/4747
f 4954/4953/4746 4955/4955/4748 4953/4954/4747
f 4956/4956/4749 4958/4957/4750 4957/4958/4751
f 4957/4958/4751 4958/4957/4750 4959/4959/4752
f 4960/4960/4753 4962/4961/4754 4961/4962/4755
f 4963/4963/4756 4960/4960/4753 4961/4962/4755
f 4964/4964/4757 4966/4965/4758 4965/4966/4759
f 4966/4965/4758 4967/4967/4760 4965/4966/4759
f 4968/4968/4761 4970/4969/4762 4969/4970/4763
f 4970/4969/4762 4971/4971/4764 4969/4970/4763
f 4972/4972/4765 4974/4973/4766 4973/4974/4767
f 4974/4973/4766 4975/4975/4768 4973/4974/4767
f 4976/4976/693 4978/4977/697 4977/4978/693
f 4979/4979/690 4976/4976/693 4977/4978/693
f 4979/4979/690 4977/4978/693 4980/4980/687
f 4976/4976/693 4981/4981/687 4978/4977/697
f 4976/4976/693 4979/4979/690 4982/4982/691
f 4983/4983/697 4979/4979/690 4980/4980/687
f 4984/4984/691 4977/4978/693 4978/4977/697
f 4985/4985/690 4984/4984/691 4978/4977/697
f 4986/4986/4769 4988/4987/4770 4987/4988/4771
f 4988/4987/4770 4989/4989/4772 4987/4988/4771
f 4990/4990/4773 4992/4991/4774 4991/4992/4775
f 4992/4991/4774 4993/4993/4776 4991/4992/4775
f 4994/4994/4777 4996/4995/4778 4995/4996/4779
f 4994/4994/4777 4997/4997/4780 4996/4995/4778
f 4997/4997/4780 4998/4998/4781 4996/4995/4778
f 4996/4995/4778 4999/4999/4782 4995/4996/4779
f 4995/4996/4779 4999/4999/4782 5000/5000/4783
f 5001/5001/4784 5003/5002/4785 5002/5003/4786
f 5004/5004/4787 5001/5001/4784 5002/5003/4786
f 5001/5001/4784 5005/5005/4788 5003/5002/4785
f 5001/5001/4784 5006/5006/4789 5005/5005/4788
f 5006/5006/4789 5007/5007/4790 5005/5005/4788
f 5006/5006/4789 5008/5008/4791 5007/5007/4790
f 5007/5007/4790 5008/5008/4791 5009/5009/4792
f 5010/5010/4793 5007/5007/4790 5009/5009/4792
f 5011/5011/4794 5010/5010/4793 5009/5009/4792
f 5010/5010/4793 5011/5011/4794 5012/5012/4795
f 5013/5013/4796 5015/5014/4797 5014/5015/4798
f 5013/5013/4796 5016/5016/4799 5015/5014/4797
f 5016/5016/4799 5017/5017/4800 5015/5014/4797
f 5013/5013/4796 5014/5015/4798 5018/5018/4801
f 5019/5019/4802 5013/5013/4796 5018/5018/4801
f 5020/5020/4803 5022/5021/4804 5021/5022/4805
f 5020/5020/4803 5023/5023/4806 5022/5021/4804
f 5023/5023/4806 5024/5024/4807 5022/5021/4804
f 5020/5020/4803 5021/5022/4805 5025/5025/4808
f 5026/5026/4809 5020/5020/4803 5025/5025/4808
f 5027/5027/4810 5029/5028/4811 5028/5029/4812
f 5030/5030/4813 5027/5027/4810 5028/5029/4812
f 5027/5027/4810 5031/5031/4814 5029/5028/4811
f 5027/5027/4810 5032/5032/4815 5031/5031/4814
f 5032/5032/4815 5033/5033/4816 5031/5031/4814
f 5032/5032/4815 5034/5034/4817 5033/5033/4816
f 5033/5033/4816 5034/5034/4817 5035/5035/4818
f 5036/5036/4819 5033/5033/4816 5035/5035/4818
f 5037/5037/4820 5036/5036/4819 5035/5035/4818
f 5036/5036/4819 5037/5037/4820 5038/5038/4821
f 5039/5039/4822 5041/5040/4823 5040/5041/4824
f 5041/5040/4823 5042/5042/4825 5040/5041/4824
f 5043/5043/4826 5045/5044/4827 5044/5045/4828
f 5046/5046/4829 5048/5047/4830 5047/5048/4831
f 5048/5047/4830 5049/5049/4832 5047/5048/4831
f 5050/5050/4833 5052/5051/4834 5051/5052/4835
f 5053/5053/4836 5052/5051/4834 5050/5050/4833
f 5054/5054/4837 5056/5055/4838 5055/5056/4839
f 5057/5057/4840 5054/5054/4837 5055/5056/4839
f 5058/5058/4841 5060/5059/4842 5059/5060/4843
f 5060/5059/4842 5058/5058/4841 5061/5061/4844
f 5062/5062/710 5064/5063/709 5063/5064/709
f 5063/5064/709 5064/5063/709 5065/5065/708
f 5063/5064/709 5065/5065/708 5066/5066/722
f 5067/5067/710 5063/5064/709 5066/5066/722
f 5066/5066/722 5065/5065/708 5068/5068/707
f 5062/5062/710 5063/5064/709 5069/5069/707
f 5070/5070/722 5062/5062/710 5069/5069/707
f 5069/5069/707 5063/5064/709 5071/5071/708
f 5072/5072/4845 5074/5073/4846 5073/5074/4847
f 5074/5073/4846 5075/5075/4848 5073/5074/4847
f 5076/5076/4849 5078/5077/4850 5077/5078/4851
f 5076/5076/4849 5079/5079/4852 5078/5077/4850
f 5080/5080/4853 5076/5076/4849 5077/5078/4851
f 5081/5081/4854 5080/5080/4853 5077/5078/4851
f 5082/5082/4855 5080/5080/4853 5081/5081/4854
f 5082/5082/4855 5081/5081/4854 5083/5083/4856
f 5084/5084/4857 5086/5085/4858 5085/5086/4859
f 5087/5087/4860 5084/5084/4857 5085/5086/4859
f 5088/5088/4861 5090/5089/4862 5089/5090/4863
f 5091/5091/4864 5088/5088/4861 5089/5090/4863
f 5092/5092/4865 5094/5093/4866 5093/5094/4867
f 5094/5093/4866 5095/5095/4868 5093/5094/4867
f 5096/5096/4869 5098/5097/4870 5097/5098/4871
f 5098/5097/4870 5099/5099/4872 5097/5098/4871
f 5099/5099/4872 5098/5097/4870 5100/5100/4873
f 5100/5100/4873 5101/5101/4874 5099/5099/4872
f 5101/5101/4874 5102/5102/4875 5099/5099/4872
f 5101/5101/4874 5103/5103/4876 5102/5102/4875
f 5104/5104/4877 5106/5105/4878 5105/5106/4879
f 5107/5107/4880 5104/5104/4877 5105/5106/4879
f 5108/5108/4881 5110/5109/4882 5109/5110/4883
f 5109/5110/4883 5111/5111/4884 5108/5108/4881
f 5111/5111/4884 5112/5112/4885 5108/5108/4881
f 5112/5112/4885 5113/5113/4886 5108/5108/4881
f 5112/5112/4885 5114/5114/4887 5113/5113/4886
f 5115/5115/4888 5117/5116/4889 5116/5117/4890
f 5115/5115/4888 5118/5118/4891 5117/5116/4889
f 5115/5115/4888 5119/5119/4892 5118/5118/4891
f 5119/5119/4892 5120/5120/4893 5118/5118/4891
f 5121/5121/4894 5123/5122/4895 5122/5123/4896
f 5124/5124/4897 5126/5125/4898 5125/5126/4899
f 5127/5127/4900 5126/5125/4898 5124/5124/4897
f 5128/5128/4901 5130/5129/4902 5129/5130/4903
f 5131/5131/4904 5128/5128/4901 5129/5130/4903
f 5131/5131/4904 5132/5132/4905 5128/5128/4901
f 5133/5133/4906 5135/5134/4907 5134/5135/4908
f 5136/5136/4909 5133/5133/4906 5134/5135/4908
f 5136/5136/4909 5137/5137/4910 5133/5133/4906
f 5138/5138/4911 5140/5139/4912 5139/5140/4913
f 5141/5141/4914 5140/5139/4912 5138/5138/4911
f 5142/5142/4915 5144/5143/4916 5143/5144/4917
f 5142/5142/4915 5145/5145/4918 5144/5143/4916
f 5142/5142/4915 5146/5146/4919 5145/5145/4918
f 5147/5147/4920 5146/5146/4919 5142/5142/4915
f 5147/5147/4920 5148/5148/4921 5146/5146/4919
f 5148/5148/4921 5147/5147/4920 5149/5149/4922
f 5148/5148/4921 5149/5149/4922 5150/5150/4923
f 5150/5150/4923 5149/5149/4922 5151/5151/4924
f 5152/5152/4925 2331/2331/2225 5153/5153/4926
f 2331/2331/2225 2311/2311/2206 5153/5153/4926
f 2331/2331/2225 5152/5152/4925 2330/2330/2224
f 5153/5153/4926 2311/2311/2206 2320/2320/2215
f 5154/5154/4927 5156/5155/4928 5155/5156/4929
f 5157/5157/4930 5159/5158/4931 5158/5159/4932
f 5160/5160/4933 5159/5158/4931 5157/5157/4930
f 5160/5160/4933 5161/5161/4934 5159/5158/4931
f 5161/5161/4934 5160/5160/4933 5162/5162/4935
f 5161/5161/4934 5162/5162/4935 5163/5163/4936
f 5164/5164/4937 5166/5165/4938 5165/5166/4939
f 5167/5167/4940 5166/5165/4938 5164/5164/4937
f 5168/5168/4941 5170/5169/4942 5169/5170/4943
f 5169/5170/4943 5170/5169/4942 5171/5171/4944
f 5168/5168/4941 5172/5172/4945 5170/5169/4942
f 5171/5171/4944 5170/5169/4942 5173/5173/4946
f 5173/5173/4946 5174/5174/4947 5171/5171/4944
f 5175/5175/4948 5174/5174/4947 5173/5173/4946
f 5175/5175/4948 5176/5176/4949 5174/5174/4947
f 5176/5176/4949 5175/5175/4948 5177/5177/4950
f 5178/5178/4951 5180/5179/4952 5179/5180/4953
f 5181/5181/4954 5183/5182/4955 5182/5183/4956
f 5182/5183/4956 5184/5184/4957 5181/5181/4954
f 5184/5184/4957 5185/5185/4958 5181/5181/4954
f 5185/5185/4958 5186/5186/4959 5181/5181/4954
f 5181/5181/4954 5186/5186/4959 5187/5187/4960
f 5185/5185/4958 5188/5188/4961 5186/5186/4959
f 5189/5189/4962 5191/5190/4963 5190/5191/4964
f 5191/5190/4963 5189/5189/4962 5192/5192/4965
f 5193/5193/4966 5195/5194/4967 5194/5195/4968
f 5196/5196/4969 5193/5193/4966 5194/5195/4968
f 5197/5197/710 5199/5198/709 5198/5199/722
f 5199/5198/709 5200/5200/708 5198/5199/722
f 5199/5198/709 5201/5201/709 5200/5200/708
f 5202/5202/710 5201/5201/709 5199/5198/709
f 5198/5199/722 5200/5200/708 5203/5203/707
f 5202/5202/710 5199/5198/709 5204/5204/707
f 5205/5205/722 5202/5202/710 5204/5204/707
f 5204/5204/707 5199/5198/709 5206/5206/708
f 5207/5207/4970 5209/5208/4971 5208/5209/4972
f 5207/5207/4970 5210/5210/4973 5209/5208/4971
f 5211/5211/4974 5213/5212/4975 5212/5213/4976
f 5214/5214/4977 5211/5211/4974 5212/5213/4976
f 5215/5215/4978 5217/5216/4979 5216/5217/4980
f 5218/5218/4981 5215/5215/4978 5216/5217/4980
f 5219/5219/4982 5221/5220/4983 5220/5221/4984
f 5222/5222/4985 5219/5219/4982 5220/5221/4984
f 5223/5223/4986 5225/5224/4987 5224/5225/4988
f 5225/5224/4987 5226/5226/4989 5224/5225/4988
f 55/55/55 5228/5227/4990 5227/5228/4991
f 55/55/55 53/53/53 5228/5227/4990
f 53/53/53 51/52/52 5228/5227/4990
f 5229/5229/4992 5231/5230/4993 5230/5231/4994
f 5232/5232/4995 5229/5229/4992 5230/5231/4994
f 5233/5233/4996 5235/5234/4997 5234/5235/4998
f 5233/5233/4996 5236/5236/4999 5235/5234/4997
f 5236/5236/4999 5237/5237/5000 5235/5234/4997
f 5237/5237/5000 5238/5238/5001 5235/5234/4997
f 5237/5237/5000 5239/5239/5002 5238/5238/5001
f 5239/5239/5002 5240/5240/5003 5238/5238/5001
f 5241/5241/766 5233/5233/4996 5234/5235/4998
f 5242/5242/5004 5244/5243/5005 5243/5244/5006
f 5245/5245/5007 5242/5242/5004 5243/5244/5006
f 5245/5245/5007 5243/5244/5006 5246/5246/5008
f 5247/5247/1269 5245/5245/5007 5246/5246/5008
f 5248/5248/5009 5247/5247/1269 5246/5246/5008
f 5248/5248/5009 5246/5246/5008 5249/5249/5010
f 5250/5250/766 5248/5248/5009 5249/5249/5010
f 5251/5251/5011 5253/5252/5012 5252/5253/5013
f 5253/5252/5012 5254/5254/5014 5252/5253/5013
f 5255/5255/5015 5257/5256/5016 5256/5257/5017
f 5258/5258/5018 5260/5259/5019 5259/5260/5020
f 5258/5258/5018 5259/5260/5020 5261/5261/5021
f 5262/5262/5022 5258/5258/5018 5261/5261/5021
f 5263/5263/5023 5265/5264/5024 5264/5265/5025
f 5265/5264/5024 5266/5266/5026 5264/5265/5025
f 5263/5263/5023 5267/5267/5027 5265/5264/5024
f 5266/5266/5026 5268/5268/5028 5264/5265/5025
f 5266/5266/5026 5269/5269/5029 5268/5268/5028
f 5269/5269/5029 5266/5266/5026 5270/5270/5030
f 5269/5269/5029 5271/5271/5031 5268/5268/5028
f 5268/5268/5028 5271/5271/5031 5272/5272/5032
f 5264/5265/5025 5268/5268/5028 5273/5273/5033
f 5274/5274/5034 5264/5265/5025 5273/5273/5033
f 5275/5275/5035 5274/5274/5034 5273/5273/5033
f 5276/5276/5036 5278/5277/5037 5277/5278/5038
f 5277/5278/5038 5278/5277/5037 5279/5279/5039
f 5280/5280/5040 5276/5276/5036 5277/5278/5038
f 5281/5281/5041 5283/5282/5042 5282/5283/5043
f 5284/5284/5044 5281/5281/5041 5282/5283/5043
f 5285/5285/5045 5287/5286/5046 5286/5287/5047
f 5288/5288/5048 5290/5289/5049 5289/5290/5050
f 5288/5288/5048 5291/5291/5051 5290/5289/5049
f 5292/5292/5052 5294/5293/5053 5293/5294/5054
f 5294/5293/5053 5295/5295/5055 5293/5294/5054
f 5296/5296/5056 5298/5297/5057 5297/5298/5058
f 5299/5299/5059 5296/5296/5056 5297/5298/5058
f 5300/5300/5060 5302/5301/5061 5301/5302/5062
f 5300/5300/5060 5301/5302/5062 5303/5303/5063
f 5304/5304/5064 5306/5305/5065 5305/5306/5066
f 5307/5307/5067 5304/5304/5064 5305/5306/5066
f 5308/5308/5068 5310/5309/5069 5309/5310/5070
f 5308/5308/5068 5309/5310/5070 5311/5311/5071
f 5310/5309/5069 5308/5308/5068 5312/5312/5072
f 5313/5313/5073 2328/2328/2222 5314/5314/5074
f 5313/5313/5073 5314/5314/5074 5315/5315/5075
f 2328/2328/2222 5316/5316/5076 5314/5314/5074
f 5315/5315/5075 2334/2334/2227 5313/5313/5073
f 2328/2328/2222 2327/2327/2221 5316/5316/5076
f 5315/5315/5075 2333/2333/2226 2334/2334/2227
f 5317/5317/5077 5319/5318/5078 5318/5319/5079
f 5317/5317/5077 5318/5319/5079 5320/5320/5080
f 5321/5321/5081 5323/5322/5082 5322/5323/5083
f 5324/5324/5084 5321/5321/5081 5322/5323/5083
f 5324/5324/5084 5325/5325/5085 5321/5321/5081
f 5325/5325/5085 5326/5326/5086 5321/5321/5081
f 5321/5321/5081 5326/5326/5086 5327/5327/5087
f 5321/5321/5081 5327/5327/5087 5328/5328/5088
f 5329/5329/5089 5331/5330/5090 5330/5331/5091
f 5332/5332/5092 5329/5329/5089 5330/5331/5091
f 5333/5333/5093 5331/5330/5090 5329/5329/5089
f 5334/5334/5094 5329/5329/5089 5332/5332/5092
f 5330/5331/5091 5335/5335/5095 5332/5332/5092
f 5336/5336/5096 5338/5337/5097 5337/5338/5098
f 5339/5339/5099 5336/5336/5096 5337/5338/5098
f 5340/5340/5100 5342/5341/5101 5341/5342/5102
f 5342/5341/5101 5343/5343/5103 5341/5342/5102
f 5344/5344/5104 5346/5345/5105 5345/5346/5106
f 5344/5344/5104 5347/5347/5107 5346/5345/5105
f 5347/5347/5107 5348/5348/5108 5346/5345/5105
f 5347/5347/5107 5349/5349/5109 5348/5348/5108
f 5350/5350/5110 5348/5348/5108 5349/5349/5109
f 5348/5348/5108 5350/5350/5110 5351/5351/5111
f 5347/5347/5107 5344/5344/5104 5352/5352/5112
f 5350/5350/5110 5353/5353/5113 5351/5351/5111
f 5351/5351/5111 5353/5353/5113 5354/5354/5114
f 5355/5355/5115 5357/5356/5116 5356/5357/5117
f 5358/5358/5118 5360/5359/5119 5359/5360/5120
f 5361/5361/5121 5363/5362/5122 5362/5363/5123
f 5364/5364/5124 5366/5365/5125 5365/5366/5126
f 5367/5367/5127 5369/5368/5128 5368/5369/5129
f 5368/5369/5129 5369/5368/5128 5370/5370/5130
f 5371/5371/5131 5373/5372/5132 5372/5373/5133
f 5373/5372/5132 5371/5371/5131 5374/5374/5134
f 5375/5375/5135 5377/5376/5136 5376/5377/5137
f 5375/5375/5135 5376/5377/5137 5378/5378/5138
f 5379/5379/5139 5377/5376/5136 5375/5375/5135
f 5380/5380/5140 5379/5379/5139 5375/5375/5135
f 5381/5381/5141 5383/5382/5142 5382/5383/5143
f 5383/5382/5142 5384/5384/5144 5382/5383/5143
f 5385/5385/5145 5387/5386/5146 5386/5387/5147
f 5387/5386/5146 5388/5388/5148 5386/5387/5147
f 5389/5389/5149 5391/5390/5150 5390/5391/5151
f 5392/5392/5152 5394/5393/5153 5393/5394/5154
f 5393/5394/5154 5394/5393/5153 5395/5395/5155
f 5396/5396/5156 5398/5397/5157 5397/5398/5158
f 5399/5399/5159 5396/5396/5156 5397/5398/5158
f 5400/5400/5160 5398/5397/5157 5396/5396/5156
f 5401/5401/5161 5396/5396/5156 5399/5399/5159
f 5397/5398/5158 5402/5402/5162 5399/5399/5159
f 5403/5403/5163 5405/5404/5164 5404/5405/5165
f 5405/5404/5164 5403/5403/5163 5406/5406/5166
f 5407/5407/5167 5409/5408/5168 5408/5409/5169
f 5407/5407/5167 5408/5409/5169 5410/5410/5170
f 5411/5411/5171 5407/5407/5167 5410/5410/5170
f 5412/5412/5172 5414/5413/5173 5413/5414/5174
f 5415/5415/5175 5417/5416/5176 5416/5417/5177
f 5418/5418/5178 5415/5415/5175 5416/5417/5177
f 5419/5419/5179 5421/5420/5180 5420/5421/5181
f 5421/5420/5180 5422/5422/5182 5420/5421/5181
f 5421/5420/5180 5423/5423/5183 5422/5422/5182
f 5424/5424/5184 5421/5420/5180 5419/5419/5179
f 5425/5425/5185 5424/5424/5184 5419/5419/5179
f 5423/5423/5183 5426/5426/5186 5422/5422/5182
f 5427/5427/5187 5429/5428/5188 5428/5429/5189
f 5429/5428/5188 5430/5430/5190 5428/5429/5189
f 5429/5428/5188 5431/5431/5191 5430/5430/5190
f 5432/5432/5192 5429/5428/5188 5427/5427/5187
f 5433/5433/5193 5432/5432/5192 5427/5427/5187
f 5431/5431/5191 5434/5434/5194 5430/5430/5190
f 5435/5435/5195 5437/5436/5196 5436/5437/5197
f 5436/5437/5197 5437/5436/5196 5438/5438/5198
f 5439/5439/5199 5441/5440/5200 5440/5441/5201
f 5440/5441/5201 5441/5440/5200 5442/5442/5202
f 5443/5443/5203 5445/5444/5204 5444/5445/5205
f 5445/5444/5204 5443/5443/5203 5446/5446/5206
f 1873/1873/1787 5446/5446/5206 5443/5443/5203
f 5444/5445/5205 5445/5444/5204 5447/5447/5207
f 5447/5447/5207 1871/1871/1785 5444/5445/5205
f 1868/1868/1782 5444/5445/5205 1871/1871/1785
f 1868/1868/1782 1869/1869/1783 5444/5445/5205
f 1869/1869/1783 5443/5443/5203 5444/5445/5205
f 1873/1873/1787 5443/5443/5203 1869/1869/1783
f 5448/5448/5208 5450/5449/5209 5449/5450/5210
f 5451/5451/5211 5450/5449/5209 5448/5448/5208
f 5452/5452/5212 5449/5450/5210 5450/5449/5209
f 5453/5453/5213 3157/3157/3014 5454/5454/5214
f 3157/3157/3014 3160/3160/3017 5454/5454/5214
f 5455/5455/5215 890/890/839 5456/5456/5216
f 5455/5455/5215 5457/5457/5217 890/890/839
f 5456/5456/5216 890/890/839 888/889/838
f 5458/5458/5218 5460/5459/5219 5459/5460/5220
f 5461/5461/5221 5463/5462/5222 5462/5463/5223
f 5464/5464/5224 5466/5465/5225 5465/5466/5226
f 5467/5467/5227 5464/5464/5224 5465/5466/5226
f 5467/5467/5227 5465/5466/5226 5468/5468/5228
f 5469/5469/5229 5471/5470/5230 5470/5471/5231
f 5472/5472/5232 5474/5473/5233 5473/5474/5234
f 5472/5472/5232 5473/5474/5234 5475/5475/5235
f 5476/5476/5236 5478/5477/5237 5477/5478/5238
f 5479/5479/4402 224/224/224 5480/5480/4363
f 5479/5479/4402 5480/5480/4363 233/233/233
f 233/233/233 243/243/243 5479/5479/4402
f 224/224/224 225/225/225 5480/5480/4363
f 233/233/233 5481/5481/5239 231/231/231
f 5481/5481/5239 222/222/222 231/231/231
f 5481/5481/5239 5482/5482/5240 222/222/222
f 5483/5483/5241 5485/5484/5242 5484/5485/5243
f 5485/5484/5242 5483/5483/5241 5486/5486/5244
f 5487/5487/5245 5489/5488/5246 5488/5489/5247
f 5489/5488/5246 5487/5487/5245 5490/5490/5248
f 5487/5487/5245 5491/5491/5249 5490/5490/5248
f 5492/5492/5250 5494/5493/5251 5493/5494/5252
f 5494/5493/5251 5492/5492/5250 5495/5495/5253
f 5496/5496/5254 5498/5497/5255 5497/5498/5256
f 5498/5497/5255 5496/5496/5254 5499/5499/5257
f 5496/5496/5254 5500/5500/5258 5499/5499/5257
f 5501/5501/5259 5503/5502/5260 5502/5503/5261
f 5504/5504/5262 5506/5505/5263 5505/5506/5264
f 5507/5507/5265 5509/5508/5266 5508/5509/5267
f 5509/5508/5266 5507/5507/5265 5510/5510/5268
f 5511/5511/5269 5513/5512/5270 5512/5513/5271
f 5512/5513/5271 5514/5514/5272 5511/5511/5269
f 5515/5515/5273 5517/5516/5274 5516/5517/5275
f 5517/5516/5274 5515/5515/5273 5518/5518/5276
f 5519/5519/5277 5521/5520/5278 5520/5521/5279
f 5520/5521/5279 5522/5522/5280 5519/5519/5277
f 5523/5523/5281 5525/5524/5282 5524/5525/5283
f 5526/5526/5284 5528/5527/5285 5527/5528/5286
f 5528/5527/5285 5526/5526/5284 5529/5529/5287
f 5530/5530/5288 5532/5531/5289 5531/5532/5290
f 5533/5533/5291 5535/5534/5292 5534/5535/5293
f 5535/5534/5292 5536/5536/5294 5534/5535/5293
f 5537/5537/5295 5539/5538/5296 5538/5539/5297
f 5537/5537/5295 5540/5540/5298 5539/5538/5296
f 5541/5541/5299 5543/5542/5300 5542/5543/5301
f 5542/5543/5301 5544/5544/5302 5541/5541/5299
f 5545/5545/5303 5547/5546/5304 5546/5547/5305
f 5546/5547/5305 5548/5548/5306 5545/5545/5303
f 5549/5549/5307 5551/5550/5308 5550/5551/5309
f 5551/5550/5308 5552/5552/5310 5550/5551/5309
f 5553/5553/5311 5555/5554/5312 5554/5555/5313
f 5556/5556/5314 5553/5553/5311 5554/5555/5313
f 5557/5557/5315 5559/5558/5316 5558/5559/5317
f 5560/5560/5318 5557/5557/5315 5558/5559/5317
f 5561/5561/5319 5563/5562/5320 5562/5563/5321
f 5563/5562/5320 5564/5564/5322 5562/5563/5321
f 5565/5565/5323 5567/5566/5324 5566/5567/5325
f 5567/5566/5324 5568/5568/5326 5566/5567/5325
f 5569/5569/5327 5571/5570/5328 5570/5571/5329
f 5571/5570/5328 5572/5572/5330 5570/5571/5329
f 5573/5573/5331 5575/5574/5332 5574/5575/5333
f 5576/5576/5334 5578/5577/5335 5577/5578/5336
f 5578/5577/5335 5579/5579/5337 5577/5578/5336
f 5580/5580/5338 5582/5581/5339 5581/5582/5340
f 5582/5581/5339 5583/5583/5341 5581/5582/5340
f 5584/5584/5342 5586/5585/5343 5585/5586/5344
f 5587/5587/5345 5589/5588/5346 5588/5589/5347
f 5589/5588/5346 5590/5590/5348 5588/5589/5347
f 5591/5591/5349 5593/5592/5350 5592/5593/5351
f 5594/5594/5352 5591/5591/5349 5592/5593/5351
f 5595/5595/5353 5597/5596/5354 5596/5597/5355
f 5598/5598/5356 5600/5599/5357 5599/5600/5358
f 5600/5599/5357 5598/5598/5356 5601/5601/5359
f 5602/5602/5360 5600/5599/5357 5601/5601/5359
f 5603/5603/5361 5605/5604/5362 5604/5605/5363
f 5603/5603/5361 5604/5605/5363 5606/5606/5364
f 5607/5607/5365 5603/5603/5361 5606/5606/5364
f 5608/5608/5366 5610/5609/5367 5609/5610/5368
f 5611/5611/5369 5613/5612/5370 5612/5613/5371
f 5611/5611/5369 5614/5614/5372 5613/5612/5370
f 5615/5615/5373 5617/5616/5374 5616/5617/5375
f 5615/5615/5373 5618/5618/5376 5617/5616/5374
f 5619/5619/5377 5621/5620/5378 5620/5621/5379
f 5620/5621/5379 5622/5622/5380 5619/5619/5377
f 5623/5623/5381 5625/5624/5382 5624/5625/4896
f 5626/5626/5383 5628/5627/5384 5627/5628/5385
f 5626/5626/5383 5629/5629/5386 5628/5627/5384
f 5626/5626/5383 5630/5630/5387 5629/5629/5386
f 5630/5630/5387 5631/5631/5388 5629/5629/5386
f 5632/5632/5389 5634/5633/5390 5633/5634/5391
f 5635/5635/5392 5634/5633/5390 5632/5632/5389
f 5636/5636/5393 5638/5637/5394 5637/5638/5395
f 5639/5639/5396 5641/5640/5397 5640/5641/5398
f 5642/5642/5399 5644/5643/5400 5643/5644/5401
f 5645/5645/5402 5644/5643/5400 5642/5642/5399
f 5643/5644/5401 5646/5646/5403 5642/5642/5399
f 5647/5647/5404 5646/5646/5403 5643/5644/5401
f 5648/5648/5405 5647/5647/5404 5643/5644/5401
f 5647/5647/5404 5648/5648/5405 5649/5649/5406
f 5647/5647/5404 5649/5649/5406 5650/5650/5407
f 5651/5651/5408 5653/5652/5409 5652/5653/5410
f 5654/5654/5411 5656/5655/5412 5655/5656/5413
f 5655/5656/5413 5656/5655/5412 5657/5657/5414
f 5654/5654/5411 5658/5658/5415 5656/5655/5412
f 5658/5658/5415 5654/5654/5411 5659/5659/5416
f 5654/5654/5411 5660/5660/5417 5659/5659/5416
f 5659/5659/5416 5660/5660/5417 5661/5661/5418
f 5659/5659/5416 5661/5661/5418 5662/5662/5419
f 5663/5663/5420 5665/5664/5421 5664/5665/5422
f 5666/5666/5423 5668/5667/5424 5667/5668/5425
f 5668/5667/5424 5669/5669/5426 5667/5668/5425
f 5670/5670/5427 5672/5671/5428 5671/5672/5429
f 5672/5671/5428 5673/5673/5430 5671/5672/5429
f 5674/5674/5431 5676/5675/5432 5675/5676/5433
f 5677/5677/5434 5679/5678/5435 5678/5679/5436
f 5680/5680/5437 5682/5681/5438 5681/5682/5439
f 5683/5683/5440 5685/5684/5441 5684/5685/5442
f 705/705/696 5686/5686/764 696/696/690
f 5686/5686/764 694/694/688 696/696/690
f 5687/5687/5443 5689/5688/5444 5688/5689/5445
f 5690/5690/5446 5692/5691/5447 5691/5692/5448
f 5690/5690/5446 5691/5692/5448 5693/5693/5449
f 5692/5691/5447 5690/5690/5446 5694/5694/5450
f 5695/5695/5451 5697/5696/5452 5696/5697/5453
f 5696/5697/5453 5698/5698/5454 5695/5695/5451
f 5696/5697/5453 5699/5699/5455 5698/5698/5454
f 5697/5696/5452 5700/5700/5456 5696/5697/5453
f 5699/5699/5455 5701/5701/5457 5698/5698/5454
f 5699/5699/5455 5702/5702/5458 5701/5701/5457
f 5699/5699/5455 5703/5703/5459 5702/5702/5458
f 5702/5702/5458 5703/5703/5459 5704/5704/5460
f 5705/5705/5461 5707/5706/5462 5706/5707/5463
f 5706/5707/5463 5708/5708/5464 5705/5705/5461
f 5706/5707/5463 5709/5709/5465 5708/5708/5464
f 5707/5706/5462 5710/5710/5466 5706/5707/5463
f 5709/5709/5465 5711/5711/5467 5708/5708/5464
f 5709/5709/5465 5712/5712/5468 5711/5711/5467
f 5709/5709/5465 5713/5713/5469 5712/5712/5468
f 5714/5714/5470 5712/5712/5468 5713/5713/5469
f 5715/5715/5471 5717/5716/5472 5716/5717/5473
f 5718/5718/5474 5715/5715/5471 5716/5717/5473
f 5719/5719/5475 5721/5720/5476 5720/5721/5477
f 1242/1242/1182 1217/1217/1158 1212/1212/1153
f 1242/1242/1182 1212/1212/1153 1241/1241/1181
f 1212/1212/1153 1213/1213/1154 1241/1241/1181
f 1213/1213/1154 1238/1238/1178 1241/1241/1181
f 1238/1238/1178 1213/1213/1154 1236/1236/1176
f 1213/1213/1154 1214/1214/1155 1236/1236/1176
f 1236/1236/1176 1214/1214/1155 1232/1232/1172
f 1214/1214/1155 1221/1221/1161 1232/1232/1172
f 2044/2044/1953 5723/5722/5478 5722/5723/5479
f 2044/2044/1953 5722/5723/5479 2046/2045/1954
f 5724/5724/5480 5725/5725/5481 3044/3044/2901
f 5725/5725/5481 3048/3048/2905 3044/3044/2901
f 5726/5726/5482 5728/5727/5483 5727/5728/5484
f 5729/5729/5485 5731/5730/5486 5730/5731/5487
f 5732/5732/5488 5734/5733/5489 5733/5734/5490
f 5735/5735/5491 5737/5736/5492 5736/5737/5493
f 2777/2777/2645 2778/2778/2646 5738/5738/5494
f 5739/5739/5495 5741/5740/5496 5740/5741/5497
f 5739/5739/5495 5740/5741/5497 5742/5742/5498
f 5743/5743/5499 5745/5744/5500 5744/5745/5501
f 5743/5743/5499 5744/5745/5501 5746/5746/5502
f 5747/5747/5503 5749/5748/5504 5748/5749/5505
f 5750/5750/5506 5752/5751/5507 5751/5752/5508
f 5753/5753/5509 5755/5754/5510 5754/5755/5511
f 5753/5753/5509 5756/5756/5512 5755/5754/5510
f 5757/5757/5513 5759/5758/5514 5758/5759/5515
f 5758/5759/5515 5759/5758/5514 5760/5760/5516
f 5761/5761/5517 5763/5762/5518 5762/5763/5519
f 5764/5764/5520 5766/5765/5521 5765/5766/5522
f 5765/5766/5522 5766/5765/5521 5767/5767/5523
f 5768/5768/5524 5770/5769/5525 5769/5770/5526
f 5771/5771/5527 5773/5772/5528 5772/5773/5529
f 5771/5771/5527 5774/5774/5530 5773/5772/5528
f 261/261/261 262/262/262 5775/5775/5531
f 5776/5776/5532 5778/5777/5533 5777/5778/5534
f 5778/5777/5533 5776/5776/5532 5779/5779/5535
f 5778/5777/5533 5779/5779/5535 5780/5780/5536
f 5781/5781/5537 5778/5777/5533 5780/5780/5536
f 5782/5782/5538 5784/5783/5539 5783/5784/5540
f 5785/5785/5541 5787/5786/5542 5786/5787/5543
f 1421/1421/1337 1422/1422/1338 5788/5788/5544
f 5789/5789/5545 5791/5790/5546 5790/5791/5547
f 5791/5790/5546 5789/5789/5545 5792/5792/5548
f 5791/5790/5546 5792/5792/5548 5793/5793/5549
f 5794/5794/5550 5791/5790/5546 5793/5793/5549
f 5795/5795/5551 5797/5796/5552 5796/5797/5553
f 5798/5798/5554 5800/5799/5555 5799/5800/5556
f 5801/5801/5557 5803/5802/5558 5802/5803/5559
f 5803/5802/5558 5801/5801/5557 5804/5804/5560
f 5805/5805/5561 5803/5802/5558 5804/5804/5560
f 5806/5806/5562 5808/5807/5563 5807/5808/5564
f 5808/5807/5563 5806/5806/5562 5809/5809/5565
f 5810/5810/5566 5806/5806/5562 5807/5808/5564
f 1219/1219/1159 1198/1198/224 1199/1199/1140
f 5811/5811/5567 5812/5812/5568 1197/1197/1139
f 5811/5811/5567 1197/1197/1139 1205/1205/1146
f 1207/1207/1148 5811/5811/5567 1205/1205/1146
f 5813/5813/5569 5815/5814/5570 5814/5815/5571
f 5816/5816/5572 5815/5814/5570 5813/5813/5569
f 139/139/139 153/153/153 132/132/132
f 1256/1256/1196 1239/1239/1179 1252/1252/1192
f 1239/1239/1179 1256/1256/1196 1240/1240/1180
f 5/5/5 2/3/3 5817/5817/5573
f 5818/5818/5574 5820/5819/5575 5819/5820/5576
f 5821/5821/5577 5823/5822/5578 5822/5823/5579
f 5824/5824/5580 5826/5825/5581 5825/5826/5582
f 5824/5824/5580 5825/5826/5582 5827/5827/5583
f 5827/5827/5583 5825/5826/5582 5828/5828/5584
f 5825/5826/5582 5829/5829/5585 5828/5828/5584
f 2519/2519/2392 10/10/10 9/9/9
f 5830/5830/5586 5832/5831/5587 5831/5832/5588
f 5833/5833/5589 5835/5834/5590 5834/5835/5591
f 5834/5835/5591 5835/5834/5590 5836/5836/5592
f 5835/5834/5590 5837/5837/5593 5836/5836/5592
f 2446/2446/2319 2433/2433/2306 2430/2430/2303
f 4109/4108/3936 4133/4133/3960 4112/4112/3940
f 1204/1204/1145 1231/1231/1171 1209/1209/1150
f 1204/1204/1145 1203/1203/1144 1231/1231/1171
f 5838/5838/5594 5840/5839/5595 5839/5840/5596
f 23/23/23 24/24/24 5841/5841/5597
f 5842/5842/5598 5844/5843/5599 5843/5844/5600
f 2397/2397/802 2396/2396/354 5845/5845/5601
f 2049/2049/741 2048/2048/359 5846/5846/691
f 5847/5847/5602 5849/5848/5603 5848/5849/5604
f 5850/5850/5605 5852/5851/5606 5851/5852/5607
f 5853/5853/5608 5855/5854/5609 5854/5855/5610
