# Blender v3.0.0 OBJ File: ''
# www.blender.org
mtllib 8.mtl
o 8
v 0.000003 0.208475 -0.135586
v 0.007337 0.205345 -0.144817
v 0.000003 0.205557 -0.138002
v 0.001997 0.210468 -0.135380
v 0.011711 0.210849 -0.142521
v 0.007337 0.205345 -0.144817
v 0.000003 0.204240 -0.182006
v 0.000003 0.205557 -0.138002
v 0.008902 0.204415 -0.175772
v 0.013940 0.204240 -0.181469
v -0.008902 0.204415 -0.175772
v -0.007337 0.205345 -0.144817
v -0.013940 0.204240 -0.181469
v 0.066487 0.205557 -0.120924
v 0.087691 0.204240 -0.159485
v 0.076883 0.204415 -0.158319
v 0.063345 0.205345 -0.130433
v 0.076201 0.205345 -0.123364
v 0.075216 0.204240 -0.165731
v 0.092494 0.204415 -0.149740
v 0.099647 0.204240 -0.152302
v -0.008902 0.204415 0.175772
v 0.000003 0.204240 0.182006
v -0.007337 0.205345 0.144817
v 0.000003 0.205557 0.138002
v -0.013940 0.204240 0.181469
v 0.008902 0.204415 0.175772
v 0.007337 0.205345 0.144817
v 0.013940 0.204240 0.181469
v -0.066487 0.205557 0.120924
v -0.076883 0.204415 0.158319
v -0.063345 0.205345 0.130433
v -0.087691 0.204240 0.159485
v -0.076201 0.205345 0.123364
v -0.075216 0.204240 0.165731
v -0.092494 0.204415 0.149740
v -0.099647 0.204240 0.152302
v -0.096088 0.210432 -0.046998
v -0.136111 0.209055 -0.046998
v -0.095641 0.252696 -0.046998
v -0.136111 0.252696 -0.046998
v -0.095641 0.208934 -0.047257
v -0.135465 0.207369 -0.047493
v -0.094512 0.207267 -0.048490
v -0.133737 0.206040 -0.048846
v -0.094034 0.206499 -0.050344
v -0.089884 0.206650 -0.047922
v -0.086036 0.206650 -0.054513
v -0.136130 0.204929 -0.082157
v -0.151136 0.204367 -0.093581
v -0.116526 0.205557 -0.073929
v -0.118350 0.205345 -0.083776
v -0.143651 0.204415 -0.101689
v -0.151118 0.204240 -0.101435
v -0.145759 0.204240 -0.108992
v -0.142829 0.204929 -0.069864
v -0.134722 0.205309 -0.057032
v -0.144086 0.205037 -0.060149
v -0.132463 0.205478 -0.050344
v -0.147692 0.204935 -0.058911
v -0.147704 0.205708 -0.056808
v -0.144056 0.206101 -0.058101
v -0.147753 0.207847 -0.055147
v -0.150429 0.203835 -0.054906
v -0.144140 0.208112 -0.056784
v -0.136033 0.205738 -0.055806
v -0.137120 0.207091 -0.054676
v -0.144140 0.208112 -0.056784
v -0.150677 0.205962 -0.053812
v -0.150689 0.250697 -0.053788
v -0.144140 0.248697 -0.056778
v -0.144140 0.208112 -0.056784
v -0.134619 0.206892 -0.049474
v -0.137120 0.207091 -0.054676
v -0.144291 0.253657 -0.056386
v -0.151239 0.257801 -0.052229
v -0.144708 0.258448 -0.055238
v -0.145306 0.262707 -0.053510
v -0.152338 0.263698 -0.048913
v -0.146116 0.266700 -0.051106
v -0.149849 0.285361 -0.037549
v -0.154996 0.276040 -0.039694
v -0.156368 0.283658 -0.033900
v -0.150743 0.290188 -0.033514
v -0.157195 0.287911 -0.029847
v -0.151577 0.293360 -0.029750
v -0.158113 0.291173 -0.024512
v -0.152423 0.295807 -0.025485
v -0.153281 0.297601 -0.020767
v -0.158675 0.292635 -0.020567
v -0.159171 0.293499 -0.016272
v -0.154332 0.298688 -0.014333
v -0.159503 0.293704 -0.012315
v -0.155002 0.298700 0.000003
v -0.159998 0.293698 0.000003
v -0.154338 0.298712 0.014139
v -0.159497 0.293716 0.012466
v -0.158863 0.293076 0.019196
v -0.153262 0.297583 0.020839
v -0.152423 0.295788 0.025527
v -0.158089 0.291106 0.024645
v -0.151559 0.293330 0.029810
v -0.157413 0.288775 0.028669
v -0.150719 0.290086 0.033610
v -0.156645 0.285077 0.032771
v -0.149831 0.285391 0.037519
v -0.154060 0.271376 0.043198
v -0.146116 0.266700 0.051106
v -0.151976 0.262018 0.050079
v -0.145306 0.262610 0.053534
v -0.151166 0.256998 0.052423
v -0.144756 0.258665 0.055153
v -0.144285 0.253693 0.056386
v -0.150689 0.250932 0.053788
v -0.144140 0.248697 0.056778
v -0.144134 0.208288 0.056778
v -0.147795 0.208390 0.055117
v -0.147644 0.206221 0.056162
v -0.144056 0.205998 0.058132
v -0.150677 0.205581 0.053818
v -0.150369 0.203871 0.055093
v -0.147868 0.204953 0.058476
v -0.152930 0.201890 0.053437
v -0.156029 0.203902 0.034680
v -0.141923 0.204929 0.071706
v -0.144424 0.201836 0.073386
v -0.158724 0.201836 0.032420
v -0.140074 0.201836 0.081384
v -0.136130 0.204929 0.082157
v -0.156766 0.203902 0.032021
v -0.161636 0.201836 0.010871
v -0.159636 0.203896 0.010811
v -0.159636 0.203902 -0.010781
v -0.161636 0.201836 -0.010871
v -0.156766 0.203902 -0.032021
v -0.158724 0.201836 -0.032420
v -0.156029 0.203902 -0.034680
v -0.152954 0.201836 -0.053383
v -0.147692 0.204935 -0.058911
v -0.144424 0.201836 -0.073386
v -0.142829 0.204929 -0.069864
v -0.140074 0.201836 -0.081384
v -0.136130 0.204929 -0.082157
v 0.015136 0.208904 0.102933
v 0.021190 0.209302 0.109977
v 0.025865 0.208898 0.100728
v 0.007893 0.209296 0.111723
v 0.001997 0.208898 0.103978
v 0.009433 0.210100 0.127708
v 0.001997 0.210474 0.135483
v 0.014744 0.210336 0.131979
v 0.011711 0.210849 0.142521
v 0.014049 0.211550 0.156368
v 0.016357 0.212220 0.169827
v 0.022096 0.211097 0.146345
v 0.024863 0.212069 0.165532
v 0.035845 0.212486 0.172045
v 0.032311 0.212945 0.182157
v 0.046013 0.212945 0.179185
v 0.051480 0.212486 0.168027
v 0.033006 0.210336 0.128542
v 0.059448 0.212945 0.175186
v 0.057968 0.212069 0.157032
v 0.067646 0.212251 0.157050
v 0.051148 0.211097 0.138890
v 0.050634 0.210336 0.122821
v 0.036812 0.211097 0.143355
v 0.058403 0.210849 0.130529
v 0.053262 0.210100 0.116453
v 0.063478 0.210468 0.119595
v 0.046913 0.209296 0.101707
v 0.048345 0.208898 0.092077
v 0.034438 0.209296 0.106582
v 0.037712 0.208898 0.096916
v 0.051855 0.208898 0.090168
v 0.069797 0.210100 0.107361
v 0.060747 0.209296 0.094101
v 0.067024 0.210474 0.117758
v 0.076509 0.210336 0.108551
v 0.078931 0.210849 0.119244
v 0.071567 0.209296 0.086157
v 0.061635 0.208898 0.083764
v 0.087649 0.211550 0.130251
v 0.105102 0.212559 0.142497
v 0.096372 0.212251 0.141259
v 0.089872 0.211097 0.117595
v 0.101538 0.212069 0.133073
v 0.114303 0.212486 0.133490
v 0.116079 0.212945 0.144050
v 0.126651 0.212945 0.134849
v 0.126065 0.212486 0.122434
v 0.090857 0.210336 0.096735
v 0.101326 0.211097 0.107881
v 0.103549 0.210336 0.083233
v 0.111735 0.211097 0.097061
v 0.134945 0.212245 0.105023
v 0.126452 0.212069 0.109675
v 0.136498 0.212945 0.124869
v 0.114067 0.210849 0.086241
v 0.102782 0.210100 0.076382
v 0.113306 0.210474 0.074255
v 0.090108 0.209296 0.066523
v 0.086725 0.208898 0.057388
v 0.081529 0.209290 0.076805
v 0.079741 0.208898 0.066758
v 0.071187 0.208898 0.075808
v -0.060747 0.209296 0.094101
v -0.069797 0.210100 0.107361
v -0.066976 0.210468 0.117674
v -0.051849 0.208898 0.090150
v -0.071543 0.209296 0.086181
v -0.078931 0.210849 0.119244
v -0.061635 0.208898 0.083764
v -0.076581 0.210336 0.108557
v -0.096366 0.212245 0.141259
v -0.089872 0.211097 0.117595
v -0.101326 0.211097 0.107881
v -0.101538 0.212069 0.133073
v -0.090857 0.210336 0.096735
v -0.114303 0.212486 0.133490
v -0.116079 0.212945 0.144050
v -0.126651 0.212945 0.134849
v -0.126071 0.212486 0.122440
v -0.136498 0.212945 0.124869
v -0.134637 0.212220 0.104794
v -0.126452 0.212069 0.109675
v -0.111735 0.211097 0.097061
v -0.103543 0.210336 0.083154
v -0.124506 0.211550 0.095635
v -0.114067 0.210849 0.086241
v -0.113330 0.210474 0.074268
v -0.102782 0.210100 0.076382
v -0.086706 0.208898 0.057376
v -0.090108 0.209296 0.066523
v -0.079952 0.208898 0.066480
v -0.081511 0.209296 0.076823
v -0.070377 0.208904 0.076612
v -0.036812 0.211097 0.143355
v -0.014804 0.210336 0.132022
v -0.033006 0.210336 0.128542
v -0.022096 0.211097 0.146345
v -0.016393 0.212251 0.170208
v -0.024863 0.212069 0.165532
v -0.032311 0.212945 0.182157
v -0.011711 0.210849 0.142521
v -0.035845 0.212486 0.172045
v -0.009433 0.210100 0.127708
v -0.001997 0.210468 0.135380
v -0.007893 0.209302 0.111723
v -0.001997 0.208898 0.103978
v -0.013650 0.208898 0.103096
v -0.021196 0.209302 0.109977
v -0.051148 0.211097 0.138890
v -0.050671 0.210336 0.122754
v -0.064016 0.212559 0.165085
v -0.063025 0.211550 0.143790
v -0.067646 0.212251 0.157050
v -0.057968 0.212069 0.157032
v -0.051480 0.212486 0.168033
v -0.046013 0.212945 0.179185
v -0.059448 0.212945 0.175186
v -0.058403 0.210849 0.130529
v -0.063526 0.210474 0.119679
v -0.053262 0.210100 0.116453
v -0.048345 0.208898 0.092077
v -0.046913 0.209296 0.101707
v -0.037428 0.208898 0.097037
v -0.034420 0.209296 0.106582
v -0.025865 0.208898 0.100728
v -0.018338 0.208898 0.102184
v -0.063478 0.210468 -0.119595
v -0.046913 0.209296 -0.101707
v -0.053262 0.210100 -0.116453
v -0.048345 0.208898 -0.092077
v -0.034438 0.209296 -0.106582
v -0.058403 0.210849 -0.130529
v -0.037712 0.208898 -0.096916
v -0.050634 0.210336 -0.122821
v -0.067646 0.212251 -0.157050
v -0.051148 0.211097 -0.138890
v -0.036812 0.211097 -0.143355
v -0.033006 0.210336 -0.128542
v -0.057968 0.212069 -0.157032
v -0.059448 0.212945 -0.175186
v -0.051480 0.212486 -0.168027
v -0.046013 0.212945 -0.179185
v -0.035845 0.212486 -0.172045
v -0.032311 0.212945 -0.182157
v -0.016357 0.212220 -0.169827
v -0.024863 0.212069 -0.165532
v -0.022096 0.211097 -0.146345
v -0.014744 0.210336 -0.131979
v -0.014049 0.211550 -0.156368
v -0.011711 0.210849 -0.142521
v -0.001997 0.210474 -0.135483
v -0.009433 0.210100 -0.127708
v -0.001997 0.208898 -0.103978
v -0.007893 0.209296 -0.111723
v -0.015136 0.208904 -0.102933
v -0.021190 0.209302 -0.109977
v -0.025865 0.208898 -0.100728
v -0.051855 0.208898 -0.090168
v -0.069797 0.210100 -0.107361
v -0.060747 0.209296 -0.094101
v -0.067024 0.210474 -0.117758
v -0.076509 0.210336 -0.108551
v -0.078931 0.210849 -0.119244
v -0.071567 0.209296 -0.086157
v -0.061635 0.208898 -0.083764
v -0.087649 0.211550 -0.130251
v -0.105102 0.212559 -0.142497
v -0.096372 0.212251 -0.141259
v -0.089872 0.211097 -0.117595
v -0.101538 0.212069 -0.133073
v -0.114303 0.212486 -0.133490
v -0.116079 0.212945 -0.144050
v -0.126651 0.212945 -0.134849
v -0.126065 0.212486 -0.122434
v -0.090857 0.210336 -0.096735
v -0.101326 0.211097 -0.107881
v -0.103549 0.210336 -0.083233
v -0.111735 0.211097 -0.097061
v -0.134945 0.212245 -0.105023
v -0.126452 0.212069 -0.109675
v -0.136498 0.212945 -0.124869
v -0.114067 0.210849 -0.086241
v -0.102782 0.210100 -0.076382
v -0.113306 0.210474 -0.074255
v -0.090108 0.209296 -0.066523
v -0.086725 0.208898 -0.057388
v -0.081529 0.209290 -0.076805
v -0.079741 0.208898 -0.066758
v -0.071187 0.208898 -0.075808
v 0.089872 0.211097 -0.117595
v 0.076581 0.210336 -0.108557
v 0.101326 0.211097 -0.107881
v 0.096366 0.212245 -0.141259
v 0.078931 0.210849 -0.119244
v 0.101538 0.212069 -0.133073
v 0.090857 0.210336 -0.096735
v 0.114303 0.212486 -0.133490
v 0.116079 0.212945 -0.144050
v 0.069797 0.210100 -0.107361
v 0.066976 0.210468 -0.117674
v 0.060747 0.209296 -0.094101
v 0.051849 0.208898 -0.090150
v 0.071543 0.209296 -0.086181
v 0.061635 0.208898 -0.083764
v 0.126651 0.212945 -0.134849
v 0.126071 0.212486 -0.122440
v 0.136498 0.212945 -0.124869
v 0.134637 0.212220 -0.104794
v 0.126452 0.212069 -0.109675
v 0.111735 0.211097 -0.097061
v 0.103543 0.210336 -0.083154
v 0.124506 0.211550 -0.095635
v 0.114067 0.210849 -0.086241
v 0.113330 0.210474 -0.074268
v 0.102782 0.210100 -0.076382
v 0.086706 0.208898 -0.057376
v 0.090108 0.209296 -0.066523
v 0.079952 0.208898 -0.066480
v 0.081511 0.209296 -0.076823
v 0.070377 0.208904 -0.076612
v 0.051148 0.211097 -0.138890
v 0.050671 0.210336 -0.122754
v 0.064016 0.212559 -0.165085
v 0.057968 0.212069 -0.157032
v 0.063025 0.211550 -0.143790
v 0.067646 0.212251 -0.157050
v 0.051480 0.212486 -0.168027
v 0.059448 0.212945 -0.175186
v 0.035852 0.212480 -0.172038
v 0.046013 0.212945 -0.179185
v 0.033006 0.210336 -0.128542
v 0.036812 0.211097 -0.143355
v 0.014804 0.210336 -0.132022
v 0.022096 0.211097 -0.146345
v 0.016393 0.212251 -0.170208
v 0.024863 0.212069 -0.165532
v 0.032311 0.212945 -0.182157
v 0.011711 0.210849 -0.142521
v 0.009433 0.210100 -0.127708
v 0.001997 0.210468 -0.135380
v 0.007893 0.209302 -0.111723
v 0.001997 0.208898 -0.103978
v 0.013650 0.208898 -0.103096
v 0.021196 0.209302 -0.109977
v 0.018338 0.208898 -0.102184
v 0.025865 0.208898 -0.100728
v 0.034420 0.209296 -0.106582
v 0.037428 0.208898 -0.097037
v 0.046913 0.209296 -0.101707
v 0.048345 0.208898 -0.092077
v 0.053262 0.210100 -0.116453
v 0.063526 0.210474 -0.119679
v 0.058403 0.210849 -0.130529
v -0.156029 0.203902 -0.034680
v -0.150689 0.250697 -0.053788
v -0.150677 0.205962 -0.053812
v -0.151239 0.257801 -0.052229
v -0.152338 0.263698 -0.048913
v -0.154996 0.276040 -0.039694
v -0.156368 0.283658 -0.033900
v -0.156766 0.203902 -0.032021
v -0.157195 0.287911 -0.029847
v -0.159636 0.203902 -0.010781
v -0.158113 0.291173 -0.024512
v -0.150429 0.203835 -0.054906
v -0.158675 0.292635 -0.020567
v -0.159171 0.293499 -0.016272
v -0.159503 0.293704 -0.012315
v -0.159998 0.293698 0.000003
v -0.159636 0.203896 0.010811
v -0.159497 0.293716 0.012466
v -0.158863 0.293076 0.019196
v -0.158089 0.291106 0.024645
v -0.157413 0.288775 0.028669
v -0.156645 0.285077 0.032771
v -0.156766 0.203902 0.032021
v -0.156029 0.203902 0.034680
v -0.154060 0.271376 0.043198
v -0.151976 0.262018 0.050079
v -0.151166 0.256998 0.052423
v -0.150689 0.250932 0.053788
v -0.150677 0.205581 0.053818
v -0.150369 0.203871 0.055093
v 0.156029 0.203902 -0.034680
v 0.154060 0.271376 -0.043198
v 0.156645 0.285077 -0.032771
v 0.151976 0.262018 -0.050079
v 0.151166 0.256998 -0.052423
v 0.150689 0.250932 -0.053788
v 0.150677 0.205581 -0.053818
v 0.150381 0.203902 -0.055038
v 0.156766 0.203902 -0.032021
v 0.159636 0.203896 -0.010811
v 0.157413 0.288775 -0.028669
v 0.158089 0.291106 -0.024639
v 0.158863 0.293076 -0.019196
v 0.159497 0.293716 -0.012466
v 0.159998 0.293698 0.000003
v 0.159636 0.203896 0.010781
v 0.159503 0.293704 0.012315
v 0.159171 0.293499 0.016272
v 0.158675 0.292635 0.020567
v 0.158113 0.291173 0.024512
v 0.157195 0.287911 0.029847
v 0.156766 0.203902 0.032021
v 0.156368 0.283658 0.033900
v 0.156029 0.203902 0.034680
v 0.154996 0.276040 0.039694
v 0.152338 0.263698 0.048913
v 0.151239 0.257801 0.052229
v 0.150689 0.250697 0.053788
v 0.150677 0.205962 0.053812
v 0.150429 0.203835 0.054906
v 0.027267 0.204699 -0.095811
v 0.037428 0.208898 -0.097037
v 0.025865 0.208898 -0.100728
v 0.017661 0.204699 -0.098426
v 0.034770 0.204699 -0.093763
v 0.048345 0.208898 -0.092077
v 0.049142 0.206795 -0.089377
v 0.044412 0.204699 -0.089177
v 0.018338 0.208898 -0.102184
v 0.009192 0.204699 -0.099182
v 0.050785 0.204699 -0.086145
v 0.051849 0.208898 -0.090150
v 0.061635 0.208898 -0.083764
v 0.060053 0.204699 -0.079505
v 0.070377 0.208904 -0.076612
v 0.065200 0.204699 -0.075820
v 0.079952 0.208898 -0.066480
v 0.073657 0.204699 -0.067133
v 0.077572 0.204699 -0.063109
v 0.086706 0.208898 -0.057376
v 0.086024 0.206650 -0.054531
v 0.084761 0.204699 -0.052465
v 0.090083 0.206662 -0.047674
v 0.087498 0.204699 -0.048417
v 0.090567 0.204898 -0.042557
v 0.091684 0.207804 -0.046122
v -0.027267 0.204699 -0.095811
v -0.015136 0.208904 -0.102933
v -0.025865 0.208898 -0.100728
v -0.017661 0.204699 -0.098426
v -0.009192 0.204699 -0.099182
v -0.001997 0.208898 -0.103978
v 0.000003 0.206795 -0.102009
v 0.000003 0.204699 -0.099997
v 0.001997 0.208898 -0.103978
v 0.013650 0.208898 -0.103096
v -0.034770 0.204699 -0.093763
v -0.037712 0.208898 -0.096916
v -0.050701 0.204669 -0.086193
v -0.049142 0.206795 -0.089377
v -0.048345 0.208898 -0.092077
v -0.051855 0.208898 -0.090168
v -0.064976 0.204657 -0.076007
v -0.061635 0.208898 -0.083764
v -0.071187 0.208898 -0.075808
v -0.077596 0.204717 -0.063085
v -0.079741 0.208898 -0.066758
v -0.086725 0.208898 -0.057388
v -0.086036 0.206650 -0.054513
v -0.084761 0.204699 -0.052465
v -0.087498 0.204699 -0.048417
v -0.089884 0.206650 -0.047922
v -0.090210 0.204729 -0.043192
v -0.091280 0.207345 -0.046381
v -0.091261 0.206886 -0.043077
v -0.092591 0.209737 -0.045524
v -0.091479 0.205919 -0.040419
v -0.091292 0.252709 -0.041095
v -0.093219 0.246698 -0.036190
v -0.093219 0.202325 -0.036202
v -0.097454 0.246710 -0.022374
v -0.096940 0.252721 -0.024657
v -0.099713 0.246704 -0.007512
v -0.099635 0.252696 -0.008515
v -0.099671 0.252690 0.008050
v -0.099719 0.246698 0.007488
v -0.097460 0.246704 0.022362
v -0.096989 0.252696 0.024343
v -0.093219 0.246698 0.036190
v -0.091225 0.252588 0.041174
v -0.093219 0.203110 0.036190
v -0.091388 0.205805 0.040654
v -0.092542 0.199794 -0.037900
v -0.092687 0.200017 0.037531
v -0.091340 0.207587 0.043186
v -0.091382 0.252703 0.043409
v -0.092295 0.210245 0.045107
v -0.092518 0.252696 0.045403
v -0.093817 0.209478 0.046393
v -0.094065 0.252715 0.046490
v -0.090355 0.204784 0.042956
v -0.091696 0.207853 0.046037
v -0.091733 0.198736 0.039984
v -0.083378 0.198718 0.055171
v -0.087498 0.204699 0.048417
v -0.095545 0.210003 0.046998
v -0.091696 0.207853 0.046037
v -0.094367 0.207375 0.048399
v -0.095382 0.208662 0.047420
v -0.135495 0.207424 0.047433
v -0.133834 0.206089 0.048762
v -0.093738 0.206511 0.050151
v -0.132565 0.205478 0.050350
v -0.090083 0.206662 0.047674
v -0.091696 0.207853 0.046037
v -0.086024 0.206650 0.054531
v -0.136130 0.204929 0.082157
v -0.151118 0.204367 0.093569
v -0.116526 0.205557 0.073929
v -0.143651 0.204415 0.101689
v -0.118350 0.205345 0.083776
v -0.145759 0.204240 0.108986
v -0.151118 0.204240 0.101435
v -0.141923 0.204929 0.071706
v -0.134710 0.205309 0.057050
v -0.144092 0.205019 0.060518
v -0.147868 0.204953 0.058476
v -0.144056 0.205998 0.058132
v -0.136009 0.205726 0.055812
v -0.137078 0.207031 0.054700
v -0.144134 0.208288 0.056778
v -0.147644 0.206221 0.056162
v -0.134347 0.206650 0.049613
v -0.137078 0.207031 0.054700
v -0.135350 0.208584 0.049136
v -0.133834 0.206089 0.048762
v -0.135495 0.207424 0.047433
v -0.135350 0.208584 0.049136
v -0.136117 0.209073 0.046998
v -0.135362 0.250600 0.049130
v -0.136111 0.252696 0.046998
v -0.135731 0.256285 0.048091
v -0.137736 0.257699 0.042001
v -0.136540 0.262109 0.045783
v -0.138419 0.270947 0.039700
v -0.139217 0.257699 0.036800
v -0.141295 0.287204 0.027932
v -0.142799 0.257699 0.018435
v -0.142352 0.291705 0.021661
v -0.137652 0.208698 0.054223
v -0.135362 0.250600 0.049130
v -0.137652 0.248697 0.054223
v -0.137797 0.253234 0.053903
v -0.135731 0.256285 0.048091
v -0.138467 0.260405 0.051994
v -0.136540 0.262109 0.045783
v -0.139766 0.266797 0.048538
v -0.138419 0.270947 0.039700
v -0.143862 0.288430 0.032644
v -0.141295 0.287204 0.027932
v -0.145294 0.294387 0.025733
v -0.142352 0.291705 0.021661
v -0.142835 0.293197 0.018278
v -0.146714 0.297746 0.017444
v -0.143306 0.294290 0.014115
v -0.147674 0.298700 0.009808
v -0.143681 0.294701 0.009542
v -0.147674 0.298700 -0.009808
v -0.143675 0.294719 -0.009639
v -0.146919 0.298090 -0.015934
v -0.142865 0.293360 -0.018223
v -0.145850 0.295861 -0.022754
v -0.144654 0.291964 -0.028940
v -0.142008 0.290394 -0.023866
v -0.141180 0.286521 -0.028421
v -0.143542 0.286696 -0.033973
v -0.139253 0.275381 -0.036546
v -0.139742 0.266863 -0.048466
v -0.136625 0.262417 -0.045626
v -0.138878 0.262991 -0.050797
v -0.135870 0.257548 -0.047704
v -0.137954 0.256061 -0.053329
v -0.135362 0.251035 -0.049118
v -0.137652 0.248546 -0.054223
v -0.137652 0.208704 -0.054223
v -0.135356 0.208970 -0.049136
v 0.027267 0.204699 0.095811
v 0.015136 0.208904 0.102933
v 0.025865 0.208898 0.100728
v 0.017661 0.204699 0.098426
v 0.009192 0.204699 0.099182
v 0.001997 0.208898 0.103978
v -0.000003 0.206795 0.102009
v 0.000003 0.204699 0.099997
v -0.009192 0.204699 0.099182
v -0.001997 0.208898 0.103978
v -0.013650 0.208898 0.103096
v 0.034770 0.204699 0.093763
v 0.037712 0.208898 0.096916
v 0.050701 0.204669 0.086193
v 0.049142 0.206795 0.089377
v 0.048345 0.208898 0.092077
v 0.051855 0.208898 0.090168
v 0.064976 0.204657 0.076007
v 0.061635 0.208898 0.083764
v 0.071187 0.208898 0.075808
v 0.077596 0.204717 0.063085
v 0.079741 0.208898 0.066758
v 0.086725 0.208898 0.057388
v 0.086036 0.206650 0.054513
v 0.084761 0.204699 0.052465
v 0.087498 0.204699 0.048417
v 0.090476 0.206735 0.047106
v 0.090476 0.204904 0.042690
v 0.092307 0.209212 0.045221
v 0.143651 0.204415 -0.101689
v 0.116526 0.205557 -0.073929
v 0.151118 0.204367 -0.093569
v 0.086024 0.206650 -0.054531
v 0.136130 0.204929 -0.082157
v 0.093732 0.206511 -0.050145
v 0.118350 0.205345 -0.083776
v 0.090083 0.206662 -0.047674
v 0.145759 0.204240 -0.108986
v 0.151118 0.204240 -0.101435
v 0.141923 0.204929 -0.071706
v 0.134740 0.205309 -0.057062
v 0.132601 0.205478 -0.050356
v 0.144092 0.205019 -0.060518
v 0.147874 0.204953 -0.058470
v 0.094361 0.207424 -0.048327
v 0.134166 0.206270 -0.048411
v 0.135707 0.207798 -0.047288
v 0.095303 0.208638 -0.047433
v 0.093279 0.209441 -0.046116
v 0.091684 0.207804 -0.046122
v 0.091709 0.209580 -0.044303
v 0.144056 0.205998 -0.058132
v 0.136003 0.205720 -0.055818
v 0.137078 0.207031 -0.054700
v 0.144134 0.208288 -0.056778
v 0.134353 0.206662 -0.049601
v 0.137078 0.207031 -0.054700
v 0.134166 0.206270 -0.048411
v 0.135707 0.207798 -0.047288
v 0.135350 0.208590 -0.049136
v 0.135350 0.208590 -0.049136
v 0.095629 0.209985 -0.046998
v 0.093376 0.252690 -0.046188
v 0.095593 0.252696 -0.046998
v 0.136117 0.209073 -0.046998
v 0.136111 0.252696 -0.046998
v 0.137652 0.208698 -0.054223
v 0.135362 0.250600 -0.049130
v 0.137652 0.248697 -0.054223
v 0.137797 0.253234 -0.053903
v 0.135731 0.256285 -0.048091
v 0.138467 0.260405 -0.051994
v 0.136540 0.262109 -0.045783
v 0.139766 0.266797 -0.048538
v 0.138419 0.270947 -0.039700
v 0.143862 0.288418 -0.032656
v 0.140999 0.285488 -0.029273
v 0.141971 0.290321 -0.024168
v 0.145095 0.293553 -0.026844
v 0.145602 0.295100 -0.024295
v 0.142835 0.293197 -0.018278
v 0.146714 0.297746 -0.017444
v 0.143306 0.294290 -0.014115
v 0.147674 0.298700 -0.009808
v 0.143681 0.294701 -0.009542
v 0.147674 0.298700 0.009808
v 0.143675 0.294719 0.009639
v 0.146919 0.298090 0.015934
v 0.143125 0.293940 0.015825
v 0.142618 0.292599 0.019897
v 0.145850 0.295861 0.022754
v 0.144654 0.291964 0.028940
v 0.142008 0.290394 0.023866
v 0.141174 0.286503 0.028409
v 0.143542 0.286696 0.033973
v 0.139283 0.275562 0.036413
v 0.139742 0.266863 0.048466
v 0.136625 0.262417 0.045626
v 0.138878 0.262991 0.050797
v 0.135870 0.257548 0.047704
v 0.137954 0.256061 0.053329
v 0.135362 0.251035 0.049118
v 0.137652 0.248546 0.054223
v 0.137652 0.208704 0.054223
v 0.135356 0.208970 0.049136
v 0.134619 0.206892 0.049474
v 0.137120 0.207091 0.054670
v 0.136033 0.205738 0.055806
v 0.132463 0.205478 0.050338
v 0.134716 0.205309 0.057032
v 0.094028 0.206499 0.050344
v 0.142829 0.204929 0.069864
v 0.144080 0.205037 0.060155
v 0.147692 0.204935 0.058911
v 0.136130 0.204929 0.082157
v 0.086036 0.206650 0.054513
v 0.151136 0.204367 0.093581
v 0.116526 0.205557 0.073929
v 0.118350 0.205345 0.083776
v 0.143651 0.204415 0.101689
v 0.151118 0.204240 0.101435
v 0.145759 0.204240 0.108992
v 0.090476 0.206735 0.047106
v 0.094276 0.207230 0.048556
v 0.094880 0.208849 0.047288
v 0.135471 0.207381 0.047481
v 0.133737 0.206040 0.048840
v 0.092307 0.209212 0.045221
v 0.136111 0.209055 0.046998
v 0.096082 0.210432 0.046998
v 0.095623 0.252696 0.046998
v 0.136111 0.252696 0.046998
v 0.094113 0.210245 0.046557
v 0.093823 0.252696 0.046381
v 0.092307 0.209212 0.045221
v 0.092325 0.252703 0.045173
v 0.091419 0.207937 0.043476
v 0.091322 0.252727 0.043101
v 0.091231 0.205938 0.041065
v 0.091382 0.252715 0.040817
v 0.093219 0.246698 0.036190
v 0.097454 0.246710 0.022374
v 0.093219 0.202325 0.036202
v 0.096940 0.252721 0.024657
v 0.099713 0.246704 0.007512
v 0.099635 0.252696 0.008515
v 0.099671 0.252696 -0.008050
v 0.099719 0.246698 -0.007488
v 0.097460 0.246704 -0.022362
v 0.096989 0.252696 -0.024343
v 0.093219 0.246698 -0.036190
v 0.091539 0.252684 -0.040292
v 0.093219 0.202337 -0.036202
v 0.091413 0.206161 -0.040600
v 0.092536 0.199794 0.037906
v 0.090567 0.204898 -0.042557
v 0.092476 0.199685 -0.038057
v 0.091219 0.206838 -0.042068
v 0.091709 0.209580 -0.044303
v 0.091195 0.252684 -0.042001
v 0.091721 0.252703 -0.044255
v 0.093279 0.209441 -0.046116
v 0.093376 0.252690 -0.046188
v 0.091684 0.207804 -0.046122
v 0.091733 0.198742 -0.039978
v 0.083384 0.198718 -0.055165
v 0.087498 0.204699 -0.048417
v 0.084761 0.204699 -0.052465
v 0.073754 0.198700 -0.067254
v 0.077572 0.204699 -0.063109
v 0.073657 0.204699 -0.067133
v 0.072226 0.198700 -0.069163
v 0.059122 0.198700 -0.080653
v 0.065200 0.204699 -0.075820
v 0.060053 0.204699 -0.079505
v 0.043802 0.198700 -0.089896
v 0.050785 0.204699 -0.086145
v 0.044412 0.204699 -0.089177
v 0.027092 0.198694 -0.096258
v 0.034770 0.204699 -0.093763
v 0.027267 0.204699 -0.095811
v 0.009566 0.198700 -0.099544
v 0.017661 0.204699 -0.098426
v 0.009192 0.204699 -0.099182
v -0.008195 0.198700 -0.099665
v 0.000003 0.204699 -0.099997
v -0.009192 0.204699 -0.099182
v -0.025654 0.198712 -0.096638
v -0.017661 0.204699 -0.098426
v -0.027267 0.204699 -0.095811
v -0.034770 0.204699 -0.093763
v -0.042370 0.198718 -0.090555
v -0.050701 0.204669 -0.086193
v -0.057721 0.198724 -0.081626
v -0.064976 0.204657 -0.076007
v -0.071247 0.198724 -0.070129
v -0.077596 0.204717 -0.063085
v -0.082550 0.198700 -0.056440
v -0.084761 0.204699 -0.052465
v -0.084761 0.198700 -0.052495
v -0.087498 0.204699 -0.048417
v -0.091515 0.198712 -0.040395
v 0.157117 0.197999 -0.106842
v 0.157117 0.182697 -0.106842
v 0.148508 0.197999 -0.118507
v 0.148508 0.182697 -0.118507
v 0.136921 0.203696 0.145783
v 0.136921 0.182697 0.145783
v 0.151867 0.203696 0.130137
v 0.120374 0.182697 0.159720
v 0.120374 0.203696 0.159720
v 0.151867 0.182697 0.130137
v -0.157117 0.197999 0.106842
v -0.157117 0.182697 0.106842
v -0.148508 0.197999 0.118507
v -0.148508 0.182697 0.118507
v 0.157117 0.182697 0.106842
v 0.157117 0.197999 0.106842
v 0.148508 0.182697 0.118507
v 0.148508 0.197999 0.118507
v 0.012152 0.195088 0.126373
v 0.011016 0.195021 0.114466
v 0.012164 0.207212 0.126361
v 0.011040 0.206524 0.114448
v 0.021757 0.206445 0.112925
v 0.011016 0.195021 0.114466
v 0.017674 0.195245 0.113632
v 0.011040 0.206524 0.114448
v 0.028548 0.206445 0.111179
v 0.028451 0.195269 0.111427
v 0.035338 0.206445 0.109433
v 0.039386 0.195081 0.108038
v 0.045481 0.206499 0.105609
v 0.045493 0.195202 0.105609
v 0.045481 0.206499 0.105609
v 0.050242 0.194876 0.116604
v 0.050218 0.207218 0.116568
v 0.045493 0.195202 0.105609
v 0.032293 0.195698 0.125751
v 0.032336 0.207484 0.125914
v 0.048605 0.207520 0.120573
v 0.038208 0.194967 0.124301
v 0.048598 0.195069 0.120592
v 0.025841 0.195075 0.127418
v 0.015505 0.207478 0.129073
v 0.015511 0.195039 0.129085
v 0.071537 0.195088 0.104884
v 0.064801 0.195021 0.095001
v 0.071543 0.207212 0.104866
v 0.064813 0.206524 0.094965
v 0.073476 0.206445 0.088470
v 0.064801 0.195021 0.095001
v 0.070238 0.195245 0.091062
v 0.064813 0.206524 0.094965
v 0.078581 0.206445 0.083668
v 0.078611 0.195269 0.083934
v 0.083692 0.206445 0.078871
v 0.086567 0.195081 0.075699
v 0.090742 0.206499 0.070631
v 0.090748 0.195202 0.070625
v -0.100184 0.207212 0.077971
v -0.090754 0.195027 0.070625
v -0.090724 0.206524 0.070637
v -0.100196 0.195088 0.077965
v -0.083692 0.206445 0.078871
v -0.090754 0.195027 0.070625
v -0.086483 0.195245 0.075802
v -0.090724 0.206524 0.070637
v -0.078581 0.206445 0.083668
v -0.078660 0.194846 0.083867
v -0.073476 0.206445 0.088470
v -0.070129 0.195081 0.091135
v -0.064813 0.206499 0.094983
v -0.064801 0.195202 0.094995
v -0.063822 0.194054 0.094959
v -0.078660 0.194846 0.083867
v -0.079397 0.193698 0.081161
v -0.085891 0.194254 0.075560
v -0.090458 0.193704 0.068685
v -0.090754 0.195027 0.070625
v -0.087486 0.193698 0.058065
v -0.133236 0.193698 0.042998
v -0.125443 0.193698 0.062167
v -0.101368 0.193704 0.077324
v -0.095738 0.193698 0.043083
v -0.113409 0.193698 0.082417
v -0.075832 0.193698 0.072624
v -0.062511 0.193698 0.094590
v -0.046170 0.193704 0.103773
v -0.070661 0.193698 0.106322
v -0.051577 0.193704 0.116598
v -0.061792 0.193698 0.084888
v -0.076128 0.193704 0.107017
v -0.081759 0.193698 0.119752
v -0.062977 0.193698 0.130608
v -0.049565 0.193704 0.121637
v -0.042787 0.193698 0.138546
v -0.032885 0.193698 0.127793
v -0.021637 0.193698 0.143379
v 0.000003 0.193698 0.144998
v -0.045807 0.193698 0.094481
v -0.030469 0.193698 0.109373
v -0.028373 0.193698 0.101097
v -0.009204 0.193698 0.113010
v 0.009536 0.193704 0.113203
v -0.010696 0.193698 0.127213
v 0.010980 0.193704 0.127019
v -0.015148 0.193704 0.130457
v -0.010044 0.193698 0.104516
v 0.015172 0.193704 0.130469
v 0.021637 0.193698 0.143379
v 0.032752 0.193698 0.127823
v 0.042787 0.193698 0.138546
v 0.062977 0.193698 0.130608
v 0.049577 0.193704 0.121613
v 0.062898 0.193704 0.094602
v 0.070824 0.193704 0.106014
v 0.081759 0.193698 0.119752
v 0.076152 0.193704 0.107017
v 0.098710 0.193698 0.106213
v 0.090295 0.193698 0.096227
v 0.113457 0.193698 0.090295
v 0.112768 0.193698 0.087897
v 0.051915 0.193704 0.116629
v 0.060620 0.193698 0.085734
v 0.046206 0.193710 0.104214
v 0.044497 0.193698 0.095104
v 0.026977 0.193698 0.101477
v 0.020301 0.193710 0.111995
v 0.008600 0.193698 0.104649
v 0.028318 0.194260 0.110853
v 0.039386 0.195081 0.108038
v 0.045493 0.195202 0.105609
v 0.112702 0.193698 0.085347
v 0.102021 0.193716 0.082677
v 0.113427 0.193698 0.082357
v 0.101689 0.193698 0.077179
v 0.125443 0.193698 0.062167
v 0.133278 0.193698 0.042896
v 0.090688 0.193704 0.069054
v 0.095792 0.193698 0.042998
v 0.086676 0.193698 0.059267
v 0.074829 0.193698 0.073663
v 0.071742 0.193710 0.088362
v 0.078225 0.194260 0.083499
v 0.086567 0.195081 0.075699
v 0.090748 0.195202 0.070625
v 0.096372 0.193958 0.040588
v 0.133906 0.193934 0.040854
v 0.096940 0.195124 0.037755
v 0.134541 0.194659 0.038721
v 0.135072 0.195849 0.036806
v 0.097466 0.197498 0.035102
v 0.135501 0.197432 0.035205
v 0.135809 0.199334 0.034003
v 0.097792 0.200730 0.033393
v 0.135991 0.201461 0.033254
v 0.136057 0.203696 0.033000
v 0.097883 0.203696 0.033000
v 0.136057 0.243695 0.033000
v 0.097840 0.243683 0.033006
v -0.064813 0.206499 0.094983
v -0.071537 0.194888 0.104890
v -0.071525 0.207218 0.104854
v -0.064801 0.195202 0.094995
v -0.084489 0.194967 0.098855
v -0.075772 0.207520 0.105634
v -0.075784 0.195069 0.105640
v -0.088881 0.195698 0.094632
v -0.088996 0.207484 0.094759
v -0.093750 0.195075 0.090077
v -0.100680 0.207478 0.082242
v -0.100692 0.195039 0.082254
v -0.050236 0.195088 0.116598
v -0.045499 0.195027 0.105615
v -0.050224 0.207212 0.116592
v -0.045463 0.206524 0.105603
v -0.035338 0.206445 0.109433
v -0.045499 0.195027 0.105615
v -0.039259 0.195245 0.108092
v -0.045463 0.206524 0.105603
v -0.028548 0.206445 0.111179
v -0.028524 0.194846 0.111385
v -0.021757 0.206445 0.112925
v -0.017541 0.195081 0.113650
v -0.011028 0.206499 0.114460
v -0.011016 0.195202 0.114466
v -0.010170 0.194054 0.113958
v -0.028524 0.194846 0.111385
v -0.038860 0.194254 0.107591
v -0.045499 0.195027 0.105615
v -0.012152 0.194888 0.126379
v -0.011016 0.195202 0.114466
v -0.039259 0.195245 0.108092
v -0.011016 0.195202 0.114466
v -0.012152 0.194888 0.126379
v -0.011028 0.206499 0.114460
v -0.012158 0.207218 0.126343
v -0.032293 0.195698 0.125751
v -0.032336 0.207484 0.125914
v -0.015499 0.207520 0.129073
v -0.026409 0.194967 0.127334
v -0.015511 0.195069 0.129085
v -0.038751 0.195075 0.124101
v -0.048598 0.207478 0.120573
v -0.048605 0.195039 0.120592
v 0.064976 0.204657 0.076007
v 0.057721 0.198724 0.081626
v 0.050701 0.204669 0.086193
v 0.042370 0.198718 0.090555
v 0.034770 0.204699 0.093763
v 0.025654 0.198712 0.096638
v 0.071247 0.198724 0.070129
v 0.077596 0.204717 0.063085
v 0.082550 0.198700 0.056440
v 0.084761 0.204699 0.052465
v 0.027267 0.204699 0.095811
v 0.017661 0.204699 0.098426
v 0.009192 0.204699 0.099182
v 0.008189 0.198700 0.099665
v 0.000003 0.204699 0.099997
v -0.009192 0.204699 0.099182
v -0.009566 0.198700 0.099544
v -0.017661 0.204699 0.098426
v -0.027267 0.204699 0.095811
v -0.027092 0.198694 0.096258
v -0.034770 0.204699 0.093763
v -0.044412 0.204699 0.089177
v -0.043802 0.198700 0.089896
v -0.050785 0.204699 0.086145
v -0.060053 0.204699 0.079505
v -0.059122 0.198700 0.080653
v -0.065200 0.204699 0.075820
v -0.073657 0.204699 0.067133
v -0.072226 0.198700 0.069163
v -0.073754 0.198700 0.067254
v -0.077572 0.204699 0.063109
v -0.084761 0.204699 0.052465
v -0.012152 0.195088 -0.126373
v -0.011016 0.195021 -0.114466
v -0.012164 0.207212 -0.126361
v -0.011040 0.206524 -0.114448
v -0.021757 0.206445 -0.112925
v -0.011016 0.195021 -0.114466
v -0.017674 0.195245 -0.113632
v -0.011040 0.206524 -0.114448
v -0.028548 0.206445 -0.111179
v -0.028451 0.195269 -0.111427
v -0.035338 0.206445 -0.109433
v -0.039386 0.195081 -0.108038
v -0.045481 0.206499 -0.105609
v -0.045493 0.195202 -0.105609
v -0.045481 0.206499 -0.105609
v -0.050242 0.194876 -0.116604
v -0.050218 0.207218 -0.116568
v -0.045493 0.195202 -0.105609
v -0.032293 0.195698 -0.125751
v -0.032336 0.207484 -0.125914
v -0.048605 0.207520 -0.120573
v -0.038208 0.194967 -0.124301
v -0.048598 0.195069 -0.120592
v -0.025835 0.195075 -0.127418
v -0.015505 0.207478 -0.129073
v -0.015511 0.195039 -0.129085
v -0.071537 0.195088 -0.104884
v -0.064801 0.195021 -0.095001
v -0.071543 0.207212 -0.104866
v -0.064813 0.206524 -0.094965
v -0.073476 0.206445 -0.088470
v -0.064801 0.195021 -0.095001
v -0.070238 0.195245 -0.091062
v -0.064813 0.206524 -0.094965
v -0.078581 0.206445 -0.083668
v -0.078611 0.195269 -0.083934
v -0.083692 0.206445 -0.078871
v -0.086567 0.195081 -0.075699
v -0.090742 0.206499 -0.070631
v -0.090748 0.195202 -0.070625
v -0.088881 0.195698 -0.094632
v -0.088996 0.207484 -0.094759
v -0.100680 0.207520 -0.082236
v -0.093370 0.194967 -0.090518
v -0.100686 0.195069 -0.082254
v -0.084030 0.195075 -0.099206
v -0.075772 0.207478 -0.105634
v -0.075784 0.195039 -0.105646
v 0.100196 0.195088 -0.077965
v 0.090754 0.195027 -0.070625
v 0.100184 0.207212 -0.077971
v 0.090724 0.206524 -0.070637
v 0.083692 0.206445 -0.078871
v 0.090754 0.195027 -0.070625
v 0.086483 0.195245 -0.075802
v 0.090724 0.206524 -0.070637
v 0.078581 0.206445 -0.083668
v 0.078660 0.194846 -0.083867
v 0.073476 0.206445 -0.088470
v 0.070129 0.195081 -0.091135
v 0.064813 0.206499 -0.094983
v 0.064801 0.195202 -0.094995
v 0.063822 0.194054 -0.094959
v 0.078660 0.194846 -0.083867
v 0.079397 0.193698 -0.081161
v 0.085891 0.194254 -0.075560
v 0.090458 0.193704 -0.068685
v 0.090754 0.195027 -0.070625
v 0.087486 0.193698 -0.058065
v 0.133236 0.193698 -0.042998
v 0.125443 0.193698 -0.062167
v 0.101368 0.193704 -0.077324
v 0.113409 0.193698 -0.082417
v 0.095738 0.193698 -0.043083
v 0.075832 0.193698 -0.072624
v 0.061792 0.193698 -0.084888
v 0.062511 0.193698 -0.094590
v 0.045807 0.193698 -0.094481
v 0.070661 0.193704 -0.106316
v 0.046170 0.193704 -0.103779
v 0.112702 0.193698 -0.085317
v 0.102027 0.193716 -0.082701
v 0.076128 0.193704 -0.107017
v 0.081759 0.193698 -0.119752
v 0.090386 0.193698 -0.096137
v 0.051577 0.193704 -0.116598
v 0.062977 0.193698 -0.130608
v 0.098710 0.193698 -0.106213
v 0.112762 0.193698 -0.087854
v 0.113457 0.193698 -0.090295
v 0.049565 0.193704 -0.121637
v 0.042787 0.193698 -0.138546
v 0.032885 0.193698 -0.127793
v 0.021637 0.193698 -0.143379
v 0.000003 0.193698 -0.144998
v 0.015148 0.193704 -0.130457
v -0.010980 0.193704 -0.127019
v -0.009542 0.193710 -0.113209
v -0.015172 0.193704 -0.130469
v -0.021637 0.193698 -0.143379
v -0.032752 0.193698 -0.127823
v -0.042787 0.193698 -0.138546
v -0.062977 0.193698 -0.130608
v 0.010696 0.193704 -0.127213
v -0.008600 0.193698 -0.104649
v 0.009204 0.193698 -0.113010
v 0.010044 0.193698 -0.104516
v 0.030469 0.193698 -0.109373
v 0.028373 0.193698 -0.101097
v 0.038860 0.194254 -0.107591
v 0.028524 0.194846 -0.111385
v 0.010170 0.194054 -0.113958
v 0.012152 0.194888 -0.126379
v 0.017541 0.195081 -0.113650
v 0.011016 0.195202 -0.114466
v 0.045499 0.195027 -0.105615
v 0.011016 0.195202 -0.114466
v 0.011028 0.206499 -0.114460
v 0.021757 0.206445 -0.112925
v 0.028524 0.194846 -0.111385
v 0.028548 0.206445 -0.111179
v 0.039259 0.195245 -0.108092
v 0.035338 0.206445 -0.109433
v 0.045499 0.195027 -0.105615
v 0.045463 0.206524 -0.105603
v 0.039259 0.195245 -0.108092
v 0.064813 0.206499 -0.094983
v 0.071537 0.194888 -0.104890
v 0.071525 0.207218 -0.104854
v 0.064801 0.195202 -0.094995
v 0.088881 0.195698 -0.094632
v 0.088996 0.207484 -0.094759
v 0.075772 0.207520 -0.105634
v 0.084489 0.194967 -0.098855
v 0.075784 0.195069 -0.105640
v 0.093750 0.195075 -0.090077
v 0.100680 0.207478 -0.082242
v 0.100692 0.195039 -0.082254
v 0.050236 0.195088 -0.116598
v 0.045499 0.195027 -0.105615
v 0.050224 0.207212 -0.116592
v 0.045463 0.206524 -0.105603
v 0.011028 0.206499 -0.114460
v 0.012152 0.194888 -0.126379
v 0.012158 0.207218 -0.126343
v 0.011016 0.195202 -0.114466
v 0.032293 0.195698 -0.125751
v 0.032336 0.207484 -0.125914
v 0.015499 0.207520 -0.129073
v 0.026409 0.194967 -0.127334
v 0.015511 0.195069 -0.129085
v 0.038751 0.195075 -0.124101
v 0.048598 0.207478 -0.120573
v 0.048605 0.195039 -0.120592
v -0.156289 0.162701 0.042636
v -0.158724 0.201836 0.032420
v -0.160566 0.162701 0.021510
v -0.161636 0.201836 0.010871
v -0.161998 0.162701 0.000003
v -0.152930 0.201890 0.053437
v -0.161636 0.201836 -0.010871
v -0.160566 0.162701 -0.021510
v -0.158724 0.201836 -0.032420
v -0.156289 0.162701 -0.042636
v -0.152954 0.201836 -0.053383
v -0.149245 0.162701 0.063013
v -0.144424 0.201836 0.073386
v -0.141065 0.162701 0.079650
v -0.149245 0.162701 -0.063013
v -0.144424 0.201836 -0.073386
v -0.141065 0.162701 -0.079650
v -0.141065 0.199854 -0.079650
v -0.141065 0.199854 0.079650
v -0.140074 0.201836 0.081384
v -0.140074 0.201836 -0.081384
v -0.140860 0.160453 -0.115360
v -0.144907 0.169769 -0.110116
v -0.135411 0.178698 -0.121606
v -0.128669 0.156738 -0.128723
v -0.120259 0.178698 -0.136607
v -0.120598 0.154328 -0.136305
v -0.112049 0.151899 -0.143415
v -0.103459 0.178698 -0.149734
v -0.103084 0.154328 -0.149994
v -0.093769 0.156738 -0.155987
v -0.085516 0.158786 -0.160657
v -0.085238 0.178698 -0.160808
v -0.077047 0.160816 -0.164886
v -0.071791 0.169769 -0.167242
v -0.148339 0.178698 -0.105452
v -0.066432 0.178698 -0.169441
v 0.108364 0.178698 -0.151172
v 0.091545 0.182697 -0.166493
v 0.108974 0.182697 -0.155643
v 0.089612 0.178698 -0.162989
v 0.073035 0.182697 -0.175403
v 0.069592 0.178698 -0.172492
v 0.156289 0.162701 -0.042636
v 0.158724 0.201836 -0.032420
v 0.160566 0.162701 -0.021510
v 0.161636 0.201836 -0.010871
v 0.161998 0.162701 0.000003
v 0.152936 0.201902 -0.053425
v 0.161636 0.201836 0.010871
v 0.160566 0.162701 0.021510
v 0.158724 0.201836 0.032420
v 0.156289 0.162701 0.042636
v 0.152954 0.201836 0.053383
v 0.149245 0.162701 -0.063013
v 0.144424 0.201836 -0.073386
v 0.141065 0.162701 -0.079650
v 0.149245 0.162701 0.063013
v 0.144424 0.201836 0.073386
v 0.141065 0.162701 0.079650
v 0.141065 0.199854 0.079650
v 0.141065 0.199854 -0.079650
v 0.140074 0.201836 0.081384
v 0.140074 0.201836 -0.081384
v -0.108364 0.178698 0.151172
v -0.091545 0.182697 0.166493
v -0.108974 0.182697 0.155643
v -0.089612 0.178698 0.162989
v -0.073035 0.182697 0.175403
v -0.069592 0.178698 0.172492
v 0.046393 0.169769 0.175989
v 0.051969 0.178698 0.174425
v 0.031834 0.178698 0.179191
v 0.031852 0.158864 0.179197
v 0.022144 0.156738 0.180647
v 0.010660 0.178698 0.181686
v 0.011252 0.154358 0.181644
v 0.004606 0.178698 0.181940
v 0.004606 0.155699 0.181940
v 0.002039 0.153560 0.182025
v 0.000003 0.151899 0.182000
v 0.040817 0.160852 0.177361
v -0.001181 0.153180 0.182097
v -0.011228 0.154346 0.181650
v -0.004709 0.155651 0.181952
v -0.004606 0.178698 0.181940
v -0.010660 0.178698 0.181686
v -0.022144 0.156738 0.180647
v -0.031526 0.158786 0.179252
v -0.031834 0.178698 0.179191
v -0.040799 0.160816 0.177367
v -0.046387 0.169769 0.175989
v -0.051969 0.178698 0.174425
v 0.008189 0.198700 0.099665
v 0.008600 0.193698 0.104649
v -0.009566 0.198700 0.099544
v 0.026977 0.193698 0.101477
v 0.025654 0.198712 0.096638
v 0.044497 0.193698 0.095104
v 0.042370 0.198718 0.090555
v 0.060620 0.193698 0.085734
v 0.057721 0.198724 0.081626
v 0.074829 0.193698 0.073663
v 0.071247 0.198724 0.070129
v 0.086676 0.193698 0.059267
v 0.082550 0.198700 0.056440
v -0.010044 0.193698 0.104516
v -0.028373 0.193698 0.101097
v -0.027092 0.198694 0.096258
v -0.043802 0.198700 0.089896
v -0.045807 0.193698 0.094481
v -0.059122 0.198700 0.080653
v -0.061792 0.193698 0.084888
v -0.072226 0.198700 0.069163
v -0.075832 0.193698 0.072624
v 0.084761 0.198700 0.052495
v 0.091527 0.198706 0.040370
v 0.095792 0.193698 0.042998
v 0.096372 0.193958 0.040588
v 0.096940 0.195124 0.037755
v 0.092536 0.199794 0.037906
v 0.097466 0.197498 0.035102
v 0.093219 0.202325 0.036202
v 0.097792 0.200730 0.033393
v 0.097883 0.203696 0.033000
v 0.097840 0.243683 0.033006
v 0.093219 0.246698 0.036190
v -0.073754 0.198700 0.067254
v -0.083378 0.198718 0.055171
v -0.087486 0.193698 0.058065
v -0.095738 0.193698 0.043083
v -0.091733 0.198736 0.039984
v -0.096390 0.194103 0.039996
v -0.092687 0.200017 0.037531
v -0.097091 0.195825 0.036788
v -0.097526 0.198307 0.034559
v -0.097828 0.201473 0.033224
v -0.093219 0.203110 0.036190
v -0.097883 0.203696 0.033000
v -0.097804 0.243671 0.033006
v -0.093219 0.246698 0.036190
v 0.028373 0.193698 -0.101097
v 0.043802 0.198700 -0.089896
v 0.027092 0.198694 -0.096258
v 0.045807 0.193698 -0.094481
v 0.059122 0.198700 -0.080653
v 0.009566 0.198700 -0.099544
v 0.010044 0.193698 -0.104516
v 0.061792 0.193698 -0.084888
v 0.072226 0.198700 -0.069163
v 0.075832 0.193698 -0.072624
v -0.008600 0.193698 -0.104649
v -0.008195 0.198700 -0.099665
v -0.026977 0.193698 -0.101477
v -0.025654 0.198712 -0.096638
v -0.044497 0.193698 -0.095104
v -0.042370 0.198718 -0.090555
v -0.060620 0.193698 -0.085734
v -0.057721 0.198724 -0.081626
v -0.074829 0.193698 -0.073663
v -0.071247 0.198724 -0.070129
v -0.086676 0.193698 -0.059267
v -0.082550 0.198700 -0.056440
v -0.084761 0.198700 -0.052495
v -0.091515 0.198712 -0.040395
v -0.095786 0.193698 -0.043004
v -0.096378 0.193964 -0.040564
v -0.096946 0.195136 -0.037736
v -0.092542 0.199794 -0.037900
v -0.097472 0.197504 -0.035102
v -0.093219 0.202325 -0.036202
v -0.097792 0.200730 -0.033393
v -0.097883 0.203696 -0.033000
v -0.097840 0.243683 -0.033006
v -0.093219 0.246698 -0.036190
v -0.085516 0.158786 -0.160657
v -0.089286 0.148933 -0.151927
v -0.093769 0.156738 -0.155987
v -0.103084 0.154328 -0.149994
v -0.099333 0.146244 -0.145445
v -0.112049 0.151899 -0.143415
v -0.108352 0.143701 -0.138685
v -0.120598 0.154328 -0.136305
v -0.118423 0.146649 -0.130366
v -0.128669 0.156738 -0.128723
v -0.079922 0.151331 -0.157177
v -0.077047 0.160816 -0.164886
v -0.070268 0.153742 -0.161883
v -0.071791 0.169769 -0.167242
v -0.057612 0.175961 -0.167314
v -0.125817 0.148933 -0.123389
v -0.140860 0.160453 -0.115360
v -0.133169 0.151331 -0.115571
v -0.140062 0.153760 -0.107289
v -0.144907 0.169769 -0.110116
v -0.147584 0.173611 -0.097617
v -0.148339 0.178698 -0.105452
v -0.149130 0.178698 -0.097647
v -0.066432 0.178698 -0.169441
v -0.057920 0.178698 -0.168214
v 0.157117 0.182697 0.091866
v 0.141065 0.199854 0.079650
v 0.157117 0.199250 0.091872
v 0.141065 0.162701 0.079650
v 0.155908 0.162701 0.090953
v 0.157111 0.161196 0.091866
v 0.051969 0.178698 0.174425
v 0.048750 0.178698 0.189842
v 0.022120 0.178698 0.184683
v 0.030082 0.178698 0.193678
v 0.031834 0.178698 0.179191
v 0.010660 0.178698 0.181686
v 0.066952 0.178698 0.184211
v 0.057920 0.178698 0.168214
v 0.066432 0.178698 0.169441
v 0.069592 0.178698 0.172492
v 0.089612 0.178698 0.162989
v 0.085238 0.178698 0.160808
v 0.108364 0.178698 0.151172
v 0.103459 0.178698 0.149734
v 0.120259 0.178698 0.136607
v 0.134184 0.178698 0.142865
v 0.119673 0.178698 0.155220
v 0.135411 0.178698 0.121606
v 0.147421 0.178698 0.129158
v 0.144092 0.178698 0.117619
v 0.148339 0.178698 0.105452
v 0.153117 0.178698 0.105603
v 0.149130 0.178698 0.097647
v 0.151347 0.178698 0.097768
v 0.153117 0.178698 0.097188
v -0.134541 0.194659 0.038721
v -0.097091 0.195825 0.036788
v -0.096390 0.194103 0.039996
v -0.133906 0.193934 0.040854
v -0.135072 0.195849 0.036806
v -0.135501 0.197432 0.035205
v -0.097526 0.198307 0.034559
v -0.135809 0.199334 0.034003
v -0.097828 0.201473 0.033224
v -0.135991 0.201461 0.033254
v -0.097883 0.203696 0.033000
v -0.136057 0.203696 0.033000
v -0.136057 0.243695 0.033000
v -0.097804 0.243671 0.033006
v -0.098710 0.193698 0.106213
v -0.090386 0.193698 0.096137
v -0.112762 0.193698 0.087854
v -0.102027 0.193716 0.082701
v -0.113457 0.193698 0.090295
v -0.112702 0.193698 0.085317
v -0.074829 0.193698 -0.073663
v -0.090688 0.193704 -0.069054
v -0.071742 0.193710 -0.088362
v -0.086676 0.193698 -0.059267
v -0.095786 0.193698 -0.043004
v -0.133278 0.193698 -0.042896
v -0.101689 0.193698 -0.077179
v -0.125443 0.193698 -0.062167
v -0.113427 0.193698 -0.082357
v -0.060620 0.193698 -0.085734
v -0.078225 0.194260 -0.083499
v -0.086567 0.195081 -0.075699
v -0.102021 0.193716 -0.082677
v -0.112702 0.193698 -0.085347
v -0.090295 0.193698 -0.096227
v -0.090748 0.195202 -0.070625
v -0.062904 0.193704 -0.094602
v -0.046206 0.193710 -0.104208
v -0.044497 0.193698 -0.095104
v -0.051921 0.193698 -0.116629
v -0.070824 0.193704 -0.106014
v -0.081759 0.193698 -0.119752
v -0.049577 0.193704 -0.121613
v -0.076152 0.193704 -0.107017
v -0.098710 0.193698 -0.106213
v -0.113457 0.193698 -0.090295
v -0.112768 0.193698 -0.087897
v -0.026977 0.193698 -0.101477
v -0.020301 0.193710 -0.111995
v -0.028318 0.194260 -0.110853
v -0.039386 0.195081 -0.108038
v -0.028451 0.195269 -0.111427
v -0.017674 0.195245 -0.113632
v -0.020301 0.193710 -0.111995
v -0.011016 0.195021 -0.114466
v -0.009542 0.193710 -0.113209
v -0.045493 0.195202 -0.105609
v -0.069362 0.153711 0.160681
v -0.045753 0.148697 0.168915
v -0.056972 0.174898 0.165466
v -0.044255 0.153699 0.169314
v -0.022235 0.148715 0.173621
v -0.067942 0.148697 0.161273
v -0.089262 0.148733 0.150562
v -0.154646 0.148673 -0.096022
v -0.164402 0.148691 -0.078055
v -0.165870 0.161190 -0.074938
v -0.157111 0.161196 -0.091866
v -0.154531 0.180117 -0.096107
v -0.157117 0.182697 -0.091866
v -0.172969 0.148697 -0.056615
v -0.173053 0.161196 -0.056355
v -0.178273 0.161208 -0.036776
v -0.178303 0.148697 -0.036655
v -0.178007 0.161196 -0.034438
v -0.178007 0.148697 -0.034438
v -0.152719 0.148721 -0.097424
v -0.153117 0.178698 -0.097188
v -0.151347 0.178698 -0.097768
v -0.151082 0.148709 -0.097804
v -0.149130 0.178698 -0.097647
v -0.147590 0.148685 -0.097562
v -0.147584 0.173611 -0.097617
v -0.145493 0.170137 -0.098324
v -0.145542 0.148697 -0.098312
v -0.177059 0.161166 -0.032444
v -0.176968 0.148703 -0.032305
v -0.174902 0.161202 -0.030686
v -0.174829 0.148697 -0.030650
v -0.162795 0.159197 -0.026898
v -0.162795 0.161196 -0.026898
v -0.161346 0.157698 -0.026445
v -0.159902 0.148697 -0.025998
v -0.159902 0.157698 -0.025998
v -0.143917 0.148703 -0.099635
v -0.143530 0.165703 -0.100124
v -0.139114 0.153711 -0.106171
v -0.132940 0.148667 -0.113759
v -0.124313 0.148697 -0.123171
v 0.174775 0.148691 -0.030638
v 0.162795 0.159197 -0.026898
v 0.159902 0.148697 -0.025998
v 0.161346 0.157698 -0.026445
v 0.162795 0.161196 -0.026898
v 0.159902 0.157698 -0.025998
v 0.174902 0.161196 -0.030686
v 0.177047 0.148709 -0.032372
v 0.177161 0.161184 -0.032559
v 0.178243 0.148721 -0.035139
v 0.178200 0.161196 -0.035157
v 0.178122 0.161196 -0.037356
v 0.178122 0.148697 -0.037356
v 0.173053 0.161196 -0.056361
v 0.172963 0.148697 -0.056621
v 0.165870 0.161184 -0.074932
v 0.164402 0.148691 -0.078055
v 0.154597 0.148673 -0.096100
v 0.157111 0.161196 -0.091866
v 0.157117 0.182697 -0.091866
v 0.154567 0.180148 -0.096040
v 0.153111 0.178698 -0.097188
v 0.152568 0.148727 -0.097478
v 0.151365 0.178698 -0.097768
v 0.150985 0.148727 -0.097810
v 0.149136 0.178698 -0.097641
v 0.147735 0.148655 -0.097550
v 0.147475 0.173400 -0.097659
v 0.145584 0.148697 -0.098287
v 0.145608 0.170337 -0.098275
v 0.143681 0.166108 -0.099931
v 0.144080 0.148697 -0.099411
v 0.139114 0.153699 -0.106177
v 0.134112 0.152008 -0.111916
v 0.132807 0.148697 -0.113964
v 0.124313 0.148697 -0.123171
v 0.010503 0.149700 -0.144617
v 0.000003 0.193698 -0.144998
v -0.010503 0.149700 -0.144617
v -0.021637 0.193698 -0.143379
v 0.021637 0.193698 -0.143379
v 0.031284 0.149700 -0.141585
v 0.042787 0.193698 -0.138546
v 0.051414 0.149700 -0.135580
v 0.062977 0.193698 -0.130608
v 0.070462 0.149700 -0.126729
v 0.081759 0.193698 -0.119752
v 0.088035 0.149700 -0.115215
v 0.098710 0.193698 -0.106213
v 0.103755 0.149700 -0.101290
v -0.031284 0.149700 -0.141585
v -0.042787 0.193698 -0.138546
v -0.051414 0.149700 -0.135580
v -0.062977 0.193698 -0.130608
v -0.070462 0.149700 -0.126729
v -0.081759 0.193698 -0.119752
v -0.088035 0.149700 -0.115215
v -0.098710 0.193698 -0.106213
v 0.113457 0.193698 -0.090295
v -0.103755 0.149700 -0.101290
v -0.113421 0.149676 -0.090331
v -0.113457 0.193698 -0.090295
v 0.113396 0.149670 -0.090367
v -0.125443 0.193698 0.062167
v -0.113511 0.149688 0.082218
v -0.124361 0.149700 0.064294
v -0.113409 0.193698 0.082417
v -0.131925 0.149706 0.046847
v -0.133236 0.193698 0.042998
v -0.112744 0.149700 0.084973
v -0.112702 0.193698 0.085317
v -0.112696 0.149700 0.087341
v -0.112762 0.193698 0.087854
v -0.113396 0.149670 0.090367
v -0.113457 0.193698 0.090295
v -0.133906 0.193934 0.040854
v -0.137084 0.149700 0.028427
v -0.134541 0.194659 0.038721
v -0.138057 0.149700 0.021347
v -0.135072 0.195849 0.036806
v -0.135501 0.197432 0.035205
v -0.135809 0.199334 0.034003
v -0.135991 0.201461 0.033254
v -0.136057 0.203696 0.033000
v -0.138359 0.243695 0.021389
v -0.139676 0.149700 0.009536
v -0.140002 0.243695 0.000003
v -0.139676 0.149700 -0.009536
v -0.138359 0.243695 -0.021389
v -0.138057 0.149700 -0.021347
v -0.136057 0.203696 -0.033000
v -0.136057 0.243695 -0.033000
v -0.136057 0.243695 0.033000
v -0.135997 0.201473 -0.033248
v -0.135809 0.199359 -0.033991
v -0.135507 0.197462 -0.035181
v -0.135084 0.195879 -0.036764
v -0.134559 0.194689 -0.038661
v -0.133931 0.193946 -0.040775
v -0.137084 0.149700 -0.028427
v -0.133278 0.193698 -0.042896
v -0.131949 0.149700 -0.046798
v -0.125443 0.193698 -0.062167
v -0.124361 0.149700 -0.064294
v -0.113427 0.193698 -0.082357
v -0.113511 0.149694 -0.082230
v -0.112744 0.149700 -0.084973
v -0.112702 0.193698 -0.085347
v -0.112696 0.149706 -0.087419
v -0.112768 0.193698 -0.087897
v -0.113457 0.193698 -0.090295
v -0.113421 0.149676 -0.090331
v -0.088035 0.149700 0.115215
v -0.098710 0.193698 0.106213
v -0.081759 0.193698 0.119752
v -0.103755 0.149700 0.101290
v -0.070462 0.149700 0.126729
v -0.062977 0.193698 0.130608
v -0.051414 0.149700 0.135580
v -0.042787 0.193698 0.138546
v -0.031284 0.149700 0.141585
v -0.021637 0.193698 0.143379
v -0.010503 0.149700 0.144617
v 0.000003 0.193698 0.144998
v 0.010503 0.149700 0.144617
v 0.021637 0.193698 0.143379
v 0.031284 0.149700 0.141585
v 0.042787 0.193698 0.138546
v 0.051414 0.149700 0.135580
v 0.062977 0.193698 0.130608
v 0.070462 0.149700 0.126729
v 0.081759 0.193698 0.119752
v 0.088035 0.149700 0.115215
v 0.098710 0.193698 0.106213
v 0.103755 0.149700 0.101290
v 0.113457 0.193698 0.090295
v 0.113421 0.149676 0.090331
v 0.113511 0.149694 0.082230
v 0.113427 0.193698 0.082357
v 0.124361 0.149700 0.064294
v 0.125443 0.193698 0.062167
v 0.131949 0.149700 0.046798
v 0.133278 0.193698 0.042896
v 0.137084 0.149700 0.028427
v 0.112744 0.149700 0.084973
v 0.112702 0.193698 0.085347
v 0.133906 0.193934 0.040854
v 0.138057 0.149700 0.021347
v 0.134541 0.194659 0.038721
v 0.112696 0.149706 0.087419
v 0.112768 0.193698 0.087897
v 0.113457 0.193698 0.090295
v 0.113421 0.149676 0.090331
v 0.135072 0.195849 0.036806
v 0.135501 0.197432 0.035205
v 0.135809 0.199334 0.034003
v 0.135991 0.201461 0.033254
v 0.136057 0.203696 0.033000
v 0.138359 0.243695 0.021389
v 0.139676 0.149700 0.009536
v 0.140002 0.243695 0.000003
v 0.139676 0.149700 -0.009536
v 0.138359 0.243695 -0.021389
v 0.138057 0.149700 -0.021347
v 0.136057 0.203696 -0.033000
v 0.136057 0.243695 0.033000
v 0.136057 0.243695 -0.033000
v 0.135991 0.201461 -0.033254
v 0.135809 0.199334 -0.034003
v 0.135501 0.197432 -0.035205
v 0.135072 0.195849 -0.036806
v 0.134541 0.194659 -0.038721
v 0.137084 0.149700 -0.028427
v 0.133906 0.193934 -0.040854
v 0.131925 0.149706 -0.046847
v 0.133236 0.193698 -0.042998
v 0.125443 0.193698 -0.062167
v 0.124361 0.149700 -0.064294
v 0.113511 0.149688 -0.082218
v 0.113409 0.193698 -0.082417
v 0.112744 0.149700 -0.084973
v 0.112702 0.193698 -0.085317
v 0.112696 0.149700 -0.087341
v 0.112762 0.193698 -0.087854
v 0.113396 0.149670 -0.090367
v 0.113457 0.193698 -0.090295
v 0.147408 0.143695 0.057823
v 0.139621 0.143701 0.053160
v 0.154211 0.143701 0.029466
v 0.155993 0.143695 0.054875
v 0.173368 0.143695 0.035513
v 0.168208 0.143701 0.055093
v 0.153957 0.143701 0.063720
v 0.159412 0.143695 0.070975
v 0.137604 0.143701 0.048804
v 0.142956 0.143701 0.029647
v 0.156682 0.143701 0.009989
v 0.145663 0.143701 0.009947
v 0.156682 0.143701 -0.009989
v 0.145663 0.143701 -0.009947
v 0.154211 0.143701 -0.029466
v 0.142956 0.143701 -0.029647
v 0.137604 0.143701 -0.048804
v 0.139621 0.143695 -0.053160
v 0.155993 0.143701 -0.054875
v 0.173398 0.143695 -0.035525
v 0.168208 0.143701 -0.055093
v 0.147408 0.143695 -0.057823
v 0.159412 0.143695 -0.070975
v 0.153957 0.143695 -0.063720
v 0.129696 0.143695 -0.067048
v 0.139772 0.143695 -0.062233
v 0.132928 0.143695 -0.068190
v 0.118664 0.143695 -0.085305
v 0.121099 0.143701 -0.090198
v 0.141603 0.143695 -0.070854
v 0.145161 0.143695 -0.079203
v 0.140497 0.143701 -0.095895
v 0.129013 0.143701 -0.110708
v 0.108050 0.143701 -0.105482
v 0.159865 0.143695 -0.075971
v 0.151764 0.143701 -0.091098
v 0.150375 0.143701 -0.071779
v 0.144321 0.143701 -0.093225
v 0.150139 0.143695 -0.092452
v 0.117305 0.143701 -0.123044
v 0.104661 0.143701 -0.133961
v 0.091678 0.143701 -0.119987
v 0.086374 0.143701 -0.146424
v 0.073380 0.143701 -0.131973
v 0.066003 0.143701 -0.156664
v 0.053540 0.143701 -0.141186
v 0.044442 0.143701 -0.164088
v 0.032583 0.143701 -0.147445
v 0.022084 0.143701 -0.168559
v 0.010938 0.143701 -0.150604
v 0.000003 0.143701 -0.170003
v -0.022084 0.143701 -0.168559
v -0.010938 0.143701 -0.150604
v -0.044442 0.143701 -0.164088
v -0.032583 0.143701 -0.147445
v -0.066003 0.143701 -0.156664
v -0.053540 0.143701 -0.141186
v -0.086374 0.143701 -0.146424
v -0.073380 0.143701 -0.131973
v -0.104661 0.143701 -0.133961
v -0.091678 0.143701 -0.119987
v -0.117305 0.143701 -0.123044
v -0.108050 0.143701 -0.105482
v -0.129013 0.143701 -0.110708
v -0.120966 0.143701 -0.090398
v -0.140552 0.143701 -0.095847
v -0.132928 0.143695 -0.068190
v -0.118985 0.143695 -0.084713
v -0.145161 0.143695 -0.079203
v -0.141603 0.143695 -0.070854
v -0.129696 0.143695 -0.067048
v -0.139621 0.143695 -0.053160
v -0.139772 0.143695 -0.062233
v -0.137604 0.143701 -0.048804
v -0.154211 0.143701 -0.029466
v -0.142956 0.143701 -0.029647
v -0.147408 0.143695 -0.057823
v -0.156682 0.143701 -0.009989
v -0.155993 0.143701 -0.054875
v -0.173361 0.143695 -0.035513
v -0.168208 0.143701 -0.055093
v -0.153957 0.143695 -0.063720
v -0.159412 0.143695 -0.070975
v -0.145663 0.143701 -0.009947
v -0.156682 0.143701 0.009989
v -0.145663 0.143701 0.009947
v -0.154211 0.143701 0.029466
v -0.142956 0.143701 0.029647
v -0.137604 0.143701 0.048804
v -0.139621 0.143701 0.053160
v -0.155993 0.143695 0.054875
v -0.173398 0.143695 0.035525
v -0.168208 0.143701 0.055093
v -0.147408 0.143695 0.057823
v -0.159412 0.143695 0.070975
v -0.153957 0.143701 0.063720
v -0.129696 0.143695 0.067048
v -0.139772 0.143701 0.062233
v -0.132928 0.143695 0.068190
v -0.118664 0.143695 0.085305
v -0.121099 0.143701 0.090198
v -0.141603 0.143695 0.070854
v -0.145161 0.143695 0.079203
v -0.140497 0.143701 0.095895
v -0.129013 0.143701 0.110708
v -0.108050 0.143695 0.105482
v -0.159865 0.143701 0.075971
v -0.151764 0.143701 0.091098
v -0.150375 0.143701 0.071779
v -0.144321 0.143701 0.093225
v -0.150139 0.143695 0.092452
v -0.117305 0.143701 0.123044
v -0.104661 0.143701 0.133961
v -0.091678 0.143701 0.119987
v -0.086374 0.143701 0.146424
v -0.073380 0.143701 0.131973
v -0.066003 0.143701 0.156664
v -0.053540 0.143701 0.141186
v -0.044442 0.143701 0.164088
v -0.032583 0.143701 0.147445
v -0.022084 0.143701 0.168559
v -0.010938 0.143701 0.150604
v 0.000003 0.143701 0.170003
v 0.010938 0.143701 0.150604
v 0.022084 0.143701 0.168559
v 0.044442 0.143701 0.164088
v 0.032583 0.143701 0.147445
v 0.066003 0.143701 0.156664
v 0.053540 0.143701 0.141186
v 0.086374 0.143701 0.146424
v 0.073380 0.143701 0.131973
v 0.104661 0.143701 0.133961
v 0.091678 0.143701 0.119987
v 0.117305 0.143701 0.123044
v 0.108050 0.143695 0.105482
v 0.129013 0.143701 0.110708
v 0.120966 0.143701 0.090398
v 0.140552 0.143701 0.095847
v 0.132928 0.143695 0.068190
v 0.145161 0.143695 0.079203
v 0.118320 0.143677 0.085994
v 0.141603 0.143695 0.070854
v 0.129696 0.143695 0.067048
v 0.139772 0.143701 0.062233
v 0.144491 0.143701 0.093207
v 0.149819 0.143695 0.092488
v 0.150375 0.143701 0.071779
v 0.151553 0.143695 0.091473
v 0.159865 0.143701 0.075971
v -0.046393 0.169769 -0.175989
v -0.051969 0.178698 -0.174425
v -0.031834 0.178698 -0.179191
v -0.031852 0.158864 -0.179197
v -0.022144 0.156738 -0.180647
v -0.010660 0.178698 -0.181686
v -0.011252 0.154358 -0.181644
v -0.004606 0.178698 -0.181940
v -0.004606 0.155699 -0.181940
v -0.002039 0.153560 -0.182025
v 0.000003 0.151899 -0.182000
v -0.040817 0.160852 -0.177361
v 0.001181 0.153180 -0.182097
v 0.011228 0.154346 -0.181650
v 0.004709 0.155651 -0.181952
v 0.004606 0.178698 -0.181940
v 0.010660 0.178698 -0.181686
v 0.022144 0.156738 -0.180647
v 0.031526 0.158786 -0.179252
v 0.031834 0.178698 -0.179191
v 0.040799 0.160816 -0.177367
v 0.046387 0.169769 -0.175989
v 0.051969 0.178698 -0.174425
v 0.069362 0.153711 -0.160681
v 0.045753 0.148697 -0.168915
v 0.056972 0.174898 -0.165466
v 0.044255 0.153699 -0.169314
v 0.022235 0.148715 -0.173621
v 0.067942 0.148697 -0.161273
v 0.089262 0.148733 -0.150562
v -0.066487 0.205557 -0.120924
v -0.092494 0.204415 -0.149740
v -0.076201 0.205345 -0.123364
v -0.087691 0.204240 -0.159485
v -0.063345 0.205345 -0.130433
v -0.076883 0.204415 -0.158319
v -0.099647 0.204240 -0.152302
v -0.075216 0.204240 -0.165737
v 0.147421 0.178698 -0.129158
v 0.135411 0.178698 -0.121606
v 0.134184 0.178698 -0.142865
v 0.120259 0.178698 -0.136607
v 0.144092 0.178698 -0.117619
v 0.148339 0.178698 -0.105452
v 0.153117 0.178698 -0.105603
v 0.151365 0.178698 -0.097768
v 0.149136 0.178698 -0.097641
v 0.119673 0.178698 -0.155220
v 0.108364 0.178698 -0.151172
v 0.103459 0.178698 -0.149734
v 0.089612 0.178698 -0.162989
v 0.085238 0.178698 -0.160808
v 0.069592 0.178698 -0.172492
v 0.066432 0.178698 -0.169441
v 0.066952 0.178698 -0.184211
v 0.051969 0.178698 -0.174425
v 0.048750 0.178698 -0.189842
v 0.031834 0.178698 -0.179191
v 0.030082 0.178698 -0.193678
v 0.022120 0.178698 -0.184683
v 0.010660 0.178698 -0.181686
v 0.003954 0.178698 -0.183064
v 0.002401 0.178698 -0.184447
v 0.000003 0.178698 -0.186000
v 0.000015 0.178698 -0.185039
v 0.057920 0.178698 -0.168214
v 0.004606 0.178698 -0.181940
v -0.001906 0.178698 -0.184622
v -0.022120 0.178698 -0.184683
v -0.003513 0.178698 -0.183632
v -0.010660 0.178698 -0.181686
v -0.031834 0.178698 -0.179191
v -0.051969 0.178698 -0.174425
v -0.048750 0.178698 -0.189842
v -0.030082 0.178698 -0.193678
v -0.066952 0.178698 -0.184211
v -0.057920 0.178698 -0.168214
v -0.066432 0.178698 -0.169441
v -0.069592 0.178698 -0.172492
v -0.089612 0.178698 -0.162989
v -0.085238 0.178698 -0.160808
v -0.108364 0.178698 -0.151172
v -0.103459 0.178698 -0.149734
v -0.120259 0.178698 -0.136607
v -0.134184 0.178698 -0.142865
v -0.119673 0.178698 -0.155220
v -0.135411 0.178698 -0.121606
v -0.147421 0.178698 -0.129158
v -0.144092 0.178698 -0.117619
v -0.148339 0.178698 -0.105452
v -0.153117 0.178698 -0.105603
v -0.149130 0.178698 -0.097647
v -0.151347 0.178698 -0.097768
v -0.153117 0.178698 -0.097188
v 0.136057 0.203696 -0.033000
v 0.136057 0.243695 -0.033000
v 0.097883 0.203696 -0.033000
v 0.097804 0.243671 -0.033006
v 0.135991 0.201461 -0.033254
v 0.097834 0.201473 -0.033224
v 0.135809 0.199334 -0.034003
v 0.097562 0.198307 -0.034559
v 0.135501 0.197432 -0.035205
v 0.097097 0.195819 -0.036794
v 0.135072 0.195849 -0.036806
v 0.134541 0.194659 -0.038721
v 0.096397 0.194103 -0.040008
v 0.133906 0.193934 -0.040854
v -0.097883 0.203696 -0.033000
v -0.136057 0.243695 -0.033000
v -0.136057 0.203696 -0.033000
v -0.097840 0.243683 -0.033006
v -0.097792 0.200730 -0.033393
v -0.135997 0.201473 -0.033248
v -0.135809 0.199359 -0.033991
v -0.097472 0.197504 -0.035102
v -0.135507 0.197462 -0.035181
v -0.135084 0.195879 -0.036764
v -0.096946 0.195136 -0.037736
v -0.134559 0.194689 -0.038661
v -0.133931 0.193946 -0.040775
v -0.096378 0.193964 -0.040564
v 0.140860 0.160453 0.115360
v 0.144907 0.169769 0.110116
v 0.135411 0.178698 0.121606
v 0.128669 0.156738 0.128723
v 0.120259 0.178698 0.136607
v 0.120598 0.154328 0.136305
v 0.112049 0.151899 0.143415
v 0.103459 0.178698 0.149734
v 0.103084 0.154328 0.149994
v 0.093769 0.156738 0.155987
v 0.085516 0.158786 0.160657
v 0.085238 0.178698 0.160808
v 0.077047 0.160816 0.164886
v 0.071791 0.169769 0.167242
v 0.148339 0.178698 0.105452
v 0.066432 0.178698 0.169441
v 0.057612 0.175961 0.167314
v 0.056972 0.174898 0.165466
v 0.070268 0.153742 0.161883
v 0.069356 0.153723 0.160693
v -0.161098 0.162701 -0.027938
v -0.156289 0.162701 -0.042636
v -0.155908 0.162701 -0.090953
v -0.164596 0.162701 -0.074086
v -0.149245 0.162701 -0.063013
v -0.141065 0.162701 -0.079650
v -0.160566 0.162701 -0.021510
v -0.163224 0.162701 -0.009464
v -0.161998 0.162701 0.000003
v -0.163224 0.162701 0.009464
v -0.160566 0.162701 0.021510
v -0.161098 0.162701 0.027938
v -0.156289 0.162701 0.042636
v -0.171628 0.162701 0.055896
v -0.174600 0.162701 0.032166
v -0.149245 0.162701 0.063013
v -0.171628 0.162701 -0.055890
v -0.164596 0.162701 0.074086
v -0.141065 0.162701 0.079650
v -0.155908 0.162701 0.090953
v -0.176974 0.162701 0.035562
v -0.174751 0.162701 -0.032215
v -0.176974 0.162707 -0.035694
v 0.159902 0.148697 -0.025998
v 0.159902 0.157698 -0.025998
v 0.161672 0.148697 -0.010309
v 0.161768 0.157698 -0.008702
v 0.161672 0.148697 0.010309
v 0.161768 0.157698 0.008702
v 0.159902 0.157698 0.025998
v 0.159902 0.148697 0.025998
v -0.157117 0.182697 -0.091866
v -0.141065 0.199854 -0.079650
v -0.157117 0.199250 -0.091872
v -0.141065 0.162701 -0.079650
v -0.155908 0.162701 -0.090953
v -0.157111 0.161196 -0.091866
v 0.093370 0.194967 0.090518
v 0.100680 0.207520 0.082236
v 0.100686 0.195069 0.082254
v 0.088881 0.195698 0.094632
v 0.088996 0.207484 0.094759
v 0.084030 0.195075 0.099206
v 0.075772 0.207478 0.105634
v 0.075784 0.195039 0.105646
v -0.095756 0.252696 0.046998
v -0.136117 0.209073 0.046998
v -0.136111 0.252696 0.046998
v 0.008902 0.204415 -0.175772
v 0.011711 0.210849 -0.142521
v 0.016393 0.212251 -0.170208
v 0.007337 0.205345 -0.144817
v 0.012647 0.208336 -0.172993
v -0.119540 0.257693 -0.015680
v -0.111747 0.257699 -0.032493
v -0.120519 0.257699 -0.042001
v -0.129369 0.257699 -0.033175
v -0.130257 0.257693 -0.035531
v -0.110170 0.257693 -0.029768
v -0.115487 0.257693 -0.017861
v -0.110225 0.257705 -0.036220
v -0.106485 0.257699 -0.036915
v -0.096233 0.257699 -0.042001
v -0.130904 0.257693 -0.029466
v -0.124681 0.257699 -0.016574
v -0.130288 0.257699 -0.016870
v -0.134462 0.257699 -0.029049
v -0.134764 0.257693 -0.013988
v -0.121733 0.257517 -0.012508
v -0.138196 0.257680 -0.008539
v -0.140612 0.257693 0.001598
v -0.142799 0.257699 -0.018556
v -0.144001 0.257699 0.000003
v -0.138848 0.257699 0.010333
v -0.142799 0.257699 0.018435
v -0.134269 0.257699 0.015426
v -0.131146 0.257699 0.029490
v -0.126162 0.257693 0.014870
v -0.121691 0.257656 0.008400
v -0.119166 0.257656 0.010279
v -0.134299 0.257699 0.029007
v -0.136655 0.257699 0.030414
v -0.137634 0.257699 0.033508
v -0.139217 0.257699 0.036800
v -0.136873 0.257644 0.035586
v -0.137736 0.257699 0.042001
v -0.133375 0.257699 0.037205
v -0.120519 0.257699 0.042001
v -0.129357 0.257699 0.032323
v -0.111216 0.257693 0.035163
v -0.111421 0.257699 0.031599
v -0.130390 0.257699 0.035749
v -0.107839 0.257693 0.037247
v -0.096233 0.257699 0.042001
v -0.103936 0.257638 0.035477
v -0.103374 0.257699 0.032257
v -0.101840 0.257699 0.025563
v -0.105537 0.257699 0.029448
v -0.108926 0.257699 0.029043
v -0.111844 0.257699 0.008551
v -0.104661 0.257699 0.008424
v -0.108334 0.257693 -0.001392
v -0.104619 0.257699 -0.008944
v -0.107228 0.257699 -0.028928
v -0.109047 0.257680 -0.010992
v -0.101713 0.257699 -0.026065
v -0.104256 0.257680 -0.030457
v -0.116991 0.257650 0.010642
v -0.103441 0.257699 -0.033175
v -0.104329 0.257693 -0.035531
v -0.111675 0.257699 -0.016012
v -0.147421 0.178698 0.129158
v -0.135411 0.178698 0.121606
v -0.134184 0.178698 0.142865
v -0.120259 0.178698 0.136607
v -0.144092 0.178698 0.117619
v -0.148339 0.178698 0.105452
v -0.153117 0.178698 0.105603
v -0.151365 0.178698 0.097768
v -0.149136 0.178698 0.097641
v -0.119673 0.178698 0.155220
v -0.108364 0.178698 0.151172
v -0.103459 0.178698 0.149734
v -0.089612 0.178698 0.162989
v -0.085238 0.178698 0.160808
v -0.069592 0.178698 0.172492
v -0.066432 0.178698 0.169441
v -0.066952 0.178698 0.184211
v -0.051969 0.178698 0.174425
v -0.048750 0.178698 0.189842
v -0.031834 0.178698 0.179191
v -0.030082 0.178698 0.193678
v -0.022120 0.178698 0.184683
v -0.010660 0.178698 0.181686
v -0.003954 0.178698 0.183064
v -0.002401 0.178698 0.184447
v 0.000003 0.178698 0.186000
v -0.000015 0.178698 0.185039
v -0.057920 0.178698 0.168214
v -0.004606 0.178698 0.181940
v 0.001906 0.178698 0.184622
v 0.003513 0.178698 0.183632
v 0.004606 0.178698 0.181940
v 0.117988 0.257699 -0.011348
v 0.120519 0.257699 -0.042001
v 0.111566 0.257699 -0.032438
v 0.109893 0.257699 -0.029526
v 0.129164 0.257699 -0.033230
v 0.131701 0.257699 -0.036691
v 0.137736 0.257699 -0.042001
v 0.131436 0.257693 -0.029333
v 0.126222 0.257693 -0.014846
v 0.121751 0.257499 -0.008267
v 0.111844 0.257693 -0.008418
v 0.134504 0.257699 -0.028977
v 0.133997 0.257699 -0.015348
v 0.135815 0.257680 -0.036679
v 0.107289 0.257699 -0.028886
v 0.108328 0.257693 0.001797
v 0.104661 0.257699 -0.008424
v 0.101840 0.257699 -0.025563
v 0.104021 0.257699 -0.030747
v 0.096233 0.257699 -0.042001
v 0.104619 0.257699 0.008944
v 0.108902 0.257693 0.010678
v 0.101713 0.257699 0.026065
v 0.111989 0.257656 0.015734
v 0.115819 0.257674 0.017287
v 0.110146 0.257699 0.029756
v 0.107083 0.257705 0.028916
v 0.137918 0.257693 -0.011493
v 0.140105 0.257693 -0.005905
v 0.142799 0.257699 -0.018556
v 0.144001 0.257699 0.000003
v 0.139476 0.257687 0.005301
v 0.142775 0.257699 0.018827
v 0.130318 0.257699 0.016985
v 0.135519 0.257693 0.012853
v 0.131889 0.257699 0.029110
v 0.135368 0.257699 0.029387
v 0.124410 0.257699 0.016357
v 0.121691 0.257626 0.012532
v 0.119480 0.257602 0.015698
v 0.129430 0.257693 0.031496
v 0.120519 0.257699 0.042001
v 0.130227 0.257693 0.035761
v 0.133961 0.257699 0.037132
v 0.137736 0.257699 0.042001
v 0.111735 0.257693 0.032493
v 0.137362 0.257699 0.034655
v 0.139217 0.257699 0.036800
v 0.137199 0.257699 0.031375
v 0.110762 0.257699 0.035459
v 0.108092 0.257699 0.037090
v 0.096233 0.257699 0.042001
v 0.104812 0.257687 0.036142
v 0.103314 0.257687 0.033520
v 0.104335 0.257699 0.030541
v -0.102710 0.243695 -0.007712
v -0.138359 0.243695 -0.021389
v -0.100408 0.243695 -0.022966
v -0.140002 0.243695 0.000003
v -0.136057 0.243695 -0.033000
v -0.102710 0.243695 0.007712
v -0.138359 0.243695 0.021389
v -0.097840 0.243683 -0.033006
v -0.100408 0.243695 0.022966
v -0.136057 0.243695 0.033000
v -0.097804 0.243671 0.033006
v 0.102710 0.243695 0.007712
v 0.140002 0.243695 0.000003
v 0.138359 0.243695 0.021389
v 0.100408 0.243695 0.022966
v 0.136057 0.243695 0.033000
v 0.102710 0.243695 -0.007712
v 0.138359 0.243695 -0.021389
v 0.097840 0.243683 0.033006
v 0.100408 0.243695 -0.022966
v 0.136057 0.243695 -0.033000
v 0.097804 0.243671 -0.033006
v 0.000003 0.182697 0.189999
v 0.000003 0.197999 0.189999
v -0.020507 0.182697 0.188887
v 0.020507 0.197999 0.188887
v -0.020507 0.197999 0.188887
v 0.020507 0.182697 0.188887
v -0.091545 0.197999 0.166493
v -0.091545 0.182697 0.166493
v -0.073035 0.197999 0.175403
v -0.108974 0.182697 0.155643
v -0.108974 0.197999 0.155643
v -0.073035 0.182697 0.175403
v -0.109470 0.254696 0.000190
v -0.114218 0.254696 -0.002389
v -0.115626 0.254696 0.001749
v -0.109005 0.254696 -0.005307
v -0.114490 0.254696 -0.006521
v -0.109687 0.254696 -0.010424
v -0.115946 0.254696 -0.008986
v -0.111433 0.254696 -0.014659
v -0.114605 0.254696 -0.016943
v -0.118803 0.254702 -0.016133
v -0.121945 0.254702 -0.012309
v -0.118828 0.254696 -0.007736
v -0.120108 0.254696 -0.003797
v -0.119776 0.254696 0.000148
v -0.126059 0.254696 -0.004902
v -0.128572 0.254696 -0.006479
v -0.118254 0.254696 0.002534
v -0.130958 0.254696 -0.005736
v -0.124265 0.254696 -0.015209
v -0.128077 0.254696 -0.016465
v -0.133145 0.254702 -0.014484
v -0.125310 0.254696 -0.001030
v -0.121776 0.254702 0.007959
v -0.126089 0.254696 0.002365
v -0.119160 0.254696 0.010031
v -0.135912 0.254696 -0.011330
v -0.132873 0.254696 -0.003525
v -0.138316 0.254696 -0.006588
v -0.133725 0.254696 -0.000112
v -0.139458 0.254696 -0.001302
v -0.139567 0.254696 0.004419
v -0.133133 0.254696 0.003537
v -0.137785 0.254696 0.010521
v -0.134831 0.254696 0.013819
v -0.130161 0.254696 0.005235
v -0.131653 0.254696 0.014979
v -0.127605 0.254696 0.014411
v -0.127889 0.254696 0.004492
v -0.124095 0.254696 0.011699
v -0.116858 0.254696 0.010412
v -0.113578 0.254696 0.008914
v -0.110726 0.254696 0.004401
v -0.136921 0.203696 -0.145783
v -0.120374 0.182697 -0.159720
v -0.136921 0.182697 -0.145783
v -0.151867 0.203696 -0.130137
v -0.120374 0.203696 -0.159720
v -0.151867 0.182697 -0.130137
v -0.070377 0.182697 -0.187208
v -0.073035 0.182697 -0.175403
v -0.070377 0.203696 -0.187208
v -0.073035 0.197999 -0.175403
v -0.073059 0.203998 -0.175301
v -0.075216 0.204240 -0.165737
v 0.070377 0.182697 0.187208
v 0.073035 0.182697 0.175403
v 0.070377 0.203696 0.187208
v 0.073035 0.197999 0.175403
v 0.073059 0.203998 0.175301
v 0.075216 0.204240 0.165737
v 0.142799 0.257699 -0.018556
v 0.140999 0.285488 -0.029273
v 0.139217 0.257699 -0.036800
v 0.138419 0.270947 -0.039700
v 0.137736 0.257699 -0.042001
v 0.141971 0.290321 -0.024168
v 0.142835 0.293197 -0.018278
v 0.144001 0.257699 0.000003
v 0.143306 0.294290 -0.014115
v 0.136540 0.262109 -0.045783
v 0.135731 0.256285 -0.048091
v 0.136111 0.252696 -0.046998
v 0.135362 0.250600 -0.049130
v 0.136117 0.209073 -0.046998
v 0.143681 0.294701 -0.009542
v 0.143675 0.294719 0.009639
v 0.142775 0.257699 0.018827
v 0.143125 0.293940 0.015825
v 0.142618 0.292599 0.019897
v 0.142008 0.290394 0.023866
v 0.141174 0.286503 0.028409
v 0.139283 0.275562 0.036413
v 0.139217 0.257699 0.036800
v 0.136625 0.262417 0.045626
v 0.137736 0.257699 0.042001
v 0.135870 0.257548 0.047704
v 0.135362 0.251035 0.049118
v 0.136111 0.252696 0.046998
v 0.135356 0.208970 0.049136
v 0.136111 0.209055 0.046998
v 0.135471 0.207381 0.047481
v 0.134619 0.206892 0.049474
v -0.143675 0.294719 -0.009639
v -0.143681 0.294701 0.009542
v -0.144001 0.257699 0.000003
v -0.142799 0.257699 -0.018556
v -0.142865 0.293360 -0.018223
v -0.142008 0.290394 -0.023866
v -0.141180 0.286521 -0.028421
v -0.139253 0.275381 -0.036546
v -0.139217 0.257699 -0.036800
v -0.136625 0.262417 -0.045626
v -0.137736 0.257699 -0.042001
v -0.135870 0.257548 -0.047704
v -0.135362 0.251035 -0.049118
v -0.136111 0.252696 -0.046998
v -0.135356 0.208970 -0.049136
v -0.136111 0.209055 -0.046998
v -0.135465 0.207369 -0.047493
v -0.134619 0.206892 -0.049474
v -0.142835 0.293197 0.018278
v -0.143306 0.294290 0.014115
v -0.157117 0.182697 -0.106842
v -0.157117 0.197999 -0.106842
v -0.148508 0.182697 -0.118507
v -0.148508 0.197999 -0.118507
v 0.028524 0.182697 -0.197955
v 0.020507 0.182697 -0.188887
v 0.028524 0.203696 -0.197955
v 0.020507 0.197999 -0.188887
v 0.020440 0.203998 -0.188815
v 0.013940 0.204240 -0.181469
v 0.091545 0.197999 -0.166493
v 0.091545 0.182697 -0.166493
v 0.073035 0.197999 -0.175403
v 0.108974 0.182697 -0.155643
v 0.108974 0.197999 -0.155643
v 0.073035 0.182697 -0.175403
v 0.154646 0.148673 0.096022
v 0.164402 0.148691 0.078055
v 0.165870 0.161190 0.074938
v 0.157111 0.161196 0.091866
v 0.154531 0.180117 0.096107
v 0.157117 0.182697 0.091866
v 0.172969 0.148697 0.056615
v 0.173053 0.161196 0.056355
v 0.178273 0.161208 0.036776
v 0.178303 0.148697 0.036655
v 0.178013 0.161196 0.034438
v 0.178013 0.148697 0.034438
v 0.152719 0.148721 0.097424
v 0.153117 0.178698 0.097188
v 0.151347 0.178698 0.097768
v 0.151082 0.148709 0.097804
v 0.149130 0.178698 0.097647
v 0.147590 0.148685 0.097562
v 0.147584 0.173611 0.097617
v 0.145493 0.170137 0.098324
v 0.145542 0.148697 0.098312
v 0.177059 0.161166 0.032444
v 0.176962 0.148721 0.032299
v 0.174902 0.161202 0.030686
v 0.174829 0.148697 0.030650
v 0.162795 0.159197 0.026898
v 0.162795 0.161196 0.026898
v 0.161346 0.157698 0.026445
v 0.159902 0.148697 0.025998
v 0.159902 0.157698 0.025998
v 0.143917 0.148703 0.099635
v 0.143530 0.165703 0.100124
v 0.139114 0.153711 0.106171
v 0.132940 0.148667 0.113759
v 0.124313 0.148697 0.123171
v 0.161098 0.162701 0.027938
v 0.171628 0.162701 0.055896
v 0.174745 0.162701 0.032215
v 0.164596 0.162701 0.074086
v 0.155908 0.162701 0.090953
v 0.156289 0.162701 0.042636
v 0.149245 0.162701 0.063013
v 0.141065 0.162701 0.079650
v 0.160566 0.162701 0.021510
v 0.163224 0.162701 0.009464
v 0.161998 0.162701 0.000003
v 0.163224 0.162701 -0.009464
v 0.160566 0.162701 -0.021510
v 0.161098 0.162701 -0.027938
v 0.156289 0.162701 -0.042636
v 0.171628 0.162701 -0.055890
v 0.174600 0.162701 -0.032166
v 0.149245 0.162701 -0.063013
v 0.164596 0.162701 -0.074086
v 0.141065 0.162701 -0.079650
v 0.155908 0.162701 -0.090953
v 0.176974 0.162701 -0.035562
v 0.099671 0.252696 -0.008050
v 0.104661 0.257699 -0.008424
v 0.101840 0.257699 -0.025563
v 0.096989 0.252696 -0.024343
v 0.096233 0.257699 -0.042001
v 0.091539 0.252684 -0.040292
v 0.104619 0.257699 0.008944
v 0.099635 0.252696 0.008515
v 0.101713 0.257699 0.026065
v 0.096940 0.252721 0.024657
v 0.096233 0.257699 0.042001
v 0.091382 0.252715 0.040817
v 0.091322 0.252727 0.043101
v 0.092325 0.252703 0.045173
v 0.093823 0.252696 0.046381
v 0.095623 0.252696 0.046998
v 0.120519 0.257699 0.042001
v 0.136111 0.252696 0.046998
v 0.137736 0.257699 0.042001
v 0.091195 0.252684 -0.042001
v 0.091721 0.252703 -0.044255
v 0.093376 0.252690 -0.046188
v 0.095593 0.252696 -0.046998
v 0.136111 0.252696 -0.046998
v 0.120519 0.257699 -0.042001
v 0.137736 0.257699 -0.042001
v -0.071791 0.169769 0.167242
v -0.066432 0.178698 0.169441
v -0.085238 0.178698 0.160808
v -0.085226 0.158864 0.160820
v -0.093769 0.156738 0.155987
v -0.103459 0.178698 0.149734
v -0.103084 0.154328 0.149994
v -0.112049 0.151899 0.143415
v -0.120259 0.178698 0.136607
v -0.120598 0.154328 0.136311
v -0.128669 0.156738 0.128723
v -0.135199 0.158786 0.121842
v -0.135411 0.178698 0.121606
v -0.141355 0.160810 0.114641
v -0.144907 0.169769 0.110116
v -0.077028 0.160852 0.164892
v -0.148339 0.178698 0.105452
v 0.071791 0.169769 -0.167242
v 0.066432 0.178698 -0.169441
v 0.085238 0.178698 -0.160808
v 0.085226 0.158864 -0.160820
v 0.093769 0.156738 -0.155987
v 0.103459 0.178698 -0.149734
v 0.103084 0.154328 -0.149994
v 0.112049 0.151899 -0.143415
v 0.120259 0.178698 -0.136607
v 0.120598 0.154328 -0.136311
v 0.128669 0.156738 -0.128723
v 0.135199 0.158786 -0.121842
v 0.135411 0.178698 -0.121606
v 0.141355 0.160810 -0.114641
v 0.144907 0.169769 -0.110116
v 0.077028 0.160852 -0.164892
v 0.148339 0.178698 -0.105452
v -0.028524 0.182697 0.197955
v -0.020507 0.182697 0.188887
v -0.028524 0.203696 0.197955
v -0.020507 0.197999 0.188887
v -0.020440 0.203998 0.188815
v -0.013940 0.204240 0.181469
v -0.178122 0.161196 0.037356
v -0.178122 0.148697 0.037356
v -0.173053 0.161196 0.056361
v -0.172963 0.148697 0.056621
v -0.165870 0.161184 0.074932
v -0.164402 0.148691 0.078055
v -0.154597 0.148673 0.096100
v -0.157111 0.161196 0.091866
v -0.157117 0.182697 0.091866
v -0.154567 0.180148 0.096040
v -0.153111 0.178698 0.097188
v -0.152568 0.148727 0.097478
v -0.151365 0.178698 0.097768
v -0.178243 0.148721 0.035145
v -0.178200 0.161196 0.035157
v -0.177161 0.161184 0.032559
v -0.177047 0.148709 0.032372
v -0.174902 0.161196 0.030686
v -0.174775 0.148691 0.030638
v -0.162795 0.161196 0.026898
v -0.162795 0.159197 0.026898
v -0.159902 0.148697 0.025998
v -0.161346 0.157698 0.026445
v -0.159902 0.157698 0.025998
v -0.150985 0.148727 0.097810
v -0.149136 0.178698 0.097641
v -0.147735 0.148655 0.097550
v -0.147475 0.173400 0.097659
v -0.145584 0.148697 0.098287
v -0.145608 0.170337 0.098275
v -0.143681 0.166108 0.099931
v -0.144080 0.148697 0.099411
v -0.139114 0.153699 0.106177
v -0.134112 0.152008 0.111916
v -0.132807 0.148697 0.113964
v -0.124313 0.148697 0.123171
v 0.000003 0.182697 -0.189999
v -0.020507 0.197999 -0.188887
v 0.000003 0.197999 -0.189999
v 0.020507 0.182697 -0.188887
v 0.020507 0.197999 -0.188887
v -0.020507 0.182697 -0.188887
v -0.161672 0.148697 0.010309
v -0.159902 0.157698 0.025998
v -0.161768 0.157698 0.008702
v -0.159902 0.148697 0.025998
v -0.161768 0.157698 -0.008702
v -0.161672 0.148697 -0.010309
v -0.159902 0.157698 -0.025998
v -0.159902 0.148697 -0.025998
v 0.172963 0.148697 -0.056621
v 0.173398 0.143695 -0.035525
v 0.168208 0.143701 -0.055093
v 0.178122 0.148697 -0.037356
v 0.159865 0.143695 -0.075971
v 0.164402 0.148691 -0.078055
v 0.154597 0.148673 -0.096100
v 0.151764 0.143701 -0.091098
v 0.178243 0.148721 -0.035139
v 0.177047 0.148709 -0.032372
v 0.174775 0.148691 -0.030638
v 0.154211 0.143701 -0.029466
v 0.159902 0.148697 -0.025998
v 0.150139 0.143695 -0.092452
v 0.152568 0.148727 -0.097478
v 0.150985 0.148727 -0.097810
v 0.147735 0.148655 -0.097550
v 0.144321 0.143701 -0.093225
v 0.145584 0.148697 -0.098287
v 0.144080 0.148697 -0.099411
v 0.140497 0.143701 -0.095895
v 0.132807 0.148697 -0.113964
v 0.129013 0.143701 -0.110708
v 0.124313 0.148697 -0.123171
v 0.117305 0.143701 -0.123044
v 0.104661 0.143701 -0.133961
v -0.172963 0.148697 0.056621
v -0.173398 0.143695 0.035525
v -0.168208 0.143701 0.055093
v -0.178122 0.148697 0.037356
v -0.159865 0.143701 0.075971
v -0.164402 0.148691 0.078055
v -0.154597 0.148673 0.096100
v -0.151764 0.143701 0.091098
v -0.178243 0.148721 0.035145
v -0.177047 0.148709 0.032372
v -0.174775 0.148691 0.030638
v -0.154211 0.143701 0.029466
v -0.159902 0.148697 0.025998
v -0.150139 0.143695 0.092452
v -0.152568 0.148727 0.097478
v -0.150985 0.148727 0.097810
v -0.147735 0.148655 0.097550
v -0.144321 0.143701 0.093225
v -0.145584 0.148697 0.098287
v -0.144080 0.148697 0.099411
v -0.140497 0.143701 0.095895
v -0.132807 0.148697 0.113964
v -0.129013 0.143701 0.110708
v -0.124313 0.148697 0.123171
v -0.117305 0.143701 0.123044
v -0.104661 0.143701 0.133961
v -0.141065 0.162701 0.079650
v -0.155908 0.162701 0.090953
v -0.141065 0.199854 0.079650
v -0.157117 0.182697 0.091866
v -0.157117 0.199250 0.091872
v -0.157111 0.161196 0.091866
v -0.155002 0.298700 0.000003
v -0.147674 0.298700 0.009808
v -0.147674 0.298700 -0.009808
v -0.154338 0.298712 0.014139
v -0.154332 0.298688 -0.014333
v -0.146714 0.297746 0.017444
v -0.153262 0.297583 0.020839
v -0.152423 0.295788 0.025527
v -0.145294 0.294387 0.025733
v -0.146919 0.298090 -0.015934
v -0.153281 0.297601 -0.020767
v -0.152423 0.295807 -0.025485
v -0.145850 0.295861 -0.022754
v -0.151577 0.293360 -0.029750
v -0.144654 0.291964 -0.028940
v -0.150743 0.290188 -0.033514
v -0.143542 0.286696 -0.033973
v -0.151559 0.293330 0.029810
v -0.143862 0.288430 0.032644
v -0.150719 0.290086 0.033610
v -0.149849 0.285361 -0.037549
v -0.139742 0.266863 -0.048466
v -0.146116 0.266700 -0.051106
v -0.149831 0.285391 0.037519
v -0.139766 0.266797 0.048538
v -0.146116 0.266700 0.051106
v -0.138467 0.260405 0.051994
v -0.145306 0.262610 0.053534
v -0.145306 0.262707 -0.053510
v -0.138878 0.262991 -0.050797
v -0.144708 0.258448 -0.055238
v -0.137954 0.256061 -0.053329
v -0.144291 0.253657 -0.056386
v -0.137652 0.248546 -0.054223
v -0.144140 0.248697 -0.056778
v -0.137652 0.208704 -0.054223
v -0.144756 0.258665 0.055153
v -0.137797 0.253234 0.053903
v -0.144285 0.253693 0.056386
v -0.144140 0.248697 0.056778
v -0.137652 0.248697 0.054223
v -0.137652 0.208698 0.054223
v 0.141065 0.162701 -0.079650
v 0.155908 0.162701 -0.090953
v 0.141065 0.199854 -0.079650
v 0.157117 0.182697 -0.091866
v 0.157117 0.199250 -0.091872
v 0.157111 0.161196 -0.091866
v 0.087498 0.204699 0.048417
v 0.091527 0.198706 0.040370
v 0.084761 0.198700 0.052495
v 0.090476 0.204904 0.042690
v 0.090476 0.204904 0.042690
v 0.094880 0.208849 0.047288
v -0.136921 0.182697 0.145783
v -0.120374 0.203696 0.159720
v -0.136921 0.203696 0.145783
v -0.151867 0.182697 0.130137
v -0.151867 0.203696 0.130137
v -0.120374 0.182697 0.159720
v -0.144182 0.208324 0.127503
v -0.136921 0.203696 0.145783
v -0.126651 0.212945 0.134849
v -0.151867 0.203696 0.130137
v -0.118223 0.208324 0.151885
v -0.120374 0.203696 0.159720
v -0.116079 0.212945 0.144050
v -0.096366 0.212245 0.141259
v -0.094433 0.208336 0.145499
v -0.120374 0.203696 0.159720
v -0.099647 0.204240 0.152302
v -0.092494 0.204415 0.149740
v -0.078931 0.210849 0.119244
v -0.076201 0.205345 0.123364
v -0.136498 0.212945 0.124869
v -0.134637 0.212220 0.104794
v -0.145759 0.204240 0.108986
v -0.151867 0.203696 0.130137
v -0.143651 0.204415 0.101689
v -0.124506 0.211550 0.095635
v -0.118350 0.205345 0.083776
v -0.114067 0.210849 0.086241
v 0.154060 0.271376 -0.043198
v 0.149831 0.285391 -0.037519
v 0.156645 0.285077 -0.032771
v 0.146116 0.266700 -0.051106
v 0.151976 0.262018 -0.050079
v 0.145306 0.262610 -0.053534
v 0.151166 0.256998 -0.052423
v 0.150719 0.290086 -0.033610
v 0.157413 0.288775 -0.028669
v 0.151559 0.293330 -0.029810
v 0.158089 0.291106 -0.024639
v 0.152423 0.295788 -0.025527
v 0.158863 0.293076 -0.019196
v 0.153262 0.297583 -0.020839
v 0.154338 0.298712 -0.014139
v 0.159497 0.293716 -0.012466
v 0.159998 0.293698 0.000003
v 0.155002 0.298700 0.000003
v 0.159503 0.293704 0.012315
v 0.154332 0.298688 0.014333
v 0.144756 0.258665 -0.055153
v 0.144285 0.253693 -0.056386
v 0.150689 0.250932 -0.053788
v 0.144140 0.248697 -0.056778
v 0.144134 0.208288 -0.056778
v 0.147795 0.208390 -0.055117
v 0.147638 0.206221 -0.056156
v 0.144056 0.205998 -0.058132
v 0.150677 0.205581 -0.053818
v 0.150381 0.203902 -0.055038
v 0.147874 0.204953 -0.058470
v 0.152936 0.201902 -0.053425
v 0.141923 0.204929 -0.071706
v 0.144424 0.201836 -0.073386
v 0.158724 0.201836 -0.032420
v 0.156029 0.203902 -0.034680
v 0.140074 0.201836 -0.081384
v 0.136130 0.204929 -0.082157
v 0.156766 0.203902 -0.032021
v 0.161636 0.201836 -0.010871
v 0.159636 0.203896 -0.010811
v 0.161636 0.201836 0.010871
v 0.159636 0.203896 0.010781
v 0.156766 0.203902 0.032021
v 0.158724 0.201836 0.032420
v 0.156029 0.203902 0.034680
v 0.152954 0.201836 0.053383
v 0.150429 0.203835 0.054906
v 0.147692 0.204935 0.058911
v 0.144424 0.201836 0.073386
v 0.142829 0.204929 0.069864
v 0.140074 0.201836 0.081384
v 0.136130 0.204929 0.082157
v 0.147704 0.205702 0.056815
v 0.147765 0.207828 0.055141
v 0.144062 0.206076 0.058125
v 0.144140 0.208100 0.056784
v 0.137120 0.207091 0.054670
v 0.144140 0.208100 0.056784
v 0.150677 0.205962 0.053812
v 0.150689 0.250697 0.053788
v 0.144140 0.248697 0.056778
v 0.144140 0.208100 0.056784
v 0.144291 0.253657 0.056386
v 0.151239 0.257801 0.052229
v 0.144708 0.258448 0.055238
v 0.145306 0.262707 0.053510
v 0.152338 0.263698 0.048913
v 0.146116 0.266700 0.051106
v 0.149849 0.285361 0.037543
v 0.154996 0.276040 0.039694
v 0.156368 0.283658 0.033900
v 0.150743 0.290188 0.033514
v 0.157195 0.287911 0.029847
v 0.151577 0.293360 0.029750
v 0.158113 0.291173 0.024512
v 0.152423 0.295807 0.025485
v 0.153281 0.297601 0.020767
v 0.158675 0.292635 0.020567
v 0.159171 0.293499 0.016272
v 0.155002 0.298700 0.000003
v 0.147674 0.298700 -0.009808
v 0.147674 0.298700 0.009808
v 0.154338 0.298712 -0.014139
v 0.154332 0.298688 0.014333
v 0.146714 0.297746 -0.017444
v 0.153262 0.297583 -0.020839
v 0.152423 0.295788 -0.025527
v 0.145602 0.295100 -0.024295
v 0.146919 0.298090 0.015934
v 0.153281 0.297601 0.020767
v 0.152423 0.295807 0.025485
v 0.145850 0.295861 0.022754
v 0.151577 0.293360 0.029750
v 0.144654 0.291964 0.028940
v 0.150743 0.290188 0.033514
v 0.143542 0.286696 0.033973
v 0.149849 0.285361 0.037543
v 0.139742 0.266863 0.048466
v 0.146116 0.266700 0.051106
v 0.145306 0.262707 0.053510
v 0.138878 0.262991 0.050797
v 0.144708 0.258448 0.055238
v 0.137954 0.256061 0.053329
v 0.144291 0.253657 0.056386
v 0.137652 0.248546 0.054223
v 0.144140 0.248697 0.056778
v 0.137652 0.208704 0.054223
v -0.101713 0.257699 -0.026065
v -0.096940 0.252721 -0.024657
v -0.096233 0.257699 -0.042001
v -0.091292 0.252709 -0.041095
v -0.099635 0.252696 -0.008515
v -0.104619 0.257699 -0.008944
v -0.099671 0.252690 0.008050
v -0.104661 0.257699 0.008424
v -0.096989 0.252696 0.024343
v -0.101840 0.257699 0.025563
v -0.091225 0.252588 0.041174
v -0.096233 0.257699 0.042001
v -0.091382 0.252703 0.043409
v -0.092518 0.252696 0.045403
v -0.094065 0.252715 0.046490
v -0.091328 0.252696 -0.043137
v -0.092307 0.252696 -0.045179
v -0.093883 0.252703 -0.046412
v -0.095641 0.252696 -0.046998
v -0.120519 0.257699 -0.042001
v -0.136111 0.252696 -0.046998
v -0.137736 0.257699 -0.042001
v -0.095756 0.252696 0.046998
v -0.136111 0.252696 0.046998
v -0.120519 0.257699 0.042001
v -0.137736 0.257699 0.042001
v -0.140062 0.153735 0.107343
v -0.141355 0.160810 0.114641
v -0.144907 0.169769 0.110116
v -0.133169 0.151331 0.115571
v -0.147475 0.173400 0.097659
v -0.135199 0.158786 0.121842
v -0.125817 0.148933 0.123389
v -0.128669 0.156738 0.128723
v -0.120598 0.154328 0.136311
v -0.117094 0.146244 0.131568
v -0.112049 0.151899 0.143415
v -0.108352 0.143701 0.138685
v -0.103084 0.154328 0.149994
v -0.097846 0.146649 0.146442
v -0.093769 0.156738 0.155987
v -0.089286 0.148933 0.151927
v -0.085226 0.158864 0.160820
v -0.079922 0.151331 0.157177
v -0.077028 0.160852 0.164892
v -0.070262 0.153754 0.161889
v -0.071791 0.169769 0.167242
v -0.066432 0.178698 0.169441
v -0.057612 0.175961 0.167314
v -0.057920 0.178698 0.168214
v -0.108974 0.182697 0.155643
v -0.120374 0.182697 0.159720
v -0.108364 0.178698 0.151172
v -0.119673 0.178698 0.155220
v 0.022355 0.148733 0.173597
v 0.000003 0.143701 0.170003
v 0.022084 0.143701 0.168559
v 0.045747 0.148697 0.168915
v 0.044442 0.143701 0.164088
v 0.067942 0.148697 0.161273
v 0.066003 0.143701 0.156664
v 0.086374 0.143701 0.146424
v 0.089371 0.148715 0.150502
v 0.104661 0.143701 0.133961
v -0.049746 0.182697 -0.193714
v -0.070377 0.203696 -0.187208
v -0.049746 0.203696 -0.193714
v -0.028524 0.182697 -0.197955
v -0.028524 0.203696 -0.197955
v -0.070377 0.182697 -0.187208
v 0.049746 0.182697 0.193714
v 0.070377 0.203696 0.187208
v 0.049746 0.203696 0.193714
v 0.028524 0.182697 0.197955
v 0.028524 0.203696 0.197955
v 0.070377 0.182697 0.187208
v 0.136921 0.182697 -0.145783
v 0.120374 0.203696 -0.159720
v 0.136921 0.203696 -0.145783
v 0.151867 0.182697 -0.130137
v 0.151867 0.203696 -0.130137
v 0.120374 0.182697 -0.159720
v -0.091545 0.182697 -0.166493
v -0.091545 0.197999 -0.166493
v -0.073035 0.182697 -0.175403
v -0.108974 0.197999 -0.155643
v -0.073035 0.197999 -0.175403
v -0.108974 0.182697 -0.155643
v 0.135199 0.158786 -0.121842
v 0.125817 0.148933 -0.123389
v 0.128669 0.156738 -0.128723
v 0.120598 0.154328 -0.136311
v 0.117094 0.146244 -0.131568
v 0.112049 0.151899 -0.143415
v 0.108352 0.143701 -0.138685
v 0.103084 0.154328 -0.149994
v 0.097846 0.146649 -0.146442
v 0.093769 0.156738 -0.155987
v 0.133169 0.151331 -0.115571
v 0.141355 0.160810 -0.114641
v 0.140062 0.153735 -0.107343
v 0.144907 0.169769 -0.110116
v 0.147475 0.173400 -0.097659
v 0.089286 0.148933 -0.151927
v 0.085226 0.158864 -0.160820
v 0.079922 0.151331 -0.157177
v 0.077028 0.160852 -0.164892
v 0.070262 0.153754 -0.161889
v 0.071791 0.169769 -0.167242
v 0.066432 0.178698 -0.169441
v 0.057612 0.175961 -0.167314
v 0.057920 0.178698 -0.168214
v 0.148339 0.178698 -0.105452
v 0.149136 0.178698 -0.097641
v 0.091545 0.182697 0.166493
v 0.091545 0.197999 0.166493
v 0.073035 0.182697 0.175403
v 0.108974 0.197999 0.155643
v 0.073035 0.197999 0.175403
v 0.108974 0.182697 0.155643
v 0.108974 0.182697 -0.155643
v 0.120374 0.182697 -0.159720
v 0.108364 0.178698 -0.151172
v 0.119673 0.178698 -0.155220
v -0.099647 0.204240 -0.152302
v -0.091545 0.197999 -0.166493
v -0.108974 0.197999 -0.155643
v -0.087691 0.204240 -0.159485
v -0.073035 0.197999 -0.175403
v -0.075216 0.204240 -0.165737
v 0.099647 0.204240 0.152302
v 0.091545 0.197999 0.166493
v 0.108974 0.197999 0.155643
v 0.087691 0.204240 0.159485
v 0.073035 0.197999 0.175403
v 0.075216 0.204240 0.165737
v 0.066487 0.205557 0.120924
v 0.087691 0.204240 0.159485
v 0.092494 0.204415 0.149740
v 0.076201 0.205345 0.123364
v 0.063345 0.205345 0.130433
v 0.076883 0.204415 0.158319
v 0.099647 0.204240 0.152302
v 0.075216 0.204240 0.165737
v 0.108974 0.197999 0.155643
v 0.120374 0.203696 0.159720
v 0.099647 0.204240 0.152302
v 0.120374 0.182697 0.159720
v 0.108974 0.182697 0.155643
v 0.118223 0.208324 0.151885
v 0.136921 0.203696 0.145783
v 0.126651 0.212945 0.134849
v 0.120374 0.203696 0.159720
v 0.144182 0.208324 0.127503
v 0.151867 0.203696 0.130137
v 0.136498 0.212945 0.124869
v 0.134945 0.212245 0.105023
v 0.139301 0.208336 0.103356
v 0.114067 0.210849 0.086241
v 0.148484 0.203998 0.118417
v 0.151867 0.203696 0.130137
v 0.116079 0.212945 0.144050
v 0.105102 0.212559 0.142497
v 0.094433 0.208336 0.145499
v 0.099647 0.204240 0.152302
v 0.120374 0.203696 0.159720
v 0.096372 0.212251 0.141259
v 0.092494 0.204415 0.149740
v 0.087649 0.211550 0.130251
v 0.076201 0.205345 0.123364
v 0.078931 0.210849 0.119244
v 0.096372 0.212251 0.141259
v 0.143651 0.204415 0.101689
v 0.145759 0.204240 0.108992
v 0.118350 0.205345 0.083776
v -0.057612 0.175961 -0.167314
v -0.056972 0.174898 -0.165466
v -0.070268 0.153742 -0.161883
v -0.069356 0.153723 -0.160693
v -0.108974 0.197999 -0.155643
v -0.120374 0.203696 -0.159720
v -0.099647 0.204240 -0.152302
v -0.120374 0.182697 -0.159720
v -0.108974 0.182697 -0.155643
v -0.118223 0.208324 -0.151885
v -0.136921 0.203696 -0.145783
v -0.126651 0.212945 -0.134849
v -0.120374 0.203696 -0.159720
v -0.144182 0.208324 -0.127503
v -0.151867 0.203696 -0.130137
v -0.136498 0.212945 -0.124869
v -0.134945 0.212245 -0.105023
v -0.139301 0.208336 -0.103356
v -0.114067 0.210849 -0.086241
v -0.148484 0.203998 -0.118417
v -0.151867 0.203696 -0.130137
v -0.116079 0.212945 -0.144050
v -0.105102 0.212559 -0.142497
v -0.094433 0.208336 -0.145499
v -0.099647 0.204240 -0.152302
v -0.120374 0.203696 -0.159720
v -0.096372 0.212251 -0.141259
v -0.092494 0.204415 -0.149740
v -0.087649 0.211550 -0.130251
v -0.076201 0.205345 -0.123364
v -0.078931 0.210849 -0.119244
v -0.096372 0.212251 -0.141259
v -0.143651 0.204415 -0.101689
v -0.145759 0.204240 -0.108992
v -0.118350 0.205345 -0.083776
v -0.049746 0.203696 0.193714
v -0.049746 0.182697 0.193714
v -0.028524 0.203696 0.197955
v -0.070377 0.182697 0.187208
v -0.070377 0.203696 0.187208
v -0.028524 0.182697 0.197955
v 0.139676 0.149700 -0.009536
v 0.145663 0.143701 -0.009947
v 0.139676 0.149700 0.009536
v 0.142956 0.143701 -0.029647
v 0.138057 0.149700 -0.021347
v 0.137084 0.149700 -0.028427
v 0.137604 0.143701 -0.048804
v 0.131925 0.149706 -0.046847
v 0.124361 0.149700 -0.064294
v 0.129696 0.143695 -0.067048
v 0.113511 0.149688 -0.082218
v 0.118664 0.143695 -0.085305
v 0.145663 0.143701 0.009947
v 0.138057 0.149700 0.021347
v 0.142956 0.143701 0.029647
v 0.137084 0.149700 0.028427
v 0.131949 0.149700 0.046798
v 0.137604 0.143701 0.048804
v 0.124361 0.149700 0.064294
v 0.129696 0.143695 0.067048
v 0.118320 0.143677 0.085994
v 0.113511 0.149694 0.082230
v 0.112744 0.149700 0.084973
v 0.112744 0.149700 -0.084973
v 0.112696 0.149706 0.087419
v 0.113421 0.149676 0.090331
v 0.120966 0.143701 0.090398
v 0.112696 0.149700 -0.087341
v 0.119045 0.143695 -0.088259
v 0.113396 0.149670 -0.090367
v 0.121099 0.143701 -0.090198
v -0.073035 0.197999 0.175403
v -0.070377 0.182697 0.187208
v -0.070377 0.203696 0.187208
v -0.073035 0.182697 0.175403
v -0.075216 0.204240 0.165731
v -0.064916 0.208324 0.181197
v -0.049746 0.203696 0.193714
v -0.046013 0.212945 0.179185
v -0.070377 0.203696 0.187208
v -0.030420 0.208324 0.190053
v -0.028524 0.203696 0.197955
v -0.032311 0.212945 0.182157
v -0.016393 0.212251 0.170208
v -0.012647 0.208336 0.172993
v -0.020440 0.203998 0.188815
v -0.028524 0.203696 0.197955
v -0.059448 0.212945 0.175186
v -0.064016 0.212559 0.165085
v -0.072268 0.208336 0.157685
v -0.075216 0.204240 0.165731
v -0.070377 0.203696 0.187208
v -0.067646 0.212251 0.157050
v -0.076883 0.204415 0.158319
v -0.063025 0.211550 0.143790
v -0.063345 0.205345 0.130433
v -0.058403 0.210849 0.130529
v -0.067646 0.212251 0.157050
v -0.013940 0.204240 0.181469
v -0.008902 0.204415 0.175772
v 0.147584 0.173611 0.097617
v 0.139114 0.153711 0.106171
v 0.143530 0.165703 0.100124
v 0.140062 0.153760 0.107289
v 0.145493 0.170137 0.098324
v -0.022355 0.148733 -0.173597
v 0.000003 0.143701 -0.170003
v -0.022084 0.143701 -0.168559
v -0.045747 0.148697 -0.168915
v -0.044442 0.143701 -0.164088
v -0.067942 0.148697 -0.161273
v -0.066003 0.143701 -0.156664
v -0.086374 0.143701 -0.146424
v -0.089371 0.148715 -0.150502
v -0.104661 0.143701 -0.133961
v -0.030420 0.208324 -0.190053
v -0.049746 0.203696 -0.193714
v -0.046013 0.212945 -0.179185
v -0.028524 0.203696 -0.197955
v -0.064916 0.208324 -0.181197
v -0.070377 0.203696 -0.187208
v -0.059448 0.212945 -0.175186
v -0.067646 0.212251 -0.157050
v -0.072268 0.208336 -0.157685
v -0.073059 0.203998 -0.175301
v -0.070377 0.203696 -0.187208
v -0.032311 0.212945 -0.182157
v -0.016357 0.212220 -0.169827
v -0.013940 0.204240 -0.181469
v -0.028524 0.203696 -0.197955
v -0.008902 0.204415 -0.175772
v -0.014049 0.211550 -0.156368
v -0.007337 0.205345 -0.144817
v -0.011711 0.210849 -0.142521
v -0.075216 0.204240 -0.165737
v -0.076883 0.204415 -0.158319
v -0.020507 0.197999 -0.188887
v -0.028524 0.182697 -0.197955
v -0.028524 0.203696 -0.197955
v -0.020507 0.182697 -0.188887
v -0.013940 0.204240 -0.181469
v 0.085516 0.158786 0.160657
v 0.089286 0.148933 0.151927
v 0.093769 0.156738 0.155987
v 0.103084 0.154328 0.149994
v 0.099333 0.146244 0.145445
v 0.112049 0.151899 0.143415
v 0.108352 0.143701 0.138685
v 0.120598 0.154328 0.136305
v 0.118423 0.146649 0.130366
v 0.128669 0.156738 0.128723
v 0.079922 0.151331 0.157177
v 0.077047 0.160816 0.164886
v 0.070268 0.153742 0.161883
v 0.071791 0.169769 0.167242
v 0.057612 0.175961 0.167314
v 0.125817 0.148933 0.123389
v 0.140860 0.160453 0.115360
v 0.133169 0.151331 0.115571
v 0.140062 0.153760 0.107289
v 0.144907 0.169769 0.110116
v 0.147584 0.173611 0.097617
v 0.148339 0.178698 0.105452
v 0.149130 0.178698 0.097647
v 0.066432 0.178698 0.169441
v 0.057920 0.178698 0.168214
v 0.104661 0.143701 0.133961
v 0.117305 0.143701 0.123044
v 0.124313 0.148697 0.123171
v 0.132940 0.148667 0.113759
v 0.129013 0.143701 0.110708
v 0.143917 0.148703 0.099635
v 0.140552 0.143701 0.095847
v 0.145542 0.148697 0.098312
v 0.144491 0.143701 0.093207
v 0.147590 0.148685 0.097562
v 0.149819 0.143695 0.092488
v 0.151082 0.148709 0.097804
v 0.152719 0.148721 0.097424
v 0.151553 0.143695 0.091473
v 0.154646 0.148673 0.096022
v 0.159865 0.143701 0.075971
v 0.164402 0.148691 0.078055
v 0.172969 0.148697 0.056615
v 0.168208 0.143701 0.055093
v 0.178303 0.148697 0.036655
v 0.173368 0.143695 0.035513
v 0.178013 0.148697 0.034438
v 0.176962 0.148721 0.032299
v 0.174829 0.148697 0.030650
v 0.154211 0.143701 0.029466
v 0.159902 0.148697 0.025998
v 0.020507 0.197999 0.188887
v 0.028524 0.182697 0.197955
v 0.028524 0.203696 0.197955
v 0.020507 0.182697 0.188887
v 0.013940 0.204240 0.181469
v 0.030420 0.208324 0.190053
v 0.049746 0.203696 0.193714
v 0.046013 0.212945 0.179185
v 0.028524 0.203696 0.197955
v 0.064916 0.208324 0.181197
v 0.070377 0.203696 0.187208
v 0.059448 0.212945 0.175186
v 0.067646 0.212251 0.157050
v 0.072268 0.208336 0.157685
v 0.073059 0.203998 0.175301
v 0.070377 0.203696 0.187208
v 0.032311 0.212945 0.182157
v 0.016357 0.212220 0.169827
v 0.013940 0.204240 0.181469
v 0.028524 0.203696 0.197955
v 0.008902 0.204415 0.175772
v 0.014049 0.211550 0.156368
v 0.007337 0.205345 0.144817
v 0.011711 0.210849 0.142521
v 0.075216 0.204240 0.165737
v 0.076883 0.204415 0.158319
v 0.049746 0.203696 -0.193714
v 0.049746 0.182697 -0.193714
v 0.028524 0.203696 -0.197955
v 0.070377 0.182697 -0.187208
v 0.070377 0.203696 -0.187208
v 0.028524 0.182697 -0.197955
v 0.032088 0.207019 -0.166064
v 0.038057 0.206342 -0.148194
v 0.048955 0.207242 -0.163847
v 0.052761 0.206995 -0.157395
v 0.048182 0.206342 -0.145215
v 0.027744 0.206342 -0.150465
v -0.008902 0.204415 0.175772
v -0.011711 0.210849 0.142521
v -0.016393 0.212251 0.170208
v -0.007337 0.205345 0.144817
v -0.012647 0.208336 0.172993
v -0.076883 0.204415 -0.158319
v -0.058403 0.210849 -0.130529
v -0.067646 0.212251 -0.157050
v -0.063345 0.205345 -0.130433
v -0.072268 0.208336 -0.157685
v 0.120374 0.182697 -0.159720
v 0.108974 0.182697 -0.155643
v 0.120374 0.203696 -0.159720
v 0.108974 0.197999 -0.155643
v 0.099647 0.204240 -0.152302
v 0.092494 0.204415 -0.149740
v 0.078931 0.210849 -0.119244
v 0.094433 0.208336 -0.145499
v 0.076201 0.205345 -0.123364
v 0.099647 0.204240 -0.152302
v 0.120374 0.203696 -0.159720
v 0.118223 0.208324 -0.151885
v 0.096366 0.212245 -0.141259
v 0.116079 0.212945 -0.144050
v 0.126651 0.212945 -0.134849
v 0.136921 0.203696 -0.145783
v 0.144182 0.208324 -0.127503
v 0.120374 0.203696 -0.159720
v 0.151867 0.203696 -0.130137
v 0.136498 0.212945 -0.124869
v 0.134637 0.212220 -0.104794
v 0.145759 0.204240 -0.108986
v 0.151867 0.203696 -0.130137
v 0.143651 0.204415 -0.101689
v 0.124506 0.211550 -0.095635
v 0.118350 0.205345 -0.083776
v 0.114067 0.210849 -0.086241
v 0.076883 0.204415 0.158319
v 0.058403 0.210849 0.130529
v 0.067646 0.212251 0.157050
v 0.063345 0.205345 0.130433
v 0.072268 0.208336 0.157685
v -0.120374 0.182697 0.159720
v -0.108974 0.182697 0.155643
v -0.120374 0.203696 0.159720
v -0.108974 0.197999 0.155643
v -0.099647 0.204240 0.152302
v 0.073035 0.197999 -0.175403
v 0.070377 0.182697 -0.187208
v 0.070377 0.203696 -0.187208
v 0.073035 0.182697 -0.175403
v 0.075216 0.204240 -0.165731
v -0.089612 0.178698 -0.162989
v -0.091545 0.182697 -0.166493
v -0.069592 0.178698 -0.172492
v -0.108974 0.182697 -0.155643
v -0.073035 0.182697 -0.175403
v -0.108364 0.178698 -0.151172
v 0.089612 0.178698 0.162989
v 0.091545 0.182697 0.166493
v 0.069592 0.178698 0.172492
v 0.108974 0.182697 0.155643
v 0.073035 0.182697 0.175403
v 0.108364 0.178698 0.151172
v 0.088035 0.149700 -0.115215
v 0.073380 0.143701 -0.131973
v 0.091678 0.143701 -0.119987
v 0.103755 0.149700 -0.101290
v 0.070462 0.149700 -0.126729
v 0.053540 0.143701 -0.141186
v 0.051414 0.149700 -0.135580
v 0.031284 0.149700 -0.141585
v 0.032583 0.143701 -0.147445
v 0.010503 0.149700 -0.144617
v 0.010938 0.143701 -0.150604
v -0.010938 0.143701 -0.150604
v -0.010503 0.149700 -0.144617
v -0.032583 0.143701 -0.147445
v -0.031284 0.149700 -0.141585
v -0.053540 0.143701 -0.141186
v -0.051414 0.149700 -0.135580
v -0.073380 0.143701 -0.131973
v -0.070462 0.149700 -0.126729
v -0.091678 0.143701 -0.119987
v -0.088035 0.149700 -0.115215
v -0.108050 0.143701 -0.105482
v -0.103755 0.149700 -0.101290
v -0.113421 0.149676 -0.090331
v -0.120966 0.143701 -0.090398
v -0.089262 0.148733 0.150562
v -0.104661 0.143701 0.133961
v -0.086374 0.143701 0.146424
v -0.067942 0.148697 0.161273
v -0.066003 0.143701 0.156664
v -0.045753 0.148697 0.168915
v -0.044442 0.143701 0.164088
v -0.022084 0.143701 0.168559
v -0.022235 0.148715 0.173621
v 0.000003 0.143701 0.170003
v 0.089262 0.148733 -0.150562
v 0.104661 0.143701 -0.133961
v 0.086374 0.143701 -0.146424
v 0.067942 0.148697 -0.161273
v 0.066003 0.143701 -0.156664
v 0.045753 0.148697 -0.168915
v 0.044442 0.143701 -0.164088
v 0.022084 0.143701 -0.168559
v 0.022235 0.148715 -0.173621
v 0.000003 0.143701 -0.170003
v 0.151867 0.203696 0.130137
v 0.148508 0.182697 0.118507
v 0.148508 0.197999 0.118507
v 0.151867 0.182697 0.130137
v 0.148484 0.203998 0.118417
v 0.145759 0.204240 0.108992
v -0.151867 0.203696 -0.130137
v -0.148508 0.182697 -0.118507
v -0.148508 0.197999 -0.118507
v -0.151867 0.182697 -0.130137
v -0.148484 0.203998 -0.118417
v -0.145759 0.204240 -0.108992
v -0.090742 0.206499 -0.070631
v -0.100202 0.194882 -0.077965
v -0.100166 0.207218 -0.077953
v -0.090748 0.195202 -0.070625
v 0.030420 0.208324 -0.190053
v 0.028524 0.203696 -0.197955
v 0.020440 0.203998 -0.188815
v 0.012647 0.208336 -0.172993
v 0.016393 0.212251 -0.170208
v 0.032311 0.212945 -0.182157
v 0.046013 0.212945 -0.179185
v 0.049746 0.203696 -0.193714
v 0.028524 0.203696 -0.197955
v 0.064916 0.208324 -0.181197
v 0.070377 0.203696 -0.187208
v 0.059448 0.212945 -0.175186
v 0.064016 0.212559 -0.165085
v 0.072268 0.208336 -0.157685
v 0.075216 0.204240 -0.165731
v 0.070377 0.203696 -0.187208
v 0.067646 0.212251 -0.157050
v 0.076883 0.204415 -0.158319
v 0.063025 0.211550 -0.143790
v 0.063345 0.205345 -0.130433
v 0.058403 0.210849 -0.130529
v 0.067646 0.212251 -0.157050
v 0.090742 0.206499 0.070631
v 0.100202 0.194882 0.077971
v 0.100166 0.207218 0.077953
v 0.090748 0.195202 0.070625
v -0.027267 0.204699 0.095811
v -0.037428 0.208898 0.097037
v -0.025865 0.208898 0.100728
v -0.017661 0.204699 0.098426
v -0.034770 0.204699 0.093763
v -0.048345 0.208898 0.092077
v -0.049142 0.206795 0.089377
v -0.044412 0.204699 0.089177
v -0.018338 0.208898 0.102184
v -0.050785 0.204699 0.086145
v -0.051849 0.208898 0.090150
v -0.061635 0.208898 0.083764
v -0.060053 0.204699 0.079505
v -0.070377 0.208904 0.076612
v -0.065200 0.204699 0.075820
v -0.079952 0.208898 0.066480
v -0.073657 0.204699 0.067133
v -0.077572 0.204699 0.063109
v -0.086706 0.208898 0.057376
v -0.086024 0.206650 0.054531
v -0.084761 0.204699 0.052465
v -0.090083 0.206662 0.047674
v -0.087498 0.204699 0.048417
v -0.090355 0.204784 0.042956
v -0.091696 0.207853 0.046037
v 0.121836 0.207242 -0.119993
v 0.126071 0.212486 -0.122440
v 0.108926 0.207025 -0.130354
v 0.114303 0.212486 -0.133490
v 0.122066 0.206995 -0.112502
v 0.111735 0.211097 -0.097061
v 0.126452 0.212069 -0.109675
v 0.112188 0.206342 -0.104033
v -0.044291 0.153742 0.170830
v -0.040799 0.160816 0.177367
v -0.046387 0.169769 0.175989
v -0.057612 0.175961 0.167314
v -0.033785 0.151331 0.173059
v -0.031526 0.158786 0.179252
v -0.023177 0.148933 0.174691
v -0.022144 0.156738 0.180647
v -0.011228 0.154346 0.181650
v -0.011264 0.146244 0.175766
v 0.000003 0.151899 0.182000
v 0.000003 0.143701 0.175989
v 0.010774 0.146130 0.175820
v 0.011252 0.154358 0.181644
v 0.022144 0.156738 0.180647
v 0.023177 0.148933 0.174691
v 0.031852 0.158864 0.179197
v 0.033785 0.151331 0.173059
v 0.040817 0.160852 0.177361
v 0.044303 0.153754 0.170824
v 0.046393 0.169769 0.175989
v 0.051969 0.178698 0.174425
v 0.057612 0.175961 0.167314
v 0.057920 0.178698 0.168214
v 0.031526 0.158786 -0.179252
v 0.023177 0.148933 -0.174691
v 0.022144 0.156738 -0.180647
v 0.011228 0.154346 -0.181650
v 0.011264 0.146244 -0.175766
v 0.000003 0.151899 -0.182000
v 0.000003 0.143701 -0.175989
v -0.010774 0.146130 -0.175820
v -0.011252 0.154358 -0.181644
v -0.022144 0.156738 -0.180647
v -0.023177 0.148933 -0.174691
v -0.031852 0.158864 -0.179197
v -0.033785 0.151331 -0.173059
v -0.040817 0.160852 -0.177361
v -0.044303 0.153754 -0.170824
v -0.046393 0.169769 -0.175989
v -0.051969 0.178698 -0.174425
v -0.057612 0.175961 -0.167314
v -0.057920 0.178698 -0.168214
v 0.044291 0.153742 -0.170830
v 0.040799 0.160816 -0.177367
v 0.046387 0.169769 -0.175989
v 0.057612 0.175961 -0.167314
v 0.033785 0.151331 -0.173059
v 0.051969 0.178698 -0.174425
v 0.057920 0.178698 -0.168214
v 0.148508 0.182697 -0.118507
v 0.151867 0.182697 -0.130137
v 0.148508 0.197999 -0.118507
v 0.151867 0.203696 -0.130137
v 0.145759 0.204240 -0.108986
v -0.087691 0.204240 0.159485
v -0.091545 0.197999 0.166493
v -0.075216 0.204240 0.165731
v -0.073035 0.197999 0.175403
v -0.108974 0.197999 0.155643
v -0.099647 0.204240 0.152302
v -0.029599 0.206995 -0.163339
v -0.022096 0.211097 -0.146345
v -0.024863 0.212069 -0.165532
v -0.027744 0.206342 -0.150465
v -0.035845 0.212486 -0.172045
v -0.048949 0.207242 -0.163847
v -0.036051 0.207242 -0.167157
v -0.051480 0.212486 -0.168027
v -0.149819 0.143695 -0.092488
v -0.144491 0.143701 -0.093207
v -0.150375 0.143701 -0.071779
v -0.151553 0.143695 -0.091473
v -0.159865 0.143695 -0.075971
v 0.087691 0.204240 -0.159485
v 0.091545 0.197999 -0.166493
v 0.075216 0.204240 -0.165731
v 0.073035 0.197999 -0.175403
v 0.108974 0.197999 -0.155643
v 0.099647 0.204240 -0.152302
v -0.112128 0.207242 -0.129110
v -0.114303 0.212486 -0.133490
v -0.121836 0.207242 -0.119993
v -0.126065 0.212486 -0.122434
v -0.104637 0.206995 -0.128868
v -0.089872 0.211097 -0.117595
v -0.101538 0.212069 -0.133073
v -0.096807 0.206342 -0.118483
v -0.121836 0.207242 0.119993
v -0.126071 0.212486 0.122440
v -0.108926 0.207025 0.130354
v -0.114303 0.212486 0.133490
v -0.122066 0.206995 0.112502
v -0.111735 0.211097 0.097061
v -0.126452 0.212069 0.109675
v -0.112188 0.206342 0.104033
v 0.112128 0.207242 0.129110
v 0.114303 0.212486 0.133490
v 0.123274 0.207025 0.116876
v 0.126065 0.212486 0.122434
v -0.148508 0.182697 0.118507
v -0.151867 0.182697 0.130137
v -0.148508 0.197999 0.118507
v -0.151867 0.203696 0.130137
v -0.145759 0.204240 0.108986
v -0.157117 0.197999 -0.106842
v -0.157117 0.182697 -0.106842
v -0.157117 0.199250 -0.091872
v -0.157117 0.182697 -0.091866
v -0.131949 0.149700 -0.046798
v -0.142956 0.143701 -0.029647
v -0.137604 0.143701 -0.048804
v -0.137084 0.149700 -0.028427
v -0.124361 0.149700 -0.064294
v -0.129696 0.143695 -0.067048
v -0.118985 0.143695 -0.084713
v -0.113511 0.149694 -0.082230
v -0.138057 0.149700 -0.021347
v -0.145663 0.143701 -0.009947
v -0.139676 0.149700 -0.009536
v -0.139676 0.149700 0.009536
v -0.145663 0.143701 0.009947
v -0.112744 0.149700 -0.084973
v -0.142956 0.143701 0.029647
v -0.138057 0.149700 0.021347
v -0.137084 0.149700 0.028427
v -0.137604 0.143701 0.048804
v -0.131925 0.149706 0.046847
v -0.124361 0.149700 0.064294
v -0.129696 0.143695 0.067048
v -0.113511 0.149688 0.082218
v -0.118664 0.143695 0.085305
v -0.112744 0.149700 0.084973
v -0.112696 0.149700 0.087341
v -0.119051 0.143695 0.088259
v -0.113396 0.149670 0.090367
v -0.121099 0.143701 0.090198
v -0.118755 0.143647 -0.087498
v -0.112696 0.149706 -0.087419
v -0.113421 0.149676 -0.090331
v -0.120966 0.143701 -0.090398
v 0.035845 0.212486 0.172045
v 0.051716 0.207025 0.161811
v 0.036051 0.207242 0.167157
v 0.051480 0.212486 0.168027
v 0.157117 0.197999 0.106842
v 0.157117 0.182697 0.106842
v 0.157117 0.199250 0.091872
v 0.157117 0.182697 0.091866
v -0.088035 0.149700 0.115215
v -0.091678 0.143701 0.119987
v -0.103755 0.149700 0.101290
v -0.073380 0.143701 0.131973
v -0.070462 0.149700 0.126729
v -0.053540 0.143701 0.141186
v -0.051414 0.149700 0.135580
v -0.031284 0.149700 0.141585
v -0.032583 0.143701 0.147445
v -0.010938 0.143701 0.150604
v -0.010503 0.149700 0.144617
v 0.010938 0.143701 0.150604
v 0.010503 0.149700 0.144617
v 0.032583 0.143701 0.147445
v 0.031284 0.149700 0.141585
v 0.053540 0.143701 0.141186
v 0.051414 0.149700 0.135580
v 0.073380 0.143701 0.131973
v 0.070462 0.149700 0.126729
v 0.091678 0.143701 0.119987
v 0.088035 0.149700 0.115215
v 0.108050 0.143695 0.105482
v 0.103755 0.149700 0.101290
v 0.113421 0.149676 0.090331
v 0.120966 0.143701 0.090398
v -0.051480 0.212486 0.168033
v -0.032644 0.207025 0.166704
v -0.048949 0.207242 0.163847
v -0.035845 0.212486 0.172045
v 0.095738 0.193698 -0.043083
v 0.091733 0.198742 -0.039978
v 0.083384 0.198718 -0.055165
v 0.087486 0.193698 -0.058065
v 0.073754 0.198700 -0.067254
v 0.096397 0.194103 -0.040008
v 0.092476 0.199685 -0.038057
v 0.097097 0.195819 -0.036794
v 0.097562 0.198307 -0.034559
v 0.093219 0.202337 -0.036202
v 0.097834 0.201473 -0.033224
v 0.097883 0.203696 -0.033000
v 0.097804 0.243671 -0.033006
v 0.093219 0.246698 -0.036190
v -0.108364 0.178698 -0.151172
v -0.120374 0.182697 -0.159720
v -0.108974 0.182697 -0.155643
v -0.119673 0.178698 -0.155220
v 0.108364 0.178698 0.151172
v 0.120374 0.182697 0.159720
v 0.108974 0.182697 0.155643
v 0.119673 0.178698 0.155220
v -0.066952 0.178698 0.184211
v -0.073035 0.182697 0.175403
v -0.069592 0.178698 0.172492
v -0.070377 0.182697 0.187208
v 0.000003 0.182697 0.189999
v -0.022120 0.178698 0.184683
v 0.000003 0.178698 0.186000
v -0.020507 0.182697 0.188887
v 0.020507 0.182697 0.188887
v 0.022120 0.178698 0.184683
v 0.000003 0.182697 -0.189999
v 0.022120 0.178698 -0.184683
v 0.000003 0.178698 -0.186000
v 0.020507 0.182697 -0.188887
v -0.020507 0.182697 -0.188887
v -0.022120 0.178698 -0.184683
v 0.066952 0.178698 -0.184211
v 0.073035 0.182697 -0.175403
v 0.069592 0.178698 -0.172492
v 0.070377 0.182697 -0.187208
v 0.020507 0.182697 0.188887
v 0.022120 0.178698 0.184683
v 0.028524 0.182697 0.197955
v 0.030082 0.178698 0.193678
v -0.157117 0.182697 0.091866
v -0.157117 0.182697 0.106842
v -0.157117 0.199250 0.091872
v -0.157117 0.197999 0.106842
v -0.020507 0.182697 -0.188887
v -0.022120 0.178698 -0.184683
v -0.028524 0.182697 -0.197955
v -0.030082 0.178698 -0.193678
v 0.143862 0.288418 -0.032656
v 0.149831 0.285391 -0.037519
v 0.139766 0.266797 -0.048538
v 0.146116 0.266700 -0.051106
v 0.138467 0.260405 -0.051994
v 0.145306 0.262610 -0.053534
v 0.150719 0.290086 -0.033610
v 0.151559 0.293330 -0.029810
v 0.145095 0.293553 -0.026844
v 0.144756 0.258665 -0.055153
v 0.137797 0.253234 -0.053903
v 0.144285 0.253693 -0.056386
v 0.144140 0.248697 -0.056778
v 0.137652 0.248697 -0.054223
v 0.137652 0.208698 -0.054223
v 0.157117 0.182697 -0.091866
v 0.157117 0.182697 -0.106842
v 0.157117 0.199250 -0.091872
v 0.157117 0.197999 -0.106842
v -0.168208 0.143701 -0.055093
v -0.172969 0.148697 -0.056615
v -0.159865 0.143695 -0.075971
v -0.178303 0.148697 -0.036655
v -0.164402 0.148691 -0.078055
v -0.154646 0.148673 -0.096022
v -0.151553 0.143695 -0.091473
v -0.173361 0.143695 -0.035513
v -0.178007 0.148697 -0.034438
v -0.152719 0.148721 -0.097424
v -0.176968 0.148703 -0.032305
v -0.174829 0.148697 -0.030650
v -0.154211 0.143701 -0.029466
v -0.159902 0.148697 -0.025998
v -0.149819 0.143695 -0.092488
v -0.151082 0.148709 -0.097804
v -0.147590 0.148685 -0.097562
v -0.144491 0.143701 -0.093207
v -0.145542 0.148697 -0.098312
v -0.140552 0.143701 -0.095847
v -0.143917 0.148703 -0.099635
v -0.129013 0.143701 -0.110708
v -0.132940 0.148667 -0.113759
v -0.117305 0.143701 -0.123044
v -0.124313 0.148697 -0.123171
v -0.104661 0.143701 -0.133961
v 0.013940 0.204240 -0.181469
v 0.020507 0.197999 -0.188887
v 0.000003 0.204240 -0.182006
v 0.000003 0.197999 -0.189999
v -0.013940 0.204240 -0.181469
v -0.020507 0.197999 -0.188887
v -0.153117 0.178698 -0.105603
v -0.157117 0.182697 -0.106842
v -0.144092 0.178698 -0.117619
v -0.148508 0.182697 -0.118507
v -0.153117 0.178698 -0.097188
v -0.154531 0.180117 -0.096107
v -0.157117 0.182697 -0.091866
v -0.013940 0.204240 0.181469
v -0.020507 0.197999 0.188887
v 0.000003 0.204240 0.182006
v 0.000003 0.197999 0.189999
v 0.013940 0.204240 0.181469
v 0.020507 0.197999 0.188887
v 0.100408 0.243695 -0.022966
v 0.097460 0.246704 -0.022362
v 0.097804 0.243671 -0.033006
v 0.093219 0.246698 -0.036190
v 0.099719 0.246698 -0.007488
v 0.102710 0.243695 -0.007712
v 0.099713 0.246704 0.007512
v 0.102710 0.243695 0.007712
v 0.097454 0.246710 0.022374
v 0.100408 0.243695 0.022966
v 0.093219 0.246698 0.036190
v 0.097840 0.243683 0.033006
v 0.108050 0.143701 -0.105482
v 0.121099 0.143701 -0.090198
v 0.113396 0.149670 -0.090367
v 0.156682 0.143701 0.009989
v 0.161672 0.148697 0.010309
v 0.154211 0.143701 0.029466
v 0.159902 0.148697 0.025998
v 0.161672 0.148697 -0.010309
v 0.156682 0.143701 -0.009989
v 0.159902 0.148697 -0.025998
v 0.154211 0.143701 -0.029466
v -0.148508 0.197999 0.118507
v -0.145759 0.204240 0.108986
v -0.157117 0.197999 0.106842
v -0.151118 0.204240 0.101435
v -0.157117 0.199250 0.091872
v -0.151118 0.204367 0.093569
v -0.108050 0.143695 0.105482
v -0.121099 0.143701 0.090198
v -0.113396 0.149670 0.090367
v -0.156682 0.143701 -0.009989
v -0.161672 0.148697 -0.010309
v -0.154211 0.143701 -0.029466
v -0.159902 0.148697 -0.025998
v -0.161672 0.148697 0.010309
v -0.156682 0.143701 0.009989
v -0.159902 0.148697 0.025998
v -0.154211 0.143701 0.029466
v 0.153117 0.178698 0.105603
v 0.157117 0.182697 0.106842
v 0.144092 0.178698 0.117619
v 0.148508 0.182697 0.118507
v 0.153117 0.178698 0.097188
v 0.154531 0.180117 0.096107
v 0.157117 0.182697 0.091866
v -0.027744 0.206342 -0.150465
v -0.029599 0.206995 -0.163339
v -0.038057 0.206342 -0.148194
v -0.036051 0.207242 -0.167157
v -0.048949 0.207242 -0.163847
v -0.048182 0.206342 -0.145215
v -0.052761 0.206995 -0.157395
v 0.000003 0.208475 0.135586
v -0.007337 0.205345 0.144817
v 0.000003 0.205557 0.138002
v -0.001997 0.210468 0.135380
v -0.011711 0.210849 0.142521
v 0.028524 0.182697 -0.197955
v 0.022120 0.178698 -0.184683
v 0.020507 0.182697 -0.188887
v 0.030082 0.178698 -0.193678
v -0.028524 0.182697 0.197955
v -0.022120 0.178698 0.184683
v -0.020507 0.182697 0.188887
v -0.030082 0.178698 0.193678
v 0.148508 0.197999 -0.118507
v 0.145759 0.204240 -0.108986
v 0.157117 0.197999 -0.106842
v 0.151118 0.204240 -0.101435
v 0.157117 0.199250 -0.091872
v 0.151118 0.204367 -0.093569
v -0.096807 0.206342 -0.118483
v -0.104637 0.206995 -0.128868
v -0.104745 0.206342 -0.111524
v -0.112128 0.207242 -0.129110
v -0.121836 0.207242 -0.119993
v -0.112188 0.206342 -0.104033
v -0.122066 0.206995 -0.112502
v -0.036812 0.211097 -0.143355
v -0.038057 0.206342 -0.148194
v -0.051148 0.211097 -0.138890
v -0.027744 0.206342 -0.150465
v -0.022096 0.211097 -0.146345
v -0.048182 0.206342 -0.145215
v -0.051148 0.211097 -0.138890
v -0.048182 0.206342 -0.145215
v -0.057968 0.212069 -0.157032
v -0.052761 0.206995 -0.157395
v -0.101326 0.211097 -0.107881
v -0.104745 0.206342 -0.111524
v -0.111735 0.211097 -0.097061
v -0.096807 0.206342 -0.118483
v -0.089872 0.211097 -0.117595
v -0.112188 0.206342 -0.104033
v -0.111735 0.211097 -0.097061
v -0.112188 0.206342 -0.104033
v -0.126452 0.212069 -0.109675
v -0.122066 0.206995 -0.112502
v -0.100408 0.243695 -0.022966
v -0.097454 0.246710 -0.022374
v -0.102710 0.243695 -0.007712
v -0.093219 0.246698 -0.036190
v -0.099713 0.246704 -0.007512
v -0.102710 0.243695 0.007712
v -0.099719 0.246698 0.007488
v -0.097840 0.243683 -0.033006
v -0.100408 0.243695 0.022966
v -0.097460 0.246704 0.022362
v -0.097804 0.243671 0.033006
v -0.093219 0.246698 0.036190
v -0.127545 0.257119 0.014532
v -0.131653 0.254696 0.014979
v -0.131852 0.257167 0.014973
v -0.127605 0.254696 0.014411
v -0.134970 0.257233 0.013856
v -0.134831 0.254696 0.013819
v -0.134269 0.257699 0.015426
v -0.126162 0.257693 0.014870
v -0.157117 0.182697 0.106842
v -0.157117 0.182697 0.091866
v -0.154567 0.180148 0.096040
v -0.153111 0.178698 0.097188
v -0.153117 0.178698 0.105603
v -0.148508 0.182697 0.118507
v -0.144092 0.178698 0.117619
v 0.157117 0.182697 -0.106842
v 0.157117 0.182697 -0.091866
v 0.154567 0.180148 -0.096040
v 0.153111 0.178698 -0.097188
v 0.153117 0.178698 -0.105603
v 0.148508 0.182697 -0.118507
v 0.144092 0.178698 -0.117619
v 0.022096 0.211097 -0.146345
v 0.027744 0.206342 -0.150465
v 0.024863 0.212069 -0.165532
v 0.032088 0.207019 -0.166064
v -0.137785 0.254696 0.010521
v -0.134970 0.257233 0.013856
v -0.134831 0.254696 0.013819
v -0.137144 0.257227 0.011475
v -0.139180 0.257342 0.006993
v -0.139567 0.254696 0.004419
v -0.139676 0.257264 0.001876
v -0.139458 0.254696 -0.001302
v -0.139217 0.256925 -0.003132
v -0.138316 0.254696 -0.006588
v -0.136716 0.256913 -0.010195
v -0.135912 0.254696 -0.011330
v -0.133145 0.254702 -0.014484
v -0.133169 0.257064 -0.014423
v -0.129188 0.257082 -0.016296
v -0.128077 0.254696 -0.016465
v -0.134764 0.257693 -0.013988
v 0.036812 0.211097 -0.143355
v 0.038057 0.206342 -0.148194
v 0.022096 0.211097 -0.146345
v 0.048182 0.206342 -0.145215
v 0.051148 0.211097 -0.138890
v 0.027744 0.206342 -0.150465
v 0.145759 0.204240 0.108992
v 0.148508 0.197999 0.118507
v 0.151118 0.204240 0.101435
v 0.157117 0.197999 0.106842
v 0.151136 0.204367 0.093581
v 0.157117 0.199250 0.091872
v -0.145759 0.204240 -0.108992
v -0.148508 0.197999 -0.118507
v -0.151118 0.204240 -0.101435
v -0.157117 0.197999 -0.106842
v -0.151136 0.204367 -0.093581
v -0.157117 0.199250 -0.091872
v -0.052761 0.206995 0.157395
v -0.051148 0.211097 0.138890
v -0.057968 0.212069 0.157032
v -0.048182 0.206342 0.145215
v -0.048182 0.206342 0.145215
v -0.052761 0.206995 0.157395
v -0.038057 0.206342 0.148194
v -0.048949 0.207242 0.163847
v -0.032644 0.207025 0.166704
v -0.027744 0.206342 0.150465
v 0.029599 0.206995 0.163339
v 0.022096 0.211097 0.146345
v 0.024863 0.212069 0.165532
v 0.027744 0.206342 0.150465
v 0.104637 0.206995 0.128868
v 0.089872 0.211097 0.117595
v 0.101538 0.212069 0.133073
v 0.096807 0.206342 0.118483
v -0.036812 0.211097 0.143355
v -0.038057 0.206342 0.148194
v -0.022096 0.211097 0.146345
v -0.048182 0.206342 0.145215
v -0.051148 0.211097 0.138890
v -0.027744 0.206342 0.150465
v -0.022096 0.211097 0.146345
v -0.027744 0.206342 0.150465
v -0.024863 0.212069 0.165532
v -0.032644 0.207025 0.166704
v 0.112188 0.206342 -0.104033
v 0.122066 0.206995 -0.112502
v 0.104745 0.206342 -0.111524
v 0.121836 0.207242 -0.119993
v 0.108926 0.207025 -0.130354
v 0.096807 0.206342 -0.118483
v -0.112188 0.206342 0.104033
v -0.122066 0.206995 0.112502
v -0.104745 0.206342 0.111524
v -0.121836 0.207242 0.119993
v -0.108926 0.207025 0.130354
v -0.096807 0.206342 0.118483
v 0.027744 0.206342 0.150465
v 0.029599 0.206995 0.163339
v 0.038057 0.206342 0.148194
v 0.036051 0.207242 0.167157
v 0.051716 0.207025 0.161811
v 0.048182 0.206342 0.145215
v 0.096807 0.206342 0.118483
v 0.104637 0.206995 0.128868
v 0.104745 0.206342 0.111524
v 0.112128 0.207242 0.129110
v 0.123274 0.207025 0.116876
v 0.112188 0.206342 0.104033
v 0.089872 0.211097 -0.117595
v 0.096807 0.206342 -0.118483
v 0.101538 0.212069 -0.133073
v 0.108926 0.207025 -0.130354
v 0.101326 0.211097 -0.107881
v 0.104745 0.206342 -0.111524
v 0.089872 0.211097 -0.117595
v 0.112188 0.206342 -0.104033
v 0.111735 0.211097 -0.097061
v 0.096807 0.206342 -0.118483
v -0.101326 0.211097 0.107881
v -0.104745 0.206342 0.111524
v -0.089872 0.211097 0.117595
v -0.112188 0.206342 0.104033
v -0.111735 0.211097 0.097061
v -0.096807 0.206342 0.118483
v -0.089872 0.211097 0.117595
v -0.096807 0.206342 0.118483
v -0.101538 0.212069 0.133073
v -0.108926 0.207025 0.130354
v 0.036812 0.211097 0.143355
v 0.038057 0.206342 0.148194
v 0.051148 0.211097 0.138890
v 0.027744 0.206342 0.150465
v 0.022096 0.211097 0.146345
v 0.048182 0.206342 0.145215
v 0.051148 0.211097 0.138890
v 0.048182 0.206342 0.145215
v 0.057968 0.212069 0.157032
v 0.051716 0.207025 0.161811
v 0.101326 0.211097 0.107881
v 0.104745 0.206342 0.111524
v 0.111735 0.211097 0.097061
v 0.096807 0.206342 0.118483
v 0.089872 0.211097 0.117595
v 0.112188 0.206342 0.104033
v 0.111735 0.211097 0.097061
v 0.112188 0.206342 0.104033
v 0.126452 0.212069 0.109675
v 0.123274 0.207025 0.116876
v -0.147421 0.178698 0.129158
v -0.148508 0.182697 0.118507
v -0.144092 0.178698 0.117619
v -0.151867 0.182697 0.130137
v 0.147421 0.178698 -0.129158
v 0.148508 0.182697 -0.118507
v 0.144092 0.178698 -0.117619
v 0.151867 0.182697 -0.130137
v -0.044267 0.153711 -0.169320
v -0.022355 0.148733 -0.173597
v -0.045747 0.148697 -0.168915
v -0.069356 0.153723 -0.160693
v -0.056972 0.174898 -0.165466
v -0.067942 0.148697 -0.161273
v -0.089371 0.148715 -0.150502
v 0.044267 0.153711 0.169320
v 0.022355 0.148733 0.173597
v 0.045747 0.148697 0.168915
v 0.069356 0.153723 0.160693
v 0.056972 0.174898 0.165466
v 0.067942 0.148697 0.161273
v 0.089371 0.148715 0.150502
v -0.147584 0.173611 -0.097617
v -0.139114 0.153711 -0.106171
v -0.143530 0.165703 -0.100124
v -0.140062 0.153760 -0.107289
v -0.145493 0.170137 -0.098324
v 0.099333 0.146244 0.145445
v 0.089371 0.148715 0.150502
v 0.089286 0.148933 0.151927
v 0.108352 0.143701 0.138685
v 0.118423 0.146649 0.130366
v 0.124313 0.148697 0.123171
v 0.079922 0.151331 0.157177
v 0.069356 0.153723 0.160693
v 0.070268 0.153742 0.161883
v 0.125817 0.148933 0.123389
v 0.133169 0.151331 0.115571
v 0.139114 0.153711 0.106171
v 0.140062 0.153760 0.107289
v -0.099333 0.146244 -0.145445
v -0.089371 0.148715 -0.150502
v -0.089286 0.148933 -0.151927
v -0.108352 0.143701 -0.138685
v -0.118423 0.146649 -0.130366
v -0.124313 0.148697 -0.123171
v -0.079922 0.151331 -0.157177
v -0.069356 0.153723 -0.160693
v -0.070268 0.153742 -0.161883
v -0.125817 0.148933 -0.123389
v -0.133169 0.151331 -0.115571
v -0.139114 0.153711 -0.106171
v -0.140062 0.153760 -0.107289
v 0.128499 0.254696 0.016357
v 0.129786 0.257161 0.016067
v 0.133157 0.254702 0.014490
v 0.126125 0.257191 0.016248
v 0.124603 0.254696 0.015481
v 0.133266 0.257215 0.014423
v 0.135918 0.256744 0.011318
v 0.135912 0.254696 0.011330
v 0.138316 0.254696 0.006588
v 0.138745 0.256919 0.005555
v 0.139458 0.254696 0.001302
v 0.139676 0.257258 -0.001815
v 0.139567 0.254696 -0.004419
v 0.139108 0.256980 -0.007059
v 0.137791 0.254696 -0.010497
v 0.137048 0.256956 -0.011518
v 0.135024 0.257203 -0.013777
v 0.134800 0.254696 -0.013886
v 0.135519 0.257693 0.012853
v 0.139476 0.257687 0.005301
v 0.139676 0.257258 -0.001815
v 0.140105 0.257693 -0.005905
v -0.116526 0.205557 -0.073929
v -0.086036 0.206650 -0.054513
v -0.114490 0.208475 -0.072636
v -0.118350 0.205345 -0.083776
v -0.113306 0.210474 -0.074255
v -0.114067 0.210849 -0.086241
v -0.114490 0.208475 -0.072636
v -0.116526 0.205557 -0.073929
v 0.116526 0.205557 0.073929
v 0.086036 0.206650 0.054513
v 0.114490 0.208475 0.072636
v 0.118350 0.205345 0.083776
v 0.113306 0.210474 0.074255
v 0.114067 0.210849 0.086241
v 0.114490 0.208475 0.072636
v 0.116526 0.205557 0.073929
v 0.001997 0.210474 0.135483
v 0.007337 0.205345 0.144817
v 0.011711 0.210849 0.142521
v 0.000003 0.205557 0.138002
v 0.000003 0.208475 0.135586
v -0.001997 0.210474 -0.135483
v -0.007337 0.205345 -0.144817
v -0.011711 0.210849 -0.142521
v 0.000003 0.205557 -0.138002
v 0.000003 0.208475 -0.135586
v 0.121951 0.254702 0.012351
v 0.128089 0.254696 0.006497
v 0.120144 0.254696 0.003724
v 0.118815 0.254696 0.007724
v 0.125769 0.254696 0.004329
v 0.121824 0.254702 -0.008020
v 0.130922 0.254696 0.005784
v 0.124603 0.254696 0.015481
v 0.116067 0.254696 0.009017
v 0.119486 0.254696 0.015420
v 0.128499 0.254696 0.016357
v 0.133157 0.254702 0.014490
v 0.116266 0.254696 0.017063
v 0.112865 0.254696 0.016091
v 0.110013 0.254696 0.011934
v 0.114436 0.254696 0.006370
v 0.109005 0.254696 0.005307
v 0.114248 0.254696 0.002220
v 0.109470 0.254696 -0.000190
v 0.115680 0.254744 -0.001906
v 0.135912 0.254696 0.011330
v 0.132873 0.254696 0.003531
v 0.138316 0.254696 0.006588
v 0.133773 0.254696 -0.001356
v 0.139458 0.254696 0.001302
v 0.139567 0.254696 -0.004419
v 0.132142 0.254696 -0.004395
v 0.137791 0.254696 -0.010497
v 0.134800 0.254696 -0.013886
v 0.130167 0.254696 -0.005235
v 0.131520 0.254696 -0.014973
v 0.127569 0.254696 -0.014393
v 0.127883 0.254696 -0.004486
v 0.124156 0.254696 -0.011753
v 0.126107 0.254696 -0.002413
v 0.125310 0.254696 0.001030
v 0.118254 0.254696 -0.002498
v 0.119788 0.254696 -0.000112
v 0.118459 0.254696 -0.010376
v 0.115789 0.254696 -0.010158
v 0.113245 0.254696 -0.008575
v 0.110726 0.254696 -0.004401
v 0.126772 0.257529 0.005501
v 0.125769 0.254696 0.004329
v 0.128089 0.254696 0.006497
v 0.125630 0.257076 0.003785
v 0.125310 0.254696 0.001030
v 0.125491 0.257656 0.000124
v 0.126107 0.254696 -0.002413
v 0.127352 0.257590 -0.004141
v 0.127883 0.254696 -0.004486
v 0.109470 0.254696 -0.000190
v 0.109500 0.256980 -0.000365
v 0.109005 0.254696 0.005307
v 0.108992 0.256937 0.005168
v 0.110013 0.254696 0.011934
v 0.109609 0.257004 0.010273
v 0.111989 0.257656 0.015734
v 0.112865 0.254696 0.016091
v 0.108328 0.257693 0.001797
v 0.110726 0.254696 -0.004401
v 0.110775 0.257064 -0.004600
v 0.113203 0.257070 -0.008600
v 0.113245 0.254696 -0.008575
v 0.115837 0.257149 -0.010249
v 0.117988 0.257699 -0.011348
v 0.115789 0.254696 -0.010158
v 0.118459 0.254696 -0.010376
v 0.118791 0.257082 -0.010309
v 0.121951 0.254702 0.012351
v 0.121691 0.257626 0.012532
v 0.123685 0.256968 0.014629
v 0.124410 0.257699 0.016357
v 0.097846 0.146649 -0.146442
v 0.108352 0.143701 -0.138685
v 0.117094 0.146244 -0.131568
v 0.124313 0.148697 -0.123171
v 0.125817 0.148933 -0.123389
v 0.134112 0.152008 -0.111916
v 0.133169 0.151331 -0.115571
v 0.139114 0.153699 -0.106177
v 0.140062 0.153735 -0.107343
v 0.089286 0.148933 -0.151927
v 0.089262 0.148733 -0.150562
v 0.079922 0.151331 -0.157177
v 0.069362 0.153711 -0.160681
v 0.070262 0.153754 -0.161889
v -0.117094 0.146244 0.131568
v -0.124313 0.148697 0.123171
v -0.125817 0.148933 0.123389
v -0.134112 0.152008 0.111916
v -0.108352 0.143701 0.138685
v -0.097846 0.146649 0.146442
v -0.133169 0.151331 0.115571
v -0.139114 0.153699 0.106177
v -0.140062 0.153735 0.107343
v -0.089286 0.148933 0.151927
v -0.089262 0.148733 0.150562
v -0.079922 0.151331 0.157177
v -0.069362 0.153711 0.160681
v -0.070262 0.153754 0.161889
v -0.066976 0.210468 0.117674
v -0.078931 0.210849 0.119244
v -0.076201 0.205345 0.123364
v -0.065327 0.208475 0.118815
v -0.066487 0.205557 0.120924
v -0.063478 0.210468 -0.119595
v -0.058403 0.210849 -0.130529
v -0.063345 0.205345 -0.130433
v -0.065327 0.208475 -0.118815
v -0.066487 0.205557 -0.120924
v 0.066976 0.210468 -0.117674
v 0.078931 0.210849 -0.119244
v 0.076201 0.205345 -0.123364
v 0.065327 0.208475 -0.118815
v 0.066487 0.205557 -0.120924
v -0.109621 0.256889 -0.010255
v -0.111433 0.254696 -0.014659
v -0.109687 0.254696 -0.010424
v -0.108962 0.257052 -0.004770
v -0.109005 0.254696 -0.005307
v -0.109512 0.257131 0.000517
v -0.109470 0.254696 0.000190
v -0.111016 0.257070 -0.013880
v -0.113844 0.257173 -0.016761
v -0.114605 0.254696 -0.016943
v -0.110726 0.254696 0.004401
v -0.110787 0.257197 0.004697
v -0.113608 0.257137 0.009155
v -0.113578 0.254696 0.008914
v -0.118803 0.254702 -0.016133
v -0.117215 0.256937 -0.016749
v -0.119540 0.257693 -0.015680
v -0.114605 0.254696 -0.016943
v -0.113844 0.257173 -0.016761
v -0.115487 0.257693 -0.017861
v 0.063478 0.210468 0.119595
v 0.058403 0.210849 0.130529
v 0.063345 0.205345 0.130433
v 0.065327 0.208475 0.118815
v 0.066487 0.205557 0.120924
v 0.000003 0.143701 0.175989
v 0.010774 0.146130 0.175820
v -0.011264 0.146244 0.175766
v -0.022235 0.148715 0.173621
v -0.023177 0.148933 0.174691
v 0.023177 0.148933 0.174691
v 0.022355 0.148733 0.173597
v 0.033785 0.151331 0.173059
v 0.044267 0.153711 0.169320
v 0.044303 0.153754 0.170824
v -0.033785 0.151331 0.173059
v -0.044255 0.153699 0.169314
v -0.044291 0.153742 0.170830
v 0.000003 0.143701 -0.175989
v -0.010774 0.146130 -0.175820
v 0.011264 0.146244 -0.175766
v 0.022235 0.148715 -0.173621
v 0.023177 0.148933 -0.174691
v -0.023177 0.148933 -0.174691
v -0.022355 0.148733 -0.173597
v -0.033785 0.151331 -0.173059
v -0.044267 0.153711 -0.169320
v -0.044303 0.153754 -0.170824
v 0.033785 0.151331 -0.173059
v 0.044255 0.153699 -0.169314
v 0.044291 0.153742 -0.170830
v 0.052761 0.206995 -0.157395
v 0.051148 0.211097 -0.138890
v 0.057968 0.212069 -0.157032
v 0.048182 0.206342 -0.145215
v 0.035852 0.212480 -0.172038
v 0.048955 0.207242 -0.163847
v 0.051480 0.212486 -0.168027
v 0.032088 0.207019 -0.166064
v -0.067024 0.210474 -0.117758
v -0.066487 0.205557 -0.120924
v -0.076201 0.205345 -0.123364
v -0.078931 0.210849 -0.119244
v -0.065327 0.208475 -0.118815
v 0.063526 0.210474 -0.119679
v 0.066487 0.205557 -0.120924
v 0.063345 0.205345 -0.130433
v 0.058403 0.210849 -0.130529
v 0.065327 0.208475 -0.118815
v 0.067024 0.210474 0.117758
v 0.066487 0.205557 0.120924
v 0.076201 0.205345 0.123364
v 0.078931 0.210849 0.119244
v 0.065327 0.208475 0.118815
v 0.114490 0.208475 -0.072636
v 0.086024 0.206650 -0.054531
v 0.116526 0.205557 -0.073929
v -0.063526 0.210474 0.119679
v -0.066487 0.205557 0.120924
v -0.063345 0.205345 0.130433
v -0.058403 0.210849 0.130529
v -0.065327 0.208475 0.118815
v -0.122066 0.206995 -0.112502
v -0.121836 0.207242 -0.119993
v -0.126452 0.212069 -0.109675
v -0.126065 0.212486 -0.122434
v -0.052761 0.206995 -0.157395
v -0.048949 0.207242 -0.163847
v -0.057968 0.212069 -0.157032
v -0.051480 0.212486 -0.168027
v 0.113330 0.210474 -0.074268
v 0.116526 0.205557 -0.073929
v 0.118350 0.205345 -0.083776
v 0.114067 0.210849 -0.086241
v 0.114490 0.208475 -0.072636
v -0.092307 0.252696 -0.045179
v -0.092591 0.209737 -0.045524
v -0.093883 0.252703 -0.046412
v -0.094675 0.209707 -0.046738
v -0.091328 0.252696 -0.043137
v -0.092591 0.209737 -0.045524
v -0.091280 0.207345 -0.046381
v -0.091280 0.207345 -0.046381
v -0.114490 0.208475 0.072636
v -0.086024 0.206650 0.054531
v -0.116526 0.205557 0.073929
v -0.048345 0.208898 -0.092077
v -0.063478 0.210468 -0.119595
v -0.049142 0.206795 -0.089377
v -0.065327 0.208475 -0.118815
v 0.151136 0.204367 0.093581
v 0.140074 0.201836 0.081384
v 0.136130 0.204929 0.082157
v 0.141065 0.199854 0.079650
v 0.157117 0.199250 0.091872
v -0.113330 0.210474 0.074268
v -0.116526 0.205557 0.073929
v -0.118350 0.205345 0.083776
v -0.114067 0.210849 0.086241
v -0.114490 0.208475 0.072636
v 0.140074 0.201836 -0.081384
v 0.151118 0.204367 -0.093569
v 0.136130 0.204929 -0.082157
v 0.157117 0.199250 -0.091872
v 0.141065 0.199854 -0.079650
v -0.065327 0.208475 -0.118815
v -0.051855 0.208898 -0.090168
v -0.049142 0.206795 -0.089377
v -0.067024 0.210474 -0.117758
v 0.048345 0.208898 0.092077
v 0.063478 0.210468 0.119595
v 0.049142 0.206795 0.089377
v 0.065327 0.208475 0.118815
v -0.140074 0.201836 0.081384
v -0.151118 0.204367 0.093569
v -0.136130 0.204929 0.082157
v -0.157117 0.199250 0.091872
v -0.141065 0.199854 0.079650
v -0.151136 0.204367 -0.093581
v -0.140074 0.201836 -0.081384
v -0.136130 0.204929 -0.082157
v -0.141065 0.199854 -0.079650
v -0.157117 0.199250 -0.091872
v 0.065327 0.208475 0.118815
v 0.051855 0.208898 0.090168
v 0.049142 0.206795 0.089377
v 0.067024 0.210474 0.117758
v 0.001997 0.208898 -0.103978
v 0.001997 0.210468 -0.135380
v 0.000003 0.206795 -0.102009
v 0.000003 0.208475 -0.135586
v -0.001997 0.208898 0.103978
v -0.001997 0.210468 0.135380
v -0.000003 0.206795 0.102009
v 0.000003 0.208475 0.135586
v 0.000003 0.208475 -0.135586
v -0.001997 0.208898 -0.103978
v 0.000003 0.206795 -0.102009
v -0.001997 0.210474 -0.135483
v 0.000003 0.208475 0.135586
v 0.001997 0.208898 0.103978
v -0.000003 0.206795 0.102009
v 0.001997 0.210474 0.135483
v -0.071543 0.209296 0.086181
v -0.073476 0.206445 0.088470
v -0.064813 0.206499 0.094983
v -0.060747 0.209296 0.094101
v -0.078581 0.206445 0.083668
v -0.081511 0.209296 0.076823
v -0.083692 0.206445 0.078871
v -0.090724 0.206524 0.070637
v -0.090108 0.209296 0.066523
v 0.081529 0.209290 0.076805
v 0.083692 0.206445 0.078871
v 0.090742 0.206499 0.070631
v 0.090108 0.209296 0.066523
v 0.078581 0.206445 0.083668
v 0.071567 0.209296 0.086157
v 0.073476 0.206445 0.088470
v 0.064813 0.206524 0.094965
v 0.060747 0.209296 0.094101
v 0.071543 0.209296 -0.086181
v 0.073476 0.206445 -0.088470
v 0.064813 0.206499 -0.094983
v 0.060747 0.209296 -0.094101
v 0.078581 0.206445 -0.083668
v 0.081511 0.209296 -0.076823
v 0.083692 0.206445 -0.078871
v 0.090724 0.206524 -0.070637
v 0.090108 0.209296 -0.066523
v -0.081529 0.209290 -0.076805
v -0.083692 0.206445 -0.078871
v -0.090742 0.206499 -0.070631
v -0.090108 0.209296 -0.066523
v -0.078581 0.206445 -0.083668
v -0.071567 0.209296 -0.086157
v -0.073476 0.206445 -0.088470
v -0.064813 0.206524 -0.094965
v -0.060747 0.209296 -0.094101
v 0.034438 0.209296 0.106582
v 0.035338 0.206445 0.109433
v 0.045481 0.206499 0.105609
v 0.046913 0.209296 0.101707
v 0.028548 0.206445 0.111179
v 0.021190 0.209302 0.109977
v 0.021757 0.206445 0.112925
v 0.011040 0.206524 0.114448
v 0.007893 0.209296 0.111723
v -0.034438 0.209296 -0.106582
v -0.035338 0.206445 -0.109433
v -0.045481 0.206499 -0.105609
v -0.046913 0.209296 -0.101707
v -0.028548 0.206445 -0.111179
v -0.021190 0.209302 -0.109977
v -0.021757 0.206445 -0.112925
v -0.011040 0.206524 -0.114448
v -0.007893 0.209296 -0.111723
v 0.021196 0.209302 -0.109977
v 0.021757 0.206445 -0.112925
v 0.011028 0.206499 -0.114460
v 0.007893 0.209302 -0.111723
v 0.028548 0.206445 -0.111179
v 0.035338 0.206445 -0.109433
v 0.034420 0.209296 -0.106582
v 0.045463 0.206524 -0.105603
v 0.046913 0.209296 -0.101707
v -0.021196 0.209302 0.109977
v -0.021757 0.206445 0.112925
v -0.011028 0.206499 0.114460
v -0.007893 0.209302 0.111723
v -0.028548 0.206445 0.111179
v -0.035338 0.206445 0.109433
v -0.034420 0.209296 0.106582
v -0.045463 0.206524 0.105603
v -0.046913 0.209296 0.101707
v 0.114490 0.208475 -0.072636
v 0.086706 0.208898 -0.057376
v 0.086024 0.206650 -0.054531
v 0.113330 0.210474 -0.074268
v -0.032752 0.193698 -0.127823
v -0.015172 0.193704 -0.130469
v -0.026035 0.193988 -0.128294
v -0.015511 0.195039 -0.129085
v -0.025835 0.195075 -0.127418
v -0.038208 0.194967 -0.124301
v -0.038836 0.193970 -0.125044
v -0.048598 0.195069 -0.120592
v -0.049577 0.193704 -0.121613
v -0.048750 0.178698 0.189842
v -0.049746 0.182697 0.193714
v -0.066952 0.178698 0.184211
v -0.070377 0.182697 0.187208
v -0.028524 0.182697 0.197955
v -0.030082 0.178698 0.193678
v 0.048750 0.178698 -0.189842
v 0.049746 0.182697 -0.193714
v 0.066952 0.178698 -0.184211
v 0.070377 0.182697 -0.187208
v 0.028524 0.182697 -0.197955
v 0.030082 0.178698 -0.193678
v -0.065327 0.208475 0.118815
v -0.048345 0.208898 0.092077
v -0.049142 0.206795 0.089377
v -0.063526 0.210474 0.119679
v 0.066952 0.178698 0.184211
v 0.073035 0.182697 0.175403
v 0.070377 0.182697 0.187208
v 0.069592 0.178698 0.172492
v 0.048750 0.178698 0.189842
v 0.049746 0.182697 0.193714
v 0.030082 0.178698 0.193678
v 0.028524 0.182697 0.197955
v 0.070377 0.182697 0.187208
v 0.066952 0.178698 0.184211
v 0.051849 0.208898 -0.090150
v 0.066976 0.210468 -0.117674
v 0.049142 0.206795 -0.089377
v 0.065327 0.208475 -0.118815
v -0.066952 0.178698 -0.184211
v -0.073035 0.182697 -0.175403
v -0.070377 0.182697 -0.187208
v -0.069592 0.178698 -0.172492
v -0.048750 0.178698 -0.189842
v -0.049746 0.182697 -0.193714
v -0.030082 0.178698 -0.193678
v -0.028524 0.182697 -0.197955
v -0.070377 0.182697 -0.187208
v -0.066952 0.178698 -0.184211
v -0.051849 0.208898 0.090150
v -0.066976 0.210468 0.117674
v -0.049142 0.206795 0.089377
v -0.065327 0.208475 0.118815
v 0.065327 0.208475 -0.118815
v 0.048345 0.208898 -0.092077
v 0.049142 0.206795 -0.089377
v 0.063526 0.210474 -0.119679
v -0.134184 0.178698 0.142865
v -0.136921 0.182697 0.145783
v -0.147421 0.178698 0.129158
v -0.151867 0.182697 0.130137
v -0.120374 0.182697 0.159720
v -0.119673 0.178698 0.155220
v 0.134184 0.178698 -0.142865
v 0.136921 0.182697 -0.145783
v 0.147421 0.178698 -0.129158
v 0.151867 0.182697 -0.130137
v 0.120374 0.182697 -0.159720
v 0.119673 0.178698 -0.155220
v -0.114490 0.208475 0.072636
v -0.086706 0.208898 0.057376
v -0.086024 0.206650 0.054531
v -0.113330 0.210474 0.074268
v -0.090386 0.193698 0.096137
v -0.102027 0.193716 0.082701
v -0.094379 0.193988 0.090712
v -0.100692 0.195039 0.082254
v -0.093750 0.195075 0.090077
v -0.084489 0.194967 0.098855
v -0.084779 0.193970 0.099780
v -0.075784 0.195069 0.105640
v -0.076128 0.193704 0.107017
v -0.137658 0.257699 -0.032801
v -0.139217 0.257699 -0.036800
v -0.136697 0.257693 -0.030469
v -0.136087 0.257705 -0.036256
v -0.137736 0.257699 -0.042001
v -0.132414 0.257699 -0.036915
v 0.147421 0.178698 0.129158
v 0.148508 0.182697 0.118507
v 0.151867 0.182697 0.130137
v 0.144092 0.178698 0.117619
v 0.134184 0.178698 0.142865
v 0.136921 0.182697 0.145783
v 0.119673 0.178698 0.155220
v 0.120374 0.182697 0.159720
v 0.151867 0.182697 0.130137
v 0.147421 0.178698 0.129158
v -0.147421 0.178698 -0.129158
v -0.148508 0.182697 -0.118507
v -0.151867 0.182697 -0.130137
v -0.144092 0.178698 -0.117619
v -0.134184 0.178698 -0.142865
v -0.136921 0.182697 -0.145783
v -0.119673 0.178698 -0.155220
v -0.120374 0.182697 -0.159720
v -0.151867 0.182697 -0.130137
v -0.147421 0.178698 -0.129158
v -0.133653 0.257560 -0.000776
v -0.132970 0.257638 0.003253
v -0.127454 0.257680 -0.006087
v -0.128373 0.257680 0.004612
v -0.125696 0.257620 -0.003682
v -0.131284 0.257445 -0.005670
v -0.130668 0.257101 0.005204
v -0.126560 0.257487 0.002945
v -0.125352 0.256962 -0.000003
v -0.032885 0.193698 0.127793
v -0.049565 0.193704 0.121637
v -0.038999 0.193988 0.124965
v -0.048605 0.195039 0.120592
v -0.038751 0.195075 0.124101
v -0.026409 0.194967 0.127334
v -0.026216 0.193970 0.128282
v -0.015511 0.195069 0.129085
v -0.015148 0.193704 0.130457
v -0.015499 0.207520 0.129073
v -0.032336 0.207484 0.125914
v -0.033006 0.210336 0.128542
v -0.048598 0.207478 0.120573
v -0.014804 0.210336 0.132022
v -0.050671 0.210336 0.122754
v 0.015499 0.207520 -0.129073
v 0.032336 0.207484 -0.125914
v 0.033006 0.210336 -0.128542
v 0.048598 0.207478 -0.120573
v 0.014804 0.210336 -0.132022
v 0.050671 0.210336 -0.122754
v 0.100680 0.207520 0.082236
v 0.088996 0.207484 0.094759
v 0.090857 0.210336 0.096735
v 0.075772 0.207478 0.105634
v 0.103549 0.210336 0.083233
v 0.076509 0.210336 0.108551
v -0.002776 0.155711 0.184211
v -0.002401 0.178698 0.184447
v -0.003954 0.178698 0.183064
v -0.004709 0.155651 0.181952
v -0.000607 0.155699 0.185003
v -0.000015 0.178698 0.185039
v 0.001682 0.155681 0.184755
v -0.004606 0.178698 0.181940
v 0.001906 0.178698 0.184622
v 0.003513 0.178698 0.183632
v 0.003688 0.155693 0.183450
v 0.004606 0.178698 0.181940
v 0.004606 0.155699 0.181940
v 0.002776 0.155711 -0.184211
v 0.002401 0.178698 -0.184447
v 0.003954 0.178698 -0.183064
v 0.004709 0.155651 -0.181952
v 0.000607 0.155699 -0.185003
v 0.000015 0.178698 -0.185039
v -0.001682 0.155681 -0.184755
v 0.004606 0.178698 -0.181940
v -0.001906 0.178698 -0.184622
v -0.003513 0.178698 -0.183632
v -0.003688 0.155693 -0.183450
v -0.004606 0.178698 -0.181940
v -0.004606 0.155699 -0.181940
v -0.100680 0.207520 -0.082236
v -0.088996 0.207484 -0.094759
v -0.090857 0.210336 -0.096735
v -0.075772 0.207478 -0.105634
v -0.103549 0.210336 -0.083233
v -0.076509 0.210336 -0.108551
v 0.024863 0.212069 -0.165532
v 0.032088 0.207019 -0.166064
v 0.035852 0.212480 -0.172038
v 0.112128 0.207242 0.129110
v 0.101538 0.212069 0.133073
v 0.114303 0.212486 0.133490
v 0.104637 0.206995 0.128868
v -0.048949 0.207242 0.163847
v -0.057968 0.212069 0.157032
v -0.051480 0.212486 0.168033
v -0.052761 0.206995 0.157395
v 0.036051 0.207242 0.167157
v 0.024863 0.212069 0.165532
v 0.035845 0.212486 0.172045
v 0.029599 0.206995 0.163339
v -0.121836 0.207242 0.119993
v -0.126452 0.212069 0.109675
v -0.126071 0.212486 0.122440
v -0.122066 0.206995 0.112502
v 0.121836 0.207242 -0.119993
v 0.126452 0.212069 -0.109675
v 0.126071 0.212486 -0.122440
v 0.122066 0.206995 -0.112502
v -0.086725 0.208898 -0.057388
v -0.113306 0.210474 -0.074255
v -0.086036 0.206650 -0.054513
v -0.114490 0.208475 -0.072636
v 0.086725 0.208898 0.057388
v 0.113306 0.210474 0.074255
v 0.086036 0.206650 0.054513
v 0.114490 0.208475 0.072636
v -0.112128 0.207242 -0.129110
v -0.101538 0.212069 -0.133073
v -0.114303 0.212486 -0.133490
v -0.104637 0.206995 -0.128868
v -0.036051 0.207242 -0.167157
v -0.024863 0.212069 -0.165532
v -0.035845 0.212486 -0.172045
v -0.029599 0.206995 -0.163339
v 0.142714 0.146697 -0.058506
v 0.147408 0.143695 -0.057823
v 0.139621 0.143695 -0.053160
v 0.147064 0.146697 -0.061110
v 0.143820 0.146697 -0.068396
v 0.132928 0.143695 -0.068190
v 0.141603 0.143695 -0.070854
v 0.138969 0.146697 -0.066909
v -0.143820 0.146697 0.068396
v -0.132928 0.143695 0.068190
v -0.141603 0.143695 0.070854
v -0.138969 0.146697 0.066909
v -0.142714 0.146697 0.058506
v -0.147408 0.143695 0.057823
v -0.139621 0.143701 0.053160
v -0.147064 0.146697 0.061110
v 0.153770 0.146697 -0.068462
v 0.150375 0.143701 -0.071779
v 0.159412 0.143695 -0.070975
v 0.148719 0.146697 -0.068909
v -0.153770 0.146697 0.068462
v -0.150375 0.143701 0.071779
v -0.159412 0.143695 0.070975
v -0.148719 0.146697 0.068909
v -0.139621 0.143695 -0.053160
v -0.147408 0.143695 -0.057823
v -0.142714 0.146697 -0.058506
v -0.147064 0.146697 -0.061110
v -0.113457 0.193698 0.090295
v -0.113396 0.149670 0.090367
v 0.126452 0.212069 0.109675
v 0.123274 0.207025 0.116876
v 0.126065 0.212486 0.122434
v -0.024863 0.212069 0.165532
v -0.032644 0.207025 0.166704
v -0.035845 0.212486 0.172045
v 0.057968 0.212069 0.157032
v 0.051716 0.207025 0.161811
v 0.051480 0.212486 0.168027
v -0.101538 0.212069 0.133073
v -0.108926 0.207025 0.130354
v -0.114303 0.212486 0.133490
v 0.101538 0.212069 -0.133073
v 0.108926 0.207025 -0.130354
v 0.114303 0.212486 -0.133490
v 0.141603 0.143695 0.070854
v 0.132928 0.143695 0.068190
v 0.143820 0.146697 0.068396
v 0.138969 0.146697 0.066909
v 0.139621 0.143701 0.053160
v 0.147408 0.143695 0.057823
v 0.142714 0.146697 0.058506
v 0.147064 0.146697 0.061110
v 0.159412 0.143695 0.070975
v 0.150375 0.143701 0.071779
v 0.153770 0.146697 0.068462
v 0.148719 0.146697 0.068909
v 0.051480 0.212486 -0.168027
v 0.052761 0.206995 -0.157395
v 0.057968 0.212069 -0.157032
v 0.048955 0.207242 -0.163847
v -0.159412 0.143695 -0.070975
v -0.150375 0.143701 -0.071779
v -0.153770 0.146697 -0.068462
v -0.148719 0.146697 -0.068909
v -0.141603 0.143695 -0.070854
v -0.132928 0.143695 -0.068190
v -0.143820 0.146697 -0.068396
v -0.138969 0.146697 -0.066909
v -0.174600 0.162701 0.032166
v -0.162795 0.161196 0.026898
v -0.174902 0.161196 0.030686
v -0.161098 0.162701 0.027938
v -0.177161 0.161184 0.032559
v -0.176974 0.162701 0.035562
v -0.178200 0.161196 0.035157
v -0.178122 0.161196 0.037356
v -0.171628 0.162701 0.055896
v -0.173053 0.161196 0.056361
v -0.164596 0.162701 0.074086
v -0.165870 0.161184 0.074932
v -0.155908 0.162701 0.090953
v -0.157111 0.161196 0.091866
v -0.161098 0.162701 0.027938
v -0.164723 0.161196 0.009554
v -0.162795 0.161196 0.026898
v -0.163224 0.162701 0.009464
v -0.164723 0.161196 -0.009554
v -0.163224 0.162701 -0.009464
v -0.162795 0.161196 -0.026898
v -0.161098 0.162701 -0.027938
v 0.174600 0.162701 -0.032166
v 0.162795 0.161196 -0.026898
v 0.174902 0.161196 -0.030686
v 0.161098 0.162701 -0.027938
v 0.177161 0.161184 -0.032559
v 0.176974 0.162701 -0.035562
v 0.178200 0.161196 -0.035157
v 0.178122 0.161196 -0.037356
v 0.171628 0.162701 -0.055890
v 0.173053 0.161196 -0.056361
v 0.164596 0.162701 -0.074086
v 0.165870 0.161184 -0.074932
v 0.155908 0.162701 -0.090953
v 0.157111 0.161196 -0.091866
v 0.161098 0.162701 -0.027938
v 0.164723 0.161196 -0.009554
v 0.162795 0.161196 -0.026898
v 0.163224 0.162701 -0.009464
v 0.163224 0.162701 0.009464
v 0.164723 0.161196 0.009554
v 0.162795 0.161196 0.026898
v 0.161098 0.162701 0.027938
v -0.163249 0.157698 0.009029
v -0.161346 0.157698 0.026445
v -0.162795 0.159197 0.026898
v -0.164747 0.159197 0.009107
v -0.164747 0.159197 -0.009107
v -0.163249 0.157698 -0.009029
v -0.161346 0.157698 -0.026445
v -0.162795 0.159197 -0.026898
v 0.163249 0.157698 -0.009029
v 0.161346 0.157698 -0.026445
v 0.162795 0.159197 -0.026898
v 0.164747 0.159197 -0.009107
v 0.164747 0.159197 0.009107
v 0.163249 0.157698 0.009029
v 0.161346 0.157698 0.026445
v 0.162795 0.159197 0.026898
v -0.164723 0.161196 -0.009554
v -0.162795 0.159197 -0.026898
v -0.164747 0.159197 -0.009107
v -0.162795 0.161196 -0.026898
v -0.164723 0.161196 0.009554
v -0.164747 0.159197 0.009107
v -0.162795 0.159197 0.026898
v -0.162795 0.161196 0.026898
v 0.164723 0.161196 -0.009554
v 0.164747 0.159197 -0.009107
v 0.162795 0.159197 -0.026898
v 0.162795 0.161196 -0.026898
v 0.164747 0.159197 0.009107
v 0.164723 0.161196 0.009554
v 0.162795 0.159197 0.026898
v 0.162795 0.161196 0.026898
v -0.090742 0.206499 -0.070631
v -0.100166 0.207218 -0.077953
v -0.090108 0.209296 -0.066523
v -0.102782 0.210100 -0.076382
v 0.090742 0.206499 0.070631
v 0.100166 0.207218 0.077953
v 0.090108 0.209296 0.066523
v 0.102782 0.210100 0.076382
v -0.064813 0.206499 0.094983
v -0.071525 0.207218 0.104854
v -0.060747 0.209296 0.094101
v -0.069797 0.210100 0.107361
v 0.064813 0.206499 -0.094983
v 0.071525 0.207218 -0.104854
v 0.060747 0.209296 -0.094101
v 0.069797 0.210100 -0.107361
v 0.011028 0.206499 -0.114460
v 0.012158 0.207218 -0.126343
v 0.007893 0.209302 -0.111723
v 0.009433 0.210100 -0.127708
v -0.045481 0.206499 -0.105609
v -0.050218 0.207218 -0.116568
v -0.046913 0.209296 -0.101707
v -0.053262 0.210100 -0.116453
v 0.045481 0.206499 0.105609
v 0.050218 0.207218 0.116568
v 0.046913 0.209296 0.101707
v 0.053262 0.210100 0.116453
v -0.011028 0.206499 0.114460
v -0.012158 0.207218 0.126343
v -0.007893 0.209302 0.111723
v -0.009433 0.210100 0.127708
v -0.048605 0.207520 -0.120573
v -0.032336 0.207484 -0.125914
v -0.033006 0.210336 -0.128542
v -0.015505 0.207478 -0.129073
v -0.050634 0.210336 -0.122821
v -0.014744 0.210336 -0.131979
v -0.001181 0.153180 0.182097
v -0.002776 0.155711 0.184211
v -0.004709 0.155651 0.181952
v -0.000607 0.155699 0.185003
v 0.001682 0.155681 0.184755
v 0.002039 0.153560 0.182025
v 0.003688 0.155693 0.183450
v 0.004606 0.155699 0.181940
v 0.001181 0.153180 -0.182097
v 0.002776 0.155711 -0.184211
v 0.004709 0.155651 -0.181952
v 0.000607 0.155699 -0.185003
v -0.001682 0.155681 -0.184755
v -0.002039 0.153560 -0.182025
v -0.003688 0.155693 -0.183450
v -0.004606 0.155699 -0.181940
v 0.048605 0.207520 0.120573
v 0.032336 0.207484 0.125914
v 0.033006 0.210336 0.128542
v 0.015505 0.207478 0.129073
v 0.050634 0.210336 0.122821
v 0.014744 0.210336 0.131979
v -0.153957 0.143695 -0.063720
v -0.159412 0.143695 -0.070975
v -0.150725 0.146697 -0.064408
v -0.153770 0.146697 -0.068462
v 0.153957 0.143701 0.063720
v 0.159412 0.143695 0.070975
v 0.150725 0.146697 0.064408
v 0.153770 0.146697 0.068462
v 0.075772 0.207520 -0.105634
v 0.090857 0.210336 -0.096735
v 0.076581 0.210336 -0.108557
v 0.088996 0.207484 -0.094759
v 0.100680 0.207478 -0.082242
v 0.103543 0.210336 -0.083154
v 0.161768 0.157698 -0.008702
v 0.161346 0.157698 -0.026445
v 0.163249 0.157698 -0.009029
v 0.161768 0.157698 0.008702
v 0.159902 0.157698 -0.025998
v 0.163249 0.157698 0.009029
v 0.159902 0.157698 0.025998
v 0.161346 0.157698 0.026445
v -0.075772 0.207520 0.105634
v -0.090857 0.210336 0.096735
v -0.076581 0.210336 0.108557
v -0.088996 0.207484 0.094759
v -0.100680 0.207478 0.082242
v -0.103543 0.210336 0.083154
v -0.161768 0.157698 -0.008702
v -0.163249 0.157698 -0.009029
v -0.159902 0.157698 -0.025998
v -0.161346 0.157698 -0.026445
v -0.163249 0.157698 0.009029
v -0.161768 0.157698 0.008702
v -0.161346 0.157698 0.026445
v -0.159902 0.157698 0.025998
v -0.100184 0.207212 0.077971
v -0.090724 0.206524 0.070637
v -0.102782 0.210100 0.076382
v -0.090108 0.209296 0.066523
v 0.150725 0.146697 -0.064408
v 0.159412 0.143695 -0.070975
v 0.153957 0.143695 -0.063720
v 0.153770 0.146697 -0.068462
v -0.150725 0.146697 0.064408
v -0.159412 0.143695 0.070975
v -0.153957 0.143701 0.063720
v -0.153770 0.146697 0.068462
v 0.100184 0.207212 -0.077971
v 0.090724 0.206524 -0.070637
v 0.102782 0.210100 -0.076382
v 0.090108 0.209296 -0.066523
v 0.048598 0.207478 -0.120573
v 0.053262 0.210100 -0.116453
v 0.050671 0.210336 -0.122754
v 0.050224 0.207212 -0.116592
v 0.050224 0.207212 -0.116592
v 0.045463 0.206524 -0.105603
v 0.053262 0.210100 -0.116453
v 0.046913 0.209296 -0.101707
v -0.123938 0.257197 0.011548
v -0.121776 0.254702 0.007959
v -0.124095 0.254696 0.011699
v -0.127545 0.257119 0.014532
v -0.127605 0.254696 0.014411
v -0.121691 0.257656 0.008400
v -0.126162 0.257693 0.014870
v 0.108219 0.257699 -0.036981
v 0.111349 0.257668 -0.035078
v 0.105772 0.257699 -0.036691
v 0.103652 0.257699 -0.034408
v -0.119166 0.257656 0.010279
v -0.121776 0.254702 0.007959
v -0.121691 0.257656 0.008400
v -0.119160 0.254696 0.010031
v -0.048598 0.207478 0.120573
v -0.050236 0.195088 0.116598
v -0.050224 0.207212 0.116592
v -0.048605 0.195039 0.120592
v -0.048598 0.207478 0.120573
v -0.053262 0.210100 0.116453
v -0.050671 0.210336 0.122754
v -0.050224 0.207212 0.116592
v -0.075772 0.207478 -0.105634
v -0.069797 0.210100 -0.107361
v -0.076509 0.210336 -0.108551
v -0.071543 0.207212 -0.104866
v -0.075772 0.207478 -0.105634
v -0.071537 0.195088 -0.104884
v -0.071543 0.207212 -0.104866
v -0.075784 0.195039 -0.105646
v 0.075772 0.207478 0.105634
v 0.069797 0.210100 0.107361
v 0.076509 0.210336 0.108551
v 0.071543 0.207212 0.104866
v 0.075772 0.207478 0.105634
v 0.071537 0.195088 0.104884
v 0.071543 0.207212 0.104866
v 0.075784 0.195039 0.105646
v -0.015505 0.207478 -0.129073
v -0.009433 0.210100 -0.127708
v -0.014744 0.210336 -0.131979
v -0.012164 0.207212 -0.126361
v -0.015505 0.207478 -0.129073
v -0.012152 0.195088 -0.126373
v -0.012164 0.207212 -0.126361
v -0.015511 0.195039 -0.129085
v 0.015505 0.207478 0.129073
v 0.009433 0.210100 0.127708
v 0.014744 0.210336 0.131979
v 0.012164 0.207212 0.126361
v 0.015505 0.207478 0.129073
v 0.012152 0.195088 0.126373
v 0.012164 0.207212 0.126361
v 0.015511 0.195039 0.129085
v 0.104323 0.255892 -0.034897
v 0.105772 0.257699 -0.036691
v 0.103652 0.257699 -0.034408
v 0.106975 0.254992 -0.036280
v 0.108219 0.257699 -0.036981
v 0.109258 0.256327 -0.036419
v 0.109959 0.254968 -0.034867
v 0.108020 0.253717 -0.033912
v 0.109433 0.254140 -0.031828
v 0.111077 0.255657 -0.031798
v 0.111349 0.257668 -0.035078
v 0.111566 0.257699 -0.032438
v 0.103857 0.256152 -0.031719
v 0.105948 0.256363 -0.029508
v 0.106449 0.254134 -0.030994
v 0.105428 0.254134 -0.033230
v 0.108437 0.255536 -0.029623
v 0.109433 0.254140 -0.031828
v 0.108020 0.253717 -0.033912
v 0.105428 0.254134 -0.033230
v 0.106975 0.254992 -0.036280
v 0.104021 0.257699 -0.030747
v 0.104323 0.255892 -0.034897
v 0.104323 0.255892 -0.034897
v 0.103652 0.257699 -0.034408
v 0.104021 0.257699 -0.030747
v 0.111077 0.255657 -0.031798
v 0.109893 0.257699 -0.029526
v 0.107289 0.257699 -0.028886
v 0.109893 0.257699 -0.029526
v 0.111077 0.255657 -0.031798
v 0.109893 0.257699 -0.029526
v 0.111566 0.257699 -0.032438
v 0.123969 0.257161 -0.011596
v 0.124156 0.254696 -0.011753
v 0.127605 0.257028 -0.014526
v 0.121824 0.254702 -0.008020
v 0.127569 0.254696 -0.014393
v 0.121751 0.257499 -0.008267
v 0.126222 0.257693 -0.014846
v 0.178273 0.161208 0.036776
v 0.176974 0.162701 0.035694
v 0.173053 0.161196 0.056355
v 0.171628 0.162701 0.055896
v 0.164596 0.162701 0.074086
v 0.165870 0.161190 0.074938
v 0.157111 0.161196 0.091866
v 0.155908 0.162701 0.090953
v 0.178013 0.161196 0.034438
v 0.177059 0.161166 0.032444
v 0.174745 0.162701 0.032215
v 0.174902 0.161202 0.030686
v 0.162795 0.161196 0.026898
v 0.161098 0.162701 0.027938
v -0.178273 0.161208 -0.036776
v -0.176974 0.162707 -0.035694
v -0.173053 0.161196 -0.056355
v -0.171628 0.162701 -0.055890
v -0.164596 0.162701 -0.074086
v -0.165870 0.161190 -0.074938
v -0.157111 0.161196 -0.091866
v -0.155908 0.162701 -0.090953
v -0.178007 0.161196 -0.034438
v -0.177059 0.161166 -0.032444
v -0.174751 0.162701 -0.032215
v -0.174902 0.161202 -0.030686
v -0.162795 0.161196 -0.026898
v -0.161098 0.162701 -0.027938
v -0.075772 0.207520 0.105634
v -0.071537 0.194888 0.104890
v -0.075784 0.195069 0.105640
v -0.071525 0.207218 0.104854
v -0.131284 0.257445 -0.005670
v -0.132873 0.254696 -0.003525
v -0.133653 0.257560 -0.000776
v -0.133725 0.254696 -0.000112
v -0.133133 0.254696 0.003537
v -0.132970 0.257638 0.003253
v -0.130958 0.254696 -0.005736
v 0.127352 0.257590 -0.004141
v 0.130167 0.254696 -0.005235
v 0.127883 0.254696 -0.004486
v 0.130729 0.257403 -0.005120
v 0.130807 0.257674 0.006002
v 0.132873 0.254696 0.003531
v 0.133725 0.257282 0.000807
v 0.133773 0.254696 -0.001356
v 0.132994 0.257662 -0.003175
v 0.132142 0.254696 -0.004395
v 0.130922 0.254696 0.005784
v 0.130729 0.257403 -0.005120
v 0.130167 0.254696 -0.005235
v -0.128572 0.254696 -0.006479
v -0.127454 0.257680 -0.006087
v -0.126059 0.254696 -0.004902
v -0.125696 0.257620 -0.003682
v -0.125310 0.254696 -0.001030
v -0.125352 0.256962 -0.000003
v -0.126089 0.254696 0.002365
v -0.126560 0.257487 0.002945
v -0.127889 0.254696 0.004492
v -0.128373 0.257680 0.004612
v -0.130161 0.254696 0.005235
v -0.130668 0.257101 0.005204
v -0.015499 0.207520 0.129073
v -0.012152 0.194888 0.126379
v -0.015511 0.195069 0.129085
v -0.012158 0.207218 0.126343
v 0.125491 0.257656 0.000124
v 0.125630 0.257076 0.003785
v 0.126772 0.257529 0.005501
v 0.125491 0.257656 0.000124
v 0.130807 0.257674 0.006002
v 0.132994 0.257662 -0.003175
v 0.126772 0.257529 0.005501
v 0.133725 0.257282 0.000807
v 0.127352 0.257590 -0.004141
v 0.130729 0.257403 -0.005120
v -0.048605 0.207520 -0.120573
v -0.050242 0.194876 -0.116604
v -0.048598 0.195069 -0.120592
v -0.050218 0.207218 -0.116568
v -0.130161 0.254696 0.005235
v -0.130668 0.257101 0.005204
v -0.133133 0.254696 0.003537
v -0.132970 0.257638 0.003253
v -0.100680 0.207478 0.082242
v -0.100196 0.195088 0.077965
v -0.100184 0.207212 0.077971
v -0.100692 0.195039 0.082254
v -0.100680 0.207478 0.082242
v -0.100184 0.207212 0.077971
v -0.102782 0.210100 0.076382
v -0.103543 0.210336 0.083154
v -0.009433 0.210100 -0.127708
v -0.011040 0.206524 -0.114448
v -0.007893 0.209296 -0.111723
v -0.012164 0.207212 -0.126361
v -0.012158 0.207218 0.126343
v -0.015499 0.207520 0.129073
v -0.014804 0.210336 0.132022
v -0.009433 0.210100 0.127708
v -0.069797 0.210100 -0.107361
v -0.064813 0.206524 -0.094965
v -0.060747 0.209296 -0.094101
v -0.071543 0.207212 -0.104866
v 0.009433 0.210100 0.127708
v 0.011040 0.206524 0.114448
v 0.007893 0.209296 0.111723
v 0.012164 0.207212 0.126361
v -0.053262 0.210100 0.116453
v -0.045463 0.206524 0.105603
v -0.046913 0.209296 0.101707
v -0.050224 0.207212 0.116592
v 0.069797 0.210100 0.107361
v 0.064813 0.206524 0.094965
v 0.060747 0.209296 0.094101
v 0.071543 0.207212 0.104866
v -0.050218 0.207218 -0.116568
v -0.048605 0.207520 -0.120573
v -0.050634 0.210336 -0.122821
v -0.053262 0.210100 -0.116453
v -0.071525 0.207218 0.104854
v -0.075772 0.207520 0.105634
v -0.076581 0.210336 0.108557
v -0.069797 0.210100 0.107361
v 0.100680 0.207478 -0.082242
v 0.100184 0.207212 -0.077971
v 0.102782 0.210100 -0.076382
v 0.103543 0.210336 -0.083154
v 0.100680 0.207478 -0.082242
v 0.100196 0.195088 -0.077965
v 0.100184 0.207212 -0.077971
v 0.100692 0.195039 -0.082254
v -0.138969 0.146697 0.066909
v -0.139772 0.143701 0.062233
v -0.132928 0.143695 0.068190
v -0.142793 0.146697 0.063575
v -0.142793 0.146697 0.063575
v -0.139621 0.143701 0.053160
v -0.139772 0.143701 0.062233
v -0.142714 0.146697 0.058506
v 0.142793 0.146697 -0.063575
v 0.139621 0.143695 -0.053160
v 0.139772 0.143695 -0.062233
v 0.142714 0.146697 -0.058506
v 0.138969 0.146697 -0.066909
v 0.139772 0.143695 -0.062233
v 0.132928 0.143695 -0.068190
v 0.142793 0.146697 -0.063575
v -0.145808 0.146697 0.073065
v -0.148719 0.146697 0.068909
v -0.143820 0.146697 0.068396
v -0.142793 0.146697 0.063575
v -0.142714 0.146697 0.058506
v -0.147064 0.146697 0.061110
v -0.138969 0.146697 0.066909
v -0.150725 0.146697 0.064408
v -0.151861 0.146697 0.059467
v -0.153770 0.146697 0.068462
v 0.048598 0.207478 -0.120573
v 0.050236 0.195088 -0.116598
v 0.050224 0.207212 -0.116592
v 0.048605 0.195039 -0.120592
v -0.139772 0.143695 -0.062233
v -0.139621 0.143695 -0.053160
v -0.142793 0.146697 -0.063575
v -0.142714 0.146697 -0.058506
v -0.132928 0.143695 -0.068190
v -0.139772 0.143695 -0.062233
v -0.138969 0.146697 -0.066909
v -0.142793 0.146697 -0.063575
v 0.145808 0.146697 -0.073065
v 0.148719 0.146697 -0.068909
v 0.143820 0.146697 -0.068396
v 0.142793 0.146697 -0.063575
v 0.142714 0.146697 -0.058506
v 0.147064 0.146697 -0.061110
v 0.138969 0.146697 -0.066909
v 0.150725 0.146697 -0.064408
v 0.151861 0.146697 -0.059467
v 0.153770 0.146697 -0.068462
v -0.145808 0.146697 -0.073065
v -0.143820 0.146697 -0.068396
v -0.148719 0.146697 -0.068909
v -0.142793 0.146697 -0.063575
v -0.142714 0.146697 -0.058506
v -0.147064 0.146697 -0.061110
v -0.138969 0.146697 -0.066909
v -0.150725 0.146697 -0.064408
v -0.151861 0.146697 -0.059467
v -0.153770 0.146697 -0.068462
v -0.129865 0.255910 0.031943
v -0.129357 0.257699 0.032323
v -0.131146 0.257699 0.029490
v -0.132638 0.254926 0.029798
v -0.131387 0.254007 0.033417
v -0.134390 0.253875 0.031713
v -0.133943 0.253766 0.034353
v -0.136027 0.254618 0.034003
v -0.137048 0.255554 0.032420
v -0.135809 0.255910 0.030106
v -0.132638 0.254926 0.029798
v -0.134299 0.257699 0.029007
v -0.131146 0.257699 0.029490
v -0.136655 0.257699 0.030414
v 0.121691 0.257626 0.012532
v 0.121951 0.254702 0.012351
v 0.119486 0.254696 0.015420
v 0.119480 0.257602 0.015698
v -0.143820 0.146697 0.068396
v -0.141603 0.143695 0.070854
v -0.145808 0.146697 0.073065
v -0.145161 0.143695 0.079203
v 0.139772 0.143701 0.062233
v 0.139621 0.143701 0.053160
v 0.142793 0.146697 0.063575
v 0.142714 0.146697 0.058506
v 0.132928 0.143695 0.068190
v 0.139772 0.143701 0.062233
v 0.138969 0.146697 0.066909
v 0.142793 0.146697 0.063575
v -0.134782 0.255554 0.036305
v -0.136873 0.257644 0.035586
v -0.133375 0.257699 0.037205
v -0.136655 0.257699 0.030414
v -0.137634 0.257699 0.033508
v -0.137048 0.255554 0.032420
v -0.135809 0.255910 0.030106
v 0.143820 0.146697 -0.068396
v 0.141603 0.143695 -0.070854
v 0.145808 0.146697 -0.073065
v 0.145161 0.143695 -0.079203
v 0.112865 0.254696 0.016091
v 0.111989 0.257656 0.015734
v 0.115819 0.257674 0.017287
v 0.116266 0.254696 0.017063
v 0.145808 0.146697 0.073065
v 0.143820 0.146697 0.068396
v 0.148719 0.146697 0.068909
v 0.142793 0.146697 0.063575
v 0.142714 0.146697 0.058506
v 0.147064 0.146697 0.061110
v 0.138969 0.146697 0.066909
v 0.150725 0.146697 0.064408
v 0.151861 0.146697 0.059467
v 0.153770 0.146697 0.068462
v -0.148719 0.146697 0.068909
v -0.145161 0.143695 0.079203
v -0.150375 0.143701 0.071779
v -0.145808 0.146697 0.073065
v -0.145808 0.146697 -0.073065
v -0.141603 0.143695 -0.070854
v -0.143820 0.146697 -0.068396
v -0.145161 0.143695 -0.079203
v -0.148719 0.146697 -0.068909
v -0.145161 0.143695 -0.079203
v -0.145808 0.146697 -0.073065
v -0.150375 0.143701 -0.071779
v 0.148719 0.146697 -0.068909
v 0.145161 0.143695 -0.079203
v 0.150375 0.143701 -0.071779
v 0.145808 0.146697 -0.073065
v 0.145808 0.146697 0.073065
v 0.141603 0.143695 0.070854
v 0.143820 0.146697 0.068396
v 0.145161 0.143695 0.079203
v 0.148719 0.146697 0.068909
v 0.145161 0.143695 0.079203
v 0.145808 0.146697 0.073065
v 0.150375 0.143701 0.071779
v 0.071525 0.207218 -0.104854
v 0.071537 0.194888 -0.104890
v 0.075772 0.207520 -0.105634
v 0.075784 0.195069 -0.105640
v 0.071525 0.207218 -0.104854
v 0.075772 0.207520 -0.105634
v 0.076581 0.210336 -0.108557
v 0.069797 0.210100 -0.107361
v 0.012158 0.207218 -0.126343
v 0.012152 0.194888 -0.126379
v 0.015499 0.207520 -0.129073
v 0.015511 0.195069 -0.129085
v 0.012158 0.207218 -0.126343
v 0.015499 0.207520 -0.129073
v 0.014804 0.210336 -0.132022
v 0.009433 0.210100 -0.127708
v -0.150725 0.146697 0.064408
v -0.153957 0.143701 0.063720
v -0.151861 0.146697 0.059467
v -0.155993 0.143695 0.054875
v -0.100166 0.207218 -0.077953
v -0.100202 0.194882 -0.077965
v -0.100680 0.207520 -0.082236
v -0.100686 0.195069 -0.082254
v -0.100166 0.207218 -0.077953
v -0.100680 0.207520 -0.082236
v -0.103549 0.210336 -0.083233
v -0.102782 0.210100 -0.076382
v 0.100166 0.207218 0.077953
v 0.100202 0.194882 0.077971
v 0.100680 0.207520 0.082236
v 0.100686 0.195069 0.082254
v 0.100166 0.207218 0.077953
v 0.100680 0.207520 0.082236
v 0.103549 0.210336 0.083233
v 0.102782 0.210100 0.076382
v 0.050218 0.207218 0.116568
v 0.050242 0.194876 0.116604
v 0.048605 0.207520 0.120573
v 0.048598 0.195069 0.120592
v 0.050218 0.207218 0.116568
v 0.048605 0.207520 0.120573
v 0.050634 0.210336 0.122821
v 0.053262 0.210100 0.116453
v 0.150725 0.146697 -0.064408
v 0.153957 0.143695 -0.063720
v 0.151861 0.146697 -0.059467
v 0.155993 0.143701 -0.054875
v -0.070262 0.153754 0.161889
v -0.056972 0.174898 0.165466
v -0.057612 0.175961 0.167314
v -0.069362 0.153711 0.160681
v -0.057612 0.175961 0.167314
v -0.056972 0.174898 0.165466
v -0.044291 0.153742 0.170830
v -0.044255 0.153699 0.169314
v -0.147064 0.146697 0.061110
v -0.155993 0.143695 0.054875
v -0.147408 0.143695 0.057823
v -0.151861 0.146697 0.059467
v 0.070262 0.153754 -0.161889
v 0.056972 0.174898 -0.165466
v 0.057612 0.175961 -0.167314
v 0.069362 0.153711 -0.160681
v 0.057612 0.175961 -0.167314
v 0.056972 0.174898 -0.165466
v 0.044291 0.153742 -0.170830
v 0.044255 0.153699 -0.169314
v 0.147064 0.146697 -0.061110
v 0.155993 0.143701 -0.054875
v 0.147408 0.143695 -0.057823
v 0.151861 0.146697 -0.059467
v 0.118791 0.257082 -0.010309
v 0.118459 0.254696 -0.010376
v 0.121824 0.254702 -0.008020
v 0.121751 0.257499 -0.008267
v 0.117988 0.257699 -0.011348
v -0.121733 0.257517 -0.012508
v -0.124681 0.257119 -0.015710
v -0.121945 0.254702 -0.012309
v -0.124265 0.254696 -0.015209
v 0.118707 0.257384 0.007983
v 0.118815 0.254696 0.007724
v 0.120144 0.254696 0.003724
v 0.119909 0.257656 0.003495
v 0.119740 0.257119 -0.000583
v 0.119788 0.254696 -0.000112
v 0.115040 0.257656 -0.000160
v 0.115680 0.254744 -0.001906
v 0.114248 0.254696 0.002220
v 0.114170 0.257300 0.003543
v 0.114436 0.254696 0.006370
v 0.115487 0.257626 0.008618
v 0.116067 0.254696 0.009017
v 0.119740 0.257119 -0.000583
v 0.119788 0.254696 -0.000112
v 0.118254 0.254696 -0.002498
v 0.117758 0.257602 -0.002486
v -0.151861 0.146697 -0.059467
v -0.153957 0.143695 -0.063720
v -0.150725 0.146697 -0.064408
v -0.155993 0.143701 -0.054875
v -0.147408 0.143695 -0.057823
v -0.155993 0.143701 -0.054875
v -0.147064 0.146697 -0.061110
v -0.151861 0.146697 -0.059467
v 0.151861 0.146697 0.059467
v 0.153957 0.143701 0.063720
v 0.150725 0.146697 0.064408
v 0.155993 0.143695 0.054875
v 0.115487 0.257626 0.008618
v 0.115040 0.257656 -0.000160
v 0.114170 0.257300 0.003543
v 0.119909 0.257656 0.003495
v 0.117758 0.257602 -0.002486
v 0.118707 0.257384 0.007983
v 0.119740 0.257119 -0.000583
v 0.127605 0.257028 -0.014526
v 0.131520 0.254696 -0.014973
v 0.131864 0.257161 -0.014967
v 0.127569 0.254696 -0.014393
v 0.134800 0.254696 -0.013886
v 0.135024 0.257203 -0.013777
v 0.147408 0.143695 0.057823
v 0.155993 0.143695 0.054875
v 0.147064 0.146697 0.061110
v 0.151861 0.146697 0.059467
v -0.119752 0.257173 -0.005428
v -0.118828 0.254696 -0.007736
v -0.120108 0.254696 -0.003797
v -0.119957 0.257342 -0.000178
v -0.119776 0.254696 0.000148
v -0.118254 0.254696 0.002534
v -0.117692 0.257699 0.002558
v -0.118568 0.257680 -0.007579
v -0.116816 0.257034 -0.008962
v -0.115946 0.254696 -0.008986
v 0.137604 0.257693 -0.033332
v 0.139217 0.257699 -0.036800
v 0.136637 0.257699 -0.030390
v 0.136069 0.255929 0.030312
v 0.135423 0.254080 0.032468
v 0.137199 0.256164 0.032269
v 0.135918 0.254660 0.034692
v 0.137362 0.257699 0.034655
v 0.137199 0.257699 0.031375
v 0.137199 0.257699 0.031375
v 0.135368 0.257699 0.029387
v 0.135193 0.256061 0.036359
v 0.133961 0.257699 0.037132
v 0.133979 0.254322 0.030759
v 0.134009 0.255910 0.029333
v 0.131725 0.255022 0.030324
v 0.131889 0.257699 0.029110
v 0.131889 0.257699 0.029110
v 0.132861 0.253566 0.033302
v 0.130717 0.254660 0.032771
v 0.135423 0.254080 0.032468
v 0.135918 0.254660 0.034692
v 0.132940 0.255300 0.036425
v 0.130161 0.255548 0.034571
v 0.135193 0.256061 0.036359
v 0.133961 0.257699 0.037132
v 0.130717 0.254660 0.032771
v -0.115136 0.257094 0.000831
v -0.115626 0.254696 0.001749
v -0.114218 0.254696 -0.002389
v -0.114297 0.257602 -0.002909
v -0.114490 0.254696 -0.006521
v -0.115064 0.257596 -0.007845
v -0.115946 0.254696 -0.008986
v 0.129430 0.257693 0.031496
v 0.130717 0.254660 0.032771
v 0.131725 0.255022 0.030324
v 0.131889 0.257699 0.029110
v 0.130161 0.255548 0.034571
v 0.130227 0.257693 0.035761
v -0.044303 0.153754 -0.170824
v -0.056972 0.174898 -0.165466
v -0.057612 0.175961 -0.167314
v -0.044267 0.153711 -0.169320
v 0.044303 0.153754 0.170824
v 0.056972 0.174898 0.165466
v 0.057612 0.175961 0.167314
v 0.044267 0.153711 0.169320
v -0.118568 0.257680 -0.007579
v -0.117692 0.257699 0.002558
v -0.114297 0.257602 -0.002909
v -0.115064 0.257596 -0.007845
v -0.119957 0.257342 -0.000178
v -0.116816 0.257034 -0.008962
v -0.115136 0.257094 0.000831
v -0.119752 0.257173 -0.005428
v -0.115136 0.257094 0.000831
v -0.117692 0.257699 0.002558
v -0.115626 0.254696 0.001749
v -0.118254 0.254696 0.002534
v 0.050242 0.194876 0.116604
v 0.046206 0.193710 0.104214
v 0.051915 0.193704 0.116629
v 0.045493 0.195202 0.105609
v 0.071537 0.194888 -0.104890
v 0.064801 0.195202 -0.094995
v 0.100202 0.194882 0.077971
v 0.090688 0.193704 0.069054
v 0.101689 0.193698 0.077179
v 0.090748 0.195202 0.070625
v 0.130034 0.255765 -0.031544
v 0.131436 0.257693 -0.029333
v 0.132469 0.254249 -0.030735
v 0.133882 0.255741 -0.029400
v 0.134504 0.257699 -0.028977
v -0.100202 0.194882 -0.077965
v -0.090688 0.193704 -0.069054
v -0.101689 0.193698 -0.077179
v -0.090748 0.195202 -0.070625
v 0.133055 0.255161 -0.036450
v 0.131701 0.257699 -0.036691
v 0.130155 0.255904 -0.034782
v 0.135634 0.255089 -0.030511
v 0.136637 0.257699 -0.030390
v 0.137338 0.255929 -0.032964
v 0.137604 0.257693 -0.033332
v 0.134504 0.257699 -0.028977
v 0.133882 0.255741 -0.029400
v 0.137338 0.255929 -0.032964
v 0.135815 0.257680 -0.036679
v 0.135912 0.254974 -0.034867
v 0.137604 0.257693 -0.033332
v -0.130994 0.255300 -0.035634
v -0.130131 0.255137 -0.032390
v -0.129369 0.257699 -0.033175
v -0.130257 0.257693 -0.035531
v -0.134504 0.255995 -0.029273
v -0.134462 0.257699 -0.029049
v -0.130904 0.257693 -0.029466
v -0.131780 0.254787 -0.030596
v -0.134082 0.254285 -0.030880
v -0.133049 0.253560 -0.033085
v -0.130131 0.255137 -0.032390
v -0.130994 0.255300 -0.035634
v -0.134450 0.254618 -0.035670
v -0.135090 0.253881 -0.033103
v -0.136861 0.255935 -0.034661
v -0.136619 0.255198 -0.031701
v -0.135090 0.253881 -0.033103
v -0.137658 0.257699 -0.032801
v -0.136697 0.257693 -0.030469
v -0.134504 0.255995 -0.029273
v -0.134674 0.256442 -0.036770
v -0.136087 0.257705 -0.036256
v -0.134462 0.257699 -0.029049
v -0.110170 0.257693 -0.029768
v -0.110364 0.255445 -0.030922
v -0.111747 0.257699 -0.032493
v -0.111052 0.255620 -0.034160
v -0.109198 0.253887 -0.033036
v -0.108153 0.254285 -0.030880
v -0.107120 0.253560 -0.033079
v -0.105857 0.255198 -0.030034
v -0.104256 0.255089 -0.032499
v -0.108026 0.255929 -0.029297
v -0.110170 0.257693 -0.029768
v -0.107228 0.257699 -0.028928
v -0.108739 0.256442 -0.036776
v -0.106485 0.257699 -0.036915
v -0.110225 0.257705 -0.036220
v -0.105857 0.255198 -0.030034
v -0.107228 0.257699 -0.028928
v -0.104256 0.257680 -0.030457
v -0.108026 0.255929 -0.029297
v -0.104329 0.257693 -0.035531
v -0.105066 0.255300 -0.035628
v -0.103441 0.257699 -0.033175
v -0.104256 0.255089 -0.032499
v -0.108739 0.256442 -0.036776
v -0.110225 0.257705 -0.036220
v -0.111052 0.255620 -0.034160
v -0.108515 0.254612 -0.035670
v -0.109198 0.253887 -0.033036
v -0.107120 0.253560 -0.033079
v -0.105066 0.255300 -0.035628
v -0.104256 0.255089 -0.032499
v -0.104256 0.257680 -0.030457
v -0.104256 0.255089 -0.032499
v -0.105857 0.255198 -0.030034
v -0.103441 0.257699 -0.033175
v -0.106020 0.255699 0.036268
v -0.107839 0.257693 0.037247
v -0.103936 0.257638 0.035477
v -0.108213 0.255258 0.036226
v -0.106002 0.254146 0.034504
v -0.108751 0.253899 0.034009
v -0.107379 0.253645 0.031490
v -0.104353 0.255137 0.032178
v -0.110297 0.255735 0.035368
v -0.110847 0.255089 0.032958
v -0.111216 0.257693 0.035163
v -0.111421 0.257699 0.031599
v -0.110376 0.255826 0.030596
v -0.104353 0.255137 0.032178
v -0.103374 0.257699 0.032257
v -0.105416 0.256273 0.029677
v -0.105537 0.257699 0.029448
v 0.132469 0.254249 -0.030735
v 0.134619 0.253639 -0.033562
v 0.131756 0.253947 -0.033248
v 0.135634 0.255089 -0.030511
v 0.137338 0.255929 -0.032964
v 0.135912 0.254974 -0.034867
v 0.133882 0.255741 -0.029400
v -0.107379 0.253645 0.031490
v -0.105416 0.256273 0.029677
v -0.108219 0.255584 0.029484
v -0.104353 0.255137 0.032178
v -0.134674 0.256442 -0.036770
v -0.132414 0.257699 -0.036915
v -0.136087 0.257705 -0.036256
v -0.133943 0.253766 0.034353
v -0.132003 0.255657 0.036280
v -0.131387 0.254007 0.033417
v -0.130119 0.256333 0.034915
v -0.129865 0.255910 0.031943
v -0.129357 0.257699 0.032323
v -0.134782 0.255554 0.036305
v -0.133375 0.257699 0.037205
v -0.136027 0.254618 0.034003
v -0.136873 0.257644 0.035586
v -0.137048 0.255554 0.032420
v -0.137634 0.257699 0.033508
v -0.130390 0.257699 0.035749
v -0.133375 0.257699 0.037205
v -0.130390 0.257699 0.035749
v -0.075784 0.195069 0.105640
v -0.071537 0.194888 0.104890
v -0.076128 0.193704 0.107017
v -0.070661 0.193698 0.106322
v -0.015511 0.195069 0.129085
v -0.012152 0.194888 0.126379
v -0.015148 0.193704 0.130457
v -0.010696 0.193698 0.127213
v -0.048598 0.195069 -0.120592
v -0.050242 0.194876 -0.116604
v -0.049577 0.193704 -0.121613
v -0.051921 0.193698 -0.116629
v 0.140062 0.153735 -0.107343
v 0.147475 0.173400 -0.097659
v 0.145608 0.170337 -0.098275
v 0.143681 0.166108 -0.099931
v 0.139114 0.153699 -0.106177
v -0.140062 0.153735 0.107343
v -0.147475 0.173400 0.097659
v -0.145608 0.170337 0.098275
v -0.143681 0.166108 0.099931
v -0.139114 0.153699 0.106177
v 0.130034 0.255765 -0.031544
v 0.129164 0.257699 -0.033230
v 0.131436 0.257693 -0.029333
v 0.130155 0.255904 -0.034782
v 0.131701 0.257699 -0.036691
v 0.129164 0.257699 -0.033230
v -0.105066 0.255300 -0.035628
v -0.106485 0.257699 -0.036915
v -0.108739 0.256442 -0.036776
v -0.108515 0.254612 -0.035670
v -0.104329 0.257693 -0.035531
v 0.109307 0.255264 0.035870
v 0.108092 0.257699 0.037090
v 0.110762 0.257699 0.035459
v 0.111228 0.255904 0.033900
v 0.109500 0.253947 0.032837
v 0.107011 0.254183 0.035260
v 0.106226 0.253814 0.032535
v 0.107996 0.254297 0.030777
v 0.105567 0.255488 0.030040
v 0.111735 0.257693 0.032493
v 0.104872 0.255089 0.034855
v 0.104063 0.255687 0.032009
v 0.103314 0.257687 0.033520
v 0.104812 0.257687 0.036142
v 0.106981 0.256406 0.036854
v 0.107011 0.254183 0.035260
v 0.108020 0.256013 0.029255
v 0.107083 0.257705 0.028916
v 0.104335 0.257699 0.030541
v 0.104063 0.255687 0.032009
v 0.103314 0.257687 0.033520
v 0.110267 0.255590 0.030759
v 0.110146 0.257699 0.029756
v 0.107083 0.257705 0.028916
v 0.109500 0.253947 0.032837
v 0.111228 0.255904 0.033900
v 0.111735 0.257693 0.032493
v 0.110146 0.257699 0.029756
v -0.107379 0.253645 0.031490
v -0.110376 0.255826 0.030596
v -0.110847 0.255089 0.032958
v -0.108751 0.253899 0.034009
v -0.108219 0.255584 0.029484
v 0.126772 0.257529 0.005501
v 0.128089 0.254696 0.006497
v 0.130807 0.257674 0.006002
v -0.106002 0.254146 0.034504
v -0.103936 0.257638 0.035477
v -0.104353 0.255137 0.032178
v -0.103374 0.257699 0.032257
v -0.106020 0.255699 0.036268
v 0.130227 0.257693 0.035761
v 0.133961 0.257699 0.037132
v 0.132940 0.255300 0.036425
v 0.130161 0.255548 0.034571
v -0.121733 0.257517 -0.012508
v -0.121945 0.254702 -0.012309
v -0.118803 0.254702 -0.016133
v -0.119540 0.257693 -0.015680
v 0.075784 0.195069 -0.105640
v 0.071537 0.194888 -0.104890
v 0.076128 0.193704 -0.107017
v 0.070661 0.193704 -0.106316
v 0.076128 0.193704 -0.107017
v 0.084779 0.193970 -0.099780
v 0.075784 0.195069 -0.105640
v 0.084489 0.194967 -0.098855
v 0.094379 0.193988 -0.090712
v 0.093750 0.195075 -0.090077
v 0.100692 0.195039 -0.082254
v 0.102027 0.193716 -0.082701
v 0.090386 0.193698 -0.096137
v -0.100686 0.195069 -0.082254
v -0.100202 0.194882 -0.077965
v -0.102021 0.193716 -0.082677
v -0.101689 0.193698 -0.077179
v -0.102021 0.193716 -0.082677
v -0.094276 0.193970 -0.090863
v -0.100686 0.195069 -0.082254
v -0.093370 0.194967 -0.090518
v -0.084622 0.193988 -0.099876
v -0.084030 0.195075 -0.099206
v -0.075784 0.195039 -0.105646
v -0.076152 0.193704 -0.107017
v -0.090295 0.193698 -0.096227
v 0.100686 0.195069 0.082254
v 0.100202 0.194882 0.077971
v 0.102021 0.193716 0.082677
v 0.101689 0.193698 0.077179
v 0.102021 0.193716 0.082677
v 0.094276 0.193970 0.090863
v 0.100686 0.195069 0.082254
v 0.093370 0.194967 0.090518
v 0.084622 0.193988 0.099876
v 0.084030 0.195075 0.099206
v 0.075784 0.195039 0.105646
v 0.076152 0.193704 0.107017
v 0.090295 0.193698 0.096227
v 0.015511 0.195069 -0.129085
v 0.012152 0.194888 -0.126379
v 0.015148 0.193704 -0.130457
v 0.010696 0.193704 -0.127213
v 0.015148 0.193704 -0.130457
v 0.026216 0.193970 -0.128282
v 0.015511 0.195069 -0.129085
v 0.026409 0.194967 -0.127334
v 0.038999 0.193988 -0.124965
v 0.038751 0.195075 -0.124101
v 0.048605 0.195039 -0.120592
v 0.049565 0.193704 -0.121637
v 0.032885 0.193698 -0.127793
v 0.048598 0.195069 0.120592
v 0.050242 0.194876 0.116604
v 0.049577 0.193704 0.121613
v 0.051915 0.193704 0.116629
v 0.049577 0.193704 0.121613
v 0.038836 0.193970 0.125044
v 0.048598 0.195069 0.120592
v 0.038208 0.194967 0.124301
v 0.026035 0.193988 0.128294
v 0.025841 0.195075 0.127418
v 0.015511 0.195039 0.129085
v 0.015172 0.193704 0.130469
v 0.032752 0.193698 0.127823
v 0.118707 0.257384 0.007983
v 0.115487 0.257626 0.008618
v 0.116067 0.254696 0.009017
v 0.118815 0.254696 0.007724
v -0.116991 0.257650 0.010642
v -0.113608 0.257137 0.009155
v -0.116858 0.254696 0.010412
v -0.113578 0.254696 0.008914
v -0.111844 0.257699 0.008551
v -0.071537 0.194888 0.104890
v -0.064801 0.195202 0.094995
v -0.050242 0.194876 -0.116604
v -0.045493 0.195202 -0.105609
v -0.046206 0.193710 -0.104208
v -0.051921 0.193698 -0.116629
v -0.010980 0.193704 -0.127019
v -0.015511 0.195039 -0.129085
v -0.015172 0.193704 -0.130469
v -0.012152 0.195088 -0.126373
v -0.051577 0.193704 0.116598
v -0.048605 0.195039 0.120592
v -0.049565 0.193704 0.121637
v -0.050236 0.195088 0.116598
v 0.130807 0.257674 0.006002
v 0.128089 0.254696 0.006497
v 0.130922 0.254696 0.005784
v -0.148339 0.178698 0.105452
v -0.149136 0.178698 0.097641
v -0.101368 0.193704 0.077324
v -0.100692 0.195039 0.082254
v -0.102027 0.193716 0.082701
v -0.100196 0.195088 0.077965
v -0.110297 0.255735 0.035368
v -0.111216 0.257693 0.035163
v -0.107839 0.257693 0.037247
v -0.108213 0.255258 0.036226
v 0.109258 0.256327 -0.036419
v 0.111349 0.257668 -0.035078
v 0.108219 0.257699 -0.036981
v -0.070824 0.193704 -0.106014
v -0.075784 0.195039 -0.105646
v -0.076152 0.193704 -0.107017
v -0.071537 0.195088 -0.104884
v 0.010980 0.193704 0.127019
v 0.015511 0.195039 0.129085
v 0.015172 0.193704 0.130469
v 0.012152 0.195088 0.126373
v 0.051577 0.193704 -0.116598
v 0.048605 0.195039 -0.120592
v 0.049565 0.193704 -0.121637
v 0.050236 0.195088 -0.116598
v -0.131284 0.257445 -0.005670
v -0.128572 0.254696 -0.006479
v -0.130958 0.254696 -0.005736
v -0.127454 0.257680 -0.006087
v 0.070824 0.193704 0.106014
v 0.075784 0.195039 0.105646
v 0.076152 0.193704 0.107017
v 0.071537 0.195088 0.104884
v 0.133055 0.255161 -0.036450
v 0.135815 0.257680 -0.036679
v 0.131701 0.257699 -0.036691
v -0.111052 0.255620 -0.034160
v -0.110225 0.257705 -0.036220
v -0.111747 0.257699 -0.032493
v 0.017674 0.195245 0.113632
v 0.011016 0.195021 0.114466
v 0.020301 0.193710 0.111995
v 0.009536 0.193704 0.113203
v 0.028451 0.195269 0.111427
v 0.011016 0.195021 0.114466
v 0.010980 0.193704 0.127019
v 0.009536 0.193704 0.113203
v 0.012152 0.195088 0.126373
v -0.011016 0.195021 -0.114466
v -0.010980 0.193704 -0.127019
v -0.009542 0.193710 -0.113209
v -0.012152 0.195088 -0.126373
v 0.070238 0.195245 0.091062
v 0.064801 0.195021 0.095001
v 0.071742 0.193710 0.088362
v 0.062898 0.193704 0.094602
v 0.078611 0.195269 0.083934
v 0.064801 0.195021 0.095001
v 0.070824 0.193704 0.106014
v 0.062898 0.193704 0.094602
v 0.071537 0.195088 0.104884
v -0.070238 0.195245 -0.091062
v -0.064801 0.195021 -0.095001
v -0.071742 0.193710 -0.088362
v -0.062904 0.193704 -0.094602
v -0.078611 0.195269 -0.083934
v -0.064801 0.195021 -0.095001
v -0.070824 0.193704 -0.106014
v -0.062904 0.193704 -0.094602
v -0.071537 0.195088 -0.104884
v 0.101368 0.193704 -0.077324
v 0.100692 0.195039 -0.082254
v 0.102027 0.193716 -0.082701
v 0.100196 0.195088 -0.077965
v -0.101368 0.193704 0.077324
v -0.090754 0.195027 0.070625
v -0.100196 0.195088 0.077965
v -0.090458 0.193704 0.068685
v 0.051577 0.193704 -0.116598
v 0.045499 0.195027 -0.105615
v 0.050236 0.195088 -0.116598
v 0.046170 0.193704 -0.103779
v 0.101368 0.193704 -0.077324
v 0.090754 0.195027 -0.070625
v 0.100196 0.195088 -0.077965
v 0.090458 0.193704 -0.068685
v -0.051577 0.193704 0.116598
v -0.045499 0.195027 0.105615
v -0.050236 0.195088 0.116598
v -0.046170 0.193704 0.103773
v 0.134619 0.253639 -0.033562
v 0.133055 0.255161 -0.036450
v 0.131756 0.253947 -0.033248
v 0.130155 0.255904 -0.034782
v 0.135912 0.254974 -0.034867
v 0.135815 0.257680 -0.036679
v -0.130904 0.257693 -0.029466
v -0.129369 0.257699 -0.033175
v -0.130131 0.255137 -0.032390
v -0.131780 0.254787 -0.030596
v -0.004606 0.178698 -0.181940
v -0.130994 0.255300 -0.035634
v -0.132414 0.257699 -0.036915
v -0.134674 0.256442 -0.036770
v -0.134450 0.254618 -0.035670
v -0.130257 0.257693 -0.035531
v -0.124681 0.257119 -0.015710
v -0.129188 0.257082 -0.016296
v -0.128077 0.254696 -0.016465
v -0.124265 0.254696 -0.015209
v 0.115040 0.257656 -0.000160
v 0.117758 0.257602 -0.002486
v 0.115680 0.254744 -0.001906
v 0.117758 0.257602 -0.002486
v 0.118254 0.254696 -0.002498
v 0.115680 0.254744 -0.001906
v -0.136861 0.255935 -0.034661
v -0.136087 0.257705 -0.036256
v -0.137658 0.257699 -0.032801
v -0.105416 0.256273 0.029677
v -0.108926 0.257699 0.029043
v -0.108219 0.255584 0.029484
v -0.105537 0.257699 0.029448
v 0.176974 0.162701 0.035694
v 0.130034 0.255765 -0.031544
v 0.132469 0.254249 -0.030735
v 0.131756 0.253947 -0.033248
v 0.130155 0.255904 -0.034782
v 0.129164 0.257699 -0.033230
v -0.108334 0.257693 -0.001392
v -0.110787 0.257197 0.004697
v -0.111844 0.257699 0.008551
v -0.109512 0.257131 0.000517
v -0.108962 0.257052 -0.004770
v -0.119051 0.143695 0.088259
v 0.119045 0.143695 -0.088259
v 0.116266 0.254696 0.017063
v 0.115819 0.257674 0.017287
v 0.119480 0.257602 0.015698
v 0.119486 0.254696 0.015420
v 0.119480 0.257602 0.015698
v -0.110376 0.255826 0.030596
v -0.108926 0.257699 0.029043
v -0.111421 0.257699 0.031599
v -0.108219 0.255584 0.029484
v -0.118755 0.143647 -0.087498
v 0.110775 0.257064 -0.004600
v 0.111844 0.257693 -0.008418
v 0.108328 0.257693 0.001797
v 0.109500 0.256980 -0.000365
v 0.108992 0.256937 0.005168
v 0.153111 0.178698 -0.097188
v -0.153111 0.178698 0.097188
v -0.116816 0.257034 -0.008962
v -0.115064 0.257596 -0.007845
v -0.115946 0.254696 -0.008986
v 0.091684 0.207804 -0.046122
v -0.110787 0.257197 0.004697
v -0.113608 0.257137 0.009155
v -0.111844 0.257699 0.008551
v 0.110775 0.257064 -0.004600
v 0.113203 0.257070 -0.008600
v 0.111844 0.257693 -0.008418
v 0.113203 0.257070 -0.008600
v 0.117988 0.257699 -0.011348
v 0.111844 0.257693 -0.008418
v 0.147638 0.206221 -0.056156
v 0.013940 0.204240 -0.181469
v 0.008902 0.204415 -0.175772
v -0.138196 0.257680 -0.008539
v -0.140612 0.257693 0.001598
v -0.139217 0.256925 -0.003132
v -0.139676 0.257264 0.001876
v -0.140612 0.257693 0.001598
v -0.139180 0.257342 0.006993
v -0.138848 0.257699 0.010333
v -0.137144 0.257227 0.011475
v -0.134269 0.257699 0.015426
v -0.134970 0.257233 0.013856
v -0.131852 0.257167 0.014973
v -0.139217 0.256925 -0.003132
v -0.138196 0.257680 -0.008539
v -0.139217 0.256925 -0.003132
v -0.136716 0.256913 -0.010195
v -0.134764 0.257693 -0.013988
v -0.109047 0.257680 -0.010992
v -0.108962 0.257052 -0.004770
v -0.108334 0.257693 -0.001392
v -0.109621 0.256889 -0.010255
v -0.111016 0.257070 -0.013880
v -0.111675 0.257699 -0.016012
v -0.113844 0.257173 -0.016761
v -0.111016 0.257070 -0.013880
v -0.111675 0.257699 -0.016012
v 0.123969 0.257161 -0.011596
v 0.127605 0.257028 -0.014526
v 0.126222 0.257693 -0.014846
v 0.127605 0.257028 -0.014526
v 0.131864 0.257161 -0.014967
v 0.126222 0.257693 -0.014846
v 0.133997 0.257699 -0.015348
v 0.133737 0.206040 0.048840
v 0.132463 0.205478 0.050338
v 0.134619 0.206892 0.049474
v 0.135471 0.207381 0.047481
v -0.133737 0.206040 -0.048846
v -0.132463 0.205478 -0.050344
v -0.134619 0.206892 -0.049474
v -0.135465 0.207369 -0.047493
v -0.123938 0.257197 0.011548
v -0.127545 0.257119 0.014532
v -0.126162 0.257693 0.014870
v -0.115487 0.257693 -0.017861
v -0.113844 0.257173 -0.016761
v -0.111675 0.257699 -0.016012
v -0.051969 0.178698 0.174425
v -0.057920 0.178698 0.168214
v 0.130318 0.257699 0.016985
v 0.135519 0.257693 0.012853
v 0.133266 0.257215 0.014423
v 0.135918 0.256744 0.011318
v 0.105948 0.256363 -0.029508
v 0.104021 0.257699 -0.030747
v 0.107289 0.257699 -0.028886
v 0.129786 0.257161 0.016067
v 0.130318 0.257699 0.016985
v 0.133266 0.257215 0.014423
v 0.126125 0.257191 0.016248
v 0.139676 0.257258 -0.001815
v 0.140105 0.257693 -0.005905
v 0.139108 0.256980 -0.007059
v 0.137048 0.256956 -0.011518
v 0.137918 0.257693 -0.011493
v 0.135024 0.257203 -0.013777
v 0.133997 0.257699 -0.015348
v 0.111989 0.257656 0.015734
v 0.109609 0.257004 0.010273
v 0.108902 0.257693 0.010678
v 0.108328 0.257693 0.001797
v -0.134764 0.257693 -0.013988
v -0.136716 0.256913 -0.010195
v -0.133169 0.257064 -0.014423
v -0.117215 0.256937 -0.016749
v -0.113844 0.257173 -0.016761
v -0.115487 0.257693 -0.017861
v 0.131864 0.257161 -0.014967
v 0.135024 0.257203 -0.013777
v 0.133997 0.257699 -0.015348
v 0.104812 0.257687 0.036142
v 0.108092 0.257699 0.037090
v 0.106981 0.256406 0.036854
v 0.130318 0.257699 0.016985
v 0.126125 0.257191 0.016248
v 0.124410 0.257699 0.016357
v 0.126125 0.257191 0.016248
v 0.123685 0.256968 0.014629
v 0.124410 0.257699 0.016357
v -0.134764 0.257693 -0.013988
v -0.129188 0.257082 -0.016296
v -0.130288 0.257699 -0.016870
v -0.129188 0.257082 -0.016296
v -0.124681 0.257699 -0.016574
v -0.130288 0.257699 -0.016870
v -0.124681 0.257119 -0.015710
v -0.124681 0.257119 -0.015710
v -0.121733 0.257517 -0.012508
v -0.124681 0.257699 -0.016574
v -0.119160 0.254696 0.010031
v -0.119166 0.257656 0.010279
v -0.116858 0.254696 0.010412
v -0.116991 0.257650 0.010642
v 0.117988 0.257699 -0.011348
v 0.115837 0.257149 -0.010249
v 0.118791 0.257082 -0.010309
v -0.086483 0.195245 0.075802
v 0.086483 0.195245 -0.075802
vt 0.000000 0.000000
vt 0.000000 0.000000
vt 0.000000 0.000000
vt 0.000000 0.000000
vt 0.000000 0.000000
vt 0.000000 0.000000
vt 0.000000 0.000000
vt 0.000000 0.000000
vt 0.000000 0.000000
vt 0.000000 0.000000
vt 0.000000 0.000000
vt 0.000000 0.000000
vt 0.000000 0.000000
vt 0.000000 0.000000
vt 0.000000 0.000000
vt 0.000000 0.000000
vt 0.000000 0.000000
vt 0.000000 0.000000
vt 0.000000 0.000000
vt 0.000000 0.000000
vt 0.000000 0.000000
vt 0.000000 0.000000
vt 0.000000 0.000000
vt 0.000000 0.000000
vt 0.000000 0.000000
vt 0.000000 0.000000
vt 0.000000 0.000000
vt 0.000000 0.000000
vt 0.000000 0.000000
vt 0.000000 0.000000
vt 0.000000 0.000000
vt 0.000000 0.000000
vt 0.000000 0.000000
vt 0.000000 0.000000
vt 0.000000 0.000000
vt 0.000000 0.000000
vt 0.000000 0.000000
vt 0.000000 0.000000
vt 0.000000 0.000000
vt 0.000000 0.000000
vt 0.000000 0.000000
vt 0.000000 0.000000
vt 0.000000 0.000000
vt 0.000000 0.000000
vt 0.000000 0.000000
vt 0.000000 0.000000
vt 0.000000 0.000000
vt 0.000000 0.000000
vt 0.000000 0.000000
vt 0.000000 0.000000
vt 0.000000 0.000000
vt 0.000000 0.000000
vt 0.000000 0.000000
vt 0.000000 0.000000
vt 0.000000 0.000000
vt 0.000000 0.000000
vt 0.000000 0.000000
vt 0.000000 0.000000
vt 0.000000 0.000000
vt 0.000000 0.000000
vt 0.000000 0.000000
vt 0.000000 0.000000
vt 0.000000 0.000000
vt 0.000000 0.000000
vt 0.000000 0.000000
vt 0.000000 0.000000
vt 0.000000 0.000000
vt 0.000000 0.000000
vt 0.000000 0.000000
vt 0.000000 0.000000
vt 0.000000 0.000000
vt 0.000000 0.000000
vt 0.000000 0.000000
vt 0.000000 0.000000
vt 0.000000 0.000000
vt 0.000000 0.000000
vt 0.000000 0.000000
vt 0.000000 0.000000
vt 0.000000 0.000000
vt 0.000000 0.000000
vt 0.000000 0.000000
vt 0.000000 0.000000
vt 0.000000 0.000000
vt 0.000000 0.000000
vt 0.000000 0.000000
vt 0.000000 0.000000
vt 0.000000 0.000000
vt 0.000000 0.000000
vt 0.000000 0.000000
vt 0.000000 0.000000
vt 0.000000 0.000000
vt 0.000000 0.000000
vt 0.000000 0.000000
vt 0.000000 0.000000
vt 0.000000 0.000000
vt 0.000000 0.000000
vt 0.000000 0.000000
vt 0.000000 0.000000
vt 0.000000 0.000000
vt 0.000000 0.000000
vt 0.000000 0.000000
vt 0.000000 0.000000
vt 0.000000 0.000000
vt 0.000000 0.000000
vt 0.000000 0.000000
vt 0.000000 0.000000
vt 0.000000 0.000000
vt 0.000000 0.000000
vt 0.000000 0.000000
vt 0.000000 0.000000
vt 0.000000 0.000000
vt 0.000000 0.000000
vt 0.000000 0.000000
vt 0.000000 0.000000
vt 0.000000 0.000000
vt 0.000000 0.000000
vt 0.000000 0.000000
vt 0.000000 0.000000
vt 0.000000 0.000000
vt 0.000000 0.000000
vt 0.000000 0.000000
vt 0.000000 0.000000
vt 0.000000 0.000000
vt 0.000000 0.000000
vt 0.000000 0.000000
vt 0.000000 0.000000
vt 0.000000 0.000000
vt 0.000000 0.000000
vt 0.000000 0.000000
vt 0.000000 0.000000
vt 0.000000 0.000000
vt 0.000000 0.000000
vt 0.000000 0.000000
vt 0.000000 0.000000
vt 0.000000 0.000000
vt 0.000000 0.000000
vt 0.000000 0.000000
vt 0.000000 0.000000
vt 0.000000 0.000000
vt 0.000000 0.000000
vt 0.000000 0.000000
vt 0.000000 0.000000
vt 0.000000 0.000000
vt 0.000000 0.000000
vt 0.000000 0.000000
vt 0.000000 0.000000
vt 0.000000 0.000000
vt 0.000000 0.000000
vt 0.000000 0.000000
vt 0.000000 0.000000
vt 0.000000 0.000000
vt 0.000000 0.000000
vt 0.000000 0.000000
vt 0.000000 0.000000
vt 0.000000 0.000000
vt 0.000000 0.000000
vt 0.000000 0.000000
vt 0.000000 0.000000
vt 0.000000 0.000000
vt 0.000000 0.000000
vt 0.000000 0.000000
vt 0.000000 0.000000
vt 0.000000 0.000000
vt 0.000000 0.000000
vt 0.000000 0.000000
vt 0.000000 0.000000
vt 0.000000 0.000000
vt 0.000000 0.000000
vt 0.000000 0.000000
vt 0.000000 0.000000
vt 0.000000 0.000000
vt 0.000000 0.000000
vt 0.000000 0.000000
vt 0.000000 0.000000
vt 0.000000 0.000000
vt 0.000000 0.000000
vt 0.000000 0.000000
vt 0.000000 0.000000
vt 0.000000 0.000000
vt 0.000000 0.000000
vt 0.000000 0.000000
vt 0.000000 0.000000
vt 0.000000 0.000000
vt 0.000000 0.000000
vt 0.000000 0.000000
vt 0.000000 0.000000
vt 0.000000 0.000000
vt 0.000000 0.000000
vt 0.000000 0.000000
vt 0.000000 0.000000
vt 0.000000 0.000000
vt 0.000000 0.000000
vt 0.000000 0.000000
vt 0.000000 0.000000
vt 0.000000 0.000000
vt 0.000000 0.000000
vt 0.000000 0.000000
vt 0.000000 0.000000
vt 0.000000 0.000000
vt 0.000000 0.000000
vt 0.000000 0.000000
vt 0.000000 0.000000
vt 0.000000 0.000000
vt 0.000000 0.000000
vt 0.000000 0.000000
vt 0.000000 0.000000
vt 0.000000 0.000000
vt 0.000000 0.000000
vt 0.000000 0.000000
vt 0.000000 0.000000
vt 0.000000 0.000000
vt 0.000000 0.000000
vt 0.000000 0.000000
vt 0.000000 0.000000
vt 0.000000 0.000000
vt 0.000000 0.000000
vt 0.000000 0.000000
vt 0.000000 0.000000
vt 0.000000 0.000000
vt 0.000000 0.000000
vt 0.000000 0.000000
vt 0.000000 0.000000
vt 0.000000 0.000000
vt 0.000000 0.000000
vt 0.000000 0.000000
vt 0.000000 0.000000
vt 0.000000 0.000000
vt 0.000000 0.000000
vt 0.000000 0.000000
vt 0.000000 0.000000
vt 0.000000 0.000000
vt 0.000000 0.000000
vt 0.000000 0.000000
vt 0.000000 0.000000
vt 0.000000 0.000000
vt 0.000000 0.000000
vt 0.000000 0.000000
vt 0.000000 0.000000
vt 0.000000 0.000000
vt 0.000000 0.000000
vt 0.000000 0.000000
vt 0.000000 0.000000
vt 0.000000 0.000000
vt 0.000000 0.000000
vt 0.000000 0.000000
vt 0.000000 0.000000
vt 0.000000 0.000000
vt 0.000000 0.000000
vt 0.000000 0.000000
vt 0.000000 0.000000
vt 0.000000 0.000000
vt 0.000000 0.000000
vt 0.000000 0.000000
vt 0.000000 0.000000
vt 0.000000 0.000000
vt 0.000000 0.000000
vt 0.000000 0.000000
vt 0.000000 0.000000
vt 0.000000 0.000000
vt 0.000000 0.000000
vt 0.000000 0.000000
vt 0.000000 0.000000
vt 0.000000 0.000000
vt 0.000000 0.000000
vt 0.000000 0.000000
vt 0.000000 0.000000
vt 0.000000 0.000000
vt 0.000000 0.000000
vt 0.000000 0.000000
vt 0.000000 0.000000
vt 0.000000 0.000000
vt 0.000000 0.000000
vt 0.000000 0.000000
vt 0.000000 0.000000
vt 0.000000 0.000000
vt 0.000000 0.000000
vt 0.000000 0.000000
vt 0.000000 0.000000
vt 0.000000 0.000000
vt 0.000000 0.000000
vt 0.000000 0.000000
vt 0.000000 0.000000
vt 0.000000 0.000000
vt 0.000000 0.000000
vt 0.000000 0.000000
vt 0.000000 0.000000
vt 0.000000 0.000000
vt 0.000000 0.000000
vt 0.000000 0.000000
vt 0.000000 0.000000
vt 0.000000 0.000000
vt 0.000000 0.000000
vt 0.000000 0.000000
vt 0.000000 0.000000
vt 0.000000 0.000000
vt 0.000000 0.000000
vt 0.000000 0.000000
vt 0.000000 0.000000
vt 0.000000 0.000000
vt 0.000000 0.000000
vt 0.000000 0.000000
vt 0.000000 0.000000
vt 0.000000 0.000000
vt 0.000000 0.000000
vt 0.000000 0.000000
vt 0.000000 0.000000
vt 0.000000 0.000000
vt 0.000000 0.000000
vt 0.000000 0.000000
vt 0.000000 0.000000
vt 0.000000 0.000000
vt 0.000000 0.000000
vt 0.000000 0.000000
vt 0.000000 0.000000
vt 0.000000 0.000000
vt 0.000000 0.000000
vt 0.000000 0.000000
vt 0.000000 0.000000
vt 0.000000 0.000000
vt 0.000000 0.000000
vt 0.000000 0.000000
vt 0.000000 0.000000
vt 0.000000 0.000000
vt 0.000000 0.000000
vt 0.000000 0.000000
vt 0.000000 0.000000
vt 0.000000 0.000000
vt 0.000000 0.000000
vt 0.000000 0.000000
vt 0.000000 0.000000
vt 0.000000 0.000000
vt 0.000000 0.000000
vt 0.000000 0.000000
vt 0.000000 0.000000
vt 0.000000 0.000000
vt 0.000000 0.000000
vt 0.000000 0.000000
vt 0.000000 0.000000
vt 0.000000 0.000000
vt 0.000000 0.000000
vt 0.000000 0.000000
vt 0.000000 0.000000
vt 0.000000 0.000000
vt 0.000000 0.000000
vt 0.000000 0.000000
vt 0.000000 0.000000
vt 0.000000 0.000000
vt 0.000000 0.000000
vt 0.000000 0.000000
vt 0.000000 0.000000
vt 0.000000 0.000000
vt 0.000000 0.000000
vt 0.000000 0.000000
vt 0.000000 0.000000
vt 0.000000 0.000000
vt 0.000000 0.000000
vt 0.000000 0.000000
vt 0.000000 0.000000
vt 0.000000 0.000000
vt 0.000000 0.000000
vt 0.000000 0.000000
vt 0.000000 0.000000
vt 0.000000 0.000000
vt 0.000000 0.000000
vt 0.000000 0.000000
vt 0.000000 0.000000
vt 0.000000 0.000000
vt 0.000000 0.000000
vt 0.000000 0.000000
vt 0.000000 0.000000
vt 0.000000 0.000000
vt 0.000000 0.000000
vt 0.000000 0.000000
vt 0.000000 0.000000
vt 0.000000 0.000000
vt 0.000000 0.000000
vt 0.000000 0.000000
vt 0.000000 0.000000
vt 0.000000 0.000000
vt 0.000000 0.000000
vt 0.000000 0.000000
vt 0.000000 0.000000
vt 0.000000 0.000000
vt 0.000000 0.000000
vt 0.000000 0.000000
vt 0.000000 0.000000
vt 0.000000 0.000000
vt 0.000000 0.000000
vt 0.000000 0.000000
vt 0.000000 0.000000
vt 0.000000 0.000000
vt 0.000000 0.000000
vt 0.000000 0.000000
vt 0.000000 0.000000
vt 0.000000 0.000000
vt 0.000000 0.000000
vt 0.000000 0.000000
vt 0.000000 0.000000
vt 0.000000 0.000000
vt 0.000000 0.000000
vt 0.000000 0.000000
vt 0.000000 0.000000
vt 0.000000 0.000000
vt 0.000000 0.000000
vt 0.000000 0.000000
vt 0.000000 0.000000
vt 0.000000 0.000000
vt 0.000000 0.000000
vt 0.000000 0.000000
vt 0.000000 0.000000
vt 0.000000 0.000000
vt 0.000000 0.000000
vt 0.000000 0.000000
vt 0.000000 0.000000
vt 0.000000 0.000000
vt 0.000000 0.000000
vt 0.000000 0.000000
vt 0.000000 0.000000
vt 0.000000 0.000000
vt 0.000000 0.000000
vt 0.000000 0.000000
vt 0.000000 0.000000
vt 0.000000 0.000000
vt 0.000000 0.000000
vt 0.000000 0.000000
vt 0.000000 0.000000
vt 0.000000 0.000000
vt 0.000000 0.000000
vt 0.000000 0.000000
vt 0.000000 0.000000
vt 0.000000 0.000000
vt 0.000000 0.000000
vt 0.000000 0.000000
vt 0.000000 0.000000
vt 0.000000 0.000000
vt 0.000000 0.000000
vt 0.000000 0.000000
vt 0.000000 0.000000
vt 0.000000 0.000000
vt 0.000000 0.000000
vt 0.000000 0.000000
vt 0.000000 0.000000
vt 0.000000 0.000000
vt 0.000000 0.000000
vt 0.000000 0.000000
vt 0.000000 0.000000
vt 0.000000 0.000000
vt 0.000000 0.000000
vt 0.000000 0.000000
vt 0.000000 0.000000
vt 0.000000 0.000000
vt 0.000000 0.000000
vt 0.000000 0.000000
vt 0.000000 0.000000
vt 0.000000 0.000000
vt 0.000000 0.000000
vt 0.000000 0.000000
vt 0.000000 0.000000
vt 0.000000 0.000000
vt 0.000000 0.000000
vt 0.000000 0.000000
vt 0.000000 0.000000
vt 0.000000 0.000000
vt 0.000000 0.000000
vt 0.000000 0.000000
vt 0.000000 0.000000
vt 0.000000 0.000000
vt 0.000000 0.000000
vt 0.000000 0.000000
vt 0.000000 0.000000
vt 0.000000 0.000000
vt 0.000000 0.000000
vt 0.000000 0.000000
vt 0.000000 0.000000
vt 0.000000 0.000000
vt 0.000000 0.000000
vt 0.000000 0.000000
vt 0.000000 0.000000
vt 0.000000 0.000000
vt 0.000000 0.000000
vt 0.000000 0.000000
vt 0.000000 0.000000
vt 0.000000 0.000000
vt 0.000000 0.000000
vt 0.000000 0.000000
vt 0.000000 0.000000
vt 0.000000 0.000000
vt 0.000000 0.000000
vt 0.000000 0.000000
vt 0.000000 0.000000
vt 0.000000 0.000000
vt 0.000000 0.000000
vt 0.000000 0.000000
vt 0.000000 0.000000
vt 0.000000 0.000000
vt 0.000000 0.000000
vt 0.000000 0.000000
vt 0.000000 0.000000
vt 0.000000 0.000000
vt 0.000000 0.000000
vt 0.000000 0.000000
vt 0.000000 0.000000
vt 0.000000 0.000000
vt 0.000000 0.000000
vt 0.000000 0.000000
vt 0.000000 0.000000
vt 0.000000 0.000000
vt 0.000000 0.000000
vt 0.000000 0.000000
vt 0.000000 0.000000
vt 0.000000 0.000000
vt 0.000000 0.000000
vt 0.000000 0.000000
vt 0.000000 0.000000
vt 0.000000 0.000000
vt 0.000000 0.000000
vt 0.000000 0.000000
vt 0.000000 0.000000
vt 0.000000 0.000000
vt 0.000000 0.000000
vt 0.000000 0.000000
vt 0.000000 0.000000
vt 0.000000 0.000000
vt 0.000000 0.000000
vt 0.000000 0.000000
vt 0.000000 0.000000
vt 0.000000 0.000000
vt 0.000000 0.000000
vt 0.000000 0.000000
vt 0.000000 0.000000
vt 0.000000 0.000000
vt 0.000000 0.000000
vt 0.000000 0.000000
vt 0.000000 0.000000
vt 0.000000 0.000000
vt 0.000000 0.000000
vt 0.000000 0.000000
vt 0.000000 0.000000
vt 0.000000 0.000000
vt 0.000000 0.000000
vt 0.000000 0.000000
vt 0.000000 0.000000
vt 0.000000 0.000000
vt 0.000000 0.000000
vt 0.000000 0.000000
vt 0.000000 0.000000
vt 0.000000 0.000000
vt 0.000000 0.000000
vt 0.000000 0.000000
vt 0.000000 0.000000
vt 0.000000 0.000000
vt 0.000000 0.000000
vt 0.000000 0.000000
vt 0.000000 0.000000
vt 0.000000 0.000000
vt 0.000000 0.000000
vt 0.000000 0.000000
vt 0.000000 0.000000
vt 0.000000 0.000000
vt 0.000000 0.000000
vt 0.000000 0.000000
vt 0.000000 0.000000
vt 0.000000 0.000000
vt 0.000000 0.000000
vt 0.000000 0.000000
vt 0.000000 0.000000
vt 0.000000 0.000000
vt 0.000000 0.000000
vt 0.000000 0.000000
vt 0.000000 0.000000
vt 0.000000 0.000000
vt 0.000000 0.000000
vt 0.000000 0.000000
vt 0.000000 0.000000
vt 0.000000 0.000000
vt 0.000000 0.000000
vt 0.000000 0.000000
vt 0.000000 0.000000
vt 0.000000 0.000000
vt 0.000000 0.000000
vt 0.000000 0.000000
vt 0.000000 0.000000
vt 0.000000 0.000000
vt 0.000000 0.000000
vt 0.000000 0.000000
vt 0.000000 0.000000
vt 0.000000 0.000000
vt 0.000000 0.000000
vt 0.000000 0.000000
vt 0.000000 0.000000
vt 0.000000 0.000000
vt 0.000000 0.000000
vt 0.000000 0.000000
vt 0.000000 0.000000
vt 0.000000 0.000000
vt 0.000000 0.000000
vt 0.000000 0.000000
vt 0.000000 0.000000
vt 0.000000 0.000000
vt 0.000000 0.000000
vt 0.000000 0.000000
vt 0.000000 0.000000
vt 0.000000 0.000000
vt 0.000000 0.000000
vt 0.000000 0.000000
vt 0.000000 0.000000
vt 0.000000 0.000000
vt 0.000000 0.000000
vt 0.000000 0.000000
vt 0.000000 0.000000
vt 0.000000 0.000000
vt 0.000000 0.000000
vt 0.000000 0.000000
vt 0.000000 0.000000
vt 0.000000 0.000000
vt 0.000000 0.000000
vt 0.000000 0.000000
vt 0.000000 0.000000
vt 0.000000 0.000000
vt 0.000000 0.000000
vt 0.000000 0.000000
vt 0.000000 0.000000
vt 0.000000 0.000000
vt 0.000000 0.000000
vt 0.000000 0.000000
vt 0.000000 0.000000
vt 0.000000 0.000000
vt 0.000000 0.000000
vt 0.000000 0.000000
vt 0.000000 0.000000
vt 0.000000 0.000000
vt 0.000000 0.000000
vt 0.000000 0.000000
vt 0.000000 0.000000
vt 0.000000 0.000000
vt 0.000000 0.000000
vt 0.000000 0.000000
vt 0.000000 0.000000
vt 0.000000 0.000000
vt 0.000000 0.000000
vt 0.000000 0.000000
vt 0.000000 0.000000
vt 0.000000 0.000000
vt 0.000000 0.000000
vt 0.000000 0.000000
vt 0.000000 0.000000
vt 0.000000 0.000000
vt 0.000000 0.000000
vt 0.000000 0.000000
vt 0.000000 0.000000
vt 0.000000 0.000000
vt 0.000000 0.000000
vt 0.000000 0.000000
vt 0.000000 0.000000
vt 0.000000 0.000000
vt 0.000000 0.000000
vt 0.000000 0.000000
vt 0.000000 0.000000
vt 0.000000 0.000000
vt 0.000000 0.000000
vt 0.000000 0.000000
vt 0.000000 0.000000
vt 0.000000 0.000000
vt 0.000000 0.000000
vt 0.000000 0.000000
vt 0.000000 0.000000
vt 0.000000 0.000000
vt 0.000000 0.000000
vt 0.000000 0.000000
vt 0.000000 0.000000
vt 0.000000 0.000000
vt 0.000000 0.000000
vt 0.000000 0.000000
vt 0.000000 0.000000
vt 0.000000 0.000000
vt 0.000000 0.000000
vt 0.000000 0.000000
vt 0.000000 0.000000
vt 0.000000 0.000000
vt 0.000000 0.000000
vt 0.000000 0.000000
vt 0.000000 0.000000
vt 0.000000 0.000000
vt 0.000000 0.000000
vt 0.000000 0.000000
vt 0.000000 0.000000
vt 0.000000 0.000000
vt 0.000000 0.000000
vt 0.000000 0.000000
vt 0.000000 0.000000
vt 0.000000 0.000000
vt 0.000000 0.000000
vt 0.000000 0.000000
vt 0.000000 0.000000
vt 0.000000 0.000000
vt 0.000000 0.000000
vt 0.000000 0.000000
vt 0.000000 0.000000
vt 0.000000 0.000000
vt 0.000000 0.000000
vt 0.000000 0.000000
vt 0.000000 0.000000
vt 0.000000 0.000000
vt 0.000000 0.000000
vt 0.000000 0.000000
vt 0.000000 0.000000
vt 0.000000 0.000000
vt 0.000000 0.000000
vt 0.000000 0.000000
vt 0.000000 0.000000
vt 0.000000 0.000000
vt 0.000000 0.000000
vt 0.000000 0.000000
vt 0.000000 0.000000
vt 0.000000 0.000000
vt 0.000000 0.000000
vt 0.000000 0.000000
vt 0.000000 0.000000
vt 0.000000 0.000000
vt 0.000000 0.000000
vt 0.000000 0.000000
vt 0.000000 0.000000
vt 0.000000 0.000000
vt 0.000000 0.000000
vt 0.000000 0.000000
vt 0.000000 0.000000
vt 0.000000 0.000000
vt 0.000000 0.000000
vt 0.000000 0.000000
vt 0.000000 0.000000
vt 0.000000 0.000000
vt 0.000000 0.000000
vt 0.000000 0.000000
vt 0.000000 0.000000
vt 0.000000 0.000000
vt 0.000000 0.000000
vt 0.000000 0.000000
vt 0.000000 0.000000
vt 0.000000 0.000000
vt 0.000000 0.000000
vt 0.000000 0.000000
vt 0.000000 0.000000
vt 0.000000 0.000000
vt 0.000000 0.000000
vt 0.000000 0.000000
vt 0.000000 0.000000
vt 0.000000 0.000000
vt 0.000000 0.000000
vt 0.000000 0.000000
vt 0.000000 0.000000
vt 0.000000 0.000000
vt 0.000000 0.000000
vt 0.000000 0.000000
vt 0.000000 0.000000
vt 0.000000 0.000000
vt 0.000000 0.000000
vt 0.000000 0.000000
vt 0.000000 0.000000
vt 0.000000 0.000000
vt 0.000000 0.000000
vt 0.000000 0.000000
vt 0.000000 0.000000
vt 0.000000 0.000000
vt 0.000000 0.000000
vt 0.000000 0.000000
vt 0.000000 0.000000
vt 0.000000 0.000000
vt 0.000000 0.000000
vt 0.000000 0.000000
vt 0.000000 0.000000
vt 0.000000 0.000000
vt 0.000000 0.000000
vt 0.000000 0.000000
vt 0.000000 0.000000
vt 0.000000 0.000000
vt 0.000000 0.000000
vt 0.000000 0.000000
vt 0.000000 0.000000
vt 0.000000 0.000000
vt 0.000000 0.000000
vt 0.000000 0.000000
vt 0.000000 0.000000
vt 0.000000 0.000000
vt 0.000000 0.000000
vt 0.000000 0.000000
vt 0.000000 0.000000
vt 0.000000 0.000000
vt 0.000000 0.000000
vt 0.000000 0.000000
vt 0.000000 0.000000
vt 0.000000 0.000000
vt 0.000000 0.000000
vt 0.000000 0.000000
vt 0.000000 0.000000
vt 0.000000 0.000000
vt 0.000000 0.000000
vt 0.000000 0.000000
vt 0.000000 0.000000
vt 0.000000 0.000000
vt 0.000000 0.000000
vt 0.000000 0.000000
vt 0.000000 0.000000
vt 0.000000 0.000000
vt 0.000000 0.000000
vt 0.000000 0.000000
vt 0.000000 0.000000
vt 0.000000 0.000000
vt 0.000000 0.000000
vt 0.000000 0.000000
vt 0.000000 0.000000
vt 0.000000 0.000000
vt 0.000000 0.000000
vt 0.000000 0.000000
vt 0.000000 0.000000
vt 0.000000 0.000000
vt 0.000000 0.000000
vt 0.000000 0.000000
vt 0.000000 0.000000
vt 0.000000 0.000000
vt 0.000000 0.000000
vt 0.000000 0.000000
vt 0.000000 0.000000
vt 0.000000 0.000000
vt 0.000000 0.000000
vt 0.000000 0.000000
vt 0.000000 0.000000
vt 0.000000 0.000000
vt 0.000000 0.000000
vt 0.000000 0.000000
vt 0.000000 0.000000
vt 0.000000 0.000000
vt 0.000000 0.000000
vt 0.000000 0.000000
vt 0.000000 0.000000
vt 0.000000 0.000000
vt 0.000000 0.000000
vt 0.000000 0.000000
vt 0.000000 0.000000
vt 0.000000 0.000000
vt 0.000000 0.000000
vt 0.000000 0.000000
vt 0.000000 0.000000
vt 0.000000 0.000000
vt 0.000000 0.000000
vt 0.000000 0.000000
vt 0.000000 0.000000
vt 0.000000 0.000000
vt 0.000000 0.000000
vt 0.000000 0.000000
vt 0.000000 0.000000
vt 0.000000 0.000000
vt 0.000000 0.000000
vt 0.000000 0.000000
vt 0.000000 0.000000
vt 0.000000 0.000000
vt 0.000000 0.000000
vt 0.000000 0.000000
vt 0.000000 0.000000
vt 0.000000 0.000000
vt 0.000000 0.000000
vt 0.000000 0.000000
vt 0.000000 0.000000
vt 0.000000 0.000000
vt 0.000000 0.000000
vt 0.000000 0.000000
vt 0.000000 0.000000
vt 0.000000 0.000000
vt 0.000000 0.000000
vt 0.000000 0.000000
vt 0.000000 0.000000
vt 0.000000 0.000000
vt 0.000000 0.000000
vt 0.000000 0.000000
vt 0.000000 0.000000
vt 0.000000 0.000000
vt 0.000000 0.000000
vt 0.000000 0.000000
vt 0.000000 0.000000
vt 0.000000 0.000000
vt 0.000000 0.000000
vt 0.000000 0.000000
vt 0.000000 0.000000
vt 0.000000 0.000000
vt 0.000000 0.000000
vt 0.000000 0.000000
vt 0.000000 0.000000
vt 0.000000 0.000000
vt 0.000000 0.000000
vt 0.000000 0.000000
vt 0.000000 0.000000
vt 0.000000 0.000000
vt 0.000000 0.000000
vt 0.000000 0.000000
vt 0.000000 0.000000
vt 0.000000 0.000000
vt 0.000000 0.000000
vt 0.000000 0.000000
vt 0.000000 0.000000
vt 0.000000 0.000000
vt 0.000000 0.000000
vt 0.000000 0.000000
vt 0.000000 0.000000
vt 0.000000 0.000000
vt 0.000000 0.000000
vt 0.000000 0.000000
vt 0.000000 0.000000
vt 0.000000 0.000000
vt 0.000000 0.000000
vt 0.000000 0.000000
vt 0.000000 0.000000
vt 0.000000 0.000000
vt 0.000000 0.000000
vt 0.000000 0.000000
vt 0.000000 0.000000
vt 0.000000 0.000000
vt 0.000000 0.000000
vt 0.000000 0.000000
vt 0.000000 0.000000
vt 0.000000 0.000000
vt 0.000000 0.000000
vt 0.000000 0.000000
vt 0.000000 0.000000
vt 0.000000 0.000000
vt 0.000000 0.000000
vt 0.000000 0.000000
vt 0.000000 0.000000
vt 0.000000 0.000000
vt 0.000000 0.000000
vt 0.000000 0.000000
vt 0.000000 0.000000
vt 0.000000 0.000000
vt 0.000000 0.000000
vt 0.000000 0.000000
vt 0.000000 0.000000
vt 0.000000 0.000000
vt 0.000000 0.000000
vt 0.000000 0.000000
vt 0.000000 0.000000
vt 0.000000 0.000000
vt 0.000000 0.000000
vt 0.000000 0.000000
vt 0.000000 0.000000
vt 0.000000 0.000000
vt 0.000000 0.000000
vt 0.000000 0.000000
vt 0.000000 0.000000
vt 0.000000 0.000000
vt 0.000000 0.000000
vt 0.000000 0.000000
vt 0.000000 0.000000
vt 0.000000 0.000000
vt 0.000000 0.000000
vt 0.000000 0.000000
vt 0.000000 0.000000
vt 0.000000 0.000000
vt 0.000000 0.000000
vt 0.000000 0.000000
vt 0.000000 0.000000
vt 0.000000 0.000000
vt 0.000000 0.000000
vt 0.000000 0.000000
vt 0.000000 0.000000
vt 0.000000 0.000000
vt 0.000000 0.000000
vt 0.000000 0.000000
vt 0.000000 0.000000
vt 0.000000 0.000000
vt 0.000000 0.000000
vt 0.000000 0.000000
vt 0.000000 0.000000
vt 0.000000 0.000000
vt 0.000000 0.000000
vt 0.000000 0.000000
vt 0.000000 0.000000
vt 0.000000 0.000000
vt 0.000000 0.000000
vt 0.000000 0.000000
vt 0.000000 0.000000
vt 0.000000 0.000000
vt 0.000000 0.000000
vt 0.000000 0.000000
vt 0.000000 0.000000
vt 0.000000 0.000000
vt 0.000000 0.000000
vt 0.000000 0.000000
vt 0.000000 0.000000
vt 0.000000 0.000000
vt 0.000000 0.000000
vt 0.000000 0.000000
vt 0.000000 0.000000
vt 0.000000 0.000000
vt 0.000000 0.000000
vt 0.000000 0.000000
vt 0.000000 0.000000
vt 0.000000 0.000000
vt 0.000000 0.000000
vt 0.000000 0.000000
vt 0.000000 0.000000
vt 0.000000 0.000000
vt 0.000000 0.000000
vt 0.000000 0.000000
vt 0.000000 0.000000
vt 0.000000 0.000000
vt 0.000000 0.000000
vt 0.000000 0.000000
vt 0.000000 0.000000
vt 0.000000 0.000000
vt 0.000000 0.000000
vt 0.000000 0.000000
vt 0.000000 0.000000
vt 0.000000 0.000000
vt 0.000000 0.000000
vt 0.000000 0.000000
vt 0.000000 0.000000
vt 0.000000 0.000000
vt 0.000000 0.000000
vt 0.000000 0.000000
vt 0.000000 0.000000
vt 0.000000 0.000000
vt 0.000000 0.000000
vt 0.000000 0.000000
vt 0.000000 0.000000
vt 0.000000 0.000000
vt 0.000000 0.000000
vt 0.000000 0.000000
vt 0.000000 0.000000
vt 0.000000 0.000000
vt 0.000000 0.000000
vt 0.000000 0.000000
vt 0.000000 0.000000
vt 0.000000 0.000000
vt 0.000000 0.000000
vt 0.000000 0.000000
vt 0.000000 0.000000
vt 0.000000 0.000000
vt 0.000000 0.000000
vt 0.000000 0.000000
vt 0.000000 0.000000
vt 0.000000 0.000000
vt 0.000000 0.000000
vt 0.000000 0.000000
vt 0.000000 0.000000
vt 0.000000 0.000000
vt 0.000000 0.000000
vt 0.000000 0.000000
vt 0.000000 0.000000
vt 0.000000 0.000000
vt 0.000000 0.000000
vt 0.000000 0.000000
vt 0.000000 0.000000
vt 0.000000 0.000000
vt 0.000000 0.000000
vt 0.000000 0.000000
vt 0.000000 0.000000
vt 0.000000 0.000000
vt 0.000000 0.000000
vt 0.000000 0.000000
vt 0.000000 0.000000
vt 0.000000 0.000000
vt 0.000000 0.000000
vt 0.000000 0.000000
vt 0.000000 0.000000
vt 0.000000 0.000000
vt 0.000000 0.000000
vt 0.000000 0.000000
vt 0.000000 0.000000
vt 0.000000 0.000000
vt 0.000000 0.000000
vt 0.000000 0.000000
vt 0.000000 0.000000
vt 0.000000 0.000000
vt 0.000000 0.000000
vt 0.000000 0.000000
vt 0.000000 0.000000
vt 0.000000 0.000000
vt 0.000000 0.000000
vt 0.000000 0.000000
vt 0.000000 0.000000
vt 0.000000 0.000000
vt 0.000000 0.000000
vt 0.000000 0.000000
vt 0.000000 0.000000
vt 0.000000 0.000000
vt 0.000000 0.000000
vt 0.000000 0.000000
vt 0.000000 0.000000
vt 0.000000 0.000000
vt 0.000000 0.000000
vt 0.000000 0.000000
vt 0.000000 0.000000
vt 0.000000 0.000000
vt 0.000000 0.000000
vt 0.000000 0.000000
vt 0.000000 0.000000
vt 0.000000 0.000000
vt 0.000000 0.000000
vt 0.000000 0.000000
vt 0.000000 0.000000
vt 0.000000 0.000000
vt 0.000000 0.000000
vt 0.000000 0.000000
vt 0.000000 0.000000
vt 0.000000 0.000000
vt 0.000000 0.000000
vt 0.000000 0.000000
vt 0.000000 0.000000
vt 0.000000 0.000000
vt 0.000000 0.000000
vt 0.000000 0.000000
vt 0.000000 0.000000
vt 0.000000 0.000000
vt 0.000000 0.000000
vt 0.000000 0.000000
vt 0.000000 0.000000
vt 0.000000 0.000000
vt 0.000000 0.000000
vt 0.000000 0.000000
vt 0.000000 0.000000
vt 0.000000 0.000000
vt 0.000000 0.000000
vt 0.000000 0.000000
vt 0.000000 0.000000
vt 0.000000 0.000000
vt 0.000000 0.000000
vt 0.000000 0.000000
vt 0.000000 0.000000
vt 0.000000 0.000000
vt 0.000000 0.000000
vt 0.000000 0.000000
vt 0.000000 0.000000
vt 0.000000 0.000000
vt 0.000000 0.000000
vt 0.000000 0.000000
vt 0.000000 0.000000
vt 0.000000 0.000000
vt 0.000000 0.000000
vt 0.000000 0.000000
vt 0.000000 0.000000
vt 0.000000 0.000000
vt 0.000000 0.000000
vt 0.000000 0.000000
vt 0.000000 0.000000
vt 0.000000 0.000000
vt 0.000000 0.000000
vt 0.000000 0.000000
vt 0.000000 0.000000
vt 0.000000 0.000000
vt 0.000000 0.000000
vt 0.000000 0.000000
vt 0.000000 0.000000
vt 0.000000 0.000000
vt 0.000000 0.000000
vt 0.000000 0.000000
vt 0.000000 0.000000
vt 0.000000 0.000000
vt 0.000000 0.000000
vt 0.000000 0.000000
vt 0.000000 0.000000
vt 0.000000 0.000000
vt 0.000000 0.000000
vt 0.000000 0.000000
vt 0.000000 0.000000
vt 0.000000 0.000000
vt 0.000000 0.000000
vt 0.000000 0.000000
vt 0.000000 0.000000
vt 0.000000 0.000000
vt 0.000000 0.000000
vt 0.000000 0.000000
vt 0.000000 0.000000
vt 0.000000 0.000000
vt 0.000000 0.000000
vt 0.000000 0.000000
vt 0.000000 0.000000
vt 0.000000 0.000000
vt 0.000000 0.000000
vt 0.000000 0.000000
vt 0.000000 0.000000
vt 0.000000 0.000000
vt 0.000000 0.000000
vt 0.000000 0.000000
vt 0.000000 0.000000
vt 0.000000 0.000000
vt 0.000000 0.000000
vt 0.000000 0.000000
vt 0.000000 0.000000
vt 0.000000 0.000000
vt 0.000000 0.000000
vt 0.000000 0.000000
vt 0.000000 0.000000
vt 0.000000 0.000000
vt 0.000000 0.000000
vt 0.000000 0.000000
vt 0.000000 0.000000
vt 0.000000 0.000000
vt 0.000000 0.000000
vt 0.000000 0.000000
vt 0.000000 0.000000
vt 0.000000 0.000000
vt 0.000000 0.000000
vt 0.000000 0.000000
vt 0.000000 0.000000
vt 0.000000 0.000000
vt 0.000000 0.000000
vt 0.000000 0.000000
vt 0.000000 0.000000
vt 0.000000 0.000000
vt 0.000000 0.000000
vt 0.000000 0.000000
vt 0.000000 0.000000
vt 0.000000 0.000000
vt 0.000000 0.000000
vt 0.000000 0.000000
vt 0.000000 0.000000
vt 0.000000 0.000000
vt 0.000000 0.000000
vt 0.000000 0.000000
vt 0.000000 0.000000
vt 0.000000 0.000000
vt 0.000000 0.000000
vt 0.000000 0.000000
vt 0.000000 0.000000
vt 0.000000 0.000000
vt 0.000000 0.000000
vt 0.000000 0.000000
vt 0.000000 0.000000
vt 0.000000 0.000000
vt 0.000000 0.000000
vt 0.000000 0.000000
vt 0.000000 0.000000
vt 0.000000 0.000000
vt 0.000000 0.000000
vt 0.000000 0.000000
vt 0.000000 0.000000
vt 0.000000 0.000000
vt 0.000000 0.000000
vt 0.000000 0.000000
vt 0.000000 0.000000
vt 0.000000 0.000000
vt 0.000000 0.000000
vt 0.000000 0.000000
vt 0.000000 0.000000
vt 0.000000 0.000000
vt 0.000000 0.000000
vt 0.000000 0.000000
vt 0.000000 0.000000
vt 0.000000 0.000000
vt 0.000000 0.000000
vt 0.000000 0.000000
vt 0.000000 0.000000
vt 0.000000 0.000000
vt 0.000000 0.000000
vt 0.000000 0.000000
vt 0.000000 0.000000
vt 0.000000 0.000000
vt 0.000000 0.000000
vt 0.000000 0.000000
vt 0.000000 0.000000
vt 0.000000 0.000000
vt 0.000000 0.000000
vt 0.000000 0.000000
vt 0.000000 0.000000
vt 0.000000 0.000000
vt 0.000000 0.000000
vt 0.000000 0.000000
vt 0.000000 0.000000
vt 0.000000 0.000000
vt 0.000000 0.000000
vt 0.000000 0.000000
vt 0.000000 0.000000
vt 0.000000 0.000000
vt 0.000000 0.000000
vt 0.000000 0.000000
vt 0.000000 0.000000
vt 0.000000 0.000000
vt 0.000000 0.000000
vt 0.000000 0.000000
vt 0.000000 0.000000
vt 0.000000 0.000000
vt 0.000000 0.000000
vt 0.000000 0.000000
vt 0.000000 0.000000
vt 0.000000 0.000000
vt 0.000000 0.000000
vt 0.000000 0.000000
vt 0.000000 0.000000
vt 0.000000 0.000000
vt 0.000000 0.000000
vt 0.000000 0.000000
vt 0.000000 0.000000
vt 0.000000 0.000000
vt 0.000000 0.000000
vt 0.000000 0.000000
vt 0.000000 0.000000
vt 0.000000 0.000000
vt 0.000000 0.000000
vt 0.000000 0.000000
vt 0.000000 0.000000
vt 0.000000 0.000000
vt 0.000000 0.000000
vt 0.000000 0.000000
vt 0.000000 0.000000
vt 0.000000 0.000000
vt 0.000000 0.000000
vt 0.000000 0.000000
vt 0.000000 0.000000
vt 0.000000 0.000000
vt 0.000000 0.000000
vt 0.000000 0.000000
vt 0.000000 0.000000
vt 0.000000 0.000000
vt 0.000000 0.000000
vt 0.000000 0.000000
vt 0.000000 0.000000
vt 0.000000 0.000000
vt 0.000000 0.000000
vt 0.000000 0.000000
vt 0.000000 0.000000
vt 0.000000 0.000000
vt 0.000000 0.000000
vt 0.000000 0.000000
vt 0.000000 0.000000
vt 0.000000 0.000000
vt 0.000000 0.000000
vt 0.000000 0.000000
vt 0.000000 0.000000
vt 0.000000 0.000000
vt 0.000000 0.000000
vt 0.000000 0.000000
vt 0.000000 0.000000
vt 0.000000 0.000000
vt 0.000000 0.000000
vt 0.000000 0.000000
vt 0.000000 0.000000
vt 0.000000 0.000000
vt 0.000000 0.000000
vt 0.000000 0.000000
vt 0.000000 0.000000
vt 0.000000 0.000000
vt 0.000000 0.000000
vt 0.000000 0.000000
vt 0.000000 0.000000
vt 0.000000 0.000000
vt 0.000000 0.000000
vt 0.000000 0.000000
vt 0.000000 0.000000
vt 0.000000 0.000000
vt 0.000000 0.000000
vt 0.000000 0.000000
vt 0.000000 0.000000
vt 0.000000 0.000000
vt 0.000000 0.000000
vt 0.000000 0.000000
vt 0.000000 0.000000
vt 0.000000 0.000000
vt 0.000000 0.000000
vt 0.000000 0.000000
vt 0.000000 0.000000
vt 0.000000 0.000000
vt 0.000000 0.000000
vt 0.000000 0.000000
vt 0.000000 0.000000
vt 0.000000 0.000000
vt 0.000000 0.000000
vt 0.000000 0.000000
vt 0.000000 0.000000
vt 0.000000 0.000000
vt 0.000000 0.000000
vt 0.000000 0.000000
vt 0.000000 0.000000
vt 0.000000 0.000000
vt 0.000000 0.000000
vt 0.000000 0.000000
vt 0.000000 0.000000
vt 0.000000 0.000000
vt 0.000000 0.000000
vt 0.000000 0.000000
vt 0.000000 0.000000
vt 0.000000 0.000000
vt 0.000000 0.000000
vt 0.000000 0.000000
vt 0.000000 0.000000
vt 0.000000 0.000000
vt 0.000000 0.000000
vt 0.000000 0.000000
vt 0.000000 0.000000
vt 0.000000 0.000000
vt 0.000000 0.000000
vt 0.000000 0.000000
vt 0.000000 0.000000
vt 0.000000 0.000000
vt 0.000000 0.000000
vt 0.000000 0.000000
vt 0.000000 0.000000
vt 0.000000 0.000000
vt 0.000000 0.000000
vt 0.000000 0.000000
vt 0.000000 0.000000
vt 0.000000 0.000000
vt 0.000000 0.000000
vt 0.000000 0.000000
vt 0.000000 0.000000
vt 0.000000 0.000000
vt 0.000000 0.000000
vt 0.000000 0.000000
vt 0.000000 0.000000
vt 0.000000 0.000000
vt 0.000000 0.000000
vt 0.000000 0.000000
vt 0.000000 0.000000
vt 0.000000 0.000000
vt 0.000000 0.000000
vt 0.000000 0.000000
vt 0.000000 0.000000
vt 0.000000 0.000000
vt 0.000000 0.000000
vt 0.000000 0.000000
vt 0.000000 0.000000
vt 0.000000 0.000000
vt 0.000000 0.000000
vt 0.000000 0.000000
vt 0.000000 0.000000
vt 0.000000 0.000000
vt 0.000000 0.000000
vt 0.000000 0.000000
vt 0.000000 0.000000
vt 0.000000 0.000000
vt 0.000000 0.000000
vt 0.000000 0.000000
vt 0.000000 0.000000
vt 0.000000 0.000000
vt 0.000000 0.000000
vt 0.000000 0.000000
vt 0.000000 0.000000
vt 0.000000 0.000000
vt 0.000000 0.000000
vt 0.000000 0.000000
vt 0.000000 0.000000
vt 0.000000 0.000000
vt 0.000000 0.000000
vt 0.000000 0.000000
vt 0.000000 0.000000
vt 0.000000 0.000000
vt 0.000000 0.000000
vt 0.000000 0.000000
vt 0.000000 0.000000
vt 0.000000 0.000000
vt 0.000000 0.000000
vt 0.000000 0.000000
vt 0.000000 0.000000
vt 0.000000 0.000000
vt 0.000000 0.000000
vt 0.000000 0.000000
vt 0.000000 0.000000
vt 0.000000 0.000000
vt 0.000000 0.000000
vt 0.000000 0.000000
vt 0.000000 0.000000
vt 0.000000 0.000000
vt 0.000000 0.000000
vt 0.000000 0.000000
vt 0.000000 0.000000
vt 0.000000 0.000000
vt 0.000000 0.000000
vt 0.000000 0.000000
vt 0.000000 0.000000
vt 0.000000 0.000000
vt 0.000000 0.000000
vt 0.000000 0.000000
vt 0.000000 0.000000
vt 0.000000 0.000000
vt 0.000000 0.000000
vt 0.000000 0.000000
vt 0.000000 0.000000
vt 0.000000 0.000000
vt 0.000000 0.000000
vt 0.000000 0.000000
vt 0.000000 0.000000
vt 0.000000 0.000000
vt 0.000000 0.000000
vt 0.000000 0.000000
vt 0.000000 0.000000
vt 0.000000 0.000000
vt 0.000000 0.000000
vt 0.000000 0.000000
vt 0.000000 0.000000
vt 0.000000 0.000000
vt 0.000000 0.000000
vt 0.000000 0.000000
vt 0.000000 0.000000
vt 0.000000 0.000000
vt 0.000000 0.000000
vt 0.000000 0.000000
vt 0.000000 0.000000
vt 0.000000 0.000000
vt 0.000000 0.000000
vt 0.000000 0.000000
vt 0.000000 0.000000
vt 0.000000 0.000000
vt 0.000000 0.000000
vt 0.000000 0.000000
vt 0.000000 0.000000
vt 0.000000 0.000000
vt 0.000000 0.000000
vt 0.000000 0.000000
vt 0.000000 0.000000
vt 0.000000 0.000000
vt 0.000000 0.000000
vt 0.000000 0.000000
vt 0.000000 0.000000
vt 0.000000 0.000000
vt 0.000000 0.000000
vt 0.000000 0.000000
vt 0.000000 0.000000
vt 0.000000 0.000000
vt 0.000000 0.000000
vt 0.000000 0.000000
vt 0.000000 0.000000
vt 0.000000 0.000000
vt 0.000000 0.000000
vt 0.000000 0.000000
vt 0.000000 0.000000
vt 0.000000 0.000000
vt 0.000000 0.000000
vt 0.000000 0.000000
vt 0.000000 0.000000
vt 0.000000 0.000000
vt 0.000000 0.000000
vt 0.000000 0.000000
vt 0.000000 0.000000
vt 0.000000 0.000000
vt 0.000000 0.000000
vt 0.000000 0.000000
vt 0.000000 0.000000
vt 0.000000 0.000000
vt 0.000000 0.000000
vt 0.000000 0.000000
vt 0.000000 0.000000
vt 0.000000 0.000000
vt 0.000000 0.000000
vt 0.000000 0.000000
vt 0.000000 0.000000
vt 0.000000 0.000000
vt 0.000000 0.000000
vt 0.000000 0.000000
vt 0.000000 0.000000
vt 0.000000 0.000000
vt 0.000000 0.000000
vt 0.000000 0.000000
vt 0.000000 0.000000
vt 0.000000 0.000000
vt 0.000000 0.000000
vt 0.000000 0.000000
vt 0.000000 0.000000
vt 0.000000 0.000000
vt 0.000000 0.000000
vt 0.000000 0.000000
vt 0.000000 0.000000
vt 0.000000 0.000000
vt 0.000000 0.000000
vt 0.000000 0.000000
vt 0.000000 0.000000
vt 0.000000 0.000000
vt 0.000000 0.000000
vt 0.000000 0.000000
vt 0.000000 0.000000
vt 0.000000 0.000000
vt 0.000000 0.000000
vt 0.000000 0.000000
vt 0.000000 0.000000
vt 0.000000 0.000000
vt 0.000000 0.000000
vt 0.000000 0.000000
vt 0.000000 0.000000
vt 0.000000 0.000000
vt 0.000000 0.000000
vt 0.000000 0.000000
vt 0.000000 0.000000
vt 0.000000 0.000000
vt 0.000000 0.000000
vt 0.000000 0.000000
vt 0.000000 0.000000
vt 0.000000 0.000000
vt 0.000000 0.000000
vt 0.000000 0.000000
vt 0.000000 0.000000
vt 0.000000 0.000000
vt 0.000000 0.000000
vt 0.000000 0.000000
vt 0.000000 0.000000
vt 0.000000 0.000000
vt 0.000000 0.000000
vt 0.000000 0.000000
vt 0.000000 0.000000
vt 0.000000 0.000000
vt 0.000000 0.000000
vt 0.000000 0.000000
vt 0.000000 0.000000
vt 0.000000 0.000000
vt 0.000000 0.000000
vt 0.000000 0.000000
vt 0.000000 0.000000
vt 0.000000 0.000000
vt 0.000000 0.000000
vt 0.000000 0.000000
vt 0.000000 0.000000
vt 0.000000 0.000000
vt 0.000000 0.000000
vt 0.000000 0.000000
vt 0.000000 0.000000
vt 0.000000 0.000000
vt 0.000000 0.000000
vt 0.000000 0.000000
vt 0.000000 0.000000
vt 0.000000 0.000000
vt 0.000000 0.000000
vt 0.000000 0.000000
vt 0.000000 0.000000
vt 0.000000 0.000000
vt 0.000000 0.000000
vt 0.000000 0.000000
vt 0.000000 0.000000
vt 0.000000 0.000000
vt 0.000000 0.000000
vt 0.000000 0.000000
vt 0.000000 0.000000
vt 0.000000 0.000000
vt 0.000000 0.000000
vt 0.000000 0.000000
vt 0.000000 0.000000
vt 0.000000 0.000000
vt 0.000000 0.000000
vt 0.000000 0.000000
vt 0.000000 0.000000
vt 0.000000 0.000000
vt 0.000000 0.000000
vt 0.000000 0.000000
vt 0.000000 0.000000
vt 0.000000 0.000000
vt 0.000000 0.000000
vt 0.000000 0.000000
vt 0.000000 0.000000
vt 0.000000 0.000000
vt 0.000000 0.000000
vt 0.000000 0.000000
vt 0.000000 0.000000
vt 0.000000 0.000000
vt 0.000000 0.000000
vt 0.000000 0.000000
vt 0.000000 0.000000
vt 0.000000 0.000000
vt 0.000000 0.000000
vt 0.000000 0.000000
vt 0.000000 0.000000
vt 0.000000 0.000000
vt 0.000000 0.000000
vt 0.000000 0.000000
vt 0.000000 0.000000
vt 0.000000 0.000000
vt 0.000000 0.000000
vt 0.000000 0.000000
vt 0.000000 0.000000
vt 0.000000 0.000000
vt 0.000000 0.000000
vt 0.000000 0.000000
vt 0.000000 0.000000
vt 0.000000 0.000000
vt 0.000000 0.000000
vt 0.000000 0.000000
vt 0.000000 0.000000
vt 0.000000 0.000000
vt 0.000000 0.000000
vt 0.000000 0.000000
vt 0.000000 0.000000
vt 0.000000 0.000000
vt 0.000000 0.000000
vt 0.000000 0.000000
vt 0.000000 0.000000
vt 0.000000 0.000000
vt 0.000000 0.000000
vt 0.000000 0.000000
vt 0.000000 0.000000
vt 0.000000 0.000000
vt 0.000000 0.000000
vt 0.000000 0.000000
vt 0.000000 0.000000
vt 0.000000 0.000000
vt 0.000000 0.000000
vt 0.000000 0.000000
vt 0.000000 0.000000
vt 0.000000 0.000000
vt 0.000000 0.000000
vt 0.000000 0.000000
vt 0.000000 0.000000
vt 0.000000 0.000000
vt 0.000000 0.000000
vt 0.000000 0.000000
vt 0.000000 0.000000
vt 0.000000 0.000000
vt 0.000000 0.000000
vt 0.000000 0.000000
vt 0.000000 0.000000
vt 0.000000 0.000000
vt 0.000000 0.000000
vt 0.000000 0.000000
vt 0.000000 0.000000
vt 0.000000 0.000000
vt 0.000000 0.000000
vt 0.000000 0.000000
vt 0.000000 0.000000
vt 0.000000 0.000000
vt 0.000000 0.000000
vt 0.000000 0.000000
vt 0.000000 0.000000
vt 0.000000 0.000000
vt 0.000000 0.000000
vt 0.000000 0.000000
vt 0.000000 0.000000
vt 0.000000 0.000000
vt 0.000000 0.000000
vt 0.000000 0.000000
vt 0.000000 0.000000
vt 0.000000 0.000000
vt 0.000000 0.000000
vt 0.000000 0.000000
vt 0.000000 0.000000
vt 0.000000 0.000000
vt 0.000000 0.000000
vt 0.000000 0.000000
vt 0.000000 0.000000
vt 0.000000 0.000000
vt 0.000000 0.000000
vt 0.000000 0.000000
vt 0.000000 0.000000
vt 0.000000 0.000000
vt 0.000000 0.000000
vt 0.000000 0.000000
vt 0.000000 0.000000
vt 0.000000 0.000000
vt 0.000000 0.000000
vt 0.000000 0.000000
vt 0.000000 0.000000
vt 0.000000 0.000000
vt 0.000000 0.000000
vt 0.000000 0.000000
vt 0.000000 0.000000
vt 0.000000 0.000000
vt 0.000000 0.000000
vt 0.000000 0.000000
vt 0.000000 0.000000
vt 0.000000 0.000000
vt 0.000000 0.000000
vt 0.000000 0.000000
vt 0.000000 0.000000
vt 0.000000 0.000000
vt 0.000000 0.000000
vt 0.000000 0.000000
vt 0.000000 0.000000
vt 0.000000 0.000000
vt 0.000000 0.000000
vt 0.000000 0.000000
vt 0.000000 0.000000
vt 0.000000 0.000000
vt 0.000000 0.000000
vt 0.000000 0.000000
vt 0.000000 0.000000
vt 0.000000 0.000000
vt 0.000000 0.000000
vt 0.000000 0.000000
vt 0.000000 0.000000
vt 0.000000 0.000000
vt 0.000000 0.000000
vt 0.000000 0.000000
vt 0.000000 0.000000
vt 0.000000 0.000000
vt 0.000000 0.000000
vt 0.000000 0.000000
vt 0.000000 0.000000
vt 0.000000 0.000000
vt 0.000000 0.000000
vt 0.000000 0.000000
vt 0.000000 0.000000
vt 0.000000 0.000000
vt 0.000000 0.000000
vt 0.000000 0.000000
vt 0.000000 0.000000
vt 0.000000 0.000000
vt 0.000000 0.000000
vt 0.000000 0.000000
vt 0.000000 0.000000
vt 0.000000 0.000000
vt 0.000000 0.000000
vt 0.000000 0.000000
vt 0.000000 0.000000
vt 0.000000 0.000000
vt 0.000000 0.000000
vt 0.000000 0.000000
vt 0.000000 0.000000
vt 0.000000 0.000000
vt 0.000000 0.000000
vt 0.000000 0.000000
vt 0.000000 0.000000
vt 0.000000 0.000000
vt 0.000000 0.000000
vt 0.000000 0.000000
vt 0.000000 0.000000
vt 0.000000 0.000000
vt 0.000000 0.000000
vt 0.000000 0.000000
vt 0.000000 0.000000
vt 0.000000 0.000000
vt 0.000000 0.000000
vt 0.000000 0.000000
vt 0.000000 0.000000
vt 0.000000 0.000000
vt 0.000000 0.000000
vt 0.000000 0.000000
vt 0.000000 0.000000
vt 0.000000 0.000000
vt 0.000000 0.000000
vt 0.000000 0.000000
vt 0.000000 0.000000
vt 0.000000 0.000000
vt 0.000000 0.000000
vt 0.000000 0.000000
vt 0.000000 0.000000
vt 0.000000 0.000000
vt 0.000000 0.000000
vt 0.000000 0.000000
vt 0.000000 0.000000
vt 0.000000 0.000000
vt 0.000000 0.000000
vt 0.000000 0.000000
vt 0.000000 0.000000
vt 0.000000 0.000000
vt 0.000000 0.000000
vt 0.000000 0.000000
vt 0.000000 0.000000
vt 0.000000 0.000000
vt 0.000000 0.000000
vt 0.000000 0.000000
vt 0.000000 0.000000
vt 0.000000 0.000000
vt 0.000000 0.000000
vt 0.000000 0.000000
vt 0.000000 0.000000
vt 0.000000 0.000000
vt 0.000000 0.000000
vt 0.000000 0.000000
vt 0.000000 0.000000
vt 0.000000 0.000000
vt 0.000000 0.000000
vt 0.000000 0.000000
vt 0.000000 0.000000
vt 0.000000 0.000000
vt 0.000000 0.000000
vt 0.000000 0.000000
vt 0.000000 0.000000
vt 0.000000 0.000000
vt 0.000000 0.000000
vt 0.000000 0.000000
vt 0.000000 0.000000
vt 0.000000 0.000000
vt 0.000000 0.000000
vt 0.000000 0.000000
vt 0.000000 0.000000
vt 0.000000 0.000000
vt 0.000000 0.000000
vt 0.000000 0.000000
vt 0.000000 0.000000
vt 0.000000 0.000000
vt 0.000000 0.000000
vt 0.000000 0.000000
vt 0.000000 0.000000
vt 0.000000 0.000000
vt 0.000000 0.000000
vt 0.000000 0.000000
vt 0.000000 0.000000
vt 0.000000 0.000000
vt 0.000000 0.000000
vt 0.000000 0.000000
vt 0.000000 0.000000
vt 0.000000 0.000000
vt 0.000000 0.000000
vt 0.000000 0.000000
vt 0.000000 0.000000
vt 0.000000 0.000000
vt 0.000000 0.000000
vt 0.000000 0.000000
vt 0.000000 0.000000
vt 0.000000 0.000000
vt 0.000000 0.000000
vt 0.000000 0.000000
vt 0.000000 0.000000
vt 0.000000 0.000000
vt 0.000000 0.000000
vt 0.000000 0.000000
vt 0.000000 0.000000
vt 0.000000 0.000000
vt 0.000000 0.000000
vt 0.000000 0.000000
vt 0.000000 0.000000
vt 0.000000 0.000000
vt 0.000000 0.000000
vt 0.000000 0.000000
vt 0.000000 0.000000
vt 0.000000 0.000000
vt 0.000000 0.000000
vt 0.000000 0.000000
vt 0.000000 0.000000
vt 0.000000 0.000000
vt 0.000000 0.000000
vt 0.000000 0.000000
vt 0.000000 0.000000
vt 0.000000 0.000000
vt 0.000000 0.000000
vt 0.000000 0.000000
vt 0.000000 0.000000
vt 0.000000 0.000000
vt 0.000000 0.000000
vt 0.000000 0.000000
vt 0.000000 0.000000
vt 0.000000 0.000000
vt 0.000000 0.000000
vt 0.000000 0.000000
vt 0.000000 0.000000
vt 0.000000 0.000000
vt 0.000000 0.000000
vt 0.000000 0.000000
vt 0.000000 0.000000
vt 0.000000 0.000000
vt 0.000000 0.000000
vt 0.000000 0.000000
vt 0.000000 0.000000
vt 0.000000 0.000000
vt 0.000000 0.000000
vt 0.000000 0.000000
vt 0.000000 0.000000
vt 0.000000 0.000000
vt 0.000000 0.000000
vt 0.000000 0.000000
vt 0.000000 0.000000
vt 0.000000 0.000000
vt 0.000000 0.000000
vt 0.000000 0.000000
vt 0.000000 0.000000
vt 0.000000 0.000000
vt 0.000000 0.000000
vt 0.000000 0.000000
vt 0.000000 0.000000
vt 0.000000 0.000000
vt 0.000000 0.000000
vt 0.000000 0.000000
vt 0.000000 0.000000
vt 0.000000 0.000000
vt 0.000000 0.000000
vt 0.000000 0.000000
vt 0.000000 0.000000
vt 0.000000 0.000000
vt 0.000000 0.000000
vt 0.000000 0.000000
vt 0.000000 0.000000
vt 0.000000 0.000000
vt 0.000000 0.000000
vt 0.000000 0.000000
vt 0.000000 0.000000
vt 0.000000 0.000000
vt 0.000000 0.000000
vt 0.000000 0.000000
vt 0.000000 0.000000
vt 0.000000 0.000000
vt 0.000000 0.000000
vt 0.000000 0.000000
vt 0.000000 0.000000
vt 0.000000 0.000000
vt 0.000000 0.000000
vt 0.000000 0.000000
vt 0.000000 0.000000
vt 0.000000 0.000000
vt 0.000000 0.000000
vt 0.000000 0.000000
vt 0.000000 0.000000
vt 0.000000 0.000000
vt 0.000000 0.000000
vt 0.000000 0.000000
vt 0.000000 0.000000
vt 0.000000 0.000000
vt 0.000000 0.000000
vt 0.000000 0.000000
vt 0.000000 0.000000
vt 0.000000 0.000000
vt 0.000000 0.000000
vt 0.000000 0.000000
vt 0.000000 0.000000
vt 0.000000 0.000000
vt 0.000000 0.000000
vt 0.000000 0.000000
vt 0.000000 0.000000
vt 0.000000 0.000000
vt 0.000000 0.000000
vt 0.000000 0.000000
vt 0.000000 0.000000
vt 0.000000 0.000000
vt 0.000000 0.000000
vt 0.000000 0.000000
vt 0.000000 0.000000
vt 0.000000 0.000000
vt 0.000000 0.000000
vt 0.000000 0.000000
vt 0.000000 0.000000
vt 0.000000 0.000000
vt 0.000000 0.000000
vt 0.000000 0.000000
vt 0.000000 0.000000
vt 0.000000 0.000000
vt 0.000000 0.000000
vt 0.000000 0.000000
vt 0.000000 0.000000
vt 0.000000 0.000000
vt 0.000000 0.000000
vt 0.000000 0.000000
vt 0.000000 0.000000
vt 0.000000 0.000000
vt 0.000000 0.000000
vt 0.000000 0.000000
vt 0.000000 0.000000
vt 0.000000 0.000000
vt 0.000000 0.000000
vt 0.000000 0.000000
vt 0.000000 0.000000
vt 0.000000 0.000000
vt 0.000000 0.000000
vt 0.000000 0.000000
vt 0.000000 0.000000
vt 0.000000 0.000000
vt 0.000000 0.000000
vt 0.000000 0.000000
vt 0.000000 0.000000
vt 0.000000 0.000000
vt 0.000000 0.000000
vt 0.000000 0.000000
vt 0.000000 0.000000
vt 0.000000 0.000000
vt 0.000000 0.000000
vt 0.000000 0.000000
vt 0.000000 0.000000
vt 0.000000 0.000000
vt 0.000000 0.000000
vt 0.000000 0.000000
vt 0.000000 0.000000
vt 0.000000 0.000000
vt 0.000000 0.000000
vt 0.000000 0.000000
vt 0.000000 0.000000
vt 0.000000 0.000000
vt 0.000000 0.000000
vt 0.000000 0.000000
vt 0.000000 0.000000
vt 0.000000 0.000000
vt 0.000000 0.000000
vt 0.000000 0.000000
vt 0.000000 0.000000
vt 0.000000 0.000000
vt 0.000000 0.000000
vt 0.000000 0.000000
vt 0.000000 0.000000
vt 0.000000 0.000000
vt 0.000000 0.000000
vt 0.000000 0.000000
vt 0.000000 0.000000
vt 0.000000 0.000000
vt 0.000000 0.000000
vt 0.000000 0.000000
vt 0.000000 0.000000
vt 0.000000 0.000000
vt 0.000000 0.000000
vt 0.000000 0.000000
vt 0.000000 0.000000
vt 0.000000 0.000000
vt 0.000000 0.000000
vt 0.000000 0.000000
vt 0.000000 0.000000
vt 0.000000 0.000000
vt 0.000000 0.000000
vt 0.000000 0.000000
vt 0.000000 0.000000
vt 0.000000 0.000000
vt 0.000000 0.000000
vt 0.000000 0.000000
vt 0.000000 0.000000
vt 0.000000 0.000000
vt 0.000000 0.000000
vt 0.000000 0.000000
vt 0.000000 0.000000
vt 0.000000 0.000000
vt 0.000000 0.000000
vt 0.000000 0.000000
vt 0.000000 0.000000
vt 0.000000 0.000000
vt 0.000000 0.000000
vt 0.000000 0.000000
vt 0.000000 0.000000
vt 0.000000 0.000000
vt 0.000000 0.000000
vt 0.000000 0.000000
vt 0.000000 0.000000
vt 0.000000 0.000000
vt 0.000000 0.000000
vt 0.000000 0.000000
vt 0.000000 0.000000
vt 0.000000 0.000000
vt 0.000000 0.000000
vt 0.000000 0.000000
vt 0.000000 0.000000
vt 0.000000 0.000000
vt 0.000000 0.000000
vt 0.000000 0.000000
vt 0.000000 0.000000
vt 0.000000 0.000000
vt 0.000000 0.000000
vt 0.000000 0.000000
vt 0.000000 0.000000
vt 0.000000 0.000000
vt 0.000000 0.000000
vt 0.000000 0.000000
vt 0.000000 0.000000
vt 0.000000 0.000000
vt 0.000000 0.000000
vt 0.000000 0.000000
vt 0.000000 0.000000
vt 0.000000 0.000000
vt 0.000000 0.000000
vt 0.000000 0.000000
vt 0.000000 0.000000
vt 0.000000 0.000000
vt 0.000000 0.000000
vt 0.000000 0.000000
vt 0.000000 0.000000
vt 0.000000 0.000000
vt 0.000000 0.000000
vt 0.000000 0.000000
vt 0.000000 0.000000
vt 0.000000 0.000000
vt 0.000000 0.000000
vt 0.000000 0.000000
vt 0.000000 0.000000
vt 0.000000 0.000000
vt 0.000000 0.000000
vt 0.000000 0.000000
vt 0.000000 0.000000
vt 0.000000 0.000000
vt 0.000000 0.000000
vt 0.000000 0.000000
vt 0.000000 0.000000
vt 0.000000 0.000000
vt 0.000000 0.000000
vt 0.000000 0.000000
vt 0.000000 0.000000
vt 0.000000 0.000000
vt 0.000000 0.000000
vt 0.000000 0.000000
vt 0.000000 0.000000
vt 0.000000 0.000000
vt 0.000000 0.000000
vt 0.000000 0.000000
vt 0.000000 0.000000
vt 0.000000 0.000000
vt 0.000000 0.000000
vt 0.000000 0.000000
vt 0.000000 0.000000
vt 0.000000 0.000000
vt 0.000000 0.000000
vt 0.000000 0.000000
vt 0.000000 0.000000
vt 0.000000 0.000000
vt 0.000000 0.000000
vt 0.000000 0.000000
vt 0.000000 0.000000
vt 0.000000 0.000000
vt 0.000000 0.000000
vt 0.000000 0.000000
vt 0.000000 0.000000
vt 0.000000 0.000000
vt 0.000000 0.000000
vt 0.000000 0.000000
vt 0.000000 0.000000
vt 0.000000 0.000000
vt 0.000000 0.000000
vt 0.000000 0.000000
vt 0.000000 0.000000
vt 0.000000 0.000000
vt 0.000000 0.000000
vt 0.000000 0.000000
vt 0.000000 0.000000
vt 0.000000 0.000000
vt 0.000000 0.000000
vt 0.000000 0.000000
vt 0.000000 0.000000
vt 0.000000 0.000000
vt 0.000000 0.000000
vt 0.000000 0.000000
vt 0.000000 0.000000
vt 0.000000 0.000000
vt 0.000000 0.000000
vt 0.000000 0.000000
vt 0.000000 0.000000
vt 0.000000 0.000000
vt 0.000000 0.000000
vt 0.000000 0.000000
vt 0.000000 0.000000
vt 0.000000 0.000000
vt 0.000000 0.000000
vt 0.000000 0.000000
vt 0.000000 0.000000
vt 0.000000 0.000000
vt 0.000000 0.000000
vt 0.000000 0.000000
vt 0.000000 0.000000
vt 0.000000 0.000000
vt 0.000000 0.000000
vt 0.000000 0.000000
vt 0.000000 0.000000
vt 0.000000 0.000000
vt 0.000000 0.000000
vt 0.000000 0.000000
vt 0.000000 0.000000
vt 0.000000 0.000000
vt 0.000000 0.000000
vt 0.000000 0.000000
vt 0.000000 0.000000
vt 0.000000 0.000000
vt 0.000000 0.000000
vt 0.000000 0.000000
vt 0.000000 0.000000
vt 0.000000 0.000000
vt 0.000000 0.000000
vt 0.000000 0.000000
vt 0.000000 0.000000
vt 0.000000 0.000000
vt 0.000000 0.000000
vt 0.000000 0.000000
vt 0.000000 0.000000
vt 0.000000 0.000000
vt 0.000000 0.000000
vt 0.000000 0.000000
vt 0.000000 0.000000
vt 0.000000 0.000000
vt 0.000000 0.000000
vt 0.000000 0.000000
vt 0.000000 0.000000
vt 0.000000 0.000000
vt 0.000000 0.000000
vt 0.000000 0.000000
vt 0.000000 0.000000
vt 0.000000 0.000000
vt 0.000000 0.000000
vt 0.000000 0.000000
vt 0.000000 0.000000
vt 0.000000 0.000000
vt 0.000000 0.000000
vt 0.000000 0.000000
vt 0.000000 0.000000
vt 0.000000 0.000000
vt 0.000000 0.000000
vt 0.000000 0.000000
vt 0.000000 0.000000
vt 0.000000 0.000000
vt 0.000000 0.000000
vt 0.000000 0.000000
vt 0.000000 0.000000
vt 0.000000 0.000000
vt 0.000000 0.000000
vt 0.000000 0.000000
vt 0.000000 0.000000
vt 0.000000 0.000000
vt 0.000000 0.000000
vt 0.000000 0.000000
vt 0.000000 0.000000
vt 0.000000 0.000000
vt 0.000000 0.000000
vt 0.000000 0.000000
vt 0.000000 0.000000
vt 0.000000 0.000000
vt 0.000000 0.000000
vt 0.000000 0.000000
vt 0.000000 0.000000
vt 0.000000 0.000000
vt 0.000000 0.000000
vt 0.000000 0.000000
vt 0.000000 0.000000
vt 0.000000 0.000000
vt 0.000000 0.000000
vt 0.000000 0.000000
vt 0.000000 0.000000
vt 0.000000 0.000000
vt 0.000000 0.000000
vt 0.000000 0.000000
vt 0.000000 0.000000
vt 0.000000 0.000000
vt 0.000000 0.000000
vt 0.000000 0.000000
vt 0.000000 0.000000
vt 0.000000 0.000000
vt 0.000000 0.000000
vt 0.000000 0.000000
vt 0.000000 0.000000
vt 0.000000 0.000000
vt 0.000000 0.000000
vt 0.000000 0.000000
vt 0.000000 0.000000
vt 0.000000 0.000000
vt 0.000000 0.000000
vt 0.000000 0.000000
vt 0.000000 0.000000
vt 0.000000 0.000000
vt 0.000000 0.000000
vt 0.000000 0.000000
vt 0.000000 0.000000
vt 0.000000 0.000000
vt 0.000000 0.000000
vt 0.000000 0.000000
vt 0.000000 0.000000
vt 0.000000 0.000000
vt 0.000000 0.000000
vt 0.000000 0.000000
vt 0.000000 0.000000
vt 0.000000 0.000000
vt 0.000000 0.000000
vt 0.000000 0.000000
vt 0.000000 0.000000
vt 0.000000 0.000000
vt 0.000000 0.000000
vt 0.000000 0.000000
vt 0.000000 0.000000
vt 0.000000 0.000000
vt 0.000000 0.000000
vt 0.000000 0.000000
vt 0.000000 0.000000
vt 0.000000 0.000000
vt 0.000000 0.000000
vt 0.000000 0.000000
vt 0.000000 0.000000
vt 0.000000 0.000000
vt 0.000000 0.000000
vt 0.000000 0.000000
vt 0.000000 0.000000
vt 0.000000 0.000000
vt 0.000000 0.000000
vt 0.000000 0.000000
vt 0.000000 0.000000
vt 0.000000 0.000000
vt 0.000000 0.000000
vt 0.000000 0.000000
vt 0.000000 0.000000
vt 0.000000 0.000000
vt 0.000000 0.000000
vt 0.000000 0.000000
vt 0.000000 0.000000
vt 0.000000 0.000000
vt 0.000000 0.000000
vt 0.000000 0.000000
vt 0.000000 0.000000
vt 0.000000 0.000000
vt 0.000000 0.000000
vt 0.000000 0.000000
vt 0.000000 0.000000
vt 0.000000 0.000000
vt 0.000000 0.000000
vt 0.000000 0.000000
vt 0.000000 0.000000
vt 0.000000 0.000000
vt 0.000000 0.000000
vt 0.000000 0.000000
vt 0.000000 0.000000
vt 0.000000 0.000000
vt 0.000000 0.000000
vt 0.000000 0.000000
vt 0.000000 0.000000
vt 0.000000 0.000000
vt 0.000000 0.000000
vt 0.000000 0.000000
vt 0.000000 0.000000
vt 0.000000 0.000000
vt 0.000000 0.000000
vt 0.000000 0.000000
vt 0.000000 0.000000
vt 0.000000 0.000000
vt 0.000000 0.000000
vt 0.000000 0.000000
vt 0.000000 0.000000
vt 0.000000 0.000000
vt 0.000000 0.000000
vt 0.000000 0.000000
vt 0.000000 0.000000
vt 0.000000 0.000000
vt 0.000000 0.000000
vt 0.000000 0.000000
vt 0.000000 0.000000
vt 0.000000 0.000000
vt 0.000000 0.000000
vt 0.000000 0.000000
vt 0.000000 0.000000
vt 0.000000 0.000000
vt 0.000000 0.000000
vt 0.000000 0.000000
vt 0.000000 0.000000
vt 0.000000 0.000000
vt 0.000000 0.000000
vt 0.000000 0.000000
vt 0.000000 0.000000
vt 0.000000 0.000000
vt 0.000000 0.000000
vt 0.000000 0.000000
vt 0.000000 0.000000
vt 0.000000 0.000000
vt 0.000000 0.000000
vt 0.000000 0.000000
vt 0.000000 0.000000
vt 0.000000 0.000000
vt 0.000000 0.000000
vt 0.000000 0.000000
vt 0.000000 0.000000
vt 0.000000 0.000000
vt 0.000000 0.000000
vt 0.000000 0.000000
vt 0.000000 0.000000
vt 0.000000 0.000000
vt 0.000000 0.000000
vt 0.000000 0.000000
vt 0.000000 0.000000
vt 0.000000 0.000000
vt 0.000000 0.000000
vt 0.000000 0.000000
vt 0.000000 0.000000
vt 0.000000 0.000000
vt 0.000000 0.000000
vt 0.000000 0.000000
vt 0.000000 0.000000
vt 0.000000 0.000000
vt 0.000000 0.000000
vt 0.000000 0.000000
vt 0.000000 0.000000
vt 0.000000 0.000000
vt 0.000000 0.000000
vt 0.000000 0.000000
vt 0.000000 0.000000
vt 0.000000 0.000000
vt 0.000000 0.000000
vt 0.000000 0.000000
vt 0.000000 0.000000
vt 0.000000 0.000000
vt 0.000000 0.000000
vt 0.000000 0.000000
vt 0.000000 0.000000
vt 0.000000 0.000000
vt 0.000000 0.000000
vt 0.000000 0.000000
vt 0.000000 0.000000
vt 0.000000 0.000000
vt 0.000000 0.000000
vt 0.000000 0.000000
vt 0.000000 0.000000
vt 0.000000 0.000000
vt 0.000000 0.000000
vt 0.000000 0.000000
vt 0.000000 0.000000
vt 0.000000 0.000000
vt 0.000000 0.000000
vt 0.000000 0.000000
vt 0.000000 0.000000
vt 0.000000 0.000000
vt 0.000000 0.000000
vt 0.000000 0.000000
vt 0.000000 0.000000
vt 0.000000 0.000000
vt 0.000000 0.000000
vt 0.000000 0.000000
vt 0.000000 0.000000
vt 0.000000 0.000000
vt 0.000000 0.000000
vt 0.000000 0.000000
vt 0.000000 0.000000
vt 0.000000 0.000000
vt 0.000000 0.000000
vt 0.000000 0.000000
vt 0.000000 0.000000
vt 0.000000 0.000000
vt 0.000000 0.000000
vt 0.000000 0.000000
vt 0.000000 0.000000
vt 0.000000 0.000000
vt 0.000000 0.000000
vt 0.000000 0.000000
vt 0.000000 0.000000
vt 0.000000 0.000000
vt 0.000000 0.000000
vt 0.000000 0.000000
vt 0.000000 0.000000
vt 0.000000 0.000000
vt 0.000000 0.000000
vt 0.000000 0.000000
vt 0.000000 0.000000
vt 0.000000 0.000000
vt 0.000000 0.000000
vt 0.000000 0.000000
vt 0.000000 0.000000
vt 0.000000 0.000000
vt 0.000000 0.000000
vt 0.000000 0.000000
vt 0.000000 0.000000
vt 0.000000 0.000000
vt 0.000000 0.000000
vt 0.000000 0.000000
vt 0.000000 0.000000
vt 0.000000 0.000000
vt 0.000000 0.000000
vt 0.000000 0.000000
vt 0.000000 0.000000
vt 0.000000 0.000000
vt 0.000000 0.000000
vt 0.000000 0.000000
vt 0.000000 0.000000
vt 0.000000 0.000000
vt 0.000000 0.000000
vt 0.000000 0.000000
vt 0.000000 0.000000
vt 0.000000 0.000000
vt 0.000000 0.000000
vt 0.000000 0.000000
vt 0.000000 0.000000
vt 0.000000 0.000000
vt 0.000000 0.000000
vt 0.000000 0.000000
vt 0.000000 0.000000
vt 0.000000 0.000000
vt 0.000000 0.000000
vt 0.000000 0.000000
vt 0.000000 0.000000
vt 0.000000 0.000000
vt 0.000000 0.000000
vt 0.000000 0.000000
vt 0.000000 0.000000
vt 0.000000 0.000000
vt 0.000000 0.000000
vt 0.000000 0.000000
vt 0.000000 0.000000
vt 0.000000 0.000000
vt 0.000000 0.000000
vt 0.000000 0.000000
vt 0.000000 0.000000
vt 0.000000 0.000000
vt 0.000000 0.000000
vt 0.000000 0.000000
vt 0.000000 0.000000
vt 0.000000 0.000000
vt 0.000000 0.000000
vt 0.000000 0.000000
vt 0.000000 0.000000
vt 0.000000 0.000000
vt 0.000000 0.000000
vt 0.000000 0.000000
vt 0.000000 0.000000
vt 0.000000 0.000000
vt 0.000000 0.000000
vt 0.000000 0.000000
vt 0.000000 0.000000
vt 0.000000 0.000000
vt 0.000000 0.000000
vt 0.000000 0.000000
vt 0.000000 0.000000
vt 0.000000 0.000000
vt 0.000000 0.000000
vt 0.000000 0.000000
vt 0.000000 0.000000
vt 0.000000 0.000000
vt 0.000000 0.000000
vt 0.000000 0.000000
vt 0.000000 0.000000
vt 0.000000 0.000000
vt 0.000000 0.000000
vt 0.000000 0.000000
vt 0.000000 0.000000
vt 0.000000 0.000000
vt 0.000000 0.000000
vt 0.000000 0.000000
vt 0.000000 0.000000
vt 0.000000 0.000000
vt 0.000000 0.000000
vt 0.000000 0.000000
vt 0.000000 0.000000
vt 0.000000 0.000000
vt 0.000000 0.000000
vt 0.000000 0.000000
vt 0.000000 0.000000
vt 0.000000 0.000000
vt 0.000000 0.000000
vt 0.000000 0.000000
vt 0.000000 0.000000
vt 0.000000 0.000000
vt 0.000000 0.000000
vt 0.000000 0.000000
vt 0.000000 0.000000
vt 0.000000 0.000000
vt 0.000000 0.000000
vt 0.000000 0.000000
vt 0.000000 0.000000
vt 0.000000 0.000000
vt 0.000000 0.000000
vt 0.000000 0.000000
vt 0.000000 0.000000
vt 0.000000 0.000000
vt 0.000000 0.000000
vt 0.000000 0.000000
vt 0.000000 0.000000
vt 0.000000 0.000000
vt 0.000000 0.000000
vt 0.000000 0.000000
vt 0.000000 0.000000
vt 0.000000 0.000000
vt 0.000000 0.000000
vt 0.000000 0.000000
vt 0.000000 0.000000
vt 0.000000 0.000000
vt 0.000000 0.000000
vt 0.000000 0.000000
vt 0.000000 0.000000
vt 0.000000 0.000000
vt 0.000000 0.000000
vt 0.000000 0.000000
vt 0.000000 0.000000
vt 0.000000 0.000000
vt 0.000000 0.000000
vt 0.000000 0.000000
vt 0.000000 0.000000
vt 0.000000 0.000000
vt 0.000000 0.000000
vt 0.000000 0.000000
vt 0.000000 0.000000
vt 0.000000 0.000000
vt 0.000000 0.000000
vt 0.000000 0.000000
vt 0.000000 0.000000
vt 0.000000 0.000000
vt 0.000000 0.000000
vt 0.000000 0.000000
vt 0.000000 0.000000
vt 0.000000 0.000000
vt 0.000000 0.000000
vt 0.000000 0.000000
vt 0.000000 0.000000
vt 0.000000 0.000000
vt 0.000000 0.000000
vt 0.000000 0.000000
vt 0.000000 0.000000
vt 0.000000 0.000000
vt 0.000000 0.000000
vt 0.000000 0.000000
vt 0.000000 0.000000
vt 0.000000 0.000000
vt 0.000000 0.000000
vt 0.000000 0.000000
vt 0.000000 0.000000
vt 0.000000 0.000000
vt 0.000000 0.000000
vt 0.000000 0.000000
vt 0.000000 0.000000
vt 0.000000 0.000000
vt 0.000000 0.000000
vt 0.000000 0.000000
vt 0.000000 0.000000
vt 0.000000 0.000000
vt 0.000000 0.000000
vt 0.000000 0.000000
vt 0.000000 0.000000
vt 0.000000 0.000000
vt 0.000000 0.000000
vt 0.000000 0.000000
vt 0.000000 0.000000
vt 0.000000 0.000000
vt 0.000000 0.000000
vt 0.000000 0.000000
vt 0.000000 0.000000
vt 0.000000 0.000000
vt 0.000000 0.000000
vt 0.000000 0.000000
vt 0.000000 0.000000
vt 0.000000 0.000000
vt 0.000000 0.000000
vt 0.000000 0.000000
vt 0.000000 0.000000
vt 0.000000 0.000000
vt 0.000000 0.000000
vt 0.000000 0.000000
vt 0.000000 0.000000
vt 0.000000 0.000000
vt 0.000000 0.000000
vt 0.000000 0.000000
vt 0.000000 0.000000
vt 0.000000 0.000000
vt 0.000000 0.000000
vt 0.000000 0.000000
vt 0.000000 0.000000
vt 0.000000 0.000000
vt 0.000000 0.000000
vt 0.000000 0.000000
vt 0.000000 0.000000
vt 0.000000 0.000000
vt 0.000000 0.000000
vt 0.000000 0.000000
vt 0.000000 0.000000
vt 0.000000 0.000000
vt 0.000000 0.000000
vt 0.000000 0.000000
vt 0.000000 0.000000
vt 0.000000 0.000000
vt 0.000000 0.000000
vt 0.000000 0.000000
vt 0.000000 0.000000
vt 0.000000 0.000000
vt 0.000000 0.000000
vt 0.000000 0.000000
vt 0.000000 0.000000
vt 0.000000 0.000000
vt 0.000000 0.000000
vt 0.000000 0.000000
vt 0.000000 0.000000
vt 0.000000 0.000000
vt 0.000000 0.000000
vt 0.000000 0.000000
vt 0.000000 0.000000
vt 0.000000 0.000000
vt 0.000000 0.000000
vt 0.000000 0.000000
vt 0.000000 0.000000
vt 0.000000 0.000000
vt 0.000000 0.000000
vt 0.000000 0.000000
vt 0.000000 0.000000
vt 0.000000 0.000000
vt 0.000000 0.000000
vt 0.000000 0.000000
vt 0.000000 0.000000
vt 0.000000 0.000000
vt 0.000000 0.000000
vt 0.000000 0.000000
vt 0.000000 0.000000
vt 0.000000 0.000000
vt 0.000000 0.000000
vt 0.000000 0.000000
vt 0.000000 0.000000
vt 0.000000 0.000000
vt 0.000000 0.000000
vt 0.000000 0.000000
vt 0.000000 0.000000
vt 0.000000 0.000000
vt 0.000000 0.000000
vt 0.000000 0.000000
vt 0.000000 0.000000
vt 0.000000 0.000000
vt 0.000000 0.000000
vt 0.000000 0.000000
vt 0.000000 0.000000
vt 0.000000 0.000000
vt 0.000000 0.000000
vt 0.000000 0.000000
vt 0.000000 0.000000
vt 0.000000 0.000000
vt 0.000000 0.000000
vt 0.000000 0.000000
vt 0.000000 0.000000
vt 0.000000 0.000000
vt 0.000000 0.000000
vt 0.000000 0.000000
vt 0.000000 0.000000
vt 0.000000 0.000000
vt 0.000000 0.000000
vt 0.000000 0.000000
vt 0.000000 0.000000
vt 0.000000 0.000000
vt 0.000000 0.000000
vt 0.000000 0.000000
vt 0.000000 0.000000
vt 0.000000 0.000000
vt 0.000000 0.000000
vt 0.000000 0.000000
vt 0.000000 0.000000
vt 0.000000 0.000000
vt 0.000000 0.000000
vt 0.000000 0.000000
vt 0.000000 0.000000
vt 0.000000 0.000000
vt 0.000000 0.000000
vt 0.000000 0.000000
vt 0.000000 0.000000
vt 0.000000 0.000000
vt 0.000000 0.000000
vt 0.000000 0.000000
vt 0.000000 0.000000
vt 0.000000 0.000000
vt 0.000000 0.000000
vt 0.000000 0.000000
vt 0.000000 0.000000
vt 0.000000 0.000000
vt 0.000000 0.000000
vt 0.000000 0.000000
vt 0.000000 0.000000
vt 0.000000 0.000000
vt 0.000000 0.000000
vt 0.000000 0.000000
vt 0.000000 0.000000
vt 0.000000 0.000000
vt 0.000000 0.000000
vt 0.000000 0.000000
vt 0.000000 0.000000
vt 0.000000 0.000000
vt 0.000000 0.000000
vt 0.000000 0.000000
vt 0.000000 0.000000
vt 0.000000 0.000000
vt 0.000000 0.000000
vt 0.000000 0.000000
vt 0.000000 0.000000
vt 0.000000 0.000000
vt 0.000000 0.000000
vt 0.000000 0.000000
vt 0.000000 0.000000
vt 0.000000 0.000000
vt 0.000000 0.000000
vt 0.000000 0.000000
vt 0.000000 0.000000
vt 0.000000 0.000000
vt 0.000000 0.000000
vt 0.000000 0.000000
vt 0.000000 0.000000
vt 0.000000 0.000000
vt 0.000000 0.000000
vt 0.000000 0.000000
vt 0.000000 0.000000
vt 0.000000 0.000000
vt 0.000000 0.000000
vt 0.000000 0.000000
vt 0.000000 0.000000
vt 0.000000 0.000000
vt 0.000000 0.000000
vt 0.000000 0.000000
vt 0.000000 0.000000
vt 0.000000 0.000000
vt 0.000000 0.000000
vt 0.000000 0.000000
vt 0.000000 0.000000
vt 0.000000 0.000000
vt 0.000000 0.000000
vt 0.000000 0.000000
vt 0.000000 0.000000
vt 0.000000 0.000000
vt 0.000000 0.000000
vt 0.000000 0.000000
vt 0.000000 0.000000
vt 0.000000 0.000000
vt 0.000000 0.000000
vt 0.000000 0.000000
vt 0.000000 0.000000
vt 0.000000 0.000000
vt 0.000000 0.000000
vt 0.000000 0.000000
vt 0.000000 0.000000
vt 0.000000 0.000000
vt 0.000000 0.000000
vt 0.000000 0.000000
vt 0.000000 0.000000
vt 0.000000 0.000000
vt 0.000000 0.000000
vt 0.000000 0.000000
vt 0.000000 0.000000
vt 0.000000 0.000000
vt 0.000000 0.000000
vt 0.000000 0.000000
vt 0.000000 0.000000
vt 0.000000 0.000000
vt 0.000000 0.000000
vt 0.000000 0.000000
vt 0.000000 0.000000
vt 0.000000 0.000000
vt 0.000000 0.000000
vt 0.000000 0.000000
vt 0.000000 0.000000
vt 0.000000 0.000000
vt 0.000000 0.000000
vt 0.000000 0.000000
vt 0.000000 0.000000
vt 0.000000 0.000000
vt 0.000000 0.000000
vt 0.000000 0.000000
vt 0.000000 0.000000
vt 0.000000 0.000000
vt 0.000000 0.000000
vt 0.000000 0.000000
vt 0.000000 0.000000
vt 0.000000 0.000000
vt 0.000000 0.000000
vt 0.000000 0.000000
vt 0.000000 0.000000
vt 0.000000 0.000000
vt 0.000000 0.000000
vt 0.000000 0.000000
vt 0.000000 0.000000
vt 0.000000 0.000000
vt 0.000000 0.000000
vt 0.000000 0.000000
vt 0.000000 0.000000
vt 0.000000 0.000000
vt 0.000000 0.000000
vt 0.000000 0.000000
vt 0.000000 0.000000
vt 0.000000 0.000000
vt 0.000000 0.000000
vt 0.000000 0.000000
vt 0.000000 0.000000
vt 0.000000 0.000000
vt 0.000000 0.000000
vt 0.000000 0.000000
vt 0.000000 0.000000
vt 0.000000 0.000000
vt 0.000000 0.000000
vt 0.000000 0.000000
vt 0.000000 0.000000
vt 0.000000 0.000000
vt 0.000000 0.000000
vt 0.000000 0.000000
vt 0.000000 0.000000
vt 0.000000 0.000000
vt 0.000000 0.000000
vt 0.000000 0.000000
vt 0.000000 0.000000
vt 0.000000 0.000000
vt 0.000000 0.000000
vt 0.000000 0.000000
vt 0.000000 0.000000
vt 0.000000 0.000000
vt 0.000000 0.000000
vt 0.000000 0.000000
vt 0.000000 0.000000
vt 0.000000 0.000000
vt 0.000000 0.000000
vt 0.000000 0.000000
vt 0.000000 0.000000
vt 0.000000 0.000000
vt 0.000000 0.000000
vt 0.000000 0.000000
vt 0.000000 0.000000
vt 0.000000 0.000000
vt 0.000000 0.000000
vt 0.000000 0.000000
vt 0.000000 0.000000
vt 0.000000 0.000000
vt 0.000000 0.000000
vt 0.000000 0.000000
vt 0.000000 0.000000
vt 0.000000 0.000000
vt 0.000000 0.000000
vt 0.000000 0.000000
vt 0.000000 0.000000
vt 0.000000 0.000000
vt 0.000000 0.000000
vt 0.000000 0.000000
vt 0.000000 0.000000
vt 0.000000 0.000000
vt 0.000000 0.000000
vt 0.000000 0.000000
vt 0.000000 0.000000
vt 0.000000 0.000000
vt 0.000000 0.000000
vt 0.000000 0.000000
vt 0.000000 0.000000
vt 0.000000 0.000000
vt 0.000000 0.000000
vt 0.000000 0.000000
vt 0.000000 0.000000
vt 0.000000 0.000000
vt 0.000000 0.000000
vt 0.000000 0.000000
vt 0.000000 0.000000
vt 0.000000 0.000000
vt 0.000000 0.000000
vt 0.000000 0.000000
vt 0.000000 0.000000
vt 0.000000 0.000000
vt 0.000000 0.000000
vt 0.000000 0.000000
vt 0.000000 0.000000
vt 0.000000 0.000000
vt 0.000000 0.000000
vt 0.000000 0.000000
vt 0.000000 0.000000
vt 0.000000 0.000000
vt 0.000000 0.000000
vt 0.000000 0.000000
vt 0.000000 0.000000
vt 0.000000 0.000000
vt 0.000000 0.000000
vt 0.000000 0.000000
vt 0.000000 0.000000
vt 0.000000 0.000000
vt 0.000000 0.000000
vt 0.000000 0.000000
vt 0.000000 0.000000
vt 0.000000 0.000000
vt 0.000000 0.000000
vt 0.000000 0.000000
vt 0.000000 0.000000
vt 0.000000 0.000000
vt 0.000000 0.000000
vt 0.000000 0.000000
vt 0.000000 0.000000
vt 0.000000 0.000000
vt 0.000000 0.000000
vt 0.000000 0.000000
vt 0.000000 0.000000
vt 0.000000 0.000000
vt 0.000000 0.000000
vt 0.000000 0.000000
vt 0.000000 0.000000
vt 0.000000 0.000000
vt 0.000000 0.000000
vt 0.000000 0.000000
vt 0.000000 0.000000
vt 0.000000 0.000000
vt 0.000000 0.000000
vt 0.000000 0.000000
vt 0.000000 0.000000
vt 0.000000 0.000000
vt 0.000000 0.000000
vt 0.000000 0.000000
vt 0.000000 0.000000
vt 0.000000 0.000000
vt 0.000000 0.000000
vt 0.000000 0.000000
vt 0.000000 0.000000
vt 0.000000 0.000000
vt 0.000000 0.000000
vt 0.000000 0.000000
vt 0.000000 0.000000
vt 0.000000 0.000000
vt 0.000000 0.000000
vt 0.000000 0.000000
vt 0.000000 0.000000
vt 0.000000 0.000000
vt 0.000000 0.000000
vt 0.000000 0.000000
vt 0.000000 0.000000
vt 0.000000 0.000000
vt 0.000000 0.000000
vt 0.000000 0.000000
vt 0.000000 0.000000
vt 0.000000 0.000000
vt 0.000000 0.000000
vt 0.000000 0.000000
vt 0.000000 0.000000
vt 0.000000 0.000000
vt 0.000000 0.000000
vt 0.000000 0.000000
vt 0.000000 0.000000
vt 0.000000 0.000000
vt 0.000000 0.000000
vt 0.000000 0.000000
vt 0.000000 0.000000
vt 0.000000 0.000000
vt 0.000000 0.000000
vt 0.000000 0.000000
vt 0.000000 0.000000
vt 0.000000 0.000000
vt 0.000000 0.000000
vt 0.000000 0.000000
vt 0.000000 0.000000
vt 0.000000 0.000000
vt 0.000000 0.000000
vt 0.000000 0.000000
vt 0.000000 0.000000
vt 0.000000 0.000000
vt 0.000000 0.000000
vt 0.000000 0.000000
vt 0.000000 0.000000
vt 0.000000 0.000000
vt 0.000000 0.000000
vt 0.000000 0.000000
vt 0.000000 0.000000
vt 0.000000 0.000000
vt 0.000000 0.000000
vt 0.000000 0.000000
vt 0.000000 0.000000
vt 0.000000 0.000000
vt 0.000000 0.000000
vt 0.000000 0.000000
vt 0.000000 0.000000
vt 0.000000 0.000000
vt 0.000000 0.000000
vt 0.000000 0.000000
vt 0.000000 0.000000
vt 0.000000 0.000000
vt 0.000000 0.000000
vt 0.000000 0.000000
vt 0.000000 0.000000
vt 0.000000 0.000000
vt 0.000000 0.000000
vt 0.000000 0.000000
vt 0.000000 0.000000
vt 0.000000 0.000000
vt 0.000000 0.000000
vt 0.000000 0.000000
vt 0.000000 0.000000
vt 0.000000 0.000000
vt 0.000000 0.000000
vt 0.000000 0.000000
vt 0.000000 0.000000
vt 0.000000 0.000000
vt 0.000000 0.000000
vt 0.000000 0.000000
vt 0.000000 0.000000
vt 0.000000 0.000000
vt 0.000000 0.000000
vt 0.000000 0.000000
vt 0.000000 0.000000
vt 0.000000 0.000000
vt 0.000000 0.000000
vt 0.000000 0.000000
vt 0.000000 0.000000
vt 0.000000 0.000000
vt 0.000000 0.000000
vt 0.000000 0.000000
vt 0.000000 0.000000
vt 0.000000 0.000000
vt 0.000000 0.000000
vt 0.000000 0.000000
vt 0.000000 0.000000
vt 0.000000 0.000000
vt 0.000000 0.000000
vt 0.000000 0.000000
vt 0.000000 0.000000
vt 0.000000 0.000000
vt 0.000000 0.000000
vt 0.000000 0.000000
vt 0.000000 0.000000
vt 0.000000 0.000000
vt 0.000000 0.000000
vt 0.000000 0.000000
vt 0.000000 0.000000
vt 0.000000 0.000000
vt 0.000000 0.000000
vt 0.000000 0.000000
vt 0.000000 0.000000
vt 0.000000 0.000000
vt 0.000000 0.000000
vt 0.000000 0.000000
vt 0.000000 0.000000
vt 0.000000 0.000000
vt 0.000000 0.000000
vt 0.000000 0.000000
vt 0.000000 0.000000
vt 0.000000 0.000000
vt 0.000000 0.000000
vt 0.000000 0.000000
vt 0.000000 0.000000
vt 0.000000 0.000000
vt 0.000000 0.000000
vt 0.000000 0.000000
vt 0.000000 0.000000
vt 0.000000 0.000000
vt 0.000000 0.000000
vt 0.000000 0.000000
vt 0.000000 0.000000
vt 0.000000 0.000000
vt 0.000000 0.000000
vt 0.000000 0.000000
vt 0.000000 0.000000
vt 0.000000 0.000000
vt 0.000000 0.000000
vt 0.000000 0.000000
vt 0.000000 0.000000
vt 0.000000 0.000000
vt 0.000000 0.000000
vt 0.000000 0.000000
vt 0.000000 0.000000
vt 0.000000 0.000000
vt 0.000000 0.000000
vt 0.000000 0.000000
vt 0.000000 0.000000
vt 0.000000 0.000000
vt 0.000000 0.000000
vt 0.000000 0.000000
vt 0.000000 0.000000
vt 0.000000 0.000000
vt 0.000000 0.000000
vt 0.000000 0.000000
vt 0.000000 0.000000
vt 0.000000 0.000000
vt 0.000000 0.000000
vt 0.000000 0.000000
vt 0.000000 0.000000
vt 0.000000 0.000000
vt 0.000000 0.000000
vt 0.000000 0.000000
vt 0.000000 0.000000
vt 0.000000 0.000000
vt 0.000000 0.000000
vt 0.000000 0.000000
vt 0.000000 0.000000
vt 0.000000 0.000000
vt 0.000000 0.000000
vt 0.000000 0.000000
vt 0.000000 0.000000
vt 0.000000 0.000000
vt 0.000000 0.000000
vt 0.000000 0.000000
vt 0.000000 0.000000
vt 0.000000 0.000000
vt 0.000000 0.000000
vt 0.000000 0.000000
vt 0.000000 0.000000
vt 0.000000 0.000000
vt 0.000000 0.000000
vt 0.000000 0.000000
vt 0.000000 0.000000
vt 0.000000 0.000000
vt 0.000000 0.000000
vt 0.000000 0.000000
vt 0.000000 0.000000
vt 0.000000 0.000000
vt 0.000000 0.000000
vt 0.000000 0.000000
vt 0.000000 0.000000
vt 0.000000 0.000000
vt 0.000000 0.000000
vt 0.000000 0.000000
vt 0.000000 0.000000
vt 0.000000 0.000000
vt 0.000000 0.000000
vt 0.000000 0.000000
vt 0.000000 0.000000
vt 0.000000 0.000000
vt 0.000000 0.000000
vt 0.000000 0.000000
vt 0.000000 0.000000
vt 0.000000 0.000000
vt 0.000000 0.000000
vt 0.000000 0.000000
vt 0.000000 0.000000
vt 0.000000 0.000000
vt 0.000000 0.000000
vt 0.000000 0.000000
vt 0.000000 0.000000
vt 0.000000 0.000000
vt 0.000000 0.000000
vt 0.000000 0.000000
vt 0.000000 0.000000
vt 0.000000 0.000000
vt 0.000000 0.000000
vt 0.000000 0.000000
vt 0.000000 0.000000
vt 0.000000 0.000000
vt 0.000000 0.000000
vt 0.000000 0.000000
vt 0.000000 0.000000
vt 0.000000 0.000000
vt 0.000000 0.000000
vt 0.000000 0.000000
vt 0.000000 0.000000
vt 0.000000 0.000000
vt 0.000000 0.000000
vt 0.000000 0.000000
vt 0.000000 0.000000
vt 0.000000 0.000000
vt 0.000000 0.000000
vt 0.000000 0.000000
vt 0.000000 0.000000
vt 0.000000 0.000000
vt 0.000000 0.000000
vt 0.000000 0.000000
vt 0.000000 0.000000
vt 0.000000 0.000000
vt 0.000000 0.000000
vt 0.000000 0.000000
vt 0.000000 0.000000
vt 0.000000 0.000000
vt 0.000000 0.000000
vt 0.000000 0.000000
vt 0.000000 0.000000
vt 0.000000 0.000000
vt 0.000000 0.000000
vt 0.000000 0.000000
vt 0.000000 0.000000
vt 0.000000 0.000000
vt 0.000000 0.000000
vt 0.000000 0.000000
vt 0.000000 0.000000
vt 0.000000 0.000000
vt 0.000000 0.000000
vt 0.000000 0.000000
vt 0.000000 0.000000
vt 0.000000 0.000000
vt 0.000000 0.000000
vt 0.000000 0.000000
vt 0.000000 0.000000
vt 0.000000 0.000000
vt 0.000000 0.000000
vt 0.000000 0.000000
vt 0.000000 0.000000
vt 0.000000 0.000000
vt 0.000000 0.000000
vt 0.000000 0.000000
vt 0.000000 0.000000
vt 0.000000 0.000000
vt 0.000000 0.000000
vt 0.000000 0.000000
vt 0.000000 0.000000
vt 0.000000 0.000000
vt 0.000000 0.000000
vt 0.000000 0.000000
vt 0.000000 0.000000
vt 0.000000 0.000000
vt 0.000000 0.000000
vt 0.000000 0.000000
vt 0.000000 0.000000
vt 0.000000 0.000000
vt 0.000000 0.000000
vt 0.000000 0.000000
vt 0.000000 0.000000
vt 0.000000 0.000000
vt 0.000000 0.000000
vt 0.000000 0.000000
vt 0.000000 0.000000
vt 0.000000 0.000000
vt 0.000000 0.000000
vt 0.000000 0.000000
vt 0.000000 0.000000
vt 0.000000 0.000000
vt 0.000000 0.000000
vt 0.000000 0.000000
vt 0.000000 0.000000
vt 0.000000 0.000000
vt 0.000000 0.000000
vt 0.000000 0.000000
vt 0.000000 0.000000
vt 0.000000 0.000000
vt 0.000000 0.000000
vt 0.000000 0.000000
vt 0.000000 0.000000
vt 0.000000 0.000000
vt 0.000000 0.000000
vt 0.000000 0.000000
vt 0.000000 0.000000
vt 0.000000 0.000000
vt 0.000000 0.000000
vt 0.000000 0.000000
vt 0.000000 0.000000
vt 0.000000 0.000000
vt 0.000000 0.000000
vt 0.000000 0.000000
vt 0.000000 0.000000
vt 0.000000 0.000000
vt 0.000000 0.000000
vt 0.000000 0.000000
vt 0.000000 0.000000
vt 0.000000 0.000000
vt 0.000000 0.000000
vt 0.000000 0.000000
vt 0.000000 0.000000
vt 0.000000 0.000000
vt 0.000000 0.000000
vt 0.000000 0.000000
vt 0.000000 0.000000
vt 0.000000 0.000000
vt 0.000000 0.000000
vt 0.000000 0.000000
vt 0.000000 0.000000
vt 0.000000 0.000000
vt 0.000000 0.000000
vt 0.000000 0.000000
vt 0.000000 0.000000
vt 0.000000 0.000000
vt 0.000000 0.000000
vt 0.000000 0.000000
vt 0.000000 0.000000
vt 0.000000 0.000000
vt 0.000000 0.000000
vt 0.000000 0.000000
vt 0.000000 0.000000
vt 0.000000 0.000000
vt 0.000000 0.000000
vt 0.000000 0.000000
vt 0.000000 0.000000
vt 0.000000 0.000000
vt 0.000000 0.000000
vt 0.000000 0.000000
vt 0.000000 0.000000
vt 0.000000 0.000000
vt 0.000000 0.000000
vt 0.000000 0.000000
vt 0.000000 0.000000
vt 0.000000 0.000000
vt 0.000000 0.000000
vt 0.000000 0.000000
vt 0.000000 0.000000
vt 0.000000 0.000000
vt 0.000000 0.000000
vt 0.000000 0.000000
vt 0.000000 0.000000
vt 0.000000 0.000000
vt 0.000000 0.000000
vt 0.000000 0.000000
vt 0.000000 0.000000
vt 0.000000 0.000000
vt 0.000000 0.000000
vt 0.000000 0.000000
vt 0.000000 0.000000
vt 0.000000 0.000000
vt 0.000000 0.000000
vt 0.000000 0.000000
vt 0.000000 0.000000
vt 0.000000 0.000000
vt 0.000000 0.000000
vt 0.000000 0.000000
vt 0.000000 0.000000
vt 0.000000 0.000000
vt 0.000000 0.000000
vt 0.000000 0.000000
vt 0.000000 0.000000
vt 0.000000 0.000000
vt 0.000000 0.000000
vt 0.000000 0.000000
vt 0.000000 0.000000
vt 0.000000 0.000000
vt 0.000000 0.000000
vt 0.000000 0.000000
vt 0.000000 0.000000
vt 0.000000 0.000000
vt 0.000000 0.000000
vt 0.000000 0.000000
vt 0.000000 0.000000
vt 0.000000 0.000000
vt 0.000000 0.000000
vt 0.000000 0.000000
vt 0.000000 0.000000
vt 0.000000 0.000000
vt 0.000000 0.000000
vt 0.000000 0.000000
vt 0.000000 0.000000
vt 0.000000 0.000000
vt 0.000000 0.000000
vt 0.000000 0.000000
vt 0.000000 0.000000
vt 0.000000 0.000000
vt 0.000000 0.000000
vt 0.000000 0.000000
vt 0.000000 0.000000
vt 0.000000 0.000000
vt 0.000000 0.000000
vt 0.000000 0.000000
vt 0.000000 0.000000
vt 0.000000 0.000000
vt 0.000000 0.000000
vt 0.000000 0.000000
vt 0.000000 0.000000
vt 0.000000 0.000000
vt 0.000000 0.000000
vt 0.000000 0.000000
vt 0.000000 0.000000
vt 0.000000 0.000000
vt 0.000000 0.000000
vt 0.000000 0.000000
vt 0.000000 0.000000
vt 0.000000 0.000000
vt 0.000000 0.000000
vt 0.000000 0.000000
vt 0.000000 0.000000
vt 0.000000 0.000000
vt 0.000000 0.000000
vt 0.000000 0.000000
vt 0.000000 0.000000
vt 0.000000 0.000000
vt 0.000000 0.000000
vt 0.000000 0.000000
vt 0.000000 0.000000
vt 0.000000 0.000000
vt 0.000000 0.000000
vt 0.000000 0.000000
vt 0.000000 0.000000
vt 0.000000 0.000000
vt 0.000000 0.000000
vt 0.000000 0.000000
vt 0.000000 0.000000
vt 0.000000 0.000000
vt 0.000000 0.000000
vt 0.000000 0.000000
vt 0.000000 0.000000
vt 0.000000 0.000000
vt 0.000000 0.000000
vt 0.000000 0.000000
vt 0.000000 0.000000
vt 0.000000 0.000000
vt 0.000000 0.000000
vt 0.000000 0.000000
vt 0.000000 0.000000
vt 0.000000 0.000000
vt 0.000000 0.000000
vt 0.000000 0.000000
vt 0.000000 0.000000
vt 0.000000 0.000000
vt 0.000000 0.000000
vt 0.000000 0.000000
vt 0.000000 0.000000
vt 0.000000 0.000000
vt 0.000000 0.000000
vt 0.000000 0.000000
vt 0.000000 0.000000
vt 0.000000 0.000000
vt 0.000000 0.000000
vt 0.000000 0.000000
vt 0.000000 0.000000
vt 0.000000 0.000000
vt 0.000000 0.000000
vt 0.000000 0.000000
vt 0.000000 0.000000
vt 0.000000 0.000000
vt 0.000000 0.000000
vt 0.000000 0.000000
vt 0.000000 0.000000
vt 0.000000 0.000000
vt 0.000000 0.000000
vt 0.000000 0.000000
vt 0.000000 0.000000
vt 0.000000 0.000000
vt 0.000000 0.000000
vt 0.000000 0.000000
vt 0.000000 0.000000
vt 0.000000 0.000000
vt 0.000000 0.000000
vt 0.000000 0.000000
vt 0.000000 0.000000
vt 0.000000 0.000000
vt 0.000000 0.000000
vt 0.000000 0.000000
vt 0.000000 0.000000
vt 0.000000 0.000000
vt 0.000000 0.000000
vt 0.000000 0.000000
vt 0.000000 0.000000
vt 0.000000 0.000000
vt 0.000000 0.000000
vt 0.000000 0.000000
vt 0.000000 0.000000
vt 0.000000 0.000000
vt 0.000000 0.000000
vt 0.000000 0.000000
vt 0.000000 0.000000
vt 0.000000 0.000000
vt 0.000000 0.000000
vt 0.000000 0.000000
vt 0.000000 0.000000
vt 0.000000 0.000000
vt 0.000000 0.000000
vt 0.000000 0.000000
vt 0.000000 0.000000
vt 0.000000 0.000000
vt 0.000000 0.000000
vt 0.000000 0.000000
vt 0.000000 0.000000
vt 0.000000 0.000000
vt 0.000000 0.000000
vt 0.000000 0.000000
vt 0.000000 0.000000
vt 0.000000 0.000000
vt 0.000000 0.000000
vt 0.000000 0.000000
vt 0.000000 0.000000
vt 0.000000 0.000000
vt 0.000000 0.000000
vt 0.000000 0.000000
vt 0.000000 0.000000
vt 0.000000 0.000000
vt 0.000000 0.000000
vt 0.000000 0.000000
vt 0.000000 0.000000
vt 0.000000 0.000000
vt 0.000000 0.000000
vt 0.000000 0.000000
vt 0.000000 0.000000
vt 0.000000 0.000000
vt 0.000000 0.000000
vt 0.000000 0.000000
vt 0.000000 0.000000
vt 0.000000 0.000000
vt 0.000000 0.000000
vt 0.000000 0.000000
vt 0.000000 0.000000
vt 0.000000 0.000000
vt 0.000000 0.000000
vt 0.000000 0.000000
vt 0.000000 0.000000
vt 0.000000 0.000000
vt 0.000000 0.000000
vt 0.000000 0.000000
vt 0.000000 0.000000
vt 0.000000 0.000000
vt 0.000000 0.000000
vt 0.000000 0.000000
vt 0.000000 0.000000
vt 0.000000 0.000000
vt 0.000000 0.000000
vt 0.000000 0.000000
vt 0.000000 0.000000
vt 0.000000 0.000000
vt 0.000000 0.000000
vt 0.000000 0.000000
vt 0.000000 0.000000
vt 0.000000 0.000000
vt 0.000000 0.000000
vt 0.000000 0.000000
vt 0.000000 0.000000
vt 0.000000 0.000000
vt 0.000000 0.000000
vt 0.000000 0.000000
vt 0.000000 0.000000
vt 0.000000 0.000000
vt 0.000000 0.000000
vt 0.000000 0.000000
vt 0.000000 0.000000
vt 0.000000 0.000000
vt 0.000000 0.000000
vt 0.000000 0.000000
vt 0.000000 0.000000
vt 0.000000 0.000000
vt 0.000000 0.000000
vt 0.000000 0.000000
vt 0.000000 0.000000
vt 0.000000 0.000000
vt 0.000000 0.000000
vt 0.000000 0.000000
vt 0.000000 0.000000
vt 0.000000 0.000000
vt 0.000000 0.000000
vt 0.000000 0.000000
vt 0.000000 0.000000
vt 0.000000 0.000000
vt 0.000000 0.000000
vt 0.000000 0.000000
vt 0.000000 0.000000
vt 0.000000 0.000000
vt 0.000000 0.000000
vt 0.000000 0.000000
vt 0.000000 0.000000
vt 0.000000 0.000000
vt 0.000000 0.000000
vt 0.000000 0.000000
vt 0.000000 0.000000
vt 0.000000 0.000000
vt 0.000000 0.000000
vt 0.000000 0.000000
vt 0.000000 0.000000
vt 0.000000 0.000000
vt 0.000000 0.000000
vt 0.000000 0.000000
vt 0.000000 0.000000
vt 0.000000 0.000000
vt 0.000000 0.000000
vt 0.000000 0.000000
vt 0.000000 0.000000
vt 0.000000 0.000000
vt 0.000000 0.000000
vt 0.000000 0.000000
vt 0.000000 0.000000
vt 0.000000 0.000000
vt 0.000000 0.000000
vt 0.000000 0.000000
vt 0.000000 0.000000
vt 0.000000 0.000000
vt 0.000000 0.000000
vt 0.000000 0.000000
vt 0.000000 0.000000
vt 0.000000 0.000000
vt 0.000000 0.000000
vt 0.000000 0.000000
vt 0.000000 0.000000
vt 0.000000 0.000000
vt 0.000000 0.000000
vt 0.000000 0.000000
vt 0.000000 0.000000
vt 0.000000 0.000000
vt 0.000000 0.000000
vt 0.000000 0.000000
vt 0.000000 0.000000
vt 0.000000 0.000000
vt 0.000000 0.000000
vt 0.000000 0.000000
vt 0.000000 0.000000
vt 0.000000 0.000000
vt 0.000000 0.000000
vt 0.000000 0.000000
vt 0.000000 0.000000
vt 0.000000 0.000000
vt 0.000000 0.000000
vt 0.000000 0.000000
vt 0.000000 0.000000
vt 0.000000 0.000000
vt 0.000000 0.000000
vt 0.000000 0.000000
vt 0.000000 0.000000
vt 0.000000 0.000000
vt 0.000000 0.000000
vt 0.000000 0.000000
vt 0.000000 0.000000
vt 0.000000 0.000000
vt 0.000000 0.000000
vt 0.000000 0.000000
vt 0.000000 0.000000
vt 0.000000 0.000000
vt 0.000000 0.000000
vt 0.000000 0.000000
vt 0.000000 0.000000
vt 0.000000 0.000000
vt 0.000000 0.000000
vt 0.000000 0.000000
vt 0.000000 0.000000
vt 0.000000 0.000000
vt 0.000000 0.000000
vt 0.000000 0.000000
vt 0.000000 0.000000
vt 0.000000 0.000000
vt 0.000000 0.000000
vt 0.000000 0.000000
vt 0.000000 0.000000
vt 0.000000 0.000000
vt 0.000000 0.000000
vt 0.000000 0.000000
vt 0.000000 0.000000
vt 0.000000 0.000000
vt 0.000000 0.000000
vt 0.000000 0.000000
vt 0.000000 0.000000
vt 0.000000 0.000000
vt 0.000000 0.000000
vt 0.000000 0.000000
vt 0.000000 0.000000
vt 0.000000 0.000000
vt 0.000000 0.000000
vt 0.000000 0.000000
vt 0.000000 0.000000
vt 0.000000 0.000000
vt 0.000000 0.000000
vt 0.000000 0.000000
vt 0.000000 0.000000
vt 0.000000 0.000000
vt 0.000000 0.000000
vt 0.000000 0.000000
vt 0.000000 0.000000
vt 0.000000 0.000000
vt 0.000000 0.000000
vt 0.000000 0.000000
vt 0.000000 0.000000
vt 0.000000 0.000000
vt 0.000000 0.000000
vt 0.000000 0.000000
vt 0.000000 0.000000
vt 0.000000 0.000000
vt 0.000000 0.000000
vt 0.000000 0.000000
vt 0.000000 0.000000
vt 0.000000 0.000000
vt 0.000000 0.000000
vt 0.000000 0.000000
vt 0.000000 0.000000
vt 0.000000 0.000000
vt 0.000000 0.000000
vt 0.000000 0.000000
vt 0.000000 0.000000
vt 0.000000 0.000000
vt 0.000000 0.000000
vt 0.000000 0.000000
vt 0.000000 0.000000
vt 0.000000 0.000000
vt 0.000000 0.000000
vt 0.000000 0.000000
vt 0.000000 0.000000
vt 0.000000 0.000000
vt 0.000000 0.000000
vt 0.000000 0.000000
vt 0.000000 0.000000
vt 0.000000 0.000000
vt 0.000000 0.000000
vt 0.000000 0.000000
vt 0.000000 0.000000
vt 0.000000 0.000000
vt 0.000000 0.000000
vt 0.000000 0.000000
vt 0.000000 0.000000
vt 0.000000 0.000000
vt 0.000000 0.000000
vt 0.000000 0.000000
vt 0.000000 0.000000
vt 0.000000 0.000000
vt 0.000000 0.000000
vt 0.000000 0.000000
vt 0.000000 0.000000
vt 0.000000 0.000000
vt 0.000000 0.000000
vt 0.000000 0.000000
vt 0.000000 0.000000
vt 0.000000 0.000000
vt 0.000000 0.000000
vt 0.000000 0.000000
vt 0.000000 0.000000
vt 0.000000 0.000000
vt 0.000000 0.000000
vt 0.000000 0.000000
vt 0.000000 0.000000
vt 0.000000 0.000000
vt 0.000000 0.000000
vt 0.000000 0.000000
vt 0.000000 0.000000
vt 0.000000 0.000000
vt 0.000000 0.000000
vt 0.000000 0.000000
vt 0.000000 0.000000
vt 0.000000 0.000000
vt 0.000000 0.000000
vt 0.000000 0.000000
vt 0.000000 0.000000
vt 0.000000 0.000000
vt 0.000000 0.000000
vt 0.000000 0.000000
vt 0.000000 0.000000
vt 0.000000 0.000000
vt 0.000000 0.000000
vt 0.000000 0.000000
vt 0.000000 0.000000
vt 0.000000 0.000000
vt 0.000000 0.000000
vt 0.000000 0.000000
vt 0.000000 0.000000
vt 0.000000 0.000000
vt 0.000000 0.000000
vt 0.000000 0.000000
vt 0.000000 0.000000
vt 0.000000 0.000000
vt 0.000000 0.000000
vt 0.000000 0.000000
vt 0.000000 0.000000
vt 0.000000 0.000000
vt 0.000000 0.000000
vt 0.000000 0.000000
vt 0.000000 0.000000
vt 0.000000 0.000000
vt 0.000000 0.000000
vt 0.000000 0.000000
vt 0.000000 0.000000
vt 0.000000 0.000000
vt 0.000000 0.000000
vt 0.000000 0.000000
vt 0.000000 0.000000
vt 0.000000 0.000000
vt 0.000000 0.000000
vt 0.000000 0.000000
vt 0.000000 0.000000
vt 0.000000 0.000000
vt 0.000000 0.000000
vt 0.000000 0.000000
vt 0.000000 0.000000
vt 0.000000 0.000000
vt 0.000000 0.000000
vt 0.000000 0.000000
vt 0.000000 0.000000
vt 0.000000 0.000000
vt 0.000000 0.000000
vt 0.000000 0.000000
vt 0.000000 0.000000
vt 0.000000 0.000000
vt 0.000000 0.000000
vt 0.000000 0.000000
vt 0.000000 0.000000
vt 0.000000 0.000000
vt 0.000000 0.000000
vt 0.000000 0.000000
vt 0.000000 0.000000
vt 0.000000 0.000000
vt 0.000000 0.000000
vt 0.000000 0.000000
vt 0.000000 0.000000
vt 0.000000 0.000000
vt 0.000000 0.000000
vt 0.000000 0.000000
vt 0.000000 0.000000
vt 0.000000 0.000000
vt 0.000000 0.000000
vt 0.000000 0.000000
vt 0.000000 0.000000
vt 0.000000 0.000000
vt 0.000000 0.000000
vt 0.000000 0.000000
vt 0.000000 0.000000
vt 0.000000 0.000000
vt 0.000000 0.000000
vt 0.000000 0.000000
vt 0.000000 0.000000
vt 0.000000 0.000000
vt 0.000000 0.000000
vt 0.000000 0.000000
vt 0.000000 0.000000
vt 0.000000 0.000000
vt 0.000000 0.000000
vt 0.000000 0.000000
vt 0.000000 0.000000
vt 0.000000 0.000000
vt 0.000000 0.000000
vt 0.000000 0.000000
vt 0.000000 0.000000
vt 0.000000 0.000000
vt 0.000000 0.000000
vt 0.000000 0.000000
vt 0.000000 0.000000
vt 0.000000 0.000000
vt 0.000000 0.000000
vt 0.000000 0.000000
vt 0.000000 0.000000
vt 0.000000 0.000000
vt 0.000000 0.000000
vt 0.000000 0.000000
vt 0.000000 0.000000
vt 0.000000 0.000000
vt 0.000000 0.000000
vt 0.000000 0.000000
vt 0.000000 0.000000
vt 0.000000 0.000000
vt 0.000000 0.000000
vt 0.000000 0.000000
vt 0.000000 0.000000
vt 0.000000 0.000000
vt 0.000000 0.000000
vt 0.000000 0.000000
vt 0.000000 0.000000
vt 0.000000 0.000000
vt 0.000000 0.000000
vt 0.000000 0.000000
vt 0.000000 0.000000
vt 0.000000 0.000000
vt 0.000000 0.000000
vt 0.000000 0.000000
vt 0.000000 0.000000
vt 0.000000 0.000000
vt 0.000000 0.000000
vt 0.000000 0.000000
vt 0.000000 0.000000
vt 0.000000 0.000000
vt 0.000000 0.000000
vt 0.000000 0.000000
vt 0.000000 0.000000
vt 0.000000 0.000000
vt 0.000000 0.000000
vt 0.000000 0.000000
vt 0.000000 0.000000
vt 0.000000 0.000000
vt 0.000000 0.000000
vt 0.000000 0.000000
vt 0.000000 0.000000
vt 0.000000 0.000000
vt 0.000000 0.000000
vt 0.000000 0.000000
vt 0.000000 0.000000
vt 0.000000 0.000000
vt 0.000000 0.000000
vt 0.000000 0.000000
vt 0.000000 0.000000
vt 0.000000 0.000000
vt 0.000000 0.000000
vt 0.000000 0.000000
vt 0.000000 0.000000
vt 0.000000 0.000000
vt 0.000000 0.000000
vt 0.000000 0.000000
vt 0.000000 0.000000
vt 0.000000 0.000000
vt 0.000000 0.000000
vt 0.000000 0.000000
vt 0.000000 0.000000
vt 0.000000 0.000000
vt 0.000000 0.000000
vt 0.000000 0.000000
vt 0.000000 0.000000
vt 0.000000 0.000000
vt 0.000000 0.000000
vt 0.000000 0.000000
vt 0.000000 0.000000
vt 0.000000 0.000000
vt 0.000000 0.000000
vt 0.000000 0.000000
vt 0.000000 0.000000
vt 0.000000 0.000000
vt 0.000000 0.000000
vt 0.000000 0.000000
vt 0.000000 0.000000
vt 0.000000 0.000000
vt 0.000000 0.000000
vt 0.000000 0.000000
vt 0.000000 0.000000
vt 0.000000 0.000000
vt 0.000000 0.000000
vt 0.000000 0.000000
vt 0.000000 0.000000
vt 0.000000 0.000000
vt 0.000000 0.000000
vt 0.000000 0.000000
vt 0.000000 0.000000
vt 0.000000 0.000000
vt 0.000000 0.000000
vt 0.000000 0.000000
vt 0.000000 0.000000
vt 0.000000 0.000000
vt 0.000000 0.000000
vt 0.000000 0.000000
vt 0.000000 0.000000
vt 0.000000 0.000000
vt 0.000000 0.000000
vt 0.000000 0.000000
vt 0.000000 0.000000
vt 0.000000 0.000000
vt 0.000000 0.000000
vt 0.000000 0.000000
vt 0.000000 0.000000
vt 0.000000 0.000000
vt 0.000000 0.000000
vt 0.000000 0.000000
vt 0.000000 0.000000
vt 0.000000 0.000000
vt 0.000000 0.000000
vt 0.000000 0.000000
vt 0.000000 0.000000
vt 0.000000 0.000000
vt 0.000000 0.000000
vt 0.000000 0.000000
vt 0.000000 0.000000
vt 0.000000 0.000000
vt 0.000000 0.000000
vt 0.000000 0.000000
vt 0.000000 0.000000
vt 0.000000 0.000000
vt 0.000000 0.000000
vt 0.000000 0.000000
vt 0.000000 0.000000
vt 0.000000 0.000000
vt 0.000000 0.000000
vt 0.000000 0.000000
vt 0.000000 0.000000
vt 0.000000 0.000000
vt 0.000000 0.000000
vt 0.000000 0.000000
vt 0.000000 0.000000
vt 0.000000 0.000000
vt 0.000000 0.000000
vt 0.000000 0.000000
vt 0.000000 0.000000
vt 0.000000 0.000000
vt 0.000000 0.000000
vt 0.000000 0.000000
vt 0.000000 0.000000
vt 0.000000 0.000000
vt 0.000000 0.000000
vt 0.000000 0.000000
vt 0.000000 0.000000
vt 0.000000 0.000000
vt 0.000000 0.000000
vt 0.000000 0.000000
vt 0.000000 0.000000
vt 0.000000 0.000000
vt 0.000000 0.000000
vt 0.000000 0.000000
vt 0.000000 0.000000
vt 0.000000 0.000000
vt 0.000000 0.000000
vt 0.000000 0.000000
vt 0.000000 0.000000
vt 0.000000 0.000000
vt 0.000000 0.000000
vt 0.000000 0.000000
vt 0.000000 0.000000
vt 0.000000 0.000000
vt 0.000000 0.000000
vt 0.000000 0.000000
vt 0.000000 0.000000
vt 0.000000 0.000000
vt 0.000000 0.000000
vt 0.000000 0.000000
vt 0.000000 0.000000
vt 0.000000 0.000000
vt 0.000000 0.000000
vt 0.000000 0.000000
vt 0.000000 0.000000
vt 0.000000 0.000000
vt 0.000000 0.000000
vt 0.000000 0.000000
vt 0.000000 0.000000
vt 0.000000 0.000000
vt 0.000000 0.000000
vt 0.000000 0.000000
vt 0.000000 0.000000
vt 0.000000 0.000000
vt 0.000000 0.000000
vt 0.000000 0.000000
vt 0.000000 0.000000
vt 0.000000 0.000000
vt 0.000000 0.000000
vt 0.000000 0.000000
vt 0.000000 0.000000
vt 0.000000 0.000000
vt 0.000000 0.000000
vt 0.000000 0.000000
vt 0.000000 0.000000
vt 0.000000 0.000000
vt 0.000000 0.000000
vt 0.000000 0.000000
vt 0.000000 0.000000
vt 0.000000 0.000000
vt 0.000000 0.000000
vt 0.000000 0.000000
vt 0.000000 0.000000
vt 0.000000 0.000000
vt 0.000000 0.000000
vt 0.000000 0.000000
vt 0.000000 0.000000
vt 0.000000 0.000000
vt 0.000000 0.000000
vt 0.000000 0.000000
vt 0.000000 0.000000
vt 0.000000 0.000000
vt 0.000000 0.000000
vt 0.000000 0.000000
vt 0.000000 0.000000
vt 0.000000 0.000000
vt 0.000000 0.000000
vt 0.000000 0.000000
vt 0.000000 0.000000
vt 0.000000 0.000000
vt 0.000000 0.000000
vt 0.000000 0.000000
vt 0.000000 0.000000
vt 0.000000 0.000000
vt 0.000000 0.000000
vt 0.000000 0.000000
vt 0.000000 0.000000
vt 0.000000 0.000000
vt 0.000000 0.000000
vt 0.000000 0.000000
vt 0.000000 0.000000
vt 0.000000 0.000000
vt 0.000000 0.000000
vt 0.000000 0.000000
vt 0.000000 0.000000
vt 0.000000 0.000000
vt 0.000000 0.000000
vt 0.000000 0.000000
vt 0.000000 0.000000
vt 0.000000 0.000000
vt 0.000000 0.000000
vt 0.000000 0.000000
vt 0.000000 0.000000
vt 0.000000 0.000000
vt 0.000000 0.000000
vt 0.000000 0.000000
vt 0.000000 0.000000
vt 0.000000 0.000000
vt 0.000000 0.000000
vt 0.000000 0.000000
vt 0.000000 0.000000
vt 0.000000 0.000000
vt 0.000000 0.000000
vt 0.000000 0.000000
vt 0.000000 0.000000
vt 0.000000 0.000000
vt 0.000000 0.000000
vt 0.000000 0.000000
vt 0.000000 0.000000
vt 0.000000 0.000000
vt 0.000000 0.000000
vt 0.000000 0.000000
vt 0.000000 0.000000
vt 0.000000 0.000000
vt 0.000000 0.000000
vt 0.000000 0.000000
vt 0.000000 0.000000
vt 0.000000 0.000000
vt 0.000000 0.000000
vt 0.000000 0.000000
vt 0.000000 0.000000
vt 0.000000 0.000000
vt 0.000000 0.000000
vt 0.000000 0.000000
vt 0.000000 0.000000
vt 0.000000 0.000000
vt 0.000000 0.000000
vt 0.000000 0.000000
vt 0.000000 0.000000
vt 0.000000 0.000000
vt 0.000000 0.000000
vt 0.000000 0.000000
vt 0.000000 0.000000
vt 0.000000 0.000000
vt 0.000000 0.000000
vt 0.000000 0.000000
vt 0.000000 0.000000
vt 0.000000 0.000000
vt 0.000000 0.000000
vt 0.000000 0.000000
vt 0.000000 0.000000
vt 0.000000 0.000000
vt 0.000000 0.000000
vt 0.000000 0.000000
vt 0.000000 0.000000
vt 0.000000 0.000000
vt 0.000000 0.000000
vt 0.000000 0.000000
vt 0.000000 0.000000
vt 0.000000 0.000000
vt 0.000000 0.000000
vt 0.000000 0.000000
vt 0.000000 0.000000
vt 0.000000 0.000000
vt 0.000000 0.000000
vt 0.000000 0.000000
vt 0.000000 0.000000
vt 0.000000 0.000000
vt 0.000000 0.000000
vt 0.000000 0.000000
vt 0.000000 0.000000
vt 0.000000 0.000000
vt 0.000000 0.000000
vt 0.000000 0.000000
vt 0.000000 0.000000
vt 0.000000 0.000000
vt 0.000000 0.000000
vt 0.000000 0.000000
vt 0.000000 0.000000
vt 0.000000 0.000000
vt 0.000000 0.000000
vt 0.000000 0.000000
vt 0.000000 0.000000
vt 0.000000 0.000000
vt 0.000000 0.000000
vt 0.000000 0.000000
vt 0.000000 0.000000
vt 0.000000 0.000000
vt 0.000000 0.000000
vt 0.000000 0.000000
vt 0.000000 0.000000
vt 0.000000 0.000000
vt 0.000000 0.000000
vt 0.000000 0.000000
vt 0.000000 0.000000
vt 0.000000 0.000000
vt 0.000000 0.000000
vt 0.000000 0.000000
vt 0.000000 0.000000
vt 0.000000 0.000000
vt 0.000000 0.000000
vt 0.000000 0.000000
vt 0.000000 0.000000
vt 0.000000 0.000000
vt 0.000000 0.000000
vt 0.000000 0.000000
vt 0.000000 0.000000
vt 0.000000 0.000000
vt 0.000000 0.000000
vt 0.000000 0.000000
vt 0.000000 0.000000
vt 0.000000 0.000000
vt 0.000000 0.000000
vt 0.000000 0.000000
vt 0.000000 0.000000
vt 0.000000 0.000000
vt 0.000000 0.000000
vt 0.000000 0.000000
vt 0.000000 0.000000
vt 0.000000 0.000000
vt 0.000000 0.000000
vt 0.000000 0.000000
vt 0.000000 0.000000
vt 0.000000 0.000000
vt 0.000000 0.000000
vt 0.000000 0.000000
vt 0.000000 0.000000
vt 0.000000 0.000000
vt 0.000000 0.000000
vt 0.000000 0.000000
vt 0.000000 0.000000
vt 0.000000 0.000000
vt 0.000000 0.000000
vt 0.000000 0.000000
vt 0.000000 0.000000
vt 0.000000 0.000000
vt 0.000000 0.000000
vt 0.000000 0.000000
vt 0.000000 0.000000
vt 0.000000 0.000000
vt 0.000000 0.000000
vt 0.000000 0.000000
vt 0.000000 0.000000
vt 0.000000 0.000000
vt 0.000000 0.000000
vt 0.000000 0.000000
vt 0.000000 0.000000
vt 0.000000 0.000000
vt 0.000000 0.000000
vt 0.000000 0.000000
vt 0.000000 0.000000
vt 0.000000 0.000000
vt 0.000000 0.000000
vt 0.000000 0.000000
vt 0.000000 0.000000
vt 0.000000 0.000000
vt 0.000000 0.000000
vt 0.000000 0.000000
vt 0.000000 0.000000
vt 0.000000 0.000000
vt 0.000000 0.000000
vt 0.000000 0.000000
vt 0.000000 0.000000
vt 0.000000 0.000000
vt 0.000000 0.000000
vt 0.000000 0.000000
vt 0.000000 0.000000
vt 0.000000 0.000000
vt 0.000000 0.000000
vt 0.000000 0.000000
vt 0.000000 0.000000
vt 0.000000 0.000000
vt 0.000000 0.000000
vt 0.000000 0.000000
vt 0.000000 0.000000
vt 0.000000 0.000000
vt 0.000000 0.000000
vt 0.000000 0.000000
vt 0.000000 0.000000
vt 0.000000 0.000000
vt 0.000000 0.000000
vt 0.000000 0.000000
vt 0.000000 0.000000
vt 0.000000 0.000000
vt 0.000000 0.000000
vt 0.000000 0.000000
vt 0.000000 0.000000
vt 0.000000 0.000000
vt 0.000000 0.000000
vt 0.000000 0.000000
vt 0.000000 0.000000
vt 0.000000 0.000000
vt 0.000000 0.000000
vt 0.000000 0.000000
vt 0.000000 0.000000
vt 0.000000 0.000000
vt 0.000000 0.000000
vt 0.000000 0.000000
vt 0.000000 0.000000
vt 0.000000 0.000000
vt 0.000000 0.000000
vt 0.000000 0.000000
vt 0.000000 0.000000
vt 0.000000 0.000000
vt 0.000000 0.000000
vt 0.000000 0.000000
vt 0.000000 0.000000
vt 0.000000 0.000000
vt 0.000000 0.000000
vt 0.000000 0.000000
vt 0.000000 0.000000
vt 0.000000 0.000000
vt 0.000000 0.000000
vt 0.000000 0.000000
vt 0.000000 0.000000
vt 0.000000 0.000000
vt 0.000000 0.000000
vt 0.000000 0.000000
vt 0.000000 0.000000
vt 0.000000 0.000000
vt 0.000000 0.000000
vt 0.000000 0.000000
vt 0.000000 0.000000
vt 0.000000 0.000000
vt 0.000000 0.000000
vt 0.000000 0.000000
vt 0.000000 0.000000
vt 0.000000 0.000000
vt 0.000000 0.000000
vt 0.000000 0.000000
vt 0.000000 0.000000
vt 0.000000 0.000000
vt 0.000000 0.000000
vt 0.000000 0.000000
vt 0.000000 0.000000
vt 0.000000 0.000000
vt 0.000000 0.000000
vt 0.000000 0.000000
vt 0.000000 0.000000
vt 0.000000 0.000000
vt 0.000000 0.000000
vt 0.000000 0.000000
vt 0.000000 0.000000
vt 0.000000 0.000000
vt 0.000000 0.000000
vt 0.000000 0.000000
vt 0.000000 0.000000
vt 0.000000 0.000000
vt 0.000000 0.000000
vt 0.000000 0.000000
vt 0.000000 0.000000
vt 0.000000 0.000000
vt 0.000000 0.000000
vt 0.000000 0.000000
vt 0.000000 0.000000
vt 0.000000 0.000000
vt 0.000000 0.000000
vt 0.000000 0.000000
vt 0.000000 0.000000
vt 0.000000 0.000000
vt 0.000000 0.000000
vt 0.000000 0.000000
vt 0.000000 0.000000
vt 0.000000 0.000000
vt 0.000000 0.000000
vt 0.000000 0.000000
vt 0.000000 0.000000
vt 0.000000 0.000000
vt 0.000000 0.000000
vt 0.000000 0.000000
vt 0.000000 0.000000
vt 0.000000 0.000000
vt 0.000000 0.000000
vt 0.000000 0.000000
vt 0.000000 0.000000
vt 0.000000 0.000000
vt 0.000000 0.000000
vt 0.000000 0.000000
vt 0.000000 0.000000
vt 0.000000 0.000000
vt 0.000000 0.000000
vt 0.000000 0.000000
vt 0.000000 0.000000
vt 0.000000 0.000000
vt 0.000000 0.000000
vt 0.000000 0.000000
vt 0.000000 0.000000
vt 0.000000 0.000000
vt 0.000000 0.000000
vt 0.000000 0.000000
vt 0.000000 0.000000
vt 0.000000 0.000000
vt 0.000000 0.000000
vt 0.000000 0.000000
vt 0.000000 0.000000
vt 0.000000 0.000000
vt 0.000000 0.000000
vt 0.000000 0.000000
vt 0.000000 0.000000
vt 0.000000 0.000000
vt 0.000000 0.000000
vt 0.000000 0.000000
vt 0.000000 0.000000
vt 0.000000 0.000000
vt 0.000000 0.000000
vt 0.000000 0.000000
vt 0.000000 0.000000
vt 0.000000 0.000000
vt 0.000000 0.000000
vt 0.000000 0.000000
vt 0.000000 0.000000
vt 0.000000 0.000000
vt 0.000000 0.000000
vt 0.000000 0.000000
vt 0.000000 0.000000
vt 0.000000 0.000000
vt 0.000000 0.000000
vt 0.000000 0.000000
vt 0.000000 0.000000
vt 0.000000 0.000000
vt 0.000000 0.000000
vt 0.000000 0.000000
vt 0.000000 0.000000
vt 0.000000 0.000000
vt 0.000000 0.000000
vt 0.000000 0.000000
vt 0.000000 0.000000
vt 0.000000 0.000000
vt 0.000000 0.000000
vt 0.000000 0.000000
vt 0.000000 0.000000
vt 0.000000 0.000000
vt 0.000000 0.000000
vt 0.000000 0.000000
vt 0.000000 0.000000
vt 0.000000 0.000000
vt 0.000000 0.000000
vt 0.000000 0.000000
vt 0.000000 0.000000
vt 0.000000 0.000000
vt 0.000000 0.000000
vt 0.000000 0.000000
vt 0.000000 0.000000
vt 0.000000 0.000000
vt 0.000000 0.000000
vt 0.000000 0.000000
vt 0.000000 0.000000
vt 0.000000 0.000000
vt 0.000000 0.000000
vt 0.000000 0.000000
vt 0.000000 0.000000
vt 0.000000 0.000000
vt 0.000000 0.000000
vt 0.000000 0.000000
vt 0.000000 0.000000
vt 0.000000 0.000000
vt 0.000000 0.000000
vt 0.000000 0.000000
vt 0.000000 0.000000
vt 0.000000 0.000000
vt 0.000000 0.000000
vt 0.000000 0.000000
vt 0.000000 0.000000
vt 0.000000 0.000000
vt 0.000000 0.000000
vt 0.000000 0.000000
vt 0.000000 0.000000
vt 0.000000 0.000000
vt 0.000000 0.000000
vt 0.000000 0.000000
vt 0.000000 0.000000
vt 0.000000 0.000000
vt 0.000000 0.000000
vt 0.000000 0.000000
vt 0.000000 0.000000
vt 0.000000 0.000000
vt 0.000000 0.000000
vt 0.000000 0.000000
vt 0.000000 0.000000
vt 0.000000 0.000000
vt 0.000000 0.000000
vt 0.000000 0.000000
vt 0.000000 0.000000
vt 0.000000 0.000000
vt 0.000000 0.000000
vt 0.000000 0.000000
vt 0.000000 0.000000
vt 0.000000 0.000000
vt 0.000000 0.000000
vt 0.000000 0.000000
vt 0.000000 0.000000
vt 0.000000 0.000000
vt 0.000000 0.000000
vt 0.000000 0.000000
vt 0.000000 0.000000
vt 0.000000 0.000000
vt 0.000000 0.000000
vt 0.000000 0.000000
vt 0.000000 0.000000
vt 0.000000 0.000000
vt 0.000000 0.000000
vt 0.000000 0.000000
vt 0.000000 0.000000
vt 0.000000 0.000000
vt 0.000000 0.000000
vt 0.000000 0.000000
vt 0.000000 0.000000
vt 0.000000 0.000000
vt 0.000000 0.000000
vt 0.000000 0.000000
vt 0.000000 0.000000
vt 0.000000 0.000000
vt 0.000000 0.000000
vt 0.000000 0.000000
vt 0.000000 0.000000
vt 0.000000 0.000000
vt 0.000000 0.000000
vt 0.000000 0.000000
vt 0.000000 0.000000
vt 0.000000 0.000000
vt 0.000000 0.000000
vt 0.000000 0.000000
vt 0.000000 0.000000
vt 0.000000 0.000000
vt 0.000000 0.000000
vt 0.000000 0.000000
vt 0.000000 0.000000
vt 0.000000 0.000000
vt 0.000000 0.000000
vt 0.000000 0.000000
vt 0.000000 0.000000
vt 0.000000 0.000000
vt 0.000000 0.000000
vt 0.000000 0.000000
vt 0.000000 0.000000
vt 0.000000 0.000000
vt 0.000000 0.000000
vt 0.000000 0.000000
vt 0.000000 0.000000
vt 0.000000 0.000000
vt 0.000000 0.000000
vt 0.000000 0.000000
vt 0.000000 0.000000
vt 0.000000 0.000000
vt 0.000000 0.000000
vt 0.000000 0.000000
vt 0.000000 0.000000
vt 0.000000 0.000000
vt 0.000000 0.000000
vt 0.000000 0.000000
vt 0.000000 0.000000
vt 0.000000 0.000000
vt 0.000000 0.000000
vt 0.000000 0.000000
vt 0.000000 0.000000
vt 0.000000 0.000000
vt 0.000000 0.000000
vt 0.000000 0.000000
vt 0.000000 0.000000
vt 0.000000 0.000000
vt 0.000000 0.000000
vt 0.000000 0.000000
vt 0.000000 0.000000
vt 0.000000 0.000000
vt 0.000000 0.000000
vt 0.000000 0.000000
vt 0.000000 0.000000
vt 0.000000 0.000000
vt 0.000000 0.000000
vt 0.000000 0.000000
vt 0.000000 0.000000
vt 0.000000 0.000000
vt 0.000000 0.000000
vt 0.000000 0.000000
vt 0.000000 0.000000
vt 0.000000 0.000000
vt 0.000000 0.000000
vt 0.000000 0.000000
vt 0.000000 0.000000
vt 0.000000 0.000000
vt 0.000000 0.000000
vt 0.000000 0.000000
vt 0.000000 0.000000
vt 0.000000 0.000000
vt 0.000000 0.000000
vt 0.000000 0.000000
vt 0.000000 0.000000
vt 0.000000 0.000000
vt 0.000000 0.000000
vt 0.000000 0.000000
vt 0.000000 0.000000
vt 0.000000 0.000000
vt 0.000000 0.000000
vt 0.000000 0.000000
vt 0.000000 0.000000
vt 0.000000 0.000000
vt 0.000000 0.000000
vt 0.000000 0.000000
vt 0.000000 0.000000
vt 0.000000 0.000000
vt 0.000000 0.000000
vt 0.000000 0.000000
vt 0.000000 0.000000
vt 0.000000 0.000000
vt 0.000000 0.000000
vt 0.000000 0.000000
vt 0.000000 0.000000
vt 0.000000 0.000000
vt 0.000000 0.000000
vt 0.000000 0.000000
vt 0.000000 0.000000
vt 0.000000 0.000000
vt 0.000000 0.000000
vt 0.000000 0.000000
vt 0.000000 0.000000
vt 0.000000 0.000000
vt 0.000000 0.000000
vt 0.000000 0.000000
vt 0.000000 0.000000
vt 0.000000 0.000000
vt 0.000000 0.000000
vt 0.000000 0.000000
vt 0.000000 0.000000
vt 0.000000 0.000000
vt 0.000000 0.000000
vt 0.000000 0.000000
vt 0.000000 0.000000
vt 0.000000 0.000000
vt 0.000000 0.000000
vt 0.000000 0.000000
vt 0.000000 0.000000
vt 0.000000 0.000000
vt 0.000000 0.000000
vt 0.000000 0.000000
vt 0.000000 0.000000
vt 0.000000 0.000000
vt 0.000000 0.000000
vt 0.000000 0.000000
vt 0.000000 0.000000
vt 0.000000 0.000000
vt 0.000000 0.000000
vt 0.000000 0.000000
vt 0.000000 0.000000
vt 0.000000 0.000000
vt 0.000000 0.000000
vt 0.000000 0.000000
vt 0.000000 0.000000
vt 0.000000 0.000000
vt 0.000000 0.000000
vt 0.000000 0.000000
vt 0.000000 0.000000
vt 0.000000 0.000000
vt 0.000000 0.000000
vt 0.000000 0.000000
vt 0.000000 0.000000
vt 0.000000 0.000000
vt 0.000000 0.000000
vt 0.000000 0.000000
vt 0.000000 0.000000
vt 0.000000 0.000000
vt 0.000000 0.000000
vt 0.000000 0.000000
vt 0.000000 0.000000
vt 0.000000 0.000000
vt 0.000000 0.000000
vt 0.000000 0.000000
vt 0.000000 0.000000
vt 0.000000 0.000000
vt 0.000000 0.000000
vt 0.000000 0.000000
vt 0.000000 0.000000
vt 0.000000 0.000000
vt 0.000000 0.000000
vt 0.000000 0.000000
vt 0.000000 0.000000
vt 0.000000 0.000000
vt 0.000000 0.000000
vt 0.000000 0.000000
vt 0.000000 0.000000
vt 0.000000 0.000000
vt 0.000000 0.000000
vt 0.000000 0.000000
vt 0.000000 0.000000
vt 0.000000 0.000000
vt 0.000000 0.000000
vt 0.000000 0.000000
vt 0.000000 0.000000
vt 0.000000 0.000000
vt 0.000000 0.000000
vt 0.000000 0.000000
vt 0.000000 0.000000
vt 0.000000 0.000000
vt 0.000000 0.000000
vt 0.000000 0.000000
vt 0.000000 0.000000
vt 0.000000 0.000000
vt 0.000000 0.000000
vt 0.000000 0.000000
vt 0.000000 0.000000
vt 0.000000 0.000000
vt 0.000000 0.000000
vt 0.000000 0.000000
vt 0.000000 0.000000
vt 0.000000 0.000000
vt 0.000000 0.000000
vt 0.000000 0.000000
vt 0.000000 0.000000
vt 0.000000 0.000000
vt 0.000000 0.000000
vt 0.000000 0.000000
vt 0.000000 0.000000
vt 0.000000 0.000000
vt 0.000000 0.000000
vt 0.000000 0.000000
vt 0.000000 0.000000
vt 0.000000 0.000000
vt 0.000000 0.000000
vt 0.000000 0.000000
vt 0.000000 0.000000
vt 0.000000 0.000000
vt 0.000000 0.000000
vt 0.000000 0.000000
vt 0.000000 0.000000
vt 0.000000 0.000000
vt 0.000000 0.000000
vt 0.000000 0.000000
vt 0.000000 0.000000
vt 0.000000 0.000000
vt 0.000000 0.000000
vt 0.000000 0.000000
vt 0.000000 0.000000
vt 0.000000 0.000000
vt 0.000000 0.000000
vt 0.000000 0.000000
vt 0.000000 0.000000
vt 0.000000 0.000000
vt 0.000000 0.000000
vt 0.000000 0.000000
vt 0.000000 0.000000
vt 0.000000 0.000000
vt 0.000000 0.000000
vt 0.000000 0.000000
vt 0.000000 0.000000
vt 0.000000 0.000000
vt 0.000000 0.000000
vt 0.000000 0.000000
vt 0.000000 0.000000
vt 0.000000 0.000000
vt 0.000000 0.000000
vt 0.000000 0.000000
vt 0.000000 0.000000
vt 0.000000 0.000000
vt 0.000000 0.000000
vt 0.000000 0.000000
vt 0.000000 0.000000
vt 0.000000 0.000000
vt 0.000000 0.000000
vt 0.000000 0.000000
vt 0.000000 0.000000
vt 0.000000 0.000000
vt 0.000000 0.000000
vt 0.000000 0.000000
vt 0.000000 0.000000
vt 0.000000 0.000000
vt 0.000000 0.000000
vt 0.000000 0.000000
vt 0.000000 0.000000
vt 0.000000 0.000000
vt 0.000000 0.000000
vt 0.000000 0.000000
vt 0.000000 0.000000
vt 0.000000 0.000000
vt 0.000000 0.000000
vt 0.000000 0.000000
vt 0.000000 0.000000
vt 0.000000 0.000000
vt 0.000000 0.000000
vt 0.000000 0.000000
vt 0.000000 0.000000
vt 0.000000 0.000000
vt 0.000000 0.000000
vt 0.000000 0.000000
vt 0.000000 0.000000
vt 0.000000 0.000000
vt 0.000000 0.000000
vt 0.000000 0.000000
vt 0.000000 0.000000
vt 0.000000 0.000000
vt 0.000000 0.000000
vt 0.000000 0.000000
vt 0.000000 0.000000
vt 0.000000 0.000000
vt 0.000000 0.000000
vt 0.000000 0.000000
vt 0.000000 0.000000
vt 0.000000 0.000000
vt 0.000000 0.000000
vt 0.000000 0.000000
vt 0.000000 0.000000
vt 0.000000 0.000000
vt 0.000000 0.000000
vt 0.000000 0.000000
vt 0.000000 0.000000
vt 0.000000 0.000000
vt 0.000000 0.000000
vt 0.000000 0.000000
vt 0.000000 0.000000
vt 0.000000 0.000000
vt 0.000000 0.000000
vt 0.000000 0.000000
vt 0.000000 0.000000
vt 0.000000 0.000000
vt 0.000000 0.000000
vt 0.000000 0.000000
vt 0.000000 0.000000
vt 0.000000 0.000000
vt 0.000000 0.000000
vt 0.000000 0.000000
vt 0.000000 0.000000
vt 0.000000 0.000000
vt 0.000000 0.000000
vt 0.000000 0.000000
vt 0.000000 0.000000
vt 0.000000 0.000000
vt 0.000000 0.000000
vt 0.000000 0.000000
vt 0.000000 0.000000
vt 0.000000 0.000000
vt 0.000000 0.000000
vt 0.000000 0.000000
vt 0.000000 0.000000
vt 0.000000 0.000000
vt 0.000000 0.000000
vt 0.000000 0.000000
vt 0.000000 0.000000
vt 0.000000 0.000000
vt 0.000000 0.000000
vt 0.000000 0.000000
vt 0.000000 0.000000
vt 0.000000 0.000000
vt 0.000000 0.000000
vt 0.000000 0.000000
vt 0.000000 0.000000
vt 0.000000 0.000000
vt 0.000000 0.000000
vt 0.000000 0.000000
vt 0.000000 0.000000
vt 0.000000 0.000000
vt 0.000000 0.000000
vt 0.000000 0.000000
vt 0.000000 0.000000
vt 0.000000 0.000000
vt 0.000000 0.000000
vt 0.000000 0.000000
vt 0.000000 0.000000
vt 0.000000 0.000000
vt 0.000000 0.000000
vt 0.000000 0.000000
vt 0.000000 0.000000
vt 0.000000 0.000000
vt 0.000000 0.000000
vt 0.000000 0.000000
vt 0.000000 0.000000
vt 0.000000 0.000000
vt 0.000000 0.000000
vt 0.000000 0.000000
vt 0.000000 0.000000
vt 0.000000 0.000000
vt 0.000000 0.000000
vt 0.000000 0.000000
vt 0.000000 0.000000
vt 0.000000 0.000000
vt 0.000000 0.000000
vt 0.000000 0.000000
vt 0.000000 0.000000
vt 0.000000 0.000000
vt 0.000000 0.000000
vt 0.000000 0.000000
vt 0.000000 0.000000
vt 0.000000 0.000000
vt 0.000000 0.000000
vt 0.000000 0.000000
vt 0.000000 0.000000
vt 0.000000 0.000000
vt 0.000000 0.000000
vt 0.000000 0.000000
vt 0.000000 0.000000
vt 0.000000 0.000000
vt 0.000000 0.000000
vt 0.000000 0.000000
vt 0.000000 0.000000
vt 0.000000 0.000000
vt 0.000000 0.000000
vt 0.000000 0.000000
vt 0.000000 0.000000
vt 0.000000 0.000000
vt 0.000000 0.000000
vt 0.000000 0.000000
vt 0.000000 0.000000
vt 0.000000 0.000000
vt 0.000000 0.000000
vt 0.000000 0.000000
vt 0.000000 0.000000
vt 0.000000 0.000000
vt 0.000000 0.000000
vt 0.000000 0.000000
vt 0.000000 0.000000
vt 0.000000 0.000000
vt 0.000000 0.000000
vt 0.000000 0.000000
vt 0.000000 0.000000
vt 0.000000 0.000000
vt 0.000000 0.000000
vt 0.000000 0.000000
vt 0.000000 0.000000
vt 0.000000 0.000000
vt 0.000000 0.000000
vt 0.000000 0.000000
vt 0.000000 0.000000
vt 0.000000 0.000000
vt 0.000000 0.000000
vt 0.000000 0.000000
vt 0.000000 0.000000
vt 0.000000 0.000000
vt 0.000000 0.000000
vt 0.000000 0.000000
vt 0.000000 0.000000
vt 0.000000 0.000000
vt 0.000000 0.000000
vt 0.000000 0.000000
vt 0.000000 0.000000
vt 0.000000 0.000000
vt 0.000000 0.000000
vt 0.000000 0.000000
vt 0.000000 0.000000
vt 0.000000 0.000000
vt 0.000000 0.000000
vt 0.000000 0.000000
vt 0.000000 0.000000
vt 0.000000 0.000000
vt 0.000000 0.000000
vt 0.000000 0.000000
vt 0.000000 0.000000
vt 0.000000 0.000000
vt 0.000000 0.000000
vt 0.000000 0.000000
vt 0.000000 0.000000
vt 0.000000 0.000000
vt 0.000000 0.000000
vt 0.000000 0.000000
vt 0.000000 0.000000
vt 0.000000 0.000000
vt 0.000000 0.000000
vt 0.000000 0.000000
vt 0.000000 0.000000
vt 0.000000 0.000000
vt 0.000000 0.000000
vt 0.000000 0.000000
vt 0.000000 0.000000
vt 0.000000 0.000000
vt 0.000000 0.000000
vt 0.000000 0.000000
vt 0.000000 0.000000
vt 0.000000 0.000000
vt 0.000000 0.000000
vt 0.000000 0.000000
vt 0.000000 0.000000
vt 0.000000 0.000000
vt 0.000000 0.000000
vt 0.000000 0.000000
vt 0.000000 0.000000
vt 0.000000 0.000000
vt 0.000000 0.000000
vt 0.000000 0.000000
vt 0.000000 0.000000
vt 0.000000 0.000000
vt 0.000000 0.000000
vt 0.000000 0.000000
vt 0.000000 0.000000
vt 0.000000 0.000000
vt 0.000000 0.000000
vt 0.000000 0.000000
vt 0.000000 0.000000
vt 0.000000 0.000000
vt 0.000000 0.000000
vt 0.000000 0.000000
vt 0.000000 0.000000
vt 0.000000 0.000000
vt 0.000000 0.000000
vt 0.000000 0.000000
vt 0.000000 0.000000
vt 0.000000 0.000000
vt 0.000000 0.000000
vt 0.000000 0.000000
vt 0.000000 0.000000
vt 0.000000 0.000000
vt 0.000000 0.000000
vt 0.000000 0.000000
vt 0.000000 0.000000
vt 0.000000 0.000000
vt 0.000000 0.000000
vt 0.000000 0.000000
vt 0.000000 0.000000
vt 0.000000 0.000000
vt 0.000000 0.000000
vt 0.000000 0.000000
vt 0.000000 0.000000
vt 0.000000 0.000000
vt 0.000000 0.000000
vt 0.000000 0.000000
vt 0.000000 0.000000
vt 0.000000 0.000000
vt 0.000000 0.000000
vt 0.000000 0.000000
vt 0.000000 0.000000
vt 0.000000 0.000000
vt 0.000000 0.000000
vt 0.000000 0.000000
vt 0.000000 0.000000
vt 0.000000 0.000000
vt 0.000000 0.000000
vt 0.000000 0.000000
vt 0.000000 0.000000
vt 0.000000 0.000000
vt 0.000000 0.000000
vt 0.000000 0.000000
vt 0.000000 0.000000
vt 0.000000 0.000000
vt 0.000000 0.000000
vt 0.000000 0.000000
vt 0.000000 0.000000
vt 0.000000 0.000000
vt 0.000000 0.000000
vt 0.000000 0.000000
vt 0.000000 0.000000
vt 0.000000 0.000000
vt 0.000000 0.000000
vt 0.000000 0.000000
vt 0.000000 0.000000
vt 0.000000 0.000000
vt 0.000000 0.000000
vt 0.000000 0.000000
vt 0.000000 0.000000
vt 0.000000 0.000000
vt 0.000000 0.000000
vt 0.000000 0.000000
vt 0.000000 0.000000
vt 0.000000 0.000000
vt 0.000000 0.000000
vt 0.000000 0.000000
vt 0.000000 0.000000
vt 0.000000 0.000000
vt 0.000000 0.000000
vt 0.000000 0.000000
vt 0.000000 0.000000
vt 0.000000 0.000000
vt 0.000000 0.000000
vt 0.000000 0.000000
vt 0.000000 0.000000
vt 0.000000 0.000000
vt 0.000000 0.000000
vt 0.000000 0.000000
vt 0.000000 0.000000
vt 0.000000 0.000000
vt 0.000000 0.000000
vt 0.000000 0.000000
vt 0.000000 0.000000
vt 0.000000 0.000000
vt 0.000000 0.000000
vt 0.000000 0.000000
vt 0.000000 0.000000
vt 0.000000 0.000000
vt 0.000000 0.000000
vt 0.000000 0.000000
vt 0.000000 0.000000
vt 0.000000 0.000000
vt 0.000000 0.000000
vt 0.000000 0.000000
vt 0.000000 0.000000
vt 0.000000 0.000000
vt 0.000000 0.000000
vt 0.000000 0.000000
vt 0.000000 0.000000
vt 0.000000 0.000000
vt 0.000000 0.000000
vt 0.000000 0.000000
vt 0.000000 0.000000
vt 0.000000 0.000000
vt 0.000000 0.000000
vt 0.000000 0.000000
vt 0.000000 0.000000
vt 0.000000 0.000000
vt 0.000000 0.000000
vt 0.000000 0.000000
vt 0.000000 0.000000
vt 0.000000 0.000000
vt 0.000000 0.000000
vt 0.000000 0.000000
vt 0.000000 0.000000
vt 0.000000 0.000000
vt 0.000000 0.000000
vt 0.000000 0.000000
vt 0.000000 0.000000
vt 0.000000 0.000000
vt 0.000000 0.000000
vt 0.000000 0.000000
vt 0.000000 0.000000
vt 0.000000 0.000000
vt 0.000000 0.000000
vt 0.000000 0.000000
vt 0.000000 0.000000
vt 0.000000 0.000000
vt 0.000000 0.000000
vt 0.000000 0.000000
vt 0.000000 0.000000
vt 0.000000 0.000000
vt 0.000000 0.000000
vt 0.000000 0.000000
vt 0.000000 0.000000
vt 0.000000 0.000000
vt 0.000000 0.000000
vt 0.000000 0.000000
vt 0.000000 0.000000
vt 0.000000 0.000000
vt 0.000000 0.000000
vt 0.000000 0.000000
vt 0.000000 0.000000
vt 0.000000 0.000000
vt 0.000000 0.000000
vt 0.000000 0.000000
vt 0.000000 0.000000
vt 0.000000 0.000000
vt 0.000000 0.000000
vt 0.000000 0.000000
vt 0.000000 0.000000
vt 0.000000 0.000000
vt 0.000000 0.000000
vt 0.000000 0.000000
vt 0.000000 0.000000
vt 0.000000 0.000000
vt 0.000000 0.000000
vt 0.000000 0.000000
vt 0.000000 0.000000
vt 0.000000 0.000000
vt 0.000000 0.000000
vt 0.000000 0.000000
vt 0.000000 0.000000
vt 0.000000 0.000000
vt 0.000000 0.000000
vt 0.000000 0.000000
vt 0.000000 0.000000
vt 0.000000 0.000000
vt 0.000000 0.000000
vt 0.000000 0.000000
vt 0.000000 0.000000
vt 0.000000 0.000000
vt 0.000000 0.000000
vt 0.000000 0.000000
vt 0.000000 0.000000
vt 0.000000 0.000000
vt 0.000000 0.000000
vt 0.000000 0.000000
vt 0.000000 0.000000
vt 0.000000 0.000000
vt 0.000000 0.000000
vt 0.000000 0.000000
vt 0.000000 0.000000
vt 0.000000 0.000000
vt 0.000000 0.000000
vt 0.000000 0.000000
vt 0.000000 0.000000
vt 0.000000 0.000000
vt 0.000000 0.000000
vt 0.000000 0.000000
vt 0.000000 0.000000
vt 0.000000 0.000000
vt 0.000000 0.000000
vt 0.000000 0.000000
vt 0.000000 0.000000
vt 0.000000 0.000000
vt 0.000000 0.000000
vt 0.000000 0.000000
vt 0.000000 0.000000
vt 0.000000 0.000000
vt 0.000000 0.000000
vt 0.000000 0.000000
vt 0.000000 0.000000
vt 0.000000 0.000000
vt 0.000000 0.000000
vt 0.000000 0.000000
vt 0.000000 0.000000
vt 0.000000 0.000000
vt 0.000000 0.000000
vt 0.000000 0.000000
vt 0.000000 0.000000
vt 0.000000 0.000000
vt 0.000000 0.000000
vt 0.000000 0.000000
vt 0.000000 0.000000
vt 0.000000 0.000000
vt 0.000000 0.000000
vt 0.000000 0.000000
vt 0.000000 0.000000
vt 0.000000 0.000000
vt 0.000000 0.000000
vt 0.000000 0.000000
vt 0.000000 0.000000
vt 0.000000 0.000000
vt 0.000000 0.000000
vt 0.000000 0.000000
vt 0.000000 0.000000
vt 0.000000 0.000000
vt 0.000000 0.000000
vt 0.000000 0.000000
vt 0.000000 0.000000
vt 0.000000 0.000000
vt 0.000000 0.000000
vt 0.000000 0.000000
vt 0.000000 0.000000
vt 0.000000 0.000000
vt 0.000000 0.000000
vt 0.000000 0.000000
vt 0.000000 0.000000
vt 0.000000 0.000000
vt 0.000000 0.000000
vt 0.000000 0.000000
vt 0.000000 0.000000
vt 0.000000 0.000000
vt 0.000000 0.000000
vt 0.000000 0.000000
vt 0.000000 0.000000
vt 0.000000 0.000000
vt 0.000000 0.000000
vt 0.000000 0.000000
vt 0.000000 0.000000
vt 0.000000 0.000000
vt 0.000000 0.000000
vt 0.000000 0.000000
vt 0.000000 0.000000
vt 0.000000 0.000000
vt 0.000000 0.000000
vt 0.000000 0.000000
vt 0.000000 0.000000
vt 0.000000 0.000000
vt 0.000000 0.000000
vt 0.000000 0.000000
vt 0.000000 0.000000
vt 0.000000 0.000000
vt 0.000000 0.000000
vt 0.000000 0.000000
vt 0.000000 0.000000
vt 0.000000 0.000000
vt 0.000000 0.000000
vt 0.000000 0.000000
vt 0.000000 0.000000
vt 0.000000 0.000000
vt 0.000000 0.000000
vt 0.000000 0.000000
vt 0.000000 0.000000
vt 0.000000 0.000000
vt 0.000000 0.000000
vt 0.000000 0.000000
vt 0.000000 0.000000
vt 0.000000 0.000000
vt 0.000000 0.000000
vt 0.000000 0.000000
vt 0.000000 0.000000
vt 0.000000 0.000000
vt 0.000000 0.000000
vt 0.000000 0.000000
vt 0.000000 0.000000
vt 0.000000 0.000000
vt 0.000000 0.000000
vt 0.000000 0.000000
vt 0.000000 0.000000
vt 0.000000 0.000000
vt 0.000000 0.000000
vt 0.000000 0.000000
vt 0.000000 0.000000
vt 0.000000 0.000000
vt 0.000000 0.000000
vt 0.000000 0.000000
vt 0.000000 0.000000
vt 0.000000 0.000000
vt 0.000000 0.000000
vt 0.000000 0.000000
vt 0.000000 0.000000
vt 0.000000 0.000000
vt 0.000000 0.000000
vt 0.000000 0.000000
vt 0.000000 0.000000
vt 0.000000 0.000000
vt 0.000000 0.000000
vt 0.000000 0.000000
vt 0.000000 0.000000
vt 0.000000 0.000000
vt 0.000000 0.000000
vt 0.000000 0.000000
vt 0.000000 0.000000
vt 0.000000 0.000000
vt 0.000000 0.000000
vt 0.000000 0.000000
vt 0.000000 0.000000
vt 0.000000 0.000000
vt 0.000000 0.000000
vt 0.000000 0.000000
vt 0.000000 0.000000
vt 0.000000 0.000000
vt 0.000000 0.000000
vt 0.000000 0.000000
vt 0.000000 0.000000
vt 0.000000 0.000000
vt 0.000000 0.000000
vt 0.000000 0.000000
vt 0.000000 0.000000
vt 0.000000 0.000000
vt 0.000000 0.000000
vt 0.000000 0.000000
vt 0.000000 0.000000
vt 0.000000 0.000000
vt 0.000000 0.000000
vt 0.000000 0.000000
vt 0.000000 0.000000
vt 0.000000 0.000000
vt 0.000000 0.000000
vt 0.000000 0.000000
vt 0.000000 0.000000
vt 0.000000 0.000000
vt 0.000000 0.000000
vt 0.000000 0.000000
vt 0.000000 0.000000
vt 0.000000 0.000000
vt 0.000000 0.000000
vt 0.000000 0.000000
vt 0.000000 0.000000
vt 0.000000 0.000000
vt 0.000000 0.000000
vt 0.000000 0.000000
vt 0.000000 0.000000
vt 0.000000 0.000000
vt 0.000000 0.000000
vt 0.000000 0.000000
vt 0.000000 0.000000
vt 0.000000 0.000000
vt 0.000000 0.000000
vt 0.000000 0.000000
vt 0.000000 0.000000
vt 0.000000 0.000000
vt 0.000000 0.000000
vt 0.000000 0.000000
vt 0.000000 0.000000
vt 0.000000 0.000000
vt 0.000000 0.000000
vt 0.000000 0.000000
vt 0.000000 0.000000
vt 0.000000 0.000000
vt 0.000000 0.000000
vt 0.000000 0.000000
vt 0.000000 0.000000
vt 0.000000 0.000000
vt 0.000000 0.000000
vt 0.000000 0.000000
vt 0.000000 0.000000
vt 0.000000 0.000000
vt 0.000000 0.000000
vt 0.000000 0.000000
vt 0.000000 0.000000
vt 0.000000 0.000000
vt 0.000000 0.000000
vt 0.000000 0.000000
vt 0.000000 0.000000
vt 0.000000 0.000000
vt 0.000000 0.000000
vt 0.000000 0.000000
vt 0.000000 0.000000
vt 0.000000 0.000000
vt 0.000000 0.000000
vt 0.000000 0.000000
vt 0.000000 0.000000
vt 0.000000 0.000000
vt 0.000000 0.000000
vt 0.000000 0.000000
vt 0.000000 0.000000
vt 0.000000 0.000000
vt 0.000000 0.000000
vt 0.000000 0.000000
vt 0.000000 0.000000
vt 0.000000 0.000000
vt 0.000000 0.000000
vt 0.000000 0.000000
vt 0.000000 0.000000
vt 0.000000 0.000000
vt 0.000000 0.000000
vt 0.000000 0.000000
vt 0.000000 0.000000
vt 0.000000 0.000000
vt 0.000000 0.000000
vt 0.000000 0.000000
vt 0.000000 0.000000
vt 0.000000 0.000000
vt 0.000000 0.000000
vt 0.000000 0.000000
vt 0.000000 0.000000
vt 0.000000 0.000000
vt 0.000000 0.000000
vt 0.000000 0.000000
vt 0.000000 0.000000
vt 0.000000 0.000000
vt 0.000000 0.000000
vt 0.000000 0.000000
vt 0.000000 0.000000
vt 0.000000 0.000000
vt 0.000000 0.000000
vt 0.000000 0.000000
vt 0.000000 0.000000
vt 0.000000 0.000000
vt 0.000000 0.000000
vt 0.000000 0.000000
vt 0.000000 0.000000
vt 0.000000 0.000000
vt 0.000000 0.000000
vt 0.000000 0.000000
vt 0.000000 0.000000
vt 0.000000 0.000000
vt 0.000000 0.000000
vt 0.000000 0.000000
vt 0.000000 0.000000
vt 0.000000 0.000000
vt 0.000000 0.000000
vt 0.000000 0.000000
vt 0.000000 0.000000
vt 0.000000 0.000000
vt 0.000000 0.000000
vt 0.000000 0.000000
vt 0.000000 0.000000
vt 0.000000 0.000000
vt 0.000000 0.000000
vt 0.000000 0.000000
vt 0.000000 0.000000
vt 0.000000 0.000000
vt 0.000000 0.000000
vt 0.000000 0.000000
vt 0.000000 0.000000
vt 0.000000 0.000000
vt 0.000000 0.000000
vt 0.000000 0.000000
vt 0.000000 0.000000
vt 0.000000 0.000000
vt 0.000000 0.000000
vt 0.000000 0.000000
vt 0.000000 0.000000
vt 0.000000 0.000000
vt 0.000000 0.000000
vt 0.000000 0.000000
vt 0.000000 0.000000
vt 0.000000 0.000000
vt 0.000000 0.000000
vt 0.000000 0.000000
vt 0.000000 0.000000
vt 0.000000 0.000000
vt 0.000000 0.000000
vt 0.000000 0.000000
vt 0.000000 0.000000
vt 0.000000 0.000000
vt 0.000000 0.000000
vt 0.000000 0.000000
vt 0.000000 0.000000
vt 0.000000 0.000000
vt 0.000000 0.000000
vt 0.000000 0.000000
vt 0.000000 0.000000
vt 0.000000 0.000000
vt 0.000000 0.000000
vt 0.000000 0.000000
vt 0.000000 0.000000
vt 0.000000 0.000000
vt 0.000000 0.000000
vt 0.000000 0.000000
vt 0.000000 0.000000
vt 0.000000 0.000000
vt 0.000000 0.000000
vt 0.000000 0.000000
vt 0.000000 0.000000
vt 0.000000 0.000000
vt 0.000000 0.000000
vt 0.000000 0.000000
vt 0.000000 0.000000
vt 0.000000 0.000000
vt 0.000000 0.000000
vt 0.000000 0.000000
vt 0.000000 0.000000
vt 0.000000 0.000000
vt 0.000000 0.000000
vt 0.000000 0.000000
vt 0.000000 0.000000
vt 0.000000 0.000000
vt 0.000000 0.000000
vt 0.000000 0.000000
vt 0.000000 0.000000
vt 0.000000 0.000000
vt 0.000000 0.000000
vt 0.000000 0.000000
vt 0.000000 0.000000
vt 0.000000 0.000000
vt 0.000000 0.000000
vt 0.000000 0.000000
vt 0.000000 0.000000
vt 0.000000 0.000000
vt 0.000000 0.000000
vt 0.000000 0.000000
vt 0.000000 0.000000
vt 0.000000 0.000000
vt 0.000000 0.000000
vt 0.000000 0.000000
vt 0.000000 0.000000
vt 0.000000 0.000000
vt 0.000000 0.000000
vt 0.000000 0.000000
vt 0.000000 0.000000
vt 0.000000 0.000000
vt 0.000000 0.000000
vt 0.000000 0.000000
vt 0.000000 0.000000
vt 0.000000 0.000000
vt 0.000000 0.000000
vt 0.000000 0.000000
vt 0.000000 0.000000
vt 0.000000 0.000000
vt 0.000000 0.000000
vt 0.000000 0.000000
vt 0.000000 0.000000
vt 0.000000 0.000000
vt 0.000000 0.000000
vt 0.000000 0.000000
vt 0.000000 0.000000
vt 0.000000 0.000000
vt 0.000000 0.000000
vt 0.000000 0.000000
vt 0.000000 0.000000
vt 0.000000 0.000000
vt 0.000000 0.000000
vt 0.000000 0.000000
vt 0.000000 0.000000
vt 0.000000 0.000000
vt 0.000000 0.000000
vt 0.000000 0.000000
vt 0.000000 0.000000
vt 0.000000 0.000000
vt 0.000000 0.000000
vt 0.000000 0.000000
vt 0.000000 0.000000
vt 0.000000 0.000000
vt 0.000000 0.000000
vt 0.000000 0.000000
vt 0.000000 0.000000
vt 0.000000 0.000000
vt 0.000000 0.000000
vt 0.000000 0.000000
vt 0.000000 0.000000
vt 0.000000 0.000000
vt 0.000000 0.000000
vt 0.000000 0.000000
vt 0.000000 0.000000
vt 0.000000 0.000000
vt 0.000000 0.000000
vt 0.000000 0.000000
vt 0.000000 0.000000
vt 0.000000 0.000000
vt 0.000000 0.000000
vt 0.000000 0.000000
vt 0.000000 0.000000
vt 0.000000 0.000000
vt 0.000000 0.000000
vt 0.000000 0.000000
vt 0.000000 0.000000
vt 0.000000 0.000000
vt 0.000000 0.000000
vt 0.000000 0.000000
vt 0.000000 0.000000
vt 0.000000 0.000000
vt 0.000000 0.000000
vt 0.000000 0.000000
vt 0.000000 0.000000
vt 0.000000 0.000000
vt 0.000000 0.000000
vt 0.000000 0.000000
vt 0.000000 0.000000
vt 0.000000 0.000000
vt 0.000000 0.000000
vt 0.000000 0.000000
vt 0.000000 0.000000
vt 0.000000 0.000000
vt 0.000000 0.000000
vt 0.000000 0.000000
vt 0.000000 0.000000
vt 0.000000 0.000000
vt 0.000000 0.000000
vt 0.000000 0.000000
vt 0.000000 0.000000
vt 0.000000 0.000000
vt 0.000000 0.000000
vt 0.000000 0.000000
vt 0.000000 0.000000
vt 0.000000 0.000000
vt 0.000000 0.000000
vt 0.000000 0.000000
vt 0.000000 0.000000
vt 0.000000 0.000000
vt 0.000000 0.000000
vt 0.000000 0.000000
vt 0.000000 0.000000
vt 0.000000 0.000000
vt 0.000000 0.000000
vt 0.000000 0.000000
vt 0.000000 0.000000
vt 0.000000 0.000000
vt 0.000000 0.000000
vt 0.000000 0.000000
vt 0.000000 0.000000
vt 0.000000 0.000000
vt 0.000000 0.000000
vt 0.000000 0.000000
vt 0.000000 0.000000
vt 0.000000 0.000000
vt 0.000000 0.000000
vt 0.000000 0.000000
vt 0.000000 0.000000
vt 0.000000 0.000000
vt 0.000000 0.000000
vt 0.000000 0.000000
vt 0.000000 0.000000
vt 0.000000 0.000000
vt 0.000000 0.000000
vt 0.000000 0.000000
vt 0.000000 0.000000
vt 0.000000 0.000000
vt 0.000000 0.000000
vt 0.000000 0.000000
vt 0.000000 0.000000
vt 0.000000 0.000000
vt 0.000000 0.000000
vt 0.000000 0.000000
vt 0.000000 0.000000
vt 0.000000 0.000000
vt 0.000000 0.000000
vt 0.000000 0.000000
vt 0.000000 0.000000
vt 0.000000 0.000000
vt 0.000000 0.000000
vt 0.000000 0.000000
vt 0.000000 0.000000
vt 0.000000 0.000000
vt 0.000000 0.000000
vt 0.000000 0.000000
vt 0.000000 0.000000
vt 0.000000 0.000000
vt 0.000000 0.000000
vt 0.000000 0.000000
vt 0.000000 0.000000
vt 0.000000 0.000000
vt 0.000000 0.000000
vt 0.000000 0.000000
vt 0.000000 0.000000
vt 0.000000 0.000000
vt 0.000000 0.000000
vt 0.000000 0.000000
vt 0.000000 0.000000
vt 0.000000 0.000000
vt 0.000000 0.000000
vt 0.000000 0.000000
vt 0.000000 0.000000
vt 0.000000 0.000000
vt 0.000000 0.000000
vt 0.000000 0.000000
vt 0.000000 0.000000
vt 0.000000 0.000000
vt 0.000000 0.000000
vt 0.000000 0.000000
vt 0.000000 0.000000
vt 0.000000 0.000000
vt 0.000000 0.000000
vt 0.000000 0.000000
vt 0.000000 0.000000
vt 0.000000 0.000000
vt 0.000000 0.000000
vt 0.000000 0.000000
vt 0.000000 0.000000
vt 0.000000 0.000000
vt 0.000000 0.000000
vt 0.000000 0.000000
vt 0.000000 0.000000
vt 0.000000 0.000000
vt 0.000000 0.000000
vt 0.000000 0.000000
vt 0.000000 0.000000
vt 0.000000 0.000000
vt 0.000000 0.000000
vt 0.000000 0.000000
vt 0.000000 0.000000
vt 0.000000 0.000000
vt 0.000000 0.000000
vt 0.000000 0.000000
vt 0.000000 0.000000
vt 0.000000 0.000000
vt 0.000000 0.000000
vt 0.000000 0.000000
vt 0.000000 0.000000
vt 0.000000 0.000000
vt 0.000000 0.000000
vt 0.000000 0.000000
vt 0.000000 0.000000
vt 0.000000 0.000000
vt 0.000000 0.000000
vt 0.000000 0.000000
vt 0.000000 0.000000
vt 0.000000 0.000000
vt 0.000000 0.000000
vt 0.000000 0.000000
vt 0.000000 0.000000
vt 0.000000 0.000000
vt 0.000000 0.000000
vt 0.000000 0.000000
vt 0.000000 0.000000
vt 0.000000 0.000000
vt 0.000000 0.000000
vt 0.000000 0.000000
vt 0.000000 0.000000
vt 0.000000 0.000000
vt 0.000000 0.000000
vt 0.000000 0.000000
vt 0.000000 0.000000
vt 0.000000 0.000000
vt 0.000000 0.000000
vt 0.000000 0.000000
vt 0.000000 0.000000
vt 0.000000 0.000000
vt 0.000000 0.000000
vt 0.000000 0.000000
vt 0.000000 0.000000
vt 0.000000 0.000000
vt 0.000000 0.000000
vt 0.000000 0.000000
vt 0.000000 0.000000
vt 0.000000 0.000000
vt 0.000000 0.000000
vt 0.000000 0.000000
vt 0.000000 0.000000
vt 0.000000 0.000000
vt 0.000000 0.000000
vt 0.000000 0.000000
vt 0.000000 0.000000
vt 0.000000 0.000000
vt 0.000000 0.000000
vt 0.000000 0.000000
vt 0.000000 0.000000
vt 0.000000 0.000000
vt 0.000000 0.000000
vt 0.000000 0.000000
vt 0.000000 0.000000
vt 0.000000 0.000000
vt 0.000000 0.000000
vt 0.000000 0.000000
vt 0.000000 0.000000
vt 0.000000 0.000000
vt 0.000000 0.000000
vt 0.000000 0.000000
vt 0.000000 0.000000
vt 0.000000 0.000000
vt 0.000000 0.000000
vt 0.000000 0.000000
vt 0.000000 0.000000
vt 0.000000 0.000000
vt 0.000000 0.000000
vt 0.000000 0.000000
vt 0.000000 0.000000
vt 0.000000 0.000000
vt 0.000000 0.000000
vt 0.000000 0.000000
vt 0.000000 0.000000
vt 0.000000 0.000000
vt 0.000000 0.000000
vt 0.000000 0.000000
vt 0.000000 0.000000
vt 0.000000 0.000000
vt 0.000000 0.000000
vt 0.000000 0.000000
vt 0.000000 0.000000
vt 0.000000 0.000000
vt 0.000000 0.000000
vt 0.000000 0.000000
vt 0.000000 0.000000
vt 0.000000 0.000000
vt 0.000000 0.000000
vt 0.000000 0.000000
vt 0.000000 0.000000
vt 0.000000 0.000000
vt 0.000000 0.000000
vt 0.000000 0.000000
vt 0.000000 0.000000
vt 0.000000 0.000000
vt 0.000000 0.000000
vt 0.000000 0.000000
vt 0.000000 0.000000
vt 0.000000 0.000000
vt 0.000000 0.000000
vt 0.000000 0.000000
vt 0.000000 0.000000
vt 0.000000 0.000000
vt 0.000000 0.000000
vt 0.000000 0.000000
vt 0.000000 0.000000
vt 0.000000 0.000000
vt 0.000000 0.000000
vt 0.000000 0.000000
vt 0.000000 0.000000
vt 0.000000 0.000000
vt 0.000000 0.000000
vt 0.000000 0.000000
vt 0.000000 0.000000
vt 0.000000 0.000000
vt 0.000000 0.000000
vt 0.000000 0.000000
vt 0.000000 0.000000
vt 0.000000 0.000000
vt 0.000000 0.000000
vt 0.000000 0.000000
vt 0.000000 0.000000
vt 0.000000 0.000000
vt 0.000000 0.000000
vt 0.000000 0.000000
vt 0.000000 0.000000
vt 0.000000 0.000000
vt 0.000000 0.000000
vt 0.000000 0.000000
vt 0.000000 0.000000
vt 0.000000 0.000000
vt 0.000000 0.000000
vt 0.000000 0.000000
vt 0.000000 0.000000
vt 0.000000 0.000000
vt 0.000000 0.000000
vt 0.000000 0.000000
vt 0.000000 0.000000
vt 0.000000 0.000000
vt 0.000000 0.000000
vt 0.000000 0.000000
vt 0.000000 0.000000
vt 0.000000 0.000000
vt 0.000000 0.000000
vt 0.000000 0.000000
vt 0.000000 0.000000
vt 0.000000 0.000000
vt 0.000000 0.000000
vt 0.000000 0.000000
vt 0.000000 0.000000
vt 0.000000 0.000000
vt 0.000000 0.000000
vt 0.000000 0.000000
vt 0.000000 0.000000
vt 0.000000 0.000000
vt 0.000000 0.000000
vt 0.000000 0.000000
vt 0.000000 0.000000
vt 0.000000 0.000000
vt 0.000000 0.000000
vt 0.000000 0.000000
vt 0.000000 0.000000
vt 0.000000 0.000000
vt 0.000000 0.000000
vt 0.000000 0.000000
vt 0.000000 0.000000
vt 0.000000 0.000000
vt 0.000000 0.000000
vt 0.000000 0.000000
vt 0.000000 0.000000
vt 0.000000 0.000000
vt 0.000000 0.000000
vt 0.000000 0.000000
vt 0.000000 0.000000
vt 0.000000 0.000000
vt 0.000000 0.000000
vt 0.000000 0.000000
vt 0.000000 0.000000
vt 0.000000 0.000000
vt 0.000000 0.000000
vt 0.000000 0.000000
vt 0.000000 0.000000
vt 0.000000 0.000000
vt 0.000000 0.000000
vt 0.000000 0.000000
vt 0.000000 0.000000
vt 0.000000 0.000000
vt 0.000000 0.000000
vt 0.000000 0.000000
vt 0.000000 0.000000
vt 0.000000 0.000000
vt 0.000000 0.000000
vt 0.000000 0.000000
vt 0.000000 0.000000
vt 0.000000 0.000000
vt 0.000000 0.000000
vt 0.000000 0.000000
vt 0.000000 0.000000
vt 0.000000 0.000000
vt 0.000000 0.000000
vt 0.000000 0.000000
vt 0.000000 0.000000
vt 0.000000 0.000000
vt 0.000000 0.000000
vt 0.000000 0.000000
vt 0.000000 0.000000
vt 0.000000 0.000000
vt 0.000000 0.000000
vt 0.000000 0.000000
vt 0.000000 0.000000
vt 0.000000 0.000000
vt 0.000000 0.000000
vt 0.000000 0.000000
vt 0.000000 0.000000
vt 0.000000 0.000000
vt 0.000000 0.000000
vt 0.000000 0.000000
vt 0.000000 0.000000
vt 0.000000 0.000000
vt 0.000000 0.000000
vt 0.000000 0.000000
vt 0.000000 0.000000
vt 0.000000 0.000000
vt 0.000000 0.000000
vt 0.000000 0.000000
vt 0.000000 0.000000
vt 0.000000 0.000000
vt 0.000000 0.000000
vt 0.000000 0.000000
vt 0.000000 0.000000
vt 0.000000 0.000000
vt 0.000000 0.000000
vt 0.000000 0.000000
vt 0.000000 0.000000
vt 0.000000 0.000000
vt 0.000000 0.000000
vt 0.000000 0.000000
vt 0.000000 0.000000
vt 0.000000 0.000000
vt 0.000000 0.000000
vt 0.000000 0.000000
vt 0.000000 0.000000
vt 0.000000 0.000000
vt 0.000000 0.000000
vt 0.000000 0.000000
vt 0.000000 0.000000
vt 0.000000 0.000000
vt 0.000000 0.000000
vt 0.000000 0.000000
vt 0.000000 0.000000
vt 0.000000 0.000000
vt 0.000000 0.000000
vt 0.000000 0.000000
vt 0.000000 0.000000
vt 0.000000 0.000000
vt 0.000000 0.000000
vt 0.000000 0.000000
vt 0.000000 0.000000
vt 0.000000 0.000000
vt 0.000000 0.000000
vt 0.000000 0.000000
vt 0.000000 0.000000
vt 0.000000 0.000000
vt 0.000000 0.000000
vt 0.000000 0.000000
vt 0.000000 0.000000
vt 0.000000 0.000000
vt 0.000000 0.000000
vt 0.000000 0.000000
vt 0.000000 0.000000
vt 0.000000 0.000000
vt 0.000000 0.000000
vt 0.000000 0.000000
vt 0.000000 0.000000
vn -0.5451 0.5608 -0.6232
vn -0.4824 0.6235 -0.6153
vn -0.5686 0.5216 -0.6361
vn -0.4980 0.6078 -0.6185
vn -0.4745 0.6314 -0.6134
vn 0.0039 1.0000 0.0000
vn -0.0039 1.0000 0.0000
vn 0.0118 0.9999 0.0000
vn 0.0196 0.9998 -0.0000
vn -0.0118 0.9999 -0.0000
vn -0.0196 0.9998 0.0000
vn 0.0039 0.0039 -1.0000
vn -0.0039 0.0118 -0.9999
vn 0.0117 0.0039 -0.9999
vn -0.0118 0.4667 -0.8844
vn -0.0118 0.4274 -0.9040
vn 0.0118 0.8196 -0.5728
vn -0.0196 0.7725 -0.6347
vn -0.0274 0.9996 -0.0000
vn -0.0039 0.9921 -0.1250
vn -0.0745 0.9843 -0.1600
vn -0.5216 0.6627 -0.5374
vn 0.0510 0.7725 -0.6329
vn -0.4196 0.0196 -0.9075
vn -0.6863 0.6627 -0.2997
vn -0.3882 0.4902 -0.7804
vn 0.2471 0.9137 -0.3226
vn 0.2627 0.6000 -0.7556
vn 0.3647 0.0353 -0.9305
vn -0.4274 0.0275 -0.9036
vn -0.4196 0.0274 -0.9073
vn -0.4118 0.0039 -0.9113
vn 0.6549 0.6784 -0.3329
vn 0.7333 0.6000 -0.3198
vn -0.4196 0.1294 -0.8984
vn -0.4510 0.2627 -0.8530
vn -0.4274 0.2236 -0.8760
vn -0.4588 0.3490 -0.8171
vn -0.4823 0.4353 -0.7602
vn -0.4824 0.4431 -0.7556
vn -0.5059 0.4588 -0.7305
vn -0.5059 0.4510 -0.7353
vn -0.5294 0.4745 -0.7033
vn -0.5373 0.5294 -0.6566
vn -0.5765 0.5765 -0.5791
vn -0.5843 0.6157 -0.5287
vn -0.6157 0.6549 -0.4382
vn -0.6157 0.6627 -0.4262
vn -0.6549 0.7020 -0.2799
vn -0.6549 0.7019 -0.2800
vn -0.6863 0.7098 -0.1588
vn -0.6941 0.7098 -0.1200
vn -0.7020 0.7098 -0.0587
vn -0.7071 0.7071 0.0000
vn -0.6941 0.7098 0.1200
vn -0.7020 0.7098 0.0587
vn -0.6627 0.7020 0.2609
vn -0.6471 0.7019 0.2976
vn -0.6235 0.6627 0.4147
vn -0.6156 0.6706 0.4138
vn -0.5843 0.6078 0.5377
vn -0.5765 0.6000 0.5547
vn -0.5373 0.5294 0.6566
vn -0.5294 0.4824 0.6979
vn -0.5137 0.4589 0.7249
vn -0.4902 0.4510 0.7459
vn -0.4824 0.4353 0.7602
vn -0.4745 0.4039 0.7821
vn -0.4510 0.3333 0.8280
vn -0.4431 0.2392 0.8640
vn -0.4275 0.2314 0.8739
vn -0.4196 0.1294 0.8984
vn -0.4196 0.0275 0.9073
vn -0.4118 0.0039 0.9113
vn -0.4118 0.0274 0.9109
vn -0.4196 0.0118 0.9076
vn -0.5765 0.4745 0.6652
vn -0.4118 0.4510 0.7919
vn -0.4431 0.0431 0.8954
vn -0.6863 0.6706 0.2817
vn -0.7020 0.6392 0.3141
vn -0.6784 0.7019 0.2168
vn -0.6941 0.6941 0.1908
vn -0.6549 0.6941 0.2988
vn -0.6549 0.6941 0.2989
vn -0.7020 0.6941 0.1596
vn -0.6235 0.7020 0.3442
vn -0.7098 0.6941 0.1200
vn -0.7176 0.6941 0.0566
vn -0.7176 0.6941 0.0565
vn -0.7176 0.6941 -0.0566
vn -0.7176 0.6941 -0.0565
vn -0.7098 0.6941 -0.1200
vn -0.7020 0.6941 -0.1596
vn -0.6941 0.6942 -0.1908
vn -0.6863 0.6941 -0.2174
vn -0.6941 0.6549 -0.2989
vn -0.6471 0.6941 -0.3155
vn -0.6549 0.6941 -0.2989
vn -0.6235 0.7098 -0.3277
vn -0.0033 1.0000 0.0000
vn -0.0353 0.9994 -0.0000
vn -0.0431 0.9991 -0.0000
vn 0.0274 0.9996 -0.0000
vn 0.0353 0.9994 0.0000
vn 0.0349 0.9994 -0.0000
vn 0.0431 0.9991 -0.0000
vn 0.0033 1.0000 -0.0000
vn -0.0349 0.9994 0.0000
vn -0.9608 -0.0039 -0.2773
vn -0.9608 0.0039 -0.2773
vn -0.9529 -0.0118 -0.3029
vn -0.9686 -0.0039 -0.2485
vn -0.9765 -0.0039 -0.2156
vn -0.9921 -0.0039 -0.1250
vn -0.9843 -0.0039 -0.1764
vn -1.0000 -0.0039 -0.0000
vn -0.9608 0.0196 -0.2766
vn -0.9922 -0.0039 -0.1250
vn -1.0000 0.0039 0.0000
vn -0.9921 -0.0039 0.1250
vn -0.9843 -0.0118 0.1761
vn -0.9843 -0.0039 0.1764
vn -0.9922 0.0039 0.1250
vn -0.9608 -0.0039 0.2773
vn -0.9686 -0.0040 0.2485
vn -0.9608 -0.0118 0.2771
vn -0.9529 -0.0118 0.3030
vn -0.9608 0.0039 0.2773
vn -0.9608 0.0275 0.2760
vn 0.9608 -0.0039 -0.2773
vn 0.9686 -0.0040 -0.2485
vn 0.9843 -0.0039 -0.1764
vn 0.9608 -0.0118 -0.2771
vn 0.9529 -0.0118 -0.3030
vn 0.9608 0.0039 -0.2773
vn 0.9608 0.0275 -0.2760
vn 0.9922 0.0039 -0.1250
vn 1.0000 -0.0039 0.0000
vn 0.9843 -0.0118 -0.1761
vn 0.9921 -0.0039 -0.1250
vn 1.0000 0.0039 -0.0000
vn 0.9922 -0.0039 0.1250
vn 0.9921 -0.0039 0.1250
vn 0.9843 -0.0039 0.1764
vn 0.9765 -0.0039 0.2156
vn 0.9608 -0.0039 0.2773
vn 0.9686 -0.0039 0.2485
vn 0.9529 -0.0118 0.3029
vn 0.9608 0.0039 0.2773
vn 0.9608 0.0196 0.2766
vn -0.2000 0.7098 0.6754
vn -0.2627 0.6941 0.6702
vn -0.1921 0.7098 0.6777
vn -0.1137 0.6862 0.7184
vn -0.2470 0.6941 0.6762
vn -0.2941 0.7020 0.6486
vn -0.3098 0.7098 0.6326
vn -0.2941 0.7255 0.6222
vn -0.1137 0.6863 0.7184
vn -0.0588 0.7020 0.7098
vn -0.3882 0.7020 0.5971
vn -0.3961 0.6863 0.6101
vn -0.4196 0.7098 0.5658
vn -0.4274 0.7098 0.5599
vn -0.4902 0.7098 0.5059
vn -0.4824 0.6863 0.5444
vn -0.5529 0.6941 0.4610
vn -0.5137 0.6941 0.5042
vn -0.5608 0.6941 0.4514
vn -0.5843 0.6941 0.4205
vn -0.5686 0.7255 0.3877
vn -0.5686 0.7412 0.3569
vn -0.6471 0.6941 0.3155
vn -0.6235 0.6784 0.3885
vn -0.6706 0.6863 0.2817
vn -0.7255 0.6235 0.2913
vn 0.1687 0.7176 0.6757
vn 0.0980 0.7098 0.6975
vn 0.1608 0.7255 0.6692
vn 0.1529 0.6785 0.7186
vn 0.0588 0.7098 0.7020
vn 0.0588 0.7098 0.7019
vn -0.0039 0.7020 0.7122
vn 0.0039 0.6941 0.7199
vn -0.0510 0.7098 0.7026
vn -0.0902 0.7255 0.6823
vn 0.2628 0.6941 0.6702
vn 0.2784 0.6941 0.6638
vn 0.3961 0.6863 0.6100
vn 0.2941 0.7176 0.6313
vn 0.2941 0.7098 0.6401
vn 0.4118 0.6941 0.5905
vn 0.4667 0.6941 0.5481
vn 0.3883 0.7255 0.5683
vn 0.4980 0.7019 0.5092
vn 0.5451 0.7020 0.4584
vn 0.5451 0.6941 0.4702
vn 0.5843 0.6941 0.4205
vn 0.5686 0.7255 0.3877
vn 0.5529 0.7490 0.3650
vn 0.6235 0.6941 0.3598
vn 0.6392 0.6863 0.3470
vn 0.8980 0.1294 0.4205
vn 0.8039 0.5608 0.1981
vn 0.9994 0.0353 -0.0000
vn 0.8823 0.4667 0.0608
vn 0.9451 0.0039 0.3268
vn 0.9765 -0.0039 0.2157
vn 0.9372 -0.0196 0.3481
vn 0.9216 -0.0039 0.3882
vn 0.9765 -0.0116 0.2152
vn 1.0000 -0.0043 0.0000
vn 0.9922 0.0039 0.1250
vn 1.0000 -0.0047 -0.0000
vn 0.9765 -0.0039 -0.2156
vn 0.9373 -0.0118 -0.3485
vn 0.9216 0.0039 -0.3882
vn 0.9451 0.0039 -0.3268
vn 0.9216 -0.0118 -0.3880
vn 0.9998 0.0196 0.0000
vn 0.8118 0.0118 0.5839
vn 0.7490 0.0039 0.6625
vn 0.4980 0.0432 0.8661
vn 0.4432 0.0039 0.8964
vn 0.8902 0.0510 -0.4527
vn 0.9529 0.2941 0.0736
vn 0.8902 0.0196 -0.4552
vn 0.8039 -0.0667 -0.5910
vn 0.8745 0.0588 -0.4814
vn 0.0196 0.0117 0.9997
vn 0.4902 0.4824 0.7260
vn 0.0118 0.8196 0.5728
vn -0.0039 0.4980 0.8671
vn -0.0118 0.4118 0.9112
vn -0.0196 0.7726 0.6346
vn -0.0117 0.9921 0.1245
vn 0.0196 0.9921 0.1235
vn 0.2157 0.8823 0.4183
vn -0.1059 0.9765 0.1879
vn 0.1216 0.8274 0.5482
vn 0.2392 0.9137 0.3285
vn 0.2706 0.5922 0.7590
vn 0.3647 0.0353 0.9305
vn -0.2000 0.8667 0.4571
vn 0.6706 0.7098 0.2157
vn 0.7255 0.6079 0.3228
vn 0.9137 0.0274 0.4054
vn 0.6313 0.7647 -0.1289
vn 0.8823 0.3804 -0.2771
vn 0.9451 0.0196 -0.3262
vn 0.9451 -0.0039 -0.3268
vn 0.9529 0.0039 -0.3031
vn 0.9529 0.0039 -0.3032
vn 0.9686 -0.0039 -0.2486
vn 0.9765 0.0118 -0.2154
vn 0.9843 0.0039 -0.1764
vn 0.9921 0.0039 -0.1250
vn 0.9137 0.0196 0.4059
vn 0.9137 0.0039 0.4063
vn 0.8980 0.2000 0.3918
vn 0.8823 0.2706 0.3850
vn 0.8667 0.3569 0.3486
vn 0.8588 0.3961 0.3249
vn 0.8353 0.4274 0.3458
vn 0.8274 0.4588 0.3238
vn 0.7882 0.5765 0.2154
vn 0.7490 0.6471 0.1425
vn 0.7333 0.6784 0.0444
vn 0.7226 0.6913 -0.0000
vn 0.7098 0.7020 0.0587
vn 0.7071 0.7071 0.0001
vn 0.7020 0.7098 0.0587
vn 0.7098 0.7020 -0.0587
vn 0.7333 0.6784 -0.0444
vn 0.7569 0.6471 -0.0921
vn 0.7725 0.6078 -0.1836
vn 0.8039 0.5294 -0.2710
vn 0.7882 0.5765 -0.2154
vn 0.8353 0.4431 -0.3255
vn 0.8431 0.4118 -0.3458
vn 0.8588 0.3961 -0.3249
vn 0.8667 0.3725 -0.3318
vn 0.8745 0.3176 -0.3665
vn 0.8980 0.2314 -0.3742
vn 0.8980 0.1764 -0.4030
vn 0.9137 0.0275 -0.4054
vn 0.9137 0.0118 -0.4062
vn 0.9137 0.0196 -0.4059
vn -0.1687 0.7176 -0.6757
vn -0.0980 0.7098 -0.6975
vn -0.1608 0.7255 -0.6692
vn -0.1529 0.6784 -0.7186
vn -0.0588 0.7098 -0.7020
vn -0.0588 0.7098 -0.7019
vn 0.0039 0.7020 -0.7122
vn -0.0039 0.6941 -0.7199
vn 0.0588 0.7020 -0.7098
vn 0.0510 0.7098 -0.7026
vn 0.0902 0.7255 -0.6823
vn -0.2628 0.6941 -0.6702
vn -0.2784 0.6941 -0.6638
vn -0.3961 0.6863 -0.6100
vn -0.2941 0.7176 -0.6313
vn -0.2941 0.7098 -0.6401
vn -0.4118 0.6941 -0.5905
vn -0.4667 0.6941 -0.5481
vn -0.3883 0.7255 -0.5683
vn -0.4980 0.7019 -0.5092
vn -0.5451 0.7020 -0.4584
vn -0.5451 0.6941 -0.4702
vn -0.5843 0.6941 -0.4205
vn -0.5686 0.7255 -0.3877
vn -0.5529 0.7490 -0.3650
vn -0.6235 0.7020 -0.3442
vn -0.7098 0.6470 -0.2784
vn -0.7569 0.6078 -0.2402
vn -0.8510 0.4823 -0.2078
vn -0.0196 0.9921 -0.1235
vn 0.0118 0.9921 -0.1245
vn 0.1059 0.9765 -0.1879
vn -0.0118 0.8196 -0.5728
vn 0.0196 0.7098 -0.7041
vn 0.0118 0.3725 -0.9279
vn -0.0039 0.4902 -0.8716
vn -0.3726 0.0667 -0.9256
vn -0.5451 0.5294 -0.6501
vn -0.5922 0.5843 -0.5549
vn -0.1216 0.8274 -0.5482
vn -0.2392 0.9137 -0.3285
vn -0.2706 0.5921 -0.7590
vn -0.3647 0.0353 -0.9305
vn -0.6784 0.7019 -0.2168
vn -0.7255 0.6078 -0.3228
vn -0.8902 0.3647 0.2730
vn -0.9451 0.0196 0.3262
vn -0.9137 0.0275 -0.4054
vn -0.0196 0.0117 -0.9997
vn -0.3412 -0.0039 -0.9400
vn -0.0196 -0.0039 -0.9998
vn -0.0039 0.0039 -1.0000
vn -0.9137 0.0196 -0.4059
vn -0.9137 0.0039 -0.4063
vn -0.8980 0.1294 -0.4205
vn -0.8980 0.2000 -0.3918
vn -0.8823 0.2706 -0.3850
vn -0.8667 0.3569 -0.3486
vn -0.8588 0.3961 -0.3249
vn -0.8353 0.4275 -0.3458
vn -0.8353 0.4274 -0.3458
vn -0.8039 0.5451 -0.2379
vn -0.7961 0.5451 -0.2629
vn -0.7725 0.6157 -0.1553
vn -0.7569 0.6392 -0.1363
vn -0.7333 0.6784 -0.0444
vn -0.7226 0.6913 0.0000
vn -0.7098 0.7020 -0.0587
vn -0.7071 0.7071 -0.0001
vn -0.7333 0.6784 0.0444
vn -0.7412 0.6706 0.0314
vn -0.7647 0.6314 0.1289
vn -0.7725 0.6157 0.1553
vn -0.8040 0.5293 0.2710
vn -0.7961 0.5608 0.2276
vn -0.8353 0.4431 0.3255
vn -0.8431 0.4118 0.3458
vn -0.8588 0.3961 0.3249
vn -0.8588 0.3961 0.3248
vn -0.8667 0.3725 0.3318
vn -0.8745 0.3176 0.3665
vn -0.8980 0.2314 0.3742
vn -0.8980 0.1764 0.4030
vn -0.9137 0.0275 0.4054
vn -0.9137 0.0118 0.4062
vn -0.9137 0.0196 0.4059
vn -0.6549 0.6784 0.3329
vn -0.7333 0.6000 0.3197
vn -0.2471 0.9137 0.3226
vn 0.0039 0.9921 0.1250
vn 0.0745 0.9843 0.1599
vn -0.0510 0.9843 0.1690
vn -0.0118 0.8118 0.5839
vn -0.0196 0.5137 0.8577
vn 0.0118 0.4274 0.9040
vn 0.0196 0.7725 0.6347
vn -0.3725 0.7176 0.5884
vn 0.0039 0.0118 0.9999
vn -0.0118 0.0118 0.9999
vn -0.0118 0.0039 0.9999
vn -0.0039 0.0039 1.0000
vn -0.4588 0.0039 0.8885
vn -0.4902 0.0039 0.8716
vn -0.8039 0.0039 0.5947
vn -0.7961 0.0039 0.6052
vn -0.9842 0.0115 0.1770
vn -0.9765 0.0039 0.2156
vn -0.9529 0.0039 -0.3032
vn -0.9373 -0.0196 -0.3481
vn -0.9765 -0.0116 -0.2152
vn -0.9294 -0.0039 -0.3690
vn -1.0000 -0.0043 -0.0000
vn -0.9922 0.0039 -0.1250
vn -1.0000 -0.0048 0.0000
vn -0.9765 -0.0039 0.2156
vn -0.9686 -0.0039 0.2485
vn -0.9294 -0.0118 0.3689
vn -0.9529 -0.0118 0.3029
vn -0.9216 -0.0039 0.3882
vn -0.9372 0.0039 0.3486
vn -0.9294 -0.0039 -0.3691
vn -0.8902 0.0431 0.4535
vn -0.9998 0.0196 0.0000
vn -0.9216 0.0039 -0.3882
vn -0.8823 0.0039 -0.4706
vn -0.7569 0.0039 -0.6536
vn -0.9686 0.1765 -0.1750
vn -0.8824 0.0274 0.4698
vn -0.8039 -0.0667 0.5910
vn -0.8745 0.0667 0.4804
vn -0.8039 -0.0510 0.5926
vn -0.7882 0.0118 0.6153
vn -0.8118 0.1216 0.5712
vn -0.6863 -0.0431 0.7261
vn -0.6706 -0.0902 0.7363
vn -0.5608 -0.0588 0.8259
vn -0.6941 0.1373 0.7067
vn -0.5451 -0.0510 0.8368
vn -0.4039 -0.0510 0.9134
vn -0.5529 0.1373 0.8218
vn -0.3883 -0.0510 0.9201
vn -0.2392 -0.0510 0.9696
vn -0.4039 0.1373 0.9044
vn -0.2157 -0.0431 0.9755
vn -0.0667 -0.0431 0.9968
vn -0.2314 0.1294 0.9642
vn -0.0431 -0.0431 0.9981
vn 0.1137 -0.0431 0.9926
vn -0.0510 0.1294 0.9903
vn 0.1372 -0.0353 0.9899
vn 0.2549 -0.0118 0.9669
vn 0.1294 0.1216 0.9841
vn 0.2627 -0.0588 0.9631
vn 0.3569 0.0275 0.9338
vn 0.4274 -0.0118 0.9040
vn 0.5059 0.0196 0.8624
vn 0.5765 -0.0118 0.8170
vn 0.6471 0.0196 0.7622
vn 0.7098 -0.0118 0.7043
vn 0.7726 0.0196 0.6346
vn 0.8196 -0.0196 0.5726
vn 0.8353 -0.0353 0.5487
vn 0.8667 0.0353 0.4976
vn 0.8667 0.0510 0.4963
vn 0.8902 0.0353 0.4542
vn 0.8039 -0.0039 -0.5947
vn 0.8039 0.0039 -0.5947
vn 0.6863 -0.0039 0.7274
vn 0.6863 0.0039 0.7274
vn 0.7255 0.0039 0.6882
vn 0.6471 -0.0039 0.7624
vn 0.8039 0.0039 0.5947
vn 0.9922 -0.0039 -0.1250
vn 0.2000 -0.0118 0.9797
vn 0.1373 0.0118 0.9905
vn 0.1686 0.0118 0.9856
vn 0.1373 0.0039 0.9905
vn 0.2314 0.0118 0.9728
vn 0.2392 0.0118 0.9709
vn 0.3098 0.0039 0.9508
vn 0.3333 -0.0039 0.9428
vn 0.3569 0.0118 0.9341
vn 0.3726 0.0039 0.9280
vn -0.2784 -0.0039 -0.9605
vn -0.2549 -0.0039 -0.9670
vn -0.3176 -0.0039 -0.9482
vn -0.2784 -0.0510 -0.9591
vn -0.3333 -0.0039 -0.9428
vn -0.1922 -0.0118 -0.9813
vn -0.1765 -0.0118 -0.9842
vn -0.1608 -0.0039 -0.9870
vn 0.8274 -0.0039 -0.5616
vn 0.8274 -0.0039 -0.5615
vn 0.8275 -0.0040 -0.5615
vn 0.6471 -0.0118 0.7623
vn 0.5922 0.0118 0.8057
vn 0.6235 0.0118 0.7817
vn 0.6000 0.0039 0.8000
vn 0.6706 0.0118 0.7417
vn 0.6784 0.0117 0.7346
vn 0.7333 0.0039 0.6799
vn 0.7412 -0.0039 0.6713
vn 0.7647 0.0118 0.6443
vn 0.7725 0.0039 0.6350
vn 0.6157 -0.0039 0.7880
vn -0.7255 -0.0118 0.6881
vn -0.7647 0.0118 0.6443
vn -0.7412 0.0118 0.6712
vn -0.7569 0.0039 0.6536
vn -0.6941 0.0039 0.7198
vn -0.6863 0.0039 0.7273
vn -0.6392 0.0039 0.7690
vn -0.6157 -0.1059 0.7808
vn -0.6000 0.0118 0.7999
vn -0.5843 -0.0588 0.8094
vn -0.3721 -0.9282 -0.0000
vn -0.3882 -0.8039 0.4506
vn -0.0509 -0.9987 -0.0000
vn -0.4510 -0.7961 0.4036
vn -0.0039 -1.0000 -0.0000
vn -0.5451 -0.7255 0.4202
vn 0.0039 -1.0000 0.0000
vn -0.0274 -0.9996 0.0000
vn -0.0196 -0.9998 -0.0000
vn 0.0039 -1.0000 0.0001
vn 0.1529 -0.8274 0.5403
vn 0.2235 -0.7176 0.6596
vn 0.3176 -0.5608 0.7646
vn 0.3961 -0.8274 0.3981
vn 0.5137 -0.7176 0.4702
vn 0.6392 -0.5686 0.5177
vn 0.0039 -0.9686 -0.2485
vn -0.0039 -0.9686 -0.2485
vn -0.0039 -0.8510 -0.5252
vn 0.0039 -0.8980 -0.4399
vn 0.0039 -0.7725 -0.6350
vn -0.0039 -0.6235 -0.7818
vn 0.0039 -0.6157 -0.7880
vn 0.0039 -0.4274 -0.9040
vn -0.0039 -0.3255 -0.9455
vn 0.0039 -0.2157 -0.9764
vn -0.0039 -0.0039 -1.0000
vn -0.0039 -0.0117 -0.9999
vn -0.8274 -0.0039 -0.5615
vn 0.6549 -0.0510 -0.7540
vn 0.6314 -0.0039 -0.7755
vn 0.6157 -0.0039 -0.7880
vn 0.6627 -0.0039 -0.7488
vn 0.6784 -0.0039 -0.7347
vn 0.7255 -0.0118 -0.6881
vn 0.7333 -0.0118 -0.6798
vn 0.7490 -0.0039 -0.6626
vn 0.9215 -0.0039 0.3882
vn 0.9137 -0.0039 0.4063
vn -0.3020 -0.0118 0.9533
vn -0.3568 0.0118 0.9341
vn -0.3255 0.0118 0.9455
vn -0.3568 0.0039 0.9342
vn -0.2627 0.0039 0.9649
vn -0.2549 0.0039 0.9670
vn -0.1843 0.0039 0.9829
vn -0.1686 -0.1059 0.9800
vn -0.1373 0.0118 0.9905
vn -0.1190 -0.0588 0.9912
vn -0.3098 -0.9294 0.2006
vn -0.1216 -0.8039 0.5822
vn -0.2000 -0.7961 0.5712
vn -0.2706 -0.7255 0.6328
vn -0.6235 -0.7804 -0.0471
vn -0.8196 -0.5608 -0.1174
vn -0.2785 -0.5216 0.8065
vn 0.2157 -0.0039 -0.9765
vn 0.2392 -0.0039 -0.9710
vn 0.1765 -0.0039 -0.9843
vn 0.2157 -0.0510 -0.9751
vn 0.1608 -0.0039 -0.9870
vn 0.3098 -0.0118 -0.9507
vn 0.3177 -0.0118 -0.9481
vn 0.3333 -0.0039 -0.9428
vn -0.6471 0.0196 -0.7622
vn -0.5765 -0.0118 -0.8170
vn -0.5059 0.0196 -0.8624
vn -0.4274 -0.0118 -0.9040
vn -0.3569 0.0275 -0.9338
vn -0.2549 -0.0118 -0.9669
vn -0.7098 -0.0118 -0.7043
vn -0.7726 0.0196 -0.6346
vn -0.8196 -0.0196 -0.5726
vn -0.8353 -0.0353 -0.5487
vn -0.2627 -0.0588 -0.9631
vn -0.1294 0.1216 -0.9841
vn -0.1373 -0.0353 -0.9899
vn -0.1137 -0.0431 -0.9926
vn 0.0510 0.1294 -0.9903
vn 0.0432 -0.0431 -0.9981
vn 0.0667 -0.0431 -0.9968
vn 0.2314 0.1294 -0.9642
vn 0.2157 -0.0431 -0.9755
vn 0.2392 -0.0510 -0.9696
vn 0.4039 0.1373 -0.9044
vn 0.3882 -0.0510 -0.9201
vn 0.4039 -0.0510 -0.9134
vn 0.5529 0.1373 -0.8218
vn 0.5451 -0.0510 -0.8368
vn 0.5608 -0.0588 -0.8259
vn 0.6941 0.1373 -0.7067
vn 0.6863 -0.0431 -0.7261
vn 0.6706 -0.0902 -0.7363
vn 0.7882 0.0118 -0.6153
vn 0.8118 0.1216 -0.5712
vn 0.8039 -0.0510 -0.5925
vn -0.9922 -0.0039 0.1250
vn -0.2000 -0.0118 -0.9797
vn -0.1373 0.0118 -0.9905
vn -0.1686 0.0118 -0.9856
vn -0.1373 0.0039 -0.9905
vn -0.2314 0.0118 -0.9728
vn -0.2392 0.0118 -0.9709
vn -0.3098 0.0039 -0.9508
vn -0.3569 0.0118 -0.9341
vn -0.3726 0.0039 -0.9280
vn 0.9216 -0.0039 -0.3882
vn 0.2784 -0.0039 0.9605
vn 0.2549 -0.0039 0.9670
vn 0.3176 -0.0039 0.9482
vn 0.2784 -0.0510 0.9591
vn 0.1922 -0.0118 0.9813
vn 0.1764 -0.0118 0.9842
vn 0.1608 -0.0039 0.9870
vn -0.8274 -0.0039 0.5616
vn -0.8274 -0.0039 0.5615
vn -0.8275 -0.0040 0.5615
vn -0.6471 -0.0118 -0.7623
vn -0.5922 0.0118 -0.8057
vn -0.6235 0.0118 -0.7817
vn -0.6000 0.0039 -0.8000
vn -0.6706 0.0118 -0.7417
vn -0.6784 0.0117 -0.7346
vn -0.7333 0.0039 -0.6799
vn -0.7412 -0.0039 -0.6713
vn -0.7647 0.0118 -0.6443
vn -0.7725 0.0039 -0.6350
vn 0.7098 -0.0039 0.7044
vn 0.6941 -0.0039 0.7199
vn 0.7333 -0.0040 0.6799
vn 0.7098 -0.0510 0.7026
vn 0.7490 -0.0039 0.6625
vn 0.6392 -0.0118 0.7689
vn 0.6314 -0.0118 0.7754
vn -0.6157 -0.0039 -0.7880
vn 0.7647 0.0118 -0.6443
vn 0.7412 0.0118 -0.6712
vn 0.7569 0.0039 -0.6536
vn 0.6941 0.0039 -0.7198
vn 0.6863 0.0039 -0.7273
vn 0.6392 0.0039 -0.7690
vn 0.6157 -0.1059 -0.7808
vn 0.6000 0.0118 -0.7999
vn 0.5843 -0.0588 -0.8094
vn 0.3721 -0.9282 -0.0000
vn 0.3882 -0.8039 -0.4506
vn 0.0587 -0.9983 0.0000
vn 0.4510 -0.7961 -0.4036
vn 0.5451 -0.7255 -0.4202
vn 0.0118 -0.9999 0.0000
vn 0.0743 -0.9972 0.0000
vn 0.0821 -0.9966 0.0001
vn 0.0196 -0.9998 0.0000
vn 0.2000 -0.7961 -0.5712
vn 0.1216 -0.8039 -0.5822
vn 0.3098 -0.9294 -0.2006
vn 0.6235 -0.7804 0.0471
vn 0.1686 -0.1059 -0.9800
vn 0.8196 -0.5608 0.1174
vn 0.2706 -0.7255 -0.6328
vn 0.1190 -0.0588 -0.9912
vn 0.1373 0.0118 -0.9905
vn 0.1843 0.0039 -0.9829
vn 0.2549 0.0039 -0.9670
vn 0.2627 0.0039 -0.9649
vn 0.3255 0.0118 -0.9455
vn 0.3020 -0.0118 -0.9533
vn 0.3568 0.0118 -0.9341
vn 0.3568 0.0039 -0.9342
vn 0.2785 -0.5216 -0.8065
vn 0.8274 -0.0039 0.5615
vn -0.6627 -0.0039 0.7488
vn -0.6784 -0.0039 0.7347
vn -0.6314 -0.0039 0.7755
vn -0.6549 -0.0510 0.7540
vn -0.6157 -0.0039 0.7880
vn -0.7333 -0.0118 0.6798
vn -0.7490 -0.0039 0.6626
vn -0.9215 -0.0039 -0.3882
vn -0.9216 -0.0039 -0.3882
vn -0.9137 -0.0039 -0.4063
vn -0.2157 -0.0039 0.9765
vn -0.2392 -0.0039 0.9710
vn -0.1765 -0.0039 0.9843
vn -0.2157 -0.0510 0.9751
vn -0.1608 -0.0039 0.9870
vn -0.3098 -0.0118 0.9507
vn -0.3177 -0.0118 0.9481
vn -0.3333 -0.0039 0.9428
vn -0.9451 0.0039 0.3268
vn -0.9765 0.0039 -0.2156
vn -0.9451 0.0039 -0.3268
vn -0.9059 0.0039 0.4235
vn -0.8980 -0.0039 0.4399
vn -0.9059 0.0039 -0.4235
vn -0.8980 -0.0039 -0.4399
vn -0.8824 0.0039 -0.4706
vn -0.8823 0.0039 0.4706
vn -0.8745 0.0196 0.4846
vn -0.8745 0.0196 -0.4846
vn -0.7490 -0.0039 -0.6625
vn -0.7804 0.0196 -0.6250
vn -0.7333 0.0118 -0.6798
vn -0.7098 0.0039 -0.7044
vn -0.6549 0.0118 -0.7556
vn -0.6627 -0.0039 -0.7488
vn -0.6157 0.0039 -0.7880
vn -0.5765 0.0118 -0.8170
vn -0.5686 -0.0039 -0.8226
vn -0.5137 0.0118 -0.8579
vn -0.4902 0.0039 -0.8716
vn -0.4353 0.0039 -0.9003
vn -0.7804 0.0275 -0.6247
vn -0.4196 0.0275 -0.9073
vn 0.3725 -0.7176 -0.5884
vn 0.3412 -0.7098 -0.6163
vn 0.3647 -0.7176 -0.5933
vn 0.3020 -0.7176 -0.6275
vn 0.9765 0.0039 -0.2156
vn 0.9765 0.0039 0.2156
vn 0.9059 0.0039 -0.4235
vn 0.8980 -0.0039 -0.4399
vn 0.9059 0.0039 0.4235
vn 0.8980 -0.0039 0.4399
vn 0.8823 0.0039 0.4706
vn 0.8823 0.0039 -0.4706
vn 0.8745 0.0196 0.4846
vn 0.8745 0.0196 -0.4846
vn -0.3725 -0.7176 0.5884
vn -0.3412 -0.7098 0.6163
vn -0.3647 -0.7176 0.5933
vn -0.3020 -0.7176 0.6275
vn 0.2235 0.0118 0.9746
vn 0.2313 0.0274 0.9725
vn 0.1608 0.0118 0.9869
vn 0.1764 0.0039 0.9843
vn 0.1137 0.0039 0.9935
vn 0.0902 0.0118 0.9959
vn 0.0745 -0.0039 0.9972
vn 0.0431 -0.0039 0.9991
vn 0.0432 -0.0589 0.9973
vn 0.0039 -0.0823 0.9966
vn 0.1922 0.0275 0.9810
vn -0.0510 -0.0902 0.9946
vn -0.0745 0.0039 0.9972
vn -0.0432 -0.0039 0.9991
vn -0.0431 -0.0039 0.9991
vn -0.0902 0.0039 0.9959
vn -0.1216 0.0118 0.9925
vn -0.1451 0.0039 0.9894
vn -0.2078 0.0039 0.9782
vn -0.2236 0.0196 0.9745
vn -0.2314 0.0275 0.9725
vn -0.0588 -0.7098 -0.7020
vn 0.0667 -0.7098 -0.7012
vn -0.1843 -0.7098 -0.6799
vn -0.3019 -0.7098 -0.6364
vn -0.3020 -0.7098 -0.6364
vn -0.4118 -0.7098 -0.5715
vn -0.5059 -0.7098 -0.4902
vn -0.5765 -0.7098 -0.4048
vn -0.5608 -0.7098 -0.4263
vn 0.1922 -0.7098 -0.6777
vn 0.3098 -0.7098 -0.6326
vn 0.4196 -0.7098 -0.5658
vn 0.4118 -0.7098 -0.5715
vn 0.4745 -0.7020 -0.5311
vn 0.5059 -0.7098 -0.4902
vn -0.6157 -0.7020 -0.3580
vn -0.6235 -0.6941 -0.3598
vn -0.6235 -0.7098 -0.3277
vn -0.6549 -0.6784 -0.3330
vn -0.6157 -0.6000 -0.5108
vn -0.6078 -0.4823 -0.6308
vn -0.5922 -0.4431 -0.6730
vn -0.5686 -0.0353 -0.8218
vn -0.5686 -0.2392 -0.7870
vn 0.5529 -0.7020 -0.4489
vn 0.5843 -0.7098 -0.3934
vn 0.6314 -0.7020 -0.3296
vn 0.6235 -0.6941 -0.3598
vn 0.6706 -0.6549 -0.3485
vn 0.6078 -0.4510 -0.6536
vn 0.6235 -0.5608 -0.5447
vn 0.5765 -0.3725 -0.7273
vn 0.5686 -0.1921 -0.7998
vn 0.5686 -0.0196 -0.8224
vn 0.5608 -0.0039 -0.8280
vn 0.5686 -0.0039 -0.8226
vn -0.1922 -0.7098 0.6777
vn -0.3098 -0.7098 0.6326
vn -0.4196 -0.7098 0.5658
vn -0.0667 -0.7098 0.7012
vn -0.4118 -0.7098 0.5715
vn -0.4745 -0.7020 0.5311
vn -0.5059 -0.7098 0.4902
vn 0.0588 -0.7098 0.7020
vn 0.0588 -0.7098 0.7019
vn 0.1843 -0.7098 0.6799
vn 0.3019 -0.7098 0.6364
vn 0.3020 -0.7098 0.6364
vn 0.4118 -0.7098 0.5715
vn 0.5059 -0.7098 0.4902
vn 0.5765 -0.7098 0.4048
vn 0.5608 -0.7098 0.4263
vn 0.6157 -0.7020 0.3580
vn 0.6235 -0.6941 0.3598
vn 0.6235 -0.7098 0.3277
vn 0.6549 -0.6784 0.3330
vn 0.6157 -0.6000 0.5108
vn 0.6079 -0.4824 0.6308
vn 0.5921 -0.4353 0.6781
vn 0.5686 -0.0353 0.8218
vn 0.5686 -0.2392 0.7871
vn 0.5686 -0.0039 0.8226
vn -0.2784 -0.5686 -0.7741
vn -0.3098 -0.5765 -0.7561
vn -0.3176 -0.5765 -0.7529
vn -0.3490 -0.5765 -0.7388
vn -0.3568 -0.5765 -0.7351
vn -0.4980 -0.5921 -0.6335
vn -0.5059 -0.5921 -0.6273
vn -0.6235 -0.5765 -0.5281
vn -0.6314 -0.5843 -0.5099
vn -0.6706 -0.5686 -0.4764
vn -0.2628 -0.5686 -0.7795
vn -0.0745 -0.4432 -0.8933
vn -0.0196 -0.4196 -0.9075
vn 0.1216 -0.3020 -0.9455
vn 0.1294 -0.3020 -0.9445
vn -0.8274 -0.4667 -0.3123
vn -0.6863 -0.5686 -0.4535
vn -0.8745 -0.4196 -0.2433
vn -0.9451 -0.3098 -0.1041
vn -0.9451 -0.3020 -0.1250
vn -0.9529 -0.2941 -0.0736
vn 0.1294 -0.3098 -0.9420
vn 0.1373 -0.2941 -0.9459
vn 0.6078 0.0039 -0.7941
vn 0.6078 -0.0039 -0.7941
vn -0.0039 -0.8980 -0.4399
vn 0.0039 -0.8039 -0.5947
vn 0.0039 -0.9529 -0.3031
vn -0.0039 -0.7725 -0.6349
vn -0.0039 -0.6157 -0.7880
vn 0.0038 -0.5451 -0.8384
vn -0.0039 -0.4275 -0.9040
vn 0.0036 -0.2784 -0.9604
vn -0.0039 -0.2235 -0.9747
vn 0.0039 -0.0039 -1.0000
vn -0.3961 -0.8274 -0.3981
vn -0.5137 -0.7176 -0.4702
vn -0.6392 -0.5686 -0.5177
vn 0.0040 -1.0000 -0.0000
vn -0.1529 -0.8274 -0.5403
vn -0.2235 -0.7176 -0.6596
vn -0.2157 -0.4980 -0.8399
vn -0.1294 -0.6157 -0.7773
vn -0.1451 -0.6078 -0.7807
vn -0.0823 -0.7255 -0.6833
vn -0.0746 -0.7333 -0.6757
vn -0.3176 -0.5608 -0.7646
vn -0.3569 -0.0118 0.9341
vn -0.3019 -0.0118 0.9533
vn -0.3333 -0.0196 0.9426
vn -0.2000 -0.0196 0.9796
vn -0.3804 0.0039 0.9248
vn -0.4509 -0.0196 0.8923
vn -0.8196 -0.0025 -0.5729
vn -0.9059 0.0039 -0.4236
vn -0.8745 -0.0118 -0.4849
vn -0.8196 -0.0039 -0.5729
vn -0.8510 -0.0039 -0.5252
vn -0.9529 -0.0039 -0.3031
vn -0.9529 -0.0039 -0.3032
vn -0.9765 -0.0039 -0.2157
vn -0.9529 -0.0039 0.3031
vn -0.4510 -0.0039 -0.8925
vn -0.1137 0.0039 -0.9935
vn -0.0274 0.0039 -0.9996
vn 0.0510 0.0039 -0.9987
vn -0.0588 0.0039 -0.9983
vn -0.0667 -0.0039 -0.9978
vn -0.3804 -0.0039 -0.9248
vn -0.7725 0.0039 0.6350
vn -0.7647 -0.0039 0.6444
vn -0.3647 0.0039 0.9311
vn -0.3019 0.0039 0.9533
vn -0.2941 -0.0039 0.9558
vn -0.7568 -0.0118 -0.6535
vn -0.7333 -0.0039 -0.6799
vn -0.7961 -0.0118 -0.6051
vn -0.7490 0.0823 -0.6574
vn -0.7333 0.1137 -0.6704
vn 0.3569 -0.0039 0.9342
vn 0.2941 -0.0039 0.9558
vn 0.3019 0.0039 0.9533
vn 0.3647 0.0026 0.9311
vn 0.7882 -0.0039 0.6154
vn 0.9843 0.0039 0.1764
vn 0.9686 0.0039 -0.2485
vn 0.9686 -0.0039 -0.2485
vn 0.9529 -0.0039 -0.3032
vn 0.9137 -0.0039 -0.4064
vn 0.8196 -0.0039 -0.5729
vn 0.8745 -0.0118 -0.4849
vn 0.8510 0.0039 -0.5252
vn 0.8274 0.0039 -0.5615
vn 0.5059 0.0039 -0.8626
vn 0.4274 -0.0039 -0.9040
vn 0.1137 0.0039 -0.9935
vn -0.0510 0.0039 -0.9987
vn 0.0745 0.0039 -0.9972
vn 0.0744 -0.0038 -0.9972
vn 0.4353 -0.0039 -0.9003
vn 0.3882 0.0039 -0.9216
vn 0.7176 0.0039 -0.6964
vn 0.7569 -0.0039 -0.6536
vn 0.7961 -0.0353 -0.6042
vn 0.7804 0.0588 -0.6225
vn 0.7569 0.1059 -0.6449
vn 0.7255 0.1294 -0.6759
vn 0.0039 -0.0039 1.0000
vn 0.0745 0.0039 0.9972
vn 0.1529 -0.0039 0.9882
vn -0.1529 -0.0039 0.9882
vn -0.2157 0.0040 0.9765
vn -0.2941 -0.0040 0.9558
vn -0.3569 0.0039 0.9342
vn -0.4353 -0.0040 0.9003
vn -0.4824 0.0039 0.8760
vn -0.5608 -0.0039 0.8280
vn -0.6078 0.0040 0.7941
vn -0.7020 0.0039 0.7122
vn 0.2157 0.0040 0.9765
vn 0.2941 -0.0040 0.9558
vn 0.3569 0.0039 0.9342
vn 0.4353 -0.0040 0.9003
vn 0.4824 0.0039 0.8760
vn 0.5608 -0.0039 0.8280
vn 0.6078 0.0040 0.7941
vn 0.6784 -0.0039 0.7346
vn -0.7333 -0.0039 0.6799
vn 0.7019 -0.0039 0.7122
vn -0.7490 -0.0039 0.6625
vn 0.8902 -0.0039 -0.4556
vn 0.8745 -0.0039 -0.4850
vn 0.8823 -0.0039 -0.4706
vn 0.8745 0.0039 -0.4850
vn 0.9294 -0.0039 -0.3690
vn 0.9921 0.0039 0.1250
vn 0.9686 0.0118 -0.2483
vn 0.9686 0.0196 -0.2477
vn 0.9765 0.0117 -0.2153
vn 0.9843 0.0039 -0.1765
vn 1.0000 -0.0038 -0.0000
vn 0.9765 0.0118 0.2154
vn 0.9686 0.0196 0.2477
vn 0.9608 0.0275 0.2760
vn 0.9608 0.0118 0.2771
vn 0.9765 -0.0118 0.2154
vn 0.9372 -0.0039 0.3487
vn 0.8902 -0.0039 0.4555
vn 0.8745 -0.0039 0.4850
vn 0.6078 0.0040 -0.7941
vn 0.7020 0.0039 -0.7122
vn 0.4824 0.0039 -0.8760
vn 0.4353 -0.0040 -0.9003
vn 0.3569 0.0039 -0.9342
vn 0.2941 -0.0040 -0.9558
vn 0.2157 0.0040 -0.9765
vn 0.1529 -0.0039 -0.9882
vn -0.0745 0.0039 -0.9972
vn -0.1529 -0.0039 -0.9882
vn -0.2157 0.0040 -0.9765
vn -0.2941 -0.0040 -0.9558
vn -0.3569 0.0039 -0.9342
vn -0.4353 -0.0040 -0.9003
vn -0.4824 0.0039 -0.8760
vn -0.5608 -0.0039 -0.8280
vn -0.6078 0.0040 -0.7941
vn -0.6784 -0.0039 -0.7346
vn -0.7020 0.0039 -0.7122
vn -0.7490 0.0039 -0.6625
vn -0.8745 -0.0039 -0.4850
vn -0.8902 -0.0039 -0.4555
vn -0.9373 -0.0039 -0.3486
vn -0.9765 -0.0118 -0.2154
vn -0.9921 0.0039 -0.1250
vn -0.9608 0.0118 -0.2771
vn -0.9608 0.0274 -0.2760
vn -0.9686 0.0039 0.2485
vn -0.9686 0.0196 -0.2478
vn -0.9765 0.0118 -0.2154
vn -0.9765 0.0117 -0.2153
vn -0.9843 0.0039 -0.1765
vn -1.0000 -0.0038 -0.0000
vn -0.9843 0.0039 0.1765
vn -0.9843 0.0039 -0.1764
vn -0.9843 0.0039 0.1764
vn -0.9765 0.0117 0.2153
vn -0.9765 0.0118 0.2154
vn -0.9686 0.0196 0.2477
vn -0.9686 0.0118 0.2483
vn -0.9294 -0.0039 0.3690
vn -0.8902 -0.0039 0.4556
vn -0.8823 -0.0039 0.4706
vn -0.8745 -0.0039 0.4850
vn -0.8745 0.0040 0.4850
vn 0.0038 -1.0000 0.0000
vn -0.0038 -1.0000 -0.0000
vn -0.2235 0.0118 -0.9746
vn -0.2313 0.0274 -0.9725
vn -0.1608 0.0118 -0.9869
vn -0.1764 0.0039 -0.9843
vn -0.0902 0.0118 -0.9959
vn -0.0745 -0.0039 -0.9972
vn -0.0431 -0.0039 -0.9991
vn -0.0432 -0.0589 -0.9973
vn -0.0039 -0.0824 -0.9966
vn -0.1922 0.0275 -0.9810
vn 0.0510 -0.0902 -0.9946
vn 0.0432 -0.0039 -0.9991
vn 0.0431 -0.0039 -0.9991
vn 0.0902 0.0039 -0.9959
vn 0.1216 0.0118 -0.9925
vn 0.1451 0.0039 -0.9894
vn 0.2078 0.0039 -0.9782
vn 0.2236 0.0196 -0.9745
vn 0.2314 0.0275 -0.9725
vn 0.3569 -0.0118 -0.9341
vn 0.3019 -0.0118 -0.9533
vn 0.3333 -0.0196 -0.9426
vn 0.2000 -0.0196 -0.9796
vn 0.3804 0.0039 -0.9248
vn 0.4509 -0.0196 -0.8923
vn -0.0039 -0.0039 1.0000
vn 0.0039 -0.2235 0.9747
vn -0.0039 -0.2784 0.9605
vn 0.0039 -0.4275 0.9040
vn -0.0039 -0.5451 0.8384
vn 0.0039 -0.6157 0.7880
vn -0.0039 -0.8039 0.5947
vn 0.0039 -0.7726 0.6349
vn 0.0039 -0.8980 0.4400
vn -0.0039 -0.9529 0.3032
vn 0.0039 -0.9686 0.2485
vn 0.0039 -0.0117 0.9999
vn 0.0039 0.0039 1.0000
vn 0.0039 -0.3255 0.9455
vn -0.0039 -0.2157 0.9765
vn -0.0039 -0.4275 0.9040
vn 0.0039 -0.6235 0.7818
vn -0.0039 -0.6157 0.7880
vn -0.0040 -0.7725 0.6349
vn 0.0039 -0.8510 0.5252
vn -0.0039 -0.8902 0.4556
vn -0.0041 -0.9686 0.2485
vn 0.7804 0.0196 0.6250
vn 0.7333 0.0118 0.6798
vn 0.7098 0.0039 0.7044
vn 0.6549 0.0118 0.7556
vn 0.6627 -0.0039 0.7488
vn 0.6157 0.0039 0.7880
vn 0.5765 0.0118 0.8170
vn 0.5137 0.0118 0.8579
vn 0.4902 0.0039 0.8716
vn 0.4353 0.0039 0.9003
vn 0.4196 0.0196 0.9075
vn 0.7804 0.0275 0.6247
vn 0.4196 0.0275 0.9073
vn -0.6784 -0.5137 0.5252
vn -0.6785 -0.5137 0.5252
vn -0.6078 0.0039 0.7941
vn -0.6078 -0.0039 0.7941
vn -0.7098 -0.0510 -0.7026
vn -0.7333 -0.0040 -0.6799
vn -0.7098 -0.0039 -0.7044
vn -0.6941 -0.0039 -0.7199
vn -0.6392 -0.0118 -0.7689
vn -0.6314 -0.0118 -0.7754
vn 0.0118 0.0039 0.9999
vn -0.0039 0.0118 0.9999
vn -0.7412 0.6627 -0.1070
vn -0.6941 0.7176 -0.0565
vn -0.7705 0.6375 0.0000
vn -0.7296 0.6493 0.2147
vn -0.0039 1.0000 -0.0001
vn 0.0039 1.0000 -0.0001
vn -0.3724 0.8902 -0.2624
vn -0.0510 0.0039 0.9987
vn 0.0510 0.0039 0.9987
vn -0.4823 0.0039 0.8760
vn -0.4353 0.0039 0.9003
vn -0.5294 0.0039 0.8484
vn 0.0041 1.0000 -0.0000
vn -0.6863 0.0039 -0.7274
vn -0.6471 0.0039 -0.7624
vn -0.7255 0.0039 -0.6882
vn -0.9765 0.0039 -0.2157
vn 0.9765 0.0039 0.2157
vn -0.9921 0.0039 0.1250
vn -0.9921 0.0196 0.1235
vn -0.9529 -0.0039 0.3032
vn -0.9529 0.0039 0.3031
vn -0.9451 -0.0039 0.3268
vn -0.9921 0.0040 -0.1250
vn -0.9843 0.0118 -0.1761
vn -0.9765 0.0117 -0.2154
vn -0.9765 -0.0036 -0.2157
vn -0.9529 0.0118 -0.3030
vn -0.9373 -0.0118 -0.3484
vn -0.9451 0.0118 -0.3266
vn -0.9137 0.2627 -0.3100
vn -0.9059 0.2706 -0.3258
vn 0.9843 0.0118 0.1761
vn 0.9529 -0.0039 0.3032
vn 0.9529 0.0118 0.3030
vn 0.9372 -0.0118 0.3485
vn 0.9451 0.0118 0.3266
vn 0.9137 0.2627 0.3100
vn 0.9059 0.2706 0.3259
vn 0.9921 0.0196 -0.1235
vn -0.8039 -0.0039 -0.5947
vn -0.8039 0.0039 -0.5947
vn 0.4823 -0.0039 -0.8760
vn 0.5294 -0.0039 -0.8484
vn 0.5294 0.0039 -0.8484
vn 0.8196 -0.0025 0.5729
vn 0.9059 0.0039 0.4236
vn 0.8745 -0.0118 0.4849
vn 0.8196 -0.0039 0.5729
vn 0.8510 -0.0039 0.5252
vn 0.9529 -0.0039 0.3031
vn 0.9529 -0.0039 -0.3031
vn 0.4510 -0.0039 0.8925
vn 0.0274 0.0039 0.9996
vn 0.0588 0.0039 0.9983
vn 0.0667 -0.0039 0.9978
vn 0.3804 -0.0039 0.9248
vn 0.7725 0.0039 -0.6350
vn 0.7647 -0.0039 -0.6444
vn 0.3647 0.0039 -0.9311
vn 0.3019 0.0039 -0.9533
vn 0.2941 -0.0039 -0.9558
vn 0.2941 0.0039 -0.9558
vn 0.7568 -0.0118 0.6535
vn 0.7333 -0.0039 0.6799
vn 0.7961 -0.0118 0.6051
vn 0.7490 0.0823 0.6574
vn 0.7333 0.1137 0.6704
vn -0.7019 0.7098 0.0587
vn -0.6863 0.7098 0.1588
vn -0.2392 0.8274 -0.5080
vn -0.6706 0.7020 0.2400
vn -0.3412 0.8510 0.3993
vn -0.6784 0.7098 -0.1895
vn -0.5529 0.7098 0.4364
vn -0.3412 0.7098 0.6163
vn -0.0117 0.7098 0.7043
vn -0.0039 0.7098 0.7044
vn 0.0039 0.7098 0.7044
vn -0.4039 0.7098 -0.5771
vn -0.0117 0.7098 -0.7043
vn -0.0039 0.7098 -0.7044
vn 0.0039 0.7098 -0.7044
vn -0.4274 0.0118 0.9040
vn -0.4823 0.0118 0.8759
vn -0.4667 0.0039 0.8844
vn -0.5215 0.0039 0.8532
vn -0.5765 0.0118 0.8170
vn -0.5686 -0.0039 0.8226
vn -0.6157 0.0039 0.7880
vn -0.6549 0.0118 0.7556
vn -0.7019 0.0118 0.7121
vn -0.7255 0.0039 0.6882
vn -0.7647 0.0039 0.6444
vn -0.7804 0.0196 0.6250
vn -0.4510 0.0275 0.8921
vn -0.7804 0.0275 0.6247
vn 0.4274 0.0118 -0.9040
vn 0.4196 0.0275 -0.9073
vn 0.4823 0.0118 -0.8759
vn 0.4667 0.0039 -0.8844
vn 0.5215 0.0039 -0.8532
vn 0.5765 0.0118 -0.8170
vn 0.6157 0.0039 -0.7880
vn 0.6549 0.0118 -0.7556
vn 0.7019 0.0118 -0.7121
vn 0.7255 0.0039 -0.6882
vn 0.7647 0.0039 -0.6444
vn 0.7804 0.0196 -0.6250
vn 0.4510 0.0275 -0.8921
vn 0.7804 0.0275 -0.6247
vn -0.9137 -0.0039 0.4064
vn -0.8196 -0.0039 0.5729
vn -0.8745 -0.0118 0.4849
vn -0.8510 0.0039 0.5252
vn -0.8274 0.0039 0.5615
vn -0.5059 0.0039 0.8626
vn -0.4274 -0.0039 0.9040
vn -0.1137 0.0039 0.9935
vn -0.7882 -0.0039 -0.6154
vn -0.3647 0.0026 -0.9311
vn -0.3569 -0.0039 -0.9342
vn -0.3019 0.0039 -0.9533
vn -0.2941 -0.0039 -0.9558
vn -0.2941 0.0039 -0.9558
vn -0.0117 0.0039 0.9999
vn -0.0744 -0.0038 0.9972
vn -0.4353 -0.0039 0.9003
vn -0.3882 0.0039 0.9216
vn -0.7176 0.0039 0.6964
vn -0.7569 -0.0039 0.6536
vn -0.7961 -0.0353 0.6042
vn -0.7804 0.0588 0.6225
vn -0.7569 0.1059 0.6449
vn -0.7255 0.1294 0.6760
vn -0.0510 -0.0039 -0.9987
vn 0.0510 -0.0039 -0.9987
vn 0.6706 -0.7098 -0.2157
vn 0.5137 -0.8117 0.2777
vn 0.6706 -0.7098 -0.2156
vn 0.6863 -0.7098 -0.1588
vn 0.6392 -0.7098 -0.2959
vn 0.6392 -0.7098 -0.2960
vn 0.5921 -0.7176 -0.3665
vn 0.6157 -0.7020 -0.3580
vn 0.7098 -0.6941 0.1200
vn 0.5686 -0.6941 0.4415
vn 0.2391 -0.7101 0.6623
vn 0.2078 -0.7098 0.6730
vn 0.1843 -0.7255 -0.6631
vn 0.2784 -0.7412 -0.6109
vn 0.0275 -0.7333 -0.6793
vn 0.0745 -0.7176 -0.6924
vn 0.2392 -0.7098 -0.6625
vn 0.3255 -0.7098 -0.6247
vn 0.5451 -0.7098 -0.4461
vn 0.5294 -0.7098 -0.4647
vn 0.5451 -0.7098 -0.4462
vn 0.5372 -0.7098 -0.4556
vn 0.4981 -0.7098 -0.4981
vn 0.4902 -0.6941 -0.5272
vn 0.4745 -0.6862 -0.5513
vn -0.6706 -0.7098 0.2157
vn -0.5137 -0.8118 -0.2777
vn -0.6863 -0.7098 0.1588
vn -0.6392 -0.7098 0.2960
vn -0.5922 -0.7176 0.3665
vn -0.6157 -0.7020 0.3580
vn -0.7098 -0.6941 -0.1200
vn -0.5686 -0.6941 -0.4414
vn -0.2391 -0.7101 -0.6623
vn -0.2078 -0.7098 -0.6730
vn -0.1843 -0.7255 0.6631
vn -0.2784 -0.7412 0.6109
vn -0.0274 -0.7333 0.6793
vn -0.0745 -0.7176 0.6924
vn -0.2392 -0.7098 0.6625
vn -0.3255 -0.7098 0.6247
vn -0.5451 -0.7098 0.4461
vn -0.5294 -0.7098 0.4647
vn -0.5451 -0.7098 0.4462
vn -0.5372 -0.7098 0.4556
vn -0.4981 -0.7098 0.4981
vn -0.4902 -0.6941 0.5272
vn -0.4745 -0.6862 0.5513
vn -0.6078 0.0039 -0.7941
vn -0.6078 -0.0039 -0.7941
vn -0.6078 0.0039 -0.7940
vn 0.1059 0.9686 0.2249
vn 0.1059 0.9608 0.2563
vn 0.1608 0.9137 0.3732
vn 0.2078 0.8588 0.4682
vn 0.0824 0.9765 -0.1994
vn 0.1216 0.9608 -0.2492
vn 0.1608 0.9059 -0.3918
vn 0.1529 0.9137 -0.3765
vn 0.2153 0.8197 -0.5307
vn 0.2549 0.7804 -0.5710
vn 0.2627 0.7020 -0.6620
vn 0.2941 0.6235 -0.7244
vn 0.2314 0.7961 0.5592
vn 0.2863 0.6470 0.7067
vn 0.2627 0.7098 0.6536
vn 0.2941 0.6078 -0.7376
vn 0.2941 0.5921 -0.7502
vn 0.2941 0.5843 -0.7564
vn 0.2941 0.6078 0.7376
vn 0.3019 0.5765 0.7593
vn 0.3020 0.5843 0.7533
vn 0.3490 0.3804 0.8564
vn 0.3333 0.4824 0.8101
vn 0.3255 0.4667 -0.8224
vn 0.3412 0.4431 -0.8290
vn 0.3569 0.3333 -0.8727
vn 0.3804 0.2471 -0.8912
vn 0.3725 0.1529 -0.9153
vn 0.3725 0.0118 -0.9279
vn 0.3647 0.0118 -0.9311
vn 0.3569 0.3098 0.8813
vn 0.3647 0.1843 0.9127
vn 0.3647 0.1765 0.9143
vn 0.3647 0.0117 0.9310
vn 0.3647 0.0118 0.9310
vn 0.3647 0.0196 0.9309
vn 0.6078 0.0039 0.7941
vn 0.6078 -0.0039 0.7941
vn 0.6078 0.0039 0.7940
vn -0.8667 0.0510 -0.4963
vn -0.8902 0.0353 -0.4542
vn -0.8667 0.0353 -0.4976
vn -0.8980 0.0431 -0.4378
vn -0.9216 0.2000 0.3327
vn -0.6157 0.0666 0.7852
vn -0.6863 0.0039 0.7274
vn -0.6471 0.0039 0.7624
vn -0.4824 0.8667 0.1274
vn -0.3568 0.8510 0.3854
vn -0.3569 0.8510 0.3853
vn -0.3804 0.8510 0.3621
vn -0.1137 0.8667 0.4858
vn -0.0902 0.8667 0.4907
vn 0.3804 0.7725 0.5084
vn 0.4118 0.7647 0.4957
vn 0.1529 0.8274 0.5403
vn 0.2000 0.7647 0.6126
vn 0.4902 0.7333 0.4711
vn 0.6314 0.6549 0.4153
vn 0.6471 0.6392 0.4156
vn -0.4823 0.8667 0.1275
vn -0.5372 0.7804 -0.3200
vn -0.6000 0.7882 -0.1367
vn -0.5451 0.8274 -0.1349
vn -0.5216 0.7490 -0.4086
vn -0.4431 0.6863 -0.5768
vn -0.4588 0.6706 -0.5829
vn -0.4902 0.6470 -0.5840
vn 0.4902 0.4510 -0.7459
vn 0.5137 0.4589 -0.7249
vn 0.5294 0.4824 -0.6979
vn 0.4824 0.4353 -0.7602
vn 0.4745 0.4039 -0.7821
vn 0.4510 0.3333 -0.8280
vn 0.4431 0.2392 -0.8640
vn 0.5373 0.5294 -0.6566
vn 0.5765 0.6000 -0.5547
vn 0.5843 0.6078 -0.5377
vn 0.6157 0.6706 -0.4138
vn 0.6234 0.6628 -0.4148
vn 0.6628 0.7019 -0.2608
vn 0.6471 0.7019 -0.2976
vn 0.6941 0.7098 -0.1200
vn 0.7020 0.7098 -0.0587
vn 0.7071 0.7071 -0.0000
vn 0.7071 0.7072 -0.0001
vn 0.6941 0.7098 0.1200
vn 0.4275 0.2314 -0.8739
vn 0.4196 0.1294 -0.8984
vn 0.4118 0.0039 -0.9113
vn 0.4118 0.0274 -0.9109
vn 0.4196 0.0118 -0.9076
vn 0.5765 0.4745 -0.6652
vn 0.4118 0.4510 -0.7919
vn 0.4353 0.0431 -0.8993
vn 0.6863 0.6706 -0.2817
vn 0.7020 0.6392 -0.3141
vn 0.6784 0.7020 -0.2168
vn 0.6549 0.6941 -0.2989
vn 0.7020 0.6941 -0.1596
vn 0.6941 0.6941 -0.1908
vn 0.6235 0.7020 -0.3442
vn 0.7098 0.6941 -0.1200
vn 0.7176 0.6941 -0.0565
vn 0.7176 0.6941 -0.0566
vn 0.7176 0.6941 0.0566
vn 0.7176 0.6941 0.0565
vn 0.7098 0.6941 0.1200
vn 0.7020 0.6941 0.1596
vn 0.6941 0.6942 0.1908
vn 0.6863 0.6941 0.2174
vn 0.6863 0.6627 0.2997
vn 0.6941 0.6549 0.2989
vn 0.6471 0.6941 0.3155
vn 0.6549 0.6941 0.2988
vn 0.6235 0.7098 0.3277
vn 0.5216 0.6627 0.5373
vn -0.0510 0.7725 0.6329
vn 0.3882 0.4980 0.7754
vn -0.2627 0.6000 0.7556
vn -0.3647 0.0353 0.9305
vn 0.4275 0.0275 0.9036
vn 0.4118 0.0039 0.9113
vn 0.4196 0.1294 0.8984
vn 0.4510 0.2627 0.8530
vn 0.4274 0.2236 0.8760
vn 0.4588 0.3490 0.8171
vn 0.4824 0.4353 0.7602
vn 0.4824 0.4431 0.7556
vn 0.5059 0.4588 0.7305
vn 0.5059 0.4510 0.7353
vn 0.5294 0.4745 0.7032
vn 0.5373 0.5294 0.6566
vn 0.5765 0.5765 0.5791
vn 0.5843 0.6157 0.5287
vn 0.6157 0.6549 0.4382
vn 0.6157 0.6627 0.4262
vn 0.6549 0.7020 0.2799
vn 0.6549 0.7019 0.2800
vn 0.6863 0.7098 0.1588
vn -0.0980 0.9765 -0.1921
vn -0.1059 0.9608 -0.2563
vn -0.1608 0.9059 -0.3919
vn -0.1608 0.9137 -0.3732
vn -0.0824 0.9765 0.1994
vn -0.1216 0.9608 0.2492
vn -0.1608 0.9059 0.3918
vn -0.1529 0.9137 0.3765
vn -0.2153 0.8197 0.5307
vn -0.2549 0.7804 0.5710
vn -0.2627 0.7020 0.6620
vn -0.2941 0.6235 0.7244
vn -0.2941 0.6078 0.7376
vn -0.2941 0.5921 0.7502
vn -0.2941 0.5843 0.7564
vn -0.3255 0.4667 0.8224
vn -0.3412 0.4431 0.8290
vn -0.3569 0.3333 0.8727
vn -0.3804 0.2471 0.8912
vn -0.3725 0.1529 0.9153
vn -0.3725 0.0118 0.9279
vn -0.3647 0.0118 0.9310
vn 0.3490 0.8510 -0.3925
vn 0.6784 0.7098 0.1895
vn 0.6863 0.7098 -0.1588
vn 0.2627 0.8353 0.4830
vn 0.6784 0.7098 0.1896
vn 0.5294 0.7098 0.4647
vn 0.3098 0.7098 0.6326
vn 0.5530 0.7098 -0.4364
vn 0.3412 0.7098 -0.6163
vn 0.0118 0.7098 -0.7043
vn 0.0118 0.7098 0.7043
vn -0.8745 -0.4196 0.2433
vn -0.8510 -0.4431 0.2819
vn -0.9451 -0.3020 0.1250
vn -0.6941 -0.5686 0.4415
vn -0.6863 -0.5686 0.4536
vn -0.6627 -0.5765 0.4780
vn -0.6549 -0.5765 0.4887
vn -0.6314 -0.5765 0.5187
vn -0.4980 -0.5921 0.6335
vn -0.4902 -0.5922 0.6396
vn -0.3568 -0.5765 0.7351
vn -0.3490 -0.5843 0.7326
vn -0.3098 -0.5686 0.7620
vn -0.3098 -0.5765 0.7561
vn -0.2706 -0.5686 0.7768
vn -0.2628 -0.5686 0.7795
vn -0.0745 -0.4431 0.8934
vn -0.0353 -0.4274 0.9034
vn 0.1137 -0.3020 0.9465
vn 0.1294 -0.3020 0.9445
vn 0.1373 -0.2941 0.9459
vn 0.2392 -0.7098 0.6625
vn 0.2392 -0.7098 0.6626
vn 0.0980 -0.7098 0.6975
vn 0.0431 -0.7098 0.7031
vn 0.0980 -0.7098 0.6976
vn 0.2784 -0.7098 0.6470
vn 0.2785 -0.7098 0.6470
vn 0.3568 -0.7098 0.6074
vn 0.3569 -0.7098 0.6073
vn 0.3961 -0.7098 0.5825
vn -0.2471 -0.0039 -0.9690
vn -0.3020 -0.0039 -0.9533
vn -0.1922 -0.0039 -0.9814
vn 0.2471 0.0039 0.9690
vn 0.3020 0.0039 0.9533
vn 0.1922 0.0039 0.9814
vn 0.6863 0.0039 -0.7274
vn 0.6471 0.0039 -0.7624
vn -0.4823 -0.0039 -0.8760
vn -0.4353 -0.0039 -0.9003
vn -0.5294 -0.0039 -0.8484
vn -0.5294 0.0039 -0.8484
vn 0.6863 -0.5686 -0.4536
vn 0.6627 -0.5765 -0.4780
vn 0.6549 -0.5765 -0.4887
vn 0.6314 -0.5765 -0.5187
vn 0.4980 -0.5921 -0.6335
vn 0.4902 -0.5922 -0.6396
vn 0.3568 -0.5765 -0.7351
vn 0.3490 -0.5843 -0.7327
vn 0.3098 -0.5686 -0.7620
vn 0.6941 -0.5686 -0.4415
vn 0.8510 -0.4431 -0.2819
vn 0.8745 -0.4196 -0.2433
vn 0.9451 -0.3020 -0.1250
vn 0.3098 -0.5765 -0.7561
vn 0.2706 -0.5686 -0.7768
vn 0.2628 -0.5686 -0.7795
vn 0.0745 -0.4431 -0.8934
vn 0.0353 -0.4274 -0.9034
vn -0.1137 -0.3020 -0.9465
vn -0.1294 -0.3020 -0.9445
vn -0.1373 -0.2941 -0.9459
vn 0.9451 -0.3098 -0.1040
vn 0.9529 -0.2941 -0.0736
vn 0.4823 0.0039 0.8760
vn 0.5294 0.0039 0.8484
vn -0.2392 -0.7098 -0.6625
vn -0.2392 -0.7098 -0.6626
vn -0.3255 0.7804 -0.5339
vn -0.2941 0.7882 -0.5406
vn -0.3333 0.7804 -0.5290
vn -0.2706 0.7804 -0.5637
vn -0.2863 0.7725 -0.5668
vn 0.3255 0.7804 0.5339
vn 0.2941 0.7882 0.5406
vn 0.3333 0.7804 0.5290
vn 0.2706 0.7804 0.5637
vn 0.2863 0.7725 0.5668
vn -0.3334 -0.0039 0.9428
vn -0.3333 0.0039 0.9428
vn 0.1294 0.8667 0.4818
vn 0.3569 0.8510 0.3853
vn 0.3568 0.8510 0.3854
vn 0.3412 0.8510 0.3993
vn 0.4667 0.8667 0.1764
vn 0.3804 0.8510 0.3621
vn 0.4823 0.8667 0.1274
vn 0.5373 0.7725 -0.3384
vn 0.5294 0.7569 -0.3833
vn 0.4588 0.6549 -0.6005
vn 0.5686 0.8118 -0.1331
vn 0.5451 0.8274 -0.1349
vn 0.1530 0.8667 0.4749
vn -0.1451 0.8039 0.5768
vn -0.3490 0.7725 0.5304
vn -0.1608 0.7961 0.5834
vn -0.1686 0.8274 0.5356
vn -0.1216 0.7569 0.6422
vn -0.4980 0.7255 0.4750
vn -0.6078 0.6784 0.4126
vn -0.6157 0.6706 0.4138
vn -0.6157 0.6470 0.4497
vn -0.5686 0.7176 0.4021
vn 0.5059 0.7333 -0.4542
vn 0.6235 0.7647 -0.1626
vn 0.4589 0.6392 -0.6172
vn 0.6784 -0.5137 -0.5252
vn 0.6785 -0.5137 -0.5252
vn 0.3334 -0.0039 -0.9428
vn 0.3333 0.0039 -0.9428
vn -0.1294 0.8667 -0.4818
vn -0.3569 0.8510 -0.3853
vn -0.3568 0.8510 -0.3854
vn -0.3412 0.8510 -0.3993
vn -0.4667 0.8667 -0.1764
vn -0.3804 0.8510 -0.3621
vn -0.4823 0.8667 -0.1274
vn -0.5373 0.7725 0.3384
vn -0.5294 0.7569 0.3833
vn -0.4588 0.6549 0.6005
vn -0.5686 0.8118 0.1331
vn -0.5451 0.8274 0.1349
vn -0.1530 0.8667 -0.4749
vn 0.1451 0.8039 -0.5768
vn 0.3490 0.7725 -0.5304
vn 0.1608 0.7961 -0.5834
vn 0.1686 0.8274 -0.5356
vn 0.1216 0.7569 -0.6422
vn 0.4980 0.7255 -0.4750
vn 0.6078 0.6784 -0.4126
vn 0.6157 0.6470 -0.4497
vn 0.5686 0.7176 -0.4021
vn -0.5059 0.7333 0.4542
vn -0.6235 0.7647 0.1626
vn -0.4589 0.6392 0.6172
vn -0.2471 0.0039 0.9690
vn -0.1922 0.0039 0.9814
vn -0.3020 0.0039 0.9533
vn -0.7020 -0.7098 0.0587
vn -0.7071 -0.7071 -0.0000
vn -0.6628 -0.7098 0.2386
vn -0.6628 -0.7098 0.2387
vn -0.6314 -0.7098 0.3124
vn -0.6235 -0.7098 0.3277
vn -0.6157 -0.7098 0.3422
vn -0.6235 -0.7176 0.3102
vn -0.7020 -0.7098 -0.0587
vn -0.6941 -0.7098 -0.1200
vn -0.6863 -0.7098 -0.1588
vn -0.6706 -0.7098 -0.2157
vn -0.6314 -0.7098 -0.3123
vn -0.6314 -0.7412 -0.2281
vn -0.6157 -0.7098 -0.3422
vn -0.7176 -0.6863 -0.1184
vn -0.7020 -0.7020 0.1205
vn -0.7176 -0.6941 0.0566
vn -0.6549 -0.7176 0.2369
vn -0.5843 -0.7333 0.3476
vn -0.6157 -0.7176 -0.3255
vn -0.6705 -0.7098 -0.2157
vn -0.5059 -0.6706 -0.5426
vn -0.9765 -0.0039 0.2157
vn -0.9765 0.0039 0.2157
vn -0.3334 0.8667 0.3712
vn -0.1294 0.8510 0.5090
vn -0.1608 0.8510 0.5000
vn 0.0980 0.8667 0.4892
vn -0.1059 0.8510 0.5144
vn 0.1608 0.8667 0.4723
vn 0.4274 0.7804 0.4564
vn 0.4431 0.7726 0.4548
vn 0.4039 0.8118 0.4218
vn 0.4040 0.8274 0.3901
vn -0.3176 0.8667 0.3847
vn -0.5608 0.8039 0.1981
vn -0.6314 0.7725 -0.0675
vn -0.5843 0.7961 0.1577
vn -0.6078 0.7569 0.2402
vn -0.6627 0.7255 -0.1856
vn -0.6706 0.6784 -0.3001
vn -0.6863 0.6706 -0.2817
vn -0.7098 0.6471 -0.2784
vn -0.6471 0.7176 -0.2575
vn 0.4745 0.7647 0.4360
vn 0.6706 -0.5137 -0.5352
vn 0.6627 -0.5137 -0.5449
vn 0.6785 -0.5138 -0.5251
vn -0.0980 -0.7098 -0.6976
vn -0.0431 -0.7098 -0.7031
vn -0.2784 -0.7098 -0.6470
vn -0.2785 -0.7098 -0.6470
vn -0.3568 -0.7098 -0.6074
vn -0.3569 -0.7098 -0.6073
vn -0.3961 -0.7098 -0.5825
vn 0.1451 0.8667 -0.4773
vn -0.1294 0.8510 -0.5090
vn -0.1059 0.8510 -0.5144
vn -0.3255 0.8667 -0.3781
vn -0.1608 0.8510 -0.5000
vn -0.3647 0.8667 -0.3404
vn -0.5921 0.7804 -0.2009
vn -0.6078 0.7725 -0.1836
vn -0.5608 0.8118 -0.1630
vn 0.1686 0.8667 -0.4695
vn 0.5608 0.7804 -0.2766
vn 0.4274 0.7882 -0.4427
vn 0.4039 0.8274 -0.3901
vn 0.6314 0.7490 -0.2009
vn 0.7255 0.6863 -0.0520
vn 0.7412 0.6706 -0.0314
vn 0.7568 0.6471 -0.0921
vn -0.6235 0.7647 -0.1626
vn 0.7490 -0.0039 -0.6625
vn 0.2784 -0.5686 0.7741
vn 0.3098 -0.5765 0.7561
vn 0.3176 -0.5765 0.7529
vn 0.3490 -0.5765 0.7388
vn 0.3568 -0.5765 0.7351
vn 0.4980 -0.5921 0.6335
vn 0.5059 -0.5921 0.6273
vn 0.6235 -0.5765 0.5281
vn 0.6314 -0.5843 0.5099
vn 0.6706 -0.5686 0.4764
vn 0.2628 -0.5686 0.7795
vn 0.0745 -0.4432 0.8933
vn 0.0196 -0.4196 0.9075
vn -0.1216 -0.3020 0.9455
vn -0.1294 -0.3020 0.9445
vn 0.8274 -0.4667 0.3123
vn 0.6863 -0.5686 0.4535
vn 0.8745 -0.4196 0.2433
vn 0.9451 -0.3098 0.1041
vn 0.9451 -0.3020 0.1250
vn 0.9529 -0.2941 0.0736
vn -0.1294 -0.3098 0.9420
vn -0.1372 -0.2941 0.9459
vn 0.4745 -0.6862 0.5513
vn 0.4902 -0.6941 0.5272
vn 0.4980 -0.7098 0.4981
vn 0.5372 -0.7098 0.4556
vn 0.5373 -0.7098 0.4556
vn 0.5529 -0.7098 0.4364
vn 0.5294 -0.7098 0.4647
vn 0.2470 -0.7020 0.6680
vn 0.0745 -0.7176 0.6924
vn 0.1529 -0.7176 0.6794
vn 0.0275 -0.7333 0.6793
vn 0.2941 -0.7490 0.5937
vn 0.6078 -0.7098 0.3560
vn 0.5922 -0.7098 0.3815
vn 0.6392 -0.7098 0.2960
vn 0.6706 -0.7098 0.2157
vn 0.6863 -0.7098 0.1588
vn 0.5137 -0.8118 -0.2777
vn 0.6941 -0.6863 -0.2174
vn 0.5529 -0.6941 -0.4609
vn 0.2078 -0.7098 -0.6730
vn -0.7490 0.0039 0.6625
vn -0.1451 0.8667 0.4773
vn 0.1294 0.8510 0.5090
vn 0.1059 0.8510 0.5144
vn 0.3255 0.8667 0.3781
vn 0.1608 0.8510 0.5000
vn 0.3647 0.8667 0.3404
vn 0.5922 0.7804 0.2009
vn 0.6078 0.7725 0.1836
vn 0.5608 0.8118 0.1630
vn 0.5451 0.8274 0.1349
vn -0.1686 0.8667 0.4695
vn -0.5608 0.7804 0.2766
vn -0.4274 0.7882 0.4427
vn -0.4039 0.8274 0.3901
vn -0.6314 0.7490 0.2009
vn -0.7255 0.6863 0.0520
vn -0.7568 0.6471 0.0921
vn 0.6235 0.7647 0.1626
vn 0.2471 -0.0039 -0.9690
vn 0.1922 -0.0039 -0.9814
vn 0.3020 -0.0039 -0.9533
vn 0.7412 0.6627 0.1070
vn 0.6941 0.7176 0.0565
vn 0.7705 0.6375 -0.0000
vn 0.7465 0.6488 -0.1478
vn -0.6549 0.7098 0.2594
vn -0.6863 0.6627 0.2997
vn -0.6471 0.7177 0.2574
vn -0.6208 0.5999 0.5047
vn -0.3333 0.0039 -0.9428
vn -0.3334 -0.0039 -0.9428
vn -0.4902 0.7333 -0.4711
vn -0.6314 0.6549 -0.4153
vn -0.4118 0.7647 -0.4957
vn -0.6471 0.6392 -0.4156
vn -0.2000 0.7647 -0.6126
vn -0.1529 0.8274 -0.5403
vn 0.1137 0.8667 -0.4858
vn -0.3804 0.7725 -0.5084
vn 0.0902 0.8667 -0.4907
vn 0.3569 0.8510 -0.3853
vn 0.3568 0.8510 -0.3854
vn 0.4824 0.8667 -0.1274
vn 0.3412 0.8510 -0.3993
vn 0.3804 0.8510 -0.3621
vn 0.4823 0.8667 -0.1275
vn 0.5372 0.7804 0.3200
vn 0.6000 0.7882 0.1367
vn 0.5216 0.7490 0.4086
vn 0.4431 0.6863 0.5768
vn 0.4588 0.6706 0.5829
vn 0.4902 0.6470 0.5840
vn 0.6549 0.7098 -0.2594
vn 0.6863 0.6627 -0.2997
vn 0.6471 0.7177 -0.2574
vn 0.5955 0.6392 -0.4867
vn 0.3334 -0.0039 0.9428
vn 0.9765 -0.0039 -0.2157
vn -0.3412 -0.7098 -0.6163
vn -0.3020 -0.7176 -0.6276
vn -0.3725 -0.7176 -0.5884
vn -0.3726 -0.7177 -0.5884
vn 0.3412 -0.7098 0.6163
vn 0.3020 -0.7176 0.6276
vn 0.3725 -0.7176 0.5884
vn 0.3726 -0.7177 0.5884
vn -0.4274 -0.7098 0.5599
vn -0.4275 -0.7098 0.5599
vn -0.4980 -0.7098 0.4981
vn -0.2471 -0.7098 0.6597
vn -0.1529 -0.7098 0.6876
vn -0.1529 -0.7097 0.6877
vn -0.0510 -0.7098 0.7026
vn 0.0510 -0.7098 0.7026
vn 0.1529 -0.7097 0.6877
vn 0.1529 -0.7098 0.6876
vn 0.2549 -0.7098 0.6567
vn 0.4275 -0.7098 0.5599
vn 0.4274 -0.7098 0.5599
vn 0.4980 -0.7020 0.5092
vn 0.4981 -0.7098 0.4982
vn 0.5451 -0.6941 0.4702
vn -0.3569 -0.7098 0.6073
vn -0.3961 -0.7098 0.5825
vn -0.2706 -0.7098 0.6504
vn -0.1843 -0.7098 0.6799
vn -0.0980 -0.7098 0.6976
vn -0.0981 -0.7098 0.6975
vn -0.0432 -0.7098 0.7031
vn 0.3569 -0.7098 -0.6073
vn 0.3961 -0.7098 -0.5825
vn 0.2706 -0.7098 -0.6504
vn 0.1843 -0.7098 -0.6799
vn 0.0980 -0.7098 -0.6976
vn 0.0431 -0.7098 -0.7031
vn -0.0980 0.8667 -0.4892
vn -0.4040 0.8274 -0.3901
vn -0.4039 0.8118 -0.4218
vn -0.4431 0.7725 -0.4548
vn -0.4274 0.7804 -0.4564
vn -0.1608 0.8667 -0.4723
vn 0.1294 0.8510 -0.5090
vn 0.1059 0.8510 -0.5144
vn 0.3334 0.8667 -0.3712
vn 0.1608 0.8510 -0.5000
vn 0.3176 0.8667 -0.3847
vn 0.5608 0.8039 -0.1981
vn 0.6314 0.7725 0.0675
vn 0.5843 0.7961 -0.1577
vn 0.6078 0.7569 -0.2402
vn 0.6627 0.7255 0.1856
vn 0.6706 0.6784 0.3001
vn 0.6863 0.6706 0.2817
vn 0.7098 0.6471 0.2784
vn 0.6471 0.7176 0.2575
vn 0.2000 0.7098 -0.6754
vn 0.2627 0.6941 -0.6702
vn 0.1921 0.7098 -0.6777
vn 0.1137 0.6862 -0.7184
vn 0.2470 0.6941 -0.6762
vn 0.2941 0.7020 -0.6486
vn 0.3098 0.7098 -0.6326
vn 0.2941 0.7255 -0.6222
vn 0.1137 0.6863 -0.7184
vn 0.3882 0.7020 -0.5971
vn 0.3961 0.6863 -0.6101
vn 0.4196 0.7098 -0.5658
vn 0.4274 0.7098 -0.5599
vn 0.4902 0.7098 -0.5059
vn 0.4824 0.6863 -0.5444
vn 0.5529 0.6941 -0.4610
vn 0.5137 0.6941 -0.5042
vn 0.5608 0.6941 -0.4514
vn 0.5843 0.6941 -0.4205
vn 0.5686 0.7255 -0.3877
vn 0.5686 0.7412 -0.3568
vn 0.6470 0.6863 -0.3322
vn 0.6235 0.6784 -0.3886
vn 0.6706 0.6706 -0.3172
vn 0.7412 0.6078 -0.2849
vn -0.4745 0.6549 0.5882
vn -0.4745 0.6863 0.5513
vn -0.4667 0.7176 0.5169
vn -0.4588 0.7412 0.4901
vn -0.4902 0.7098 -0.5058
vn -0.4902 0.7098 -0.5059
vn -0.5451 -0.4196 0.7258
vn -0.4902 -0.4432 0.7506
vn -0.6784 -0.3019 0.6697
vn -0.6862 -0.3020 0.6617
vn -0.2706 -0.5685 0.7769
vn -0.2627 -0.5686 0.7795
vn -0.2235 -0.5764 0.7860
vn -0.2157 -0.5765 0.7881
vn -0.1765 -0.5765 0.7978
vn -0.0039 -0.5921 0.8058
vn -0.0039 -0.5922 0.8058
vn 0.1686 -0.5765 0.7995
vn 0.1765 -0.5765 0.7978
vn 0.2157 -0.5765 0.7881
vn 0.2235 -0.5764 0.7860
vn 0.2627 -0.5686 0.7795
vn 0.2706 -0.5686 0.7768
vn 0.4902 -0.4432 0.7506
vn 0.5216 -0.4274 0.7384
vn 0.6706 -0.3020 0.6776
vn 0.6863 -0.3020 0.6617
vn 0.6863 -0.2941 0.6652
vn 0.2627 -0.5686 -0.7795
vn 0.2235 -0.5764 -0.7860
vn 0.2157 -0.5765 -0.7881
vn 0.1765 -0.5765 -0.7978
vn 0.0039 -0.5921 -0.8058
vn -0.1686 -0.5765 -0.7995
vn -0.1765 -0.5764 -0.7979
vn -0.2157 -0.5765 -0.7881
vn -0.2235 -0.5764 -0.7860
vn -0.2627 -0.5686 -0.7795
vn -0.2706 -0.5686 -0.7768
vn -0.4902 -0.4432 -0.7506
vn -0.5216 -0.4274 -0.7384
vn -0.6706 -0.3020 -0.6776
vn -0.6863 -0.3020 -0.6617
vn -0.6863 -0.2941 -0.6652
vn 0.5451 -0.4196 -0.7258
vn 0.4902 -0.4432 -0.7506
vn 0.6784 -0.3019 -0.6697
vn 0.6862 -0.3020 -0.6617
vn 0.2706 -0.5685 -0.7769
vn 0.6863 -0.3098 -0.6581
vn 0.6863 -0.2941 -0.6652
vn -0.3019 0.7882 0.5362
vn -0.3020 0.7882 0.5362
vn -0.2706 0.7804 0.5638
vn -0.2705 0.7804 0.5637
vn -0.3255 0.7804 0.5339
vn -0.3255 0.7726 0.5452
vn 0.1843 0.6628 0.7258
vn 0.1843 0.6627 0.7258
vn 0.3019 0.7882 -0.5362
vn 0.3020 0.7882 -0.5362
vn 0.2706 0.7804 -0.5638
vn 0.2705 0.7804 -0.5637
vn 0.3255 0.7804 -0.5339
vn 0.3255 0.7726 -0.5452
vn 0.5137 0.6627 0.5449
vn 0.5137 0.6628 0.5448
vn -0.5451 0.7098 0.4462
vn -0.5451 0.7098 0.4461
vn 0.4745 0.6549 -0.5882
vn 0.4745 0.6863 -0.5512
vn 0.4667 0.7176 -0.5169
vn 0.4588 0.7412 -0.4901
vn 0.4902 0.7098 0.5058
vn 0.4902 0.7098 0.5059
vn -0.5529 0.6549 -0.5151
vn -0.5216 0.6863 -0.5070
vn -0.4824 0.7176 -0.5023
vn -0.4588 0.7412 -0.4900
vn 0.6941 -0.7098 0.1200
vn 0.6314 -0.7098 0.3124
vn 0.6314 -0.7098 0.3123
vn 0.6157 -0.7098 0.3422
vn 0.7020 -0.7098 0.0587
vn 0.7071 -0.7071 0.0000
vn 0.7020 -0.7098 -0.0587
vn 0.6628 -0.7098 -0.2386
vn 0.6628 -0.7098 -0.2387
vn 0.6314 -0.7098 -0.3124
vn 0.6314 -0.7098 -0.3123
vn 0.6157 -0.7098 -0.3422
vn 0.6235 -0.7176 -0.3102
vn 0.7020 -0.7020 -0.1205
vn 0.6157 -0.7176 0.3255
vn 0.5059 -0.6706 0.5426
vn 0.6471 -0.7333 -0.2087
vn 0.6706 -0.7020 -0.2399
vn 0.5608 -0.7020 -0.4390
vn -0.2157 0.6863 -0.6946
vn -0.1843 0.7176 -0.6716
vn -0.2392 0.6549 -0.7169
vn -0.1686 0.7411 -0.6498
vn 0.4274 -0.7098 -0.5599
vn 0.4275 -0.7098 -0.5599
vn 0.4980 -0.7098 -0.4981
vn 0.2471 -0.7098 -0.6597
vn 0.1529 -0.7098 -0.6876
vn 0.0510 -0.7098 -0.7026
vn -0.0510 -0.7098 -0.7026
vn -0.1529 -0.7097 -0.6877
vn -0.1529 -0.7098 -0.6876
vn -0.2549 -0.7098 -0.6567
vn -0.4274 -0.7098 -0.5599
vn -0.4275 -0.7098 -0.5599
vn -0.4980 -0.7020 -0.5091
vn -0.4981 -0.7098 -0.4982
vn -0.5451 -0.6941 -0.4702
vn 0.1451 0.6863 -0.7127
vn 0.1608 0.7176 -0.6776
vn 0.1373 0.6549 -0.7431
vn 0.1686 0.7412 -0.6498
vn -0.6314 -0.7020 0.3296
vn -0.6235 -0.6941 0.3597
vn -0.5843 -0.7098 0.3934
vn -0.5529 -0.7020 0.4489
vn -0.6627 -0.6549 0.3631
vn -0.6078 -0.4902 0.6247
vn -0.6157 -0.5608 0.5536
vn -0.5765 -0.3804 0.7231
vn -0.5686 -0.0353 0.8218
vn -0.5608 -0.2000 0.8035
vn 0.2392 -0.7098 -0.6626
vn -0.2392 -0.7098 0.6626
vn -0.0039 -0.7098 0.7044
vn -0.0353 -0.7176 0.6955
vn 0.0431 -0.7176 0.6951
vn 0.0432 -0.7177 0.6950
vn 0.0039 -0.7098 -0.7044
vn 0.0353 -0.7176 -0.6955
vn -0.0431 -0.7176 -0.6951
vn -0.5294 -0.7098 0.4646
vn 0.5294 -0.7098 -0.4646
vn -0.2863 0.6392 -0.7138
vn -0.2941 0.6078 -0.7376
vn -0.3019 0.5765 -0.7593
vn -0.3020 0.5843 -0.7533
vn -0.3490 0.3804 -0.8564
vn -0.3333 0.4824 -0.8101
vn -0.2627 0.7098 -0.6536
vn -0.2314 0.8039 -0.5479
vn -0.2235 0.7961 -0.5624
vn -0.3569 0.3098 -0.8813
vn -0.3647 0.1843 -0.9127
vn -0.3647 0.1765 -0.9143
vn -0.3647 0.0117 -0.9310
vn -0.3647 0.0118 -0.9310
vn -0.3647 0.0196 -0.9309
vn -0.6706 -0.7098 -0.2156
vn -0.6392 -0.7098 -0.2960
vn -0.5922 -0.7098 -0.3815
vn -0.6078 -0.7098 -0.3560
vn -0.5137 -0.8118 0.2777
vn -0.6941 -0.6863 0.2173
vn -0.2941 -0.7490 -0.5937
vn -0.5529 -0.6941 0.4609
vn -0.2078 -0.7098 0.6730
vn -0.1529 -0.7176 -0.6794
vn -0.0275 -0.7333 -0.6793
vn -0.0745 -0.7176 -0.6924
vn -0.2470 -0.7020 -0.6680
vn -0.5294 -0.7098 -0.4647
vn -0.5529 -0.7098 -0.4364
vn -0.5372 -0.7098 -0.4556
vn -0.4902 -0.6941 -0.5272
vn -0.4980 -0.7098 -0.4981
vn -0.4745 -0.6862 -0.5513
vn 0.0274 0.7725 -0.6344
vn 0.0274 0.7804 -0.6247
vn 0.0039 0.7882 -0.6154
vn -0.0353 0.7804 -0.6243
vn -0.6314 -0.7176 -0.2939
vn -0.6314 -0.7255 -0.2740
vn -0.5686 -0.7098 -0.4158
vn -0.5608 -0.7176 -0.4129
vn -0.7072 -0.7070 0.0001
vn -0.7070 -0.7072 0.0003
vn -0.0274 0.7725 0.6344
vn -0.0274 0.7804 0.6247
vn -0.0039 0.7882 0.6154
vn 0.0353 0.7804 0.6243
vn -0.6941 -0.7098 0.1200
vn -0.6863 -0.7176 0.1184
vn -0.6392 -0.7490 0.1743
vn -0.6314 -0.7490 0.2009
vn -0.7019 -0.7098 -0.0587
vn -0.6392 -0.7490 -0.1743
vn -0.6157 -0.7726 -0.1553
vn -0.4980 -0.7020 0.5091
vn -0.5451 -0.6941 0.4702
vn 0.7019 -0.7099 0.0587
vn 0.6941 -0.7176 0.0566
vn 0.6863 -0.7255 0.0521
vn 0.7018 -0.7099 -0.0587
vn 0.6863 -0.7176 -0.1185
vn 0.6863 -0.7176 -0.1184
vn -0.4980 0.7804 0.3781
vn -0.4980 0.7882 0.3615
vn -0.5843 0.7725 0.2485
vn -0.6784 0.7333 0.0444
vn -0.6471 0.7569 0.0921
vn 0.4980 -0.7020 -0.5091
vn 0.5451 -0.6941 -0.4702
vn -0.7019 -0.7099 -0.0587
vn -0.6941 -0.7176 -0.0566
vn -0.6863 -0.7255 -0.0521
vn -0.7018 -0.7099 0.0587
vn -0.6863 -0.7176 0.1185
vn 0.6314 -0.7176 0.2939
vn 0.6314 -0.7255 0.2740
vn 0.5686 -0.7098 0.4158
vn 0.5608 -0.7176 0.4129
vn 0.7072 -0.7070 -0.0001
vn 0.7070 -0.7072 -0.0003
vn 0.5451 0.5608 0.6232
vn 0.4824 0.6235 0.6153
vn 0.5686 0.5216 0.6361
vn 0.4981 0.6078 0.6185
vn 0.4745 0.6314 0.6134
vn -0.5294 -0.7098 -0.4646
vn 0.5294 -0.7098 0.4646
vn 0.4980 0.7804 -0.3781
vn 0.4980 0.7882 -0.3615
vn 0.5843 0.7725 -0.2485
vn 0.6784 0.7333 -0.0444
vn 0.6471 0.7569 -0.0921
vn -0.1765 0.7255 -0.6652
vn -0.2000 0.7333 -0.6498
vn -0.1372 0.7333 -0.6659
vn -0.1921 0.7412 -0.6432
vn 0.6706 0.7098 -0.2157
vn 0.6706 0.7098 -0.2156
vn -0.4745 0.7255 -0.4985
vn -0.4431 0.7333 -0.5157
vn -0.4353 0.7333 -0.5222
vn -0.4745 0.7412 -0.4749
vn 0.4902 0.7098 -0.5058
vn 0.7019 -0.7098 0.0587
vn 0.6392 -0.7490 0.1743
vn 0.6157 -0.7726 0.1553
vn 0.6941 -0.7098 -0.1200
vn 0.6392 -0.7490 -0.1743
vn 0.6314 -0.7490 -0.2009
vn -0.0980 0.3255 -0.9404
vn 0.0824 0.0196 -0.9964
vn 0.0667 0.0823 -0.9944
vn -0.1373 0.0510 -0.9892
vn 0.3412 0.0275 -0.9396
vn 0.3412 0.0353 -0.9393
vn -0.0667 0.5294 -0.8458
vn -0.0510 0.6000 -0.7984
vn -0.6392 -0.7176 0.2764
vn -0.7070 -0.7072 0.0000
vn -0.6314 -0.7255 0.2740
vn -0.5608 -0.7098 0.4263
vn 0.6392 -0.7176 -0.2764
vn 0.7070 -0.7072 0.0000
vn 0.6314 -0.7255 -0.2740
vn 0.5608 -0.7098 -0.4263
vn 0.6627 0.7333 0.1517
vn 0.5686 0.7961 0.2072
vn 0.7412 0.0510 -0.6694
vn 0.9608 0.0588 -0.2710
vn 0.9921 0.0275 -0.1220
vn 0.9922 0.0196 0.1235
vn 0.9372 -0.0745 0.3406
vn 0.8745 0.0039 0.4850
vn 0.8118 -0.0039 0.5840
vn 0.5922 0.0667 0.8031
vn 0.3725 0.0823 0.9244
vn 0.3647 0.1059 0.9251
vn 0.3882 0.4196 0.8205
vn 0.1686 0.7255 -0.6672
vn 0.1608 0.7255 -0.6692
vn 0.1372 0.7333 -0.6659
vn 0.2000 0.7333 -0.6498
vn 0.1451 0.7412 -0.6555
vn 0.5137 0.7804 0.3565
vn 0.4980 0.7882 0.3615
vn 0.6078 0.7647 0.2139
vn 0.5529 0.7882 0.2701
vn 0.6706 0.7412 0.0314
vn 0.6549 0.7490 0.1005
vn -0.5137 0.7804 -0.3565
vn -0.4980 0.7882 -0.3615
vn -0.6078 0.7647 -0.2139
vn -0.5529 0.7882 -0.2701
vn -0.6706 0.7412 -0.0314
vn -0.6549 0.7490 -0.1005
vn 0.6706 0.7098 0.2156
vn 0.5451 0.7098 -0.4462
vn 0.5451 0.7098 -0.4461
vn -0.1686 0.7255 0.6672
vn -0.1608 0.7255 0.6692
vn -0.1372 0.7333 0.6659
vn -0.2000 0.7333 0.6498
vn -0.1451 0.7412 0.6555
vn -0.6628 0.7333 -0.1517
vn -0.5922 0.7882 -0.1675
vn -0.5529 0.8118 -0.1879
vn 0.5451 0.7098 0.4462
vn 0.5059 0.7334 0.4542
vn 0.4274 0.7882 0.4427
vn 0.3882 0.8118 0.4363
vn 0.4667 0.7255 -0.5058
vn 0.4432 0.7333 -0.5156
vn 0.4902 0.7333 -0.4711
vn 0.4431 0.7412 -0.5043
vn -0.4667 0.7255 0.5058
vn -0.4432 0.7333 0.5156
vn -0.4902 0.7333 0.4711
vn -0.4431 0.7412 0.5043
vn -0.5451 0.7098 -0.4462
vn -0.5059 0.7334 -0.4542
vn -0.4274 0.7882 -0.4427
vn -0.3882 0.8118 -0.4363
vn 0.1765 0.7255 0.6652
vn 0.2000 0.7333 0.6498
vn 0.1372 0.7333 0.6659
vn 0.1921 0.7412 0.6432
vn -0.6706 0.7098 0.2156
vn -0.6549 0.7333 0.1826
vn -0.6078 0.7882 0.0961
vn -0.5842 0.8116 0.0000
vn 0.4745 0.7255 0.4985
vn 0.4431 0.7333 0.5157
vn 0.4353 0.7333 0.5222
vn 0.4745 0.7412 0.4749
vn -0.4823 0.7333 0.4791
vn -0.4745 0.7882 0.3919
vn -0.4667 0.8118 0.3511
vn -0.6784 -0.7098 -0.1896
vn -0.6784 -0.7098 -0.1895
vn 0.6784 -0.7098 0.1896
vn 0.6784 -0.7098 0.1895
vn -0.3019 -0.0118 -0.9533
vn -0.2000 -0.0196 -0.9796
vn -0.2784 0.0039 -0.9605
vn -0.3490 -0.0196 -0.9369
vn -0.3255 -0.0196 -0.9453
vn -0.3804 0.0039 -0.9248
vn -0.4510 -0.0196 -0.8923
vn 0.3019 -0.0118 0.9533
vn 0.2000 -0.0196 0.9796
vn 0.2784 0.0039 0.9605
vn 0.3490 -0.0196 0.9369
vn 0.3255 -0.0196 0.9453
vn 0.3804 0.0039 0.9248
vn 0.4510 -0.0196 0.8923
vn -0.6706 -0.5137 0.5352
vn -0.6627 -0.5137 0.5449
vn -0.6785 -0.5138 0.5251
vn -0.1765 -0.9765 0.1240
vn -0.1686 -0.9765 0.1345
vn 0.1765 -0.9765 -0.1240
vn 0.1686 -0.9765 -0.1345
vn 0.1922 -0.9765 -0.0980
vn 0.2000 -0.9765 -0.0807
vn -0.0118 -0.9999 -0.0000
vn -0.1922 -0.9765 0.0980
vn -0.2000 -0.9765 0.0807
vn -0.1216 0.0431 -0.9916
vn -0.2941 0.0196 -0.9556
vn -0.5843 0.0196 -0.8113
vn 0.2314 0.0353 -0.9722
vn 0.5294 0.0588 -0.8463
vn -0.8588 0.1059 -0.5012
vn -0.8353 -0.0039 -0.5498
vn -0.9294 0.0118 -0.3689
vn -0.9216 0.2471 -0.2995
vn -0.9921 -0.0275 -0.1220
vn -0.9921 0.0118 0.1245
vn -0.9608 0.0510 0.2726
vn -0.8902 -0.0118 0.4555
vn -0.8274 -0.0196 0.5612
vn -0.7490 0.0432 0.6612
vn -0.7490 0.0353 0.6616
vn -0.8353 0.3726 -0.4044
vn -0.7490 0.6392 -0.1743
vn -0.8980 0.4353 -0.0637
vn -0.9059 0.4118 -0.0992
vn -0.5373 0.0039 0.8434
vn -0.7804 0.6235 0.0470
vn -0.7882 0.6078 0.0961
vn -0.7725 0.6314 0.0675
vn -0.8196 0.5529 0.1500
vn -0.8431 0.5216 0.1308
vn 0.5373 0.0039 -0.8434
vn 0.7804 0.6235 -0.0471
vn 0.7882 0.6078 -0.0961
vn 0.7725 0.6314 -0.0675
vn 0.8196 0.5529 -0.1500
vn 0.8431 0.5216 -0.1308
vn -0.5216 0.5843 0.6217
vn -0.4902 0.6157 0.6170
vn -0.4745 0.6314 0.6134
vn -0.5608 0.5451 0.6232
vn -0.5137 0.5451 0.6625
vn 0.5216 0.5843 -0.6217
vn 0.4902 0.6157 -0.6170
vn 0.4745 0.6314 -0.6134
vn 0.5608 0.5451 -0.6232
vn 0.5137 0.5451 -0.6625
vn -0.0039 1.0000 0.0001
vn -0.0117 0.9999 -0.0000
vn -0.7412 -0.0196 0.6710
vn -0.8902 -0.0274 0.4548
vn -0.6784 -0.0588 0.7323
vn -0.9686 0.0431 0.2448
vn -0.9765 0.0745 -0.2024
vn -0.9059 0.0667 -0.4183
vn -0.8667 0.0824 -0.4921
vn -0.7569 -0.0588 -0.6509
vn 0.9921 0.0823 -0.0941
vn 0.9294 -0.0118 -0.3689
vn 0.8510 0.0902 -0.5174
vn 0.8118 0.1765 -0.5567
vn 0.9451 0.3020 -0.1250
vn 0.9059 0.0196 0.4231
vn 0.7490 0.0196 0.6623
vn 0.7490 0.0203 0.6622
vn 0.3490 -0.0667 0.9347
vn 0.4981 -0.3883 0.7754
vn 0.3333 0.0275 0.9424
vn 0.0196 -0.0275 0.9994
vn 0.7490 0.0902 -0.6564
vn 0.7412 0.1451 -0.6555
vn 0.7176 0.1529 -0.6794
vn 0.7020 0.5059 -0.5013
vn -0.1765 -0.9765 -0.1240
vn 0.1765 -0.9765 0.1240
vn 0.1922 -0.9765 0.0980
vn -0.1686 -0.9765 -0.1345
vn -0.1608 -0.9765 -0.1438
vn -0.1922 -0.9765 -0.0980
vn 0.1686 -0.9765 0.1345
vn 0.1608 -0.9764 0.1438
vn 0.1451 0.6078 0.7807
vn 0.1215 0.6314 0.7659
vn 0.1294 0.6235 0.7710
vn 0.1765 0.5608 0.8089
vn 0.1999 0.5216 0.8295
vn -0.7333 0.6078 -0.3046
vn -0.7098 0.6314 -0.3124
vn -0.7176 0.6235 -0.3102
vn -0.7725 0.5608 -0.2978
vn -0.8039 0.5216 -0.2858
vn -0.1451 0.6078 -0.7807
vn -0.1215 0.6314 -0.7659
vn -0.1294 0.6235 -0.7710
vn -0.1765 0.5608 -0.8089
vn -0.1999 0.5216 -0.8295
vn -0.9765 0.0118 0.2153
vn -0.7882 -0.0039 0.6154
vn -0.8588 -0.0196 0.5119
vn -0.6313 0.0432 0.7743
vn -0.5765 0.1216 0.8080
vn -0.9059 0.0275 -0.4226
vn -0.8980 0.0275 -0.4391
vn -0.8431 0.0431 -0.5360
vn 0.2863 0.0667 0.9558
vn 0.2784 0.0824 0.9569
vn 0.4196 -0.0039 0.9077
vn 0.0824 0.0118 0.9965
vn 0.0117 -0.0745 0.9972
vn 0.4666 0.2078 0.8597
vn 0.7333 0.6078 0.3046
vn 0.7098 0.6314 0.3124
vn 0.7176 0.6235 0.3102
vn 0.7725 0.5608 0.2978
vn 0.8039 0.5216 0.2858
vn 0.2231 -0.9748 0.0000
vn -0.2232 -0.9748 -0.0000
vn -0.2231 -0.9748 0.0000
vn 0.2157 -0.9765 0.0000
vn 0.2232 -0.9748 -0.0000
vn 0.2306 -0.9731 0.0000
vn -0.2306 -0.9731 0.0000
vn -0.2157 -0.9765 -0.0000
vn -0.6706 0.7098 -0.2157
vn -0.6706 0.7098 -0.2156
vn -0.1137 0.7412 0.6616
vn -0.1530 0.7019 0.6956
vn -0.1843 0.6628 0.7258
vn -0.0980 0.7647 0.6369
vn 0.1529 0.5843 -0.7970
vn 0.1922 0.5451 -0.8161
vn 0.1294 0.6157 -0.7773
vn 0.1137 0.6314 -0.7671
vn 0.1294 0.5451 -0.8283
vn 0.7568 0.5843 -0.2928
vn 0.7883 0.5451 -0.2856
vn 0.7255 0.6157 -0.3076
vn 0.7098 0.6314 -0.3124
vn 0.7647 0.5451 -0.3437
vn -0.1529 0.5843 0.7970
vn -0.1922 0.5451 0.8161
vn -0.1294 0.6157 0.7773
vn -0.1137 0.6314 0.7671
vn -0.1294 0.5451 0.8283
vn 0.5373 0.0040 0.8434
vn -0.7569 0.5843 0.2928
vn -0.7883 0.5451 0.2856
vn -0.7255 0.6157 0.3076
vn -0.7098 0.6314 0.3124
vn -0.7647 0.5451 0.3437
vn 0.7647 0.6392 0.0815
vn 0.6548 0.6393 0.4031
vn 0.6549 0.6392 0.4031
vn 0.6470 0.6392 0.4156
vn 0.8039 0.5843 0.1109
vn 0.8274 0.5451 0.1349
vn 0.7881 0.6156 -0.0000
vn 0.7725 0.6314 0.0677
vn 0.8353 0.5451 0.0719
vn 0.7961 0.0039 -0.6052
vn 0.4823 0.0039 -0.8760
vn 0.4118 0.0353 -0.9106
vn 0.4431 0.5216 -0.7291
vn 0.4588 0.5137 -0.7250
vn 0.1608 0.9451 -0.2845
vn -0.5373 0.0040 -0.8434
vn -0.6000 0.7098 0.3690
vn -0.6000 0.7020 0.3837
vn -0.6000 0.7020 0.3838
vn 0.4431 0.7020 -0.5576
vn -0.8039 0.5843 -0.1109
vn -0.8274 0.5451 -0.1349
vn -0.7881 0.6156 0.0000
vn -0.7725 0.6314 -0.0677
vn -0.8353 0.5451 -0.0719
vn 0.4431 0.7020 0.5576
vn 0.4431 0.7019 0.5576
vn 0.6392 0.7020 -0.3141
vn 0.6392 0.7098 -0.2960
vn 0.6000 0.7098 -0.3690
vn 0.6000 0.7020 -0.3837
vn -0.4431 0.7020 -0.5576
vn -0.4431 0.7019 -0.5576
vn -0.4431 0.7020 0.5576
vn -0.4431 0.7019 0.5576
vn -0.6392 0.7020 0.3141
vn -0.6392 0.7098 0.2960
vn -0.7098 0.7020 0.0587
vn 0.7070 0.7072 0.0000
vn -0.4353 0.7255 0.5331
vn -0.3961 0.7412 0.5420
vn -0.4745 0.7255 0.4985
vn -0.5059 0.7255 0.4667
vn -0.5137 0.7412 0.4321
vn -0.5137 0.7490 0.4184
vn 0.4980 0.7255 0.4750
vn 0.5059 0.7255 0.4667
vn 0.5137 0.7412 0.4321
vn 0.4353 0.7255 0.5331
vn 0.4431 0.7255 0.5266
vn 0.3961 0.7412 0.5420
vn 0.3961 0.7490 0.5312
vn 0.4353 0.7255 -0.5331
vn 0.3961 0.7412 -0.5420
vn 0.4745 0.7255 -0.4985
vn 0.5059 0.7255 -0.4667
vn 0.5137 0.7412 -0.4321
vn 0.5137 0.7490 -0.4184
vn -0.4980 0.7255 -0.4750
vn -0.5059 0.7255 -0.4667
vn -0.5137 0.7412 -0.4322
vn -0.5137 0.7412 -0.4321
vn -0.4353 0.7255 -0.5331
vn -0.4431 0.7255 -0.5266
vn -0.3961 0.7412 -0.5420
vn -0.3961 0.7490 -0.5312
vn 0.2079 0.7255 0.6561
vn 0.2157 0.7255 0.6536
vn 0.2393 0.7412 0.6272
vn 0.2392 0.7412 0.6273
vn 0.1687 0.7255 0.6673
vn 0.1294 0.7255 0.6759
vn 0.1294 0.7255 0.6760
vn 0.0902 0.7412 0.6652
vn 0.0902 0.7490 0.6564
vn -0.2079 0.7255 -0.6561
vn -0.2157 0.7255 -0.6536
vn -0.2393 0.7412 -0.6272
vn -0.2392 0.7412 -0.6273
vn -0.1687 0.7255 -0.6673
vn -0.1294 0.7255 -0.6759
vn -0.1294 0.7255 -0.6760
vn -0.0902 0.7412 -0.6652
vn -0.0902 0.7490 -0.6564
vn 0.1294 0.7255 -0.6760
vn 0.0902 0.7412 -0.6652
vn 0.1686 0.7255 -0.6673
vn 0.2000 0.7255 -0.6585
vn 0.2393 0.7412 -0.6272
vn 0.2392 0.7490 -0.6179
vn -0.1294 0.7255 0.6760
vn -0.0902 0.7412 0.6652
vn -0.1686 0.7255 0.6673
vn -0.2000 0.7255 0.6585
vn -0.2393 0.7412 0.6272
vn -0.2392 0.7490 0.6179
vn 0.3490 0.7020 0.6208
vn 0.3569 0.6941 0.6252
vn 0.3569 0.6863 0.6338
vn 0.0588 -0.9686 0.2415
vn 0.1216 -0.7020 0.7018
vn 0.1294 -0.7569 0.6406
vn 0.1216 -0.6941 0.7095
vn 0.1608 -0.6392 0.7520
vn 0.2078 -0.6627 0.7194
vn 0.1922 -0.7726 0.6052
vn 0.2392 -0.6862 0.6869
vn 0.2392 -0.6941 0.6790
vn -0.1765 -0.7098 0.6820
vn -0.2157 -0.7020 0.6788
vn -0.2157 -0.6941 0.6868
vn -0.1451 -0.7020 0.6973
vn -0.1451 -0.6941 0.7051
vn 0.1765 -0.7098 -0.6820
vn 0.2157 -0.7020 -0.6788
vn 0.2157 -0.6941 -0.6868
vn 0.1451 -0.7020 -0.6973
vn 0.1451 -0.6941 -0.7051
vn -0.6000 0.7020 -0.3837
vn -0.6000 0.7098 -0.3690
vn -0.6000 0.7098 -0.3691
vn 0.1765 -0.7098 0.6819
vn 0.1765 -0.7098 0.6820
vn 0.1373 -0.7020 0.6989
vn 0.1373 -0.6941 0.7067
vn 0.2157 -0.7020 0.6788
vn 0.2157 -0.6941 0.6868
vn -0.6392 0.7098 -0.2960
vn -0.6392 0.7019 -0.3141
vn -0.1765 -0.7098 -0.6819
vn -0.1765 -0.7098 -0.6820
vn -0.1373 -0.7020 -0.6989
vn -0.1373 -0.6941 -0.7067
vn -0.2157 -0.7020 -0.6788
vn -0.2157 -0.6941 -0.6868
vn 0.6392 0.7098 0.2960
vn 0.6392 0.7019 0.3141
vn 0.6000 0.7020 0.3837
vn 0.6000 0.7098 0.3690
vn 0.6000 0.7098 0.3691
vn -0.4823 -0.7098 0.5133
vn -0.4824 -0.7098 0.5134
vn -0.5137 -0.7019 0.4933
vn -0.5216 -0.6941 0.4962
vn -0.4667 -0.7020 0.5380
vn -0.4666 -0.6941 0.5481
vn 0.4823 -0.7098 -0.5133
vn 0.4824 -0.7098 -0.5134
vn 0.5137 -0.7019 -0.4933
vn 0.5216 -0.6941 -0.4962
vn 0.4667 -0.7020 -0.5380
vn 0.4666 -0.6941 -0.5481
vn -0.3490 0.7020 -0.6208
vn -0.3569 0.6941 -0.6252
vn -0.3569 0.6863 -0.6338
vn 0.1608 -0.9686 -0.1895
vn 0.5294 -0.7020 -0.4764
vn 0.4745 -0.7569 -0.4495
vn 0.5294 -0.6941 -0.4878
vn 0.5529 -0.6392 -0.5345
vn 0.4980 -0.6628 -0.5592
vn 0.4039 -0.7726 -0.4899
vn 0.4510 -0.6863 -0.5707
vn 0.4510 -0.6941 -0.5611
vn 0.6784 -0.7098 -0.1896
vn 0.6784 -0.7098 -0.1895
vn 0.4902 -0.7098 0.5059
vn 0.4588 -0.7020 0.5447
vn 0.4588 -0.6941 0.5547
vn 0.5137 -0.7019 0.4933
vn 0.5137 -0.6941 0.5043
vn -0.6784 -0.7098 0.1896
vn -0.6784 -0.7098 0.1895
vn -0.4902 -0.7098 -0.5059
vn -0.4588 -0.7020 -0.5447
vn -0.4588 -0.6941 -0.5547
vn -0.5137 -0.7019 -0.4933
vn -0.5137 -0.6941 -0.5043
vn 0.0509 0.9987 0.0000
vn -0.0665 0.9978 -0.0000
vn -0.1294 0.9059 0.4033
vn 0.1765 0.9843 0.0000
vn 0.5765 0.8118 0.0934
vn 0.0588 -0.9686 -0.2414
vn 0.2314 -0.7020 -0.6736
vn 0.2000 -0.7569 -0.6222
vn 0.2314 -0.6941 -0.6817
vn 0.2235 -0.6392 -0.7358
vn 0.1608 -0.6627 -0.7314
vn 0.1216 -0.7726 -0.6232
vn 0.1216 -0.6863 -0.7171
vn 0.1216 -0.6941 -0.7095
vn 0.1373 0.7020 -0.6989
vn 0.1765 0.6863 -0.7056
vn 0.1765 0.6941 -0.6979
vn 0.2235 0.6863 -0.6922
vn -0.1373 0.7020 0.6989
vn -0.1765 0.6863 0.7056
vn -0.1765 0.6941 0.6979
vn -0.2235 0.6863 0.6922
vn -0.5216 0.7020 -0.4850
vn -0.4980 0.6863 -0.5301
vn -0.4980 0.6941 -0.5198
vn -0.4588 0.6863 -0.5644
vn -0.5922 -0.0039 0.8058
vn -0.4510 0.0039 0.8925
vn -0.7647 -0.0040 0.6444
vn -0.1216 -0.0039 0.9926
vn -0.0431 0.0040 0.9991
vn 0.3411 -0.0039 0.9400
vn -0.8666 0.0039 0.4989
vn 0.7020 0.0039 0.7122
vn 0.6941 -0.0039 0.7198
vn 0.8431 0.0039 0.5377
vn 0.8510 0.0039 0.5252
vn 0.5922 -0.0039 -0.8058
vn 0.4510 0.0039 -0.8925
vn 0.7490 0.0039 -0.6625
vn 0.7647 -0.0040 -0.6444
vn 0.1216 -0.0039 -0.9926
vn 0.0431 0.0040 -0.9991
vn -0.3411 -0.0039 -0.9400
vn 0.8666 0.0039 -0.4989
vn -0.6941 -0.0039 -0.7198
vn -0.8431 0.0039 -0.5377
vn -0.8510 0.0039 -0.5252
vn 0.5216 0.7020 0.4850
vn 0.4980 0.6863 0.5301
vn 0.4980 0.6941 0.5198
vn 0.4588 0.6863 0.5644
vn 0.4196 0.5216 0.7429
vn 0.0039 0.6392 -0.7691
vn 0.0039 0.6392 -0.7690
vn 0.0040 0.6391 -0.7691
vn 0.6549 0.6392 -0.4031
vn 0.6471 0.6392 -0.4156
vn 0.3726 0.6392 -0.6727
vn 0.3725 0.6392 -0.6728
vn 0.3726 0.6392 -0.6728
vn 0.7647 0.6392 -0.0815
vn -0.7647 0.6392 0.0815
vn -0.3569 0.6941 0.6252
vn -0.3490 0.7020 0.6208
vn 0.3569 0.6941 -0.6252
vn 0.3490 0.7020 -0.6208
vn -0.0039 0.6392 0.7691
vn -0.0039 0.6392 0.7690
vn -0.0040 0.6391 0.7691
vn -0.3726 0.6392 0.6728
vn -0.3725 0.6392 0.6728
vn -0.3647 -0.7098 -0.6027
vn -0.3647 -0.7098 -0.6026
vn 0.3647 -0.7098 0.6026
vn -0.0588 -0.7098 0.7019
vn 0.0588 -0.7098 -0.7019
vn 0.3647 -0.7098 -0.6027
vn 0.3647 -0.7098 -0.6026
vn 0.7333 -0.0039 -0.6799
vn -0.8723 0.4890 0.0000
vn -0.4275 0.4902 -0.7596
vn -0.7412 0.4902 -0.4587
vn -0.0118 0.4902 -0.8715
vn 0.0118 0.4902 0.8715
vn -0.3647 -0.7098 0.6027
vn -0.3647 -0.7098 0.6026
vn -0.0588 -0.7098 -0.7019
vn -0.6549 0.6392 0.4031
vn -0.6470 0.6392 0.4156
vn -0.2941 0.7255 -0.6222
vn -0.2078 0.7098 -0.6730
vn -0.2471 0.7020 -0.6680
vn -0.5451 0.7412 -0.3918
vn -0.7412 0.6471 -0.1788
vn -0.6706 0.7176 0.1879
vn -0.6706 0.7098 0.2157
vn -0.6471 0.7098 0.2784
vn -0.6314 0.7020 0.3296
vn -0.6863 0.7255 0.0520
vn -0.7073 0.7069 -0.0000
vn -0.6863 0.7255 -0.0520
vn 0.2941 0.7255 0.6222
vn 0.2078 0.7098 0.6730
vn 0.2471 0.7020 0.6680
vn 0.5451 0.7412 0.3918
vn 0.7412 0.6471 0.1788
vn 0.6706 0.7176 -0.1879
vn 0.6471 0.7098 -0.2784
vn 0.6314 0.7020 -0.3296
vn 0.6863 0.7255 -0.0520
vn 0.7073 0.7069 -0.0000
vn 0.6863 0.7255 0.0520
vn -0.7098 -0.7020 0.0587
vn -0.7020 -0.7020 -0.1205
vn -0.7098 -0.7020 -0.0587
vn 0.7098 -0.7020 -0.0587
vn 0.7019 -0.7020 0.1205
vn 0.7098 -0.7020 0.0587
vn 0.4745 0.6941 -0.5414
vn 0.4588 0.7098 -0.5345
vn 0.4667 0.6941 -0.5481
vn 0.4589 0.7098 -0.5345
vn -0.4745 0.6941 0.5414
vn -0.4588 0.7098 0.5345
vn -0.4667 0.6941 0.5481
vn -0.4589 0.7098 0.5345
vn -0.5686 0.6941 -0.4414
vn -0.5608 0.7098 -0.4263
vn -0.5607 0.7098 -0.4263
vn 0.5686 0.6941 0.4414
vn 0.5608 0.7098 0.4263
vn 0.5607 0.7098 0.4263
vn 0.6784 0.6941 -0.2407
vn 0.6627 0.7098 -0.2387
vn 0.6706 0.6941 -0.2618
vn -0.6784 0.6941 0.2407
vn -0.6627 0.7098 0.2387
vn -0.6706 0.6941 0.2618
vn -0.7098 0.6941 -0.1199
vn 0.2235 0.7019 0.6763
vn 0.1843 0.6863 0.7036
vn 0.1843 0.6941 0.6959
vn 0.1373 0.6863 0.7143
vn 0.2235 0.7019 0.6762
vn 0.1372 0.6863 0.7143
vn -0.1608 -0.7726 0.6142
vn -0.4118 -0.7255 0.5515
vn -0.5216 -0.7176 0.4615
vn -0.0588 -0.7490 0.6599
vn 0.1765 -0.7569 0.6293
vn 0.2314 -0.7725 0.5913
vn 0.4902 -0.7098 0.5058
vn 0.6000 -0.7098 0.3690
vn 0.1608 -0.7725 -0.6143
vn 0.4118 -0.7255 -0.5515
vn 0.5216 -0.7176 -0.4615
vn 0.0588 -0.7490 -0.6599
vn -0.1765 -0.7569 -0.6293
vn -0.2314 -0.7725 -0.5913
vn -0.4902 -0.7098 -0.5058
vn -0.6000 -0.7098 -0.3690
vn -0.2235 0.7019 -0.6762
vn -0.1843 0.6863 -0.7036
vn -0.1843 0.6941 -0.6959
vn -0.1373 0.6863 -0.7143
vn -0.2235 0.7020 -0.6762
vn -0.1372 0.6863 -0.7143
vn 0.5686 -0.7098 -0.4158
vn 0.5686 -0.7098 -0.4157
vn -0.5686 -0.7098 0.4158
vn -0.5686 -0.7098 0.4157
vn -0.4588 0.7019 0.5448
vn -0.4980 0.6941 0.5198
vn -0.4510 0.7019 0.5512
vn -0.4980 0.6863 0.5301
vn -0.5294 0.6863 0.4987
vn -0.5294 0.6863 0.4988
vn 0.4588 0.7019 -0.5448
vn 0.4980 0.6941 -0.5198
vn 0.4510 0.7019 -0.5512
vn 0.4980 0.6863 -0.5301
vn 0.5294 0.6863 -0.4987
vn 0.5294 0.6863 -0.4988
vn 0.4666 0.7098 0.5277
vn 0.4666 0.7019 0.5381
vn 0.4667 0.7098 0.5277
vn 0.4667 0.7020 0.5380
vn -0.5686 -0.7098 -0.4157
vn 0.5686 -0.7098 0.4157
vn -0.4666 0.7098 -0.5277
vn -0.4666 0.7019 -0.5381
vn -0.4667 0.7098 -0.5276
vn -0.4667 0.7020 -0.5380
vn -0.6627 0.6785 0.3170
vn -0.6627 0.7098 -0.2387
vn -0.6706 0.7020 -0.2400
vn -0.6706 0.7020 -0.2399
vn -0.7726 0.0510 -0.6329
vn -0.8274 0.0745 -0.5566
vn -0.7412 0.0117 -0.6712
vn -0.6235 0.0353 -0.7810
vn -0.6078 0.0510 -0.7924
vn -0.8196 0.1059 -0.5631
vn -0.8196 0.1216 -0.5599
vn 0.6078 0.0825 -0.7898
vn 0.6078 0.0823 -0.7898
vn 0.5922 0.1059 -0.7988
vn 0.6156 0.0667 -0.7852
vn 0.9294 -0.0039 -0.3691
vn 0.6627 0.6785 -0.3170
vn -0.0980 0.6941 0.7132
vn -0.0902 0.6784 0.7291
vn 0.0980 0.6941 -0.7132
vn 0.0902 0.6784 -0.7291
vn -0.4274 0.6941 0.5792
vn -0.4275 0.6941 0.5792
vn -0.4274 0.6784 0.5975
vn 0.4274 0.6941 -0.5792
vn 0.4275 0.6941 -0.5792
vn 0.4275 0.6784 -0.5975
vn 0.6314 0.2235 0.7426
vn 0.4196 0.2549 0.8712
vn 0.7334 0.0902 0.6738
vn 0.0667 0.5059 0.8600
vn 0.0196 0.2392 0.9708
vn -0.3882 0.4745 0.7900
vn -0.6314 0.6627 0.4027
vn -0.3725 0.8510 0.3702
vn -0.8353 0.5373 0.1169
vn -0.8588 0.4196 0.2939
vn -0.9608 0.2549 0.1093
vn 0.8667 0.4196 -0.2699
vn 0.3804 0.5059 -0.7742
vn 0.2628 0.8353 -0.4830
vn 0.7412 0.6627 -0.1070
vn -0.2549 0.5451 -0.7987
vn -0.2706 0.8431 -0.4647
vn 0.1294 0.9843 0.1200
vn 0.3019 0.9216 0.2440
vn 0.3726 0.8274 0.4202
vn 0.6627 0.3412 -0.6666
vn 0.4902 0.7412 0.4586
vn 0.8824 0.4588 0.1046
vn 0.9748 0.2231 0.0000
vn 0.9922 -0.0431 -0.1174
vn -0.5608 0.5059 -0.6555
vn -0.5843 0.4274 -0.6898
vn -0.0902 0.2784 -0.9562
vn -0.2314 0.2000 -0.9521
vn -0.8667 0.0510 -0.4962
vn 0.7726 -0.0039 0.6349
vn 0.7412 0.0196 0.6710
vn 0.6157 0.0196 0.7878
vn 0.8353 0.0588 0.5467
vn 0.6157 0.0353 0.7872
vn 0.8353 0.0667 0.5457
vn 0.8275 -0.0902 0.5542
vn 0.6784 0.7255 0.1158
vn 0.6471 0.7098 0.2784
vn 0.6314 0.7020 0.3296
vn 0.6941 0.6784 -0.2407
vn 0.5451 0.7412 -0.3918
vn 0.3098 0.7255 -0.6146
vn 0.2471 0.7020 -0.6680
vn 0.2078 0.7098 -0.6730
vn 0.2079 0.7098 -0.6730
vn -0.6784 0.7255 -0.1158
vn -0.6471 0.7098 -0.2784
vn -0.6314 0.7020 -0.3296
vn -0.6941 0.6784 0.2407
vn -0.5451 0.7412 0.3919
vn -0.3098 0.7255 0.6146
vn -0.2470 0.7020 0.6680
vn -0.2078 0.7098 0.6730
vn -0.1765 -0.0039 -0.9843
vn -0.1764 -0.0039 -0.9843
vn -0.1843 -0.0039 -0.9829
vn -0.8510 0.0902 -0.5174
vn -0.8980 0.0902 -0.4306
vn -0.9843 0.0745 -0.1600
vn -0.9996 0.0274 0.0000
vn -0.9843 0.0668 0.1634
vn -0.9843 0.0667 0.1634
vn -0.7568 -0.0745 -0.6493
vn -0.2863 0.0824 -0.9546
vn -0.3098 0.0589 -0.9490
vn -0.2706 0.0980 -0.9577
vn 0.8353 0.1294 0.5344
vn 0.8902 0.0981 0.4449
vn 0.9843 0.0510 0.1689
vn 0.8823 0.0745 -0.4647
vn 0.7569 -0.0196 0.6533
vn 0.5686 0.0824 -0.8185
vn 0.3882 -0.0431 -0.9206
vn 0.5294 -0.0823 -0.8444
vn 0.6863 0.0353 -0.7265
vn 0.8510 -0.0039 -0.5252
vn 0.9451 0.0431 -0.3240
vn 0.9998 -0.0197 0.0000
vn 0.8902 0.0117 0.4555
vn 0.8196 0.0588 0.5699
vn 0.5608 0.0196 0.8277
vn 0.4902 0.0588 0.8696
vn 0.2784 0.0274 0.9601
vn 0.2392 0.0588 0.9692
vn -0.6314 -0.0040 -0.7755
vn -0.6313 -0.0039 -0.7755
vn -0.6235 -0.0039 -0.7818
vn -0.6314 -0.0039 -0.7755
vn -0.5529 0.8196 0.1501
vn 0.2231 0.9748 0.0000
vn 0.0118 0.9922 -0.1245
vn 0.9294 -0.0039 0.3691
vn 0.9294 -0.0039 0.3690
vn -0.4902 -0.0980 0.8661
vn -0.5765 0.0275 0.8167
vn -0.6314 0.1059 0.7682
vn 0.7177 0.6941 0.0565
vn 0.7333 0.6785 0.0443
vn -0.7020 0.7020 0.1205
vn -0.7099 0.7019 0.0587
vn -0.4274 0.6941 -0.5793
vn -0.4275 0.6941 -0.5792
vn -0.4353 0.6863 -0.5827
vn -0.5608 0.7098 0.4263
vn -0.5686 0.7019 0.4290
vn -0.5686 0.7019 0.4289
vn -0.5608 0.7098 0.4262
vn 0.7020 0.7020 -0.1205
vn 0.7099 0.7019 -0.0587
vn 0.6627 0.7098 0.2387
vn 0.6706 0.7020 0.2400
vn 0.6706 0.7020 0.2399
vn 0.5608 0.7098 -0.4263
vn 0.5686 0.7019 -0.4290
vn 0.5686 0.7019 -0.4289
vn 0.5608 0.7098 -0.4262
vn 0.6549 0.6941 0.2989
vn 0.6627 0.6863 0.2997
vn -0.0980 0.6941 -0.7132
vn -0.0745 0.7098 -0.7005
vn -0.0902 0.6941 -0.7142
vn -0.1059 0.6863 -0.7196
vn -0.7177 0.6941 -0.0565
vn -0.7333 0.6785 -0.0443
vn -0.4667 -0.7098 0.5277
vn -0.4666 -0.7098 0.5277
vn 0.4667 -0.7098 -0.5277
vn 0.4667 -0.7098 -0.5276
vn -0.9294 -0.0039 0.3691
vn -0.4667 -0.7098 -0.5277
vn -0.4667 -0.7098 -0.5276
vn -0.6863 0.4980 0.5301
vn -0.8353 0.1216 0.5362
vn -0.6941 0.3569 0.6252
vn -0.3412 0.8902 0.3019
vn 0.1765 0.9216 0.3458
vn 0.1216 0.9922 0.0293
vn 0.4824 0.8745 0.0508
vn 0.5608 0.7725 0.2978
vn 0.4118 0.5294 0.7417
vn 0.0980 0.4353 0.8949
vn 0.1137 0.2627 0.9581
vn -0.1529 0.1843 0.9709
vn 0.5137 0.0980 0.8523
vn -0.7961 0.0040 -0.6052
vn -0.7804 -0.0274 -0.6247
vn -0.8039 0.0194 -0.5945
vn -0.8196 0.0510 -0.5707
vn -0.6470 -0.7098 -0.2784
vn 0.4667 -0.7098 0.5277
vn 0.4666 -0.7098 0.5277
vn 0.4196 0.1059 -0.9015
vn 0.8980 0.2078 0.3877
vn 0.9451 0.1059 0.3092
vn 0.9216 0.1686 0.3497
vn 0.8196 0.3020 0.4869
vn 0.6470 -0.7098 0.2784
vn 0.3412 0.0431 -0.9390
vn 0.3726 0.0039 -0.9280
vn 0.3255 0.0588 -0.9437
vn 0.2706 0.1137 -0.9559
vn 0.5765 -0.7098 -0.4048
vn -0.6470 -0.7098 0.2784
vn -0.5765 -0.7098 0.4048
vn 0.6470 -0.7098 -0.2784
vn 0.1843 -0.0039 0.9829
vn 0.1765 -0.0039 0.9843
vn 0.1764 -0.0039 0.9843
vn 0.0980 0.6941 0.7132
vn 0.0745 0.7098 0.7005
vn 0.0902 0.6941 0.7142
vn 0.1059 0.6863 0.7196
vn 0.6314 -0.0039 0.7755
vn 0.6313 -0.0039 0.7755
vn 0.6314 -0.0040 0.7755
vn 0.6235 -0.0039 0.7818
vn 0.4274 0.6941 0.5793
vn 0.4039 0.7098 0.5771
vn 0.4275 0.6941 0.5792
vn 0.4353 0.6863 0.5827
vn -0.6627 0.6863 -0.2997
vn 0.6784 -0.5137 0.5252
vn -0.8582 -0.5133 0.0000
vn -0.8582 -0.5134 -0.0001
vn -0.2314 -0.7098 0.6653
vn -0.6784 -0.5137 -0.5252
vn 0.8582 -0.5133 -0.0000
vn 0.8582 -0.5134 0.0001
vn 0.2314 -0.7098 -0.6653
vn -0.5765 0.1843 0.7961
vn -0.5764 0.0588 0.8150
vn -0.5686 0.0588 0.8205
vn -0.5765 0.0745 0.8137
vn -0.5451 0.4667 0.6965
vn -0.7411 0.1059 0.6629
vn -0.7569 0.0510 0.6516
vn -0.7490 0.0745 0.6584
vn -0.7804 -0.0039 0.6253
vn 0.9529 0.0431 0.3001
vn 0.9921 0.0667 0.1058
vn 0.9921 0.0902 0.0866
vn -0.9529 0.0196 -0.3026
vn -0.9451 -0.0118 -0.3266
vn -0.9983 0.0587 -0.0000
vn -0.9608 0.0667 0.2692
vn -0.9294 0.0588 0.3643
vn -0.8431 -0.0980 0.5287
vn 0.7726 0.0274 -0.6344
vn 0.8353 -0.0902 -0.5424
vn 0.7725 0.0274 -0.6344
vn 0.7020 0.1216 -0.7017
vn -0.2314 -0.7098 -0.6653
vn -0.3092 0.9510 -0.0000
vn 0.0587 0.9983 -0.0000
vn 0.0902 0.9922 0.0866
vn 0.3569 0.9216 -0.1529
vn 0.1294 0.0274 0.9912
vn -0.0667 0.0196 0.9976
vn 0.1451 0.0510 0.9881
vn -0.3412 0.0118 0.9399
vn -0.3490 -0.0118 0.9370
vn 0.2314 -0.7098 0.6653
vn -0.9686 0.0431 -0.2448
vn -0.7804 -0.0118 -0.6252
vn -0.9921 0.0353 -0.1200
vn -0.9529 -0.0275 0.3020
vn -0.7961 0.0980 0.5972
vn -0.7725 0.1373 0.6200
vn -0.7647 0.0980 -0.6369
vn -0.4981 -0.0274 -0.8667
vn -0.3960 -0.1373 -0.9079
vn -0.0040 1.0000 0.0000
vn -0.6314 0.4666 0.6194
vn -0.9059 0.4118 0.0992
vn -0.8274 0.4745 -0.3003
vn -0.8667 0.2784 -0.4140
vn -0.8039 0.1686 0.5703
vn -0.4118 0.1294 0.9021
vn -0.6627 0.1138 -0.7402
vn -0.5843 -0.0588 -0.8094
vn -0.0980 0.8510 0.5160
vn -0.0823 0.3882 0.9179
vn 0.2471 0.7490 0.6148
vn 0.2314 0.3882 0.8920
vn -0.0823 0.0275 0.9962
vn 0.1451 0.9765 -0.1596
vn 0.3804 0.8823 0.2771
vn -0.2000 0.9765 -0.0808
vn -0.1686 0.8745 -0.4548
vn 0.0588 0.7961 -0.6023
vn 0.4039 0.8196 -0.4063
vn -0.2078 0.5530 -0.8069
vn -0.1372 0.3333 -0.9328
vn 0.4902 0.8353 -0.2490
vn 0.9608 -0.0196 0.2766
vn 0.9451 -0.0667 0.3199
vn 0.9921 0.0196 0.1235
vn 0.9978 0.0665 -0.0000
vn 0.9686 0.0588 -0.2415
vn 0.9608 0.0667 -0.2692
vn 0.8588 -0.0589 -0.5089
vn 0.8823 0.3412 0.3241
vn 0.8510 0.4667 0.2410
vn 0.7412 0.3882 0.5477
vn 0.6706 0.2706 0.6907
vn 0.9765 0.2078 -0.0576
vn 0.9843 0.0745 -0.1599
vn -0.8582 -0.5134 0.0001
vn 0.8582 -0.5134 -0.0000
vn 0.8582 -0.5134 -0.0001
vn -0.1765 0.9843 0.0000
vn -0.0118 0.8980 -0.4398
vn 0.3490 0.9137 0.2081
vn -0.4667 0.8823 -0.0607
vn 0.5765 0.1843 0.7960
vn 0.4353 0.0588 0.8984
vn 0.4432 0.0667 0.8940
vn 0.2863 -0.0589 0.9563
vn -0.5687 -0.7804 0.2601
vn -0.7020 -0.6471 0.2976
vn -0.5608 -0.7882 0.2534
vn -0.7255 -0.6235 0.2914
vn 0.5216 -0.7804 0.3449
vn 0.6784 -0.5608 0.4746
vn -0.3726 -0.7804 0.5022
vn -0.4745 -0.6471 0.5968
vn -0.3647 -0.7882 0.4957
vn -0.4980 -0.6157 0.6107
vn 0.5215 0.4512 -0.7242
vn 0.3726 0.3882 -0.8429
vn 0.4353 0.4510 -0.7792
vn 0.2471 0.3412 -0.9069
vn 0.1137 0.1764 -0.9777
vn 0.3726 -0.7804 -0.5022
vn 0.4745 -0.6471 -0.5968
vn 0.3647 -0.7882 -0.4957
vn 0.4980 -0.6157 -0.6107
vn 0.5294 0.3569 0.7696
vn -0.6784 0.3098 -0.6662
vn -0.7490 0.2706 -0.6048
vn -0.8980 0.2157 -0.3834
vn -0.9451 0.0745 -0.3182
vn -0.4980 0.2706 -0.8239
vn -0.4197 0.3176 -0.8503
vn -0.8431 0.2549 0.4734
vn -0.8431 0.2706 0.4647
vn -0.8274 0.2941 0.4784
vn -0.8588 0.2235 0.4609
vn -0.9059 0.3176 0.2802
vn -0.8980 0.3490 0.2678
vn -0.9059 0.3177 0.2802
vn -0.9059 0.2627 0.3322
vn -0.1608 0.3882 -0.9074
vn -0.1138 0.1295 -0.9850
vn -0.2157 0.3569 -0.9089
vn -0.2784 0.7255 -0.6294
vn 0.1529 0.8353 -0.5281
vn -0.2157 0.9686 0.1235
vn -0.4824 0.8745 0.0508
vn -0.3569 0.8823 0.3068
vn 0.2549 0.8274 0.5004
vn 0.4902 0.8275 0.2739
vn 0.7333 0.5922 0.3341
vn 0.7490 0.5765 -0.3266
vn 0.3020 0.9059 -0.2970
vn 0.9372 0.3176 -0.1438
vn 0.7490 0.2706 -0.6048
vn 0.5608 0.4117 -0.7183
vn 0.5686 0.4431 0.6930
vn 0.5921 0.3804 0.7104
vn 0.5294 0.0980 -0.8427
vn 0.8510 0.1843 -0.4918
vn 0.7098 0.5294 -0.4647
vn 0.8902 0.3412 -0.3019
vn 0.8196 0.5608 -0.1174
vn 0.5059 0.8353 -0.2154
vn 0.1216 0.8510 -0.5109
vn -0.2000 0.9294 -0.3102
vn -0.2627 0.8588 -0.4398
vn -0.4039 0.8667 -0.2928
vn 0.2862 0.4430 -0.8496
vn 0.4196 0.2784 -0.8640
vn 0.2706 0.0824 -0.9592
vn 0.1765 -0.2157 0.9604
vn -0.3961 0.1843 -0.8995
vn -0.3726 0.2000 -0.9062
vn -0.4510 0.1451 -0.8807
vn -0.2157 0.2941 -0.9311
vn -0.9059 0.3177 0.2801
vn 0.5922 0.4510 0.6678
vn 0.6078 0.4196 0.6741
vn 0.5765 0.6235 0.5281
vn 0.2628 0.8118 0.5215
vn 0.3490 0.8745 0.3368
vn -0.2235 0.9137 0.3393
vn -0.3490 0.8823 0.3157
vn -0.4902 0.8510 0.1886
vn -0.8588 0.3177 -0.4018
vn -0.8510 0.3255 -0.4122
vn -0.7569 0.4039 -0.5138
vn -0.9372 0.2235 -0.2676
vn -0.2784 0.3490 -0.8948
vn -0.2706 0.2157 -0.9382
vn -0.4118 0.0745 -0.9082
vn 0.0667 0.7098 -0.7013
vn -0.2157 0.9451 -0.2455
vn 0.1843 0.9059 -0.3813
vn -0.2855 0.9584 -0.0000
vn -0.4510 0.8902 0.0647
vn 0.6863 0.6157 -0.3872
vn 0.9059 0.4118 -0.0992
vn 0.9529 0.2549 -0.1641
vn 0.9686 0.2471 0.0272
vn 0.8980 0.3412 0.2777
vn -0.8196 0.3020 0.4869
vn -0.8196 0.2392 0.5206
vn -0.8196 0.1686 0.5476
vn -0.7961 0.0353 0.6042
vn -0.1059 0.9294 -0.3536
vn -0.3647 0.9137 -0.1792
vn 0.0902 0.9843 -0.1517
vn -0.3882 0.8588 -0.3342
vn -0.6549 0.7490 0.1004
vn -0.1451 0.7333 -0.6642
vn -0.3647 0.6941 0.6206
vn -0.2157 0.6549 0.7243
vn -0.4667 0.7098 0.5276
vn 0.1765 -0.2000 0.9638
vn -0.0118 0.8039 -0.5946
vn -0.3333 0.5451 -0.7693
vn -0.5686 0.7098 -0.4157
vn -0.8274 0.3961 -0.3981
vn -0.8902 0.4353 -0.1345
vn -0.9608 0.2157 -0.1743
vn 0.3020 0.6314 -0.7143
vn -0.0196 0.3961 -0.9180
vn 0.7020 0.5373 -0.4676
vn 0.7804 0.4431 -0.4412
vn 0.8588 0.4039 -0.3151
vn 0.8667 0.3961 -0.3034
vn -0.5216 0.1922 -0.8313
vn -0.4353 0.1059 -0.8940
vn -0.9608 -0.0118 -0.2771
vn -0.1529 -0.6784 -0.7186
vn -0.0902 -0.7725 -0.6285
vn -0.1294 -0.7255 -0.6760
vn -0.0745 -0.7882 -0.6108
vn -0.4824 -0.6784 -0.5541
vn -0.3804 -0.7725 -0.5084
vn -0.4431 -0.7255 -0.5266
vn -0.3647 -0.7882 -0.4957
vn 0.6863 -0.6784 0.2623
vn 0.5765 -0.7804 0.2423
vn 0.6471 -0.7255 0.2345
vn 0.5529 -0.7961 0.2460
vn 0.6706 -0.5137 0.5351
vn 0.6706 -0.5138 0.5352
vn 0.6706 -0.5137 0.5352
vn -0.6706 -0.5137 -0.5351
vn -0.6706 -0.5138 -0.5352
vn -0.6706 -0.5137 -0.5352
vn -0.6785 -0.5137 -0.5252
vn 0.8667 -0.0510 -0.4963
vn 0.8039 -0.0667 0.5910
vn -0.2941 0.3333 0.8958
vn -0.2863 0.3176 0.9040
vn -0.1294 0.4510 0.8831
vn -0.1059 0.5059 0.8561
vn -0.5372 0.1294 0.8334
vn -0.4510 0.5922 -0.6678
vn -0.3961 0.2470 -0.8844
vn -0.7255 0.2000 -0.6585
vn -0.8039 0.4039 -0.4365
vn -0.2706 0.9451 -0.1833
vn 0.0039 0.9608 -0.2773
vn 0.3098 0.9451 0.1041
vn -0.0902 0.8431 0.5301
vn 0.4823 0.5216 0.7038
vn -0.9529 0.0275 -0.3019
vn 0.6784 0.6000 -0.4240
vn 0.7412 0.6706 0.0314
vn 0.8745 0.3569 -0.3285
vn 0.6941 0.3333 -0.6381
vn 0.1608 0.4823 -0.8611
vn 0.1843 0.5764 -0.7961
vn -0.1451 0.4118 0.8997
vn 0.3804 0.2000 0.9029
vn 0.7569 0.1686 0.6315
vn 0.8823 0.1922 0.4296
vn 0.9373 0.1059 0.3322
vn -0.6941 0.5059 0.5121
vn -0.4039 0.2549 0.8786
vn -0.2627 0.0510 0.9635
vn -0.6627 0.6863 0.2997
vn -0.8353 0.5059 0.2154
vn -0.8823 0.3412 0.3242
vn -0.8509 0.1843 0.4918
vn 0.4431 0.8274 0.3449
vn 0.4510 0.7882 0.4187
vn 0.4666 0.8431 0.2671
vn 0.4353 0.8902 0.1345
vn 0.3725 0.7412 0.5585
vn -0.1294 0.2784 0.9517
vn -0.7569 0.5451 -0.3606
vn -0.8196 0.4902 -0.2966
vn -0.8353 0.4823 -0.2639
vn -0.9216 0.3569 -0.1528
vn -0.6863 0.5372 -0.4903
vn 0.4588 0.2863 -0.8411
vn 0.3413 0.1293 -0.9310
vn 0.4039 0.2157 -0.8890
vn 0.5372 0.3961 -0.7446
vn 0.7882 0.0275 0.6148
vn 0.7725 -0.0119 0.6348
vn 0.7961 0.0588 0.6023
vn 0.8118 0.1137 0.5728
vn 0.1529 -0.6784 0.7186
vn 0.0902 -0.7725 0.6285
vn 0.1294 -0.7176 0.6843
vn 0.0745 -0.7882 0.6108
vn -0.4510 -0.6941 0.5611
vn -0.4039 -0.7725 0.4899
vn -0.4510 -0.6863 0.5707
vn -0.4980 -0.6628 0.5592
vn -0.4745 -0.7569 0.4495
vn -0.5529 -0.6392 0.5345
vn -0.5294 -0.6941 0.4878
vn -0.5294 -0.7020 0.4764
vn -0.1608 -0.9686 0.1895
vn 0.7255 -0.6784 -0.1158
vn 0.6314 -0.7725 -0.0675
vn 0.6078 -0.7882 -0.0961
vn 0.5373 -0.6863 0.4903
vn 0.4667 -0.7726 0.4306
vn 0.5294 -0.6627 0.5296
vn 0.4196 -0.7569 0.5011
vn 0.5059 -0.6392 0.5792
vn 0.4510 -0.6941 0.5611
vn 0.4431 -0.7020 0.5576
vn 0.1608 -0.9686 0.1895
vn -0.7255 -0.6784 0.1158
vn -0.6314 -0.7725 0.0675
vn -0.6078 -0.7882 0.0961
vn -0.5373 -0.6863 -0.4903
vn -0.4667 -0.7726 -0.4306
vn -0.5294 -0.6627 -0.5296
vn -0.4196 -0.7569 -0.5011
vn -0.5059 -0.6392 -0.5792
vn -0.4510 -0.6941 -0.5611
vn -0.4431 -0.7020 -0.5576
vn -0.1608 -0.9686 -0.1895
vn 0.4824 -0.6784 0.5541
vn 0.3804 -0.7725 0.5084
vn 0.4431 -0.7255 0.5266
vn 0.3647 -0.7882 0.4957
vn -0.1216 -0.6941 0.7095
vn -0.1216 -0.7726 0.6232
vn -0.1216 -0.6863 0.7171
vn -0.1608 -0.6627 0.7314
vn -0.2000 -0.7569 0.6222
vn -0.2235 -0.6392 0.7358
vn -0.2314 -0.6941 0.6817
vn -0.2314 -0.7020 0.6736
vn -0.0588 -0.9686 0.2415
vn -0.6863 -0.6784 -0.2622
vn -0.5765 -0.7804 -0.2422
vn -0.6471 -0.7255 -0.2345
vn -0.5529 -0.7961 -0.2460
vn -0.2392 -0.6941 -0.6790
vn -0.1922 -0.7726 -0.6052
vn -0.2392 -0.6862 -0.6869
vn -0.2079 -0.6628 -0.7194
vn -0.1294 -0.7569 -0.6406
vn -0.1608 -0.6392 -0.7520
vn -0.1216 -0.6941 -0.7095
vn -0.1216 -0.7019 -0.7018
vn -0.0588 -0.9686 -0.2414
vn 0.3098 0.0588 0.9490
vn 0.2000 0.1686 0.9652
vn 0.2941 0.0745 0.9529
vn 0.4274 -0.0745 0.9010
vn -0.3961 0.0588 -0.9163
vn -0.3961 0.1059 -0.9121
vn -0.4039 0.0667 -0.9124
vn -0.4118 0.0824 -0.9076
vn -0.3726 0.1922 -0.9079
vn -0.5216 -0.7804 -0.3449
vn -0.6784 -0.5608 -0.4746
vn 0.5686 -0.7804 -0.2601
vn 0.7255 -0.6235 -0.2914
vn 0.7020 -0.6471 -0.2976
vn 0.5529 -0.7882 -0.2701
vn -0.4588 -0.6706 0.5829
vn -0.4588 -0.6863 0.5644
vn -0.4588 -0.6941 0.5547
vn -0.4667 -0.6627 0.5857
vn 0.6863 -0.6706 -0.2817
vn 0.6706 -0.6863 -0.2817
vn 0.6706 -0.6941 -0.2618
vn 0.6863 -0.6627 -0.2997
vn 0.2471 -0.0588 0.9672
vn -0.9451 -0.3098 0.1040
vn -0.9529 -0.2941 0.0736
vn 0.7333 -0.6706 0.1120
vn 0.7176 -0.6863 0.1184
vn 0.7176 -0.6941 0.0566
vn 0.7412 -0.6627 0.1070
vn 0.4902 0.2000 -0.8484
vn 0.5216 0.1529 -0.8394
vn 0.4745 0.2235 -0.8514
vn 0.4196 0.2941 -0.8587
vn -0.5216 -0.0431 0.8521
vn -0.1294 -0.6706 0.7305
vn -0.1295 -0.6863 0.7157
vn -0.1372 -0.6941 0.7067
vn -0.1216 -0.6628 0.7389
vn 0.4588 -0.6706 -0.5829
vn 0.4588 -0.6863 -0.5644
vn 0.4588 -0.6941 -0.5547
vn 0.4667 -0.6627 -0.5857
vn -0.6863 -0.6706 0.2817
vn -0.6706 -0.6863 0.2817
vn -0.6706 -0.6941 0.2618
vn -0.6863 -0.6627 0.2997
vn -0.1765 0.1137 -0.9777
vn -0.1686 0.1216 -0.9782
vn -0.2941 -0.0118 -0.9557
vn -0.1137 0.1765 -0.9777
vn 0.1294 -0.6706 -0.7305
vn 0.1295 -0.6863 -0.7157
vn 0.1372 -0.6941 -0.7067
vn 0.1216 -0.6628 -0.7389
vn -0.0039 0.0980 0.9952
vn 0.9294 0.0039 0.3690
vn 0.1294 -0.6157 0.7773
vn 0.0824 -0.7255 0.6833
vn 0.1451 -0.6078 0.7807
vn 0.0745 -0.7333 0.6758
vn 0.2157 -0.4980 0.8399
vn 0.7412 -0.6706 -0.0314
vn 0.7489 -0.6627 -0.0000
vn -0.7412 -0.6706 0.0314
vn -0.7489 -0.6627 0.0000
vn 0.4824 -0.6157 0.6231
vn 0.3961 -0.7255 0.5628
vn 0.5059 -0.6079 0.6120
vn 0.3882 -0.7333 0.5581
vn 0.5921 -0.4981 0.6335
vn 0.6157 -0.6706 -0.4139
vn 0.6235 -0.6627 -0.4147
vn -0.4824 -0.6157 -0.6231
vn -0.3961 -0.7255 -0.5628
vn -0.5059 -0.6078 -0.6121
vn -0.3882 -0.7333 -0.5581
vn -0.5921 -0.4981 -0.6335
vn -0.6157 -0.6706 0.4138
vn -0.6235 -0.6627 0.4147
vn -0.7333 -0.6706 -0.1120
vn -0.7176 -0.6941 -0.0565
vn -0.7412 -0.6627 -0.1070
vn 0.4510 -0.6706 0.5890
vn 0.4353 -0.7098 0.5538
vn 0.4588 -0.6627 0.5918
vn -0.6784 -0.6706 -0.3001
vn -0.6863 -0.6627 -0.2997
vn -0.6471 -0.7098 -0.2784
vn -0.4510 -0.6706 -0.5890
vn -0.4353 -0.7098 -0.5538
vn -0.4588 -0.6627 -0.5918
vn -0.4353 -0.7098 -0.5537
vn 0.6784 -0.6706 0.3001
vn 0.6863 -0.6627 0.2997
vn -0.0196 0.8824 0.4702
vn 0.3020 0.8431 0.4449
vn 0.4588 0.7490 0.4780
vn -0.3412 0.6470 0.6819
vn -0.3961 0.4980 0.7714
vn -0.8431 0.2784 -0.4600
vn -0.9137 0.1608 -0.3732
vn -0.8510 0.2627 -0.4548
vn -0.7019 0.4274 -0.5697
vn -0.2863 0.3177 0.9040
vn -0.5372 0.1294 0.8335
vn -0.2471 0.0431 0.9680
vn -0.1294 -0.1294 0.9831
vn -0.1843 -0.0510 0.9815
vn -0.3098 0.1451 0.9397
vn -0.6157 0.3020 -0.7279
vn -0.2236 -0.0353 -0.9741
vn 0.9137 -0.0274 0.4054
vn -0.1137 0.1608 0.9804
vn -0.1137 0.1686 0.9791
vn -0.1216 0.1451 0.9819
vn 0.7562 0.6543 0.0000
vn 0.5686 0.7804 -0.2601
vn 0.6784 0.7255 -0.1158
vn 0.8196 0.5686 0.0702
vn 0.8902 0.4431 0.1058
vn -0.5372 0.8353 -0.1169
vn -0.8196 0.4980 -0.2832
vn -0.8196 0.4980 -0.2833
vn -0.6549 0.7333 -0.1826
vn -0.5137 0.8510 -0.1092
vn -0.0038 -1.0000 -0.0001
vn 0.0038 -1.0000 0.0001
vn -0.4196 0.0353 -0.9070
vn -0.3961 0.0117 -0.9181
vn -0.4274 0.0510 -0.9026
vn -0.4510 0.0824 -0.8887
vn 0.6471 0.1216 0.7527
vn 0.6000 0.1843 0.7785
vn 0.7176 0.0274 0.6959
vn 0.4588 0.3255 0.8268
vn -0.0431 -0.9991 -0.0000
vn 0.8823 0.3569 0.3068
vn 0.8902 0.3490 0.2928
vn 0.7647 0.6157 0.1902
vn 0.6000 0.7961 0.0792
vn 0.4824 0.1921 -0.8546
vn -0.2235 0.8823 -0.4141
vn -0.3647 0.9059 -0.2154
vn 0.4275 0.8667 0.2573
vn 0.3569 0.5608 0.7471
vn 0.2000 0.8667 -0.4570
vn -0.4745 0.7647 -0.4360
vn 0.9216 0.3255 0.2116
vn 0.4267 0.9044 -0.0000
vn 0.4353 0.8980 -0.0637
vn 0.6549 0.7412 -0.1476
vn 0.3804 0.9059 -0.1862
vn 0.4824 0.7804 -0.3979
vn 0.1922 0.9137 -0.3580
vn 0.3568 0.8432 -0.4022
vn 0.1451 0.9294 -0.3393
vn 0.4196 0.9059 -0.0577
vn 0.6314 0.7412 0.2281
vn 0.7412 0.5137 0.4322
vn 0.7647 0.4353 0.4752
vn -0.7098 0.6706 0.2156
vn -0.8582 0.5133 -0.0000
vn -0.8588 0.5059 0.0807
vn -0.7412 0.6549 0.1476
vn -0.7333 0.5686 0.3727
vn -0.7412 0.5529 0.3807
vn -0.3333 0.8745 0.3523
vn 0.3333 0.8666 0.3712
vn 0.0667 0.5451 0.8357
vn 0.0590 0.4195 0.9059
vn 0.0667 0.5137 0.8554
vn 0.0588 0.4196 0.9058
vn -0.6157 0.7647 -0.1902
vn -0.5922 0.7725 -0.2292
vn -0.6392 0.7569 -0.1363
vn 0.6157 0.7647 0.1902
vn 0.5922 0.7726 0.2292
vn 0.6392 0.7569 0.1363
vn 0.6549 0.7490 0.1004
vn -0.2941 0.8980 -0.3272
vn -0.3882 0.4666 0.7947
vn -0.6863 -0.3098 0.6581
vn -0.6863 -0.2941 0.6652
vn -0.5843 0.3412 -0.7363
vn -0.5216 0.6471 -0.5562
vn -0.5765 0.3961 -0.7147
vn -0.5137 0.6627 -0.5449
vn 0.4902 -0.0902 -0.8669
vn -0.1058 0.8823 -0.4585
vn -0.1372 0.8902 -0.4344
vn -0.2078 0.8902 -0.4054
vn -0.0196 0.8667 -0.4985
vn -0.5981 0.8014 0.0000
vn -0.6235 0.7804 0.0471
vn -0.7490 0.6079 0.2636
vn -0.6078 0.6863 0.3995
vn -0.6235 0.7176 0.3102
vn -0.5451 0.6314 0.5516
vn -0.5451 0.6313 0.5516
vn 0.5529 0.7647 -0.3309
vn 0.6471 0.7490 -0.1425
vn 0.6314 0.7569 -0.1689
vn 0.4275 0.8196 0.3815
vn -0.0588 0.8667 0.4954
vn 0.2784 -0.0667 -0.9581
vn 0.0902 0.4980 -0.8624
vn 0.2235 0.8588 -0.4609
vn 0.2705 0.8667 0.4192
vn -0.0431 0.6628 0.7476
vn -0.0745 0.8118 0.5792
vn -0.0431 0.6392 0.7678
vn -0.0823 0.8275 0.5554
vn -0.5843 0.6784 0.4454
vn 0.1608 0.0824 -0.9835
vn 0.0275 0.8667 0.4981
vn -0.6392 -0.5216 0.5651
vn 0.6392 -0.5216 -0.5651
usemtl Metal
s 1
f 1/1/1 2/2/2 3/3/3
f 4/4/4 2/2/2 1/1/1
f 4/4/4 5/5/5 2/2/2
f 6/6/6 7/7/7 8/8/6
f 9/9/6 7/7/7 6/6/6
f 9/9/6 10/10/6 7/7/7
f 8/8/6 7/7/7 11/11/7
f 8/8/6 11/11/7 12/12/7
f 7/7/7 13/13/7 11/11/7
f 14/14/8 15/15/8 16/16/8
f 14/14/8 16/16/8 17/17/8
f 18/18/8 15/15/8 14/14/8
f 15/15/8 19/19/8 16/16/8
f 20/20/8 15/15/8 18/18/8
f 20/20/8 21/21/9 15/15/8
f 22/22/7 23/23/6 24/24/7
f 24/24/7 23/23/6 25/25/7
f 22/22/7 26/26/7 23/23/6
f 25/25/7 23/23/6 27/27/6
f 25/25/7 27/27/6 28/28/6
f 23/23/6 29/29/6 27/27/6
f 30/30/10 31/31/10 32/32/10
f 30/30/10 33/33/10 31/31/10
f 34/34/10 33/33/10 30/30/10
f 33/33/10 35/35/10 31/31/10
f 36/36/10 33/33/10 34/34/10
f 36/36/10 37/37/11 33/33/10
f 38/38/12 39/39/13 40/40/14
f 40/40/14 39/39/13 41/41/12
f 42/42/15 39/39/13 38/38/12
f 42/42/15 43/43/16 39/39/13
f 44/44/17 43/43/16 42/42/15
f 45/45/18 43/43/16 44/44/17
f 46/46/19 45/45/18 44/44/17
f 47/47/6 46/46/19 44/44/17
f 48/48/19 46/46/19 47/47/6
f 49/49/19 46/46/19 48/48/19
f 50/50/19 49/49/19 48/48/19
f 50/50/19 48/48/19 51/51/19
f 52/52/19 50/50/19 51/51/19
f 53/53/19 50/50/19 52/52/19
f 53/53/19 54/54/19 50/50/19
f 55/55/19 54/54/19 53/53/19
f 56/56/19 46/46/19 49/49/19
f 56/56/19 57/57/11 46/46/19
f 58/58/11 57/57/11 56/56/19
f 46/46/19 57/57/11 59/59/20
f 59/59/20 45/45/18 46/46/19
f 58/58/11 56/56/19 60/60/21
f 61/61/22 58/58/11 60/60/21
f 61/61/22 62/62/23 58/58/11
f 61/61/22 63/63/24 62/62/23
f 63/63/24 61/61/22 64/64/25
f 62/62/23 63/63/24 65/65/26
f 62/62/23 66/66/27 58/58/11
f 59/59/20 57/57/11 66/66/27
f 57/57/11 58/58/11 66/66/27
f 67/67/28 66/66/27 62/62/23
f 67/67/28 62/62/23 68/68/29
f 63/63/24 64/64/25 69/69/30
f 69/69/30 70/70/31 63/63/24
f 70/70/31 71/71/32 63/63/24
f 63/63/24 71/71/32 72/72/32
f 59/59/20 66/66/27 73/73/33
f 66/66/27 74/74/34 73/73/33
f 70/70/31 75/75/35 71/71/32
f 76/76/36 75/75/35 70/70/31
f 76/76/36 77/77/37 75/75/35
f 76/76/36 78/78/38 77/77/37
f 78/78/38 76/76/36 79/79/39
f 78/78/38 79/79/39 80/80/40
f 81/81/41 80/80/40 79/79/39
f 82/82/42 81/81/41 79/79/39
f 83/83/43 81/81/41 82/82/42
f 81/81/41 83/83/43 84/84/44
f 84/84/44 83/83/43 85/85/45
f 84/84/44 85/85/45 86/86/46
f 87/87/47 86/86/46 85/85/45
f 87/87/47 88/88/48 86/86/46
f 87/87/47 89/89/49 88/88/48
f 90/90/50 89/89/49 87/87/47
f 89/89/49 90/90/50 91/91/51
f 91/91/51 92/92/52 89/89/49
f 93/93/53 92/92/52 91/91/51
f 92/92/52 93/93/53 94/94/54
f 94/94/54 93/93/53 95/95/54
f 94/94/54 95/95/54 96/96/55
f 96/96/55 95/95/54 97/97/56
f 96/96/55 97/97/56 98/98/57
f 98/98/57 99/99/58 96/96/55
f 100/100/59 99/99/58 98/98/57
f 98/98/57 101/101/60 100/100/59
f 101/101/60 102/102/61 100/100/59
f 103/103/62 102/102/61 101/101/60
f 103/103/62 104/104/63 102/102/61
f 105/105/64 104/104/63 103/103/62
f 106/106/65 104/104/63 105/105/64
f 107/107/66 106/106/65 105/105/64
f 107/107/66 108/108/67 106/106/65
f 109/109/68 108/108/67 107/107/66
f 109/109/68 110/110/69 108/108/67
f 111/111/70 110/110/69 109/109/68
f 111/111/70 112/112/71 110/110/69
f 112/112/71 111/111/70 113/113/72
f 113/113/72 111/111/70 114/114/73
f 113/113/72 114/114/73 115/115/74
f 116/116/75 115/115/74 114/114/73
f 114/114/73 117/117/76 116/116/75
f 116/116/75 117/117/76 118/118/77
f 119/119/78 116/116/75 118/118/77
f 114/114/73 120/120/79 117/117/76
f 120/120/79 118/118/77 117/117/76
f 121/121/80 118/118/77 120/120/79
f 122/122/81 118/118/77 121/121/80
f 121/121/80 123/123/82 122/122/81
f 124/124/83 123/123/82 121/121/80
f 122/122/81 123/123/82 125/125/84
f 125/125/84 123/123/82 126/126/85
f 124/124/83 127/127/86 123/123/82
f 125/125/84 126/126/85 128/128/87
f 125/125/84 128/128/87 129/129/87
f 130/130/88 127/127/86 124/124/83
f 130/130/88 131/131/89 127/127/86
f 132/132/90 131/131/89 130/130/88
f 133/133/91 131/131/89 132/132/90
f 133/133/91 134/134/92 131/131/89
f 135/135/93 134/134/92 133/133/91
f 135/135/93 136/136/94 134/134/92
f 137/137/95 136/136/94 135/135/93
f 138/138/96 136/136/94 137/137/95
f 64/64/25 138/138/96 137/137/95
f 64/64/25 139/139/97 138/138/96
f 138/138/96 139/139/97 140/140/98
f 139/139/97 141/141/99 140/140/98
f 140/140/98 141/141/99 142/142/100
f 142/142/100 141/141/99 143/143/100
f 61/61/22 139/139/97 64/64/25
f 144/144/7 145/145/10 146/146/10
f 144/144/7 147/147/7 145/145/10
f 148/148/101 147/147/7 144/144/7
f 148/148/101 149/149/7 147/147/7
f 150/150/7 149/149/7 148/148/101
f 150/150/7 151/151/7 149/149/7
f 152/152/7 151/151/7 150/150/7
f 153/153/7 151/151/7 152/152/7
f 153/153/7 154/154/7 151/151/7
f 155/155/10 151/151/7 154/154/7
f 154/154/7 156/156/7 155/155/10
f 157/157/10 156/156/7 154/154/7
f 157/157/10 154/154/7 158/158/10
f 157/157/10 158/158/10 159/159/10
f 157/157/10 159/159/10 160/160/10
f 155/155/10 161/161/10 151/151/7
f 160/160/10 159/159/10 162/162/11
f 160/160/10 162/162/11 163/163/11
f 163/163/11 162/162/11 164/164/11
f 163/163/11 164/164/11 165/165/11
f 165/165/11 164/164/11 166/166/11
f 167/167/10 166/166/11 161/161/10
f 165/165/11 166/166/11 167/167/10
f 167/167/10 161/161/10 155/155/10
f 168/168/11 166/166/11 164/164/11
f 168/168/11 169/169/11 166/166/11
f 170/170/11 169/169/11 168/168/11
f 170/170/11 171/171/11 169/169/11
f 172/172/11 171/171/11 170/170/11
f 173/173/10 171/171/11 172/172/11
f 172/172/11 174/174/11 173/173/10
f 173/173/10 174/174/11 146/146/10
f 146/146/10 145/145/10 173/173/10
f 175/175/19 176/176/19 177/177/19
f 178/178/19 176/176/19 175/175/19
f 178/178/19 179/179/19 176/176/19
f 180/180/19 179/179/19 178/178/19
f 175/175/19 177/177/19 181/181/102
f 175/175/19 181/181/102 182/182/19
f 183/183/19 179/179/19 180/180/19
f 184/184/19 179/179/19 183/183/19
f 184/184/19 183/183/19 185/185/19
f 186/186/19 179/179/19 184/184/19
f 184/184/19 187/187/19 186/186/19
f 184/184/19 188/188/102 187/187/19
f 189/189/102 188/188/102 184/184/19
f 190/190/102 188/188/102 189/189/102
f 191/191/102 188/188/102 190/190/102
f 186/186/19 192/192/102 179/179/19
f 193/193/102 192/192/102 186/186/19
f 193/193/102 194/194/102 192/192/102
f 195/195/102 194/194/102 193/193/102
f 195/195/102 196/196/102 194/194/102
f 197/197/102 196/196/102 195/195/102
f 191/191/102 196/196/102 197/197/102
f 191/191/102 198/198/102 196/196/102
f 190/190/102 198/198/102 191/191/102
f 199/199/103 194/194/102 196/196/102
f 199/199/103 200/200/103 194/194/102
f 201/201/103 200/200/103 199/199/103
f 201/201/103 202/202/103 200/200/103
f 203/203/103 202/202/103 201/201/103
f 203/203/103 204/204/102 202/202/103
f 205/205/103 204/204/102 203/203/103
f 205/205/103 181/181/102 204/204/102
f 206/206/102 181/181/102 205/205/103
f 182/182/19 181/181/102 206/206/102
f 207/207/104 208/208/104 209/209/104
f 209/209/104 210/210/104 207/207/104
f 207/207/104 210/210/104 211/211/105
f 209/209/104 208/208/104 212/212/104
f 211/211/105 210/210/104 213/213/104
f 212/212/104 208/208/104 214/214/104
f 212/212/104 214/214/104 215/215/104
f 216/216/104 215/215/104 214/214/104
f 216/216/104 214/214/104 217/217/105
f 218/218/104 215/215/104 216/216/104
f 217/217/105 214/214/104 219/219/105
f 220/220/105 215/215/104 218/218/104
f 220/220/105 221/221/104 215/215/104
f 222/222/105 221/221/104 220/220/105
f 220/220/105 223/223/105 222/222/105
f 222/222/105 223/223/105 224/224/105
f 224/224/105 223/223/105 225/225/106
f 225/225/106 223/223/105 226/226/105
f 225/225/106 226/226/105 227/227/105
f 217/217/105 219/219/105 227/227/105
f 227/227/105 228/228/105 225/225/106
f 227/227/105 219/219/105 228/228/105
f 228/228/105 229/229/107 225/225/106
f 228/228/105 230/230/107 229/229/107
f 228/228/105 231/231/107 230/230/107
f 232/232/107 231/231/107 228/228/105
f 232/232/107 233/233/107 231/231/107
f 234/234/107 233/233/107 232/232/107
f 234/234/107 235/235/105 233/233/107
f 236/236/105 235/235/105 234/234/107
f 236/236/105 237/237/105 235/235/105
f 211/211/105 237/237/105 236/236/105
f 211/211/105 213/213/104 237/237/105
f 238/238/8 239/239/6 240/240/8
f 241/241/6 239/239/6 238/238/8
f 242/242/6 239/239/6 241/241/6
f 242/242/6 241/241/6 243/243/6
f 242/242/6 243/243/6 244/244/8
f 245/245/6 239/239/6 242/242/6
f 244/244/8 243/243/6 246/246/8
f 245/245/6 247/247/6 239/239/6
f 248/248/6 247/247/6 245/245/6
f 248/248/6 249/249/6 247/247/6
f 250/250/6 249/249/6 248/248/6
f 251/251/6 249/249/6 250/250/6
f 251/251/6 252/252/8 249/249/6
f 238/238/8 240/240/8 253/253/9
f 253/253/9 240/240/8 254/254/9
f 253/253/9 254/254/9 255/255/9
f 256/256/9 255/255/9 254/254/9
f 257/257/9 255/255/9 256/256/9
f 255/255/9 258/258/9 253/253/9
f 255/255/9 259/259/8 258/258/9
f 260/260/8 246/246/8 259/259/8
f 260/260/8 259/259/8 261/261/8
f 261/261/8 259/259/8 255/255/9
f 244/244/8 246/246/8 260/260/8
f 256/256/9 254/254/9 262/262/9
f 262/262/9 254/254/9 263/263/9
f 263/263/9 254/254/9 264/264/9
f 263/263/9 264/264/9 265/265/9
f 265/265/9 264/264/9 266/266/9
f 265/265/9 266/266/9 267/267/9
f 267/267/9 266/266/9 268/268/8
f 267/267/9 268/268/8 269/269/8
f 269/269/8 268/268/8 252/252/8
f 269/269/8 252/252/8 270/270/8
f 270/270/8 252/252/8 251/251/6
f 271/271/9 272/272/9 273/273/9
f 274/274/9 272/272/9 271/271/9
f 275/275/8 272/272/9 274/274/9
f 271/271/9 273/273/9 276/276/9
f 274/274/9 277/277/9 275/275/8
f 276/276/9 273/273/9 278/278/9
f 276/276/9 278/278/9 279/279/9
f 280/280/9 279/279/9 278/278/9
f 280/280/9 278/278/9 281/281/8
f 281/281/8 278/278/9 282/282/8
f 283/283/9 279/279/9 280/280/9
f 283/283/9 284/284/9 279/279/9
f 285/285/8 284/284/9 283/283/9
f 285/285/8 286/286/8 284/284/9
f 287/287/8 286/286/8 285/285/8
f 287/287/8 288/288/8 286/286/8
f 287/287/8 289/289/6 288/288/8
f 287/287/8 290/290/6 289/289/6
f 289/289/6 290/290/6 291/291/8
f 281/281/8 282/282/8 291/291/8
f 291/291/8 292/292/6 289/289/6
f 291/291/8 282/282/8 292/292/6
f 293/293/6 289/289/6 292/292/6
f 293/293/6 292/292/6 294/294/6
f 294/294/6 292/292/6 295/295/6
f 295/295/6 292/292/6 296/296/6
f 295/295/6 296/296/6 297/297/108
f 297/297/108 296/296/6 298/298/6
f 297/297/108 298/298/6 299/299/6
f 299/299/6 298/298/6 300/300/8
f 299/299/6 300/300/8 301/301/8
f 301/301/8 300/300/8 275/275/8
f 275/275/8 277/277/9 301/301/8
f 302/302/104 303/303/104 304/304/104
f 305/305/104 303/303/104 302/302/104
f 305/305/104 306/306/104 303/303/104
f 307/307/104 306/306/104 305/305/104
f 302/302/104 304/304/104 308/308/105
f 302/302/104 308/308/105 309/309/104
f 310/310/104 306/306/104 307/307/104
f 311/311/104 306/306/104 310/310/104
f 311/311/104 310/310/104 312/312/104
f 313/313/104 306/306/104 311/311/104
f 311/311/104 314/314/104 313/313/104
f 311/311/104 315/315/105 314/314/104
f 316/316/105 315/315/105 311/311/104
f 317/317/105 315/315/105 316/316/105
f 318/318/105 315/315/105 317/317/105
f 313/313/104 319/319/105 306/306/104
f 320/320/105 319/319/105 313/313/104
f 320/320/105 321/321/105 319/319/105
f 322/322/105 321/321/105 320/320/105
f 322/322/105 323/323/105 321/321/105
f 324/324/105 323/323/105 322/322/105
f 318/318/105 323/323/105 324/324/105
f 318/318/105 325/325/105 323/323/105
f 317/317/105 325/325/105 318/318/105
f 326/326/107 321/321/105 323/323/105
f 326/326/107 327/327/107 321/321/105
f 328/328/107 327/327/107 326/326/107
f 328/328/107 329/329/107 327/327/107
f 330/330/107 329/329/107 328/328/107
f 330/330/107 331/331/105 329/329/107
f 332/332/107 331/331/105 330/330/107
f 332/332/107 308/308/105 331/331/105
f 333/333/105 308/308/105 332/332/107
f 309/309/104 308/308/105 333/333/105
f 334/334/19 335/335/19 336/336/102
f 334/334/19 337/337/19 335/335/19
f 338/338/19 335/335/19 337/337/19
f 339/339/19 337/337/19 334/334/19
f 336/336/102 335/335/19 340/340/102
f 341/341/102 337/337/19 339/339/19
f 341/341/102 342/342/19 337/337/19
f 338/338/19 343/343/19 335/335/19
f 344/344/19 343/343/19 338/338/19
f 345/345/19 343/343/19 344/344/19
f 344/344/19 346/346/19 345/345/19
f 345/345/19 346/346/19 347/347/102
f 347/347/102 346/346/19 348/348/19
f 349/349/102 342/342/19 341/341/102
f 341/341/102 350/350/102 349/349/102
f 349/349/102 350/350/102 351/351/102
f 351/351/102 350/350/102 352/352/109
f 352/352/109 350/350/102 353/353/102
f 352/352/109 353/353/102 354/354/102
f 354/354/102 355/355/102 352/352/109
f 354/354/102 340/340/102 355/355/102
f 355/355/102 356/356/103 352/352/109
f 355/355/102 357/357/103 356/356/103
f 355/355/102 358/358/103 357/357/103
f 359/359/103 358/358/103 355/355/102
f 359/359/103 360/360/103 358/358/103
f 361/361/103 360/360/103 359/359/103
f 361/361/103 362/362/102 360/360/103
f 363/363/102 362/362/102 361/361/103
f 363/363/102 364/364/102 362/362/102
f 347/347/102 364/364/102 363/363/102
f 347/347/102 348/348/19 364/364/102
f 336/336/102 340/340/102 354/354/102
f 365/365/11 366/366/11 367/367/11
f 367/367/11 368/368/11 365/365/11
f 369/369/11 367/367/11 366/366/11
f 370/370/11 367/367/11 369/369/11
f 367/367/11 371/371/10 368/368/11
f 372/372/10 371/371/10 367/367/11
f 372/372/10 373/373/10 371/371/10
f 374/374/10 373/373/10 372/372/10
f 365/365/11 375/375/10 366/366/11
f 376/376/10 375/375/10 365/365/11
f 376/376/10 377/377/7 375/375/10
f 378/378/7 377/377/7 376/376/10
f 379/379/7 377/377/7 378/378/7
f 379/379/7 378/378/7 380/380/7
f 379/379/7 380/380/7 381/381/10
f 381/381/10 380/380/7 373/373/10
f 381/381/10 373/373/10 374/374/10
f 382/382/7 377/377/7 379/379/7
f 382/382/7 383/383/7 377/377/7
f 384/384/7 383/383/7 382/382/7
f 384/384/7 385/385/7 383/383/7
f 386/386/7 385/385/7 384/384/7
f 387/387/7 385/385/7 386/386/7
f 387/387/7 388/388/10 385/385/7
f 389/389/10 388/388/10 387/387/7
f 390/390/10 388/388/10 389/389/10
f 390/390/10 391/391/10 388/388/10
f 392/392/11 391/391/10 390/390/10
f 392/392/11 393/393/11 391/391/10
f 394/394/11 393/393/11 392/392/11
f 394/394/11 395/395/11 393/393/11
f 396/396/11 395/395/11 394/394/11
f 396/396/11 366/366/11 395/395/11
f 397/397/11 366/366/11 396/396/11
f 369/369/11 366/366/11 397/397/11
f 398/398/110 399/399/110 400/400/111
f 398/398/110 401/401/112 399/399/110
f 402/402/110 401/401/112 398/398/110
f 398/398/110 403/403/113 402/402/110
f 398/398/110 404/404/114 403/403/113
f 405/405/115 404/404/114 398/398/110
f 405/405/115 406/406/116 404/404/114
f 407/407/117 406/406/116 405/405/115
f 408/408/115 406/406/116 407/407/117
f 398/398/110 400/400/111 409/409/118
f 407/407/117 410/410/115 408/408/115
f 411/411/119 410/410/115 407/407/117
f 407/407/117 412/412/120 411/411/119
f 407/407/117 413/413/120 412/412/120
f 414/414/117 413/413/120 407/407/117
f 414/414/117 415/415/120 413/413/120
f 414/414/117 416/416/121 415/415/120
f 414/414/117 417/417/121 416/416/121
f 418/418/122 417/417/121 414/414/117
f 414/414/117 419/419/123 418/418/122
f 420/420/124 419/419/123 414/414/117
f 420/420/124 421/421/125 419/419/123
f 421/421/125 422/422/126 419/419/123
f 421/421/125 423/423/127 422/422/126
f 421/421/125 424/424/128 423/423/127
f 421/421/125 425/425/125 424/424/128
f 421/421/125 426/426/129 425/425/125
f 427/427/130 426/426/129 421/421/125
f 428/428/131 429/429/132 430/430/133
f 428/428/131 431/431/134 429/429/132
f 428/428/131 432/432/135 431/431/134
f 428/428/131 433/433/131 432/432/135
f 428/428/131 434/434/136 433/433/131
f 435/435/137 434/434/136 428/428/131
f 436/436/138 428/428/131 430/430/133
f 436/436/138 430/430/133 437/437/139
f 437/437/139 430/430/133 438/438/140
f 438/438/140 439/439/141 437/437/139
f 437/437/139 439/439/141 440/440/141
f 437/437/139 440/440/141 441/441/142
f 437/437/139 441/441/142 442/442/142
f 437/437/139 442/442/142 443/443/139
f 443/443/139 442/442/142 444/444/142
f 443/443/139 444/444/142 445/445/143
f 445/445/143 446/446/144 443/443/139
f 443/443/139 446/446/144 447/447/144
f 447/447/144 448/448/145 443/443/139
f 443/443/139 448/448/145 449/449/144
f 449/449/144 448/448/145 450/450/146
f 449/449/144 450/450/146 451/451/147
f 451/451/147 450/450/146 452/452/148
f 451/451/147 452/452/148 453/453/147
f 453/453/147 454/454/149 451/451/147
f 451/451/147 454/454/149 455/455/147
f 451/451/147 455/455/147 456/456/150
f 451/451/147 456/456/150 457/457/151
f 458/458/152 459/459/153 460/460/154
f 458/458/152 460/460/154 461/461/155
f 462/462/156 459/459/153 458/458/152
f 463/463/157 459/459/153 462/462/156
f 462/462/156 464/464/158 463/463/157
f 465/465/159 464/464/158 462/462/156
f 461/461/155 460/460/154 466/466/160
f 461/461/155 466/466/160 467/467/161
f 468/468/162 464/464/158 465/465/159
f 469/469/163 464/464/158 468/468/162
f 468/468/162 470/470/164 469/469/163
f 471/471/165 470/470/164 468/468/162
f 471/471/165 472/472/166 470/470/164
f 473/473/167 472/472/166 471/471/165
f 474/474/168 472/472/166 473/473/167
f 475/475/169 474/474/168 473/473/167
f 476/476/170 474/474/168 475/475/169
f 476/476/170 477/477/171 474/474/168
f 478/478/172 477/477/171 476/476/170
f 479/479/173 478/478/172 476/476/170
f 480/480/174 478/478/172 479/479/173
f 481/481/175 480/480/174 479/479/173
f 482/482/176 480/480/174 481/481/175
f 483/483/177 480/480/174 482/482/176
f 484/484/178 485/485/179 486/486/180
f 487/487/181 485/485/179 484/484/178
f 488/488/182 485/485/179 487/487/181
f 488/488/182 489/489/183 485/485/179
f 490/490/184 489/489/183 488/488/182
f 488/488/182 491/491/185 490/490/184
f 490/490/184 491/491/185 467/467/161
f 490/490/184 467/467/161 492/492/186
f 467/467/161 493/493/187 492/492/186
f 484/484/178 486/486/180 494/494/188
f 494/494/188 486/486/180 495/495/189
f 496/496/190 494/494/188 495/495/189
f 497/497/191 496/496/190 495/495/189
f 497/497/191 495/495/189 498/498/192
f 497/497/191 499/499/193 496/496/190
f 496/496/190 499/499/193 500/500/194
f 500/500/194 499/499/193 501/501/195
f 501/501/195 502/502/196 500/500/194
f 500/500/194 502/502/196 503/503/197
f 503/503/197 502/502/196 504/504/198
f 503/503/197 504/504/198 505/505/199
f 505/505/199 506/506/200 503/503/197
f 503/503/197 506/506/200 507/507/201
f 507/507/201 506/506/200 508/508/202
f 508/508/202 506/506/200 509/509/203
f 509/509/203 510/510/204 508/508/202
f 510/510/204 509/509/203 511/511/205
f 511/511/205 512/512/206 510/510/204
f 511/511/205 513/513/207 512/512/206
f 512/512/206 514/514/208 510/510/204
f 515/515/209 514/514/208 512/512/206
f 515/515/209 516/516/210 514/514/208
f 514/514/208 516/516/210 517/517/211
f 515/515/209 518/518/212 516/516/210
f 519/519/151 518/518/212 515/515/209
f 519/519/151 520/520/213 518/518/212
f 521/521/214 520/520/213 519/519/151
f 522/522/215 520/520/213 521/521/214
f 522/522/215 523/523/139 520/520/213
f 522/522/215 524/524/216 523/523/139
f 525/525/132 524/524/216 522/522/215
f 525/525/132 526/526/217 524/524/216
f 527/527/140 526/526/217 525/525/132
f 527/527/140 528/528/218 526/526/217
f 529/529/219 528/528/218 527/527/140
f 517/517/211 530/530/211 514/514/208
f 531/531/220 528/528/218 529/529/219
f 532/532/221 529/529/219 527/527/140
f 533/533/150 532/532/221 527/527/140
f 532/532/221 533/533/150 534/534/222
f 534/534/222 533/533/150 535/535/223
f 535/535/223 536/536/224 534/534/222
f 537/537/225 536/536/224 535/535/223
f 532/532/221 538/538/226 529/529/219
f 531/531/220 529/529/219 538/538/226
f 539/539/227 538/538/226 532/532/221
f 534/534/222 539/539/227 532/532/221
f 531/531/220 538/538/226 540/540/228
f 540/540/228 538/538/226 541/541/229
f 541/541/229 538/538/226 542/542/230
f 537/537/225 543/543/231 536/536/224
f 536/536/224 544/544/232 534/534/222
f 544/544/232 536/536/224 545/545/233
f 546/546/234 545/545/233 536/536/224
f 536/536/224 543/543/231 546/546/234
f 546/546/234 547/547/235 545/545/233
f 547/547/235 546/546/234 543/543/231
f 545/545/233 547/547/235 548/548/236
f 549/549/19 545/545/233 548/548/236
f 549/549/19 548/548/236 550/550/237
f 551/551/238 545/545/233 549/549/19
f 552/552/239 545/545/233 551/551/238
f 551/551/238 549/549/19 553/553/19
f 554/554/19 553/553/19 549/549/19
f 555/555/19 553/553/19 554/554/19
f 555/555/19 556/556/19 553/553/19
f 557/557/19 556/556/19 555/555/19
f 557/557/19 558/558/19 556/556/19
f 555/555/19 559/559/19 557/557/19
f 560/560/11 559/559/19 555/555/19
f 549/549/19 561/561/19 554/554/19
f 549/549/19 562/562/19 561/561/19
f 549/549/19 550/550/237 562/562/19
f 562/562/19 563/563/11 561/561/19
f 561/561/19 563/563/11 564/564/240
f 563/563/11 565/565/241 564/564/240
f 566/566/242 565/565/241 563/563/11
f 563/563/11 562/562/19 566/566/242
f 567/567/243 565/565/241 566/566/242
f 567/567/243 568/568/244 565/565/241
f 564/564/240 565/565/241 569/569/245
f 566/566/242 562/562/19 550/550/237
f 570/570/246 566/566/242 550/550/237
f 570/570/246 571/571/247 566/566/242
f 572/572/248 571/571/247 570/570/246
f 573/573/249 570/570/246 550/550/237
f 573/573/249 574/574/250 570/570/246
f 574/574/250 575/575/251 570/570/246
f 576/576/219 575/575/251 574/574/250
f 577/577/252 575/575/251 576/576/219
f 577/577/252 576/576/219 578/578/252
f 578/578/252 579/579/253 577/577/252
f 580/580/136 579/579/253 578/578/252
f 580/580/136 581/581/254 579/579/253
f 580/580/136 582/582/255 581/581/254
f 583/583/256 582/582/255 580/580/136
f 584/584/257 582/582/255 583/583/256
f 585/585/258 584/584/257 583/583/256
f 585/585/258 586/586/257 584/584/257
f 587/587/259 571/571/247 572/572/248
f 572/572/248 588/588/259 587/587/259
f 587/587/259 588/588/259 589/589/260
f 588/588/259 590/590/204 589/589/260
f 591/591/261 590/590/204 588/588/259
f 591/591/261 592/592/262 590/590/204
f 593/593/263 592/592/262 591/591/261
f 593/593/263 594/594/264 592/592/262
f 595/595/264 594/594/264 593/593/263
f 595/595/264 596/596/265 594/594/264
f 597/597/266 596/596/265 595/595/264
f 596/596/265 597/597/266 598/598/267
f 598/598/267 597/597/266 599/599/205
f 600/600/268 598/598/267 599/599/205
f 600/600/268 601/601/269 598/598/267
f 602/602/270 601/601/269 600/600/268
f 602/602/270 603/603/271 601/601/269
f 604/604/272 603/603/271 602/602/270
f 603/603/271 604/604/272 605/605/273
f 605/605/273 604/604/272 606/606/274
f 606/606/274 607/607/275 605/605/273
f 608/608/276 607/607/275 606/606/274
f 607/607/275 608/608/276 609/609/277
f 609/609/277 608/608/276 610/610/278
f 611/611/279 610/610/278 608/608/276
f 612/612/280 610/610/278 611/611/279
f 612/612/280 613/613/281 610/610/278
f 614/614/282 613/613/281 612/612/280
f 614/614/282 615/615/282 613/613/281
f 616/616/283 615/615/282 614/614/282
f 616/616/283 617/617/284 615/615/282
f 618/618/285 617/617/284 616/616/283
f 618/618/285 619/619/286 617/617/284
f 620/620/287 619/619/286 618/618/285
f 621/621/288 619/619/286 620/620/287
f 622/622/289 621/621/288 620/620/287
f 622/622/289 620/620/287 623/623/289
f 622/622/289 623/623/289 73/73/33
f 73/73/33 74/74/34 622/622/289
f 624/624/290 625/625/291 626/626/292
f 627/627/293 625/625/291 624/624/290
f 628/628/294 625/625/291 627/627/293
f 628/628/294 629/629/295 625/625/291
f 630/630/296 629/629/295 628/628/294
f 628/628/294 631/631/297 630/630/296
f 630/630/296 631/631/297 632/632/298
f 630/630/296 632/632/298 633/633/299
f 632/632/298 634/634/300 633/633/299
f 624/624/290 626/626/292 635/635/301
f 635/635/301 626/626/292 636/636/302
f 637/637/303 635/635/301 636/636/302
f 638/638/304 637/637/303 636/636/302
f 638/638/304 636/636/302 639/639/305
f 638/638/304 640/640/306 637/637/303
f 637/637/303 640/640/306 641/641/307
f 641/641/307 640/640/306 642/642/308
f 642/642/308 643/643/309 641/641/307
f 641/641/307 643/643/309 644/644/310
f 644/644/310 643/643/309 645/645/311
f 644/644/310 645/645/311 646/646/312
f 646/646/312 647/647/313 644/644/310
f 644/644/310 647/647/313 648/648/314
f 648/648/314 647/647/313 649/649/315
f 649/649/315 647/647/313 650/650/316
f 650/650/316 651/651/317 649/649/315
f 652/652/318 651/651/317 650/650/316
f 653/653/104 654/654/104 655/655/104
f 655/655/104 654/654/104 656/656/104
f 655/655/104 656/656/104 657/657/104
f 657/657/104 656/656/104 658/658/104
f 653/653/104 659/659/104 654/654/104
f 660/660/319 658/658/104 656/656/104
f 655/655/104 661/661/104 653/653/104
f 662/662/9 661/661/104 655/655/104
f 658/658/104 663/663/104 657/657/104
f 658/658/104 664/664/104 663/663/104
f 658/658/104 665/665/320 664/664/104
f 664/664/104 666/666/9 663/663/104
f 663/663/104 666/666/9 667/667/321
f 660/660/319 668/668/322 658/658/104
f 658/658/104 668/668/322 669/669/323
f 658/658/104 669/669/323 665/665/320
f 668/668/322 670/670/324 669/669/323
f 668/668/322 671/671/325 670/670/324
f 671/671/325 668/668/322 672/672/326
f 673/673/327 672/672/326 668/668/322
f 674/674/328 672/672/326 673/673/327
f 666/666/9 675/675/329 667/667/321
f 676/676/330 675/675/329 666/666/9
f 665/665/320 676/676/330 664/664/104
f 666/666/9 664/664/104 676/676/330
f 677/677/331 675/675/329 676/676/330
f 677/677/331 678/678/332 675/675/329
f 676/676/330 665/665/320 679/679/333
f 679/679/333 680/680/334 676/676/330
f 681/681/55 679/679/333 665/665/320
f 681/681/55 682/682/335 679/679/333
f 683/683/336 679/679/333 682/682/335
f 684/684/337 680/680/334 679/679/333
f 672/672/326 685/685/338 671/671/325
f 686/686/339 685/685/338 672/672/326
f 687/687/340 685/685/338 686/686/339
f 687/687/340 688/688/12 685/685/338
f 689/689/341 688/688/12 687/687/340
f 690/690/342 680/680/334 684/684/337
f 684/684/337 691/691/342 690/690/342
f 690/690/342 691/691/342 692/692/343
f 691/691/342 693/693/344 692/692/343
f 694/694/345 693/693/344 691/691/342
f 694/694/345 695/695/346 693/693/344
f 696/696/347 695/695/346 694/694/345
f 696/696/347 697/697/348 695/695/346
f 698/698/348 697/697/348 696/696/347
f 698/698/348 699/699/349 697/697/348
f 700/700/350 699/699/349 698/698/348
f 699/699/349 700/700/350 701/701/351
f 699/699/349 701/701/351 702/702/352
f 701/701/351 703/703/353 702/702/352
f 704/704/354 703/703/353 701/701/351
f 704/704/354 705/705/355 703/703/353
f 706/706/356 705/705/355 704/704/354
f 706/706/356 707/707/357 705/705/355
f 708/708/358 707/707/357 706/706/356
f 707/707/357 708/708/358 709/709/53
f 709/709/53 708/708/358 710/710/357
f 710/710/357 711/711/359 709/709/53
f 712/712/360 711/711/359 710/710/357
f 711/711/359 712/712/360 713/713/361
f 711/711/359 713/713/361 714/714/362
f 714/714/362 713/713/361 715/715/363
f 716/716/364 715/715/363 713/713/361
f 717/717/365 715/715/363 716/716/364
f 717/717/365 718/718/366 715/715/363
f 719/719/367 718/718/366 717/717/365
f 719/719/367 720/720/368 718/718/366
f 721/721/369 720/720/368 719/719/367
f 721/721/369 722/722/370 720/720/368
f 723/723/371 722/722/370 721/721/369
f 723/723/371 724/724/372 722/722/370
f 725/725/373 724/724/372 723/723/371
f 726/726/374 724/724/372 725/725/373
f 727/727/375 726/726/374 725/725/373
f 727/727/375 725/725/373 728/728/375
f 727/727/375 728/728/375 729/729/376
f 729/729/376 730/730/377 727/727/375
f 731/731/378 730/730/377 729/729/376
f 732/732/379 731/731/378 729/729/376
f 732/732/379 733/733/9 731/731/378
f 734/734/104 733/733/9 732/732/379
f 735/735/104 733/733/9 734/734/104
f 736/736/9 733/733/9 735/735/104
f 733/733/9 736/736/9 731/731/378
f 736/736/9 735/735/104 737/737/380
f 735/735/104 734/734/104 738/738/104
f 738/738/104 734/734/104 739/739/104
f 740/740/104 738/738/104 739/739/104
f 740/740/104 739/739/104 741/741/104
f 742/742/104 740/740/104 741/741/104
f 743/743/104 740/740/104 742/742/104
f 743/743/104 744/744/104 740/740/104
f 745/745/104 744/744/104 743/743/104
f 739/739/104 734/734/104 746/746/381
f 746/746/381 734/734/104 747/747/382
f 748/748/383 746/746/381 747/747/382
f 747/747/382 749/749/384 748/748/383
f 750/750/385 749/749/384 747/747/382
f 748/748/383 751/751/386 746/746/381
f 734/734/104 750/750/385 747/747/382
f 748/748/383 749/749/384 752/752/387
f 748/748/383 752/752/387 753/753/388
f 753/753/388 752/752/387 754/754/389
f 754/754/389 752/752/387 755/755/390
f 754/754/389 756/756/391 753/753/388
f 748/748/383 753/753/388 756/756/391
f 757/757/392 756/756/391 754/754/389
f 757/757/392 758/758/393 756/756/391
f 759/759/394 758/758/393 757/757/392
f 759/759/394 760/760/395 758/758/393
f 761/761/396 760/760/395 759/759/394
f 761/761/396 762/762/397 760/760/395
f 763/763/114 762/762/397 761/761/396
f 764/764/398 762/762/397 763/763/114
f 764/764/398 763/763/114 765/765/399
f 766/766/400 762/762/397 764/764/398
f 765/765/399 763/763/114 767/767/118
f 765/765/399 767/767/118 768/768/401
f 768/768/401 767/767/118 769/769/402
f 768/768/401 769/769/402 770/770/403
f 768/768/401 770/770/403 771/771/117
f 771/771/117 770/770/403 772/772/404
f 772/772/404 770/770/403 773/773/405
f 772/772/404 773/773/405 774/774/406
f 774/774/406 773/773/405 775/775/407
f 774/774/406 775/775/407 776/776/408
f 776/776/408 775/775/407 777/777/409
f 762/762/397 766/766/400 778/778/410
f 779/779/411 776/776/408 777/777/409
f 779/779/411 780/780/406 776/776/408
f 781/781/412 779/779/411 777/777/409
f 781/781/412 777/777/409 775/775/407
f 782/782/413 779/779/411 781/781/412
f 783/783/117 782/782/413 781/781/412
f 781/781/412 775/775/407 783/783/117
f 784/784/414 782/782/413 783/783/117
f 784/784/414 785/785/415 782/782/413
f 786/786/415 785/785/415 784/784/414
f 787/787/416 779/779/411 782/782/413
f 780/780/406 779/779/411 788/788/417
f 788/788/417 779/779/411 789/789/418
f 789/789/418 779/779/411 790/790/419
f 789/789/418 790/790/419 791/791/420
f 789/789/418 791/791/420 792/792/421
f 792/792/421 791/791/420 793/793/422
f 792/792/421 793/793/422 794/794/423
f 795/795/424 792/792/421 794/794/423
f 795/795/424 794/794/423 796/796/425
f 796/796/425 794/794/423 797/797/426
f 796/796/425 797/797/426 798/798/427
f 796/796/425 798/798/427 799/799/428
f 799/799/428 798/798/427 800/800/429
f 799/799/428 800/800/429 801/801/430
f 799/799/428 801/801/430 802/802/431
f 802/802/431 801/801/430 803/803/432
f 802/802/431 803/803/432 804/804/433
f 802/802/431 804/804/433 805/805/434
f 805/805/434 804/804/433 806/806/435
f 805/805/434 806/806/435 807/807/436
f 807/807/436 808/808/437 805/805/434
f 809/809/438 808/808/437 807/807/436
f 809/809/438 810/810/439 808/808/437
f 810/810/439 811/811/440 808/808/437
f 812/812/441 811/811/440 810/810/439
f 813/813/442 811/811/440 812/812/441
f 814/814/443 811/811/440 813/813/442
f 814/814/443 815/815/444 811/811/440
f 816/816/445 815/815/444 814/814/443
f 816/816/445 817/817/446 815/815/444
f 818/818/447 817/817/446 816/816/445
f 818/818/447 819/819/448 817/817/446
f 820/820/449 819/819/448 818/818/447
f 820/820/449 821/821/450 819/819/448
f 822/822/451 821/821/450 820/820/449
f 822/822/451 823/823/452 821/821/450
f 824/824/453 823/823/452 822/822/451
f 824/824/453 825/825/454 823/823/452
f 510/510/204 825/825/454 824/824/453
f 514/514/208 825/825/454 510/510/204
f 514/514/208 530/530/211 825/825/454
f 826/826/455 827/827/455 828/828/455
f 828/828/455 827/827/455 829/829/456
f 830/830/457 831/831/458 832/832/459
f 830/830/457 833/833/460 831/831/458
f 834/834/460 833/833/460 830/830/457
f 832/832/459 831/831/458 835/835/459
f 836/836/393 837/837/393 838/838/393
f 838/838/393 837/837/393 839/839/393
f 840/840/461 841/841/461 842/842/461
f 842/842/461 841/841/461 843/843/461
f 844/844/141 845/845/462 846/846/141
f 846/846/141 845/845/462 847/847/141
f 848/848/463 849/849/464 850/850/465
f 851/851/466 849/849/464 848/848/463
f 848/848/463 850/850/465 852/852/467
f 852/852/467 850/850/465 853/853/468
f 852/852/467 853/853/468 854/854/469
f 854/854/469 853/853/468 855/855/470
f 854/854/469 855/855/470 856/856/471
f 856/856/471 855/855/470 857/857/472
f 858/858/408 859/859/408 860/860/408
f 861/861/408 859/859/408 858/858/408
f 862/862/473 863/863/474 864/864/475
f 862/862/473 864/864/475 865/865/476
f 865/865/476 864/864/475 866/866/477
f 867/867/478 863/863/474 862/862/473
f 865/865/476 867/867/478 862/862/473
f 867/867/478 868/868/479 863/863/474
f 869/869/480 868/868/479 867/867/478
f 870/870/481 871/871/481 872/872/482
f 872/872/482 871/871/481 873/873/483
f 874/874/484 875/875/485 876/876/486
f 877/877/487 875/875/485 874/874/484
f 874/874/484 876/876/486 878/878/488
f 878/878/488 876/876/486 879/879/489
f 878/878/488 879/879/489 880/880/490
f 880/880/490 879/879/489 881/881/491
f 880/880/490 881/881/491 882/882/492
f 882/882/492 881/881/491 883/883/493
f 884/884/494 885/885/494 886/886/494
f 887/887/494 885/885/494 884/884/494
f 888/888/495 889/889/496 890/890/497
f 891/891/498 889/889/496 888/888/495
f 888/888/495 890/890/497 892/892/499
f 892/892/499 890/890/497 893/893/500
f 892/892/499 893/893/500 894/894/501
f 894/894/501 893/893/500 895/895/502
f 894/894/501 895/895/502 896/896/503
f 896/896/503 895/895/502 897/897/504
f 895/895/502 898/898/505 897/897/504
f 895/895/502 899/899/506 898/898/505
f 898/898/505 899/899/506 900/900/507
f 899/899/506 901/901/508 900/900/507
f 901/901/508 902/902/509 900/900/507
f 901/901/508 903/903/510 902/902/509
f 904/904/509 900/900/507 902/902/509
f 904/904/509 902/902/509 905/905/511
f 905/905/511 902/902/509 906/906/511
f 907/907/511 906/906/511 902/902/509
f 905/905/511 908/908/511 904/904/509
f 909/909/511 906/906/511 907/907/511
f 910/910/509 900/900/507 904/904/509
f 900/900/507 910/910/509 911/911/509
f 900/900/507 911/911/509 898/898/505
f 911/911/509 910/910/509 912/912/509
f 911/911/509 912/912/509 913/913/512
f 913/913/512 898/898/505 911/911/509
f 913/913/512 912/912/509 914/914/511
f 910/910/509 915/915/509 912/912/509
f 913/913/512 914/914/511 916/916/511
f 914/914/511 917/917/511 916/916/511
f 914/914/511 918/918/511 917/917/511
f 919/919/511 918/918/511 914/914/511
f 919/919/511 920/920/509 918/918/511
f 921/921/509 920/920/509 919/919/511
f 921/921/509 922/922/511 920/920/509
f 921/921/509 923/923/509 922/922/511
f 912/912/509 915/915/509 924/924/509
f 912/912/509 924/924/509 925/925/513
f 925/925/513 924/924/509 926/926/509
f 926/926/509 927/927/509 925/925/513
f 928/928/511 927/927/509 926/926/509
f 928/928/511 929/929/512 927/927/509
f 930/930/511 929/929/512 928/928/511
f 930/930/511 923/923/509 931/931/511
f 930/930/511 931/931/511 929/929/512
f 931/931/511 923/923/509 921/921/509
f 926/926/509 932/932/509 928/928/511
f 933/933/509 923/923/509 930/930/511
f 933/933/509 934/934/509 923/923/509
f 935/935/509 934/934/509 933/933/509
f 935/935/509 936/936/509 934/934/509
f 935/935/509 937/937/509 936/936/509
f 938/938/509 937/937/509 935/935/509
f 938/938/509 939/939/511 937/937/509
f 940/940/511 937/937/509 939/939/511
f 940/940/511 941/941/509 937/937/509
f 942/942/509 941/941/509 940/940/511
f 943/943/509 941/941/509 942/942/509
f 944/944/509 943/943/509 942/942/509
f 944/944/509 945/945/509 943/943/509
f 946/946/509 945/945/509 944/944/509
f 947/947/514 939/939/511 938/938/509
f 947/947/514 948/948/511 939/939/511
f 949/949/511 948/948/511 947/947/514
f 949/949/511 950/950/511 948/948/511
f 951/951/511 950/950/511 949/949/511
f 951/951/511 949/949/511 952/952/511
f 951/951/511 952/952/511 953/953/511
f 949/949/511 954/954/515 952/952/511
f 955/955/516 954/954/515 949/949/511
f 955/955/516 949/949/511 956/956/517
f 953/953/511 952/952/511 928/928/511
f 928/928/511 932/932/509 953/953/511
f 946/946/509 944/944/509 957/957/509
f 957/957/509 944/944/509 958/958/509
f 957/957/509 958/958/509 959/959/509
f 959/959/509 958/958/509 960/960/509
f 960/960/509 961/961/509 959/959/509
f 960/960/509 962/962/509 961/961/509
f 963/963/511 962/962/509 960/960/509
f 963/963/511 964/964/511 962/962/509
f 965/965/511 964/964/511 963/963/511
f 965/965/511 963/963/511 966/966/511
f 966/966/511 963/963/511 967/967/511
f 967/967/511 948/948/511 966/966/511
f 967/967/511 963/963/511 968/968/518
f 968/968/518 963/963/511 969/969/519
f 969/969/519 963/963/511 970/970/520
f 939/939/511 948/948/511 967/967/511
f 964/964/511 971/971/521 962/962/509
f 962/962/509 971/971/521 972/972/522
f 972/972/522 971/971/521 973/973/523
f 972/972/522 973/973/523 974/974/524
f 974/974/524 973/973/523 975/975/525
f 975/975/525 973/973/523 976/976/526
f 976/976/526 977/977/527 975/975/525
f 977/977/527 976/976/526 978/978/528
f 978/978/528 976/976/526 979/979/529
f 978/978/528 979/979/529 980/980/530
f 979/979/529 981/981/531 980/980/530
f 982/982/532 981/981/531 979/979/529
f 982/982/532 983/983/341 981/981/531
f 984/984/341 983/983/341 982/982/532
f 985/985/533 986/986/533 987/987/533
f 988/988/533 986/986/533 985/985/533
f 989/989/534 990/990/535 991/991/536
f 992/992/537 990/990/535 989/989/534
f 992/992/537 993/993/538 990/990/535
f 994/994/539 993/993/538 992/992/537
f 989/989/534 994/994/539 992/992/537
f 994/994/539 995/995/540 993/993/538
f 996/996/541 995/995/540 994/994/539
f 997/997/542 998/998/211 999/999/211
f 999/999/211 998/998/211 1000/1000/543
f 1001/1001/544 1002/1002/545 1003/1003/546
f 1004/1004/547 1002/1002/545 1001/1001/544
f 1001/1001/544 1003/1003/546 1005/1005/548
f 1005/1005/548 1003/1003/546 1006/1006/549
f 1005/1005/548 1006/1006/549 1007/1007/550
f 1007/1007/550 1006/1006/549 1008/1008/551
f 1007/1007/550 1008/1008/551 1009/1009/552
f 1009/1009/552 1008/1008/551 1010/1010/553
f 1010/1010/553 1008/1008/551 1011/1011/554
f 1012/1012/555 1011/1011/554 1008/1008/551
f 925/925/513 1011/1011/554 1012/1012/555
f 1013/1013/556 925/925/513 1012/1012/555
f 1013/1013/556 912/912/509 925/925/513
f 1013/1013/556 1014/1014/557 912/912/509
f 925/925/513 927/927/509 1011/1011/554
f 929/929/512 1011/1011/554 927/927/509
f 1015/1015/558 1011/1011/554 929/929/512
f 1015/1015/558 1016/1016/559 1011/1011/554
f 1017/1017/560 1014/1014/557 1013/1013/556
f 1013/1013/556 1012/1012/555 1017/1017/560
f 1018/1018/119 1019/1019/119 1020/1020/119
f 1020/1020/119 1019/1019/119 1021/1021/115
f 1022/1022/561 1023/1023/562 1024/1024/563
f 1022/1022/561 1024/1024/563 1025/1025/564
f 1025/1025/564 1024/1024/563 1026/1026/565
f 1027/1027/566 1023/1023/562 1022/1022/561
f 1027/1027/566 1022/1022/561 1025/1025/564
f 1027/1027/566 1028/1028/567 1023/1023/562
f 1029/1029/568 1028/1028/567 1027/1027/566
f 1030/1030/569 1031/1031/570 1032/1032/571
f 1032/1032/571 1031/1031/570 1033/1033/572
f 1032/1032/571 1033/1033/572 1034/1034/573
f 1034/1034/573 1033/1033/572 1035/1035/574
f 1030/1030/569 1036/1036/575 1031/1031/570
f 1037/1037/576 1036/1036/575 1030/1030/569
f 1037/1037/576 1038/1038/577 1036/1036/575
f 1039/1039/578 1038/1038/577 1037/1037/576
f 1034/1034/573 1035/1035/574 1040/1040/579
f 1040/1040/579 1035/1035/574 1041/1041/580
f 1041/1041/580 1035/1035/574 1042/1042/581
f 1042/1042/581 1035/1035/574 1043/1043/582
f 1044/1044/583 1042/1042/581 1043/1043/582
f 1044/1044/583 1043/1043/582 1045/1045/584
f 1045/1045/584 1043/1043/582 1046/1046/585
f 1046/1046/585 1047/1047/586 1045/1045/584
f 1046/1046/585 1048/1048/587 1047/1047/586
f 1049/1049/588 1048/1048/587 1046/1046/585
f 1049/1049/588 1050/1050/589 1048/1048/587
f 1049/1049/588 1051/1051/590 1050/1050/589
f 1052/1052/591 1051/1051/590 1049/1049/588
f 1052/1052/591 1053/1053/592 1051/1051/590
f 1052/1052/591 1054/1054/593 1053/1053/592
f 1055/1055/594 1054/1054/593 1052/1052/591
f 1055/1055/594 1056/1056/595 1054/1054/593
f 1055/1055/594 1057/1057/596 1056/1056/595
f 1058/1058/597 1057/1057/596 1055/1055/594
f 1058/1058/597 1059/1059/598 1057/1057/596
f 1059/1059/598 1060/1060/599 1057/1057/596
f 1059/1059/598 1061/1061/600 1060/1060/599
f 541/541/229 1061/1061/600 1059/1059/598
f 541/541/229 542/542/230 1061/1061/600
f 1062/1062/121 1063/1063/601 1064/1064/121
f 1064/1064/121 1063/1063/601 1065/1065/121
f 1066/1066/602 1067/1067/603 1068/1068/604
f 1069/1069/605 1067/1067/603 1066/1066/602
f 1066/1066/602 1068/1068/604 1070/1070/606
f 1070/1070/606 1068/1068/604 1071/1071/607
f 1070/1070/606 1071/1071/607 1072/1072/608
f 1072/1072/608 1071/1071/607 1073/1073/477
f 1072/1072/608 1073/1073/477 1074/1074/609
f 1074/1074/609 1073/1073/477 1075/1075/610
f 1076/1076/611 1077/1077/611 1078/1078/611
f 1079/1079/611 1077/1077/611 1076/1076/611
f 1080/1080/612 1081/1081/613 1082/1082/614
f 1080/1080/612 1082/1082/614 1083/1083/615
f 1083/1083/615 1082/1082/614 1084/1084/470
f 1083/1083/615 1085/1085/616 1080/1080/612
f 1085/1085/616 1081/1081/613 1080/1080/612
f 1085/1085/616 1086/1086/617 1081/1081/613
f 1087/1087/618 1086/1086/617 1085/1085/616
f 1088/1088/619 1089/1089/619 1090/1090/620
f 1090/1090/620 1089/1089/619 1091/1091/621
f 1092/1092/622 1093/1093/623 1094/1094/624
f 1095/1095/625 1093/1093/623 1092/1092/622
f 1092/1092/622 1094/1094/624 1096/1096/626
f 1096/1096/626 1094/1094/624 1097/1097/627
f 1096/1096/626 1097/1097/627 1098/1098/628
f 1098/1098/628 1097/1097/627 1099/1099/629
f 1098/1098/628 1099/1099/629 1100/1100/630
f 1100/1100/630 1099/1099/629 1101/1101/631
f 1102/1102/632 1103/1103/633 1104/1104/634
f 1102/1102/632 1104/1104/634 1105/1105/635
f 1105/1105/635 1104/1104/634 1106/1106/636
f 1107/1107/637 1102/1102/632 1105/1105/635
f 1107/1107/637 1103/1103/633 1102/1102/632
f 1107/1107/637 1108/1108/638 1103/1103/633
f 1109/1109/494 1108/1108/638 1107/1107/637
f 1110/1110/639 1111/1111/639 1112/1112/639
f 1112/1112/639 1111/1111/639 1113/1113/639
f 1114/1114/539 1115/1115/640 1116/1116/641
f 1117/1117/642 1115/1115/640 1114/1114/539
f 1114/1114/539 1116/1116/641 1118/1118/643
f 1118/1118/643 1116/1116/641 1119/1119/644
f 1118/1118/643 1119/1119/644 1120/1120/645
f 1120/1120/645 1119/1119/644 1121/1121/646
f 1120/1120/645 1121/1121/646 1122/1122/647
f 1122/1122/647 1121/1121/646 1123/1123/648
f 1121/1121/646 1124/1124/649 1123/1123/648
f 1121/1121/646 1125/1125/650 1124/1124/649
f 1124/1124/649 1125/1125/650 1126/1126/651
f 1125/1125/650 1127/1127/652 1126/1126/651
f 1127/1127/652 1128/1128/511 1126/1126/651
f 1127/1127/652 1129/1129/653 1128/1128/511
f 1128/1128/511 1130/1130/511 1126/1126/651
f 1131/1131/509 1130/1130/511 1128/1128/511
f 1131/1131/509 1128/1128/511 1132/1132/509
f 1132/1132/509 1128/1128/511 1133/1133/509
f 1132/1132/509 1133/1133/509 1134/1134/509
f 1135/1135/509 1130/1130/511 1131/1131/509
f 1126/1126/651 1130/1130/511 1136/1136/511
f 1126/1126/651 1136/1136/511 1137/1137/511
f 1126/1126/651 1137/1137/511 1138/1138/654
f 1126/1126/651 1138/1138/654 1124/1124/649
f 1138/1138/654 1137/1137/511 1139/1139/511
f 1138/1138/654 1139/1139/511 1140/1140/655
f 1140/1140/655 1139/1139/511 1141/1141/511
f 1133/1133/509 1142/1142/509 1134/1134/509
f 1143/1143/509 1142/1142/509 1133/1133/509
f 1140/1140/655 1141/1141/511 1144/1144/509
f 1144/1144/509 1141/1141/511 1145/1145/509
f 1144/1144/509 1145/1145/509 1146/1146/509
f 1147/1147/509 1145/1145/509 1141/1141/511
f 1147/1147/509 1148/1148/509 1145/1145/509
f 1146/1146/509 1145/1145/509 1149/1149/509
f 1146/1146/509 1149/1149/509 1150/1150/509
f 1146/1146/509 1150/1150/509 1143/1143/509
f 1143/1143/509 1150/1150/509 1142/1142/509
f 1149/1149/509 1151/1151/511 1150/1150/509
f 1152/1152/509 1148/1148/509 1147/1147/509
f 1152/1152/509 1153/1153/511 1148/1148/509
f 1154/1154/511 1153/1153/511 1152/1152/509
f 1154/1154/511 1155/1155/509 1153/1153/511
f 1154/1154/511 1156/1156/509 1155/1155/509
f 1157/1157/509 1156/1156/509 1154/1154/511
f 1157/1157/509 1158/1158/509 1156/1156/509
f 1159/1159/509 1158/1158/509 1157/1157/509
f 1160/1160/511 1156/1156/509 1158/1158/509
f 1160/1160/511 1161/1161/511 1156/1156/509
f 1162/1162/511 1161/1161/511 1160/1160/511
f 1162/1162/511 1163/1163/511 1161/1161/511
f 1162/1162/511 1164/1164/511 1163/1163/511
f 1165/1165/656 1159/1159/509 1157/1157/509
f 1165/1165/656 1166/1166/509 1159/1159/509
f 1167/1167/511 1166/1166/509 1165/1165/656
f 1167/1167/511 1168/1168/511 1166/1166/509
f 1169/1169/657 1168/1168/511 1167/1167/511
f 1169/1169/657 1170/1170/511 1168/1168/511
f 1169/1169/657 1139/1139/511 1170/1170/511
f 1141/1141/511 1139/1139/511 1169/1169/657
f 1171/1171/658 1141/1141/511 1169/1169/657
f 1171/1171/658 1169/1169/657 1172/1172/659
f 1169/1169/657 1173/1173/660 1172/1172/659
f 1169/1169/657 1167/1167/511 1173/1173/660
f 1165/1165/656 1173/1173/660 1167/1167/511
f 1174/1174/661 1173/1173/660 1165/1165/656
f 1172/1172/659 1173/1173/660 1175/1175/662
f 1174/1174/661 1176/1176/663 1173/1173/660
f 1171/1171/658 1177/1177/664 1141/1141/511
f 1178/1178/665 1175/1175/662 1173/1173/660
f 1179/1179/666 1175/1175/662 1178/1178/665
f 1180/1180/667 1175/1175/662 1179/1179/666
f 1180/1180/667 1181/1181/668 1175/1175/662
f 1182/1182/669 1181/1181/668 1180/1180/667
f 1182/1182/669 1183/1183/670 1181/1181/668
f 1184/1184/671 1183/1183/670 1182/1182/669
f 1184/1184/671 1185/1185/672 1183/1183/670
f 1186/1186/673 1185/1185/672 1184/1184/671
f 1187/1187/674 1177/1177/664 1171/1171/658
f 1171/1171/658 1172/1172/659 1187/1187/674
f 1188/1188/675 1189/1189/675 1190/1190/675
f 1191/1191/675 1189/1189/675 1188/1188/675
f 1192/1192/676 1193/1193/677 1194/1194/678
f 1192/1192/676 1194/1194/678 1195/1195/679
f 1195/1195/679 1194/1194/678 1196/1196/680
f 1197/1197/495 1193/1193/677 1192/1192/676
f 1195/1195/679 1197/1197/495 1192/1192/676
f 1197/1197/495 1198/1198/681 1193/1193/677
f 1199/1199/682 1198/1198/681 1197/1197/495
f 1200/1200/683 1201/1201/684 1202/1202/684
f 1202/1202/684 1201/1201/684 1203/1203/685
f 1204/1204/144 1205/1205/143 1206/1206/144
f 1207/1207/143 1205/1205/143 1204/1204/144
f 1208/1208/686 1209/1209/687 1210/1210/688
f 1208/1208/686 1210/1210/688 1211/1211/689
f 1211/1211/689 1210/1210/688 1212/1212/690
f 1213/1213/691 1209/1209/687 1208/1208/686
f 1213/1213/691 1208/1208/686 1211/1211/689
f 1213/1213/691 1214/1214/692 1209/1209/687
f 1215/1215/693 1214/1214/692 1213/1213/691
f 1216/1216/405 1217/1217/396 1218/1218/121
f 1217/1217/396 1219/1219/120 1218/1218/121
f 1218/1218/121 1219/1219/120 1220/1220/117
f 1216/1216/405 1221/1221/694 1217/1217/396
f 1220/1220/117 1219/1219/120 1222/1222/120
f 1220/1220/117 1222/1222/120 1223/1223/119
f 1223/1223/119 1222/1222/120 1224/1224/695
f 1223/1223/119 1224/1224/695 1225/1225/113
f 1225/1225/113 1224/1224/695 1226/1226/696
f 1227/1227/408 1221/1221/694 1216/1216/405
f 1228/1228/697 1221/1221/694 1227/1227/408
f 1227/1227/408 1229/1229/698 1228/1228/697
f 1225/1225/113 1226/1226/696 1230/1230/684
f 1230/1230/684 1226/1226/696 1231/1231/699
f 1231/1231/699 1232/1232/700 1230/1230/684
f 1231/1231/699 1233/1233/701 1232/1232/700
f 1228/1228/697 1229/1229/698 1234/1234/702
f 1228/1228/697 1234/1234/702 1235/1235/703
f 1236/1236/704 1233/1233/701 1231/1231/699
f 1237/1237/705 1238/1238/706 1239/1239/707
f 1239/1239/707 1240/1240/708 1237/1237/705
f 1241/1241/709 1240/1240/708 1239/1239/707
f 1241/1241/709 1242/1242/710 1240/1240/708
f 1242/1242/710 1241/1241/709 1243/1243/711
f 1243/1243/711 1241/1241/709 1244/1244/712
f 1243/1243/711 1244/1244/712 1245/1245/713
f 1246/1246/714 1245/1245/713 1244/1244/712
f 1246/1246/714 1244/1244/712 1247/1247/715
f 1247/1247/715 1244/1244/712 1248/1248/715
f 1248/1248/715 1249/1249/716 1247/1247/715
f 1250/1250/24 1249/1249/716 1248/1248/715
f 1238/1238/706 1251/1251/717 1239/1239/707
f 1248/1248/715 1252/1252/718 1250/1250/24
f 1253/1253/719 1254/1254/720 1255/1255/721
f 1256/1256/720 1254/1254/720 1253/1253/719
f 1256/1256/720 1257/1257/722 1254/1254/720
f 1258/1258/722 1257/1257/722 1256/1256/720
f 1259/1259/131 1260/1260/723 1261/1261/462
f 1260/1260/723 1262/1262/142 1261/1261/462
f 1261/1261/462 1262/1262/142 1263/1263/139
f 1264/1264/219 1260/1260/723 1259/1259/131
f 1262/1262/142 1265/1265/142 1263/1263/139
f 1263/1263/139 1265/1265/142 1266/1266/143
f 1266/1266/143 1265/1265/142 1267/1267/724
f 1266/1266/143 1267/1267/724 1268/1268/148
f 1268/1268/148 1267/1267/724 1269/1269/208
f 1270/1270/611 1264/1264/219 1259/1259/131
f 1271/1271/725 1264/1264/219 1270/1270/611
f 1270/1270/611 1272/1272/726 1271/1271/725
f 1268/1268/148 1269/1269/208 1273/1273/211
f 1273/1273/211 1269/1269/208 1274/1274/727
f 1274/1274/727 1275/1275/728 1273/1273/211
f 1274/1274/727 1276/1276/729 1275/1275/728
f 1271/1271/725 1272/1272/726 1277/1277/730
f 1278/1278/731 1276/1276/729 1274/1274/727
f 1271/1271/725 1277/1277/730 1279/1279/732
f 1280/1280/733 1281/1281/734 1282/1282/735
f 1283/1283/734 1281/1281/734 1280/1280/733
f 1283/1283/734 1284/1284/736 1281/1281/734
f 1285/1285/736 1284/1284/736 1283/1283/734
f 1286/1286/737 1287/1287/738 1288/1288/739
f 1289/1289/740 1286/1286/737 1288/1288/739
f 1288/1288/739 1290/1290/741 1289/1289/740
f 1291/1291/742 1290/1290/741 1288/1288/739
f 1291/1291/742 1292/1292/743 1290/1290/741
f 1292/1292/743 1291/1291/742 1293/1293/744
f 1292/1292/743 1293/1293/744 1294/1294/744
f 1294/1294/744 1295/1295/745 1292/1292/743
f 1292/1292/743 1295/1295/745 1296/1296/746
f 1297/1297/747 1286/1286/737 1289/1289/740
f 1295/1295/745 1298/1298/748 1296/1296/746
f 1296/1296/746 1298/1298/748 1299/1299/749
f 1298/1298/748 1300/1300/750 1299/1299/749
f 1299/1299/749 1300/1300/750 1301/1301/751
f 1299/1299/749 1301/1301/751 1302/1302/752
f 1303/1303/753 1299/1299/749 1302/1302/752
f 1303/1303/753 1302/1302/752 1304/1304/754
f 1304/1304/754 1302/1302/752 1305/1305/754
f 1305/1305/754 1306/1306/755 1304/1304/754
f 1307/1307/756 1306/1306/755 1305/1305/754
f 1305/1305/754 1308/1308/757 1307/1307/756
f 1309/1309/758 1310/1310/758 1311/1311/759
f 1309/1309/758 1312/1312/760 1310/1310/758
f 1313/1313/760 1312/1312/760 1309/1309/758
f 1313/1313/760 1314/1314/761 1312/1312/760
f 1315/1315/762 1314/1314/761 1313/1313/760
f 1315/1315/762 1316/1316/763 1314/1314/761
f 1317/1317/763 1316/1316/763 1315/1315/762
f 1317/1317/763 1318/1318/764 1316/1316/763
f 1319/1319/764 1318/1318/764 1317/1317/763
f 1319/1319/764 1320/1320/765 1318/1318/764
f 1321/1321/766 1320/1320/765 1319/1319/764
f 1311/1311/759 1310/1310/758 1322/1322/759
f 1311/1311/759 1322/1322/759 1323/1323/767
f 1311/1311/759 1323/1323/767 1324/1324/767
f 1323/1323/767 1325/1325/768 1324/1324/767
f 1326/1326/768 1325/1325/768 1323/1323/767
f 1326/1326/768 1327/1327/769 1325/1325/768
f 1328/1328/770 1327/1327/769 1326/1326/768
f 1329/1329/771 1327/1327/769 1328/1328/770
f 1328/1328/770 1330/1330/772 1329/1329/771
f 1320/1320/765 1321/1321/766 1331/1331/773
f 1331/1331/773 1332/1332/774 1320/1320/765
f 1320/1320/765 1332/1332/774 1333/1333/775
f 1333/1333/775 1332/1332/774 1334/1334/776
f 1332/1332/774 1335/1335/777 1334/1334/776
f 1336/1336/778 1335/1335/777 1332/1332/774
f 1336/1336/778 1337/1337/779 1335/1335/777
f 1338/1338/780 1337/1337/779 1336/1336/778
f 1338/1338/780 1339/1339/781 1337/1337/779
f 1339/1339/781 1338/1338/780 1340/1340/713
f 1341/1341/713 1340/1340/713 1338/1338/780
f 1341/1341/713 1338/1338/780 1342/1342/713
f 1330/1330/772 1343/1343/782 1329/1329/771
f 1330/1330/772 1344/1344/783 1343/1343/782
f 1345/1345/783 1344/1344/783 1330/1330/772
f 1346/1346/784 1344/1344/783 1345/1345/783
f 1346/1346/784 1347/1347/785 1344/1344/783
f 1347/1347/785 1346/1346/784 1348/1348/786
f 1347/1347/785 1348/1348/786 1349/1349/787
f 1349/1349/787 1348/1348/786 1350/1350/788
f 1349/1349/787 1350/1350/788 1351/1351/789
f 1349/1349/787 1351/1351/789 1352/1352/790
f 1349/1349/787 1352/1352/790 1353/1353/791
f 1354/1354/792 1353/1353/791 1352/1352/790
f 1354/1354/792 1355/1355/793 1353/1353/791
f 1353/1353/791 1355/1355/793 1356/1356/793
f 1357/1357/794 1358/1358/795 1359/1359/794
f 1360/1360/795 1358/1358/795 1357/1357/794
f 1360/1360/795 1361/1361/796 1358/1358/795
f 1362/1362/797 1357/1357/794 1359/1359/794
f 1362/1362/797 1363/1363/797 1357/1357/794
f 1364/1364/798 1361/1361/796 1360/1360/795
f 1365/1365/799 1361/1361/796 1364/1364/798
f 1364/1364/798 1366/1366/800 1365/1365/799
f 1362/1362/797 1367/1367/801 1363/1363/797
f 1368/1368/802 1367/1367/801 1362/1362/797
f 1368/1368/802 1369/1369/803 1367/1367/801
f 1370/1370/803 1369/1369/803 1368/1368/802
f 1370/1370/803 1371/1371/804 1369/1369/803
f 1372/1372/805 1371/1371/804 1370/1370/803
f 1372/1372/805 1373/1373/806 1371/1371/804
f 1374/1374/806 1373/1373/806 1372/1372/805
f 1374/1374/806 1375/1375/807 1373/1373/806
f 1376/1376/807 1375/1375/807 1374/1374/806
f 1376/1376/807 1377/1377/808 1375/1375/807
f 1378/1378/809 1377/1377/808 1376/1376/807
f 1377/1377/808 1378/1378/809 1379/1379/810
f 1379/1379/810 1380/1380/811 1377/1377/808
f 1377/1377/808 1380/1380/811 1381/1381/812
f 1381/1381/812 1380/1380/811 1382/1382/813
f 1380/1380/811 1383/1383/814 1382/1382/813
f 1384/1384/815 1383/1383/814 1380/1380/811
f 1384/1384/815 1385/1385/816 1383/1383/814
f 1386/1386/817 1385/1385/816 1384/1384/815
f 1386/1386/817 1387/1387/818 1385/1385/816
f 1387/1387/818 1386/1386/817 1388/1388/819
f 1389/1389/819 1388/1388/819 1386/1386/817
f 1389/1389/819 1386/1386/817 1390/1390/819
f 1391/1391/820 1392/1392/821 1393/1393/822
f 1393/1393/822 1392/1392/821 1394/1394/823
f 1394/1394/823 1392/1392/821 1395/1395/824
f 1394/1394/823 1395/1395/824 1396/1396/825
f 1395/1395/824 1397/1397/826 1396/1396/825
f 1396/1396/825 1397/1397/826 1398/1398/827
f 1398/1398/827 1397/1397/826 1399/1399/828
f 1398/1398/827 1399/1399/828 1400/1400/829
f 1391/1391/820 1401/1401/830 1392/1392/821
f 1402/1402/831 1401/1401/830 1391/1391/820
f 1403/1403/832 1401/1401/830 1402/1402/831
f 1403/1403/832 1402/1402/831 1404/1404/833
f 1403/1403/832 1404/1404/833 1405/1405/834
f 1399/1399/828 1406/1406/829 1400/1400/829
f 1400/1400/829 1406/1406/829 1407/1407/835
f 1407/1407/835 1406/1406/829 1408/1408/836
f 1408/1408/836 1409/1409/837 1407/1407/835
f 1410/1410/838 1407/1407/835 1409/1409/837
f 1411/1411/839 1410/1410/838 1409/1409/837
f 1411/1411/839 1412/1412/839 1410/1410/838
f 1411/1411/839 1413/1413/840 1412/1412/839
f 1405/1405/834 1404/1404/833 1414/1414/841
f 1405/1405/834 1414/1414/841 1415/1415/842
f 1416/1416/843 1417/1417/843 1418/1418/843
f 1416/1416/843 1419/1419/844 1417/1417/843
f 1420/1420/844 1419/1419/844 1416/1416/843
f 1416/1416/843 1421/1421/844 1420/1420/844
f 1422/1422/511 1423/1423/511 1424/1424/511
f 1423/1423/511 1425/1425/511 1424/1424/511
f 1422/1422/511 1424/1424/511 1426/1426/511
f 1426/1426/511 1424/1424/511 1427/1427/511
f 1428/1428/511 1423/1423/511 1422/1422/511
f 1422/1422/511 1429/1429/511 1428/1428/511
f 1428/1428/511 1429/1429/511 1430/1430/511
f 1428/1428/511 1430/1430/511 1431/1431/511
f 1431/1431/511 1430/1430/511 1432/1432/511
f 1433/1433/511 1432/1432/511 1430/1430/511
f 1433/1433/511 1434/1434/511 1432/1432/511
f 1435/1435/511 1434/1434/511 1433/1433/511
f 1436/1436/511 1434/1434/511 1435/1435/511
f 1436/1436/511 1437/1437/511 1434/1434/511
f 1437/1437/511 1438/1438/511 1434/1434/511
f 1439/1439/511 1437/1437/511 1436/1436/511
f 1439/1439/511 1440/1440/511 1437/1437/511
f 1441/1441/511 1440/1440/511 1439/1439/511
f 1442/1442/511 1441/1441/511 1439/1439/511
f 1442/1442/511 1443/1443/509 1441/1441/511
f 1444/1444/511 1443/1443/509 1442/1442/511
f 1444/1444/511 1445/1445/509 1443/1443/509
f 1443/1443/509 1445/1445/509 1446/1446/509
f 1447/1447/845 1448/1448/846 1449/1449/847
f 1447/1447/845 1449/1449/847 1450/1450/522
f 1451/1451/848 1448/1448/846 1447/1447/845
f 1449/1449/847 905/905/511 1450/1450/522
f 908/908/511 905/905/511 1449/1449/847
f 1452/1452/849 1448/1448/846 1451/1451/848
f 1452/1452/849 1453/1453/850 1448/1448/846
f 1454/1454/851 1453/1453/850 1452/1452/849
f 1454/1454/851 1455/1455/852 1453/1453/850
f 1456/1456/853 1455/1455/852 1454/1454/851
f 1456/1456/853 1457/1457/854 1455/1455/852
f 1458/1458/854 1457/1457/854 1456/1456/853
f 1458/1458/854 1459/1459/12 1457/1457/854
f 1457/1457/854 1459/1459/12 1460/1460/12
f 917/917/511 1461/1461/511 1462/1462/511
f 1462/1462/511 1461/1461/511 1463/1463/511
f 1462/1462/511 1463/1463/511 1464/1464/511
f 1461/1461/511 1465/1465/511 1463/1463/511
f 916/916/511 917/917/511 1462/1462/511
f 1464/1464/511 1463/1463/511 1466/1466/511
f 1464/1464/511 1466/1466/511 907/907/511
f 907/907/511 1466/1466/511 909/909/511
f 1467/1467/509 1468/1468/509 1469/1469/509
f 1470/1470/509 1468/1468/509 1467/1467/509
f 1470/1470/509 1471/1471/509 1468/1468/509
f 1468/1468/509 1471/1471/509 1472/1472/511
f 1468/1468/509 1472/1472/511 1473/1473/511
f 1473/1473/511 1472/1472/511 1474/1474/511
f 1473/1473/511 1474/1474/511 1475/1475/511
f 1467/1467/509 1469/1469/509 1476/1476/509
f 1469/1469/509 1468/1468/509 1477/1477/855
f 1477/1477/855 1468/1468/509 1478/1478/856
f 1475/1475/511 1479/1479/511 1473/1473/511
f 1480/1480/511 1479/1479/511 1475/1475/511
f 1480/1480/511 1481/1481/511 1479/1479/511
f 1478/1478/856 1468/1468/509 1482/1482/857
f 1469/1469/509 1483/1483/509 1476/1476/509
f 1476/1476/509 1483/1483/509 1484/1484/509
f 1476/1476/509 1484/1484/509 1485/1485/509
f 1486/1486/511 1484/1484/509 1483/1483/509
f 1483/1483/509 1487/1487/509 1486/1486/511
f 1486/1486/511 1487/1487/509 1488/1488/511
f 1486/1486/511 1488/1488/511 1489/1489/858
f 1489/1489/858 1488/1488/511 1164/1164/511
f 1487/1487/509 1490/1490/511 1488/1488/511
f 1488/1488/511 1490/1490/511 1491/1491/511
f 1481/1481/511 1491/1491/511 1490/1490/511
f 1481/1481/511 1492/1492/511 1491/1491/511
f 1493/1493/511 1492/1492/511 1481/1481/511
f 1493/1493/511 1481/1481/511 1480/1480/511
f 1485/1485/509 1484/1484/509 1494/1494/509
f 1494/1494/509 1484/1484/509 1495/1495/509
f 1494/1494/509 1495/1495/509 1166/1166/509
f 1484/1484/509 1496/1496/859 1495/1495/509
f 1497/1497/860 1496/1496/859 1484/1484/509
f 1489/1489/858 1164/1164/511 1162/1162/511
f 1166/1166/509 1495/1495/509 1159/1159/509
f 1497/1497/860 1498/1498/861 1496/1496/859
f 1498/1498/861 1499/1499/862 1496/1496/859
f 1496/1496/859 1499/1499/862 1500/1500/863
f 1499/1499/862 1501/1501/864 1500/1500/863
f 1501/1501/864 1502/1502/865 1500/1500/863
f 1497/1497/860 1484/1484/509 1503/1503/866
f 1504/1504/867 1505/1505/868 1506/1506/869
f 1506/1506/869 1505/1505/868 1507/1507/687
f 1507/1507/687 1505/1505/868 1508/1508/870
f 1504/1504/867 1509/1509/871 1505/1505/868
f 1504/1504/867 1510/1510/872 1509/1509/871
f 1511/1511/873 1512/1512/874 1513/1513/685
f 1513/1513/685 1514/1514/875 1511/1511/873
f 1514/1514/875 1515/1515/876 1511/1511/873
f 1516/1516/877 1515/1515/876 1514/1514/875
f 1513/1513/685 1512/1512/874 1517/1517/878
f 1517/1517/878 1518/1518/879 1513/1513/685
f 1517/1517/878 1519/1519/114 1518/1518/879
f 1520/1520/880 1519/1519/114 1517/1517/878
f 1519/1519/114 1520/1520/880 1521/1521/129
f 1521/1521/129 1520/1520/880 1522/1522/881
f 1523/1523/882 1511/1511/873 1515/1515/876
f 1523/1523/882 1515/1515/876 1524/1524/715
f 1525/1525/883 1523/1523/882 1524/1524/715
f 1525/1525/883 1526/1526/884 1523/1523/882
f 1526/1526/884 1525/1525/883 1527/1527/885
f 1526/1526/884 1527/1527/885 1528/1528/886
f 1527/1527/885 1529/1529/887 1528/1528/886
f 1530/1530/888 1528/1528/886 1529/1529/887
f 1530/1530/888 1531/1531/715 1528/1528/886
f 1521/1521/129 1522/1522/881 1532/1532/889
f 1532/1532/889 1522/1522/881 1533/1533/890
f 1532/1532/889 1533/1533/890 1534/1534/891
f 1534/1534/891 1533/1533/890 1535/1535/891
f 1536/1536/892 1534/1534/891 1535/1535/891
f 1537/1537/892 1534/1534/891 1536/1536/892
f 1536/1536/892 1535/1535/891 1538/1538/893
f 1538/1538/893 1535/1535/891 1539/1539/893
f 1538/1538/893 1539/1539/893 1540/1540/893
f 1530/1530/888 1541/1541/894 1531/1531/715
f 1530/1530/888 1542/1542/895 1541/1541/894
f 1543/1543/896 1541/1541/894 1542/1542/895
f 1543/1543/896 1544/1544/897 1541/1541/894
f 1545/1545/898 1544/1544/897 1543/1543/896
f 1546/1546/899 1547/1547/900 1548/1548/900
f 1548/1548/900 1547/1547/900 1549/1549/900
f 1546/1546/899 1550/1550/901 1547/1547/900
f 1548/1548/900 1549/1549/900 1551/1551/900
f 1552/1552/902 1550/1550/901 1546/1546/899
f 1553/1553/903 1552/1552/902 1546/1546/899
f 1553/1553/903 1554/1554/461 1552/1552/902
f 1555/1555/209 1554/1554/461 1553/1553/903
f 1555/1555/209 1556/1556/904 1554/1554/461
f 1555/1555/209 1557/1557/905 1556/1556/904
f 1558/1558/906 1557/1557/905 1555/1555/209
f 1557/1557/905 1558/1558/906 1559/1559/907
f 1559/1559/907 1558/1558/906 1560/1560/907
f 1559/1559/907 1560/1560/907 1561/1561/908
f 1561/1561/908 1560/1560/907 1562/1562/725
f 1561/1561/908 1562/1562/725 1563/1563/909
f 1563/1563/909 1564/1564/910 1561/1561/908
f 1563/1563/909 1565/1565/911 1564/1564/910
f 1566/1566/912 1565/1565/911 1563/1563/909
f 1566/1566/912 1563/1563/909 1567/1567/913
f 1563/1563/909 1568/1568/914 1567/1567/913
f 1567/1567/913 1568/1568/914 1569/1569/915
f 1569/1569/915 1568/1568/914 1570/1570/14
f 1570/1570/14 1571/1571/916 1569/1569/915
f 1571/1571/916 1570/1570/14 1572/1572/917
f 1571/1571/916 1572/1572/917 1573/1573/918
f 1573/1573/918 1572/1572/917 1574/1574/919
f 1574/1574/919 1575/1575/920 1573/1573/918
f 1574/1574/919 1576/1576/921 1575/1575/920
f 1577/1577/922 1576/1576/921 1574/1574/919
f 1578/1578/923 1576/1576/921 1577/1577/922
f 1578/1578/923 1577/1577/922 1579/1579/924
f 1579/1579/924 1577/1577/922 1580/1580/925
f 1580/1580/925 1581/1581/926 1579/1579/924
f 1582/1582/749 1583/1583/927 1584/1584/928
f 1584/1584/928 1583/1583/927 1585/1585/929
f 1582/1582/749 1586/1586/930 1583/1583/927
f 1587/1587/931 1586/1586/930 1582/1582/749
f 1587/1587/931 1588/1588/932 1586/1586/930
f 1589/1589/933 1588/1588/932 1587/1587/931
f 1589/1589/933 1590/1590/934 1588/1588/932
f 1591/1591/935 1590/1590/934 1589/1589/933
f 1591/1591/935 1592/1592/936 1590/1590/934
f 1593/1593/937 1592/1592/936 1591/1591/935
f 1593/1593/937 1594/1594/677 1592/1592/936
f 1595/1595/938 1594/1594/677 1593/1593/937
f 1584/1584/928 1585/1585/929 1596/1596/939
f 1596/1596/939 1585/1585/929 1597/1597/940
f 1596/1596/939 1597/1597/940 1598/1598/941
f 1598/1598/941 1597/1597/940 1599/1599/942
f 1598/1598/941 1599/1599/942 1600/1600/943
f 1600/1600/943 1599/1599/942 1601/1601/944
f 1600/1600/943 1601/1601/944 1602/1602/945
f 1602/1602/945 1601/1601/944 1603/1603/946
f 1595/1595/938 1604/1604/947 1594/1594/677
f 1602/1602/945 1603/1603/946 1605/1605/948
f 1603/1603/946 1606/1606/491 1605/1605/948
f 1607/1607/490 1606/1606/491 1603/1603/946
f 1608/1608/949 1604/1604/947 1595/1595/938
f 1609/1609/950 1610/1610/951 1611/1611/952
f 1612/1612/953 1610/1610/951 1609/1609/950
f 1613/1613/219 1609/1609/950 1611/1611/952
f 1613/1613/219 1614/1614/954 1609/1609/950
f 1610/1610/951 1612/1612/953 1615/1615/133
f 1615/1615/133 1612/1612/953 1616/1616/138
f 1615/1615/133 1616/1616/138 1617/1617/144
f 1617/1617/144 1616/1616/138 1618/1618/955
f 1617/1617/144 1618/1618/955 1619/1619/209
f 1619/1619/209 1618/1618/955 1620/1620/150
f 1613/1613/219 1621/1621/136 1614/1614/954
f 1622/1622/216 1621/1621/136 1613/1613/219
f 1622/1622/216 1623/1623/956 1621/1621/136
f 1624/1624/462 1623/1623/956 1622/1622/216
f 1624/1624/462 1625/1625/957 1623/1623/956
f 1626/1626/256 1625/1625/957 1624/1624/462
f 1624/1624/462 1627/1627/958 1626/1626/256
f 1628/1628/723 1627/1627/958 1624/1624/462
f 1624/1624/462 1629/1629/959 1628/1628/723
f 1624/1624/462 1630/1630/141 1629/1629/959
f 1631/1631/142 1630/1630/141 1624/1624/462
f 1631/1631/142 1632/1632/960 1630/1630/141
f 1633/1633/142 1632/1632/960 1631/1631/142
f 1633/1633/142 1634/1634/144 1632/1632/960
f 1635/1635/144 1634/1634/144 1633/1633/142
f 1635/1635/144 1636/1636/904 1634/1634/144
f 1636/1636/904 1637/1637/904 1634/1634/144
f 1630/1630/141 1638/1638/257 1629/1629/959
f 1639/1639/724 1636/1636/904 1635/1635/144
f 1640/1640/961 1639/1639/724 1635/1635/144
f 1635/1635/144 1641/1641/961 1640/1640/961
f 1635/1635/144 1642/1642/962 1641/1641/961
f 1643/1643/963 1642/1642/962 1635/1635/144
f 1643/1643/963 1635/1635/144 1644/1644/964
f 1644/1644/964 1635/1635/144 1645/1645/965
f 1644/1644/964 1645/1645/965 1646/1646/966
f 1646/1646/966 1645/1645/965 1647/1647/208
f 1646/1646/966 1647/1647/208 1648/1648/967
f 1648/1648/967 1647/1647/208 1649/1649/729
f 1649/1649/729 1650/1650/968 1648/1648/967
f 1651/1651/968 1650/1650/968 1649/1649/729
f 1650/1650/968 1651/1651/968 1652/1652/145
f 1650/1650/968 1652/1652/145 1653/1653/955
f 1653/1653/955 1652/1652/145 1654/1654/138
f 1653/1653/955 1654/1654/138 1655/1655/141
f 1655/1655/141 1654/1654/138 1656/1656/131
f 1656/1656/131 1654/1654/138 1657/1657/905
f 1658/1658/969 1659/1659/538 1660/1660/792
f 1661/1661/970 1659/1659/538 1658/1658/969
f 1658/1658/969 1660/1660/792 1662/1662/971
f 1662/1662/971 1660/1660/792 1663/1663/972
f 1662/1662/971 1663/1663/972 1664/1664/973
f 1664/1664/973 1663/1663/972 1665/1665/974
f 1664/1664/973 1665/1665/974 1666/1666/975
f 1666/1666/975 1665/1665/974 1667/1667/976
f 1666/1666/975 1667/1667/976 1668/1668/917
f 1668/1668/917 1667/1667/976 1669/1669/854
f 1668/1668/917 1669/1669/854 1670/1670/977
f 1670/1670/977 1669/1669/854 1671/1671/978
f 1670/1670/977 1671/1671/978 1672/1672/979
f 1672/1672/979 1671/1671/978 1673/1673/980
f 1672/1672/979 1673/1673/980 1674/1674/981
f 1674/1674/981 1673/1673/980 1675/1675/982
f 1674/1674/981 1675/1675/982 1676/1676/983
f 1676/1676/983 1675/1675/982 1677/1677/984
f 1676/1676/983 1677/1677/984 1678/1678/985
f 1678/1678/985 1677/1677/984 1679/1679/986
f 1678/1678/985 1679/1679/986 1680/1680/987
f 1680/1680/987 1679/1679/986 1681/1681/895
f 1680/1680/987 1681/1681/895 1682/1682/988
f 1683/1683/989 1684/1684/989 1685/1685/414
f 1685/1685/414 1684/1684/989 1686/1686/990
f 1686/1686/990 1687/1687/696 1685/1685/414
f 1688/1688/991 1687/1687/696 1686/1686/990
f 1688/1688/991 1689/1689/992 1687/1687/696
f 1684/1684/989 1683/1683/989 1690/1690/116
f 1684/1684/989 1690/1690/116 1691/1691/993
f 1692/1692/994 1689/1689/992 1688/1688/991
f 1692/1692/994 1693/1693/115 1689/1689/992
f 1694/1694/995 1693/1693/115 1692/1692/994
f 1691/1691/993 1690/1690/116 1695/1695/124
f 1691/1691/993 1695/1695/124 1696/1696/121
f 1696/1696/121 1695/1695/124 1697/1697/125
f 1697/1697/125 1695/1695/124 1698/1698/996
f 1694/1694/995 1699/1699/997 1693/1693/115
f 1693/1693/115 1699/1699/997 1700/1700/998
f 1693/1693/115 1700/1700/998 1701/1701/999
f 1701/1701/999 1702/1702/695 1693/1693/115
f 1702/1702/695 1703/1703/1000 1693/1693/115
f 1693/1693/115 1703/1703/1000 1704/1704/115
f 1693/1693/115 1704/1704/115 1705/1705/120
f 1705/1705/120 1704/1704/115 1706/1706/1001
f 1705/1705/120 1706/1706/1001 1707/1707/120
f 1707/1707/120 1706/1706/1001 1708/1708/121
f 1707/1707/120 1708/1708/121 1709/1709/601
f 1709/1709/601 1708/1708/121 1710/1710/1002
f 1703/1703/1000 1711/1711/1003 1704/1704/115
f 1708/1708/121 1712/1712/1004 1710/1710/1002
f 1709/1709/601 1710/1710/1002 1713/1713/396
f 1713/1713/396 1714/1714/1005 1709/1709/601
f 1709/1709/601 1714/1714/1005 1715/1715/1006
f 1715/1715/1006 1716/1716/1007 1709/1709/601
f 1709/1709/601 1716/1716/1007 1717/1717/1008
f 1709/1709/601 1717/1717/1008 1718/1718/404
f 1718/1718/404 1717/1717/1008 1719/1719/129
f 1718/1718/404 1719/1719/129 1720/1720/694
f 1720/1720/694 1719/1719/129 1721/1721/1009
f 1720/1720/694 1721/1721/1009 1722/1722/1010
f 1720/1720/694 1722/1722/1010 1723/1723/1011
f 1722/1722/1010 1724/1724/1012 1723/1723/1011
f 1725/1725/1013 1724/1724/1012 1722/1722/1010
f 1724/1724/1012 1725/1725/1013 1726/1726/123
f 1726/1726/123 1725/1725/1013 1727/1727/124
f 1726/1726/123 1727/1727/124 1728/1728/115
f 1728/1728/115 1727/1727/124 1729/1729/993
f 1728/1728/115 1729/1729/993 1730/1730/880
f 1730/1730/880 1729/1729/993 1731/1731/111
f 1732/1732/509 1733/1733/509 1734/1734/509
f 1732/1732/509 1734/1734/509 1735/1735/509
f 1735/1735/509 1734/1734/509 1736/1736/509
f 1735/1735/509 1736/1736/509 1737/1737/509
f 1735/1735/509 1737/1737/509 1738/1738/509
f 1738/1738/509 1737/1737/509 1739/1739/511
f 1733/1733/509 1740/1740/511 1734/1734/509
f 1734/1734/509 1740/1740/511 1741/1741/511
f 1734/1734/509 1741/1741/511 1742/1742/511
f 1742/1742/511 1741/1741/511 1743/1743/511
f 1742/1742/511 1743/1743/511 1744/1744/511
f 1744/1744/511 1743/1743/511 1745/1745/511
f 1744/1744/511 1745/1745/511 1746/1746/509
f 1746/1746/509 1745/1745/511 1747/1747/511
f 1746/1746/509 1747/1747/511 1748/1748/509
f 1749/1749/509 1746/1746/509 1748/1748/509
f 1750/1750/509 1746/1746/509 1749/1749/509
f 1750/1750/509 1751/1751/509 1746/1746/509
f 1751/1751/509 1750/1750/509 1752/1752/509
f 1749/1749/509 1753/1753/858 1750/1750/509
f 1752/1752/509 1750/1750/509 1754/1754/509
f 1750/1750/509 1755/1755/511 1754/1754/509
f 1749/1749/509 1748/1748/509 1756/1756/511
f 1756/1756/511 1757/1757/511 1749/1749/509
f 1758/1758/511 1757/1757/511 1756/1756/511
f 1756/1756/511 1759/1759/511 1758/1758/511
f 1758/1758/511 1759/1759/511 1760/1760/511
f 1758/1758/511 1760/1760/511 1761/1761/509
f 1761/1761/509 1760/1760/511 1762/1762/511
f 1762/1762/511 1760/1760/511 1763/1763/511
f 1760/1760/511 1764/1764/511 1763/1763/511
f 1765/1765/511 1764/1764/511 1760/1760/511
f 1752/1752/509 1754/1754/509 1766/1766/509
f 1766/1766/509 1754/1754/509 1767/1767/1014
f 1767/1767/1014 1754/1754/509 1768/1768/509
f 1762/1762/511 1769/1769/509 1768/1768/509
f 1763/1763/511 1769/1769/509 1762/1762/511
f 1768/1768/509 1769/1769/509 1770/1770/509
f 1768/1768/509 1770/1770/509 1767/1767/1014
f 1765/1765/511 1771/1771/511 1764/1764/511
f 1765/1765/511 1772/1772/511 1771/1771/511
f 1773/1773/511 1772/1772/511 1765/1765/511
f 1773/1773/511 1774/1774/511 1772/1772/511
f 1775/1775/511 1774/1774/511 1773/1773/511
f 1775/1775/511 1776/1776/511 1774/1774/511
f 1777/1777/511 1776/1776/511 1775/1775/511
f 1777/1777/511 1778/1778/511 1776/1776/511
f 1779/1779/511 1778/1778/511 1777/1777/511
f 1779/1779/511 1780/1780/511 1778/1778/511
f 1781/1781/511 1780/1780/511 1779/1779/511
f 1781/1781/511 1782/1782/511 1780/1780/511
f 1781/1781/511 1783/1783/511 1782/1782/511
f 1784/1784/511 1783/1783/511 1781/1781/511
f 1784/1784/511 1785/1785/511 1783/1783/511
f 1786/1786/511 1785/1785/511 1784/1784/511
f 1786/1786/511 1787/1787/511 1785/1785/511
f 1788/1788/511 1787/1787/511 1786/1786/511
f 1788/1788/511 1789/1789/511 1787/1787/511
f 1790/1790/511 1789/1789/511 1788/1788/511
f 1790/1790/511 1791/1791/511 1789/1789/511
f 1792/1792/511 1791/1791/511 1790/1790/511
f 1792/1792/511 1793/1793/511 1791/1791/511
f 1794/1794/509 1793/1793/511 1792/1792/511
f 1794/1794/509 1795/1795/511 1793/1793/511
f 1796/1796/509 1795/1795/511 1794/1794/509
f 1796/1796/509 1797/1797/511 1795/1795/511
f 1796/1796/509 1798/1798/511 1797/1797/511
f 1796/1796/509 1799/1799/509 1798/1798/511
f 1800/1800/511 1797/1797/511 1798/1798/511
f 1800/1800/511 1798/1798/511 1801/1801/511
f 1798/1798/511 1799/1799/509 1802/1802/511
f 1798/1798/511 1802/1802/511 1803/1803/511
f 1803/1803/511 1804/1804/511 1798/1798/511
f 1803/1803/511 1802/1802/511 1805/1805/511
f 1803/1803/511 1805/1805/511 1806/1806/511
f 1806/1806/511 1805/1805/511 1807/1807/511
f 1806/1806/511 1808/1808/509 1803/1803/511
f 1806/1806/511 1807/1807/511 1809/1809/511
f 1806/1806/511 1810/1810/511 1808/1808/509
f 1811/1811/511 1810/1810/511 1806/1806/511
f 1810/1810/511 1811/1811/511 1812/1812/511
f 1810/1810/511 1812/1812/511 1813/1813/509
f 1813/1813/509 1812/1812/511 1814/1814/509
f 1809/1809/511 1807/1807/511 1815/1815/511
f 1809/1809/511 1815/1815/511 1816/1816/511
f 1816/1816/511 1815/1815/511 1817/1817/511
f 1816/1816/511 1817/1817/511 1818/1818/511
f 1818/1818/511 1817/1817/511 1819/1819/511
f 1818/1818/511 1819/1819/511 1820/1820/509
f 1821/1821/511 1818/1818/511 1820/1820/509
f 1822/1822/511 1818/1818/511 1821/1821/511
f 1822/1822/511 1823/1823/511 1818/1818/511
f 1823/1823/511 1822/1822/511 1824/1824/511
f 1821/1821/511 1825/1825/511 1822/1822/511
f 1824/1824/511 1822/1822/511 1826/1826/509
f 1822/1822/511 1827/1827/511 1826/1826/509
f 1821/1821/511 1820/1820/509 1828/1828/509
f 1828/1828/509 1829/1829/509 1821/1821/511
f 1830/1830/509 1829/1829/509 1828/1828/509
f 1828/1828/509 1831/1831/509 1830/1830/509
f 1830/1830/509 1831/1831/509 1832/1832/509
f 1830/1830/509 1832/1832/509 1833/1833/511
f 1833/1833/511 1832/1832/509 1834/1834/509
f 1834/1834/509 1832/1832/509 1835/1835/509
f 1832/1832/509 1836/1836/509 1835/1835/509
f 1837/1837/509 1836/1836/509 1832/1832/509
f 1824/1824/511 1826/1826/509 1838/1838/509
f 1838/1838/509 1826/1826/509 1839/1839/1015
f 1839/1839/1015 1826/1826/509 1840/1840/511
f 1834/1834/509 1841/1841/511 1840/1840/511
f 1835/1835/509 1841/1841/511 1834/1834/509
f 1840/1840/511 1841/1841/511 1842/1842/511
f 1840/1840/511 1842/1842/511 1839/1839/1015
f 1837/1837/509 1843/1843/509 1836/1836/509
f 1837/1837/509 1844/1844/511 1843/1843/509
f 1845/1845/511 1844/1844/511 1837/1837/509
f 1845/1845/511 1846/1846/511 1844/1844/511
f 1847/1847/511 1846/1846/511 1845/1845/511
f 1847/1847/511 1848/1848/511 1846/1846/511
f 1849/1849/511 1848/1848/511 1847/1847/511
f 1849/1849/511 1850/1850/511 1848/1848/511
f 1851/1851/511 1850/1850/511 1849/1849/511
f 1851/1851/511 1852/1852/511 1850/1850/511
f 1853/1853/511 1852/1852/511 1851/1851/511
f 1853/1853/511 1854/1854/511 1852/1852/511
f 1855/1855/511 1854/1854/511 1853/1853/511
f 1855/1855/511 1856/1856/511 1854/1854/511
f 1855/1855/511 1857/1857/511 1856/1856/511
f 1858/1858/511 1857/1857/511 1855/1855/511
f 1858/1858/511 1859/1859/511 1857/1857/511
f 1860/1860/511 1859/1859/511 1858/1858/511
f 1860/1860/511 1861/1861/511 1859/1859/511
f 1862/1862/511 1861/1861/511 1860/1860/511
f 1862/1862/511 1863/1863/511 1861/1861/511
f 1864/1864/511 1863/1863/511 1862/1862/511
f 1864/1864/511 1865/1865/511 1863/1863/511
f 1866/1866/511 1865/1865/511 1864/1864/511
f 1866/1866/511 1867/1867/509 1865/1865/511
f 1868/1868/511 1867/1867/509 1866/1866/511
f 1868/1868/511 1869/1869/509 1867/1867/509
f 1868/1868/511 1870/1870/1014 1869/1869/509
f 1871/1871/509 1869/1869/509 1870/1870/1014
f 1868/1868/511 1872/1872/511 1870/1870/1014
f 1871/1871/509 1870/1870/1014 1873/1873/511
f 1870/1870/1014 1872/1872/511 1874/1874/511
f 1870/1870/1014 1874/1874/511 1733/1733/509
f 1733/1733/509 1875/1875/511 1870/1870/1014
f 1733/1733/509 1874/1874/511 1740/1740/511
f 1876/1876/511 1869/1869/509 1871/1871/509
f 1871/1871/509 1877/1877/509 1876/1876/511
f 1878/1878/509 1877/1877/509 1871/1871/509
f 1878/1878/509 1879/1879/511 1877/1877/509
f 1880/1880/511 1879/1879/511 1878/1878/509
f 1739/1739/511 1880/1880/511 1878/1878/509
f 1739/1739/511 1737/1737/509 1880/1880/511
f 1881/1881/1016 1882/1882/1017 1883/1883/1018
f 1884/1884/1019 1881/1881/1016 1883/1883/1018
f 1883/1883/1018 1885/1885/883 1884/1884/1019
f 1886/1886/1020 1885/1885/883 1883/1883/1018
f 1886/1886/1020 1887/1887/1021 1885/1885/883
f 1887/1887/1021 1886/1886/1020 1888/1888/1022
f 1887/1887/1021 1888/1888/1022 1889/1889/1022
f 1889/1889/1022 1890/1890/1023 1887/1887/1021
f 1887/1887/1021 1890/1890/1023 1891/1891/1024
f 1892/1892/1025 1881/1881/1016 1884/1884/1019
f 1890/1890/1023 1893/1893/1026 1891/1891/1024
f 1891/1891/1024 1893/1893/1026 1894/1894/917
f 1893/1893/1026 1895/1895/1027 1894/1894/917
f 1894/1894/917 1895/1895/1027 1896/1896/1028
f 1894/1894/917 1896/1896/1028 1897/1897/1029
f 1898/1898/1030 1894/1894/917 1897/1897/1029
f 1898/1898/1030 1897/1897/1029 1899/1899/1031
f 1899/1899/1031 1897/1897/1029 1900/1900/1031
f 1900/1900/1031 1901/1901/1032 1899/1899/1031
f 1902/1902/1033 1901/1901/1032 1900/1900/1031
f 1900/1900/1031 1903/1903/1034 1902/1902/1033
f 1904/1904/1035 1905/1905/1036 1906/1906/1037
f 1906/1906/1037 1905/1905/1036 1907/1907/562
f 1907/1907/562 1905/1905/1036 1908/1908/1038
f 1904/1904/1035 1909/1909/1039 1905/1905/1036
f 1904/1904/1035 1910/1910/1040 1909/1909/1039
f 1911/1911/10 1912/1912/10 1913/1913/10
f 1911/1911/10 1914/1914/10 1912/1912/10
f 1915/1915/10 1914/1914/10 1911/1911/10
f 1916/1916/10 1914/1914/10 1915/1915/10
f 1914/1914/10 1917/1917/11 1912/1912/10
f 1916/1916/10 1918/1918/10 1914/1914/10
f 1919/1919/511 1920/1920/511 1921/1921/511
f 1920/1920/511 1922/1922/511 1921/1921/511
f 1923/1923/511 1920/1920/511 1919/1919/511
f 1923/1923/511 1924/1924/509 1920/1920/511
f 1925/1925/509 1924/1924/509 1923/1923/511
f 1925/1925/509 1926/1926/509 1924/1924/509
f 1927/1927/509 1924/1924/509 1926/1926/509
f 1922/1922/511 1928/1928/511 1921/1921/511
f 1922/1922/511 1929/1929/511 1928/1928/511
f 1930/1930/511 1929/1929/511 1922/1922/511
f 1930/1930/511 1931/1931/511 1929/1929/511
f 1932/1932/511 1931/1931/511 1930/1930/511
f 1932/1932/511 1933/1933/511 1931/1931/511
f 1934/1934/511 1933/1933/511 1932/1932/511
f 1934/1934/511 1935/1935/511 1933/1933/511
f 1936/1936/511 1935/1935/511 1934/1934/511
f 1936/1936/511 1937/1937/511 1935/1935/511
f 1938/1938/511 1937/1937/511 1936/1936/511
f 1938/1938/511 1939/1939/511 1937/1937/511
f 1940/1940/511 1939/1939/511 1938/1938/511
f 1941/1941/511 1940/1940/511 1938/1938/511
f 1941/1941/511 1942/1942/511 1940/1940/511
f 1943/1943/509 1940/1940/511 1942/1942/511
f 1943/1943/509 1944/1944/509 1940/1940/511
f 1945/1945/509 1944/1944/509 1943/1943/509
f 1934/1934/511 1946/1946/511 1936/1936/511
f 1947/1947/511 1942/1942/511 1941/1941/511
f 1944/1944/509 1945/1945/509 1948/1948/511
f 1944/1944/509 1948/1948/511 1949/1949/509
f 1948/1948/511 1950/1950/509 1949/1949/509
f 1949/1949/509 1950/1950/509 1951/1951/509
f 1952/1952/511 1949/1949/509 1951/1951/509
f 1953/1953/511 1949/1949/509 1952/1952/511
f 1953/1953/511 1954/1954/511 1949/1949/509
f 1954/1954/511 1955/1955/511 1949/1949/509
f 1956/1956/511 1954/1954/511 1953/1953/511
f 1953/1953/511 1957/1957/511 1956/1956/511
f 1956/1956/511 1957/1957/511 1958/1958/511
f 1956/1956/511 1958/1958/511 1959/1959/511
f 1959/1959/511 1958/1958/511 1960/1960/511
f 1961/1961/511 1960/1960/511 1958/1958/511
f 1961/1961/511 1962/1962/511 1960/1960/511
f 1963/1963/511 1962/1962/511 1961/1961/511
f 1964/1964/511 1962/1962/511 1963/1963/511
f 1964/1964/511 1965/1965/511 1962/1962/511
f 1965/1965/511 1966/1966/511 1962/1962/511
f 1967/1967/511 1965/1965/511 1964/1964/511
f 1967/1967/511 1968/1968/511 1965/1965/511
f 1969/1969/511 1968/1968/511 1967/1967/511
f 1970/1970/511 1969/1969/511 1967/1967/511
f 1970/1970/511 1971/1971/509 1969/1969/511
f 1972/1972/509 1971/1971/509 1970/1970/511
f 1972/1972/509 1973/1973/509 1971/1971/509
f 1971/1971/509 1973/1973/509 1974/1974/511
f 1975/1975/927 1976/1976/390 1977/1977/1041
f 1977/1977/1041 1976/1976/390 1978/1978/390
f 1975/1975/927 1977/1977/1041 1979/1979/1042
f 1979/1979/1042 1977/1977/1041 1980/1980/1043
f 1979/1979/1042 1980/1980/1043 1981/1981/1044
f 1981/1981/1044 1980/1980/1043 1982/1982/1045
f 1981/1981/1044 1982/1982/1045 1983/1983/1046
f 1983/1983/1046 1982/1982/1045 1984/1984/1047
f 1983/1983/1046 1984/1984/1047 1985/1985/1048
f 1985/1985/1048 1984/1984/1047 1986/1986/1049
f 1986/1986/1049 1984/1984/1047 1987/1987/1050
f 1986/1986/1049 1987/1987/1050 1988/1988/1051
f 1987/1987/1050 1131/1131/509 1988/1988/1051
f 1135/1135/509 1131/1131/509 1987/1987/1050
f 1989/1989/1052 1990/1990/1053 1991/1991/927
f 1992/1992/1053 1990/1990/1053 1989/1989/1052
f 1989/1989/1052 1991/1991/927 1993/1993/1054
f 1993/1993/1054 1991/1991/927 1994/1994/1055
f 1995/1995/1056 1993/1993/1054 1994/1994/1055
f 1995/1995/1056 1996/1996/1057 1993/1993/1054
f 1997/1997/1058 1996/1996/1057 1995/1995/1056
f 1996/1996/1057 1997/1997/1058 1998/1998/1059
f 1998/1998/1059 1999/1999/1060 1996/1996/1057
f 2000/2000/1061 1999/1999/1060 1998/1998/1059
f 2001/2001/1051 1999/1999/1060 2000/2000/1061
f 2001/2001/1051 2002/2002/1062 1999/1999/1060
f 1472/1472/511 2002/2002/1062 2001/2001/1051
f 1471/1471/509 2002/2002/1062 1472/1472/511
f 2003/2003/636 2004/2004/1063 2005/2005/1064
f 2005/2005/1064 2006/2006/1065 2003/2003/636
f 2007/2007/1066 2006/2006/1065 2005/2005/1064
f 2007/2007/1066 2008/2008/1067 2006/2006/1065
f 2008/2008/1067 2007/2007/1066 2009/2009/1068
f 2009/2009/1068 2007/2007/1066 2010/2010/1069
f 2009/2009/1068 2010/2010/1069 2011/2011/819
f 2012/2012/1070 2011/2011/819 2010/2010/1069
f 2012/2012/1070 2010/2010/1069 2013/2013/1071
f 2013/2013/1071 2010/2010/1069 2014/2014/1071
f 2014/2014/1071 2015/2015/1072 2013/2013/1071
f 2016/2016/1073 2015/2015/1072 2014/2014/1071
f 2004/2004/1063 2017/2017/1074 2005/2005/1064
f 2014/2014/1071 2018/2018/1075 2016/2016/1073
f 2019/2019/1076 2020/2020/1076 2021/2021/1076
f 2021/2021/1076 2020/2020/1076 2022/2022/1077
f 2023/2023/6 2024/2024/6 2025/2025/7
f 2025/2025/7 2026/2026/6 2023/2023/6
f 2025/2025/7 2024/2024/6 2027/2027/6
f 2025/2025/7 2027/2027/6 2028/2028/7
f 2023/2023/6 2029/2029/6 2024/2024/6
f 2030/2030/6 2029/2029/6 2023/2023/6
f 2030/2030/6 2031/2031/6 2029/2029/6
f 2032/2032/6 2031/2031/6 2030/2030/6
f 2032/2032/6 2033/2033/6 2031/2031/6
f 2034/2034/6 2033/2033/6 2032/2032/6
f 2034/2034/6 2035/2035/7 2033/2033/6
f 2035/2035/7 2034/2034/6 2036/2036/6
f 2036/2036/6 2034/2034/6 2037/2037/6
f 2036/2036/6 2038/2038/6 2035/2035/7
f 2023/2023/6 2026/2026/6 2039/2039/6
f 2040/2040/6 2038/2038/6 2036/2036/6
f 2040/2040/6 2041/2041/6 2038/2038/6
f 2042/2042/6 2041/2041/6 2040/2040/6
f 2036/2036/6 2037/2037/6 2043/2043/6
f 2023/2023/6 2039/2039/6 2044/2044/6
f 2044/2044/6 2039/2039/6 2045/2045/6
f 2046/2046/258 2047/2047/258 2048/2048/139
f 2048/2048/139 2047/2047/258 2049/2049/139
f 2048/2048/139 2049/2049/139 2050/2050/139
f 2050/2050/139 2049/2049/139 2051/2051/139
f 2050/2050/139 2051/2051/139 2052/2052/955
f 2050/2050/139 2052/2052/955 2053/2053/955
f 2054/2054/1078 2055/2055/1078 2056/2056/1078
f 2054/2054/1078 2057/2057/1079 2055/2055/1078
f 2058/2058/1079 2057/2057/1079 2054/2054/1078
f 2054/2054/1078 2059/2059/1079 2058/2058/1079
f 2060/2060/1080 2061/2061/1081 2062/2062/705
f 2063/2063/1082 2061/2061/1081 2060/2060/1080
f 2063/2063/1082 2064/2064/1083 2061/2061/1081
f 2065/2065/1084 2064/2064/1083 2063/2063/1082
f 2065/2065/1084 2063/2063/1082 2060/2060/1080
f 2065/2065/1084 2066/2066/1085 2064/2064/1083
f 2067/2067/639 2066/2066/1085 2065/2065/1084
f 2068/2068/1086 2069/2069/1087 543/543/231
f 2070/2070/1053 2069/2069/1087 2068/2068/1086
f 547/547/235 543/543/231 2069/2069/1087
f 2068/2068/1086 543/543/231 537/537/225
f 2071/2071/53 2072/2072/1088 2073/2073/1089
f 2074/2074/1090 2072/2072/1088 2071/2071/53
f 2071/2071/53 2073/2073/1089 2075/2075/1091
f 2076/2076/7 2077/2077/7 2078/2078/7
f 2078/2078/7 2079/2079/7 2076/2076/7
f 2080/2080/7 2079/2079/7 2078/2078/7
f 2077/2077/7 2076/2076/7 2081/2081/7
f 2076/2076/7 2082/2082/7 2081/2081/7
f 2077/2077/7 2083/2083/7 2078/2078/7
f 2078/2078/7 2083/2083/7 2084/2084/6
f 2078/2078/7 2084/2084/6 2085/2085/7
f 2079/2079/7 2086/2086/7 2076/2076/7
f 2087/2087/7 2076/2076/7 2086/2086/7
f 2088/2088/7 2087/2087/7 2086/2086/7
f 2089/2089/7 2088/2088/7 2086/2086/7
f 2089/2089/7 2090/2090/7 2088/2088/7
f 2087/2087/7 2091/2091/10 2076/2076/7
f 2089/2089/7 2092/2092/104 2090/2090/7
f 2093/2093/6 2092/2092/104 2089/2089/7
f 2093/2093/6 2089/2089/7 2094/2094/6
f 2095/2095/6 2093/2093/6 2094/2094/6
f 2095/2095/6 2096/2096/6 2093/2093/6
f 2097/2097/6 2096/2096/6 2095/2095/6
f 2097/2097/6 2098/2098/6 2096/2096/6
f 2099/2099/6 2098/2098/6 2097/2097/6
f 2099/2099/6 2100/2100/6 2098/2098/6
f 2101/2101/6 2100/2100/6 2099/2099/6
f 2102/2102/6 2101/2101/6 2099/2099/6
f 2103/2103/7 2099/2099/6 2097/2097/6
f 2097/2097/6 2104/2104/6 2103/2103/7
f 2105/2105/6 2104/2104/6 2097/2097/6
f 2105/2105/6 2097/2097/6 2106/2106/8
f 2106/2106/8 2107/2107/6 2105/2105/6
f 2108/2108/7 2107/2107/6 2106/2106/8
f 2108/2108/7 2109/2109/1092 2107/2107/6
f 2109/2109/1092 2108/2108/7 2110/2110/6
f 2110/2110/6 2099/2099/6 2111/2111/7
f 2110/2110/6 2112/2112/6 2099/2099/6
f 2112/2112/6 2113/2113/6 2099/2099/6
f 2109/2109/1092 2110/2110/6 2114/2114/7
f 2110/2110/6 2111/2111/7 2114/2114/7
f 2110/2110/6 2115/2115/6 2112/2112/6
f 2116/2116/7 2115/2115/6 2110/2110/6
f 2117/2117/7 2115/2115/6 2116/2116/7
f 2118/2118/7 2117/2117/7 2116/2116/7
f 2118/2118/7 2116/2116/7 2119/2119/6
f 2119/2119/6 2120/2120/6 2118/2118/7
f 2121/2121/6 2120/2120/6 2119/2119/6
f 2121/2121/6 2119/2119/6 2099/2099/6
f 2099/2099/6 2113/2113/6 2121/2121/6
f 2119/2119/6 2122/2122/7 2099/2099/6
f 2122/2122/7 2119/2119/6 2123/2123/7
f 2122/2122/7 2123/2123/7 2124/2124/7
f 2125/2125/7 2124/2124/7 2123/2123/7
f 2126/2126/7 2124/2124/7 2125/2125/7
f 2126/2126/7 2127/2127/7 2124/2124/7
f 2128/2128/6 2126/2126/7 2125/2125/7
f 2128/2128/6 2129/2129/7 2126/2126/7
f 2099/2099/6 2122/2122/7 2130/2130/10
f 2128/2128/6 2131/2131/7 2129/2129/7
f 2085/2085/7 2131/2131/7 2128/2128/6
f 2132/2132/7 2131/2131/7 2085/2085/7
f 2126/2126/7 2133/2133/6 2127/2127/7
f 2126/2126/7 2082/2082/7 2133/2133/6
f 2081/2081/7 2082/2082/7 2126/2126/7
f 2084/2084/6 2132/2132/7 2085/2085/7
f 2130/2130/10 2102/2102/6 2099/2099/6
f 2134/2134/511 2135/2135/511 2136/2136/511
f 2135/2135/511 2137/2137/511 2136/2136/511
f 2138/2138/511 2135/2135/511 2134/2134/511
f 2138/2138/511 2139/2139/511 2135/2135/511
f 2140/2140/511 2139/2139/511 2138/2138/511
f 2140/2140/511 2141/2141/511 2139/2139/511
f 2142/2142/511 2139/2139/511 2141/2141/511
f 2137/2137/511 2143/2143/511 2136/2136/511
f 2137/2137/511 2144/2144/511 2143/2143/511
f 2145/2145/511 2144/2144/511 2137/2137/511
f 2145/2145/511 2146/2146/511 2144/2144/511
f 2147/2147/511 2146/2146/511 2145/2145/511
f 2147/2147/511 2148/2148/511 2146/2146/511
f 2149/2149/511 2148/2148/511 2147/2147/511
f 2149/2149/511 2150/2150/511 2148/2148/511
f 2151/2151/511 2150/2150/511 2149/2149/511
f 2151/2151/511 2152/2152/511 2150/2150/511
f 2153/2153/511 2152/2152/511 2151/2151/511
f 2153/2153/511 2154/2154/511 2152/2152/511
f 2155/2155/511 2154/2154/511 2153/2153/511
f 2156/2156/511 2155/2155/511 2153/2153/511
f 2156/2156/511 2157/2157/509 2155/2155/511
f 2157/2157/509 2158/2158/511 2155/2155/511
f 2155/2155/511 2158/2158/511 2159/2159/511
f 2159/2159/511 2158/2158/511 2160/2160/511
f 2149/2149/511 2161/2161/511 2151/2151/511
f 2162/2162/511 2157/2157/509 2156/2156/511
f 2163/2163/509 2159/2159/511 2160/2160/511
f 1424/1424/511 2159/2159/511 2163/2163/509
f 2163/2163/509 2164/2164/511 1424/1424/511
f 1424/1424/511 2164/2164/511 1427/1427/511
f 1427/1427/511 2164/2164/511 2165/2165/509
f 2166/2166/6 2167/2167/7 2168/2168/7
f 2168/2168/7 2169/2169/7 2166/2166/6
f 2170/2170/6 2167/2167/7 2166/2166/6
f 2167/2167/7 2170/2170/6 2171/2171/6
f 2171/2171/6 2172/2172/7 2167/2167/7
f 2166/2166/6 2173/2173/6 2170/2170/6
f 2166/2166/6 2174/2174/6 2173/2173/6
f 2174/2174/6 2166/2166/6 2175/2175/9
f 2169/2169/7 2176/2176/6 2166/2166/6
f 2177/2177/7 2173/2173/6 2174/2174/6
f 2174/2174/6 2178/2178/6 2177/2177/7
f 2179/2179/6 2172/2172/7 2171/2171/6
f 2180/2180/6 2176/2176/6 2169/2169/7
f 2180/2180/6 2181/2181/6 2176/2176/6
f 2182/2182/6 2181/2181/6 2180/2180/6
f 2182/2182/6 2180/2180/6 2183/2183/6
f 2183/2183/6 2180/2180/6 2184/2184/7
f 2183/2183/6 2184/2184/7 2185/2185/7
f 2186/2186/6 2181/2181/6 2182/2182/6
f 2186/2186/6 2187/2187/6 2181/2181/6
f 2187/2187/6 2186/2186/6 2188/2188/6
f 2188/2188/6 2189/2189/6 2187/2187/6
f 2188/2188/6 2190/2190/8 2189/2189/6
f 2191/2191/7 2190/2190/8 2188/2188/6
f 2188/2188/6 2192/2192/1093 2191/2191/7
f 2178/2178/6 2193/2193/6 2177/2177/7
f 2193/2193/6 2194/2194/7 2177/2177/7
f 2195/2195/7 2177/2177/7 2194/2194/7
f 2195/2195/7 2194/2194/7 2196/2196/7
f 2194/2194/7 2197/2197/7 2196/2196/7
f 2196/2196/7 2197/2197/7 2198/2198/7
f 2198/2198/7 2199/2199/6 2191/2191/1092
f 2200/2200/7 2199/2199/6 2198/2198/7
f 2198/2198/7 2197/2197/7 2200/2200/7
f 2201/2201/7 2198/2198/7 2191/2191/1092
f 2201/2201/7 2202/2202/6 2198/2198/7
f 2191/2191/1092 2199/2199/6 2203/2203/7
f 2204/2204/10 2191/2191/1092 2203/2203/7
f 2191/2191/1092 2204/2204/10 2205/2205/1094
f 2206/2206/6 2201/2201/7 2191/2191/1092
f 2207/2207/6 2206/2206/6 2191/2191/1092
f 2207/2207/6 2208/2208/7 2206/2206/6
f 2207/2207/6 2209/2209/6 2208/2208/7
f 2210/2210/6 2209/2209/6 2207/2207/6
f 2191/2191/1092 2211/2211/7 2207/2207/6
f 2210/2210/6 2212/2212/7 2209/2209/6
f 2212/2212/7 2213/2213/7 2198/2198/7
f 2213/2213/7 2212/2212/7 2210/2210/6
f 2198/2198/7 2214/2214/6 2212/2212/7
f 2202/2202/6 2214/2214/6 2198/2198/7
f 2211/2211/7 2215/2215/6 2207/2207/6
f 2207/2207/6 2215/2215/6 2216/2216/7
f 2207/2207/6 2216/2216/7 2217/2217/6
f 2217/2217/6 2216/2216/7 2218/2218/7
f 2218/2218/7 2219/2219/6 2217/2217/6
f 2217/2217/6 2219/2219/6 2188/2188/6
f 2188/2188/6 2219/2219/6 2220/2220/7
f 2192/2192/1093 2188/2188/6 2220/2220/7
f 2221/2221/511 2222/2222/511 2223/2223/509
f 2221/2221/511 2224/2224/511 2222/2222/511
f 2223/2223/509 2222/2222/511 2225/2225/509
f 2226/2226/511 2224/2224/511 2221/2221/511
f 2226/2226/511 2227/2227/511 2224/2224/511
f 2223/2223/509 2225/2225/509 2228/2228/509
f 2229/2229/509 2227/2227/511 2226/2226/511
f 2229/2229/509 2230/2230/509 2227/2227/511
f 2231/2231/509 2230/2230/509 2229/2229/509
f 2232/2232/511 2233/2233/511 2234/2234/511
f 2232/2232/511 2234/2234/511 2235/2235/511
f 2235/2235/511 2234/2234/511 2236/2236/511
f 2237/2237/511 2233/2233/511 2232/2232/511
f 2237/2237/511 2238/2238/511 2233/2233/511
f 2235/2235/511 2236/2236/511 2239/2239/511
f 2240/2240/511 2238/2238/511 2237/2237/511
f 2240/2240/511 2241/2241/511 2238/2238/511
f 2242/2242/511 2241/2241/511 2240/2240/511
f 2243/2243/1053 2244/2244/390 2245/2245/1095
f 2243/2243/1053 2246/2246/1096 2244/2244/390
f 2245/2245/1095 2244/2244/390 2247/2247/1095
f 2248/2248/1096 2246/2246/1096 2243/2243/1053
f 2249/2249/1097 2250/2250/1097 2251/2251/1098
f 2249/2249/1097 2252/2252/1099 2250/2250/1097
f 2253/2253/1099 2252/2252/1099 2249/2249/1097
f 2251/2251/1098 2250/2250/1097 2254/2254/1098
f 2255/2255/6 2256/2256/6 2257/2257/6
f 2258/2258/7 2256/2256/6 2255/2255/6
f 2258/2258/7 2259/2259/7 2256/2256/6
f 2260/2260/7 2259/2259/7 2258/2258/7
f 2260/2260/7 2261/2261/6 2259/2259/7
f 2260/2260/7 2262/2262/6 2261/2261/6
f 2261/2261/6 2262/2262/6 2263/2263/6
f 2263/2263/6 2264/2264/6 2261/2261/6
f 2265/2265/7 2261/2261/6 2264/2264/6
f 2265/2265/7 2266/2266/6 2261/2261/6
f 2267/2267/1100 2266/2266/6 2265/2265/7
f 2267/2267/1100 2265/2265/7 2268/2268/7
f 2265/2265/7 2269/2269/7 2268/2268/7
f 2265/2265/7 2270/2270/6 2269/2269/7
f 2271/2271/6 2268/2268/7 2269/2269/7
f 2270/2270/6 2265/2265/7 2272/2272/7
f 2272/2272/7 2265/2265/7 2273/2273/7
f 2272/2272/7 2273/2273/7 2274/2274/6
f 2275/2275/6 2272/2272/7 2274/2274/6
f 2271/2271/6 2269/2269/7 2276/2276/6
f 2271/2271/6 2276/2276/6 2277/2277/6
f 2276/2276/6 2278/2278/7 2277/2277/6
f 2277/2277/6 2279/2279/6 2271/2271/6
f 2280/2280/7 2272/2272/7 2275/2275/6
f 2280/2280/7 2281/2281/6 2272/2272/7
f 2282/2282/7 2281/2281/6 2280/2280/7
f 2282/2282/7 2283/2283/7 2281/2281/6
f 2284/2284/6 2283/2283/7 2282/2282/7
f 2283/2283/7 2284/2284/6 2285/2285/7
f 2283/2283/7 2285/2285/7 2286/2286/7
f 2286/2286/7 2285/2285/7 2287/2287/7
f 2286/2286/7 2287/2287/7 2288/2288/7
f 2286/2286/7 2288/2288/7 2289/2289/6
f 2288/2288/7 2290/2290/6 2289/2289/6
f 2290/2290/6 2291/2291/6 2289/2289/6
f 2289/2289/6 2291/2291/6 2292/2292/7
f 2277/2277/6 2278/2278/7 2292/2292/7
f 2292/2292/7 2293/2293/7 2277/2277/6
f 2292/2292/7 2291/2291/6 2293/2293/7
f 2271/2271/6 2279/2279/6 2294/2294/7
f 2295/2295/6 2271/2271/6 2294/2294/7
f 2295/2295/6 2257/2257/6 2271/2271/6
f 2296/2296/6 2257/2257/6 2295/2295/6
f 2255/2255/6 2257/2257/6 2296/2296/6
f 2297/2297/1101 2298/2298/1102 2299/2299/1101
f 2297/2297/1101 2299/2299/1101 2300/2300/1103
f 2301/2301/1102 2298/2298/1102 2297/2297/1101
f 2300/2300/1103 2299/2299/1101 2302/2302/1103
f 2303/2303/695 2304/2304/880 2305/2305/1104
f 2305/2305/1104 2304/2304/880 2306/2306/1104
f 2305/2305/1104 2306/2306/1104 2307/2307/1104
f 2307/2307/1104 2306/2306/1104 2308/2308/1104
f 2309/2309/724 2310/2310/1105 2311/2311/1105
f 2311/2311/1105 2310/2310/1105 2312/2312/1105
f 2311/2311/1105 2312/2312/1105 2313/2313/1105
f 2313/2313/1105 2312/2312/1105 2314/2314/209
f 2315/2315/1106 2316/2316/1004 2317/2317/1006
f 2316/2316/1004 2318/2318/405 2317/2317/1006
f 2317/2317/1006 2318/2318/405 2319/2319/129
f 2320/2320/1004 2316/2316/1004 2315/2315/1106
f 2315/2315/1106 2321/2321/1106 2320/2320/1004
f 2322/2322/120 2321/2321/1106 2315/2315/1106
f 2322/2322/120 2323/2323/1107 2321/2321/1106
f 2319/2319/129 2318/2318/405 2324/2324/1108
f 2319/2319/129 2324/2324/1108 2325/2325/1109
f 2319/2319/129 2325/2325/1109 2326/2326/1110
f 2326/2326/1110 2325/2325/1109 2327/2327/1110
f 2327/2327/1110 2328/2328/694 2326/2326/1110
f 2327/2327/1110 683/683/336 2328/2328/694
f 2322/2322/120 2329/2329/117 2323/2323/1107
f 2330/2330/117 2329/2329/117 2322/2322/120
f 2330/2330/117 2322/2322/120 2331/2331/993
f 2330/2330/117 2331/2331/993 2332/2332/1111
f 2331/2331/993 2333/2333/119 2332/2332/1111
f 2328/2328/694 683/683/336 682/682/335
f 2331/2331/993 2334/2334/1003 2333/2333/119
f 2331/2331/993 2335/2335/1112 2334/2334/1003
f 2331/2331/993 2336/2336/1113 2335/2335/1112
f 2337/2337/1114 2336/2336/1113 2331/2331/993
f 2337/2337/1114 2338/2338/110 2336/2336/1113
f 2339/2339/879 2338/2338/110 2337/2337/1114
f 2340/2340/1115 2338/2338/110 2339/2339/879
f 2339/2339/879 2341/2341/696 2340/2340/1115
f 2342/2342/1116 2341/2341/696 2339/2339/879
f 2342/2342/1116 2343/2343/1117 2341/2341/696
f 2342/2342/1116 2344/2344/696 2343/2343/1117
f 2343/2343/1117 2344/2344/696 2345/2345/1118
f 2345/2345/1118 2346/2346/1119 2343/2343/1117
f 2347/2347/139 2348/2348/139 2349/2349/142
f 2347/2347/139 2349/2349/142 2350/2350/955
f 2347/2347/139 2350/2350/955 2351/2351/955
f 2350/2350/955 2352/2352/904 2351/2351/955
f 2350/2350/955 2353/2353/1120 2352/2352/904
f 2350/2350/955 2354/2354/961 2353/2353/1120
f 2355/2355/209 2354/2354/961 2350/2350/955
f 2355/2355/209 2356/2356/147 2354/2354/961
f 2357/2357/1121 2356/2356/147 2355/2355/209
f 2358/2358/1122 2356/2356/147 2357/2357/1121
f 2357/2357/1121 2359/2359/208 2358/2358/1122
f 2360/2360/1123 2359/2359/208 2357/2357/1121
f 2360/2360/1123 2361/2361/1124 2359/2359/208
f 2360/2360/1123 2362/2362/208 2361/2361/1124
f 2361/2361/1124 2362/2362/208 2363/2363/1125
f 2363/2363/1125 2364/2364/1126 2361/2361/1124
f 2349/2349/142 2365/2365/258 585/585/258
f 585/585/258 2365/2365/258 586/586/257
f 2349/2349/142 2366/2366/1127 2365/2365/258
f 2349/2349/142 2348/2348/139 2366/2366/1127
f 2367/2367/1128 2368/2368/1128 2369/2369/1128
f 2369/2369/1128 2368/2368/1128 2370/2370/1129
f 2371/2371/705 2372/2372/705 2373/2373/705
f 2373/2373/705 2372/2372/705 2374/2374/705
f 2373/2373/705 2374/2374/705 2375/2375/988
f 2375/2375/988 2374/2374/705 2376/2376/988
f 2377/2377/1130 2378/2378/1130 2379/2379/919
f 2377/2377/1130 2380/2380/1131 2378/2378/1130
f 2381/2381/1132 2380/2380/1131 2377/2377/1130
f 2379/2379/919 2378/2378/1130 2382/2382/919
f 2383/2383/1133 2384/2384/1134 2385/2385/543
f 2385/2385/543 2386/2386/1135 2383/2383/1133
f 2386/2386/1135 2387/2387/1136 2383/2383/1133
f 2388/2388/1137 2387/2387/1136 2386/2386/1135
f 2385/2385/543 2384/2384/1134 2389/2389/1138
f 2389/2389/1138 2390/2390/1121 2385/2385/543
f 2389/2389/1138 2391/2391/209 2390/2390/1121
f 2392/2392/146 2391/2391/209 2389/2389/1138
f 2391/2391/209 2392/2392/146 2393/2393/136
f 2393/2393/136 2392/2392/146 2394/2394/1139
f 2395/2395/1140 2383/2383/1133 2387/2387/1136
f 2395/2395/1140 2387/2387/1136 2396/2396/1071
f 2397/2397/741 2395/2395/1140 2396/2396/1071
f 2397/2397/741 2398/2398/1141 2395/2395/1140
f 2398/2398/1141 2397/2397/741 2399/2399/1095
f 2398/2398/1141 2399/2399/1095 2400/2400/1142
f 2399/2399/1095 2401/2401/1143 2400/2400/1142
f 2402/2402/1144 2400/2400/1142 2401/2401/1143
f 2402/2402/1144 2403/2403/1071 2400/2400/1142
f 2393/2393/136 2394/2394/1139 2404/2404/1145
f 2404/2404/1145 2394/2394/1139 2405/2405/1146
f 2404/2404/1145 2405/2405/1146 2406/2406/1147
f 2406/2406/1147 2405/2405/1146 2407/2407/1147
f 2408/2408/1148 2406/2406/1147 2407/2407/1147
f 2409/2409/1148 2406/2406/1147 2408/2408/1148
f 2408/2408/1148 2407/2407/1147 2410/2410/1149
f 2410/2410/1149 2407/2407/1147 2411/2411/1149
f 2410/2410/1149 2411/2411/1149 2412/2412/1150
f 2402/2402/1144 2413/2413/1151 2403/2403/1071
f 2402/2402/1144 2414/2414/1152 2413/2413/1151
f 2415/2415/1153 2413/2413/1151 2414/2414/1152
f 2415/2415/1153 2416/2416/1154 2413/2413/1151
f 2417/2417/1155 2416/2416/1154 2415/2415/1153
f 2418/2418/7 2419/2419/7 2420/2420/7
f 2418/2418/7 2421/2421/6 2419/2419/7
f 2422/2422/7 2421/2421/6 2418/2418/7
f 2418/2418/7 2423/2423/7 2422/2422/7
f 2422/2422/7 2423/2423/7 2424/2424/7
f 2422/2422/7 2424/2424/7 2425/2425/7
f 2418/2418/7 2426/2426/6 2423/2423/7
f 2427/2427/6 2426/2426/6 2418/2418/7
f 2427/2427/6 2428/2428/6 2426/2426/6
f 2429/2429/6 2428/2428/6 2427/2427/6
f 2429/2429/6 2430/2430/6 2428/2428/6
f 2431/2431/7 2430/2430/6 2429/2429/6
f 2431/2431/7 2432/2432/7 2430/2430/6
f 2432/2432/7 2431/2431/7 2433/2433/7
f 2433/2433/7 2431/2431/7 2434/2434/7
f 2433/2433/7 2435/2435/7 2432/2432/7
f 2436/2436/6 2435/2435/7 2433/2433/7
f 2436/2436/6 2437/2437/6 2435/2435/7
f 2438/2438/6 2437/2437/6 2436/2436/6
f 2433/2433/7 2434/2434/7 2439/2439/7
f 2440/2440/56 2441/2441/1156 2442/2442/1157
f 2440/2440/56 2442/2442/1157 2443/2443/1157
f 2443/2443/1157 2442/2442/1157 2444/2444/1158
f 2443/2443/1157 2444/2444/1158 2445/2445/1159
f 2440/2440/56 2446/2446/53 2441/2441/1156
f 2447/2447/53 2446/2446/53 2440/2440/56
f 2447/2447/53 2448/2448/51 2446/2446/53
f 2449/2449/51 2448/2448/51 2447/2447/53
f 2449/2449/51 2450/2450/1160 2448/2448/51
f 2451/2451/1161 2450/2450/1160 2449/2449/51
f 2451/2451/1161 2452/2452/1157 2450/2450/1160
f 2452/2452/1157 2453/2453/1162 2450/2450/1160
f 2453/2453/1162 2454/2454/1163 2450/2450/1160
f 2454/2454/1163 2455/2455/1164 2450/2450/1160
f 2450/2450/1160 2455/2455/1164 2456/2456/1165
f 2456/2456/1165 2455/2455/1164 2457/2457/1165
f 2456/2456/1165 2457/2457/1165 2458/2458/1166
f 2444/2444/1158 2459/2459/53 2445/2445/1159
f 2460/2460/100 2459/2459/53 2444/2444/1158
f 2461/2461/1167 2460/2460/100 2444/2444/1158
f 2462/2462/1168 2461/2461/1167 2444/2444/1158
f 2462/2462/1168 2444/2444/1158 2463/2463/1169
f 2463/2463/1169 2444/2444/1158 2464/2464/1170
f 2463/2463/1169 2464/2464/1170 2465/2465/1170
f 2466/2466/1171 2467/2467/73 2468/2468/1172
f 2469/2469/1173 2466/2466/1171 2468/2468/1172
f 2468/2468/1172 2470/2470/1174 2469/2469/1173
f 2471/2471/1175 2470/2470/1174 2468/2468/1172
f 2471/2471/1175 2472/2472/1176 2470/2470/1174
f 2472/2472/1176 2471/2471/1175 2473/2473/1177
f 2473/2473/1177 2471/2471/1175 2474/2474/1178
f 2473/2473/1177 2474/2474/1178 2475/2475/676
f 2476/2476/1179 2475/2475/676 2474/2474/1178
f 2476/2476/1179 2474/2474/1178 2477/2477/1180
f 2477/2477/1180 2474/2474/1178 2478/2478/1180
f 2478/2478/1180 2479/2479/1181 2477/2477/1180
f 2480/2480/1182 2479/2479/1181 2478/2478/1180
f 2481/2481/1183 2466/2466/1171 2469/2469/1173
f 2478/2478/1180 2482/2482/1184 2480/2480/1182
f 2483/2483/1185 2484/2484/1186 2485/2485/1187
f 2486/2486/1188 2483/2483/1185 2485/2485/1187
f 2485/2485/1187 2487/2487/1189 2486/2486/1188
f 2488/2488/1190 2487/2487/1189 2485/2485/1187
f 2488/2488/1190 2489/2489/793 2487/2487/1189
f 2489/2489/793 2488/2488/1190 2490/2490/1191
f 2490/2490/1191 2488/2488/1190 2491/2491/1192
f 2490/2490/1191 2491/2491/1192 2492/2492/537
f 2493/2493/1193 2492/2492/537 2491/2491/1192
f 2493/2493/1193 2491/2491/1192 2494/2494/1194
f 2494/2494/1194 2491/2491/1192 2495/2495/1194
f 2495/2495/1194 2496/2496/1195 2494/2494/1194
f 2497/2497/1196 2496/2496/1195 2495/2495/1194
f 2498/2498/1197 2483/2483/1185 2486/2486/1188
f 2495/2495/1194 2499/2499/1198 2497/2497/1196
f 2500/2500/223 2501/2501/223 2502/2502/636
f 2502/2502/636 2501/2501/223 2503/2503/636
f 2502/2502/636 2503/2503/636 2504/2504/636
f 2504/2504/636 2503/2503/636 2505/2505/636
f 2506/2506/996 2507/2507/405 2508/2508/1108
f 2508/2508/1108 2507/2507/405 2509/2509/1108
f 2508/2508/1108 2509/2509/1108 2510/2510/1199
f 2510/2510/1199 2509/2509/1108 2511/2511/697
f 2510/2510/1199 2511/2511/697 2512/2512/1200
f 2512/2512/1200 2513/2513/1201 2510/2510/1199
f 2512/2512/1200 2514/2514/1202 2513/2513/1201
f 2515/2515/1203 2514/2514/1202 2512/2512/1200
f 2515/2515/1203 2512/2512/1200 2516/2516/1204
f 2512/2512/1200 2517/2517/1205 2516/2516/1204
f 2516/2516/1204 2517/2517/1205 2518/2518/1206
f 2507/2507/405 2506/2506/996 2519/2519/880
f 2519/2519/880 2506/2506/996 2520/2520/1003
f 2519/2519/880 2520/2520/1003 2521/2521/1129
f 2519/2519/880 2521/2521/1129 2522/2522/1207
f 2522/2522/1207 2521/2521/1129 2523/2523/1208
f 2522/2522/1207 2523/2523/1208 2524/2524/1209
f 2523/2523/1208 2525/2525/1210 2524/2524/1209
f 2524/2524/1209 2525/2525/1210 2526/2526/1211
f 2524/2524/1209 2526/2526/1211 2527/2527/1211
f 2527/2527/1211 2526/2526/1211 2528/2528/1212
f 2527/2527/1211 2528/2528/1212 2529/2529/1212
f 2518/2518/1206 2517/2517/1205 2530/2530/1213
f 2530/2530/1213 2531/2531/1096 2518/2518/1206
f 2531/2531/1096 2530/2530/1213 2532/2532/749
f 2531/2531/1096 2532/2532/749 2533/2533/1214
f 2533/2533/1214 2532/2532/749 2534/2534/1215
f 2534/2534/1215 2535/2535/1216 2533/2533/1214
f 2534/2534/1215 2536/2536/1217 2535/2535/1216
f 2537/2537/1218 2536/2536/1217 2534/2534/1215
f 2538/2538/1219 2536/2536/1217 2537/2537/1218
f 2538/2538/1219 2537/2537/1218 2539/2539/1220
f 2539/2539/1220 2537/2537/1218 2540/2540/1221
f 2540/2540/1221 2541/2541/1222 2539/2539/1220
f 2542/2542/854 2543/2543/1223 2544/2544/531
f 2542/2542/854 2544/2544/531 2545/2545/1224
f 2545/2545/1224 2544/2544/531 2546/2546/1224
f 2547/2547/1223 2543/2543/1223 2542/2542/854
f 2548/2548/117 2549/2549/1106 2550/2550/117
f 2551/2551/1106 2549/2549/1106 2548/2548/117
f 2548/2548/117 2550/2550/117 2552/2552/117
f 2548/2548/117 2552/2552/117 2553/2553/117
f 2553/2553/117 2552/2552/117 2554/2554/993
f 2553/2553/117 2554/2554/993 2555/2555/993
f 2556/2556/1225 2557/2557/1226 2558/2558/1227
f 2559/2559/1228 2557/2557/1226 2556/2556/1225
f 2556/2556/1225 2558/2558/1227 2560/2560/1229
f 2556/2556/1225 2560/2560/1229 2561/2561/1230
f 2562/2562/1231 2561/2561/1230 2560/2560/1229
f 2562/2562/1231 2560/2560/1229 2563/2563/1232
f 2559/2559/1228 2564/2564/1233 2557/2557/1226
f 2564/2564/1233 2565/2565/1234 2557/2557/1226
f 2566/2566/1235 2557/2557/1226 2565/2565/1234
f 2566/2566/1235 2567/2567/1236 2557/2557/1226
f 2568/2568/1236 2567/2567/1236 2566/2566/1235
f 2563/2563/1232 2569/2569/1237 2562/2562/1231
f 2569/2569/1237 2570/2570/1238 2562/2562/1231
f 2570/2570/1238 2569/2569/1237 2571/2571/1239
f 2572/2572/1240 2571/2571/1239 2569/2569/1237
f 2569/2569/1237 2573/2573/1241 2572/2572/1240
f 2573/2573/1241 2574/2574/1242 2572/2572/1240
f 2573/2573/1241 2575/2575/1243 2574/2574/1242
f 2576/2576/1244 2575/2575/1243 2573/2573/1241
f 2575/2575/1243 2576/2576/1244 2577/2577/1245
f 2577/2577/1245 2576/2576/1244 2578/2578/1246
f 2577/2577/1245 2578/2578/1246 2579/2579/1247
f 2580/2580/1248 2579/2579/1247 2578/2578/1246
f 2581/2581/1249 2579/2579/1247 2580/2580/1248
f 2582/2582/1250 2583/2583/1251 2584/2584/1250
f 2585/2585/1252 2583/2583/1251 2582/2582/1250
f 2582/2582/1250 2584/2584/1250 2586/2586/1253
f 2582/2582/1250 2586/2586/1253 2587/2587/1253
f 2588/2588/1254 2587/2587/1253 2586/2586/1253
f 2588/2588/1254 2586/2586/1253 2589/2589/1255
f 2585/2585/1252 2590/2590/1256 2583/2583/1251
f 2590/2590/1256 2591/2591/1257 2583/2583/1251
f 2592/2592/1258 2583/2583/1251 2591/2591/1257
f 2592/2592/1258 2593/2593/1259 2583/2583/1251
f 2594/2594/1259 2593/2593/1259 2592/2592/1258
f 2589/2589/1255 2595/2595/1260 2588/2588/1254
f 2595/2595/1260 2596/2596/1261 2588/2588/1254
f 2596/2596/1261 2595/2595/1260 2597/2597/1262
f 2598/2598/1263 2597/2597/1262 2595/2595/1260
f 2595/2595/1260 2599/2599/1264 2598/2598/1263
f 2599/2599/1264 2600/2600/1265 2598/2598/1263
f 2599/2599/1264 2601/2601/1266 2600/2600/1265
f 2602/2602/1267 2601/2601/1266 2599/2599/1264
f 2601/2601/1266 2602/2602/1267 2603/2603/1268
f 2603/2603/1268 2602/2602/1267 2604/2604/1269
f 2603/2603/1268 2604/2604/1269 2605/2605/1270
f 2606/2606/1271 2605/2605/1270 2604/2604/1269
f 2607/2607/1272 2605/2605/1270 2606/2606/1271
f 2608/2608/1273 2609/2609/1274 2610/2610/1273
f 2610/2610/1273 2609/2609/1274 2611/2611/1274
f 2610/2610/1273 2611/2611/1274 2612/2612/1275
f 2609/2609/1274 2613/2613/1274 2611/2611/1274
f 2614/2614/6 2615/2615/9 2616/2616/8
f 2617/2617/105 2615/2615/9 2614/2614/6
f 2614/2614/6 2616/2616/8 2618/2618/104
f 2617/2617/105 2619/2619/1276 2615/2615/9
f 2620/2620/1277 2619/2619/1276 2617/2617/105
f 2621/2621/1278 2619/2619/1276 2620/2620/1277
f 2621/2621/1278 2622/2622/1279 2619/2619/1276
f 2623/2623/1280 2618/2618/104 2616/2616/8
f 2623/2623/1280 2624/2624/1281 2618/2618/104
f 2623/2623/1280 2625/2625/1282 2624/2624/1281
f 2626/2626/1283 2625/2625/1282 2623/2623/1280
f 2626/2626/1283 2627/2627/1284 2625/2625/1282
f 2628/2628/1285 2627/2627/1284 2626/2626/1283
f 2628/2628/1285 2629/2629/1286 2627/2627/1284
f 2630/2630/1287 2629/2629/1286 2628/2628/1285
f 2631/2631/1288 2622/2622/1279 2621/2621/1278
f 2631/2631/1288 2632/2632/1289 2622/2622/1279
f 2633/2633/1290 2632/2632/1289 2631/2631/1288
f 2634/2634/1291 2629/2629/1286 2630/2630/1287
f 2634/2634/1291 2630/2630/1287 2635/2635/1292
f 2634/2634/1291 2635/2635/1292 2636/2636/1293
f 2637/2637/1294 2632/2632/1289 2633/2633/1290
f 2632/2632/1289 2637/2637/1294 2638/2638/1295
f 2638/2638/1295 2637/2637/1294 2639/2639/1296
f 2638/2638/1295 2639/2639/1296 2640/2640/1297
f 2640/2640/1297 2639/2639/1296 2641/2641/1298
f 2635/2635/1292 2642/2642/1299 2636/2636/1293
f 2643/2643/1300 2642/2642/1299 2635/2635/1292
f 2643/2643/1300 2644/2644/1301 2642/2642/1299
f 2645/2645/1302 2644/2644/1301 2643/2643/1300
f 2646/2646/1303 2644/2644/1301 2645/2645/1302
f 2647/2647/1304 2646/2646/1303 2645/2645/1302
f 2647/2647/1304 2648/2648/1305 2646/2646/1303
f 2648/2648/1305 2647/2647/1304 68/68/29
f 68/68/29 2647/2647/1304 2649/2649/1305
f 2640/2640/1297 2641/2641/1298 2650/2650/1306
f 2640/2640/1297 2650/2650/1306 2651/2651/1307
f 2650/2650/1306 2652/2652/1308 2651/2651/1307
f 2651/2651/1307 2652/2652/1308 2653/2653/1309
f 2651/2651/1307 2653/2653/1309 2654/2654/1310
f 2654/2654/1310 2653/2653/1309 2655/2655/1311
f 2655/2655/1311 2653/2653/1309 568/568/244
f 67/67/28 68/68/29 2649/2649/1305
f 2655/2655/1311 568/568/244 567/567/243
f 2656/2656/1312 2657/2657/1313 2658/2658/1312
f 2658/2658/1312 2657/2657/1313 2659/2659/1313
f 2658/2658/1312 2659/2659/1313 2660/2660/1314
f 2657/2657/1313 2661/2661/1313 2659/2659/1313
f 2662/2662/1315 2663/2663/1316 2664/2664/1317
f 2665/2665/1318 2663/2663/1316 2662/2662/1315
f 2663/2663/1316 2665/2665/1318 762/762/397
f 762/762/397 2665/2665/1318 760/760/395
f 762/762/397 778/778/410 2663/2663/1316
f 2662/2662/1315 2664/2664/1317 1039/1039/578
f 1039/1039/578 2664/2664/1317 1038/1038/577
f 758/758/393 760/760/395 2666/2666/1319
f 2667/2667/1320 756/756/391 758/758/393
f 2668/2668/1321 2669/2669/1322 2670/2670/1321
f 2668/2668/1321 2670/2670/1321 2671/2671/1180
f 2671/2671/1180 2670/2670/1321 2672/2672/1180
f 2673/2673/1322 2669/2669/1322 2668/2668/1321
f 2674/2674/1323 2675/2675/1324 2676/2676/1325
f 2677/2677/1326 2675/2675/1324 2674/2674/1323
f 2678/2678/1327 2676/2676/1325 2675/2675/1324
f 2678/2678/1327 2675/2675/1324 2679/2679/1160
f 2680/2680/1328 2676/2676/1325 2678/2678/1327
f 2678/2678/1327 2681/2681/1329 2680/2680/1328
f 2681/2681/1329 2678/2678/1327 2682/2682/1330
f 2682/2682/1330 2678/2678/1327 2683/2683/1331
f 2682/2682/1330 2683/2683/1331 2684/2684/1332
f 2684/2684/1332 2685/2685/1333 2682/2682/1330
f 2685/2685/1333 2686/2686/1334 2682/2682/1330
f 2682/2682/1330 2686/2686/1334 2681/2681/1329
f 2687/2687/1335 2686/2686/1334 2685/2685/1333
f 2674/2674/1323 2676/2676/1325 2688/2688/1336
f 2689/2689/1337 2674/2674/1323 2688/2688/1336
f 2690/2690/1338 2674/2674/1323 2689/2689/1337
f 2690/2690/1338 2691/2691/1339 2674/2674/1323
f 2690/2690/1338 2689/2689/1337 2692/2692/1340
f 2693/2693/1341 2692/2692/1340 2689/2689/1337
f 2693/2693/1341 2694/2694/1342 2692/2692/1340
f 2695/2695/1343 2694/2694/1342 2693/2693/1341
f 2696/2696/1344 2697/2697/1345 2698/2698/1346
f 2696/2696/1344 2699/2699/1347 2697/2697/1345
f 2700/2700/1348 2699/2699/1347 2696/2696/1344
f 2700/2700/1348 2701/2701/1349 2699/2699/1347
f 2702/2702/1350 2701/2701/1349 2700/2700/1348
f 2697/2697/1345 2703/2703/1351 2698/2698/1346
f 2698/2698/1346 2703/2703/1351 2704/2704/1352
f 2704/2704/1352 2703/2703/1351 2705/2705/1353
f 2704/2704/1352 2705/2705/1353 2706/2706/1354
f 2706/2706/1354 2705/2705/1353 2707/2707/1355
f 2708/2708/1356 2706/2706/1354 2707/2707/1355
f 2707/2707/1355 2709/2709/1357 2708/2708/1356
f 2708/2708/1356 2709/2709/1357 2710/2710/1358
f 2710/2710/1358 2711/2711/1359 2708/2708/1356
f 2710/2710/1358 2712/2712/1360 2711/2711/1359
f 2713/2713/1361 2712/2712/1360 2710/2710/1358
f 2713/2713/1361 2714/2714/273 2712/2712/1360
f 2715/2715/1362 2714/2714/273 2713/2713/1361
f 2702/2702/1350 2716/2716/1363 2701/2701/1349
f 2716/2716/1363 2702/2702/1350 2717/2717/1364
f 2717/2717/1364 2702/2702/1350 2718/2718/1186
f 2717/2717/1364 2718/2718/1186 2719/2719/1365
f 2720/2720/1366 2719/2719/1365 2718/2718/1186
f 2718/2718/1186 2721/2721/1367 2720/2720/1366
f 2720/2720/1366 2721/2721/1367 2722/2722/1368
f 2723/2723/1369 2720/2720/1366 2722/2722/1368
f 2724/2724/1370 2722/2722/1368 2721/2721/1367
f 2718/2718/1186 2724/2724/1370 2721/2721/1367
f 2725/2725/1371 2722/2722/1368 2724/2724/1370
f 2726/2726/1372 2722/2722/1368 2725/2725/1371
f 2725/2725/1371 2727/2727/1373 2726/2726/1372
f 2726/2726/1372 2727/2727/1373 2728/2728/1374
f 2728/2728/1374 2727/2727/1373 2729/2729/1374
f 2725/2725/1371 2730/2730/1375 2727/2727/1373
f 2731/2731/1376 2730/2730/1375 2725/2725/1371
f 2728/2728/1374 2729/2729/1374 2732/2732/1377
f 2728/2728/1374 2732/2732/1377 2733/2733/1377
f 2734/2734/1378 2730/2730/1375 2731/2731/1376
f 2734/2734/1378 2735/2735/1379 2730/2730/1375
f 2736/2736/1380 2735/2735/1379 2734/2734/1378
f 2736/2736/1380 2737/2737/1381 2735/2735/1379
f 2738/2738/1382 2737/2737/1381 2736/2736/1380
f 2739/2739/1383 2737/2737/1381 2738/2738/1382
f 2739/2739/1383 2740/2740/1384 2737/2737/1381
f 2741/2741/1385 2740/2740/1384 2739/2739/1383
f 2742/2742/1386 2740/2740/1384 2741/2741/1385
f 2743/2743/1387 2742/2742/1386 2741/2741/1385
f 2743/2743/1387 2744/2744/1388 2742/2742/1386
f 2742/2742/1386 2744/2744/1388 2745/2745/1389
f 2744/2744/1388 2746/2746/1390 2745/2745/1389
f 2745/2745/1389 2746/2746/1390 2747/2747/1391
f 2747/2747/1391 2746/2746/1390 2748/2748/1391
f 2749/2749/1392 2744/2744/1388 2743/2743/1387
f 2750/2750/1073 2749/2749/1392 2743/2743/1387
f 2751/2751/1393 2749/2749/1392 2750/2750/1073
f 2751/2751/1393 2750/2750/1073 2752/2752/1394
f 2749/2749/1392 2751/2751/1393 736/736/9
f 2751/2751/1393 731/731/378 736/736/9
f 2753/2753/1395 731/731/378 2751/2751/1393
f 2753/2753/1395 2751/2751/1393 2754/2754/1396
f 2750/2750/1073 2743/2743/1387 2755/2755/1397
f 2755/2755/1397 2756/2756/1075 2750/2750/1073
f 2756/2756/1075 2757/2757/1398 2750/2750/1073
f 2750/2750/1073 2757/2757/1398 2758/2758/1398
f 2756/2756/1075 2759/2759/1399 2757/2757/1398
f 2760/2760/1400 2759/2759/1399 2756/2756/1075
f 2760/2760/1400 2761/2761/1401 2759/2759/1399
f 2760/2760/1400 2762/2762/1402 2761/2761/1401
f 2762/2762/1402 2760/2760/1400 2763/2763/1403
f 2762/2762/1402 2763/2763/1403 2764/2764/1404
f 2765/2765/1405 2764/2764/1404 2763/2763/1403
f 2766/2766/1406 2765/2765/1405 2763/2763/1403
f 2767/2767/1407 2765/2765/1405 2766/2766/1406
f 2765/2765/1405 2767/2767/1407 2768/2768/1408
f 2768/2768/1408 2767/2767/1407 2769/2769/1409
f 2768/2768/1408 2769/2769/1409 2770/2770/1410
f 2771/2771/1411 2770/2770/1410 2769/2769/1409
f 2771/2771/1411 2772/2772/1412 2770/2770/1410
f 2771/2771/1411 2773/2773/1413 2772/2772/1412
f 2774/2774/1414 2773/2773/1413 2771/2771/1411
f 2773/2773/1413 2774/2774/1414 2775/2775/1415
f 2775/2775/1415 2715/2715/1362 2773/2773/1413
f 2714/2714/273 2715/2715/1362 2775/2775/1415
f 2776/2776/7 2777/2777/11 2778/2778/10
f 2779/2779/102 2777/2777/11 2776/2776/7
f 2776/2776/7 2778/2778/10 2780/2780/19
f 2779/2779/102 2781/2781/1416 2777/2777/11
f 2782/2782/1417 2781/2781/1416 2779/2779/102
f 2783/2783/1418 2781/2781/1416 2782/2782/1417
f 2783/2783/1418 2784/2784/1419 2781/2781/1416
f 2785/2785/1420 2780/2780/19 2778/2778/10
f 2785/2785/1420 2786/2786/1421 2780/2780/19
f 2785/2785/1420 2787/2787/1422 2786/2786/1421
f 2788/2788/1423 2787/2787/1422 2785/2785/1420
f 2788/2788/1423 2789/2789/1424 2787/2787/1422
f 2790/2790/1425 2789/2789/1424 2788/2788/1423
f 2790/2790/1425 2791/2791/1426 2789/2789/1424
f 2792/2792/1427 2791/2791/1426 2790/2790/1425
f 2793/2793/1428 2791/2791/1426 2792/2792/1427
f 2793/2793/1428 2792/2792/1427 2794/2794/1429
f 2793/2793/1428 2794/2794/1429 2795/2795/1430
f 2794/2794/1429 2796/2796/1431 2795/2795/1430
f 2797/2797/1432 2796/2796/1431 2794/2794/1429
f 2797/2797/1432 2798/2798/1433 2796/2796/1431
f 2799/2799/1434 2798/2798/1433 2797/2797/1432
f 2800/2800/1435 2798/2798/1433 2799/2799/1434
f 2801/2801/1436 2800/2800/1435 2799/2799/1434
f 2801/2801/1436 2802/2802/1437 2800/2800/1435
f 2802/2802/1437 2801/2801/1436 2754/2754/1396
f 2754/2754/1396 2801/2801/1436 2803/2803/1437
f 2753/2753/1395 2754/2754/1396 2803/2803/1437
f 2804/2804/1415 2805/2805/1415 2806/2806/1438
f 2806/2806/1438 2805/2805/1415 2807/2807/1439
f 2805/2805/1415 2804/2804/1415 2808/2808/273
f 2808/2808/273 2804/2804/1415 2809/2809/273
f 2808/2808/273 2809/2809/273 2810/2810/1359
f 2810/2810/1359 2809/2809/273 2811/2811/1359
f 2810/2810/1359 2811/2811/1359 2812/2812/1440
f 2812/2812/1440 2811/2811/1359 2813/2813/1440
f 2812/2812/1440 2813/2813/1440 2814/2814/1373
f 2814/2814/1373 2813/2813/1440 2815/2815/1441
f 2816/2816/1442 2814/2814/1373 2815/2815/1441
f 2817/2817/1443 2816/2816/1442 2815/2815/1441
f 2818/2818/1444 2817/2817/1443 2815/2815/1441
f 2807/2807/1439 2819/2819/1440 2806/2806/1438
f 2819/2819/1440 2820/2820/1445 2806/2806/1438
f 2820/2820/1445 2821/2821/1446 2806/2806/1438
f 2821/2821/1446 2822/2822/1447 2806/2806/1438
f 2806/2806/1438 2822/2822/1447 2823/2823/1170
f 2823/2823/1170 2822/2822/1447 2824/2824/1170
f 2823/2823/1170 2824/2824/1170 2825/2825/1170
f 2826/2826/1448 2818/2818/1444 2815/2815/1441
f 2826/2826/1448 2815/2815/1441 2827/2827/1166
f 2827/2827/1166 2815/2815/1441 2828/2828/1166
f 2827/2827/1166 2828/2828/1166 2829/2829/1166
f 2830/2830/1449 2831/2831/1450 2832/2832/1451
f 2831/2831/1450 2830/2830/1449 2833/2833/1452
f 2830/2830/1449 2832/2832/1451 2834/2834/1451
f 2831/2831/1450 2833/2833/1452 2835/2835/1453
f 2835/2835/1453 2833/2833/1452 2836/2836/1454
f 2835/2835/1453 2836/2836/1454 2837/2837/1455
f 2837/2837/1455 2836/2836/1454 2838/2838/1456
f 2838/2838/1456 2836/2836/1454 2839/2839/1456
f 2838/2838/1456 2839/2839/1456 2840/2840/1457
f 2839/2839/1456 2841/2841/1458 2840/2840/1457
f 2840/2840/1457 2841/2841/1458 2842/2842/1459
f 2842/2842/1459 2841/2841/1458 2843/2843/1460
f 2842/2842/1459 2843/2843/1460 2844/2844/1461
f 2843/2843/1460 2845/2845/1462 2844/2844/1461
f 2844/2844/1461 2845/2845/1462 2846/2846/1463
f 2846/2846/1463 2845/2845/1462 2847/2847/1464
f 2847/2847/1464 2848/2848/1465 2846/2846/1463
f 2849/2849/1466 2848/2848/1465 2847/2847/1464
f 2850/2850/1467 2848/2848/1465 2849/2849/1466
f 2850/2850/1467 2849/2849/1466 2851/2851/1468
f 2851/2851/1468 2849/2849/1466 2852/2852/1468
f 2851/2851/1468 2852/2852/1468 2853/2853/1469
f 2854/2854/1470 2855/2855/1471 2856/2856/1470
f 2856/2856/1470 2855/2855/1471 2857/2857/1470
f 2858/2858/1472 2859/2859/1473 2860/2860/1474
f 2858/2858/1472 2860/2860/1474 2861/2861/803
f 2861/2861/803 2860/2860/1474 2862/2862/803
f 2862/2862/803 2863/2863/1475 2861/2861/803
f 2864/2864/1476 2863/2863/1475 2862/2862/803
f 2865/2865/1477 2863/2863/1475 2864/2864/1476
f 2865/2865/1477 2866/2866/1478 2863/2863/1475
f 2865/2865/1477 2867/2867/1479 2866/2866/1478
f 2868/2868/1480 2869/2869/1481 2870/2870/1480
f 2868/2868/1480 2870/2870/1480 2871/2871/1482
f 2871/2871/1482 2870/2870/1480 2872/2872/1482
f 2873/2873/1481 2869/2869/1481 2868/2868/1480
f 2874/2874/1483 2875/2875/1484 2876/2876/1483
f 2874/2874/1483 2876/2876/1483 2877/2877/1485
f 2877/2877/1485 2876/2876/1483 2878/2878/1485
f 2879/2879/1484 2875/2875/1484 2874/2874/1483
f 2880/2880/1486 2881/2881/1487 2882/2882/1486
f 2880/2880/1486 2882/2882/1486 2883/2883/1194
f 2883/2883/1194 2882/2882/1486 2884/2884/1194
f 2885/2885/1487 2881/2881/1487 2880/2880/1486
f 2886/2886/1488 2887/2887/1488 2888/2888/1489
f 2886/2886/1488 2889/2889/1490 2887/2887/1488
f 2888/2888/1489 2887/2887/1488 2890/2890/1489
f 2891/2891/1491 2889/2889/1490 2886/2886/1488
f 2892/2892/1492 2893/2893/1493 2894/2894/1494
f 2894/2894/1494 2893/2893/1493 2895/2895/1495
f 2895/2895/1495 2893/2893/1493 2896/2896/1495
f 2895/2895/1495 2896/2896/1495 2897/2897/1496
f 2896/2896/1495 2898/2898/1497 2897/2897/1496
f 2897/2897/1496 2898/2898/1497 2899/2899/1498
f 2899/2899/1498 2898/2898/1497 2900/2900/1499
f 2899/2899/1498 2900/2900/1499 2901/2901/1500
f 2892/2892/1492 2902/2902/1501 2893/2893/1493
f 2903/2903/1502 2902/2902/1501 2892/2892/1492
f 2903/2903/1502 2904/2904/1503 2902/2902/1501
f 2904/2904/1503 2903/2903/1502 2905/2905/1504
f 2904/2904/1503 2905/2905/1504 2906/2906/1504
f 2900/2900/1499 2907/2907/1505 2901/2901/1500
f 2901/2901/1500 2907/2907/1505 2908/2908/1506
f 2908/2908/1506 2907/2907/1505 2909/2909/1507
f 2909/2909/1507 2910/2910/1508 2908/2908/1506
f 2911/2911/1509 2910/2910/1508 2909/2909/1507
f 2912/2912/1510 2910/2910/1508 2911/2911/1509
f 2912/2912/1510 2911/2911/1509 2913/2913/1511
f 2913/2913/1511 2911/2911/1509 2914/2914/1511
f 2913/2913/1511 2914/2914/1511 2915/2915/1512
f 2906/2906/1504 2905/2905/1504 2916/2916/1513
f 2906/2906/1504 2916/2916/1513 2917/2917/1514
f 2918/2918/1515 2919/2919/1515 2920/2920/1072
f 2918/2918/1515 2921/2921/1516 2919/2919/1515
f 2920/2920/1072 2919/2919/1515 2922/2922/1072
f 2923/2923/1516 2921/2921/1516 2918/2918/1515
f 2924/2924/1517 2925/2925/1518 2926/2926/1517
f 2926/2926/1517 2925/2925/1518 2927/2927/1517
f 2928/2928/1519 2929/2929/1520 2930/2930/1521
f 2931/2931/1520 2929/2929/1520 2928/2928/1519
f 2931/2931/1520 2932/2932/1522 2929/2929/1520
f 2933/2933/1523 2932/2932/1522 2931/2931/1520
f 2934/2934/1524 2935/2935/1525 2936/2936/1526
f 2937/2937/1525 2935/2935/1525 2934/2934/1524
f 2937/2937/1525 2938/2938/1527 2935/2935/1525
f 2939/2939/1528 2938/2938/1527 2937/2937/1525
f 2940/2940/8 2941/2941/8 2942/2942/8
f 2940/2940/8 2942/2942/8 2943/2943/8
f 2944/2944/8 2941/2941/8 2940/2940/8
f 2945/2945/8 2941/2941/8 2944/2944/8
f 2941/2941/8 2946/2946/9 2942/2942/8
f 2945/2945/8 2947/2947/8 2941/2941/8
f 2948/2948/693 2949/2949/693 2950/2950/1529
f 2948/2948/693 2951/2951/693 2949/2949/693
f 2952/2952/1530 2951/2951/693 2948/2948/693
f 2953/2953/1531 2954/2954/1532 2955/2955/1533
f 2956/2956/1534 2954/2954/1532 2953/2953/1531
f 2957/2957/1535 2955/2955/1533 2954/2954/1532
f 2957/2957/1535 2954/2954/1532 2958/2958/1536
f 2959/2959/1537 2955/2955/1533 2957/2957/1535
f 2960/2960/1538 2959/2959/1537 2957/2957/1535
f 2961/2961/1539 2960/2960/1538 2957/2957/1535
f 2961/2961/1539 2962/2962/1540 2960/2960/1538
f 2957/2957/1535 2963/2963/1541 2961/2961/1539
f 2957/2957/1535 2964/2964/1542 2963/2963/1541
f 2953/2953/1531 2955/2955/1533 2965/2965/1543
f 2953/2953/1531 2965/2965/1543 2966/2966/1544
f 2967/2967/1545 2953/2953/1531 2966/2966/1544
f 2968/2968/1546 2953/2953/1531 2967/2967/1545
f 2968/2968/1546 2969/2969/1547 2953/2953/1531
f 2967/2967/1545 2966/2966/1544 2970/2970/1548
f 2967/2967/1545 2971/2971/1549 2968/2968/1546
f 2972/2972/1550 2971/2971/1549 2967/2967/1545
f 2972/2972/1550 2973/2973/1551 2971/2971/1549
f 2974/2974/1552 2973/2973/1551 2972/2972/1550
f 2967/2967/1545 2975/2975/1553 2972/2972/1550
f 2976/2976/1554 2962/2962/1540 2961/2961/1539
f 2961/2961/1539 2977/2977/1555 2976/2976/1554
f 2961/2961/1539 2963/2963/1541 2977/2977/1555
f 2978/2978/1556 2962/2962/1540 2976/2976/1554
f 2979/2979/1557 2980/2980/1557 2981/2981/1557
f 2981/2981/1557 2980/2980/1557 2982/2982/1558
f 2983/2983/1559 2984/2984/568 2985/2985/1559
f 2983/2983/1559 2986/2986/1560 2984/2984/568
f 2987/2987/1560 2986/2986/1560 2983/2983/1559
f 2988/2988/1561 2989/2989/1562 2990/2990/1563
f 2991/2991/1564 2989/2989/1562 2988/2988/1561
f 2992/2992/1565 2990/2990/1563 2989/2989/1562
f 2992/2992/1565 2989/2989/1562 2993/2993/1566
f 2994/2994/1567 2990/2990/1563 2992/2992/1565
f 2995/2995/1568 2994/2994/1567 2992/2992/1565
f 2996/2996/1569 2995/2995/1568 2992/2992/1565
f 2996/2996/1569 2997/2997/1570 2995/2995/1568
f 2992/2992/1565 2998/2998/1571 2996/2996/1569
f 2992/2992/1565 2999/2999/1572 2998/2998/1571
f 2988/2988/1561 2990/2990/1563 3000/3000/1573
f 2988/2988/1561 3000/3000/1573 3001/3001/1574
f 3002/3002/1575 2988/2988/1561 3001/3001/1574
f 3003/3003/1576 2988/2988/1561 3002/3002/1575
f 3003/3003/1576 3004/3004/1577 2988/2988/1561
f 3002/3002/1575 3001/3001/1574 3005/3005/1578
f 3002/3002/1575 3006/3006/1579 3003/3003/1576
f 3007/3007/1580 3006/3006/1579 3002/3002/1575
f 3007/3007/1580 3008/3008/1354 3006/3006/1579
f 3009/3009/1581 3008/3008/1354 3007/3007/1580
f 3002/3002/1575 3010/3010/1582 3007/3007/1580
f 3011/3011/1583 2997/2997/1570 2996/2996/1569
f 2996/2996/1569 3012/3012/1584 3011/3011/1583
f 2996/2996/1569 2998/2998/1571 3012/3012/1584
f 3013/3013/1585 2997/2997/1570 3011/3011/1583
f 3014/3014/1586 3015/3015/1586 3016/3016/1587
f 3014/3014/1586 3017/3017/1588 3015/3015/1586
f 3018/3018/1588 3017/3017/1588 3014/3014/1586
f 3016/3016/1587 3015/3015/1586 3019/3019/1587
f 3020/3020/1589 3021/3021/1589 3022/3022/1590
f 3020/3020/1589 3023/3023/1252 3021/3021/1589
f 3024/3024/1589 3023/3023/1252 3020/3020/1589
f 3024/3024/1589 3025/3025/1252 3023/3023/1252
f 3023/3023/1252 3025/3025/1252 3026/3026/1591
f 3026/3026/1591 3025/3025/1252 3027/3027/1592
f 3028/3028/1593 3026/3026/1591 3027/3027/1592
f 3028/3028/1593 3029/3029/1594 3026/3026/1591
f 3030/3030/1595 3029/3029/1594 3028/3028/1593
f 3031/3031/1596 3029/3029/1594 3030/3030/1595
f 3022/3022/1590 3021/3021/1589 3032/3032/1590
f 3022/3022/1590 3032/3032/1590 3033/3033/1597
f 3033/3033/1597 3032/3032/1590 3034/3034/1598
f 3033/3033/1597 3034/3034/1598 3035/3035/1599
f 3035/3035/1599 3034/3034/1598 3036/3036/1600
f 3036/3036/1600 3034/3034/1598 3037/3037/1600
f 3036/3036/1600 3037/3037/1600 3038/3038/775
f 3038/3038/775 3037/3037/1600 3039/3039/1601
f 3038/3038/775 3039/3039/1601 3040/3040/1602
f 3038/3038/775 3040/3040/1602 3041/3041/1603
f 3041/3041/1603 3040/3040/1602 3042/3042/1604
f 3031/3031/1596 3030/3030/1595 3043/3043/1605
f 3040/3040/1602 3044/3044/1606 3042/3042/1604
f 3045/3045/1607 3044/3044/1606 3040/3040/1602
f 3045/3045/1607 3040/3040/1602 3046/3046/1608
f 3031/3031/1596 3043/3043/1605 3047/3047/1597
f 3048/3048/1609 3047/3047/1597 3049/3049/1610
f 3050/3050/1611 3048/3048/1609 3049/3049/1610
f 3031/3031/1596 3047/3047/1597 3048/3048/1609
f 3051/3051/1612 3052/3052/396 3053/3053/1612
f 3054/3054/1613 3052/3052/396 3051/3051/1612
f 3051/3051/1612 3053/3053/1612 3055/3055/404
f 3056/3056/1614 3057/3057/1615 3058/3058/1615
f 3059/3059/1616 3057/3057/1615 3056/3056/1614
f 3060/3060/1617 3058/3058/1615 3057/3057/1615
f 3060/3060/1617 3057/3057/1615 3061/3061/1618
f 3062/3062/1619 3058/3058/1615 3060/3060/1617
f 3060/3060/1617 3063/3063/1620 3062/3062/1619
f 3064/3064/1621 3063/3063/1620 3060/3060/1617
f 3060/3060/1617 3065/3065/1622 3064/3064/1621
f 3060/3060/1617 3066/3066/1623 3065/3065/1622
f 3056/3056/1614 3058/3058/1615 3067/3067/1624
f 3056/3056/1614 3067/3067/1624 3068/3068/1625
f 3069/3069/1626 3056/3056/1614 3068/3068/1625
f 3070/3070/1627 3056/3056/1614 3069/3069/1626
f 3070/3070/1627 3071/3071/1572 3056/3056/1614
f 3069/3069/1626 3068/3068/1625 3072/3072/1628
f 3069/3069/1626 3073/3073/1629 3070/3070/1627
f 3074/3074/1630 3073/3073/1629 3069/3069/1626
f 3074/3074/1630 3075/3075/1631 3073/3073/1629
f 3076/3076/1632 3075/3075/1631 3074/3074/1630
f 3069/3069/1626 3077/3077/1633 3074/3074/1630
f 3064/3064/1621 3065/3065/1622 3078/3078/1634
f 3064/3064/1621 3078/3078/1634 3079/3079/1634
f 3080/3080/1635 3081/3081/1636 3082/3082/1637
f 3083/3083/1636 3081/3081/1636 3080/3080/1635
f 3080/3080/1635 3082/3082/1637 3084/3084/1557
f 3085/3085/1638 3086/3086/1639 3087/3087/1638
f 3085/3085/1638 3087/3087/1638 3088/3088/760
f 3088/3088/760 3087/3087/1638 3089/3089/760
f 3089/3089/760 3090/3090/1640 3088/3088/760
f 3091/3091/1641 3090/3090/1640 3089/3089/760
f 3092/3092/1642 3090/3090/1640 3091/3091/1641
f 3092/3092/1642 3093/3093/1643 3090/3090/1640
f 3092/3092/1642 3094/3094/1644 3093/3093/1643
f 3095/3095/1645 3096/3096/1646 3097/3097/1646
f 3098/3098/1647 3096/3096/1646 3095/3095/1645
f 3099/3099/1648 3097/3097/1646 3096/3096/1646
f 3099/3099/1648 3096/3096/1646 3100/3100/1649
f 3101/3101/1650 3097/3097/1646 3099/3099/1648
f 3099/3099/1648 3102/3102/1651 3101/3101/1650
f 3103/3103/1652 3102/3102/1651 3099/3099/1648
f 3099/3099/1648 3104/3104/1653 3103/3103/1652
f 3099/3099/1648 3105/3105/1339 3104/3104/1653
f 3095/3095/1645 3097/3097/1646 3106/3106/1654
f 3107/3107/1655 3095/3095/1645 3106/3106/1654
f 3108/3108/1656 3095/3095/1645 3107/3107/1655
f 3108/3108/1656 3109/3109/1657 3095/3095/1645
f 3108/3108/1656 3107/3107/1655 3110/3110/1658
f 3111/3111/1659 3110/3110/1658 3107/3107/1655
f 3111/3111/1659 3112/3112/1660 3110/3110/1658
f 3113/3113/1661 3112/3112/1660 3111/3111/1659
f 3103/3103/1652 3104/3104/1653 3114/3114/1662
f 3103/3103/1652 3114/3114/1662 3115/3115/1662
f 3116/3116/1663 3117/3117/1663 3118/3118/1663
f 3119/3119/1663 3117/3117/1663 3116/3116/1663
f 3116/3116/1663 3118/3118/1663 3120/3120/1663
f 3121/3121/1664 3122/3122/1665 3123/3123/1666
f 3123/3123/1666 3122/3122/1665 3124/3124/1667
f 3124/3124/1667 3122/3122/1665 3125/3125/1668
f 3124/3124/1667 3125/3125/1668 3126/3126/1669
f 3125/3125/1668 3127/3127/1670 3126/3126/1669
f 3126/3126/1669 3127/3127/1670 3128/3128/1671
f 3128/3128/1671 3127/3127/1670 3129/3129/1672
f 3128/3128/1671 3129/3129/1672 3130/3130/1673
f 3121/3121/1664 3131/3131/1674 3122/3122/1665
f 3132/3132/1675 3131/3131/1674 3121/3121/1664
f 3133/3133/1676 3131/3131/1674 3132/3132/1675
f 3133/3133/1676 3132/3132/1675 3134/3134/1677
f 3133/3133/1676 3134/3134/1677 3135/3135/1678
f 3129/3129/1672 3136/3136/1673 3130/3130/1673
f 3130/3130/1673 3136/3136/1673 3137/3137/1679
f 3137/3137/1679 3136/3136/1673 3138/3138/1680
f 3138/3138/1680 3139/3139/1681 3137/3137/1679
f 3140/3140/1682 3137/3137/1679 3139/3139/1681
f 3141/3141/1683 3140/3140/1682 3139/3139/1681
f 3141/3141/1683 3142/3142/1683 3140/3140/1682
f 3141/3141/1683 3143/3143/1684 3142/3142/1683
f 3135/3135/1678 3134/3134/1677 3144/3144/1685
f 3135/3135/1678 3144/3144/1685 3145/3145/1686
f 3146/3146/1687 3147/3147/1688 3148/3148/1689
f 3147/3147/1688 3149/3149/1690 3148/3148/1689
f 3150/3150/1691 3149/3149/1690 3147/3147/1688
f 3151/3151/1692 3149/3149/1690 3150/3150/1691
f 3150/3150/1691 3152/3152/1693 3151/3151/1692
f 3152/3152/1693 3153/3153/1478 3151/3151/1692
f 3154/3154/1694 3153/3153/1478 3152/3152/1693
f 3155/3155/1695 3153/3153/1478 3154/3154/1694
f 3155/3155/1695 3154/3154/1694 3156/3156/1696
f 3155/3155/1695 3156/3156/1696 3157/3157/1697
f 3156/3156/1696 3158/3158/1698 3157/3157/1697
f 3158/3158/1698 3156/3156/1696 3159/3159/1699
f 3158/3158/1698 3159/3159/1699 3160/3160/1700
f 3159/3159/1699 3161/3161/1701 3160/3160/1700
f 3160/3160/1700 3161/3161/1701 3162/3162/1701
f 3161/3161/1701 3163/3163/1702 3162/3162/1701
f 3164/3164/1702 3163/3163/1702 3161/3161/1701
f 3165/3165/1703 3163/3163/1702 3164/3164/1702
f 3164/3164/1702 3166/3166/1704 3165/3165/1703
f 3166/3166/1704 3167/3167/1705 3165/3165/1703
f 3166/3166/1704 3168/3168/1706 3167/3167/1705
f 3166/3166/1704 3169/3169/1241 3168/3168/1706
f 3166/3166/1704 3170/3170/1707 3169/3169/1241
f 3169/3169/1241 3170/3170/1707 3171/3171/1707
f 3172/3172/949 3173/3173/1708 3174/3174/949
f 3175/3175/1708 3173/3173/1708 3172/3172/949
f 3172/3172/949 3174/3174/949 3176/3176/949
f 3177/3177/1709 3178/3178/1710 3179/3179/1710
f 3180/3180/1711 3178/3178/1710 3177/3177/1709
f 3181/3181/1712 3179/3179/1710 3178/3178/1710
f 3181/3181/1712 3178/3178/1710 3182/3182/1713
f 3183/3183/1714 3179/3179/1710 3181/3181/1712
f 3181/3181/1712 3184/3184/1715 3183/3183/1714
f 3185/3185/1716 3184/3184/1715 3181/3181/1712
f 3181/3181/1712 3186/3186/1717 3185/3185/1716
f 3181/3181/1712 3187/3187/1718 3186/3186/1717
f 3177/3177/1709 3179/3179/1710 3188/3188/1719
f 3189/3189/1720 3177/3177/1709 3188/3188/1719
f 3190/3190/1721 3177/3177/1709 3189/3189/1720
f 3190/3190/1721 3191/3191/1722 3177/3177/1709
f 3190/3190/1721 3189/3189/1720 3192/3192/1723
f 3193/3193/1724 3192/3192/1723 3189/3189/1720
f 3193/3193/1724 3194/3194/360 3192/3192/1723
f 3195/3195/1725 3194/3194/360 3193/3193/1724
f 3185/3185/1716 3186/3186/1717 3196/3196/1726
f 3185/3185/1716 3196/3196/1726 3197/3197/1726
f 3198/3198/1727 3199/3199/1727 3200/3200/1728
f 3198/3198/1727 3201/3201/1729 3199/3199/1727
f 3202/3202/1729 3201/3201/1729 3198/3198/1727
f 3200/3200/1728 3199/3199/1727 3203/3203/1728
f 3204/3204/11 3205/3205/10 3206/3206/11
f 3205/3205/10 3207/3207/10 3206/3206/11
f 3208/3208/10 3207/3207/10 3205/3205/10
f 3204/3204/11 3209/3209/10 3205/3205/10
f 3210/3210/273 3211/3211/1730 3212/3212/1731
f 3213/3213/1732 3211/3211/1730 3210/3210/273
f 3210/3210/273 3212/3212/1731 3214/3214/1733
f 3215/3215/1734 3216/3216/1735 3217/3217/1736
f 3218/3218/81 3216/3216/1735 3215/3215/1734
f 3215/3215/1734 3217/3217/1736 3219/3219/1737
f 3220/3220/1738 3221/3221/1738 3222/3222/477
f 3222/3222/477 3221/3221/1738 3223/3223/1739
f 3222/3222/477 3223/3223/1739 3224/3224/477
f 3225/3225/1740 3226/3226/1741 3227/3227/1742
f 3228/3228/1743 3226/3226/1741 3225/3225/1740
f 3229/3229/1744 3225/3225/1740 3227/3227/1742
f 3227/3227/1742 3230/3230/1745 3229/3229/1744
f 3227/3227/1742 3231/3231/1746 3230/3230/1745
f 3227/3227/1742 3226/3226/1741 3232/3232/1747
f 3232/3232/1747 3231/3231/1746 3227/3227/1742
f 3231/3231/1746 3232/3232/1747 3233/3233/1748
f 3233/3233/1748 3234/3234/1749 3231/3231/1746
f 3231/3231/1746 3234/3234/1749 3235/3235/1750
f 3236/3236/1751 3235/3235/1750 3234/3234/1749
f 3231/3231/1746 3235/3235/1750 3237/3237/1752
f 3238/3238/1753 3235/3235/1750 3236/3236/1751
f 3236/3236/1751 3234/3234/1749 3239/3239/1754
f 3240/3240/1755 3236/3236/1751 3239/3239/1754
f 3241/3241/1756 3236/3236/1751 3240/3240/1755
f 3241/3241/1756 3242/3242/1718 3236/3236/1751
f 3241/3241/1756 3240/3240/1755 3243/3243/1757
f 3244/3244/1758 3243/3243/1757 3240/3240/1755
f 3244/3244/1758 3245/3245/1759 3243/3243/1757
f 3246/3246/1760 3245/3245/1759 3244/3244/1758
f 3247/3247/1761 3248/3248/1762 3249/3249/1763
f 3250/3250/1372 3248/3248/1762 3247/3247/1761
f 3247/3247/1761 3249/3249/1763 3251/3251/1764
f 3252/3252/470 3253/3253/470 3254/3254/470
f 3254/3254/470 3253/3253/470 3255/3255/1765
f 3254/3254/470 3255/3255/1765 3256/3256/470
f 3257/3257/1766 3258/3258/216 3259/3259/1766
f 3260/3260/1766 3258/3258/216 3257/3257/1766
f 3257/3257/1766 3259/3259/1766 3261/3261/216
f 3262/3262/1767 3263/3263/1767 3264/3264/1768
f 3262/3262/1767 3265/3265/1769 3263/3263/1767
f 3264/3264/1768 3263/3263/1767 3266/3266/1768
f 3267/3267/1770 3265/3265/1769 3262/3262/1767
f 3268/3268/1771 3269/3269/1771 3270/3270/1772
f 3268/3268/1771 3271/3271/1773 3269/3269/1771
f 3270/3270/1772 3269/3269/1771 3272/3272/1772
f 3273/3273/1774 3271/3271/1773 3268/3268/1771
f 3274/3274/1775 3275/3275/734 3276/3276/1776
f 3274/3274/1775 3276/3276/1776 3277/3277/1777
f 3278/3278/734 3275/3275/734 3274/3274/1775
f 3278/3278/734 3279/3279/1778 3275/3275/734
f 3280/3280/1778 3279/3279/1778 3278/3278/734
f 3281/3281/1779 3279/3279/1778 3280/3280/1778
f 3281/3281/1779 3282/3282/1780 3279/3279/1778
f 3283/3283/1781 3282/3282/1780 3281/3281/1779
f 3283/3283/1781 3284/3284/1781 3282/3282/1780
f 3283/3283/1781 3285/3285/1782 3284/3284/1781
f 3286/3286/1782 3285/3285/1782 3283/3283/1781
f 3286/3286/1782 3287/3287/1783 3285/3285/1782
f 3288/3288/1784 3287/3287/1783 3286/3286/1782
f 3287/3287/1783 3288/3288/1784 3289/3289/1785
f 3289/3289/1785 3288/3288/1784 3290/3290/1785
f 3289/3289/1785 3290/3290/1785 3291/3291/1771
f 3291/3291/1771 3290/3290/1785 3292/3292/1771
f 3293/3293/1786 3291/3291/1771 3292/3292/1771
f 3292/3292/1771 3294/3294/1787 3293/3293/1786
f 3293/3293/1786 3294/3294/1787 3295/3295/1788
f 3295/3295/1788 3294/3294/1787 3296/3296/1789
f 3296/3296/1789 3297/3297/1790 3295/3295/1788
f 3295/3295/1788 3297/3297/1790 3298/3298/1790
f 3299/3299/1791 3300/3300/1792 3301/3301/1791
f 3299/3299/1791 3301/3301/1791 3302/3302/1793
f 3302/3302/1793 3301/3301/1791 3303/3303/1793
f 3303/3303/1793 3304/3304/1794 3302/3302/1793
f 3305/3305/1794 3304/3304/1794 3303/3303/1793
f 3306/3306/1795 3304/3304/1794 3305/3305/1794
f 3306/3306/1795 3307/3307/1796 3304/3304/1794
f 3306/3306/1795 3308/3308/1797 3307/3307/1796
f 3309/3309/1798 3310/3310/1799 3311/3311/1798
f 3309/3309/1798 3311/3311/1798 3312/3312/1800
f 3312/3312/1800 3311/3311/1798 3313/3313/1800
f 3313/3313/1800 3314/3314/1801 3312/3312/1800
f 3315/3315/1801 3314/3314/1801 3313/3313/1800
f 3316/3316/1802 3314/3314/1801 3315/3315/1801
f 3316/3316/1802 3317/3317/1802 3314/3314/1801
f 3316/3316/1802 3318/3318/1803 3317/3317/1802
f 3319/3319/136 3320/3320/136 3321/3321/136
f 3322/3322/136 3320/3320/136 3319/3319/136
f 3319/3319/136 3321/3321/136 3323/3323/136
f 3323/3323/136 3321/3321/136 3324/3324/136
f 3325/3325/129 3326/3326/129 3327/3327/129
f 3328/3328/129 3326/3326/129 3325/3325/129
f 3325/3325/129 3327/3327/129 3329/3329/129
f 3329/3329/129 3327/3327/129 3330/3330/129
f 3331/3331/536 3332/3332/536 3333/3333/536
f 3334/3334/536 3332/3332/536 3331/3331/536
f 3335/3335/1804 3336/3336/1805 3337/3337/1806
f 3335/3335/1804 3337/3337/1806 3338/3338/1807
f 3338/3338/1807 3339/3339/1808 3335/3335/1804
f 3335/3335/1804 3339/3339/1808 3340/3340/1809
f 3340/3340/1809 3341/3341/1810 3335/3335/1804
f 3335/3335/1804 3341/3341/1810 3342/3342/1810
f 3335/3335/1804 3342/3342/1810 3343/3343/1811
f 3344/3344/1812 3342/3342/1810 3341/3341/1810
f 3345/3345/1813 3342/3342/1810 3344/3344/1812
f 3344/3344/1812 3341/3341/1810 3346/3346/1814
f 3344/3344/1812 3346/3346/1814 3347/3347/1815
f 3348/3348/1816 3344/3344/1812 3347/3347/1815
f 3349/3349/1817 3344/3344/1812 3348/3348/1816
f 3349/3349/1817 3350/3350/1542 3344/3344/1812
f 3348/3348/1816 3347/3347/1815 3351/3351/1818
f 3348/3348/1816 3352/3352/1819 3349/3349/1817
f 3353/3353/1820 3352/3352/1819 3348/3348/1816
f 3353/3353/1820 3354/3354/1821 3352/3352/1819
f 3355/3355/1822 3354/3354/1821 3353/3353/1820
f 3348/3348/1816 3356/3356/1823 3353/3353/1820
f 3357/3357/680 3358/3358/680 3359/3359/680
f 3360/3360/680 3358/3358/680 3357/3357/680
f 3361/3361/1824 3362/3362/1825 3363/3363/1826
f 3361/3361/1824 3363/3363/1826 3364/3364/1827
f 3365/3365/1828 3362/3362/1825 3361/3361/1824
f 3366/3366/1829 3362/3362/1825 3365/3365/1828
f 3365/3365/1828 3367/3367/1830 3366/3366/1829
f 3368/3368/1831 3367/3367/1830 3365/3365/1828
f 3364/3364/1827 3363/3363/1826 3369/3369/1832
f 3364/3364/1827 3369/3369/1832 632/632/298
f 3370/3370/1833 3367/3367/1830 3368/3368/1831
f 3371/3371/1834 3367/3367/1830 3370/3370/1833
f 3370/3370/1833 3372/3372/1835 3371/3371/1834
f 3373/3373/1836 3372/3372/1835 3370/3370/1833
f 3373/3373/1836 3374/3374/1837 3372/3372/1835
f 3375/3375/1838 3374/3374/1837 3373/3373/1836
f 3376/3376/1839 3374/3374/1837 3375/3375/1838
f 3377/3377/1840 3376/3376/1839 3375/3375/1838
f 3378/3378/1841 3376/3376/1839 3377/3377/1840
f 3378/3378/1841 3379/3379/1842 3376/3376/1839
f 3380/3380/1843 3379/3379/1842 3378/3378/1841
f 3381/3381/1844 3380/3380/1843 3378/3378/1841
f 3382/3382/1845 3380/3380/1843 3381/3381/1844
f 632/632/298 3369/3369/1832 634/634/300
f 3383/3383/1846 3382/3382/1845 3381/3381/1844
f 3384/3384/1847 3382/3382/1845 3383/3383/1846
f 3385/3385/1848 3382/3382/1845 3384/3384/1847
f 3386/3386/1849 3387/3387/1850 3388/3388/1851
f 3388/3388/1851 3387/3387/1850 3389/3389/1852
f 3390/3390/1853 3391/3391/1854 3392/3392/1854
f 3393/3393/1854 3391/3391/1854 3390/3390/1853
f 3394/3394/1855 3395/3395/1856 3396/3396/1857
f 3394/3394/1855 3396/3396/1857 3397/3397/1858
f 3394/3394/1855 3398/3398/1859 3395/3395/1856
f 3395/3395/1856 3398/3398/1859 3399/3399/1860
f 3399/3399/1860 3398/3398/1859 3400/3400/1861
f 3399/3399/1860 3400/3400/1861 3401/3401/1862
f 3401/3401/1862 3400/3400/1861 3402/3402/1863
f 3402/3402/1863 3400/3400/1861 3403/3403/1863
f 3402/3402/1863 3403/3403/1863 3404/3404/1864
f 3403/3403/1863 3405/3405/1865 3404/3404/1864
f 3406/3406/1866 3404/3404/1864 3405/3405/1865
f 3406/3406/1866 3407/3407/1867 3404/3404/1864
f 3408/3408/1868 3407/3407/1867 3406/3406/1866
f 3406/3406/1866 3409/3409/1869 3408/3408/1868
f 3408/3408/1868 3409/3409/1869 3410/3410/1870
f 3410/3410/1870 3409/3409/1869 3411/3411/1871
f 3411/3411/1871 3412/3412/1872 3410/3410/1870
f 3413/3413/1873 3412/3412/1872 3411/3411/1871
f 3414/3414/1874 3412/3412/1872 3413/3413/1873
f 3414/3414/1874 3413/3413/1873 3415/3415/1875
f 3415/3415/1875 3413/3413/1873 3416/3416/1875
f 3415/3415/1875 3416/3416/1875 3417/3417/1876
f 3418/3418/1877 3419/3419/1878 3420/3420/1879
f 3420/3420/1879 3419/3419/1878 3421/3421/1880
f 3421/3421/1880 3419/3419/1878 3422/3422/1880
f 3421/3421/1880 3422/3422/1880 3423/3423/1881
f 3422/3422/1880 3424/3424/1881 3423/3423/1881
f 3425/3425/1882 3423/3423/1881 3424/3424/1881
f 3425/3425/1882 3426/3426/1883 3423/3423/1881
f 3427/3427/1884 3426/3426/1883 3425/3425/1882
f 3425/3425/1882 3428/3428/1885 3427/3427/1884
f 3427/3427/1884 3428/3428/1885 3429/3429/1886
f 3429/3429/1886 3428/3428/1885 3430/3430/1887
f 3430/3430/1887 3431/3431/1888 3429/3429/1886
f 3432/3432/1889 3431/3431/1888 3430/3430/1887
f 3433/3433/1890 3431/3431/1888 3432/3432/1889
f 3433/3433/1890 3432/3432/1889 3434/3434/1891
f 3434/3434/1891 3432/3432/1889 3435/3435/1891
f 3434/3434/1891 3435/3435/1891 3436/3436/1892
f 3437/3437/1893 3438/3438/1894 3439/3439/1895
f 3437/3437/1893 3439/3439/1895 3440/3440/1896
f 3437/3437/1893 3441/3441/1897 3438/3438/1894
f 3438/3438/1894 3441/3441/1897 3418/3418/1877
f 3418/3418/1877 3441/3441/1897 3419/3419/1878
f 3440/3440/1896 3439/3439/1895 3442/3442/1898
f 3440/3440/1896 3442/3442/1898 3443/3443/1899
f 3444/3444/150 3445/3445/150 3446/3446/147
f 3446/3446/147 3445/3445/150 3447/3447/147
f 3446/3446/147 3447/3447/147 3448/3448/147
f 3449/3449/1900 3450/3450/1901 3451/3451/1902
f 3451/3451/1902 3450/3450/1901 3452/3452/1903
f 3449/3449/1900 3453/3453/1904 3450/3450/1901
f 3454/3454/1905 3453/3453/1904 3449/3449/1900
f 3455/3455/55 3456/3456/55 3457/3457/55
f 3458/3458/55 3456/3456/55 3455/3455/55
f 3459/3459/1906 3460/3460/1907 3461/3461/1907
f 3462/3462/1906 3460/3460/1907 3459/3459/1906
f 1800/1800/511 3463/3463/511 3464/3464/509
f 3465/3465/511 3463/3463/511 1800/1800/511
f 3464/3464/509 1797/1797/511 1800/1800/511
f 3465/3465/511 3466/3466/509 3463/3463/511
f 3467/3467/511 3466/3466/509 3465/3465/511
f 1814/1814/509 3467/3467/511 3465/3465/511
f 1814/1814/509 1812/1812/511 3467/3467/511
f 3468/3468/1908 3469/3469/1909 3470/3470/1910
f 3470/3470/1910 3469/3469/1909 3471/3471/1911
f 3468/3468/1908 3472/3472/1912 3469/3469/1909
f 3473/3473/1913 3472/3472/1912 3468/3468/1908
f 3474/3474/1914 3475/3475/1915 3476/3476/1915
f 3476/3476/1915 3475/3475/1915 3477/3477/1915
f 3478/3478/1916 3479/3479/1917 3480/3480/1916
f 3481/3481/1916 3479/3479/1917 3478/3478/1916
f 3482/3482/1918 3483/3483/1919 3484/3484/1920
f 3484/3484/1920 3483/3483/1919 3485/3485/1921
f 3486/3486/1922 3487/3487/1923 3488/3488/1923
f 3489/3489/1923 3487/3487/1923 3486/3486/1922
f 3490/3490/1924 3491/3491/1925 3492/3492/1926
f 3492/3492/1926 3491/3491/1925 3493/3493/1927
f 3494/3494/111 3495/3495/111 3496/3496/110
f 3496/3496/110 3495/3495/111 3497/3497/110
f 3496/3496/110 3497/3497/110 3498/3498/110
f 3499/3499/120 3500/3500/117 3501/3501/117
f 3501/3501/117 3500/3500/117 3502/3502/117
f 3503/3503/1702 3504/3504/1928 3505/3505/1702
f 3506/3506/1703 3504/3504/1928 3503/3503/1702
f 3503/3503/1702 3505/3505/1702 3507/3507/1929
f 3507/3507/1929 3505/3505/1702 3508/3508/1930
f 3507/3507/1929 3508/3508/1930 3509/3509/812
f 3507/3507/1929 3509/3509/812 3510/3510/1931
f 3511/3511/1932 3504/3504/1928 3506/3506/1703
f 3511/3511/1932 3512/3512/1932 3504/3504/1928
f 3513/3513/1933 3512/3512/1932 3511/3511/1932
f 3514/3514/1934 3512/3512/1932 3513/3513/1933
f 3514/3514/1934 3515/3515/1934 3512/3512/1932
f 3510/3510/1931 3509/3509/812 3516/3516/1928
f 3514/3514/1934 3517/3517/1228 3515/3515/1934
f 3518/3518/1934 3517/3517/1228 3514/3514/1934
f 3518/3518/1934 3519/3519/1228 3517/3517/1228
f 3517/3517/1228 3519/3519/1228 3520/3520/1935
f 3520/3520/1935 3519/3519/1228 3521/3521/1936
f 3522/3522/1937 3520/3520/1935 3521/3521/1936
f 3522/3522/1937 3523/3523/1938 3520/3520/1935
f 3524/3524/1939 3523/3523/1938 3522/3522/1937
f 3525/3525/1940 3523/3523/1938 3524/3524/1939
f 3525/3525/1940 3524/3524/1939 3526/3526/1941
f 3525/3525/1940 3526/3526/1941 3527/3527/1932
f 3525/3525/1940 3527/3527/1932 3528/3528/1942
f 3528/3528/1942 3527/3527/1932 3529/3529/1702
f 3530/3530/1943 3528/3528/1942 3529/3529/1702
f 3509/3509/812 3531/3531/1944 3516/3516/1928
f 3531/3531/1944 3532/3532/1941 3516/3516/1928
f 3533/3533/1945 3532/3532/1941 3531/3531/1944
f 3533/3533/1945 3531/3531/1944 3534/3534/1946
f 3535/3535/1947 3536/3536/1948 3537/3537/1949
f 3538/3538/1950 3536/3536/1948 3535/3535/1947
f 3539/3539/142 3540/3540/139 3541/3541/139
f 3541/3541/139 3540/3540/139 3542/3542/139
f 3543/3543/1951 3544/3544/1952 3545/3545/1953
f 3543/3543/1951 3546/3546/720 3544/3544/1952
f 3547/3547/720 3546/3546/720 3543/3543/1951
f 3547/3547/720 3548/3548/1954 3546/3546/720
f 3549/3549/1954 3548/3548/1954 3547/3547/720
f 3550/3550/1955 3548/3548/1954 3549/3549/1954
f 3550/3550/1955 3551/3551/1955 3548/3548/1954
f 3550/3550/1955 3552/3552/1956 3551/3551/1955
f 3553/3553/1956 3552/3552/1956 3550/3550/1955
f 3553/3553/1956 3554/3554/1957 3552/3552/1956
f 3555/3555/1957 3554/3554/1957 3553/3553/1956
f 3555/3555/1957 3556/3556/1958 3554/3554/1957
f 3555/3555/1957 3557/3557/1959 3556/3556/1958
f 3556/3556/1958 3557/3557/1959 3558/3558/1960
f 3558/3558/1960 3557/3557/1959 3559/3559/1960
f 3558/3558/1960 3559/3559/1960 3560/3560/1767
f 3560/3560/1767 3559/3559/1960 3561/3561/1767
f 3562/3562/1961 3560/3560/1767 3561/3561/1767
f 3561/3561/1767 3563/3563/1962 3562/3562/1961
f 3562/3562/1961 3563/3563/1962 3564/3564/1963
f 3564/3564/1963 3563/3563/1962 3565/3565/1964
f 3565/3565/1964 3566/3566/1965 3564/3564/1963
f 3564/3564/1963 3566/3566/1965 3567/3567/1965
f 3568/3568/1966 3569/3569/1967 3570/3570/1968
f 3571/3571/1969 3569/3569/1967 3568/3568/1966
f 3572/3572/1970 3573/3573/1971 3574/3574/1972
f 3572/3572/1970 3574/3574/1972 3575/3575/1972
f 3575/3575/1972 3574/3574/1972 1366/1366/800
f 1366/1366/800 3574/3574/1972 3576/3576/1973
f 3573/3573/1971 3572/3572/1970 3577/3577/1974
f 3573/3573/1971 3577/3577/1974 3578/3578/1975
f 3578/3578/1975 3577/3577/1974 3579/3579/1976
f 3578/3578/1975 3579/3579/1976 3580/3580/1977
f 3578/3578/1975 3580/3580/1977 3581/3581/1978
f 3581/3581/1978 3580/3580/1977 3582/3582/1979
f 3583/3583/1176 3581/3581/1978 3582/3582/1979
f 3583/3583/1176 3584/3584/1176 3581/3581/1978
f 3581/3581/1978 3584/3584/1176 3585/3585/1176
f 1366/1366/800 3576/3576/1973 1365/1365/799
f 3586/3586/1241 3587/3587/1980 3588/3588/1241
f 3589/3589/1241 3587/3587/1980 3586/3586/1241
f 3590/3590/1264 3591/3591/1981 3592/3592/1264
f 3593/3593/1264 3591/3591/1981 3590/3590/1264
f 3594/3594/1252 3595/3595/1252 3596/3596/1252
f 3597/3597/1252 3595/3595/1252 3594/3594/1252
f 3598/3598/1982 3599/3599/1983 3600/3600/1982
f 3601/3601/1983 3599/3599/1983 3598/3598/1982
f 3598/3598/1982 3600/3600/1982 3602/3602/1984
f 3602/3602/1984 3600/3600/1982 3603/3603/1985
f 3604/3604/1986 3605/3605/1987 3606/3606/1986
f 3607/3607/1987 3605/3605/1987 3604/3604/1986
f 3604/3604/1986 3606/3606/1986 3608/3608/1988
f 3608/3608/1988 3606/3606/1986 3609/3609/1988
f 3610/3610/1228 3611/3611/1228 3612/3612/1228
f 3613/3613/1228 3611/3611/1228 3610/3610/1228
f 3614/3614/1267 3615/3615/1267 3616/3616/1989
f 3616/3616/1989 3615/3615/1267 3617/3617/1267
f 3618/3618/117 3619/3619/117 3620/3620/117
f 3620/3620/117 3619/3619/117 3621/3621/120
f 3622/3622/1244 3623/3623/1244 3624/3624/1990
f 3624/3624/1990 3623/3623/1244 3625/3625/1244
f 3626/3626/1991 3627/3627/1992 3628/3628/1993
f 3628/3628/1993 3627/3627/1992 3629/3629/1994
f 3628/3628/1993 3629/3629/1994 3630/3630/1995
f 3630/3630/1995 3629/3629/1994 3631/3631/1996
f 3627/3627/1992 3626/3626/1991 3632/3632/1997
f 3632/3632/1997 3626/3626/1991 3633/3633/1998
f 3633/3633/1998 3626/3626/1991 3634/3634/1999
f 3633/3633/1998 3634/3634/1999 2783/2783/1418
f 3630/3630/1995 3631/3631/1996 3635/3635/2000
f 3630/3630/1995 3635/3635/2000 3636/3636/2001
f 3635/3635/2000 3637/3637/2002 3636/3636/2001
f 3636/3636/2001 3637/3637/2002 3638/3638/2003
f 3636/3636/2001 3638/3638/2003 3639/3639/2004
f 3639/3639/2004 3638/3638/2003 3640/3640/2005
f 3640/3640/2005 3638/3638/2003 678/678/332
f 3640/3640/2005 678/678/332 677/677/331
f 2783/2783/1418 3634/3634/1999 2784/2784/1419
f 3641/3641/139 3642/3642/139 3643/3643/139
f 3643/3643/139 3642/3642/139 3644/3644/142
f 3645/3645/2006 3646/3646/2006 3647/3647/2007
f 3648/3648/1599 3646/3646/2006 3645/3645/2006
f 3647/3647/2007 3646/3646/2006 3649/3649/2007
f 3650/3650/2008 3647/3647/2007 3649/3649/2007
f 3651/3651/2009 3647/3647/2007 3650/3650/2008
f 3645/3645/2006 3652/3652/2010 3648/3648/1599
f 3652/3652/2010 3653/3653/2011 3648/3648/1599
f 3654/3654/2012 3651/3651/2009 3650/3650/2008
f 3652/3652/2010 3655/3655/2013 3653/3653/2011
f 3652/3652/2010 3656/3656/1264 3655/3655/2013
f 3652/3652/2010 3657/3657/2014 3656/3656/1264
f 3656/3656/1264 3657/3657/2014 3658/3658/2014
f 3654/3654/2012 3659/3659/2015 3651/3651/2009
f 3659/3659/2015 3654/3654/2012 3660/3660/2016
f 3661/3661/2017 3659/3659/2015 3660/3660/2016
f 3661/3661/2017 3662/3662/2018 3659/3659/2015
f 3661/3661/2017 3663/3663/1643 3662/3662/2018
f 3662/3662/2018 3663/3663/1643 3664/3664/2019
f 3664/3664/2019 3663/3663/1643 3665/3665/2020
f 3666/3666/2021 3664/3664/2019 3665/3665/2020
f 3665/3665/2020 3667/3667/2021 3666/3666/2021
f 3666/3666/2021 3667/3667/2021 3668/3668/2022
f 3668/3668/2022 3667/3667/2021 3669/3669/2023
f 3670/3670/2024 3668/3668/2022 3669/3669/2023
f 3671/3671/2025 3672/3672/2026 3673/3673/2027
f 3673/3673/2027 3672/3672/2026 3674/3674/2027
f 3673/3673/2027 3674/3674/2027 3675/3675/2028
f 3675/3675/2028 3674/3674/2027 3676/3676/2028
f 3677/3677/2029 3678/3678/2030 3679/3679/2031
f 3679/3679/2031 3678/3678/2030 3680/3680/2032
f 3677/3677/2029 3681/3681/2033 3678/3678/2030
f 3678/3678/2030 3681/3681/2033 3682/3682/2034
f 3682/3682/2034 3683/3683/1590 3678/3678/2030
f 3684/3684/2035 3685/3685/2036 3686/3686/2037
f 3686/3686/2037 3685/3685/2036 3687/3687/2037
f 3686/3686/2037 3687/3687/2037 3688/3688/2038
f 3688/3688/2038 3687/3687/2037 3689/3689/2038
f 3690/3690/2039 3691/3691/2040 3692/3692/2041
f 3692/3692/2041 3691/3691/2040 3693/3693/2042
f 3694/3694/1589 3691/3691/2040 3690/3690/2039
f 3690/3690/2039 3695/3695/1589 3694/3694/1589
f 3695/3695/1589 3696/3696/1597 3694/3694/1589
f 3697/3697/2043 3696/3696/1597 3695/3695/1589
f 3697/3697/2043 3698/3698/1599 3696/3696/1597
f 3699/3699/1599 3698/3698/1599 3697/3697/2043
f 3700/3700/2044 3698/3698/1599 3699/3699/1599
f 3701/3701/2045 3700/3700/2044 3699/3699/1599
f 3702/3702/2046 3703/3703/2047 3704/3704/2047
f 3277/3277/1777 3702/3702/2046 3704/3704/2047
f 3277/3277/1777 3276/3276/1776 3702/3702/2046
f 3705/3705/1932 3706/3706/2048 3707/3707/2049
f 3707/3707/2049 3706/3706/2048 3708/3708/2050
f 3705/3705/1932 3709/3709/1933 3706/3706/2048
f 3710/3710/2051 3709/3709/1933 3705/3705/1932
f 3710/3710/2051 3711/3711/2052 3709/3709/1933
f 3712/3712/2053 3711/3711/2052 3710/3710/2051
f 3713/3713/2054 3714/3714/2055 3715/3715/2056
f 3715/3715/2056 3714/3714/2055 3716/3716/1584
f 3715/3715/2056 3716/3716/1584 3717/3717/2057
f 3717/3717/2057 3716/3716/1584 3718/3718/2058
f 3719/3719/2059 3720/3720/2060 3721/3721/2060
f 3545/3545/1953 3719/3719/2059 3721/3721/2060
f 3545/3545/1953 3544/3544/1952 3719/3719/2059
f 3722/3722/1597 3723/3723/2061 3724/3724/2062
f 3724/3724/2062 3723/3723/2061 3725/3725/2063
f 3722/3722/1597 3726/3726/1590 3723/3723/2061
f 3727/3727/2064 3726/3726/1590 3722/3722/1597
f 3727/3727/2064 3728/3728/2065 3726/3726/1590
f 3729/3729/2040 3728/3728/2065 3727/3727/2064
f 3730/3730/2066 3731/3731/2067 3732/3732/2068
f 3732/3732/2068 3731/3731/2067 3733/3733/2069
f 3730/3730/2066 3734/3734/2070 3731/3731/2067
f 3731/3731/2067 3734/3734/2070 3735/3735/2071
f 3735/3735/2071 3736/3736/1933 3731/3731/2067
f 3737/3737/8 3738/3738/8 3739/3739/8
f 3739/3739/8 3738/3738/8 3740/3740/8
f 3741/3741/8 3739/3739/8 3740/3740/8
f 3741/3741/8 3742/3742/8 3739/3739/8
f 3743/3743/8 3742/3742/8 3741/3741/8
f 3744/3744/2072 3745/3745/2073 3746/3746/2074
f 3747/3747/2075 3745/3745/2073 3744/3744/2072
f 3747/3747/2075 3748/3748/2076 3745/3745/2073
f 3749/3749/2077 3750/3750/2019 3751/3751/2019
f 3752/3752/2019 3750/3750/2019 3749/3749/2077
f 3753/3753/2078 3754/3754/1693 3755/3755/1693
f 3756/3756/1693 3754/3754/1693 3753/3753/2078
f 3757/3757/2079 3758/3758/2080 3759/3759/2081
f 3759/3759/2081 3758/3758/2080 3760/3760/1555
f 3759/3759/2081 3760/3760/1555 3761/3761/2082
f 3761/3761/2082 3760/3760/1555 3762/3762/2083
f 3763/3763/105 3764/3764/105 3765/3765/105
f 3765/3765/105 3764/3764/105 3766/3766/105
f 3767/3767/105 3765/3765/105 3766/3766/105
f 3767/3767/105 3768/3768/105 3765/3765/105
f 3769/3769/105 3768/3768/105 3767/3767/105
f 3770/3770/2084 3771/3771/2084 3772/3772/2085
f 3770/3770/2084 3773/3773/2086 3771/3771/2084
f 3774/3774/2086 3773/3773/2086 3770/3770/2084
f 3772/3772/2085 3771/3771/2084 3775/3775/2087
f 3776/3776/2088 3777/3777/2088 3778/3778/2089
f 3778/3778/2089 3777/3777/2088 3779/3779/2089
f 3780/3780/2090 3781/3781/2090 3782/3782/1740
f 3780/3780/2090 3783/3783/2091 3781/3781/2090
f 3784/3784/2092 3783/3783/2091 3780/3780/2090
f 3782/3782/1740 3781/3781/2090 3785/3785/2093
f 3786/3786/1837 3787/3787/1837 3788/3788/2094
f 3788/3788/2094 3787/3787/1837 3789/3789/2094
f 3790/3790/1703 3791/3791/1703 3792/3792/2095
f 3793/3793/2096 3791/3791/1703 3790/3790/1703
f 3792/3792/2095 3791/3791/1703 3794/3794/1932
f 3792/3792/2095 3794/3794/1932 3795/3795/1934
f 3795/3795/1934 3794/3794/1932 3796/3796/1934
f 3797/3797/2097 3793/3793/2096 3790/3790/1703
f 3798/3798/2098 3795/3795/1934 3796/3796/1934
f 3796/3796/1934 3799/3799/2053 3798/3798/2098
f 3798/3798/2098 3799/3799/2053 3800/3800/2099
f 3800/3800/2099 3799/3799/2053 3801/3801/2100
f 3802/3802/2101 3803/3803/2102 3804/3804/2103
f 3802/3802/2101 3805/3805/2104 3803/3803/2102
f 3803/3803/2102 3806/3806/2105 3804/3804/2103
f 3807/3807/2106 3806/3806/2105 3803/3803/2102
f 3802/3802/2101 3804/3804/2103 3808/3808/2107
f 3802/3802/2101 3808/3808/2107 3809/3809/2108
f 3810/3810/2109 3811/3811/2110 3812/3812/1590
f 3813/3813/1590 3810/3810/2109 3812/3812/1590
f 3813/3813/1590 3814/3814/2111 3810/3810/2109
f 3814/3814/2111 3815/3815/2112 3810/3810/2109
f 3816/3816/2112 3815/3815/2112 3814/3814/2111
f 3817/3817/2113 3818/3818/2114 3819/3819/1933
f 3820/3820/1933 3817/3817/2113 3819/3819/1933
f 3820/3820/1933 3821/3821/2115 3817/3817/2113
f 3821/3821/2115 3822/3822/2116 3817/3817/2113
f 3823/3823/2116 3822/3822/2116 3821/3821/2115
f 3824/3824/1362 3825/3825/2117 3826/3826/1716
f 3826/3826/1716 3825/3825/2117 3827/3827/2118
f 3828/3828/228 3829/3829/2119 3830/3830/2119
f 3831/3831/482 3829/3829/2119 3828/3828/228
f 3831/3831/482 3828/3828/228 3832/3832/2120
f 3832/3832/2120 3828/3828/228 3833/3833/2121
f 3834/3834/221 3832/3832/2120 3833/3833/2121
f 3833/3833/2121 3835/3835/2122 3834/3834/221
f 3834/3834/221 3835/3835/2122 3836/3836/146
f 3836/3836/146 3835/3835/2122 3837/3837/2123
f 3836/3836/146 3837/3837/2123 3838/3838/2124
f 3839/3839/2125 3838/3838/2124 3837/3837/2123
f 3840/3840/487 3838/3838/2124 3839/3839/2125
f 3840/3840/487 3841/3841/2126 3838/3838/2124
f 3842/3842/2127 3841/3841/2126 3840/3840/487
f 3843/3843/2128 3842/3842/2127 3840/3840/487
f 3844/3844/2129 3841/3841/2126 3842/3842/2127
f 3845/3845/2130 3846/3846/2131 3847/3847/2132
f 3845/3845/2130 3848/3848/2133 3846/3846/2131
f 3849/3849/2133 3848/3848/2133 3845/3845/2130
f 3847/3847/2132 3846/3846/2131 3850/3850/2134
f 3851/3851/2135 3852/3852/2136 3853/3853/2137
f 3853/3853/2137 3852/3852/2136 3854/3854/2138
f 3853/3853/2137 3854/3854/2138 3855/3855/2139
f 3855/3855/2139 3854/3854/2138 3856/3856/2140
f 3857/3857/2141 3858/3858/2142 3859/3859/2143
f 3859/3859/2143 3858/3858/2142 3860/3860/2144
f 3859/3859/2143 3860/3860/2144 3861/3861/2145
f 3861/3861/2145 3860/3860/2144 3862/3862/2146
f 3863/3863/2147 3864/3864/2147 3865/3865/2147
f 3866/3866/2147 3864/3864/2147 3863/3863/2147
f 3867/3867/8 3868/3868/8 3869/3869/8
f 3869/3869/8 3868/3868/8 3870/3870/9
f 3869/3869/8 3870/3870/9 3871/3871/9
f 3871/3871/9 3872/3872/8 3869/3869/8
f 3873/3873/1358 3874/3874/1358 3875/3875/1358
f 3876/3876/1358 3874/3874/1358 3873/3873/1358
f 3877/3877/2148 3878/3878/2149 3879/3879/2148
f 3880/3880/2148 3878/3878/2149 3877/3877/2148
f 3881/3881/2150 3882/3882/2151 3883/3883/2152
f 3881/3881/2150 3884/3884/2153 3882/3882/2151
f 3885/3885/2153 3884/3884/2153 3881/3881/2150
f 3883/3883/2152 3882/3882/2151 3886/3886/2154
f 3887/3887/52 3888/3888/2155 3889/3889/2156
f 3889/3889/2156 3888/3888/2155 3890/3890/2157
f 3891/3891/102 3892/3892/102 3893/3893/102
f 3893/3893/102 3892/3892/102 3894/3894/102
f 3893/3893/102 3894/3894/102 3895/3895/102
f 3895/3895/102 3896/3896/19 3893/3893/102
f 3897/3897/105 3898/3898/105 3899/3899/105
f 3899/3899/105 3898/3898/105 3900/3900/105
f 3899/3899/105 3900/3900/105 3901/3901/105
f 3901/3901/105 3902/3902/104 3899/3899/105
f 3903/3903/10 3904/3904/10 3905/3905/7
f 3905/3905/7 3904/3904/10 3906/3906/7
f 3905/3905/7 3906/3906/7 3907/3907/7
f 3907/3907/7 3908/3908/10 3905/3905/7
f 3909/3909/102 3910/3910/102 3911/3911/19
f 3911/3911/19 3910/3910/102 3912/3912/19
f 3911/3911/19 3912/3912/19 3913/3913/19
f 3913/3913/19 3914/3914/19 3911/3911/19
f 3915/3915/2158 3916/3916/2159 3917/3917/2160
f 3917/3917/2160 3916/3916/2159 3918/3918/2161
f 3919/3919/2162 3920/3920/2162 3921/3921/2163
f 3919/3919/2162 3922/3922/2164 3920/3920/2162
f 3923/3923/2164 3922/3922/2164 3919/3919/2162
f 3921/3921/2163 3920/3920/2162 3924/3924/2165
f 3925/3925/2166 3926/3926/2166 3927/3927/2167
f 3925/3925/2166 3928/3928/2168 3926/3926/2166
f 3929/3929/2168 3928/3928/2168 3925/3925/2166
f 3927/3927/2167 3926/3926/2166 3930/3930/2169
f 3931/3931/2170 3932/3932/2171 3933/3933/2172
f 3933/3933/2172 3932/3932/2171 3934/3934/2173
f 3935/3935/2174 3936/3936/2174 3937/3937/2175
f 3935/3935/2174 3938/3938/2176 3936/3936/2174
f 3939/3939/2176 3938/3938/2176 3935/3935/2174
f 3937/3937/2175 3936/3936/2174 3940/3940/2177
f 3941/3941/2178 3942/3942/2179 3943/3943/2180
f 3943/3943/2180 3942/3942/2179 3944/3944/2181
f 3945/3945/2182 3946/3946/2182 3947/3947/1333
f 3945/3945/2182 3948/3948/2183 3946/3946/2182
f 3949/3949/2184 3948/3948/2183 3945/3945/2182
f 3947/3947/1333 3946/3946/2182 3950/3950/2185
f 3951/3951/166 3952/3952/2186 3953/3953/2187
f 3953/3953/2187 3952/3952/2186 3954/3954/2188
f 3955/3955/2189 3956/3956/2190 3957/3957/2190
f 3958/3958/2190 3956/3956/2190 3955/3955/2189
f 3959/3959/2191 3960/3960/2192 3961/3961/2192
f 3962/3962/2192 3960/3960/2192 3959/3959/2191
f 3963/3963/2193 3964/3964/2194 3965/3965/2195
f 3963/3963/2193 3965/3965/2195 3966/3966/2196
f 3966/3966/2196 3967/3967/2197 3963/3963/2193
f 3966/3966/2196 3965/3965/2195 3968/3968/2198
f 3966/3966/2196 3968/3968/2198 3969/3969/2199
f 3970/3970/2200 3971/3971/2201 3972/3972/2202
f 3970/3970/2200 3972/3972/2202 3973/3973/2203
f 3973/3973/2203 3974/3974/2204 3970/3970/2200
f 3973/3973/2203 3972/3972/2202 3975/3975/2205
f 3973/3973/2203 3975/3975/2205 3976/3976/2206
f 3977/3977/2207 3978/3978/2208 3979/3979/2209
f 3980/3980/2208 3978/3978/2208 3977/3977/2207
f 3977/3977/2207 3979/3979/2209 3981/3981/1077
f 1863/1863/511 3982/3982/2210 3983/3983/2210
f 3983/3983/2210 3982/3982/2210 3984/3984/2211
f 1863/1863/511 3985/3985/654 3982/3982/2210
f 1863/1863/511 3986/3986/2212 3985/3985/654
f 3987/3987/2212 3986/3986/2212 1863/1863/511
f 3983/3983/2210 3984/3984/2211 3988/3988/2210
f 3988/3988/2210 3989/3989/2211 3983/3983/2210
f 3990/3990/2211 3989/3989/2211 3988/3988/2210
f 3987/3987/2212 3991/3991/2212 3986/3986/2212
f 3987/3987/2212 3992/3992/2213 3991/3991/2212
f 3993/3993/2214 3992/3992/2213 3987/3987/2212
f 3994/3994/2215 3992/3992/2213 3993/3993/2214
f 1791/1791/511 3995/3995/2212 3996/3996/2212
f 3996/3996/2212 3995/3995/2212 3997/3997/2213
f 1791/1791/511 3998/3998/2216 3995/3995/2212
f 1791/1791/511 3999/3999/2210 3998/3998/2216
f 4000/4000/2210 3999/3999/2210 1791/1791/511
f 3996/3996/2212 3997/3997/2213 4001/4001/2212
f 4001/4001/2212 4002/4002/2213 3996/3996/2212
f 4003/4003/2213 4002/4002/2213 4001/4001/2212
f 4000/4000/2210 4004/4004/2210 3999/3999/2210
f 4000/4000/2210 4005/4005/2211 4004/4004/2210
f 4006/4006/2217 4005/4005/2211 4000/4000/2210
f 4007/4007/2218 4005/4005/2211 4006/4006/2217
f 4008/4008/2219 4009/4009/2220 4010/4010/2221
f 4009/4009/2220 4008/4008/2219 4011/4011/2222
f 4012/4012/2223 4011/4011/2222 4008/4008/2219
f 4009/4009/2220 4013/4013/711 4010/4010/2221
f 4010/4010/2221 4013/4013/711 4014/4014/2224
f 4010/4010/2221 4014/4014/2224 4015/4015/2225
f 4015/4015/2225 4014/4014/2224 4016/4016/2226
f 4016/4016/2226 4014/4014/2224 4017/4017/2227
f 4017/4017/2227 4018/4018/2228 4016/4016/2226
f 4019/4019/120 4018/4018/2228 4017/4017/2227
f 4020/4020/2229 4018/4018/2228 4019/4019/120
f 4019/4019/120 4021/4021/2230 4020/4020/2229
f 4021/4021/2230 4022/4022/2231 4020/4020/2229
f 4023/4023/2232 4022/4022/2231 4021/4021/2230
f 4023/4023/2232 4024/4024/2233 4022/4022/2231
f 4022/4022/2231 4024/4024/2233 4025/4025/2234
f 4017/4017/2227 4014/4014/2224 4026/4026/2235
f 4017/4017/2227 4026/4026/2235 4027/4027/2236
f 4028/4028/2237 4017/4017/2227 4027/4027/2236
f 4027/4027/2236 4029/4029/2238 4028/4028/2237
f 4030/4030/2239 4031/4031/2239 4032/4032/2239
f 4033/4033/2240 4034/4034/2241 4035/4035/2242
f 4033/4033/2240 4036/4036/2243 4034/4034/2241
f 4037/4037/2244 4036/4036/2243 4033/4033/2240
f 4038/4038/2245 4039/4039/2245 4040/4040/2245
f 4041/4041/2246 4042/4042/2247 4043/4043/2248
f 4041/4041/2246 4044/4044/2249 4042/4042/2247
f 4045/4045/2250 4044/4044/2249 4041/4041/2246
f 4046/4046/2251 4047/4047/2252 4048/4048/2253
f 4046/4046/2251 4049/4049/2254 4047/4047/2252
f 4050/4050/2255 4049/4049/2254 4046/4046/2251
f 4051/4051/2256 4052/4052/2257 4053/4053/2258
f 4051/4051/2256 4054/4054/2259 4052/4052/2257
f 4055/4055/2260 4054/4054/2259 4051/4051/2256
f 4056/4056/6 4057/4057/6 4058/4058/7
f 4056/4056/6 4058/4058/7 4059/4059/7
f 4057/4057/6 4060/4060/6 4058/4058/7
f 4061/4061/7 4058/4058/7 4060/4060/6
f 4057/4057/6 4056/4056/6 4062/4062/7
f 4062/4062/7 4056/4056/6 4063/4063/6
f 4056/4056/6 4059/4059/7 4064/4064/7
f 4056/4056/6 4064/4064/7 4065/4065/7
f 4063/4063/6 4066/4066/7 4062/4062/7
f 4067/4067/7 4062/4062/7 4066/4066/7
f 4064/4064/7 4068/4068/6 4065/4065/7
f 4069/4069/6 4068/4068/6 4064/4064/7
f 4064/4064/7 4070/4070/7 4069/4069/6
f 4070/4070/7 4064/4064/7 4071/4071/6
f 4070/4070/7 4071/4071/6 4072/4072/6
f 4072/4072/6 4071/4071/6 4073/4073/7
f 4072/4072/6 4073/4073/7 4074/4074/2261
f 4074/4074/2261 4073/4073/7 4075/4075/6
f 4076/4076/6 4062/4062/7 4067/4067/7
f 4076/4076/6 4077/4077/6 4062/4062/7
f 4078/4078/7 4077/4077/6 4076/4076/6
f 4078/4078/7 4079/4079/7 4077/4077/6
f 4080/4080/7 4079/4079/7 4078/4078/7
f 4079/4079/7 4080/4080/7 4081/4081/7
f 4079/4079/7 4081/4081/7 4082/4082/6
f 4082/4082/6 4081/4081/7 4083/4083/6
f 4082/4082/6 4083/4083/6 4084/4084/6
f 4082/4082/6 4084/4084/6 4085/4085/7
f 4084/4084/6 4086/4086/7 4085/4085/7
f 4086/4086/7 4087/4087/7 4085/4085/7
f 4085/4085/7 4087/4087/7 4088/4088/6
f 4088/4088/6 4087/4087/7 4089/4089/6
f 4088/4088/6 4089/4089/6 4061/4061/7
f 4061/4061/7 4090/4090/6 4088/4088/6
f 4091/4091/6 4090/4090/6 4061/4061/7
f 4061/4061/7 4060/4060/6 4091/4091/6
f 4061/4061/7 4092/4092/6 4093/4093/7
f 4092/4092/6 4061/4061/7 4094/4094/7
f 4092/4092/6 4094/4094/7 4095/4095/6
f 4095/4095/6 4075/4075/6 4092/4092/6
f 4093/4093/7 4058/4058/7 4061/4061/7
f 4096/4096/7 4075/4075/6 4095/4095/6
f 4097/4097/2262 4075/4075/6 4096/4096/7
f 4074/4074/2261 4075/4075/6 4097/4097/2262
f 4098/4098/2263 4099/4099/2264 4100/4100/2265
f 4098/4098/2263 4101/4101/2266 4099/4099/2264
f 4101/4101/2266 4102/4102/412 4099/4099/2264
f 4103/4103/2267 4102/4102/412 4101/4101/2266
f 4102/4102/412 4103/4103/2267 4104/4104/2268
f 4105/4105/2269 4104/4104/2268 4103/4103/2267
f 4104/4104/2268 4105/4105/2269 4106/4106/2270
f 4107/4107/904 4108/4108/904 4109/4109/139
f 4109/4109/139 4108/4108/904 4110/4110/2271
f 4110/4110/2271 4111/4111/2272 4109/4109/139
f 4112/4112/256 4111/4111/2272 4110/4110/2271
f 4113/4113/2273 4111/4111/2272 4112/4112/256
f 4111/4111/2272 4113/4113/2273 4114/4114/2274
f 4112/4112/256 4110/4110/2271 4115/4115/2275
f 4116/4116/259 4108/4108/904 4107/4107/904
f 4116/4116/259 4117/4117/2276 4108/4108/904
f 4116/4116/259 4118/4118/2277 4117/4117/2276
f 4119/4119/2278 4118/4118/2277 4116/4116/259
f 4120/4120/2279 4118/4118/2277 4119/4119/2278
f 4118/4118/2277 4120/4120/2279 4121/4121/2280
f 4122/4122/2281 4120/4120/2279 4119/4119/2278
f 4120/4120/2279 4122/4122/2281 4123/4123/744
f 4123/4123/744 4124/4124/2282 4120/4120/2279
f 4125/4125/2283 4126/4126/2284 4127/4127/2285
f 4125/4125/2283 4127/4127/2285 4012/4012/2223
f 4127/4127/2285 4126/4126/2284 4128/4128/2286
f 4012/4012/2223 4127/4127/2285 4011/4011/2222
f 4129/4129/2287 4130/4130/2216 1772/1772/511
f 4130/4130/2216 4131/4131/2288 1772/1772/511
f 1772/1772/511 4131/4131/2288 4132/4132/2288
f 4132/4132/2288 4131/4131/2288 4133/4133/2288
f 4132/4132/2288 4133/4133/2288 4134/4134/2288
f 4134/4134/2288 4133/4133/2288 4135/4135/2288
f 4135/4135/2288 4136/4136/2289 4134/4134/2288
f 4137/4137/2289 4136/4136/2289 4135/4135/2288
f 1772/1772/511 4138/4138/2290 4129/4129/2287
f 4139/4139/2291 4138/4138/2290 1772/1772/511
f 4139/4139/2291 4140/4140/2287 4138/4138/2290
f 4139/4139/2291 4141/4141/2290 4140/4140/2287
f 4140/4140/2287 4141/4141/2290 4142/4142/2290
f 1844/1844/511 4143/4143/2287 4144/4144/2287
f 4144/4144/2287 4143/4143/2287 4145/4145/2287
f 4144/4144/2287 4145/4145/2287 4146/4146/2287
f 4147/4147/654 4143/4143/2287 1844/1844/511
f 4148/4148/2288 4147/4147/654 1844/1844/511
f 4146/4146/2287 4145/4145/2287 4149/4149/2287
f 4149/4149/2287 4150/4150/2292 4146/4146/2287
f 4151/4151/2292 4150/4150/2292 4149/4149/2287
f 1844/1844/511 4152/4152/2293 4148/4148/2288
f 4153/4153/2294 4152/4152/2293 1844/1844/511
f 4153/4153/2294 4154/4154/2288 4152/4152/2293
f 4153/4153/2294 4155/4155/2293 4154/4154/2288
f 4154/4154/2288 4155/4155/2293 4156/4156/2293
f 4157/4157/2295 4158/4158/2296 4159/4159/2297
f 4157/4157/2295 4159/4159/2297 4160/4160/2298
f 4160/4160/2298 4159/4159/2297 4161/4161/2299
f 4162/4162/2300 4163/4163/2301 4164/4164/2302
f 4162/4162/2300 4164/4164/2302 4165/4165/2303
f 4165/4165/2303 4164/4164/2302 4166/4166/2304
f 4167/4167/2305 4168/4168/2306 4169/4169/2307
f 4167/4167/2305 4169/4169/2307 4170/4170/2308
f 4170/4170/2308 4169/4169/2307 4171/4171/2309
f 4172/4172/2310 4173/4173/2311 4174/4174/996
f 4172/4172/2310 4174/4174/996 4175/4175/412
f 4175/4175/412 4174/4174/996 4176/4176/120
f 4176/4176/120 4177/4177/1112 4175/4175/412
f 4178/4178/1003 4177/4177/1112 4176/4176/120
f 4179/4179/2312 4173/4173/2311 4172/4172/2310
f 4179/4179/2312 4180/4180/2313 4173/4173/2311
f 4173/4173/2311 4180/4180/2313 4181/4181/2314
f 4182/4182/2315 4177/4177/1112 4178/4178/1003
f 4182/4182/2315 4183/4183/2316 4177/4177/1112
f 4182/4182/2315 4184/4184/2317 4183/4183/2316
f 4185/4185/2317 4184/4184/2317 4182/4182/2315
f 4186/4186/2318 4187/4187/2319 4188/4188/2320
f 4187/4187/2319 4186/4186/2318 4189/4189/2321
f 4187/4187/2319 4189/4189/2321 4190/4190/2322
f 4188/4188/2320 4187/4187/2319 4191/4191/2323
f 4192/4192/2324 4193/4193/2325 4194/4194/2326
f 4192/4192/2324 4194/4194/2326 4195/4195/2327
f 4195/4195/2327 4194/4194/2326 4196/4196/2328
f 4197/4197/509 1854/1854/511 4198/4198/2329
f 1854/1854/511 4197/4197/509 4199/4199/2330
f 1854/1854/511 4199/4199/2330 4200/4200/2331
f 4200/4200/2331 4199/4199/2330 4201/4201/2330
f 1854/1854/511 4202/4202/2329 4198/4198/2329
f 4203/4203/2332 4202/4202/2329 1854/1854/511
f 4203/4203/2332 4204/4204/2333 4202/4202/2329
f 4203/4203/2332 4205/4205/2334 4204/4204/2333
f 4204/4204/2333 4205/4205/2334 4206/4206/2334
f 4200/4200/2331 4201/4201/2330 4207/4207/2331
f 4207/4207/2331 4208/4208/2331 4200/4200/2331
f 4209/4209/2335 4208/4208/2331 4207/4207/2331
f 4210/4210/511 1782/1782/511 4211/4211/2331
f 1782/1782/511 4210/4210/511 4212/4212/2329
f 1782/1782/511 4212/4212/2329 4213/4213/2329
f 4213/4213/2329 4212/4212/2329 4214/4214/2333
f 1782/1782/511 4215/4215/2330 4211/4211/2331
f 4216/4216/2336 4215/4215/2330 1782/1782/511
f 4216/4216/2336 4217/4217/2330 4215/4215/2330
f 4216/4216/2336 4218/4218/2335 4217/4217/2330
f 4217/4217/2330 4218/4218/2335 4219/4219/2335
f 4213/4213/2329 4214/4214/2333 4220/4220/2329
f 4220/4220/2329 4221/4221/2329 4213/4213/2329
f 4222/4222/2334 4221/4221/2329 4220/4220/2329
f 4223/4223/2337 4224/4224/2338 4225/4225/2337
f 4223/4223/2337 4226/4226/2338 4224/4224/2338
f 4227/4227/2339 4228/4228/2340 4229/4229/2341
f 4230/4230/2342 4228/4228/2340 4227/4227/2339
f 4231/4231/2343 4232/4232/2344 4233/4233/2345
f 4231/4231/2343 4233/4233/2345 4234/4234/2346
f 4235/4235/2347 4232/4232/2344 4231/4231/2343
f 4236/4236/2348 4237/4237/2349 4238/4238/2350
f 4236/4236/2348 4238/4238/2350 4239/4239/2351
f 4240/4240/2352 4237/4237/2349 4236/4236/2348
f 4241/4241/2353 4242/4242/2354 4243/4243/2355
f 4241/4241/2353 4243/4243/2355 4244/4244/2356
f 4245/4245/2357 4242/4242/2354 4241/4241/2353
f 4246/4246/2358 4247/4247/2358 4248/4248/2358
f 4249/4249/2359 4250/4250/2360 4251/4251/2361
f 4249/4249/2359 4251/4251/2361 4252/4252/2362
f 4253/4253/2363 4250/4250/2360 4249/4249/2359
f 4254/4254/2364 4255/4255/2364 4256/4256/2364
f 4256/4256/2364 4255/4255/2364 4257/4257/2364
f 4258/4258/2365 4259/4259/2366 4260/4260/2366
f 4260/4260/2366 4259/4259/2366 4261/4261/2367
f 4262/4262/2368 4263/4263/2369 4264/4264/2370
f 4262/4262/2368 4264/4264/2370 4265/4265/2371
f 4266/4266/2372 4263/4263/2369 4262/4262/2368
f 4267/4267/2373 512/512/206 4268/4268/1146
f 4267/4267/2373 4268/4268/1146 4269/4269/2374
f 4269/4269/2374 4268/4268/1146 4270/4270/2375
f 4271/4271/905 512/512/206 4267/4267/2373
f 512/512/206 4271/4271/905 515/515/209
f 4269/4269/2374 4270/4270/2375 40/40/14
f 40/40/14 4270/4270/2375 38/38/12
f 4270/4270/2375 42/42/15 38/38/12
f 44/44/17 42/42/15 4270/4270/2375
f 44/44/17 4270/4270/2375 4272/4272/2376
f 4272/4272/2376 4273/4273/2377 44/44/17
f 47/47/6 44/44/17 4274/4274/2378
f 4275/4275/2379 4276/4276/2379 4277/4277/2379
f 4278/4278/2380 4279/4279/2381 4280/4280/2380
f 4280/4280/2380 4279/4279/2381 4281/4281/2382
f 4282/4282/2383 4283/4283/2383 4284/4284/2383
f 4282/4282/2383 4285/4285/2383 4283/4283/2383
f 4286/4286/2383 4285/4285/2383 4282/4282/2383
f 4287/4287/2384 4288/4288/2385 4289/4289/2386
f 4287/4287/2384 4289/4289/2386 4290/4290/2387
f 4291/4291/2388 4288/4288/2385 4287/4287/2384
f 4292/4292/2389 4293/4293/2390 4294/4294/2389
f 4292/4292/2389 4295/4295/2389 4293/4293/2390
f 4296/4296/2390 4295/4295/2389 4292/4292/2389
f 4297/4297/2391 4298/4298/2392 4299/4299/2392
f 4300/4300/2391 4298/4298/2392 4297/4297/2391
f 4301/4301/2393 4302/4302/2394 4303/4303/2393
f 4303/4303/2393 4302/4302/2394 4304/4304/2394
f 4305/4305/2395 4306/4306/2396 4307/4307/2395
f 4305/4305/2395 4308/4308/2395 4306/4306/2396
f 4309/4309/2395 4308/4308/2395 4305/4305/2395
f 4310/4310/2397 4311/4311/2397 4312/4312/2397
f 4310/4310/2397 4313/4313/2397 4311/4311/2397
f 4314/4314/2398 4313/4313/2397 4310/4310/2397
f 4315/4315/2399 4316/4316/2400 4317/4317/2400
f 4318/4318/2399 4316/4316/2400 4315/4315/2399
f 4319/4319/2401 4320/4320/2401 4321/4321/2401
f 4321/4321/2401 4320/4320/2401 4322/4322/2401
f 4323/4323/274 4324/4324/274 4325/4325/274
f 4325/4325/274 4324/4324/274 4326/4326/274
f 4327/4327/271 4328/4328/1360 4329/4329/2402
f 4330/4330/271 4328/4328/1360 4327/4327/271
f 4331/4331/357 4332/4332/54 4333/4333/54
f 4334/4334/357 4332/4332/54 4331/4331/357
f 4335/4335/2403 4336/4336/2403 4337/4337/2404
f 4338/4338/2404 4335/4335/2403 4337/4337/2404
f 4335/4335/2403 4339/4339/2405 4336/4336/2403
f 4340/4340/1549 4339/4339/2405 4335/4335/2403
f 4340/4340/1549 4341/4341/2406 4339/4339/2405
f 4340/4340/1549 4342/4342/2407 4341/4341/2406
f 4340/4340/1549 4343/4343/2408 4342/4342/2407
f 4344/4344/2409 4345/4345/2410 4346/4346/2411
f 4347/4347/2411 4344/4344/2409 4346/4346/2411
f 4344/4344/2409 4348/4348/2182 4345/4345/2410
f 4349/4349/2412 4348/4348/2182 4344/4344/2409
f 4349/4349/2412 4350/4350/2413 4348/4348/2182
f 4349/4349/2412 4351/4351/2414 4350/4350/2413
f 4349/4349/2412 4352/4352/2415 4351/4351/2414
f 4353/4353/2416 4354/4354/2416 4355/4355/2417
f 4356/4356/2417 4353/4353/2416 4355/4355/2417
f 4353/4353/2416 4357/4357/2418 4354/4354/2416
f 4358/4358/1579 4357/4357/2418 4353/4353/2416
f 4358/4358/1579 4359/4359/2419 4357/4357/2418
f 4358/4358/1579 4360/4360/2420 4359/4359/2419
f 4358/4358/1579 4361/4361/2421 4360/4360/2420
f 4362/4362/2422 4363/4363/2423 4364/4364/2424
f 4365/4365/2425 4362/4362/2422 4364/4364/2424
f 4362/4362/2422 4366/4366/2090 4363/4363/2423
f 4367/4367/2426 4366/4366/2090 4362/4362/2422
f 4367/4367/2426 4368/4368/2427 4366/4366/2090
f 4367/4367/2426 4369/4369/2428 4368/4368/2427
f 4367/4367/2426 4370/4370/2429 4369/4369/2428
f 4371/4371/2430 4372/4372/2431 4373/4373/2432
f 4374/4374/2433 4371/4371/2430 4373/4373/2432
f 4371/4371/2430 4375/4375/2434 4372/4372/2431
f 4376/4376/2435 4375/4375/2434 4371/4371/2430
f 4376/4376/2435 4377/4377/2436 4375/4375/2434
f 4376/4376/2435 4378/4378/2437 4377/4377/2436
f 4376/4376/2435 4379/4379/2438 4378/4378/2437
f 4380/4380/2439 4381/4381/2440 4382/4382/2441
f 4383/4383/2442 4380/4380/2439 4382/4382/2441
f 4380/4380/2439 4384/4384/2443 4381/4381/2440
f 4385/4385/2444 4384/4384/2443 4380/4380/2439
f 4385/4385/2444 4386/4386/2445 4384/4384/2443
f 4385/4385/2444 4387/4387/2446 4386/4386/2445
f 4385/4385/2444 4388/4388/2447 4387/4387/2446
f 4389/4389/2448 4390/4390/2448 4391/4391/2449
f 4391/4391/2449 4392/4392/2449 4389/4389/2448
f 4389/4389/2448 4393/4393/2450 4390/4390/2448
f 4389/4389/2448 4394/4394/2451 4393/4393/2450
f 4395/4395/2451 4394/4394/2451 4389/4389/2448
f 4395/4395/2451 4396/4396/2452 4394/4394/2451
f 4395/4395/2451 4397/4397/2453 4396/4396/2452
f 4398/4398/2454 4399/4399/2454 4400/4400/2455
f 4400/4400/2455 4401/4401/2455 4398/4398/2454
f 4398/4398/2454 4402/4402/2456 4399/4399/2454
f 4398/4398/2454 4403/4403/2457 4402/4402/2456
f 4404/4404/2457 4403/4403/2457 4398/4398/2454
f 4404/4404/2457 4405/4405/2458 4403/4403/2457
f 4404/4404/2457 4406/4406/2459 4405/4405/2458
f 4407/4407/2460 4408/4408/2461 4409/4409/2462
f 4410/4410/2460 4408/4408/2461 4407/4407/2460
f 4411/4411/2463 4412/4412/2464 4413/4413/2465
f 4414/4414/2466 4413/4413/2465 4412/4412/2464
f 4414/4414/2466 4415/4415/2467 4413/4413/2465
f 4416/4416/2468 4413/4413/2465 4415/4415/2467
f 4417/4417/2469 4413/4413/2465 4416/4416/2468
f 4417/4417/2469 4411/4411/2463 4413/4413/2465
f 4418/4418/2470 4417/4417/2469 4416/4416/2468
f 4419/4419/2471 4417/4417/2469 4418/4418/2470
f 4417/4417/2469 4419/4419/2471 4411/4411/2463
f 4420/4420/2472 4421/4421/2472 4422/4422/2473
f 4422/4422/2473 4421/4421/2472 4423/4423/2474
f 4420/4420/2472 4424/4424/2475 4421/4421/2472
f 4425/4425/2476 4424/4424/2475 4420/4420/2472
f 4426/4426/2477 4427/4427/2477 4428/4428/2478
f 4428/4428/2478 4427/4427/2477 4429/4429/2479
f 4426/4426/2477 4430/4430/2480 4427/4427/2477
f 4431/4431/2481 4430/4430/2480 4426/4426/2477
f 4432/4432/2482 4433/4433/2483 4434/4434/2484
f 4435/4435/2482 4433/4433/2483 4432/4432/2482
f 4436/4436/1703 4437/4437/1703 4438/4438/1703
f 4439/4439/1703 4437/4437/1703 4436/4436/1703
f 4440/4440/2485 4441/4441/2486 4442/4442/2487
f 4442/4442/2487 4441/4441/2486 4443/4443/2488
f 4440/4440/2485 4444/4444/2489 4441/4441/2486
f 4445/4445/2490 4444/4444/2489 4440/4440/2485
f 4446/4446/2491 4447/4447/2492 4448/4448/2491
f 4448/4448/2491 4447/4447/2492 4449/4449/2492
f 4450/4450/1599 4451/4451/1599 4452/4452/1599
f 4453/4453/1599 4451/4451/1599 4450/4450/1599
f 4454/4454/2493 4455/4455/2494 4456/4456/2495
f 4456/4456/2495 4455/4455/2494 4457/4457/2496
f 4454/4454/2493 4458/4458/2497 4455/4455/2494
f 4459/4459/2498 4458/4458/2497 4454/4454/2493
f 4460/4460/2499 4461/4461/2500 4462/4462/2499
f 4462/4462/2499 4461/4461/2500 4463/4463/2500
f 4464/4464/2501 4465/4465/2502 4466/4466/2503
f 4467/4467/2501 4465/4465/2502 4464/4464/2501
f 4468/4468/2504 4469/4469/2505 4470/4470/2506
f 4470/4470/2506 4469/4469/2505 4471/4471/2507
f 4468/4468/2504 4472/4472/2508 4469/4469/2505
f 4473/4473/2509 4472/4472/2508 4468/4468/2504
f 4474/4474/2510 4475/4475/2511 4476/4476/2512
f 4476/4476/2512 4475/4475/2511 4477/4477/2513
f 4474/4474/2510 4478/4478/2514 4475/4475/2511
f 4479/4479/2515 4478/4478/2514 4474/4474/2510
f 4480/4480/2516 4481/4481/2517 4482/4482/2518
f 4483/4483/2516 4481/4481/2517 4480/4480/2516
f 4484/4484/2519 4485/4485/2520 4486/4486/2521
f 4487/4487/2522 4486/4486/2521 4485/4485/2520
f 4487/4487/2522 4488/4488/2523 4486/4486/2521
f 4489/4489/2524 4486/4486/2521 4488/4488/2523
f 4490/4490/2525 4486/4486/2521 4489/4489/2524
f 4490/4490/2525 4484/4484/2519 4486/4486/2521
f 4491/4491/2526 4490/4490/2525 4489/4489/2524
f 4492/4492/2527 4490/4490/2525 4491/4491/2526
f 4490/4490/2525 4492/4492/2527 4484/4484/2519
f 2094/2094/6 4493/4493/6 4494/4494/7
f 4495/4495/6 4493/4493/6 2094/2094/6
f 4493/4493/6 4496/4496/7 4494/4494/7
f 4494/4494/7 4496/4496/7 4497/4497/7
f 4498/4498/6 4497/4497/7 4496/4496/7
f 4498/4498/6 2078/2078/7 4497/4497/7
f 2078/2078/7 4498/4498/6 2080/2080/7
f 2094/2094/6 2089/2089/7 4495/4495/6
f 4499/4499/2528 4500/4500/2529 4501/4501/2529
f 4502/4502/2529 4500/4500/2529 4499/4499/2528
f 4503/4503/2530 4504/4504/2530 4505/4505/2531
f 4505/4505/2531 4504/4504/2530 4506/4506/2532
f 4503/4503/2530 4507/4507/2533 4504/4504/2530
f 4508/4508/2534 4507/4507/2533 4503/4503/2530
f 4509/4509/2535 4510/4510/2536 4511/4511/2536
f 4512/4512/2536 4510/4510/2536 4509/4509/2535
f 4513/4513/2537 4514/4514/2537 4515/4515/2538
f 4515/4515/2538 4514/4514/2537 4516/4516/2539
f 4513/4513/2537 4517/4517/2540 4514/4514/2537
f 4518/4518/2541 4517/4517/2540 4513/4513/2537
f 4519/4519/102 4520/4520/11 4521/4521/10
f 4521/4521/10 4520/4520/11 4522/4522/7
f 4522/4522/7 4523/4523/2542 4521/4521/10
f 4524/4524/2543 4519/4519/102 4521/4521/10
f 4520/4520/11 4525/4525/2544 4522/4522/7
f 4522/4522/7 4526/4526/2545 4523/4523/2542
f 4527/4527/2546 4523/4523/2542 4526/4526/2545
f 4528/4528/2547 4529/4529/2548 4530/4530/2549
f 4531/4531/2550 4530/4530/2549 4529/4529/2548
f 4531/4531/2550 4532/4532/2551 4530/4530/2549
f 4532/4532/2551 4533/4533/2552 4530/4530/2549
f 4530/4530/2549 4533/4533/2552 4534/4534/2553
f 4530/4530/2549 4534/4534/2553 4528/4528/2547
f 4535/4535/2554 4534/4534/2553 4533/4533/2552
f 4536/4536/2555 4534/4534/2553 4535/4535/2554
f 4534/4534/2553 4536/4536/2555 4528/4528/2547
f 4537/4537/2556 4538/4538/2557 4539/4539/2558
f 4538/4538/2557 4540/4540/2559 4539/4539/2558
f 4537/4537/2556 4539/4539/2558 4541/4541/2556
f 4539/4539/2558 4540/4540/2559 4542/4542/2559
f 4543/4543/2560 4544/4544/2561 4545/4545/2562
f 4544/4544/2561 4546/4546/2563 4545/4545/2562
f 4543/4543/2560 4545/4545/2562 4547/4547/2560
f 4545/4545/2562 4546/4546/2563 4548/4548/2563
f 4549/4549/2564 4550/4550/2565 4551/4551/2566
f 4550/4550/2565 4552/4552/2567 4551/4551/2566
f 4549/4549/2564 4551/4551/2566 4553/4553/2564
f 4551/4551/2566 4552/4552/2567 4554/4554/2567
f 4555/4555/2568 4556/4556/2569 4557/4557/1708
f 4555/4555/2568 4557/4557/1708 4558/4558/2570
f 4559/4559/2571 4556/4556/2569 4555/4555/2568
f 4559/4559/2571 4560/4560/2572 4556/4556/2569
f 4561/4561/2573 4560/4560/2572 4559/4559/2571
f 4558/4558/2570 4557/4557/1708 4562/4562/2574
f 4561/4561/2573 4563/4563/472 4560/4560/2572
f 4561/4561/2573 4564/4564/2575 4563/4563/472
f 4565/4565/2576 4564/4564/2575 4561/4561/2573
f 4565/4565/2576 4566/4566/2577 4564/4564/2575
f 4567/4567/2578 4566/4566/2577 4565/4565/2576
f 4568/4568/2579 4569/4569/2580 4570/4570/2581
f 4568/4568/2579 4570/4570/2581 4571/4571/2582
f 4572/4572/2583 4569/4569/2580 4568/4568/2579
f 4572/4572/2583 4573/4573/2584 4569/4569/2580
f 4574/4574/2585 4573/4573/2584 4572/4572/2583
f 4571/4571/2582 4570/4570/2581 4575/4575/2586
f 4574/4574/2585 4576/4576/610 4573/4573/2584
f 4574/4574/2585 4577/4577/987 4576/4576/610
f 4578/4578/2587 4577/4577/987 4574/4574/2585
f 4578/4578/2587 4579/4579/2588 4577/4577/987
f 4580/4580/2589 4579/4579/2588 4578/4578/2587
f 4581/4581/2590 4582/4582/2591 4583/4583/2592
f 4582/4582/2591 4584/4584/2593 4583/4583/2592
f 4581/4581/2590 4583/4583/2592 4585/4585/2590
f 4583/4583/2592 4584/4584/2593 4586/4586/2593
f 4587/4587/2594 4588/4588/2594 4589/4589/2594
f 4590/4590/2595 4591/4591/2596 4592/4592/2596
f 4593/4593/2597 4591/4591/2596 4590/4590/2595
f 4594/4594/2598 4595/4595/2598 4596/4596/2599
f 4597/4597/2598 4595/4595/2598 4594/4594/2598
f 4598/4598/2600 4599/4599/2601 4600/4600/2601
f 4601/4601/2602 4599/4599/2601 4598/4598/2600
f 4602/4602/2603 4603/4603/2603 4604/4604/2603
f 4605/4605/2603 4603/4603/2603 4602/4602/2603
f 4606/4606/2604 4607/4607/2604 4608/4608/2604
f 4609/4609/2604 4607/4607/2604 4606/4606/2604
f 4610/4610/2605 4611/4611/2606 4612/4612/2605
f 4612/4612/2605 4611/4611/2606 4613/4613/2606
f 4614/4614/2607 4615/4615/2608 4616/4616/2607
f 4616/4616/2607 4615/4615/2608 4617/4617/2608
f 4618/4618/2609 4619/4619/2610 4620/4620/2610
f 4621/4621/2611 4619/4619/2610 4618/4618/2609
f 4622/4622/2612 4623/4623/2613 4624/4624/2613
f 4625/4625/2612 4623/4623/2613 4622/4622/2612
f 4626/4626/2614 4627/4627/2615 4628/4628/2614
f 4629/4629/2615 4627/4627/2615 4626/4626/2614
f 4630/4630/1236 4631/4631/1236 4632/4632/1236
f 4633/4633/1236 4631/4631/1236 4630/4630/1236
f 4634/4634/1259 4635/4635/1259 4636/4636/1259
f 4637/4637/1259 4635/4635/1259 4634/4634/1259
f 4638/4638/2616 4639/4639/2616 4640/4640/2616
f 4641/4641/2616 4639/4639/2616 4638/4638/2616
f 4642/4642/2617 4643/4643/2617 4644/4644/2617
f 4645/4645/2617 4643/4643/2617 4642/4642/2617
f 4646/4646/2618 4647/4647/2618 4648/4648/2618
f 4649/4649/2618 4647/4647/2618 4646/4646/2618
f 4650/4650/2619 4651/4651/2620 4652/4652/2619
f 4652/4652/2619 4651/4651/2620 4653/4653/2620
f 1661/1661/970 4654/4654/2621 1659/1659/538
f 4655/4655/1663 4654/4654/2621 1661/1661/970
f 4656/4656/2622 4657/4657/2622 4658/4658/2622
f 4659/4659/2623 4660/4660/2623 4661/4661/2623
f 4662/4662/2624 4663/4663/2624 4664/4664/2624
f 4665/4665/2625 4666/4666/2625 4667/4667/2625
f 4668/4668/2626 4669/4669/2626 4670/4670/2626
f 4671/4671/1707 4672/4672/1707 4673/4673/1707
f 4673/4673/1707 4672/4672/1707 4674/4674/1707
f 4675/4675/2627 4676/4676/2628 4677/4677/2628
f 4677/4677/2628 4676/4676/2628 4678/4678/2628
f 4679/4679/758 4680/4680/758 4681/4681/2629
f 4681/4681/2629 4680/4680/758 4682/4682/2629
f 4683/4683/2630 4684/4684/2630 4685/4685/2630
f 4683/4683/2630 4686/4686/2631 4684/4684/2630
f 4687/4687/802 4688/4688/802 4689/4689/802
f 4689/4689/802 4688/4688/802 4690/4690/802
f 4691/4691/2014 4692/4692/2014 4693/4693/2014
f 4693/4693/2014 4692/4692/2014 4694/4694/2014
f 4695/4695/2632 4696/4696/2633 4697/4697/2634
f 4698/4698/2633 4696/4696/2633 4695/4695/2632
f 4695/4695/2632 4697/4697/2634 4699/4699/2635
f 4695/4695/2632 4699/4699/2635 4700/4700/2057
f 4700/4700/2057 4699/4699/2635 4701/4701/2636
f 4700/4700/2057 4701/4701/2636 4702/4702/2637
f 4703/4703/2638 4700/4700/2057 4702/4702/2637
f 4702/4702/2637 4704/4704/2638 4703/4703/2638
f 4703/4703/2638 4704/4704/2638 4705/4705/2639
f 4705/4705/2639 4704/4704/2638 4706/4706/2639
f 4706/4706/2639 4707/4707/2640 4705/4705/2639
f 4708/4708/2640 4707/4707/2640 4706/4706/2639
f 4709/4709/2641 4710/4710/56 4711/4711/2641
f 4712/4712/2642 4710/4710/56 4709/4709/2641
f 4712/4712/2642 4713/4713/2642 4710/4710/56
f 4714/4714/53 4713/4713/2642 4712/4712/2642
f 4715/4715/2643 4713/4713/2642 4714/4714/53
f 4714/4714/53 4716/4716/2643 4715/4715/2643
f 4717/4717/2644 4718/4718/2645 4719/4719/2646
f 4720/4720/2645 4718/4718/2645 4717/4717/2644
f 4717/4717/2644 4719/4719/2646 4721/4721/2647
f 4717/4717/2644 4721/4721/2647 4722/4722/2082
f 4722/4722/2082 4721/4721/2647 4723/4723/2648
f 4722/4722/2082 4723/4723/2648 4724/4724/2649
f 4725/4725/2088 4722/4722/2082 4724/4724/2649
f 4724/4724/2649 4726/4726/2088 4725/4725/2088
f 4725/4725/2088 4726/4726/2088 4727/4727/2650
f 4727/4727/2650 4726/4726/2088 4728/4728/2650
f 4728/4728/2650 4729/4729/2651 4727/4727/2650
f 4730/4730/2651 4729/4729/2651 4728/4728/2650
f 4731/4731/2652 4732/4732/1359 4733/4733/2652
f 4734/4734/2653 4732/4732/1359 4731/4731/2652
f 4735/4735/273 4732/4732/1359 4734/4734/2653
f 4735/4735/273 4736/4736/2653 4732/4732/1359
f 4737/4737/2654 4736/4736/2653 4735/4735/273
f 4735/4735/273 4738/4738/2654 4737/4737/2654
f 4739/4739/1590 4740/4740/2655 4741/4741/1605
f 4741/4741/1605 4742/4742/1590 4739/4739/1590
f 4739/4739/1590 4742/4742/1590 4743/4743/1590
f 4739/4739/1590 4743/4743/1590 4744/4744/1590
f 4744/4744/1590 4743/4743/1590 4745/4745/2656
f 4745/4745/2656 4743/4743/1590 4746/4746/2657
f 4747/4747/1933 4748/4748/2658 4749/4749/1941
f 4749/4749/1941 4750/4750/1933 4747/4747/1933
f 4747/4747/1933 4750/4750/1933 4751/4751/1933
f 4747/4747/1933 4751/4751/1933 4752/4752/1933
f 4752/4752/1933 4751/4751/1933 4753/4753/2659
f 4753/4753/2659 4751/4751/1933 4754/4754/2660
f 4755/4755/117 4756/4756/119 4757/4757/120
f 4758/4758/993 4756/4756/119 4755/4755/117
f 4755/4755/117 4757/4757/120 4759/4759/117
f 4759/4759/117 4757/4757/120 4760/4760/120
f 4759/4759/117 4760/4760/120 4761/4761/601
f 4759/4759/117 4761/4761/601 4762/4762/1106
f 4763/4763/139 4764/4764/142 4765/4765/462
f 4763/4763/139 4765/4765/462 4766/4766/258
f 4763/4763/139 4767/4767/142 4764/4764/142
f 4768/4768/139 4767/4767/142 4763/4763/139
f 4768/4768/139 4769/4769/143 4767/4767/142
f 4770/4770/955 4769/4769/143 4768/4768/139
f 4771/4771/2661 4772/4772/2662 4773/4773/2663
f 4773/4773/2663 4772/4772/2662 4774/4774/2664
f 4775/4775/2665 4776/4776/2666 4777/4777/2667
f 4777/4777/2667 4776/4776/2666 4778/4778/2668
f 4779/4779/2669 4780/4780/2670 4781/4781/2669
f 4781/4781/2669 4780/4780/2670 4782/4782/2671
f 4783/4783/2672 4784/4784/2673 4785/4785/2672
f 4785/4785/2672 4784/4784/2673 4786/4786/2674
f 4787/4787/1383 4788/4788/273 4789/4789/1383
f 4789/4789/1383 4788/4788/273 4790/4790/273
f 4791/4791/2675 4792/4792/2676 4793/4793/2677
f 4793/4793/2677 4792/4792/2676 4794/4794/2676
f 4795/4795/2678 4796/4796/2679 4797/4797/2680
f 4797/4797/2680 4796/4796/2679 4798/4798/2679
f 4799/4799/93 4800/4800/53 4801/4801/2681
f 4801/4801/2681 4800/4800/53 4802/4802/53
f 4803/4803/2682 4804/4804/2683 4805/4805/2684
f 4804/4804/2683 4806/4806/2685 4805/4805/2684
f 4803/4803/2682 4805/4805/2684 4807/4807/2686
f 4805/4805/2684 4806/4806/2685 4808/4808/2687
f 4809/4809/2688 4810/4810/2689 4811/4811/2690
f 4809/4809/2688 4812/4812/2691 4810/4810/2689
f 4812/4812/2691 4809/4809/2688 4813/4813/2692
f 4813/4813/2692 4809/4809/2688 4814/4814/2693
f 4813/4813/2692 4814/4814/2693 4815/4815/2694
f 4816/4816/2695 4815/4815/2694 4814/4814/2693
f 4817/4817/2696 4818/4818/2697 4819/4819/2698
f 4820/4820/2699 4818/4818/2697 4817/4817/2696
f 4820/4820/2699 4817/4817/2696 4821/4821/2700
f 4821/4821/2700 4817/4817/2696 4822/4822/2701
f 4821/4821/2700 4822/4822/2701 4823/4823/2702
f 4824/4824/2703 4823/4823/2702 4822/4822/2701
f 4825/4825/2704 4826/4826/2705 4827/4827/2706
f 4826/4826/2705 4828/4828/2707 4827/4827/2706
f 4825/4825/2704 4827/4827/2706 4829/4829/2708
f 4827/4827/2706 4828/4828/2707 4830/4830/2709
f 4831/4831/2710 4832/4832/2710 4833/4833/2711
f 4833/4833/2711 4832/4832/2710 4834/4834/2711
f 4835/4835/2712 4836/4836/2712 4837/4837/2713
f 4837/4837/2713 4836/4836/2712 4838/4838/2713
f 4839/4839/2714 4840/4840/2715 4841/4841/2716
f 4839/4839/2714 4842/4842/2717 4840/4840/2715
f 4842/4842/2717 4843/4843/2718 4840/4840/2715
f 4840/4840/2715 4843/4843/2718 4844/4844/2719
f 4845/4845/511 4846/4846/511 4847/4847/511
f 4845/4845/511 4847/4847/511 4848/4848/511
f 4849/4849/511 4846/4846/511 4845/4845/511
f 4848/4848/511 4847/4847/511 4850/4850/511
f 4848/4848/511 4850/4850/511 4851/4851/511
f 4851/4851/511 4850/4850/511 4852/4852/511
f 4853/4853/2720 4854/4854/2721 4855/4855/2722
f 4853/4853/2720 4856/4856/2723 4854/4854/2721
f 4856/4856/2723 4857/4857/2724 4854/4854/2721
f 4854/4854/2721 4857/4857/2724 4858/4858/2725
f 4859/4859/511 4860/4860/511 4861/4861/511
f 4861/4861/511 4860/4860/511 4862/4862/511
f 4859/4859/511 4863/4863/511 4860/4860/511
f 4864/4864/511 4863/4863/511 4859/4859/511
f 4864/4864/511 4865/4865/511 4863/4863/511
f 4866/4866/511 4865/4865/511 4864/4864/511
f 4867/4867/2726 4868/4868/2727 4869/4869/2728
f 4869/4869/2728 4868/4868/2727 4870/4870/2729
f 4871/4871/2730 4872/4872/2031 4873/4873/2031
f 4874/4874/2031 4872/4872/2031 4871/4871/2730
f 4875/4875/2731 4876/4876/2068 4877/4877/2068
f 4878/4878/2731 4876/4876/2068 4875/4875/2731
f 4879/4879/2732 4880/4880/2733 4881/4881/2734
f 4881/4881/2734 4880/4880/2733 4882/4882/2735
f 4883/4883/85 4884/4884/85 4885/4885/84
f 4883/4883/85 4886/4886/2736 4884/4884/85
f 4887/4887/2737 4888/4888/2738 4889/4889/2737
f 4889/4889/2737 4888/4888/2738 4890/4890/2739
f 4891/4891/2740 4892/4892/2741 4893/4893/2742
f 4891/4891/2740 4893/4893/2742 4894/4894/2743
f 4894/4894/2743 4893/4893/2742 4895/4895/2744
f 4896/4896/2745 4892/4892/2741 4891/4891/2740
f 4897/4897/2746 4896/4896/2745 4891/4891/2740
f 2185/2185/7 4898/4898/6 2167/2167/7
f 2167/2167/7 4898/4898/6 4899/4899/1092
f 4899/4899/1092 2168/2168/7 2167/2167/7
f 2185/2185/7 4900/4900/6 4898/4898/6
f 2185/2185/7 4901/4901/6 4900/4900/6
f 2185/2185/7 2184/2184/7 4901/4901/6
f 4902/4902/2747 4903/4903/2748 4904/4904/2749
f 4902/4902/2747 4905/4905/2750 4903/4903/2748
f 4906/4906/954 4907/4907/2751 4908/4908/954
f 4909/4909/954 4907/4907/2751 4906/4906/954
f 4910/4910/1374 4911/4911/1374 4912/4912/1374
f 4910/4910/1374 4913/4913/2752 4911/4911/1374
f 4914/4914/2753 4915/4915/2753 4916/4916/2753
f 4914/4914/2753 4917/4917/2754 4915/4915/2753
f 4918/4918/688 4919/4919/688 4920/4920/688
f 4921/4921/688 4919/4919/688 4918/4918/688
f 4922/4922/2755 4923/4923/2755 4924/4924/2755
f 4922/4922/2755 4925/4925/2756 4923/4923/2755
f 4926/4926/563 4927/4927/563 4928/4928/563
f 4929/4929/563 4927/4927/563 4926/4926/563
f 4930/4930/2757 4931/4931/2758 4932/4932/2757
f 4930/4930/2757 4933/4933/2759 4931/4931/2758
f 4934/4934/678 4935/4935/678 4936/4936/678
f 4937/4937/678 4935/4935/678 4934/4934/678
f 4938/4938/2760 4939/4939/2761 4940/4940/2760
f 4938/4938/2760 4941/4941/2762 4939/4939/2761
f 4942/4942/535 4943/4943/535 4944/4944/535
f 4945/4945/535 4943/4943/535 4942/4942/535
f 4946/4946/2763 4947/4947/2764 4948/4948/2765
f 4949/4949/2766 4947/4947/2764 4946/4946/2763
f 4949/4949/2766 4950/4950/2767 4947/4947/2764
f 4951/4951/2768 4950/4950/2767 4949/4949/2766
f 4952/4952/2769 4951/4951/2768 4949/4949/2766
f 4952/4952/2769 4949/4949/2766 4953/4953/2770
f 4954/4954/2180 4952/4952/2769 4953/4953/2770
f 4955/4955/2771 4952/4952/2769 4954/4954/2180
f 4955/4955/2771 4956/4956/2772 4952/4952/2769
f 4952/4952/2769 4956/4956/2772 4951/4951/2768
f 4957/4957/2773 4956/4956/2772 4955/4955/2771
f 4958/4958/2774 4959/4959/2775 4960/4960/2776
f 4961/4961/2777 4958/4958/2774 4960/4960/2776
f 4960/4960/2776 4959/4959/2775 4962/4962/2778
f 4960/4960/2776 4962/4962/2778 4963/4963/2779
f 4963/4963/2779 4964/4964/2780 4960/4960/2776
f 4960/4960/2776 4964/4964/2780 4965/4965/2781
f 4964/4964/2780 4966/4966/2782 4965/4965/2781
f 4958/4958/2774 4967/4967/2783 4959/4959/2775
f 4965/4965/2781 4966/4966/2782 4968/4968/2784
f 4961/4961/2777 4969/4969/2785 4958/4958/2774
f 4958/4958/2774 4969/4969/2785 4970/4970/2786
f 4970/4970/2786 4971/4971/2787 4958/4958/2774
f 4963/4963/2779 4962/4962/2778 4972/4972/2788
f 4962/4962/2778 4973/4973/2789 4972/4972/2788
f 4959/4959/2775 4974/4974/2790 4962/4962/2778
f 4962/4962/2778 4974/4974/2790 4975/4975/2791
f 4976/4976/2792 4977/4977/2792 4978/4978/2792
f 4979/4979/2793 4980/4980/2794 4981/4981/2795
f 4979/4979/2793 4982/4982/2796 4980/4980/2794
f 4981/4981/2795 4980/4980/2794 4983/4983/2797
f 4984/4984/2798 4982/4982/2796 4979/4979/2793
f 4985/4985/2799 4984/4984/2798 4979/4979/2793
f 4986/4986/1439 4987/4987/2800 4988/4988/2147
f 4988/4988/2147 4987/4987/2800 4989/4989/246
f 4988/4988/2147 4989/4989/246 4990/4990/2801
f 4988/4988/2147 4990/4990/2801 4991/4991/2499
f 4990/4990/2801 4992/4992/2802 4991/4991/2499
f 4993/4993/2802 4992/4992/2802 4990/4990/2801
f 4987/4987/2800 4986/4986/1439 4994/4994/2803
f 4987/4987/2800 4994/4994/2803 4995/4995/2804
f 4987/4987/2800 4995/4995/2804 4996/4996/2805
f 4996/4996/2805 4995/4995/2804 4997/4997/2806
f 4997/4997/2806 4998/4998/2807 4996/4996/2805
f 4996/4996/2805 4998/4998/2807 4999/4999/2808
f 5000/5000/1161 5001/5001/2809 5002/5002/2338
f 5002/5002/2338 5001/5001/2809 5003/5003/2337
f 5002/5002/2338 5003/5003/2337 5004/5004/2810
f 5002/5002/2338 5004/5004/2810 5005/5005/2491
f 5004/5004/2810 5006/5006/2811 5005/5005/2491
f 5007/5007/2811 5006/5006/2811 5004/5004/2810
f 5001/5001/2809 5000/5000/1161 5008/5008/2812
f 5001/5001/2809 5008/5008/2812 5009/5009/2813
f 5001/5001/2809 5009/5009/2813 5010/5010/2814
f 5010/5010/2814 5009/5009/2813 5011/5011/2815
f 5011/5011/2815 5012/5012/2816 5010/5010/2814
f 5010/5010/2814 5012/5012/2816 5013/5013/2816
f 5014/5014/2817 5015/5015/2817 5016/5016/2818
f 5017/5017/2819 5015/5015/2817 5014/5014/2817
f 5018/5018/2820 5019/5019/2821 5020/5020/2822
f 5021/5021/2823 5020/5020/2822 5019/5019/2821
f 5020/5020/2822 5021/5021/2823 5022/5022/2824
f 5020/5020/2822 5022/5022/2824 5023/5023/2825
f 5019/5019/2821 5018/5018/2820 5024/5024/2826
f 5025/5025/2827 5026/5026/2827 5027/5027/2828
f 5028/5028/2829 5026/5026/2827 5025/5025/2827
f 5029/5029/2830 5030/5030/2831 5031/5031/2832
f 5032/5032/258 5031/5031/2832 5030/5030/2831
f 5031/5031/2832 5032/5032/258 5033/5033/2833
f 5034/5034/921 5033/5033/2833 5032/5032/258
f 5030/5030/2831 5029/5029/2830 5035/5035/2834
f 5033/5033/2833 5034/5034/921 5036/5036/2835
f 5037/5037/2836 5036/5036/2835 5034/5034/921
f 5038/5038/2837 5039/5039/2838 5040/5040/2839
f 5039/5039/2838 5041/5041/2840 5040/5040/2839
f 5041/5041/2840 5042/5042/2841 5040/5040/2839
f 5043/5043/2122 5042/5042/2841 5041/5041/2840
f 5042/5042/2841 5043/5043/2122 5044/5044/2842
f 5045/5045/2843 5044/5044/2842 5043/5043/2122
f 5044/5044/2842 5045/5045/2843 5046/5046/2844
f 5046/5046/2844 5045/5045/2843 5047/5047/2845
f 5047/5047/2845 5048/5048/2846 5046/5046/2844
f 5049/5049/2847 5048/5048/2846 5047/5047/2845
f 5050/5050/2848 5051/5051/2849 5052/5052/2850
f 5053/5053/2851 5051/5051/2849 5050/5050/2848
f 5054/5054/2852 5055/5055/2852 5056/5056/2852
f 5057/5057/7 5058/5058/6 5059/5059/9
f 5058/5058/6 5057/5057/7 5060/5060/103
f 5058/5058/6 5061/5061/2853 5059/5059/9
f 5057/5057/7 5059/5059/9 5062/5062/7
f 5062/5062/7 5059/5059/9 5063/5063/2854
f 5064/5064/2855 5065/5065/211 5066/5066/211
f 5067/5067/2856 5065/5065/211 5064/5064/2855
f 5068/5068/2857 5069/5069/936 5070/5070/2858
f 5071/5071/2859 5070/5070/2858 5069/5069/936
f 5072/5072/144 5073/5073/144 5074/5074/144
f 5075/5075/143 5073/5073/144 5072/5072/144
f 5076/5076/2860 5077/5077/2861 5078/5078/1381
f 5076/5076/2860 5078/5078/1381 5079/5079/1381
f 5080/5080/56 5081/5081/2862 5082/5082/2863
f 5083/5083/55 5081/5081/2862 5080/5080/56
f 5084/5084/2864 5085/5085/1167 5086/5086/2865
f 5084/5084/2864 5086/5086/2865 5087/5087/2866
f 5088/5088/2867 5089/5089/2868 5090/5090/2869
f 5091/5091/2870 5089/5089/2868 5088/5088/2867
f 5092/5092/1359 5093/5093/2871 5094/5094/2872
f 5095/5095/1358 5093/5093/2871 5092/5092/1359
f 5096/5096/2873 5097/5097/2874 5098/5098/2875
f 5099/5099/2873 5097/5097/2874 5096/5096/2873
f 5100/5100/2876 5101/5101/2877 5102/5102/2878
f 5103/5103/2879 5101/5101/2877 5100/5100/2876
f 5104/5104/2880 5105/5105/2499 5106/5106/2880
f 5104/5104/2880 5106/5106/2880 5107/5107/2881
f 5108/5108/2882 5109/5109/2883 5110/5110/2884
f 5108/5108/2882 5110/5110/2884 5111/5111/2885
f 5112/5112/2886 5113/5113/2887 5114/5114/91
f 5112/5112/2886 5114/5114/91 5115/5115/91
f 5116/5116/115 5117/5117/115 5118/5118/115
f 5119/5119/119 5117/5117/115 5116/5116/115
f 5120/5120/2888 5121/5121/2889 5122/5122/2888
f 5123/5123/2888 5121/5121/2889 5120/5120/2888
f 5124/5124/1590 5125/5125/1590 5126/5126/1590
f 5127/5127/1590 5125/5125/1590 5124/5124/1590
f 5128/5128/1933 5129/5129/2114 5130/5130/1933
f 5131/5131/1933 5129/5129/2114 5128/5128/1933
f 5132/5132/2890 5133/5133/2891 5134/5134/2890
f 5135/5135/2891 5133/5133/2891 5132/5132/2890
f 5136/5136/511 5137/5137/511 5138/5138/511
f 5138/5138/511 5137/5137/511 5139/5139/511
f 5137/5137/511 5140/5140/511 5139/5139/511
f 5137/5137/511 5141/5141/509 5140/5140/511
f 5138/5138/511 5139/5139/511 5142/5142/509
f 5137/5137/511 5143/5143/509 5141/5141/509
f 5143/5143/509 5144/5144/511 5141/5141/509
f 5145/5145/509 5143/5143/509 5137/5137/511
f 5146/5146/1009 5147/5147/2892 5148/5148/1009
f 5149/5149/1009 5147/5147/2892 5146/5146/1009
f 5150/5150/1590 5151/5151/1590 5152/5152/1590
f 5152/5152/1590 5151/5151/1590 5153/5153/1590
f 5154/5154/2893 5155/5155/2894 5156/5156/2893
f 5156/5156/2893 5155/5155/2894 5157/5157/2894
f 5158/5158/511 5159/5159/509 5160/5160/511
f 5160/5160/511 5159/5159/509 5161/5161/511
f 5159/5159/509 5162/5162/511 5161/5161/511
f 5159/5159/509 5163/5163/511 5162/5162/511
f 5160/5160/511 5161/5161/511 5164/5164/511
f 5159/5159/509 5165/5165/511 5163/5163/511
f 5165/5165/511 5166/5166/511 5163/5163/511
f 5167/5167/509 5165/5165/511 5159/5159/509
f 5168/5168/511 5169/5169/509 5170/5170/511
f 5170/5170/511 5169/5169/509 5171/5171/509
f 5170/5170/511 5171/5171/509 5172/5172/509
f 5170/5170/511 5172/5172/509 5173/5173/509
f 5169/5169/509 5174/5174/509 5171/5171/509
f 5175/5175/509 5170/5170/511 5173/5173/509
f 5175/5175/509 5173/5173/509 5176/5176/509
f 5177/5177/511 5170/5170/511 5175/5175/509
f 5178/5178/2895 5179/5179/2896 5180/5180/2897
f 5178/5178/2895 5180/5180/2897 5181/5181/2168
f 5182/5182/2898 5178/5178/2895 5181/5181/2168
f 5182/5182/2898 5181/5181/2168 5183/5183/2899
f 5183/5183/2899 5184/5184/2900 5182/5182/2898
f 5183/5183/2899 5185/5185/2901 5184/5184/2900
f 5186/5186/2902 5185/5185/2901 5183/5183/2899
f 5183/5183/2899 5187/5187/2903 5186/5186/2902
f 5183/5183/2899 5188/5188/2904 5187/5187/2903
f 5188/5188/2904 5189/5189/2905 5187/5187/2903
f 5188/5188/2904 5190/5190/2906 5189/5189/2905
f 5187/5187/2903 5189/5189/2905 5191/5191/2907
f 5192/5192/2908 5193/5193/2909 5194/5194/2910
f 5192/5192/2908 5194/5194/2910 5195/5195/2911
f 5196/5196/2912 5197/5197/2912 5198/5198/2912
f 5198/5198/2912 5197/5197/2912 5199/5199/2912
f 5200/5200/1933 5201/5201/1933 5202/5202/1933
f 5202/5202/1933 5201/5201/1933 5203/5203/1933
f 5204/5204/2913 5205/5205/2914 5206/5206/2913
f 5206/5206/2913 5205/5205/2914 5207/5207/2913
f 5208/5208/2915 5209/5209/2915 5210/5210/2915
f 5211/5211/2916 5212/5212/2917 5213/5213/2918
f 5214/5214/2919 5211/5211/2916 5213/5213/2918
f 5215/5215/2920 5216/5216/2920 5217/5217/2920
f 5217/5217/2920 5216/5216/2920 5218/5218/2920
f 5219/5219/2921 5220/5220/2922 5221/5221/2923
f 5219/5219/2921 5221/5221/2923 5222/5222/2924
f 5223/5223/509 5224/5224/509 5225/5225/509
f 5225/5225/509 5224/5224/509 5226/5226/509
f 5225/5225/509 5226/5226/509 5227/5227/509
f 5225/5225/509 5227/5227/509 5228/5228/511
f 5224/5224/509 5229/5229/511 5226/5226/509
f 5230/5230/511 5225/5225/509 5228/5228/511
f 5230/5230/511 5228/5228/511 5231/5231/509
f 5232/5232/511 5225/5225/509 5230/5230/511
f 5233/5233/2925 5234/5234/2925 5235/5235/2925
f 5236/5236/2925 5234/5234/2925 5233/5233/2925
f 5237/5237/2926 5238/5238/2926 5239/5239/2926
f 5240/5240/2926 5238/5238/2926 5237/5237/2926
f 5241/5241/808 5242/5242/808 5243/5243/808
f 5244/5244/808 5242/5242/808 5241/5241/808
f 5245/5245/2927 5246/5246/2927 5247/5247/2927
f 5248/5248/2927 5246/5246/2927 5245/5245/2927
f 5249/5249/2928 5250/5250/2928 5251/5251/2928
f 5252/5252/2928 5250/5250/2928 5249/5249/2928
f 5253/5253/765 5254/5254/765 5255/5255/765
f 5256/5256/765 5254/5254/765 5253/5253/765
f 5257/5257/2929 5258/5258/2930 5259/5259/2930
f 5259/5259/2930 5258/5258/2930 5260/5260/2931
f 5261/5261/2932 5262/5262/2933 5263/5263/2934
f 5261/5261/2932 5263/5263/2934 5264/5264/2935
f 5265/5265/2936 5266/5266/2937 5267/5267/2938
f 5267/5267/2938 5266/5266/2937 5268/5268/2939
f 5269/5269/2940 5270/5270/2941 5271/5271/2942
f 5269/5269/2940 5271/5271/2942 5272/5272/2943
f 5273/5273/1228 5274/5274/1228 5275/5275/1228
f 5275/5275/1228 5274/5274/1228 5276/5276/1228
f 5277/5277/462 5278/5278/462 5279/5279/141
f 5279/5279/141 5278/5278/462 5280/5280/462
f 5281/5281/1379 5282/5282/1360 5283/5283/1379
f 5281/5281/1379 5283/5283/1379 5284/5284/1659
f 5285/5285/121 5286/5286/121 5287/5287/121
f 5287/5287/121 5286/5286/121 5288/5288/601
f 5289/5289/90 5290/5290/54 5291/5291/90
f 5289/5289/90 5291/5291/90 5292/5292/1724
f 5293/5293/400 5294/5294/684 5295/5295/410
f 5295/5295/410 5294/5294/684 5296/5296/684
f 5297/5297/99 5298/5298/2491 5299/5299/99
f 5297/5297/99 5299/5299/99 5300/5300/2944
f 5301/5301/1252 5302/5302/1252 5303/5303/1252
f 5303/5303/1252 5302/5302/1252 5304/5304/1252
f 5305/5305/2945 5306/5306/2945 5307/5307/2945
f 5305/5305/2945 5308/5308/2945 5306/5306/2945
f 5309/5309/2946 5310/5310/2947 5311/5311/2946
f 5311/5311/2946 5310/5310/2947 5312/5312/2946
f 5313/5313/2948 5314/5314/2948 5315/5315/2948
f 5316/5316/2948 5314/5314/2948 5313/5313/2948
f 5317/5317/2949 5318/5318/2949 5319/5319/2949
f 5317/5317/2949 5320/5320/2949 5318/5318/2949
f 5321/5321/2950 5322/5322/2951 5323/5323/2950
f 5323/5323/2950 5322/5322/2951 5324/5324/2950
f 5325/5325/2952 5326/5326/2952 5327/5327/2952
f 5328/5328/2952 5326/5326/2952 5325/5325/2952
f 5329/5329/2953 5330/5330/2954 5331/5331/2955
f 5329/5329/2953 5331/5331/2955 5332/5332/2956
f 5329/5329/2953 5332/5332/2956 5333/5333/2957
f 5334/5334/2958 5335/5335/2959 5336/5336/2960
f 5336/5336/2960 5335/5335/2959 5337/5337/2961
f 5338/5338/2962 5339/5339/208 5340/5340/2963
f 5338/5338/2962 5340/5340/2963 5341/5341/2964
f 5341/5341/2964 5340/5340/2963 5342/5342/206
f 5342/5342/206 5340/5340/2963 5343/5343/138
f 5344/5344/2965 5345/5345/2966 5346/5346/1003
f 5344/5344/2965 5346/5346/1003 5347/5347/2967
f 5347/5347/2967 5346/5346/1003 5348/5348/2968
f 5349/5349/2969 5347/5347/2967 5348/5348/2968
f 5350/5350/2970 5349/5349/2969 5348/5348/2968
f 5351/5351/2971 5352/5352/2972 5353/5353/2973
f 5354/5354/2974 5351/5351/2971 5353/5353/2973
f 5355/5355/1703 5356/5356/1703 5357/5357/1703
f 5358/5358/1703 5356/5356/1703 5355/5355/1703
f 5359/5359/2975 5360/5360/2975 5361/5361/2975
f 5361/5361/2975 5360/5360/2975 5362/5362/2975
f 5363/5363/1599 5364/5364/1599 5365/5365/1599
f 5366/5366/1599 5364/5364/1599 5363/5363/1599
f 5367/5367/6 5368/5368/10 5369/5369/2976
f 5367/5367/6 5370/5370/9 5368/5368/10
f 5370/5370/9 5371/5371/2977 5368/5368/10
f 5367/5367/6 5372/5372/2978 5370/5370/9
f 5371/5371/2977 5370/5370/9 5373/5373/2979
f 5374/5374/2980 5375/5375/2981 5376/5376/1206
f 5374/5374/2980 5377/5377/2982 5375/5375/2981
f 5376/5376/1206 5375/5375/2981 5378/5378/2983
f 5376/5376/1206 5378/5378/2983 5379/5379/2984
f 5380/5380/2985 5381/5381/2985 5382/5382/2985
f 5382/5382/2985 5381/5381/2985 5383/5383/2985
f 5384/5384/2986 5385/5385/2987 5386/5386/2988
f 5384/5384/2986 5386/5386/2988 5387/5387/2230
f 5387/5387/2230 5386/5386/2988 5388/5388/2989
f 5387/5387/2230 5388/5388/2989 5389/5389/2990
f 5389/5389/2990 5390/5390/2991 5387/5387/2230
f 5385/5385/2987 5384/5384/2986 5391/5391/2992
f 5385/5385/2987 5391/5391/2992 5392/5392/2993
f 5385/5385/2987 5392/5392/2993 5393/5393/2994
f 5394/5394/7 2195/2195/7 5395/5395/2995
f 5394/5394/7 5396/5396/6 2195/2195/7
f 5395/5395/2995 2179/2179/6 5394/5394/7
f 2172/2172/7 2179/2179/6 5395/5395/2995
f 2195/2195/7 5396/5396/6 2177/2177/7
f 5397/5397/2996 5398/5398/2680 5399/5399/2997
f 5398/5398/2680 5400/5400/2998 5399/5399/2997
f 5399/5399/2997 5400/5400/2998 5401/5401/2999
f 5402/5402/2823 5399/5399/2997 5401/5401/2999
f 5397/5397/2996 5399/5399/2997 5403/5403/3000
f 5403/5403/3000 5404/5404/3001 5397/5397/2996
f 5405/5405/3002 5401/5401/2999 5400/5400/2998
f 5405/5405/3002 5406/5406/3003 5401/5401/2999
f 5407/5407/3004 5398/5398/2680 5397/5397/2996
f 5397/5397/2996 5404/5404/3001 5408/5408/3005
f 5408/5408/3005 5407/5407/3004 5397/5397/2996
f 5409/5409/3006 5407/5407/3004 5408/5408/3005
f 5408/5408/3005 5410/5410/3007 5409/5409/3006
f 5408/5408/3005 5404/5404/3001 5411/5411/3008
f 5409/5409/3006 5412/5412/3009 5407/5407/3004
f 5409/5409/3006 5413/5413/3010 5412/5412/3009
f 5407/5407/3004 5412/5412/3009 5414/5414/3011
f 5415/5415/3012 5414/5414/3011 5412/5412/3009
f 5415/5415/3012 5412/5412/3009 5416/5416/3013
f 5416/5416/3013 5412/5412/3009 5417/5417/3014
f 5418/5418/3015 5415/5415/3012 5416/5416/3013
f 5416/5416/3013 5419/5419/3016 5418/5418/3015
f 5412/5412/3009 5420/5420/3017 5417/5417/3014
f 5421/5421/3018 5422/5422/3019 5423/5423/3020
f 5421/5421/3018 5423/5423/3020 5424/5424/3021
f 5424/5424/3021 5423/5423/3020 5425/5425/3022
f 5424/5424/3021 5425/5425/3022 5426/5426/3023
f 5426/5426/3023 5425/5425/3022 5427/5427/3024
f 5428/5428/3025 5429/5429/3026 5430/5430/3027
f 5430/5430/3027 5431/5431/3028 5428/5428/3025
f 5428/5428/3025 5432/5432/3029 5429/5429/3026
f 5433/5433/3030 5432/5432/3029 5428/5428/3025
f 5434/5434/2946 5435/5435/2946 5436/5436/3031
f 5434/5434/2946 5437/5437/2946 5435/5435/2946
f 5438/5438/3032 5439/5439/2950 5440/5440/3033
f 5438/5438/3032 5441/5441/2950 5439/5439/2950
f 5442/5442/11 5443/5443/7 5444/5444/105
f 5444/5444/105 5445/5445/9 5442/5442/11
f 5446/5446/3034 5443/5443/7 5442/5442/11
f 5442/5442/11 5445/5445/9 5447/5447/3035
f 5443/5443/7 5448/5448/3036 5444/5444/105
f 5449/5449/3037 5446/5446/3034 5442/5442/11
f 5450/5450/3038 5451/5451/3039 5452/5452/3040
f 5451/5451/3039 5453/5453/3041 5452/5452/3040
f 5454/5454/3042 5455/5455/3043 5456/5456/3044
f 5454/5454/3042 5457/5457/3045 5455/5455/3043
f 5458/5458/3046 1124/1124/649 1140/1140/655
f 5458/5458/3046 5459/5459/3047 1124/1124/649
f 1140/1140/655 1124/1124/649 1138/1138/654
f 5460/5460/3048 5461/5461/3049 5462/5462/3050
f 5460/5460/3048 5463/5463/3051 5461/5461/3049
f 5464/5464/3052 5465/5465/3053 5466/5466/3054
f 5466/5466/3054 5465/5465/3053 5467/5467/3055
f 5465/5465/3053 5468/5468/3056 5467/5467/3055
f 5469/5469/3057 5470/5470/3058 5471/5471/3059
f 5469/5469/3057 5472/5472/3060 5470/5470/3058
f 5473/5473/3061 5474/5474/3061 5475/5475/3061
f 5476/5476/3062 5477/5477/3063 5478/5478/3064
f 5478/5478/3064 5477/5477/3063 5479/5479/3065
f 5476/5476/3062 5480/5480/3066 5477/5477/3063
f 5481/5481/3067 5480/5480/3066 5476/5476/3062
f 5482/5482/3068 5483/5483/3069 5484/5484/3070
f 5482/5482/3068 5485/5485/3071 5483/5483/3069
f 5486/5486/3072 5487/5487/3073 5488/5488/3074
f 5489/5489/3075 5486/5486/3072 5488/5488/3074
f 5490/5490/3076 5491/5491/3077 5492/5492/3078
f 5492/5492/3078 5493/5493/3079 5490/5490/3076
f 5493/5493/3079 5494/5494/3080 5490/5490/3076
f 5493/5493/3079 5495/5495/3081 5494/5494/3080
f 5493/5493/3079 5496/5496/3082 5495/5495/3081
f 5497/5497/3083 5495/5495/3081 5496/5496/3082
f 5498/5498/3084 5495/5495/3081 5497/5497/3083
f 5498/5498/3084 5499/5499/3085 5495/5495/3081
f 5500/5500/3086 5499/5499/3085 5498/5498/3084
f 5500/5500/3086 5501/5501/3087 5499/5499/3085
f 5494/5494/3080 5502/5502/3088 5501/5501/3087
f 5494/5494/3080 5495/5495/3081 5502/5502/3088
f 5501/5501/3087 5500/5500/3086 5503/5503/3089
f 5504/5504/3090 5501/5501/3087 5503/5503/3089
f 5505/5505/3091 5501/5501/3087 5504/5504/3090
f 5505/5505/3091 5494/5494/3080 5501/5501/3087
f 5500/5500/3086 5498/5498/3084 5506/5506/3092
f 5506/5506/3092 5507/5507/3093 5500/5500/3086
f 5504/5504/3090 5508/5508/3094 5505/5505/3091
f 5509/5509/3095 5510/5510/3096 5511/5511/3097
f 5510/5510/3096 5512/5512/3098 5511/5511/3097
f 5510/5510/3096 5513/5513/3099 5512/5512/3098
f 5514/5514/3100 5513/5513/3099 5510/5510/3096
f 5514/5514/3100 5515/5515/3101 5513/5513/3099
f 5516/5516/3102 5515/5515/3101 5514/5514/3100
f 5516/5516/3102 5517/5517/3103 5515/5515/3101
f 5516/5516/3102 5514/5514/3100 5518/5518/3104
f 5518/5518/3104 5514/5514/3100 5510/5510/3096
f 5518/5518/3104 5510/5510/3096 5519/5519/3105
f 5519/5519/3105 5520/5520/3106 5518/5518/3104
f 5521/5521/3107 5522/5522/3107 5523/5523/3107
f 5524/5524/3108 5525/5525/3109 5526/5526/3110
f 5527/5527/3111 5525/5525/3109 5524/5524/3108
f 5528/5528/3075 5529/5529/3072 5530/5530/3112
f 5529/5529/3072 5531/5531/3073 5530/5530/3112
f 5532/5532/3113 5533/5533/3114 5534/5534/3115
f 5534/5534/3115 5535/5535/3116 5532/5532/3113
f 5534/5534/3115 5536/5536/3117 5535/5535/3116
f 5535/5535/3116 5536/5536/3117 5537/5537/3118
f 5535/5535/3116 5537/5537/3118 5538/5538/3119
f 5538/5538/3119 5537/5537/3118 5539/5539/3120
f 5540/5540/3121 5541/5541/3122 5542/5542/3123
f 5540/5540/3121 5543/5543/3124 5541/5541/3122
f 5544/5544/3125 5545/5545/3126 5546/5546/3127
f 5547/5547/3128 5545/5545/3126 5544/5544/3125
f 5548/5548/3129 5547/5547/3128 5544/5544/3125
f 5549/5549/3130 5547/5547/3128 5548/5548/3129
f 5548/5548/3129 5550/5550/3131 5549/5549/3130
f 5548/5548/3129 5551/5551/3132 5550/5550/3131
f 5552/5552/3133 5547/5547/3128 5549/5549/3130
f 5553/5553/3134 5552/5552/3133 5549/5549/3130
f 5553/5553/3134 5554/5554/3135 5552/5552/3133
f 5553/5553/3134 5555/5555/3136 5554/5554/3135
f 5553/5553/3134 5556/5556/3137 5555/5555/3136
f 5557/5557/3138 5558/5558/3139 5559/5559/3140
f 5558/5558/3139 5560/5560/3141 5559/5559/3140
f 5561/5561/3142 5562/5562/3143 5563/5563/3144
f 5561/5561/3142 5564/5564/3145 5562/5562/3143
f 5562/5562/3143 5564/5564/3145 5565/5565/1626
f 5565/5565/1626 5566/5566/3146 5562/5562/3143
f 5561/5561/3142 5567/5567/3147 5564/5564/3145
f 5568/5568/2605 5569/5569/3148 5570/5570/3149
f 5571/5571/3150 5569/5569/3148 5568/5568/2605
f 5572/5572/3151 5573/5573/3151 5574/5574/3151
f 5575/5575/3152 5576/5576/3153 5577/5577/3154
f 5577/5577/3154 5576/5576/3153 5578/5578/3155
f 5577/5577/3154 5578/5578/3155 5579/5579/3156
f 5579/5579/3156 5578/5578/3155 5580/5580/3157
f 5575/5575/3152 5581/5581/3158 5576/5576/3153
f 5581/5581/3158 5582/5582/3159 5576/5576/3153
f 5583/5583/3160 5581/5581/3158 5575/5575/3152
f 5583/5583/3160 5584/5584/3161 5581/5581/3158
f 5585/5585/3162 5584/5584/3161 5583/5583/3160
f 5585/5585/3162 5586/5586/3163 5584/5584/3161
f 5576/5576/3153 5587/5587/3164 5578/5578/3155
f 5576/5576/3153 5588/5588/3165 5587/5587/3164
f 5589/5589/3166 5580/5580/3157 5578/5578/3155
f 5590/5590/3167 5591/5591/3168 5592/5592/3169
f 5592/5592/3169 5591/5591/3168 5593/5593/3170
f 5594/5594/3171 5595/5595/3172 5596/5596/3173
f 5596/5596/3173 5595/5595/3172 5597/5597/3174
f 5598/5598/3175 5599/5599/3176 5600/5600/3177
f 5600/5600/3177 5599/5599/3176 5601/5601/3178
f 5602/5602/3179 5603/5603/3180 5604/5604/3181
f 5605/5605/2945 5602/5602/3179 5604/5604/3181
f 5606/5606/3181 5602/5602/3179 5605/5605/2945
f 5607/5607/3182 5608/5608/3183 5609/5609/3184
f 5610/5610/3185 5607/5607/3182 5609/5609/3184
f 5611/5611/3184 5607/5607/3182 5610/5610/3185
f 5612/5612/3186 5613/5613/3186 5614/5614/3186
f 5615/5615/3187 5616/5616/3187 5617/5617/3187
f 5618/5618/3188 5619/5619/3189 5620/5620/3190
f 5620/5620/3190 5621/5621/3191 5618/5618/3188
f 5622/5622/3192 5619/5619/3189 5618/5618/3188
f 5623/5623/3193 5624/5624/3194 5625/5625/3195
f 5623/5623/3193 5625/5625/3195 5626/5626/3196
f 5626/5626/3196 5627/5627/3197 5623/5623/3193
f 5623/5623/3193 5627/5627/3197 5628/5628/3198
f 5627/5627/3197 5629/5629/3199 5628/5628/3198
f 5630/5630/3200 5629/5629/3199 5627/5627/3197
f 5631/5631/3201 5629/5629/3199 5630/5630/3200
f 5626/5626/3196 5625/5625/3195 5632/5632/3202
f 5628/5628/3198 5629/5629/3199 5633/5633/3203
f 5633/5633/3203 5629/5629/3199 5634/5634/3204
f 5634/5634/3204 5629/5629/3199 5631/5631/3201
f 5633/5633/3203 5634/5634/3204 5635/5635/3205
f 5636/5636/3206 5633/5633/3203 5635/5635/3205
f 5637/5637/3207 5633/5633/3203 5636/5636/3206
f 5637/5637/3207 5624/5624/3194 5623/5623/3193
f 5623/5623/3193 5638/5638/3208 5637/5637/3207
f 5637/5637/3207 5638/5638/3208 5633/5633/3203
f 5631/5631/3201 5630/5630/3200 5639/5639/3209
f 5639/5639/3209 5640/5640/3210 5631/5631/3201
f 5631/5631/3201 5640/5640/3210 5641/5641/3211
f 5631/5631/3201 5641/5641/3211 5642/5642/3212
f 5642/5642/3212 5641/5641/3211 5643/5643/3213
f 5639/5639/3209 5630/5630/3200 5644/5644/3214
f 5639/5639/3209 5644/5644/3214 5645/5645/3215
f 5645/5645/3215 5646/5646/3216 5639/5639/3209
f 5644/5644/3214 5647/5647/3217 5648/5648/3218
f 5630/5630/3200 5647/5647/3217 5644/5644/3214
f 5649/5649/3219 5644/5644/3214 5648/5648/3218
f 5650/5650/3220 5644/5644/3214 5649/5649/3219
f 5651/5651/3221 5652/5652/3222 5653/5653/3223
f 5653/5653/3223 5654/5654/3224 5651/5651/3221
f 5651/5651/3221 5655/5655/3225 5652/5652/3222
f 5656/5656/3226 5657/5657/3226 5658/5658/3226
f 5659/5659/3227 5660/5660/3228 5661/5661/3229
f 5661/5661/3229 5660/5660/3228 5662/5662/3230
f 5659/5659/3227 5663/5663/3231 5660/5660/3228
f 5664/5664/3232 5665/5665/3233 5666/5666/3234
f 5666/5666/3234 5667/5667/3235 5664/5664/3232
f 5668/5668/3236 5669/5669/3237 5670/5670/3238
f 5668/5668/3236 5670/5670/3238 5671/5671/3239
f 5672/5672/3240 5673/5673/3241 5674/5674/3242
f 5674/5674/3242 5673/5673/3241 5675/5675/3243
f 5676/5676/3244 5677/5677/3245 5678/5678/3246
f 5678/5678/3246 5677/5677/3245 5679/5679/3247
f 5677/5677/3245 5680/5680/3248 5679/5679/3247
f 5679/5679/3247 5680/5680/3248 5681/5681/3249
f 5682/5682/3250 5681/5681/3249 5680/5680/3248
f 5682/5682/3250 5680/5680/3248 5683/5683/3251
f 5684/5684/3252 5683/5683/3251 5680/5680/3248
f 5677/5677/3245 5684/5684/3252 5680/5680/3248
f 5677/5677/3245 5676/5676/3244 5684/5684/3252
f 5685/5685/3253 5686/5686/3254 5687/5687/2053
f 5687/5687/2053 5686/5686/3254 5688/5688/3255
f 5689/5689/3256 5690/5690/3257 5691/5691/3256
f 5691/5691/3256 5690/5690/3257 5692/5692/3258
f 5693/5693/3259 5692/5692/3258 5690/5690/3257
f 5694/5694/3260 5692/5692/3258 5693/5693/3259
f 5695/5695/3261 5694/5694/3260 5693/5693/3259
f 5695/5695/3261 5693/5693/3259 5696/5696/3262
f 5697/5697/3263 5696/5696/3262 5693/5693/3259
f 5693/5693/3259 5690/5690/3257 5697/5697/3263
f 5689/5689/3256 5697/5697/3263 5690/5690/3257
f 5698/5698/3264 5699/5699/3265 5700/5700/2040
f 5700/5700/2040 5699/5699/3265 5701/5701/3266
f 5702/5702/3267 5703/5703/3268 5704/5704/3267
f 5704/5704/3267 5703/5703/3268 5705/5705/3269
f 5706/5706/3270 5705/5705/3269 5703/5703/3268
f 5707/5707/3271 5705/5705/3269 5706/5706/3270
f 5708/5708/3272 5707/5707/3271 5706/5706/3270
f 5708/5708/3272 5706/5706/3270 5709/5709/3273
f 5710/5710/3274 5709/5709/3273 5706/5706/3270
f 5702/5702/3267 5710/5710/3274 5703/5703/3268
f 5706/5706/3270 5703/5703/3268 5710/5710/3274
f 5711/5711/3275 5712/5712/3276 5713/5713/3277
f 5713/5713/3277 5712/5712/3276 5714/5714/3278
f 5715/5715/3279 5716/5716/3280 5717/5717/3281
f 5717/5717/3281 5716/5716/3280 5718/5718/3282
f 5719/5719/3283 5718/5718/3282 5716/5716/3280
f 5720/5720/3284 5718/5718/3282 5719/5719/3283
f 5721/5721/3285 5720/5720/3284 5719/5719/3283
f 5721/5721/3285 5719/5719/3283 5722/5722/3286
f 5723/5723/3287 5722/5722/3286 5719/5719/3283
f 5719/5719/3283 5716/5716/3280 5723/5723/3287
f 5716/5716/3280 5715/5715/3279 5723/5723/3287
f 5724/5724/3288 5725/5725/3289 5726/5726/3290
f 5726/5726/3290 5725/5725/3289 5727/5727/3291
f 5728/5728/3292 5729/5729/3293 5730/5730/3294
f 5730/5730/3294 5729/5729/3293 5731/5731/3295
f 5729/5729/3293 5732/5732/3296 5731/5731/3295
f 5731/5731/3295 5732/5732/3296 5733/5733/3297
f 5734/5734/3298 5733/5733/3297 5732/5732/3296
f 5734/5734/3298 5732/5732/3296 5735/5735/3299
f 5736/5736/3300 5735/5735/3299 5732/5732/3296
f 5729/5729/3293 5728/5728/3292 5736/5736/3300
f 5729/5729/3293 5736/5736/3300 5732/5732/3296
f 5737/5737/3301 5738/5738/3302 5739/5739/3303
f 5740/5740/3304 5737/5737/3301 5739/5739/3303
f 5741/5741/3305 5742/5742/3306 5743/5743/3307
f 5743/5743/3307 5742/5742/3306 5744/5744/3308
f 5742/5742/3306 5741/5741/3305 5745/5745/3309
f 5746/5746/3310 5747/5747/3311 898/898/505
f 5746/5746/3310 898/898/505 913/913/512
f 5748/5748/3312 5749/5749/3313 5750/5750/3314
f 5748/5748/3312 5750/5750/3314 5751/5751/3315
f 5752/5752/3316 5753/5753/3317 5754/5754/3318
f 5755/5755/3319 5753/5753/3317 5752/5752/3316
f 5756/5756/3320 5757/5757/3321 5758/5758/3322
f 5759/5759/3323 5757/5757/3321 5756/5756/3320
f 5760/5760/3324 5761/5761/3324 5762/5762/3324
f 2834/2834/1451 5763/5763/3325 5764/5764/3326
f 2834/2834/1451 2832/2832/1451 5763/5763/3325
f 5765/5765/3327 5766/5766/3328 5767/5767/3329
f 5768/5768/3330 5766/5766/3328 5765/5765/3327
f 5769/5769/3331 5770/5770/3332 5771/5771/3333
f 5769/5769/3331 5771/5771/3333 5772/5772/3334
f 5773/5773/3335 5774/5774/3335 5775/5775/3335
f 5776/5776/3336 5777/5777/3337 5778/5778/3338
f 5779/5779/3339 5777/5777/3337 5776/5776/3336
f 5780/5780/3340 5781/5781/3341 5782/5782/3342
f 5783/5783/3343 5781/5781/3341 5780/5780/3340
f 5784/5784/3344 5785/5785/3345 5786/5786/3346
f 5787/5787/3347 5785/5785/3345 5784/5784/3344
f 5788/5788/3348 5789/5789/3349 5790/5790/3350
f 5789/5789/3349 5788/5788/3348 5791/5791/3351
f 5792/5792/3352 5793/5793/3353 5794/5794/3354
f 5795/5795/3355 5793/5793/3353 5792/5792/3352
f 5796/5796/3356 5797/5797/3356 5798/5798/3356
f 5799/5799/3357 5800/5800/3357 5801/5801/3357
f 5802/5802/3358 5803/5803/3359 5804/5804/3360
f 954/954/515 5802/5802/3358 5804/5804/3360
f 5803/5803/3359 5805/5805/3361 5804/5804/3360
f 5806/5806/3362 5802/5802/3358 954/954/515
f 955/955/516 5806/5806/3362 954/954/515
f 5807/5807/1934 5808/5808/3363 5809/5809/2098
f 5807/5807/1934 5810/5810/3364 5808/5808/3363
f 5811/5811/1589 5812/5812/3365 5813/5813/2039
f 5811/5811/1589 5814/5814/3366 5812/5812/3365
f 5815/5815/3367 5816/5816/3368 5817/5817/3369
f 5817/5817/3369 968/968/518 5815/5815/3367
f 5816/5816/3368 5818/5818/3370 5817/5817/3369
f 5815/5815/3367 968/968/518 5819/5819/3371
f 968/968/518 969/969/519 5819/5819/3371
f 5820/5820/2925 5821/5821/3372 5822/5822/2925
f 5820/5820/2925 5823/5823/3373 5821/5821/3372
f 5824/5824/3374 5825/5825/3375 5826/5826/3376
f 5826/5826/3376 1477/1477/855 5824/5824/3374
f 5825/5825/3375 5827/5827/3377 5826/5826/3376
f 5824/5824/3374 1477/1477/855 5828/5828/3378
f 1477/1477/855 1478/1478/856 5828/5828/3378
f 5829/5829/2927 5830/5830/3379 5831/5831/2927
f 5829/5829/2927 5832/5832/3380 5830/5830/3379
f 5833/5833/3381 5834/5834/1604 5835/5835/3382
f 5836/5836/3383 5834/5834/1604 5833/5833/3381
f 5837/5837/3384 5838/5838/3385 5839/5839/3386
f 5837/5837/3384 5840/5840/3385 5838/5838/3385
f 5841/5841/3387 5842/5842/2912 5843/5843/3388
f 5841/5841/3387 5844/5844/3389 5842/5842/2912
f 5845/5845/3390 5846/5846/3391 5847/5847/3392
f 5845/5845/3390 5848/5848/3393 5846/5846/3391
f 5849/5849/3394 5850/5850/2920 5851/5851/3395
f 5849/5849/3394 5852/5852/2920 5850/5850/2920
f 5853/5853/3396 5854/5854/2037 5855/5855/3397
f 5855/5855/3397 5854/5854/2037 5856/5856/3398
f 5857/5857/3399 5854/5854/2037 5853/5853/3396
f 5857/5857/3399 5858/5858/3400 5854/5854/2037
f 5859/5859/3401 5860/5860/3402 5861/5861/3403
f 5859/5859/3401 5861/5861/3403 5862/5862/3404
f 1951/1951/509 1950/1950/509 5863/5863/511
f 5864/5864/3188 5865/5865/3405 5866/5866/3190
f 5866/5866/3190 5867/5867/3191 5864/5864/3188
f 5868/5868/3406 5865/5865/3405 5864/5864/3188
f 5869/5869/3407 5870/5870/3408 5871/5871/3409
f 5872/5872/3410 5869/5869/3407 5871/5871/3409
f 5873/5873/3411 5874/5874/3411 5875/5875/3411
f 5876/5876/3412 5877/5877/3412 5878/5878/3412
f 5879/5879/3413 5880/5880/3413 5881/5881/3413
f 5882/5882/3414 5883/5883/3414 5884/5884/3415
f 5882/5882/3414 5885/5885/3416 5883/5883/3414
f 2420/2420/7 2419/2419/7 5886/5886/7
f 5887/5887/3417 5888/5888/3418 5889/5889/3419
f 5889/5889/3419 5890/5890/3420 5887/5887/3417
f 5887/5887/3417 5890/5890/3420 5891/5891/3421
f 5892/5892/3422 5893/5893/3423 5894/5894/3424
f 5895/5895/3425 5893/5893/3423 5892/5892/3422
f 5896/5896/3426 5895/5895/3425 5892/5892/3422
f 1831/1831/509 5897/5897/3427 1832/1832/509
f 1759/1759/511 5898/5898/3428 1760/1760/511
f 5899/5899/3429 5900/5900/3430 5901/5901/3431
f 5899/5899/3429 5901/5901/3431 5902/5902/3432
f 5903/5903/9 2190/2190/8 2191/2191/7
f 5904/5904/3433 5905/5905/3434 5906/5906/3435
f 5907/5907/3436 5905/5905/3434 5904/5904/3433
f 1796/1796/509 5908/5908/3437 1799/1799/509
f 5909/5909/3438 5910/5910/3439 5911/5911/1816
f 5912/5912/3440 5909/5909/3438 5911/5911/1816
f 5913/5913/3441 5912/5912/3440 5911/5911/1816
f 1925/1925/509 5914/5914/509 1926/1926/509
f 2140/2140/511 5915/5915/511 2141/2141/511
f 5916/5916/3442 5917/5917/3442 5918/5918/3442
f 5919/5919/3443 668/668/322 660/660/319
f 5920/5920/3444 5921/5921/3444 5922/5922/3444
f 5923/5923/3445 5924/5924/3445 5925/5925/3445
f 5926/5926/3446 5927/5927/3446 5928/5928/3446
f 667/667/321 675/675/329 5929/5929/3447
f 3338/3338/1807 5930/5930/3448 5931/5931/3448
f 3338/3338/1807 3337/3337/1806 5930/5930/3448
f 5932/5932/3449 5933/5933/3449 5934/5934/3449
f 5935/5935/3450 5936/5936/3451 5937/5937/3452
f 5936/5936/3451 5938/5938/3453 5937/5937/3452
f 5937/5937/3452 5938/5938/3453 5939/5939/3454
f 5939/5939/3454 5938/5938/3453 5940/5940/3455
f 5941/5941/3456 5939/5939/3454 5940/5940/3455
f 5942/5942/3457 5941/5941/3456 5940/5940/3455
f 5943/5943/3458 5936/5936/3451 5935/5935/3450
f 5944/5944/1823 5945/5945/3459 5946/5946/3460
f 5946/5946/3460 5947/5947/3461 5944/5944/1823
f 5948/5948/3462 5949/5949/3463 5950/5950/3464
f 5951/5951/3465 5949/5949/3463 5948/5948/3462
f 5952/5952/3466 5951/5951/3465 5948/5948/3462
f 5952/5952/3466 5948/5948/3462 5953/5953/3467
f 5954/5954/3468 5955/5955/3468 5956/5956/3468
f 5957/5957/3469 5958/5958/3469 5959/5959/3469
f 5960/5960/3470 5961/5961/3471 5962/5962/3472
f 5962/5962/3472 5961/5961/3471 5963/5963/3473
f 732/732/379 750/750/385 734/734/104
f 5964/5964/3474 5965/5965/3475 5966/5966/3476
f 5964/5964/3474 5966/5966/3476 5967/5967/2146
f 5968/5968/3477 5969/5969/3478 5970/5970/3479
f 5968/5968/3477 5970/5970/3479 5971/5971/3480
f 5972/5972/3481 5973/5973/3481 5974/5974/3481
f 5975/5975/3482 5976/5976/3482 5977/5977/3482
f 3397/3397/1858 5978/5978/3483 5979/5979/3484
f 3397/3397/1858 3396/3396/1857 5978/5978/3483
f 5980/5980/3485 5981/5981/3486 5982/5982/3487
f 5982/5982/3487 5981/5981/3486 5983/5983/3488
f 5984/5984/3489 5985/5985/3489 5986/5986/3489
f 5987/5987/3490 5988/5988/3491 5989/5989/3492
f 5987/5987/3490 5990/5990/3493 5988/5988/3491
f 5991/5991/3494 5992/5992/3495 5993/5993/3496
f 5992/5992/3495 5994/5994/3497 5993/5993/3496
f 5995/5995/3498 5994/5994/3497 5992/5992/3495
f 5994/5994/3497 5995/5995/3498 5996/5996/3499
f 5996/5996/3499 5995/5995/3498 5997/5997/3500
f 5998/5998/3501 5999/5999/3502 6000/6000/3503
f 5999/5999/3502 6001/6001/2652 6000/6000/3503
f 6002/6002/3504 6003/6003/3504 6004/6004/3504
f 6005/6005/3505 6006/6006/3505 6007/6007/3505
f 6008/6008/1422 6009/6009/1422 6010/6010/1422
f 6011/6011/3506 6012/6012/3506 6013/6013/3506
f 2749/2749/1392 736/736/9 737/737/380
f 670/670/324 671/671/325 685/685/338
f 670/670/324 685/685/338 688/688/12
f 6014/6014/3507 6015/6015/3507 6016/6016/3507
f 6017/6017/3508 6018/6018/3508 6019/6019/3508
f 467/467/161 466/466/160 493/493/187
f 6020/6020/3509 6021/6021/3509 6022/6022/3509
f 6023/6023/3510 6024/6024/3511 6025/6025/3512
f 6026/6026/3513 6024/6024/3511 6023/6023/3510
f 6027/6027/3514 6028/6028/3514 6029/6029/3514
f 6030/6030/3515 6031/6031/3515 6032/6032/3515
f 6032/6032/3515 6031/6031/3515 6033/6033/3515
f 6034/6034/3516 6035/6035/3516 6036/6036/3516
f 6037/6037/3517 903/903/510 901/901/508
f 899/899/506 6037/6037/3517 901/901/508
f 6038/6038/3518 1129/1129/653 1127/1127/652
f 1125/1125/650 6038/6038/3518 1127/1127/652
