# Blender v2.93.5 OBJ File: ''
# www.blender.org
mtllib GGlaive.mtl
o Mesh_3694out
v -0.144889 0.134587 0.147209
v -0.147013 0.153956 0.147875
v -0.135832 0.153956 0.144062
v -0.136021 0.128488 0.144637
v -0.154142 0.153956 0.149887
v -0.154142 0.140349 0.149887
v -0.031010 0.157958 0.191506
v -0.005843 0.157958 0.194030
v -0.007021 0.153956 0.197913
v -0.031648 0.153956 0.195453
v -0.054192 0.157958 0.186277
v -0.055307 0.153956 0.190118
v -0.076554 0.157958 0.178257
v -0.078167 0.153963 0.181909
v -0.097774 0.157958 0.167560
v -0.099863 0.153963 0.170960
v -0.117521 0.157958 0.154353
v -0.120017 0.153970 0.157465
v -0.134900 0.157958 0.139421
v -0.135832 0.153956 0.144062
v -0.003551 0.157958 0.195803
v -0.002430 0.157958 0.198614
v -0.006523 0.153963 0.198825
v 0.115123 0.116052 -0.170832
v 0.145519 0.126960 -0.167657
v 0.124061 0.126967 -0.184102
v 0.132249 0.116052 -0.157948
v 0.093448 0.116052 -0.183584
v 0.100717 0.126967 -0.197842
v 0.070434 0.116059 -0.193580
v 0.075873 0.126967 -0.208631
v 0.057577 0.121331 -0.205834
v 0.148554 0.121751 -0.154527
v 0.164355 0.126967 -0.149241
v 0.047027 0.116052 -0.200562
v 0.167159 0.157958 0.124735
v 0.155620 0.157958 0.130876
v 0.158901 0.157958 0.100466
v 0.130468 0.157958 0.143683
v 0.142953 0.157958 0.122099
v 0.126655 0.157958 0.138937
v 0.145659 0.157958 0.139330
v 0.137408 0.157958 0.150139
v 0.126283 0.157958 0.160241
v 0.118775 0.157958 0.176280
v 0.125119 0.157958 0.177297
v 0.108239 0.157958 0.190518
v 0.115326 0.157958 0.191506
v 0.095088 0.157958 0.202386
v 0.103122 0.157958 0.203718
v 0.079855 0.157958 0.211415
v 0.088905 0.157958 0.213511
v 0.063739 0.157958 0.217100
v 0.073153 0.157958 0.220570
v 0.055845 0.157958 0.224783
v 0.053806 0.157972 0.222813
v 0.070707 0.157958 0.206746
v 0.065183 0.157958 0.203585
v 0.079988 0.157958 0.195614
v 0.064580 0.157958 0.200255
v 0.054415 0.152715 0.208751
v 0.052761 0.152680 0.206620
v 0.060339 0.157958 0.199442
v 0.060339 0.157958 0.199442
v -0.002430 0.157958 0.198614
v 0.073329 0.157958 0.186487
v -0.003874 0.157958 0.202757
v 0.031457 0.157958 0.204454
v -0.001042 0.157958 0.213539
v -0.036471 0.157958 0.215943
v -0.026404 0.157958 0.223444
v -0.042724 0.157958 0.220907
v -0.064238 0.157958 0.209368
v -0.069572 0.157958 0.213974
v -0.091710 0.157958 0.198874
v -0.095363 0.157958 0.203788
v -0.117528 0.157958 0.184797
v -0.119709 0.157958 0.190511
v -0.141223 0.157958 0.167384
v -0.142232 0.157958 0.174338
v -0.161783 0.157958 0.147602
v -0.162596 0.157958 0.155523
v -0.174352 0.157958 0.142239
v -0.164868 0.157958 0.136344
v -0.148184 0.157958 0.144048
v -0.173848 0.157993 0.139064
v -0.134900 0.157958 0.139421
v -0.164426 0.157958 0.131892
v -0.145050 0.157958 0.119596
v -0.126515 0.157958 0.139064
v -0.117521 0.157958 0.154353
v -0.161082 0.157958 0.097010
v -0.175362 0.157958 0.103368
v -0.183837 0.157958 0.102842
v -0.176694 0.157958 0.119484
v -0.105387 0.157958 0.155684
v -0.097774 0.157958 0.167560
v -0.082106 0.157958 0.169123
v -0.076554 0.157958 0.178257
v -0.054192 0.157958 0.186277
v -0.057150 0.157958 0.179105
v -0.031010 0.157958 0.191506
v -0.031024 0.157958 0.185421
v -0.007729 0.157958 0.187826
v -0.005843 0.157958 0.194030
v -0.189088 0.157958 0.103676
v -0.193784 0.157958 0.082597
v -0.199042 0.157958 0.086228
v -0.206361 0.157958 0.067518
v -0.201566 0.157958 0.061195
v -0.206935 0.157958 0.039380
v -0.210875 0.157958 0.047953
v -0.212158 0.157958 0.036555
v -0.200787 0.157958 0.033540
v -0.202947 0.157958 0.028956
v -0.184131 0.157958 0.032748
v -0.185758 0.157958 0.029292
v -0.187994 0.157958 0.001623
v -0.204994 0.157958 0.001700
v -0.186305 0.157958 -0.025204
v -0.203290 0.157958 -0.026417
v -0.180802 0.157958 -0.051520
v -0.197752 0.157958 -0.054030
v -0.188478 0.157958 -0.080626
v -0.171604 0.157958 -0.076778
v -0.176077 0.157958 -0.105021
v -0.158902 0.157958 -0.100465
v -0.142954 0.157958 -0.122105
v -0.130462 0.157958 -0.143682
v -0.126649 0.157958 -0.138936
v -0.155621 0.157958 -0.130875
v -0.167160 0.157958 -0.124734
v -0.145660 0.157958 -0.139329
v -0.137409 0.157958 -0.150138
v -0.126284 0.157958 -0.160240
v -0.118776 0.157958 -0.176286
v -0.125120 0.157958 -0.177296
v -0.108240 0.157958 -0.190517
v -0.115327 0.157958 -0.191512
v -0.095089 0.157958 -0.202385
v -0.103123 0.157958 -0.203717
v -0.079849 0.157958 -0.211414
v -0.088906 0.157958 -0.213510
v -0.063740 0.157958 -0.217099
v -0.073154 0.157958 -0.220576
v -0.055854 0.157958 -0.224782
v -0.053821 0.157979 -0.222819
v -0.064280 0.157958 -0.205203
v -0.065408 0.157958 -0.201985
v -0.073309 0.157958 -0.186472
v -0.063796 0.157958 -0.199917
v -0.054402 0.152638 -0.208778
v -0.052853 0.152680 -0.206654
v -0.070708 0.157958 -0.206745
v -0.079541 0.157958 -0.196195
v -0.060340 0.157958 -0.199441
v -0.050491 0.152967 -0.205925
v -0.032531 0.152960 -0.209339
v -0.031458 0.157958 -0.204460
v -0.024035 0.152960 -0.211715
v 0.001047 0.157958 -0.213538
v -0.000656 0.152946 -0.218256
v 0.026403 0.157958 -0.223443
v 0.025618 0.152960 -0.228567
v 0.042723 0.157958 -0.220905
v 0.043669 0.152960 -0.225813
v 0.054030 0.152960 -0.223142
v 0.069571 0.157958 -0.213972
v 0.071121 0.152960 -0.218732
v 0.082645 0.152960 -0.214176
v 0.095361 0.157958 -0.203794
v 0.097486 0.152960 -0.208322
v 0.109844 0.152960 -0.201579
v 0.119708 0.157958 -0.190510
v 0.122364 0.152960 -0.194744
v 0.142231 0.157958 -0.174344
v 0.145512 0.152967 -0.178102
v 0.162595 0.157958 -0.155522
v 0.158214 0.152960 -0.166367
v 0.166213 0.152960 -0.158978
v 0.178550 0.152974 -0.145000
v 0.174344 0.157958 -0.142245
v 0.180065 0.152617 -0.142638
v 0.177415 0.155035 -0.139090
v 0.173959 0.157965 -0.139069
v 0.174527 0.155232 -0.136132
v 0.167103 0.157958 -0.137359
v 0.176938 0.152448 -0.132606
v 0.179055 0.152540 -0.134737
v 0.180681 0.152631 -0.139869
v 0.180254 0.152547 -0.137016
v 0.164075 0.157958 -0.134962
v 0.175859 0.152484 -0.130005
v 0.164832 0.157958 -0.131393
v 0.176567 0.152960 -0.126984
v 0.176700 0.157958 -0.119483
v 0.145056 0.157958 -0.119595
v 0.161074 0.157958 -0.097044
v 0.175368 0.157958 -0.103367
v 0.134898 0.157958 -0.139420
v 0.183836 0.157958 -0.102841
v 0.176700 0.157958 -0.119483
v 0.126514 0.157958 -0.139062
v 0.117527 0.157958 -0.154352
v 0.105386 0.157958 -0.155683
v 0.097773 0.157958 -0.167559
v 0.076553 0.157958 -0.178256
v 0.082105 0.157958 -0.169122
v 0.054191 0.157958 -0.186276
v 0.057149 0.157958 -0.179104
v 0.031009 0.157958 -0.191505
v 0.031023 0.157958 -0.185420
v 0.007728 0.157958 -0.187825
v 0.005849 0.157958 -0.194029
v 0.005099 0.157958 -0.189816
v 0.189087 0.157958 -0.103675
v 0.193783 0.157958 -0.082596
v 0.199041 0.157958 -0.086227
v 0.201565 0.157958 -0.061194
v 0.206359 0.157958 -0.067524
v 0.206934 0.157958 -0.039379
v 0.210874 0.157958 -0.047952
v 0.212157 0.157958 -0.036561
v 0.200786 0.157958 -0.033539
v 0.202946 0.157958 -0.028955
v 0.184137 0.157958 -0.032747
v 0.185757 0.157958 -0.029291
v 0.187993 0.157958 -0.001622
v 0.204993 0.157958 -0.001699
v 0.186304 0.157958 0.025205
v 0.203289 0.157958 0.026418
v 0.180801 0.157958 0.051521
v 0.197751 0.157958 0.054031
v 0.171610 0.157958 0.076779
v 0.188477 0.157958 0.080627
v 0.176076 0.157958 0.104987
v 0.175375 0.157958 0.122092
v -0.086151 0.157958 -0.170468
v -0.072671 0.157958 -0.179987
v -0.065324 0.157958 -0.179483
v -0.094010 0.157958 -0.169704
v -0.113112 0.157958 -0.157611
v -0.105759 0.157958 -0.159048
v -0.071339 0.157958 -0.183521
v -0.043579 0.157958 -0.185960
v 0.003873 0.157958 -0.202756
v -0.060340 0.157958 -0.199441
v -0.031458 0.157958 -0.204460
v 0.001047 0.157958 -0.213538
v 0.036470 0.157958 -0.215942
v 0.026403 0.157958 -0.223443
v 0.042723 0.157958 -0.220905
v 0.064237 0.157958 -0.209367
v 0.069571 0.157958 -0.213972
v 0.091709 0.157958 -0.198873
v 0.095361 0.157958 -0.203794
v 0.117527 0.157958 -0.184796
v 0.119708 0.157958 -0.190510
v 0.141222 0.157958 -0.167383
v 0.142231 0.157958 -0.174344
v 0.161789 0.157958 -0.147601
v 0.162595 0.157958 -0.155522
v 0.174344 0.157958 -0.142245
v 0.173959 0.157965 -0.139069
v 0.167103 0.157958 -0.137359
v 0.148183 0.157958 -0.144047
v -0.102990 0.122957 -0.154884
v -0.102990 0.152960 -0.154884
v -0.083894 0.152960 -0.166009
v -0.083894 0.122957 -0.166009
v -0.063614 0.152960 -0.174786
v -0.063614 0.122957 -0.174786
v -0.042443 0.152960 -0.181095
v -0.042443 0.122957 -0.181095
v -0.020670 0.152960 -0.184845
v -0.020670 0.122957 -0.184845
v -0.104434 0.122957 -0.153601
v -0.104532 0.152946 -0.153489
v -0.105541 0.122957 -0.151323
v -0.105506 0.152925 -0.151330
v -0.105646 0.152946 -0.149479
v -0.105646 0.122957 -0.149423
v -0.018756 0.152995 -0.184803
v -0.018763 0.122957 -0.184775
v -0.016618 0.122957 -0.183892
v -0.016478 0.152981 -0.183808
v -0.015118 0.122957 -0.182378
v -0.015153 0.152960 -0.182427
v 0.173601 0.142936 0.127763
v 0.180212 0.152960 0.126186
v 0.180212 0.142957 0.126186
v 0.169024 0.152953 0.129376
v 0.178487 0.136739 0.124623
v 0.168498 0.129126 0.125422
v 0.165315 0.142978 0.130939
v 0.158431 0.152953 0.135019
v 0.157765 0.142950 0.135467
v 0.161901 0.124829 0.127027
v 0.153538 0.119066 0.130308
v 0.157625 0.119634 0.127027
v 0.166549 0.125642 0.124181
v 0.176812 0.133241 0.122688
v 0.156083 0.109049 0.110350
v 0.171645 0.117854 0.101840
v 0.165441 0.108747 0.093540
v 0.139679 0.108229 0.135271
v 0.149318 0.114433 0.130960
v 0.140850 0.109406 0.136736
v 0.180037 0.124037 0.099456
v 0.134092 0.107962 0.141082
v 0.131996 0.108965 0.148072
v 0.167355 0.107962 0.085738
v 0.132922 0.107955 0.077774
v 0.143269 0.107955 0.056484
v 0.186991 0.107955 0.034319
v 0.150230 0.107955 0.033863
v 0.167972 0.107955 0.023908
v 0.162694 0.107955 0.018553
v 0.153643 0.107955 0.010435
v 0.119434 0.107955 0.097220
v 0.103122 0.107955 0.114374
v 0.160485 0.107962 0.010344
v 0.153468 0.107955 -0.014233
v 0.162946 0.107955 0.002801
v 0.166822 0.107962 -0.001819
v 0.182637 0.107955 -0.015678
v 0.175922 0.107955 -0.004321
v 0.188400 0.107955 0.018686
v 0.184530 0.107962 0.023320
v 0.175417 0.107955 0.025808
v 0.190454 0.107955 0.013632
v 0.181382 0.107955 -0.003129
v 0.185813 0.107955 -0.017465
v 0.196517 0.107962 -0.036273
v 0.186871 0.107955 -0.020900
v 0.183086 0.107955 -0.042709
v 0.189178 0.107955 -0.042996
v 0.192465 0.107990 -0.058692
v 0.182301 0.107955 -0.066354
v 0.198564 0.108418 -0.037710
v 0.196622 0.109308 -0.052607
v 0.190699 0.109378 -0.071681
v 0.183668 0.108390 -0.084615
v 0.186044 0.109505 -0.083234
v 0.209409 0.142957 -0.073974
v 0.211911 0.142957 -0.066403
v 0.172571 0.109343 -0.108078
v 0.180492 0.110787 -0.096083
v 0.169970 0.108103 -0.107987
v 0.182644 0.107962 -0.083080
v 0.172557 0.107955 -0.088660
v 0.156623 0.107955 -0.104075
v 0.153882 0.107955 -0.128225
v 0.167706 0.107955 -0.084965
v 0.153328 0.107955 -0.106101
v 0.203415 0.143104 -0.088730
v 0.207958 0.142964 -0.078250
v 0.197982 0.142971 -0.098895
v 0.192038 0.143062 -0.108225
v 0.166759 0.110206 -0.117534
v 0.185694 0.142957 -0.116672
v 0.193166 0.152967 -0.106550
v 0.200976 0.152960 -0.092901
v 0.197982 0.142971 -0.098895
v 0.203415 0.143104 -0.088730
v 0.149956 0.107955 -0.105372
v 0.136525 0.107962 -0.108576
v 0.126711 0.107955 -0.087741
v 0.140394 0.107955 -0.113209
v 0.114941 0.107955 -0.129094
v 0.127412 0.107955 -0.106087
v 0.118817 0.107962 -0.133714
v 0.117331 0.107955 -0.164460
v 0.073441 0.107955 -0.135361
v 0.074955 0.107955 -0.187881
v 0.051829 0.107955 -0.145014
v 0.127923 0.107955 -0.136209
v 0.140429 0.107962 -0.142077
v 0.093322 0.107955 -0.122505
v 0.112887 0.107955 -0.124033
v 0.028997 0.107955 -0.151246
v 0.041748 0.107962 -0.197814
v 0.102974 0.108264 -0.175326
v 0.119210 0.108488 -0.165224
v 0.141222 0.108032 -0.145855
v 0.132291 0.109449 -0.156875
v 0.146192 0.111229 -0.147706
v 0.051100 0.108495 -0.197232
v 0.067160 0.108460 -0.192311
v 0.085828 0.108551 -0.184923
v 0.019940 0.107962 -0.200450
v 0.113118 0.107955 -0.116854
v 0.116946 0.107955 -0.110510
v 0.110987 0.107955 -0.106760
v 0.121958 0.107955 -0.107279
v 0.144257 0.113711 -0.154604
v 0.157667 0.118232 -0.150685
v 0.148351 0.116893 -0.154702
v 0.164025 0.122508 -0.149578
v 0.164355 0.126967 -0.149241
v 0.148554 0.121751 -0.154527
v 0.132136 0.111215 -0.158032
v 0.132249 0.116052 -0.157948
v 0.115123 0.116052 -0.170832
v 0.112957 0.111061 -0.172269
v 0.093448 0.116052 -0.183584
v 0.091071 0.111082 -0.184775
v 0.070434 0.116059 -0.193580
v 0.067833 0.111096 -0.194512
v 0.047027 0.116052 -0.200562
v 0.047020 0.111299 -0.200583
v 0.094843 0.109456 -0.181915
v 0.073160 0.109399 -0.191631
v 0.115256 0.109463 -0.169718
v 0.132291 0.109449 -0.156875
v 0.044770 0.109617 -0.200583
v 0.026627 0.108285 -0.201768
v 0.032088 0.110416 -0.204095
v 0.046599 0.116725 -0.210790
v 0.034114 0.120160 -0.211757
v 0.054570 0.127885 -0.221901
v 0.019673 0.125418 -0.212444
v 0.030581 0.127815 -0.217106
v 0.016610 0.134461 -0.218143
v 0.027041 0.135477 -0.222448
v 0.009481 0.126679 -0.212059
v 0.007406 0.134916 -0.216258
v 0.013140 0.142950 -0.223296
v 0.001405 0.142957 -0.219062
v 0.025576 0.143076 -0.228560
v 0.058783 0.122964 -0.217183
v 0.067840 0.121758 -0.212683
v -0.000348 0.126679 -0.210720
v 0.001005 0.118442 -0.207313
v -0.020130 0.126679 -0.207544
v -0.022072 0.111054 -0.202679
v 0.011556 0.118442 -0.207853
v 0.013469 0.109820 -0.203415
v -0.036786 0.110935 -0.200387
v -0.020109 0.134916 -0.209984
v -0.001707 0.134916 -0.214120
v -0.010134 0.142999 -0.215143
v -0.026621 0.142845 -0.210678
v -0.039941 0.126679 -0.203710
v -0.000656 0.152946 -0.218256
v -0.024035 0.152960 -0.211715
v 0.003795 0.110325 -0.203948
v -0.012363 0.109995 -0.203198
v 0.013140 0.142950 -0.223296
v 0.025618 0.152960 -0.228567
v 0.025576 0.143076 -0.228560
v -0.049776 0.111068 -0.197562
v -0.057515 0.126862 -0.199798
v -0.052902 0.135652 -0.203331
v -0.034452 0.142866 -0.208925
v -0.064413 0.111159 -0.193454
v -0.056127 0.134103 -0.203163
v -0.001602 0.108860 -0.202574
v -0.027014 0.108278 -0.199441
v -0.002465 0.107962 -0.200422
v -0.035041 0.109624 -0.199896
v -0.049790 0.108453 -0.195087
v -0.050939 0.109610 -0.196314
v -0.066285 0.108572 -0.190496
v -0.065913 0.109715 -0.192129
v -0.051640 0.107955 -0.193089
v -0.018174 0.107955 -0.152921
v -0.041392 0.107955 -0.148330
v 0.005478 0.107955 -0.153903
v -0.063635 0.107955 -0.140240
v -0.069166 0.107955 -0.186801
v -0.084378 0.107955 -0.128828
v -0.103123 0.107955 -0.114373
v -0.119428 0.107955 -0.097219
v -0.179904 0.107962 -0.057759
v -0.132923 0.107955 -0.077773
v -0.143270 0.107955 -0.056483
v -0.173574 0.107955 -0.025597
v -0.150231 0.107955 -0.033862
v -0.167532 0.107955 -0.023522
v -0.162695 0.107955 -0.018552
v -0.153645 0.107955 -0.010441
v -0.160486 0.107969 -0.010329
v -0.162947 0.107955 -0.002807
v -0.166824 0.107962 0.001820
v -0.188401 0.107955 -0.018685
v -0.184265 0.107955 -0.023038
v -0.179505 0.107955 -0.025359
v -0.190609 0.107983 -0.022414
v -0.190455 0.107962 -0.013631
v -0.198628 0.107983 0.024224
v -0.153497 0.107955 0.014235
v -0.182638 0.107955 0.015672
v -0.175930 0.107955 0.004315
v -0.185814 0.107955 0.017466
v -0.195179 0.108236 -0.006011
v -0.198825 0.109273 0.006804
v -0.200935 0.109505 0.025500
v -0.198923 0.109259 0.037529
v -0.204201 0.115442 0.010996
v -0.205064 0.118555 -0.003200
v -0.209690 0.142992 0.011409
v -0.202028 0.111285 0.025542
v -0.208351 0.143104 0.026867
v -0.209957 0.152995 0.001700
v -0.200129 0.111180 0.037494
v -0.208274 0.152960 0.026874
v -0.210027 0.143048 -0.003838
v -0.208246 0.152974 -0.027013
v -0.208996 0.143041 -0.021124
v -0.206809 0.142957 -0.036470
v -0.202575 0.152960 -0.055341
v -0.203690 0.121877 -0.029144
v -0.204874 0.120300 -0.015250
v -0.196000 0.109182 -0.009537
v -0.203690 0.121877 -0.029144
v -0.192684 0.108825 -0.023178
v -0.205477 0.142957 -0.043367
v -0.202344 0.142999 -0.056182
v -0.198439 0.142957 -0.068709
v -0.197864 0.124702 -0.058537
v -0.193441 0.125284 -0.072144
v -0.193069 0.152967 -0.082596
v -0.201110 0.124639 -0.046143
v -0.202631 0.122466 -0.036343
v -0.188751 0.108684 -0.037311
v -0.197268 0.123265 -0.057836
v -0.184139 0.109189 -0.053020
v -0.177037 0.108565 -0.069151
v -0.171268 0.108755 -0.082330
v -0.189004 0.124681 -0.082596
v -0.180024 0.124037 -0.099469
v -0.164678 0.107962 -0.090994
v -0.139035 0.107962 -0.134204
v -0.141005 0.108663 -0.134905
v -0.166256 0.108804 -0.092123
v -0.156512 0.109385 -0.110279
v -0.171661 0.117762 -0.101650
v -0.176378 0.132876 -0.122715
v -0.154058 0.117307 -0.128330
v -0.166172 0.125305 -0.124166
v -0.175839 0.125130 -0.108057
v -0.178474 0.136690 -0.124608
v -0.181019 0.142957 -0.106451
v -0.180213 0.142957 -0.126185
v -0.180213 0.152960 -0.126185
v -0.181019 0.152960 -0.106451
v -0.187328 0.142957 -0.094906
v -0.182765 0.125277 -0.095936
v -0.168120 0.128775 -0.125449
v -0.173602 0.142936 -0.127762
v -0.180213 0.142957 -0.126185
v -0.180213 0.152960 -0.126185
v -0.168990 0.152960 -0.129389
v -0.165337 0.142950 -0.130924
v -0.158040 0.142768 -0.135228
v -0.161916 0.124836 -0.127026
v -0.158439 0.152953 -0.135011
v -0.153532 0.119066 -0.130307
v -0.152965 0.142999 -0.139280
v -0.149277 0.152953 -0.142792
v -0.148737 0.142929 -0.143332
v -0.142008 0.152953 -0.152305
v -0.143417 0.134222 -0.146199
v -0.141861 0.111545 -0.137583
v -0.151072 0.117005 -0.131218
v -0.133624 0.111481 -0.148687
v -0.140788 0.142957 -0.154401
v -0.141861 0.110051 -0.136230
v -0.135299 0.110213 -0.144783
v -0.138292 0.142964 -0.159525
v -0.129221 0.110949 -0.157506
v -0.135720 0.142950 -0.166472
v -0.136911 0.152960 -0.163170
v -0.129481 0.152960 -0.179742
v -0.130672 0.109028 -0.150552
v -0.136883 0.108972 -0.140815
v -0.132025 0.142957 -0.174926
v -0.123676 0.112435 -0.169178
v -0.126901 0.109568 -0.161411
v -0.125099 0.108004 -0.159385
v -0.124595 0.109406 -0.162981
v -0.123676 0.112435 -0.169178
v -0.119835 0.114979 -0.176461
v -0.117185 0.114559 -0.177513
v -0.116827 0.116550 -0.181214
v -0.111808 0.118597 -0.187832
v -0.130539 0.107962 -0.146066
v -0.097452 0.107962 -0.176987
v -0.109523 0.117882 -0.187993
v -0.106403 0.120356 -0.193917
v -0.099576 0.120644 -0.198024
v -0.068864 0.107976 -0.189935
v -0.080957 0.108320 -0.186577
v -0.067911 0.108804 -0.192543
v -0.100263 0.121821 -0.199567
v -0.093631 0.122992 -0.204656
v -0.088696 0.122361 -0.205855
v -0.088801 0.123616 -0.207790
v -0.081230 0.124261 -0.211876
v -0.074087 0.109399 -0.191288
v -0.066789 0.111012 -0.196433
v -0.068388 0.116157 -0.203864
v -0.063628 0.115302 -0.204081
v -0.062121 0.118197 -0.208953
v -0.064069 0.123385 -0.216356
v -0.059310 0.124044 -0.218760
v -0.065941 0.124548 -0.217562
v -0.072573 0.124597 -0.215501
v -0.067764 0.142957 -0.227425
v -0.075229 0.143006 -0.225147
v -0.077550 0.123251 -0.211715
v -0.088801 0.123616 -0.207790
v -0.085205 0.142929 -0.221060
v -0.060677 0.142978 -0.229023
v -0.065941 0.124548 -0.217562
v -0.057438 0.133458 -0.224053
v -0.059310 0.124044 -0.218760
v -0.093631 0.122992 -0.204656
v -0.092846 0.142957 -0.217015
v -0.091360 0.152960 -0.217863
v -0.074774 0.152960 -0.225301
v -0.075229 0.143006 -0.225147
v -0.067764 0.142957 -0.227425
v -0.057122 0.152960 -0.229612
v -0.060677 0.142978 -0.229023
v -0.055146 0.142817 -0.229745
v -0.098994 0.142936 -0.213033
v -0.106333 0.152960 -0.207544
v -0.105751 0.142999 -0.208021
v -0.100263 0.121821 -0.199567
v -0.112341 0.142957 -0.202118
v -0.118587 0.142964 -0.195403
v -0.119162 0.152960 -0.194716
v -0.111808 0.118597 -0.187832
v -0.106403 0.120356 -0.193917
v -0.122309 0.142957 -0.190762
v -0.127644 0.142957 -0.182869
v -0.116827 0.116550 -0.181214
v -0.129747 0.142957 -0.179048
v -0.119835 0.114979 -0.176461
v -0.176855 0.122957 0.017389
v -0.182884 0.122957 -0.006438
v -0.151542 0.122957 -0.011759
v -0.151436 0.122957 0.013884
v -0.180360 0.122957 -0.030960
v -0.147609 0.122957 -0.036266
v -0.174563 0.122957 -0.054920
v -0.139743 0.122957 -0.059806
v -0.165604 0.122957 -0.077878
v -0.128142 0.122957 -0.081748
v -0.153631 0.122957 -0.099434
v -0.138874 0.122957 -0.119175
v -0.113133 0.122957 -0.101516
v -0.121594 0.122957 -0.136763
v -0.113568 0.122957 -0.143493
v -0.095103 0.122957 -0.118572
v -0.074535 0.122957 -0.132466
v -0.105646 0.122957 -0.149423
v -0.121636 0.122957 -0.138999
v -0.115895 0.122957 -0.143934
v -0.118391 0.122957 -0.143283
v -0.105541 0.122957 -0.151323
v -0.104434 0.122957 -0.153601
v -0.102990 0.122957 -0.154884
v -0.083894 0.122957 -0.166009
v -0.051984 0.122957 -0.142834
v -0.063614 0.122957 -0.174786
v -0.028051 0.122957 -0.149388
v -0.042443 0.122957 -0.181095
v -0.020670 0.122957 -0.184845
v -0.120073 0.122957 -0.142000
v -0.018763 0.122957 -0.184775
v -0.016618 0.122957 -0.183892
v -0.015118 0.122957 -0.182378
v -0.003362 0.122957 -0.151961
v -0.005241 0.122957 -0.182925
v 0.021412 0.122957 -0.150482
v 0.005240 0.122957 -0.182925
v 0.029775 0.122957 -0.180562
v 0.045618 0.122957 -0.144993
v 0.053778 0.122957 -0.174919
v 0.068604 0.122957 -0.135635
v 0.076799 0.122957 -0.166107
v 0.089767 0.122957 -0.122666
v 0.098425 0.122957 -0.154274
v 0.118263 0.122957 -0.139651
v 0.108533 0.122957 -0.106416
v 0.135964 0.122957 -0.122491
v 0.124986 0.122957 -0.086641
v 0.146577 0.122957 -0.100290
v 0.150952 0.122957 -0.100521
v 0.155831 0.122950 -0.095964
v 0.151190 0.122957 -0.103101
v 0.127713 0.122964 -0.085989
v -0.166214 0.152960 0.158979
v -0.165141 0.130128 0.160094
v -0.175635 0.130388 0.148548
v -0.178572 0.152967 0.144980
v -0.179806 0.133500 0.143312
v -0.158215 0.152960 0.166368
v -0.153532 0.129925 0.171317
v -0.145513 0.152967 0.178103
v -0.141167 0.129792 0.181580
v -0.130049 0.129701 0.189705
v -0.122365 0.152960 0.194745
v -0.118538 0.129659 0.197100
v -0.109845 0.152960 0.201580
v -0.106403 0.129624 0.203907
v -0.097241 0.129652 0.208436
v -0.097480 0.152960 0.208316
v -0.084700 0.129638 0.213791
v -0.082639 0.152960 0.214177
v -0.071619 0.129771 0.218565
v -0.071115 0.152960 0.218726
v -0.058454 0.129869 0.222449
v -0.054031 0.152960 0.223143
v -0.052860 0.129897 0.223830
v -0.047498 0.131916 0.225028
v -0.043670 0.152960 0.225814
v -0.036723 0.136767 0.227075
v -0.025619 0.152960 0.228569
v -0.025577 0.143076 0.228562
v 0.081229 0.124261 0.211877
v 0.072572 0.124597 0.215502
v 0.067763 0.142957 0.227426
v 0.075228 0.143006 0.225148
v 0.088800 0.123616 0.207791
v 0.085204 0.142929 0.221061
v 0.077549 0.123251 0.211716
v 0.064068 0.123385 0.216357
v 0.060675 0.142978 0.229024
v 0.065947 0.124548 0.217563
v 0.057864 0.133542 0.224040
v 0.059379 0.123980 0.218677
v 0.065947 0.124548 0.217563
v 0.059379 0.123980 0.218677
v 0.062120 0.118197 0.208954
v 0.068387 0.116157 0.203865
v 0.063627 0.115302 0.204082
v 0.066795 0.110998 0.196406
v 0.074086 0.109399 0.191289
v 0.068295 0.108103 0.191114
v 0.080956 0.108320 0.186578
v 0.092228 0.109413 0.183227
v 0.075242 0.111250 0.191787
v 0.068387 0.116157 0.203865
v 0.092151 0.111033 0.184237
v 0.082077 0.116052 0.188940
v 0.102820 0.116045 0.178488
v 0.109094 0.111061 0.174745
v 0.122042 0.111313 0.165996
v 0.121783 0.116052 0.166144
v 0.075285 0.116052 0.191751
v 0.110244 0.109427 0.172999
v 0.098327 0.108495 0.178460
v 0.115081 0.108250 0.167553
v 0.124594 0.109406 0.162982
v 0.109094 0.111061 0.174745
v 0.124594 0.109406 0.162982
v 0.122042 0.111313 0.165996
v 0.070980 0.116297 0.200851
v 0.066585 0.127114 0.213974
v 0.064068 0.123385 0.216357
v 0.125049 0.107976 0.159330
v 0.126865 0.109596 0.161475
v 0.123675 0.112435 0.169179
v 0.119834 0.114979 0.176462
v 0.128204 0.107962 0.150883
v 0.117184 0.114559 0.177514
v 0.116826 0.116550 0.181215
v 0.111814 0.118597 0.187833
v 0.109522 0.117882 0.187994
v 0.106402 0.120356 0.193918
v 0.099575 0.120644 0.198026
v 0.100269 0.121821 0.199568
v 0.093630 0.122992 0.204657
v 0.088695 0.122361 0.205849
v 0.088800 0.123616 0.207791
v 0.128204 0.107962 0.150883
v 0.084377 0.107955 0.128829
v 0.002604 0.107962 0.200416
v 0.068730 0.107962 0.187980
v 0.063634 0.107955 0.140234
v 0.041391 0.107955 0.148331
v -0.040782 0.107955 0.197983
v -0.020354 0.108152 0.200759
v 0.002078 0.108811 0.202512
v 0.018173 0.107955 0.152922
v -0.005479 0.107955 0.153904
v -0.028998 0.107955 0.151247
v 0.097394 0.107962 0.177030
v -0.013400 0.109771 0.203388
v 0.041594 0.107976 0.195341
v 0.044748 0.108453 0.196399
v 0.066326 0.109189 0.191548
v 0.050945 0.109610 0.196315
v 0.036456 0.110269 0.200255
v 0.023914 0.108271 0.199764
v 0.012474 0.109981 0.203185
v 0.022071 0.111054 0.202680
v 0.020129 0.126679 0.207538
v -0.001006 0.118442 0.207314
v 0.000353 0.126679 0.210721
v -0.011557 0.118442 0.207854
v -0.009475 0.126679 0.212053
v -0.003789 0.110325 0.203949
v 0.020108 0.134916 0.209985
v 0.001706 0.134916 0.214121
v 0.010133 0.142999 0.215144
v 0.026620 0.142845 0.210679
v 0.039940 0.126679 0.203711
v 0.000655 0.152946 0.218257
v 0.024034 0.152960 0.211716
v -0.007400 0.134916 0.216259
v -0.016611 0.134461 0.218145
v -0.019674 0.125418 0.212445
v -0.030582 0.127815 0.217100
v -0.027042 0.135477 0.222449
v -0.013141 0.142950 0.223297
v -0.001406 0.142957 0.219056
v -0.013141 0.142950 0.223297
v -0.025619 0.152960 0.228569
v -0.025577 0.143076 0.228562
v -0.025577 0.143076 0.228562
v -0.034115 0.120160 0.211758
v -0.032089 0.110416 0.204096
v -0.046600 0.116725 0.210784
v -0.044771 0.109617 0.200584
v -0.054571 0.127885 0.221902
v -0.058784 0.122964 0.217184
v -0.067841 0.121758 0.212684
v -0.071816 0.122943 0.213209
v -0.058454 0.129869 0.222449
v -0.071619 0.129771 0.218565
v -0.086579 0.122936 0.207728
v -0.084700 0.129638 0.213791
v -0.097241 0.129652 0.208436
v -0.106403 0.129624 0.203907
v -0.101966 0.122936 0.200542
v -0.118538 0.129659 0.197100
v -0.103424 0.121765 0.197829
v -0.079695 0.121758 0.208527
v -0.115874 0.122992 0.192957
v -0.129186 0.122922 0.184181
v -0.130049 0.129701 0.189705
v -0.141167 0.129792 0.181580
v -0.140374 0.122943 0.175811
v -0.153532 0.129925 0.171317
v -0.125555 0.121765 0.184566
v -0.145912 0.121765 0.168948
v -0.151093 0.122950 0.166711
v -0.163459 0.121758 0.152046
v -0.165141 0.130128 0.160094
v -0.164889 0.122698 0.152901
v -0.175635 0.130388 0.148548
v -0.171534 0.127107 0.148184
v -0.164027 0.122508 0.149579
v -0.157227 0.119066 0.147798
v -0.157668 0.118232 0.150686
v -0.146193 0.111236 0.147707
v -0.156378 0.120700 0.144433
v -0.176680 0.143952 0.132229
v -0.166908 0.131972 0.139042
v -0.178327 0.143490 0.133897
v -0.180360 0.138856 0.137241
v -0.167475 0.127857 0.143312
v -0.162386 0.122999 0.146382
v -0.179806 0.133500 0.143312
v -0.180647 0.135849 0.140206
v -0.163459 0.121758 0.152046
v -0.146403 0.112379 0.145260
v -0.141209 0.108032 0.145849
v -0.176112 0.143931 0.130925
v -0.175930 0.143721 0.129228
v -0.145415 0.110465 0.142975
v -0.141209 0.108032 0.145849
v -0.140795 0.107976 0.143080
v -0.148716 0.109021 0.137605
v -0.149915 0.107962 0.133105
v -0.138384 0.107955 0.131794
v -0.142211 0.107962 0.125450
v -0.133378 0.107955 0.135026
v -0.109551 0.107955 0.170041
v -0.127924 0.107955 0.136210
v -0.118804 0.107955 0.133722
v -0.068633 0.107955 0.190041
v -0.051830 0.107955 0.145015
v -0.073442 0.107955 0.135362
v -0.093316 0.107955 0.122506
v -0.114942 0.107955 0.129088
v -0.136526 0.107962 0.108577
v -0.140388 0.107955 0.113210
v -0.149936 0.107955 0.105359
v -0.126719 0.107955 0.087778
v -0.142449 0.107955 0.118265
v -0.127104 0.107955 0.106053
v -0.120199 0.107955 0.107974
v -0.110988 0.107955 0.106761
v -0.114816 0.107955 0.113126
v -0.112474 0.107962 0.121440
v -0.153322 0.107955 0.106102
v -0.169964 0.107969 0.107252
v -0.156617 0.107955 0.104076
v -0.172558 0.107955 0.088661
v -0.196546 0.107955 0.036302
v -0.167707 0.107955 0.084967
v -0.182302 0.107955 0.066355
v -0.189172 0.107955 0.042997
v -0.183087 0.107955 0.042710
v -0.186872 0.107955 0.020901
v -0.182793 0.107969 0.082807
v -0.193588 0.108053 0.055139
v -0.189571 0.108642 0.071851
v -0.198607 0.108467 0.037704
v -0.196546 0.109266 0.052811
v -0.200381 0.110079 0.038300
v -0.199547 0.110731 0.044322
v -0.206704 0.126784 0.050252
v -0.208989 0.126784 0.036288
v -0.216266 0.143006 0.045731
v -0.217303 0.142957 0.034319
v -0.217303 0.152960 0.034319
v -0.215817 0.152960 0.048717
v -0.214513 0.142957 0.055903
v -0.213244 0.142957 0.061013
v -0.195369 0.110157 0.059183
v -0.193034 0.110612 0.066901
v -0.211913 0.142957 0.066397
v -0.214471 0.152960 0.054529
v -0.214513 0.142957 0.055903
v -0.213244 0.142957 0.061013
v -0.211913 0.142957 0.066397
v -0.211134 0.152960 0.068998
v -0.209410 0.142957 0.073975
v -0.191177 0.110234 0.071795
v -0.209410 0.142957 0.073975
v -0.186038 0.109568 0.083340
v -0.207959 0.142964 0.078251
v -0.203346 0.143132 0.088899
v -0.180472 0.110780 0.096113
v -0.172502 0.109336 0.108177
v -0.182204 0.108439 0.087616
v -0.197983 0.142971 0.098896
v -0.192039 0.143062 0.108226
v -0.166760 0.110206 0.117528
v -0.185695 0.142957 0.116673
v -0.193168 0.152967 0.106551
v -0.200977 0.152960 0.092902
v -0.197983 0.142971 0.098896
v -0.203346 0.143132 0.088899
v -0.157956 0.108544 0.126123
v -0.164489 0.109981 0.120515
v -0.156063 0.110178 0.131191
v -0.182589 0.142978 0.120382
v -0.176420 0.143153 0.127216
v -0.180395 0.152960 0.122849
v -0.176554 0.152967 0.126999
v -0.203556 0.152960 0.088387
v -0.209101 0.152960 0.074199
v -0.207959 0.142964 0.078251
v 0.189297 0.109196 0.037249
v 0.184137 0.109189 0.053014
v 0.197267 0.123265 0.057837
v 0.185133 0.117987 0.074802
v 0.177071 0.108607 0.069187
v 0.186269 0.108229 0.041924
v 0.202630 0.122466 0.036344
v 0.193033 0.109182 0.023222
v 0.193931 0.108187 0.012812
v 0.196840 0.109105 0.004946
v 0.203647 0.121905 0.029482
v 0.204922 0.120251 0.014634
v 0.198648 0.107983 -0.023949
v 0.205014 0.118330 0.002366
v 0.190222 0.107955 0.006446
v 0.186395 0.107955 0.000102
v 0.199251 0.109399 -0.009214
v 0.204186 0.115414 -0.011100
v 0.209682 0.142978 -0.011493
v 0.200934 0.109505 -0.025499
v 0.198915 0.109245 -0.037528
v 0.210033 0.143055 0.003874
v 0.209956 0.152995 -0.001699
v 0.208350 0.143104 -0.026866
v 0.202027 0.111278 -0.025541
v 0.200127 0.111180 -0.037493
v 0.208273 0.152960 -0.026873
v 0.208245 0.152974 0.027014
v 0.208981 0.143048 0.021231
v 0.206808 0.142957 0.036464
v 0.202574 0.152960 0.055342
v 0.203647 0.121905 0.029482
v 0.204922 0.120251 0.014634
v 0.205476 0.142957 0.043362
v 0.202350 0.142999 0.056183
v 0.198445 0.142957 0.068703
v 0.197863 0.124702 0.058538
v 0.193440 0.125284 0.072145
v 0.193068 0.152967 0.082597
v 0.201109 0.124639 0.046145
v 0.195802 0.143146 0.075930
v 0.190173 0.142648 0.089025
v 0.181018 0.152960 0.106453
v 0.189002 0.124681 0.082597
v 0.182756 0.125270 0.095944
v 0.187327 0.142957 0.094907
v 0.181018 0.142957 0.106453
v 0.180212 0.152960 0.126186
v 0.180212 0.142957 0.126186
v 0.178487 0.136739 0.124623
v 0.175837 0.125165 0.108072
v 0.171232 0.108762 0.082422
v 0.177317 0.108089 0.064883
v 0.192192 0.123896 0.073267
v 0.024966 0.109610 -0.202406
v 0.022043 0.118442 -0.208014
v 0.141194 0.152960 -0.116420
v 0.156356 0.152960 -0.095088
v 0.151190 0.122957 -0.103101
v 0.135964 0.122957 -0.122491
v 0.156952 0.142957 -0.094065
v 0.123150 0.152960 -0.135361
v 0.118263 0.122957 -0.139651
v 0.102582 0.152960 -0.151540
v 0.098425 0.122957 -0.154274
v 0.079925 0.152960 -0.164621
v 0.076799 0.122957 -0.166107
v 0.055628 0.152960 -0.174337
v 0.053778 0.122957 -0.174919
v 0.030196 0.152960 -0.180492
v 0.029775 0.122957 -0.180562
v 0.005240 0.122957 -0.182925
v 0.005240 0.152960 -0.182925
v 0.155831 0.122950 -0.095964
v 0.163675 0.142964 -0.081853
v 0.155971 0.112954 -0.095747
v 0.163682 0.113024 -0.081839
v 0.154260 0.121275 -0.097457
v 0.154008 0.113171 -0.097654
v 0.150952 0.122957 -0.100521
v 0.151625 0.120454 -0.098355
v 0.151155 0.113269 -0.098376
v 0.148456 0.119957 -0.097948
v 0.148379 0.112982 -0.097878
v 0.129367 0.112954 -0.083451
v 0.129865 0.119964 -0.083823
v 0.127517 0.119964 -0.083052
v 0.125827 0.112954 -0.083115
v 0.124734 0.119971 -0.083416
v 0.123051 0.112954 -0.084300
v 0.122701 0.119957 -0.084713
v 0.107384 0.112961 -0.103290
v 0.106388 0.119957 -0.104320
v 0.090153 0.112933 -0.118656
v 0.087994 0.119957 -0.120240
v 0.067251 0.119957 -0.132957
v 0.070742 0.112919 -0.131176
v 0.044713 0.119957 -0.142133
v 0.049599 0.112904 -0.140563
v 0.020991 0.119957 -0.147517
v 0.028057 0.112961 -0.146332
v 0.020949 0.112961 -0.147138
v -0.003299 0.119957 -0.148961
v 0.005296 0.112961 -0.148905
v -0.003278 0.112961 -0.148554
v -0.027498 0.119957 -0.146444
v -0.017585 0.112961 -0.147958
v -0.027414 0.112961 -0.146016
v -0.050960 0.119957 -0.140016
v -0.040053 0.112961 -0.143514
v -0.061574 0.112961 -0.135684
v -0.073070 0.119957 -0.129851
v -0.081637 0.112961 -0.124643
v -0.093224 0.119957 -0.116231
v -0.099772 0.112961 -0.110665
v -0.110897 0.119957 -0.099511
v -0.115552 0.112961 -0.094065
v -0.125618 0.119957 -0.080136
v -0.128604 0.112961 -0.075249
v -0.136982 0.119957 -0.058621
v -0.138615 0.112961 -0.054647
v -0.144700 0.119957 -0.035551
v -0.145352 0.112961 -0.032761
v -0.148555 0.119957 -0.011528
v -0.148660 0.112961 -0.010098
v -0.148450 0.119964 0.014536
v -0.148443 0.112954 0.014648
v -0.149817 0.119964 0.017214
v -0.149901 0.112975 0.017333
v -0.152607 0.119957 0.019226
v -0.152761 0.112940 0.019212
v 0.138873 0.122957 0.119176
v 0.139147 0.152960 0.118853
v 0.121593 0.152960 0.136764
v 0.121593 0.122957 0.136764
v 0.154660 0.152960 0.097830
v 0.153629 0.122957 0.099428
v 0.165603 0.122957 0.077879
v 0.167047 0.152960 0.074739
v 0.174569 0.122957 0.054914
v 0.175992 0.152960 0.050147
v 0.180366 0.122957 0.030961
v 0.181347 0.152960 0.024532
v 0.182890 0.122957 0.006432
v 0.182995 0.152960 -0.001580
v 0.182090 0.122957 -0.018201
v 0.180857 0.152918 -0.027637
v 0.180639 0.142957 -0.029018
v 0.177997 0.142964 -0.042505
v 0.181179 0.122768 -0.026017
v 0.177997 0.112961 -0.042512
v 0.181158 0.112975 -0.026053
v 0.180191 0.152981 -0.029754
v 0.178445 0.142957 -0.031506
v 0.178277 0.152960 -0.031626
v 0.176034 0.142957 -0.032348
v 0.175887 0.152960 -0.032348
v 0.164138 0.142957 -0.031815
v 0.164215 0.167955 -0.031808
v 0.179364 0.154299 -0.032523
v 0.162280 0.167955 -0.032348
v 0.184137 0.157958 -0.032747
v 0.190657 0.167941 -0.033056
v 0.193966 0.166237 -0.033217
v 0.200786 0.157958 -0.033539
v 0.162280 0.142957 -0.032348
v 0.160527 0.167948 -0.033455
v 0.160401 0.142957 -0.033602
v 0.159174 0.167955 -0.035439
v 0.159174 0.142957 -0.035474
v 0.153167 0.142957 -0.055747
v 0.153167 0.167955 -0.055747
v 0.144713 0.142957 -0.075172
v 0.144734 0.167962 -0.075137
v 0.144460 0.167955 -0.077430
v 0.144495 0.142957 -0.077612
v 0.145105 0.167955 -0.079533
v 0.145757 0.142957 -0.080752
v 0.146199 0.167962 -0.081159
v 0.155627 0.142957 -0.088344
v 0.155761 0.152519 -0.088464
v 0.162105 0.157958 -0.093272
v 0.167096 0.167934 -0.097072
v 0.169816 0.166441 -0.099140
v 0.175368 0.157958 -0.103367
v 0.156875 0.152883 -0.090356
v 0.156980 0.142957 -0.090595
v 0.157156 0.152981 -0.093139
v -0.005241 0.122957 0.182926
v -0.030197 0.152960 0.180493
v -0.029776 0.122957 0.180563
v -0.005388 0.152925 0.182919
v -0.053772 0.122957 0.174920
v -0.055629 0.152960 0.174338
v -0.076793 0.122957 0.166109
v -0.079926 0.152960 0.164622
v -0.098426 0.122957 0.154275
v -0.102583 0.152960 0.151542
v -0.118265 0.122957 0.139652
v -0.123151 0.152960 0.135362
v -0.135965 0.122957 0.122485
v -0.141195 0.152960 0.116414
v -0.151191 0.122957 0.103102
v -0.156357 0.152960 0.095089
v -0.156953 0.142957 0.094066
v -0.155832 0.122950 0.095958
v -0.163669 0.142964 0.081854
v -0.155972 0.112954 0.095741
v -0.163683 0.113017 0.081840
v -0.154261 0.121275 0.097459
v -0.154009 0.113171 0.097655
v -0.150953 0.122957 0.100522
v -0.151626 0.120454 0.098356
v -0.151156 0.113269 0.098377
v -0.148457 0.119957 0.097949
v -0.148380 0.112982 0.097872
v -0.129284 0.112961 0.083382
v -0.129383 0.119978 0.083480
v -0.157157 0.152981 0.093147
v -0.156981 0.142957 0.090596
v -0.156876 0.152883 0.090364
v -0.155628 0.142957 0.088345
v -0.155755 0.152519 0.088465
v -0.146200 0.167962 0.081160
v -0.146256 0.142957 0.081181
v -0.162106 0.157958 0.093274
v -0.167097 0.167934 0.097073
v -0.169810 0.166441 0.099141
v -0.175362 0.157958 0.103368
v -0.144875 0.142957 0.079120
v -0.144791 0.167948 0.078952
v -0.144440 0.142957 0.075825
v -0.144482 0.167969 0.075762
v -0.138874 0.122957 -0.119175
v -0.121594 0.152960 -0.136763
v -0.121594 0.122957 -0.136763
v -0.139148 0.152960 -0.118852
v -0.154661 0.152960 -0.097829
v -0.153631 0.122957 -0.099434
v -0.165604 0.122957 -0.077878
v -0.167041 0.152960 -0.074738
v -0.174563 0.122957 -0.054920
v -0.175993 0.152960 -0.050146
v -0.180360 0.122957 -0.030960
v -0.181348 0.152960 -0.024538
v -0.182884 0.122957 -0.006438
v -0.182996 0.152960 0.001581
v -0.182092 0.122957 0.018202
v -0.180858 0.152918 0.027638
v -0.180640 0.142957 0.029019
v -0.177998 0.142964 0.042499
v -0.181180 0.122768 0.026012
v -0.177991 0.112961 0.042513
v -0.181159 0.112975 0.026054
v -0.180192 0.152981 0.029762
v -0.178439 0.142957 0.031507
v -0.178271 0.152960 0.031627
v -0.176035 0.142957 0.032349
v -0.175888 0.152960 0.032349
v -0.164139 0.142957 0.031816
v -0.164209 0.167955 0.031809
v -0.179365 0.154299 0.032524
v -0.162281 0.167955 0.032349
v -0.184131 0.157958 0.032748
v -0.190658 0.167941 0.033057
v -0.193967 0.166237 0.033211
v -0.200787 0.157958 0.033540
v -0.162281 0.142957 0.032349
v -0.160521 0.167948 0.033456
v -0.160402 0.142957 0.033596
v -0.159176 0.167955 0.035440
v -0.159169 0.142957 0.035475
v -0.153168 0.142957 0.055748
v -0.153168 0.167955 0.055748
v -0.144440 0.142957 0.075825
v -0.144482 0.167969 0.075762
v 0.113132 0.122957 0.101517
v 0.138873 0.122957 0.119176
v 0.121593 0.122957 0.136764
v 0.128148 0.122957 0.081749
v 0.153629 0.122957 0.099428
v 0.165603 0.122957 0.077879
v 0.113567 0.122957 0.143494
v 0.139742 0.122957 0.059807
v 0.174569 0.122957 0.054914
v 0.147608 0.122957 0.036267
v 0.180366 0.122957 0.030961
v 0.095102 0.122957 0.118573
v 0.074541 0.122957 0.132467
v 0.105645 0.122957 0.149424
v 0.151547 0.122957 0.011760
v 0.182890 0.122957 0.006432
v 0.176854 0.122957 -0.017395
v 0.151442 0.122957 -0.013883
v 0.121635 0.122957 0.139000
v 0.115901 0.122957 0.143936
v 0.118390 0.122957 0.143277
v 0.105540 0.122957 0.151324
v 0.104433 0.122957 0.153602
v 0.179749 0.122957 -0.019540
v 0.182090 0.122957 -0.018201
v 0.181179 0.122768 -0.026017
v 0.152879 0.122971 -0.016168
v 0.102988 0.122957 0.154885
v 0.083893 0.122957 0.166003
v 0.120072 0.122957 0.142001
v 0.063613 0.122957 0.174780
v 0.051990 0.122957 0.142835
v 0.028050 0.122957 0.149389
v 0.042442 0.122957 0.181096
v 0.020669 0.122957 0.184847
v 0.018762 0.122957 0.184776
v 0.016617 0.122957 0.183893
v 0.015117 0.122957 0.182372
v 0.003361 0.122957 0.151962
v 0.005240 0.122957 0.182926
v -0.021413 0.122957 0.150483
v -0.005241 0.122957 0.182926
v -0.029776 0.122957 0.180563
v -0.045619 0.122957 0.144994
v -0.053772 0.122957 0.174920
v -0.068605 0.122957 0.135636
v -0.076793 0.122957 0.166109
v -0.089761 0.122957 0.122667
v -0.098426 0.122957 0.154275
v -0.118265 0.122957 0.139652
v -0.108527 0.122957 0.106417
v -0.135965 0.122957 0.122485
v -0.125169 0.122957 0.086432
v -0.146578 0.122957 0.100291
v 0.004055 0.122957 0.184475
v -0.004406 0.122957 0.184075
v -0.150953 0.122957 0.100522
v -0.155832 0.122950 0.095958
v -0.151191 0.122957 0.103102
v -0.127903 0.122964 0.086109
v 0.002127 0.122957 0.185611
v 0.000031 0.122957 0.186052
v -0.002612 0.122957 0.185442
v 0.138642 0.153956 -0.164327
v 0.154141 0.140349 -0.149886
v 0.134310 0.140342 -0.167881
v 0.154141 0.153956 -0.149886
v 0.115375 0.153956 -0.181418
v 0.111548 0.140342 -0.183794
v 0.090034 0.153956 -0.195241
v 0.086928 0.140342 -0.196636
v 0.063052 0.153956 -0.205546
v 0.060830 0.140349 -0.206212
v 0.037023 0.153956 -0.211785
v 0.037086 0.140342 -0.211771
v 0.008345 0.152287 -0.200219
v 0.003873 0.157958 -0.202756
v 0.037023 0.153956 -0.211785
v 0.036470 0.157958 -0.215942
v 0.063052 0.153956 -0.205546
v 0.064237 0.157958 -0.209367
v 0.090034 0.153956 -0.195241
v 0.091709 0.157958 -0.198873
v 0.115375 0.153956 -0.181418
v 0.117527 0.157958 -0.184796
v 0.138642 0.153956 -0.164327
v 0.141222 0.157958 -0.167383
v 0.154141 0.153956 -0.149886
v 0.161789 0.157958 -0.147601
v 0.052901 0.135652 0.203332
v 0.034458 0.142866 0.208919
v 0.057493 0.126883 0.199806
v 0.049782 0.111068 0.197563
v 0.064412 0.111159 0.193448
v 0.052474 0.142697 0.206452
v 0.050497 0.142887 0.205933
v 0.032530 0.152960 0.209340
v 0.050490 0.152967 0.205926
v 0.052761 0.152680 0.206620
v 0.053785 0.142838 0.207580
v 0.054415 0.152715 0.208751
v 0.054507 0.142817 0.209487
v 0.054443 0.142417 0.211050
v 0.054387 0.152988 0.211198
v 0.049417 0.152946 0.220346
v 0.049487 0.142936 0.220234
v 0.049067 0.142866 0.222806
v 0.052894 0.133788 0.219939
v 0.049088 0.152967 0.223500
v 0.066795 0.110998 0.196406
v 0.059498 0.126069 0.207111
v 0.053069 0.136543 0.216273
v 0.063627 0.115302 0.204082
v 0.058509 0.125326 0.211085
v 0.066550 0.111383 0.194927
v 0.053785 0.142838 0.207580
v 0.065505 0.111481 0.193932
v 0.066326 0.109189 0.191548
v 0.068295 0.108103 0.191114
v 0.068295 0.108103 0.191114
v 0.062120 0.118197 0.208954
v 0.055180 0.129652 0.219995
v 0.049494 0.142704 0.225106
v 0.050679 0.142585 0.227153
v 0.056434 0.129147 0.221061
v 0.054380 0.142725 0.229508
v 0.052361 0.142627 0.228660
v 0.056764 0.142929 0.229662
v 0.050300 0.152953 0.226760
v 0.050679 0.142585 0.227153
v 0.052361 0.142627 0.228660
v 0.052249 0.152960 0.228541
v 0.054380 0.142725 0.229508
v 0.054598 0.152953 0.229585
v 0.056764 0.142929 0.229662
v 0.057128 0.152960 0.229613
v 0.060675 0.142978 0.229024
v 0.067763 0.142957 0.227426
v 0.074773 0.152960 0.225302
v 0.075228 0.143006 0.225148
v 0.091359 0.152960 0.217864
v 0.092845 0.142957 0.217016
v 0.093630 0.122992 0.204657
v 0.098993 0.142936 0.213034
v 0.106332 0.152960 0.207545
v 0.100269 0.121821 0.199568
v 0.105757 0.142999 0.208022
v 0.112340 0.142957 0.202119
v 0.118586 0.142964 0.195404
v 0.111814 0.118597 0.187833
v 0.119161 0.152960 0.194710
v 0.106402 0.120356 0.193918
v 0.122308 0.142957 0.190763
v 0.129480 0.152960 0.179743
v 0.127650 0.142957 0.182870
v 0.116826 0.116550 0.181215
v 0.129753 0.142957 0.179049
v 0.119834 0.114979 0.176462
v 0.123675 0.112435 0.169179
v 0.132024 0.142957 0.174927
v 0.135719 0.142950 0.166473
v 0.136910 0.152960 0.163164
v 0.138284 0.142957 0.159547
v 0.129248 0.111145 0.157591
v 0.132908 0.111580 0.150132
v 0.126865 0.109596 0.161475
v 0.142007 0.152953 0.152306
v 0.140787 0.142957 0.154402
v 0.143416 0.134222 0.146200
v 0.148743 0.142929 0.143333
v 0.141859 0.111545 0.137584
v 0.135137 0.111180 0.146375
v 0.149276 0.152953 0.142786
v 0.151071 0.117040 0.131233
v 0.152956 0.142992 0.139288
v 0.131996 0.108965 0.148072
v -0.115117 0.116052 0.170833
v -0.124062 0.126967 0.184096
v -0.093449 0.116052 0.183585
v -0.145520 0.126960 0.167658
v -0.132250 0.116052 0.157949
v -0.100711 0.126967 0.197843
v -0.070435 0.116059 0.193581
v -0.075867 0.126967 0.208632
v -0.057578 0.121331 0.205835
v -0.148555 0.121751 0.154528
v -0.164349 0.126967 0.149242
v -0.047028 0.116052 0.200563
v 0.042442 0.122957 0.181096
v 0.042442 0.152960 0.181096
v 0.020669 0.152960 0.184847
v 0.063613 0.122957 0.174780
v 0.063613 0.152960 0.174780
v 0.020669 0.122957 0.184847
v 0.083893 0.122957 0.166003
v 0.083893 0.152960 0.166003
v 0.102988 0.122957 0.154885
v 0.102988 0.152960 0.154885
v 0.104433 0.122957 0.153602
v 0.104531 0.152946 0.153490
v 0.105540 0.122957 0.151324
v 0.105512 0.152925 0.151324
v 0.105645 0.152946 0.149481
v 0.105645 0.122957 0.149424
v 0.018755 0.152960 0.184804
v 0.018762 0.122957 0.184776
v 0.016617 0.122957 0.183893
v 0.016491 0.152960 0.183816
v 0.015117 0.122957 0.182372
v 0.015152 0.152960 0.182428
v 0.042442 0.152960 0.181096
v 0.043585 0.157958 0.185961
v 0.019042 0.157951 0.190132
v 0.063613 0.152960 0.174780
v 0.020669 0.152960 0.184847
v 0.065323 0.157958 0.179484
v 0.083893 0.152960 0.166003
v 0.086150 0.157958 0.170469
v 0.102988 0.152960 0.154885
v 0.105757 0.157958 0.159049
v 0.104531 0.152946 0.153490
v 0.108625 0.157958 0.156407
v 0.105512 0.152925 0.151324
v 0.110461 0.157958 0.152151
v 0.105645 0.152946 0.149481
v 0.018755 0.152960 0.184804
v 0.016491 0.152960 0.183816
v 0.012754 0.158015 0.187573
v 0.015152 0.152960 0.182428
v -0.102990 0.152960 -0.154884
v -0.086151 0.157958 -0.170468
v -0.083894 0.152960 -0.166009
v -0.065324 0.157958 -0.179483
v -0.063614 0.152960 -0.174786
v -0.105759 0.157958 -0.159048
v -0.043579 0.157958 -0.185960
v -0.042443 0.152960 -0.181095
v -0.019969 0.157958 -0.190019
v -0.020670 0.152960 -0.184845
v -0.104532 0.152946 -0.153489
v -0.108612 0.157958 -0.156419
v -0.105506 0.152925 -0.151330
v -0.110497 0.157958 -0.152122
v -0.105646 0.152946 -0.149479
v -0.018756 0.152995 -0.184803
v -0.015258 0.157958 -0.188834
v -0.016478 0.152981 -0.183808
v -0.013737 0.156577 -0.186107
v -0.015153 0.152960 -0.182427
v -0.010498 0.157972 -0.187600
v -0.015153 0.152960 -0.182427
v -0.007196 0.156914 -0.186815
v -0.005241 0.152960 -0.182925
v -0.004736 0.157972 -0.190026
v -0.003916 0.152981 -0.184607
v -0.005241 0.152960 -0.182925
v -0.001385 0.152995 -0.185918
v 0.000353 0.157958 -0.191084
v 0.001461 0.152995 -0.185869
v 0.005099 0.157958 -0.189816
v 0.003894 0.153009 -0.184642
v 0.007728 0.157958 -0.187825
v 0.005240 0.152960 -0.182925
v 0.122364 0.152960 -0.194744
v 0.130047 0.129701 -0.189703
v 0.145512 0.152967 -0.178102
v 0.118551 0.129659 -0.197092
v 0.109844 0.152960 -0.201579
v 0.106297 0.129645 -0.203962
v 0.141165 0.129792 -0.181579
v 0.153538 0.129925 -0.171316
v 0.158214 0.152960 -0.166367
v 0.165140 0.130128 -0.160093
v 0.097240 0.129652 -0.208434
v 0.097486 0.152960 -0.208322
v 0.084699 0.129638 -0.213797
v 0.082645 0.152960 -0.214176
v 0.071618 0.129771 -0.218564
v 0.071121 0.152960 -0.218732
v 0.058453 0.129869 -0.222448
v 0.054030 0.152960 -0.223142
v 0.166213 0.152960 -0.158978
v 0.175641 0.130388 -0.148540
v 0.178550 0.152974 -0.145000
v 0.179819 0.133521 -0.143290
v 0.180065 0.152617 -0.142638
v 0.180681 0.152631 -0.139869
v 0.180646 0.135856 -0.140198
v 0.180359 0.138863 -0.137233
v 0.180254 0.152547 -0.137016
v 0.052859 0.129897 -0.223836
v 0.047503 0.131916 -0.225027
v 0.043669 0.152960 -0.225813
v 0.036729 0.136767 -0.227074
v 0.025618 0.152960 -0.228567
v 0.025576 0.143076 -0.228560
v 0.179055 0.152540 -0.134737
v 0.178333 0.143483 -0.133903
v 0.176938 0.152448 -0.132606
v 0.176679 0.143959 -0.132207
v 0.175859 0.152484 -0.130005
v 0.176111 0.143931 -0.130917
v 0.175929 0.143714 -0.129227
v 0.176567 0.152960 -0.126984
v 0.176419 0.143153 -0.127215
v 0.155964 0.110107 -0.131267
v 0.164488 0.109981 -0.120521
v 0.182588 0.142978 -0.120381
v 0.176419 0.143153 -0.127215
v 0.176567 0.152960 -0.126984
v 0.145210 0.110283 -0.143093
v 0.158270 0.108558 -0.125743
v 0.142182 0.108516 -0.143423
v 0.146423 0.112393 -0.145273
v 0.175929 0.143714 -0.129227
v 0.176111 0.143931 -0.130917
v 0.180394 0.152960 -0.122848
v 0.138389 0.107955 -0.131793
v 0.142210 0.107962 -0.125449
v 0.133377 0.107955 -0.135025
v 0.142448 0.107955 -0.118263
v 0.176679 0.143959 -0.132207
v 0.146192 0.111229 -0.147706
v 0.156363 0.120707 -0.144418
v 0.157226 0.119066 -0.147804
v 0.157667 0.118232 -0.150685
v 0.164025 0.122508 -0.149578
v 0.171526 0.127107 -0.148176
v 0.164888 0.122698 -0.152900
v 0.175641 0.130388 -0.148540
v 0.165140 0.130128 -0.160093
v 0.151092 0.122950 -0.166710
v 0.153538 0.129925 -0.171316
v 0.166893 0.131979 -0.139027
v 0.178333 0.143483 -0.133903
v 0.180359 0.138863 -0.137233
v 0.167446 0.127843 -0.143318
v 0.162385 0.122999 -0.146381
v 0.179819 0.133521 -0.143290
v 0.180646 0.135856 -0.140198
v 0.163458 0.121758 -0.152045
v 0.163458 0.121758 -0.152045
v 0.145911 0.121765 -0.168947
v 0.140373 0.122943 -0.175809
v 0.141165 0.129792 -0.181579
v 0.129185 0.122922 -0.184179
v 0.130047 0.129701 -0.189703
v 0.118551 0.129659 -0.197092
v 0.115859 0.122985 -0.192970
v 0.106297 0.129645 -0.203962
v 0.125554 0.121765 -0.184565
v 0.103416 0.121765 -0.197828
v 0.101818 0.122936 -0.200611
v 0.086592 0.122936 -0.207726
v 0.079694 0.121758 -0.208533
v 0.097240 0.129652 -0.208434
v 0.084699 0.129638 -0.213797
v 0.071618 0.129771 -0.218564
v 0.071815 0.122943 -0.213208
v 0.058453 0.129869 -0.222448
v 0.052859 0.129897 -0.223836
v 0.047503 0.131916 -0.225027
v 0.040535 0.130283 -0.221775
v 0.036729 0.136767 -0.227074
v -0.190174 0.142648 -0.089031
v -0.195796 0.143146 -0.075929
v -0.192193 0.123896 -0.073266
v -0.185134 0.117987 -0.074808
v -0.066586 0.127114 -0.213972
v -0.070161 0.121934 -0.202833
v -0.070974 0.116297 -0.200850
v -0.075236 0.111250 -0.191785
v -0.075286 0.116052 -0.191750
v -0.197296 0.169728 0.038952
v -0.192221 0.169728 0.059043
v -0.201566 0.157958 0.061195
v -0.206935 0.157958 0.039380
v -0.193784 0.157958 0.082597
v -0.185309 0.169714 0.078090
v -0.183837 0.157958 0.102842
v -0.176175 0.169763 0.096968
v -0.182561 0.171803 0.076435
v -0.173469 0.171852 0.095166
v -0.170413 0.172946 0.093302
v -0.179974 0.172729 0.075356
v -0.189263 0.171803 0.057879
v -0.194177 0.171782 0.038553
v -0.190532 0.172939 0.038083
v -0.186585 0.172729 0.057059
v -0.182526 0.172946 0.062836
v -0.181489 0.172960 0.058384
v -0.179217 0.172960 0.055188
v -0.174787 0.172960 0.052930
v -0.168800 0.172960 0.052552
v -0.163998 0.172960 0.036821
v -0.164041 0.172960 0.055657
v -0.157872 0.172960 0.057459
v -0.161194 0.172953 0.061293
v -0.161110 0.172960 0.066102
v -0.149326 0.172960 0.077206
v -0.162491 0.172960 0.069502
v -0.167791 0.172960 0.071830
v -0.175201 0.172960 0.074507
v -0.178832 0.172960 0.071752
v -0.166529 0.172960 0.067371
v -0.171240 0.172960 0.062338
v -0.165120 0.172960 0.063509
v -0.167076 0.172960 0.058903
v -0.170413 0.172960 0.057823
v -0.175888 0.172960 0.059387
v -0.174591 0.172960 0.063558
v -0.178285 0.172953 0.062836
v -0.177030 0.172981 0.067518
v -0.172992 0.172960 0.067939
v -0.181278 0.172925 0.068135
v 0.168799 0.172960 -0.052551
v 0.190531 0.172939 -0.038082
v 0.163997 0.172960 -0.036820
v 0.164046 0.172960 -0.055656
v 0.157871 0.172960 -0.057458
v 0.161193 0.172953 -0.061292
v 0.174786 0.172960 -0.052936
v 0.179216 0.172960 -0.055187
v 0.161109 0.172960 -0.066101
v 0.149325 0.172960 -0.077205
v 0.162497 0.172960 -0.069501
v 0.170412 0.172946 -0.093300
v 0.167790 0.172960 -0.071829
v 0.175200 0.172960 -0.074513
v 0.178838 0.172960 -0.071751
v 0.166528 0.172960 -0.067370
v 0.171239 0.172960 -0.062337
v 0.165119 0.172960 -0.063515
v 0.167075 0.172960 -0.058902
v 0.170412 0.172960 -0.057829
v 0.175887 0.172960 -0.059386
v 0.174590 0.172960 -0.063557
v 0.178284 0.172953 -0.062842
v 0.177036 0.172981 -0.067524
v 0.172991 0.172960 -0.067938
v 0.179980 0.172729 -0.075355
v 0.182560 0.171803 -0.076434
v 0.173468 0.171852 -0.095172
v 0.185308 0.169714 -0.078089
v 0.192220 0.169728 -0.059049
v 0.193783 0.157958 -0.082596
v 0.183836 0.157958 -0.102841
v 0.176174 0.169763 -0.096967
v 0.201565 0.157958 -0.061194
v 0.197302 0.169728 -0.038951
v 0.206934 0.157958 -0.039379
v 0.189262 0.171803 -0.057878
v 0.194176 0.171782 -0.038559
v 0.186584 0.172729 -0.057058
v 0.182525 0.172946 -0.062835
v 0.181495 0.172960 -0.058383
v 0.181277 0.172925 -0.068134
v 0.144888 0.134587 -0.147215
v 0.147019 0.153956 -0.147874
v 0.135831 0.153956 -0.144061
v 0.136020 0.128488 -0.144643
v 0.154141 0.153956 -0.149886
v 0.154141 0.140349 -0.149886
v -0.177605 0.157958 0.064644
v -0.177605 0.112961 0.064644
v -0.170756 0.112961 0.081013
v -0.182884 0.157958 0.047708
v -0.182884 0.112961 0.047708
v -0.170756 0.157958 0.081013
v -0.056029 0.128761 0.189908
v -0.031648 0.153956 0.195453
v -0.031087 0.128754 0.195544
v -0.007021 0.153956 0.197913
v -0.055307 0.153956 0.190118
v -0.078167 0.153963 0.181909
v -0.080031 0.128754 0.181103
v -0.099863 0.153963 0.170960
v -0.102681 0.128761 0.169298
v -0.120017 0.153970 0.157465
v -0.136021 0.128488 0.144637
v -0.135832 0.153956 0.144062
v -0.006958 0.128761 0.197920
v -0.154142 0.153956 0.149887
v -0.154142 0.140349 0.149887
v -0.138643 0.153956 0.164328
v -0.134311 0.140342 0.167882
v -0.115376 0.153956 0.181419
v -0.111549 0.140342 0.183795
v -0.090035 0.153956 0.195243
v -0.086929 0.140342 0.196638
v -0.063053 0.153956 0.205547
v -0.060831 0.140349 0.206213
v -0.037024 0.153956 0.211786
v -0.037088 0.140342 0.211772
v -0.056029 0.128761 0.189908
v -0.037088 0.140342 0.211772
v -0.060831 0.140349 0.206213
v -0.031087 0.128754 0.195544
v -0.020544 0.134047 0.204727
v -0.080031 0.128754 0.181103
v -0.086929 0.140342 0.196638
v -0.102681 0.128761 0.169298
v -0.111549 0.140342 0.183795
v -0.136021 0.128488 0.144637
v -0.134311 0.140342 0.167882
v -0.144889 0.134587 0.147209
v -0.154142 0.140349 0.149887
v -0.006530 0.129399 0.198888
v -0.006958 0.128761 0.197920
v 0.081636 0.112961 0.124644
v 0.093223 0.119957 0.116232
v 0.073069 0.119957 0.129852
v 0.099771 0.112961 0.110666
v 0.061573 0.112961 0.135685
v 0.050959 0.119957 0.140017
v 0.110903 0.119957 0.099512
v 0.115551 0.112961 0.094066
v 0.125617 0.119957 0.080137
v 0.128603 0.112961 0.075244
v 0.136980 0.119957 0.058623
v 0.138614 0.112961 0.054648
v 0.144699 0.119957 0.035552
v 0.145351 0.112961 0.032762
v 0.148554 0.119957 0.011529
v 0.148659 0.112961 0.010099
v 0.148449 0.119964 -0.014535
v 0.148449 0.112961 -0.014654
v 0.040052 0.112961 0.143515
v 0.027412 0.112961 0.146018
v 0.027497 0.119957 0.146438
v 0.017584 0.112961 0.147959
v 0.003277 0.112961 0.148548
v 0.003298 0.119957 0.148962
v -0.005297 0.112961 0.148906
v -0.020950 0.112961 0.147139
v -0.020992 0.119957 0.147511
v 0.149816 0.119964 -0.017213
v 0.149907 0.112975 -0.017339
v 0.152613 0.119957 -0.019225
v 0.152760 0.112940 -0.019211
v -0.028058 0.112961 0.146333
v -0.049601 0.112904 0.140564
v -0.044714 0.119957 0.142134
v -0.070743 0.112919 0.131177
v -0.067252 0.119957 0.132958
v -0.090154 0.112933 0.118650
v -0.087995 0.119957 0.120241
v -0.106389 0.119957 0.104321
v -0.107385 0.112961 0.103291
v -0.123144 0.119950 0.084181
v -0.123059 0.112947 0.084294
v -0.125885 0.112975 0.083088
v -0.126039 0.119936 0.083081
v -0.129284 0.112961 0.083382
v -0.129383 0.119978 0.083480
v -0.028058 0.112961 0.146333
v -0.049601 0.112904 0.140564
v -0.051830 0.107955 0.145015
v -0.073442 0.107955 0.135362
v -0.070743 0.112919 0.131177
v -0.090154 0.112933 0.118650
v -0.093316 0.107955 0.122506
v -0.107385 0.112961 0.103291
v -0.110988 0.107955 0.106761
v -0.123059 0.112947 0.084294
v -0.126719 0.107955 0.087778
v -0.028998 0.107955 0.151247
v -0.125885 0.112975 0.083088
v -0.129284 0.112961 0.083382
v -0.149936 0.107955 0.105359
v -0.148380 0.112982 0.097872
v -0.151156 0.113269 0.098377
v -0.153322 0.107955 0.106102
v -0.154009 0.113171 0.097655
v -0.156617 0.107955 0.104076
v -0.155972 0.112954 0.095741
v -0.163683 0.113017 0.081840
v -0.167707 0.107955 0.084967
v -0.005479 0.107955 0.153904
v -0.005297 0.112961 0.148906
v -0.020950 0.112961 0.147139
v 0.003277 0.112961 0.148548
v 0.017584 0.112961 0.147959
v 0.018173 0.107955 0.152922
v 0.027412 0.112961 0.146018
v 0.040052 0.112961 0.143515
v 0.041391 0.107955 0.148331
v 0.061573 0.112961 0.135685
v 0.063634 0.107955 0.140234
v 0.081636 0.112961 0.124644
v 0.084377 0.107955 0.128829
v 0.103122 0.107955 0.114374
v 0.099771 0.112961 0.110666
v 0.115551 0.112961 0.094066
v 0.119434 0.107955 0.097220
v 0.128603 0.112961 0.075244
v 0.132922 0.107955 0.077774
v 0.138614 0.112961 0.054648
v 0.143269 0.107955 0.056484
v 0.145351 0.112961 0.032762
v 0.150230 0.107955 0.033863
v 0.148659 0.112961 0.010099
v 0.153643 0.107955 0.010435
v 0.153468 0.107955 -0.014233
v 0.148449 0.112961 -0.014654
v 0.149907 0.112975 -0.017339
v 0.152760 0.112940 -0.019211
v 0.176510 0.112968 -0.020381
v 0.182637 0.107955 -0.015678
v 0.179756 0.113367 -0.022435
v 0.185813 0.107955 -0.017465
v 0.186871 0.107955 -0.020900
v 0.181158 0.112975 -0.026053
v 0.183086 0.107955 -0.042709
v 0.177997 0.112961 -0.042512
v 0.136020 0.128488 -0.144643
v 0.135831 0.153956 -0.144061
v 0.120016 0.153970 -0.157464
v 0.102687 0.128761 -0.169297
v 0.099862 0.153963 -0.170965
v 0.080030 0.128754 -0.181109
v 0.078173 0.153963 -0.181915
v 0.056028 0.128761 -0.189907
v 0.055306 0.153956 -0.190117
v 0.031654 0.153956 -0.195452
v 0.031072 0.128754 -0.195550
v 0.007020 0.153956 -0.197912
v 0.006957 0.128761 -0.197919
v 0.102687 0.128761 -0.169297
v 0.111548 0.140342 -0.183794
v 0.136020 0.128488 -0.144643
v 0.086928 0.140342 -0.196636
v 0.080030 0.128754 -0.181109
v 0.134310 0.140342 -0.167881
v 0.144888 0.134587 -0.147215
v 0.060830 0.140349 -0.206212
v 0.056028 0.128761 -0.189907
v 0.037086 0.140342 -0.211771
v 0.031072 0.128754 -0.195550
v 0.020543 0.134047 -0.204726
v 0.154141 0.140349 -0.149886
v 0.006529 0.129399 -0.198887
v 0.006957 0.128761 -0.197919
v 0.054191 0.157958 -0.186276
v 0.031654 0.153956 -0.195452
v 0.055306 0.153956 -0.190117
v 0.076553 0.157958 -0.178256
v 0.078173 0.153963 -0.181915
v 0.097773 0.157958 -0.167559
v 0.099862 0.153963 -0.170965
v 0.031009 0.157958 -0.191505
v 0.007020 0.153956 -0.197912
v 0.005849 0.157958 -0.194029
v 0.117527 0.157958 -0.154352
v 0.120016 0.153970 -0.157464
v 0.134898 0.157958 -0.139420
v 0.135831 0.153956 -0.144061
v 0.003550 0.157958 -0.195802
v 0.002428 0.157958 -0.198613
v 0.006522 0.153963 -0.198824
v -0.059499 0.126055 -0.207103
v -0.054416 0.142424 -0.211112
v -0.053071 0.136543 -0.216272
v -0.066789 0.111012 -0.196433
v -0.058510 0.125319 -0.211084
v -0.052895 0.133781 -0.219938
v -0.063628 0.115302 -0.204081
v -0.062121 0.118197 -0.208953
v -0.055174 0.129666 -0.220001
v -0.059310 0.124044 -0.218760
v -0.049495 0.142704 -0.225112
v -0.050694 0.142585 -0.227172
v -0.056849 0.128544 -0.220849
v -0.052391 0.142606 -0.228673
v -0.055146 0.142817 -0.229745
v -0.049488 0.142936 -0.220232
v -0.049418 0.152946 -0.220345
v -0.054409 0.152988 -0.211154
v -0.049061 0.142866 -0.222805
v -0.049089 0.152967 -0.223506
v -0.050302 0.152953 -0.226766
v -0.050694 0.142585 -0.227172
v -0.052391 0.142606 -0.228673
v -0.052250 0.152960 -0.228539
v -0.054606 0.152953 -0.229591
v -0.054508 0.142831 -0.209514
v -0.054402 0.152638 -0.208778
v -0.053884 0.142929 -0.207839
v -0.052853 0.152680 -0.206654
v -0.052678 0.143083 -0.206521
v -0.066551 0.111383 -0.194933
v -0.053884 0.142929 -0.207839
v -0.065499 0.111481 -0.193931
v -0.067911 0.108804 -0.192543
v -0.065913 0.109715 -0.192129
v -0.067911 0.108804 -0.192543
v -0.068864 0.107976 -0.189935
v -0.052678 0.143083 -0.206521
v -0.050498 0.142887 -0.205932
v -0.050491 0.152967 -0.205925
v -0.032531 0.152960 -0.209339
v -0.052853 0.152680 -0.206654
v -0.068864 0.107976 -0.189935
v -0.105310 0.140552 -0.187797
v -0.092516 0.128754 -0.174730
v -0.112811 0.137545 -0.178186
v -0.105815 0.128754 -0.167355
v -0.099772 0.142109 -0.193363
v -0.108836 0.128754 -0.165196
v -0.118461 0.134201 -0.168512
v -0.121531 0.131593 -0.161558
v -0.123964 0.128754 -0.154394
v -0.085969 0.128754 -0.178361
v -0.095110 0.143118 -0.197337
v -0.084174 0.135856 -0.190664
v -0.084448 0.138127 -0.194183
v -0.082955 0.140335 -0.198319
v -0.087343 0.144317 -0.202812
v -0.080564 0.144969 -0.206626
v -0.073393 0.145319 -0.209836
v -0.083319 0.134187 -0.188365
v -0.081931 0.132547 -0.186346
v -0.080095 0.131033 -0.184719
v -0.077914 0.129736 -0.183591
v -0.075531 0.128754 -0.183030
v 0.208273 0.152960 -0.026873
v 0.209956 0.152995 -0.001699
v 0.204993 0.157958 -0.001699
v 0.202946 0.157958 -0.028955
v 0.203289 0.157958 0.026418
v 0.208245 0.152974 0.027014
v 0.197751 0.157958 0.054031
v 0.202574 0.152960 0.055342
v 0.188477 0.157958 0.080627
v 0.193068 0.152967 0.082597
v 0.176076 0.157958 0.104987
v 0.181018 0.152960 0.106453
v 0.175375 0.157958 0.122092
v 0.180212 0.152960 0.126186
v -0.008346 0.152287 0.200220
v -0.003874 0.157958 0.202757
v -0.037024 0.153956 0.211786
v -0.036471 0.157958 0.215943
v -0.063053 0.153956 0.205547
v -0.064238 0.157958 0.209368
v -0.090035 0.153956 0.195243
v -0.091710 0.157958 0.198874
v -0.115376 0.153956 0.181419
v -0.117528 0.157958 0.184797
v -0.138643 0.153956 0.164328
v -0.141223 0.157958 0.167384
v -0.154142 0.153956 0.149887
v -0.161783 0.157958 0.147602
v -0.073070 0.119957 -0.129851
v -0.074535 0.122957 -0.132466
v -0.051984 0.122957 -0.142834
v -0.050960 0.119957 -0.140016
v -0.093224 0.119957 -0.116231
v -0.095103 0.122957 -0.118572
v -0.110897 0.119957 -0.099511
v -0.028051 0.122957 -0.149388
v -0.027498 0.119957 -0.146444
v -0.003362 0.122957 -0.151961
v -0.003299 0.119957 -0.148961
v 0.021412 0.122957 -0.150482
v 0.020991 0.119957 -0.147517
v -0.113133 0.122957 -0.101516
v -0.125618 0.119957 -0.080136
v -0.128142 0.122957 -0.081748
v -0.136982 0.119957 -0.058621
v -0.139743 0.122957 -0.059806
v -0.144700 0.119957 -0.035551
v -0.147609 0.122957 -0.036266
v -0.148555 0.119957 -0.011528
v 0.045618 0.122957 -0.144993
v 0.044713 0.119957 -0.142133
v 0.068604 0.122957 -0.135635
v 0.067251 0.119957 -0.132957
v 0.089767 0.122957 -0.122666
v 0.087994 0.119957 -0.120240
v 0.108533 0.122957 -0.106416
v 0.106388 0.119957 -0.104320
v 0.124986 0.122957 -0.086641
v 0.122701 0.119957 -0.084713
v -0.151542 0.122957 -0.011759
v -0.148450 0.119964 0.014536
v -0.151436 0.122957 0.013884
v -0.152880 0.122971 0.016169
v -0.149817 0.119964 0.017214
v -0.152607 0.119957 0.019226
v -0.176855 0.122957 0.017389
v -0.176035 0.119957 0.020354
v -0.178530 0.120188 0.021364
v -0.179750 0.122957 0.019541
v -0.180360 0.120973 0.023439
v 0.124734 0.119971 -0.083416
v 0.127713 0.122964 -0.085989
v 0.127517 0.119964 -0.083052
v 0.129865 0.119964 -0.083823
v 0.148456 0.119957 -0.097948
v 0.146577 0.122957 -0.100290
v 0.150952 0.122957 -0.100521
v 0.151625 0.120454 -0.098355
v 0.154260 0.121275 -0.097457
v -0.112958 0.111061 0.172270
v -0.115117 0.116052 0.170833
v -0.093449 0.116052 0.183585
v -0.091065 0.111082 0.184776
v -0.132138 0.111215 0.158033
v -0.132250 0.116052 0.157949
v -0.070435 0.116059 0.193581
v -0.094844 0.109456 0.181916
v -0.073162 0.109399 0.191632
v -0.067834 0.111096 0.194513
v -0.047028 0.116052 0.200563
v -0.047014 0.111299 0.200584
v -0.148555 0.121751 0.154528
v -0.148352 0.116893 0.154703
v -0.164349 0.126967 0.149242
v -0.164027 0.122508 0.149579
v -0.157668 0.118232 0.150686
v -0.144258 0.113711 0.154605
v -0.146193 0.111236 0.147707
v -0.051115 0.108495 0.197226
v -0.026194 0.108173 0.201615
v -0.022044 0.118442 0.208015
v -0.024967 0.109610 0.202407
v -0.132292 0.109449 0.156876
v -0.115257 0.109463 0.169719
v -0.132292 0.109449 0.156876
v -0.103319 0.108537 0.175740
v -0.084763 0.108264 0.184783
v -0.119211 0.108488 0.165218
v -0.067168 0.108474 0.192326
v 0.082077 0.116052 0.188940
v 0.090377 0.127303 0.203353
v 0.099098 0.125733 0.196638
v 0.102820 0.116045 0.178488
v 0.079904 0.128278 0.209179
v 0.075285 0.116052 0.191751
v 0.106550 0.123812 0.189515
v 0.115894 0.120048 0.177395
v 0.121783 0.116052 0.166144
v 0.073167 0.128551 0.212067
v 0.070160 0.121934 0.202834
v 0.066585 0.127114 0.213974
v -0.152607 0.119957 0.019226
v -0.176512 0.112968 0.020382
v -0.176035 0.119957 0.020354
v -0.152761 0.112940 0.019212
v -0.178530 0.120188 0.021364
v -0.179757 0.113367 0.022436
v -0.180360 0.120973 0.023439
v -0.181159 0.112975 0.026054
v -0.181180 0.122768 0.026012
v -0.179750 0.122957 0.019541
v -0.208989 0.126784 0.036288
v -0.200129 0.111180 0.037494
v -0.208351 0.143104 0.026867
v -0.217303 0.142957 0.034319
v -0.208274 0.152960 0.026874
v -0.217303 0.152960 0.034319
v -0.200381 0.110079 0.038300
v -0.198923 0.109259 0.037529
v -0.198607 0.108467 0.037704
v -0.196546 0.107955 0.036302
v -0.169943 0.147955 0.080389
v -0.170756 0.157958 0.081013
v -0.170756 0.112961 0.081013
v -0.161804 0.157958 0.074192
v -0.161804 0.147955 0.074192
v -0.169943 0.112961 0.080389
v 0.208988 0.126784 -0.036287
v 0.200127 0.111180 -0.037493
v 0.208350 0.143104 -0.026866
v 0.217309 0.142957 -0.034324
v 0.208273 0.152960 -0.026873
v 0.217309 0.152960 -0.034324
v 0.200380 0.110079 -0.038299
v 0.198915 0.109245 -0.037528
v 0.198564 0.108418 -0.037710
v 0.196517 0.107962 -0.036273
v -0.153168 0.167955 0.055748
v -0.157872 0.172960 0.057459
v -0.163998 0.172960 0.036821
v -0.159176 0.167955 0.035440
v -0.144482 0.167969 0.075762
v -0.149326 0.172960 0.077206
v -0.144791 0.167948 0.078952
v -0.146200 0.167962 0.081160
v -0.170413 0.172946 0.093302
v -0.167097 0.167934 0.097073
v -0.173469 0.171852 0.095166
v -0.169810 0.166441 0.099141
v -0.176175 0.169763 0.096968
v -0.183837 0.157958 0.102842
v -0.175362 0.157958 0.103368
v -0.160521 0.167948 0.033456
v -0.162281 0.167955 0.032349
v -0.164209 0.167955 0.031809
v -0.190658 0.167941 0.033057
v -0.190532 0.172939 0.038083
v -0.194177 0.171782 0.038553
v -0.193967 0.166237 0.033211
v -0.197296 0.169728 0.038952
v -0.200787 0.157958 0.033540
v -0.206935 0.157958 0.039380
v 0.079925 0.152960 -0.164621
v 0.057149 0.157958 -0.179104
v 0.082105 0.157958 -0.169122
v 0.102582 0.152960 -0.151540
v 0.055628 0.152960 -0.174337
v 0.105386 0.157958 -0.155683
v 0.123150 0.152960 -0.135361
v 0.126514 0.157958 -0.139062
v 0.141194 0.152960 -0.116420
v 0.145056 0.157958 -0.119595
v 0.161074 0.157958 -0.097044
v 0.156356 0.152960 -0.095088
v 0.031023 0.157958 -0.185420
v 0.030196 0.152960 -0.180492
v 0.007728 0.157958 -0.187825
v 0.005240 0.152960 -0.182925
v 0.157156 0.152981 -0.093139
v 0.162105 0.157958 -0.093272
v 0.156875 0.152883 -0.090356
v 0.155761 0.152519 -0.088464
v 0.073308 0.153977 0.209873
v 0.070707 0.157958 0.206746
v 0.079988 0.157958 0.195614
v 0.082919 0.153970 0.198334
v 0.084419 0.153928 0.194534
v 0.080128 0.158015 0.190595
v 0.084173 0.153956 0.190665
v 0.063739 0.157958 0.217100
v 0.083318 0.153956 0.188366
v 0.081930 0.153956 0.186347
v 0.080093 0.153956 0.184720
v 0.077135 0.157958 0.187545
v 0.077913 0.153956 0.183592
v 0.075530 0.153956 0.183031
v 0.073329 0.157958 0.186487
v -0.162568 0.142957 0.059169
v -0.144440 0.142957 0.075825
v -0.153168 0.142957 0.055748
v -0.155551 0.142957 0.075713
v -0.144875 0.142957 0.079120
v -0.167826 0.142957 0.041988
v -0.159169 0.142957 0.035475
v -0.146256 0.142957 0.081181
v -0.155628 0.142957 0.088345
v -0.163669 0.142964 0.081854
v -0.156981 0.142957 0.090596
v -0.156953 0.142957 0.094066
v -0.160402 0.142957 0.033596
v -0.162281 0.142957 0.032349
v -0.164139 0.142957 0.031816
v -0.177998 0.142964 0.042499
v -0.176035 0.142957 0.032349
v -0.178439 0.142957 0.031507
v -0.180640 0.142957 0.029019
v 0.162567 0.142957 -0.059168
v 0.144713 0.142957 -0.075172
v 0.153167 0.142957 -0.055747
v 0.155550 0.142957 -0.075719
v 0.167825 0.142957 -0.041987
v 0.159174 0.142957 -0.035474
v 0.144495 0.142957 -0.077612
v 0.145757 0.142957 -0.080752
v 0.155627 0.142957 -0.088344
v 0.163675 0.142964 -0.081853
v 0.156980 0.142957 -0.090595
v 0.156952 0.142957 -0.094065
v 0.160401 0.142957 -0.033602
v 0.162280 0.142957 -0.032348
v 0.164138 0.142957 -0.031815
v 0.177997 0.142964 -0.042505
v 0.176034 0.142957 -0.032348
v 0.178445 0.142957 -0.031506
v 0.180639 0.142957 -0.029018
v 0.115558 0.153956 0.160781
v 0.105821 0.128754 0.167349
v 0.100640 0.153956 0.170244
v 0.123963 0.128754 0.154395
v 0.123963 0.153956 0.154395
v 0.100647 0.128754 0.170223
v 0.096189 0.153956 0.173070
v 0.085968 0.128754 0.178362
v 0.075530 0.153956 0.183031
v 0.075530 0.128754 0.183031
v 0.063739 0.157958 0.217100
v 0.073308 0.153977 0.209873
v 0.079855 0.157958 0.211415
v 0.078166 0.153956 0.207791
v 0.095088 0.157958 0.202386
v 0.092606 0.153970 0.199266
v 0.108239 0.157958 0.190518
v 0.104986 0.153928 0.188120
v 0.118775 0.157958 0.176280
v 0.115340 0.153956 0.174233
v 0.117941 0.153956 0.168681
v 0.126283 0.157958 0.160241
v 0.122512 0.153956 0.158916
v 0.123963 0.153956 0.154395
v 0.130468 0.157958 0.143683
v 0.118292 0.134320 0.168842
v 0.122512 0.153956 0.158916
v 0.117941 0.153956 0.168681
v 0.112817 0.137538 0.178173
v 0.115340 0.153956 0.174233
v 0.104986 0.153928 0.188120
v 0.105148 0.140608 0.187966
v 0.099631 0.142144 0.193490
v 0.121467 0.131664 0.161727
v 0.123963 0.153956 0.154395
v 0.123963 0.128754 0.154395
v 0.095116 0.143118 0.197339
v 0.092606 0.153970 0.199266
v 0.087265 0.144324 0.202863
v 0.080521 0.144969 0.206648
v 0.078166 0.153956 0.207791
v 0.073392 0.145319 0.209831
v 0.073308 0.153977 0.209873
v -0.007729 0.157958 0.187826
v -0.030197 0.152960 0.180493
v -0.005388 0.152925 0.182919
v -0.031024 0.157958 0.185421
v -0.055629 0.152960 0.174338
v -0.057150 0.157958 0.179105
v -0.079926 0.152960 0.164622
v -0.082106 0.157958 0.169123
v -0.102583 0.152960 0.151542
v -0.105387 0.157958 0.155684
v -0.123151 0.152960 0.135362
v -0.126515 0.157958 0.139064
v -0.141195 0.152960 0.116414
v -0.145050 0.157958 0.119596
v -0.156357 0.152960 0.095089
v -0.161082 0.157958 0.097010
v -0.005100 0.157958 0.189817
v -0.002787 0.152932 0.185365
v -0.000348 0.157958 0.191086
v -0.000144 0.152925 0.186059
v 0.004735 0.157958 0.190013
v 0.002113 0.152960 0.185618
v 0.003908 0.152981 0.184615
v 0.007195 0.156914 0.186809
v 0.005240 0.152960 0.182926
v 0.012754 0.158015 0.187573
v 0.019042 0.157951 0.190132
v -0.003551 0.157958 0.195803
v 0.043585 0.157958 0.185961
v 0.071345 0.157958 0.183564
v 0.065323 0.157958 0.179484
v 0.072656 0.157958 0.179996
v 0.086150 0.157958 0.170469
v 0.094247 0.157958 0.169572
v 0.113223 0.157958 0.157535
v 0.105757 0.157958 0.159049
v 0.015152 0.152960 0.182428
v 0.005240 0.152960 0.182926
v 0.108625 0.157958 0.156407
v 0.110461 0.157958 0.152151
v 0.114836 0.157958 0.148857
v 0.118102 0.157958 0.148681
v 0.122736 0.157958 0.146494
v 0.125750 0.157958 0.142491
v 0.077135 0.157958 0.187545
v 0.080128 0.158015 0.190595
v -0.186389 0.107955 -0.000101
v -0.181384 0.107955 0.003131
v -0.190216 0.107955 -0.006445
v 0.000655 0.152946 0.218257
v -0.001042 0.157958 0.213539
v 0.024034 0.152960 0.211716
v -0.026404 0.157958 0.223444
v -0.025619 0.152960 0.228569
v 0.031457 0.157958 0.204454
v -0.042724 0.157958 0.220907
v -0.043670 0.152960 0.225814
v 0.032530 0.152960 0.209340
v 0.050490 0.152967 0.205926
v -0.054031 0.152960 0.223143
v -0.069572 0.157958 0.213974
v -0.071115 0.152960 0.218726
v -0.082639 0.152960 0.214177
v -0.095363 0.157958 0.203788
v -0.097480 0.152960 0.208316
v -0.109845 0.152960 0.201580
v -0.119709 0.157958 0.190511
v -0.122365 0.152960 0.194745
v -0.142232 0.157958 0.174338
v -0.145513 0.152967 0.178103
v -0.162596 0.157958 0.155523
v -0.158215 0.152960 0.166368
v -0.166214 0.152960 0.158979
v -0.178572 0.152967 0.144980
v -0.174352 0.157958 0.142239
v -0.180108 0.152680 0.142534
v -0.177402 0.155014 0.138965
v -0.180690 0.152610 0.139905
v -0.180248 0.152547 0.137017
v -0.173848 0.157993 0.139064
v -0.174612 0.155210 0.136140
v -0.179077 0.152519 0.134780
v -0.176904 0.152441 0.132572
v -0.175860 0.152448 0.129810
v -0.176554 0.152967 0.126999
v -0.176694 0.157958 0.119484
v -0.180395 0.152960 0.122849
v -0.189088 0.157958 0.103676
v -0.193168 0.152967 0.106551
v -0.199042 0.157958 0.086228
v -0.200977 0.152960 0.092902
v -0.203556 0.152960 0.088387
v -0.206361 0.157958 0.067518
v -0.209101 0.152960 0.074199
v -0.211134 0.152960 0.068998
v -0.210875 0.157958 0.047953
v -0.214471 0.152960 0.054529
v -0.215817 0.152960 0.048717
v -0.212158 0.157958 0.036555
v -0.217303 0.152960 0.034319
v 0.167159 0.157958 0.124735
v 0.169024 0.152953 0.129376
v 0.155620 0.157958 0.130876
v 0.180212 0.152960 0.126186
v 0.158431 0.152953 0.135019
v 0.145659 0.157958 0.139330
v 0.149276 0.152953 0.142786
v 0.137408 0.157958 0.150139
v 0.142007 0.152953 0.152306
v 0.175375 0.157958 0.122092
v 0.136910 0.152960 0.163164
v 0.129480 0.152960 0.179743
v 0.125119 0.157958 0.177297
v 0.119161 0.152960 0.194710
v 0.115326 0.157958 0.191506
v 0.106332 0.152960 0.207545
v 0.103122 0.157958 0.203718
v 0.091359 0.152960 0.217864
v 0.088905 0.157958 0.213511
v 0.074773 0.152960 0.225302
v 0.073153 0.157958 0.220570
v 0.055845 0.157958 0.224783
v 0.057128 0.152960 0.229613
v 0.054598 0.152953 0.229585
v 0.052249 0.152960 0.228541
v 0.053806 0.157972 0.222813
v 0.050300 0.152953 0.226760
v 0.049088 0.152967 0.223500
v 0.049417 0.152946 0.220346
v 0.054387 0.152988 0.211198
v -0.208274 0.152960 0.026874
v -0.209957 0.152995 0.001700
v -0.204994 0.157958 0.001700
v -0.202947 0.157958 0.028956
v -0.203290 0.157958 -0.026417
v -0.208246 0.152974 -0.027013
v -0.197752 0.157958 -0.054030
v -0.202575 0.152960 -0.055341
v -0.188478 0.157958 -0.080626
v -0.193069 0.152967 -0.082596
v -0.176077 0.157958 -0.105021
v -0.181019 0.152960 -0.106451
v -0.175376 0.157958 -0.122098
v -0.180213 0.152960 -0.126185
v 0.181859 0.147955 -0.047658
v 0.177997 0.142964 -0.042505
v 0.181859 0.112961 -0.047658
v 0.177997 0.112961 -0.042512
v 0.167264 0.157958 -0.060879
v 0.161803 0.147955 -0.074191
v 0.167264 0.147955 -0.060879
v 0.171638 0.157958 -0.047174
v 0.171638 0.147955 -0.047174
v 0.161803 0.157958 -0.074191
v -0.049418 0.152946 -0.220345
v -0.054409 0.152988 -0.211154
v -0.053821 0.157979 -0.222819
v -0.064280 0.157958 -0.205203
v -0.049089 0.152967 -0.223506
v -0.050302 0.152953 -0.226766
v -0.052250 0.152960 -0.228539
v -0.055854 0.157958 -0.224782
v -0.054606 0.152953 -0.229591
v -0.057122 0.152960 -0.229612
v -0.074774 0.152960 -0.225301
v -0.073154 0.157958 -0.220576
v -0.088906 0.157958 -0.213510
v -0.091360 0.152960 -0.217863
v -0.103123 0.157958 -0.203717
v -0.106333 0.152960 -0.207544
v -0.115327 0.157958 -0.191512
v -0.119162 0.152960 -0.194716
v -0.125120 0.157958 -0.177296
v -0.129481 0.152960 -0.179742
v -0.137409 0.157958 -0.150138
v -0.136911 0.152960 -0.163170
v -0.142008 0.152953 -0.152305
v -0.149277 0.152953 -0.142792
v -0.145660 0.157958 -0.139329
v -0.158439 0.152953 -0.135011
v -0.155621 0.157958 -0.130875
v -0.168990 0.152960 -0.129389
v -0.167160 0.157958 -0.124734
v -0.180213 0.152960 -0.126185
v -0.175376 0.157958 -0.122098
v -0.179077 0.152519 0.134780
v -0.180360 0.138856 0.137241
v -0.178327 0.143490 0.133897
v -0.176904 0.152441 0.132572
v -0.176680 0.143952 0.132229
v -0.180248 0.152547 0.137017
v -0.180690 0.152610 0.139905
v -0.180647 0.135849 0.140206
v -0.180108 0.152680 0.142534
v -0.176112 0.143931 0.130925
v -0.175860 0.152448 0.129810
v -0.175930 0.143721 0.129228
v -0.176554 0.152967 0.126999
v -0.176420 0.143153 0.127216
v 0.177604 0.157958 -0.064643
v 0.177604 0.112961 -0.064643
v 0.170755 0.112961 -0.081012
v 0.182883 0.157958 -0.047707
v 0.182883 0.112961 -0.047707
v 0.170755 0.157958 -0.081012
v -0.108780 0.153956 -0.165084
v -0.105815 0.128754 -0.167355
v -0.095944 0.153956 -0.173202
v -0.092516 0.128754 -0.174730
v -0.108836 0.128754 -0.165196
v -0.115446 0.153956 -0.160864
v -0.123964 0.128754 -0.154394
v -0.123964 0.153956 -0.154394
v -0.092579 0.153956 -0.174821
v -0.085969 0.128754 -0.178361
v -0.075531 0.153956 -0.183030
v -0.075531 0.128754 -0.183030
v -0.112811 0.137545 -0.178186
v -0.105001 0.153928 -0.188105
v -0.105310 0.140552 -0.187797
v -0.115341 0.153956 -0.174232
v -0.099772 0.142109 -0.193363
v -0.118096 0.153956 -0.168344
v -0.118461 0.134201 -0.168512
v -0.122513 0.153956 -0.158915
v -0.121531 0.131593 -0.161558
v -0.123964 0.153956 -0.154394
v -0.123964 0.128754 -0.154394
v -0.095110 0.143118 -0.197337
v -0.092608 0.153970 -0.199258
v -0.087343 0.144317 -0.202812
v -0.080564 0.144969 -0.206626
v -0.078167 0.153956 -0.207790
v -0.073393 0.145319 -0.209836
v -0.073309 0.153977 -0.209872
v -0.167265 0.157958 0.060880
v -0.161804 0.147955 0.074192
v -0.167265 0.147955 0.060880
v -0.171639 0.157958 0.047168
v -0.171639 0.147955 0.047168
v -0.161804 0.157958 0.074192
v -0.181860 0.147955 0.047659
v -0.177998 0.142964 0.042499
v -0.181860 0.112961 0.047659
v -0.177991 0.112961 0.042513
v -0.037024 0.153956 0.211786
v -0.037088 0.140342 0.211772
v -0.008346 0.152287 0.200220
v -0.020544 0.134047 0.204727
v -0.006530 0.129399 0.198888
v -0.006523 0.153963 0.198825
v -0.044714 0.119957 0.142134
v -0.045619 0.122957 0.144994
v -0.068605 0.122957 0.135636
v -0.020992 0.119957 0.147511
v -0.067252 0.119957 0.132958
v -0.021413 0.122957 0.150483
v 0.003298 0.119957 0.148962
v 0.003361 0.122957 0.151962
v 0.027497 0.119957 0.146438
v 0.028050 0.122957 0.149389
v 0.050959 0.119957 0.140017
v 0.051990 0.122957 0.142835
v 0.073069 0.119957 0.129852
v 0.074541 0.122957 0.132467
v 0.093223 0.119957 0.116232
v 0.095102 0.122957 0.118573
v 0.110903 0.119957 0.099512
v -0.089761 0.122957 0.122667
v -0.087995 0.119957 0.120241
v -0.108527 0.122957 0.106417
v -0.106389 0.119957 0.104321
v -0.125169 0.122957 0.086432
v -0.123144 0.119950 0.084181
v 0.113132 0.122957 0.101517
v 0.125617 0.119957 0.080137
v 0.128148 0.122957 0.081749
v 0.136980 0.119957 0.058623
v 0.139742 0.122957 0.059807
v 0.144699 0.119957 0.035552
v 0.147608 0.122957 0.036267
v 0.148554 0.119957 0.011529
v 0.151547 0.122957 0.011760
v 0.148449 0.119964 -0.014535
v 0.151442 0.122957 -0.013883
v -0.126039 0.119936 0.083081
v -0.127903 0.122964 0.086109
v -0.129383 0.119978 0.083480
v -0.148457 0.119957 0.097949
v -0.146578 0.122957 0.100291
v -0.150953 0.122957 0.100522
v -0.151626 0.120454 0.098356
v 0.152879 0.122971 -0.016168
v 0.149816 0.119964 -0.017213
v 0.152613 0.119957 -0.019225
v 0.176854 0.122957 -0.017395
v 0.176041 0.119957 -0.020353
v -0.154261 0.121275 0.097459
v 0.178529 0.120188 -0.021363
v 0.179749 0.122957 -0.019540
v 0.180359 0.120973 -0.023445
v 0.037023 0.153956 -0.211785
v 0.037086 0.140342 -0.211771
v 0.008345 0.152287 -0.200219
v 0.020543 0.134047 -0.204726
v 0.006529 0.129399 -0.198887
v 0.006522 0.153963 -0.198824
v 0.152760 0.112940 -0.019211
v 0.176510 0.112968 -0.020381
v 0.152613 0.119957 -0.019225
v 0.176041 0.119957 -0.020353
v 0.178529 0.120188 -0.021363
v 0.179756 0.113367 -0.022435
v 0.180359 0.120973 -0.023445
v 0.181158 0.112975 -0.026053
v 0.181179 0.122768 -0.026017
v 0.179749 0.122957 -0.019540
v 0.100647 0.128754 0.170223
v 0.105148 0.140608 0.187966
v 0.085968 0.128754 0.178362
v 0.112817 0.137538 0.178173
v 0.099631 0.142144 0.193490
v 0.105821 0.128754 0.167349
v 0.118292 0.134320 0.168842
v 0.121467 0.131664 0.161727
v 0.123963 0.128754 0.154395
v 0.095116 0.143118 0.197339
v 0.084173 0.135856 0.190665
v 0.084447 0.138127 0.194184
v 0.082954 0.140328 0.198320
v 0.087265 0.144324 0.202863
v 0.080521 0.144969 0.206648
v 0.073392 0.145319 0.209831
v 0.083318 0.134187 0.188366
v 0.081930 0.132547 0.186347
v 0.080093 0.131033 0.184720
v 0.077913 0.129736 0.183592
v 0.075530 0.128754 0.183031
v 0.084447 0.138127 0.194184
v 0.084173 0.153956 0.190665
v 0.084173 0.135856 0.190665
v 0.084419 0.153928 0.194534
v 0.082954 0.140328 0.198320
v 0.082919 0.153970 0.198334
v 0.073308 0.153977 0.209873
v 0.073392 0.145319 0.209831
v 0.083318 0.153956 0.188366
v 0.083318 0.134187 0.188366
v 0.081930 0.153956 0.186347
v 0.081930 0.132547 0.186347
v 0.080093 0.153956 0.184720
v 0.080093 0.131033 0.184720
v 0.077913 0.153956 0.183592
v 0.077913 0.129736 0.183592
v 0.075530 0.153956 0.183031
v 0.075530 0.128754 0.183031
v 0.163682 0.113024 -0.081839
v 0.169942 0.147955 -0.080388
v 0.169942 0.112961 -0.080388
v 0.163675 0.142964 -0.081853
v 0.199546 0.110731 -0.044321
v 0.208988 0.126784 -0.036287
v 0.206703 0.126784 -0.050251
v 0.216265 0.143006 -0.045730
v 0.217309 0.142957 -0.034324
v 0.217309 0.152960 -0.034324
v 0.215816 0.152960 -0.048716
v 0.214512 0.142957 -0.055902
v 0.213243 0.142957 -0.061012
v 0.195368 0.110157 -0.059182
v 0.200380 0.110079 -0.038299
v 0.214477 0.152960 -0.054528
v 0.214512 0.142957 -0.055902
v 0.213243 0.142957 -0.061012
v 0.211911 0.142957 -0.066403
v 0.211133 0.152960 -0.068996
v 0.209409 0.142957 -0.073974
v 0.193033 0.110612 -0.066900
v 0.209100 0.152960 -0.074198
v 0.207958 0.142964 -0.078250
v 0.203555 0.152960 -0.088386
v 0.171638 0.157958 -0.047174
v 0.182883 0.157958 -0.047707
v 0.167264 0.157958 -0.060879
v 0.177604 0.157958 -0.064643
v 0.161803 0.157958 -0.074191
v 0.170755 0.157958 -0.081012
v 0.169942 0.147955 -0.080388
v 0.170755 0.157958 -0.081012
v 0.170755 0.112961 -0.081012
v 0.161803 0.157958 -0.074191
v 0.161803 0.147955 -0.074191
v 0.169942 0.112961 -0.080388
v -0.171639 0.157958 0.047168
v -0.182884 0.157958 0.047708
v -0.167265 0.157958 0.060880
v -0.177605 0.157958 0.064644
v -0.161804 0.157958 0.074192
v -0.170756 0.157958 0.081013
v -0.073309 0.153977 -0.209872
v -0.070708 0.157958 -0.206745
v -0.079541 0.157958 -0.196195
v -0.082920 0.153970 -0.198333
v -0.084420 0.153949 -0.194547
v -0.063740 0.157958 -0.217099
v -0.080459 0.157958 -0.193566
v -0.084174 0.153956 -0.190664
v -0.079996 0.157958 -0.190601
v -0.083319 0.153956 -0.188365
v -0.081931 0.153956 -0.186346
v -0.077669 0.157979 -0.187797
v -0.080095 0.153956 -0.184719
v -0.077914 0.153956 -0.183591
v -0.075531 0.153956 -0.183030
v -0.073309 0.157958 -0.186472
v -0.095089 0.157958 -0.202385
v -0.078167 0.153956 -0.207790
v -0.092608 0.153970 -0.199258
v -0.108240 0.157958 -0.190517
v -0.105001 0.153928 -0.188105
v -0.118776 0.157958 -0.176286
v -0.115341 0.153956 -0.174232
v -0.079849 0.157958 -0.211414
v -0.073309 0.153977 -0.209872
v -0.063740 0.157958 -0.217099
v -0.118096 0.153956 -0.168344
v -0.126284 0.157958 -0.160240
v -0.122513 0.153956 -0.158915
v -0.123964 0.153956 -0.154394
v -0.130462 0.157958 -0.143682
v -0.132923 0.107955 -0.077773
v -0.128604 0.112961 -0.075249
v -0.119428 0.107955 -0.097219
v -0.115552 0.112961 -0.094065
v -0.103123 0.107955 -0.114373
v -0.099772 0.112961 -0.110665
v -0.138615 0.112961 -0.054647
v -0.143270 0.107955 -0.056483
v -0.145352 0.112961 -0.032761
v -0.150231 0.107955 -0.033862
v -0.148660 0.112961 -0.010098
v -0.153645 0.107955 -0.010441
v -0.148443 0.112954 0.014648
v -0.153497 0.107955 0.014235
v -0.084378 0.107955 -0.128828
v -0.081637 0.112961 -0.124643
v -0.063635 0.107955 -0.140240
v -0.061574 0.112961 -0.135684
v -0.041392 0.107955 -0.148330
v -0.040053 0.112961 -0.143514
v -0.018174 0.107955 -0.152921
v -0.027414 0.112961 -0.146016
v -0.017585 0.112961 -0.147958
v 0.005478 0.107955 -0.153903
v -0.003278 0.112961 -0.148554
v -0.149901 0.112975 0.017333
v -0.152761 0.112940 0.019212
v -0.176512 0.112968 0.020382
v -0.182638 0.107955 0.015672
v -0.179757 0.113367 0.022436
v -0.185814 0.107955 0.017466
v -0.186872 0.107955 0.020901
v -0.181159 0.112975 0.026054
v -0.183087 0.107955 0.042710
v -0.177991 0.112961 0.042513
v 0.005296 0.112961 -0.148905
v 0.028997 0.107955 -0.151246
v 0.020949 0.112961 -0.147138
v 0.028057 0.112961 -0.146332
v 0.051829 0.107955 -0.145014
v 0.049599 0.112904 -0.140563
v 0.073441 0.107955 -0.135361
v 0.070742 0.112919 -0.131176
v 0.090153 0.112933 -0.118656
v 0.093322 0.107955 -0.122505
v 0.107384 0.112961 -0.103290
v 0.110987 0.107955 -0.106760
v 0.126711 0.107955 -0.087741
v 0.123051 0.112954 -0.084300
v 0.125827 0.112954 -0.083115
v 0.129367 0.112954 -0.083451
v 0.148379 0.112982 -0.097878
v 0.149956 0.107955 -0.105372
v 0.151155 0.113269 -0.098376
v 0.153328 0.107955 -0.106101
v 0.154008 0.113171 -0.097654
v 0.156623 0.107955 -0.104075
v 0.155971 0.112954 -0.095747
v 0.163682 0.113024 -0.081839
v 0.167706 0.107955 -0.084965
v 0.047020 0.111299 -0.200583
v 0.047027 0.116052 -0.200562
v 0.061404 0.118681 -0.207853
v 0.057577 0.121331 -0.205834
v 0.067419 0.124506 -0.211028
v 0.067840 0.121758 -0.212683
v -0.075236 0.111250 -0.191785
v -0.082078 0.116052 -0.188946
v -0.092152 0.111033 -0.184236
v -0.102821 0.116045 -0.178487
v -0.109088 0.111061 -0.174744
v -0.122036 0.111313 -0.165995
v -0.121784 0.116052 -0.166150
v -0.075286 0.116052 -0.191750
v -0.092229 0.109413 -0.183226
v -0.068388 0.116157 -0.203864
v -0.070974 0.116297 -0.200850
v -0.066586 0.127114 -0.213972
v -0.064069 0.123385 -0.216356
v -0.110245 0.109427 -0.172998
v -0.098328 0.108495 -0.178459
v -0.115082 0.108250 -0.167552
v -0.124595 0.109406 -0.162981
v -0.109088 0.111061 -0.174744
v -0.122036 0.111313 -0.165995
v -0.073169 0.128551 -0.212066
v -0.070161 0.121934 -0.202833
v -0.066586 0.127114 -0.213972
v -0.075286 0.116052 -0.191750
v -0.079905 0.128278 -0.209178
v -0.082078 0.116052 -0.188946
v -0.090378 0.127303 -0.203352
v -0.099099 0.125733 -0.196636
v -0.102821 0.116045 -0.178487
v -0.106551 0.123812 -0.189514
v -0.115895 0.120048 -0.177401
v -0.121784 0.116052 -0.166150
v 0.202946 0.157958 -0.028955
v 0.217309 0.152960 -0.034324
v 0.208273 0.152960 -0.026873
v 0.212157 0.157958 -0.036561
v -0.084448 0.138127 -0.194183
v -0.084174 0.153956 -0.190664
v -0.084174 0.135856 -0.190664
v -0.084420 0.153949 -0.194547
v -0.082955 0.140335 -0.198319
v -0.082920 0.153970 -0.198333
v -0.073309 0.153977 -0.209872
v -0.073393 0.145319 -0.209836
v -0.083319 0.153956 -0.188365
v -0.083319 0.134187 -0.188365
v -0.081931 0.153956 -0.186346
v -0.081931 0.132547 -0.186346
v -0.080095 0.153956 -0.184719
v -0.080095 0.131033 -0.184719
v -0.077914 0.153956 -0.183591
v -0.077914 0.129736 -0.183591
v -0.075531 0.153956 -0.183030
v -0.075531 0.128754 -0.183030
v -0.202947 0.157958 0.028956
v -0.217303 0.152960 0.034319
v -0.208274 0.152960 0.026874
v -0.212158 0.157958 0.036555
v 0.002428 0.157958 -0.198613
v -0.019969 0.157958 -0.190019
v -0.015258 0.157958 -0.188834
v -0.010498 0.157972 -0.187600
v 0.003550 0.157958 -0.195802
v -0.004736 0.157972 -0.190026
v 0.000353 0.157958 -0.191084
v -0.142954 0.157958 -0.122105
v -0.126649 0.157958 -0.138936
v -0.139148 0.152960 -0.118852
v -0.121594 0.152960 -0.136763
v -0.154661 0.152960 -0.097829
v -0.158902 0.157958 -0.100465
v -0.167041 0.152960 -0.074738
v -0.171604 0.157958 -0.076778
v -0.180802 0.157958 -0.051520
v -0.175993 0.152960 -0.050146
v -0.186305 0.157958 -0.025204
v -0.181348 0.152960 -0.024538
v -0.187994 0.157958 0.001623
v -0.182996 0.152960 0.001581
v -0.185758 0.157958 0.029292
v -0.180858 0.152918 0.027638
v -0.180192 0.152981 0.029762
v -0.184131 0.157958 0.032748
v -0.179365 0.154299 0.032524
v -0.178271 0.152960 0.031627
v -0.175888 0.152960 0.032349
v 0.142953 0.157958 0.122099
v 0.126655 0.157958 0.138937
v 0.139147 0.152960 0.118853
v 0.121593 0.152960 0.136764
v 0.154660 0.152960 0.097830
v 0.158901 0.157958 0.100466
v 0.167047 0.152960 0.074739
v 0.171610 0.157958 0.076779
v 0.180801 0.157958 0.051521
v 0.175992 0.152960 0.050147
v 0.186304 0.157958 0.025205
v 0.181347 0.152960 0.024532
v 0.187993 0.157958 -0.001622
v 0.182995 0.152960 -0.001580
v 0.185757 0.157958 -0.029291
v 0.180857 0.152918 -0.027637
v 0.180191 0.152981 -0.029754
v 0.184137 0.157958 -0.032747
v 0.179364 0.154299 -0.032523
v 0.178277 0.152960 -0.031626
v 0.175887 0.152960 -0.032348
v 0.066585 0.127114 0.213974
v 0.070160 0.121934 0.202834
v 0.070980 0.116297 0.200851
v 0.075242 0.111250 0.191787
v 0.075285 0.116052 0.191751
v -0.124062 0.126967 0.184096
v -0.143284 0.122410 0.169572
v -0.119744 0.122410 0.186936
v -0.145520 0.126960 0.167658
v -0.164027 0.122508 0.149579
v -0.100711 0.126967 0.197843
v -0.094108 0.122410 0.201061
v -0.075867 0.126967 0.208632
v -0.067420 0.124506 0.211029
v -0.164349 0.126967 0.149242
v 0.145519 0.126960 -0.167657
v 0.143283 0.122410 -0.169570
v 0.124061 0.126967 -0.184102
v 0.119743 0.122410 -0.186934
v 0.164025 0.122508 -0.149578
v 0.100717 0.126967 -0.197842
v 0.094107 0.122410 -0.201060
v 0.075873 0.126967 -0.208631
v 0.067419 0.124506 -0.211028
v 0.164355 0.126967 -0.149241
v 0.094247 0.157958 0.169572
v 0.096189 0.153956 0.173070
v 0.072656 0.157958 0.179996
v 0.075530 0.153956 0.183031
v 0.100640 0.153956 0.170244
v 0.115558 0.153956 0.160781
v 0.113223 0.157958 0.157535
v 0.130468 0.157958 0.143683
v 0.123963 0.153956 0.154395
v 0.090377 0.127303 0.203353
v 0.088996 0.122929 0.204265
v 0.099098 0.125733 0.196638
v 0.099308 0.121197 0.196574
v 0.079883 0.123721 0.209193
v 0.079904 0.128278 0.209179
v 0.106550 0.123812 0.189515
v 0.108449 0.118583 0.187335
v 0.115894 0.120048 0.177395
v 0.115677 0.115540 0.177640
v 0.121783 0.116052 0.166144
v 0.122042 0.111313 0.165996
v 0.072431 0.124023 0.212340
v 0.066585 0.127114 0.213974
v 0.064068 0.123385 0.216357
v -0.121784 0.116052 -0.166150
v -0.115678 0.115540 -0.177639
v -0.122036 0.111313 -0.165995
v -0.115895 0.120048 -0.177401
v -0.108443 0.118583 -0.187334
v -0.106551 0.123812 -0.189514
v -0.099309 0.121197 -0.196580
v -0.099099 0.125733 -0.196636
v -0.088997 0.122929 -0.204263
v -0.090378 0.127303 -0.203352
v -0.079884 0.123721 -0.209192
v -0.079905 0.128278 -0.209178
v -0.072425 0.124023 -0.212339
v -0.066586 0.127114 -0.213972
v -0.064069 0.123385 -0.216356
v -0.181860 0.147955 0.047659
v -0.171639 0.147955 0.047168
v -0.177998 0.142964 0.042499
v -0.167826 0.142957 0.041988
v 0.181859 0.147955 -0.047658
v 0.171638 0.147955 -0.047174
v 0.177997 0.142964 -0.042505
v 0.167825 0.142957 -0.041987
v 0.094107 0.122410 -0.201060
v 0.079694 0.121758 -0.208533
v 0.067419 0.124506 -0.211028
v 0.103416 0.121765 -0.197828
v 0.119743 0.122410 -0.186934
v 0.125554 0.121765 -0.184565
v 0.067840 0.121758 -0.212683
v 0.145911 0.121765 -0.168947
v 0.143283 0.122410 -0.169570
v 0.163458 0.121758 -0.152045
v 0.164025 0.122508 -0.149578
v 0.061404 0.118681 -0.207853
v 0.067840 0.121758 -0.212683
v 0.044770 0.109617 -0.200583
v 0.047020 0.111299 -0.200583
v -0.163683 0.113017 0.081840
v -0.169943 0.147955 0.080389
v -0.169943 0.112961 0.080389
v -0.163669 0.142964 0.081854
v 0.167264 0.147955 -0.060879
v 0.155550 0.142957 -0.075719
v 0.162567 0.142957 -0.059168
v 0.161803 0.147955 -0.074191
v 0.171638 0.147955 -0.047174
v 0.167825 0.142957 -0.041987
v -0.167265 0.147955 0.060880
v -0.155551 0.142957 0.075713
v -0.162568 0.142957 0.059169
v -0.161804 0.147955 0.074192
v -0.171639 0.147955 0.047168
v -0.167826 0.142957 0.041988
v -0.092579 0.153956 -0.174821
v -0.072671 0.157958 -0.179987
v -0.094010 0.157958 -0.169704
v -0.075531 0.153956 -0.183030
v -0.095944 0.153956 -0.173202
v -0.108780 0.153956 -0.165084
v -0.113112 0.157958 -0.157611
v -0.115446 0.153956 -0.160864
v -0.130462 0.157958 -0.143682
v -0.123964 0.153956 -0.154394
v -0.143284 0.122410 0.169572
v -0.145912 0.121765 0.168948
v -0.119744 0.122410 0.186936
v -0.163459 0.121758 0.152046
v -0.164027 0.122508 0.149579
v -0.125555 0.121765 0.184566
v -0.103424 0.121765 0.197829
v -0.094108 0.122410 0.201061
v -0.079695 0.121758 0.208527
v -0.067420 0.124506 0.211029
v -0.067841 0.121758 0.212684
v 0.121593 0.152960 0.136764
v 0.121684 0.152974 0.138790
v 0.121593 0.122957 0.136764
v 0.121635 0.122957 0.139000
v 0.120661 0.152343 0.141265
v 0.120072 0.122957 0.142001
v 0.118404 0.153009 0.143312
v 0.118390 0.122957 0.143277
v 0.115901 0.122957 0.143936
v 0.115691 0.153016 0.143950
v 0.113567 0.122957 0.143494
v 0.113567 0.152960 0.143494
v -0.121594 0.152960 -0.136763
v -0.121685 0.152974 -0.138789
v -0.121594 0.122957 -0.136763
v -0.121636 0.122957 -0.138999
v -0.120662 0.152343 -0.141264
v -0.120073 0.122957 -0.142000
v -0.118405 0.153009 -0.143318
v -0.118391 0.122957 -0.143283
v -0.115895 0.122957 -0.143934
v -0.115685 0.153016 -0.143948
v -0.113568 0.122957 -0.143493
v -0.113568 0.152960 -0.143493
v 0.164215 0.167955 -0.031808
v 0.163997 0.172960 -0.036820
v 0.190657 0.167941 -0.033056
v 0.190531 0.172939 -0.038082
v 0.194176 0.171782 -0.038559
v 0.193966 0.166237 -0.033217
v 0.197302 0.169728 -0.038951
v 0.200786 0.157958 -0.033539
v 0.206934 0.157958 -0.039379
v 0.162280 0.167955 -0.032348
v 0.160527 0.167948 -0.033455
v 0.159174 0.167955 -0.035439
v 0.153167 0.167955 -0.055747
v 0.157871 0.172960 -0.057458
v 0.144734 0.167962 -0.075137
v 0.149325 0.172960 -0.077205
v 0.144460 0.167955 -0.077430
v 0.145105 0.167955 -0.079533
v 0.146199 0.167962 -0.081159
v 0.170412 0.172946 -0.093300
v 0.167096 0.167934 -0.097072
v 0.173468 0.171852 -0.095172
v 0.169816 0.166441 -0.099140
v 0.176174 0.169763 -0.096967
v 0.183836 0.157958 -0.102841
v 0.175368 0.157958 -0.103367
v -0.113568 0.122957 -0.143493
v -0.113568 0.152960 -0.143493
v -0.105646 0.122957 -0.149423
v -0.105646 0.152946 -0.149479
v -0.114816 0.157958 -0.148877
v -0.118131 0.157958 -0.148680
v -0.110497 0.157958 -0.152122
v -0.108612 0.157958 -0.156419
v -0.122737 0.157958 -0.146493
v -0.125751 0.157958 -0.142490
v -0.061406 0.118681 0.207854
v -0.067841 0.121758 0.212684
v -0.044771 0.109617 0.200584
v -0.047014 0.111299 0.200584
v 0.113567 0.122957 0.143494
v 0.113567 0.152960 0.143494
v 0.105645 0.122957 0.149424
v 0.105645 0.152946 0.149481
v 0.206359 0.157958 -0.067524
v 0.211133 0.152960 -0.068996
v 0.210874 0.157958 -0.047952
v 0.214477 0.152960 -0.054528
v 0.215816 0.152960 -0.048716
v 0.212157 0.157958 -0.036561
v 0.217309 0.152960 -0.034324
v 0.209100 0.152960 -0.074198
v 0.199041 0.157958 -0.086227
v 0.203555 0.152960 -0.088386
v 0.200976 0.152960 -0.092901
v 0.193166 0.152967 -0.106550
v 0.189087 0.157958 -0.103675
v 0.180394 0.152960 -0.122848
v 0.005240 0.152960 0.182926
v 0.005240 0.122957 0.182926
v 0.015152 0.152960 0.182428
v 0.015117 0.122957 0.182372
v 0.002127 0.122957 0.185611
v 0.002113 0.152960 0.185618
v 0.000031 0.122957 0.186052
v -0.000144 0.152925 0.186059
v -0.002612 0.122957 0.185442
v -0.002787 0.152932 0.185365
v 0.003908 0.152981 0.184615
v -0.004406 0.122957 0.184075
v -0.005388 0.152925 0.182919
v -0.005241 0.122957 0.182926
v 0.004055 0.122957 0.184475
v 0.005240 0.152960 0.182926
v 0.005240 0.122957 0.182926
v 0.188400 0.106960 0.018686
v 0.187839 0.104955 0.015398
v 0.167075 0.106960 -0.001545
v 0.170377 0.104955 -0.001181
v -0.047014 0.111299 0.200584
v -0.047028 0.116052 0.200563
v -0.061406 0.118681 0.207854
v -0.057578 0.121331 0.205835
v -0.067420 0.124506 0.211029
v -0.067841 0.121758 0.212684
v -0.169943 0.112961 0.080389
v -0.172558 0.107955 0.088661
v -0.167707 0.107955 0.084967
v -0.170756 0.112961 0.081013
v -0.182302 0.107955 0.066355
v -0.170756 0.112961 0.081013
v -0.177605 0.112961 0.064644
v -0.189172 0.107955 0.042997
v -0.182884 0.112961 0.047708
v -0.172558 0.107955 0.088661
v -0.015153 0.152960 -0.182427
v -0.005241 0.122957 -0.182925
v -0.015118 0.122957 -0.182378
v -0.005241 0.152960 -0.182925
v 0.167706 0.107955 -0.084965
v 0.170755 0.112961 -0.081012
v 0.172557 0.107955 -0.088660
v 0.169942 0.112961 -0.080388
v 0.182301 0.107955 -0.066354
v 0.170755 0.112961 -0.081012
v 0.177604 0.112961 -0.064643
v 0.189178 0.107955 -0.042996
v 0.182883 0.112961 -0.047707
v 0.172557 0.107955 -0.088660
v 0.161803 0.147955 -0.074191
v 0.169942 0.147955 -0.080388
v 0.155550 0.142957 -0.075719
v 0.163675 0.142964 -0.081853
v -0.161804 0.147955 0.074192
v -0.169943 0.147955 0.080389
v -0.155551 0.142957 0.075713
v -0.163669 0.142964 0.081854
v 0.183086 0.107955 -0.042709
v 0.181859 0.112961 -0.047658
v 0.177997 0.112961 -0.042512
v -0.148184 0.157958 0.144048
v -0.135832 0.153956 0.144062
v -0.147013 0.153956 0.147875
v -0.161783 0.157958 0.147602
v -0.134900 0.157958 0.139421
v -0.154142 0.153956 0.149887
v -0.183087 0.107955 0.042710
v -0.181860 0.112961 0.047659
v -0.177991 0.112961 0.042513
v 0.148183 0.157958 -0.144047
v 0.135831 0.153956 -0.144061
v 0.147019 0.153956 -0.147874
v 0.161789 0.157958 -0.147601
v 0.134898 0.157958 -0.139420
v 0.154141 0.153956 -0.149886
v 0.162946 0.106960 0.002801
v 0.163500 0.104955 0.006089
v 0.184271 0.106960 0.023039
v 0.180969 0.104955 0.022668
v 0.189178 0.107955 -0.042996
v 0.181859 0.112961 -0.047658
v 0.183086 0.107955 -0.042709
v 0.182883 0.112961 -0.047707
v -0.188401 0.106960 -0.018685
v -0.187840 0.104955 -0.015397
v -0.167076 0.106960 0.001546
v -0.170378 0.104955 0.001182
v -0.189172 0.107955 0.042997
v -0.181860 0.112961 0.047659
v -0.183087 0.107955 0.042710
v -0.182884 0.112961 0.047708
v -0.186732 0.104955 -0.003816
v -0.188415 0.106729 -0.002730
v -0.182491 0.104955 0.000446
v -0.182863 0.106834 0.002479
v -0.186389 0.107955 -0.000101
v -0.176168 0.104955 0.002373
v -0.177605 0.106960 0.004133
v -0.171990 0.106967 0.003881
v -0.170378 0.104955 0.001182
v -0.167076 0.106960 0.001546
v -0.166824 0.107962 0.001820
v -0.188737 0.104948 -0.009628
v -0.190658 0.106771 -0.010006
v -0.187840 0.104955 -0.015397
v -0.190216 0.107955 -0.006445
v -0.189901 0.106960 -0.015495
v -0.188401 0.106960 -0.018685
v -0.175930 0.107955 0.004315
v -0.117185 0.114559 -0.177513
v -0.122036 0.111313 -0.165995
v -0.115678 0.115540 -0.177639
v -0.124595 0.109406 -0.162981
v -0.109523 0.117882 -0.187993
v -0.108443 0.118583 -0.187334
v -0.099309 0.121197 -0.196580
v -0.099576 0.120644 -0.198024
v -0.088997 0.122929 -0.204263
v -0.088696 0.122361 -0.205855
v -0.077550 0.123251 -0.211715
v -0.079884 0.123721 -0.209192
v -0.072425 0.124023 -0.212339
v -0.064069 0.123385 -0.216356
v -0.127167 0.104955 0.108037
v -0.120536 0.107002 0.107749
v -0.125730 0.106960 0.106277
v -0.120851 0.104955 0.109958
v -0.116056 0.106960 0.111654
v -0.116610 0.104955 0.114227
v -0.131345 0.106967 0.106523
v -0.132965 0.104955 0.109229
v -0.136259 0.106960 0.108857
v -0.136526 0.107962 0.108577
v -0.113161 0.106904 0.117087
v -0.114591 0.104955 0.120031
v -0.112755 0.107100 0.124062
v -0.115496 0.104955 0.125800
v -0.114942 0.106960 0.129088
v -0.112474 0.107962 0.121440
v -0.114816 0.107955 0.113126
v -0.127104 0.107955 0.106053
v 0.117184 0.114559 0.177514
v 0.122042 0.111313 0.165996
v 0.115677 0.115540 0.177640
v 0.124594 0.109406 0.162982
v 0.109522 0.117882 0.187994
v 0.108449 0.118583 0.187335
v 0.099308 0.121197 0.196574
v 0.099575 0.120644 0.198026
v 0.088996 0.122929 0.204265
v 0.088695 0.122361 0.205849
v 0.077549 0.123251 0.211716
v 0.079883 0.123721 0.209193
v 0.072431 0.124023 0.212340
v 0.064068 0.123385 0.216357
v 0.114941 0.106960 -0.129094
v 0.115494 0.104955 -0.125799
v 0.136258 0.106960 -0.108856
v 0.132964 0.104955 -0.109227
v 0.118817 0.107962 -0.133714
v 0.123991 0.106974 -0.135775
v 0.127923 0.107955 -0.136209
v 0.139462 0.104955 -0.126613
v 0.141278 0.106960 -0.127454
v 0.138067 0.106953 -0.132179
v 0.135151 0.104948 -0.131940
v 0.131449 0.106946 -0.135803
v 0.127916 0.104955 -0.134247
v 0.123991 0.106974 -0.135775
v 0.122371 0.104955 -0.133076
v 0.119070 0.106960 -0.133440
v 0.118817 0.107962 -0.133714
v 0.127923 0.107955 -0.136209
v 0.133377 0.107955 -0.135025
v 0.138389 0.107955 -0.131793
v 0.141278 0.106960 -0.127454
v 0.142210 0.107962 -0.125449
v 0.140738 0.104955 -0.122070
v 0.142652 0.106771 -0.121867
v 0.139834 0.104955 -0.116497
v 0.141895 0.106960 -0.116399
v 0.140394 0.106960 -0.113209
v 0.142210 0.107962 -0.125449
v 0.119070 0.106960 -0.133440
v 0.139834 0.104955 -0.116497
v 0.122371 0.104955 -0.133076
v 0.140394 0.106960 -0.113209
v 0.163500 0.104955 0.006089
v 0.177261 0.104955 0.023649
v 0.180969 0.104955 0.022668
v 0.172045 0.104955 0.023320
v 0.167979 0.104955 0.021224
v 0.162602 0.104955 0.011662
v 0.163878 0.104955 0.016204
v 0.163500 0.104955 0.006089
v 0.162946 0.106960 0.002801
v 0.160759 0.107107 0.007834
v 0.162602 0.104955 0.011662
v 0.161292 0.106904 0.015363
v 0.160485 0.107962 0.010344
v 0.163878 0.104955 0.016204
v 0.165736 0.106434 0.021672
v 0.167979 0.104955 0.021224
v 0.162694 0.107955 0.018553
v 0.172045 0.104955 0.023320
v 0.171975 0.106764 0.025275
v 0.167972 0.107955 0.023908
v 0.177261 0.104955 0.023649
v 0.178936 0.106946 0.025479
v 0.180969 0.104955 0.022668
v 0.184271 0.106960 0.023039
v 0.184530 0.107962 0.023320
v 0.175417 0.107955 0.025808
v -0.184265 0.106960 -0.023038
v -0.163501 0.104955 -0.006095
v -0.180970 0.104955 -0.022667
v -0.162947 0.106960 -0.002807
v -0.180970 0.104955 -0.022667
v -0.178937 0.107072 -0.025576
v -0.184265 0.106960 -0.023038
v -0.177262 0.104955 -0.023648
v -0.171976 0.106855 -0.025345
v -0.172046 0.104955 -0.023319
v -0.166144 0.105761 -0.021342
v -0.167532 0.107955 -0.023522
v -0.162695 0.107955 -0.018552
v -0.161300 0.106918 -0.015432
v -0.163872 0.104955 -0.016203
v -0.162603 0.104955 -0.011661
v -0.160760 0.107107 -0.007840
v -0.163501 0.104955 -0.006095
v -0.162947 0.106960 -0.002807
v -0.160486 0.107969 -0.010329
v -0.167707 0.107955 0.084967
v -0.163683 0.113017 0.081840
v -0.169943 0.112961 0.080389
v 0.167706 0.107955 -0.084965
v 0.163682 0.113024 -0.081839
v 0.169942 0.112961 -0.080388
v -0.181860 0.147955 0.047659
v -0.182884 0.112961 0.047708
v -0.182884 0.157958 0.047708
v -0.171639 0.147955 0.047168
v -0.171639 0.157958 0.047168
v -0.181860 0.112961 0.047659
v 0.181859 0.147955 -0.047658
v 0.182883 0.112961 -0.047707
v 0.182883 0.157958 -0.047707
v 0.171638 0.147955 -0.047174
v 0.171638 0.157958 -0.047174
v 0.181859 0.112961 -0.047658
v 0.001258 0.122957 -0.185904
v -0.001385 0.152995 -0.185918
v 0.001461 0.152995 -0.185869
v -0.001595 0.122957 -0.185855
v -0.003916 0.152981 -0.184607
v -0.004049 0.122957 -0.184474
v -0.005241 0.152960 -0.182925
v 0.003725 0.122957 -0.184768
v 0.003894 0.153009 -0.184642
v 0.005240 0.122957 -0.182925
v 0.005240 0.152960 -0.182925
v -0.005241 0.122957 -0.182925
v 0.003725 0.122957 -0.184768
v -0.004049 0.122957 -0.184474
v -0.001595 0.122957 -0.185855
v 0.001258 0.122957 -0.185904
v -0.177262 0.104955 -0.023648
v -0.180970 0.104955 -0.022667
v -0.163501 0.104955 -0.006095
v -0.172046 0.104955 -0.023319
v -0.162603 0.104955 -0.011661
v -0.163872 0.104955 -0.016203
v -0.166144 0.105761 -0.021342
v -0.122365 0.104955 0.133077
v -0.124412 0.106939 0.135888
v -0.119071 0.106960 0.133441
v -0.126074 0.104955 0.134051
v -0.131408 0.106827 0.135713
v -0.118804 0.107955 0.133722
v -0.127924 0.107955 0.136210
v -0.131289 0.104948 0.133722
v -0.136540 0.106960 0.133245
v -0.135355 0.104955 0.131633
v -0.140543 0.106743 0.128885
v -0.138384 0.107955 0.131794
v -0.138727 0.104955 0.128079
v -0.140739 0.104955 0.122267
v -0.142653 0.106771 0.121889
v -0.139835 0.104955 0.116498
v -0.141896 0.106960 0.116400
v -0.142211 0.107962 0.125450
v -0.140388 0.106960 0.113210
v -0.122365 0.104955 0.133077
v -0.138727 0.104955 0.128079
v -0.126074 0.104955 0.134051
v -0.140739 0.104955 0.122267
v -0.139835 0.104955 0.116498
v -0.135355 0.104955 0.131633
v -0.131289 0.104948 0.133722
v -0.119071 0.106960 0.133441
v -0.139835 0.104955 0.116498
v -0.122365 0.104955 0.133077
v -0.140388 0.106960 0.113210
v -0.138384 0.107955 0.131794
v -0.140543 0.106743 0.128885
v -0.142211 0.107962 0.125450
v 0.167972 0.107955 0.023908
v 0.165736 0.106434 0.021672
v 0.162694 0.107955 0.018553
v 0.139834 0.104955 -0.116497
v 0.140738 0.104955 -0.122070
v 0.122371 0.104955 -0.133076
v 0.139462 0.104955 -0.126613
v 0.135151 0.104948 -0.131940
v 0.127916 0.104955 -0.134247
v 0.174478 0.169960 -0.052824
v 0.170608 0.169960 -0.057850
v 0.176475 0.169967 -0.059729
v 0.168189 0.169960 -0.052761
v 0.178978 0.169960 -0.055025
v 0.167355 0.169960 -0.058636
v 0.163843 0.169960 -0.055944
v 0.165091 0.169967 -0.062961
v 0.161109 0.169960 -0.061762
v 0.161144 0.169960 -0.066333
v 0.166528 0.169960 -0.067370
v 0.181467 0.169960 -0.058320
v 0.178284 0.169960 -0.063108
v 0.182574 0.169967 -0.062694
v 0.181046 0.169953 -0.068723
v 0.162497 0.169960 -0.069501
v 0.177625 0.169960 -0.066066
v 0.175557 0.170114 -0.068842
v 0.177744 0.169960 -0.072810
v 0.174989 0.169960 -0.074450
v 0.172991 0.169960 -0.067938
v 0.167790 0.169960 -0.071829
v 0.171239 0.169960 -0.062337
v 0.174590 0.169960 -0.063557
v 0.168189 0.169960 -0.052761
v 0.168799 0.172960 -0.052551
v 0.164046 0.172960 -0.055656
v 0.163843 0.169960 -0.055944
v 0.161193 0.172953 -0.061292
v 0.161109 0.169960 -0.061762
v 0.161109 0.172960 -0.066101
v 0.161144 0.169960 -0.066333
v 0.162497 0.172960 -0.069501
v 0.162497 0.169960 -0.069501
v -0.174479 0.169960 0.052825
v -0.170609 0.169960 0.057851
v -0.176469 0.169967 0.059730
v -0.168191 0.169960 0.052762
v -0.178979 0.169960 0.055019
v -0.167356 0.169960 0.058637
v -0.163844 0.169960 0.055945
v -0.165092 0.169967 0.062962
v -0.161110 0.169960 0.061763
v -0.161145 0.169960 0.066334
v -0.166529 0.169960 0.067371
v -0.181468 0.169960 0.058321
v -0.178285 0.169960 0.063102
v -0.182575 0.169967 0.062695
v -0.181040 0.169953 0.068724
v -0.162491 0.169960 0.069502
v -0.177626 0.169960 0.066067
v -0.175558 0.170114 0.068843
v -0.177745 0.169960 0.072811
v -0.174990 0.169960 0.074444
v -0.172992 0.169960 0.067939
v -0.167791 0.169960 0.071830
v -0.171240 0.169960 0.062338
v -0.174591 0.169960 0.063558
v -0.168191 0.169960 0.052762
v -0.168800 0.172960 0.052552
v -0.164041 0.172960 0.055657
v -0.163844 0.169960 0.055945
v -0.161194 0.172953 0.061293
v -0.161110 0.169960 0.061763
v -0.161110 0.172960 0.066102
v -0.161145 0.169960 0.066334
v -0.162491 0.172960 0.069502
v -0.162491 0.169960 0.069502
v 0.182574 0.169967 -0.062694
v 0.182525 0.172946 -0.062835
v 0.181495 0.172960 -0.058383
v 0.181467 0.169960 -0.058320
v 0.181277 0.172925 -0.068134
v 0.181046 0.169953 -0.068723
v 0.179216 0.172960 -0.055187
v 0.178978 0.169960 -0.055025
v 0.174786 0.172960 -0.052936
v 0.174478 0.169960 -0.052824
v 0.168799 0.172960 -0.052551
v 0.168189 0.169960 -0.052761
v 0.178838 0.172960 -0.071751
v 0.177744 0.169960 -0.072810
v 0.175200 0.172960 -0.074513
v 0.174989 0.169960 -0.074450
v 0.167790 0.169960 -0.071829
v 0.175200 0.172960 -0.074513
v 0.174989 0.169960 -0.074450
v 0.167790 0.172960 -0.071829
v -0.182575 0.169967 0.062695
v -0.182526 0.172946 0.062836
v -0.181489 0.172960 0.058384
v -0.181468 0.169960 0.058321
v -0.181278 0.172925 0.068135
v -0.181040 0.169953 0.068724
v -0.179217 0.172960 0.055188
v -0.178979 0.169960 0.055019
v -0.174787 0.172960 0.052930
v -0.174479 0.169960 0.052825
v -0.168800 0.172960 0.052552
v -0.168191 0.169960 0.052762
v -0.178832 0.172960 0.071752
v -0.177745 0.169960 0.072811
v -0.175201 0.172960 0.074507
v -0.174990 0.169960 0.074444
v -0.167791 0.169960 0.071830
v -0.175201 0.172960 0.074507
v -0.174990 0.169960 0.074444
v -0.167791 0.172960 0.071830
v 0.170608 0.169960 -0.057850
v 0.175887 0.172960 -0.059386
v 0.176475 0.169967 -0.059729
v 0.170412 0.172960 -0.057829
v -0.170609 0.169960 0.057851
v -0.175888 0.172960 0.059387
v -0.176469 0.169967 0.059730
v -0.170413 0.172960 0.057823
v 0.132964 0.104955 -0.109227
v 0.130924 0.106939 -0.106416
v 0.136258 0.106960 -0.108856
v 0.129255 0.104955 -0.108246
v 0.123921 0.106827 -0.106585
v 0.136525 0.107962 -0.108576
v 0.127412 0.107955 -0.106087
v 0.124047 0.104948 -0.108576
v 0.118789 0.106960 -0.109059
v 0.119974 0.104955 -0.110672
v 0.114786 0.106743 -0.113419
v 0.116946 0.107955 -0.110510
v 0.116602 0.104955 -0.114219
v 0.114590 0.104955 -0.120030
v 0.112683 0.106771 -0.120416
v 0.115494 0.104955 -0.125799
v 0.113118 0.107955 -0.116854
v 0.113441 0.106960 -0.125904
v 0.114941 0.106960 -0.129094
v -0.114816 0.157958 -0.148877
v -0.115685 0.153016 -0.143948
v -0.118131 0.157958 -0.148680
v -0.113568 0.152960 -0.143493
v -0.118405 0.153009 -0.143318
v -0.122737 0.157958 -0.146493
v -0.120662 0.152343 -0.141264
v -0.125751 0.157958 -0.142490
v -0.121685 0.152974 -0.138789
v -0.126649 0.157958 -0.138936
v -0.121594 0.152960 -0.136763
v 0.187839 0.104955 0.015398
v 0.188400 0.106960 0.018686
v 0.190601 0.107121 0.013590
v 0.188638 0.104955 0.011655
v 0.190292 0.107065 0.006397
v 0.187993 0.104955 0.006285
v 0.186339 0.106967 -0.000094
v 0.184656 0.104955 0.001273
v 0.180506 0.104955 -0.001321
v 0.179504 0.106946 -0.003901
v 0.175922 0.104948 -0.002351
v 0.171996 0.106967 -0.003880
v 0.170377 0.104955 -0.001181
v 0.167075 0.106960 -0.001545
v 0.166822 0.107962 -0.001819
v 0.175922 0.107955 -0.004321
v 0.170377 0.104955 -0.001181
v 0.187839 0.104955 0.015398
v 0.188638 0.104955 0.011655
v 0.187993 0.104955 0.006285
v 0.184656 0.104955 0.001273
v 0.180506 0.104955 -0.001321
v 0.175922 0.104948 -0.002351
v -0.114816 0.157958 -0.148877
v -0.105646 0.152946 -0.149479
v -0.113568 0.152960 -0.143493
v -0.110497 0.157958 -0.152122
v 0.126655 0.157958 0.138937
v 0.121684 0.152974 0.138790
v 0.121593 0.152960 0.136764
v 0.125750 0.157958 0.142491
v 0.120661 0.152343 0.141265
v 0.122736 0.157958 0.146494
v 0.118404 0.153009 0.143312
v 0.118102 0.157958 0.148681
v 0.115691 0.153016 0.143950
v 0.114836 0.157958 0.148857
v 0.113567 0.152960 0.143494
v 0.105645 0.152946 0.149481
v 0.113567 0.152960 0.143494
v 0.114836 0.157958 0.148857
v 0.110461 0.157958 0.152151
v 0.119974 0.104955 -0.110672
v 0.129255 0.104955 -0.108246
v 0.132964 0.104955 -0.109227
v 0.116602 0.104955 -0.114219
v 0.114590 0.104955 -0.120030
v 0.115494 0.104955 -0.125799
v 0.124047 0.104948 -0.108576
v 0.116946 0.107955 -0.110510
v 0.114786 0.106743 -0.113419
v 0.113118 0.107955 -0.116854
v -0.114942 0.106960 0.129088
v -0.115496 0.104955 0.125800
v -0.136259 0.106960 0.108857
v -0.132965 0.104955 0.109229
v -0.114816 0.107955 0.113126
v -0.113161 0.106904 0.117087
v -0.112474 0.107962 0.121440
v 0.075873 0.126967 -0.208631
v 0.067419 0.124506 -0.211028
v 0.057577 0.121331 -0.205834
v -0.075867 0.126967 0.208632
v -0.067420 0.124506 0.211029
v -0.057578 0.121331 0.205835
v -0.187840 0.104955 -0.015397
v -0.176168 0.104955 0.002373
v -0.170378 0.104955 0.001182
v -0.182491 0.104955 0.000446
v -0.186732 0.104955 -0.003816
v -0.188737 0.104948 -0.009628
v -0.006523 0.153963 0.198825
v -0.003874 0.157958 0.202757
v -0.008346 0.152287 0.200220
v -0.002430 0.157958 0.198614
v 0.006522 0.153963 -0.198824
v 0.003873 0.157958 -0.202756
v 0.008345 0.152287 -0.200219
v 0.002428 0.157958 -0.198613
v -0.171240 0.169960 0.062338
v -0.167791 0.172960 0.071830
v -0.167791 0.169960 0.071830
v -0.171240 0.172960 0.062338
v 0.171239 0.169960 -0.062337
v 0.167790 0.172960 -0.071829
v 0.167790 0.169960 -0.071829
v 0.171239 0.172960 -0.062337
v -0.115496 0.104955 0.125800
v -0.127167 0.104955 0.108037
v -0.132965 0.104955 0.109229
v -0.120851 0.104955 0.109958
v -0.114591 0.104955 0.120031
v -0.116610 0.104955 0.114227
v -0.162106 0.157958 0.093274
v -0.156876 0.152883 0.090364
v -0.157157 0.152981 0.093147
v -0.155755 0.152519 0.088465
v 0.165091 0.169967 -0.062961
v 0.165119 0.172960 -0.063515
v 0.167075 0.172960 -0.058902
v 0.167355 0.169960 -0.058636
v -0.165092 0.169967 0.062962
v -0.165120 0.172960 0.063509
v -0.167076 0.172960 0.058903
v -0.167356 0.169960 0.058637
v -0.005100 0.157958 0.189817
v -0.000348 0.157958 0.191086
v -0.079996 0.157958 -0.190601
v -0.080459 0.157958 -0.193566
v -0.077669 0.157979 -0.187797
v -0.178285 0.169960 0.063102
v -0.178285 0.172953 0.062836
v -0.177030 0.172981 0.067518
v -0.177626 0.169960 0.066067
v -0.175558 0.170114 0.068843
v 0.178284 0.169960 -0.063108
v 0.178284 0.172953 -0.062842
v 0.177036 0.172981 -0.067524
v 0.177625 0.169960 -0.066066
v 0.175557 0.170114 -0.068842
v -0.174591 0.169960 0.063558
v -0.171240 0.172960 0.062338
v -0.171240 0.169960 0.062338
v -0.174591 0.172960 0.063558
v 0.174590 0.169960 -0.063557
v 0.171239 0.172960 -0.062337
v 0.171239 0.169960 -0.062337
v 0.174590 0.172960 -0.063557
v -0.071339 0.157958 -0.183521
v -0.072671 0.157958 -0.179987
v -0.075531 0.153956 -0.183030
v -0.047498 0.131916 0.225028
v -0.052860 0.129897 0.223830
v -0.040536 0.130283 0.221776
v -0.036723 0.136767 0.227075
v 0.071345 0.157958 0.183564
v 0.072656 0.157958 0.179996
v 0.075530 0.153956 0.183031
v -0.179750 0.122957 0.019541
v -0.181180 0.122768 0.026012
v -0.182092 0.122957 0.018202
v -0.152880 0.122971 0.016169
v 0.184530 0.107962 0.023320
v 0.178936 0.106946 0.025479
v 0.175417 0.107955 0.025808
v 0.006957 0.128761 -0.197919
v 0.006522 0.153963 -0.198824
v 0.006529 0.129399 -0.198887
v 0.007020 0.153956 -0.197912
v -0.006958 0.128761 0.197920
v -0.006523 0.153963 0.198825
v -0.006530 0.129399 0.198888
v -0.007021 0.153956 0.197913
v 0.162497 0.172960 -0.069501
v 0.166528 0.172960 -0.067370
v 0.162497 0.169960 -0.069501
v 0.166528 0.169960 -0.067370
v -0.162491 0.172960 0.069502
v -0.166529 0.172960 0.067371
v -0.162491 0.169960 0.069502
v -0.166529 0.169960 0.067371
v -0.172992 0.169960 0.067939
v -0.174591 0.172960 0.063558
v -0.174591 0.169960 0.063558
v -0.172992 0.172960 0.067939
v 0.172991 0.169960 -0.067938
v 0.174590 0.172960 -0.063557
v 0.174590 0.169960 -0.063557
v 0.172991 0.172960 -0.067938
v -0.175376 0.157958 -0.122098
v 0.068730 0.107962 0.187980
v 0.066326 0.109189 0.191548
v 0.068295 0.108103 0.191114
v 0.176475 0.169967 -0.059729
v 0.178284 0.172953 -0.062842
v 0.178284 0.169960 -0.063108
v 0.175887 0.172960 -0.059386
v -0.176469 0.169967 0.059730
v -0.178285 0.172953 0.062836
v -0.178285 0.169960 0.063102
v -0.175888 0.172960 0.059387
v 0.166528 0.169960 -0.067370
v 0.165119 0.172960 -0.063515
v 0.165091 0.169967 -0.062961
v 0.166528 0.172960 -0.067370
v -0.166529 0.169960 0.067371
v -0.165120 0.172960 0.063509
v -0.165092 0.169967 0.062962
v -0.166529 0.172960 0.067371
v -0.172992 0.172960 0.067939
v -0.175558 0.170114 0.068843
v -0.177030 0.172981 0.067518
v 0.172991 0.172960 -0.067938
v 0.175557 0.170114 -0.068842
v 0.177036 0.172981 -0.067524
v -0.175558 0.170114 0.068843
v -0.172992 0.172960 0.067939
v -0.172992 0.169960 0.067939
v 0.175557 0.170114 -0.068842
v 0.172991 0.172960 -0.067938
v 0.172991 0.169960 -0.067938
v -0.186389 0.107955 -0.000101
v -0.188415 0.106729 -0.002730
v -0.190216 0.107955 -0.006445
v -0.118804 0.107955 0.133722
v -0.124412 0.106939 0.135888
v -0.127924 0.107955 0.136210
v 0.136525 0.107962 -0.108576
v 0.130924 0.106939 -0.106416
v 0.127412 0.107955 -0.106087
v -0.166824 0.107962 0.001820
v -0.171990 0.106967 0.003881
v -0.175930 0.107955 0.004315
v 0.162105 0.157958 -0.093272
v -0.162106 0.157958 0.093274
v -0.118804 0.107955 0.133722
v -0.140388 0.106960 0.113210
v -0.119071 0.106960 0.133441
v -0.140388 0.107955 0.113210
v -0.142449 0.107955 0.118265
v -0.141896 0.106960 0.116400
v -0.140388 0.107955 0.113210
v -0.140388 0.106960 0.113210
v -0.173574 0.107955 -0.025597
v -0.171976 0.106855 -0.025345
v -0.167532 0.107955 -0.023522
v 0.136525 0.107962 -0.108576
v 0.114941 0.106960 -0.129094
v 0.136258 0.106960 -0.108856
v 0.114941 0.107955 -0.129094
v 0.114941 0.107955 -0.129094
v 0.113441 0.106960 -0.125904
v 0.114941 0.106960 -0.129094
v 0.112887 0.107955 -0.124033
v -0.184265 0.107955 -0.023038
v -0.162947 0.106960 -0.002807
v -0.184265 0.106960 -0.023038
v -0.162947 0.107955 -0.002807
v -0.184265 0.107955 -0.023038
v -0.184265 0.106960 -0.023038
v -0.179505 0.107955 -0.025359
v -0.178937 0.107072 -0.025576
v -0.173574 0.107955 -0.025597
v -0.171976 0.106855 -0.025345
v 0.118817 0.107962 -0.133714
v 0.140394 0.106960 -0.113209
v 0.119070 0.106960 -0.133440
v 0.140394 0.107955 -0.113209
v 0.166822 0.107962 -0.001819
v 0.188400 0.106960 0.018686
v 0.167075 0.106960 -0.001545
v 0.188400 0.107955 0.018686
v -0.136526 0.107962 0.108577
v -0.114942 0.106960 0.129088
v -0.136259 0.106960 0.108857
v -0.114942 0.107955 0.129088
v -0.166824 0.107962 0.001820
v -0.188401 0.106960 -0.018685
v -0.167076 0.106960 0.001546
v -0.188401 0.107955 -0.018685
v 0.140394 0.107955 -0.113209
v 0.141895 0.106960 -0.116399
v 0.140394 0.106960 -0.113209
v 0.142448 0.107955 -0.118263
v 0.184530 0.107962 0.023320
v 0.162946 0.106960 0.002801
v 0.184271 0.106960 0.023039
v 0.162946 0.107955 0.002801
v -0.188401 0.107955 -0.018685
v -0.189901 0.106960 -0.015495
v -0.188401 0.106960 -0.018685
v -0.190455 0.107962 -0.013631
v 0.162946 0.107955 0.002801
v 0.160759 0.107107 0.007834
v 0.162946 0.106960 0.002801
v -0.181384 0.107955 0.003131
v -0.182863 0.106834 0.002479
v -0.186389 0.107955 -0.000101
v -0.177605 0.106960 0.004133
v -0.175930 0.107955 0.004315
v 0.188400 0.107955 0.018686
v 0.190601 0.107121 0.013590
v 0.188400 0.106960 0.018686
v 0.190454 0.107955 0.013632
v 0.190222 0.107955 0.006446
v 0.190292 0.107065 0.006397
v 0.073167 0.128551 0.212067
v 0.066585 0.127114 0.213974
v 0.079904 0.128278 0.209179
v -0.114942 0.107955 0.129088
v -0.112755 0.107100 0.124062
v -0.114942 0.106960 0.129088
v -0.162947 0.107955 -0.002807
v -0.160760 0.107107 -0.007840
v -0.162947 0.106960 -0.002807
v -0.073169 0.128551 -0.212066
v -0.066586 0.127114 -0.213972
v -0.079905 0.128278 -0.209178
v 0.141222 0.108032 -0.145855
v -0.136526 0.107962 0.108577
v -0.131345 0.106967 0.106523
v -0.127104 0.107955 0.106053
v 0.113118 0.107955 -0.116854
v 0.112683 0.106771 -0.120416
v 0.112887 0.107955 -0.124033
v -0.190216 0.107955 -0.006445
v -0.190658 0.106771 -0.010006
v -0.190455 0.107962 -0.013631
v 0.073329 0.157958 0.186487
v 0.071345 0.157958 0.183564
v 0.075530 0.153956 0.183031
v 0.142210 0.107962 -0.125449
v 0.142652 0.106771 -0.121867
v 0.142448 0.107955 -0.118263
v -0.073309 0.157958 -0.186472
v -0.071339 0.157958 -0.183521
v -0.075531 0.153956 -0.183030
v 0.175922 0.107955 -0.004321
v 0.179504 0.106946 -0.003901
v 0.181382 0.107955 -0.003129
v 0.166822 0.107962 -0.001819
v 0.171996 0.106967 -0.003880
v 0.175922 0.107955 -0.004321
v -0.142449 0.107955 0.118265
v -0.142653 0.106771 0.121889
v -0.141896 0.106960 0.116400
v -0.142211 0.107962 0.125450
v -0.142653 0.106771 0.121889
v -0.142449 0.107955 0.118265
v 0.162694 0.107955 0.018553
v 0.161292 0.106904 0.015363
v 0.160485 0.107962 0.010344
v 0.167355 0.169960 -0.058636
v 0.167075 0.172960 -0.058902
v 0.170412 0.172960 -0.057829
v 0.170608 0.169960 -0.057850
v -0.167356 0.169960 0.058637
v -0.167076 0.172960 0.058903
v -0.170413 0.172960 0.057823
v -0.170609 0.169960 0.057851
v -0.162695 0.107955 -0.018552
v -0.161300 0.106918 -0.015432
v -0.160486 0.107969 -0.010329
v 0.175417 0.107955 0.025808
v 0.171975 0.106764 0.025275
v 0.167972 0.107955 0.023908
v -0.133378 0.107955 0.135026
v -0.136540 0.106960 0.133245
v -0.138384 0.107955 0.131794
v -0.131408 0.106827 0.135713
v 0.121958 0.107955 -0.107279
v 0.118789 0.106960 -0.109059
v 0.116946 0.107955 -0.110510
v 0.123921 0.106827 -0.106585
v 0.181382 0.107955 -0.003129
v 0.179504 0.106946 -0.003901
v 0.186339 0.106967 -0.000094
v 0.186395 0.107955 0.000102
v 0.190292 0.107065 0.006397
v 0.190222 0.107955 0.006446
v -0.112474 0.107962 0.121440
v -0.112755 0.107100 0.124062
v -0.114942 0.107955 0.129088
v -0.120199 0.107955 0.107974
v -0.116056 0.106960 0.111654
v -0.114816 0.107955 0.113126
v -0.120536 0.107002 0.107749
v -0.127104 0.107955 0.106053
v -0.125730 0.106960 0.106277
v 0.160485 0.107962 0.010344
v 0.160759 0.107107 0.007834
v 0.162946 0.107955 0.002801
v 0.132908 0.111580 0.150132
v 0.135137 0.111180 0.146375
v 0.129248 0.111145 0.157591
v -0.160486 0.107969 -0.010329
v -0.160760 0.107107 -0.007840
v -0.162947 0.107955 -0.002807
v -0.135299 0.110213 -0.144783
v -0.127924 0.107955 0.136210
v -0.131408 0.106827 0.135713
v -0.133378 0.107955 0.135026
v 0.112887 0.107955 -0.124033
v 0.112683 0.106771 -0.120416
v 0.113441 0.106960 -0.125904
v -0.190455 0.107962 -0.013631
v -0.190658 0.106771 -0.010006
v -0.189901 0.106960 -0.015495
v 0.142448 0.107955 -0.118263
v 0.142652 0.106771 -0.121867
v 0.141895 0.106960 -0.116399
v 0.127412 0.107955 -0.106087
v 0.123921 0.106827 -0.106585
v 0.121958 0.107955 -0.107279
v 0.127923 0.107955 -0.136209
v 0.131449 0.106946 -0.135803
v 0.133377 0.107955 -0.135025
vt 0.453125 0.375000
vt 0.453125 0.375000
vt 0.453125 0.375000
vt 0.453125 0.375000
vt 0.453125 0.375000
vt 0.453125 0.375000
vt 0.453125 0.375000
vt 0.453125 0.375000
vt 0.453125 0.375000
vt 0.453125 0.375000
vt 0.453125 0.375000
vt 0.453125 0.375000
vt 0.453125 0.375000
vt 0.453125 0.375000
vt 0.453125 0.375000
vt 0.453125 0.375000
vt 0.453125 0.375000
vt 0.453125 0.375000
vt 0.453125 0.375000
vt 0.453125 0.375000
vt 0.453125 0.375000
vt 0.453125 0.375000
vt 0.453125 0.375000
vt 0.453125 0.375000
vt 0.453125 0.375000
vt 0.453125 0.375000
vt 0.453125 0.375000
vt 0.453125 0.375000
vt 0.453125 0.375000
vt 0.453125 0.375000
vt 0.453125 0.375000
vt 0.453125 0.375000
vt 0.453125 0.375000
vt 0.453125 0.375000
vt 0.453125 0.375000
vt 0.453125 0.375000
vt 0.453125 0.375000
vt 0.453125 0.375000
vt 0.453125 0.375000
vt 0.453125 0.375000
vt 0.453125 0.375000
vt 0.453125 0.375000
vt 0.453125 0.375000
vt 0.453125 0.375000
vt 0.453125 0.375000
vt 0.453125 0.375000
vt 0.453125 0.375000
vt 0.453125 0.375000
vt 0.453125 0.375000
vt 0.453125 0.375000
vt 0.453125 0.375000
vt 0.453125 0.375000
vt 0.453125 0.375000
vt 0.453125 0.375000
vt 0.453125 0.375000
vt 0.453125 0.375000
vt 0.453125 0.375000
vt 0.453125 0.375000
vt 0.453125 0.375000
vt 0.453125 0.375000
vt 0.453125 0.375000
vt 0.453125 0.375000
vt 0.453125 0.375000
vt 0.453125 0.375000
vt 0.453125 0.375000
vt 0.453125 0.375000
vt 0.453125 0.375000
vt 0.453125 0.375000
vt 0.453125 0.375000
vt 0.453125 0.375000
vt 0.453125 0.375000
vt 0.453125 0.375000
vt 0.453125 0.375000
vt 0.453125 0.375000
vt 0.453125 0.375000
vt 0.453125 0.375000
vt 0.453125 0.375000
vt 0.453125 0.375000
vt 0.453125 0.375000
vt 0.453125 0.375000
vt 0.453125 0.375000
vt 0.453125 0.375000
vt 0.453125 0.375000
vt 0.453125 0.375000
vt 0.453125 0.375000
vt 0.453125 0.375000
vt 0.453125 0.375000
vt 0.453125 0.375000
vt 0.453125 0.375000
vt 0.453125 0.375000
vt 0.453125 0.375000
vt 0.453125 0.375000
vt 0.453125 0.375000
vt 0.453125 0.375000
vt 0.453125 0.375000
vt 0.453125 0.375000
vt 0.453125 0.375000
vt 0.453125 0.375000
vt 0.453125 0.375000
vt 0.453125 0.375000
vt 0.453125 0.375000
vt 0.453125 0.375000
vt 0.453125 0.375000
vt 0.453125 0.375000
vt 0.453125 0.375000
vt 0.453125 0.375000
vt 0.453125 0.375000
vt 0.453125 0.375000
vt 0.453125 0.375000
vt 0.453125 0.375000
vt 0.453125 0.375000
vt 0.453125 0.375000
vt 0.453125 0.375000
vt 0.453125 0.375000
vt 0.453125 0.375000
vt 0.453125 0.375000
vt 0.453125 0.375000
vt 0.453125 0.375000
vt 0.453125 0.375000
vt 0.453125 0.375000
vt 0.453125 0.375000
vt 0.453125 0.375000
vt 0.453125 0.375000
vt 0.453125 0.375000
vt 0.453125 0.375000
vt 0.453125 0.375000
vt 0.453125 0.375000
vt 0.453125 0.375000
vt 0.453125 0.375000
vt 0.453125 0.375000
vt 0.453125 0.375000
vt 0.453125 0.375000
vt 0.453125 0.375000
vt 0.453125 0.375000
vt 0.453125 0.375000
vt 0.453125 0.375000
vt 0.453125 0.375000
vt 0.453125 0.375000
vt 0.453125 0.375000
vt 0.453125 0.375000
vt 0.453125 0.375000
vt 0.453125 0.375000
vt 0.453125 0.375000
vt 0.453125 0.375000
vt 0.453125 0.375000
vt 0.453125 0.375000
vt 0.453125 0.375000
vt 0.453125 0.375000
vt 0.453125 0.375000
vt 0.453125 0.375000
vt 0.453125 0.375000
vt 0.453125 0.375000
vt 0.453125 0.375000
vt 0.453125 0.375000
vt 0.453125 0.375000
vt 0.453125 0.375000
vt 0.453125 0.375000
vt 0.453125 0.375000
vt 0.453125 0.375000
vt 0.453125 0.375000
vt 0.453125 0.375000
vt 0.453125 0.375000
vt 0.453125 0.375000
vt 0.453125 0.375000
vt 0.453125 0.375000
vt 0.453125 0.375000
vt 0.453125 0.375000
vt 0.453125 0.375000
vt 0.453125 0.375000
vt 0.453125 0.375000
vt 0.453125 0.375000
vt 0.453125 0.375000
vt 0.453125 0.375000
vt 0.453125 0.375000
vt 0.453125 0.375000
vt 0.453125 0.375000
vt 0.453125 0.375000
vt 0.453125 0.375000
vt 0.453125 0.375000
vt 0.453125 0.375000
vt 0.453125 0.375000
vt 0.453125 0.375000
vt 0.453125 0.375000
vt 0.453125 0.375000
vt 0.453125 0.375000
vt 0.453125 0.375000
vt 0.453125 0.375000
vt 0.453125 0.375000
vt 0.453125 0.375000
vt 0.453125 0.375000
vt 0.453125 0.375000
vt 0.453125 0.375000
vt 0.453125 0.375000
vt 0.453125 0.375000
vt 0.453125 0.375000
vt 0.453125 0.375000
vt 0.453125 0.375000
vt 0.453125 0.375000
vt 0.453125 0.375000
vt 0.453125 0.375000
vt 0.453125 0.375000
vt 0.453125 0.375000
vt 0.453125 0.375000
vt 0.453125 0.375000
vt 0.453125 0.375000
vt 0.453125 0.375000
vt 0.453125 0.375000
vt 0.453125 0.375000
vt 0.453125 0.375000
vt 0.453125 0.375000
vt 0.453125 0.375000
vt 0.453125 0.375000
vt 0.453125 0.375000
vt 0.453125 0.375000
vt 0.453125 0.375000
vt 0.453125 0.375000
vt 0.453125 0.375000
vt 0.453125 0.375000
vt 0.453125 0.375000
vt 0.453125 0.375000
vt 0.453125 0.375000
vt 0.453125 0.375000
vt 0.453125 0.375000
vt 0.453125 0.375000
vt 0.453125 0.375000
vt 0.453125 0.375000
vt 0.453125 0.375000
vt 0.453125 0.375000
vt 0.453125 0.375000
vt 0.453125 0.375000
vt 0.453125 0.375000
vt 0.453125 0.375000
vt 0.453125 0.375000
vt 0.453125 0.375000
vt 0.453125 0.375000
vt 0.453125 0.375000
vt 0.453125 0.375000
vt 0.453125 0.375000
vt 0.453125 0.375000
vt 0.453125 0.375000
vt 0.453125 0.375000
vt 0.453125 0.375000
vt 0.453125 0.375000
vt 0.453125 0.375000
vt 0.453125 0.375000
vt 0.453125 0.375000
vt 0.453125 0.375000
vt 0.453125 0.375000
vt 0.453125 0.375000
vt 0.453125 0.375000
vt 0.453125 0.375000
vt 0.453125 0.375000
vt 0.453125 0.375000
vt 0.453125 0.375000
vt 0.453125 0.375000
vt 0.453125 0.375000
vt 0.453125 0.375000
vt 0.453125 0.375000
vt 0.453125 0.375000
vt 0.453125 0.375000
vt 0.453125 0.375000
vt 0.453125 0.375000
vt 0.453125 0.375000
vt 0.453125 0.375000
vt 0.453125 0.375000
vt 0.453125 0.375000
vt 0.453125 0.375000
vt 0.453125 0.375000
vt 0.453125 0.375000
vt 0.453125 0.375000
vt 0.453125 0.375000
vt 0.453125 0.375000
vt 0.453125 0.375000
vt 0.453125 0.375000
vt 0.453125 0.375000
vt 0.453125 0.375000
vt 0.453125 0.375000
vt 0.453125 0.375000
vt 0.453125 0.375000
vt 0.453125 0.375000
vt 0.453125 0.375000
vt 0.453125 0.375000
vt 0.453125 0.375000
vt 0.453125 0.375000
vt 0.453125 0.375000
vt 0.453125 0.375000
vt 0.453125 0.375000
vt 0.453125 0.375000
vt 0.453125 0.375000
vt 0.453125 0.375000
vt 0.453125 0.375000
vt 0.453125 0.375000
vt 0.453125 0.375000
vt 0.453125 0.375000
vt 0.453125 0.375000
vt 0.453125 0.375000
vt 0.453125 0.375000
vt 0.453125 0.375000
vt 0.453125 0.375000
vt 0.453125 0.375000
vt 0.453125 0.375000
vt 0.453125 0.375000
vt 0.453125 0.375000
vt 0.453125 0.375000
vt 0.453125 0.375000
vt 0.453125 0.375000
vt 0.453125 0.375000
vt 0.453125 0.375000
vt 0.453125 0.375000
vt 0.453125 0.375000
vt 0.453125 0.375000
vt 0.453125 0.375000
vt 0.453125 0.375000
vt 0.453125 0.375000
vt 0.453125 0.375000
vt 0.453125 0.375000
vt 0.453125 0.375000
vt 0.453125 0.375000
vt 0.453125 0.375000
vt 0.453125 0.375000
vt 0.453125 0.375000
vt 0.453125 0.375000
vt 0.453125 0.375000
vt 0.453125 0.375000
vt 0.453125 0.375000
vt 0.453125 0.375000
vt 0.453125 0.375000
vt 0.453125 0.375000
vt 0.453125 0.375000
vt 0.453125 0.375000
vt 0.453125 0.375000
vt 0.453125 0.375000
vt 0.453125 0.375000
vt 0.453125 0.375000
vt 0.453125 0.375000
vt 0.453125 0.375000
vt 0.453125 0.375000
vt 0.453125 0.375000
vt 0.453125 0.375000
vt 0.453125 0.375000
vt 0.453125 0.375000
vt 0.453125 0.375000
vt 0.453125 0.375000
vt 0.453125 0.375000
vt 0.453125 0.375000
vt 0.453125 0.375000
vt 0.453125 0.375000
vt 0.453125 0.375000
vt 0.453125 0.375000
vt 0.453125 0.375000
vt 0.453125 0.375000
vt 0.453125 0.375000
vt 0.453125 0.375000
vt 0.453125 0.375000
vt 0.453125 0.375000
vt 0.453125 0.375000
vt 0.453125 0.375000
vt 0.453125 0.375000
vt 0.453125 0.375000
vt 0.453125 0.375000
vt 0.453125 0.375000
vt 0.453125 0.375000
vt 0.453125 0.375000
vt 0.453125 0.375000
vt 0.453125 0.375000
vt 0.453125 0.375000
vt 0.453125 0.375000
vt 0.453125 0.375000
vt 0.453125 0.375000
vt 0.453125 0.375000
vt 0.453125 0.375000
vt 0.453125 0.375000
vt 0.453125 0.375000
vt 0.453125 0.375000
vt 0.453125 0.375000
vt 0.453125 0.375000
vt 0.453125 0.375000
vt 0.453125 0.375000
vt 0.453125 0.375000
vt 0.453125 0.375000
vt 0.453125 0.375000
vt 0.453125 0.375000
vt 0.453125 0.375000
vt 0.453125 0.375000
vt 0.453125 0.375000
vt 0.453125 0.375000
vt 0.453125 0.375000
vt 0.453125 0.375000
vt 0.453125 0.375000
vt 0.453125 0.375000
vt 0.453125 0.375000
vt 0.453125 0.375000
vt 0.453125 0.375000
vt 0.453125 0.375000
vt 0.453125 0.375000
vt 0.453125 0.375000
vt 0.453125 0.375000
vt 0.453125 0.375000
vt 0.453125 0.375000
vt 0.453125 0.375000
vt 0.453125 0.375000
vt 0.453125 0.375000
vt 0.453125 0.375000
vt 0.453125 0.375000
vt 0.453125 0.375000
vt 0.453125 0.375000
vt 0.453125 0.375000
vt 0.453125 0.375000
vt 0.453125 0.375000
vt 0.453125 0.375000
vt 0.453125 0.375000
vt 0.453125 0.375000
vt 0.453125 0.375000
vt 0.453125 0.375000
vt 0.453125 0.375000
vt 0.453125 0.375000
vt 0.453125 0.375000
vt 0.453125 0.375000
vt 0.453125 0.375000
vt 0.453125 0.375000
vt 0.453125 0.375000
vt 0.453125 0.375000
vt 0.453125 0.375000
vt 0.453125 0.375000
vt 0.453125 0.375000
vt 0.453125 0.375000
vt 0.453125 0.375000
vt 0.453125 0.375000
vt 0.453125 0.375000
vt 0.453125 0.375000
vt 0.453125 0.375000
vt 0.453125 0.375000
vt 0.453125 0.375000
vt 0.453125 0.375000
vt 0.453125 0.375000
vt 0.453125 0.375000
vt 0.453125 0.375000
vt 0.453125 0.375000
vt 0.453125 0.375000
vt 0.453125 0.375000
vt 0.453125 0.375000
vt 0.453125 0.375000
vt 0.453125 0.375000
vt 0.453125 0.375000
vt 0.453125 0.375000
vt 0.453125 0.375000
vt 0.453125 0.375000
vt 0.453125 0.375000
vt 0.453125 0.375000
vt 0.453125 0.375000
vt 0.453125 0.375000
vt 0.453125 0.375000
vt 0.453125 0.375000
vt 0.453125 0.375000
vt 0.453125 0.375000
vt 0.453125 0.375000
vt 0.453125 0.375000
vt 0.453125 0.375000
vt 0.453125 0.375000
vt 0.453125 0.375000
vt 0.453125 0.375000
vt 0.453125 0.375000
vt 0.453125 0.375000
vt 0.453125 0.375000
vt 0.453125 0.375000
vt 0.453125 0.375000
vt 0.453125 0.375000
vt 0.453125 0.375000
vt 0.453125 0.375000
vt 0.453125 0.375000
vt 0.453125 0.375000
vt 0.453125 0.375000
vt 0.453125 0.375000
vt 0.453125 0.375000
vt 0.453125 0.375000
vt 0.453125 0.375000
vt 0.453125 0.375000
vt 0.453125 0.375000
vt 0.453125 0.375000
vt 0.453125 0.375000
vt 0.453125 0.375000
vt 0.453125 0.375000
vt 0.453125 0.375000
vt 0.453125 0.375000
vt 0.453125 0.375000
vt 0.453125 0.375000
vt 0.453125 0.375000
vt 0.453125 0.375000
vt 0.453125 0.375000
vt 0.453125 0.375000
vt 0.453125 0.375000
vt 0.453125 0.375000
vt 0.453125 0.375000
vt 0.453125 0.375000
vt 0.453125 0.375000
vt 0.453125 0.375000
vt 0.453125 0.375000
vt 0.453125 0.375000
vt 0.453125 0.375000
vt 0.453125 0.375000
vt 0.453125 0.375000
vt 0.453125 0.375000
vt 0.453125 0.375000
vt 0.453125 0.375000
vt 0.453125 0.375000
vt 0.453125 0.375000
vt 0.453125 0.375000
vt 0.453125 0.375000
vt 0.453125 0.375000
vt 0.453125 0.375000
vt 0.453125 0.375000
vt 0.453125 0.375000
vt 0.453125 0.375000
vt 0.453125 0.375000
vt 0.453125 0.375000
vt 0.453125 0.375000
vt 0.453125 0.375000
vt 0.453125 0.375000
vt 0.453125 0.375000
vt 0.453125 0.375000
vt 0.453125 0.375000
vt 0.453125 0.375000
vt 0.453125 0.375000
vt 0.453125 0.375000
vt 0.453125 0.375000
vt 0.453125 0.375000
vt 0.453125 0.375000
vt 0.453125 0.375000
vt 0.453125 0.375000
vt 0.453125 0.375000
vt 0.453125 0.375000
vt 0.453125 0.375000
vt 0.453125 0.375000
vt 0.453125 0.375000
vt 0.453125 0.375000
vt 0.453125 0.375000
vt 0.453125 0.375000
vt 0.453125 0.375000
vt 0.453125 0.375000
vt 0.453125 0.375000
vt 0.453125 0.375000
vt 0.453125 0.375000
vt 0.453125 0.375000
vt 0.453125 0.375000
vt 0.453125 0.375000
vt 0.453125 0.375000
vt 0.453125 0.375000
vt 0.453125 0.375000
vt 0.453125 0.375000
vt 0.453125 0.375000
vt 0.453125 0.375000
vt 0.453125 0.375000
vt 0.453125 0.375000
vt 0.453125 0.375000
vt 0.453125 0.375000
vt 0.453125 0.375000
vt 0.453125 0.375000
vt 0.453125 0.375000
vt 0.453125 0.375000
vt 0.453125 0.375000
vt 0.453125 0.375000
vt 0.453125 0.375000
vt 0.453125 0.375000
vt 0.453125 0.375000
vt 0.453125 0.375000
vt 0.453125 0.375000
vt 0.453125 0.375000
vt 0.453125 0.375000
vt 0.453125 0.375000
vt 0.453125 0.375000
vt 0.453125 0.375000
vt 0.453125 0.375000
vt 0.453125 0.375000
vt 0.453125 0.375000
vt 0.453125 0.375000
vt 0.453125 0.375000
vt 0.453125 0.375000
vt 0.453125 0.375000
vt 0.453125 0.375000
vt 0.453125 0.375000
vt 0.453125 0.375000
vt 0.453125 0.375000
vt 0.453125 0.375000
vt 0.453125 0.375000
vt 0.453125 0.375000
vt 0.453125 0.375000
vt 0.453125 0.375000
vt 0.453125 0.375000
vt 0.453125 0.375000
vt 0.453125 0.375000
vt 0.453125 0.375000
vt 0.453125 0.375000
vt 0.453125 0.375000
vt 0.453125 0.375000
vt 0.453125 0.375000
vt 0.453125 0.375000
vt 0.453125 0.375000
vt 0.453125 0.375000
vt 0.453125 0.375000
vt 0.453125 0.375000
vt 0.453125 0.375000
vt 0.453125 0.375000
vt 0.453125 0.375000
vt 0.453125 0.375000
vt 0.453125 0.375000
vt 0.453125 0.375000
vt 0.453125 0.375000
vt 0.453125 0.375000
vt 0.453125 0.375000
vt 0.453125 0.375000
vt 0.453125 0.375000
vt 0.453125 0.375000
vt 0.453125 0.375000
vt 0.453125 0.375000
vt 0.453125 0.375000
vt 0.453125 0.375000
vt 0.453125 0.375000
vt 0.453125 0.375000
vt 0.453125 0.375000
vt 0.453125 0.375000
vt 0.453125 0.375000
vt 0.453125 0.375000
vt 0.453125 0.375000
vt 0.453125 0.375000
vt 0.453125 0.375000
vt 0.453125 0.375000
vt 0.453125 0.375000
vt 0.453125 0.375000
vt 0.453125 0.375000
vt 0.453125 0.375000
vt 0.453125 0.375000
vt 0.453125 0.375000
vt 0.453125 0.375000
vt 0.453125 0.375000
vt 0.453125 0.375000
vt 0.453125 0.375000
vt 0.453125 0.375000
vt 0.453125 0.375000
vt 0.453125 0.375000
vt 0.453125 0.375000
vt 0.453125 0.375000
vt 0.453125 0.375000
vt 0.453125 0.375000
vt 0.453125 0.375000
vt 0.453125 0.375000
vt 0.453125 0.375000
vt 0.453125 0.375000
vt 0.453125 0.375000
vt 0.453125 0.375000
vt 0.453125 0.375000
vt 0.453125 0.375000
vt 0.453125 0.375000
vt 0.453125 0.375000
vt 0.453125 0.375000
vt 0.453125 0.375000
vt 0.453125 0.375000
vt 0.453125 0.375000
vt 0.453125 0.375000
vt 0.453125 0.375000
vt 0.453125 0.375000
vt 0.453125 0.375000
vt 0.453125 0.375000
vt 0.453125 0.375000
vt 0.453125 0.375000
vt 0.453125 0.375000
vt 0.453125 0.375000
vt 0.453125 0.375000
vt 0.453125 0.375000
vt 0.453125 0.375000
vt 0.453125 0.375000
vt 0.453125 0.375000
vt 0.453125 0.375000
vt 0.453125 0.375000
vt 0.453125 0.375000
vt 0.453125 0.375000
vt 0.453125 0.375000
vt 0.453125 0.375000
vt 0.453125 0.375000
vt 0.453125 0.375000
vt 0.453125 0.375000
vt 0.453125 0.375000
vt 0.453125 0.375000
vt 0.453125 0.375000
vt 0.453125 0.375000
vt 0.453125 0.375000
vt 0.453125 0.375000
vt 0.453125 0.375000
vt 0.453125 0.375000
vt 0.453125 0.375000
vt 0.453125 0.375000
vt 0.453125 0.375000
vt 0.453125 0.375000
vt 0.453125 0.375000
vt 0.453125 0.375000
vt 0.453125 0.375000
vt 0.453125 0.375000
vt 0.453125 0.375000
vt 0.453125 0.375000
vt 0.453125 0.375000
vt 0.453125 0.375000
vt 0.453125 0.375000
vt 0.453125 0.375000
vt 0.453125 0.375000
vt 0.453125 0.375000
vt 0.453125 0.375000
vt 0.453125 0.375000
vt 0.453125 0.375000
vt 0.453125 0.375000
vt 0.453125 0.375000
vt 0.453125 0.375000
vt 0.453125 0.375000
vt 0.453125 0.375000
vt 0.453125 0.375000
vt 0.453125 0.375000
vt 0.453125 0.375000
vt 0.453125 0.375000
vt 0.453125 0.375000
vt 0.453125 0.375000
vt 0.453125 0.375000
vt 0.453125 0.375000
vt 0.453125 0.375000
vt 0.453125 0.375000
vt 0.453125 0.375000
vt 0.453125 0.375000
vt 0.453125 0.375000
vt 0.453125 0.375000
vt 0.453125 0.375000
vt 0.453125 0.375000
vt 0.453125 0.375000
vt 0.453125 0.375000
vt 0.453125 0.375000
vt 0.453125 0.375000
vt 0.453125 0.375000
vt 0.453125 0.375000
vt 0.453125 0.375000
vt 0.453125 0.375000
vt 0.453125 0.375000
vt 0.453125 0.375000
vt 0.453125 0.375000
vt 0.453125 0.375000
vt 0.453125 0.375000
vt 0.453125 0.375000
vt 0.453125 0.375000
vt 0.453125 0.375000
vt 0.453125 0.375000
vt 0.453125 0.375000
vt 0.453125 0.375000
vt 0.453125 0.375000
vt 0.453125 0.375000
vt 0.453125 0.375000
vt 0.453125 0.375000
vt 0.453125 0.375000
vt 0.453125 0.375000
vt 0.453125 0.375000
vt 0.453125 0.375000
vt 0.453125 0.375000
vt 0.453125 0.375000
vt 0.453125 0.375000
vt 0.453125 0.375000
vt 0.453125 0.375000
vt 0.453125 0.375000
vt 0.453125 0.375000
vt 0.453125 0.375000
vt 0.453125 0.375000
vt 0.453125 0.375000
vt 0.453125 0.375000
vt 0.453125 0.375000
vt 0.453125 0.375000
vt 0.453125 0.375000
vt 0.453125 0.375000
vt 0.453125 0.375000
vt 0.453125 0.375000
vt 0.453125 0.375000
vt 0.453125 0.375000
vt 0.453125 0.375000
vt 0.453125 0.375000
vt 0.453125 0.375000
vt 0.453125 0.375000
vt 0.453125 0.375000
vt 0.453125 0.375000
vt 0.453125 0.375000
vt 0.453125 0.375000
vt 0.453125 0.375000
vt 0.453125 0.375000
vt 0.453125 0.375000
vt 0.453125 0.375000
vt 0.453125 0.375000
vt 0.453125 0.375000
vt 0.453125 0.375000
vt 0.453125 0.375000
vt 0.453125 0.375000
vt 0.453125 0.375000
vt 0.453125 0.375000
vt 0.453125 0.375000
vt 0.453125 0.375000
vt 0.453125 0.375000
vt 0.453125 0.375000
vt 0.453125 0.375000
vt 0.453125 0.375000
vt 0.453125 0.375000
vt 0.453125 0.375000
vt 0.453125 0.375000
vt 0.453125 0.375000
vt 0.453125 0.375000
vt 0.453125 0.375000
vt 0.453125 0.375000
vt 0.453125 0.375000
vt 0.453125 0.375000
vt 0.453125 0.375000
vt 0.453125 0.375000
vt 0.453125 0.375000
vt 0.453125 0.375000
vt 0.453125 0.375000
vt 0.453125 0.375000
vt 0.453125 0.375000
vt 0.453125 0.375000
vt 0.453125 0.375000
vt 0.453125 0.375000
vt 0.453125 0.375000
vt 0.453125 0.375000
vt 0.453125 0.375000
vt 0.453125 0.375000
vt 0.453125 0.375000
vt 0.453125 0.375000
vt 0.453125 0.375000
vt 0.453125 0.375000
vt 0.453125 0.375000
vt 0.453125 0.375000
vt 0.453125 0.375000
vt 0.453125 0.375000
vt 0.453125 0.375000
vt 0.453125 0.375000
vt 0.453125 0.375000
vt 0.453125 0.375000
vt 0.453125 0.375000
vt 0.453125 0.375000
vt 0.453125 0.375000
vt 0.453125 0.375000
vt 0.453125 0.375000
vt 0.453125 0.375000
vt 0.453125 0.375000
vt 0.453125 0.375000
vt 0.453125 0.375000
vt 0.453125 0.375000
vt 0.453125 0.375000
vt 0.453125 0.375000
vt 0.453125 0.375000
vt 0.453125 0.375000
vt 0.453125 0.375000
vt 0.453125 0.375000
vt 0.453125 0.375000
vt 0.453125 0.375000
vt 0.453125 0.375000
vt 0.453125 0.375000
vt 0.453125 0.375000
vt 0.453125 0.375000
vt 0.453125 0.375000
vt 0.453125 0.375000
vt 0.453125 0.375000
vt 0.453125 0.375000
vt 0.453125 0.375000
vt 0.453125 0.375000
vt 0.453125 0.375000
vt 0.453125 0.375000
vt 0.453125 0.375000
vt 0.453125 0.375000
vt 0.453125 0.375000
vt 0.453125 0.375000
vt 0.453125 0.375000
vt 0.453125 0.375000
vt 0.453125 0.375000
vt 0.453125 0.375000
vt 0.453125 0.375000
vt 0.453125 0.375000
vt 0.453125 0.375000
vt 0.453125 0.375000
vt 0.453125 0.375000
vt 0.453125 0.375000
vt 0.453125 0.375000
vt 0.453125 0.375000
vt 0.453125 0.375000
vt 0.453125 0.375000
vt 0.453125 0.375000
vt 0.453125 0.375000
vt 0.453125 0.375000
vt 0.453125 0.375000
vt 0.453125 0.375000
vt 0.453125 0.375000
vt 0.453125 0.375000
vt 0.453125 0.375000
vt 0.453125 0.375000
vt 0.453125 0.375000
vt 0.453125 0.375000
vt 0.453125 0.375000
vt 0.453125 0.375000
vt 0.453125 0.375000
vt 0.453125 0.375000
vt 0.453125 0.375000
vt 0.453125 0.375000
vt 0.453125 0.375000
vt 0.453125 0.375000
vt 0.453125 0.375000
vt 0.453125 0.375000
vt 0.453125 0.375000
vt 0.453125 0.375000
vt 0.453125 0.375000
vt 0.453125 0.375000
vt 0.453125 0.375000
vt 0.453125 0.375000
vt 0.453125 0.375000
vt 0.453125 0.375000
vt 0.453125 0.375000
vt 0.453125 0.375000
vt 0.453125 0.375000
vt 0.453125 0.375000
vt 0.453125 0.375000
vt 0.453125 0.375000
vt 0.453125 0.375000
vt 0.453125 0.375000
vt 0.453125 0.375000
vt 0.453125 0.375000
vt 0.453125 0.375000
vt 0.453125 0.375000
vt 0.453125 0.375000
vt 0.453125 0.375000
vt 0.453125 0.375000
vt 0.453125 0.375000
vt 0.453125 0.375000
vt 0.453125 0.375000
vt 0.453125 0.375000
vt 0.453125 0.375000
vt 0.453125 0.375000
vt 0.453125 0.375000
vt 0.453125 0.375000
vt 0.453125 0.375000
vt 0.453125 0.375000
vt 0.453125 0.375000
vt 0.453125 0.375000
vt 0.453125 0.375000
vt 0.453125 0.375000
vt 0.453125 0.375000
vt 0.453125 0.375000
vt 0.453125 0.375000
vt 0.453125 0.375000
vt 0.453125 0.375000
vt 0.453125 0.375000
vt 0.453125 0.375000
vt 0.453125 0.375000
vt 0.453125 0.375000
vt 0.453125 0.375000
vt 0.453125 0.375000
vt 0.453125 0.375000
vt 0.453125 0.375000
vt 0.453125 0.375000
vt 0.453125 0.375000
vt 0.453125 0.375000
vt 0.453125 0.375000
vt 0.453125 0.375000
vt 0.453125 0.375000
vt 0.453125 0.375000
vt 0.453125 0.375000
vt 0.453125 0.375000
vt 0.453125 0.375000
vt 0.453125 0.375000
vt 0.453125 0.375000
vt 0.453125 0.375000
vt 0.453125 0.375000
vt 0.453125 0.375000
vt 0.453125 0.375000
vt 0.453125 0.375000
vt 0.453125 0.375000
vt 0.453125 0.375000
vt 0.453125 0.375000
vt 0.453125 0.375000
vt 0.453125 0.375000
vt 0.453125 0.375000
vt 0.453125 0.375000
vt 0.453125 0.375000
vt 0.453125 0.375000
vt 0.453125 0.375000
vt 0.453125 0.375000
vt 0.453125 0.375000
vt 0.453125 0.375000
vt 0.453125 0.375000
vt 0.453125 0.375000
vt 0.453125 0.375000
vt 0.453125 0.375000
vt 0.453125 0.375000
vt 0.453125 0.375000
vt 0.453125 0.375000
vt 0.453125 0.375000
vt 0.453125 0.375000
vt 0.453125 0.375000
vt 0.453125 0.375000
vt 0.453125 0.375000
vt 0.453125 0.375000
vt 0.453125 0.375000
vt 0.453125 0.375000
vt 0.453125 0.375000
vt 0.453125 0.375000
vt 0.453125 0.375000
vt 0.453125 0.375000
vt 0.453125 0.375000
vt 0.453125 0.375000
vt 0.453125 0.375000
vt 0.453125 0.375000
vt 0.453125 0.375000
vt 0.453125 0.375000
vt 0.453125 0.375000
vt 0.453125 0.375000
vt 0.453125 0.375000
vt 0.453125 0.375000
vt 0.453125 0.375000
vt 0.453125 0.375000
vt 0.453125 0.375000
vt 0.453125 0.375000
vt 0.453125 0.375000
vt 0.453125 0.375000
vt 0.453125 0.375000
vt 0.453125 0.375000
vt 0.453125 0.375000
vt 0.453125 0.375000
vt 0.453125 0.375000
vt 0.453125 0.375000
vt 0.453125 0.375000
vt 0.453125 0.375000
vt 0.453125 0.375000
vt 0.453125 0.375000
vt 0.453125 0.375000
vt 0.453125 0.375000
vt 0.453125 0.375000
vt 0.453125 0.375000
vt 0.453125 0.375000
vt 0.453125 0.375000
vt 0.453125 0.375000
vt 0.453125 0.375000
vt 0.453125 0.375000
vt 0.453125 0.375000
vt 0.453125 0.375000
vt 0.453125 0.375000
vt 0.453125 0.375000
vt 0.453125 0.375000
vt 0.453125 0.375000
vt 0.453125 0.375000
vt 0.453125 0.375000
vt 0.453125 0.375000
vt 0.453125 0.375000
vt 0.453125 0.375000
vt 0.453125 0.375000
vt 0.453125 0.375000
vt 0.453125 0.375000
vt 0.453125 0.375000
vt 0.453125 0.375000
vt 0.453125 0.375000
vt 0.453125 0.375000
vt 0.453125 0.375000
vt 0.453125 0.375000
vt 0.453125 0.375000
vt 0.453125 0.375000
vt 0.453125 0.375000
vt 0.453125 0.375000
vt 0.453125 0.375000
vt 0.453125 0.375000
vt 0.453125 0.375000
vt 0.453125 0.375000
vt 0.453125 0.375000
vt 0.453125 0.375000
vt 0.453125 0.375000
vt 0.453125 0.375000
vt 0.453125 0.375000
vt 0.453125 0.375000
vt 0.453125 0.375000
vt 0.453125 0.375000
vt 0.453125 0.375000
vt 0.453125 0.375000
vt 0.453125 0.375000
vt 0.453125 0.375000
vt 0.453125 0.375000
vt 0.453125 0.375000
vt 0.453125 0.375000
vt 0.453125 0.375000
vt 0.453125 0.375000
vt 0.453125 0.375000
vt 0.453125 0.375000
vt 0.453125 0.375000
vt 0.453125 0.375000
vt 0.453125 0.375000
vt 0.453125 0.375000
vt 0.453125 0.375000
vt 0.453125 0.375000
vt 0.453125 0.375000
vt 0.453125 0.375000
vt 0.453125 0.375000
vt 0.453125 0.375000
vt 0.453125 0.375000
vt 0.453125 0.375000
vt 0.453125 0.375000
vt 0.453125 0.375000
vt 0.453125 0.375000
vt 0.453125 0.375000
vt 0.453125 0.375000
vt 0.453125 0.375000
vt 0.453125 0.375000
vt 0.453125 0.375000
vt 0.453125 0.375000
vt 0.453125 0.375000
vt 0.453125 0.375000
vt 0.453125 0.375000
vt 0.453125 0.375000
vt 0.453125 0.375000
vt 0.453125 0.375000
vt 0.453125 0.375000
vt 0.453125 0.375000
vt 0.453125 0.375000
vt 0.453125 0.375000
vt 0.453125 0.375000
vt 0.453125 0.375000
vt 0.453125 0.375000
vt 0.453125 0.375000
vt 0.453125 0.375000
vt 0.453125 0.375000
vt 0.453125 0.375000
vt 0.453125 0.375000
vt 0.453125 0.375000
vt 0.453125 0.375000
vt 0.453125 0.375000
vt 0.453125 0.375000
vt 0.453125 0.375000
vt 0.453125 0.375000
vt 0.453125 0.375000
vt 0.453125 0.375000
vt 0.453125 0.375000
vt 0.453125 0.375000
vt 0.453125 0.375000
vt 0.453125 0.375000
vt 0.453125 0.375000
vt 0.453125 0.375000
vt 0.453125 0.375000
vt 0.453125 0.375000
vt 0.453125 0.375000
vt 0.453125 0.375000
vt 0.453125 0.375000
vt 0.453125 0.375000
vt 0.453125 0.375000
vt 0.453125 0.375000
vt 0.453125 0.375000
vt 0.453125 0.375000
vt 0.453125 0.375000
vt 0.453125 0.375000
vt 0.453125 0.375000
vt 0.453125 0.375000
vt 0.453125 0.375000
vt 0.453125 0.375000
vt 0.453125 0.375000
vt 0.453125 0.375000
vt 0.453125 0.375000
vt 0.453125 0.375000
vt 0.453125 0.375000
vt 0.453125 0.375000
vt 0.453125 0.375000
vt 0.453125 0.375000
vt 0.453125 0.375000
vt 0.453125 0.375000
vt 0.453125 0.375000
vt 0.453125 0.375000
vt 0.453125 0.375000
vt 0.453125 0.375000
vt 0.453125 0.375000
vt 0.453125 0.375000
vt 0.453125 0.375000
vt 0.453125 0.375000
vt 0.453125 0.375000
vt 0.453125 0.375000
vt 0.453125 0.375000
vt 0.453125 0.375000
vt 0.453125 0.375000
vt 0.453125 0.375000
vt 0.453125 0.375000
vt 0.453125 0.375000
vt 0.453125 0.375000
vt 0.453125 0.375000
vt 0.453125 0.375000
vt 0.453125 0.375000
vt 0.453125 0.375000
vt 0.453125 0.375000
vt 0.453125 0.375000
vt 0.453125 0.375000
vt 0.453125 0.375000
vt 0.453125 0.375000
vt 0.453125 0.375000
vt 0.453125 0.375000
vt 0.453125 0.375000
vt 0.453125 0.375000
vt 0.453125 0.375000
vt 0.453125 0.375000
vt 0.453125 0.375000
vt 0.453125 0.375000
vt 0.453125 0.375000
vt 0.453125 0.375000
vt 0.453125 0.375000
vt 0.453125 0.375000
vt 0.453125 0.375000
vt 0.453125 0.375000
vt 0.453125 0.375000
vt 0.453125 0.375000
vt 0.453125 0.375000
vt 0.453125 0.375000
vt 0.453125 0.375000
vt 0.453125 0.375000
vt 0.453125 0.375000
vt 0.453125 0.375000
vt 0.453125 0.375000
vt 0.453125 0.375000
vt 0.453125 0.375000
vt 0.453125 0.375000
vt 0.453125 0.375000
vt 0.453125 0.375000
vt 0.453125 0.375000
vt 0.453125 0.375000
vt 0.453125 0.375000
vt 0.453125 0.375000
vt 0.453125 0.375000
vt 0.453125 0.375000
vt 0.453125 0.375000
vt 0.453125 0.375000
vt 0.453125 0.375000
vt 0.453125 0.375000
vt 0.453125 0.375000
vt 0.453125 0.375000
vt 0.453125 0.375000
vt 0.453125 0.375000
vt 0.453125 0.375000
vt 0.453125 0.375000
vt 0.453125 0.375000
vt 0.453125 0.375000
vt 0.453125 0.375000
vt 0.453125 0.375000
vt 0.453125 0.375000
vt 0.453125 0.375000
vt 0.453125 0.375000
vt 0.453125 0.375000
vt 0.453125 0.375000
vt 0.453125 0.375000
vt 0.453125 0.375000
vt 0.453125 0.375000
vt 0.453125 0.375000
vt 0.453125 0.375000
vt 0.453125 0.375000
vt 0.453125 0.375000
vt 0.453125 0.375000
vt 0.453125 0.375000
vt 0.453125 0.375000
vt 0.453125 0.375000
vt 0.453125 0.375000
vt 0.453125 0.375000
vt 0.453125 0.375000
vt 0.453125 0.375000
vt 0.453125 0.375000
vt 0.453125 0.375000
vt 0.453125 0.375000
vt 0.453125 0.375000
vt 0.453125 0.375000
vt 0.453125 0.375000
vt 0.453125 0.375000
vt 0.453125 0.375000
vt 0.453125 0.375000
vt 0.453125 0.375000
vt 0.453125 0.375000
vt 0.453125 0.375000
vt 0.453125 0.375000
vt 0.453125 0.375000
vt 0.453125 0.375000
vt 0.453125 0.375000
vt 0.453125 0.375000
vt 0.453125 0.375000
vt 0.453125 0.375000
vt 0.453125 0.375000
vt 0.453125 0.375000
vt 0.453125 0.375000
vt 0.453125 0.375000
vt 0.453125 0.375000
vt 0.453125 0.375000
vt 0.453125 0.375000
vt 0.453125 0.375000
vt 0.453125 0.375000
vt 0.453125 0.375000
vt 0.453125 0.375000
vt 0.453125 0.375000
vt 0.453125 0.375000
vt 0.453125 0.375000
vt 0.453125 0.375000
vt 0.453125 0.375000
vt 0.453125 0.375000
vt 0.453125 0.375000
vt 0.453125 0.375000
vt 0.453125 0.375000
vt 0.453125 0.375000
vt 0.453125 0.375000
vt 0.453125 0.375000
vt 0.453125 0.375000
vt 0.453125 0.375000
vt 0.453125 0.375000
vt 0.453125 0.375000
vt 0.453125 0.375000
vt 0.453125 0.375000
vt 0.453125 0.375000
vt 0.453125 0.375000
vt 0.453125 0.375000
vt 0.453125 0.375000
vt 0.453125 0.375000
vt 0.453125 0.375000
vt 0.453125 0.375000
vt 0.453125 0.375000
vt 0.453125 0.375000
vt 0.453125 0.375000
vt 0.453125 0.375000
vt 0.453125 0.375000
vt 0.453125 0.375000
vt 0.453125 0.375000
vt 0.453125 0.375000
vt 0.453125 0.375000
vt 0.453125 0.375000
vt 0.453125 0.375000
vt 0.453125 0.375000
vt 0.453125 0.375000
vt 0.453125 0.375000
vt 0.453125 0.375000
vt 0.453125 0.375000
vt 0.453125 0.375000
vt 0.453125 0.375000
vt 0.453125 0.375000
vt 0.453125 0.375000
vt 0.453125 0.375000
vt 0.453125 0.375000
vt 0.453125 0.375000
vt 0.453125 0.375000
vt 0.453125 0.375000
vt 0.453125 0.375000
vt 0.453125 0.375000
vt 0.453125 0.375000
vt 0.453125 0.375000
vt 0.453125 0.375000
vt 0.453125 0.375000
vt 0.453125 0.375000
vt 0.453125 0.375000
vt 0.453125 0.375000
vt 0.453125 0.375000
vt 0.453125 0.375000
vt 0.453125 0.375000
vt 0.453125 0.375000
vt 0.453125 0.375000
vt 0.453125 0.375000
vt 0.453125 0.375000
vt 0.453125 0.375000
vt 0.453125 0.375000
vt 0.453125 0.375000
vt 0.453125 0.375000
vt 0.453125 0.375000
vt 0.453125 0.375000
vt 0.453125 0.375000
vt 0.453125 0.375000
vt 0.453125 0.375000
vt 0.453125 0.375000
vt 0.453125 0.375000
vt 0.453125 0.375000
vt 0.453125 0.375000
vt 0.453125 0.375000
vt 0.453125 0.375000
vt 0.453125 0.375000
vt 0.453125 0.375000
vt 0.453125 0.375000
vt 0.453125 0.375000
vt 0.453125 0.375000
vt 0.453125 0.375000
vt 0.453125 0.375000
vt 0.453125 0.375000
vt 0.453125 0.375000
vt 0.453125 0.375000
vt 0.453125 0.375000
vt 0.453125 0.375000
vt 0.453125 0.375000
vt 0.453125 0.375000
vt 0.453125 0.375000
vt 0.453125 0.375000
vt 0.453125 0.375000
vt 0.453125 0.375000
vt 0.453125 0.375000
vt 0.453125 0.375000
vt 0.453125 0.375000
vt 0.453125 0.375000
vt 0.453125 0.375000
vt 0.453125 0.375000
vt 0.453125 0.375000
vt 0.453125 0.375000
vt 0.453125 0.375000
vt 0.453125 0.375000
vt 0.453125 0.375000
vt 0.453125 0.375000
vt 0.453125 0.375000
vt 0.453125 0.375000
vt 0.453125 0.375000
vt 0.453125 0.375000
vt 0.453125 0.375000
vt 0.453125 0.375000
vt 0.453125 0.375000
vt 0.453125 0.375000
vt 0.453125 0.375000
vt 0.453125 0.375000
vt 0.453125 0.375000
vt 0.453125 0.375000
vt 0.453125 0.375000
vt 0.453125 0.375000
vt 0.453125 0.375000
vt 0.453125 0.375000
vt 0.453125 0.375000
vt 0.453125 0.375000
vt 0.453125 0.375000
vt 0.453125 0.375000
vt 0.453125 0.375000
vt 0.453125 0.375000
vt 0.453125 0.375000
vt 0.453125 0.375000
vt 0.453125 0.375000
vt 0.453125 0.375000
vt 0.453125 0.375000
vt 0.453125 0.375000
vt 0.453125 0.375000
vt 0.453125 0.375000
vt 0.453125 0.375000
vt 0.453125 0.375000
vt 0.453125 0.375000
vt 0.453125 0.375000
vt 0.453125 0.375000
vt 0.453125 0.375000
vt 0.453125 0.375000
vt 0.453125 0.375000
vt 0.453125 0.375000
vt 0.453125 0.375000
vt 0.453125 0.375000
vt 0.453125 0.375000
vt 0.453125 0.375000
vt 0.453125 0.375000
vt 0.453125 0.375000
vt 0.453125 0.375000
vt 0.453125 0.375000
vt 0.453125 0.375000
vt 0.453125 0.375000
vt 0.453125 0.375000
vt 0.453125 0.375000
vt 0.453125 0.375000
vt 0.453125 0.375000
vt 0.453125 0.375000
vt 0.453125 0.375000
vt 0.453125 0.375000
vt 0.453125 0.375000
vt 0.453125 0.375000
vt 0.453125 0.375000
vt 0.453125 0.375000
vt 0.453125 0.375000
vt 0.453125 0.375000
vt 0.453125 0.375000
vt 0.453125 0.375000
vt 0.453125 0.375000
vt 0.453125 0.375000
vt 0.453125 0.375000
vt 0.453125 0.375000
vt 0.453125 0.375000
vt 0.453125 0.375000
vt 0.453125 0.375000
vt 0.453125 0.375000
vt 0.453125 0.375000
vt 0.453125 0.375000
vt 0.453125 0.375000
vt 0.453125 0.375000
vt 0.453125 0.375000
vt 0.453125 0.375000
vt 0.453125 0.375000
vt 0.453125 0.375000
vt 0.453125 0.375000
vt 0.453125 0.375000
vt 0.453125 0.375000
vt 0.453125 0.375000
vt 0.453125 0.375000
vt 0.453125 0.375000
vt 0.453125 0.375000
vt 0.453125 0.375000
vt 0.453125 0.375000
vt 0.453125 0.375000
vt 0.453125 0.375000
vt 0.453125 0.375000
vt 0.453125 0.375000
vt 0.453125 0.375000
vt 0.453125 0.375000
vt 0.453125 0.375000
vt 0.453125 0.375000
vt 0.453125 0.375000
vt 0.453125 0.375000
vt 0.453125 0.375000
vt 0.453125 0.375000
vt 0.453125 0.375000
vt 0.453125 0.375000
vt 0.453125 0.375000
vt 0.453125 0.375000
vt 0.453125 0.375000
vt 0.453125 0.375000
vt 0.453125 0.375000
vt 0.453125 0.375000
vt 0.453125 0.375000
vt 0.453125 0.375000
vt 0.453125 0.375000
vt 0.453125 0.375000
vt 0.453125 0.375000
vt 0.453125 0.375000
vt 0.453125 0.375000
vt 0.453125 0.375000
vt 0.453125 0.375000
vt 0.453125 0.375000
vt 0.453125 0.375000
vt 0.453125 0.375000
vt 0.453125 0.375000
vt 0.453125 0.375000
vt 0.453125 0.375000
vt 0.453125 0.375000
vt 0.453125 0.375000
vt 0.453125 0.375000
vt 0.453125 0.375000
vt 0.453125 0.375000
vt 0.453125 0.375000
vt 0.453125 0.375000
vt 0.453125 0.375000
vt 0.453125 0.375000
vt 0.453125 0.375000
vt 0.453125 0.375000
vt 0.453125 0.375000
vt 0.453125 0.375000
vt 0.453125 0.375000
vt 0.453125 0.375000
vt 0.453125 0.375000
vt 0.453125 0.375000
vt 0.453125 0.375000
vt 0.453125 0.375000
vt 0.453125 0.375000
vt 0.453125 0.375000
vt 0.453125 0.375000
vt 0.453125 0.375000
vt 0.453125 0.375000
vt 0.453125 0.375000
vt 0.453125 0.375000
vt 0.453125 0.375000
vt 0.453125 0.375000
vt 0.453125 0.375000
vt 0.453125 0.375000
vt 0.453125 0.375000
vt 0.453125 0.375000
vt 0.453125 0.375000
vt 0.453125 0.375000
vt 0.453125 0.375000
vt 0.453125 0.375000
vt 0.453125 0.375000
vt 0.453125 0.375000
vt 0.453125 0.375000
vt 0.453125 0.375000
vt 0.453125 0.375000
vt 0.453125 0.375000
vt 0.453125 0.375000
vt 0.453125 0.375000
vt 0.453125 0.375000
vt 0.453125 0.375000
vt 0.453125 0.375000
vt 0.453125 0.375000
vt 0.453125 0.375000
vt 0.453125 0.375000
vt 0.453125 0.375000
vt 0.453125 0.375000
vt 0.453125 0.375000
vt 0.453125 0.375000
vt 0.453125 0.375000
vt 0.453125 0.375000
vt 0.453125 0.375000
vt 0.453125 0.375000
vt 0.453125 0.375000
vt 0.453125 0.375000
vt 0.453125 0.375000
vt 0.453125 0.375000
vt 0.453125 0.375000
vt 0.453125 0.375000
vt 0.453125 0.375000
vt 0.453125 0.375000
vt 0.453125 0.375000
vt 0.453125 0.375000
vt 0.453125 0.375000
vt 0.453125 0.375000
vt 0.453125 0.375000
vt 0.453125 0.375000
vt 0.453125 0.375000
vt 0.453125 0.375000
vt 0.453125 0.375000
vt 0.453125 0.375000
vt 0.453125 0.375000
vt 0.453125 0.375000
vt 0.453125 0.375000
vt 0.453125 0.375000
vt 0.453125 0.375000
vt 0.453125 0.375000
vt 0.453125 0.375000
vt 0.453125 0.375000
vt 0.453125 0.375000
vt 0.453125 0.375000
vt 0.453125 0.375000
vt 0.453125 0.375000
vt 0.453125 0.375000
vt 0.453125 0.375000
vt 0.453125 0.375000
vt 0.453125 0.375000
vt 0.453125 0.375000
vt 0.453125 0.375000
vt 0.453125 0.375000
vt 0.453125 0.375000
vt 0.453125 0.375000
vt 0.453125 0.375000
vt 0.453125 0.375000
vt 0.453125 0.375000
vt 0.453125 0.375000
vt 0.453125 0.375000
vt 0.453125 0.375000
vt 0.453125 0.375000
vt 0.453125 0.375000
vt 0.453125 0.375000
vt 0.453125 0.375000
vt 0.453125 0.375000
vt 0.453125 0.375000
vt 0.453125 0.375000
vt 0.453125 0.375000
vt 0.453125 0.375000
vt 0.453125 0.375000
vt 0.453125 0.375000
vt 0.453125 0.375000
vt 0.453125 0.375000
vt 0.453125 0.375000
vt 0.453125 0.375000
vt 0.453125 0.375000
vt 0.453125 0.375000
vt 0.453125 0.375000
vt 0.453125 0.375000
vt 0.453125 0.375000
vt 0.453125 0.375000
vt 0.453125 0.375000
vt 0.453125 0.375000
vt 0.453125 0.375000
vt 0.453125 0.375000
vt 0.453125 0.375000
vt 0.453125 0.375000
vt 0.453125 0.375000
vt 0.453125 0.375000
vt 0.453125 0.375000
vt 0.453125 0.375000
vt 0.453125 0.375000
vt 0.453125 0.375000
vt 0.453125 0.375000
vt 0.453125 0.375000
vt 0.453125 0.375000
vt 0.453125 0.375000
vt 0.453125 0.375000
vt 0.453125 0.375000
vt 0.453125 0.375000
vt 0.453125 0.375000
vt 0.453125 0.375000
vt 0.453125 0.375000
vt 0.453125 0.375000
vt 0.453125 0.375000
vt 0.453125 0.375000
vt 0.453125 0.375000
vt 0.453125 0.375000
vt 0.453125 0.375000
vt 0.453125 0.375000
vt 0.453125 0.375000
vt 0.453125 0.375000
vt 0.453125 0.375000
vt 0.453125 0.375000
vt 0.453125 0.375000
vt 0.453125 0.375000
vt 0.453125 0.375000
vt 0.453125 0.375000
vt 0.453125 0.375000
vt 0.453125 0.375000
vt 0.453125 0.375000
vt 0.453125 0.375000
vt 0.453125 0.375000
vt 0.453125 0.375000
vt 0.453125 0.375000
vt 0.453125 0.375000
vt 0.453125 0.375000
vt 0.453125 0.375000
vt 0.453125 0.375000
vt 0.453125 0.375000
vt 0.453125 0.375000
vt 0.453125 0.375000
vt 0.453125 0.375000
vt 0.453125 0.375000
vt 0.453125 0.375000
vt 0.453125 0.375000
vt 0.453125 0.375000
vt 0.453125 0.375000
vt 0.453125 0.375000
vt 0.453125 0.375000
vt 0.453125 0.375000
vt 0.453125 0.375000
vt 0.453125 0.375000
vt 0.453125 0.375000
vt 0.453125 0.375000
vt 0.453125 0.375000
vt 0.453125 0.375000
vt 0.453125 0.375000
vt 0.453125 0.375000
vt 0.453125 0.375000
vt 0.453125 0.375000
vt 0.453125 0.375000
vt 0.453125 0.375000
vt 0.453125 0.375000
vt 0.453125 0.375000
vt 0.453125 0.375000
vt 0.453125 0.375000
vt 0.453125 0.375000
vt 0.453125 0.375000
vt 0.453125 0.375000
vt 0.453125 0.375000
vt 0.453125 0.375000
vt 0.453125 0.375000
vt 0.453125 0.375000
vt 0.453125 0.375000
vt 0.453125 0.375000
vt 0.453125 0.375000
vt 0.453125 0.375000
vt 0.453125 0.375000
vt 0.453125 0.375000
vt 0.453125 0.375000
vt 0.453125 0.375000
vt 0.453125 0.375000
vt 0.453125 0.375000
vt 0.453125 0.375000
vt 0.453125 0.375000
vt 0.453125 0.375000
vt 0.453125 0.375000
vt 0.453125 0.375000
vt 0.453125 0.375000
vt 0.453125 0.375000
vt 0.453125 0.375000
vt 0.453125 0.375000
vt 0.453125 0.375000
vt 0.453125 0.375000
vt 0.453125 0.375000
vt 0.453125 0.375000
vt 0.453125 0.375000
vt 0.453125 0.375000
vt 0.453125 0.375000
vt 0.453125 0.375000
vt 0.453125 0.375000
vt 0.453125 0.375000
vt 0.453125 0.375000
vt 0.453125 0.375000
vt 0.453125 0.375000
vt 0.453125 0.375000
vt 0.453125 0.375000
vt 0.453125 0.375000
vt 0.453125 0.375000
vt 0.453125 0.375000
vt 0.453125 0.375000
vt 0.453125 0.375000
vt 0.453125 0.375000
vt 0.453125 0.375000
vt 0.453125 0.375000
vt 0.453125 0.375000
vt 0.453125 0.375000
vt 0.453125 0.375000
vt 0.453125 0.375000
vt 0.453125 0.375000
vt 0.453125 0.375000
vt 0.453125 0.375000
vt 0.453125 0.375000
vt 0.453125 0.375000
vt 0.453125 0.375000
vt 0.453125 0.375000
vt 0.453125 0.375000
vt 0.453125 0.375000
vt 0.453125 0.375000
vt 0.453125 0.375000
vt 0.453125 0.375000
vt 0.453125 0.375000
vt 0.453125 0.375000
vt 0.453125 0.375000
vt 0.453125 0.375000
vt 0.453125 0.375000
vt 0.453125 0.375000
vt 0.453125 0.375000
vt 0.453125 0.375000
vt 0.453125 0.375000
vt 0.453125 0.375000
vt 0.453125 0.375000
vt 0.453125 0.375000
vt 0.453125 0.375000
vt 0.453125 0.375000
vt 0.453125 0.375000
vt 0.453125 0.375000
vt 0.453125 0.375000
vt 0.453125 0.375000
vt 0.453125 0.375000
vt 0.453125 0.375000
vt 0.453125 0.375000
vt 0.453125 0.375000
vt 0.453125 0.375000
vt 0.453125 0.375000
vt 0.453125 0.375000
vt 0.453125 0.375000
vt 0.453125 0.375000
vt 0.453125 0.375000
vt 0.453125 0.375000
vt 0.453125 0.375000
vt 0.453125 0.375000
vt 0.453125 0.375000
vt 0.453125 0.375000
vt 0.453125 0.375000
vt 0.453125 0.375000
vt 0.453125 0.375000
vt 0.453125 0.375000
vt 0.453125 0.375000
vt 0.453125 0.375000
vt 0.453125 0.375000
vt 0.453125 0.375000
vt 0.453125 0.375000
vt 0.453125 0.375000
vt 0.453125 0.375000
vt 0.453125 0.375000
vt 0.453125 0.375000
vt 0.453125 0.375000
vt 0.453125 0.375000
vt 0.453125 0.375000
vt 0.453125 0.375000
vt 0.453125 0.375000
vt 0.453125 0.375000
vt 0.453125 0.375000
vt 0.453125 0.375000
vt 0.453125 0.375000
vt 0.453125 0.375000
vt 0.453125 0.375000
vt 0.453125 0.375000
vt 0.453125 0.375000
vt 0.453125 0.375000
vt 0.453125 0.375000
vt 0.453125 0.375000
vt 0.453125 0.375000
vt 0.453125 0.375000
vt 0.453125 0.375000
vt 0.453125 0.375000
vt 0.453125 0.375000
vt 0.453125 0.375000
vt 0.453125 0.375000
vt 0.453125 0.375000
vt 0.453125 0.375000
vt 0.453125 0.375000
vt 0.453125 0.375000
vt 0.453125 0.375000
vt 0.453125 0.375000
vt 0.453125 0.375000
vt 0.453125 0.375000
vt 0.453125 0.375000
vt 0.453125 0.375000
vt 0.453125 0.375000
vt 0.453125 0.375000
vt 0.453125 0.375000
vt 0.453125 0.375000
vt 0.453125 0.375000
vt 0.453125 0.375000
vt 0.453125 0.375000
vt 0.453125 0.375000
vt 0.453125 0.375000
vt 0.453125 0.375000
vt 0.453125 0.375000
vt 0.453125 0.375000
vt 0.453125 0.375000
vt 0.453125 0.375000
vt 0.453125 0.375000
vt 0.453125 0.375000
vt 0.453125 0.375000
vt 0.453125 0.375000
vt 0.453125 0.375000
vt 0.453125 0.375000
vt 0.453125 0.375000
vt 0.453125 0.375000
vt 0.453125 0.375000
vt 0.453125 0.375000
vt 0.453125 0.375000
vt 0.453125 0.375000
vt 0.453125 0.375000
vt 0.453125 0.375000
vt 0.453125 0.375000
vt 0.453125 0.375000
vt 0.453125 0.375000
vt 0.453125 0.375000
vt 0.453125 0.375000
vt 0.453125 0.375000
vt 0.453125 0.375000
vt 0.453125 0.375000
vt 0.453125 0.375000
vt 0.453125 0.375000
vt 0.453125 0.375000
vt 0.453125 0.375000
vt 0.453125 0.375000
vt 0.453125 0.375000
vt 0.453125 0.375000
vt 0.453125 0.375000
vt 0.453125 0.375000
vt 0.453125 0.375000
vt 0.453125 0.375000
vt 0.453125 0.375000
vt 0.453125 0.375000
vt 0.453125 0.375000
vt 0.453125 0.375000
vt 0.453125 0.375000
vt 0.453125 0.375000
vt 0.453125 0.375000
vt 0.453125 0.375000
vt 0.453125 0.375000
vt 0.453125 0.375000
vt 0.453125 0.375000
vt 0.453125 0.375000
vt 0.453125 0.375000
vt 0.453125 0.375000
vt 0.453125 0.375000
vt 0.453125 0.375000
vt 0.453125 0.375000
vt 0.453125 0.375000
vt 0.453125 0.375000
vt 0.453125 0.375000
vt 0.453125 0.375000
vt 0.453125 0.375000
vt 0.453125 0.375000
vt 0.453125 0.375000
vt 0.453125 0.375000
vt 0.453125 0.375000
vt 0.453125 0.375000
vt 0.453125 0.375000
vt 0.453125 0.375000
vt 0.453125 0.375000
vt 0.453125 0.375000
vt 0.453125 0.375000
vt 0.453125 0.375000
vt 0.453125 0.375000
vt 0.453125 0.375000
vt 0.453125 0.375000
vt 0.453125 0.375000
vt 0.453125 0.375000
vt 0.453125 0.375000
vt 0.453125 0.375000
vt 0.453125 0.375000
vt 0.453125 0.375000
vt 0.453125 0.375000
vt 0.453125 0.375000
vt 0.453125 0.375000
vt 0.453125 0.375000
vt 0.453125 0.375000
vt 0.453125 0.375000
vt 0.453125 0.375000
vt 0.453125 0.375000
vt 0.453125 0.375000
vt 0.453125 0.375000
vt 0.453125 0.375000
vt 0.453125 0.375000
vt 0.453125 0.375000
vt 0.453125 0.375000
vt 0.453125 0.375000
vt 0.453125 0.375000
vt 0.453125 0.375000
vt 0.453125 0.375000
vt 0.453125 0.375000
vt 0.453125 0.375000
vt 0.453125 0.375000
vt 0.453125 0.375000
vt 0.453125 0.375000
vt 0.453125 0.375000
vt 0.453125 0.375000
vt 0.453125 0.375000
vt 0.453125 0.375000
vt 0.453125 0.375000
vt 0.453125 0.375000
vt 0.453125 0.375000
vt 0.453125 0.375000
vt 0.453125 0.375000
vt 0.453125 0.375000
vt 0.453125 0.375000
vt 0.453125 0.375000
vt 0.453125 0.375000
vt 0.453125 0.375000
vt 0.453125 0.375000
vt 0.453125 0.375000
vt 0.453125 0.375000
vt 0.453125 0.375000
vt 0.453125 0.375000
vt 0.453125 0.375000
vt 0.453125 0.375000
vt 0.453125 0.375000
vt 0.453125 0.375000
vt 0.453125 0.375000
vt 0.453125 0.375000
vt 0.453125 0.375000
vt 0.453125 0.375000
vt 0.453125 0.375000
vt 0.453125 0.375000
vt 0.453125 0.375000
vt 0.453125 0.375000
vt 0.453125 0.375000
vt 0.453125 0.375000
vt 0.453125 0.375000
vt 0.453125 0.375000
vt 0.453125 0.375000
vt 0.453125 0.375000
vt 0.453125 0.375000
vt 0.453125 0.375000
vt 0.453125 0.375000
vt 0.453125 0.375000
vt 0.453125 0.375000
vt 0.453125 0.375000
vt 0.453125 0.375000
vt 0.453125 0.375000
vt 0.453125 0.375000
vt 0.453125 0.375000
vt 0.453125 0.375000
vt 0.453125 0.375000
vt 0.453125 0.375000
vt 0.453125 0.375000
vt 0.453125 0.375000
vt 0.453125 0.375000
vt 0.453125 0.375000
vt 0.453125 0.375000
vt 0.453125 0.375000
vt 0.453125 0.375000
vt 0.453125 0.375000
vt 0.453125 0.375000
vt 0.453125 0.375000
vt 0.453125 0.375000
vt 0.453125 0.375000
vt 0.453125 0.375000
vt 0.453125 0.375000
vt 0.453125 0.375000
vt 0.453125 0.375000
vt 0.453125 0.375000
vt 0.453125 0.375000
vt 0.453125 0.375000
vt 0.453125 0.375000
vt 0.453125 0.375000
vt 0.453125 0.375000
vt 0.453125 0.375000
vt 0.453125 0.375000
vt 0.453125 0.375000
vt 0.453125 0.375000
vt 0.453125 0.375000
vt 0.453125 0.375000
vt 0.453125 0.375000
vt 0.453125 0.375000
vt 0.453125 0.375000
vt 0.453125 0.375000
vt 0.453125 0.375000
vt 0.453125 0.375000
vt 0.453125 0.375000
vt 0.453125 0.375000
vt 0.453125 0.375000
vt 0.453125 0.375000
vt 0.453125 0.375000
vt 0.453125 0.375000
vt 0.453125 0.375000
vt 0.453125 0.375000
vt 0.453125 0.375000
vt 0.453125 0.375000
vt 0.453125 0.375000
vt 0.453125 0.375000
vt 0.453125 0.375000
vt 0.453125 0.375000
vt 0.453125 0.375000
vt 0.453125 0.375000
vt 0.453125 0.375000
vt 0.453125 0.375000
vt 0.453125 0.375000
vt 0.453125 0.375000
vt 0.453125 0.375000
vt 0.453125 0.375000
vt 0.453125 0.375000
vt 0.453125 0.375000
vt 0.453125 0.375000
vt 0.453125 0.375000
vt 0.453125 0.375000
vt 0.453125 0.375000
vt 0.453125 0.375000
vt 0.453125 0.375000
vt 0.453125 0.375000
vt 0.453125 0.375000
vt 0.453125 0.375000
vt 0.453125 0.375000
vt 0.453125 0.375000
vt 0.453125 0.375000
vt 0.453125 0.375000
vt 0.453125 0.375000
vt 0.453125 0.375000
vt 0.453125 0.375000
vt 0.453125 0.375000
vt 0.453125 0.375000
vt 0.453125 0.375000
vt 0.453125 0.375000
vt 0.453125 0.375000
vt 0.453125 0.375000
vt 0.453125 0.375000
vt 0.453125 0.375000
vt 0.453125 0.375000
vt 0.453125 0.375000
vt 0.453125 0.375000
vt 0.453125 0.375000
vt 0.453125 0.375000
vt 0.453125 0.375000
vt 0.453125 0.375000
vt 0.453125 0.375000
vt 0.453125 0.375000
vt 0.453125 0.375000
vt 0.453125 0.375000
vt 0.453125 0.375000
vt 0.453125 0.375000
vt 0.453125 0.375000
vt 0.453125 0.375000
vt 0.453125 0.375000
vt 0.453125 0.375000
vt 0.453125 0.375000
vt 0.453125 0.375000
vt 0.453125 0.375000
vt 0.453125 0.375000
vt 0.453125 0.375000
vt 0.453125 0.375000
vt 0.453125 0.375000
vt 0.453125 0.375000
vt 0.453125 0.375000
vt 0.453125 0.375000
vt 0.453125 0.375000
vt 0.453125 0.375000
vt 0.453125 0.375000
vt 0.453125 0.375000
vt 0.453125 0.375000
vt 0.453125 0.375000
vt 0.453125 0.375000
vt 0.453125 0.375000
vt 0.453125 0.375000
vt 0.453125 0.375000
vt 0.453125 0.375000
vt 0.453125 0.375000
vt 0.453125 0.375000
vt 0.453125 0.375000
vt 0.453125 0.375000
vt 0.453125 0.375000
vt 0.453125 0.375000
vt 0.453125 0.375000
vt 0.453125 0.375000
vt 0.453125 0.375000
vt 0.453125 0.375000
vt 0.453125 0.375000
vt 0.453125 0.375000
vt 0.453125 0.375000
vt 0.453125 0.375000
vt 0.453125 0.375000
vt 0.453125 0.375000
vt 0.453125 0.375000
vt 0.453125 0.375000
vt 0.453125 0.375000
vt 0.453125 0.375000
vt 0.453125 0.375000
vt 0.453125 0.375000
vt 0.453125 0.375000
vt 0.453125 0.375000
vt 0.453125 0.375000
vt 0.453125 0.375000
vt 0.453125 0.375000
vt 0.453125 0.375000
vt 0.453125 0.375000
vt 0.453125 0.375000
vt 0.453125 0.375000
vt 0.453125 0.375000
vt 0.453125 0.375000
vt 0.453125 0.375000
vt 0.453125 0.375000
vt 0.453125 0.375000
vt 0.453125 0.375000
vt 0.453125 0.375000
vt 0.453125 0.375000
vt 0.453125 0.375000
vt 0.453125 0.375000
vt 0.453125 0.375000
vt 0.453125 0.375000
vt 0.453125 0.375000
vt 0.453125 0.375000
vt 0.453125 0.375000
vt 0.453125 0.375000
vt 0.453125 0.375000
vt 0.453125 0.375000
vt 0.453125 0.375000
vt 0.453125 0.375000
vt 0.453125 0.375000
vt 0.453125 0.375000
vt 0.453125 0.375000
vt 0.453125 0.375000
vt 0.453125 0.375000
vt 0.453125 0.375000
vt 0.453125 0.375000
vt 0.453125 0.375000
vt 0.453125 0.375000
vt 0.453125 0.375000
vt 0.453125 0.375000
vt 0.453125 0.375000
vt 0.453125 0.375000
vt 0.453125 0.375000
vt 0.453125 0.375000
vt 0.453125 0.375000
vt 0.453125 0.375000
vt 0.453125 0.375000
vt 0.453125 0.375000
vt 0.453125 0.375000
vt 0.453125 0.375000
vt 0.453125 0.375000
vt 0.453125 0.375000
vt 0.453125 0.375000
vt 0.453125 0.375000
vt 0.453125 0.375000
vt 0.453125 0.375000
vt 0.453125 0.375000
vt 0.453125 0.375000
vt 0.453125 0.375000
vt 0.453125 0.375000
vt 0.453125 0.375000
vt 0.453125 0.375000
vt 0.453125 0.375000
vt 0.453125 0.375000
vt 0.453125 0.375000
vt 0.453125 0.375000
vt 0.453125 0.375000
vt 0.453125 0.375000
vt 0.453125 0.375000
vt 0.453125 0.375000
vt 0.453125 0.375000
vt 0.453125 0.375000
vt 0.453125 0.375000
vt 0.453125 0.375000
vt 0.453125 0.375000
vt 0.453125 0.375000
vt 0.453125 0.375000
vt 0.453125 0.375000
vt 0.453125 0.375000
vt 0.453125 0.375000
vt 0.453125 0.375000
vt 0.453125 0.375000
vt 0.453125 0.375000
vt 0.453125 0.375000
vt 0.453125 0.375000
vt 0.453125 0.375000
vt 0.453125 0.375000
vt 0.453125 0.375000
vt 0.453125 0.375000
vt 0.453125 0.375000
vt 0.453125 0.375000
vt 0.453125 0.375000
vt 0.453125 0.375000
vt 0.453125 0.375000
vt 0.453125 0.375000
vt 0.453125 0.375000
vt 0.453125 0.375000
vt 0.453125 0.375000
vt 0.453125 0.375000
vt 0.453125 0.375000
vt 0.453125 0.375000
vt 0.453125 0.375000
vt 0.453125 0.375000
vt 0.453125 0.375000
vt 0.453125 0.375000
vt 0.453125 0.375000
vt 0.453125 0.375000
vt 0.453125 0.375000
vt 0.453125 0.375000
vt 0.453125 0.375000
vt 0.453125 0.375000
vt 0.453125 0.375000
vt 0.453125 0.375000
vt 0.453125 0.375000
vt 0.453125 0.375000
vt 0.453125 0.375000
vt 0.453125 0.375000
vt 0.453125 0.375000
vt 0.453125 0.375000
vt 0.453125 0.375000
vt 0.453125 0.375000
vt 0.453125 0.375000
vt 0.453125 0.375000
vt 0.453125 0.375000
vt 0.453125 0.375000
vt 0.453125 0.375000
vt 0.453125 0.375000
vt 0.453125 0.375000
vt 0.453125 0.375000
vt 0.453125 0.375000
vt 0.453125 0.375000
vt 0.453125 0.375000
vt 0.453125 0.375000
vt 0.453125 0.375000
vt 0.453125 0.375000
vt 0.453125 0.375000
vt 0.453125 0.375000
vt 0.453125 0.375000
vt 0.453125 0.375000
vt 0.453125 0.375000
vt 0.453125 0.375000
vt 0.453125 0.375000
vt 0.453125 0.375000
vt 0.453125 0.375000
vt 0.453125 0.375000
vt 0.453125 0.375000
vt 0.453125 0.375000
vt 0.453125 0.375000
vt 0.453125 0.375000
vt 0.453125 0.375000
vt 0.453125 0.375000
vt 0.453125 0.375000
vt 0.453125 0.375000
vt 0.453125 0.375000
vt 0.453125 0.375000
vt 0.453125 0.375000
vt 0.453125 0.375000
vt 0.453125 0.375000
vt 0.453125 0.375000
vt 0.453125 0.375000
vt 0.453125 0.375000
vt 0.453125 0.375000
vt 0.453125 0.375000
vt 0.453125 0.375000
vt 0.453125 0.375000
vt 0.453125 0.375000
vt 0.453125 0.375000
vt 0.453125 0.375000
vt 0.453125 0.375000
vt 0.453125 0.375000
vt 0.453125 0.375000
vt 0.453125 0.375000
vt 0.453125 0.375000
vt 0.453125 0.375000
vt 0.453125 0.375000
vt 0.453125 0.375000
vt 0.453125 0.375000
vt 0.453125 0.375000
vt 0.453125 0.375000
vt 0.453125 0.375000
vt 0.453125 0.375000
vt 0.453125 0.375000
vt 0.453125 0.375000
vt 0.453125 0.375000
vt 0.453125 0.375000
vt 0.453125 0.375000
vt 0.453125 0.375000
vt 0.453125 0.375000
vt 0.453125 0.375000
vt 0.453125 0.375000
vt 0.453125 0.375000
vt 0.453125 0.375000
vt 0.453125 0.375000
vt 0.453125 0.375000
vt 0.453125 0.375000
vt 0.453125 0.375000
vt 0.453125 0.375000
vt 0.453125 0.375000
vt 0.453125 0.375000
vt 0.453125 0.375000
vt 0.453125 0.375000
vt 0.453125 0.375000
vt 0.453125 0.375000
vt 0.453125 0.375000
vt 0.453125 0.375000
vt 0.453125 0.375000
vt 0.453125 0.375000
vt 0.453125 0.375000
vt 0.453125 0.375000
vt 0.453125 0.375000
vt 0.453125 0.375000
vt 0.453125 0.375000
vt 0.453125 0.375000
vt 0.453125 0.375000
vt 0.453125 0.375000
vt 0.453125 0.375000
vt 0.453125 0.375000
vt 0.453125 0.375000
vt 0.453125 0.375000
vt 0.453125 0.375000
vt 0.453125 0.375000
vt 0.453125 0.375000
vt 0.453125 0.375000
vt 0.453125 0.375000
vt 0.453125 0.375000
vt 0.453125 0.375000
vt 0.453125 0.375000
vt 0.453125 0.375000
vt 0.453125 0.375000
vt 0.453125 0.375000
vt 0.453125 0.375000
vt 0.453125 0.375000
vt 0.453125 0.375000
vt 0.453125 0.375000
vt 0.453125 0.375000
vt 0.453125 0.375000
vt 0.453125 0.375000
vt 0.453125 0.375000
vt 0.453125 0.375000
vt 0.453125 0.375000
vt 0.453125 0.375000
vt 0.453125 0.375000
vt 0.453125 0.375000
vt 0.453125 0.375000
vt 0.453125 0.375000
vt 0.453125 0.375000
vt 0.453125 0.375000
vt 0.453125 0.375000
vt 0.453125 0.375000
vt 0.453125 0.375000
vt 0.453125 0.375000
vt 0.453125 0.375000
vt 0.453125 0.375000
vt 0.453125 0.375000
vt 0.453125 0.375000
vt 0.453125 0.375000
vt 0.453125 0.375000
vt 0.453125 0.375000
vt 0.453125 0.375000
vt 0.453125 0.375000
vt 0.453125 0.375000
vt 0.453125 0.375000
vt 0.453125 0.375000
vt 0.453125 0.375000
vt 0.453125 0.375000
vt 0.453125 0.375000
vt 0.453125 0.375000
vt 0.453125 0.375000
vt 0.453125 0.375000
vt 0.453125 0.375000
vt 0.453125 0.375000
vt 0.453125 0.375000
vt 0.453125 0.375000
vt 0.453125 0.375000
vt 0.453125 0.375000
vt 0.453125 0.375000
vt 0.453125 0.375000
vt 0.453125 0.375000
vt 0.453125 0.375000
vt 0.453125 0.375000
vt 0.453125 0.375000
vt 0.453125 0.375000
vt 0.453125 0.375000
vt 0.453125 0.375000
vt 0.453125 0.375000
vt 0.453125 0.375000
vt 0.453125 0.375000
vt 0.453125 0.375000
vt 0.453125 0.375000
vt 0.453125 0.375000
vt 0.453125 0.375000
vt 0.453125 0.375000
vt 0.453125 0.375000
vt 0.453125 0.375000
vt 0.453125 0.375000
vt 0.453125 0.375000
vt 0.453125 0.375000
vt 0.453125 0.375000
vt 0.453125 0.375000
vt 0.453125 0.375000
vt 0.453125 0.375000
vt 0.453125 0.375000
vt 0.453125 0.375000
vt 0.453125 0.375000
vt 0.453125 0.375000
vt 0.453125 0.375000
vt 0.453125 0.375000
vt 0.453125 0.375000
vt 0.453125 0.375000
vt 0.453125 0.375000
vt 0.453125 0.375000
vt 0.453125 0.375000
vt 0.453125 0.375000
vt 0.453125 0.375000
vt 0.453125 0.375000
vt 0.453125 0.375000
vt 0.453125 0.375000
vt 0.453125 0.375000
vt 0.453125 0.375000
vt 0.453125 0.375000
vt 0.453125 0.375000
vt 0.453125 0.375000
vt 0.453125 0.375000
vt 0.453125 0.375000
vt 0.453125 0.375000
vt 0.453125 0.375000
vt 0.453125 0.375000
vt 0.453125 0.375000
vt 0.453125 0.375000
vt 0.453125 0.375000
vt 0.453125 0.375000
vt 0.453125 0.375000
vt 0.453125 0.375000
vt 0.453125 0.375000
vt 0.453125 0.375000
vt 0.453125 0.375000
vt 0.453125 0.375000
vt 0.453125 0.375000
vt 0.453125 0.375000
vt 0.453125 0.375000
vt 0.453125 0.375000
vt 0.453125 0.375000
vt 0.453125 0.375000
vt 0.453125 0.375000
vt 0.453125 0.375000
vt 0.453125 0.375000
vt 0.453125 0.375000
vt 0.453125 0.375000
vt 0.453125 0.375000
vt 0.453125 0.375000
vt 0.453125 0.375000
vt 0.453125 0.375000
vt 0.453125 0.375000
vt 0.453125 0.375000
vt 0.453125 0.375000
vt 0.453125 0.375000
vt 0.453125 0.375000
vt 0.453125 0.375000
vt 0.453125 0.375000
vt 0.453125 0.375000
vt 0.453125 0.375000
vt 0.453125 0.375000
vt 0.453125 0.375000
vt 0.453125 0.375000
vt 0.453125 0.375000
vt 0.453125 0.375000
vt 0.453125 0.375000
vt 0.453125 0.375000
vt 0.453125 0.375000
vt 0.453125 0.375000
vt 0.453125 0.375000
vt 0.453125 0.375000
vt 0.453125 0.375000
vt 0.453125 0.375000
vt 0.453125 0.375000
vt 0.453125 0.375000
vt 0.453125 0.375000
vt 0.453125 0.375000
vt 0.453125 0.375000
vt 0.453125 0.375000
vt 0.453125 0.375000
vt 0.453125 0.375000
vt 0.453125 0.375000
vt 0.453125 0.375000
vt 0.453125 0.375000
vt 0.453125 0.375000
vt 0.453125 0.375000
vt 0.453125 0.375000
vt 0.453125 0.375000
vt 0.453125 0.375000
vt 0.453125 0.375000
vt 0.453125 0.375000
vt 0.453125 0.375000
vt 0.453125 0.375000
vt 0.453125 0.375000
vt 0.453125 0.375000
vt 0.453125 0.375000
vt 0.453125 0.375000
vt 0.453125 0.375000
vt 0.453125 0.375000
vt 0.453125 0.375000
vt 0.453125 0.375000
vt 0.453125 0.375000
vt 0.453125 0.375000
vt 0.453125 0.375000
vt 0.453125 0.375000
vt 0.453125 0.375000
vt 0.453125 0.375000
vt 0.453125 0.375000
vt 0.453125 0.375000
vt 0.453125 0.375000
vt 0.453125 0.375000
vt 0.453125 0.375000
vt 0.453125 0.375000
vt 0.453125 0.375000
vt 0.453125 0.375000
vt 0.453125 0.375000
vt 0.453125 0.375000
vt 0.453125 0.375000
vt 0.453125 0.375000
vt 0.453125 0.375000
vt 0.453125 0.375000
vt 0.453125 0.375000
vt 0.453125 0.375000
vt 0.453125 0.375000
vt 0.453125 0.375000
vt 0.453125 0.375000
vt 0.453125 0.375000
vt 0.453125 0.375000
vt 0.453125 0.375000
vt 0.453125 0.375000
vt 0.453125 0.375000
vt 0.453125 0.375000
vt 0.453125 0.375000
vt 0.453125 0.375000
vt 0.453125 0.375000
vt 0.453125 0.375000
vt 0.453125 0.375000
vt 0.453125 0.375000
vt 0.453125 0.375000
vt 0.453125 0.375000
vt 0.453125 0.375000
vt 0.453125 0.375000
vt 0.453125 0.375000
vt 0.453125 0.375000
vt 0.453125 0.375000
vt 0.453125 0.375000
vt 0.453125 0.375000
vt 0.453125 0.375000
vt 0.453125 0.375000
vt 0.453125 0.375000
vt 0.453125 0.375000
vt 0.453125 0.375000
vt 0.453125 0.375000
vt 0.453125 0.375000
vt 0.453125 0.375000
vt 0.453125 0.375000
vt 0.453125 0.375000
vt 0.453125 0.375000
vt 0.453125 0.375000
vt 0.453125 0.375000
vt 0.453125 0.375000
vt 0.453125 0.375000
vt 0.453125 0.375000
vt 0.453125 0.375000
vt 0.453125 0.375000
vt 0.453125 0.375000
vt 0.453125 0.375000
vt 0.453125 0.375000
vt 0.453125 0.375000
vt 0.453125 0.375000
vt 0.453125 0.375000
vt 0.453125 0.375000
vt 0.453125 0.375000
vt 0.453125 0.375000
vt 0.453125 0.375000
vt 0.453125 0.375000
vt 0.453125 0.375000
vt 0.453125 0.375000
vt 0.453125 0.375000
vt 0.453125 0.375000
vt 0.453125 0.375000
vt 0.453125 0.375000
vt 0.453125 0.375000
vt 0.453125 0.375000
vt 0.453125 0.375000
vt 0.453125 0.375000
vt 0.453125 0.375000
vt 0.453125 0.375000
vt 0.453125 0.375000
vt 0.453125 0.375000
vt 0.453125 0.375000
vt 0.453125 0.375000
vt 0.453125 0.375000
vt 0.453125 0.375000
vt 0.453125 0.375000
vt 0.453125 0.375000
vt 0.453125 0.375000
vt 0.453125 0.375000
vt 0.453125 0.375000
vt 0.453125 0.375000
vt 0.453125 0.375000
vt 0.453125 0.375000
vt 0.453125 0.375000
vt 0.453125 0.375000
vt 0.453125 0.375000
vt 0.453125 0.375000
vt 0.453125 0.375000
vt 0.453125 0.375000
vt 0.453125 0.375000
vt 0.453125 0.375000
vt 0.453125 0.375000
vt 0.453125 0.375000
vt 0.453125 0.375000
vt 0.453125 0.375000
vt 0.453125 0.375000
vt 0.453125 0.375000
vt 0.453125 0.375000
vt 0.453125 0.375000
vt 0.453125 0.375000
vt 0.453125 0.375000
vt 0.453125 0.375000
vt 0.453125 0.375000
vt 0.453125 0.375000
vt 0.453125 0.375000
vt 0.453125 0.375000
vt 0.453125 0.375000
vt 0.453125 0.375000
vt 0.453125 0.375000
vt 0.453125 0.375000
vt 0.453125 0.375000
vt 0.453125 0.375000
vt 0.453125 0.375000
vt 0.453125 0.375000
vt 0.453125 0.375000
vt 0.453125 0.375000
vt 0.453125 0.375000
vt 0.453125 0.375000
vt 0.453125 0.375000
vt 0.453125 0.375000
vt 0.453125 0.375000
vt 0.453125 0.375000
vt 0.453125 0.375000
vt 0.453125 0.375000
vt 0.453125 0.375000
vt 0.453125 0.375000
vt 0.453125 0.375000
vt 0.453125 0.375000
vt 0.453125 0.375000
vt 0.453125 0.375000
vt 0.453125 0.375000
vt 0.453125 0.375000
vt 0.453125 0.375000
vt 0.453125 0.375000
vt 0.453125 0.375000
vt 0.453125 0.375000
vt 0.453125 0.375000
vt 0.453125 0.375000
vt 0.453125 0.375000
vt 0.453125 0.375000
vt 0.453125 0.375000
vt 0.453125 0.375000
vt 0.453125 0.375000
vt 0.453125 0.375000
vt 0.453125 0.375000
vt 0.453125 0.375000
vt 0.453125 0.375000
vt 0.453125 0.375000
vt 0.453125 0.375000
vt 0.453125 0.375000
vt 0.453125 0.375000
vt 0.453125 0.375000
vt 0.453125 0.375000
vt 0.453125 0.375000
vt 0.453125 0.375000
vt 0.453125 0.375000
vt 0.453125 0.375000
vt 0.453125 0.375000
vt 0.453125 0.375000
vt 0.453125 0.375000
vt 0.453125 0.375000
vt 0.453125 0.375000
vt 0.453125 0.375000
vt 0.453125 0.375000
vt 0.453125 0.375000
vt 0.453125 0.375000
vt 0.453125 0.375000
vt 0.453125 0.375000
vt 0.453125 0.375000
vt 0.453125 0.375000
vt 0.453125 0.375000
vt 0.453125 0.375000
vt 0.453125 0.375000
vt 0.453125 0.375000
vt 0.453125 0.375000
vt 0.453125 0.375000
vt 0.453125 0.375000
vt 0.453125 0.375000
vt 0.453125 0.375000
vt 0.453125 0.375000
vt 0.453125 0.375000
vt 0.453125 0.375000
vt 0.453125 0.375000
vt 0.453125 0.375000
vt 0.453125 0.375000
vt 0.453125 0.375000
vt 0.453125 0.375000
vt 0.453125 0.375000
vt 0.453125 0.375000
vt 0.453125 0.375000
vt 0.453125 0.375000
vt 0.453125 0.375000
vt 0.453125 0.375000
vt 0.453125 0.375000
vt 0.453125 0.375000
vt 0.453125 0.375000
vt 0.453125 0.375000
vt 0.453125 0.375000
vt 0.453125 0.375000
vt 0.453125 0.375000
vt 0.453125 0.375000
vt 0.453125 0.375000
vt 0.453125 0.375000
vt 0.453125 0.375000
vt 0.453125 0.375000
vt 0.453125 0.375000
vt 0.453125 0.375000
vt 0.453125 0.375000
vt 0.453125 0.375000
vt 0.453125 0.375000
vt 0.453125 0.375000
vt 0.453125 0.375000
vt 0.453125 0.375000
vt 0.453125 0.375000
vt 0.453125 0.375000
vt 0.453125 0.375000
vt 0.453125 0.375000
vt 0.453125 0.375000
vt 0.453125 0.375000
vt 0.453125 0.375000
vt 0.453125 0.375000
vt 0.453125 0.375000
vt 0.453125 0.375000
vt 0.453125 0.375000
vt 0.453125 0.375000
vt 0.453125 0.375000
vt 0.453125 0.375000
vt 0.453125 0.375000
vt 0.453125 0.375000
vt 0.453125 0.375000
vt 0.453125 0.375000
vt 0.453125 0.375000
vt 0.453125 0.375000
vt 0.453125 0.375000
vt 0.453125 0.375000
vt 0.453125 0.375000
vt 0.453125 0.375000
vt 0.453125 0.375000
vt 0.453125 0.375000
vt 0.453125 0.375000
vt 0.453125 0.375000
vt 0.453125 0.375000
vt 0.453125 0.375000
vt 0.453125 0.375000
vt 0.453125 0.375000
vt 0.453125 0.375000
vt 0.453125 0.375000
vt 0.453125 0.375000
vt 0.453125 0.375000
vt 0.453125 0.375000
vt 0.453125 0.375000
vt 0.453125 0.375000
vt 0.453125 0.375000
vt 0.453125 0.375000
vt 0.453125 0.375000
vt 0.453125 0.375000
vt 0.453125 0.375000
vt 0.453125 0.375000
vt 0.453125 0.375000
vt 0.453125 0.375000
vt 0.453125 0.375000
vt 0.453125 0.375000
vt 0.453125 0.375000
vt 0.453125 0.375000
vt 0.453125 0.375000
vt 0.453125 0.375000
vt 0.453125 0.375000
vt 0.453125 0.375000
vt 0.453125 0.375000
vt 0.453125 0.375000
vt 0.453125 0.375000
vt 0.453125 0.375000
vt 0.453125 0.375000
vt 0.453125 0.375000
vt 0.453125 0.375000
vt 0.453125 0.375000
vt 0.453125 0.375000
vt 0.453125 0.375000
vt 0.453125 0.375000
vt 0.453125 0.375000
vt 0.453125 0.375000
vt 0.453125 0.375000
vt 0.453125 0.375000
vt 0.453125 0.375000
vt 0.453125 0.375000
vt 0.453125 0.375000
vt 0.453125 0.375000
vt 0.453125 0.375000
vt 0.453125 0.375000
vt 0.453125 0.375000
vt 0.453125 0.375000
vt 0.453125 0.375000
vt 0.453125 0.375000
vt 0.453125 0.375000
vt 0.453125 0.375000
vt 0.453125 0.375000
vt 0.453125 0.375000
vt 0.453125 0.375000
vt 0.453125 0.375000
vt 0.453125 0.375000
vt 0.453125 0.375000
vt 0.453125 0.375000
vt 0.453125 0.375000
vt 0.453125 0.375000
vt 0.453125 0.375000
vt 0.453125 0.375000
vt 0.453125 0.375000
vt 0.453125 0.375000
vt 0.453125 0.375000
vt 0.453125 0.375000
vt 0.453125 0.375000
vt 0.453125 0.375000
vt 0.453125 0.375000
vt 0.453125 0.375000
vt 0.453125 0.375000
vt 0.453125 0.375000
vt 0.453125 0.375000
vt 0.453125 0.375000
vt 0.453125 0.375000
vt 0.453125 0.375000
vt 0.453125 0.375000
vt 0.453125 0.375000
vt 0.453125 0.375000
vt 0.453125 0.375000
vt 0.453125 0.375000
vt 0.453125 0.375000
vt 0.453125 0.375000
vt 0.453125 0.375000
vt 0.453125 0.375000
vt 0.453125 0.375000
vt 0.453125 0.375000
vt 0.453125 0.375000
vt 0.453125 0.375000
vt 0.453125 0.375000
vt 0.453125 0.375000
vt 0.453125 0.375000
vt 0.453125 0.375000
vt 0.453125 0.375000
vt 0.453125 0.375000
vt 0.453125 0.375000
vt 0.453125 0.375000
vt 0.453125 0.375000
vt 0.453125 0.375000
vt 0.453125 0.375000
vt 0.453125 0.375000
vt 0.453125 0.375000
vt 0.453125 0.375000
vt 0.453125 0.375000
vt 0.453125 0.375000
vt 0.453125 0.375000
vt 0.453125 0.375000
vt 0.453125 0.375000
vt 0.453125 0.375000
vt 0.453125 0.375000
vt 0.453125 0.375000
vt 0.453125 0.375000
vt 0.453125 0.375000
vt 0.453125 0.375000
vt 0.453125 0.375000
vt 0.453125 0.375000
vt 0.453125 0.375000
vt 0.453125 0.375000
vt 0.453125 0.375000
vt 0.453125 0.375000
vt 0.453125 0.375000
vt 0.453125 0.375000
vt 0.453125 0.375000
vt 0.453125 0.375000
vt 0.453125 0.375000
vt 0.453125 0.375000
vt 0.453125 0.375000
vt 0.453125 0.375000
vt 0.453125 0.375000
vt 0.453125 0.375000
vt 0.453125 0.375000
vt 0.453125 0.375000
vt 0.453125 0.375000
vt 0.453125 0.375000
vt 0.453125 0.375000
vt 0.453125 0.375000
vt 0.453125 0.375000
vt 0.453125 0.375000
vt 0.453125 0.375000
vt 0.453125 0.375000
vt 0.453125 0.375000
vt 0.453125 0.375000
vt 0.453125 0.375000
vt 0.453125 0.375000
vt 0.453125 0.375000
vt 0.453125 0.375000
vt 0.453125 0.375000
vt 0.453125 0.375000
vt 0.453125 0.375000
vt 0.453125 0.375000
vt 0.453125 0.375000
vt 0.453125 0.375000
vt 0.453125 0.375000
vt 0.453125 0.375000
vt 0.453125 0.375000
vt 0.453125 0.375000
vt 0.453125 0.375000
vt 0.453125 0.375000
vt 0.453125 0.375000
vt 0.453125 0.375000
vt 0.453125 0.375000
vt 0.453125 0.375000
vt 0.453125 0.375000
vt 0.453125 0.375000
vt 0.453125 0.375000
vt 0.453125 0.375000
vt 0.453125 0.375000
vt 0.453125 0.375000
vt 0.453125 0.375000
vt 0.453125 0.375000
vt 0.453125 0.375000
vt 0.453125 0.375000
vt 0.453125 0.375000
vt 0.453125 0.375000
vt 0.453125 0.375000
vt 0.453125 0.375000
vt 0.453125 0.375000
vt 0.453125 0.375000
vt 0.453125 0.375000
vt 0.453125 0.375000
vt 0.453125 0.375000
vt 0.453125 0.375000
vt 0.453125 0.375000
vt 0.453125 0.375000
vt 0.453125 0.375000
vt 0.453125 0.375000
vt 0.453125 0.375000
vt 0.453125 0.375000
vt 0.453125 0.375000
vt 0.453125 0.375000
vt 0.453125 0.375000
vt 0.453125 0.375000
vt 0.453125 0.375000
vt 0.453125 0.375000
vt 0.453125 0.375000
vt 0.453125 0.375000
vt 0.453125 0.375000
vt 0.453125 0.375000
vt 0.453125 0.375000
vt 0.453125 0.375000
vt 0.453125 0.375000
vt 0.453125 0.375000
vt 0.453125 0.375000
vt 0.453125 0.375000
vt 0.453125 0.375000
vt 0.453125 0.375000
vt 0.453125 0.375000
vt 0.453125 0.375000
vt 0.453125 0.375000
vt 0.453125 0.375000
vt 0.453125 0.375000
vt 0.453125 0.375000
vt 0.453125 0.375000
vt 0.453125 0.375000
vt 0.453125 0.375000
vt 0.453125 0.375000
vt 0.453125 0.375000
vt 0.453125 0.375000
vt 0.453125 0.375000
vt 0.453125 0.375000
vt 0.453125 0.375000
vt 0.453125 0.375000
vt 0.453125 0.375000
vt 0.453125 0.375000
vt 0.453125 0.375000
vt 0.453125 0.375000
vt 0.453125 0.375000
vt 0.453125 0.375000
vt 0.453125 0.375000
vt 0.453125 0.375000
vt 0.453125 0.375000
vt 0.453125 0.375000
vt 0.453125 0.375000
vt 0.453125 0.375000
vt 0.453125 0.375000
vt 0.453125 0.375000
vt 0.453125 0.375000
vt 0.453125 0.375000
vt 0.453125 0.375000
vt 0.453125 0.375000
vt 0.453125 0.375000
vt 0.453125 0.375000
vt 0.453125 0.375000
vt 0.453125 0.375000
vt 0.453125 0.375000
vt 0.453125 0.375000
vt 0.453125 0.375000
vt 0.453125 0.375000
vt 0.453125 0.375000
vt 0.453125 0.375000
vt 0.453125 0.375000
vt 0.453125 0.375000
vt 0.453125 0.375000
vt 0.453125 0.375000
vt 0.453125 0.375000
vt 0.453125 0.375000
vt 0.453125 0.375000
vt 0.453125 0.375000
vt 0.453125 0.375000
vt 0.453125 0.375000
vt 0.453125 0.375000
vt 0.453125 0.375000
vt 0.453125 0.375000
vt 0.453125 0.375000
vt 0.453125 0.375000
vt 0.453125 0.375000
vt 0.453125 0.375000
vt 0.453125 0.375000
vt 0.453125 0.375000
vt 0.453125 0.375000
vt 0.453125 0.375000
vt 0.453125 0.375000
vt 0.453125 0.375000
vt 0.453125 0.375000
vt 0.453125 0.375000
vt 0.453125 0.375000
vt 0.453125 0.375000
vt 0.453125 0.375000
vt 0.453125 0.375000
vt 0.453125 0.375000
vt 0.453125 0.375000
vt 0.453125 0.375000
vt 0.453125 0.375000
vt 0.453125 0.375000
vt 0.453125 0.375000
vt 0.453125 0.375000
vt 0.453125 0.375000
vt 0.453125 0.375000
vt 0.453125 0.375000
vt 0.453125 0.375000
vt 0.453125 0.375000
vt 0.453125 0.375000
vt 0.453125 0.375000
vt 0.453125 0.375000
vt 0.453125 0.375000
vt 0.453125 0.375000
vt 0.453125 0.375000
vt 0.453125 0.375000
vt 0.453125 0.375000
vt 0.453125 0.375000
vt 0.453125 0.375000
vt 0.453125 0.375000
vt 0.453125 0.375000
vt 0.453125 0.375000
vt 0.453125 0.375000
vt 0.453125 0.375000
vt 0.453125 0.375000
vt 0.453125 0.375000
vt 0.453125 0.375000
vt 0.453125 0.375000
vt 0.453125 0.375000
vt 0.453125 0.375000
vt 0.453125 0.375000
vt 0.453125 0.375000
vt 0.453125 0.375000
vt 0.453125 0.375000
vt 0.453125 0.375000
vt 0.453125 0.375000
vt 0.453125 0.375000
vt 0.453125 0.375000
vt 0.453125 0.375000
vt 0.453125 0.375000
vt 0.453125 0.375000
vt 0.453125 0.375000
vt 0.453125 0.375000
vt 0.453125 0.375000
vt 0.453125 0.375000
vt 0.453125 0.375000
vt 0.453125 0.375000
vt 0.453125 0.375000
vt 0.453125 0.375000
vt 0.453125 0.375000
vt 0.453125 0.375000
vt 0.453125 0.375000
vt 0.453125 0.375000
vt 0.453125 0.375000
vt 0.453125 0.375000
vt 0.453125 0.375000
vt 0.453125 0.375000
vt 0.453125 0.375000
vt 0.453125 0.375000
vt 0.453125 0.375000
vt 0.453125 0.375000
vt 0.453125 0.375000
vt 0.453125 0.375000
vt 0.453125 0.375000
vt 0.453125 0.375000
vt 0.453125 0.375000
vt 0.453125 0.375000
vt 0.453125 0.375000
vt 0.453125 0.375000
vt 0.453125 0.375000
vt 0.453125 0.375000
vt 0.453125 0.375000
vt 0.453125 0.375000
vt 0.453125 0.375000
vt 0.453125 0.375000
vt 0.453125 0.375000
vt 0.453125 0.375000
vt 0.453125 0.375000
vt 0.453125 0.375000
vt 0.453125 0.375000
vt 0.453125 0.375000
vt 0.453125 0.375000
vt 0.453125 0.375000
vt 0.453125 0.375000
vt 0.453125 0.375000
vt 0.453125 0.375000
vt 0.453125 0.375000
vt 0.453125 0.375000
vt 0.453125 0.375000
vt 0.453125 0.375000
vt 0.453125 0.375000
vt 0.453125 0.375000
vt 0.453125 0.375000
vt 0.453125 0.375000
vt 0.453125 0.375000
vt 0.453125 0.375000
vt 0.453125 0.375000
vt 0.453125 0.375000
vt 0.453125 0.375000
vt 0.453125 0.375000
vt 0.453125 0.375000
vt 0.453125 0.375000
vt 0.453125 0.375000
vt 0.453125 0.375000
vt 0.453125 0.375000
vt 0.453125 0.375000
vt 0.453125 0.375000
vt 0.453125 0.375000
vt 0.453125 0.375000
vt 0.453125 0.375000
vt 0.453125 0.375000
vt 0.453125 0.375000
vt 0.453125 0.375000
vt 0.453125 0.375000
vt 0.453125 0.375000
vt 0.453125 0.375000
vt 0.453125 0.375000
vt 0.453125 0.375000
vt 0.453125 0.375000
vt 0.453125 0.375000
vt 0.453125 0.375000
vt 0.453125 0.375000
vt 0.453125 0.375000
vt 0.453125 0.375000
vt 0.453125 0.375000
vt 0.453125 0.375000
vt 0.453125 0.375000
vt 0.453125 0.375000
vt 0.453125 0.375000
vt 0.453125 0.375000
vt 0.453125 0.375000
vt 0.453125 0.375000
vt 0.453125 0.375000
vt 0.453125 0.375000
vt 0.453125 0.375000
vt 0.453125 0.375000
vt 0.453125 0.375000
vt 0.453125 0.375000
vt 0.453125 0.375000
vt 0.453125 0.375000
vt 0.453125 0.375000
vt 0.453125 0.375000
vt 0.453125 0.375000
vt 0.453125 0.375000
vt 0.453125 0.375000
vt 0.453125 0.375000
vt 0.453125 0.375000
vt 0.453125 0.375000
vt 0.453125 0.375000
vt 0.453125 0.375000
vt 0.453125 0.375000
vt 0.453125 0.375000
vt 0.453125 0.375000
vt 0.453125 0.375000
vt 0.453125 0.375000
vt 0.453125 0.375000
vt 0.453125 0.375000
vt 0.453125 0.375000
vt 0.453125 0.375000
vt 0.453125 0.375000
vt 0.453125 0.375000
vt 0.453125 0.375000
vt 0.453125 0.375000
vt 0.453125 0.375000
vt 0.453125 0.375000
vt 0.453125 0.375000
vt 0.453125 0.375000
vt 0.453125 0.375000
vt 0.453125 0.375000
vt 0.453125 0.375000
vt 0.453125 0.375000
vt 0.453125 0.375000
vt 0.453125 0.375000
vt 0.453125 0.375000
vt 0.453125 0.375000
vt 0.453125 0.375000
vt 0.453125 0.375000
vt 0.453125 0.375000
vt 0.453125 0.375000
vt 0.453125 0.375000
vt 0.453125 0.375000
vt 0.453125 0.375000
vt 0.453125 0.375000
vt 0.453125 0.375000
vt 0.453125 0.375000
vt 0.453125 0.375000
vt 0.453125 0.375000
vt 0.453125 0.375000
vt 0.453125 0.375000
vt 0.453125 0.375000
vt 0.453125 0.375000
vt 0.453125 0.375000
vt 0.453125 0.375000
vt 0.453125 0.375000
vt 0.453125 0.375000
vt 0.453125 0.375000
vt 0.453125 0.375000
vt 0.453125 0.375000
vt 0.453125 0.375000
vt 0.453125 0.375000
vt 0.453125 0.375000
vt 0.453125 0.375000
vt 0.453125 0.375000
vt 0.453125 0.375000
vt 0.453125 0.375000
vt 0.453125 0.375000
vt 0.453125 0.375000
vt 0.453125 0.375000
vt 0.453125 0.375000
vt 0.453125 0.375000
vt 0.453125 0.375000
vt 0.453125 0.375000
vt 0.453125 0.375000
vt 0.453125 0.375000
vt 0.453125 0.375000
vt 0.453125 0.375000
vt 0.453125 0.375000
vt 0.453125 0.375000
vt 0.453125 0.375000
vt 0.453125 0.375000
vt 0.453125 0.375000
vt 0.453125 0.375000
vt 0.453125 0.375000
vt 0.453125 0.375000
vt 0.453125 0.375000
vt 0.453125 0.375000
vt 0.453125 0.375000
vt 0.453125 0.375000
vt 0.453125 0.375000
vt 0.453125 0.375000
vt 0.453125 0.375000
vt 0.453125 0.375000
vt 0.453125 0.375000
vt 0.453125 0.375000
vt 0.453125 0.375000
vt 0.453125 0.375000
vt 0.453125 0.375000
vt 0.453125 0.375000
vt 0.453125 0.375000
vt 0.453125 0.375000
vt 0.453125 0.375000
vt 0.453125 0.375000
vt 0.453125 0.375000
vt 0.453125 0.375000
vt 0.453125 0.375000
vt 0.453125 0.375000
vt 0.453125 0.375000
vt 0.453125 0.375000
vt 0.453125 0.375000
vt 0.453125 0.375000
vt 0.453125 0.375000
vt 0.453125 0.375000
vt 0.453125 0.375000
vt 0.453125 0.375000
vt 0.453125 0.375000
vt 0.453125 0.375000
vt 0.453125 0.375000
vt 0.453125 0.375000
vt 0.453125 0.375000
vt 0.453125 0.375000
vt 0.453125 0.375000
vt 0.453125 0.375000
vt 0.453125 0.375000
vt 0.453125 0.375000
vt 0.453125 0.375000
vt 0.453125 0.375000
vt 0.453125 0.375000
vt 0.453125 0.375000
vt 0.453125 0.375000
vt 0.453125 0.375000
vt 0.453125 0.375000
vt 0.453125 0.375000
vt 0.453125 0.375000
vt 0.453125 0.375000
vt 0.453125 0.375000
vt 0.453125 0.375000
vt 0.453125 0.375000
vt 0.453125 0.375000
vt 0.453125 0.375000
vt 0.453125 0.375000
vt 0.453125 0.375000
vt 0.453125 0.375000
vt 0.453125 0.375000
vt 0.453125 0.375000
vt 0.453125 0.375000
vt 0.453125 0.375000
vt 0.453125 0.375000
vt 0.453125 0.375000
vt 0.453125 0.375000
vt 0.453125 0.375000
vt 0.453125 0.375000
vt 0.453125 0.375000
vt 0.453125 0.375000
vt 0.453125 0.375000
vt 0.453125 0.375000
vt 0.453125 0.375000
vt 0.453125 0.375000
vt 0.453125 0.375000
vt 0.453125 0.375000
vt 0.453125 0.375000
vt 0.453125 0.375000
vt 0.453125 0.375000
vt 0.453125 0.375000
vt 0.453125 0.375000
vt 0.453125 0.375000
vt 0.453125 0.375000
vt 0.453125 0.375000
vt 0.453125 0.375000
vt 0.453125 0.375000
vt 0.453125 0.375000
vt 0.453125 0.375000
vt 0.453125 0.375000
vt 0.453125 0.375000
vt 0.453125 0.375000
vt 0.453125 0.375000
vt 0.453125 0.375000
vt 0.453125 0.375000
vt 0.453125 0.375000
vt 0.453125 0.375000
vt 0.453125 0.375000
vt 0.453125 0.375000
vt 0.453125 0.375000
vt 0.453125 0.375000
vt 0.453125 0.375000
vt 0.453125 0.375000
vt 0.453125 0.375000
vt 0.453125 0.375000
vt 0.453125 0.375000
vt 0.453125 0.375000
vt 0.453125 0.375000
vt 0.453125 0.375000
vt 0.453125 0.375000
vt 0.453125 0.375000
vt 0.453125 0.375000
vt 0.453125 0.375000
vt 0.453125 0.375000
vt 0.453125 0.375000
vt 0.453125 0.375000
vt 0.453125 0.375000
vt 0.453125 0.375000
vt 0.453125 0.375000
vt 0.453125 0.375000
vt 0.453125 0.375000
vt 0.453125 0.375000
vt 0.453125 0.375000
vt 0.453125 0.375000
vt 0.453125 0.375000
vt 0.453125 0.375000
vt 0.453125 0.375000
vt 0.453125 0.375000
vt 0.453125 0.375000
vt 0.453125 0.375000
vt 0.453125 0.375000
vt 0.453125 0.375000
vt 0.453125 0.375000
vt 0.453125 0.375000
vt 0.453125 0.375000
vt 0.453125 0.375000
vt 0.453125 0.375000
vt 0.453125 0.375000
vt 0.453125 0.375000
vt 0.453125 0.375000
vt 0.453125 0.375000
vt 0.453125 0.375000
vt 0.453125 0.375000
vt 0.453125 0.375000
vt 0.453125 0.375000
vt 0.453125 0.375000
vt 0.453125 0.375000
vt 0.453125 0.375000
vt 0.453125 0.375000
vt 0.453125 0.375000
vt 0.453125 0.375000
vt 0.453125 0.375000
vt 0.453125 0.375000
vt 0.453125 0.375000
vt 0.453125 0.375000
vt 0.453125 0.375000
vt 0.453125 0.375000
vt 0.453125 0.375000
vt 0.453125 0.375000
vt 0.453125 0.375000
vt 0.453125 0.375000
vt 0.453125 0.375000
vt 0.453125 0.375000
vt 0.453125 0.375000
vt 0.453125 0.375000
vt 0.453125 0.375000
vt 0.453125 0.375000
vt 0.453125 0.375000
vt 0.453125 0.375000
vt 0.453125 0.375000
vt 0.453125 0.375000
vt 0.453125 0.375000
vt 0.453125 0.375000
vt 0.453125 0.375000
vt 0.453125 0.375000
vt 0.453125 0.375000
vt 0.453125 0.375000
vt 0.453125 0.375000
vt 0.453125 0.375000
vt 0.453125 0.375000
vt 0.453125 0.375000
vt 0.453125 0.375000
vt 0.453125 0.375000
vt 0.453125 0.375000
vt 0.453125 0.375000
vt 0.453125 0.375000
vt 0.453125 0.375000
vt 0.453125 0.375000
vt 0.453125 0.375000
vt 0.453125 0.375000
vt 0.453125 0.375000
vt 0.453125 0.375000
vt 0.453125 0.375000
vt 0.453125 0.375000
vt 0.453125 0.375000
vt 0.453125 0.375000
vt 0.453125 0.375000
vt 0.453125 0.375000
vt 0.453125 0.375000
vt 0.453125 0.375000
vt 0.453125 0.375000
vt 0.453125 0.375000
vt 0.453125 0.375000
vt 0.453125 0.375000
vt 0.453125 0.375000
vt 0.453125 0.375000
vt 0.453125 0.375000
vt 0.453125 0.375000
vt 0.453125 0.375000
vt 0.453125 0.375000
vt 0.453125 0.375000
vt 0.453125 0.375000
vt 0.453125 0.375000
vt 0.453125 0.375000
vt 0.453125 0.375000
vt 0.453125 0.375000
vt 0.453125 0.375000
vt 0.453125 0.375000
vt 0.453125 0.375000
vt 0.453125 0.375000
vt 0.453125 0.375000
vt 0.453125 0.375000
vt 0.453125 0.375000
vt 0.453125 0.375000
vt 0.453125 0.375000
vt 0.453125 0.375000
vt 0.453125 0.375000
vt 0.453125 0.375000
vt 0.453125 0.375000
vt 0.453125 0.375000
vt 0.453125 0.375000
vt 0.453125 0.375000
vt 0.453125 0.375000
vt 0.453125 0.375000
vt 0.453125 0.375000
vt 0.453125 0.375000
vt 0.453125 0.375000
vt 0.453125 0.375000
vt 0.453125 0.375000
vt 0.453125 0.375000
vt 0.453125 0.375000
vt 0.453125 0.375000
vt 0.453125 0.375000
vt 0.453125 0.375000
vt 0.453125 0.375000
vt 0.453125 0.375000
vt 0.453125 0.375000
vt 0.453125 0.375000
vt 0.453125 0.375000
vt 0.453125 0.375000
vt 0.453125 0.375000
vt 0.453125 0.375000
vt 0.453125 0.375000
vt 0.453125 0.375000
vt 0.453125 0.375000
vt 0.453125 0.375000
vt 0.453125 0.375000
vt 0.453125 0.375000
vt 0.453125 0.375000
vt 0.453125 0.375000
vt 0.453125 0.375000
vt 0.453125 0.375000
vt 0.453125 0.375000
vt 0.453125 0.375000
vt 0.453125 0.375000
vt 0.453125 0.375000
vt 0.453125 0.375000
vt 0.453125 0.375000
vt 0.453125 0.375000
vt 0.453125 0.375000
vt 0.453125 0.375000
vt 0.453125 0.375000
vt 0.453125 0.375000
vt 0.453125 0.375000
vt 0.453125 0.375000
vt 0.453125 0.375000
vt 0.453125 0.375000
vt 0.453125 0.375000
vt 0.453125 0.375000
vt 0.453125 0.375000
vt 0.453125 0.375000
vt 0.453125 0.375000
vt 0.453125 0.375000
vt 0.453125 0.375000
vt 0.453125 0.375000
vt 0.453125 0.375000
vt 0.453125 0.375000
vt 0.453125 0.375000
vt 0.453125 0.375000
vt 0.453125 0.375000
vt 0.453125 0.375000
vt 0.453125 0.375000
vt 0.453125 0.375000
vt 0.453125 0.375000
vt 0.453125 0.375000
vt 0.453125 0.375000
vt 0.453125 0.375000
vt 0.453125 0.375000
vt 0.453125 0.375000
vt 0.453125 0.375000
vt 0.453125 0.375000
vt 0.453125 0.375000
vt 0.453125 0.375000
vt 0.453125 0.375000
vt 0.453125 0.375000
vt 0.453125 0.375000
vt 0.453125 0.375000
vt 0.453125 0.375000
vt 0.453125 0.375000
vt 0.453125 0.375000
vt 0.453125 0.375000
vt 0.453125 0.375000
vt 0.453125 0.375000
vt 0.453125 0.375000
vt 0.453125 0.375000
vt 0.453125 0.375000
vt 0.453125 0.375000
vt 0.453125 0.375000
vt 0.453125 0.375000
vt 0.453125 0.375000
vt 0.453125 0.375000
vt 0.453125 0.375000
vt 0.453125 0.375000
vt 0.453125 0.375000
vt 0.453125 0.375000
vt 0.453125 0.375000
vt 0.453125 0.375000
vt 0.453125 0.375000
vt 0.453125 0.375000
vt 0.453125 0.375000
vt 0.453125 0.375000
vt 0.453125 0.375000
vt 0.453125 0.375000
vt 0.453125 0.375000
vt 0.453125 0.375000
vt 0.453125 0.375000
vt 0.453125 0.375000
vt 0.453125 0.375000
vt 0.453125 0.375000
vt 0.453125 0.375000
vt 0.453125 0.375000
vt 0.453125 0.375000
vt 0.453125 0.375000
vt 0.453125 0.375000
vt 0.453125 0.375000
vt 0.453125 0.375000
vt 0.453125 0.375000
vt 0.453125 0.375000
vt 0.453125 0.375000
vt 0.453125 0.375000
vt 0.453125 0.375000
vt 0.453125 0.375000
vt 0.453125 0.375000
vt 0.453125 0.375000
vt 0.453125 0.375000
vt 0.453125 0.375000
vt 0.453125 0.375000
vt 0.453125 0.375000
vt 0.453125 0.375000
vt 0.453125 0.375000
vt 0.453125 0.375000
vt 0.453125 0.375000
vt 0.453125 0.375000
vt 0.453125 0.375000
vt 0.453125 0.375000
vt 0.453125 0.375000
vt 0.453125 0.375000
vt 0.453125 0.375000
vt 0.453125 0.375000
vt 0.453125 0.375000
vt 0.453125 0.375000
vt 0.453125 0.375000
vt 0.453125 0.375000
vt 0.453125 0.375000
vt 0.453125 0.375000
vt 0.453125 0.375000
vt 0.453125 0.375000
vt 0.453125 0.375000
vt 0.453125 0.375000
vt 0.453125 0.375000
vt 0.453125 0.375000
vt 0.453125 0.375000
vt 0.453125 0.375000
vt 0.453125 0.375000
vt 0.453125 0.375000
vt 0.453125 0.375000
vt 0.453125 0.375000
vt 0.453125 0.375000
vt 0.453125 0.375000
vt 0.453125 0.375000
vt 0.453125 0.375000
vt 0.453125 0.375000
vt 0.453125 0.375000
vt 0.453125 0.375000
vt 0.453125 0.375000
vt 0.453125 0.375000
vt 0.453125 0.375000
vt 0.453125 0.375000
vt 0.453125 0.375000
vt 0.453125 0.375000
vt 0.453125 0.375000
vt 0.453125 0.375000
vt 0.453125 0.375000
vt 0.453125 0.375000
vt 0.453125 0.375000
vt 0.453125 0.375000
vt 0.453125 0.375000
vt 0.453125 0.375000
vt 0.453125 0.375000
vt 0.453125 0.375000
vt 0.453125 0.375000
vt 0.453125 0.375000
vt 0.453125 0.375000
vt 0.453125 0.375000
vt 0.453125 0.375000
vt 0.453125 0.375000
vt 0.453125 0.375000
vt 0.453125 0.375000
vt 0.453125 0.375000
vt 0.453125 0.375000
vt 0.453125 0.375000
vt 0.453125 0.375000
vt 0.453125 0.375000
vt 0.453125 0.375000
vt 0.453125 0.375000
vt 0.453125 0.375000
vt 0.453125 0.375000
vt 0.453125 0.375000
vt 0.453125 0.375000
vt 0.453125 0.375000
vt 0.453125 0.375000
vt 0.453125 0.375000
vt 0.453125 0.375000
vt 0.453125 0.375000
vt 0.453125 0.375000
vt 0.453125 0.375000
vt 0.453125 0.375000
vt 0.453125 0.375000
vt 0.453125 0.375000
vt 0.453125 0.375000
vt 0.453125 0.375000
vt 0.453125 0.375000
vt 0.453125 0.375000
vt 0.453125 0.375000
vt 0.453125 0.375000
vt 0.453125 0.375000
vt 0.453125 0.375000
vt 0.453125 0.375000
vt 0.453125 0.375000
vt 0.453125 0.375000
vt 0.453125 0.375000
vt 0.453125 0.375000
vt 0.453125 0.375000
vt 0.453125 0.375000
vt 0.453125 0.375000
vt 0.453125 0.375000
vt 0.453125 0.375000
vt 0.453125 0.375000
vt 0.453125 0.375000
vt 0.453125 0.375000
vt 0.453125 0.375000
vt 0.453125 0.375000
vt 0.453125 0.375000
vt 0.453125 0.375000
vt 0.453125 0.375000
vt 0.453125 0.375000
vt 0.453125 0.375000
vt 0.453125 0.375000
vt 0.453125 0.375000
vt 0.453125 0.375000
vt 0.453125 0.375000
vt 0.453125 0.375000
vt 0.453125 0.375000
vt 0.453125 0.375000
vt 0.453125 0.375000
vt 0.453125 0.375000
vt 0.453125 0.375000
vt 0.453125 0.375000
vt 0.453125 0.375000
vt 0.453125 0.375000
vt 0.453125 0.375000
vt 0.453125 0.375000
vt 0.453125 0.375000
vt 0.453125 0.375000
vt 0.453125 0.375000
vt 0.453125 0.375000
vt 0.453125 0.375000
vt 0.453125 0.375000
vt 0.453125 0.375000
vt 0.453125 0.375000
vt 0.453125 0.375000
vt 0.453125 0.375000
vt 0.453125 0.375000
vt 0.453125 0.375000
vt 0.453125 0.375000
vt 0.453125 0.375000
vt 0.453125 0.375000
vt 0.453125 0.375000
vt 0.453125 0.375000
vt 0.453125 0.375000
vt 0.453125 0.375000
vt 0.453125 0.375000
vt 0.453125 0.375000
vt 0.453125 0.375000
vt 0.453125 0.375000
vt 0.453125 0.375000
vt 0.453125 0.375000
vt 0.453125 0.375000
vt 0.453125 0.375000
vt 0.453125 0.375000
vt 0.453125 0.375000
vt 0.453125 0.375000
vt 0.453125 0.375000
vt 0.453125 0.375000
vt 0.453125 0.375000
vt 0.453125 0.375000
vt 0.453125 0.375000
vt 0.453125 0.375000
vt 0.453125 0.375000
vt 0.453125 0.375000
vt 0.453125 0.375000
vt 0.453125 0.375000
vt 0.453125 0.375000
vt 0.453125 0.375000
vt 0.453125 0.375000
vt 0.453125 0.375000
vt 0.453125 0.375000
vt 0.453125 0.375000
vt 0.453125 0.375000
vt 0.453125 0.375000
vt 0.453125 0.375000
vt 0.453125 0.375000
vt 0.453125 0.375000
vt 0.453125 0.375000
vt 0.453125 0.375000
vt 0.453125 0.375000
vt 0.453125 0.375000
vt 0.453125 0.375000
vt 0.453125 0.375000
vt 0.453125 0.375000
vt 0.453125 0.375000
vt 0.453125 0.375000
vt 0.453125 0.375000
vt 0.453125 0.375000
vt 0.453125 0.375000
vt 0.453125 0.375000
vt 0.453125 0.375000
vt 0.453125 0.375000
vt 0.453125 0.375000
vt 0.453125 0.375000
vt 0.453125 0.375000
vt 0.453125 0.375000
vt 0.453125 0.375000
vt 0.453125 0.375000
vt 0.453125 0.375000
vt 0.453125 0.375000
vt 0.453125 0.375000
vt 0.453125 0.375000
vt 0.453125 0.375000
vt 0.453125 0.375000
vt 0.453125 0.375000
vt 0.453125 0.375000
vt 0.453125 0.375000
vt 0.453125 0.375000
vt 0.453125 0.375000
vt 0.453125 0.375000
vt 0.453125 0.375000
vt 0.453125 0.375000
vt 0.453125 0.375000
vt 0.453125 0.375000
vt 0.453125 0.375000
vt 0.453125 0.375000
vt 0.453125 0.375000
vt 0.453125 0.375000
vt 0.453125 0.375000
vt 0.453125 0.375000
vt 0.453125 0.375000
vt 0.453125 0.375000
vt 0.453125 0.375000
vt 0.453125 0.375000
vt 0.453125 0.375000
vt 0.453125 0.375000
vt 0.453125 0.375000
vt 0.453125 0.375000
vt 0.453125 0.375000
vt 0.453125 0.375000
vt 0.453125 0.375000
vt 0.453125 0.375000
vt 0.453125 0.375000
vt 0.453125 0.375000
vt 0.453125 0.375000
vn 0.2925 0.0128 0.9562
vn 0.3175 0.0035 0.9482
vn 0.2889 0.0039 0.9573
vn 0.2889 0.0167 0.9572
vn 0.2750 0.0007 0.9614
vn 0.2814 -0.0016 0.9596
vn -0.1118 0.7098 0.6955
vn -0.6067 0.7106 0.3563
vn -0.3910 0.7112 0.5842
vn -0.1117 0.7098 0.6955
vn -0.1935 0.7098 0.6773
vn -0.2772 0.7098 0.6476
vn -0.2779 0.7098 0.6472
vn -0.3526 0.7098 0.6098
vn -0.3542 0.7098 0.6089
vn -0.4241 0.7098 0.5625
vn -0.4251 0.7098 0.5616
vn -0.4532 0.7160 0.5309
vn -0.4516 0.7183 0.5293
vn -0.5649 0.7098 0.4208
vn -0.6623 0.6949 0.2801
vn -0.6451 0.6796 0.3494
vn 0.3081 -0.8275 -0.4695
vn 0.3097 -0.8274 -0.4684
vn 0.3645 -0.8275 -0.4272
vn 0.3621 -0.8172 -0.4484
vn 0.2544 -0.8274 -0.5007
vn 0.2545 -0.8274 -0.5006
vn 0.1847 -0.8275 -0.5302
vn 0.2000 -0.8287 -0.5228
vn 0.1669 -0.8328 -0.5277
vn 0.3938 -0.8204 -0.4146
vn 0.4018 -0.8152 -0.4173
vn 0.1545 -0.8398 -0.5204
vn 0.0027 1.0000 -0.0028
vn -0.0017 1.0000 -0.0035
vn 0.0014 1.0000 -0.0036
vn 0.0016 1.0000 0.0035
vn 0.0006 1.0000 0.0038
vn 0.0021 1.0000 0.0033
vn -0.0002 1.0000 -0.0039
vn -0.0019 1.0000 -0.0035
vn 0.0030 1.0000 0.0025
vn 0.0019 1.0000 0.0035
vn 0.0020 1.0000 0.0033
vn -0.0004 1.0000 -0.0039
vn -0.0007 1.0000 -0.0038
vn 0.0012 1.0000 -0.0037
vn 0.0007 1.0000 -0.0038
vn 0.0025 1.0000 -0.0030
vn 0.0020 1.0000 -0.0033
vn 0.0028 1.0000 -0.0015
vn -0.0031 1.0000 0.0024
vn 0.0028 1.0000 -0.0003
vn 0.0046 1.0000 0.0049
vn 0.0014 1.0000 0.0034
vn -0.1435 0.9877 -0.0625
vn -0.0050 1.0000 0.0030
vn -0.0998 0.9912 0.0869
vn -0.4263 0.9046 -0.0021
vn -0.1314 0.8920 0.4325
vn -0.1165 0.7753 0.6207
vn -0.0039 1.0000 -0.0001
vn 0.0039 1.0000 -0.0004
vn 0.0013 1.0000 0.0037
vn 0.0035 1.0000 -0.0017
vn 0.0031 1.0000 -0.0023
vn 0.0038 1.0000 -0.0006
vn -0.0038 1.0000 0.0008
vn 0.0036 1.0000 0.0015
vn 0.0033 1.0000 0.0022
vn 0.0031 1.0000 0.0023
vn 0.0025 1.0000 0.0030
vn 0.0017 1.0000 0.0035
vn 0.0007 1.0000 0.0038
vn 0.0008 1.0000 0.0038
vn 0.0034 1.0000 0.0019
vn 0.0001 1.0000 -0.0039
vn 0.0062 0.9999 0.0080
vn -0.1132 0.9772 -0.1795
vn -0.0032 1.0000 0.0022
vn -0.0039 0.9998 0.0180
vn -0.0036 1.0000 -0.0014
vn -0.2132 0.9637 0.1605
vn 0.0004 1.0000 0.0039
vn 0.0010 1.0000 0.0037
vn 0.0032 1.0000 -0.0022
vn 0.0015 1.0000 0.0036
vn -0.0005 1.0000 0.0039
vn 0.0014 1.0000 0.0036
vn 0.0019 1.0000 0.0034
vn 0.0024 1.0000 0.0030
vn 0.0027 1.0000 0.0028
vn 0.0033 1.0000 0.0021
vn 0.0032 1.0000 0.0022
vn -0.0037 1.0000 -0.0012
vn -0.0037 1.0000 -0.0013
vn -0.0028 1.0000 -0.0026
vn -0.0028 1.0000 -0.0027
vn -0.0015 1.0000 0.0036
vn -0.0027 1.0000 0.0028
vn -0.0025 1.0000 0.0031
vn -0.0033 1.0000 -0.0021
vn -0.0037 1.0000 0.0013
vn 0.0018 1.0000 0.0034
vn 0.0034 1.0000 -0.0019
vn 0.0039 1.0000 -0.0001
vn -0.0039 1.0000 0.0001
vn -0.0038 1.0000 -0.0010
vn -0.0033 1.0000 -0.0020
vn -0.0027 1.0000 -0.0028
vn -0.0026 1.0000 -0.0029
vn -0.0007 1.0000 -0.0039
vn -0.0016 1.0000 -0.0035
vn -0.0020 1.0000 -0.0033
vn -0.0014 1.0000 0.0036
vn 0.0002 1.0000 0.0039
vn -0.0030 1.0000 -0.0025
vn -0.0020 1.0000 0.0024
vn 0.0031 1.0000 -0.0024
vn -0.0059 1.0000 -0.0005
vn -0.0049 1.0000 -0.0076
vn -0.0026 1.0000 -0.0028
vn 0.1628 0.9862 0.0310
vn -0.0013 1.0000 -0.0038
vn 0.0834 0.9828 -0.1648
vn 0.3934 0.9177 -0.0555
vn 0.1333 0.8908 -0.4344
vn 0.0011 1.0000 0.0037
vn 0.1006 0.7676 -0.6330
vn -0.0336 0.6966 -0.7167
vn -0.1785 0.7021 -0.6893
vn -0.1653 0.7098 -0.6847
vn -0.1869 0.7098 -0.6792
vn -0.2235 0.7098 -0.6680
vn -0.2222 0.7098 -0.6684
vn -0.0225 0.7174 -0.6963
vn -0.0297 0.7178 -0.6956
vn 0.1383 0.7098 -0.6907
vn 0.1526 0.7098 -0.6877
vn 0.1756 0.7098 -0.6822
vn 0.2200 0.7098 -0.6692
vn 0.2279 0.7098 -0.6665
vn 0.2545 0.7098 -0.6568
vn 0.2950 0.7098 -0.6396
vn 0.3029 0.7098 -0.6359
vn 0.3336 0.7098 -0.6204
vn 0.3693 0.7098 -0.5999
vn 0.3613 0.7098 -0.6047
vn 0.4466 0.7098 -0.5447
vn 0.4487 0.7098 -0.5430
vn 0.5008 0.7098 -0.4953
vn 0.4740 0.7098 -0.5211
vn 0.4933 0.7098 -0.5028
vn 0.6380 0.6994 -0.3221
vn 0.6774 0.7343 -0.0452
vn 0.6286 0.7540 -0.1906
vn 0.5802 0.7949 0.1775
vn 0.5306 0.7749 0.3434
vn 0.3407 0.7801 0.5247
vn 0.2491 0.8601 0.4452
vn 0.3025 0.8929 0.3336
vn 0.4355 0.8360 0.3339
vn 0.5876 0.8080 -0.0427
vn 0.5593 0.8045 0.2002
vn 0.1549 0.9778 0.1412
vn 0.4367 0.8896 -0.1340
vn 0.2813 0.9354 -0.2140
vn 0.5309 0.7523 -0.3902
vn 0.5258 0.7099 -0.4686
vn -0.0025 1.0000 0.0030
vn 0.0005 1.0000 -0.0039
vn 0.0011 1.0000 0.0038
vn 0.0027 1.0000 0.0029
vn 0.0024 1.0000 0.0031
vn 0.0037 1.0000 0.0012
vn 0.0037 1.0000 0.0013
vn 0.0028 1.0000 0.0026
vn 0.0028 1.0000 0.0027
vn 0.0015 1.0000 -0.0036
vn 0.0024 1.0000 -0.0030
vn -0.0018 1.0000 -0.0034
vn -0.0034 1.0000 0.0019
vn 0.0038 1.0000 0.0010
vn 0.0033 1.0000 0.0020
vn 0.0026 1.0000 0.0029
vn 0.0010 1.0000 0.0038
vn 0.0023 1.0000 -0.0031
vn 0.0030 1.0000 -0.0025
vn -0.0003 1.0000 -0.0039
vn 0.0021 1.0000 -0.0033
vn 0.0013 1.0000 -0.0037
vn -0.0011 1.0000 0.0037
vn -0.0038 1.0000 0.0009
vn -0.0035 1.0000 0.0017
vn -0.0031 1.0000 0.0023
vn -0.0038 1.0000 0.0006
vn 0.0038 1.0000 -0.0008
vn -0.0034 1.0000 -0.0019
vn -0.0001 1.0000 0.0039
vn 0.0024 1.0000 -0.0049
vn 0.0006 1.0000 -0.0051
vn 0.0015 1.0000 -0.0026
vn 0.6552 0.0039 0.7555
vn 0.4512 0.0039 0.8924
vn 0.6544 -0.0034 0.7561
vn 0.3428 0.0039 0.9394
vn 0.2248 0.0039 0.9744
vn -0.0061 0.0025 1.0000
vn -0.0191 0.0039 0.9998
vn 0.7814 0.0039 0.6241
vn 0.8034 -0.0040 0.5955
vn 0.9746 0.0039 0.2239
vn 0.9763 -0.0040 0.2165
vn 0.9945 -0.0758 0.0726
vn 0.9972 0.0553 0.0512
vn -0.1921 -0.0036 0.9814
vn -0.1925 0.0039 0.9813
vn -0.5600 0.0039 0.8285
vn -0.5896 -0.0035 0.8077
vn -0.7127 -0.0002 0.7015
vn -0.7191 -0.0054 0.6949
vn 0.2967 -0.1340 0.9455
vn 0.2228 -0.1711 0.9597
vn 0.2570 -0.0137 0.9663
vn 0.3714 -0.0196 0.9283
vn 0.2701 -0.3768 0.8860
vn 0.5067 -0.4047 0.7612
vn 0.4179 -0.1230 0.9001
vn 0.5648 -0.0196 0.8250
vn 0.5188 -0.1429 0.8429
vn 0.4453 -0.2850 0.8488
vn 0.6315 -0.3606 0.6865
vn 0.5992 -0.6838 0.4164
vn 0.4908 -0.6450 0.5857
vn 0.6483 -0.6667 0.3678
vn 0.5774 -0.7264 0.3728
vn 0.6130 -0.7044 0.3578
vn 0.4156 -0.8514 0.3199
vn 0.3822 -0.8894 0.2507
vn 0.7052 -0.5170 0.4852
vn 0.5934 -0.7082 0.3826
vn 0.6056 -0.6601 0.4444
vn 0.3506 -0.9141 0.2036
vn 0.3883 -0.8900 0.2388
vn 0.3312 -0.9243 0.1895
vn 0.0019 -1.0000 0.0034
vn 0.0028 -1.0000 0.0028
vn 0.1372 -0.9841 0.1131
vn -0.0036 -1.0000 -0.0017
vn -0.0020 -1.0000 -0.0034
vn 0.0019 -1.0000 -0.0035
vn 0.0039 -1.0000 -0.0001
vn 0.0008 -1.0000 0.0038
vn -0.0004 -1.0000 0.0039
vn 0.0039 -1.0000 -0.0007
vn 0.0002 -1.0000 0.0039
vn -0.0035 -1.0000 0.0019
vn 0.0037 -1.0000 0.0010
vn -0.0035 -1.0000 0.0021
vn 0.0027 -1.0000 -0.0002
vn 0.0027 -1.0000 -0.0014
vn -0.0036 -1.0000 -0.0015
vn -0.0036 -1.0000 0.0001
vn 0.0112 -0.9999 0.0037
vn -0.0021 -1.0000 -0.0025
vn 0.0014 -1.0000 0.0031
vn 0.0877 -0.9941 0.0631
vn 0.0038 -1.0000 0.0010
vn 0.0009 -1.0000 0.0038
vn 0.0027 -1.0000 0.0017
vn 0.3929 -0.9196 0.0040
vn 0.0035 -1.0000 -0.0011
vn 0.4398 -0.8931 -0.0951
vn 0.7825 -0.5780 -0.2317
vn 0.4895 -0.8333 -0.2570
vn 0.3967 -0.8977 -0.1918
vn 0.7154 -0.5284 -0.4571
vn 0.8304 -0.4824 -0.2787
vn 0.8412 -0.4902 -0.2282
vn 0.4376 -0.8378 -0.3264
vn 0.7672 -0.4824 -0.4228
vn 0.2575 -0.9281 -0.2690
vn 0.2246 -0.9739 -0.0332
vn -0.0019 -1.0000 -0.0015
vn 0.0003 -1.0000 -0.0038
vn 0.2783 -0.9569 -0.0831
vn 0.0036 -1.0000 0.0015
vn -0.0037 -1.0000 -0.0013
vn 0.8000 -0.4667 -0.3770
vn 0.8253 -0.4825 -0.2933
vn 0.7772 -0.4509 -0.4390
vn 0.8267 -0.0854 -0.5561
vn 0.7262 -0.5350 -0.4318
vn 0.8397 -0.2459 -0.4841
vn 0.8377 -0.0039 -0.5462
vn 0.8716 0.0196 -0.4898
vn 0.8511 0.0509 -0.5226
vn 0.8998 0.0196 -0.4359
vn 0.0022 -1.0000 -0.0028
vn -0.0035 -1.0000 -0.0014
vn -0.0037 -1.0000 -0.0009
vn 0.0185 -0.9998 -0.0032
vn -0.0027 -1.0000 0.0014
vn -0.0031 -1.0000 0.0002
vn 0.0036 -1.0000 0.0011
vn 0.1726 -0.9850 0.0016
vn -0.0021 -1.0000 -0.0033
vn 0.2751 -0.9492 -0.1528
vn 0.0030 -1.0000 0.0025
vn 0.0038 -1.0000 -0.0002
vn 0.0347 -0.9952 -0.0913
vn -0.0010 -1.0000 -0.0037
vn 0.0037 -1.0000 0.0014
vn 0.0035 -1.0000 0.0014
vn 0.2146 -0.9700 -0.1145
vn 0.1513 -0.9608 -0.2323
vn 0.2638 -0.8796 -0.3960
vn 0.2118 -0.9674 -0.1388
vn 0.3145 -0.8737 -0.3711
vn 0.3856 -0.8291 -0.4049
vn 0.1236 -0.9134 -0.3878
vn 0.1135 -0.9050 -0.4099
vn 0.2235 -0.8332 -0.5057
vn 0.3144 -0.8941 -0.3190
vn 0.0033 -1.0000 -0.0021
vn 0.0001 -1.0000 -0.0039
vn -0.0001 -1.0000 0.0039
vn -0.0028 -1.0000 -0.0028
vn 0.3441 -0.5278 -0.7765
vn 0.4914 -0.5144 -0.7028
vn 0.2785 -0.1442 -0.9495
vn 0.2859 -0.0087 -0.9582
vn 0.2968 0.0410 -0.9541
vn 0.2712 0.0225 -0.9623
vn 0.5288 -0.3123 -0.7892
vn 0.3669 -0.0043 -0.9302
vn 0.5640 -0.0039 -0.8257
vn 0.5994 -0.3180 -0.7345
vn 0.4612 -0.0039 -0.8873
vn 0.5048 -0.3211 -0.8013
vn 0.3505 -0.0039 -0.9366
vn 0.3796 -0.3272 -0.8653
vn 0.2769 0.0101 -0.9609
vn 0.2065 -0.2660 -0.9416
vn 0.3675 -0.6386 -0.6762
vn 0.2773 -0.6685 -0.6900
vn 0.4405 -0.6448 -0.6246
vn 0.4185 -0.4634 -0.7811
vn 0.1013 -0.8083 -0.5799
vn -0.0729 -0.8849 -0.4601
vn 0.0006 -0.6819 -0.7315
vn 0.0446 -0.7536 -0.6558
vn -0.1552 -0.6166 -0.7718
vn 0.0415 -0.7233 -0.6892
vn -0.1295 -0.5439 -0.8291
vn -0.2039 -0.6175 -0.7597
vn -0.2070 -0.5711 -0.7944
vn -0.2411 -0.6382 -0.7311
vn -0.1112 -0.4716 -0.8748
vn -0.2013 -0.4831 -0.8521
vn -0.2635 -0.5603 -0.7853
vn -0.3071 -0.2496 -0.9184
vn -0.2683 -0.6163 -0.7404
vn 0.1564 -0.6790 -0.7173
vn 0.1783 -0.8232 -0.5390
vn -0.1536 -0.4096 -0.8992
vn -0.0495 -0.3825 -0.9226
vn -0.1533 -0.2809 -0.9474
vn 0.0061 -0.4132 -0.9106
vn -0.0416 -0.4728 -0.8802
vn -0.0448 -0.6395 -0.7675
vn -0.0866 -0.4784 -0.8739
vn -0.2140 -0.3057 -0.9278
vn -0.2130 -0.3982 -0.8922
vn -0.2663 -0.1833 -0.9463
vn -0.2136 -0.1464 -0.9659
vn -0.1966 -0.2384 -0.9511
vn -0.3148 -0.0196 -0.9489
vn -0.2581 -0.0274 -0.9657
vn 0.1095 -0.5182 -0.8482
vn -0.0169 -0.6493 -0.7604
vn -0.3656 -0.0274 -0.9304
vn -0.3855 -0.0057 -0.9227
vn -0.3924 -0.0007 -0.9198
vn -0.1024 -0.4713 -0.8760
vn -0.1613 -0.2536 -0.9538
vn -0.2098 -0.2570 -0.9434
vn -0.2257 -0.1196 -0.9668
vn 0.1007 -0.6629 -0.7419
vn 0.4186 -0.4898 -0.7647
vn -0.0042 -0.8427 -0.5384
vn -0.0940 -0.8363 -0.5401
vn 0.1827 -0.9743 -0.1319
vn -0.1176 -0.6212 -0.7748
vn -0.1155 -0.8708 -0.4779
vn -0.1801 -0.6598 -0.7296
vn -0.1128 -0.9039 -0.4125
vn -0.1556 -0.7087 -0.6881
vn -0.0713 -0.9413 -0.3301
vn -0.0037 -1.0000 0.0009
vn 0.0033 -1.0000 -0.0020
vn -0.0039 -1.0000 -0.0003
vn 0.0026 -1.0000 -0.0029
vn 0.0245 -0.9986 -0.0460
vn 0.0016 -1.0000 -0.0036
vn 0.0004 -1.0000 -0.0039
vn -0.0008 -1.0000 -0.0038
vn -0.2725 -0.9178 -0.2887
vn -0.0019 -1.0000 -0.0034
vn -0.0028 -1.0000 -0.0027
vn 0.0036 -1.0000 0.0017
vn 0.0017 -1.0000 0.0035
vn -0.0018 -1.0000 0.0036
vn -0.0039 -1.0000 -0.0002
vn -0.0038 -1.0000 -0.0005
vn 0.0057 -1.0000 -0.0024
vn -0.0036 -1.0000 -0.0012
vn -0.0054 -1.0000 0.0003
vn -0.0035 -1.0000 -0.0024
vn 0.0035 -1.0000 -0.0019
vn -0.1446 -0.9829 -0.1143
vn -0.0111 -0.9999 -0.0040
vn -0.4169 -0.9007 -0.1224
vn -0.0002 -1.0000 -0.0039
vn 0.0004 -1.0000 -0.0013
vn 0.0045 -1.0000 -0.0002
vn 0.0237 -0.9991 -0.0342
vn -0.2801 -0.9600 0.0010
vn -0.6945 -0.7173 -0.0555
vn -0.7334 -0.6789 0.0356
vn -0.7053 -0.6988 0.1198
vn -0.9329 -0.3429 -0.1099
vn -0.8509 -0.5088 -0.1308
vn -0.9834 -0.1600 0.0852
vn -0.9056 -0.4173 -0.0763
vn -0.9936 -0.0559 0.0979
vn -0.9995 0.0274 0.0169
vn -0.8236 -0.5282 0.2066
vn -0.9963 -0.0590 0.0626
vn -0.9934 -0.0959 -0.0624
vn -0.9904 0.0274 -0.1352
vn -0.9853 -0.1346 -0.1049
vn -0.9844 -0.0685 -0.1621
vn -0.9679 0.0275 -0.2500
vn -0.9721 -0.2029 -0.1176
vn -0.8625 -0.4987 -0.0860
vn -0.6864 -0.7265 -0.0311
vn -0.7253 -0.6704 -0.1565
vn -0.6064 -0.7950 0.0162
vn -0.9651 -0.1225 -0.2314
vn -0.9487 -0.1018 -0.2992
vn -0.9453 -0.0826 -0.3156
vn -0.9193 -0.2354 -0.3154
vn -0.9006 -0.3843 -0.2031
vn -0.9235 0.0274 -0.3827
vn -0.9421 -0.2249 -0.2487
vn -0.9019 -0.3895 -0.1868
vn -0.5205 -0.8538 -0.0023
vn -0.8304 -0.5337 -0.1597
vn -0.5908 -0.8025 -0.0831
vn -0.2459 -0.9565 -0.1571
vn -0.3582 -0.9113 -0.2029
vn -0.8018 -0.4823 -0.3529
vn -0.7716 -0.5651 -0.2919
vn -0.3413 -0.9182 -0.2010
vn -0.0337 -0.9991 0.0247
vn -0.4271 -0.8433 -0.3264
vn -0.5475 -0.8147 -0.1913
vn -0.6007 -0.7178 -0.3521
vn -0.6133 -0.7125 -0.3408
vn -0.6247 -0.6728 -0.3963
vn -0.5258 -0.6715 -0.5222
vn -0.6474 -0.6104 -0.4563
vn -0.6786 -0.6147 -0.4020
vn -0.5582 -0.3529 -0.7509
vn -0.9442 -0.1113 -0.3101
vn -0.9836 -0.1665 -0.0693
vn -0.9982 -0.0408 -0.0447
vn -0.9625 0.0118 -0.2711
vn -0.9031 -0.0249 -0.4288
vn -0.8389 -0.2456 -0.4857
vn -0.3380 -0.3886 -0.8572
vn -0.2856 -0.1564 -0.9455
vn -0.2227 -0.1713 -0.9597
vn -0.2574 -0.0140 -0.9662
vn -0.3853 -0.0196 -0.9226
vn -0.4166 -0.1364 -0.8988
vn -0.5315 -0.1259 -0.8377
vn -0.3970 -0.2828 -0.8731
vn -0.5646 -0.0118 -0.8253
vn -0.6597 -0.3986 -0.6371
vn -0.6259 -0.1112 -0.7720
vn -0.7239 -0.0196 -0.6896
vn -0.6802 -0.1454 -0.7184
vn -0.8693 -0.0667 -0.4898
vn -0.7772 -0.2637 -0.5714
vn -0.7377 -0.2908 -0.6094
vn -0.5729 -0.4028 -0.7138
vn -0.8512 -0.2081 -0.4819
vn -0.8820 -0.0805 -0.4643
vn -0.6254 -0.6286 -0.4622
vn -0.6691 -0.5818 -0.4625
vn -0.8923 -0.1069 -0.4385
vn -0.7955 -0.4774 -0.3733
vn -0.9377 -0.1302 -0.3222
vn -0.9181 0.0039 -0.3963
vn -0.8767 0.0274 -0.4803
vn -0.5234 -0.8119 -0.2587
vn -0.4978 -0.7756 -0.3881
vn -0.8510 -0.1720 -0.4963
vn -0.8265 -0.3012 -0.4756
vn -0.3719 -0.8285 -0.4186
vn -0.0793 -0.9233 -0.3758
vn -0.3447 -0.8388 -0.4215
vn -0.3105 -0.8358 -0.4527
vn -0.3197 -0.8287 -0.4595
vn -0.3102 -0.8276 -0.4678
vn -0.2968 -0.8287 -0.4745
vn -0.2884 -0.8254 -0.4854
vn -0.3238 -0.9449 -0.0475
vn -0.1872 -0.9558 -0.2265
vn -0.2817 -0.8258 -0.4885
vn -0.2562 -0.8334 -0.4897
vn -0.2667 -0.8221 -0.5030
vn 0.0016 -0.9959 -0.0901
vn -0.1472 -0.9372 -0.3163
vn -0.1675 -0.8651 -0.4728
vn -0.2554 -0.8181 -0.5153
vn -0.2245 -0.8342 -0.5036
vn -0.2207 -0.8271 -0.5169
vn -0.2166 -0.8276 -0.5179
vn -0.2247 -0.7803 -0.5837
vn -0.2920 -0.7473 -0.5970
vn -0.1900 -0.8240 -0.5338
vn -0.1739 -0.8238 -0.5395
vn -0.1719 -0.8201 -0.5458
vn -0.1672 -0.8247 -0.5403
vn -0.1634 -0.8257 -0.5400
vn -0.1611 -0.8272 -0.5383
vn -0.1687 -0.8273 -0.5359
vn -0.2287 -0.7785 -0.5844
vn -0.2209 -0.4980 -0.8385
vn -0.2786 -0.4980 -0.8212
vn -0.1995 -0.8199 -0.5366
vn -0.4257 -0.4603 -0.7791
vn -0.4008 -0.1767 -0.8990
vn -0.1515 -0.4904 -0.8582
vn -0.2214 -0.4596 -0.8601
vn -0.1058 -0.4974 -0.8611
vn -0.1166 -0.4285 -0.8960
vn -0.4698 -0.4503 -0.7593
vn -0.4072 -0.2648 -0.8741
vn -0.4921 0.0274 -0.8701
vn -0.3257 0.0275 -0.9451
vn -0.3332 0.0039 -0.9428
vn -0.2518 0.0274 -0.9674
vn -0.0333 0.0272 -0.9991
vn -0.1769 0.0116 -0.9842
vn 0.2082 -0.0117 -0.9780
vn -0.5837 -0.1923 -0.7889
vn -0.6445 0.0196 -0.7643
vn -0.6819 -0.2187 -0.6980
vn -0.5290 -0.4336 -0.7295
vn -0.7507 -0.1061 -0.6520
vn -0.7556 -0.1268 -0.6426
vn -0.7620 0.0196 -0.6473
vn -0.6705 -0.3832 -0.6352
vn -0.6002 -0.4119 -0.6857
vn -0.8205 -0.1601 -0.5487
vn -0.8765 -0.1757 -0.4481
vn -0.7227 -0.3592 -0.5906
vn -0.9016 -0.1588 -0.4024
vn -0.7665 -0.3298 -0.5511
vn -0.0030 1.0000 0.0025
vn -0.0038 1.0000 -0.0006
vn 0.0039 1.0000 0.0003
vn -0.0021 1.0000 -0.0061
vn -0.0035 1.0000 -0.0018
vn -0.0032 1.0000 -0.0022
vn -0.0025 1.0000 -0.0030
vn -0.0017 1.0000 -0.0036
vn -0.0006 1.0000 -0.0038
vn 0.0008 1.0000 -0.0038
vn -0.0022 1.0000 -0.0032
vn -0.0035 1.0000 -0.0017
vn 0.0039 1.0000 -0.0003
vn -0.0024 1.0000 0.0031
vn 0.0036 1.0000 -0.0014
vn 0.0038 1.0000 -0.0005
vn 0.0007 1.0000 0.0039
vn -0.0035 1.0000 -0.0016
vn -0.0015 1.0000 -0.0036
vn 0.0029 1.0000 0.0026
vn 0.0039 1.0000 -0.0002
vn 0.0022 1.0000 -0.0032
vn 0.0037 1.0000 0.0011
vn -0.0022 1.0000 -0.0033
vn 0.0023 1.0000 0.0031
vn 0.0012 1.0000 0.0037
vn -0.0004 1.0000 0.0039
vn 0.0000 1.0000 0.0025
vn 0.0009 1.0000 -0.0011
vn 0.0008 1.0000 0.0026
vn -0.0008 1.0000 0.0044
vn 0.0012 1.0000 -0.0011
vn -0.7034 0.0039 0.7107
vn -0.7645 0.0094 0.6445
vn -0.7111 0.0038 0.7030
vn -0.8312 -0.0016 0.5560
vn -0.8730 0.0587 0.4842
vn -0.6778 0.0118 0.7351
vn -0.6712 0.0117 0.7412
vn -0.6396 0.0118 0.7686
vn -0.6060 0.0038 0.7955
vn -0.5617 0.0117 0.8272
vn -0.5163 0.0118 0.8563
vn -0.5143 0.0040 0.8576
vn -0.4784 0.0118 0.8781
vn -0.4607 0.0196 0.8873
vn -0.4286 0.0039 0.9035
vn -0.4289 0.0040 0.9033
vn -0.3639 0.0117 0.9314
vn -0.3611 0.0118 0.9324
vn -0.3175 0.0040 0.9482
vn -0.3260 0.0118 0.9453
vn -0.2507 0.0118 0.9680
vn -0.2471 0.0196 0.9688
vn -0.2348 0.0190 0.9719
vn -0.2178 0.0108 0.9759
vn -0.2024 0.0118 0.9792
vn -0.1654 0.0055 0.9862
vn -0.1387 0.0053 0.9903
vn -0.1282 -0.0018 0.9917
vn 0.2245 -0.7805 0.5834
vn 0.2209 -0.4980 0.8386
vn 0.2287 -0.7785 0.5844
vn 0.2786 -0.4980 0.8212
vn 0.4257 -0.4603 0.7791
vn 0.4008 -0.1767 0.8990
vn 0.1995 -0.8199 0.5366
vn 0.1638 -0.8253 0.5404
vn 0.1604 -0.4903 0.8567
vn 0.2200 -0.4598 0.8604
vn 0.1329 -0.4706 0.8723
vn -0.4710 -0.6972 0.5405
vn 0.1704 -0.8274 0.5352
vn 0.1623 -0.8262 0.5394
vn 0.1674 -0.8249 0.5399
vn 0.1740 -0.8239 0.5393
vn 0.1719 -0.8202 0.5457
vn 0.1867 -0.8313 0.5235
vn 0.3166 -0.7411 0.5921
vn 0.0578 -0.8955 0.4413
vn 0.1770 -0.9078 0.3802
vn 0.3295 -0.6802 0.6548
vn 0.4769 -0.3129 0.8214
vn 0.7204 -0.3971 0.5687
vn 0.4116 -0.3640 0.8355
vn 0.4053 -0.0196 0.9140
vn 0.4954 -0.0118 0.8686
vn 0.5448 0.0510 0.8370
vn 0.5497 0.0177 0.8352
vn 0.5458 0.0032 0.8379
vn 0.3820 0.0057 0.9241
vn 0.4137 -0.6470 0.6405
vn 0.2211 -0.8901 0.3985
vn 0.2360 -0.9109 0.3384
vn 0.3445 -0.8389 0.4214
vn 0.4473 -0.4902 0.7481
vn 0.4975 -0.4676 0.7306
vn 0.5011 -0.4754 0.7231
vn 0.6946 -0.4362 0.5720
vn 0.8270 -0.2955 0.4783
vn 0.8422 -0.2839 0.4583
vn 0.5116 -0.8413 0.1747
vn 0.3834 -0.8361 0.3924
vn 0.3105 -0.8359 0.4526
vn 0.3197 -0.8287 0.4595
vn 0.3917 -0.8980 0.2006
vn 0.3102 -0.8277 0.4677
vn 0.2970 -0.8288 0.4742
vn 0.2883 -0.8254 0.4855
vn 0.2815 -0.8258 0.4887
vn 0.2562 -0.8334 0.4896
vn 0.2668 -0.8221 0.5030
vn 0.2554 -0.8181 0.5153
vn 0.2241 -0.8342 0.5039
vn 0.2206 -0.8271 0.5169
vn 0.2166 -0.8275 0.5179
vn 0.0022 -1.0000 0.0036
vn -0.0016 -1.0000 0.0036
vn 0.1792 -0.9409 0.2873
vn 0.0780 -0.9966 0.0276
vn -0.0025 -1.0000 0.0029
vn -0.0033 -1.0000 0.0020
vn 0.0764 -0.9438 0.3215
vn 0.0016 -0.9685 0.2491
vn -0.0391 -0.8222 0.5679
vn -0.0038 -1.0000 0.0009
vn 0.0039 -1.0000 0.0003
vn 0.0036 -1.0000 0.0014
vn -0.0025 -0.9999 0.0112
vn -0.0444 -0.6036 0.7961
vn -0.0098 -0.9999 0.0043
vn 0.1186 -0.8958 0.4283
vn 0.0791 -0.8084 0.5832
vn 0.1984 -0.6856 0.7004
vn 0.0623 -0.6938 0.7175
vn 0.0519 -0.8927 0.4476
vn 0.0336 -0.6653 0.7458
vn 0.1146 -0.3100 0.9438
vn 0.1566 -0.2766 0.9481
vn 0.0821 -0.4177 0.9048
vn 0.1480 -0.4064 0.9016
vn 0.0419 -0.4755 0.8787
vn 0.1176 -0.4791 0.8699
vn 0.1012 -0.5611 0.8216
vn 0.2149 -0.3062 0.9274
vn 0.2133 -0.3980 0.8922
vn 0.2660 -0.1833 0.9464
vn 0.2137 -0.1466 0.9658
vn 0.1961 -0.2394 0.9509
vn 0.3148 -0.0196 0.9490
vn 0.2583 -0.0274 0.9657
vn 0.2080 -0.4901 0.8465
vn 0.2187 -0.5717 0.7908
vn 0.1275 -0.5441 0.8292
vn 0.2078 -0.6152 0.7605
vn 0.2407 -0.6384 0.7311
vn 0.2637 -0.5603 0.7852
vn 0.3070 -0.2498 0.9183
vn 0.3659 -0.0275 0.9303
vn 0.3855 -0.0056 0.9227
vn 0.3925 -0.0008 0.9197
vn 0.2684 -0.6163 0.7404
vn 0.1548 -0.6171 0.7715
vn 0.0148 -0.6805 0.7326
vn -0.0051 -0.7693 0.6389
vn -0.1018 -0.8088 0.5792
vn -0.0405 -0.7227 0.6900
vn -0.0867 -0.7210 0.6875
vn -0.1783 -0.8232 0.5390
vn -0.2539 -0.7846 0.5656
vn -0.1920 -0.5920 0.7828
vn -0.2468 -0.5922 0.7671
vn -0.2153 -0.7855 0.5802
vn -0.2846 -0.6000 0.7477
vn -0.3365 -0.6157 0.7125
vn -0.3668 -0.6078 0.7043
vn -0.2272 -0.7032 0.6737
vn -0.4136 -0.5999 0.6848
vn -0.2561 -0.8353 0.4865
vn -0.1941 -0.8117 0.5510
vn -0.2771 -0.7459 0.6057
vn -0.3148 -0.7919 0.5232
vn -0.4515 -0.6000 0.6604
vn -0.4950 -0.5922 0.6358
vn -0.3455 -0.7570 0.5546
vn -0.5453 -0.5844 0.6010
vn -0.3071 -0.8353 0.4560
vn -0.3503 -0.8353 0.4238
vn -0.3945 -0.7397 0.5452
vn -0.3501 -0.8663 0.3563
vn -0.5884 -0.5764 0.5670
vn -0.7366 -0.6378 0.2250
vn -0.7792 -0.6041 0.1669
vn -0.5211 -0.8247 -0.2198
vn -0.5050 -0.8485 -0.1582
vn -0.5160 -0.7674 -0.3806
vn -0.5144 -0.7978 -0.3144
vn -0.5814 -0.7455 -0.3259
vn -0.4815 -0.6991 -0.5286
vn -0.5177 -0.7108 -0.4761
vn -0.3183 -0.6532 -0.6870
vn -0.3377 -0.6695 -0.6616
vn -0.1973 -0.6032 -0.7728
vn -0.3476 -0.6947 -0.6298
vn -0.4401 -0.7617 -0.4755
vn -0.3928 -0.8090 -0.4373
vn -0.2686 -0.7233 -0.6361
vn -0.6029 -0.7919 -0.0972
vn -0.7185 -0.6939 -0.0478
vn -0.5919 -0.7480 -0.3002
vn -0.6921 -0.7104 -0.1277
vn -0.7602 -0.6244 0.1796
vn -0.7956 -0.4947 0.3497
vn -0.2192 -0.9669 0.1305
vn -0.0988 -0.9916 -0.0834
vn -0.4441 -0.7870 0.4282
vn -0.3564 -0.9202 0.1618
vn 0.0001 -1.0000 0.0041
vn -0.0030 -1.0000 0.0030
vn 0.0030 -1.0000 0.0029
vn -0.2474 -0.9213 0.2999
vn 0.0026 -1.0000 -0.0002
vn -0.0034 -1.0000 -0.0020
vn -0.1483 -0.9887 0.0223
vn 0.0021 -1.0000 0.0033
vn 0.0009 -1.0000 0.0037
vn 0.0033 -1.0000 -0.0018
vn 0.0036 -1.0000 0.0013
vn -0.0024 -1.0000 0.0013
vn -0.0022 -1.0000 0.0028
vn 0.0037 -1.0000 0.0009
vn -0.0038 -1.0000 -0.0007
vn 0.0031 -1.0000 0.0000
vn 0.0020 -1.0000 0.0033
vn -0.0017 -1.0000 0.0037
vn -0.0039 -1.0000 -0.0001
vn 0.0028 -1.0000 0.0011
vn -0.1005 -0.9723 0.2111
vn 0.0002 -1.0000 0.0042
vn 0.0010 -1.0000 0.0013
vn -0.0925 -0.9939 -0.0593
vn 0.0030 -1.0000 -0.0025
vn 0.0013 -1.0000 0.0037
vn -0.0038 -1.0000 -0.0019
vn -0.0223 -0.9992 0.0319
vn -0.1726 -0.9846 0.0291
vn -0.4094 -0.9047 0.1176
vn -0.4145 -0.9045 0.1002
vn -0.6127 -0.7902 0.0096
vn -0.7158 -0.6797 0.1603
vn -0.8601 -0.4675 0.2042
vn -0.8695 -0.4665 0.1620
vn -0.8809 -0.4615 0.1049
vn -0.9782 -0.1609 0.1314
vn -0.9844 -0.1499 0.0919
vn -0.9949 -0.0227 0.0985
vn -0.9740 -0.0039 0.2265
vn -0.8627 -0.4745 0.1751
vn -0.8483 -0.4823 0.2184
vn -0.7807 -0.6101 0.1353
vn -0.8353 -0.4744 0.2778
vn -0.8491 -0.4823 0.2153
vn -0.9769 0.0196 0.2126
vn -0.9787 0.0275 0.2032
vn -0.9715 0.0353 0.2343
vn -0.9593 0.0118 0.2822
vn -0.9499 0.0118 0.3122
vn -0.9457 0.0117 0.3249
vn -0.7688 -0.6151 0.1752
vn -0.8304 -0.4824 0.2789
vn -0.6883 -0.7182 0.1025
vn -0.8251 -0.4825 0.2939
vn -0.7995 -0.4667 0.3781
vn -0.7375 -0.6044 0.3013
vn -0.4557 -0.8467 0.2748
vn -0.4049 -0.8901 0.2093
vn -0.7771 -0.4509 0.4391
vn -0.8267 -0.0855 0.5561
vn -0.7266 -0.5330 0.4336
vn -0.8397 -0.2460 0.4842
vn -0.8377 -0.0039 0.5461
vn -0.8710 0.0196 0.4909
vn -0.8584 0.0510 0.5105
vn -0.8987 0.0196 0.4381
vn -0.4600 -0.8200 0.3406
vn -0.7053 -0.4428 0.5537
vn -0.4650 -0.7063 0.5338
vn -0.7077 -0.2172 0.6723
vn -0.7784 -0.2853 0.5593
vn -0.7382 0.0118 0.6745
vn -0.7396 -0.0062 0.6730
vn -0.8834 0.0039 0.4685
vn -0.9321 0.0274 0.3612
vn -0.9349 0.0507 0.3513
vn 0.5208 -0.8258 0.2163
vn 0.7335 -0.6626 0.1516
vn 0.5956 -0.7963 0.1055
vn 0.6370 -0.7198 0.2761
vn 0.5663 -0.8230 0.0431
vn 0.3791 -0.9141 0.1438
vn 0.9021 -0.3890 0.1868
vn 0.5141 -0.8257 0.2321
vn 0.5312 -0.8437 0.0772
vn 0.5514 -0.8310 0.0736
vn 0.7252 -0.6704 0.1568
vn 0.7462 -0.6472 0.1561
vn 0.4967 -0.8605 0.1127
vn 0.8591 -0.4958 0.1271
vn 0.0002 -1.0000 -0.0038
vn 0.5813 -0.8066 0.1072
vn 0.9099 -0.3908 -0.1387
vn 0.9833 -0.1594 -0.0880
vn 0.7319 -0.6803 -0.0391
vn 0.7096 -0.6948 -0.1172
vn 0.9984 -0.0569 -0.0023
vn 0.9995 0.0274 -0.0175
vn 0.9936 -0.0558 -0.0979
vn 0.9698 -0.2439 -0.0020
vn 0.8243 -0.5272 -0.2064
vn 0.9963 -0.0590 -0.0626
vn 0.9904 0.0274 0.1353
vn 0.9844 -0.1311 0.1170
vn 0.9844 -0.0686 0.1621
vn 0.9679 0.0275 0.2497
vn 0.9720 -0.2028 0.1190
vn 0.9775 -0.2032 0.0570
vn 0.9652 -0.1227 0.2311
vn 0.9487 -0.1017 0.2993
vn 0.9453 -0.0824 0.3156
vn 0.9193 -0.2354 0.3154
vn 0.9006 -0.3845 0.2029
vn 0.9233 0.0275 0.3831
vn 0.9421 -0.2249 0.2486
vn 0.9429 -0.0769 0.3242
vn 0.8975 -0.0947 0.4307
vn 0.9625 0.0118 0.2710
vn 0.8005 -0.4832 0.3545
vn 0.8383 -0.4601 0.2925
vn 0.9123 -0.0735 0.4028
vn 0.9618 -0.1205 0.2456
vn 0.9982 -0.0408 0.0447
vn 0.9836 -0.1665 0.0693
vn 0.9288 -0.3639 0.0703
vn 0.7659 -0.4435 0.4655
vn 0.5810 -0.7508 0.3142
vn 0.3172 -0.9455 0.0732
vn 0.7359 -0.5585 0.3829
vn -0.1172 -0.4862 -0.8660
vn -0.0872 -0.6558 -0.7499
vn -0.7708 -0.0039 0.6370
vn -0.8275 -0.0039 0.5614
vn -0.9216 -0.0126 0.3879
vn -0.7433 0.0039 0.6689
vn -0.8745 0.0087 0.4850
vn -0.6753 -0.0039 0.7375
vn -0.6434 0.0039 0.7655
vn -0.5604 -0.0040 0.8282
vn -0.5362 0.0040 0.8441
vn -0.4380 -0.0040 0.8990
vn -0.4174 0.0039 0.9087
vn -0.3053 -0.0039 0.9523
vn -0.2912 0.0039 0.9566
vn -0.1624 -0.0039 0.9867
vn -0.1635 -0.0039 0.9865
vn -0.0997 -0.0022 0.9950
vn -0.1009 0.0010 0.9949
vn -0.8588 0.0003 0.5123
vn -0.8741 0.0031 0.4857
vn -0.7156 -0.0134 0.6984
vn -0.8727 -0.0001 0.4883
vn -0.6001 -0.0070 0.7999
vn -0.4897 0.0028 0.8719
vn -0.6859 -0.0089 0.7276
vn -0.1328 -0.0143 0.9910
vn -0.0230 0.0122 0.9997
vn 0.1755 -0.0284 0.9841
vn 0.2403 -0.0151 0.9706
vn 0.1854 -0.0042 0.9827
vn 0.3536 0.0040 0.9354
vn 0.1007 0.0117 0.9948
vn -0.1762 -0.0196 0.9842
vn -0.3579 0.0195 0.9336
vn -0.4459 -0.0040 0.8951
vn -0.5681 -0.0032 0.8229
vn -0.7264 -0.0039 0.6872
vn -0.7130 -0.0039 0.7011
vn -0.6087 -0.0118 0.7933
vn -0.5737 0.0118 0.8190
vn -0.4306 0.0196 0.9023
vn -0.4895 -0.0275 0.8715
vn -0.2802 0.0353 0.9593
vn -0.3591 -0.0431 0.9323
vn -0.1178 0.0274 0.9927
vn -0.1979 -0.0825 0.9767
vn -0.1068 0.0353 0.9936
vn 0.0361 0.0353 0.9987
vn -0.0665 -0.1060 0.9921
vn 0.0510 0.0432 0.9978
vn 0.1948 0.0431 0.9799
vn 0.0755 -0.1216 0.9897
vn 0.2062 0.0432 0.9775
vn 0.3309 0.0274 0.9433
vn 0.2072 -0.1214 0.9707
vn 0.4181 -0.0275 0.9080
vn 0.4850 0.0118 0.8744
vn 0.5521 -0.0274 0.8333
vn 0.6178 0.0118 0.7863
vn 0.6737 -0.0274 0.7385
vn 0.7357 0.0118 0.6772
vn 0.7849 -0.0196 0.6193
vn 0.8400 0.0039 0.5426
vn 0.8727 -0.0118 0.4881
vn 0.9172 0.0039 0.3984
vn 0.9327 -0.0118 0.3603
vn 0.9698 -0.0039 0.2438
vn 0.9794 -0.0039 0.2017
vn 0.9868 -0.0029 0.1622
vn 0.9927 -0.0039 0.1206
vn 0.8963 -0.0038 0.4434
vn 0.8843 0.0056 0.4669
vn 0.7687 0.0040 0.6396
vn 0.7504 -0.0039 0.6609
vn 0.5722 -0.0012 0.8201
vn 0.5507 -0.0186 0.8345
vn -0.7623 -0.0039 -0.6472
vn -0.7114 0.0050 -0.7027
vn -0.7586 0.0039 -0.6515
vn -0.7106 0.0050 -0.7036
vn -0.8452 -0.0039 -0.5345
vn -0.8407 -0.0039 -0.5415
vn -0.9027 0.0039 -0.4302
vn -0.9118 -0.0039 -0.4106
vn -0.9541 0.0039 -0.2995
vn -0.9627 -0.0039 -0.2705
vn -0.9864 0.0039 -0.1644
vn -0.9897 -0.0039 -0.1429
vn -0.9974 0.0039 -0.0722
vn -0.9998 -0.0118 0.0187
vn -0.9837 -0.0017 0.1796
vn -0.9664 -0.0136 0.2566
vn -0.9766 0.0101 0.2148
vn -0.9828 0.0120 0.1844
vn -0.9880 -0.0497 0.1461
vn -0.9812 -0.0125 0.1926
vn -0.9824 0.0138 0.1862
vn -0.8610 -0.0113 0.5084
vn -0.5263 0.0118 0.8502
vn -0.5055 -0.0039 0.8628
vn -0.2652 0.0039 0.9642
vn 0.0215 0.0279 0.9994
vn -0.2208 -0.0039 0.9753
vn -0.2115 0.0040 0.9774
vn 0.0437 -0.0002 0.9990
vn -0.3996 0.0039 0.9167
vn 0.0419 0.0009 0.9991
vn 0.0470 0.0049 0.9989
vn 0.0435 0.0022 0.9991
vn 0.0530 0.0003 0.9986
vn -0.4122 -0.0039 0.9111
vn -0.6866 0.0039 0.7270
vn -0.7109 -0.0039 0.7033
vn -0.8380 0.0035 0.5457
vn -0.8472 -0.0039 0.5312
vn -0.9420 -0.0039 0.3356
vn -0.9421 0.0039 0.3352
vn -0.9924 -0.0040 0.1226
vn -0.9885 0.0036 0.1512
vn -0.9842 0.0036 -0.1773
vn -0.9936 -0.0040 -0.1129
vn -0.9005 0.0039 -0.4347
vn -0.8794 -0.0041 -0.4760
vn -0.7968 0.0036 -0.6042
vn -0.8406 -0.0039 -0.5416
vn -0.6416 0.0659 -0.7642
vn -0.6052 0.0050 -0.7961
vn -0.6021 0.0024 -0.7984
vn -0.6078 -0.0039 -0.7941
vn -0.6046 0.0048 -0.7965
vn -0.9456 0.0012 -0.3253
vn -0.9575 0.0118 -0.2881
vn -0.9869 -0.0044 0.1613
vn 0.1000 -0.0019 -0.9950
vn 0.1635 -0.0039 -0.9865
vn 0.1626 -0.0039 -0.9867
vn 0.1010 0.0010 -0.9949
vn 0.2912 0.0039 -0.9566
vn 0.3053 -0.0039 -0.9523
vn 0.4173 0.0039 -0.9088
vn 0.4380 -0.0039 -0.8990
vn 0.5362 0.0039 -0.8441
vn 0.5604 -0.0039 -0.8282
vn 0.6436 0.0039 -0.7654
vn 0.6755 -0.0039 -0.7373
vn 0.7434 0.0039 -0.6688
vn 0.7708 -0.0039 -0.6371
vn 0.8276 -0.0039 -0.5613
vn 0.9211 -0.0126 -0.3891
vn 0.8745 0.0088 -0.4850
vn 0.8588 -0.0001 -0.5123
vn 0.8743 0.0034 -0.4855
vn 0.7168 -0.0134 -0.6971
vn 0.8727 -0.0001 -0.4883
vn 0.6001 -0.0090 -0.7999
vn 0.4913 0.0029 -0.8710
vn 0.6865 -0.0140 -0.7270
vn 0.1324 -0.0143 -0.9911
vn 0.0211 0.0123 -0.9997
vn -0.1760 -0.0283 -0.9840
vn -0.2425 -0.0149 -0.9700
vn -0.6056 0.0068 -0.7958
vn -0.6032 -0.0017 -0.7976
vn 0.9867 -0.0044 -0.1627
vn 0.9575 0.0118 0.2883
vn 0.9454 0.0013 0.3260
vn 0.8396 -0.0039 0.5432
vn 0.6414 0.0653 0.7644
vn 0.8007 0.0035 0.5990
vn 0.7948 -0.0039 0.6069
vn 0.6052 0.0049 0.7961
vn 0.6032 0.0027 0.7976
vn 0.6085 -0.0033 0.7936
vn 0.6047 0.0043 0.7964
vn 0.9251 -0.0039 0.3796
vn 0.9369 0.0039 0.3495
vn 0.9920 -0.0052 0.1263
vn 0.9952 -0.0268 0.0943
vn 0.7622 -0.0039 0.6473
vn 0.7106 0.0050 0.7036
vn 0.7115 0.0049 0.7027
vn 0.7586 0.0039 0.6515
vn 0.8452 -0.0039 0.5344
vn 0.8407 -0.0039 0.5415
vn 0.9029 0.0039 0.4298
vn 0.9119 -0.0039 0.4105
vn 0.9541 0.0039 0.2995
vn 0.9626 -0.0039 0.2707
vn 0.9864 0.0039 0.1644
vn 0.9897 -0.0039 0.1430
vn 0.9974 0.0039 0.0725
vn 0.9998 -0.0117 -0.0186
vn 0.9838 -0.0017 -0.1795
vn 0.9666 -0.0136 -0.2558
vn 0.9766 0.0104 -0.2149
vn 0.9827 0.0123 -0.1847
vn 0.9880 -0.0494 -0.1464
vn 0.9812 -0.0127 -0.1928
vn 0.9824 0.0141 -0.1865
vn 0.8596 -0.0113 -0.5108
vn 0.5255 0.0118 -0.8507
vn 0.5030 -0.0039 -0.8643
vn 0.2661 0.0039 -0.9639
vn -0.0215 0.0280 -0.9994
vn 0.2208 -0.0039 -0.9753
vn 0.2124 0.0040 -0.9772
vn -0.0437 -0.0001 -0.9990
vn 0.3988 0.0039 -0.9170
vn -0.0416 0.0008 -0.9991
vn -0.0448 0.0054 -0.9990
vn -0.0427 0.0028 -0.9991
vn -0.0523 -0.0011 -0.9986
vn 0.4099 -0.0039 -0.9121
vn 0.6873 0.0039 -0.7264
vn 0.7087 -0.0039 -0.7055
vn 0.8394 0.0035 -0.5435
vn 0.8471 -0.0039 -0.5314
vn 0.9422 -0.0039 -0.3351
vn 0.9423 0.0039 -0.3347
vn 0.9157 0.0089 -0.4018
vn 0.9187 -0.0084 -0.3950
vn -0.0029 1.0000 -0.0027
vn -0.0032 1.0000 -0.0023
vn -0.0034 1.0000 -0.0018
vn 0.0022 1.0000 0.0032
vn -0.0039 1.0000 -0.0003
vn 0.0022 1.0000 0.0061
vn 0.0035 1.0000 0.0017
vn -0.0039 1.0000 0.0003
vn 0.0024 1.0000 -0.0031
vn -0.0011 1.0000 -0.0038
vn 0.0173 0.9996 -0.0207
vn 0.0028 0.9999 -0.0157
vn 0.0152 0.9999 0.0002
vn -0.0064 1.0000 0.0060
vn -0.0012 1.0000 0.0037
vn 0.0035 1.0000 0.0016
vn -0.0029 1.0000 -0.0026
vn 0.0023 1.0000 0.0032
vn 0.0004 1.0000 -0.0039
vn -0.0003 1.0000 -0.0023
vn 0.0005 1.0000 -0.0038
vn -0.0009 1.0000 0.0011
vn -0.0008 1.0000 -0.0027
vn 0.0008 1.0000 -0.0044
vn -0.0011 1.0000 0.0013
vn 0.0029 1.0000 -0.0026
vn 0.0039 1.0000 0.0001
vn -0.6499 0.0039 0.7600
vn -0.6238 -0.0039 0.7816
vn -0.6813 0.0078 0.7320
vn -0.6788 0.0045 0.7343
vn -0.5419 -0.0039 0.8404
vn -0.5153 0.0039 0.8570
vn -0.4229 -0.0039 0.9062
vn -0.4043 0.0039 0.9146
vn -0.2925 -0.0039 0.9563
vn -0.2786 0.0039 0.9604
vn -0.2288 -0.0012 0.9735
vn -0.2241 -0.0036 0.9746
vn 0.2813 0.5673 0.7740
vn 0.0146 0.7087 0.7053
vn 0.2821 0.5922 0.7548
vn 0.0217 0.7257 0.6877
vn -0.2068 0.7098 0.6733
vn -0.2068 0.7098 0.6734
vn -0.2959 0.7098 0.6392
vn -0.2959 0.7098 0.6393
vn -0.3755 0.7098 0.5960
vn -0.3756 0.7098 0.5959
vn -0.4553 0.7098 0.5374
vn -0.4595 0.7020 0.5441
vn -0.5120 0.6767 0.5291
vn -0.5116 0.6777 0.5282
vn 0.2016 -0.2763 0.9397
vn 0.2258 -0.1195 0.9668
vn 0.0456 -0.4754 0.8786
vn 0.2084 -0.2728 0.9392
vn -0.0973 -0.6673 0.7384
vn -0.4968 -0.1659 0.8519
vn 0.0037 -0.3204 0.9473
vn 0.2488 0.0039 0.9685
vn -0.2191 0.0182 0.9755
vn -0.5424 -0.0135 0.8400
vn -0.7997 0.0135 0.6002
vn -0.9539 -0.0120 0.2998
vn -0.9902 -0.0649 0.1238
vn -0.9541 -0.0504 -0.2953
vn -0.9933 0.0207 -0.1136
vn -0.9824 0.0042 -0.1866
vn -0.9324 -0.0549 -0.3573
vn -0.9827 -0.1852 0.0051
vn -0.9066 -0.4182 0.0558
vn -0.9924 0.0118 0.1221
vn -0.9202 -0.3862 -0.0635
vn -0.9099 -0.2327 -0.3434
vn -0.8851 -0.2817 -0.3704
vn -0.9332 -0.2967 -0.2029
vn -0.9043 -0.3553 -0.2368
vn -0.7949 -0.4964 0.3490
vn -0.7058 -0.4893 0.5124
vn -0.3905 -0.5152 0.7629
vn -0.3484 -0.7652 0.5414
vn -0.3118 -0.7866 0.5329
vn -0.8655 -0.5007 0.0106
vn -0.8783 -0.4781 -0.0077
vn -0.8408 -0.5194 0.1524
vn -0.9058 -0.2239 0.3596
vn -0.6590 -0.5216 0.5418
vn -0.5136 -0.4928 0.7024
vn -0.1378 -0.5263 0.8391
vn -0.4276 -0.5369 0.7272
vn 0.0438 -0.5077 0.8604
vn -0.8087 0.0117 0.5881
vn -0.7710 -0.0040 0.6368
vn -0.5288 0.0045 0.8488
vn -0.5423 0.0039 0.8402
vn -0.2396 -0.0039 0.9709
vn -0.2125 0.0039 0.9772
vn 0.0196 -0.0066 0.9998
vn 0.0247 0.0272 0.9993
vn 0.1860 0.0117 0.9825
vn 0.2519 0.0274 0.9674
vn 0.3257 0.0275 0.9451
vn 0.3332 0.0039 0.9428
vn 0.4922 0.0275 0.8701
vn 0.5728 -0.2107 0.7922
vn 0.4694 -0.4502 0.7596
vn 0.5837 -0.1924 0.7889
vn 0.6446 0.0196 0.7643
vn 0.5291 -0.4337 0.7294
vn 0.6821 -0.2184 0.6979
vn 0.7508 -0.1058 0.6519
vn 0.7558 -0.1262 0.6426
vn 0.6707 -0.3833 0.6350
vn 0.7621 0.0196 0.6472
vn 0.6000 -0.4118 0.6858
vn 0.8206 -0.1600 0.5486
vn 0.8767 0.0275 0.4803
vn 0.8765 -0.1758 0.4482
vn 0.7228 -0.3593 0.5903
vn 0.9021 -0.1579 0.4016
vn 0.7665 -0.3298 0.5511
vn 0.8269 -0.3015 0.4746
vn 0.9238 -0.1174 0.3645
vn 0.9336 -0.0875 0.3476
vn 0.9180 0.0039 0.3965
vn 0.9325 -0.1241 0.3391
vn 0.8253 -0.4245 0.3724
vn 0.8362 -0.2700 0.4774
vn 0.8629 -0.3001 0.4065
vn 0.8692 -0.0667 0.4899
vn 0.9233 -0.1138 0.3669
vn 0.7859 -0.2446 0.5679
vn 0.7030 -0.1059 0.7032
vn 0.7512 -0.2951 0.5904
vn 0.6688 -0.5514 0.4987
vn 0.7240 -0.0196 0.6895
vn 0.5465 -0.4494 0.7066
vn 0.6827 -0.1201 0.7207
vn 0.6698 -0.6392 0.3779
vn -0.3080 -0.8275 0.4695
vn -0.2544 -0.8274 0.5006
vn -0.3097 -0.8274 0.4684
vn -0.3644 -0.8275 0.4272
vn -0.3620 -0.8172 0.4484
vn -0.2545 -0.8274 0.5006
vn -0.1848 -0.8275 0.5301
vn -0.2001 -0.8287 0.5227
vn -0.1670 -0.8328 0.5278
vn -0.3940 -0.8203 0.4145
vn -0.4019 -0.8150 0.4174
vn -0.1545 -0.8398 0.5204
vn -0.2251 0.0039 -0.9743
vn 0.0054 0.0039 -1.0000
vn -0.3431 0.0039 -0.9393
vn 0.0196 0.0039 -0.9998
vn -0.4510 0.0039 -0.8925
vn -0.6547 0.0039 -0.7558
vn -0.6540 -0.0034 -0.7565
vn -0.7812 0.0039 -0.6243
vn -0.8024 -0.0040 -0.5968
vn -0.9746 0.0039 -0.2239
vn -0.9767 -0.0040 -0.2144
vn -0.9950 -0.0722 -0.0690
vn -0.9972 0.0553 -0.0512
vn 0.1908 -0.0039 -0.9816
vn 0.1930 0.0039 -0.9812
vn 0.5620 0.0039 -0.8271
vn 0.5889 -0.0039 -0.8082
vn 0.7142 -0.0024 -0.6999
vn 0.7173 0.0034 -0.6968
vn -0.1596 0.7098 -0.6861
vn 0.1889 0.7091 -0.6793
vn -0.1594 0.7098 -0.6861
vn -0.2426 0.7098 -0.6613
vn -0.0163 0.7028 -0.7112
vn -0.3177 0.7098 -0.6287
vn -0.3177 0.7098 -0.6286
vn -0.4622 0.7101 -0.5312
vn -0.4576 0.7100 -0.5353
vn -0.5724 0.7099 -0.4103
vn -0.5706 0.7098 -0.4131
vn -0.6994 0.7019 -0.1344
vn -0.6531 0.7214 -0.2302
vn -0.7178 0.6943 -0.0516
vn 0.1567 0.7102 -0.6863
vn 0.4332 0.7111 -0.5538
vn 0.3104 0.7280 -0.6113
vn 0.4979 0.7256 -0.4750
vn 0.4624 0.7101 0.5310
vn 0.3179 0.7098 0.6286
vn 0.2425 0.7098 0.6613
vn 0.4577 0.7100 0.5352
vn 0.1603 0.7098 0.6859
vn 0.1604 0.7098 0.6859
vn -0.1175 0.7105 0.6938
vn -0.0069 0.7094 0.7048
vn 0.5735 0.7099 0.4087
vn 0.5686 0.7098 0.4158
vn 0.6853 0.7098 0.1629
vn 0.6606 0.7081 0.2494
vn 0.6761 0.7363 0.0275
vn -0.1472 0.7100 0.6887
vn -0.2604 0.7230 0.6399
vn -0.4243 0.7179 0.5519
vn -0.1866 0.7564 0.6269
vn -0.5054 0.7023 0.5014
vn 0.0299 0.7489 0.6620
vn 0.0422 0.7034 0.7095
vn 0.3141 0.7558 0.5746
vn 0.0354 0.7097 0.7036
vn 0.2909 0.7231 0.6266
vn 0.4699 0.7178 0.5138
vn 0.5508 0.7113 0.4367
vn 0.1635 0.7177 0.6769
vn -0.0210 0.7019 0.7119
vn -0.1702 0.7176 0.6753
vn -0.3368 0.7018 0.6277
vn -0.4561 0.7178 0.5260
vn -0.4496 0.7113 0.5402
vn -0.5445 0.7101 0.4464
vn 0.5164 0.0118 -0.8563
vn 0.6395 0.0118 -0.7687
vn 0.5619 0.0117 -0.8272
vn 0.5143 0.0039 -0.8576
vn 0.4788 0.0118 -0.8779
vn 0.4599 0.0196 -0.8877
vn 0.6057 0.0038 -0.7957
vn 0.6712 0.0117 -0.7412
vn 0.6779 0.0118 -0.7350
vn 0.7113 0.0038 -0.7029
vn 0.4290 0.0039 -0.9033
vn 0.4295 0.0039 -0.9031
vn 0.3637 0.0117 -0.9314
vn 0.3609 0.0118 -0.9325
vn 0.3173 0.0038 -0.9483
vn 0.3262 0.0118 -0.9452
vn 0.2515 0.0118 -0.9678
vn 0.2467 0.0196 -0.9689
vn 0.7035 0.0039 -0.7107
vn 0.7648 0.0095 -0.6442
vn 0.8255 -0.0024 -0.5644
vn 0.8739 0.0600 -0.4824
vn 0.9231 0.0037 -0.3844
vn 0.9968 -0.0029 -0.0796
vn 0.9850 0.0076 -0.1723
vn 0.9805 0.0184 0.1958
vn 0.9475 0.0036 0.3196
vn 0.2351 0.0189 -0.9718
vn 0.2170 0.0112 -0.9761
vn 0.2024 0.0117 -0.9792
vn 0.1654 0.0056 -0.9862
vn 0.1386 0.0053 -0.9903
vn 0.1282 -0.0017 -0.9918
vn 0.7975 0.0033 0.6033
vn 0.7874 0.0123 0.6163
vn 0.8290 0.0040 0.5592
vn 0.8450 -0.0015 0.5348
vn 0.9911 0.0005 0.1328
vn 0.9611 0.0018 0.2763
vn 0.9975 -0.0151 -0.0695
vn 0.9732 0.0014 -0.2300
vn 0.9723 -0.0007 -0.2338
vn 0.6413 -0.6854 -0.3450
vn 0.7076 -0.2172 -0.6724
vn 0.5422 -0.5394 -0.6443
vn 0.7784 -0.2853 -0.5593
vn 0.7397 -0.0061 -0.6729
vn 0.5599 -0.8137 -0.1562
vn 0.3504 -0.8899 -0.2921
vn 0.2764 -0.9476 -0.1601
vn 0.7176 -0.6941 0.0573
vn 0.7602 -0.6244 -0.1795
vn 0.6929 -0.7102 0.1247
vn 0.7384 0.0118 -0.6743
vn -0.0002 -1.0000 0.0038
vn -0.0033 -1.0000 0.0022
vn -0.0029 -1.0000 -0.0028
vn 0.5198 -0.7109 0.4738
vn 0.5809 -0.7459 0.3260
vn 0.4587 -0.7176 0.5240
vn 0.4967 -0.7803 0.3801
vn 0.5148 -0.7976 0.3144
vn 0.5046 -0.8487 0.1587
vn 0.5303 -0.8478 -0.0011
vn 0.7366 -0.6378 -0.2248
vn 0.7807 -0.6028 -0.1647
vn 0.5884 -0.5764 -0.5670
vn 0.4549 -0.7795 -0.4307
vn 0.5454 -0.5843 -0.6009
vn 0.3319 -0.6547 0.6791
vn 0.3384 -0.6707 0.6600
vn 0.1972 -0.6029 0.7731
vn 0.3474 -0.6947 0.6298
vn 0.4397 -0.7620 0.4755
vn 0.3932 -0.8084 0.4380
vn 0.2686 -0.7234 0.6361
vn 0.6028 -0.7919 0.0975
vn 0.3501 -0.8663 -0.3563
vn 0.3502 -0.8353 -0.4239
vn 0.4146 -0.7850 -0.4604
vn 0.4949 -0.5922 -0.6360
vn 0.4028 -0.7882 -0.4654
vn 0.4517 -0.6000 -0.6603
vn 0.4164 -0.5922 -0.6899
vn 0.3995 -0.7440 -0.5356
vn 0.3732 -0.6000 -0.7076
vn 0.3078 -0.8353 -0.4556
vn 0.2556 -0.8353 -0.4868
vn 0.3767 -0.7475 -0.5472
vn 0.2602 -0.7875 -0.5587
vn 0.1934 -0.8116 -0.5512
vn 0.3380 -0.6157 -0.7118
vn 0.2844 -0.6000 -0.7477
vn 0.2466 -0.5921 -0.7672
vn 0.3282 -0.7069 -0.6266
vn 0.1923 -0.5920 -0.7827
vn 0.0237 -0.7240 -0.6893
vn -0.1492 -0.6780 -0.7198
vn -0.1995 -0.6467 -0.7362
vn -0.2277 -0.6803 -0.6967
vn -0.9032 -0.0993 -0.4175
vn -0.9132 -0.0775 -0.4000
vn -0.7182 -0.6655 -0.2033
vn -0.6412 -0.7101 -0.2909
vn -0.9544 0.0461 -0.2948
vn -0.9117 -0.0085 -0.4109
vn -0.9464 0.0256 -0.3220
vn -0.9049 -0.0131 -0.4255
vn -0.9070 -0.0085 -0.4210
vn -0.5828 0.7941 0.1727
vn -0.7426 0.6314 0.2234
vn -0.6659 0.7389 0.1033
vn -0.7515 0.6341 0.1822
vn -0.7159 0.6314 0.2980
vn -0.6482 0.7423 0.1698
vn -0.6972 0.6352 0.3321
vn -0.5666 0.7873 0.2433
vn -0.4146 0.8970 0.1532
vn -0.3713 0.9076 0.1961
vn -0.2386 0.9645 0.1128
vn -0.1698 0.9829 0.0717
vn -0.4260 0.8983 0.1078
vn -0.4243 0.8996 0.1037
vn -0.2503 0.9681 0.0146
vn -0.2109 0.9755 0.0629
vn -0.0586 0.9973 0.0437
vn -0.0049 1.0000 0.0022
vn 0.0036 1.0000 -0.0020
vn 0.0027 1.0000 0.0017
vn 0.0004 1.0000 0.0031
vn -0.0002 1.0000 0.0042
vn -0.0029 1.0000 0.0028
vn -0.0040 1.0000 -0.0003
vn -0.0036 1.0000 -0.0015
vn -0.0036 1.0000 -0.0012
vn 0.0028 1.0000 -0.0024
vn 0.0022 1.0000 0.0036
vn -0.0041 1.0000 -0.0012
vn -0.0320 0.9991 0.0284
vn 0.0003 1.0000 0.0039
vn 0.0001 1.0000 -0.0028
vn 0.0040 1.0000 -0.0001
vn -0.0029 1.0000 -0.0057
vn -0.0008 1.0000 -0.0041
vn 0.0069 1.0000 -0.0039
vn -0.1050 0.9903 0.0909
vn -0.0027 1.0000 -0.0017
vn -0.0004 1.0000 -0.0031
vn 0.2501 0.9681 -0.0147
vn 0.0002 1.0000 -0.0042
vn 0.0029 1.0000 -0.0028
vn 0.0040 1.0000 0.0003
vn -0.0036 1.0000 0.0020
vn -0.0005 1.0000 0.0038
vn 0.0036 1.0000 0.0016
vn 0.0036 1.0000 0.0012
vn -0.0028 1.0000 0.0024
vn 0.2385 0.9646 -0.1129
vn -0.0022 1.0000 -0.0036
vn 0.0041 1.0000 0.0012
vn 0.0321 0.9991 -0.0283
vn -0.0029 1.0000 0.0026
vn -0.0039 1.0000 0.0002
vn -0.0001 1.0000 0.0028
vn -0.0040 1.0000 0.0001
vn 0.0029 1.0000 0.0057
vn 0.0009 1.0000 0.0041
vn -0.0069 1.0000 0.0039
vn 0.2027 0.9731 -0.1095
vn 0.4141 0.8972 -0.1532
vn 0.3715 0.9075 -0.1963
vn 0.6688 0.7212 -0.1804
vn 0.5818 0.7994 -0.1500
vn 0.7159 0.6314 -0.2981
vn 0.6972 0.6352 -0.3321
vn 0.5666 0.7872 -0.2435
vn 0.7426 0.6314 -0.2235
vn 0.5827 0.7941 -0.1729
vn 0.7516 0.6338 -0.1826
vn 0.4259 0.8983 -0.1076
vn 0.4235 0.9000 -0.1036
vn 0.2109 0.9755 -0.0629
vn 0.0586 0.9973 -0.0437
vn 0.0049 1.0000 -0.0022
vn 0.1050 0.9903 -0.0909
vn -0.2922 0.0130 -0.9563
vn -0.3171 0.0040 -0.9484
vn -0.2890 0.0039 -0.9573
vn -0.2893 0.0170 -0.9571
vn -0.2753 0.0010 -0.9613
vn -0.2811 -0.0010 -0.9597
vn 0.9420 0.0039 -0.3356
vn 0.9210 0.0024 -0.3896
vn 0.9535 0.0059 -0.3013
vn 0.9558 -0.0059 -0.2938
vn 0.9240 -0.0024 -0.3824
vn -0.2786 -0.0039 0.9604
vn -0.1572 -0.0039 0.9876
vn -0.1611 -0.0039 0.9869
vn -0.0955 0.0014 0.9954
vn -0.2783 -0.0039 0.9605
vn -0.3915 0.0039 0.9202
vn -0.4042 -0.0039 0.9146
vn -0.5004 0.0039 0.8658
vn -0.5129 -0.0117 0.8584
vn -0.5983 -0.0118 0.8012
vn -0.6267 0.0039 0.7793
vn -0.6445 0.0229 0.7642
vn -0.1019 0.0001 0.9948
vn 0.6788 0.0044 -0.7343
vn 0.6499 0.0039 -0.7600
vn 0.6813 0.0079 -0.7319
vn 0.6238 -0.0039 -0.7816
vn 0.5419 -0.0039 -0.8404
vn 0.5154 0.0039 -0.8570
vn 0.4229 -0.0039 -0.9062
vn 0.4043 0.0039 -0.9146
vn 0.2924 -0.0039 -0.9563
vn 0.2786 0.0039 -0.9604
vn 0.2289 -0.0013 -0.9735
vn 0.2240 -0.0036 -0.9746
vn 0.1596 0.8274 -0.5385
vn 0.1611 0.8274 -0.5380
vn 0.1068 0.8287 -0.5494
vn 0.0788 0.8275 -0.5559
vn 0.0664 0.8326 -0.5499
vn 0.2303 0.8274 -0.5122
vn 0.2304 0.8274 -0.5121
vn 0.2893 0.8274 -0.4814
vn 0.2862 0.8275 -0.4831
vn 0.3963 0.8062 -0.4393
vn 0.3419 0.8355 -0.4302
vn 0.3980 0.8078 -0.4348
vn 0.3889 0.8156 -0.4285
vn 0.0603 0.8212 -0.5674
vn 0.0588 0.8196 -0.5699
vn -0.5521 -0.0274 -0.8333
vn -0.4850 0.0118 -0.8744
vn -0.6177 0.0118 -0.7863
vn -0.6735 -0.0275 -0.7387
vn -0.4181 -0.0274 -0.9080
vn -0.3309 0.0275 -0.9433
vn -0.7358 0.0118 -0.6771
vn -0.7851 -0.0196 -0.6190
vn -0.8401 0.0039 -0.5424
vn -0.8728 -0.0118 -0.4880
vn -0.9171 0.0039 -0.3986
vn -0.9327 -0.0118 -0.3604
vn -0.9698 -0.0039 -0.2438
vn -0.9795 -0.0039 -0.2016
vn -0.9868 -0.0029 -0.1622
vn -0.9927 -0.0039 -0.1207
vn -0.8964 -0.0039 -0.4433
vn -0.8838 0.0051 -0.4678
vn -0.2073 -0.1214 -0.9707
vn -0.2060 0.0432 -0.9776
vn -0.1944 0.0432 -0.9800
vn -0.0747 -0.1216 -0.9898
vn -0.0519 0.0432 -0.9977
vn -0.0368 0.0353 -0.9987
vn 0.0662 -0.1060 -0.9922
vn 0.1071 0.0353 -0.9936
vn 0.1180 0.0274 -0.9926
vn -0.7682 0.0040 -0.6402
vn -0.7494 -0.0038 -0.6621
vn -0.5717 -0.0019 -0.8205
vn -0.5498 -0.0175 -0.8351
vn 0.1978 -0.0825 -0.9768
vn 0.3590 -0.0431 -0.9323
vn 0.2798 0.0353 -0.9594
vn 0.4898 -0.0275 -0.8714
vn 0.4307 0.0196 -0.9023
vn 0.6087 -0.0118 -0.7933
vn 0.5737 0.0118 -0.8190
vn 0.7050 -0.0039 -0.7092
vn 0.7263 -0.0039 -0.6873
vn 0.4126 -0.0049 -0.9109
vn 0.4409 -0.0040 -0.8976
vn 0.1674 -0.0040 -0.9859
vn 0.1316 0.0038 -0.9913
vn -0.0928 -0.0012 -0.9957
vn -0.1179 0.0154 -0.9929
vn 0.1043 -0.7099 -0.6965
vn 0.2391 -0.7098 -0.6626
vn 0.2270 -0.7098 -0.6668
vn 0.3316 -0.7098 -0.6215
vn 0.3322 -0.7098 -0.6212
vn 0.4242 -0.7098 -0.5624
vn 0.4271 -0.7098 -0.5601
vn 0.5013 -0.7098 -0.4948
vn 0.5011 -0.7098 -0.4950
vn 0.3191 -0.7106 -0.6271
vn 0.1146 -0.8118 -0.5726
vn 0.1203 -0.7098 -0.6941
vn 0.1221 -0.6863 -0.7170
vn -0.1170 -0.7119 -0.6925
vn -0.1385 -0.7348 -0.6640
vn -0.2867 -0.7295 -0.6210
vn -0.0294 -0.8270 -0.5615
vn 0.0900 -0.8196 -0.5658
vn 0.3713 -0.8010 -0.4696
vn 0.3841 -0.7358 -0.5577
vn 0.5905 -0.6907 -0.4175
vn 0.6201 -0.6990 -0.3562
vn 0.6167 -0.6973 -0.3652
vn 0.0069 -0.7098 -0.7044
vn -0.0012 -0.7098 -0.7044
vn 0.0758 -0.7098 -0.7003
vn -0.0307 -0.7098 -0.7037
vn -0.0994 -0.7098 -0.6974
vn -0.0996 -0.7098 -0.6973
vn -0.1363 -0.7098 -0.6911
vn -0.1865 -0.7098 -0.6793
vn -0.1864 -0.7098 -0.6793
vn -0.2882 -0.7098 -0.6428
vn -0.2881 -0.7098 -0.6428
vn -0.3836 -0.7098 -0.5908
vn -0.4689 -0.7098 -0.5257
vn -0.4688 -0.7098 -0.5258
vn -0.5474 -0.7098 -0.4433
vn -0.5475 -0.7098 -0.4433
vn -0.6081 -0.7098 -0.3555
vn -0.6081 -0.7098 -0.3556
vn -0.6558 -0.7098 -0.2573
vn -0.6880 -0.7098 -0.1510
vn -0.7034 -0.7098 -0.0381
vn -0.4375 -0.8039 -0.4028
vn -0.6533 -0.7110 -0.2603
vn -0.5464 -0.6862 -0.4803
vn -0.3361 -0.7110 -0.6177
vn -0.1936 -0.7312 -0.6542
vn -0.3355 -0.7343 -0.5901
vn -0.4410 -0.8274 -0.3476
vn -0.4480 -0.8196 -0.3572
vn -0.6563 -0.7254 -0.2075
vn -0.6982 -0.7159 -0.0074
vn -0.6898 -0.7115 0.1336
vn -0.7019 -0.6994 0.1350
vn 0.6268 0.0040 -0.7791
vn 0.5984 -0.0117 -0.8011
vn 0.6444 0.0231 -0.7644
vn 0.5131 -0.0117 -0.8583
vn 0.5007 0.0039 -0.8656
vn 0.4041 -0.0037 -0.9147
vn 0.3913 0.0039 -0.9202
vn 0.2784 -0.0039 -0.9605
vn 0.2780 -0.0039 -0.9606
vn 0.1613 -0.0039 -0.9869
vn 0.1571 -0.0039 -0.9876
vn 0.0955 0.0014 -0.9954
vn 0.1016 0.0003 -0.9948
vn -0.2893 0.8274 0.4813
vn -0.3963 0.8062 0.4393
vn -0.2861 0.8275 0.4831
vn -0.2305 0.8274 0.5121
vn -0.2303 0.8274 0.5122
vn -0.3419 0.8355 0.4302
vn -0.3982 0.8076 0.4349
vn -0.1610 0.8275 0.5379
vn -0.1594 0.8274 0.5385
vn -0.1069 0.8287 0.5494
vn -0.0788 0.8275 0.5559
vn -0.0663 0.8326 0.5499
vn -0.3889 0.8153 0.4289
vn -0.0603 0.8212 0.5674
vn -0.0587 0.8195 0.5700
vn 0.1936 0.7098 -0.6773
vn 0.1935 0.7098 -0.6773
vn 0.1117 0.7098 -0.6955
vn 0.2769 0.7098 -0.6477
vn 0.2778 0.7098 -0.6473
vn 0.3526 0.7098 -0.6098
vn 0.3542 0.7098 -0.6089
vn 0.6066 0.7107 -0.3564
vn 0.3901 0.7112 -0.5848
vn 0.4243 0.7098 -0.5623
vn 0.4253 0.7098 -0.5615
vn 0.4533 0.7160 -0.5309
vn 0.4517 0.7183 -0.5292
vn 0.5642 0.7098 -0.4217
vn 0.6624 0.6948 -0.2802
vn 0.6450 0.6796 -0.3494
vn 0.9229 -0.2524 0.2908
vn 0.8853 -0.2808 0.3706
vn 0.9658 -0.1044 0.2374
vn 0.9459 -0.3220 0.0397
vn 0.9128 -0.3413 0.2244
vn 0.8902 -0.4479 0.0833
vn 0.9330 -0.2970 0.2033
vn 0.8782 -0.4783 0.0080
vn 0.8400 -0.5145 -0.1724
vn 0.7914 -0.5886 -0.1651
vn 0.9058 -0.2240 -0.3596
vn 0.6648 -0.5213 -0.5350
vn 0.4882 -0.5620 -0.6677
vn 0.4350 -0.5392 -0.7211
vn 0.1040 -0.5238 -0.8455
vn 0.9632 -0.1776 0.2018
vn 0.9824 0.0042 0.1870
vn 0.9940 0.0189 0.1081
vn 0.9827 -0.1851 -0.0052
vn 0.9923 0.0118 -0.1230
vn 0.8071 0.0117 -0.5903
vn 0.7645 -0.0042 -0.6446
vn 0.5418 0.0022 -0.8405
vn 0.5454 -0.0039 -0.8382
vn 0.2156 0.0039 -0.9765
vn 0.9968 -0.0554 -0.0579
vn 0.9555 -0.0123 -0.2948
vn 0.8600 0.0052 -0.5103
vn 0.8003 -0.0059 -0.5995
vn 0.7380 -0.0013 -0.6748
vn 0.7269 -0.4770 -0.4941
vn 0.8054 -0.4791 -0.3491
vn 0.3651 -0.5298 -0.7655
vn 0.8909 -0.4537 -0.0216
vn 0.4603 -0.7785 -0.4268
vn 0.4404 -0.8561 -0.2703
vn 0.4406 -0.8883 -0.1296
vn 0.4235 -0.2525 -0.8700
vn -0.0337 -0.3038 -0.9521
vn 0.2225 0.0175 -0.9748
vn -0.2490 0.0039 -0.9685
vn 0.2993 -0.0056 -0.9542
vn 0.0633 -0.8244 -0.5625
vn 0.2760 0.8293 0.4859
vn 0.2934 0.8310 0.4726
vn 0.2761 0.8274 0.4890
vn 0.3130 0.8274 0.4662
vn 0.2590 0.8285 0.4965
vn 0.3248 0.8275 0.4580
vn 0.3182 0.8334 0.4520
vn 0.3205 0.8382 0.4413
vn 0.3194 0.8419 0.4349
vn 0.2398 0.8275 0.5078
vn 0.2336 0.8249 0.5147
vn 0.2405 0.8235 0.5139
vn 0.2298 0.8208 0.5229
vn 0.2197 0.8243 0.5218
vn 0.2231 0.8274 0.5154
vn 0.2010 0.8275 0.5242
vn 0.1970 0.8310 0.5203
vn 0.2408 0.8251 0.5111
vn 0.2316 0.8272 0.5119
vn 0.2280 0.8298 0.5094
vn 0.2320 0.8311 0.5054
vn 0.2235 0.8337 0.5050
vn 0.6991 0.7134 -0.0483
vn 0.7071 0.7071 -0.0064
vn 0.7071 0.7071 -0.0052
vn 0.6909 0.7210 -0.0528
vn 0.6936 0.7098 0.1229
vn 0.6938 0.7098 0.1222
vn 0.6805 0.7098 0.1819
vn 0.6805 0.7098 0.1818
vn 0.6489 0.7098 0.2742
vn 0.6489 0.7098 0.2740
vn 0.6820 0.7177 0.1404
vn 0.6842 0.7175 0.1308
vn 0.7234 0.6891 0.0435
vn 0.6889 0.7248 0.0140
vn -0.2813 0.5673 -0.7740
vn -0.0146 0.7087 -0.7053
vn -0.2821 0.5922 -0.7548
vn -0.0217 0.7257 -0.6877
vn 0.2068 0.7098 -0.6734
vn 0.2959 0.7098 -0.6392
vn 0.2959 0.7098 -0.6393
vn 0.3755 0.7098 -0.5960
vn 0.3756 0.7098 -0.5959
vn 0.4553 0.7098 -0.5375
vn 0.4595 0.7020 -0.5441
vn 0.5124 0.6766 -0.5289
vn 0.5118 0.6771 -0.5288
vn 0.3420 0.7098 0.6158
vn 0.2427 0.7098 0.6613
vn 0.3418 0.7098 0.6159
vn 0.4382 0.7098 0.5515
vn 0.4383 0.7098 0.5515
vn 0.5190 0.7098 0.4763
vn 0.1306 0.7098 0.6922
vn 0.0192 0.7098 0.7042
vn 0.0193 0.7098 0.7041
vn -0.1002 0.7098 0.6972
vn 0.5957 0.7098 0.3760
vn 0.5956 0.7098 0.3760
vn 0.6480 0.7098 0.2761
vn 0.6480 0.7098 0.2762
vn 0.6818 0.7098 0.1771
vn 0.7026 0.7098 0.0503
vn -0.2073 0.7098 0.6732
vn -0.2071 0.7098 0.6733
vn -0.3181 0.7098 0.6285
vn -0.3182 0.7098 0.6284
vn -0.4124 0.7098 0.5711
vn -0.4124 0.7098 0.5710
vn -0.5000 0.7098 0.4962
vn -0.4998 0.7098 0.4963
vn -0.2289 0.7212 0.6538
vn -0.3979 0.7112 0.5795
vn 0.6483 0.7085 0.2787
vn 0.6218 0.7090 0.3327
vn 0.5480 0.7217 0.4228
vn 0.5554 0.7095 0.4337
vn 0.3436 0.7139 0.6101
vn 0.3412 0.7152 0.6099
vn 0.2870 0.7009 0.6530
vn 0.5519 0.6435 0.5304
vn 0.5508 0.6224 0.5560
vn 0.7066 0.5811 0.4038
vn -0.2528 0.7098 0.6574
vn -0.0718 0.7285 0.6812
vn 0.0737 0.6943 0.7159
vn 0.2631 0.7115 0.6515
vn 0.0318 0.6775 0.7349
vn 0.1389 0.7070 0.6934
vn -0.1238 0.6369 0.7609
vn -0.2392 0.6022 0.7617
vn -0.4203 0.5272 0.7385
vn -0.4365 -0.1754 0.8824
vn -0.4611 -0.0039 0.8874
vn -0.5640 -0.0039 0.8258
vn -0.5045 -0.3207 0.8016
vn -0.4235 -0.3615 0.8306
vn -0.3668 -0.0043 0.9303
vn -0.3506 -0.0039 0.9365
vn -0.3628 -0.6468 0.6708
vn -0.2807 -0.6639 0.6931
vn -0.3796 -0.3271 0.8654
vn -0.2765 0.0097 0.9610
vn -0.2069 -0.2653 0.9417
vn -0.2713 0.0225 0.9622
vn -0.2071 -0.2454 0.9470
vn -0.2962 0.0414 0.9542
vn -0.2862 -0.0082 0.9581
vn -0.4913 -0.5145 0.7028
vn -0.3443 -0.5284 0.7760
vn -0.3849 -0.8295 0.4047
vn -0.1224 -0.8981 0.4225
vn 0.0998 -0.9346 0.3414
vn -0.0102 -0.5306 0.8476
vn 0.0820 -0.6595 0.7473
vn -0.4186 -0.4634 0.7811
vn -0.4345 -0.6560 0.6172
vn -0.3140 -0.8738 0.3713
vn -0.2338 -0.8903 0.3907
vn -0.1914 -0.8736 0.4474
vn -0.2961 -0.8565 0.4227
vn -0.1465 -0.8674 0.4755
vn 0.2296 -0.8274 0.5125
vn 0.2532 -0.8288 0.4990
vn 0.2274 -0.8280 0.5126
vn 0.2739 -0.8353 0.4767
vn 0.2027 -0.8276 0.5234
vn 0.2077 -0.8274 0.5218
vn 0.2713 -0.8277 0.4913
vn 0.2959 -0.8362 0.4617
vn 0.2990 -0.8394 0.4539
vn 0.2690 -0.8248 0.4974
vn 0.2145 -0.8260 0.5213
vn 0.3232 -0.8145 0.4818
vn 0.0475 -0.0004 0.9989
vn 0.3368 -0.0152 0.9415
vn 0.4442 -0.0148 0.8958
vn 0.0500 -0.0049 0.9987
vn 0.5941 -0.0122 0.8043
vn 0.7595 0.0275 0.6499
vn 0.9266 0.0649 0.3704
vn 0.9360 0.0228 0.3513
vn 0.9656 0.0581 0.2534
vn 0.9679 0.1332 0.2130
vn -0.5853 -0.3864 -0.7128
vn -0.6286 -0.1370 -0.7655
vn -0.5862 -0.3840 -0.7134
vn -0.6401 -0.1258 -0.7580
vn -0.6375 0.0017 -0.7704
vn -0.6392 0.0039 -0.7690
vn -0.5906 -0.3801 -0.7119
vn -0.5878 -0.3924 -0.7074
vn -0.5843 -0.3882 -0.7126
vn -0.5844 -0.3899 -0.7116
vn -0.6047 0.0001 -0.7965
vn -0.6058 0.0013 -0.7957
vn -0.6029 0.0023 -0.7978
vn -0.6091 -0.0022 -0.7931
vn -0.6089 0.0026 -0.7933
vn -0.6120 -0.0013 -0.7909
vn 0.5853 -0.3864 0.7128
vn 0.6286 -0.1370 0.7655
vn 0.5864 -0.3836 0.7135
vn 0.6401 -0.1258 0.7579
vn 0.6375 0.0017 0.7704
vn 0.6392 0.0039 0.7690
vn 0.5900 -0.3808 0.7120
vn 0.5884 -0.3997 0.7029
vn 0.5869 -0.3947 0.7070
vn 0.5845 -0.4098 0.7003
vn 0.6610 0.7098 -0.2434
vn 0.4043 0.7804 -0.4771
vn 0.6611 0.7098 -0.2433
vn 0.5983 0.7104 -0.3706
vn 0.7035 0.7106 0.0102
vn 0.6149 0.7804 0.1135
vn 0.6725 0.6940 0.2572
vn 0.5744 0.7112 0.4052
vn 0.2341 0.6712 0.7033
vn 0.2257 0.6560 0.7202
vn 0.1320 0.6484 0.7497
vn 0.1085 0.6295 0.7694
vn 0.0355 0.5757 0.8169
vn -0.0513 0.4750 0.8785
vn -0.0572 0.4713 0.8801
vn 0.4894 0.6942 -0.5279
vn 0.2877 0.6941 -0.6599
vn 0.1624 0.7108 -0.6844
vn -0.3218 0.6428 -0.6952
vn -0.2590 0.6807 -0.6852
vn -0.3882 0.6393 -0.6638
vn -0.4503 0.6059 -0.6558
vn -0.5072 0.5608 -0.6544
vn -0.6053 0.4759 -0.6381
vn -0.6074 0.4714 -0.6393
vn -0.3056 0.7098 0.6347
vn -0.3055 0.7098 0.6347
vn -0.2125 0.7098 0.6716
vn -0.3936 0.7098 0.5842
vn -0.4735 0.7098 0.5215
vn -0.4734 0.7098 0.5215
vn -0.5420 0.7098 0.4500
vn -0.5421 0.7098 0.4498
vn -0.6672 0.7103 0.2241
vn -0.6439 0.7096 0.2862
vn -0.1168 0.7098 0.6947
vn -0.1165 0.7098 0.6947
vn -0.0740 0.7139 0.6963
vn -0.0645 0.7155 0.6957
vn -0.6988 0.7101 0.0868
vn -0.6802 0.7294 0.0730
vn -0.7170 0.6433 -0.2684
vn -0.7472 0.5811 -0.3225
vn 0.5779 0.6981 0.4226
vn 0.6654 0.7287 0.1617
vn 0.5740 0.7020 0.4216
vn 0.6438 0.7022 0.3041
vn 0.7004 0.7094 0.0785
vn 0.6116 0.7408 -0.2778
vn 0.6957 0.7023 -0.1512
vn 0.5948 0.6978 0.3991
vn 0.6471 0.6863 -0.3319
vn 0.5153 0.7178 -0.4682
vn 0.3926 0.7180 -0.5747
vn 0.3320 0.7173 -0.6126
vn 0.2441 0.7020 -0.6691
vn 0.1665 0.7071 -0.6873
vn 0.1890 0.6982 -0.6905
vn -0.0030 -1.0000 0.0025
vn -0.0038 -1.0000 0.0011
vn -0.0034 -1.0000 -0.0019
vn -0.0029 -1.0000 -0.0026
vn 0.0008 -1.0000 0.0034
vn 0.0025 -1.0000 -0.0030
vn -0.0007 -1.0000 -0.0036
vn -0.0036 -1.0000 -0.0014
vn -0.0035 -1.0000 -0.0017
vn 0.0014 -1.0000 -0.0014
vn -0.0000 -1.0000 0.0039
vn -0.0025 -1.0000 -0.0030
vn 0.0036 -1.0000 0.0009
vn 0.0038 -1.0000 0.0011
vn 0.0013 -1.0000 0.0035
vn 0.0006 -1.0000 -0.0022
vn -0.0034 -1.0000 0.0019
vn 0.0034 -1.0000 0.0019
vn -0.0008 -1.0000 -0.0033
vn -0.0025 -1.0000 0.0030
vn 0.0010 -1.0000 0.0037
vn 0.0007 -1.0000 0.0036
vn 0.0034 -1.0000 0.0017
vn -0.0014 -1.0000 0.0014
vn 0.0000 -1.0000 -0.0039
vn 0.0025 -1.0000 0.0030
vn -0.0036 -1.0000 -0.0009
vn -0.0009 -1.0000 -0.0037
vn -0.0038 -1.0000 -0.0011
vn -0.0013 -1.0000 -0.0035
vn -0.0006 -1.0000 0.0022
vn 0.5793 0.0039 0.8151
vn 0.5271 0.0117 0.8497
vn 0.5095 -0.0039 0.8605
vn 0.5892 -0.0058 0.8080
vn 0.6081 0.0036 0.7939
vn 0.4871 -0.0118 0.8733
vn 0.5117 0.0039 0.8592
vn 0.4440 0.0039 0.8960
vn 0.4252 0.0093 0.9050
vn 0.4119 0.0038 0.9112
vn -0.2432 0.6771 -0.6945
vn -0.3099 0.6942 -0.6496
vn -0.2669 0.6823 -0.6806
vn -0.2952 0.7098 -0.6396
vn -0.4170 0.7098 -0.5677
vn -0.4127 0.7098 -0.5709
vn -0.5167 0.7098 -0.4788
vn -0.5266 0.7020 -0.4795
vn -0.6095 0.7098 -0.3531
vn -0.6165 0.7098 -0.3409
vn -0.6506 0.7020 -0.2898
vn -0.6787 0.6943 -0.2395
vn -0.6559 0.7098 -0.2569
vn -0.7045 0.6805 -0.2014
vn -0.7096 0.6787 -0.1894
vn -0.8970 -0.0069 -0.4419
vn -0.8992 -0.0118 -0.4373
vn -0.9377 -0.0118 -0.3474
vn -0.8379 -0.0105 -0.5457
vn -0.8891 -0.0040 -0.4576
vn -0.7233 -0.0196 -0.6903
vn -0.7465 -0.0101 -0.6653
vn -0.6707 -0.0293 -0.7412
vn -0.9314 -0.0097 -0.3638
vn -0.9513 -0.0015 -0.3083
vn -0.9484 -0.0031 -0.3172
vn -0.6246 -0.0224 -0.7807
vn -0.5773 -0.0196 -0.8163
vn -0.5138 -0.0293 -0.8574
vn -0.4506 -0.0219 -0.8925
vn -0.4152 -0.0119 -0.9097
vn -0.4051 0.0053 -0.9143
vn -0.3970 0.0030 -0.9178
vn 0.3703 0.7195 -0.5876
vn 0.4249 0.7193 -0.5495
vn 0.1166 0.7098 -0.6947
vn 0.1168 0.7098 -0.6947
vn 0.2125 0.7098 -0.6716
vn 0.3056 0.7098 -0.6347
vn 0.3055 0.7098 -0.6347
vn 0.3937 0.7098 -0.5842
vn 0.3936 0.7098 -0.5842
vn 0.4736 0.7098 -0.5215
vn 0.5420 0.7098 -0.4500
vn 0.6435 0.7096 -0.2871
vn 0.6675 0.7103 -0.2236
vn 0.3434 0.7094 -0.6156
vn 0.3386 0.7098 -0.6177
vn 0.0349 0.7098 -0.7036
vn 0.0392 0.7101 -0.7030
vn -0.1222 0.8758 -0.4668
vn -0.2419 0.7098 -0.6616
vn -0.4688 0.7097 -0.5258
vn -0.2937 0.7798 -0.5528
vn -0.5510 0.7111 -0.4367
vn 0.0050 0.9599 -0.2804
vn 0.0029 1.0000 0.0007
vn 0.0012 1.0000 -0.0036
vn -0.0023 1.0000 0.0032
vn -0.0020 1.0000 0.0033
vn -0.0013 1.0000 0.0037
vn 0.0011 1.0000 -0.0037
vn -0.0427 0.7026 -0.7103
vn -0.0345 0.7089 -0.7045
vn -0.0013 1.0000 -0.0037
vn 0.0009 1.0000 0.0038
vn 0.0034 1.0000 -0.0018
vn -0.0024 1.0000 -0.0030
vn -0.0039 1.0000 0.0000
vn -0.0209 0.9996 0.0167
vn 0.0029 -1.0000 0.0028
vn -0.0044 -1.0000 -0.0014
vn 0.2222 0.7098 0.6685
vn 0.1871 0.7098 0.6791
vn 0.2234 0.7098 0.6680
vn 0.0225 0.7174 0.6963
vn 0.0297 0.7178 0.6956
vn 0.1652 0.7098 0.6848
vn -0.1383 0.7098 0.6907
vn -0.1527 0.7098 0.6877
vn 0.1784 0.7021 0.6894
vn 0.0360 0.6964 0.7168
vn -0.1757 0.7098 0.6821
vn -0.2201 0.7098 0.6691
vn -0.2279 0.7098 0.6665
vn -0.2547 0.7098 0.6567
vn -0.2950 0.7098 0.6397
vn -0.3027 0.7098 0.6360
vn -0.3333 0.7098 0.6206
vn -0.3693 0.7098 0.5998
vn -0.3614 0.7098 0.6046
vn -0.4466 0.7098 0.5448
vn -0.4486 0.7098 0.5431
vn -0.5010 0.7098 0.4952
vn -0.4740 0.7098 0.5211
vn -0.4935 0.7098 0.5027
vn -0.6289 0.7024 0.3333
vn -0.6752 0.7371 0.0300
vn -0.6346 0.7526 0.1758
vn -0.5739 0.7937 -0.2020
vn -0.5834 0.8119 0.0214
vn -0.5592 0.8044 -0.2005
vn -0.5579 0.7682 -0.3139
vn -0.3592 0.7671 -0.5316
vn -0.4363 0.8361 -0.3326
vn -0.3110 0.8936 -0.3237
vn -0.4252 0.9029 0.0621
vn -0.5238 0.7507 0.4026
vn -0.5270 0.7099 0.4673
vn -0.5269 0.7098 0.4675
vn -0.5856 0.7098 0.3915
vn -0.5843 0.7098 0.3934
vn -0.6230 0.7098 0.3287
vn -0.6074 0.7098 0.3567
vn -0.6671 0.7098 0.2262
vn -0.6489 0.7098 0.2740
vn -0.6562 0.7098 0.2560
vn -0.6944 0.7098 0.1184
vn -0.6864 0.7098 0.1582
vn -0.7025 0.7020 0.1174
vn -0.6974 0.7124 0.0789
vn -0.7216 0.6885 0.0728
vn 0.2638 0.7098 0.6532
vn 0.3953 0.7098 0.5830
vn 0.2562 0.7098 0.6562
vn 0.2027 0.7222 0.6614
vn 0.3954 0.7098 0.5829
vn 0.5077 0.7098 0.4883
vn 0.5079 0.7098 0.4881
vn 0.6021 0.7098 0.3656
vn 0.6006 0.7098 0.3681
vn 0.2097 0.7326 0.6475
vn 0.6430 0.7020 0.3061
vn 0.6028 0.7098 0.3645
vn 0.6024 0.7098 0.3651
vn 0.5375 0.7098 0.4553
vn 0.5376 0.7098 0.4551
vn 0.4509 0.7098 0.5412
vn 0.4506 0.7098 0.5415
vn 0.3417 0.7098 0.6160
vn 0.3415 0.7098 0.6161
vn 0.2253 0.7098 0.6674
vn 0.2252 0.7098 0.6674
vn -0.3861 0.7297 0.5643
vn 0.0156 0.7101 0.7039
vn -0.1548 0.7020 0.6952
vn -0.3832 0.7178 0.5813
vn -0.5490 0.7557 0.3571
vn -0.5512 0.7169 0.4268
vn -0.7245 0.6862 0.0647
vn -0.6846 0.7110 -0.1606
vn -0.6047 0.7604 -0.2369
vn -0.6991 0.7134 0.0483
vn -0.7071 0.7071 0.0064
vn -0.7071 0.7071 0.0053
vn -0.6909 0.7210 0.0528
vn -0.6936 0.7098 -0.1229
vn -0.6938 0.7098 -0.1222
vn -0.6805 0.7098 -0.1819
vn -0.6805 0.7098 -0.1818
vn -0.6490 0.7098 -0.2738
vn -0.6490 0.7098 -0.2737
vn -0.6822 0.7177 -0.1396
vn -0.6839 0.7175 -0.1319
vn -0.7235 0.6890 -0.0435
vn -0.6889 0.7247 -0.0140
vn -0.7960 -0.0025 -0.6053
vn -0.8021 -0.0062 -0.5971
vn -0.7995 -0.0077 -0.6006
vn -0.7975 0.0063 -0.6032
vn 0.9420 0.0039 -0.3355
vn 0.9421 0.0039 -0.3354
vn 0.9266 -0.0094 -0.3759
vn 0.9538 0.0009 -0.3003
vn 0.9515 -0.0009 -0.3078
vn 0.9236 0.0094 -0.3831
vn 0.6847 0.7110 0.1603
vn 0.5493 0.7550 -0.3583
vn 0.6045 0.7617 0.2331
vn 0.5875 0.7860 0.1923
vn 0.7245 0.6862 -0.0649
vn 0.5505 0.7169 -0.4278
vn 0.3908 0.7176 -0.5764
vn 0.3844 0.7303 -0.5647
vn 0.1542 0.7020 -0.6953
vn -0.0170 0.7101 -0.7039
vn -0.2254 0.7098 -0.6674
vn -0.2253 0.7098 -0.6674
vn -0.3416 0.7098 -0.6160
vn -0.3417 0.7098 -0.6160
vn -0.4504 0.7098 -0.5416
vn -0.4507 0.7098 -0.5413
vn -0.5376 0.7098 -0.4552
vn -0.5374 0.7098 -0.4553
vn -0.6025 0.7098 -0.3649
vn -0.6029 0.7098 -0.3644
vn -0.6021 0.7098 -0.3656
vn -0.6429 0.7020 -0.3062
vn -0.6004 0.7099 -0.3682
vn -0.5082 0.7098 -0.4878
vn -0.5078 0.7098 -0.4882
vn -0.3951 0.7098 -0.5831
vn -0.3953 0.7098 -0.5831
vn -0.2572 0.7098 -0.6558
vn -0.2636 0.7098 -0.6533
vn -0.2027 0.7223 -0.6612
vn -0.2096 0.7326 -0.6475
vn -0.8020 0.0034 -0.5973
vn -0.7858 0.0137 -0.6183
vn -0.9804 0.0185 -0.1960
vn -0.8454 -0.0035 -0.5341
vn -0.8538 -0.0055 -0.5206
vn -0.9471 0.0036 -0.3208
vn -0.9968 -0.0020 0.0793
vn -0.9846 0.0053 0.1748
vn -0.9275 0.0029 0.3739
vn -0.9638 0.0026 -0.2666
vn -0.9968 -0.0042 -0.0802
vn -0.9976 -0.0155 0.0676
vn -0.9705 -0.0188 0.2403
vn -0.9726 0.0003 0.2325
vn -0.9420 0.0039 0.3357
vn -0.9210 0.0024 0.3896
vn -0.9535 0.0059 0.3013
vn -0.9558 -0.0059 0.2938
vn -0.9240 -0.0024 0.3824
vn -0.5365 0.0117 -0.8438
vn -0.4544 0.0039 -0.8908
vn -0.5627 -0.0039 -0.8266
vn -0.4828 -0.0117 -0.8756
vn -0.5772 -0.0117 -0.8165
vn -0.5669 -0.0039 -0.8237
vn -0.5892 -0.0058 -0.8080
vn -0.6080 0.0037 -0.7939
vn -0.4416 0.0118 -0.8971
vn -0.4561 0.0039 -0.8899
vn -0.4247 0.0087 -0.9053
vn -0.4119 0.0038 -0.9112
vn 0.8397 -0.0096 0.5430
vn 0.7495 -0.0091 0.6619
vn 0.7231 -0.0196 0.6904
vn 0.8895 -0.0040 0.4569
vn 0.6722 -0.0290 0.7398
vn 0.8992 -0.0117 0.4374
vn 0.8992 -0.0053 0.4376
vn 0.9376 -0.0118 0.3475
vn 0.9330 -0.0082 0.3598
vn 0.9513 -0.0016 0.3084
vn 0.9487 -0.0038 0.3163
vn 0.6249 -0.0223 0.7804
vn 0.5775 -0.0196 0.8161
vn 0.5159 -0.0291 0.8561
vn 0.4522 -0.0218 0.8917
vn 0.4156 -0.0119 0.9095
vn 0.4054 0.0057 0.9141
vn 0.3976 0.0023 0.9176
vn -0.9421 0.0039 0.3353
vn -0.9266 -0.0094 0.3759
vn -0.9539 0.0008 0.3002
vn -0.9515 -0.0008 0.3076
vn -0.9236 0.0094 0.3831
vn 0.7967 -0.0020 0.6044
vn 0.8016 -0.0052 0.5979
vn 0.7996 -0.0081 0.6005
vn 0.7972 0.0058 0.6037
vn -0.3750 0.0014 -0.9270
vn -0.5893 -0.0418 -0.8068
vn -0.3785 0.0088 -0.9256
vn -0.3802 0.0274 -0.9245
vn -0.4062 0.0068 -0.9137
vn -0.6072 -0.0043 -0.7945
vn 0.2069 0.7098 -0.6733
vn 0.3182 0.7098 -0.6284
vn 0.2071 0.7098 -0.6733
vn 0.1004 0.7098 -0.6972
vn 0.3183 0.7098 -0.6284
vn -0.0195 0.7098 -0.7041
vn -0.0194 0.7098 -0.7041
vn -0.1304 0.7098 -0.6922
vn -0.2425 0.7098 -0.6613
vn -0.2427 0.7098 -0.6613
vn -0.3419 0.7098 -0.6158
vn -0.3420 0.7098 -0.6158
vn -0.4382 0.7098 -0.5515
vn -0.5191 0.7098 -0.4761
vn 0.4123 0.7098 -0.5711
vn 0.4126 0.7098 -0.5710
vn 0.4997 0.7098 -0.4964
vn 0.4997 0.7098 -0.4965
vn 0.1468 0.7216 -0.6765
vn 0.2889 0.7107 -0.6414
vn -0.5190 0.7098 -0.4762
vn -0.5956 0.7098 -0.3761
vn -0.6481 0.7098 -0.2760
vn -0.6818 0.7098 -0.1771
vn -0.7026 0.7098 -0.0505
vn -0.6485 0.7086 -0.2783
vn -0.6226 0.7090 -0.3312
vn 0.0921 0.7019 -0.7063
vn 0.0050 0.7202 -0.6938
vn -0.1289 0.7100 -0.6923
vn -0.0321 0.6777 -0.7347
vn -0.1395 0.7070 -0.6933
vn 0.1237 0.6369 -0.7610
vn 0.2389 0.6023 -0.7617
vn -0.5485 0.7219 -0.4220
vn -0.5551 0.7095 -0.4342
vn -0.3429 0.7139 -0.6105
vn -0.3407 0.7152 -0.6103
vn -0.2880 0.7008 -0.6527
vn 0.4203 0.5275 -0.7383
vn -0.5527 0.6433 -0.5298
vn -0.5504 0.6222 -0.5567
vn -0.7071 0.5804 -0.4039
vn 0.3751 0.0013 0.9270
vn 0.5893 -0.0418 0.8068
vn 0.3785 0.0088 0.9256
vn 0.3802 0.0274 0.9245
vn 0.4062 0.0068 0.9137
vn 0.6072 -0.0042 0.7945
vn -0.0500 -0.0048 -0.9987
vn -0.0474 -0.0003 -0.9989
vn -0.4441 -0.0147 -0.8959
vn -0.3379 -0.0153 -0.9410
vn -0.5958 -0.0126 -0.8030
vn -0.7596 0.0275 -0.6498
vn -0.9266 0.0648 -0.3704
vn -0.9361 0.0225 -0.3511
vn -0.9656 0.0581 -0.2534
vn -0.9678 0.1338 -0.2132
vn -0.2793 0.8274 -0.4872
vn -0.2383 0.8274 -0.5085
vn -0.2748 0.8289 -0.4873
vn -0.2929 0.8268 -0.4801
vn -0.2583 0.8283 -0.4972
vn -0.2967 0.8275 -0.4767
vn -0.3201 0.8291 -0.4584
vn -0.3205 0.8380 -0.4416
vn -0.3208 0.8409 -0.4358
vn -0.2393 0.8275 -0.5079
vn -0.2404 0.8235 -0.5138
vn -0.2299 0.8213 -0.5222
vn -0.2200 0.8245 -0.5213
vn -0.2228 0.8274 -0.5155
vn -0.1999 0.8274 -0.5248
vn -0.1966 0.8314 -0.5198
vn -0.2408 0.8251 -0.5111
vn -0.2315 0.8272 -0.5119
vn -0.2281 0.8298 -0.5094
vn -0.2320 0.8311 -0.5054
vn -0.2235 0.8337 -0.5050
vn 0.9937 0.0537 0.0986
vn 0.9613 -0.0146 -0.2752
vn 0.9702 0.0042 -0.2424
vn 0.9823 0.0040 0.1873
vn 0.9098 -0.0645 0.4099
vn 0.9012 0.0030 0.4335
vn 0.7687 -0.0022 0.6396
vn 0.7706 0.0081 0.6373
vn 0.8923 0.0039 -0.4514
vn 0.8623 -0.0020 -0.5064
vn 0.7492 0.0039 -0.6624
vn 0.7164 0.0027 -0.6977
vn 0.5704 0.0039 -0.8213
vn 0.5282 0.0030 -0.8491
vn 0.3528 0.0039 -0.9357
vn 0.3132 0.0056 -0.9497
vn 0.2253 -0.0023 -0.9743
vn 0.2319 0.0036 -0.9727
vn -0.2223 0.0026 0.9750
vn -0.2296 -0.0023 0.9733
vn -0.2272 0.0057 0.9738
vn -0.2327 0.0010 0.9725
vn 0.8656 -0.4658 -0.1837
vn 0.8709 -0.4605 -0.1716
vn 0.8809 -0.4616 -0.1050
vn 0.9781 -0.1613 -0.1314
vn 0.9844 -0.1502 -0.0919
vn 0.9948 -0.0222 -0.0990
vn 0.9742 -0.0039 -0.2256
vn 0.8627 -0.4745 -0.1751
vn 0.8483 -0.4823 -0.2184
vn 0.7992 -0.5827 -0.1474
vn 0.7188 -0.6762 -0.1615
vn 0.9770 0.0196 -0.2122
vn 0.9787 0.0275 -0.2033
vn 0.9716 0.0353 -0.2342
vn 0.9592 0.0118 -0.2826
vn 0.9498 0.0118 -0.3126
vn 0.9456 0.0117 -0.3250
vn 0.8334 -0.4815 -0.2714
vn 0.9321 0.0274 -0.3611
vn 0.9347 0.0508 -0.3518
vn 0.8826 0.0039 -0.4701
vn 0.0014 -1.0000 0.0036
vn -0.0013 -1.0000 -0.0036
vn -0.0033 -1.0000 -0.0020
vn 0.6109 0.0001 0.7917
vn 0.6058 0.0013 0.7957
vn 0.6091 0.0023 0.7931
vn 0.6029 -0.0022 0.7978
vn 0.6089 0.0026 0.7932
vn 0.6120 -0.0013 0.7909
vn -0.5672 0.7023 -0.4302
vn -0.6467 0.7100 -0.2787
vn -0.5730 0.7020 -0.4229
vn -0.6382 0.7095 -0.2989
vn -0.6970 0.7098 -0.1014
vn -0.5948 0.6978 -0.3992
vn -0.6926 0.7176 -0.0727
vn -0.6905 0.7020 0.1744
vn -0.6348 0.7254 0.2664
vn -0.6364 0.7020 0.3196
vn -0.5314 0.7098 0.4624
vn -0.3732 0.7255 0.5783
vn -0.4144 0.6941 0.5886
vn -0.2369 0.7098 0.6633
vn -0.1738 0.7152 0.6770
vn -0.2047 0.6980 0.6862
vn 0.4171 0.7098 0.5677
vn 0.4130 0.7098 0.5707
vn 0.2952 0.7097 0.6396
vn 0.5163 0.7098 0.4792
vn 0.5266 0.7020 0.4795
vn 0.6096 0.7098 0.3530
vn 0.6168 0.7098 0.3404
vn 0.3098 0.6942 0.6497
vn 0.2669 0.6823 0.6806
vn 0.2434 0.6768 0.6947
vn 0.6507 0.7020 0.2896
vn 0.6787 0.6943 0.2395
vn 0.6558 0.7098 0.2571
vn 0.7047 0.6804 0.2009
vn 0.7098 0.6784 0.1895
vn 0.6081 -0.7098 0.3556
vn 0.5475 -0.7098 0.4433
vn 0.4690 -0.7098 0.5256
vn 0.4689 -0.7098 0.5257
vn 0.6558 -0.7098 0.2572
vn 0.6557 -0.7098 0.2572
vn 0.6880 -0.7098 0.1510
vn 0.7034 -0.7098 0.0368
vn 0.7034 -0.7098 0.0372
vn 0.6526 -0.7107 0.2629
vn 0.4184 -0.8117 0.4075
vn 0.3836 -0.7098 0.5908
vn 0.2879 -0.7098 0.6429
vn 0.2881 -0.7098 0.6428
vn 0.1864 -0.7098 0.6793
vn 0.1865 -0.7098 0.6793
vn 0.0996 -0.7098 0.6973
vn 0.1362 -0.7098 0.6911
vn -0.0071 -0.7098 0.7044
vn 0.0310 -0.7098 0.7037
vn 0.5459 -0.6862 0.4808
vn 0.3371 -0.7109 0.6172
vn 0.1937 -0.7312 0.6541
vn 0.3362 -0.7343 0.5897
vn 0.4413 -0.8274 0.3473
vn 0.4485 -0.8196 0.3565
vn 0.6563 -0.7254 0.2075
vn 0.6982 -0.7159 0.0074
vn 0.6892 -0.7120 -0.1343
vn 0.7017 -0.6997 -0.1346
vn 0.0007 -0.7098 0.7044
vn -0.1203 -0.7098 0.6941
vn -0.0759 -0.7098 0.7003
vn -0.1043 -0.7099 0.6965
vn -0.2391 -0.7098 0.6625
vn -0.2270 -0.7098 0.6668
vn -0.3314 -0.7098 0.6216
vn -0.3320 -0.7098 0.6213
vn -0.4241 -0.7098 0.5625
vn -0.4272 -0.7098 0.5600
vn -0.5008 -0.7098 0.4954
vn -0.5007 -0.7098 0.4955
vn -0.0790 -0.8039 0.5895
vn -0.3263 -0.7119 0.6219
vn -0.1302 -0.6862 0.7156
vn 0.1298 -0.7128 0.6892
vn 0.2851 -0.7297 0.6215
vn 0.1346 -0.7265 0.6738
vn 0.0277 -0.8271 0.5614
vn -0.0916 -0.8196 0.5656
vn -0.3701 -0.8011 0.4704
vn -0.3841 -0.7358 0.5577
vn -0.5898 -0.6907 0.4183
vn -0.6209 -0.6985 0.3559
vn -0.6154 -0.7059 0.3507
vn 0.4543 -0.0063 0.8908
vn 0.4923 -0.0190 0.8702
vn 0.4501 -0.0055 0.8930
vn 0.4607 -0.0189 0.8874
vn 0.6514 -0.2335 0.7219
vn 0.6616 -0.3119 0.6819
vn -0.4782 -0.3123 -0.8208
vn -0.4115 -0.3646 -0.8353
vn -0.4048 -0.0196 -0.9142
vn -0.4957 -0.0117 -0.8684
vn -0.5448 0.0510 -0.8370
vn -0.5480 0.0155 -0.8364
vn -0.5473 0.0015 -0.8369
vn -0.3806 0.0040 -0.9247
vn -0.3367 -0.6862 -0.6448
vn -0.7206 -0.3974 -0.5681
vn -0.6946 -0.4362 -0.5721
vn -0.8273 -0.2954 -0.4779
vn -0.8422 -0.2838 -0.4584
vn -0.4144 -0.6455 -0.6415
vn -0.2210 -0.8901 -0.3986
vn -0.2324 -0.9133 -0.3345
vn -0.4990 -0.4649 -0.7313
vn -0.4474 -0.4902 -0.7480
vn -0.5005 -0.4752 -0.7236
vn -0.2689 -0.8248 -0.4974
vn -0.3231 -0.8146 -0.4818
vn -0.2146 -0.8259 -0.5213
vn -0.2073 -0.8272 -0.5222
vn -0.2026 -0.8276 -0.5235
vn -0.2294 -0.8275 -0.5125
vn -0.2275 -0.8280 -0.5126
vn -0.2532 -0.8288 -0.4990
vn -0.2737 -0.8353 -0.4768
vn -0.2712 -0.8276 -0.4914
vn -0.2958 -0.8362 -0.4618
vn -0.2987 -0.8396 -0.4536
vn 0.4504 0.7039 0.5492
vn 0.4496 0.7104 0.5414
vn 0.4503 0.7043 0.5489
vn 0.4495 0.7105 0.5415
vn -0.9937 0.0536 -0.0982
vn -0.9613 -0.0146 0.2752
vn -0.9703 0.0040 0.2417
vn -0.9820 0.0040 -0.1889
vn -0.9098 -0.0645 -0.4101
vn -0.9008 0.0034 -0.4341
vn -0.7690 -0.0017 -0.6392
vn -0.7705 0.0083 -0.6374
vn -0.8923 0.0039 0.4514
vn -0.8623 -0.0020 0.5064
vn -0.7493 0.0039 0.6622
vn -0.7165 0.0029 0.6975
vn -0.5705 0.0039 0.8213
vn -0.5281 0.0030 0.8492
vn -0.3526 0.0039 0.9358
vn -0.3131 0.0055 0.9497
vn -0.2253 -0.0023 0.9743
vn -0.2319 0.0036 0.9727
vn -0.4503 0.7036 -0.5497
vn -0.4496 0.7104 -0.5414
vn -0.4502 0.7038 -0.5496
vn -0.4497 0.7104 -0.5414
vn 0.0039 1.0000 -0.0007
vn 0.0021 1.0000 0.0015
vn 0.0007 1.0000 -0.0003
vn 0.0015 1.0000 -0.0032
vn 0.0027 1.0000 -0.0021
vn 0.0004 1.0000 -0.0001
vn 0.5298 0.7098 0.4642
vn 0.5375 0.7098 0.4552
vn 0.5018 0.7158 0.4856
vn 0.4980 0.7153 0.4902
vn 0.5906 0.7098 0.3839
vn 0.5910 0.7098 0.3833
vn 0.6388 0.7098 0.2969
vn 0.6764 0.7098 0.1966
vn 0.6923 0.7098 0.1299
vn 0.6923 0.7098 0.1301
vn 0.7070 0.7071 -0.0125
vn 0.6404 0.7104 -0.2920
vn 0.6719 0.7084 -0.2162
vn 0.5805 0.7173 -0.3853
vn 0.6119 0.7080 -0.3526
vn 0.4308 0.7401 -0.5164
vn 0.3217 0.7013 -0.6361
vn 0.2153 0.6577 -0.7218
vn -0.5300 0.7098 -0.4640
vn -0.5377 0.7098 -0.4551
vn -0.5015 0.7159 -0.4857
vn -0.4980 0.7158 -0.4896
vn -0.5904 0.7098 -0.3841
vn -0.5909 0.7098 -0.3835
vn -0.6388 0.7098 -0.2969
vn -0.6765 0.7098 -0.1964
vn -0.6923 0.7098 -0.1300
vn -0.6923 0.7098 -0.1299
vn -0.7070 0.7071 0.0124
vn -0.7070 0.7071 0.0125
vn -0.6407 0.7103 0.2913
vn -0.6717 0.7084 0.2169
vn -0.5812 0.7173 0.3842
vn -0.6124 0.7077 0.3523
vn -0.4387 0.7428 0.5057
vn -0.3237 0.7014 0.6351
vn -0.2152 0.6559 0.7235
vn 0.9548 0.0488 0.2932
vn 0.9115 -0.0083 0.4112
vn 0.9464 0.0256 0.3219
vn 0.9058 -0.0118 0.4235
vn 0.9067 -0.0070 0.4218
vn 0.5734 0.0274 -0.8188
vn 0.5226 -0.0196 -0.8523
vn 0.6316 -0.0039 -0.7753
vn 0.6653 0.0118 -0.7465
vn 0.7006 0.0057 -0.7136
vn 0.4713 0.0510 -0.8805
vn 0.4094 -0.0275 -0.9120
vn 0.3307 0.1925 -0.9239
vn 0.3255 0.2224 -0.9190
vn 0.6998 -0.0073 -0.7143
vn -0.6654 0.0118 0.7464
vn -0.5733 0.0274 0.8189
vn -0.6318 -0.0039 0.7751
vn -0.5226 -0.0196 0.8523
vn -0.6996 0.0068 0.7145
vn -0.4713 0.0510 0.8805
vn -0.4093 -0.0275 0.9120
vn -0.3304 0.1925 0.9240
vn -0.3256 0.2236 0.9187
vn -0.7005 -0.0062 0.7136
vn 0.3515 0.7098 0.6105
vn 0.3121 0.7060 0.6357
vn 0.3667 0.7098 0.6014
vn 0.3038 0.7050 0.6409
vn 0.3744 0.7098 0.5967
vn 0.4055 0.7098 0.5760
vn 0.4079 0.7098 0.5743
vn 0.4204 0.7330 0.5348
vn 0.3937 0.7562 0.5226
vn -0.5583 0.0046 -0.8296
vn -0.6450 -0.0105 -0.7641
vn -0.5283 -0.0129 -0.8490
vn -0.6569 -0.0113 -0.7539
vn -0.4267 -0.0055 -0.9044
vn -0.4259 -0.0196 -0.9046
vn -0.7261 0.0095 -0.6875
vn -0.7759 -0.0106 -0.6308
vn -0.8423 0.0076 -0.5389
vn -0.8496 0.0032 -0.5273
vn -0.8838 -0.0237 -0.4673
vn -0.8812 -0.0332 -0.4716
vn -0.3597 -0.1299 -0.9240
vn -0.3949 -0.2519 -0.8835
vn -0.3936 -0.2903 -0.8722
vn 0.8846 -0.0217 0.4659
vn 0.8802 -0.0316 0.4736
vn 0.8496 0.0032 0.5275
vn 0.8420 0.0074 0.5394
vn 0.7758 -0.0106 0.6309
vn 0.7266 0.0096 0.6870
vn 0.6566 -0.0114 0.7541
vn 0.6447 -0.0106 0.7643
vn 0.5284 -0.0129 0.8489
vn 0.5583 0.0047 0.8296
vn 0.4264 -0.0055 0.9045
vn 0.4257 -0.0196 0.9047
vn 0.3596 -0.1299 0.9240
vn 0.3951 -0.2520 0.8834
vn 0.3938 -0.2900 0.8723
vn 0.0301 -0.7080 0.7056
vn 0.0388 -0.7035 0.7097
vn 0.0393 -0.7036 0.7095
vn 0.0398 -0.7046 0.7085
vn -0.0303 -0.7078 -0.7057
vn -0.0387 -0.7034 -0.7098
vn -0.0395 -0.7037 -0.7094
vn -0.0396 -0.7048 -0.7083
vn -0.2366 -0.8119 0.5337
vn -0.2599 -0.5509 0.7931
vn -0.2889 -0.7176 0.6338
vn -0.1776 -0.9294 0.3235
vn -0.2795 -0.8431 0.4594
vn -0.2200 -0.9295 0.2961
vn -0.2846 -0.5245 0.8024
vn -0.3015 -0.8979 0.3207
vn -0.2982 -0.8663 0.4006
vn -0.3236 -0.8818 0.3431
vn -0.3292 -0.8802 0.3417
vn 0.5350 -0.8246 0.1837
vn 0.5528 -0.7623 0.3366
vn 0.5228 -0.8352 0.1707
vn 0.5616 -0.7485 0.3526
vn 0.2222 0.0026 -0.9750
vn 0.2296 -0.0023 -0.9733
vn 0.2268 0.0056 -0.9739
vn 0.2327 0.0012 -0.9726
vn 0.6590 -0.7098 -0.2489
vn 0.6590 -0.7098 -0.2488
vn 0.6521 -0.7094 -0.2674
vn 0.6506 -0.7115 -0.2653
vn 0.6739 -0.7054 -0.2198
vn 0.6692 -0.7124 -0.2112
vn -0.6590 -0.7098 0.2489
vn -0.6520 -0.7095 0.2672
vn -0.6505 -0.7116 0.2655
vn -0.6739 -0.7053 0.2199
vn -0.6695 -0.7122 0.2111
vn -0.3015 0.7098 -0.6366
vn -0.3422 0.7098 -0.6157
vn -0.3119 0.7056 -0.6362
vn -0.3032 0.7052 -0.6409
vn -0.3178 0.7098 -0.6286
vn -0.3731 0.7098 -0.5975
vn -0.3993 0.7098 -0.5803
vn -0.3967 0.7100 -0.5819
vn -0.4193 0.7342 -0.5340
vn -0.3937 0.7563 -0.5225
vn 0.2982 -0.8664 -0.4007
vn 0.2796 -0.8431 -0.4593
vn 0.3016 -0.8979 -0.3207
vn 0.3236 -0.8818 -0.3432
vn 0.3296 -0.8801 -0.3419
vn 0.2200 -0.9295 -0.2961
vn 0.1776 -0.9294 -0.3236
vn 0.2362 -0.8119 -0.5339
vn 0.2888 -0.7176 -0.6338
vn 0.2600 -0.5510 -0.7930
vn 0.2851 -0.5241 -0.8025
vn -0.9982 0.0448 0.0406
vn -0.9996 -0.0182 0.0221
vn -0.9907 -0.0087 -0.1358
vn -0.9843 0.0038 -0.1767
vn -0.8268 -0.0041 -0.5626
vn -0.7282 0.0039 -0.6854
vn -0.4363 -0.0068 -0.8998
vn -0.4572 0.0039 -0.8894
vn -0.0289 0.0039 -0.9996
vn 0.0133 -0.0033 -0.9999
vn 0.1894 -0.0012 -0.9819
vn 0.2060 0.0020 -0.9785
vn 0.9982 0.0448 -0.0406
vn 0.9996 -0.0182 -0.0221
vn 0.9907 -0.0087 0.1357
vn 0.9843 0.0038 0.1767
vn 0.8277 -0.0042 0.5612
vn 0.7300 0.0039 0.6835
vn 0.4423 -0.0050 0.8969
vn 0.4562 0.0039 0.8898
vn 0.0250 0.0039 0.9997
vn -0.0169 -0.0033 0.9999
vn -0.1895 -0.0013 0.9819
vn -0.2139 0.0025 0.9768
vn -0.1617 0.7108 0.6846
vn 0.3230 0.6425 0.6949
vn -0.4042 0.7804 0.4771
vn 0.2603 0.6806 0.6849
vn 0.3878 0.6394 0.6638
vn 0.4500 0.6061 0.6559
vn 0.5056 0.5622 0.6544
vn 0.6050 0.4761 0.6382
vn 0.6074 0.4710 0.6397
vn -0.2882 0.6941 0.6596
vn -0.4888 0.6942 0.5284
vn -0.5974 0.7105 0.3720
vn -0.6609 0.7098 0.2437
vn -0.6610 0.7098 0.2435
vn -0.6942 0.7102 0.1168
vn -0.6042 0.7882 -0.1167
vn -0.7165 0.6941 -0.0693
vn -0.6434 0.6941 -0.3228
vn -0.5707 0.7113 -0.4102
vn -0.2249 0.6775 -0.7004
vn -0.2259 0.6562 -0.7200
vn -0.1320 0.6484 -0.7498
vn -0.1081 0.6290 -0.7698
vn -0.0347 0.5749 -0.8175
vn 0.0514 0.4751 -0.8784
vn 0.0572 0.4713 -0.8801
vn 0.6024 0.0009 0.7982
vn 0.5971 0.0003 0.8022
vn 0.5999 0.0039 0.8000
vn 0.6048 -0.0021 0.7964
vn -0.0009 1.0000 -0.0038
vn -0.0008 1.0000 0.0038
vn 0.0025 1.0000 0.0031
vn -0.5351 -0.8246 -0.1837
vn -0.5527 -0.7598 -0.3423
vn -0.5225 -0.8355 -0.1700
vn -0.5625 -0.7479 -0.3524
vn -0.6024 0.0009 -0.7982
vn -0.5971 0.0003 -0.8022
vn -0.6000 0.0039 -0.8000
vn -0.6048 -0.0021 -0.7964
vn 0.6671 0.7098 -0.2263
vn 0.6944 0.7098 -0.1182
vn 0.6562 0.7098 -0.2560
vn 0.6864 0.7098 -0.1582
vn 0.7026 0.7020 -0.1168
vn 0.6969 0.7127 -0.0796
vn 0.7213 0.6888 -0.0725
vn 0.6488 0.7098 -0.2743
vn 0.6318 0.7098 -0.3115
vn 0.6231 0.7098 -0.3285
vn 0.6074 0.7098 -0.3567
vn 0.5843 0.7098 -0.3933
vn 0.5856 0.7098 -0.3915
vn 0.5265 0.7098 -0.4680
vn -0.0541 0.0008 -0.9985
vn -0.0478 0.0008 -0.9989
vn -0.0524 0.0054 -0.9986
vn -0.0580 0.0048 -0.9983
vn -0.3575 0.0039 -0.9339
vn -0.0168 0.0039 -0.9999
vn -0.3498 -0.0040 -0.9368
vn 0.0110 -0.0042 -0.9999
vn 0.4459 0.0039 -0.8951
vn 0.4521 -0.0039 -0.8920
vn -0.6427 -0.0039 -0.7661
vn 0.7344 0.0039 -0.6787
vn 0.6881 -0.0014 -0.7256
vn 0.8090 0.0086 -0.5878
vn -0.6722 0.0039 -0.7404
vn -0.7875 -0.0052 -0.6164
vn -0.7919 0.0030 -0.6107
vn -0.4930 -0.7073 0.5066
vn -0.4920 -0.7024 0.5143
vn -0.4818 -0.7048 0.5207
vn -0.4807 -0.7129 0.5106
vn -0.4550 -0.0068 -0.8905
vn -0.4923 -0.0190 -0.8702
vn -0.4496 -0.0062 -0.8932
vn -0.4607 -0.0189 -0.8874
vn -0.6515 -0.2335 -0.7219
vn -0.6617 -0.3117 -0.6819
vn -0.4360 -0.7044 -0.5601
vn -0.4251 -0.7063 -0.5661
vn -0.4336 -0.7043 -0.5621
vn -0.4259 -0.7089 -0.5622
vn 0.6708 -0.7019 -0.2395
vn 0.6712 -0.7020 -0.2383
vn 0.6652 -0.6931 -0.2777
vn 0.6914 -0.6899 -0.2143
vn 0.7011 -0.6789 -0.2181
vn 0.6660 -0.6904 -0.2824
vn 0.0477 0.0006 0.9989
vn 0.0575 0.0052 0.9983
vn 0.0517 0.0046 0.9987
vn 0.0541 0.0008 0.9985
vn 0.4250 -0.7062 0.5662
vn 0.4338 -0.7041 0.5622
vn 0.4261 -0.7091 0.5619
vn 0.4361 -0.7043 0.5601
vn -0.6707 -0.7020 0.2396
vn -0.6711 -0.7020 0.2385
vn -0.6652 -0.6931 0.2777
vn -0.6910 -0.6905 0.2138
vn -0.7008 -0.6790 0.2186
vn -0.6660 -0.6904 0.2824
vn 0.4290 -0.7092 0.5595
vn 0.4279 -0.7104 0.5588
vn 0.4278 -0.7096 0.5599
vn 0.4289 -0.7014 0.5693
vn -0.4295 -0.7090 -0.5594
vn -0.4279 -0.7106 -0.5585
vn -0.4278 -0.7101 -0.5593
vn -0.4292 -0.7013 -0.5692
vn -0.6271 -0.6235 -0.4669
vn -0.6241 -0.6199 -0.4756
vn -0.6320 -0.6158 -0.4705
vn 0.2068 0.7098 0.6734
vn 0.2090 0.7098 0.6726
vn 0.2329 0.7107 0.6638
vn 0.1840 0.7165 0.6729
vn 0.2364 0.7135 0.6595
vn 0.1883 0.7323 0.6544
vn 0.6263 -0.6235 0.4680
vn 0.6241 -0.6199 0.4756
vn 0.6311 -0.6167 0.4706
vn -0.2067 0.7098 -0.6734
vn -0.2088 0.7098 -0.6727
vn -0.2328 0.7106 -0.6639
vn -0.1841 0.7166 -0.6728
vn -0.2364 0.7135 -0.6595
vn -0.1883 0.7323 -0.6544
vn 0.4916 -0.7086 -0.5062
vn 0.4923 -0.7011 -0.5158
vn 0.4823 -0.7051 -0.5199
vn 0.4815 -0.7127 -0.5102
vn -0.0316 -0.7037 -0.7098
vn -0.0371 -0.7087 -0.7045
vn -0.0300 -0.7053 -0.7083
vn -0.0354 -0.7097 -0.7036
vn 0.4930 -0.7073 -0.5066
vn 0.4920 -0.7025 -0.5143
vn 0.4818 -0.7048 -0.5207
vn 0.4807 -0.7129 -0.5106
vn 0.0316 -0.7037 0.7097
vn 0.0372 -0.7087 0.7046
vn 0.0300 -0.7053 0.7083
vn 0.0355 -0.7097 0.7036
vn -0.5646 -0.7490 0.3467
vn -0.3720 -0.7177 0.5887
vn -0.6003 -0.7020 0.3832
vn -0.3547 -0.7086 0.6100
vn -0.6228 -0.4123 0.6650
vn -0.0250 -0.7098 0.7040
vn -0.0380 -0.6629 0.7478
vn 0.1603 -0.7018 0.6941
vn 0.2658 -0.6941 0.6690
vn 0.4514 -0.3933 0.8009
vn 0.4051 -0.3347 0.8508
vn -0.6951 -0.7184 0.0275
vn -0.7095 -0.7028 0.0517
vn -0.6784 -0.7063 -0.2020
vn -0.8408 -0.4661 0.2754
vn -0.6702 -0.7095 -0.2179
vn -0.6539 -0.6871 -0.3165
vn 0.0455 -0.2546 0.9660
vn 0.5221 -0.8515 0.0496
vn 0.5258 -0.8446 0.1011
vn 0.6461 -0.7619 0.0458
vn 0.6194 -0.7832 0.0545
vn 0.4658 -0.8726 0.1470
vn 0.4879 -0.8596 0.1519
vn 0.4234 -0.8695 0.2543
vn 0.4028 -0.8748 0.2694
vn 0.3495 -0.8609 0.3696
vn 0.3136 -0.8734 0.3725
vn 0.2004 -0.9059 0.3732
vn 0.2992 -0.8505 0.4326
vn 0.1918 -0.8353 0.5153
vn 0.1891 -0.8326 0.5206
vn 0.0272 -0.7098 -0.7039
vn 0.0315 -0.6592 -0.7513
vn 0.3216 -0.7178 -0.6175
vn 0.3693 -0.7254 -0.5809
vn 0.6035 -0.6750 -0.4244
vn 0.5964 -0.7098 -0.3748
vn -0.1624 -0.7018 -0.6936
vn -0.2650 -0.6943 -0.6691
vn -0.4526 -0.4012 -0.7964
vn -0.4055 -0.3430 -0.8473
vn 0.6815 -0.7019 -0.2072
vn 0.7187 -0.6940 -0.0436
vn 0.7199 -0.6887 0.0858
vn 0.6785 -0.7023 0.2157
vn 0.6994 -0.6575 0.2803
vn 0.9068 -0.4210 -0.0243
vn 0.8201 -0.3646 -0.4409
vn -0.0401 -0.2712 -0.9617
vn -0.5218 -0.8516 -0.0499
vn -0.5257 -0.8446 -0.1012
vn -0.6466 -0.7615 -0.0450
vn -0.6240 -0.7791 -0.0594
vn -0.4657 -0.8726 -0.1470
vn -0.4879 -0.8596 -0.1520
vn -0.4235 -0.8695 -0.2541
vn -0.4029 -0.8747 -0.2694
vn -0.3494 -0.8610 -0.3697
vn -0.3136 -0.8734 -0.3725
vn -0.2006 -0.9058 -0.3731
vn -0.2991 -0.8505 -0.4326
vn -0.1917 -0.8353 -0.5153
vn -0.1898 -0.8315 -0.5221
vn 0.4899 -0.7101 -0.5058
vn 0.4927 -0.6996 -0.5175
vn 0.4828 -0.7054 -0.5189
vn 0.4822 -0.7124 -0.5098
vn -0.2213 0.5373 -0.8139
vn -0.2235 0.5373 -0.8132
vn -0.2237 0.5294 -0.8183
vn 0.6258 -0.7251 -0.2872
vn 0.7101 -0.1034 -0.6965
vn 0.6861 -0.6784 -0.2626
vn 0.3822 -0.7177 -0.5821
vn 0.2057 -0.7089 -0.6747
vn -0.0001 -0.7015 -0.7127
vn -0.1681 -0.6867 -0.7072
vn -0.2622 -0.6975 -0.6669
vn -0.4511 -0.3939 -0.8008
vn -0.4045 -0.3341 -0.8513
vn -0.0058 -0.3882 -0.9216
vn 0.4747 -0.2156 -0.8533
vn 0.7410 0.0431 -0.6701
vn 0.8326 0.2145 -0.5106
vn 0.8357 0.2300 -0.4986
vn 0.6863 -0.7255 -0.0516
vn 0.7013 -0.7115 -0.0435
vn 0.6784 -0.7056 0.2047
vn 0.6700 -0.7095 0.2185
vn 0.6539 -0.6872 0.3165
vn 0.8985 -0.3725 -0.2323
vn -0.4920 -0.7023 0.5145
vn -0.4808 -0.7129 0.5105
vn -0.4819 -0.7049 0.5206
vn -0.4928 -0.7075 0.5065
vn -0.0031 -1.0000 0.0024
vn 0.0038 -1.0000 -0.0008
vn 0.0039 -1.0000 -0.0004
vn -0.0022 -1.0000 0.0032
vn -0.6784 -0.7015 -0.2182
vn -0.7279 -0.6806 -0.0839
vn -0.7016 -0.6553 -0.2801
vn -0.7404 -0.6706 0.0459
vn -0.6901 -0.6765 0.2570
vn -0.8987 -0.4368 0.0393
vn -0.6290 -0.7099 0.3168
vn -0.4515 -0.7232 0.5226
vn -0.3360 -0.7536 0.5650
vn -0.7319 -0.4824 0.4813
vn -0.1915 -0.7180 0.6692
vn -0.1616 -0.6859 0.7095
vn -0.4110 -0.5058 0.7585
vn 0.0731 -0.7024 0.7080
vn 0.1507 -0.6713 0.7257
vn 0.2607 -0.6837 0.6816
vn 0.4416 -0.3971 0.8046
vn 0.3912 -0.3445 0.8534
vn -0.0159 -0.3646 0.9310
vn -0.4927 -0.6996 0.5175
vn -0.4821 -0.7124 0.5099
vn -0.4822 -0.7051 0.5199
vn -0.4915 -0.7086 0.5062
vn -0.2593 -0.6841 -0.6818
vn -0.3178 -0.6484 -0.6918
vn -0.1672 -0.6940 -0.7003
vn -0.0761 -0.7024 -0.7077
vn 0.1891 -0.6859 -0.7027
vn 0.1695 -0.7198 -0.6732
vn 0.6236 -0.4196 -0.6596
vn 0.5040 -0.4207 -0.7544
vn 0.7244 -0.4526 -0.5200
vn 0.7010 -0.6704 -0.2432
vn 0.6442 -0.7053 -0.2960
vn 0.7403 -0.6706 -0.0465
vn 0.7284 -0.6802 0.0821
vn 0.6784 -0.7015 0.2183
vn 0.7015 -0.6553 0.2801
vn 0.8986 -0.4368 -0.0419
vn 0.1820 -0.6157 -0.7667
vn 0.1807 -0.6195 -0.7639
vn 0.1856 -0.6179 -0.7641
vn -0.1833 -0.6157 0.7664
vn -0.1816 -0.6186 0.7645
vn -0.1856 -0.6178 0.7641
vn 0.0518 -0.0031 0.9987
vn 0.0519 -0.0030 0.9986
vn 0.0517 0.0032 0.9987
vn 0.0519 0.0030 0.9986
vn 0.0439 -0.0032 0.9990
vn -0.0515 -0.0034 -0.9987
vn -0.0512 -0.0037 -0.9987
vn -0.0517 0.0032 -0.9987
vn -0.0513 0.0037 -0.9987
vn -0.0439 -0.0032 -0.9990
vn -0.2115 0.0039 0.9774
vn -0.2488 -0.0040 0.9685
vn 0.2322 -0.0039 0.9727
vn 0.2610 0.0039 0.9653
vn 0.6569 -0.0035 0.7540
vn 0.6855 0.0039 0.7281
vn 0.7878 -0.0046 0.6159
vn -0.6217 0.0039 0.7833
vn -0.6504 -0.0035 0.7596
vn -0.7746 0.0006 0.6324
vn -0.7846 -0.0021 0.6200
vn 0.7901 0.0059 0.6129
vn -0.0010 1.0000 -0.0038
vn -0.0034 1.0000 0.0020
vn -0.0006 1.0000 0.0038
vn -0.0038 -1.0000 0.0008
vn 0.0342 -0.9994 0.0044
vn 0.0112 -0.9977 -0.0676
vn 0.2212 -0.9452 -0.2401
vn 0.2622 -0.6833 0.6815
vn 0.4396 -0.4008 0.8038
vn 0.1555 -0.6719 0.7241
vn 0.0687 -0.7024 0.7085
vn -0.1476 -0.6934 0.7053
vn 0.3961 -0.3502 0.8488
vn -0.0157 -0.3568 0.9340
vn -0.1976 -0.7177 0.6677
vn -0.4600 -0.6844 0.5656
vn -0.4098 -0.7097 0.5730
vn -0.6041 -0.7021 0.3771
vn -0.6865 -0.3333 0.6462
vn -0.5601 -0.7409 0.3706
vn -0.6953 -0.7183 0.0246
vn -0.7094 -0.7031 0.0490
vn -0.6784 -0.7060 -0.2034
vn -0.6698 -0.7095 -0.2191
vn -0.8588 -0.4511 0.2429
vn -0.6536 -0.6874 -0.3166
vn 0.0041 -1.0000 -0.0008
vn -0.0018 -1.0000 0.0034
vn -0.0038 -1.0000 0.0007
vn 0.0031 -1.0000 -0.0024
vn -0.0014 -1.0000 -0.0040
vn -0.0035 -1.0000 -0.0021
vn 0.4923 -0.7010 -0.5160
vn 0.4823 -0.7051 -0.5198
vn 0.4913 -0.7088 -0.5062
vn -0.8268 0.2749 0.4908
vn -0.8247 0.2789 0.4920
vn -0.8208 0.2707 0.5029
vn -0.7110 0.0195 0.7030
vn -0.7091 0.0171 0.7049
vn -0.7142 0.0114 0.6998
vn -0.0020 -1.0000 0.0037
vn 0.0020 -1.0000 0.0040
vn 0.0029 -1.0000 0.0003
vn 0.0029 1.0000 -0.0016
vn -0.0001 1.0000 0.0033
vn 0.0032 1.0000 -0.0003
vn 0.0032 1.0000 0.0023
vn -0.0008 1.0000 0.0039
vn 0.0019 1.0000 0.0045
vn -0.0004 1.0000 0.0043
vn -0.0036 1.0000 0.0017
vn -0.0034 1.0000 -0.0024
vn -0.0036 1.0000 0.0008
vn 0.0023 1.0000 0.0034
vn -0.0036 1.0000 -0.0025
vn -0.0039 1.0000 -0.0006
vn 0.0191 0.9998 -0.0010
vn -0.0030 1.0000 0.0024
vn 0.0234 0.9994 0.0254
vn -0.0246 0.9997 -0.0063
vn -0.0041 0.9996 -0.0273
vn -0.0084 1.0000 -0.0004
vn -0.0042 1.0000 0.0006
vn 0.5617 -0.0266 -0.8269
vn 0.7331 -0.0039 -0.6801
vn 0.5471 -0.0541 -0.8353
vn 0.7638 0.0196 -0.6451
vn 0.9745 0.0039 -0.2245
vn 0.9879 0.0196 -0.1539
vn 0.9819 -0.0118 0.1888
vn 0.9704 0.0039 0.2415
vn 0.9211 -0.0106 0.3891
vn 0.9181 -0.0049 0.3963
vn -0.0029 1.0000 0.0016
vn 0.0001 1.0000 -0.0033
vn -0.0032 1.0000 0.0003
vn 0.0008 1.0000 -0.0039
vn -0.0019 1.0000 -0.0045
vn 0.0004 1.0000 -0.0043
vn 0.0034 1.0000 0.0023
vn 0.0036 1.0000 -0.0008
vn -0.0023 1.0000 -0.0034
vn 0.0036 1.0000 0.0025
vn 0.0039 1.0000 0.0006
vn -0.0191 0.9998 0.0010
vn 0.0030 1.0000 -0.0024
vn -0.0234 0.9994 -0.0254
vn 0.0246 0.9997 0.0063
vn 0.0041 0.9996 0.0273
vn 0.0084 1.0000 0.0004
vn 0.0042 1.0000 -0.0006
vn -0.5617 -0.0265 0.8269
vn -0.7338 -0.0039 0.6794
vn -0.5465 -0.0532 0.8357
vn -0.7639 0.0196 0.6450
vn -0.9745 0.0039 0.2243
vn -0.9879 0.0196 0.1539
vn -0.9823 -0.0118 -0.1872
vn -0.9708 0.0039 -0.2397
vn -0.9218 -0.0124 -0.3875
vn -0.9188 -0.0031 -0.3947
vn -0.9999 -0.0039 -0.0120
vn -0.9064 -0.0040 -0.4224
vn -0.9997 -0.0195 0.0168
vn -0.9017 0.0039 -0.4324
vn -0.9160 -0.0040 0.4011
vn -0.8837 0.0118 0.4680
vn -0.6738 0.0039 -0.7389
vn -0.6425 0.0118 -0.7662
vn -0.2895 -0.0118 -0.9571
vn -0.2554 0.0039 -0.9668
vn -0.0238 0.0462 -0.9987
vn -0.0078 0.0696 -0.9975
vn -0.7351 -0.0040 0.6779
vn -0.6272 0.0117 0.7788
vn -0.5475 0.0126 0.8367
vn -0.5136 0.0507 0.8566
vn 0.3382 -0.0007 0.9411
vn 0.3418 -0.0034 0.9398
vn 0.3411 -0.0038 0.9400
vn 0.3369 -0.0007 0.9416
vn 0.9999 -0.0039 0.0127
vn 0.9067 -0.0039 0.4218
vn 0.9997 -0.0196 -0.0153
vn 0.9023 0.0039 0.4310
vn 0.9153 -0.0040 -0.4028
vn 0.8829 0.0118 -0.4694
vn 0.6759 0.0039 0.7370
vn 0.6433 0.0116 0.7656
vn 0.2879 -0.0118 0.9576
vn 0.2535 0.0039 0.9673
vn 0.0228 0.0469 0.9986
vn 0.0078 0.0696 0.9975
vn 0.7351 -0.0040 -0.6779
vn 0.6270 0.0117 -0.7790
vn 0.5472 0.0129 -0.8369
vn 0.5120 0.0488 -0.8576
vn -0.3374 0.0001 -0.9414
vn -0.3413 -0.0043 -0.9399
vn -0.3404 -0.0030 -0.9403
vn -0.3361 -0.0015 -0.9418
vn 0.2787 -0.0043 0.9604
vn 0.3058 -0.0460 0.9510
vn 0.2938 -0.0350 0.9552
vn 0.2727 0.0141 0.9620
vn -0.2813 -0.0069 -0.9596
vn -0.3055 -0.0465 -0.9511
vn -0.2954 -0.0363 -0.9547
vn -0.2717 0.0130 -0.9623
vn 0.2617 -0.6834 0.6815
vn 0.4410 -0.3986 0.8041
vn 0.1570 -0.6720 0.7237
vn 0.0698 -0.7024 0.7084
vn -0.1483 -0.6935 0.7050
vn 0.3933 -0.3469 0.8515
vn -0.0141 -0.3568 0.9341
vn -0.1980 -0.7177 0.6676
vn -0.4603 -0.6844 0.5654
vn -0.4101 -0.7097 0.5728
vn -0.6041 -0.7020 0.3771
vn -0.6866 -0.3333 0.6462
vn -0.5595 -0.7408 0.3717
vn -0.6953 -0.7183 0.0247
vn -0.7094 -0.7032 0.0479
vn -0.6784 -0.7061 -0.2029
vn -0.8592 -0.4511 0.2412
vn -0.6701 -0.7095 -0.2183
vn -0.6554 -0.6858 -0.3164
vn 0.0069 0.7094 0.7048
vn 0.1459 0.7018 0.6973
vn -0.0129 0.7179 0.6960
vn -0.1271 0.7117 0.6909
vn 0.2673 0.7086 0.6531
vn 0.4383 0.6860 0.5808
vn 0.6034 0.7013 0.3795
vn 0.6844 0.6776 0.2691
vn 0.7147 0.6957 0.0720
vn 0.6873 0.7128 0.1395
vn 0.6860 0.7268 -0.0322
vn 0.6931 -0.6794 0.2411
vn 0.7151 -0.6864 0.1323
vn 0.6971 -0.6597 0.2806
vn 0.7210 -0.6917 0.0428
vn 0.6913 -0.7013 -0.1741
vn 0.6625 -0.7103 -0.2378
vn 0.4844 -0.7179 -0.5000
vn 0.4516 -0.7330 -0.5086
vn 0.2909 -0.6946 -0.6580
vn 0.1481 -0.6818 -0.7164
vn 0.0073 -0.6706 -0.7418
vn -0.1683 -0.6867 -0.7072
vn -0.2629 -0.6973 -0.6668
vn -0.4512 -0.3938 -0.8009
vn -0.4049 -0.3345 -0.8510
vn -0.0034 -0.3961 -0.9182
vn 0.0027 -1.0000 0.0044
vn 0.0039 -1.0000 0.0004
vn -0.0032 -1.0000 0.0022
vn 0.0001 -1.0000 0.0039
vn -0.0024 -1.0000 -0.0026
vn -0.0036 -1.0000 -0.0000
vn 0.4249 0.7072 0.5651
vn 0.4239 0.7122 0.5595
vn 0.4268 0.7069 0.5640
vn 0.4221 0.7123 0.5608
vn -0.6876 0.7124 -0.1403
vn -0.6853 0.7275 0.0315
vn -0.7146 0.6957 -0.0725
vn -0.6840 0.6776 -0.2702
vn -0.6027 0.7013 -0.3806
vn -0.4369 0.6860 -0.5818
vn -0.2673 0.7086 -0.6530
vn -0.1412 0.7018 -0.6982
vn 0.0120 0.7179 -0.6961
vn -0.0047 0.7106 -0.7036
vn 0.1298 0.7095 -0.6926
vn -0.4268 0.7070 -0.5639
vn -0.4251 0.7073 -0.5649
vn -0.4245 0.7118 -0.5596
vn -0.4228 0.7119 -0.5607
vn 0.0008 -1.0000 0.0035
vn -0.0035 -1.0000 0.0007
vn -0.8265 0.2770 0.4902
vn -0.8241 0.2808 0.4920
vn -0.8210 0.2707 0.5027
vn -0.4916 -0.7086 0.5062
vn -0.4927 -0.6992 0.5179
vn -0.4824 -0.7124 0.5098
vn 0.8695 0.4366 -0.2310
vn 0.8665 0.4435 -0.2292
vn 0.8586 0.4432 -0.2575
vn 0.2804 -0.9596 0.0250
vn 0.3223 -0.9465 0.0152
vn 0.2773 -0.9557 -0.0989
vn -0.2803 -0.9596 -0.0256
vn -0.3225 -0.9464 -0.0159
vn -0.2775 -0.9556 0.0989
vn -0.0008 -1.0000 0.0016
vn -0.0033 -1.0000 -0.0021
vn -0.0018 -1.0000 -0.0035
vn 0.0019 -1.0000 -0.0032
vn -0.7244 0.6641 -0.1852
vn -0.7348 0.6589 -0.1610
vn -0.6979 0.6832 -0.2148
vn -0.6839 0.6906 -0.2353
vn 0.7243 0.6641 0.1853
vn 0.7348 0.6589 0.1610
vn 0.6977 0.6833 0.2149
vn 0.6839 0.6906 0.2354
vn -0.9385 0.0076 0.3452
vn -0.9412 -0.0076 0.3378
vn 0.9385 0.0076 -0.3452
vn 0.9412 -0.0076 -0.3378
vn 0.0033 -1.0000 0.0021
vn -0.0039 -1.0000 -0.0004
vn 0.0018 -1.0000 0.0034
vn -0.0017 -1.0000 0.0035
vn 0.6803 0.7293 -0.0732
vn 0.6986 0.7101 -0.0881
vn 0.7163 0.6434 0.2702
vn 0.7480 0.5790 0.3244
vn -0.9075 0.0467 0.4174
vn -0.8974 0.0026 0.4413
vn -0.9184 0.0709 0.3893
vn -0.8839 -0.0473 0.4652
vn 0.9071 0.0458 -0.4184
vn 0.8972 0.0021 -0.4417
vn 0.9186 0.0704 -0.3889
vn 0.8839 -0.0473 -0.4652
vn 0.0039 1.0000 0.0002
vn -0.0024 1.0000 -0.0031
vn 0.0038 1.0000 0.0007
vn 0.0016 1.0000 -0.0052
vn -0.0056 0.9999 -0.0115
vn -0.9712 0.0471 0.2334
vn -0.8974 -0.0553 0.4378
vn -0.9648 0.0346 0.2609
vn -0.9394 0.0033 0.3428
vn -0.7953 -0.1254 0.5931
vn 0.9712 0.0468 -0.2337
vn 0.8965 -0.0563 -0.4395
vn 0.9652 0.0330 -0.2596
vn 0.9393 0.0033 -0.3431
vn 0.7963 -0.1304 -0.5907
vn 0.3458 -0.0010 0.9383
vn 0.3384 0.0010 0.9410
vn -0.3458 -0.0010 -0.9383
vn -0.3384 0.0010 -0.9410
vn -0.6943 0.6713 -0.2595
vn -0.6747 0.6861 -0.2721
vn -0.6765 0.6942 -0.2457
vn 0.1483 -0.6784 0.7196
vn -0.0229 -0.7239 0.6896
vn 0.1998 -0.6469 0.7359
vn 0.2277 -0.6803 0.6967
vn 0.6924 0.6749 0.2550
vn 0.6791 0.6862 0.2608
vn 0.6824 0.6894 0.2429
vn -0.0174 0.9996 0.0207
vn -0.0028 0.9999 0.0157
vn -0.0152 0.9999 -0.0002
vn 0.0064 1.0000 -0.0060
vn 0.2224 0.5180 0.8260
vn 0.2237 0.5188 0.8251
vn 0.2273 0.5135 0.8274
vn 0.9125 0.0022 -0.4092
vn 0.9152 -0.0025 -0.4030
vn 0.8796 -0.0096 -0.4756
vn 0.8768 0.0078 -0.4808
vn -0.9125 0.0022 0.4091
vn -0.9152 -0.0026 0.4030
vn -0.8796 -0.0096 0.4756
vn -0.8768 0.0078 0.4808
vn -0.4708 -0.0008 0.8822
vn -0.4639 0.0008 0.8859
vn 0.4702 -0.0001 -0.8826
vn 0.4633 0.0001 -0.8862
vn 0.4632 0.0001 -0.8862
vn 0.9380 0.0061 -0.3465
vn 0.9407 -0.0062 -0.3391
vn 0.9407 -0.0062 -0.3392
vn -0.9380 0.0062 0.3466
vn -0.9407 -0.0062 0.3392
vn -0.9407 -0.0061 0.3392
vn -0.0010 1.0000 -0.0037
vn -0.5044 -0.8634 -0.0074
vn -0.4626 -0.8860 -0.0312
vn -0.5100 -0.8592 -0.0397
vn 0.8472 0.0372 0.5300
vn 0.8814 -0.0452 0.4703
vn 0.8593 0.0188 0.5112
vn 0.8173 0.0922 0.5687
vn -0.8470 0.0375 -0.5303
vn -0.8801 -0.0479 -0.4724
vn -0.8587 0.0198 -0.5121
vn -0.8160 0.0888 -0.5712
vn -0.9438 -0.0156 -0.3300
vn -0.9505 -0.0588 -0.3050
vn -0.9450 -0.0350 -0.3253
vn -0.9379 0.0057 -0.3470
vn 0.9439 -0.0157 0.3300
vn 0.9508 -0.0580 0.3043
vn 0.9449 -0.0348 0.3255
vn 0.9381 0.0063 0.3464
vn -0.0892 0.3783 0.9214
vn -0.0954 0.3730 0.9229
vn -0.0970 0.3810 0.9195
vn 0.0877 0.3750 -0.9229
vn 0.0957 0.3726 -0.9231
vn 0.0933 0.3807 -0.9200
vn 0.3355 -0.0021 0.9420
vn 0.3286 -0.0009 0.9445
vn 0.3341 0.0036 0.9425
vn -0.3356 -0.0021 -0.9420
vn -0.3285 -0.0009 -0.9445
vn -0.3341 0.0036 -0.9425
vn -0.8172 0.3013 0.4914
vn -0.8147 0.3005 0.4960
vn -0.8210 0.2862 0.4940
vn 0.2219 0.5198 0.8249
vn 0.2237 0.5208 0.8239
vn 0.2276 0.5135 0.8274
vn 0.2243 0.5110 0.8298
vn 0.2235 0.5120 0.8294
vn 0.2280 0.5135 0.8273
vn 0.2221 0.5345 0.8155
vn 0.2235 0.5346 0.8150
vn 0.2238 0.5294 0.8183
vn -0.0031 1.0000 -0.0024
vn 0.0031 1.0000 0.0024
vn 0.6876 0.0170 -0.7259
vn 0.6893 0.0225 -0.7241
vn 0.6914 -0.0031 -0.7225
vn 0.6917 0.0036 -0.7222
vn -0.9099 0.1985 -0.3644
vn -0.9002 0.0362 -0.4340
vn -0.9051 0.1705 -0.3895
vn -0.9024 0.0042 -0.4309
vn 0.3173 0.2457 -0.9159
vn 0.3174 0.2481 -0.9152
vn 0.3119 0.2482 -0.9171
vn 0.6883 0.0156 -0.7252
vn 0.6888 0.0220 -0.7246
vn 0.6915 -0.0033 -0.7224
vn 0.6918 0.0037 -0.7221
vn -0.9008 0.0379 -0.4325
vn -0.9033 0.0022 -0.4291
vn -0.9060 0.1711 -0.3872
vn -0.9109 0.1945 -0.3638
vn -0.6912 -0.0029 0.7227
vn -0.6855 0.0029 0.7280
vn -0.4348 -0.0033 -0.9005
vn -0.3179 0.0353 -0.9475
vn -0.4356 -0.0035 -0.9001
vn -0.1702 0.1061 -0.9797
vn 0.0138 -0.1644 -0.9863
vn 0.0262 -0.1878 -0.9818
vn -0.6845 0.0230 0.7286
vn -0.6921 0.0253 0.7214
vn -0.6913 -0.0030 0.7226
vn -0.6917 0.0036 0.7222
vn -0.6920 0.0253 0.7214
vn -0.6917 0.0035 0.7222
vn -0.6882 0.0159 0.7254
vn -0.6833 0.0246 0.7297
vn -0.6914 -0.0031 0.7225
vn -0.6860 0.0035 0.7276
vn 0.6840 0.0239 -0.7291
vn 0.6925 0.0257 -0.7209
vn 0.6913 -0.0030 -0.7226
vn 0.9007 0.0375 0.4329
vn 0.9032 0.0024 0.4293
vn 0.9055 0.1708 0.3883
vn 0.9112 0.1934 0.3636
vn 0.6840 0.0241 -0.7291
vn 0.6928 0.0259 -0.7206
vn 0.6914 -0.0032 -0.7224
vn 0.6862 0.0037 -0.7274
vn -0.9007 0.0375 -0.4329
vn -0.9033 0.0022 -0.4290
vn -0.9052 0.1705 -0.3894
vn -0.9121 0.1903 -0.3631
vn -0.9192 0.0078 -0.3938
vn -0.9156 -0.0086 -0.4019
vn -0.9140 0.0050 -0.4058
vn -0.3305 -0.0509 0.9424
vn -0.5303 0.2197 0.8188
vn -0.4846 0.1522 0.8614
vn -0.2132 0.1402 0.9669
vn -0.2076 0.1754 0.9624
vn 0.9196 0.0066 0.3928
vn 0.9163 0.0089 0.4003
vn 0.9716 0.1527 0.1805
vn 0.9578 0.1685 0.2329
vn 0.9904 0.1315 -0.0429
vn 0.9986 0.0299 -0.0439
vn -0.3341 0.4438 -0.8315
vn -0.3405 0.4471 -0.8271
vn -0.3411 0.4462 -0.8274
vn 0.9159 0.0085 0.4014
vn 0.9186 -0.0079 0.3952
vn 0.9135 -0.0029 0.4067
vn 0.9161 0.0090 0.4009
vn 0.9188 -0.0084 0.3947
vn 0.9136 -0.0028 0.4067
vn 0.3340 0.4438 0.8316
vn 0.3403 0.4485 0.8265
vn 0.3411 0.4475 0.8267
vn 0.5913 -0.7464 0.3053
vn -0.2160 0.5438 -0.8109
vn -0.2157 0.5442 -0.8108
vn -0.2175 0.5451 -0.8097
vn -0.9571 0.2768 0.0862
vn -0.9669 0.2407 0.0852
vn -0.9645 0.2626 -0.0268
vn -0.9563 0.2796 0.0857
vn -0.9658 0.2447 0.0859
vn -0.9646 0.2626 -0.0242
vn 0.6054 0.6823 -0.4099
vn 0.6035 0.6864 -0.4058
vn 0.5999 0.6867 -0.4106
vn 0.9563 0.2796 -0.0857
vn 0.9659 0.2443 -0.0859
vn 0.9646 0.2626 0.0255
vn -0.6057 0.6878 0.4000
vn -0.6021 0.6861 0.4084
vn -0.6092 0.6805 0.4072
vn 0.1996 0.3286 -0.9231
vn 0.2018 0.3280 -0.9229
vn 0.2016 0.3335 -0.9209
vn -0.2245 0.5258 -0.8204
vn -0.2235 0.5263 -0.8204
vn -0.2257 0.5294 -0.8178
vn -0.9563 -0.2611 -0.1312
vn -0.9503 -0.2740 -0.1481
vn -0.9520 -0.2660 -0.1517
vn -0.9560 0.2807 0.0854
vn -0.9657 0.2450 0.0858
vn -0.9646 0.2624 -0.0254
vn -0.8735 0.4352 0.2182
vn -0.8699 0.4447 0.2134
vn -0.8559 0.4527 0.2502
vn -0.2747 0.0161 0.9614
vn -0.2703 0.0115 0.9627
vn -0.3090 0.0598 0.9492
vn -0.2376 -0.0178 0.9712
vn 0.2747 0.0161 -0.9614
vn 0.2700 0.0111 -0.9628
vn 0.3108 0.0577 -0.9487
vn 0.2398 -0.0202 -0.9706
vn 0.8596 0.4571 -0.2284
vn 0.8588 0.4588 -0.2279
vn 0.8568 0.4592 -0.2345
vn -0.2392 0.2701 0.9327
vn -0.2392 0.2708 0.9324
vn -0.2369 0.2707 0.9331
vn -0.4420 -0.1690 0.8810
vn -0.5300 0.2139 0.8206
vn -0.5264 0.1698 0.8331
vn -0.4289 -0.2168 0.8770
vn -0.4456 -0.1679 0.8794
vn -0.5287 0.2180 0.8203
vn -0.5264 0.1699 0.8331
vn -0.4271 -0.2053 0.8806
vn 0.4788 -0.2166 -0.8508
vn 0.6756 0.0741 -0.7335
vn 0.4746 -0.2323 -0.8490
vn 0.7121 0.0903 -0.6963
vn 0.8491 0.0937 -0.5198
vn 0.8539 0.0931 -0.5120
vn 0.8050 0.5278 0.2710
vn 0.8020 0.5328 0.2700
vn 0.8094 0.5311 0.2506
vn 0.5360 0.0431 -0.8431
vn 0.6765 0.2059 -0.7071
vn 0.6729 0.1903 -0.7149
vn 0.4429 0.0747 -0.8934
vn 0.2690 0.1471 -0.9518
vn 0.2683 0.1615 -0.9497
vn -0.8075 0.5203 -0.2779
vn -0.8049 0.5262 -0.2741
vn -0.8182 0.5159 -0.2539
vn 0.7774 0.4822 0.4039
vn 0.7726 0.4823 0.4129
vn 0.7722 0.4830 0.4127
vn 0.8140 0.5102 0.2776
vn 0.8109 0.5153 0.2773
vn 0.8173 0.5156 0.2574
vn -0.8892 -0.1650 -0.4267
vn -0.2069 0.2148 0.9545
vn -0.2102 0.2160 0.9535
vn -0.2049 0.2232 0.9530
vn -0.9563 -0.2612 -0.1315
vn -0.9504 -0.2734 -0.1483
vn -0.9521 -0.2656 -0.1517
vn -0.9564 -0.2611 -0.1310
vn -0.9506 -0.2727 -0.1485
vn -0.9524 -0.2646 -0.1515
vn 0.9562 -0.2612 0.1320
vn 0.9507 -0.2722 0.1486
vn 0.9524 -0.2646 0.1515
vn -0.2078 0.2240 0.9522
vn -0.2076 0.2237 0.9523
vn -0.2086 0.2235 0.9521
vn 0.1993 0.3244 -0.9247
vn 0.2028 0.3247 -0.9238
vn 0.1991 0.3333 -0.9216
usemtl Mesh_3694.rip
s 1
f 1/1/1 3/2/2 2/3/3
f 3/2/2 1/1/1 4/4/4
f 1/1/1 2/3/3 5/5/5
f 6/6/6 1/1/1 5/5/5
f 7/7/7 9/8/8 8/9/9
f 9/8/8 7/7/7 10/10/10
f 7/7/7 11/11/11 10/10/10
f 11/11/11 12/12/11 10/10/10
f 13/13/12 12/12/11 11/11/11
f 14/14/13 12/12/11 13/13/12
f 15/15/14 14/14/13 13/13/12
f 14/14/13 15/15/14 16/16/15
f 15/15/14 17/17/16 16/16/15
f 17/17/16 18/18/17 16/16/15
f 17/17/16 19/19/18 18/18/17
f 19/19/18 20/20/19 18/18/17
f 9/8/8 21/21/20 8/9/9
f 9/8/8 22/22/21 21/21/20
f 9/8/8 23/23/22 22/22/21
f 24/24/23 26/25/24 25/26/25
f 27/27/26 24/24/23 25/26/25
f 24/24/23 28/28/27 26/25/24
f 28/28/27 29/29/28 26/25/24
f 28/28/27 30/30/29 29/29/28
f 30/30/29 31/31/30 29/29/28
f 30/30/29 32/32/31 31/31/30
f 33/33/32 27/27/26 25/26/25
f 34/34/33 33/33/32 25/26/25
f 30/30/29 35/35/34 32/32/31
f 36/36/35 38/37/36 37/38/37
f 38/37/36 39/39/38 37/38/37
f 38/37/36 40/40/39 39/39/38
f 40/40/39 41/41/40 39/39/38
f 37/38/37 39/39/38 42/42/41
f 39/39/38 43/43/42 42/42/41
f 39/39/38 44/44/43 43/43/42
f 44/44/43 45/45/44 43/43/42
f 45/45/44 46/46/45 43/43/42
f 45/45/44 47/47/46 46/46/45
f 47/47/46 48/48/47 46/46/45
f 47/47/46 49/49/48 48/48/47
f 49/49/48 50/50/49 48/48/47
f 49/49/48 51/51/50 50/50/49
f 51/51/50 52/52/51 50/50/49
f 51/51/50 53/53/52 52/52/51
f 53/53/52 54/54/53 52/52/51
f 53/53/52 55/55/54 54/54/53
f 55/55/54 53/53/52 56/56/55
f 53/53/52 57/57/56 56/56/55
f 57/57/56 58/58/57 56/56/55
f 57/57/56 59/59/58 58/58/57
f 58/58/57 59/59/58 60/60/59
f 60/60/59 61/61/60 58/58/57
f 62/62/61 61/61/60 60/60/59
f 62/62/61 60/60/59 63/63/62
f 59/59/58 64/64/63 60/60/59
f 64/64/63 59/59/58 65/65/64
f 59/59/58 66/66/65 65/65/64
f 64/64/63 65/65/64 67/67/41
f 68/68/66 64/64/63 67/67/41
f 69/69/67 68/68/66 67/67/41
f 69/69/67 67/67/41 70/70/68
f 71/71/69 69/69/67 70/70/68
f 72/72/70 71/71/69 70/70/68
f 72/72/70 70/70/68 73/73/71
f 74/74/72 72/72/70 73/73/71
f 74/74/72 73/73/71 75/75/73
f 76/76/73 74/74/72 75/75/73
f 76/76/73 75/75/73 77/77/38
f 78/78/74 76/76/73 77/77/38
f 78/78/74 77/77/38 79/79/75
f 80/80/76 78/78/74 79/79/75
f 80/80/76 79/79/75 81/81/77
f 82/82/78 80/80/76 81/81/77
f 82/82/78 81/81/77 83/83/79
f 83/83/79 81/81/77 84/84/80
f 81/81/77 85/85/81 84/84/80
f 84/84/80 86/86/82 83/83/79
f 85/85/81 87/87/83 84/84/80
f 87/87/83 88/88/84 84/84/80
f 89/89/49 88/88/84 87/87/83
f 90/90/85 89/89/49 87/87/83
f 90/90/85 87/87/83 91/91/86
f 88/88/84 89/89/49 92/92/50
f 93/93/87 88/88/84 92/92/50
f 88/88/84 93/93/87 94/94/88
f 88/88/84 94/94/88 95/95/89
f 96/96/90 90/90/85 91/91/86
f 96/96/90 91/91/86 97/97/91
f 98/98/92 96/96/90 97/97/91
f 98/98/92 97/97/91 99/99/93
f 100/100/94 98/98/92 99/99/93
f 101/101/95 98/98/92 100/100/94
f 102/102/96 101/101/95 100/100/94
f 101/101/95 102/102/96 103/103/97
f 102/102/96 104/104/98 103/103/97
f 102/102/96 105/105/99 104/104/98
f 94/94/88 106/106/100 95/95/89
f 94/94/88 107/107/101 106/106/100
f 107/107/101 108/108/102 106/106/100
f 107/107/101 109/109/81 108/108/102
f 107/107/101 110/110/81 109/109/81
f 110/110/81 111/111/103 109/109/81
f 111/111/103 112/112/104 109/109/81
f 111/111/103 113/113/99 112/112/104
f 113/113/99 111/111/103 114/114/35
f 115/115/93 113/113/99 114/114/35
f 115/115/93 114/114/35 116/116/105
f 117/117/106 115/115/93 116/116/105
f 117/117/106 118/118/107 115/115/93
f 118/118/107 119/119/108 115/115/93
f 118/118/107 120/120/109 119/119/108
f 120/120/109 121/121/109 119/119/108
f 120/120/109 122/122/103 121/121/109
f 122/122/103 123/123/110 121/121/109
f 122/122/103 124/124/111 123/123/110
f 124/124/111 122/122/103 125/125/112
f 126/126/77 124/124/111 125/125/112
f 127/127/36 126/126/77 125/125/112
f 126/126/77 127/127/36 128/128/113
f 129/129/114 126/126/77 128/128/113
f 129/129/114 128/128/113 130/130/115
f 126/126/77 129/129/114 131/131/116
f 126/126/77 131/131/116 132/132/35
f 131/131/116 129/129/114 133/133/117
f 129/129/114 134/134/105 133/133/117
f 129/129/114 135/135/118 134/134/105
f 135/135/118 136/136/42 134/134/105
f 136/136/42 137/137/115 134/134/105
f 136/136/42 138/138/46 137/137/115
f 138/138/46 139/139/113 137/137/115
f 138/138/46 140/140/48 139/139/113
f 140/140/48 141/141/49 139/139/113
f 140/140/48 142/142/50 141/141/49
f 142/142/50 143/143/51 141/141/49
f 142/142/50 144/144/119 143/143/51
f 144/144/119 145/145/120 143/143/51
f 144/144/119 146/146/121 145/145/120
f 146/146/121 144/144/119 147/147/122
f 147/147/122 144/144/119 148/148/123
f 148/148/123 144/144/119 149/149/124
f 144/144/119 150/150/125 149/149/124
f 150/150/125 151/151/126 149/149/124
f 152/152/127 149/149/124 151/151/126
f 153/153/128 152/152/127 151/151/126
f 144/144/119 154/154/129 150/150/125
f 150/150/125 154/154/129 155/155/45
f 153/153/128 151/151/126 156/156/130
f 156/156/130 157/157/131 153/153/128
f 158/158/132 157/157/131 156/156/130
f 158/158/132 156/156/130 159/159/133
f 160/160/134 158/158/132 159/159/133
f 160/160/134 159/159/133 161/161/135
f 162/162/136 160/160/134 161/161/135
f 162/162/136 161/161/135 163/163/137
f 164/164/138 162/162/136 163/163/137
f 165/165/139 164/164/138 163/163/137
f 164/164/138 165/165/139 166/166/140
f 165/165/139 167/167/141 166/166/140
f 165/165/139 168/168/142 167/167/141
f 168/168/142 169/169/143 167/167/141
f 168/168/142 170/170/144 169/169/143
f 168/168/142 171/171/145 170/170/144
f 171/171/145 172/172/146 170/170/144
f 171/171/145 173/173/147 172/172/146
f 171/171/145 174/174/148 173/173/147
f 174/174/148 175/175/149 173/173/147
f 174/174/148 176/176/150 175/175/149
f 176/176/150 177/177/151 175/175/149
f 178/178/152 177/177/151 176/176/150
f 179/179/153 177/177/151 178/178/152
f 180/180/154 179/179/153 178/178/152
f 180/180/154 178/178/152 181/181/155
f 181/181/155 178/178/152 182/182/156
f 182/182/156 183/183/157 181/181/155
f 182/182/156 184/184/158 183/183/157
f 182/182/156 185/185/159 184/184/158
f 186/186/160 184/184/158 185/185/159
f 186/186/160 185/185/159 187/187/161
f 188/188/162 186/186/160 187/187/161
f 189/189/163 186/186/160 188/188/162
f 189/189/163 184/184/158 186/186/160
f 184/184/158 190/190/164 183/183/157
f 184/184/158 191/191/165 190/190/164
f 184/184/158 189/189/163 191/191/165
f 192/192/166 188/188/162 187/187/161
f 193/193/167 188/188/162 192/192/166
f 193/193/167 192/192/166 194/194/168
f 194/194/168 195/195/169 193/193/167
f 194/194/168 196/196/170 195/195/169
f 194/194/168 192/192/166 197/197/49
f 194/194/168 197/197/49 198/198/171
f 199/199/87 194/194/168 198/198/171
f 197/197/49 192/192/166 200/200/83
f 194/194/168 199/199/87 201/201/88
f 194/194/168 201/201/88 202/202/172
f 203/203/85 197/197/49 200/200/83
f 203/203/85 200/200/83 204/204/173
f 205/205/90 203/203/85 204/204/173
f 205/205/90 204/204/173 206/206/91
f 207/207/174 205/205/90 206/206/91
f 205/205/90 207/207/174 208/208/175
f 207/207/174 209/209/94 208/208/175
f 209/209/94 210/210/95 208/208/175
f 209/209/94 211/211/176 210/210/95
f 212/212/177 210/210/95 211/211/176
f 213/213/178 212/212/177 211/211/176
f 213/213/178 211/211/176 214/214/179
f 215/215/175 213/213/178 214/214/179
f 201/201/88 216/216/180 202/202/172
f 201/201/88 217/217/35 216/216/180
f 217/217/35 218/218/181 216/216/180
f 217/217/35 219/219/87 218/218/181
f 219/219/87 220/220/81 218/218/181
f 219/219/87 221/221/103 220/220/81
f 221/221/103 222/222/104 220/220/81
f 221/221/103 223/223/179 222/222/104
f 223/223/179 221/221/103 224/224/101
f 225/225/111 223/223/179 224/224/101
f 225/225/111 224/224/101 226/226/182
f 227/227/183 225/225/111 226/226/182
f 227/227/183 228/228/108 225/225/111
f 228/228/108 229/229/107 225/225/111
f 228/228/108 230/230/184 229/229/107
f 230/230/184 231/231/184 229/229/107
f 230/230/184 232/232/94 231/231/184
f 232/232/94 233/233/185 231/231/184
f 232/232/94 234/234/186 233/233/185
f 234/234/186 235/235/93 233/233/185
f 234/234/186 38/37/36 235/235/93
f 38/37/36 236/236/77 235/235/93
f 38/37/36 237/237/187 236/236/77
f 237/237/187 38/37/36 36/36/35
f 238/238/188 240/239/189 239/240/190
f 238/238/188 239/240/190 241/241/191
f 242/242/192 238/238/188 241/241/191
f 238/238/188 242/242/192 243/243/193
f 240/239/189 244/244/194 239/240/190
f 240/239/189 245/245/66 244/244/194
f 244/244/194 245/245/66 246/246/117
f 244/244/194 246/246/117 247/247/108
f 248/248/195 247/247/108 246/246/117
f 249/249/196 248/248/195 246/246/117
f 250/250/197 249/249/196 246/246/117
f 249/249/196 250/250/197 251/251/198
f 250/250/197 252/252/70 251/251/198
f 250/250/197 253/253/95 252/252/70
f 253/253/95 254/254/72 252/252/70
f 253/253/95 255/255/73 254/254/72
f 255/255/73 256/256/73 254/254/72
f 255/255/73 257/257/38 256/256/73
f 257/257/38 258/258/74 256/256/73
f 257/257/38 259/259/75 258/258/74
f 259/259/75 260/260/76 258/258/74
f 259/259/75 261/261/199 260/260/76
f 261/261/199 262/262/200 260/260/76
f 261/261/199 263/263/201 262/262/200
f 264/264/202 263/263/201 261/261/199
f 265/265/203 264/264/202 261/261/199
f 265/265/203 261/261/199 192/192/166
f 261/261/199 266/266/81 192/192/166
f 266/266/81 200/200/83 192/192/166
f 267/267/204 269/268/205 268/269/206
f 267/267/204 270/270/205 269/268/205
f 270/270/205 271/271/207 269/268/205
f 270/270/205 272/272/207 271/271/207
f 272/272/207 273/273/208 271/271/207
f 272/272/207 274/274/208 273/273/208
f 274/274/208 275/275/209 273/273/208
f 274/274/208 276/276/210 275/275/209
f 277/277/211 267/267/204 268/269/206
f 277/277/211 268/269/206 278/278/212
f 279/279/213 277/277/211 278/278/212
f 279/279/213 278/278/212 280/280/214
f 281/281/215 279/279/213 280/280/214
f 279/279/213 281/281/215 282/282/216
f 283/283/217 275/275/209 276/276/210
f 283/283/217 276/276/210 284/284/218
f 284/284/218 285/285/219 283/283/217
f 285/285/219 286/286/220 283/283/217
f 285/285/219 287/287/221 286/286/220
f 287/287/221 288/288/222 286/286/220
f 289/289/223 291/290/224 290/291/225
f 289/289/223 290/291/225 292/292/226
f 289/289/223 293/293/227 291/290/224
f 289/289/223 294/294/228 293/293/227
f 295/295/229 289/289/223 292/292/226
f 289/289/223 295/295/229 294/294/228
f 292/292/226 296/296/230 295/295/229
f 296/296/230 297/297/231 295/295/229
f 295/295/229 297/297/231 298/298/232
f 295/295/229 298/298/232 294/294/228
f 297/297/231 299/299/233 298/298/232
f 300/300/234 298/298/232 299/299/233
f 294/294/228 298/298/232 300/300/234
f 301/301/235 293/293/227 294/294/228
f 294/294/228 300/300/234 301/301/235
f 301/301/235 302/302/236 293/293/227
f 303/303/237 302/302/236 301/301/235
f 300/300/234 303/303/237 301/301/235
f 304/304/238 302/302/236 303/303/237
f 304/304/238 303/303/237 305/305/239
f 306/306/240 305/305/239 303/303/237
f 303/303/237 300/300/234 307/307/241
f 306/306/240 303/303/237 308/308/242
f 308/308/242 303/303/237 307/307/241
f 305/305/239 309/309/243 304/304/238
f 308/308/242 310/310/244 306/306/240
f 311/311/245 310/310/244 308/308/242
f 312/312/246 306/306/240 310/310/244
f 312/312/246 305/305/239 306/306/240
f 312/312/246 310/310/244 313/313/247
f 313/313/247 314/314/248 312/312/246
f 315/315/249 312/312/246 314/314/248
f 315/315/249 314/314/248 316/316/250
f 315/315/249 316/316/250 317/317/251
f 317/317/251 316/316/250 318/318/252
f 316/316/250 319/319/253 318/318/252
f 310/310/244 320/320/254 313/313/247
f 321/321/255 320/320/254 310/310/244
f 319/319/253 322/322/256 318/318/252
f 319/319/253 323/323/257 322/322/256
f 323/323/257 324/324/258 322/322/256
f 325/325/259 324/324/258 323/323/257
f 325/325/259 323/323/257 326/326/260
f 327/327/261 325/325/259 326/326/260
f 325/325/259 328/328/262 324/324/258
f 328/328/262 329/329/263 324/324/258
f 328/328/262 315/315/249 329/329/263
f 330/330/264 329/329/263 315/315/249
f 315/315/249 317/317/251 330/330/264
f 315/315/249 328/328/262 331/331/265
f 332/332/266 327/327/261 326/326/260
f 333/333/267 332/332/266 326/326/260
f 334/334/268 332/332/266 333/333/267
f 334/334/268 333/333/267 335/335/269
f 336/336/270 334/334/268 335/335/269
f 334/334/268 336/336/270 337/337/271
f 334/334/268 337/337/271 338/338/272
f 337/337/271 339/339/273 338/338/272
f 338/338/272 340/340/274 334/334/268
f 338/338/272 341/341/275 340/340/274
f 342/342/276 341/341/275 338/338/272
f 343/343/277 342/342/276 338/338/272
f 344/344/278 342/342/276 343/343/277
f 344/344/278 345/345/279 342/342/276
f 345/345/279 346/346/280 342/342/276
f 347/347/281 344/344/278 343/343/277
f 344/344/278 347/347/281 348/348/282
f 347/347/281 343/343/277 349/349/283
f 338/338/272 339/339/273 350/350/284
f 349/349/283 343/343/277 350/350/284
f 343/343/277 338/338/272 350/350/284
f 339/339/273 351/351/285 350/350/284
f 351/351/285 352/352/286 350/350/284
f 352/352/286 353/353/287 350/350/284
f 353/353/287 349/349/283 350/350/284
f 352/352/286 351/351/285 354/354/288
f 352/352/286 355/355/289 353/353/287
f 356/356/290 344/344/278 348/348/282
f 356/356/290 357/357/291 344/344/278
f 344/344/278 357/357/291 345/345/279
f 358/358/292 348/348/282 347/347/281
f 358/358/292 356/356/290 348/348/282
f 359/359/293 358/358/292 347/347/281
f 359/359/293 347/347/281 360/360/294
f 360/360/294 361/361/295 359/359/293
f 362/362/296 359/359/293 361/361/295
f 362/362/296 363/363/297 359/359/293
f 363/363/297 364/364/298 359/359/293
f 364/364/298 363/363/297 365/365/299
f 353/353/287 355/355/289 366/366/300
f 367/367/301 353/353/287 366/366/300
f 368/368/302 367/367/301 366/366/300
f 367/367/301 369/369/303 353/353/287
f 367/367/301 370/370/304 369/369/303
f 367/367/301 368/368/302 371/371/305
f 370/370/304 372/372/306 369/369/303
f 370/370/304 373/373/307 372/372/306
f 374/374/308 373/373/307 370/370/304
f 374/374/308 375/375/309 373/373/307
f 374/374/308 376/376/310 375/375/309
f 373/373/307 377/377/311 372/372/306
f 373/373/307 378/378/312 377/377/311
f 379/379/313 374/374/308 370/370/304
f 379/379/313 370/370/304 380/380/314
f 376/376/310 381/381/315 375/375/309
f 381/381/315 382/382/316 375/375/309
f 383/383/317 373/373/307 375/375/309
f 373/373/307 383/383/317 384/384/318
f 385/385/319 373/373/307 384/384/318
f 378/378/312 373/373/307 385/385/319
f 385/385/319 384/384/318 386/386/320
f 385/385/319 386/386/320 387/387/321
f 375/375/309 382/382/316 388/388/322
f 375/375/309 388/388/322 389/389/323
f 375/375/309 389/389/323 390/390/324
f 383/383/317 375/375/309 390/390/324
f 382/382/316 381/381/315 391/391/325
f 392/392/326 379/379/313 380/380/314
f 379/379/313 392/392/326 393/393/327
f 394/394/328 379/379/313 393/393/327
f 394/394/328 393/393/327 395/395/329
f 368/368/302 394/394/328 395/395/329
f 386/386/320 396/396/330 387/387/321
f 396/396/330 397/397/331 387/387/321
f 397/397/331 396/396/330 398/398/332
f 398/398/332 399/399/333 397/397/331
f 400/400/334 399/399/333 398/398/332
f 401/401/335 400/400/334 398/398/332
f 398/398/332 402/402/336 401/401/335
f 402/402/336 403/403/337 401/401/335
f 402/402/336 404/404/338 403/403/337
f 402/402/336 405/405/339 404/404/338
f 405/405/339 406/406/340 404/404/338
f 405/405/339 407/407/341 406/406/340
f 407/407/341 408/408/342 406/406/340
f 407/407/341 409/409/343 408/408/342
f 409/409/343 410/410/344 408/408/342
f 409/409/343 411/411/345 410/410/344
f 412/412/346 407/407/341 405/405/339
f 412/412/346 413/413/347 407/407/341
f 413/413/347 409/409/343 407/407/341
f 414/414/348 412/412/346 405/405/339
f 414/414/348 405/405/339 415/415/349
f 415/415/349 405/405/339 402/402/336
f 413/413/347 416/416/350 409/409/343
f 416/416/350 411/411/345 409/409/343
f 416/416/350 413/413/347 388/388/322
f 416/416/350 388/388/322 417/417/351
f 383/383/317 412/412/346 414/414/348
f 390/390/324 413/413/347 412/412/346
f 383/383/317 390/390/324 412/412/346
f 418/418/352 416/416/350 417/417/351
f 418/418/352 419/419/353 416/416/350
f 420/420/354 419/419/353 418/418/352
f 421/421/355 419/419/353 420/420/354
f 422/422/356 420/420/354 418/418/352
f 417/417/351 422/422/356 418/418/352
f 422/422/356 423/423/357 420/420/354
f 422/422/356 424/424/358 423/423/357
f 424/424/358 425/425/359 423/423/357
f 424/424/358 422/422/356 426/426/360
f 424/424/358 426/426/360 427/427/361
f 424/424/358 427/427/361 428/428/362
f 427/427/361 429/429/363 428/428/362
f 424/424/358 428/428/362 430/430/364
f 424/424/358 430/430/364 425/425/359
f 421/421/355 431/431/365 419/419/353
f 419/419/353 431/431/365 416/416/350
f 431/431/365 432/432/366 416/416/350
f 433/433/367 427/427/361 426/426/360
f 434/434/368 433/433/367 426/426/360
f 433/433/367 434/434/368 435/435/369
f 434/434/368 436/436/370 435/435/369
f 434/434/368 426/426/360 437/437/371
f 438/438/372 434/434/368 437/437/371
f 435/435/369 436/436/370 439/439/373
f 433/433/367 435/435/369 440/440/374
f 441/441/375 433/433/367 440/440/374
f 433/433/367 441/441/375 427/427/361
f 441/441/375 429/429/363 427/427/361
f 441/441/375 440/440/374 442/442/376
f 441/441/375 442/442/376 429/429/363
f 442/442/376 440/440/374 443/443/377
f 440/440/374 435/435/369 443/443/377
f 435/435/369 444/444/378 443/443/377
f 444/444/378 435/435/369 439/439/373
f 442/442/376 443/443/377 445/445/379
f 443/443/377 446/446/380 445/445/379
f 434/434/368 438/438/372 447/447/381
f 434/434/368 447/447/381 448/448/382
f 436/436/370 434/434/368 448/448/382
f 429/429/363 442/442/376 445/445/379
f 429/429/363 445/445/379 449/449/383
f 445/445/379 450/450/384 449/449/383
f 450/450/384 451/451/385 449/449/383
f 452/452/386 444/444/378 439/439/373
f 453/453/387 444/444/378 452/452/386
f 453/453/387 454/454/388 444/444/378
f 454/454/388 455/455/389 444/444/378
f 443/443/377 455/455/389 446/446/380
f 444/444/378 455/455/389 443/443/377
f 453/453/387 452/452/386 456/456/390
f 457/457/391 453/453/387 456/456/390
f 447/447/381 458/458/392 448/448/382
f 458/458/392 459/459/393 448/448/382
f 458/458/392 460/460/394 459/459/393
f 448/448/382 459/459/393 461/461/395
f 461/461/395 459/459/393 462/462/396
f 461/461/395 462/462/396 463/463/397
f 463/463/397 462/462/396 464/464/398
f 463/463/397 464/464/398 465/465/399
f 452/452/386 463/463/397 465/465/399
f 452/452/386 465/465/399 456/456/390
f 459/459/393 460/460/394 466/466/400
f 462/462/396 466/466/400 464/464/398
f 459/459/393 466/466/400 462/462/396
f 466/466/400 460/460/394 467/467/401
f 467/467/401 468/468/402 466/466/400
f 460/460/394 469/469/403 467/467/401
f 381/381/315 469/469/403 460/460/394
f 466/466/400 468/468/402 470/470/404
f 471/471/405 466/466/400 470/470/404
f 466/466/400 471/471/405 464/464/398
f 471/471/405 470/470/404 472/472/406
f 473/473/407 471/471/405 472/472/406
f 474/474/408 471/471/405 473/473/407
f 471/471/405 474/474/408 475/475/409
f 475/475/409 474/474/408 476/476/410
f 475/475/409 476/476/410 477/477/411
f 478/478/306 475/475/409 477/477/411
f 478/478/306 477/477/411 479/479/412
f 478/478/306 479/479/412 480/480/413
f 479/479/412 481/481/414 480/480/413
f 482/482/415 481/481/414 479/479/412
f 481/481/414 482/482/415 483/483/416
f 482/482/415 484/484/417 483/483/416
f 485/485/418 484/484/417 482/482/415
f 485/485/418 486/486/419 484/484/417
f 486/486/419 487/487/420 484/484/417
f 475/475/409 488/488/421 487/487/420
f 475/475/409 478/478/306 488/488/421
f 489/489/422 475/475/409 487/487/420
f 486/486/419 489/489/422 487/487/420
f 489/489/422 486/486/419 490/490/423
f 491/491/424 489/489/422 490/490/423
f 485/485/418 482/482/415 492/492/425
f 492/492/425 493/493/426 485/485/418
f 493/493/426 491/491/424 494/494/427
f 493/493/426 494/494/427 485/485/418
f 493/493/426 495/495/428 491/491/424
f 496/496/429 489/489/422 491/491/424
f 496/496/429 491/491/424 497/497/430
f 491/491/424 498/498/431 497/497/430
f 499/499/432 498/498/431 491/491/424
f 497/497/430 498/498/431 500/500/433
f 497/497/430 500/500/433 501/501/434
f 501/501/434 500/500/433 502/502/435
f 502/502/435 500/500/433 503/503/436
f 503/503/436 500/500/433 498/498/431
f 503/503/436 498/498/431 499/499/432
f 504/504/437 502/502/435 503/503/436
f 504/504/437 505/505/438 502/502/435
f 506/506/439 504/504/437 503/503/436
f 503/503/436 499/499/432 506/506/439
f 507/507/440 505/505/438 504/504/437
f 505/505/438 508/508/441 502/502/435
f 501/501/434 502/502/435 508/508/441
f 505/505/438 509/509/442 508/508/441
f 509/509/442 510/510/443 508/508/441
f 509/509/442 511/511/444 510/510/443
f 512/512/445 511/511/444 509/509/442
f 513/513/446 510/510/443 511/511/444
f 513/513/446 514/514/447 510/510/443
f 514/514/447 508/508/441 510/510/443
f 514/514/447 501/501/434 508/508/441
f 497/497/430 501/501/434 514/514/447
f 515/515/448 497/497/430 514/514/447
f 515/515/448 514/514/447 516/516/449
f 515/515/448 516/516/449 517/517/450
f 518/518/451 511/511/444 512/512/445
f 519/519/452 518/518/451 512/512/445
f 520/520/453 519/519/452 512/512/445
f 521/521/454 519/519/452 520/520/453
f 522/522/455 521/521/454 520/520/453
f 520/520/453 512/512/445 523/523/456
f 524/524/457 518/518/451 519/519/452
f 521/521/454 524/524/457 519/519/452
f 524/524/457 525/525/458 518/518/451
f 525/525/458 524/524/457 521/521/454
f 525/525/458 511/511/444 518/518/451
f 516/516/449 525/525/458 517/517/450
f 525/525/458 513/513/446 511/511/444
f 525/525/458 526/526/459 517/517/450
f 525/525/458 527/527/460 526/526/459
f 521/521/454 527/527/460 525/525/458
f 526/526/459 527/527/460 528/528/461
f 489/489/422 517/517/450 526/526/459
f 475/475/409 489/489/422 526/526/459
f 475/475/409 526/526/459 529/529/462
f 529/529/462 526/526/459 528/528/461
f 475/475/409 529/529/462 530/530/463
f 531/531/464 530/530/463 529/529/462
f 531/531/464 532/532/465 530/530/463
f 533/533/466 475/475/409 530/530/463
f 533/533/466 471/471/405 475/475/409
f 471/471/405 533/533/466 534/534/467
f 535/535/468 534/534/467 533/533/466
f 533/533/466 536/536/469 535/535/468
f 536/536/469 530/530/463 532/532/465
f 533/533/466 530/530/463 536/536/469
f 535/535/468 536/536/469 537/537/470
f 536/536/469 538/538/471 537/537/470
f 538/538/471 536/536/469 532/532/465
f 537/537/470 538/538/471 539/539/472
f 535/535/468 537/537/470 540/540/473
f 541/541/474 537/537/470 539/539/472
f 537/537/470 541/541/474 540/540/473
f 538/538/471 532/532/465 542/542/475
f 542/542/475 539/539/472 538/538/471
f 541/541/474 539/539/472 543/543/476
f 542/542/475 543/543/476 539/539/472
f 544/544/477 543/543/476 542/542/475
f 544/544/477 545/545/478 543/543/476
f 545/545/478 544/544/477 546/546/479
f 544/544/477 547/547/480 546/546/479
f 547/547/480 544/544/477 548/548/481
f 549/549/482 548/548/481 544/544/477
f 542/542/475 549/549/482 544/544/477
f 543/543/476 550/550/483 541/541/474
f 550/550/483 540/540/473 541/541/474
f 551/551/484 550/550/483 543/543/476
f 551/551/484 543/543/476 552/552/485
f 551/551/484 552/552/485 553/553/486
f 551/551/484 553/553/486 554/554/487
f 555/555/488 551/551/484 554/554/487
f 551/551/484 555/555/488 550/550/483
f 554/554/487 556/556/489 555/555/488
f 557/557/490 555/555/488 556/556/489
f 555/555/488 557/557/490 550/550/483
f 554/554/487 558/558/491 556/556/489
f 559/559/492 557/557/490 556/556/489
f 540/540/473 557/557/490 559/559/492
f 540/540/473 550/550/483 557/557/490
f 558/558/491 560/560/493 556/556/489
f 556/556/489 560/560/493 559/559/492
f 558/558/491 561/561/494 560/560/493
f 561/561/494 562/562/495 560/560/493
f 561/561/494 563/563/496 562/562/495
f 562/562/495 563/563/496 564/564/497
f 562/562/495 564/564/497 565/565/498
f 562/562/495 565/565/498 566/566/499
f 562/562/495 566/566/499 560/560/493
f 566/566/499 540/540/473 559/559/492
f 560/560/493 566/566/499 559/559/492
f 564/564/497 567/567/500 565/565/498
f 563/563/496 568/568/501 564/564/497
f 564/564/497 568/568/501 567/567/500
f 566/566/499 565/565/498 569/569/502
f 566/566/499 569/569/502 540/540/473
f 565/565/498 570/570/503 569/569/502
f 567/567/500 570/570/503 565/565/498
f 571/571/504 568/568/501 563/563/496
f 568/568/501 571/571/504 567/567/500
f 571/571/504 572/572/505 567/567/500
f 571/571/504 573/573/506 572/572/505
f 573/573/506 571/571/504 574/574/507
f 571/571/504 563/563/496 574/574/507
f 573/573/506 574/574/507 575/575/508
f 572/572/505 576/576/509 570/570/503
f 570/570/503 576/576/509 577/577/510
f 569/569/502 570/570/503 577/577/510
f 578/578/511 573/573/506 575/575/508
f 573/573/506 578/578/511 579/579/512
f 573/573/506 579/579/512 580/580/513
f 573/573/506 580/580/513 572/572/505
f 572/572/505 580/580/513 576/576/509
f 581/581/514 576/576/509 580/580/513
f 580/580/513 582/582/515 581/581/514
f 583/583/516 582/582/515 580/580/513
f 583/583/516 584/584/517 582/582/515
f 584/584/517 585/585/518 582/582/515
f 584/584/517 586/586/519 585/585/518
f 586/586/519 587/587/520 585/585/518
f 581/581/514 588/588/521 576/576/509
f 576/576/509 588/588/521 577/577/510
f 588/588/521 581/581/514 589/589/522
f 471/471/405 588/588/521 589/589/522
f 585/585/518 587/587/520 590/590/523
f 587/587/520 591/591/524 590/590/523
f 591/591/524 592/592/525 590/590/523
f 589/589/522 593/593/526 471/471/405
f 589/589/522 594/594/527 593/593/526
f 594/594/527 595/595/528 593/593/526
f 471/471/405 593/593/526 464/464/398
f 591/591/524 596/596/529 592/592/525
f 596/596/529 597/597/530 592/592/525
f 597/597/530 598/598/531 592/592/525
f 597/597/530 599/599/532 598/598/531
f 599/599/532 600/600/533 598/598/531
f 601/601/534 595/595/528 594/594/527
f 601/601/534 602/602/535 595/595/528
f 601/601/534 603/603/536 602/602/535
f 603/603/536 604/604/537 602/602/535
f 603/603/536 605/605/538 604/604/537
f 603/603/536 606/606/539 605/605/538
f 606/606/539 607/607/540 605/605/538
f 606/606/539 608/608/541 607/607/540
f 606/606/539 609/609/542 608/608/541
f 610/610/543 609/609/542 600/600/533
f 611/611/544 610/610/543 600/600/533
f 612/612/545 609/609/542 606/606/539
f 600/600/533 609/609/542 612/612/545
f 600/600/533 612/612/545 598/598/531
f 600/600/533 613/613/546 611/611/544
f 611/611/544 613/613/546 614/614/547
f 610/610/543 615/615/548 609/609/542
f 615/615/548 616/616/549 609/609/542
f 617/617/550 616/616/549 615/615/548
f 616/616/549 617/617/550 618/618/551
f 613/613/546 619/619/552 614/614/547
f 619/619/552 620/620/553 614/614/547
f 620/620/553 621/621/554 614/614/547
f 621/621/554 622/622/555 614/614/547
f 622/622/555 623/623/556 614/614/547
f 623/623/556 622/622/555 624/624/557
f 622/622/555 625/625/558 624/624/557
f 625/625/558 626/626/559 624/624/557
f 626/626/559 625/625/558 627/627/560
f 621/621/554 620/620/553 628/628/561
f 628/628/561 620/620/553 619/619/552
f 629/629/562 621/621/554 628/628/561
f 629/629/562 628/628/561 630/630/563
f 631/631/564 630/630/563 628/628/561
f 628/628/561 619/619/552 631/631/564
f 632/632/565 629/629/562 630/630/563
f 629/629/562 632/632/565 633/633/566
f 634/634/567 629/629/562 633/633/566
f 635/635/568 633/633/566 632/632/565
f 636/636/569 635/635/568 632/632/565
f 636/636/569 632/632/565 630/630/563
f 631/631/564 636/636/569 630/630/563
f 634/634/567 633/633/566 637/637/570
f 635/635/568 637/637/570 633/633/566
f 575/575/508 634/634/567 637/637/570
f 575/575/508 637/637/570 638/638/571
f 639/639/572 638/638/571 637/637/570
f 637/637/570 635/635/568 639/639/572
f 575/575/508 638/638/571 640/640/573
f 641/641/574 640/640/573 638/638/571
f 639/639/572 641/641/574 638/638/571
f 640/640/573 641/641/574 579/579/512
f 578/578/511 575/575/508 640/640/573
f 578/578/511 640/640/573 579/579/512
f 642/642/575 644/643/576 643/644/577
f 645/645/578 644/643/576 642/642/575
f 644/643/576 646/646/97 643/644/577
f 644/643/576 647/647/579 646/646/97
f 647/647/579 648/648/580 646/646/97
f 647/647/579 649/649/111 648/648/580
f 649/649/111 650/650/581 648/648/580
f 649/649/111 651/651/582 650/650/581
f 651/651/582 652/652/114 650/650/581
f 651/651/582 653/653/583 652/652/114
f 651/651/582 654/654/46 653/653/583
f 654/654/46 655/655/99 653/653/583
f 654/654/46 656/656/66 655/655/99
f 656/656/66 654/654/46 657/657/584
f 656/656/66 657/657/584 658/658/51
f 659/659/585 656/656/66 658/658/51
f 656/656/66 660/660/586 655/655/99
f 656/656/66 661/661/587 660/660/586
f 660/660/586 661/661/587 662/662/588
f 659/659/585 658/658/51 663/663/77
f 658/658/51 664/664/129 663/663/77
f 658/658/51 665/665/48 664/664/129
f 658/658/51 666/666/188 665/665/48
f 658/658/51 667/667/189 666/666/188
f 667/667/189 668/668/189 666/666/188
f 667/667/189 669/669/589 668/668/189
f 669/669/589 670/670/66 668/668/189
f 669/669/589 671/671/590 670/670/66
f 660/660/586 662/662/588 672/672/591
f 671/671/590 669/669/589 673/673/592
f 669/669/589 674/674/593 673/673/592
f 669/669/589 675/675/594 674/674/593
f 669/669/589 676/676/595 675/675/594
f 676/676/595 677/677/596 675/675/594
f 676/676/595 678/678/597 677/677/596
f 677/677/596 678/678/597 679/679/598
f 678/678/597 680/680/176 679/679/598
f 678/678/597 681/681/95 680/680/176
f 681/681/95 682/682/71 680/680/176
f 681/681/95 683/683/599 682/682/71
f 683/683/599 684/684/73 682/682/71
f 683/683/599 685/685/600 684/684/73
f 685/685/600 686/686/38 684/684/73
f 685/685/600 687/687/39 686/686/38
f 685/685/600 688/688/200 687/687/39
f 688/688/200 689/689/601 687/687/39
f 688/688/200 690/690/602 689/689/601
f 690/690/602 691/691/189 689/689/601
f 689/689/601 691/691/189 692/692/603
f 689/689/601 692/692/603 693/693/604
f 694/694/605 689/689/601 693/693/604
f 690/690/602 695/695/606 691/691/189
f 696/696/607 698/697/608 697/698/609
f 698/697/608 696/696/607 699/699/610
f 700/700/611 698/697/608 699/699/610
f 701/701/612 696/696/607 697/698/609
f 701/701/612 697/698/609 702/702/613
f 703/703/614 701/701/612 702/702/613
f 702/702/613 704/704/615 703/703/614
f 703/703/614 704/704/615 705/705/616
f 706/706/617 703/703/614 705/705/616
f 706/706/617 705/705/616 707/707/618
f 708/708/619 706/706/617 707/707/618
f 708/708/619 707/707/618 709/709/620
f 708/708/619 709/709/620 710/710/621
f 711/711/622 708/708/619 710/710/621
f 711/711/622 710/710/621 712/712/623
f 713/713/624 711/711/622 712/712/623
f 712/712/623 714/714/625 713/713/624
f 714/714/625 715/715/626 713/713/624
f 714/714/625 716/716/627 715/715/626
f 716/716/627 717/717/628 715/715/626
f 716/716/627 718/718/629 717/717/628
f 719/719/630 717/717/628 718/718/629
f 719/719/630 720/720/631 717/717/628
f 719/719/630 721/721/632 720/720/631
f 722/722/633 720/720/631 721/721/632
f 722/722/633 721/721/632 723/723/634
f 724/724/635 726/725/636 725/726/637
f 727/727/638 726/725/636 724/724/635
f 724/724/635 728/728/639 727/727/638
f 727/727/638 728/728/639 729/729/640
f 724/724/635 725/726/637 730/730/641
f 730/730/641 725/726/637 731/731/642
f 726/725/636 732/732/643 725/726/637
f 732/732/643 733/733/644 725/726/637
f 734/734/645 733/733/644 732/732/643
f 733/733/644 734/734/645 735/735/646
f 731/731/642 725/726/637 736/736/647
f 731/731/642 736/736/647 737/737/648
f 738/738/649 731/731/642 737/737/648
f 738/738/649 739/739/650 731/731/642
f 738/738/649 740/740/651 739/739/650
f 739/739/650 740/740/651 741/741/652
f 742/742/653 739/739/650 741/741/652
f 743/743/654 742/742/653 741/741/652
f 742/742/653 743/743/654 744/744/655
f 745/745/656 742/742/653 744/744/655
f 746/746/657 742/742/653 745/745/656
f 746/746/657 747/747/658 742/742/653
f 748/748/659 746/746/657 745/745/656
f 746/746/657 748/748/659 749/749/660
f 748/748/659 750/750/661 749/749/660
f 748/748/659 751/751/662 750/750/661
f 751/751/662 752/752/663 750/750/661
f 750/750/661 752/752/663 753/753/664
f 746/746/657 749/749/660 754/754/665
f 748/748/659 745/745/656 755/755/666
f 755/755/666 745/745/656 756/756/667
f 745/745/656 744/744/655 756/756/667
f 755/755/666 756/756/667 757/757/668
f 758/758/669 755/755/666 757/757/668
f 759/759/670 748/748/659 755/755/666
f 760/760/671 759/759/670 755/755/666
f 759/759/670 760/760/671 761/761/672
f 762/762/673 747/747/658 746/746/657
f 747/747/658 762/762/673 763/763/674
f 764/764/675 747/747/658 763/763/674
f 758/758/669 757/757/668 765/765/676
f 766/766/677 758/758/669 765/765/676
f 767/767/678 758/758/669 766/766/677
f 767/767/678 768/768/679 758/758/669
f 765/765/676 769/769/680 766/766/677
f 766/766/677 769/769/680 311/311/245
f 768/768/679 770/770/681 758/758/669
f 768/768/679 771/771/682 770/770/681
f 771/771/682 772/772/683 770/770/681
f 770/770/681 772/772/683 773/773/684
f 772/772/683 774/774/685 773/773/684
f 774/774/685 775/775/686 773/773/684
f 774/774/685 776/776/687 775/775/686
f 776/776/687 777/777/688 775/775/686
f 777/777/688 778/778/689 775/775/686
f 777/777/688 779/779/690 778/778/689
f 779/779/690 724/724/635 778/778/689
f 724/724/635 730/730/641 778/778/689
f 311/311/245 769/769/680 310/310/244
f 321/321/255 310/310/244 780/780/691
f 781/781/692 321/321/255 780/780/691
f 782/782/693 781/781/692 780/780/691
f 783/783/694 782/782/693 780/780/691
f 782/782/693 784/784/695 781/781/692
f 784/784/695 782/782/693 785/785/696
f 782/782/693 786/786/697 785/785/696
f 782/782/693 787/787/698 786/786/697
f 787/787/698 782/782/693 788/788/699
f 785/785/696 786/786/697 789/789/700
f 786/786/697 790/790/701 789/789/700
f 786/786/697 791/791/702 790/790/701
f 783/783/694 780/780/691 765/765/676
f 783/783/694 765/765/676 792/792/703
f 792/792/703 743/743/654 783/783/694
f 793/793/704 787/787/698 788/788/699
f 783/783/694 794/794/705 782/782/693
f 795/795/706 794/794/705 783/783/694
f 795/795/706 783/783/694 796/796/707
f 797/797/708 795/795/706 796/796/707
f 798/798/709 795/795/706 797/797/708
f 798/798/709 799/799/710 795/795/706
f 799/799/710 794/794/705 795/795/706
f 800/800/711 799/799/710 798/798/709
f 788/788/699 799/799/710 800/800/711
f 788/788/699 782/782/693 799/799/710
f 799/799/710 782/782/693 794/794/705
f 801/801/712 800/800/711 798/798/709
f 802/802/713 801/801/712 798/798/709
f 803/803/714 801/801/712 802/802/713
f 801/801/712 803/803/714 800/800/711
f 804/804/715 803/803/714 802/802/713
f 793/793/704 803/803/714 805/805/716
f 803/803/714 806/806/717 805/805/716
f 803/803/714 804/804/715 806/806/717
f 803/803/714 807/807/718 800/800/711
f 803/803/714 793/793/704 807/807/718
f 804/804/715 802/802/713 808/808/719
f 809/809/720 804/804/715 808/808/719
f 809/809/720 808/808/719 810/810/721
f 810/810/721 808/808/719 811/811/722
f 808/808/719 802/802/713 811/811/722
f 802/802/713 812/812/723 811/811/722
f 812/812/723 802/802/713 798/798/709
f 810/810/721 811/811/722 813/813/724
f 811/811/722 814/814/725 813/813/724
f 804/804/715 815/815/726 806/806/717
f 804/804/715 809/809/720 815/815/726
f 816/816/727 806/806/717 815/815/726
f 816/816/727 817/817/728 806/806/717
f 817/817/728 805/805/716 806/806/717
f 817/817/728 816/816/727 818/818/729
f 816/816/727 819/819/730 818/818/729
f 816/816/727 815/815/726 820/820/731
f 815/815/726 821/821/732 820/820/731
f 821/821/732 810/810/721 813/813/724
f 809/809/720 810/810/721 821/821/732
f 809/809/720 821/821/732 815/815/726
f 821/821/732 813/813/724 822/822/733
f 813/813/724 823/823/734 822/822/733
f 823/823/734 824/824/735 822/822/733
f 816/816/727 820/820/731 825/825/736
f 816/816/727 825/825/736 819/819/730
f 817/817/728 818/818/729 826/826/737
f 817/817/728 826/826/737 827/827/738
f 826/826/737 828/828/739 827/827/738
f 827/827/738 828/828/739 829/829/740
f 830/830/741 828/828/739 826/826/737
f 828/828/739 831/831/742 829/829/740
f 830/830/741 831/831/742 828/828/739
f 831/831/742 832/832/743 829/829/740
f 831/831/742 833/833/744 832/832/743
f 834/834/745 833/833/744 831/831/742
f 830/830/741 834/834/745 831/831/742
f 834/834/745 835/835/746 833/833/744
f 835/835/746 836/836/747 833/833/744
f 832/832/743 833/833/744 836/836/747
f 835/835/746 837/837/748 836/836/747
f 837/837/748 838/838/749 836/836/747
f 838/838/749 839/839/750 836/836/747
f 836/836/747 839/839/750 840/840/751
f 840/840/751 839/839/750 841/841/752
f 842/842/753 836/836/747 840/840/751
f 843/843/754 836/836/747 842/842/753
f 843/843/754 832/832/743 836/836/747
f 844/844/755 840/840/751 841/841/752
f 840/840/751 844/844/755 842/842/753
f 841/841/752 845/845/756 844/844/755
f 841/841/752 846/846/757 845/845/756
f 846/846/757 847/847/758 845/845/756
f 847/847/758 848/848/759 845/845/756
f 847/847/758 849/849/760 848/848/759
f 844/844/755 850/850/761 842/842/753
f 850/850/761 844/844/755 845/845/756
f 845/845/756 848/848/759 850/850/761
f 848/848/759 851/851/762 850/850/761
f 848/848/759 849/849/760 852/852/763
f 848/848/759 852/852/763 851/851/762
f 853/853/764 851/851/762 852/852/763
f 849/849/760 854/854/765 852/852/763
f 852/852/763 854/854/765 855/855/766
f 853/853/764 852/852/763 855/855/766
f 854/854/765 856/856/767 855/855/766
f 856/856/767 857/857/768 855/855/766
f 855/855/766 857/857/768 858/858/769
f 859/859/770 858/858/769 857/857/768
f 858/858/769 859/859/770 860/860/771
f 861/861/772 860/860/771 859/859/770
f 859/859/770 862/862/773 861/861/772
f 863/863/774 861/861/772 862/862/773
f 864/864/775 863/863/774 862/862/773
f 863/863/774 864/864/775 865/865/776
f 864/864/775 866/866/777 865/865/776
f 867/867/778 866/866/777 864/864/775
f 867/867/778 864/864/775 862/862/773
f 862/862/773 868/868/779 867/867/778
f 868/868/779 859/859/770 857/857/768
f 862/862/773 859/859/770 868/868/779
f 867/867/778 868/868/779 869/869/780
f 869/869/780 857/857/768 856/856/767
f 868/868/779 857/857/768 869/869/780
f 870/870/781 867/867/778 869/869/780
f 866/866/777 867/867/778 870/870/781
f 855/855/766 858/858/769 871/871/782
f 863/863/774 872/872/783 861/861/772
f 872/872/783 873/873/784 861/861/772
f 874/874/785 872/872/783 863/863/774
f 872/872/783 874/874/785 875/875/786
f 875/875/786 876/876/787 872/872/783
f 876/876/787 877/877/788 872/872/783
f 877/877/788 876/876/787 878/878/789
f 879/879/790 878/878/789 876/876/787
f 878/878/789 879/879/790 880/880/791
f 878/878/789 880/880/791 881/881/792
f 880/880/791 882/882/793 881/881/792
f 878/878/789 881/881/792 883/883/794
f 878/878/789 884/884/795 877/877/788
f 884/884/795 878/878/789 885/885/796
f 885/885/796 878/878/789 883/883/794
f 884/884/795 885/885/796 886/886/797
f 886/886/797 791/791/702 884/884/795
f 791/791/702 887/887/798 884/884/795
f 886/886/797 888/888/310 791/791/702
f 886/886/797 889/889/799 888/888/310
f 890/890/800 889/889/799 886/886/797
f 890/890/800 886/886/797 891/891/801
f 886/886/797 892/892/802 891/891/801
f 886/886/797 893/893/803 892/892/802
f 894/894/804 892/892/802 893/893/803
f 894/894/804 895/895/805 892/892/802
f 893/893/803 896/896/806 894/894/804
f 895/895/805 897/897/807 892/892/802
f 898/898/808 897/897/807 895/895/805
f 898/898/808 895/895/805 899/899/327
f 899/899/327 890/890/800 900/900/809
f 899/899/327 900/900/809 898/898/808
f 890/890/800 901/901/810 900/900/809
f 901/901/810 890/890/800 891/891/801
f 896/896/806 902/902/811 894/894/804
f 903/903/812 902/902/811 896/896/806
f 903/903/812 904/904/813 902/902/811
f 905/905/814 904/904/813 903/903/812
f 905/905/814 903/903/812 906/906/815
f 904/904/813 905/905/814 907/907/263
f 908/908/816 905/905/814 906/906/815
f 909/909/817 908/908/816 906/906/815
f 910/910/254 909/909/817 906/906/815
f 911/911/818 910/910/254 906/906/815
f 911/911/818 906/906/815 491/491/424
f 906/906/815 499/499/432 491/491/424
f 906/906/815 903/903/812 912/912/819
f 912/912/819 913/913/820 906/906/815
f 912/912/819 914/914/821 913/913/820
f 915/915/822 906/906/815 913/913/820
f 914/914/821 916/916/823 913/913/820
f 913/913/820 916/916/823 915/915/822
f 491/491/424 495/495/428 911/911/818
f 916/916/823 917/917/824 915/915/822
f 918/918/825 917/917/824 916/916/823
f 919/919/826 918/918/825 916/916/823
f 918/918/825 919/919/826 920/920/827
f 917/917/824 918/918/825 920/920/827
f 921/921/828 920/920/827 919/919/826
f 921/921/828 922/922/829 920/920/827
f 922/922/829 921/921/828 923/923/830
f 921/921/828 924/924/831 923/923/830
f 921/921/828 919/919/826 925/925/832
f 926/926/833 919/919/826 916/916/823
f 919/919/826 926/926/833 925/925/832
f 926/926/833 916/916/823 927/927/834
f 914/914/821 927/927/834 916/916/823
f 926/926/833 927/927/834 928/928/835
f 929/929/836 926/926/833 928/928/835
f 921/921/828 930/930/837 924/924/831
f 921/921/828 931/931/838 930/930/837
f 930/930/837 931/931/838 932/932/839
f 930/930/837 932/932/839 933/933/840
f 934/934/841 930/930/837 933/933/840
f 934/934/841 933/933/840 935/935/842
f 929/929/836 928/928/835 936/936/843
f 936/936/843 928/928/835 927/927/834
f 937/937/844 929/929/836 936/936/843
f 938/938/845 937/937/844 936/936/843
f 938/938/845 939/939/846 937/937/844
f 940/940/847 939/939/846 938/938/845
f 941/941/848 940/940/847 938/938/845
f 938/938/845 942/942/849 941/941/848
f 943/943/850 942/942/849 938/938/845
f 914/914/821 943/943/850 938/938/845
f 936/936/843 914/914/821 938/938/845
f 944/944/851 941/941/848 942/942/849
f 944/944/851 940/940/847 941/941/848
f 945/945/852 944/944/851 942/942/849
f 945/945/852 942/942/849 946/946/853
f 946/946/853 947/947/854 945/945/852
f 948/948/855 945/945/852 947/947/854
f 948/948/855 949/949/856 945/945/852
f 949/949/856 950/950/857 945/945/852
f 950/950/857 949/949/856 951/951/858
f 943/943/850 903/903/812 942/942/849
f 942/942/849 903/903/812 952/952/859
f 952/952/859 953/953/860 942/942/849
f 953/953/860 946/946/853 942/942/849
f 952/952/859 954/954/861 953/953/860
f 954/954/861 955/955/862 953/953/860
f 948/948/855 947/947/854 955/955/862
f 955/955/862 947/947/854 946/946/853
f 955/955/862 946/946/853 953/953/860
f 955/955/862 954/954/861 956/956/863
f 957/957/864 948/948/855 955/955/862
f 958/958/865 955/955/862 956/956/863
f 958/958/865 957/957/864 955/955/862
f 954/954/861 876/876/787 956/956/863
f 876/876/787 875/875/786 956/956/863
f 879/879/790 876/876/787 954/954/861
f 879/879/790 954/954/861 952/952/859
f 903/903/812 880/880/791 952/952/859
f 880/880/791 879/879/790 952/952/859
f 880/880/791 903/903/812 896/896/806
f 880/880/791 896/896/806 882/882/793
f 959/959/866 960/960/867 951/951/858
f 960/960/867 961/961/868 951/951/858
f 961/961/868 960/960/867 935/935/842
f 949/949/856 959/959/866 951/951/858
f 960/960/867 934/934/841 935/935/842
f 962/962/869 964/963/870 963/964/871
f 964/963/870 965/965/872 963/964/871
f 963/964/871 965/965/872 966/966/873
f 963/964/871 966/966/873 967/967/874
f 962/962/869 963/964/871 967/967/874
f 968/968/875 964/963/870 962/962/869
f 968/968/875 962/962/869 969/969/876
f 962/962/869 967/967/874 970/970/877
f 969/969/876 962/962/869 970/970/877
f 970/970/877 971/971/878 969/969/876
f 971/971/878 972/972/879 969/969/876
f 972/972/879 968/968/875 969/969/876
f 973/973/880 972/972/879 971/971/878
f 970/970/877 974/974/881 971/971/878
f 971/971/878 975/975/882 973/973/880
f 970/970/877 315/315/249 974/974/881
f 967/967/874 315/315/249 970/970/877
f 974/974/881 315/315/249 331/331/265
f 974/974/881 331/331/265 976/976/273
f 976/976/273 977/977/883 974/974/881
f 971/971/878 978/978/884 975/975/882
f 974/974/881 978/978/884 971/971/878
f 978/978/884 979/979/885 975/975/882
f 975/975/882 979/979/885 980/980/886
f 974/974/881 981/981/887 978/978/884
f 978/978/884 981/981/887 979/979/885
f 982/982/888 981/981/887 974/974/881
f 975/975/882 980/980/886 983/983/889
f 984/984/890 983/983/889 980/980/886
f 985/985/891 984/984/890 980/980/886
f 985/985/891 980/980/886 986/986/892
f 979/979/885 986/986/892 980/980/886
f 986/986/892 979/979/885 981/981/887
f 986/986/892 981/981/887 982/982/888
f 987/987/893 985/985/891 986/986/892
f 986/986/892 982/982/888 987/987/893
f 988/988/894 984/984/890 985/985/891
f 984/984/890 989/989/895 983/983/889
f 989/989/895 990/990/896 983/983/889
f 989/989/895 991/991/897 990/990/896
f 992/992/898 991/991/897 989/989/895
f 993/993/899 990/990/896 991/991/897
f 993/993/899 994/994/900 990/990/896
f 994/994/900 983/983/889 990/990/896
f 994/994/900 975/975/882 983/983/889
f 991/991/897 992/992/898 995/995/901
f 992/992/898 996/996/902 995/995/901
f 997/997/903 996/996/902 992/992/898
f 998/998/904 996/996/902 997/997/903
f 999/999/905 998/998/904 997/997/903
f 997/997/903 992/992/898 1000/1000/906
f 1001/1001/907 995/995/901 996/996/902
f 998/998/904 1001/1001/907 996/996/902
f 1001/1001/907 968/968/875 995/995/901
f 968/968/875 1001/1001/907 998/998/904
f 968/968/875 991/991/897 995/995/901
f 968/968/875 993/993/899 991/991/897
f 999/999/905 997/997/903 1002/1002/908
f 1002/1002/908 997/997/903 1000/1000/906
f 1000/1000/906 1003/1003/909 1002/1002/908
f 1000/1000/906 1004/1004/910 1003/1003/909
f 1005/1005/911 1002/1002/908 1003/1003/909
f 1005/1005/911 999/999/905 1002/1002/908
f 1005/1005/911 1003/1003/909 1006/1006/912
f 1003/1003/909 1007/1007/913 1006/1006/912
f 1004/1004/910 1007/1007/913 1003/1003/909
f 1006/1006/912 1007/1007/913 1008/1008/914
f 1004/1004/910 1008/1008/914 1007/1007/913
f 1008/1008/914 1004/1004/910 1009/1009/915
f 1010/1010/916 1008/1008/914 1009/1009/915
f 1008/1008/914 1010/1010/916 1011/1011/917
f 1008/1008/914 1011/1011/917 1012/1012/918
f 1012/1012/918 1006/1006/912 1008/1008/914
f 1012/1012/918 1011/1011/917 302/302/236
f 302/302/236 304/304/238 1012/1012/918
f 304/304/238 309/309/243 1012/1012/918
f 309/309/243 1005/1005/911 1006/1006/912
f 309/309/243 1006/1006/912 1012/1012/918
f 1005/1005/911 309/309/243 1013/1013/919
f 1005/1005/911 1013/1013/919 966/966/873
f 305/305/239 1013/1013/919 309/309/243
f 312/312/246 1013/1013/919 305/305/239
f 312/312/246 1014/1014/920 1013/1013/919
f 1014/1014/920 966/966/873 1013/1013/919
f 1014/1014/920 312/312/246 315/315/249
f 1014/1014/920 967/967/874 966/966/873
f 1014/1014/920 315/315/249 967/967/874
f 965/965/872 1005/1005/911 966/966/873
f 1015/1015/921 1005/1005/911 965/965/872
f 1015/1015/921 965/965/872 964/963/870
f 998/998/904 1015/1015/921 964/963/870
f 998/998/904 964/963/870 968/968/875
f 1015/1015/921 999/999/905 1005/1005/911
f 1015/1015/921 998/998/904 999/999/905
f 438/438/372 1017/1016/922 1016/1017/923
f 438/438/372 1016/1017/923 391/391/325
f 438/438/372 391/391/325 458/458/392
f 391/391/325 460/460/394 458/458/392
f 381/381/315 460/460/394 391/391/325
f 1017/1016/922 438/438/372 437/437/371
f 422/422/356 1017/1016/922 437/437/371
f 422/422/356 437/437/371 426/426/360
f 1017/1016/922 422/422/356 417/417/351
f 1016/1017/923 1017/1016/922 417/417/351
f 417/417/351 391/391/325 1016/1017/923
f 438/438/372 458/458/392 447/447/381
f 391/391/325 417/417/351 382/382/316
f 382/382/316 417/417/351 388/388/322
f 413/413/347 389/389/323 388/388/322
f 390/390/324 389/389/323 413/413/347
f 1018/1018/924 1020/1019/925 1019/1020/926
f 1018/1018/924 1021/1021/927 1020/1019/925
f 1020/1019/925 1022/1022/928 1019/1020/926
f 1018/1018/924 1023/1023/929 1021/1021/927
f 1024/1024/930 1021/1021/927 1023/1023/929
f 1025/1025/931 1024/1024/930 1023/1023/929
f 1026/1026/932 1024/1024/930 1025/1025/931
f 1027/1027/933 1026/1026/932 1025/1025/931
f 1028/1028/934 1026/1026/932 1027/1027/933
f 1029/1029/935 1028/1028/934 1027/1027/933
f 1030/1030/936 1028/1028/934 1029/1029/935
f 1031/1031/937 1030/1030/936 1029/1029/935
f 1032/1032/938 1030/1030/936 1031/1031/937
f 1033/1033/939 1032/1032/938 1031/1031/937
f 1033/1033/939 1031/1031/937 1034/1034/940
f 1020/1019/925 1035/1035/941 1022/1022/928
f 1035/1035/941 1036/1036/942 1022/1022/928
f 1035/1035/941 1037/1037/943 1036/1036/942
f 1037/1037/943 1038/1038/944 1036/1036/942
f 1035/1035/941 1039/1039/945 1037/1037/943
f 1039/1039/945 1040/1040/946 1037/1037/943
f 1039/1039/945 1035/1035/941 1041/1041/947
f 1040/1040/946 1039/1039/945 1042/1042/948
f 1043/1043/949 1040/1040/946 1042/1042/948
f 1042/1042/948 1044/1044/950 1043/1043/949
f 1044/1044/950 1045/1045/951 1043/1043/949
f 1046/1046/952 1045/1045/951 1044/1044/950
f 1047/1047/953 1046/1046/952 1044/1044/950
f 1047/1047/953 1048/1048/954 1046/1046/952
f 1048/1048/954 1049/1049/955 1046/1046/952
f 1048/1048/954 1050/1050/956 1049/1049/955
f 1050/1050/956 1051/1051/957 1049/1049/955
f 1050/1050/956 1052/1052/958 1051/1051/957
f 1053/1053/959 1051/1051/957 1052/1052/958
f 1053/1053/959 1052/1052/958 1054/1054/960
f 1055/1055/961 1053/1053/959 1054/1054/960
f 1055/1055/961 1054/1054/960 1056/1056/962
f 1055/1055/961 1056/1056/962 1057/1057/963
f 1058/1058/964 1055/1055/961 1057/1057/963
f 1057/1057/963 1059/1059/965 1058/1058/964
f 1058/1058/964 1059/1059/965 1060/1060/966
f 1059/1059/965 1061/1061/967 1060/1060/966
f 1061/1061/967 1062/1062/968 1060/1060/966
f 1061/1061/967 1063/1063/969 1062/1062/968
f 1064/1064/970 1063/1063/969 1061/1061/967
f 1063/1063/969 1064/1064/970 1065/1065/971
f 1064/1064/970 1066/1066/972 1065/1065/971
f 1064/1064/970 1067/1067/973 1066/1066/972
f 1067/1067/973 1068/1068/974 1066/1066/972
f 1067/1067/973 1069/1069/975 1068/1068/974
f 1067/1067/973 1070/1070/976 1069/1069/975
f 1070/1070/976 1071/1071/977 1069/1069/975
f 1072/1072/978 1071/1071/977 1070/1070/976
f 1072/1072/978 1070/1070/976 1073/1073/979
f 1074/1074/980 1072/1072/978 1073/1073/979
f 1074/1074/980 1073/1073/979 1075/1075/981
f 1076/1076/982 1074/1074/980 1075/1075/981
f 1076/1076/982 1075/1075/981 1077/1077/983
f 1078/1078/984 1076/1076/982 1077/1077/983
f 1078/1078/984 1077/1077/983 1079/1079/985
f 1080/1080/986 1078/1078/984 1079/1079/985
f 1080/1080/986 1079/1079/985 1081/1081/987
f 1082/1082/988 1080/1080/986 1081/1081/987
f 1082/1082/988 1081/1081/987 1083/1083/989
f 1084/1084/990 1082/1082/988 1083/1083/989
f 1084/1084/990 1083/1083/989 1085/1085/991
f 1086/1086/992 1084/1084/990 1085/1085/991
f 1086/1086/992 1085/1085/991 1087/1087/993
f 1088/1088/994 1086/1086/992 1087/1087/993
f 1087/1087/993 1089/1089/995 1088/1088/994
f 1089/1089/995 1090/1090/996 1088/1088/994
f 1089/1089/995 1091/1091/997 1090/1090/996
f 1091/1091/997 1092/1092/998 1090/1090/996
f 1093/1093/999 1095/1094/1000 1094/1095/1001
f 1093/1093/999 1096/1096/1002 1095/1094/1000
f 1093/1093/999 1094/1095/1001 1097/1097/1003
f 1098/1098/1004 1093/1093/999 1097/1097/1003
f 1099/1099/1005 1098/1098/1004 1097/1097/1003
f 1099/1099/1005 1097/1097/1003 1100/1100/1006
f 1101/1101/1007 1099/1099/1005 1100/1100/1006
f 1101/1101/1007 1100/1100/1006 1102/1102/1008
f 1103/1103/1009 1101/1101/1007 1102/1102/1008
f 1103/1103/1009 1102/1102/1008 1104/1104/1010
f 1105/1105/1011 1103/1103/1009 1104/1104/1010
f 1105/1105/1011 1104/1104/1010 1106/1106/1012
f 1107/1107/1013 1105/1105/1011 1106/1106/1012
f 1107/1107/1013 1106/1106/1012 1108/1108/1014
f 1109/1109/1015 1107/1107/1013 1108/1108/1014
f 1110/1110/1016 1107/1107/1013 1109/1109/1015
f 1107/1107/1013 1110/1110/1016 1111/1111/1017
f 1110/1110/1016 1112/1112/1018 1111/1111/1017
f 1111/1111/1017 1112/1112/1018 1113/1113/1019
f 1108/1108/1014 1114/1114/1020 1109/1109/1015
f 1114/1114/1020 1115/1115/1021 1109/1109/1015
f 1114/1114/1020 1116/1116/1022 1115/1115/1021
f 1116/1116/1022 1117/1117/1023 1115/1115/1021
f 1116/1116/1022 1118/1118/1024 1117/1117/1023
f 1117/1117/1023 1118/1118/1024 1119/1119/1025
f 1118/1118/1024 1120/1120/1026 1119/1119/1025
f 1118/1118/1024 1121/1121/1027 1120/1120/1026
f 1120/1120/1026 1122/1122/1028 1119/1119/1025
f 1123/1123/1029 1120/1120/1026 1121/1121/1027
f 1123/1123/1029 1124/1124/1030 1120/1120/1026
f 1124/1124/1030 1123/1123/1029 1125/1125/1031
f 1126/1126/1032 1125/1125/1031 1123/1123/1029
f 1122/1122/1028 1127/1127/1033 1119/1119/1025
f 1122/1122/1028 1128/1128/1034 1127/1127/1033
f 1128/1128/1034 1129/1129/1035 1127/1127/1033
f 1128/1128/1034 1130/1130/1036 1129/1129/1035
f 1130/1130/1036 1131/1131/1037 1129/1129/1035
f 1132/1132/1038 1131/1131/1037 1130/1130/1036
f 1132/1132/1038 1130/1130/1036 1133/1133/1039
f 1134/1134/1040 1132/1132/1038 1133/1133/1039
f 1134/1134/1040 1133/1133/1039 1135/1135/1041
f 1135/1135/1041 1136/1136/1042 1134/1134/1040
f 1136/1136/1042 1137/1137/1043 1134/1134/1040
f 1136/1136/1042 1138/1138/1044 1137/1137/1043
f 1138/1138/1044 1139/1139/1045 1137/1137/1043
f 1138/1138/1044 1140/1140/1046 1139/1139/1045
f 1139/1139/1045 1140/1140/1046 1141/1141/1047
f 1140/1140/1046 1142/1142/1048 1141/1141/1047
f 1142/1142/1048 1140/1140/1046 1143/1143/1049
f 1140/1140/1046 1144/1144/1050 1143/1143/1049
f 1143/1143/1049 1144/1144/1050 1145/1145/1051
f 1143/1143/1049 1145/1145/1051 1146/1146/1052
f 1141/1141/1047 1142/1142/1048 1147/1147/1053
f 1148/1148/1054 1141/1141/1047 1147/1147/1053
f 1148/1148/1054 1147/1147/1053 1149/1149/1055
f 1022/1022/928 1148/1148/1054 1149/1149/1055
f 1149/1149/1055 1019/1020/926 1022/1022/928
f 1150/1150/1056 1152/1151/1057 1151/1152/1058
f 1150/1150/1056 1151/1152/1058 1153/1153/1059
f 1152/1151/1057 1154/1154/1060 1151/1152/1058
f 1151/1152/1058 1154/1154/1060 1155/1155/1061
f 1154/1154/1060 1156/1156/1062 1155/1155/1061
f 1155/1155/1061 1156/1156/1062 1157/1157/1063
f 1156/1156/1062 1158/1158/1064 1157/1157/1063
f 1157/1157/1063 1158/1158/1064 1159/1159/1065
f 1158/1158/1064 1160/1160/1066 1159/1159/1065
f 1159/1159/1065 1160/1160/1066 1161/1161/1067
f 1160/1160/1066 1162/1162/1068 1161/1161/1067
f 1163/1163/1069 1161/1161/1067 1162/1162/1068
f 1163/1163/1069 1162/1162/1068 1164/1164/1070
f 1165/1165/1071 1163/1163/1069 1164/1164/1070
f 1164/1164/1070 1166/1166/1072 1165/1165/1071
f 1164/1164/1070 1167/1167/1073 1166/1166/1072
f 1167/1167/1073 1168/1168/1074 1166/1166/1072
f 1167/1167/1073 1169/1169/1075 1168/1168/1074
f 1169/1169/1075 1170/1170/1076 1168/1168/1074
f 1167/1167/1073 1171/1171/1077 1169/1169/1075
f 1171/1171/1077 1172/1172/1078 1169/1169/1075
f 1171/1171/1077 1167/1167/1073 1173/1173/1079
f 1172/1172/1078 1171/1171/1077 1174/1174/1080
f 1175/1175/1081 1172/1172/1078 1174/1174/1080
f 1174/1174/1080 1176/1176/1082 1175/1175/1081
f 1176/1176/1082 1177/1177/1083 1175/1175/1081
f 1178/1178/1084 1177/1177/1083 1176/1176/1082
f 1179/1179/1085 1178/1178/1084 1176/1176/1082
f 1180/1180/1086 1165/1165/1071 1166/1166/1072
f 1166/1166/1072 1181/1181/1087 1180/1180/1086
f 1181/1181/1087 1182/1182/1088 1180/1180/1086
f 1181/1181/1087 1183/1183/1089 1182/1182/1088
f 1183/1183/1089 1184/1184/1090 1182/1182/1088
f 1185/1185/1091 1184/1184/1090 1183/1183/1089
f 1186/1186/1092 1185/1185/1091 1183/1183/1089
f 1184/1184/1090 1185/1185/1091 1187/1187/1093
f 1185/1185/1091 1188/1188/1094 1187/1187/1093
f 1187/1187/1093 1188/1188/1094 1189/1189/1095
f 1187/1187/1093 1189/1189/1095 1190/1190/1096
f 1185/1185/1091 1186/1186/1092 1191/1191/1097
f 1192/1192/1098 1185/1185/1091 1191/1191/1097
f 1192/1192/1098 1191/1191/1097 1193/1193/1099
f 1194/1194/1100 1192/1192/1098 1193/1193/1099
f 1195/1195/1101 1197/1196/1102 1196/1197/1103
f 1195/1195/1101 1196/1197/1103 1198/1198/1104
f 1195/1195/1101 1198/1198/1104 1199/1199/1105
f 1200/1200/1106 1195/1195/1101 1199/1199/1105
f 1201/1201/1107 1200/1200/1106 1199/1199/1105
f 1201/1201/1107 1199/1199/1105 1202/1202/1108
f 1203/1203/1109 1201/1201/1107 1202/1202/1108
f 1203/1203/1109 1202/1202/1108 1204/1204/1110
f 1205/1205/1111 1203/1203/1109 1204/1204/1110
f 1205/1205/1111 1204/1204/1110 1206/1206/1112
f 1207/1207/1113 1205/1205/1111 1206/1206/1112
f 1207/1207/1113 1206/1206/1112 1208/1208/1114
f 1209/1209/1115 1207/1207/1113 1208/1208/1114
f 1209/1209/1115 1208/1208/1114 1210/1210/1116
f 1211/1211/1117 1209/1209/1115 1210/1210/1116
f 1212/1212/1118 1209/1209/1115 1211/1211/1117
f 1209/1209/1115 1212/1212/1118 1213/1213/1119
f 1212/1212/1118 1214/1214/1120 1213/1213/1119
f 1213/1213/1119 1214/1214/1120 1215/1215/1121
f 1210/1210/1116 1216/1216/1122 1211/1211/1117
f 1216/1216/1122 1217/1217/1123 1211/1211/1117
f 1216/1216/1122 1218/1218/1124 1217/1217/1123
f 1218/1218/1124 1219/1219/1125 1217/1217/1123
f 1218/1218/1124 1220/1220/1126 1219/1219/1125
f 1219/1219/1125 1220/1220/1126 1221/1221/1127
f 1220/1220/1126 1222/1222/1128 1221/1221/1127
f 1220/1220/1126 1223/1223/1129 1222/1222/1128
f 1222/1222/1128 1224/1224/1130 1221/1221/1127
f 1225/1225/1131 1222/1222/1128 1223/1223/1129
f 1225/1225/1131 1226/1226/1132 1222/1222/1128
f 1226/1226/1132 1225/1225/1131 1227/1227/1133
f 1228/1228/1134 1227/1227/1133 1225/1225/1131
f 1224/1224/1130 1229/1229/1135 1221/1221/1127
f 1224/1224/1130 1230/1230/1136 1229/1229/1135
f 1230/1230/1136 1231/1231/1137 1229/1229/1135
f 1230/1230/1136 1232/1232/1138 1231/1231/1137
f 1232/1232/1138 1233/1233/1139 1231/1231/1137
f 1234/1234/1140 1233/1233/1139 1232/1232/1138
f 1234/1234/1140 1232/1232/1138 1235/1235/1141
f 1236/1236/1142 1234/1234/1140 1235/1235/1141
f 1236/1236/1142 1235/1235/1141 1237/1237/1143
f 1238/1238/46 1240/1239/1144 1239/1240/583
f 1241/1241/582 1238/1238/46 1239/1240/583
f 1241/1241/582 1239/1240/583 1242/1242/114
f 1241/1241/582 1242/1242/114 1243/1243/581
f 1238/1238/46 1244/1244/195 1240/1239/1144
f 1245/1245/111 1241/1241/582 1243/1243/581
f 1245/1245/111 1243/1243/581 1246/1246/1145
f 1247/1247/1146 1245/1245/111 1246/1246/1145
f 1247/1247/1146 1246/1246/1145 1248/1248/97
f 1244/1244/195 1238/1238/46 1249/1249/584
f 1244/1244/195 1249/1249/584 1250/1250/51
f 1251/1251/1147 1244/1244/195 1250/1250/51
f 1252/1252/576 1247/1247/1146 1248/1248/97
f 1252/1252/576 1248/1248/97 1253/1253/1148
f 1254/1254/189 1252/1252/576 1253/1253/1148
f 1255/1255/1149 1252/1252/576 1254/1254/189
f 1244/1244/195 1256/1256/1150 1240/1239/1144
f 1244/1244/195 1257/1257/1151 1256/1256/1150
f 1256/1256/1150 1257/1257/1151 1258/1258/1152
f 1251/1251/1147 1250/1250/51 1259/1259/199
f 1250/1250/51 1260/1260/1153 1259/1259/199
f 1253/1253/1148 1261/1261/1154 1254/1254/189
f 1253/1253/1148 1262/1262/1155 1261/1261/1154
f 1261/1261/1154 1262/1262/1155 1263/1263/1156
f 1255/1255/1149 1254/1254/189 1264/1264/1157
f 1250/1250/51 1265/1265/1158 1260/1260/1153
f 1250/1250/51 1266/1266/188 1265/1265/1158
f 1256/1256/1150 1258/1258/1152 1267/1267/47
f 1268/1268/189 1266/1266/188 1269/1269/189
f 1268/1268/189 1269/1269/189 1270/1270/589
f 1271/1271/66 1268/1268/189 1270/1270/589
f 1271/1271/66 1270/1270/589 1272/1272/590
f 1266/1266/188 1250/1250/51 1269/1269/189
f 1270/1270/589 1273/1273/1159 1272/1272/590
f 1273/1273/1159 1270/1270/589 1274/1274/88
f 1270/1270/589 1275/1275/1160 1274/1274/88
f 1270/1270/589 1276/1276/595 1275/1275/1160
f 1276/1276/595 1277/1277/596 1275/1275/1160
f 1276/1276/595 1278/1278/597 1277/1277/596
f 1279/1279/45 1277/1277/596 1278/1278/597
f 1280/1280/176 1279/1279/45 1278/1278/597
f 1280/1280/176 1278/1278/597 1281/1281/95
f 1282/1282/95 1280/1280/176 1281/1281/95
f 1282/1282/95 1281/1281/95 1283/1283/1161
f 1284/1284/73 1282/1282/95 1283/1283/1161
f 1284/1284/73 1283/1283/1161 1285/1285/600
f 1286/1286/38 1284/1284/73 1285/1285/600
f 1287/1287/39 1286/1286/38 1285/1285/600
f 1287/1287/39 1285/1285/600 1288/1288/78
f 1289/1289/1162 1287/1287/39 1288/1288/78
f 1290/1290/1163 1289/1289/1162 1288/1288/78
f 1289/1289/1162 1290/1290/1163 1291/1291/575
f 1279/1279/45 1292/1292/1164 1277/1277/596
f 1279/1279/45 1293/1293/200 1292/1292/1164
f 1294/1294/1165 1289/1289/1162 1291/1291/575
f 1289/1289/1162 1294/1294/1165 1295/1295/1166
f 1296/1296/1167 1289/1289/1162 1295/1295/1166
f 1290/1290/1163 1297/1297/1168 1291/1291/575
f 1293/1293/200 1298/1298/1169 1292/1292/1164
f 1298/1298/1169 1293/1293/200 1299/1299/1170
f 1293/1293/200 1300/1300/73 1299/1299/1170
f 1301/1301/1171 1303/1302/1172 1302/1303/1173
f 1304/1304/1174 1301/1301/1171 1302/1303/1173
f 1301/1301/1171 1305/1305/1175 1303/1302/1172
f 1305/1305/1175 1306/1306/1176 1303/1302/1172
f 1305/1305/1175 1307/1307/1177 1306/1306/1176
f 1307/1307/1177 1308/1308/1178 1306/1306/1176
f 1307/1307/1177 1309/1309/1179 1308/1308/1178
f 1309/1309/1179 1310/1310/1180 1308/1308/1178
f 1309/1309/1179 1311/1311/1181 1310/1310/1180
f 1311/1311/1181 1312/1312/1182 1310/1310/1180
f 1313/1313/1183 1315/1314/1184 1314/1315/1185
f 1315/1314/1184 1316/1316/1186 1314/1315/1185
f 1315/1314/1184 1317/1317/1187 1316/1316/1186
f 1317/1317/1187 1318/1318/1188 1316/1316/1186
f 1318/1318/1188 1317/1317/1187 1319/1319/1189
f 1320/1320/1190 1318/1318/1188 1319/1319/1189
f 1320/1320/1190 1319/1319/1189 1321/1321/1191
f 1322/1322/1192 1320/1320/1190 1321/1321/1191
f 1322/1322/1192 1321/1321/1191 1323/1323/1193
f 1324/1324/1194 1322/1322/1192 1323/1323/1193
f 1325/1325/1195 1324/1324/1194 1323/1323/1193
f 1324/1324/1194 1325/1325/1195 1326/1326/1196
f 1327/1327/1197 1328/1328/1198 812/812/723
f 1329/1329/1199 1327/1327/1197 812/812/723
f 1329/1329/1199 812/812/723 1330/1330/1200
f 1329/1329/1199 1330/1330/1200 1331/1331/1201
f 1332/1332/1202 1329/1329/1199 1331/1331/1201
f 1329/1329/1199 1332/1332/1202 1333/1333/1203
f 1327/1327/1197 1329/1329/1199 1333/1333/1203
f 1327/1327/1197 1333/1333/1203 1328/1328/1198
f 1334/1334/1204 1328/1328/1198 1333/1333/1203
f 1335/1335/1205 1334/1334/1204 1333/1333/1203
f 1335/1335/1205 1333/1333/1203 1332/1332/1202
f 1330/1330/1200 812/812/723 798/798/709
f 1332/1332/1202 1336/1336/1206 1335/1335/1205
f 1330/1330/1200 796/796/707 1331/1331/1201
f 1336/1336/1206 1332/1332/1202 1337/1337/1207
f 1338/1338/1208 1336/1336/1206 1337/1337/1207
f 1338/1338/1208 1337/1337/1207 1339/1339/1209
f 812/812/723 1328/1328/1198 811/811/722
f 811/811/722 1328/1328/1198 814/814/725
f 1328/1328/1198 1334/1334/1204 814/814/725
f 1339/1339/1209 1340/1340/1210 1338/1338/1208
f 1340/1340/1210 1341/1341/1211 1338/1338/1208
f 1342/1342/1212 1341/1341/1211 1340/1340/1210
f 1342/1342/1212 1340/1340/1210 1343/1343/1213
f 1342/1342/1212 1343/1343/1213 1344/1344/1214
f 1344/1344/1214 1343/1343/1213 1345/1345/1215
f 1346/1346/1216 1342/1342/1212 1344/1344/1214
f 1340/1340/1210 1339/1339/1209 1347/1347/1217
f 1347/1347/1217 1348/1348/1218 1340/1340/1210
f 1348/1348/1218 1349/1349/1219 1340/1340/1210
f 1349/1349/1219 1345/1345/1215 1343/1343/1213
f 1349/1349/1219 1343/1343/1213 1340/1340/1210
f 1347/1347/1217 1350/1350/1220 1348/1348/1218
f 1350/1350/1220 1351/1351/1221 1348/1348/1218
f 1351/1351/1221 1349/1349/1219 1348/1348/1218
f 1351/1351/1221 1345/1345/1215 1349/1349/1219
f 1352/1352/1222 1347/1347/1217 1339/1339/1209
f 1339/1339/1209 1353/1353/1223 1352/1352/1222
f 1353/1353/1223 1354/1354/1224 1352/1352/1222
f 1354/1354/1224 1355/1355/1225 1352/1352/1222
f 1356/1356/1226 1352/1352/1222 1355/1355/1225
f 1352/1352/1222 1357/1357/1227 1347/1347/1217
f 1353/1353/1223 1332/1332/1202 1354/1354/1224
f 1351/1351/1221 1358/1358/1228 1345/1345/1215
f 1350/1350/1220 1358/1358/1228 1351/1351/1221
f 1358/1358/1228 1359/1359/1229 1345/1345/1215
f 1345/1345/1215 1359/1359/1229 1360/1360/1230
f 1359/1359/1229 1361/1361/1231 1360/1360/1230
f 1358/1358/1228 735/735/646 1359/1359/1229
f 735/735/646 1362/1362/1232 1359/1359/1229
f 1359/1359/1229 1362/1362/1232 1361/1361/1231
f 735/735/646 1363/1363/1233 1362/1362/1232
f 1362/1362/1232 1363/1363/1233 1364/1364/1234
f 1362/1362/1232 1364/1364/1234 1361/1361/1231
f 1331/1331/1201 1354/1354/1224 1332/1332/1202
f 796/796/707 1354/1354/1224 1331/1331/1201
f 735/735/646 734/734/645 1363/1363/1233
f 734/734/645 1365/1365/1235 1363/1363/1233
f 1365/1365/1235 734/734/645 732/732/643
f 1366/1366/1236 1360/1360/1230 1367/1367/1237
f 1360/1360/1230 1366/1366/1236 1346/1346/1216
f 1366/1366/1236 1367/1367/1237 1368/1368/1238
f 1369/1369/1239 1366/1366/1236 1368/1368/1238
f 1369/1369/1239 1368/1368/1238 1370/1370/1240
f 1371/1371/1241 1369/1369/1239 1370/1370/1240
f 1371/1371/1241 1370/1370/1240 1372/1372/1242
f 1373/1373/1243 1371/1371/1241 1372/1372/1242
f 1374/1374/1244 1373/1373/1243 1372/1372/1242
f 1373/1373/1243 1374/1374/1244 1375/1375/1245
f 1376/1376/1246 1373/1373/1243 1375/1375/1245
f 1377/1377/1247 1376/1376/1246 1375/1375/1245
f 1376/1376/1246 1377/1377/1247 729/729/640
f 1378/1378/1248 1376/1376/1246 729/729/640
f 1379/1379/1249 1378/1378/1248 729/729/640
f 1380/1380/1250 1379/1379/1249 729/729/640
f 1378/1378/1248 1379/1379/1249 1381/1381/1251
f 1381/1381/1251 1379/1379/1249 1380/1380/1250
f 1382/1382/1252 1378/1378/1248 1381/1381/1251
f 1381/1381/1251 1380/1380/1250 1383/1383/1253
f 1382/1382/1252 1381/1381/1251 1384/1384/1254
f 1383/1383/1253 1384/1384/1254 1381/1381/1251
f 1385/1385/1255 1382/1382/1252 1384/1384/1254
f 1382/1382/1252 1385/1385/1255 1386/1386/1256
f 1387/1387/1257 1386/1386/1256 1385/1385/1255
f 1388/1388/1258 1382/1382/1252 1386/1386/1256
f 1389/1389/1259 1387/1387/1257 1385/1385/1255
f 1389/1389/1259 1385/1385/1255 1384/1384/1254
f 1383/1383/1253 1389/1389/1259 1384/1384/1254
f 1388/1388/1258 1386/1386/1256 1390/1390/1260
f 1387/1387/1257 1390/1390/1260 1386/1386/1256
f 1391/1391/1261 1388/1388/1258 1390/1390/1260
f 1391/1391/1261 1390/1390/1260 1392/1392/1262
f 1393/1393/1263 1392/1392/1262 1390/1390/1260
f 1390/1390/1260 1387/1387/1257 1393/1393/1263
f 1391/1391/1261 1392/1392/1262 1394/1394/1264
f 1395/1395/1265 1394/1394/1264 1392/1392/1262
f 1393/1393/1263 1395/1395/1265 1392/1392/1262
f 1394/1394/1264 1395/1395/1265 1396/1396/1266
f 1397/1397/1267 1391/1391/1261 1394/1394/1264
f 1397/1397/1267 1394/1394/1264 1396/1396/1266
f 1397/1397/1267 1398/1398/1268 1391/1391/1261
f 1398/1398/1268 1397/1397/1267 1396/1396/1266
f 1398/1398/1268 1399/1399/1269 1391/1391/1261
f 1398/1398/1268 1400/1400/1270 1399/1399/1269
f 1400/1400/1270 1398/1398/1268 1401/1401/1271
f 1400/1400/1270 1401/1401/1271 1402/1402/1272
f 1398/1398/1268 1396/1396/1266 1403/1403/1273
f 1398/1398/1268 1403/1403/1273 1401/1401/1271
f 1400/1400/1270 1404/1404/1274 1399/1399/1269
f 1400/1400/1270 1405/1405/1275 1404/1404/1274
f 1405/1405/1275 1400/1400/1270 1402/1402/1272
f 1404/1404/1274 1405/1405/1275 1406/1406/1276
f 1407/1407/1277 1404/1404/1274 1406/1406/1276
f 1407/1407/1277 1406/1406/1276 1408/1408/1278
f 1406/1406/1276 1409/1409/1279 1408/1408/1278
f 1406/1406/1276 1405/1405/1275 1409/1409/1279
f 1405/1405/1275 1402/1402/1272 1409/1409/1279
f 1410/1410/1280 1404/1404/1274 1407/1407/1277
f 1407/1407/1277 1408/1408/1278 1411/1411/1281
f 1407/1407/1277 1412/1412/1282 1410/1410/1280
f 1407/1407/1277 1411/1411/1281 1412/1412/1282
f 1412/1412/1282 296/296/230 1410/1410/1280
f 1401/1401/1271 1413/1413/1283 1409/1409/1279
f 1401/1401/1271 1403/1403/1273 1413/1413/1283
f 1409/1409/1279 1413/1413/1283 308/308/242
f 1409/1409/1279 308/308/242 1408/1408/1278
f 307/307/241 1408/1408/1278 308/308/242
f 1411/1411/1281 1408/1408/1278 307/307/241
f 1412/1412/1282 297/297/231 296/296/230
f 297/297/231 1412/1412/1282 299/299/233
f 1412/1412/1282 1411/1411/1281 299/299/233
f 1411/1411/1281 307/307/241 300/300/234
f 1411/1411/1281 300/300/234 299/299/233
f 1414/1414/1284 1416/1415/1285 1415/1416/1286
f 1414/1414/1284 1415/1416/1286 1417/1417/1287
f 1418/1418/1288 1414/1414/1284 1417/1417/1287
f 1416/1415/1285 1419/1419/1289 1415/1416/1286
f 1416/1415/1285 1420/1420/1290 1419/1419/1289
f 1420/1420/1290 1421/1421/1291 1419/1419/1289
f 1420/1420/1290 1422/1422/1292 1421/1421/1291
f 1423/1423/1293 1418/1418/1288 1417/1417/1287
f 1424/1424/1294 1423/1423/1293 1417/1417/1287
f 1420/1420/1290 1425/1425/1295 1422/1422/1292
f 1426/1426/1296 1428/1427/1297 1427/1428/1296
f 1429/1429/1298 1426/1426/1296 1427/1428/1296
f 1429/1429/1298 1427/1428/1296 1430/1430/1298
f 1426/1426/1296 1431/1431/1299 1428/1427/1297
f 1432/1432/1300 1429/1429/1298 1430/1430/1298
f 1432/1432/1300 1430/1430/1298 1433/1433/1300
f 1434/1434/1301 1432/1432/1300 1433/1433/1300
f 1434/1434/1301 1433/1433/1300 1435/1435/1302
f 1436/1436/1303 1434/1434/1301 1435/1435/1302
f 1436/1436/1303 1435/1435/1302 1437/1437/1304
f 1438/1438/1305 1436/1436/1303 1437/1437/1304
f 1438/1438/1305 1437/1437/1304 1439/1439/1306
f 1440/1440/1307 1438/1438/1305 1439/1439/1306
f 1438/1438/1305 1440/1440/1307 1441/1441/1308
f 1442/1442/1309 1428/1427/1297 1431/1431/1299
f 1442/1442/1309 1431/1431/1299 1443/1443/1310
f 1443/1443/1310 1444/1444/1311 1442/1442/1309
f 1444/1444/1311 1445/1445/1312 1442/1442/1309
f 1444/1444/1311 1446/1446/1313 1445/1445/1312
f 1446/1446/1313 1447/1447/1314 1445/1445/1312
f 1448/1448/1315 1450/1449/1316 1449/1450/1317
f 1451/1451/1318 1448/1448/1315 1449/1450/1317
f 1448/1448/1315 1452/1452/1319 1450/1449/1316
f 1451/1451/1318 1449/1450/1317 1453/1453/1318
f 1454/1454/1320 1451/1451/1318 1453/1453/1318
f 1454/1454/1320 1453/1453/1318 1455/1455/1321
f 1456/1456/1322 1454/1454/1320 1455/1455/1321
f 1456/1456/1322 1455/1455/1321 1457/1457/1323
f 1458/1458/1324 1456/1456/1322 1457/1457/1323
f 1458/1458/1324 1457/1457/1323 1459/1459/1325
f 1460/1460/1326 1458/1458/1324 1459/1459/1325
f 1460/1460/1326 1459/1459/1325 1461/1461/1327
f 1462/1462/1328 1460/1460/1326 1461/1461/1327
f 1450/1449/1316 1452/1452/1319 1463/1463/1329
f 1450/1449/1316 1463/1463/1329 1464/1464/1330
f 1465/1465/1331 1450/1449/1316 1464/1464/1330
f 1466/1466/1332 1465/1465/1331 1464/1464/1330
f 1467/1467/1333 1469/1468/1334 1468/1469/1334
f 1469/1468/1334 1470/1470/1335 1468/1469/1334
f 1469/1468/1334 1471/1471/1335 1470/1470/1335
f 1467/1467/1333 1468/1469/1334 1472/1472/1336
f 1471/1471/1335 1473/1473/1337 1470/1470/1335
f 1471/1471/1335 1474/1474/1338 1473/1473/1337
f 1474/1474/1338 1475/1475/1339 1473/1473/1337
f 1474/1474/1338 1476/1476/1340 1475/1475/1339
f 1477/1477/1341 1467/1467/1333 1472/1472/1336
f 1477/1477/1341 1472/1472/1336 1478/1478/1342
f 1479/1479/1343 1477/1477/1341 1478/1478/1342
f 1479/1479/1343 1478/1478/1342 1480/1480/1344
f 1481/1481/1345 1479/1479/1343 1480/1480/1344
f 1475/1475/1339 1476/1476/1340 1482/1482/1346
f 1475/1475/1339 1482/1482/1346 1483/1483/1347
f 1483/1483/1347 1482/1482/1346 1484/1484/1348
f 1483/1483/1347 1484/1484/1348 1485/1485/1349
f 1486/1486/1350 1485/1485/1349 1484/1484/1348
f 1487/1487/1351 1483/1483/1347 1485/1485/1349
f 1485/1485/1349 1488/1488/1352 1487/1487/1351
f 1489/1489/1353 1487/1487/1351 1488/1488/1352
f 1490/1490/1354 1489/1489/1353 1488/1488/1352
f 1489/1489/1353 1491/1491/1355 1487/1487/1351
f 1491/1491/1355 1489/1489/1353 1492/1492/1356
f 1493/1493/1357 1492/1492/1356 1489/1489/1353
f 1491/1491/1355 1492/1492/1356 1494/1494/1358
f 1495/1495/1359 1491/1491/1355 1494/1494/1358
f 1495/1495/1359 1494/1494/1358 1496/1496/1360
f 1497/1497/1361 1495/1495/1359 1496/1496/1360
f 1497/1497/1361 1496/1496/1360 1498/1498/1362
f 1499/1499/1363 1497/1497/1361 1498/1498/1362
f 1500/1500/1364 1499/1499/1363 1498/1498/1362
f 1501/1501/1365 1503/1502/1366 1502/1503/1367
f 1501/1501/1365 1502/1503/1367 1504/1504/1368
f 1504/1504/1368 1505/1505/1369 1501/1501/1365
f 1505/1505/1369 1504/1504/1368 1506/1506/1370
f 1503/1502/1366 1507/1507/1371 1502/1503/1367
f 1508/1508/1372 1507/1507/1371 1503/1502/1366
f 1503/1502/1366 1509/1509/1373 1508/1508/1372
f 1509/1509/1373 1510/1510/1374 1508/1508/1372
f 1506/1506/1370 1511/1511/1375 1505/1505/1369
f 1511/1511/1375 1512/1512/1376 1505/1505/1369
f 1511/1511/1375 1513/1513/1377 1512/1512/1376
f 1513/1513/1377 1514/1514/1378 1512/1512/1376
f 1514/1514/1378 1513/1513/1377 1515/1515/1379
f 1516/1516/1380 1514/1514/1378 1515/1515/1379
f 1517/1517/1381 1516/1516/1380 1515/1515/1379
f 1518/1518/1382 1516/1516/1380 1517/1517/1381
f 1509/1509/1373 1519/1519/1383 1510/1510/1374
f 1519/1519/1383 1520/1520/1384 1510/1510/1374
f 1520/1520/1384 1519/1519/1383 1521/1521/1385
f 1522/1522/1386 1520/1520/1384 1521/1521/1385
f 1522/1522/1386 1521/1521/1385 1523/1523/1387
f 1522/1522/1386 1523/1523/1387 1524/1524/1388
f 1525/1525/1389 1522/1522/1386 1524/1524/1388
f 1524/1524/1388 1526/1526/1390 1525/1525/1389
f 1524/1524/1388 1527/1527/1391 1526/1526/1390
f 1518/1518/1382 1517/1517/1381 1528/1528/1392
f 1529/1529/1393 1518/1518/1382 1528/1528/1392
f 1529/1529/1393 1530/1530/1394 1518/1518/1382
f 1529/1529/1393 1531/1531/1395 1530/1530/1394
f 1532/1532/1396 1530/1530/1394 1531/1531/1395
f 1532/1532/1396 1531/1531/1395 1533/1533/1397
f 1527/1527/1391 1534/1534/1398 1526/1526/1390
f 1534/1534/1398 1535/1535/1399 1526/1526/1390
f 1534/1534/1398 1536/1536/1400 1535/1535/1399
f 1536/1536/1400 1537/1537/1401 1535/1535/1399
f 1536/1536/1400 1538/1538/1402 1537/1537/1401
f 1538/1538/1402 1539/1539/1403 1537/1537/1401
f 1538/1538/1402 1540/1540/1404 1539/1539/1403
f 1540/1540/1404 1538/1538/1402 1541/1541/1405
f 1542/1542/1406 1540/1540/1404 1541/1541/1405
f 1543/1543/1407 1545/1544/1408 1544/1545/1409
f 1545/1544/1408 1543/1543/1407 1546/1546/1410
f 1547/1547/1411 1545/1544/1408 1546/1546/1410
f 1543/1543/1407 1548/1548/1412 1546/1546/1410
f 1549/1549/1413 1543/1543/1407 1544/1545/1409
f 1550/1550/1414 1543/1543/1407 1549/1549/1413
f 1550/1550/1414 1548/1548/1412 1543/1543/1407
f 1549/1549/1413 1544/1545/1409 347/347/281
f 385/385/319 1548/1548/1412 1550/1550/1414
f 1548/1548/1412 385/385/319 1551/1551/1415
f 1548/1548/1412 1551/1551/1415 1552/1552/1416
f 1548/1548/1412 1552/1552/1416 1546/1546/1410
f 1551/1551/1415 1553/1553/1417 1552/1552/1416
f 1547/1547/1411 1554/1554/1418 1545/1544/1408
f 1554/1554/1418 362/362/296 1545/1544/1408
f 347/347/281 349/349/283 1549/1549/1413
f 353/353/287 1550/1550/1414 1549/1549/1413
f 349/349/283 353/353/287 1549/1549/1413
f 362/362/296 361/361/295 1545/1544/1408
f 1545/1544/1408 361/361/295 360/360/294
f 378/378/312 1550/1550/1414 353/353/287
f 385/385/319 1550/1550/1414 378/378/312
f 378/378/312 353/353/287 1555/1555/1419
f 353/353/287 1556/1556/1420 1555/1555/1419
f 378/378/312 1555/1555/1419 1557/1557/1421
f 353/353/287 1558/1558/250 1556/1556/1420
f 353/353/287 369/369/303 1558/1558/250
f 377/377/311 378/378/312 1557/1557/1421
f 1553/1553/1417 1551/1551/1415 1559/1559/1422
f 1559/1559/1422 1551/1551/1415 1560/1560/1423
f 1559/1559/1422 1560/1560/1423 1561/1561/1424
f 1562/1562/1425 1561/1561/1424 1560/1560/1423
f 1560/1560/1423 1563/1563/1426 1562/1562/1425
f 1564/1564/1427 1562/1562/1425 1563/1563/1426
f 1562/1562/1425 1564/1564/1427 1565/1565/1428
f 1566/1566/1429 1565/1565/1428 1564/1564/1427
f 1567/1567/1430 1565/1565/1428 1566/1566/1429
f 1568/1568/1431 1567/1567/1430 1566/1566/1429
f 1569/1569/1432 1568/1568/1431 1566/1566/1429
f 1570/1570/1433 1568/1568/1431 1569/1569/1432
f 1571/1571/1434 1559/1559/1422 1561/1561/1424
f 1571/1571/1434 1572/1572/1435 1559/1559/1422
f 1571/1571/1434 1573/1573/1436 1572/1572/1435
f 1574/1574/1437 1573/1573/1436 1571/1571/1434
f 1574/1574/1437 1571/1571/1434 1561/1561/1424
f 1561/1561/1424 1575/1575/1438 1574/1574/1437
f 1575/1575/1438 1562/1562/1425 1565/1565/1428
f 1561/1561/1424 1562/1562/1425 1575/1575/1438
f 1574/1574/1437 1575/1575/1438 1576/1576/1439
f 1576/1576/1439 1565/1565/1428 1567/1567/1430
f 1575/1575/1438 1565/1565/1428 1576/1576/1439
f 1577/1577/1440 1574/1574/1437 1576/1576/1439
f 1573/1573/1436 1574/1574/1437 1577/1577/1440
f 1566/1566/1429 1564/1564/1427 1578/1578/1441
f 1579/1579/1442 1569/1569/1432 1566/1566/1429
f 1579/1579/1442 1580/1580/1443 1569/1569/1432
f 1570/1570/1433 1569/1569/1432 1581/1581/1444
f 1581/1581/1444 1569/1569/1432 1580/1580/1443
f 1582/1582/1445 1570/1570/1433 1581/1581/1444
f 1582/1582/1445 1581/1581/1444 1583/1583/1446
f 1584/1584/1447 1582/1582/1445 1583/1583/1446
f 1585/1585/1448 1584/1584/1447 1583/1583/1446
f 1585/1585/1448 1583/1583/1446 1586/1586/1449
f 1587/1587/1450 1585/1585/1448 1586/1586/1449
f 1588/1588/1451 1586/1586/1449 1583/1583/1446
f 1583/1583/1446 1581/1581/1444 1588/1588/1451
f 1581/1581/1444 1580/1580/1443 1588/1588/1451
f 1586/1586/1449 1588/1588/1451 1589/1589/1452
f 1587/1587/1450 1586/1586/1449 1590/1590/1453
f 1590/1590/1453 1586/1586/1449 1589/1589/1452
f 1591/1591/1454 1587/1587/1450 1590/1590/1453
f 1589/1589/1452 1591/1591/1454 1590/1590/1453
f 1592/1592/1455 1591/1591/1454 1589/1589/1452
f 1593/1593/1456 1587/1587/1450 1591/1591/1454
f 1594/1594/1457 1593/1593/1456 1591/1591/1454
f 1595/1595/1458 1594/1594/1457 1591/1591/1454
f 1595/1595/1458 1591/1591/1454 1596/1596/1459
f 1597/1597/1460 1595/1595/1458 1596/1596/1459
f 1597/1597/1460 1596/1596/1459 431/431/365
f 431/431/365 1596/1596/1459 432/432/366
f 432/432/366 1596/1596/1459 1591/1591/1454
f 1592/1592/1455 432/432/366 1591/1591/1454
f 421/421/355 1597/1597/1460 431/431/365
f 1598/1598/1461 1597/1597/1460 421/421/355
f 1598/1598/1461 421/421/355 420/420/354
f 1599/1599/1462 1598/1598/1461 420/420/354
f 1599/1599/1462 420/420/354 1600/1600/1463
f 1601/1601/1464 1599/1599/1462 1600/1600/1463
f 425/425/359 1601/1601/1464 1600/1600/1463
f 1601/1601/1464 425/425/359 430/430/364
f 423/423/357 1600/1600/1463 420/420/354
f 423/423/357 425/425/359 1600/1600/1463
f 531/531/464 1602/1602/1465 549/549/482
f 531/531/464 1603/1603/1466 1602/1602/1465
f 523/523/456 1602/1602/1465 1603/1603/1466
f 523/523/456 547/547/480 1602/1602/1465
f 531/531/464 522/522/455 1603/1603/1466
f 1602/1602/1465 548/548/481 549/549/482
f 547/547/480 548/548/481 1602/1602/1465
f 522/522/455 520/520/453 1603/1603/1466
f 1603/1603/1466 520/520/453 523/523/456
f 532/532/465 531/531/464 549/549/482
f 532/532/465 549/549/482 542/542/475
f 1604/1604/1467 522/522/455 531/531/464
f 1604/1604/1467 531/531/464 1605/1605/1468
f 1604/1604/1467 1605/1605/1468 527/527/460
f 527/527/460 1605/1605/1468 528/528/461
f 528/528/461 1605/1605/1468 529/529/462
f 1605/1605/1468 531/531/464 529/529/462
f 521/521/454 1604/1604/1467 527/527/460
f 1604/1604/1467 521/521/454 522/522/455
f 1606/1606/1469 1608/1607/1470 1607/1608/1471
f 1607/1608/1471 1608/1607/1470 1609/1609/1472
f 1610/1610/1473 1607/1608/1471 1609/1609/1472
f 1611/1611/1474 1613/1612/1475 1612/1613/1476
f 1614/1614/1477 1613/1612/1475 1611/1611/1474
f 1613/1612/1475 1615/1615/1478 1612/1613/1476
f 1615/1615/1478 1616/1616/1479 1612/1613/1476
f 1615/1615/1478 1617/1617/1480 1616/1616/1479
f 1617/1617/1480 1618/1618/1481 1616/1616/1479
f 1619/1619/1482 1612/1613/1476 1616/1616/1479
f 1620/1620/1483 1619/1619/1482 1616/1616/1479
f 1620/1620/1483 1616/1616/1479 1618/1618/1481
f 1621/1621/1484 1619/1619/1482 1620/1620/1483
f 1621/1621/1484 1622/1622/1485 1619/1619/1482
f 1623/1623/1486 1611/1611/1474 1612/1613/1476
f 1622/1622/1485 1623/1623/1486 1619/1619/1482
f 1619/1619/1482 1623/1623/1486 1612/1613/1476
f 1623/1623/1486 1624/1624/1487 1611/1611/1474
f 1624/1624/1487 1623/1623/1486 1625/1625/1488
f 1626/1626/1489 1625/1625/1488 1623/1623/1486
f 1622/1622/1485 1626/1626/1489 1623/1623/1486
f 1627/1627/1490 1625/1625/1488 1626/1626/1489
f 1627/1627/1490 1628/1628/1491 1625/1625/1488
f 1625/1625/1488 1628/1628/1491 1629/1629/1164
f 1625/1625/1488 1629/1629/1164 1630/1630/1492
f 1630/1630/1492 1631/1631/1493 1625/1625/1488
f 1631/1631/1493 1632/1632/1494 1625/1625/1488
f 1633/1633/1495 1632/1632/1494 1631/1631/1493
f 1633/1633/1495 1634/1634/1496 1632/1632/1494
f 1633/1633/1495 1635/1635/1497 1634/1634/1496
f 1635/1635/1497 1636/1636/1498 1634/1634/1496
f 1636/1636/1498 1637/1637/1499 1634/1634/1496
f 1637/1637/1499 1636/1636/1498 1638/1638/1500
f 1621/1621/1484 1637/1637/1499 1638/1638/1500
f 1621/1621/1484 1638/1638/1500 1639/1639/1501
f 1621/1621/1484 1639/1639/1501 1640/1640/1502
f 1621/1621/1484 1640/1640/1502 1641/1641/1503
f 1638/1638/1500 1642/1642/1169 1639/1639/1501
f 1642/1642/1169 1643/1643/581 1639/1639/1501
f 1642/1642/1169 1644/1644/595 1643/1643/581
f 1643/1643/581 1644/1644/595 1645/1645/1504
f 1646/1646/1170 1643/1643/581 1645/1645/1504
f 1643/1643/581 1646/1646/1170 1647/1647/1505
f 1648/1648/1506 1643/1643/581 1647/1647/1505
f 1648/1648/1506 1647/1647/1505 1649/1649/1507
f 1650/1650/1508 1648/1648/1506 1649/1649/1507
f 1651/1651/1509 1648/1648/1506 1650/1650/1508
f 1621/1621/1484 1641/1641/1503 1622/1622/1485
f 1622/1622/1485 1641/1641/1503 1652/1652/1510
f 1626/1626/1489 1622/1622/1485 1652/1652/1510
f 1626/1626/1489 1652/1652/1510 1627/1627/1490
f 1653/1653/1511 1655/1654/1512 1654/1655/1513
f 1656/1656/1514 1655/1654/1512 1653/1653/1511
f 1656/1656/1514 1657/1657/1515 1655/1654/1512
f 1656/1656/1514 1658/1658/1516 1657/1657/1515
f 1659/1659/1517 1653/1653/1511 1654/1655/1513
f 1654/1655/1513 1660/1660/1518 1659/1659/1517
f 1658/1658/1516 1661/1661/1519 1657/1657/1515
f 1661/1661/1519 1662/1662/1520 1657/1657/1515
f 1662/1662/1520 1661/1661/1519 1663/1663/1521
f 1664/1664/1522 1662/1662/1520 1663/1663/1521
f 1664/1664/1522 1663/1663/1521 1665/1665/1523
f 1664/1664/1522 1665/1665/1523 1666/1666/1524
f 1664/1664/1522 1666/1666/1524 1667/1667/1525
f 1663/1663/1521 1668/1668/1526 1665/1665/1523
f 1668/1668/1526 1669/1669/73 1665/1665/1523
f 1668/1668/1526 1670/1670/1527 1669/1669/73
f 1669/1669/73 1670/1670/1527 1671/1671/190
f 1672/1672/63 1669/1669/73 1671/1671/190
f 1669/1669/73 1672/1672/63 1673/1673/1528
f 1674/1674/1529 1669/1669/73 1673/1673/1528
f 1674/1674/1529 1673/1673/1528 1675/1675/1530
f 1676/1676/1531 1674/1674/1529 1675/1675/1530
f 1677/1677/1532 1674/1674/1529 1676/1676/1531
f 1664/1664/1522 1667/1667/1525 1678/1678/1533
f 1664/1664/1522 1678/1678/1533 1679/1679/1534
f 1664/1664/1522 1679/1679/1534 1680/1680/1535
f 1680/1680/1535 1679/1679/1534 1681/1681/1536
f 1679/1679/1534 1682/1682/1537 1681/1681/1536
f 1683/1683/1538 1681/1681/1536 1682/1682/1537
f 1683/1683/1538 1684/1684/1539 1681/1681/1536
f 1684/1684/1539 1685/1685/1540 1681/1681/1536
f 1680/1680/1535 1681/1681/1536 1685/1685/1540
f 1686/1686/1541 1683/1683/1538 1682/1682/1537
f 1687/1687/1542 1686/1686/1541 1682/1682/1537
f 1688/1688/1543 1686/1686/1541 1687/1687/1542
f 1689/1689/1544 1687/1687/1542 1682/1682/1537
f 1678/1678/1533 1689/1689/1544 1679/1679/1534
f 1679/1679/1534 1689/1689/1544 1682/1682/1537
f 1689/1689/1544 1690/1690/1545 1687/1687/1542
f 1690/1690/1545 1689/1689/1544 1654/1655/1513
f 1691/1691/1546 1654/1655/1513 1689/1689/1544
f 1678/1678/1533 1691/1691/1546 1689/1689/1544
f 1692/1692/1547 1654/1655/1513 1691/1691/1546
f 1692/1692/1547 1693/1693/1548 1654/1655/1513
f 1654/1655/1513 1693/1693/1548 1660/1660/1518
f 1691/1691/1546 1694/1694/1549 1692/1692/1547
f 1691/1691/1546 1678/1678/1533 1694/1694/1549
f 1678/1678/1533 1667/1667/1525 1694/1694/1549
f 1695/1695/1550 1697/1696/1551 1696/1697/1552
f 1697/1696/1551 1695/1695/1550 1698/1698/1553
f 1695/1695/1550 1696/1697/1552 1699/1699/1554
f 1700/1700/1555 1695/1695/1550 1699/1699/1554
f 1701/1701/1556 1703/1702/1557 1702/1703/1556
f 1704/1704/1558 1701/1701/1556 1702/1703/1556
f 1704/1704/1558 1702/1703/1556 1705/1705/1559
f 1701/1701/1556 1706/1706/1560 1703/1702/1557
f 1707/1707/1561 1709/1708/1562 1708/1709/1563
f 1709/1708/1562 1710/1710/1564 1708/1709/1563
f 1707/1707/1561 1708/1709/1563 1711/1711/1565
f 1707/1707/1561 1711/1711/1565 1712/1712/1566
f 1713/1713/1567 1707/1707/1561 1712/1712/1566
f 1713/1713/1567 1712/1712/1566 1714/1714/1568
f 1715/1715/1569 1713/1713/1567 1714/1714/1568
f 1715/1715/1569 1714/1714/1568 1716/1716/1570
f 1717/1717/1571 1715/1715/1569 1716/1716/1570
f 1717/1717/1571 1716/1716/1570 1718/1718/1572
f 1709/1708/1562 1719/1719/1573 1710/1710/1564
f 1720/1720/1574 1722/1721/1575 1721/1722/1576
f 1722/1721/1575 1723/1723/1577 1721/1722/1576
f 1722/1721/1575 1724/1724/1578 1723/1723/1577
f 1724/1724/1578 1725/1725/1579 1723/1723/1577
f 1724/1724/1578 1726/1726/1580 1725/1725/1579
f 1726/1726/1580 1727/1727/1581 1725/1725/1579
f 1726/1726/1580 1728/1728/1582 1727/1727/1581
f 1728/1728/1582 1729/1729/1583 1727/1727/1581
f 1728/1728/1582 1730/1730/1584 1729/1729/1583
f 1730/1730/1584 1731/1731/1585 1729/1729/1583
f 1732/1732/1586 1734/1733/1587 1733/1734/1588
f 1735/1735/1589 1732/1732/1586 1733/1734/1588
f 1735/1735/1589 1733/1734/1588 1736/1736/1590
f 1732/1732/1586 1737/1737/1591 1734/1733/1587
f 1737/1737/1591 1738/1738/1592 1734/1733/1587
f 1737/1737/1591 1739/1739/1593 1738/1738/1592
f 1739/1739/1593 1740/1740/1594 1738/1738/1592
f 1739/1739/1593 1741/1741/1595 1740/1740/1594
f 1741/1741/1595 1742/1742/1596 1740/1740/1594
f 1741/1741/1595 1743/1743/1597 1742/1742/1596
f 1743/1743/1597 1744/1744/1598 1742/1742/1596
f 1745/1745/1599 1735/1735/1589 1736/1736/1590
f 1735/1735/1589 1745/1745/1599 1746/1746/1600
f 1747/1747/1601 1749/1748/1602 1748/1749/1603
f 1750/1750/1604 1747/1747/1601 1748/1749/1603
f 1747/1747/1601 1751/1751/1605 1749/1748/1602
f 1751/1751/1605 1752/1752/1606 1749/1748/1602
f 1750/1750/1604 1748/1749/1603 1753/1753/1607
f 1754/1754/1608 1750/1750/1604 1753/1753/1607
f 1754/1754/1608 1753/1753/1607 1755/1755/1609
f 1756/1756/1610 1754/1754/1608 1755/1755/1609
f 1756/1756/1610 1755/1755/1609 1757/1757/1611
f 1758/1758/1612 1756/1756/1610 1757/1757/1611
f 1758/1758/1612 1757/1757/1611 1759/1759/1613
f 1760/1760/1614 1758/1758/1612 1759/1759/1613
f 1760/1760/1614 1759/1759/1613 1761/1761/1615
f 1762/1762/1616 1760/1760/1614 1761/1761/1615
f 1762/1762/1616 1761/1761/1615 1763/1763/1617
f 1764/1764/1618 1762/1762/1616 1763/1763/1617
f 1751/1751/1605 1765/1765/1619 1752/1752/1606
f 1752/1752/1606 1765/1765/1619 1766/1766/1620
f 1767/1767/1621 1752/1752/1606 1766/1766/1620
f 1767/1767/1621 1766/1766/1620 1768/1768/1622
f 1767/1767/1621 1768/1768/1622 1769/1769/1623
f 1770/1770/1624 1767/1767/1621 1769/1769/1623
f 1770/1770/1624 1769/1769/1623 1771/1771/1625
f 1772/1772/1626 1770/1770/1624 1771/1771/1625
f 1770/1770/1624 1772/1772/1626 1773/1773/1627
f 1763/1763/1617 1774/1774/1628 1764/1764/1618
f 1774/1774/1628 1775/1775/1629 1764/1764/1618
f 1774/1774/1628 1776/1776/1630 1775/1775/1629
f 1776/1776/1630 1777/1777/1631 1775/1775/1629
f 1773/1773/1627 1772/1772/1626 1778/1778/1632
f 1773/1773/1627 1778/1778/1632 1779/1779/1633
f 1780/1780/1634 1773/1773/1627 1779/1779/1633
f 1781/1781/1635 1780/1780/1634 1779/1779/1633
f 1782/1782/1636 1780/1780/1634 1781/1781/1635
f 1781/1781/1635 1783/1783/1637 1782/1782/1636
f 1783/1783/1637 1784/1784/1638 1782/1782/1636
f 1783/1783/1637 1785/1785/1639 1784/1784/1638
f 1783/1783/1637 1786/1786/1640 1785/1785/1639
f 1786/1786/1640 1787/1787/1641 1785/1785/1639
f 1786/1786/1640 1788/1788/1642 1787/1787/1641
f 1787/1787/1641 1788/1788/1642 1789/1789/1643
f 1790/1790/1644 1787/1787/1641 1789/1789/1643
f 1790/1790/1644 1789/1789/1643 1791/1791/1645
f 1792/1792/1646 1790/1790/1644 1791/1791/1645
f 1793/1793/1647 1795/1794/1648 1794/1795/1649
f 1795/1794/1648 1796/1796/1650 1794/1795/1649
f 1796/1796/1650 1797/1797/1651 1794/1795/1649
f 1798/1798/1652 1797/1797/1651 1796/1796/1650
f 1798/1798/1652 1796/1796/1650 1799/1799/1653
f 1800/1800/1654 1798/1798/1652 1799/1799/1653
f 1800/1800/1654 1799/1799/1653 1801/1801/1655
f 1802/1802/1656 1800/1800/1654 1801/1801/1655
f 1803/1803/1657 1802/1802/1656 1801/1801/1655
f 1795/1794/1648 1793/1793/1647 1804/1804/1658
f 1803/1803/1657 1805/1805/1659 1802/1802/1656
f 1803/1803/1657 1806/1806/1660 1805/1805/1659
f 1803/1803/1657 1807/1807/1661 1806/1806/1660
f 1807/1807/1661 1808/1808/1662 1806/1806/1660
f 1807/1807/1661 1809/1809/1663 1808/1808/1662
f 1807/1807/1661 1810/1810/1664 1809/1809/1663
f 1811/1811/1665 1809/1809/1663 1810/1810/1664
f 1812/1812/1666 1811/1811/1665 1810/1810/1664
f 1812/1812/1666 1813/1813/1667 1811/1811/1665
f 1812/1812/1666 1814/1814/1668 1813/1813/1667
f 1812/1812/1666 1815/1815/1669 1814/1814/1668
f 1816/1816/1670 1804/1804/1658 1817/1817/1671
f 1804/1804/1658 1818/1818/1672 1817/1817/1671
f 1816/1816/1670 1817/1817/1671 1819/1819/1673
f 1820/1820/1674 1816/1816/1670 1819/1819/1673
f 1821/1821/1675 1816/1816/1670 1820/1820/1674
f 1822/1822/1676 1821/1821/1675 1820/1820/1674
f 1822/1822/1676 1823/1823/1677 1821/1821/1675
f 1823/1823/1677 1824/1824/1678 1821/1821/1675
f 1823/1823/1677 1825/1825/1679 1824/1824/1678
f 1825/1825/1679 1826/1826/1680 1824/1824/1678
f 1825/1825/1679 1827/1827/1681 1826/1826/1680
f 1827/1827/1681 1828/1828/1681 1826/1826/1680
f 1827/1827/1681 1829/1829/1682 1828/1828/1681
f 1827/1827/1681 1830/1830/1683 1829/1829/1682
f 1830/1830/1683 1831/1831/1684 1829/1829/1682
f 1831/1831/1684 1832/1832/1685 1829/1829/1682
f 1831/1831/1684 1833/1833/1686 1832/1832/1685
f 1833/1833/1686 1834/1834/1687 1832/1832/1685
f 1833/1833/1686 1835/1835/1688 1834/1834/1687
f 1835/1835/1688 1836/1836/1688 1834/1834/1687
f 1835/1835/1688 1837/1837/1689 1836/1836/1688
f 1837/1837/1689 1838/1838/1689 1836/1836/1688
f 1837/1837/1689 1839/1839/1690 1838/1838/1689
f 1839/1839/1690 1840/1840/1690 1838/1838/1689
f 1839/1839/1690 1841/1841/1691 1840/1840/1690
f 1839/1839/1690 1842/1842/1692 1841/1841/1691
f 1841/1841/1691 1842/1842/1692 1843/1843/1693
f 1841/1841/1691 1843/1843/1693 1844/1844/1694
f 1841/1841/1691 1844/1844/1694 1845/1845/1695
f 1846/1846/1696 1841/1841/1691 1845/1845/1695
f 1847/1847/1697 1846/1846/1696 1845/1845/1695
f 1846/1846/1696 1847/1847/1697 1848/1848/1698
f 1849/1849/1699 1848/1848/1698 1847/1847/1697
f 1850/1850/1700 1849/1849/1699 1847/1847/1697
f 1850/1850/1700 1851/1851/1701 1849/1849/1699
f 1851/1851/1701 1850/1850/1700 1852/1852/1702
f 1853/1853/1703 1855/1854/1704 1854/1855/1705
f 1853/1853/1703 1856/1856/1706 1855/1854/1704
f 1856/1856/1706 1857/1857/1707 1855/1854/1704
f 1856/1856/1706 1858/1858/1708 1857/1857/1707
f 1858/1858/1708 1859/1859/1709 1857/1857/1707
f 1858/1858/1708 1860/1860/1710 1859/1859/1709
f 1860/1860/1710 1861/1861/1711 1859/1859/1709
f 1860/1860/1710 1862/1862/1712 1861/1861/1711
f 1860/1860/1710 1863/1863/1713 1862/1862/1712
f 1863/1863/1713 1864/1864/1714 1862/1862/1712
f 1863/1863/1713 1865/1865/1715 1864/1864/1714
f 1866/1866/1716 1868/1867/1717 1867/1868/1718
f 1866/1866/1716 1867/1868/1718 1869/1869/1719
f 1870/1870/1720 1866/1866/1716 1869/1869/1719
f 1868/1867/1717 1871/1871/1721 1867/1868/1718
f 1868/1867/1717 1872/1872/1722 1871/1871/1721
f 1870/1870/1720 1869/1869/1719 1873/1873/1723
f 1874/1874/1724 1870/1870/1720 1873/1873/1723
f 1874/1874/1724 1873/1873/1723 1875/1875/1725
f 1876/1876/1726 1874/1874/1724 1875/1875/1725
f 1876/1876/1726 1875/1875/1725 1877/1877/1727
f 1872/1872/1722 1878/1878/1728 1871/1871/1721
f 1879/1879/1729 1876/1876/1726 1877/1877/1727
f 1876/1876/1726 1879/1879/1729 1880/1880/1730
f 1881/1881/1731 1883/1882/1732 1882/1883/1733
f 1884/1884/1734 1883/1882/1732 1881/1881/1731
f 1883/1882/1732 1884/1884/1734 1885/1885/1735
f 1884/1884/1734 1886/1886/1736 1885/1885/1735
f 1886/1886/1736 1887/1887/1737 1885/1885/1735
f 1888/1888/1733 1881/1881/1731 1882/1883/1733
f 1889/1889/1738 1888/1888/1733 1882/1883/1733
f 1888/1888/1733 1889/1889/1738 1890/1890/1739
f 1891/1891/1740 1887/1887/1737 1886/1886/1736
f 1892/1892/1741 1887/1887/1737 1891/1891/1740
f 1892/1892/1741 1891/1891/1740 1893/1893/1742
f 1894/1894/1743 1892/1892/1741 1893/1893/1742
f 1889/1889/1738 1895/1895/1744 1890/1890/1739
f 1889/1889/1738 1896/1896/1745 1895/1895/1744
f 1889/1889/1738 1897/1897/1746 1896/1896/1745
f 1898/1898/1747 1900/1899/1748 1899/1900/1749
f 1901/1901/1750 1898/1898/1747 1899/1900/1749
f 1902/1902/1751 1900/1899/1748 1898/1898/1747
f 1902/1902/1751 1903/1903/1752 1900/1899/1748
f 1901/1901/1750 1904/1904/1753 1898/1898/1747
f 1904/1904/1753 1902/1902/1751 1898/1898/1747
f 1902/1902/1751 1905/1905/1754 1903/1903/1752
f 1904/1904/1753 1905/1905/1754 1902/1902/1751
f 1905/1905/1754 1906/1906/1755 1903/1903/1752
f 1905/1905/1754 1907/1907/1756 1906/1906/1755
f 1903/1903/1752 1906/1906/1755 1908/1908/1757
f 1906/1906/1755 1909/1909/1758 1908/1908/1757
f 1906/1906/1755 1910/1910/1759 1909/1909/1758
f 1907/1907/1756 1910/1910/1759 1906/1906/1755
f 1910/1910/1759 1911/1911/1760 1909/1909/1758
f 1912/1912/1761 1911/1911/1760 1910/1910/1759
f 1900/1899/1748 1903/1903/1752 1913/1913/1762
f 1900/1899/1748 1913/1913/1762 1899/1900/1749
f 1914/1914/1763 1899/1900/1749 1913/1913/1762
f 1914/1914/1763 1915/1915/1764 1899/1900/1749
f 1914/1914/1763 1913/1913/1762 1916/1916/1765
f 1916/1916/1765 1913/1913/1762 1903/1903/1752
f 1903/1903/1752 1908/1908/1757 1916/1916/1765
f 1917/1917/1766 1914/1914/1763 1916/1916/1765
f 1908/1908/1757 1917/1917/1766 1916/1916/1765
f 1908/1908/1757 1918/1918/1767 1917/1917/1766
f 1918/1918/1767 1908/1908/1757 1919/1919/1768
f 1918/1918/1767 1919/1919/1768 1920/1920/1769
f 1921/1921/1770 1918/1918/1767 1920/1920/1769
f 1921/1921/1770 1920/1920/1769 627/627/560
f 1922/1922/1771 1921/1921/1770 627/627/560
f 1912/1912/1761 1910/1910/1759 617/617/550
f 1912/1912/1761 617/617/550 615/615/548
f 618/618/551 617/617/550 1910/1910/1759
f 625/625/558 1922/1922/1771 627/627/560
f 1923/1923/1772 1915/1915/1764 1924/1924/1773
f 1924/1924/1773 1925/1925/1774 1923/1923/1772
f 1924/1924/1773 1926/1926/1775 1925/1925/1774
f 1926/1926/1775 1927/1927/1776 1925/1925/1774
f 1923/1923/1772 1929/1928/1777 1928/1929/1778
f 1929/1928/1777 1930/1930/1779 1928/1929/1778
f 1928/1929/1778 1901/1901/1750 1923/1923/1772
f 1929/1928/1777 457/457/391 1930/1930/1779
f 1923/1923/1772 1901/1901/1750 1899/1900/1749
f 1923/1923/1772 1899/1900/1749 1915/1915/1764
f 1928/1929/1778 1931/1931/1780 1901/1901/1750
f 1930/1930/1779 1932/1932/1781 1928/1929/1778
f 1933/1933/1782 1928/1929/1778 1932/1932/1781
f 1934/1934/1783 1933/1933/1782 1932/1932/1781
f 456/456/390 1930/1930/1779 457/457/391
f 465/465/399 1930/1930/1779 456/456/390
f 457/457/391 1929/1928/1777 1935/1935/1784
f 453/453/387 457/457/391 1935/1935/1784
f 453/453/387 1935/1935/1784 1936/1936/1785
f 1937/1937/1786 1936/1936/1785 1935/1935/1784
f 1937/1937/1786 1938/1938/1787 1936/1936/1785
f 1938/1938/1787 455/455/389 1936/1936/1785
f 1935/1935/1784 1939/1939/1788 1937/1937/1786
f 455/455/389 1938/1938/1787 446/446/380
f 454/454/388 1936/1936/1785 455/455/389
f 454/454/388 453/453/387 1936/1936/1785
f 465/465/399 464/464/398 1940/1940/1789
f 1941/1941/1790 1943/1942/1791 1942/1943/1792
f 1942/1943/1792 1943/1942/1791 1944/1944/1793
f 1945/1945/1794 1941/1941/1790 1942/1943/1792
f 1943/1942/1791 1946/1946/1795 1944/1944/1793
f 1943/1942/1791 1947/1947/1796 1946/1946/1795
f 1947/1947/1796 1948/1948/1797 1946/1946/1795
f 1946/1946/1795 1948/1948/1797 1949/1949/1798
f 1945/1945/1794 1942/1943/1792 1950/1950/1799
f 1951/1951/1800 1945/1945/1794 1950/1950/1799
f 1951/1951/1800 1950/1950/1799 1952/1952/1801
f 1953/1953/1802 1951/1951/1800 1952/1952/1801
f 1951/1951/1800 1953/1953/1802 1954/1954/1803
f 1951/1951/1800 1954/1954/1803 1955/1955/1804
f 1954/1954/1803 1956/1956/1805 1955/1955/1804
f 1954/1954/1803 1957/1957/1806 1956/1956/1805
f 1952/1952/1801 1950/1950/1799 1958/1958/1807
f 1950/1950/1799 1959/1959/1808 1958/1958/1807
f 1950/1950/1799 1960/1960/1809 1959/1959/1808
f 1961/1961/1810 1960/1960/1809 1950/1950/1799
f 1961/1961/1810 1950/1950/1799 1962/1962/1811
f 1963/1963/1812 1965/1964/1813 1964/1965/1814
f 1965/1964/1813 1963/1963/1812 1966/1966/1815
f 1965/1964/1813 1967/1967/1816 1964/1965/1814
f 1967/1967/1816 1968/1968/1817 1964/1965/1814
f 1967/1967/1816 1969/1969/1818 1968/1968/1817
f 1969/1969/1818 1970/1970/1819 1968/1968/1817
f 1971/1971/1820 1970/1970/1819 1969/1969/1818
f 1972/1972/1821 1970/1970/1819 1971/1971/1820
f 1972/1972/1821 1971/1971/1820 1973/1973/1822
f 1974/1974/1823 1972/1972/1821 1973/1973/1822
f 1973/1973/1822 1975/1975/1824 1974/1974/1823
f 1975/1975/1824 1976/1976/1825 1974/1974/1823
f 1977/1977/1826 1979/1978/1827 1978/1979/1828
f 1979/1978/1827 1980/1980/1829 1978/1979/1828
f 1979/1978/1827 1981/1981/1830 1980/1980/1829
f 1981/1981/1830 1982/1982/1830 1980/1980/1829
f 1981/1981/1830 1983/1983/1831 1982/1982/1830
f 1983/1983/1831 1984/1984/1832 1982/1982/1830
f 1984/1984/1832 1983/1983/1831 1985/1985/1833
f 1986/1986/1834 1984/1984/1832 1985/1985/1833
f 1986/1986/1834 1985/1985/1833 1987/1987/1835
f 1988/1988/1836 1986/1986/1834 1987/1987/1835
f 1989/1989/1837 1988/1988/1836 1987/1987/1835
f 1988/1988/1836 1989/1989/1837 1990/1990/1838
f 1991/1991/1839 1993/1992/1840 1992/1993/1841
f 1991/1991/1839 1994/1994/1840 1993/1992/1840
f 1995/1995/1842 1991/1991/1839 1992/1993/1841
f 1995/1995/1842 1992/1993/1841 1996/1996/1843
f 1997/1997/1844 1995/1995/1842 1996/1996/1843
f 1994/1994/1840 1998/1998/1845 1993/1992/1840
f 1994/1994/1840 1999/1999/1845 1998/1998/1845
f 1999/1999/1845 2000/2000/1846 1998/1998/1845
f 1999/1999/1845 2001/2001/1847 2000/2000/1846
f 2001/2001/1847 2002/2002/1848 2000/2000/1846
f 2001/2001/1847 2003/2003/1848 2002/2002/1848
f 1997/1997/1844 1996/1996/1843 2004/2004/1844
f 2005/2005/1849 1997/1997/1844 2004/2004/1844
f 2005/2005/1849 2004/2004/1844 2006/2006/1850
f 2007/2007/1851 2005/2005/1849 2006/2006/1850
f 2007/2007/1851 2006/2006/1850 2008/2008/1852
f 2009/2009/1853 2007/2007/1851 2008/2008/1852
f 2009/2009/1853 2008/2008/1852 2010/2010/1853
f 2011/2011/1854 2009/2009/1853 2010/2010/1853
f 2003/2003/1848 2012/2012/1855 2002/2002/1848
f 2003/2003/1848 2013/2013/1856 2012/2012/1855
f 2013/2013/1856 2014/2014/1857 2012/2012/1855
f 2013/2013/1856 2015/2015/1858 2014/2014/1857
f 2015/2015/1858 2016/2016/1859 2014/2014/1857
f 2015/2015/1858 2017/2017/1860 2016/2016/1859
f 2017/2017/1860 2018/2018/1861 2016/2016/1859
f 2017/2017/1860 2019/2019/1862 2018/2018/1861
f 2019/2019/1862 2020/2020/1863 2018/2018/1861
f 2019/2019/1862 2021/2021/1864 2020/2020/1863
f 2011/2011/1854 2010/2010/1853 2022/2022/1854
f 2023/2023/1865 2011/2011/1854 2022/2022/1854
f 2023/2023/1865 2022/2022/1854 2024/2024/1866
f 2024/2024/1866 2025/2025/1867 2023/2023/1865
f 2025/2025/1867 2026/2026/1868 2023/2023/1865
f 2025/2025/1867 2027/2027/1869 2026/2026/1868
f 2025/2025/1867 2028/2028/1870 2027/2027/1869
f 2028/2028/1870 2029/2029/1871 2027/2027/1869
f 2028/2028/1870 2030/2030/1872 2029/2029/1871
f 2028/2028/1870 2031/2031/1873 2030/2030/1872
f 2031/2031/1873 2032/2032/1874 2030/2030/1872
f 2020/2020/1863 2021/2021/1864 2033/2033/1875
f 2034/2034/1876 2020/2020/1863 2033/2033/1875
f 2034/2034/1876 2033/2033/1875 2035/2035/1877
f 2034/2034/1876 2035/2035/1877 2036/2036/1878
f 2036/2036/1878 2037/2037/1879 2034/2034/1876
f 2037/2037/1879 2038/2038/1880 2034/2034/1876
f 2037/2037/1879 2039/2039/1881 2038/2038/1880
f 2039/2039/1881 2037/2037/1879 2040/2040/1882
f 2039/2039/1881 2040/2040/1882 2041/2041/1883
f 2042/2042/1884 2044/2043/1885 2043/2044/1886
f 2042/2042/1884 2045/2045/1887 2044/2043/1885
f 2046/2046/1888 2042/2042/1884 2043/2044/1886
f 2046/2046/1888 2043/2044/1886 2047/2047/1889
f 2045/2045/1887 2048/2048/1890 2044/2043/1885
f 2049/2049/1891 2045/2045/1887 2042/2042/1884
f 2049/2049/1891 2050/2050/1892 2045/2045/1887
f 2045/2045/1887 2051/2051/1893 2048/2048/1890
f 2050/2050/1892 2051/2051/1893 2045/2045/1887
f 2051/2051/1893 2052/2052/1894 2048/2048/1890
f 2051/2051/1893 2053/2053/1895 2052/2052/1894
f 2046/2046/1888 2047/2047/1889 2054/2054/1896
f 2055/2055/1897 2046/2046/1888 2054/2054/1896
f 2054/2054/1896 2056/2056/1898 2055/2055/1897
f 2056/2056/1898 2057/2057/1899 2055/2055/1897
f 2055/2055/1897 2057/2057/1899 2058/2058/1900
f 2058/2058/1900 2059/2059/1901 2055/2055/1897
f 2059/2059/1901 2058/2058/1900 2060/2060/1902
f 829/829/740 2053/2053/1895 2051/2051/1893
f 2050/2050/1892 829/829/740 2051/2051/1893
f 829/829/740 2050/2050/1892 2061/2061/1903
f 829/829/740 2061/2061/1903 2062/2062/1904
f 827/827/738 829/829/740 2062/2062/1904
f 2062/2062/1904 817/817/728 827/827/738
f 2063/2063/1905 817/817/728 2062/2062/1904
f 817/817/728 2063/2063/1905 805/805/716
f 2063/2063/1905 793/793/704 805/805/716
f 793/793/704 2063/2063/1905 2064/2064/1906
f 2064/2064/1906 2063/2063/1905 2062/2062/1904
f 2059/2059/1901 2065/2065/1907 2055/2055/1897
f 2065/2065/1907 2046/2046/1888 2055/2055/1897
f 2065/2065/1907 2042/2042/1884 2046/2046/1888
f 2066/2066/1908 2042/2042/1884 2065/2065/1907
f 2066/2066/1908 2049/2049/1891 2042/2042/1884
f 2067/2067/1909 2059/2059/1901 2060/2060/1902
f 793/793/704 2064/2064/1906 787/787/698
f 2062/2062/1904 787/787/698 2064/2064/1906
f 787/787/698 2062/2062/1904 786/786/697
f 786/786/697 2062/2062/1904 2061/2061/1903
f 887/887/798 786/786/697 2061/2061/1903
f 887/887/798 791/791/702 786/786/697
f 2068/2068/1910 2049/2049/1891 2066/2066/1908
f 2068/2068/1910 2069/2069/1911 2049/2049/1891
f 884/884/795 887/887/798 2069/2069/1911
f 884/884/795 2069/2069/1911 2068/2068/1910
f 884/884/795 2068/2068/1910 2070/2070/1912
f 2070/2070/1912 2068/2068/1910 2066/2066/1908
f 2070/2070/1912 2066/2066/1908 2067/2067/1909
f 877/877/788 2070/2070/1912 2067/2067/1909
f 877/877/788 884/884/795 2070/2070/1912
f 2067/2067/1909 2060/2060/1902 877/877/788
f 2069/2069/1911 2050/2050/1892 2049/2049/1891
f 2069/2069/1911 2071/2071/1913 2050/2050/1892
f 2050/2050/1892 2071/2071/1913 2061/2061/1903
f 2069/2069/1911 887/887/798 2071/2071/1913
f 887/887/798 2061/2061/1903 2071/2071/1913
f 2072/2072/1914 2074/2073/1915 2073/2074/1916
f 2072/2072/1914 2075/2075/1917 2074/2073/1915
f 2073/2074/1916 2076/2076/1918 2072/2072/1914
f 2076/2076/1918 2077/2077/1919 2072/2072/1914
f 2075/2075/1917 2078/2078/1920 2074/2073/1915
f 2075/2075/1917 2079/2079/1921 2078/2078/1920
f 2079/2079/1921 2075/2075/1917 2080/2080/1922
f 2076/2076/1918 2081/2081/1923 2077/2077/1919
f 2081/2081/1923 2082/2082/1924 2077/2077/1919
f 2081/2081/1923 2083/2083/1925 2082/2082/1924
f 2084/2084/1926 2086/2085/1927 2085/2086/1928
f 2087/2087/1929 2084/2084/1926 2085/2086/1928
f 2086/2085/1927 2088/2088/1930 2085/2086/1928
f 2088/2088/1930 2089/2089/1931 2085/2086/1928
f 2089/2089/1931 2088/2088/1930 2090/2090/1932
f 2090/2090/1932 2091/2091/1933 2089/2089/1931
f 2091/2091/1933 2090/2090/1932 2092/2092/1934
f 2090/2090/1932 2093/2093/1935 2092/2092/1934
f 2094/2094/1936 2096/2095/1937 2095/2096/1938
f 2094/2094/1936 2097/2097/1939 2096/2095/1937
f 2096/2095/1937 2097/2097/1939 2098/2098/1940
f 2097/2097/1939 2099/2099/1941 2098/2098/1940
f 2100/2100/1942 2094/2094/1936 2095/2096/1938
f 2095/2096/1938 2101/2101/1943 2100/2100/1942
f 2101/2101/1943 2102/2102/1944 2100/2100/1942
f 2102/2102/1944 2101/2101/1943 2103/2103/1945
f 2104/2104/1946 2106/2105/1947 2105/2106/1948
f 2104/2104/1946 2105/2106/1948 2107/2107/1949
f 2108/2108/1950 2104/2104/1946 2107/2107/1949
f 2106/2105/1947 2104/2104/1946 2109/2109/1951
f 2110/2110/1952 2112/2111/1953 2111/2112/1954
f 2110/2110/1952 2113/2113/1955 2112/2111/1953
f 2112/2111/1953 2113/2113/1955 2114/2114/1956
f 2113/2113/1955 2115/2115/1957 2114/2114/1956
f 2116/2116/1958 2110/2110/1952 2111/2112/1954
f 2111/2112/1954 2117/2117/1959 2116/2116/1958
f 2117/2117/1959 2118/2118/1960 2116/2116/1958
f 2118/2118/1960 2117/2117/1959 2119/2119/1961
f 2120/2120/1962 2122/2121/1963 2121/2122/1964
f 2120/2120/1962 2123/2123/1965 2122/2121/1963
f 2124/2124/1966 2120/2120/1962 2121/2122/1964
f 2124/2124/1966 2121/2122/1964 2125/2125/1967
f 2125/2125/1967 2126/2126/1968 2124/2124/1966
f 2125/2125/1967 2127/2127/1969 2126/2126/1968
f 2125/2125/1967 2128/2128/1970 2127/2127/1969
f 2128/2128/1970 2129/2129/1971 2127/2127/1969
f 2128/2128/1970 2130/2130/1972 2129/2129/1971
f 2131/2131/1973 2129/2129/1971 2130/2130/1972
f 2131/2131/1973 2130/2130/1972 2132/2132/1974
f 2131/2131/1973 2132/2132/1974 2133/2133/1975
f 2134/2134/1976 2131/2131/1973 2133/2133/1975
f 2122/2121/1963 2123/2123/1965 2135/2135/1977
f 2122/2121/1963 2135/2135/1977 2136/2136/1978
f 2122/2121/1963 2136/2136/1978 2137/2137/1979
f 2137/2137/1979 2138/2138/1980 2122/2121/1963
f 2138/2138/1980 2139/2139/1981 2122/2121/1963
f 2138/2138/1980 2140/2140/1982 2139/2139/1981
f 2138/2138/1980 2141/2141/1983 2140/2140/1982
f 2142/2142/1984 2140/2140/1982 2141/2141/1983
f 2143/2143/1985 2142/2142/1984 2141/2141/1983
f 2143/2143/1985 2144/2144/1986 2142/2142/1984
f 2145/2145/1987 2147/2146/1988 2146/2147/1989
f 2145/2145/1987 2148/2148/1990 2147/2146/1988
f 2149/2149/1989 2145/2145/1987 2146/2147/1989
f 2148/2148/1990 2150/2150/1990 2147/2146/1988
f 2148/2148/1990 2151/2151/1991 2150/2150/1990
f 2151/2151/1991 2152/2152/1992 2150/2150/1990
f 2151/2151/1991 2153/2153/1993 2152/2152/1992
f 2153/2153/1993 2154/2154/1994 2152/2152/1992
f 2153/2153/1993 2155/2155/1995 2154/2154/1994
f 2153/2153/1993 2156/2156/1996 2155/2155/1995
f 2149/2149/1989 2146/2147/1989 2157/2157/1997
f 2158/2158/1998 2149/2149/1989 2157/2157/1997
f 2159/2159/1999 2158/2158/1998 2157/2157/1997
f 2159/2159/1999 2160/2160/2000 2158/2158/1998
f 2155/2155/1995 2156/2156/1996 2161/2161/2001
f 2162/2162/2002 2155/2155/1995 2161/2161/2001
f 2162/2162/2002 2161/2161/2001 2163/2163/2003
f 2164/2164/2004 2162/2162/2002 2163/2163/2003
f 2165/2165/2005 2167/2166/2006 2166/2167/2007
f 2165/2165/2005 2168/2168/2008 2167/2166/2006
f 2167/2166/2006 2168/2168/2008 2169/2169/2009
f 2170/2170/2010 2167/2166/2006 2169/2169/2009
f 2170/2170/2010 2169/2169/2009 2171/2171/2011
f 2172/2172/2012 2165/2165/2005 2166/2167/2007
f 2170/2170/2010 2171/2171/2011 2173/2173/2013
f 2170/2170/2010 2173/2173/2013 2174/2174/2014
f 2170/2170/2010 2174/2174/2014 2175/2175/2015
f 2176/2176/2016 2170/2170/2010 2175/2175/2015
f 2176/2176/2016 2175/2175/2015 2177/2177/2017
f 2176/2176/2016 2177/2177/2017 2178/2178/2018
f 2179/2179/2019 2176/2176/2016 2178/2178/2018
f 2180/2180/2020 2182/2181/2020 2181/2182/2021
f 2183/2183/2022 2180/2180/2020 2181/2182/2021
f 2183/2183/2022 2181/2182/2021 2184/2184/2023
f 2180/2180/2020 2185/2185/2024 2182/2181/2020
f 2185/2185/2024 2186/2186/2025 2182/2181/2020
f 2187/2187/425 2183/2183/2022 2184/2184/2023
f 2183/2183/2022 2187/2187/425 2188/2188/2026
f 2189/2189/2027 2183/2183/2022 2188/2188/2026
f 2190/2190/2028 2189/2189/2027 2188/2188/2026
f 2189/2189/2027 2190/2190/2028 2191/2191/2029
f 2185/2185/2024 2192/2192/2030 2186/2186/2025
f 2192/2192/2030 2185/2185/2024 2193/2193/2031
f 2185/2185/2024 2194/2194/2032 2193/2193/2031
f 2185/2185/2024 2195/2195/800 2194/2194/2032
f 2195/2195/800 2196/2196/2033 2194/2194/2032
f 2196/2196/2033 2195/2195/800 2197/2197/2034
f 2195/2195/800 2198/2198/2035 2197/2197/2034
f 2199/2199/2020 2201/2200/2020 2200/2201/2036
f 2202/2202/2037 2199/2199/2020 2200/2201/2036
f 2199/2199/2020 2203/2203/2038 2201/2200/2020
f 2203/2203/2038 2204/2204/2039 2201/2200/2020
f 2205/2205/2033 2202/2202/2037 2200/2201/2036
f 2202/2202/2037 2205/2205/2033 2206/2206/2040
f 2202/2202/2037 2206/2206/2040 2207/2207/2041
f 2208/2208/702 2202/2202/2037 2207/2207/2041
f 2209/2209/2042 2208/2208/702 2207/2207/2041
f 2208/2208/702 2209/2209/2042 2210/2210/2043
f 2203/2203/2038 2211/2211/2044 2204/2204/2039
f 2211/2211/2044 2203/2203/2038 2212/2212/2045
f 2203/2203/2038 2213/2213/2046 2212/2212/2045
f 2203/2203/2038 2214/2214/2047 2213/2213/2046
f 2214/2214/2047 2215/2215/2048 2213/2213/2046
f 2215/2215/2048 2214/2214/2047 2216/2216/2049
f 2214/2214/2047 2217/2217/2050 2216/2216/2049
f 2218/2218/2051 2220/2219/2052 2219/2220/2053
f 2218/2218/2051 2219/2220/2053 2221/2221/2054
f 2222/2222/2055 2218/2218/2051 2221/2221/2054
f 2220/2219/2052 2223/2223/2056 2219/2220/2053
f 2220/2219/2052 2224/2224/2057 2223/2223/2056
f 2224/2224/2057 2225/2225/2058 2223/2223/2056
f 2224/2224/2057 2226/2226/2059 2225/2225/2058
f 2226/2226/2059 2227/2227/2060 2225/2225/2058
f 2228/2228/2061 2230/2229/2062 2229/2230/2063
f 2230/2229/2062 2231/2231/2064 2229/2230/2063
f 2230/2229/2062 2232/2232/2065 2231/2231/2064
f 2232/2232/2065 2233/2233/2066 2231/2231/2064
f 2232/2232/2065 2234/2234/2067 2233/2233/2066
f 2234/2234/2067 2235/2235/2068 2233/2233/2066
f 2235/2235/2068 2234/2234/2067 2236/2236/2069
f 2237/2237/2070 2235/2235/2068 2236/2236/2069
f 2238/2238/2071 2237/2237/2070 2236/2236/2069
f 2238/2238/2071 2236/2236/2069 2239/2239/2072
f 2240/2240/2073 2238/2238/2071 2239/2239/2072
f 2240/2240/2073 2239/2239/2072 2241/2241/2074
f 2239/2239/2072 2242/2242/2075 2241/2241/2074
f 2243/2243/2076 2245/2244/2077 2244/2245/2078
f 2243/2243/2076 2246/2246/2079 2245/2244/2077
f 2246/2246/2079 2247/2247/2080 2245/2244/2077
f 2246/2246/2079 2248/2248/2081 2247/2247/2080
f 2246/2246/2079 2249/2249/2082 2248/2248/2081
f 2249/2249/2082 2250/2250/2083 2248/2248/2081
f 2251/2251/2084 2243/2243/2076 2244/2245/2078
f 2251/2251/2084 2244/2245/2078 2252/2252/2085
f 2253/2253/2086 2251/2251/2084 2252/2252/2085
f 2250/2250/2083 2254/2254/2087 2248/2248/2081
f 2254/2254/2087 2255/2255/2088 2248/2248/2081
f 2254/2254/2087 2256/2256/2089 2255/2255/2088
f 2256/2256/2089 2257/2257/2090 2255/2255/2088
f 2257/2257/2090 2258/2258/2091 2255/2255/2088
f 2257/2257/2090 2259/2259/2092 2258/2258/2091
f 2259/2259/2092 2260/2260/2093 2258/2258/2091
f 2261/2261/2094 2263/2262/2095 2262/2263/2096
f 2261/2261/2094 2262/2263/2096 2264/2264/2097
f 2264/2264/2097 2262/2263/2096 2265/2265/2098
f 2266/2266/2098 2264/2264/2097 2265/2265/2098
f 2266/2266/2098 2265/2265/2098 2267/2267/2099
f 2268/2268/2100 2266/2266/2098 2267/2267/2099
f 2268/2268/2100 2267/2267/2099 2269/2269/2101
f 2270/2270/2102 2268/2268/2100 2269/2269/2101
f 2269/2269/2101 2271/2271/2103 2270/2270/2102
f 2271/2271/2103 2272/2272/2103 2270/2270/2102
f 2271/2271/2103 2273/2273/2104 2272/2272/2103
f 2273/2273/2104 2274/2274/2104 2272/2272/2103
f 2273/2273/2104 2275/2275/2105 2274/2274/2104
f 2275/2275/2105 2276/2276/2106 2274/2274/2104
f 2261/2261/2094 2277/2277/2107 2263/2262/2095
f 2263/2262/2095 2277/2277/2107 2278/2278/2108
f 2277/2277/2107 2279/2279/2109 2278/2278/2108
f 2279/2279/2109 2280/2280/2110 2278/2278/2108
f 2279/2279/2109 2281/2281/2111 2280/2280/2110
f 2281/2281/2111 2282/2282/2112 2280/2280/2110
f 2281/2281/2111 2283/2283/2113 2282/2282/2112
f 2281/2281/2111 2284/2284/2114 2283/2283/2113
f 2285/2285/2115 2283/2283/2113 2284/2284/2114
f 2284/2284/2114 2281/2281/2111 2286/2286/2116
f 2287/2287/2117 2286/2286/2116 2281/2281/2111
f 2288/2288/2118 2287/2287/2117 2281/2281/2111
f 2288/2288/2118 65/65/64 2287/2287/2117
f 65/65/64 2289/2289/195 2287/2287/2117
f 65/65/64 2290/2290/194 2289/2289/195
f 2291/2291/575 2289/2289/195 2290/2290/194
f 2291/2291/575 2290/2290/194 2292/2292/85
f 2293/2293/2119 2291/2291/575 2292/2292/85
f 2293/2293/2119 2292/2292/85 2294/2294/2120
f 2295/2295/2121 2293/2293/2119 2294/2294/2120
f 2293/2293/2119 2295/2295/2121 2296/2296/2122
f 2284/2284/2114 2286/2286/2116 2297/2297/2123
f 2298/2298/2124 2284/2284/2114 2297/2297/2123
f 2290/2290/194 65/65/64 66/66/65
f 2296/2296/2122 2295/2295/2121 2299/2299/2125
f 2295/2295/2121 2300/2300/2126 2299/2299/2125
f 2301/2301/575 2300/2300/2126 2295/2295/2121
f 2301/2301/575 2295/2295/2121 2302/2302/2127
f 2303/2303/584 2302/2302/2127 2295/2295/2121
f 2303/2303/584 2295/2295/2121 39/39/38
f 2303/2303/584 39/39/38 2304/2304/2128
f 39/39/38 41/41/40 2304/2304/2128
f 59/59/58 2305/2305/2129 66/66/65
f 59/59/58 2306/2306/2130 2305/2305/2129
f 2307/2307/1419 2308/2308/2131 491/491/424
f 2309/2309/2132 2307/2307/1419 491/491/424
f 491/491/424 490/490/423 2309/2309/2132
f 494/494/427 491/491/424 2308/2308/2131
f 2310/2310/2133 2312/2311/2134 2311/2312/2135
f 2310/2310/2133 2311/2312/2135 2313/2313/2136
f 2314/2314/2137 2310/2310/2133 2313/2313/2136
f 2312/2311/2134 2315/2315/2138 2311/2312/2135
f 2316/2316/2139 2314/2314/2137 2313/2313/2136
f 2314/2314/2137 2316/2316/2139 2317/2317/2140
f 2312/2311/2134 2318/2318/2141 2315/2315/2138
f 2318/2318/2141 63/63/62 2315/2315/2138
f 2318/2318/2141 2319/2319/2142 63/63/62
f 63/63/62 2319/2319/2142 62/62/61
f 2316/2316/2139 2320/2320/2143 2317/2317/2140
f 2316/2316/2139 2321/2321/2144 2320/2320/2143
f 2321/2321/2144 2322/2322/2145 2320/2320/2143
f 2321/2321/2144 2323/2323/2146 2322/2322/2145
f 2321/2321/2144 2324/2324/2147 2323/2323/2146
f 2324/2324/2147 2325/2325/2148 2323/2323/2146
f 2324/2324/2147 2326/2326/2149 2325/2325/2148
f 2324/2324/2147 2327/2327/2150 2326/2326/2149
f 2327/2327/2150 2328/2328/2151 2326/2326/2149
f 2327/2327/2150 2329/2329/2152 2328/2328/2151
f 2329/2329/2152 2330/2330/2153 2328/2328/2151
f 2331/2331/2154 2330/2330/2153 2329/2329/2152
f 2332/2332/2155 2330/2330/2153 2331/2331/2154
f 2333/2333/2156 2332/2332/2155 2331/2331/2154
f 2333/2333/2156 2331/2331/2154 2334/2334/2157
f 2334/2334/2157 2331/2331/2154 2335/2335/2158
f 2335/2335/2158 2336/2336/2159 2334/2334/2157
f 2335/2335/2158 2337/2337/2160 2336/2336/2159
f 2337/2337/2160 2338/2338/2161 2336/2336/2159
f 2337/2337/2160 2339/2339/2162 2338/2338/2161
f 2335/2335/2158 2340/2340/2163 2337/2337/2160
f 2341/2341/2164 2337/2337/2160 2340/2340/2163
f 2341/2341/2164 2340/2340/2163 84/84/80
f 2342/2342/2165 2337/2337/2160 2341/2341/2164
f 2337/2337/2160 2342/2342/2165 2339/2339/2162
f 2342/2342/2165 2341/2341/2164 2343/2343/2166
f 2343/2343/2166 2341/2341/2164 84/84/80
f 84/84/80 2344/2344/2167 2343/2343/2166
f 88/88/84 2344/2344/2167 84/84/80
f 88/88/84 2345/2345/2168 2344/2344/2167
f 88/88/84 2346/2346/2169 2345/2345/2168
f 2346/2346/2169 2347/2347/2170 2345/2345/2168
f 2346/2346/2169 2348/2348/2171 2347/2347/2170
f 2348/2348/2171 2349/2349/2172 2347/2347/2170
f 2350/2350/2173 2349/2349/2172 2348/2348/2171
f 2349/2349/2172 2350/2350/2173 2351/2351/2174
f 2350/2350/2173 2352/2352/2173 2351/2351/2174
f 2350/2350/2173 2353/2353/2175 2352/2352/2173
f 2353/2353/2175 2354/2354/2176 2352/2352/2173
f 2353/2353/2175 2355/2355/2177 2354/2354/2176
f 2353/2353/2175 2356/2356/2178 2355/2355/2177
f 2356/2356/2178 2357/2357/2179 2355/2355/2177
f 2356/2356/2178 2358/2358/2180 2357/2357/2179
f 2356/2356/2178 2359/2359/2181 2358/2358/2180
f 2359/2359/2181 2360/2360/2182 2358/2358/2180
f 2361/2361/2183 2363/2362/2184 2362/2363/2185
f 2364/2364/2186 2361/2361/2183 2362/2363/2185
f 2363/2362/2184 2365/2365/2187 2362/2363/2185
f 2363/2362/2184 2366/2366/2188 2365/2365/2187
f 2366/2366/2188 2367/2367/2189 2365/2365/2187
f 2366/2366/2188 2368/2368/2190 2367/2367/2189
f 2368/2368/2190 2369/2369/2191 2367/2367/2189
f 2361/2361/2183 2364/2364/2186 2370/2370/2192
f 2371/2371/2193 2369/2369/2191 2368/2368/2190
f 2372/2372/2194 2371/2371/2193 2368/2368/2190
f 2372/2372/2194 2368/2368/2190 2373/2373/2195
f 2374/2374/2196 2372/2372/2194 2373/2373/2195
f 2374/2374/2196 2373/2373/2195 2375/2375/2197
f 2376/2376/2198 2374/2374/2196 2375/2375/2197
f 2376/2376/2198 2375/2375/2197 2377/2377/2199
f 2378/2378/2200 2376/2376/2198 2377/2377/2199
f 2378/2378/2200 2377/2377/2199 2379/2379/2201
f 2380/2380/2202 2378/2378/2200 2379/2379/2201
f 2380/2380/2202 2379/2379/2201 2381/2381/2203
f 2380/2380/2202 2381/2381/2203 2382/2382/2204
f 2383/2383/2205 2380/2380/2202 2382/2382/2204
f 2382/2382/2204 2384/2384/2206 2383/2383/2205
f 2382/2382/2204 2385/2385/2207 2384/2384/2206
f 2382/2382/2204 2386/2386/2208 2385/2385/2207
f 2386/2386/2208 2387/2387/2209 2385/2385/2207
f 2386/2386/2208 2388/2388/2210 2387/2387/2209
f 2386/2386/2208 2389/2389/2211 2388/2388/2210
f 2389/2389/2211 2386/2386/2208 2390/2390/2212
f 2390/2390/2212 2386/2386/2208 58/58/57
f 2390/2390/2212 58/58/57 61/61/60
f 2391/2391/2213 2393/2392/2214 2392/2393/2215
f 2393/2392/2214 2391/2391/2213 2394/2394/2216
f 2393/2392/2214 2395/2395/2217 2392/2393/2215
f 2395/2395/2217 2396/2396/2218 2392/2393/2215
f 2395/2395/2217 2397/2397/2219 2396/2396/2218
f 2397/2397/2219 2398/2398/2220 2396/2396/2218
f 2399/2399/2221 2398/2398/2220 2397/2397/2219
f 2398/2398/2220 2399/2399/2221 2400/2400/2222
f 2399/2399/2221 2401/2401/2223 2400/2400/2222
f 2401/2401/2223 2402/2402/2224 2400/2400/2222
f 2401/2401/2223 2403/2403/2225 2402/2402/2224
f 2403/2403/2225 2404/2404/2226 2402/2402/2224
f 2405/2405/2227 2407/2406/2228 2406/2407/2229
f 2407/2406/2228 2408/2408/2230 2406/2407/2229
f 2409/2409/2231 2411/2410/2232 2410/2411/2233
f 2409/2409/2231 2412/2412/2234 2411/2410/2232
f 2412/2412/2234 2413/2413/2235 2411/2410/2232
f 2414/2414/2236 2409/2409/2231 2410/2411/2233
f 2415/2415/2237 2417/2416/2238 2416/2417/2239
f 2416/2417/2239 2417/2416/2238 2418/2418/2240
f 2417/2416/2238 2415/2415/2237 2419/2419/2241
f 2417/2416/2238 2419/2419/2241 2420/2420/2242
f 2416/2417/2239 2418/2418/2240 152/152/127
f 2417/2416/2238 2420/2420/2242 2421/2421/2243
f 2422/2422/2244 2417/2416/2238 2421/2421/2243
f 2422/2422/2244 2421/2421/2243 2423/2423/2245
f 2418/2418/2240 149/149/124 152/152/127
f 2422/2422/2244 2423/2423/2245 2424/2424/2246
f 2424/2424/2246 2425/2425/2247 2422/2422/2244
f 2425/2425/2247 2426/2426/2248 2422/2422/2244
f 2425/2425/2247 2427/2427/2249 2426/2426/2248
f 2425/2425/2247 2428/2428/2250 2427/2427/2249
f 2428/2428/2250 2429/2429/2251 2427/2427/2249
f 2428/2428/2250 2430/2430/2252 2429/2429/2251
f 2430/2430/2252 2431/2431/2253 2429/2429/2251
f 2430/2430/2252 2432/2432/2254 2431/2431/2253
f 2432/2432/2254 2433/2433/2255 2431/2431/2253
f 2432/2432/2254 2434/2434/2256 2433/2433/2255
f 2434/2434/2256 2435/2435/2257 2433/2433/2255
f 2434/2434/2256 2436/2436/2258 2435/2435/2257
f 2436/2436/2258 2437/2437/2259 2435/2435/2257
f 2435/2435/2257 2437/2437/2259 2438/2438/2260
f 2439/2439/2261 2435/2435/2257 2438/2438/2260
f 2439/2439/2261 2438/2438/2260 2440/2440/2262
f 2441/2441/2263 2439/2439/2261 2440/2440/2262
f 2441/2441/2263 2440/2440/2262 2442/2442/2264
f 2443/2443/2265 2441/2441/2263 2442/2442/2264
f 2444/2444/2266 2443/2443/2265 2442/2442/2264
f 2443/2443/2265 2444/2444/2266 2445/2445/2267
f 2446/2446/2268 2448/2447/2269 2447/2448/2270
f 2446/2446/2268 2449/2449/2271 2448/2447/2269
f 2449/2449/2271 2450/2450/2272 2448/2447/2269
f 2451/2451/2273 2446/2446/2268 2447/2448/2270
f 2452/2452/2274 2451/2451/2273 2447/2448/2270
f 2452/2452/2274 2447/2448/2270 2453/2453/2275
f 2453/2453/2275 700/700/611 2452/2452/2274
f 700/700/611 2454/2454/2276 2452/2452/2274
f 700/700/611 699/699/610 2454/2454/2276
f 2455/2455/2277 2450/2450/2272 2449/2449/2271
f 2455/2455/2277 2449/2449/2271 2456/2456/2278
f 2457/2457/2279 2455/2455/2277 2456/2456/2278
f 2457/2457/2279 2456/2456/2278 2458/2458/2280
f 2459/2459/2281 2457/2457/2279 2458/2458/2280
f 2460/2460/2282 2462/2461/2283 2461/2462/2282
f 2463/2463/2284 2460/2460/2282 2461/2462/2282
f 2463/2463/2284 2461/2462/2282 2464/2464/2285
f 2460/2460/2282 2465/2465/2286 2462/2461/2283
f 2466/2466/2287 2468/2467/2288 2467/2468/2289
f 2468/2467/2288 2469/2469/2290 2467/2468/2289
f 2466/2466/2287 2467/2468/2289 2470/2470/2291
f 2471/2471/2292 2466/2466/2287 2470/2470/2291
f 2471/2471/2292 2470/2470/2291 2472/2472/2293
f 2473/2473/2294 2471/2471/2292 2472/2472/2293
f 2468/2467/2288 2474/2474/2295 2469/2469/2290
f 2474/2474/2295 2475/2475/2296 2469/2469/2290
f 2474/2474/2295 2476/2476/2297 2475/2475/2296
f 2476/2476/2297 2477/2477/2298 2475/2475/2296
f 2478/2478/2299 2480/2479/2300 2479/2480/2301
f 2478/2478/2299 2479/2480/2301 2481/2481/2302
f 2480/2479/2300 2482/2482/2303 2479/2480/2301
f 2478/2478/2299 2481/2481/2302 2483/2483/2304
f 2484/2484/2305 2478/2478/2299 2483/2483/2304
f 2484/2484/2305 2483/2483/2304 2485/2485/2306
f 2486/2486/2307 2484/2484/2305 2485/2485/2306
f 2486/2486/2307 2485/2485/2306 2487/2487/2308
f 2488/2488/2309 2486/2486/2307 2487/2487/2308
f 2482/2482/2303 2489/2489/2310 2479/2480/2301
f 2489/2489/2310 2490/2490/2311 2479/2480/2301
f 2489/2489/2310 2491/2491/2312 2490/2490/2311
f 2491/2491/2312 2492/2492/2313 2490/2490/2311
f 2492/2492/2313 2493/2493/2314 2490/2490/2311
f 2492/2492/2313 2494/2494/2315 2493/2493/2314
f 2494/2494/2315 2495/2495/2316 2493/2493/2314
f 2496/2496/2317 2498/2497/2317 2497/2498/2318
f 2496/2496/2317 2499/2499/2319 2498/2497/2317
f 2499/2499/2319 2500/2500/2320 2498/2497/2317
f 2501/2501/2321 2496/2496/2317 2497/2498/2318
f 2502/2502/2322 2504/2503/2323 2503/2504/2324
f 2504/2503/2323 2505/2505/2325 2503/2504/2324
f 2506/2506/2326 2508/2507/2327 2507/2508/2328
f 2508/2507/2327 2509/2509/2329 2507/2508/2328
f 2510/2510/2330 2509/2509/2329 2508/2507/2327
f 2510/2510/2330 2508/2507/2327 2511/2511/2331
f 2512/2512/2332 2514/2513/2333 2513/2514/2334
f 2515/2515/2335 2512/2512/2332 2513/2514/2334
f 2512/2512/2332 2516/2516/2336 2514/2513/2333
f 2515/2515/2335 2513/2514/2334 2517/2517/2335
f 2518/2518/2337 2515/2515/2335 2517/2517/2335
f 2518/2518/2337 2517/2517/2335 2519/2519/2338
f 2520/2520/2339 2518/2518/2337 2519/2519/2338
f 2520/2520/2339 2519/2519/2338 2521/2521/2339
f 2522/2522/2340 2520/2520/2339 2521/2521/2339
f 2522/2522/2340 2521/2521/2339 2523/2523/2341
f 2524/2524/2342 2522/2522/2340 2523/2523/2341
f 2524/2524/2342 2523/2523/2341 2525/2525/2343
f 2526/2526/2344 2524/2524/2342 2525/2525/2343
f 2526/2526/2344 2525/2525/2343 2527/2527/2344
f 2528/2528/2345 2526/2526/2344 2527/2527/2344
f 2516/2516/2336 2529/2529/2346 2514/2513/2333
f 2516/2516/2336 2530/2530/2347 2529/2529/2346
f 2530/2530/2347 2531/2531/2348 2529/2529/2346
f 2530/2530/2347 2532/2532/2349 2531/2531/2348
f 2532/2532/2349 2533/2533/2350 2531/2531/2348
f 2532/2532/2349 2534/2534/2351 2533/2533/2350
f 2528/2528/2345 2527/2527/2344 2535/2535/2352
f 2536/2536/2353 2528/2528/2345 2535/2535/2352
f 2536/2536/2353 2535/2535/2352 2537/2537/2353
f 2538/2538/2354 2536/2536/2353 2537/2537/2353
f 2538/2538/2354 2537/2537/2353 2539/2539/2354
f 2540/2540/2355 2538/2538/2354 2539/2539/2354
f 2540/2540/2355 2539/2539/2354 2541/2541/2355
f 2542/2542/2356 2540/2540/2355 2541/2541/2355
f 2542/2542/2356 2541/2541/2355 2543/2543/2356
f 2544/2544/2357 2542/2542/2356 2543/2543/2356
f 2544/2544/2357 2543/2543/2356 2545/2545/2358
f 2533/2533/2350 2534/2534/2351 2546/2546/2359
f 2547/2547/2360 2533/2533/2350 2546/2546/2359
f 2547/2547/2360 2546/2546/2359 2548/2548/2361
f 2548/2548/2361 2549/2549/2362 2547/2547/2360
f 2549/2549/2362 2550/2550/2363 2547/2547/2360
f 2549/2549/2362 2551/2551/2364 2550/2550/2363
f 2551/2551/2364 2549/2549/2362 2552/2552/2365
f 2545/2545/2358 2553/2553/2366 2544/2544/2357
f 2553/2553/2366 2554/2554/2367 2544/2544/2357
f 2553/2553/2366 2555/2555/2368 2554/2554/2367
f 2553/2553/2366 2556/2556/2369 2555/2555/2368
f 2556/2556/2369 2557/2557/2370 2555/2555/2368
f 2551/2551/2364 2552/2552/2365 2558/2558/2371
f 2556/2556/2369 2559/2559/2372 2557/2557/2370
f 2556/2556/2369 2560/2560/2373 2559/2559/2372
f 2560/2560/2373 2561/2561/2374 2559/2559/2372
f 2562/2562/2375 2564/2563/2376 2563/2564/2377
f 2564/2563/2376 2565/2565/2378 2563/2564/2377
f 2566/2566/2379 2565/2565/2378 2564/2563/2376
f 2566/2566/2379 2564/2563/2376 2567/2567/2380
f 2568/2568/2381 2570/2569/2382 2569/2570/2383
f 2570/2569/2382 2571/2571/2384 2569/2570/2383
f 2571/2571/2384 2572/2572/2385 2569/2570/2383
f 2572/2572/2385 2573/2573/2386 2569/2570/2383
f 2573/2573/2386 2572/2572/2385 2574/2574/2387
f 2574/2574/2387 2575/2575/2388 2573/2573/2386
f 2575/2575/2388 2574/2574/2387 2576/2576/2389
f 2574/2574/2387 2577/2577/2390 2576/2576/2389
f 2578/2578/2391 2580/2579/2392 2579/2580/2393
f 2578/2578/2391 2579/2580/2393 2581/2581/2394
f 2580/2579/2392 2582/2582/2395 2579/2580/2393
f 2583/2583/2396 2578/2578/2391 2581/2581/2394
f 2583/2583/2396 2581/2581/2394 2584/2584/2397
f 2585/2585/2398 2583/2583/2396 2584/2584/2397
f 2583/2583/2396 2585/2585/2398 2586/2586/2399
f 2580/2579/2392 2587/2587/2400 2582/2582/2395
f 2587/2587/2400 2580/2579/2392 2588/2588/2401
f 2587/2587/2400 2588/2588/2401 2589/2589/2402
f 2587/2587/2400 2589/2589/2402 2590/2590/2403
f 2591/2591/2404 2587/2587/2400 2590/2590/2403
f 2592/2592/2405 2591/2591/2404 2590/2590/2403
f 2593/2593/2406 2592/2592/2405 2590/2590/2403
f 2580/2579/2392 2594/2594/2407 2588/2588/2401
f 2580/2579/2392 2595/2595/2408 2594/2594/2407
f 2595/2595/2408 2580/2579/2392 2596/2596/2409
f 2580/2579/2392 2597/2597/2410 2596/2596/2409
f 2580/2579/2392 2598/2598/2411 2597/2597/2410
f 2599/2599/2412 2601/2600/2413 2600/2601/2414
f 2599/2599/2412 2600/2601/2414 2602/2602/2415
f 2603/2603/2416 2599/2599/2412 2602/2602/2415
f 2603/2603/2416 2602/2602/2415 2604/2604/2417
f 2604/2604/2417 2605/2605/2418 2603/2603/2416
f 2605/2605/2418 2606/2606/2419 2603/2603/2416
f 2601/2600/2413 2607/2607/2420 2600/2601/2414
f 2601/2600/2413 2608/2608/2421 2607/2607/2420
f 2608/2608/2421 2609/2609/2422 2607/2607/2420
f 2608/2608/2421 2610/2610/2423 2609/2609/2422
f 2610/2610/2423 2611/2611/2424 2609/2609/2422
f 2610/2610/2423 2612/2612/2425 2611/2611/2424
f 2612/2612/2425 2613/2613/2426 2611/2611/2424
f 2612/2612/2425 2614/2614/2427 2613/2613/2426
f 2614/2614/2427 2615/2615/2428 2613/2613/2426
f 2614/2614/2427 2616/2616/2429 2615/2615/2428
f 2617/2617/2430 2619/2618/2431 2618/2619/2432
f 2620/2620/2433 2617/2617/2430 2618/2619/2432
f 2621/2621/2434 2623/2622/2435 2622/2623/2436
f 2621/2621/2434 341/341/275 2623/2622/2435
f 2624/2624/2437 2622/2623/2436 2623/2622/2435
f 2624/2624/2437 2625/2625/2438 2622/2623/2436
f 2625/2625/2438 2624/2624/2437 2626/2626/2439
f 2624/2624/2437 2627/2627/2440 2626/2626/2439
f 2624/2624/2437 2623/2622/2435 2628/2628/2441
f 2629/2629/2442 2623/2622/2435 341/341/275
f 2623/2622/2435 2629/2629/2442 2628/2628/2441
f 2629/2629/2442 341/341/275 2630/2630/2443
f 2621/2621/2434 2631/2631/2444 341/341/275
f 2631/2631/2444 2621/2621/2434 2622/2623/2436
f 341/341/275 2631/2631/2444 340/340/274
f 2624/2624/2437 2632/2632/2445 2627/2627/2440
f 2624/2624/2437 2633/2633/2446 2632/2632/2445
f 2632/2632/2445 2633/2633/2446 2634/2634/2447
f 2632/2632/2445 2634/2634/2447 2635/2635/2448
f 2636/2636/2449 2632/2632/2445 2635/2635/2448
f 2636/2636/2449 2635/2635/2448 2637/2637/2450
f 342/342/276 2630/2630/2443 341/341/275
f 2629/2629/2442 2630/2630/2443 2638/2638/2451
f 342/342/276 2638/2638/2451 2630/2630/2443
f 346/346/280 2629/2629/2442 2638/2638/2451
f 346/346/280 2638/2638/2451 342/342/276
f 2639/2639/2452 2636/2636/2449 2637/2637/2450
f 2640/2640/2453 2639/2639/2452 2637/2637/2450
f 2639/2639/2452 2640/2640/2453 365/365/299
f 2641/2641/2454 2639/2639/2452 365/365/299
f 363/363/297 2641/2641/2454 365/365/299
f 2642/2642/2455 2644/2643/2020 2643/2644/2456
f 2644/2643/2020 2645/2645/2020 2643/2644/2456
f 2644/2643/2020 2646/2646/2457 2645/2645/2020
f 2646/2646/2457 2647/2647/2037 2645/2645/2020
f 2648/2648/2458 2650/2649/2459 2649/2650/2460
f 2648/2648/2458 2649/2650/2460 2651/2651/2461
f 2652/2652/2462 2648/2648/2458 2651/2651/2461
f 2650/2649/2459 2648/2648/2458 2653/2653/2463
f 2654/2654/2455 2656/2655/2020 2655/2656/2456
f 2656/2655/2020 2657/2657/2020 2655/2656/2456
f 2656/2655/2020 2658/2658/2457 2657/2657/2020
f 2658/2658/2457 2659/2659/2037 2657/2657/2020
f 2660/2660/2464 2662/2661/2465 2661/2662/2466
f 2660/2660/2464 2663/2663/2467 2662/2661/2465
f 2662/2661/2465 2663/2663/2467 2664/2664/2468
f 2665/2665/2469 2660/2660/2464 2661/2662/2466
f 2666/2666/2470 2662/2661/2465 2664/2664/2468
f 2666/2666/2470 2664/2664/2468 2667/2667/2471
f 2668/2668/2472 2666/2666/2470 2667/2667/2471
f 2668/2668/2472 2667/2667/2471 2669/2669/2473
f 2668/2668/2472 2669/2669/2473 2670/2670/2474
f 2671/2671/2475 2668/2668/2472 2670/2670/2474
f 2671/2671/2475 2670/2670/2474 2672/2672/2476
f 2671/2671/2475 2672/2672/2476 2673/2673/2477
f 2671/2671/2475 2673/2673/2477 2674/2674/2478
f 2675/2675/2479 2671/2671/2475 2674/2674/2478
f 2676/2676/2480 2678/2677/2481 2677/2678/2482
f 2676/2676/2480 2679/2679/2483 2678/2677/2481
f 2679/2679/2483 2680/2680/2484 2678/2677/2481
f 2680/2680/2484 2679/2679/2483 2681/2681/2485
f 2682/2682/2486 2680/2680/2484 2681/2681/2485
f 2683/2683/2487 2676/2676/2480 2677/2678/2482
f 2683/2683/2487 2677/2678/2482 2684/2684/2488
f 2685/2685/2489 2683/2683/2487 2684/2684/2488
f 2686/2686/2490 2682/2682/2486 2681/2681/2485
f 2686/2686/2490 2681/2681/2485 2687/2687/2491
f 2688/2688/2492 2686/2686/2490 2687/2687/2491
f 2688/2688/2492 2687/2687/2491 2689/2689/2493
f 2687/2687/2491 2690/2690/2494 2689/2689/2493
f 2691/2691/2495 2693/2692/2496 2692/2693/2495
f 2693/2692/2496 2694/2694/2496 2692/2693/2495
f 2693/2692/2496 2695/2695/2497 2694/2694/2496
f 2695/2695/2497 2696/2696/2498 2694/2694/2496
f 2691/2691/2495 2692/2693/2495 2697/2697/2499
f 2698/2698/2500 2691/2691/2495 2697/2697/2499
f 2698/2698/2500 2697/2697/2499 2699/2699/2501
f 2700/2700/2501 2698/2698/2500 2699/2699/2501
f 2700/2700/2501 2699/2699/2501 2701/2701/2502
f 2702/2702/2503 2700/2700/2501 2701/2701/2502
f 2702/2702/2503 2701/2701/2502 2703/2703/2504
f 2704/2704/2505 2702/2702/2503 2703/2703/2504
f 2695/2695/2497 2705/2705/2506 2696/2696/2498
f 2705/2705/2506 2706/2706/2506 2696/2696/2498
f 2705/2705/2506 2707/2707/2507 2706/2706/2506
f 2707/2707/2507 2708/2708/2508 2706/2706/2506
f 2707/2707/2507 2709/2709/2509 2708/2708/2508
f 2709/2709/2509 2710/2710/2510 2708/2708/2508
f 2709/2709/2509 2711/2711/2511 2710/2710/2510
f 2711/2711/2511 2712/2712/2512 2710/2710/2510
f 2711/2711/2511 2713/2713/2511 2712/2712/2512
f 2714/2714/2513 2713/2713/2511 2711/2711/2511
f 2713/2713/2511 2714/2714/2513 2715/2715/2514
f 2704/2704/2505 2703/2703/2504 2716/2716/2515
f 2704/2704/2505 2716/2716/2515 2717/2717/2516
f 2717/2717/2516 2718/2718/2517 2704/2704/2505
f 2718/2718/2517 2719/2719/2518 2704/2704/2505
f 2720/2720/2519 2719/2719/2518 2718/2718/2517
f 2719/2719/2518 2720/2720/2519 2721/2721/2520
f 2722/2722/2521 2721/2721/2520 2720/2720/2519
f 2723/2723/2522 2722/2722/2521 2720/2720/2519
f 2723/2723/2522 2724/2724/2523 2722/2722/2521
f 2725/2725/2524 2724/2724/2523 2723/2723/2522
f 2714/2714/2513 2726/2726/2525 2715/2715/2514
f 2714/2714/2513 2727/2727/2526 2726/2726/2525
f 2727/2727/2526 2728/2728/2527 2726/2726/2525
f 2727/2727/2526 2729/2729/2528 2728/2728/2527
f 2730/2730/2529 2729/2729/2528 2727/2727/2526
f 2729/2729/2528 2730/2730/2529 2731/2731/2530
f 2730/2730/2529 2732/2732/2531 2731/2731/2530
f 2732/2732/2531 2733/2733/2532 2731/2731/2530
f 2734/2734/2533 2733/2733/2532 2732/2732/2531
f 2734/2734/2533 2732/2732/2531 2735/2735/2534
f 2736/2736/2535 2734/2734/2533 2735/2735/2534
f 2736/2736/2535 2735/2735/2534 2737/2737/2536
f 2738/2738/2537 2736/2736/2535 2737/2737/2536
f 2736/2736/2535 2738/2738/2537 2739/2739/2538
f 2738/2738/2537 2740/2740/2539 2739/2739/2538
f 2738/2738/2537 2741/2741/2540 2740/2740/2539
f 2738/2738/2537 2742/2742/2541 2741/2741/2540
f 2738/2738/2537 2743/2743/2542 2742/2742/2541
f 2743/2743/2542 2744/2744/2543 2742/2742/2541
f 2743/2743/2542 2745/2745/2544 2744/2744/2543
f 2746/2746/2545 2744/2744/2543 2745/2745/2544
f 2747/2747/2546 2746/2746/2545 2745/2745/2544
f 2747/2747/2546 2748/2748/2547 2746/2746/2545
f 2747/2747/2546 2749/2749/2548 2748/2748/2547
f 2747/2747/2546 2750/2750/2549 2749/2749/2548
f 2751/2751/2550 2753/2752/2551 2752/2753/2552
f 2753/2752/2551 2754/2754/2553 2752/2753/2552
f 2753/2752/2551 2755/2755/2554 2754/2754/2553
f 2755/2755/2554 2753/2752/2551 2756/2756/2555
f 2757/2757/2556 2759/2758/2557 2758/2759/2558
f 2759/2758/2557 2760/2760/2559 2758/2759/2558
f 2759/2758/2557 2761/2761/2560 2760/2760/2559
f 2761/2761/2560 2762/2762/2561 2760/2760/2559
f 2760/2760/2559 2762/2762/2561 2763/2763/2562
f 2757/2757/2556 2758/2759/2558 2764/2764/2563
f 2759/2758/2557 2757/2757/2556 2765/2765/2564
f 2757/2757/2556 601/601/534 2765/2765/2564
f 2757/2757/2556 2766/2766/2565 601/601/534
f 2767/2767/2566 2766/2766/2565 2757/2757/2556
f 2766/2766/2565 2767/2767/2566 2768/2768/2567
f 2769/2769/2568 2766/2766/2565 2768/2768/2567
f 2759/2758/2557 2765/2765/2564 2770/2770/2569
f 2770/2770/2569 2765/2765/2564 2771/2771/2570
f 2770/2770/2569 2771/2771/2570 2772/2772/2571
f 2765/2765/2564 594/594/527 2771/2771/2570
f 2765/2765/2564 601/601/534 594/594/527
f 582/582/515 2770/2770/2569 2772/2772/2571
f 582/582/515 2772/2772/2571 581/581/514
f 2772/2772/2571 589/589/522 581/581/514
f 594/594/527 589/589/522 2771/2771/2570
f 589/589/522 2772/2772/2571 2771/2771/2570
f 2773/2773/2572 2774/2774/2573 2770/2770/2569
f 2774/2774/2573 2773/2773/2572 2775/2775/2574
f 2774/2774/2573 2759/2758/2557 2770/2770/2569
f 2776/2776/2575 2778/2777/2576 2777/2778/2577
f 2776/2776/2575 2777/2778/2577 2779/2779/2578
f 2780/2780/2579 2776/2776/2575 2779/2779/2578
f 2780/2780/2579 2779/2779/2578 2781/2781/2580
f 2782/2782/2581 2780/2780/2579 2781/2781/2580
f 2781/2781/2580 2783/2783/2582 2782/2782/2581
f 2781/2781/2580 2784/2784/2583 2783/2783/2582
f 2784/2784/2583 2785/2785/2584 2783/2783/2582
f 2784/2784/2583 2786/2786/2585 2785/2785/2584
f 2786/2786/2585 2784/2784/2583 2787/2787/2586
f 2788/2788/2587 2790/2789/2588 2789/2790/2589
f 2791/2791/2590 2788/2788/2587 2789/2790/2589
f 2792/2792/2591 2794/2793/2592 2793/2794/2593
f 2792/2792/2591 2793/2794/2593 2795/2795/2594
f 2796/2796/2595 2792/2792/2591 2795/2795/2594
f 2796/2796/2595 2795/2795/2594 2797/2797/2596
f 2797/2797/2596 2798/2798/2597 2796/2796/2595
f 2798/2798/2597 2799/2799/2598 2796/2796/2595
f 2794/2793/2592 2800/2800/2599 2793/2794/2593
f 2794/2793/2592 2801/2801/2600 2800/2800/2599
f 2801/2801/2600 2802/2802/2601 2800/2800/2599
f 2801/2801/2600 2803/2803/2602 2802/2802/2601
f 2803/2803/2602 2804/2804/2603 2802/2802/2601
f 2803/2803/2602 2805/2805/2604 2804/2804/2603
f 2805/2805/2604 2806/2806/2605 2804/2804/2603
f 2805/2805/2604 2807/2807/2606 2806/2806/2605
f 2807/2807/2606 2808/2808/2607 2806/2806/2605
f 2807/2807/2606 2809/2809/2608 2808/2808/2607
f 2810/2810/2609 2812/2811/2610 2811/2812/2611
f 2813/2813/2612 2810/2810/2609 2811/2812/2611
f 2814/2814/2613 245/245/66 2815/2815/577
f 2816/2816/2614 2814/2814/2613 2815/2815/577
f 246/246/117 245/245/66 2814/2814/2613
f 2814/2814/2613 2816/2816/2614 2817/2817/2615
f 2818/2818/2616 2814/2814/2613 2817/2817/2615
f 2819/2819/2617 2818/2818/2616 2817/2817/2615
f 2819/2819/2617 2820/2820/2618 2818/2818/2616
f 2820/2820/2618 214/214/179 2818/2818/2616
f 2820/2820/2618 215/215/175 214/214/179
f 2821/2821/2619 2823/2822/2620 2822/2823/2621
f 2823/2822/2620 2824/2824/2622 2822/2823/2621
f 2821/2821/2619 2825/2825/2623 2823/2822/2620
f 2821/2821/2619 2826/2826/2624 2825/2825/2623
f 2826/2826/2624 2827/2827/2625 2825/2825/2623
f 2827/2827/2625 2826/2826/2624 2828/2828/2625
f 2829/2829/2626 2827/2827/2625 2828/2828/2625
f 2827/2827/2625 2829/2829/2626 2830/2830/2626
f 2829/2829/2626 2831/2831/2627 2830/2830/2626
f 2831/2831/2627 2832/2832/2628 2830/2830/2626
f 2833/2833/2629 2832/2832/2628 2831/2831/2627
f 2832/2832/2628 2833/2833/2629 2834/2834/2629
f 2833/2833/2629 2835/2835/2630 2834/2834/2629
f 2835/2835/2630 2836/2836/2631 2834/2834/2629
f 2836/2836/2631 2835/2835/2630 2837/2837/2632
f 2835/2835/2630 2838/2838/2633 2837/2837/2632
f 2838/2838/2633 2839/2839/2634 2837/2837/2632
f 2839/2839/2634 2840/2840/2635 2837/2837/2632
f 2839/2839/2634 2841/2841/2636 2840/2840/2635
f 2842/2842/2637 2844/2843/2638 2843/2844/2639
f 2844/2843/2638 2845/2845/2640 2843/2844/2639
f 2842/2842/2637 2846/2846/2641 2844/2843/2638
f 2842/2842/2637 2847/2847/2642 2846/2846/2641
f 2847/2847/2642 2848/2848/2643 2846/2846/2641
f 2847/2847/2642 2849/2849/2643 2848/2848/2643
f 2849/2849/2643 2850/2850/2644 2848/2848/2643
f 2850/2850/2644 2851/2851/2644 2848/2848/2643
f 2852/2852/2645 2851/2851/2644 2850/2850/2644
f 2851/2851/2644 2852/2852/2645 2853/2853/2646
f 2852/2852/2645 2854/2854/2647 2853/2853/2646
f 2854/2854/2647 2855/2855/2648 2853/2853/2646
f 2854/2854/2647 2856/2856/2649 2855/2855/2648
f 2856/2856/2649 2857/2857/2650 2855/2855/2648
f 2857/2857/2650 2856/2856/2649 2858/2858/2651
f 2856/2856/2649 2859/2859/2652 2858/2858/2651
f 2859/2859/2652 2860/2860/2653 2858/2858/2651
f 2860/2860/2653 2861/2861/2654 2858/2858/2651
f 2860/2860/2653 2862/2862/2655 2861/2861/2654
f 2863/2863/2656 2865/2864/2657 2864/2865/2658
f 2864/2865/2658 2865/2864/2657 2866/2866/2659
f 2867/2867/2660 2864/2865/2658 2866/2866/2659
f 2868/2868/2661 2870/2869/2662 2869/2870/2663
f 2871/2871/2664 2868/2868/2661 2869/2870/2663
f 2871/2871/2664 2869/2870/2663 2872/2872/2665
f 2868/2868/2661 2873/2873/2666 2870/2869/2662
f 2873/2873/2666 2874/2874/2667 2870/2869/2662
f 2873/2873/2666 2875/2875/2668 2874/2874/2667
f 2875/2875/2668 2876/2876/2669 2874/2874/2667
f 2877/2877/2670 2871/2871/2664 2872/2872/2665
f 2878/2878/2671 2880/2879/2672 2879/2880/2673
f 2880/2879/2672 2881/2881/2674 2879/2880/2673
f 2878/2878/2671 2879/2880/2673 2882/2882/2675
f 2880/2879/2672 2883/2883/2676 2881/2881/2674
f 2883/2883/2676 2884/2884/2677 2881/2881/2674
f 2883/2883/2676 2885/2885/2678 2884/2884/2677
f 2885/2885/2678 2886/2886/2679 2884/2884/2677
f 2887/2887/2680 2878/2878/2671 2882/2882/2675
f 2888/2888/2681 2890/2889/2682 2889/2890/2683
f 2890/2889/2682 2891/2891/2684 2889/2890/2683
f 2888/2888/2681 2889/2890/2683 2892/2892/2685
f 2888/2888/2681 2892/2892/2685 2893/2893/2686
f 2894/2894/2687 2888/2888/2681 2893/2893/2686
f 2894/2894/2687 2893/2893/2686 2895/2895/2688
f 2895/2895/2688 2893/2893/2686 2896/2896/2689
f 2897/2897/2690 2899/2898/2691 2898/2899/2692
f 2899/2898/2691 2900/2900/2693 2898/2899/2692
f 2897/2897/2690 2898/2899/2692 2901/2901/2694
f 2902/2902/2695 2897/2897/2690 2901/2901/2694
f 2900/2900/2693 2899/2898/2691 2903/2903/2696
f 2904/2904/2697 2900/2900/2693 2903/2903/2696
f 2903/2903/2696 2905/2905/2698 2904/2904/2697
f 2905/2905/2698 2906/2906/2699 2904/2904/2697
f 2905/2905/2698 2907/2907/2700 2906/2906/2699
f 2907/2907/2700 2908/2908/2701 2906/2906/2699
f 2902/2902/2695 2901/2901/2694 2909/2909/2702
f 2902/2902/2695 2909/2909/2702 2910/2910/2703
f 2911/2911/2704 2910/2910/2703 2909/2909/2702
f 2912/2912/2705 2914/2913/2706 2913/2914/2707
f 2915/2915/2708 2912/2912/2705 2913/2914/2707
f 2915/2915/2708 2913/2914/2707 2916/2916/2709
f 2917/2917/2710 2915/2915/2708 2916/2916/2709
f 2916/2916/2709 2918/2918/2711 2917/2917/2710
f 2918/2918/2711 2919/2919/2712 2917/2917/2710
f 2919/2919/2712 2918/2918/2711 2920/2920/2713
f 2921/2921/2714 2919/2919/2712 2920/2920/2713
f 2921/2921/2714 2920/2920/2713 2922/2922/2715
f 2923/2923/2716 2921/2921/2714 2922/2922/2715
f 2923/2923/2716 2922/2922/2715 2924/2924/2717
f 2923/2923/2716 2924/2924/2717 2925/2925/2718
f 2926/2926/2719 2925/2925/2718 2924/2924/2717
f 2927/2927/2720 2929/2928/2721 2928/2929/2722
f 2929/2928/2721 2930/2930/2723 2928/2929/2722
f 2931/2931/2724 2933/2932/2725 2932/2933/2726
f 2933/2932/2725 2934/2934/2727 2932/2933/2726
f 2935/2935/2728 2937/2936/2729 2936/2937/2730
f 2935/2935/2728 2936/2937/2730 2938/2938/2731
f 2939/2939/2732 2935/2935/2728 2938/2938/2731
f 2939/2939/2732 2938/2938/2731 2940/2940/2733
f 2937/2936/2729 2941/2941/2734 2936/2937/2730
f 2942/2942/2735 2939/2939/2732 2940/2940/2733
f 2943/2943/2736 2939/2939/2732 2942/2942/2735
f 2944/2944/2737 2943/2943/2736 2942/2942/2735
f 2943/2943/2736 2944/2944/2737 2945/2945/2738
f 2946/2946/2739 2948/2947/2740 2947/2948/2741
f 2948/2947/2740 2946/2946/2739 2949/2949/2742
f 2950/2950/2743 2952/2951/2744 2951/2952/2745
f 2953/2953/2746 2950/2950/2743 2951/2952/2745
f 2954/2954/2747 2956/2955/2748 2955/2956/2749
f 2957/2957/2750 2954/2954/2747 2955/2956/2749
f 2954/2954/2747 2958/2958/2751 2956/2955/2748
f 2958/2958/2751 2959/2959/2752 2956/2955/2748
f 2960/2960/2753 2962/2961/2753 2961/2962/2754
f 2963/2963/2755 2960/2960/2753 2961/2962/2754
f 2960/2960/2753 2964/2964/2756 2962/2961/2753
f 2964/2964/2756 2965/2965/2757 2962/2961/2753
f 2966/2966/2758 2968/2967/2759 2967/2968/2760
f 2969/2969/2761 2966/2966/2758 2967/2968/2760
f 2966/2966/2758 2970/2970/2762 2968/2967/2759
f 2970/2970/2762 2971/2971/2763 2968/2967/2759
f 2971/2971/2763 2972/2972/2764 2968/2967/2759
f 2971/2971/2763 2973/2973/2765 2972/2972/2764
f 2973/2973/2765 2974/2974/2766 2972/2972/2764
f 2973/2973/2765 2975/2975/2767 2974/2974/2766
f 2976/2976/2768 2978/2977/2769 2977/2978/2770
f 2979/2979/2771 2976/2976/2768 2977/2978/2770
f 2976/2976/2768 2979/2979/2771 2980/2980/2772
f 2977/2978/2770 2978/2977/2769 2981/2981/2773
f 2978/2977/2769 2982/2982/2774 2981/2981/2773
f 2978/2977/2769 2983/2983/2775 2982/2982/2774
f 2983/2983/2775 2984/2984/2776 2982/2982/2774
f 2983/2983/2775 2985/2985/2777 2984/2984/2776
f 2985/2985/2777 2986/2986/2778 2984/2984/2776
f 2987/2987/2779 2989/2988/2780 2988/2989/2781
f 2989/2988/2780 2990/2990/2782 2988/2989/2781
f 2990/2990/2782 2991/2991/2783 2988/2989/2781
f 2991/2991/2783 2990/2990/2782 2992/2992/2784
f 2992/2992/2784 2993/2993/2785 2991/2991/2783
f 2992/2992/2784 2994/2994/2786 2993/2993/2785
f 2994/2994/2786 2995/2995/2787 2993/2993/2785
f 2995/2995/2787 2996/2996/2788 2993/2993/2785
f 2996/2996/2788 2995/2995/2787 2997/2997/2789
f 2998/2998/2790 2996/2996/2788 2997/2997/2789
f 2999/2999/2791 3001/3000/2792 3000/3001/2793
f 3001/3000/2792 3002/3002/2794 3000/3001/2793
f 3002/3002/2794 3003/3003/2795 3000/3001/2793
f 3003/3003/2795 3002/3002/2794 3004/3004/2796
f 3004/3004/2796 3005/3005/2797 3003/3003/2795
f 3004/3004/2796 3006/3006/2798 3005/3005/2797
f 3006/3006/2798 3007/3007/2799 3005/3005/2797
f 3007/3007/2799 3008/3008/2800 3005/3005/2797
f 3008/3008/2800 3007/3007/2799 3009/3009/2801
f 3010/3010/2802 3008/3008/2800 3009/3009/2801
f 3011/3011/2803 3013/3012/2804 3012/3013/2805
f 3013/3012/2804 3014/3014/2806 3012/3013/2805
f 3013/3012/2804 3015/3015/2807 3014/3014/2806
f 3013/3012/2804 3016/3016/2808 3015/3015/2807
f 3017/3017/2809 3015/3015/2807 3016/3016/2808
f 3018/3018/2810 3017/3017/2809 3016/3016/2808
f 3018/3018/2810 3019/3019/2811 3017/3017/2809
f 3012/3013/2805 3020/3020/2812 3011/3011/2803
f 3012/3013/2805 3021/3021/2813 3020/3020/2812
f 3012/3013/2805 3022/3022/2814 3021/3021/2813
f 3023/3023/2815 3022/3022/2814 3012/3013/2805
f 3023/3023/2815 3012/3013/2805 3024/3024/2816
f 3025/3025/2817 3023/3023/2815 3024/3024/2816
f 3025/3025/2817 3024/3024/2816 3026/3026/2818
f 3026/3026/2818 3027/3027/2819 3025/3025/2817
f 3026/3026/2818 3028/3028/2820 3027/3027/2819
f 3026/3026/2818 3029/3029/2821 3028/3028/2820
f 3026/3026/2818 3030/3030/2822 3029/3029/2821
f 3030/3030/2822 3031/3031/2823 3029/3029/2821
f 3030/3030/2822 3032/3032/2824 3031/3031/2823
f 3033/3033/2825 3031/3031/2823 3032/3032/2824
f 3033/3033/2825 3032/3032/2824 3034/3034/2826
f 3033/3033/2825 3034/3034/2826 3035/3035/2827
f 3036/3036/2828 3033/3033/2825 3035/3035/2827
f 3037/3037/2829 3039/3038/2830 3038/3039/2831
f 3039/3038/2830 3040/3040/2832 3038/3039/2831
f 3041/3041/189 242/242/192 3042/3042/183
f 3041/3041/189 3043/3043/2833 242/242/192
f 242/242/192 3043/3043/2833 3044/3044/65
f 242/242/192 3045/3045/2834 3042/3042/183
f 242/242/192 129/129/114 3045/3045/2834
f 129/129/114 3046/3046/2835 3045/3045/2834
f 3046/3046/2835 129/129/114 130/130/115
f 243/243/193 242/242/192 3044/3044/65
f 3047/3047/2836 3049/3048/2837 3048/3049/2838
f 3049/3048/2837 3047/3047/2836 3050/3050/2839
f 3051/3051/2840 3053/3052/2841 3052/3053/2842
f 3053/3052/2841 3054/3054/2843 3052/3053/2842
f 3055/3055/2844 3057/3056/2845 3056/3057/2846
f 3057/3056/2845 3058/3058/2847 3056/3057/2846
f 3057/3056/2845 3059/3059/2848 3058/3058/2847
f 3057/3056/2845 3060/3060/2849 3059/3059/2848
f 3060/3060/2849 3061/3061/2850 3059/3059/2848
f 3055/3055/2844 3056/3057/2846 3062/3062/2851
f 3063/3063/2852 3055/3055/2844 3062/3062/2851
f 3063/3063/2852 3062/3062/2851 3064/3064/2853
f 3063/3063/2852 3064/3064/2853 3065/3065/2854
f 3066/3066/2855 3063/3063/2852 3065/3065/2854
f 3063/3063/2852 3066/3066/2855 3067/3067/2856
f 3067/3067/2856 3066/3066/2855 3068/3068/2857
f 196/196/170 3067/3067/2856 3068/3068/2857
f 196/196/170 3068/3068/2857 195/195/169
f 3069/3069/2858 3071/3070/2859 3070/3071/2860
f 3071/3070/2859 3072/3072/2861 3070/3071/2860
f 3073/3073/2862 3075/3074/2863 3074/3075/2864
f 3075/3074/2863 3076/3076/2865 3074/3075/2864
f 3075/3074/2863 3077/3077/2866 3076/3076/2865
f 3077/3077/2866 3078/3078/2867 3076/3076/2865
f 3073/3073/2862 3074/3075/2864 3079/3079/2868
f 3077/3077/2866 3080/3080/2869 3078/3078/2867
f 3080/3080/2869 3081/3081/2870 3078/3078/2867
f 3080/3080/2869 3082/3082/2871 3081/3081/2870
f 3083/3083/2872 3073/3073/2862 3079/3079/2868
f 3083/3083/2872 3079/3079/2868 3084/3084/2873
f 3085/3085/2874 3083/3083/2872 3084/3084/2873
f 3086/3086/2875 3088/3087/2876 3087/3088/2877
f 3088/3087/2876 3089/3089/2878 3087/3088/2877
f 3090/3090/2879 3092/3091/2880 3091/3092/2881
f 3092/3091/2880 3093/3093/2882 3091/3092/2881
f 3092/3091/2880 3094/3094/2883 3093/3093/2882
f 3094/3094/2883 3092/3091/2880 3095/3095/2884
f 3096/3096/2885 3098/3097/2886 3097/3098/2887
f 3096/3096/2885 3097/3098/2887 3099/3099/2888
f 3100/3100/2889 3102/3101/2890 3101/3102/2891
f 3100/3100/2889 3103/3103/2892 3102/3101/2890
f 3103/3103/2892 3104/3104/2893 3102/3101/2890
f 3105/3105/2894 3100/3100/2889 3101/3102/2891
f 3106/3106/2895 3108/3107/2896 3107/3108/2897
f 3109/3109/2898 3106/3106/2895 3107/3108/2897
f 3110/3110/2899 3112/3111/2900 3111/3112/2901
f 3113/3113/2902 3110/3110/2899 3111/3112/2901
f 3114/3114/2903 3116/3115/2904 3115/3116/2905
f 3114/3114/2903 3117/3117/2906 3116/3115/2904
f 3117/3117/2906 3118/3118/2907 3116/3115/2904
f 3119/3119/2908 3114/3114/2903 3115/3116/2905
f 3120/3120/2909 3122/3121/2910 3121/3122/2911
f 3122/3121/2910 3123/3123/2912 3121/3122/2911
f 3124/3124/2913 3126/3125/2914 3125/3126/2915
f 3126/3125/2914 3127/3127/2916 3125/3126/2915
f 3128/3128/2917 3130/3129/2918 3129/3130/2919
f 3131/3131/2920 3133/3132/2921 3132/3133/2922
f 3131/3131/2920 3134/3134/2923 3133/3132/2921
f 3135/3135/2924 3131/3131/2920 3132/3133/2922
f 3134/3134/2923 3136/3136/2925 3133/3132/2921
f 3137/3137/2926 3139/3138/2927 3138/3139/2928
f 3140/3140/2929 3142/3141/2930 3141/3142/2931
f 3140/3140/2929 3143/3143/2932 3142/3141/2930
f 3144/3144/2933 3140/3140/2929 3141/3142/2931
f 3143/3143/2932 3145/3145/2934 3142/3141/2930
f 3146/3146/2935 3148/3147/2936 3147/3148/2937
f 3148/3147/2936 3149/3149/2938 3147/3148/2937
f 3150/3150/2939 3152/3151/2940 3151/3152/2941
f 3153/3153/2942 3150/3150/2939 3151/3152/2941
f 3154/3154/2943 3156/3155/2944 3155/3156/2945
f 3156/3155/2944 3157/3157/2946 3155/3156/2945
f 3158/3158/2947 3160/3159/2948 3159/3160/2949
f 3161/3161/2950 3158/3158/2947 3159/3160/2949
f 3162/3162/2951 3164/3163/2952 3163/3164/2953
f 3164/3163/2952 3165/3165/2954 3163/3164/2953
f 3166/3166/2955 3163/3164/2953 3165/3165/2954
f 3164/3163/2952 3167/3167/2956 3165/3165/2954
f 3167/3167/2956 3168/3168/2957 3165/3165/2954
f 3168/3168/2957 3167/3167/2956 3169/3169/2958
f 3167/3167/2956 3170/3170/2959 3169/3169/2958
f 3170/3170/2959 3171/3171/2960 3169/3169/2958
f 3172/3172/2961 3169/3169/2958 3171/3171/2960
f 3173/3173/2962 3162/3162/2951 3163/3164/2953
f 3173/3173/2962 3163/3164/2953 3174/3174/2963
f 3175/3175/2964 3173/3173/2962 3174/3174/2963
f 3176/3176/2965 3174/3174/2963 3163/3164/2953
f 3175/3175/2964 3174/3174/2963 3177/3177/2966
f 3175/3175/2964 3177/3177/2966 3178/3178/2967
f 3179/3179/2968 3168/3168/2957 3169/3169/2958
f 3180/3180/2969 3182/3181/2970 3181/3182/2971
f 3183/3183/2972 3180/3180/2969 3181/3182/2971
f 3180/3180/2969 3184/3184/2973 3182/3181/2970
f 3184/3184/2973 3185/3185/2974 3182/3181/2970
f 3186/3186/2975 3185/3185/2974 3184/3184/2973
f 3186/3186/2975 3184/3184/2973 3187/3187/2976
f 3187/3187/2976 3188/3188/2977 3186/3186/2975
f 3187/3187/2976 3189/3189/2978 3188/3188/2977
f 3189/3189/2978 3190/3190/2979 3188/3188/2977
f 3188/3188/2977 3190/3190/2979 3191/3191/2980
f 3190/3190/2979 3192/3192/2981 3191/3191/2980
f 3190/3190/2979 3193/3193/2982 3192/3192/2981
f 3194/3194/2983 3196/3195/2984 3195/3196/2985
f 3197/3197/2986 3194/3194/2983 3195/3196/2985
f 3197/3197/2986 3195/3196/2985 3198/3198/2987
f 3199/3199/2988 3197/3197/2986 3198/3198/2987
f 3196/3195/2984 3194/3194/2983 3200/3200/2989
f 3194/3194/2983 3201/3201/2990 3200/3200/2989
f 3201/3201/2990 3202/3202/2991 3200/3200/2989
f 3203/3203/2992 3200/3200/2989 3202/3202/2991
f 3199/3199/2988 3198/3198/2987 3204/3204/2993
f 3205/3205/2994 3199/3199/2988 3204/3204/2993
f 3205/3205/2994 3204/3204/2993 3206/3206/2995
f 3207/3207/2996 3205/3205/2994 3206/3206/2995
f 3207/3207/2996 3206/3206/2995 3208/3208/2997
f 3209/3209/2998 3206/3206/2995 3204/3204/2993
f 3210/3210/2999 3204/3204/2993 3198/3198/2987
f 3211/3211/3000 3196/3195/2984 3200/3200/2989
f 3212/3212/3001 3214/3213/3002 3213/3214/3003
f 3215/3215/3004 3212/3212/3001 3213/3214/3003
f 3212/3212/3001 3216/3216/3005 3214/3213/3002
f 3216/3216/3005 3217/3217/3006 3214/3213/3002
f 3218/3218/3007 3217/3217/3006 3216/3216/3005
f 3218/3218/3007 3216/3216/3005 3219/3219/3008
f 3219/3219/3008 3220/3220/3009 3218/3218/3007
f 3219/3219/3008 3221/3221/3010 3220/3220/3009
f 3221/3221/3010 3222/3222/3011 3220/3220/3009
f 3220/3220/3009 3222/3222/3011 3223/3223/3012
f 3222/3222/3011 3224/3224/3013 3223/3223/3012
f 3222/3222/3011 3225/3225/3014 3224/3224/3013
f 3226/3226/3015 3228/3227/3016 3227/3228/3017
f 3228/3227/3016 3229/3229/3018 3227/3228/3017
f 3230/3230/3019 3232/3231/3020 3231/3232/3021
f 3233/3233/3022 3235/3234/3023 3234/3235/3024
f 3233/3233/3022 3236/3236/3025 3235/3234/3023
f 3235/3234/3023 3236/3236/3025 3237/3237/3026
f 3236/3236/3025 3238/3238/3027 3237/3237/3026
f 3237/3237/3026 3238/3238/3027 3239/3239/3028
f 3238/3238/3027 3240/3240/3029 3239/3239/3028
f 3240/3240/3029 3241/3241/3030 3239/3239/3028
f 3242/3242/3031 3239/3239/3028 3241/3241/3030
f 3243/3243/3032 3237/3237/3026 3239/3239/3028
f 3244/3244/3033 3235/3234/3023 3237/3237/3026
f 3244/3244/3033 3245/3245/3034 3235/3234/3023
f 3245/3245/3034 3246/3246/3035 3235/3234/3023
f 3245/3245/3034 3247/3247/3036 3246/3246/3035
f 3248/3248/3037 3233/3233/3022 3234/3235/3024
f 3248/3248/3037 3234/3235/3024 3249/3249/3038
f 3250/3250/3039 3248/3248/3037 3249/3249/3038
f 3250/3250/3039 3249/3249/3038 3251/3251/3040
f 3250/3250/3039 3251/3251/3040 3252/3252/3041
f 3253/3253/3042 3249/3249/3038 3234/3235/3024
f 3254/3254/3043 3256/3255/3044 3255/3256/3045
f 3257/3257/3046 3254/3254/3043 3255/3256/3045
f 3258/3258/3047 3260/3259/2022 3259/3260/3048
f 3261/3261/2457 3258/3258/3047 3259/3260/3048
f 3258/3258/3047 3261/3261/2457 3262/3262/254
f 3263/3263/3049 3258/3258/3047 3262/3262/254
f 3262/3262/254 3264/3264/3050 3263/3263/3049
f 3265/3265/3051 3267/3266/3052 3266/3267/3053
f 3265/3265/3051 3268/3268/3054 3267/3266/3052
f 3268/3268/3054 3269/3269/3055 3267/3266/3052
f 3270/3270/3056 3267/3266/3052 3269/3269/3055
f 3268/3268/3054 3271/3271/3057 3269/3269/3055
f 3271/3271/3057 3272/3272/3058 3269/3269/3055
f 3273/3273/3059 3272/3272/3058 3271/3271/3057
f 3274/3274/3060 3269/3269/3055 3272/3272/3058
f 3275/3275/3061 3272/3272/3058 3273/3273/3059
f 3272/3272/3058 3275/3275/3061 3276/3276/3062
f 3277/3277/3063 3272/3272/3058 3276/3276/3062
f 3278/3278/3064 3276/3276/3062 3275/3275/3061
f 3276/3276/3062 3278/3278/3064 3279/3279/3065
f 3278/3278/3064 3280/3280/3066 3279/3279/3065
f 3280/3280/3066 3281/3281/3067 3279/3279/3065
f 3282/3282/3068 3279/3279/3065 3281/3281/3067
f 3283/3283/3069 3276/3276/3062 3279/3279/3065
f 3284/3284/3070 3286/3285/3071 3285/3286/3072
f 3287/3287/3073 3284/3284/3070 3285/3286/3072
f 3288/3288/3074 3290/3289/3075 3289/3290/3076
f 3291/3291/3077 3288/3288/3074 3289/3290/3076
f 3292/3292/3078 3291/3291/3077 3289/3290/3076
f 3291/3291/3077 3292/3292/3078 3293/3293/3079
f 3294/3294/3080 3293/3293/3079 3292/3292/3078
f 3295/3295/3081 3294/3294/3080 3292/3292/3078
f 3295/3295/3081 3296/3296/3082 3294/3294/3080
f 3296/3296/3082 3297/3297/3083 3294/3294/3080
f 3298/3298/3084 3294/3294/3080 3297/3297/3083
f 3299/3299/3085 3298/3298/3084 3297/3297/3083
f 3299/3299/3085 3297/3297/3083 3300/3300/3086
f 3301/3301/3087 3299/3299/3085 3300/3300/3086
f 3301/3301/3087 3300/3300/3086 3302/3302/3088
f 3303/3303/3089 3300/3300/3086 3297/3297/3083
f 3304/3304/3090 3306/3305/3091 3305/3306/3092
f 3307/3307/3093 3309/3308/3094 3308/3309/3095
f 3310/3310/3096 3312/3311/3097 3311/3312/3098
f 3310/3310/3096 3313/3313/3097 3312/3311/3097
f 3313/3313/3097 3314/3314/3099 3312/3311/3097
f 3315/3315/3100 3310/3310/3096 3311/3312/3098
f 3316/3316/3101 3318/3317/3102 3317/3318/3103
f 3316/3316/3101 3319/3319/3102 3318/3317/3102
f 3319/3319/3102 3320/3320/3104 3318/3317/3102
f 3321/3321/3105 3316/3316/3101 3317/3318/3103
f 3322/3322/3106 3324/3323/3107 3323/3324/3108
f 3325/3325/3109 3322/3322/3106 3323/3324/3108
f 3325/3325/3109 3323/3324/3108 3326/3326/3110
f 3327/3327/3111 3325/3325/3109 3326/3326/3110
f 3327/3327/3111 3326/3326/3110 3328/3328/3112
f 3322/3322/3106 3329/3329/3113 3324/3323/3107
f 3329/3329/3113 3330/3330/3114 3324/3323/3107
f 3329/3329/3113 3331/3331/3115 3330/3330/3114
f 3331/3331/3115 3332/3332/3116 3330/3330/3114
f 3333/3333/3117 3327/3327/3111 3328/3328/3112
f 3334/3334/3118 3336/3335/3119 3335/3336/3120
f 679/679/598 3334/3334/3118 3335/3336/3120
f 3336/3335/3119 3334/3334/3118 3337/3337/1519
f 679/679/598 3335/3336/3120 677/677/596
f 3338/3338/3121 3340/3339/3047 3339/3340/2037
f 3340/3339/3047 3338/3338/3121 3341/3341/3122
f 3342/3342/3049 3340/3339/3047 3341/3341/3122
f 3343/3343/3123 3342/3342/3049 3341/3341/3122
f 3343/3343/3123 3341/3341/3122 3344/3344/3124
f 3345/3345/3125 3347/3346/3126 3346/3347/3127
f 3348/3348/3128 3345/3345/3125 3346/3347/3127
f 3349/3349/3129 3348/3348/3128 3346/3347/3127
f 3350/3350/3130 3346/3347/3127 3347/3346/3126
f 3351/3351/3131 3349/3349/3129 3346/3347/3127
f 3348/3348/3128 3349/3349/3129 3352/3352/3132
f 3353/3353/3133 3352/3352/3132 3349/3349/3129
f 3352/3352/3132 3353/3353/3133 3354/3354/3134
f 3354/3354/3134 3353/3353/3133 3355/3355/3135
f 3356/3356/3136 3355/3355/3135 3353/3353/3133
f 3357/3357/3137 3354/3354/3134 3355/3355/3135
f 3358/3358/3138 3357/3357/3137 3355/3355/3135
f 3358/3358/3138 3355/3355/3135 3359/3359/3139
f 3360/3360/3140 3358/3358/3138 3359/3359/3139
f 3360/3360/3140 3359/3359/3139 3361/3361/3141
f 3362/3362/3142 3359/3359/3139 3355/3355/3135
f 3360/3360/3140 3361/3361/3141 3363/3363/3143
f 3364/3364/2022 3366/3365/3144 3365/3366/3145
f 3367/3367/3146 3364/3364/2022 3365/3366/3145
f 3364/3364/2022 3367/3367/3146 3368/3368/3147
f 3366/3365/3144 3369/3369/3148 3365/3366/3145
f 3366/3365/3144 3370/3370/3149 3369/3369/3148
f 3371/3371/3150 3373/3372/2938 3372/3373/3151
f 3374/3374/3152 3371/3371/3150 3372/3373/3151
f 3375/3375/3153 3377/3376/3154 3376/3377/3155
f 3378/3378/3156 3380/3379/3157 3379/3380/3158
f 3381/3381/3047 3383/3382/2022 3382/3383/3049
f 3383/3382/2022 3384/3384/3159 3382/3383/3049
f 3384/3384/3159 3383/3382/2022 3385/3385/3160
f 3383/3382/2022 3386/3386/3161 3385/3385/3160
f 3387/3387/3162 3389/3388/3163 3388/3389/3164
f 3390/3390/3165 3387/3387/3162 3388/3389/3164
f 3389/3388/3163 3387/3387/3162 3391/3391/3166
f 3390/3390/3165 3388/3389/3164 3392/3392/3167
f 3393/3393/3168 3390/3390/3165 3392/3392/3167
f 3394/3394/1151 3393/3393/3168 3392/3392/3167
f 3395/3395/3169 3393/3393/3168 3394/3394/1151
f 3396/3396/3170 3395/3395/3169 3394/3394/1151
f 3396/3396/3170 3394/3394/1151 3397/3397/3171
f 3389/3388/3163 3391/3391/3166 3398/3398/3172
f 3399/3399/3173 3389/3388/3163 3398/3398/3172
f 3399/3399/3173 3398/3398/3172 3400/3400/3174
f 3399/3399/3173 3400/3400/3174 3401/3401/3175
f 3402/3402/3176 3396/3396/3170 3397/3397/3171
f 3403/3403/3177 3399/3399/3173 3401/3401/3175
f 3404/3404/3178 3403/3403/3177 3401/3401/3175
f 3404/3404/3178 3401/3401/3175 3405/3405/3179
f 3406/3406/3180 3404/3404/3178 3405/3405/3179
f 3407/3407/3181 3404/3404/3178 3406/3406/3180
f 3408/3408/581 3407/3407/3181 3406/3406/3180
f 3407/3407/3181 3408/3408/581 3409/3409/73
f 3410/3410/581 3407/3407/3181 3409/3409/73
f 3411/3411/3182 3413/3412/3183 3412/3413/3184
f 3411/3411/3182 3414/3414/3185 3413/3412/3183
f 3414/3414/3185 3415/3415/3186 3413/3412/3183
f 3414/3414/3185 3416/3416/3187 3415/3415/3186
f 3416/3416/3187 3417/3417/3188 3415/3415/3186
f 3416/3416/3187 3418/3418/3189 3417/3417/3188
f 3418/3418/3189 3419/3419/3190 3417/3417/3188
f 3418/3418/3189 3420/3420/3191 3419/3419/3190
f 3421/3421/3192 3423/3422/3193 3422/3423/3194
f 3424/3424/1145 3421/3421/3192 3422/3423/3194
f 3423/3422/3193 3421/3421/3192 3425/3425/3195
f 3424/3424/1145 3422/3423/3194 3426/3426/3196
f 3427/3427/3197 3424/3424/1145 3426/3426/3196
f 3428/3428/587 3427/3427/3197 3426/3426/3196
f 3429/3429/66 3427/3427/3197 3428/3428/587
f 3430/3430/3198 3429/3429/66 3428/3428/587
f 3430/3430/3198 3428/3428/587 3431/3431/3199
f 3423/3422/3193 3425/3425/3195 3432/3432/3200
f 3433/3433/3201 3423/3422/3193 3432/3432/3200
f 3433/3433/3201 3432/3432/3200 3434/3434/3202
f 3433/3433/3201 3434/3434/3202 3435/3435/3203
f 3436/3436/3204 3430/3430/3198 3431/3431/3199
f 3437/3437/3205 3433/3433/3201 3435/3435/3203
f 3438/3438/3206 3437/3437/3205 3435/3435/3203
f 3438/3438/3206 3435/3435/3203 3439/3439/3207
f 3440/3440/3208 3438/3438/3206 3439/3439/3207
f 3441/3441/3209 3438/3438/3206 3440/3440/3208
f 3442/3442/73 3441/3441/3209 3440/3440/3208
f 3441/3441/3209 3442/3442/73 3443/3443/73
f 3444/3444/581 3441/3441/3209 3443/3443/73
f 3445/3445/3210 3447/3446/3211 3446/3447/3212
f 3445/3445/3210 3448/3448/3213 3447/3446/3211
f 3448/3448/3213 3449/3449/3214 3447/3446/3211
f 3448/3448/3213 3450/3450/3215 3449/3449/3214
f 3450/3450/3215 3451/3451/3216 3449/3449/3214
f 3450/3450/3215 3452/3452/3217 3451/3451/3216
f 3452/3452/3217 3453/3453/3218 3451/3451/3216
f 3452/3452/3217 3454/3454/3219 3453/3453/3218
f 3455/3455/3220 3457/3456/3221 3456/3457/3222
f 3457/3456/3221 3455/3455/3220 3458/3458/3223
f 3455/3455/3220 3456/3457/3222 3459/3459/3224
f 3460/3460/3225 3455/3455/3220 3459/3459/3224
f 3458/3458/3223 3461/3461/3226 3457/3456/3221
f 3458/3458/3223 3462/3462/3227 3461/3461/3226
f 3462/3462/3227 3463/3463/3228 3461/3461/3226
f 3462/3462/3227 3464/3464/3229 3463/3463/3228
f 3464/3464/3229 3465/3465/3230 3463/3463/3228
f 3464/3464/3229 3466/3466/3231 3465/3465/3230
f 3459/3459/3224 3467/3467/3232 3460/3460/3225
f 3467/3467/3232 3468/3468/3233 3460/3460/3225
f 3468/3468/3233 3467/3467/3232 3469/3469/3234
f 3470/3470/3235 3468/3468/3233 3469/3469/3234
f 3471/3471/3236 3473/3472/3237 3472/3473/3238
f 3474/3474/3239 3471/3471/3236 3472/3473/3238
f 3475/3475/3240 3477/3476/3241 3476/3477/3242
f 3477/3476/3241 3475/3475/3240 3478/3478/3243
f 3475/3475/3240 3476/3477/3242 3479/3479/3244
f 3480/3480/3245 3475/3475/3240 3479/3479/3244
f 3478/3478/3243 3481/3481/3246 3477/3476/3241
f 3478/3478/3243 3482/3482/3247 3481/3481/3246
f 3482/3482/3247 3483/3483/3248 3481/3481/3246
f 3482/3482/3247 3484/3484/3249 3483/3483/3248
f 3484/3484/3249 3485/3485/3250 3483/3483/3248
f 3484/3484/3249 3486/3486/3251 3485/3485/3250
f 3479/3479/3244 3487/3487/3252 3480/3480/3245
f 3487/3487/3252 3488/3488/3253 3480/3480/3245
f 3488/3488/3253 3487/3487/3252 3489/3489/3254
f 3490/3490/3255 3488/3488/3253 3489/3489/3254
f 3491/3491/3256 3493/3492/3257 3492/3493/3258
f 3494/3494/3259 3491/3491/3256 3492/3493/3258
f 3495/3495/3260 3497/3496/3261 3496/3497/3262
f 3495/3495/3260 3496/3497/3262 3498/3498/3263
f 3499/3499/3264 3501/3500/3265 3500/3501/3266
f 3499/3499/3264 3500/3501/3266 3502/3502/3267
f 3503/3503/3268 3505/3504/3269 3504/3505/3270
f 3506/3506/3271 3503/3503/3268 3504/3505/3270
f 3507/3507/3272 3506/3506/3271 3504/3505/3270
f 3508/3508/3273 3504/3505/3270 3505/3504/3269
f 3509/3509/3274 3507/3507/3272 3504/3505/3270
f 3506/3506/3271 3507/3507/3272 3510/3510/3275
f 3511/3511/3276 3510/3510/3275 3507/3507/3272
f 3510/3510/3275 3511/3511/3276 3512/3512/3277
f 3512/3512/3277 3511/3511/3276 3513/3513/3278
f 3514/3514/3279 3513/3513/3278 3511/3511/3276
f 3515/3515/3280 3512/3512/3277 3513/3513/3278
f 3516/3516/3281 3515/3515/3280 3513/3513/3278
f 3516/3516/3281 3513/3513/3278 3517/3517/3282
f 3518/3518/3283 3516/3516/3281 3517/3517/3282
f 3519/3519/3284 3517/3517/3282 3513/3513/3278
f 3518/3518/3283 3517/3517/3282 3520/3520/3285
f 3518/3518/3283 3520/3520/3285 3521/3521/3286
f 3522/3522/3287 3524/3523/3288 3523/3524/3289
f 3525/3525/3290 3522/3522/3287 3523/3524/3289
f 3524/3523/3288 3526/3526/3291 3523/3524/3289
f 3524/3523/3288 3527/3527/3292 3526/3526/3291
f 3527/3527/3292 3528/3528/3293 3526/3526/3291
f 3527/3527/3292 3529/3529/3294 3528/3528/3293
f 3529/3529/3294 3530/3530/3295 3528/3528/3293
f 3529/3529/3294 3531/3531/3296 3530/3530/3295
f 3531/3531/3296 3532/3532/3297 3530/3530/3295
f 3533/3533/3298 3535/3534/3299 3534/3535/3300
f 3533/3533/3298 3536/3536/3301 3535/3534/3299
f 3536/3536/3301 3537/3537/3302 3535/3534/3299
f 3536/3536/3301 3538/3538/3303 3537/3537/3302
f 3538/3538/3303 3539/3539/3304 3537/3537/3302
f 3538/3538/3303 3540/3540/3305 3539/3539/3304
f 3541/3541/3306 3539/3539/3304 3540/3540/3305
f 3539/3539/3304 3541/3541/3306 3542/3542/3307
f 3541/3541/3306 3543/3543/3308 3542/3542/3307
f 3542/3542/3307 3543/3543/3308 3544/3544/3309
f 3543/3543/3308 3545/3545/3310 3544/3544/3309
f 3545/3545/3310 3546/3546/3311 3544/3544/3309
f 3547/3547/3312 3544/3544/3309 3546/3546/3311
f 3548/3548/3313 3542/3542/3307 3544/3544/3309
f 3549/3549/3314 3551/3550/3315 3550/3551/3316
f 3549/3549/3314 3552/3552/2020 3551/3550/3315
f 3549/3549/3314 3553/3553/3317 3552/3552/2020
f 3554/3554/3318 3553/3553/3317 3549/3549/3314
f 3554/3554/3318 3549/3549/3314 3555/3555/3319
f 3556/3556/3320 3558/3557/3321 3557/3558/3322
f 3556/3556/3320 3557/3558/3322 3559/3559/3323
f 3560/3560/3324 3562/3561/3325 3561/3562/3326
f 3563/3563/3327 3560/3560/3324 3561/3562/3326
f 3563/3563/3327 3561/3562/3326 3564/3564/3328
f 3565/3565/3329 3563/3563/3327 3564/3564/3328
f 3565/3565/3329 3564/3564/3328 3566/3566/3330
f 3567/3567/3331 3565/3565/3329 3566/3566/3330
f 3567/3567/3331 3566/3566/3330 3568/3568/3332
f 3569/3569/3333 3567/3567/3331 3568/3568/3332
f 3570/3570/3334 3569/3569/3333 3568/3568/3332
f 3571/3571/3335 3573/3572/3336 3572/3573/3337
f 3573/3572/3336 3571/3571/3335 3574/3574/3338
f 3575/3575/3339 3577/3576/2022 3576/3577/3340
f 3577/3576/2022 3575/3575/3339 3578/3578/3145
f 3579/3579/3146 3577/3576/2022 3578/3578/3145
f 3577/3576/2022 3579/3579/3146 3580/3580/3147
f 3575/3575/3339 3576/3577/3340 3581/3581/3149
f 3582/3582/3341 3584/3583/3342 3583/3584/3343
f 3585/3585/3344 3587/3586/3345 3586/3587/3072
f 3587/3586/3345 3588/3588/3346 3586/3587/3072
f 3589/3589/3347 3591/3590/3348 3590/3591/3349
f 3592/3592/3350 3594/3593/3351 3593/3594/3352
f 3595/3595/3353 3597/3596/3354 3596/3597/3355
f 3598/3598/3356 3600/3599/3357 3599/3600/3315
f 3601/3601/3358 3598/3598/3356 3599/3600/3315
f 3601/3601/3358 3602/3602/3359 3598/3598/3356
f 3602/3602/3359 3603/3603/256 3598/3598/3356
f 3604/3604/3360 3606/3605/3361 3605/3606/3362
f 3604/3604/3360 3605/3606/3362 3607/3607/3363
f 3608/3608/3364 3610/3609/3365 3609/3610/3366
f 3608/3608/3364 3609/3610/3366 3611/3611/3367
f 3612/3612/3368 3614/3613/3369 3613/3614/3368
f 3615/3615/3369 3612/3612/3368 3613/3614/3368
f 3616/3616/3370 3618/3617/3371 3617/3618/3370
f 3619/3619/3371 3616/3616/3370 3617/3618/3370
f 3620/3620/3147 3622/3621/3372 3621/3622/3373
f 3620/3620/3147 3621/3622/3373 3623/3623/3374
f 3624/3624/3146 3620/3620/3147 3623/3623/3374
f 3624/3624/3146 3623/3623/3374 3625/3625/3375
f 3626/3626/3376 3628/3627/3377 3627/3628/3378
f 3626/3626/3376 2276/2276/2106 3628/3627/3377
f 3629/3629/3379 3626/3626/3376 3627/3628/3378
f 2276/2276/2106 2275/2275/2105 3628/3627/3377
f 3630/3630/3380 3632/3631/3381 3631/3632/3382
f 3630/3630/3380 3633/3633/3383 3632/3631/3381
f 3634/3634/3384 3636/3635/3385 3635/3636/3386
f 3634/3634/3384 3637/3637/3387 3636/3635/3385
f 105/105/99 3639/3638/3388 3638/3639/3389
f 105/105/99 3638/3639/3389 104/104/98
f 105/105/99 2288/2288/2118 3639/3638/3388
f 2288/2288/2118 2281/2281/2111 3639/3638/3388
f 150/150/125 3641/3640/3390 3640/3641/3391
f 150/150/125 3640/3641/3391 3642/3642/3392
f 3641/3640/3390 150/150/125 155/155/45
f 150/150/125 244/244/194 247/247/108
f 150/150/125 247/247/108 151/151/126
f 3643/3643/3393 3645/3644/3394 3644/3645/3395
f 3643/3643/3393 3646/3646/3396 3645/3644/3394
f 3646/3646/3396 3647/3647/3397 3645/3644/3394
f 3648/3648/3398 3650/3649/3399 3649/3650/3400
f 3648/3648/3398 3651/3651/3401 3650/3649/3399
f 3651/3651/3401 3652/3652/3402 3650/3649/3399
f 3653/3653/3403 3655/3654/3404 3654/3655/3403
f 3656/3656/3404 3653/3653/3403 3654/3655/3403
f 3657/3657/3405 3659/3658/3406 3658/3659/3405
f 3660/3660/3406 3657/3657/3405 3658/3659/3405
f 3661/3661/3407 3663/3662/3408 3662/3663/3409
f 3664/3664/3410 3665/3665/3411 826/826/737
f 3664/3664/3410 826/826/737 3666/3666/3412
f 3667/3667/3413 3664/3664/3410 3666/3666/3412
f 819/819/730 3667/3667/3413 3666/3666/3412
f 3667/3667/3413 819/819/730 825/825/736
f 818/818/729 3666/3666/3412 826/826/737
f 818/818/729 819/819/730 3666/3666/3412
f 3665/3665/3411 830/830/741 826/826/737
f 3665/3665/3411 834/834/745 830/830/741
f 3668/3668/3414 3670/3669/3415 3669/3670/3416
f 3671/3671/3417 3673/3672/3418 3672/3673/3419
f 643/644/577 3673/3672/3418 3671/3671/3417
f 643/644/577 3671/3671/3417 642/642/575
f 645/645/578 642/642/575 3674/3674/3420
f 3675/3675/3421 3677/3676/3422 3676/3677/3423
f 3678/3678/3424 3680/3679/3425 3679/3680/3426
f 3678/3678/3424 3679/3680/3426 3681/3681/3427
f 3682/3682/3428 3684/3683/3429 3683/3684/3430
f 3682/3682/3428 3683/3684/3430 3685/3685/3431
f 3686/3686/3432 3688/3687/3433 3687/3688/3433
f 3688/3687/3433 3689/3689/3432 3687/3688/3433
f 3690/3690/3434 3692/3691/3435 3691/3692/3436
f 3692/3691/3435 3693/3693/3434 3691/3692/3436
f 3694/3694/3437 3696/3695/3438 3695/3696/3437
f 3697/3697/3439 3694/3694/3437 3695/3696/3437
f 3698/3698/3440 3700/3699/3441 3699/3700/3440
f 3701/3701/3442 3698/3698/3440 3699/3700/3440
f 3702/3702/3443 126/126/77 132/132/35
f 3703/3703/3444 3705/3704/3445 3704/3705/3446
f 3706/3706/3447 3708/3707/3448 3707/3708/3449
f 3706/3706/3447 3707/3708/3449 3709/3709/3450
f 3710/3710/3451 3712/3711/3452 3711/3712/3453
f 3710/3710/3451 3711/3712/3453 3713/3713/3454
f 3714/3714/3455 3716/3715/3456 3715/3716/3457
f 3714/3714/3455 3715/3716/3457 3717/3717/3458
f 3718/3718/3459 3720/3719/3460 3719/3720/3461
f 3718/3718/3459 3719/3720/3461 3721/3721/3462
f 3722/3722/3463 3724/3723/3464 3723/3724/3465
f 3725/3725/3466 3727/3726/3467 3726/3727/3468
f 3728/3728/3469 3730/3729/3470 3729/3730/3471
f 3731/3731/3472 3733/3732/3473 3732/3733/3474
f 3734/3734/3475 3736/3735/3476 3735/3736/3477
f 3737/3737/3478 3739/3738/3479 3738/3739/3480
f 3740/3740/3481 3742/3741/3482 3741/3742/3483
f 3743/3743/3484 3745/3744/3485 3744/3745/3486
f 3746/3746/3487 199/199/87 198/198/171
f 415/415/349 402/402/336 398/398/332
f 396/396/330 415/415/349 398/398/332
f 3747/3747/3488 93/93/87 92/92/50
f 3748/3748/3489 3750/3749/3490 3749/3750/3491
f 3751/3751/3492 3748/3748/3489 3749/3750/3491
f 3752/3752/3493 3754/3753/3494 3753/3754/3495
f 3754/3753/3494 3755/3755/3496 3753/3754/3495
f 3756/3756/3497 3758/3757/3498 3757/3758/3499
f 3759/3759/3500 3761/3760/3501 3760/3761/3502
f 3762/3762/3503 3759/3759/3500 3760/3761/3502
f 3763/3763/3504 3765/3764/3505 3764/3765/3506
f 3766/3766/3507 3763/3763/3504 3764/3765/3506
f 3767/3767/3508 3769/3768/3509 3768/3769/3508
f 3770/3770/3509 3767/3767/3508 3768/3769/3508
f 3771/3771/3510 3773/3772/3511 3772/3773/3512
f 3773/3772/3511 3774/3774/3513 3772/3773/3512
f 3773/3772/3511 3775/3775/3514 3774/3774/3513
f 3775/3775/3514 3776/3776/3515 3774/3774/3513
f 3777/3777/3516 3779/3778/3517 3778/3779/3518
f 3780/3780/3519 3777/3777/3516 3778/3779/3518
f 3781/3781/3516 3783/3782/3520 3782/3783/3518
f 3784/3784/3521 3781/3781/3516 3782/3783/3518
f 3785/3785/3522 3787/3786/3523 3786/3787/3524
f 3788/3788/3525 3785/3785/3522 3786/3787/3524
f 3789/3789/3526 3791/3790/3527 3790/3791/3528
f 3792/3792/3492 3789/3789/3526 3790/3791/3528
f 3793/3793/3529 3795/3794/3530 3794/3795/3531
f 3796/3796/3532 3793/3793/3529 3794/3795/3531
f 3797/3797/3533 3799/3798/3534 3798/3799/3535
f 3800/3800/3536 3797/3797/3533 3798/3799/3535
f 3801/3801/3537 3803/3802/3538 3802/3803/3539
f 3804/3804/3540 3801/3801/3537 3802/3803/3539
f 3805/3805/3541 3807/3806/3542 3806/3807/3543
f 3808/3808/3544 3810/3809/3545 3809/3810/3546
f 3808/3808/3544 3809/3810/3546 3811/3811/3547
f 3812/3812/3548 3808/3808/3544 3811/3811/3547
f 3813/3813/3549 3815/3814/3550 3814/3815/3551
f 3816/3816/3552 3813/3813/3549 3814/3815/3551
f 3817/3817/3553 3816/3816/3552 3814/3815/3551
f 3817/3817/3553 3814/3815/3551 3818/3818/3554
f 3819/3819/3555 3821/3820/3556 3820/3821/3557
f 3822/3822/3558 3824/3823/3559 3823/3824/3560
f 3825/3825/3561 3827/3826/3562 3826/3827/3563
f 3828/3828/3564 3830/3829/3565 3829/3830/3566
f 1551/1551/1415 3831/3831/3567 1560/1560/1423
f 3832/3832/3568 3834/3833/3569 3833/3834/3570
f 3835/3835/3571 3837/3836/3572 3836/3837/3573
f 3838/3838/3574 3840/3839/3575 3839/3840/3576
f 3841/3841/3577 3843/3842/3578 3842/3843/3579
f 3844/3844/3580 3846/3845/3581 3845/3846/3582
f 3847/3847/3583 3849/3848/3584 3848/3849/3585
f 3850/3850/3586 3852/3851/3587 3851/3852/3588
f 3853/3853/3589 3855/3854/3590 3854/3855/3591
f 3856/3856/3592 3858/3857/3593 3857/3858/3594
f 3859/3859/3595 3861/3860/3596 3860/3861/3597
f 3862/3862/3598 3864/3863/3599 3863/3864/3600
f 3865/3865/3601 3867/3866/3602 3866/3867/3603
f 3865/3865/3601 3868/3868/3604 3867/3866/3602
f 3869/3869/3605 3871/3870/3606 3870/3871/3607
f 3869/3869/3605 3872/3872/3608 3871/3870/3606
f 3873/3873/3609 3875/3874/3610 3874/3875/3611
f 3876/3876/3612 3878/3877/3613 3877/3878/3614
f 517/517/450 489/489/422 496/496/429
f 496/496/429 515/515/448 517/517/450
f 496/496/429 497/497/430 515/515/448
f 3879/3879/3615 3881/3880/3616 3880/3881/3617
f 3879/3879/3615 3880/3881/3617 3882/3882/3618
f 3883/3883/3619 3885/3884/3620 3884/3885/3621
f 3883/3883/3619 3884/3885/3621 3886/3886/3622
f 436/436/370 448/448/382 461/461/395
f 436/436/370 461/461/395 439/439/373
f 439/439/373 461/461/395 463/463/397
f 439/439/373 463/463/397 452/452/386
f 3887/3887/3623 3889/3888/3624 3888/3889/3625
f 3887/3887/3623 3890/3890/3626 3889/3888/3624
f 3890/3890/3626 3891/3891/3627 3889/3888/3624
f 3890/3890/3626 3892/3892/3628 3891/3891/3627
f 807/807/718 788/788/699 800/800/711
f 793/793/704 788/788/699 807/807/718
f 728/728/639 1380/1380/1250 729/729/640
f 936/936/843 927/927/834 914/914/821
f 943/943/850 914/914/821 912/912/819
f 903/903/812 943/943/850 912/912/819
f 588/588/521 534/534/467 535/535/468
f 471/471/405 534/534/467 588/588/521
f 577/577/510 588/588/521 535/535/468
f 535/535/468 569/569/502 577/577/510
f 535/535/468 540/540/473 569/569/502
f 3893/3893/3629 3895/3894/3630 3894/3895/3631
f 3896/3896/3632 3898/3897/3633 3897/3898/3634
f 3896/3896/3632 3897/3898/3634 3899/3899/3635
f 3900/3900/3636 3896/3896/3632 3899/3899/3635
f 3900/3900/3636 3899/3899/3635 3901/3901/3637
f 334/334/268 982/982/888 974/974/881
f 332/332/266 334/334/268 974/974/881
f 977/977/883 332/332/266 974/974/881
f 3902/3902/3638 3904/3903/3639 3903/3904/3640
f 792/792/703 744/744/655 743/743/654
f 744/744/655 792/792/703 756/756/667
f 792/792/703 757/757/668 756/756/667
f 757/757/668 792/792/703 765/765/676
f 3905/3905/3641 3907/3906/3642 3906/3907/3643
f 3908/3908/3644 3910/3909/3645 3909/3910/3646
f 572/572/505 3911/3911/3647 567/567/500
f 1804/1804/1658 1793/1793/1647 1818/1818/1672
f 384/384/318 414/414/348 386/386/320
f 384/384/318 383/383/317 414/414/348
f 3912/3912/3648 3914/3913/3649 3913/3914/3650
f 1360/1360/1230 1346/1346/1216 1344/1344/1214
f 1345/1345/1215 1360/1360/1230 1344/1344/1214
f 3915/3915/3651 3917/3916/3652 3916/3917/3653
f 3918/3918/3654 3920/3919/3655 3919/3920/3656
f 3921/3921/3657 3923/3922/3658 3922/3923/3659
f 1545/1544/1408 360/360/294 1544/1545/1409
f 1544/1545/1409 360/360/294 347/347/281
f 3924/3924/3660 3926/3925/3661 3925/3926/3662
f 368/368/302 395/395/329 371/371/305
f 3927/3927/3663 3929/3928/3664 3928/3929/3665
f 798/798/709 797/797/708 1330/1330/1200
f 1330/1330/1200 797/797/708 796/796/707
