# Blender v2.93.5 OBJ File: ''
# www.blender.org
mtllib Volcanic.mtl
o blue_Mesh_0026.rip_Mesh_0026.rip_mesh0000.002
v -0.077003 0.154776 0.030985
v -0.121586 0.154791 0.043702
v -0.128185 0.154776 0.038908
v -0.072330 0.154776 0.040622
v -0.130314 0.154776 0.031000
v -0.113076 0.154776 0.061995
v -0.065644 0.154776 0.050727
v -0.101253 0.154776 0.080272
v -0.057558 0.154776 0.059752
v -0.081748 0.154776 0.099989
v -0.048244 0.154776 0.067503
v -0.037901 0.154776 0.073815
v -0.058266 0.154776 0.115317
v -0.026917 0.154776 0.115051
v -0.031149 0.154775 0.125404
v -0.026950 0.154776 0.078485
v -0.022011 0.154788 0.121886
v -0.002523 0.154776 0.124200
v -0.007207 0.154776 0.128796
v 0.014557 0.154777 0.128302
v 0.021958 0.154791 0.122222
v 0.035879 0.154776 0.123925
v 0.027021 0.154777 0.115264
v 0.056495 0.154776 0.116288
v 0.027051 0.154776 0.078486
v 0.032512 0.154776 0.076389
v 0.043289 0.154776 0.070848
v 0.080851 0.154776 0.100881
v 0.053143 0.154776 0.063798
v 0.061867 0.154776 0.055388
v 0.100460 0.154776 0.081281
v 0.069272 0.154776 0.045797
v 0.075203 0.154776 0.035230
v 0.113177 0.154776 0.061995
v 0.121813 0.154810 0.043629
v 0.077044 0.154776 0.031000
v 0.128479 0.154811 0.038642
v 0.130415 0.154776 0.031000
v 0.079531 0.154776 0.023912
v 0.077044 0.154776 0.031000
v 0.079266 0.251776 0.024777
v 0.074868 0.251772 0.035928
v 0.082004 0.251776 0.013140
v 0.082166 0.154776 0.012085
v 0.083087 0.251776 0.000641
v 0.083051 0.154776 0.000000
v 0.082358 0.251776 -0.010703
v 0.082166 0.154776 -0.012085
v 0.079966 0.251776 -0.022415
v 0.079531 0.154776 -0.023912
v 0.075911 0.251758 -0.033635
v 0.077044 0.154776 -0.031000
v 0.075203 0.154776 0.035230
v 0.069272 0.154776 0.045797
v 0.068953 0.251776 0.046277
v 0.061867 0.154776 0.055388
v 0.061708 0.251766 0.055542
v 0.053143 0.154776 0.063798
v 0.053037 0.251770 0.063874
v 0.043289 0.154776 0.070848
v 0.043250 0.251774 0.070868
v 0.032512 0.154776 0.076389
v 0.032588 0.251776 0.076356
v 0.023916 0.225614 0.079627
v 0.019835 0.229516 0.080723
v 0.021283 0.251775 0.080237
v 0.009531 0.251776 0.082457
v 0.009128 0.229776 0.082502
v 0.027051 0.154776 0.078486
v 0.024254 0.157576 0.079549
v -0.001364 0.251774 0.083056
v -0.002981 0.229776 0.082945
v -0.014280 0.251774 0.081750
v -0.018010 0.229778 0.081132
v -0.026104 0.251750 0.078749
v -0.024343 0.226154 0.079395
v -0.026950 0.154776 0.078485
v -0.024073 0.157654 0.079563
v -0.036955 0.251776 0.074294
v -0.037901 0.154776 0.073815
v -0.047243 0.251776 0.068208
v -0.048244 0.154776 0.067503
v -0.056551 0.251776 0.060707
v -0.057558 0.154776 0.059752
v -0.064684 0.251776 0.051946
v -0.065644 0.154776 0.050727
v -0.071516 0.251779 0.042047
v -0.072330 0.154776 0.040622
v -0.077003 0.154776 0.030985
v -0.076782 0.251776 0.031397
v -0.080495 0.251776 0.020034
v -0.080964 0.154776 0.018047
v -0.082538 0.251776 0.008256
v -0.082728 0.154776 0.006059
v -0.082867 0.251776 -0.003693
v -0.082728 0.154776 -0.006059
v -0.081477 0.251776 -0.015566
v -0.080964 0.154776 -0.018047
v -0.078403 0.251774 -0.027082
v -0.076987 0.154776 -0.030995
v -0.073686 0.251776 -0.038103
v -0.072330 0.154776 -0.040622
v -0.067448 0.251776 -0.048301
v -0.065644 0.154776 -0.050727
v -0.059810 0.251776 -0.057496
v -0.057558 0.154776 -0.059752
v -0.050929 0.251776 -0.065498
v -0.048244 0.154776 -0.067503
v -0.040516 0.251791 -0.072437
v -0.037901 0.154776 -0.073815
v -0.026948 0.154776 -0.078486
v -0.029848 0.251751 -0.077409
v -0.024125 0.225546 -0.079506
v -0.024155 0.157571 -0.079543
v -0.020800 0.228344 -0.080393
v -0.021977 0.159751 -0.082112
v -0.022012 0.225712 -0.082244
v -0.017836 0.229775 -0.081156
v -0.020382 0.251776 -0.080446
v -0.010245 0.251776 -0.082359
v -0.002981 0.229776 -0.082945
v 0.000051 0.251776 -0.083000
v 0.009128 0.229776 -0.082502
v 0.011973 0.251776 -0.082139
v 0.019823 0.229513 -0.080722
v 0.023678 0.251765 -0.079556
v 0.034766 0.251784 -0.075392
v 0.024462 0.225389 -0.079404
v 0.032512 0.154776 -0.076389
v 0.043289 0.154776 -0.070848
v 0.045300 0.251776 -0.069581
v 0.024312 0.157415 -0.079462
v 0.053143 0.154776 -0.063798
v 0.054826 0.251776 -0.062359
v 0.061867 0.154776 -0.055387
v 0.063216 0.251776 -0.053844
v 0.069272 0.154776 -0.045797
v 0.070295 0.251776 -0.044212
v 0.075203 0.154776 -0.035230
v 0.022089 0.225894 -0.082056
v 0.022076 0.159753 -0.082298
v 0.035568 0.264776 0.005646
v 0.033430 0.264706 0.011990
v 0.034913 0.264776 0.008765
v 0.038896 0.264771 0.009887
v 0.035156 0.264776 0.007730
v 0.035500 0.264775 0.006174
v 0.035399 0.264776 0.006694
v 0.035568 0.264776 0.005646
v 0.035639 0.264776 0.005074
v 0.035942 0.264775 0.002651
v 0.035942 0.264775 0.002651
v 0.040051 0.264776 0.000000
v 0.035997 0.264771 0.001504
v 0.036012 0.264769 0.001069
v 0.036039 0.264775 0.000489
v 0.035398 0.264666 -0.000819
v 0.036012 0.264769 0.001069
v 0.034127 0.264780 0.021216
v 0.033842 0.264727 -0.010735
v 0.038895 0.264782 -0.010388
v 0.033179 0.264782 -0.022628
v 0.028744 0.264682 -0.020662
v 0.026967 0.264776 -0.029589
v 0.020057 0.264776 -0.034792
v 0.017695 0.264737 -0.030885
v 0.020051 0.264776 -0.045826
v 0.010100 0.264777 -0.049134
v 0.003469 0.264753 -0.035226
v -0.003337 0.264776 -0.050090
v -0.008359 0.264747 -0.034369
v -0.019863 0.264779 -0.046250
v -0.018425 0.264732 -0.030142
v -0.019957 0.264775 -0.034792
v -0.026865 0.264776 -0.029589
v -0.027863 0.264732 -0.021851
v -0.034026 0.264780 -0.021217
v -0.033620 0.264701 -0.010696
v -0.038785 0.264778 -0.009898
v -0.039949 0.264776 0.000000
v -0.035381 0.264720 0.004292
v -0.038806 0.264780 0.010328
v -0.033403 0.264782 0.022058
v -0.029520 0.264684 0.019536
v -0.026865 0.264776 0.029589
v -0.019760 0.264775 0.030125
v -0.019956 0.264776 0.034792
v -0.019949 0.264776 0.045826
v -0.009977 0.264777 0.049140
v -0.007270 0.264735 0.034851
v 0.007792 0.264751 0.034587
v -0.021426 0.264234 0.027879
v 0.003488 0.264777 0.050088
v 0.019959 0.264786 0.046242
v 0.020057 0.264776 0.034792
v 0.018986 0.264684 0.029873
v 0.026967 0.264776 0.029589
v 0.026897 0.264701 0.023104
v 0.035079 0.264772 0.008258
v 0.034913 0.264776 0.008765
v 0.035156 0.264776 0.007730
v 0.035017 0.264773 0.008517
v 0.035138 0.264773 0.008000
v 0.035305 0.264773 0.007220
v 0.035399 0.264776 0.006694
v 0.035079 0.264772 0.008258
v 0.034913 0.264776 0.008765
v 0.035017 0.264773 0.008517
v 0.035156 0.264776 0.007730
v 0.035138 0.264773 0.008000
v 0.035399 0.264776 0.006694
v 0.035305 0.264773 0.007220
v 0.035568 0.264776 0.005646
v 0.035500 0.264775 0.006174
v 0.035639 0.264776 0.005074
v 0.035639 0.264776 0.005074
v 0.035500 0.264775 0.006174
v 0.035568 0.264776 0.005646
v 0.035568 0.264776 0.005646
v 0.035639 0.264776 0.005074
v 0.036039 0.264775 0.000489
v 0.035942 0.264775 0.002651
v 0.035997 0.264771 0.001504
v 0.036012 0.264769 0.001069
v 0.035942 0.264775 0.002651
v 0.036039 0.264775 0.000489
v 0.036039 0.264775 0.000489
v 0.035997 0.264771 0.001504
v 0.036012 0.264769 0.001069
v -0.029965 0.139792 -0.120317
v -0.029846 0.139673 -0.120316
v -0.029916 0.139743 -0.120317
v -0.029916 0.139743 -0.120317
v -0.029895 0.139722 -0.120316
v -0.029965 0.139792 -0.120317
v -0.029949 0.139776 -0.120316
v -0.032650 0.142477 -0.120317
v -0.029916 0.139743 -0.120317
v -0.034949 0.144776 -0.120316
v -0.034974 0.144801 -0.120317
v -0.034974 0.144801 -0.120317
v -0.034949 0.144776 -0.120316
v -0.035018 0.144845 -0.120318
v 0.022074 0.159753 0.082281
v 0.022051 0.186776 0.095499
v 0.022047 0.225946 0.095496
v 0.022074 0.225771 0.082675
v 0.022038 0.159794 0.113955
v 0.022025 0.186780 0.114097
v -0.011113 0.254776 0.089305
v 0.001929 0.246735 0.098026
v 0.006317 0.254774 0.089909
v -0.012106 0.246776 0.097243
v 0.013242 0.246771 0.097111
v 0.023938 0.254776 0.086772
v 0.026062 0.246776 0.094485
v 0.037398 0.246712 0.090652
v 0.035344 0.254776 0.082791
v 0.050207 0.246776 0.084192
v -0.024082 0.246778 0.094980
v -0.027826 0.254778 0.085692
v -0.035376 0.246761 0.091390
v -0.043682 0.254776 0.078660
v -0.047570 0.246776 0.085652
v -0.058389 0.246757 0.078686
v -0.053822 0.254776 0.072095
v -0.068596 0.246776 0.069941
v -0.062992 0.254776 0.064231
v -0.077343 0.246776 0.060118
v -0.071026 0.254776 0.055210
v -0.084697 0.246776 0.049212
v -0.077779 0.254776 0.045195
v -0.090104 0.246846 0.038203
v 0.046113 0.254776 0.077319
v 0.061030 0.246776 0.076717
v 0.056052 0.254776 0.070454
v 0.070755 0.246776 0.067860
v 0.064983 0.254776 0.062320
v 0.079205 0.246776 0.057780
v 0.072744 0.254776 0.053063
v 0.086230 0.246776 0.046660
v 0.079195 0.254776 0.042851
v 0.091430 0.246877 0.035096
v 0.084220 0.254776 0.031866
v 0.095528 0.246788 0.022047
v 0.087730 0.254776 0.020307
v 0.097625 0.246776 0.009128
v 0.089659 0.254776 0.008383
v 0.097968 0.246776 -0.004021
v 0.089975 0.254776 -0.003693
v 0.096548 0.246776 -0.017098
v 0.088670 0.254776 -0.015702
v 0.093330 0.246806 -0.029964
v 0.085769 0.254776 -0.027428
v 0.088628 0.246763 -0.041948
v 0.081324 0.254776 -0.038660
v 0.082114 0.246776 -0.053569
v 0.075415 0.254776 -0.049196
v 0.074201 0.246776 -0.064076
v 0.068148 0.254776 -0.058845
v 0.064952 0.246776 -0.073429
v 0.059654 0.254776 -0.067435
v 0.054534 0.246776 -0.081459
v 0.050086 0.254776 -0.074809
v 0.043134 0.246776 -0.088021
v 0.039617 0.254776 -0.080836
v 0.031834 0.246845 -0.092611
v 0.028436 0.254776 -0.085406
v 0.018205 0.246782 -0.096298
v 0.016743 0.254776 -0.088438
v 0.005167 0.246776 -0.097866
v 0.004749 0.254776 -0.089877
v -0.007517 0.246807 -0.097666
v -0.007329 0.254776 -0.089697
v -0.020992 0.246778 -0.095712
v -0.019275 0.254776 -0.087901
v -0.033632 0.246778 -0.092028
v -0.030872 0.254776 -0.084521
v -0.045642 0.246776 -0.086696
v -0.041912 0.254776 -0.079618
v -0.056841 0.246776 -0.079796
v -0.052197 0.254776 -0.073282
v -0.066930 0.246782 -0.071526
v -0.061540 0.254776 -0.065625
v -0.075968 0.246776 -0.061846
v -0.069773 0.254776 -0.056786
v -0.076749 0.254776 -0.046924
v -0.083576 0.246776 -0.051095
v -0.082341 0.254776 -0.036216
v -0.089661 0.246778 -0.039441
v -0.086449 0.254776 -0.024857
v -0.094146 0.246778 -0.027029
v -0.088998 0.254776 -0.013049
v -0.096914 0.246776 -0.014209
v -0.089944 0.254776 -0.001006
v -0.097943 0.246776 -0.001096
v -0.089268 0.254776 0.011054
v -0.097208 0.246779 0.012018
v -0.086983 0.254776 0.022916
v -0.094705 0.246786 0.024968
v -0.083130 0.254776 0.034365
v 0.028903 0.170030 0.130983
v 0.022484 0.159765 0.132099
v 0.037209 0.159769 0.128739
v 0.028893 0.184759 0.130859
v 0.048936 0.169763 0.124764
v 0.051441 0.159767 0.123745
v 0.062199 0.169764 0.118716
v 0.065008 0.159764 0.117191
v 0.074732 0.169766 0.111260
v 0.077758 0.159761 0.109151
v 0.086403 0.169776 0.102466
v 0.089530 0.159759 0.099726
v 0.096996 0.169783 0.092506
v 0.100172 0.159757 0.089034
v 0.106489 0.169777 0.081406
v 0.109549 0.159757 0.077210
v 0.114700 0.169779 0.069365
v 0.117562 0.159775 0.064398
v 0.121561 0.169790 0.056449
v 0.124036 0.159786 0.050829
v 0.129087 0.169925 0.036776
v 0.127814 0.159469 0.040424
v 0.037209 0.159769 0.128739
v 0.022484 0.159765 0.132099
v 0.035879 0.154776 0.123925
v 0.056495 0.154776 0.116288
v 0.014557 0.154777 0.128302
v 0.007585 0.159776 0.133788
v -0.007207 0.154776 0.128796
v -0.007484 0.159776 0.133788
v -0.022451 0.159772 0.132092
v -0.031149 0.154775 0.125404
v -0.037129 0.159771 0.128733
v -0.051341 0.159769 0.123745
v -0.058266 0.154776 0.115317
v 0.051441 0.159767 0.123745
v 0.065008 0.159764 0.117191
v 0.080851 0.154776 0.100881
v 0.077758 0.159761 0.109151
v 0.089530 0.159759 0.099726
v 0.100460 0.154776 0.081281
v 0.100172 0.159757 0.089034
v -0.064909 0.159766 0.117190
v -0.077659 0.159763 0.109149
v -0.081748 0.154776 0.099989
v -0.089431 0.159761 0.099724
v -0.100073 0.159759 0.089031
v -0.101253 0.154776 0.080272
v -0.109449 0.159758 0.077207
v -0.117461 0.159776 0.064398
v -0.113076 0.154776 0.061995
v -0.124132 0.159771 0.050383
v -0.121586 0.154791 0.043702
v 0.109549 0.159757 0.077210
v 0.113177 0.154776 0.061995
v 0.117562 0.159775 0.064398
v 0.121813 0.154810 0.043629
v 0.124036 0.159786 0.050829
v 0.127814 0.159469 0.040424
v -0.124457 0.156698 0.043184
v -0.128275 0.159738 0.038591
v -0.128185 0.154776 0.038908
v 0.121630 0.154812 -0.044442
v 0.075203 0.154776 -0.035230
v 0.113177 0.154776 -0.061995
v 0.069272 0.154776 -0.045797
v 0.077044 0.154776 -0.031000
v 0.128054 0.154778 -0.039641
v 0.130415 0.154776 -0.031000
v 0.105497 0.154776 -0.074311
v 0.061867 0.154776 -0.055387
v 0.090693 0.154776 -0.092047
v 0.053143 0.154776 -0.063798
v 0.074917 0.154776 -0.105052
v 0.043289 0.154776 -0.070848
v 0.054113 0.154776 -0.117374
v 0.032512 0.154776 -0.076389
v 0.027298 0.154779 -0.079637
v 0.026547 0.154777 -0.117183
v 0.026747 0.154773 -0.126428
v 0.020739 0.154778 -0.122235
v 0.001754 0.154774 -0.124260
v 0.000051 0.154775 -0.129117
v -0.021584 0.154786 -0.122190
v -0.021630 0.154776 -0.127165
v -0.035778 0.154776 -0.123925
v -0.026915 0.154777 -0.115477
v -0.056394 0.154776 -0.116288
v -0.026948 0.154776 -0.078486
v -0.037901 0.154776 -0.073815
v -0.048244 0.154776 -0.067503
v -0.080750 0.154776 -0.100881
v -0.057558 0.154776 -0.059752
v -0.100359 0.154776 -0.081281
v -0.065644 0.154776 -0.050727
v -0.072330 0.154776 -0.040622
v -0.113076 0.154776 -0.061995
v -0.121969 0.154806 -0.043285
v -0.076987 0.154776 -0.030995
v -0.128034 0.154780 -0.039418
v -0.130314 0.154776 -0.031000
v 0.019266 0.229676 0.096146
v 0.006738 0.229776 0.097772
v -0.002981 0.229776 0.082945
v 0.009128 0.229776 0.082502
v 0.019835 0.229516 0.080723
v -0.006637 0.229776 0.097772
v -0.018010 0.229778 0.081132
v -0.019122 0.229581 0.096186
v 0.079205 0.246776 0.057780
v 0.070755 0.246776 0.067860
v 0.076070 0.189776 0.061847
v 0.083784 0.189776 0.050919
v 0.066941 0.189776 0.071622
v 0.086230 0.246776 0.046660
v 0.061030 0.246776 0.076717
v 0.056565 0.189776 0.080063
v 0.050207 0.246776 0.084192
v 0.045137 0.189776 0.087013
v 0.037398 0.246712 0.090652
v 0.032869 0.189776 0.092342
v 0.089937 0.189776 0.039043
v 0.091430 0.246877 0.035096
v 0.093339 0.231774 0.030002
v 0.093346 0.189776 0.030000
v 0.025051 0.189776 0.094758
v 0.022047 0.225946 0.095496
v 0.022051 0.186776 0.095499
v 0.019266 0.229676 0.096146
v 0.026062 0.246776 0.094485
v 0.095528 0.246788 0.022047
v 0.095549 0.239776 0.022000
v 0.013242 0.246771 0.097111
v 0.001929 0.246735 0.098026
v 0.006738 0.229776 0.097772
v -0.006637 0.229776 0.097772
v -0.012106 0.246776 0.097243
v -0.019122 0.229581 0.096186
v -0.024082 0.246778 0.094980
v -0.035376 0.246761 0.091390
v -0.021940 0.225972 0.095496
v -0.032768 0.189776 0.092342
v -0.045036 0.189776 0.087013
v -0.047570 0.246776 0.085652
v -0.058389 0.246757 0.078686
v -0.056464 0.189776 0.080063
v -0.066840 0.189776 0.071622
v -0.068596 0.246776 0.069941
v -0.075969 0.189776 0.061847
v -0.077343 0.246776 0.060118
v -0.083683 0.189776 0.050919
v -0.084697 0.246776 0.049212
v -0.089836 0.189776 0.039043
v -0.090104 0.246846 0.038203
v -0.093245 0.189776 0.030000
v -0.093245 0.231776 0.030000
v -0.094705 0.246786 0.024968
v -0.095448 0.239776 0.022000
v -0.097208 0.246779 0.012018
v -0.097037 0.239776 0.013344
v -0.097949 0.239776 0.000000
v -0.097943 0.246776 -0.001096
v -0.097037 0.239776 -0.013344
v -0.096914 0.246776 -0.014209
v -0.094146 0.246778 -0.027029
v -0.095448 0.239776 -0.022000
v -0.093206 0.231788 -0.029998
v -0.089661 0.246778 -0.039441
v -0.089836 0.189776 -0.039043
v -0.083683 0.189776 -0.050919
v -0.083576 0.246776 -0.051095
v -0.075968 0.246776 -0.061846
v -0.075969 0.189776 -0.061847
v -0.066930 0.246782 -0.071526
v -0.066840 0.189776 -0.071622
v -0.056841 0.246776 -0.079796
v -0.056464 0.189776 -0.080063
v -0.045642 0.246776 -0.086696
v -0.045036 0.189776 -0.087013
v -0.033632 0.246778 -0.092028
v -0.032768 0.189776 -0.092342
v -0.093245 0.189776 -0.030000
v -0.024949 0.189776 -0.094758
v -0.021946 0.225880 -0.095497
v -0.021949 0.186776 -0.095499
v -0.019094 0.229664 -0.096163
v -0.020992 0.246778 -0.095712
v -0.007517 0.246807 -0.097666
v -0.006637 0.229776 -0.097772
v 0.005167 0.246776 -0.097866
v 0.006738 0.229776 -0.097772
v 0.018205 0.246782 -0.096298
v 0.019086 0.229705 -0.096202
v 0.031834 0.246845 -0.092611
v 0.022042 0.225946 -0.095497
v 0.032869 0.189776 -0.092342
v 0.043134 0.246776 -0.088021
v 0.045137 0.189776 -0.087013
v 0.054534 0.246776 -0.081459
v 0.056565 0.189776 -0.080063
v 0.064952 0.246776 -0.073429
v 0.066941 0.189776 -0.071622
v 0.074201 0.246776 -0.064076
v 0.076070 0.189776 -0.061847
v 0.082114 0.246776 -0.053569
v 0.083784 0.189776 -0.050919
v 0.088628 0.246763 -0.041948
v 0.089937 0.189776 -0.039043
v 0.093346 0.189776 -0.030000
v 0.093346 0.231776 -0.030000
v 0.093330 0.246806 -0.029964
v 0.095549 0.239776 -0.022000
v 0.096548 0.246776 -0.017098
v 0.097138 0.239776 -0.013344
v 0.097968 0.246776 -0.004021
v 0.098051 0.239776 0.000000
v 0.097625 0.246776 0.009128
v 0.097138 0.239776 0.013344
v 0.093384 0.154776 0.043500
v 0.085051 0.104776 0.043500
v 0.122768 0.154776 0.043497
v 0.122641 0.116533 0.043497
v 0.080614 0.084210 0.043500
v 0.072991 0.081436 0.043500
v 0.126357 0.117508 0.042006
v 0.125804 0.154776 0.042272
v 0.075677 0.139776 0.031500
v 0.130295 0.142899 0.031500
v 0.106622 0.139908 0.011167
v 0.100370 0.139772 0.010082
v 0.111706 0.139776 0.008756
v 0.095458 0.139777 0.005834
v 0.075677 0.139776 0.005000
v 0.093965 0.139776 0.000379
v 0.060558 0.139776 0.000217
v 0.075677 0.139776 -0.005000
v 0.060359 0.139776 -0.005000
v 0.094882 0.139777 -0.004502
v 0.099169 0.139777 -0.009572
v 0.104671 0.139776 -0.011086
v 0.075677 0.139776 -0.031500
v 0.130294 0.139776 -0.031500
v 0.109553 0.139777 -0.010169
v 0.114622 0.139776 -0.005881
v 0.133047 0.139776 -0.017121
v 0.116136 0.139776 -0.000379
v 0.134093 0.139776 -0.001337
v 0.133414 0.139776 0.014328
v 0.114981 0.139777 0.005043
v 0.111706 0.139776 0.008756
v 0.130856 0.139776 0.029088
v -0.013709 0.084773 0.053381
v -0.024064 0.112168 0.064763
v -0.006394 0.076561 0.054657
v -0.012365 0.100703 0.066804
v -0.020959 0.128255 0.077481
v -0.035637 0.128579 0.067203
v -0.036217 0.154776 0.066797
v -0.010220 0.147590 0.085000
v -0.010220 0.154776 0.085000
v -0.037556 0.125888 0.066155
v -0.026109 0.106022 0.058617
v -0.018638 0.084780 0.049000
v -0.004923 0.076662 0.057185
v -0.029295 0.104821 0.057645
v -0.018638 0.084780 0.049000
v -0.022959 0.084775 0.049969
v -0.024478 0.075031 0.049219
v -0.037556 0.125888 0.066155
v -0.042929 0.127455 0.067906
v -0.041991 0.154776 0.068984
v -0.036217 0.154776 0.066797
v -0.049786 0.154776 0.069294
v -0.046244 0.127998 0.067973
v -0.050293 0.128604 0.067147
v -0.057570 0.154776 0.066308
v -0.027535 0.069894 0.047605
v -0.054675 0.129014 0.064761
v -0.030543 0.068653 0.045757
v -0.063472 0.154776 0.060847
v -0.058158 0.129221 0.060700
v -0.041649 0.091156 0.050506
v -0.059765 0.129050 0.056831
v -0.066053 0.154778 0.055474
v -0.060832 0.129910 0.051814
v -0.045536 0.096382 0.049027
v -0.034418 0.069291 0.042842
v -0.037161 0.072093 0.040538
v -0.062625 0.129427 0.049571
v -0.066053 0.154778 0.055474
v -0.068829 0.154777 0.053217
v -0.038760 0.069841 0.038980
v -0.064727 0.128624 0.048769
v -0.070541 0.109567 0.045592
v -0.044816 0.059776 0.037293
v -0.078076 0.154776 0.053126
v -0.040476 0.059769 0.037265
v -0.014232 0.044776 -0.050000
v -0.022949 0.044776 -0.042131
v -0.035209 0.044775 -0.049935
v -0.022960 0.044776 -0.029074
v -0.039493 0.044776 -0.045500
v -0.028110 0.044776 -0.024000
v -0.046003 0.044778 -0.045506
v -0.041719 0.044777 -0.023990
v -0.013901 0.044776 -0.046039
v 0.000505 0.044765 -0.052170
v -0.005067 0.044777 -0.047682
v 0.005406 0.044778 -0.047915
v 0.003989 0.044776 -0.043861
v -0.002611 0.044761 -0.042529
v 0.014333 0.044776 -0.050000
v 0.016169 0.044776 -0.045213
v 0.034986 0.044777 -0.050009
v 0.027706 0.044776 -0.039448
v 0.039742 0.044777 -0.045546
v 0.038088 0.044777 -0.029435
v 0.046104 0.044778 -0.045506
v 0.049051 0.044776 -0.042854
v 0.049051 0.044776 -0.017407
v 0.045295 0.044775 -0.016623
v 0.052484 0.044790 -0.001333
v 0.048352 0.044774 -0.000338
v 0.049213 0.044791 0.017749
v 0.045798 0.044777 0.014815
v 0.049051 0.044776 0.042854
v 0.041620 0.044776 0.024000
v 0.046104 0.044778 0.045506
v 0.028211 0.044776 0.024000
v 0.039594 0.044776 0.045500
v 0.023056 0.044776 0.029079
v 0.035310 0.044774 0.049935
v 0.023051 0.044776 0.042131
v 0.014333 0.044776 0.050000
v 0.013996 0.044776 0.046041
v 0.000564 0.044772 0.052153
v 0.005167 0.044777 0.047683
v -0.005239 0.044779 0.047821
v -0.003897 0.044776 0.043873
v 0.003327 0.044771 0.043092
v -0.014232 0.044776 0.050000
v -0.015431 0.044776 0.045435
v -0.034763 0.044858 0.050484
v -0.027106 0.044777 0.039771
v -0.039735 0.044778 0.045512
v -0.001184 0.044755 0.041979
v -0.035719 0.044776 0.032009
v -0.046003 0.044778 0.045506
v -0.043110 0.044779 0.021359
v -0.048949 0.044776 0.042854
v -0.049033 0.044794 0.018752
v -0.046818 0.044776 0.010360
v -0.051994 0.044775 0.002495
v -0.048121 0.044776 -0.002270
v -0.051364 0.044778 -0.008331
v -0.045878 0.044776 -0.013950
v -0.048949 0.044776 -0.017407
v -0.048949 0.044776 -0.042854
v -0.122390 0.116424 0.043498
v -0.084949 0.104776 0.043500
v -0.093283 0.154776 0.043500
v -0.123202 0.154777 0.043474
v -0.080513 0.084210 0.043500
v -0.072890 0.081436 0.043500
v -0.125994 0.119783 0.042723
v -0.102894 0.231740 -0.030000
v -0.130368 0.211854 -0.022946
v -0.108281 0.237794 -0.023129
v -0.123993 0.206896 -0.030000
v -0.103530 0.239725 -0.022145
v -0.095448 0.239776 -0.022000
v -0.093206 0.231788 -0.029998
v -0.131851 0.207888 -0.023417
v -0.125762 0.189792 -0.028536
v -0.131891 0.184776 -0.023397
v -0.124014 0.189776 -0.030000
v 0.123830 0.154778 -0.043435
v 0.122712 0.116595 -0.043498
v 0.093384 0.154776 -0.043500
v 0.085051 0.104776 -0.043500
v 0.080614 0.084210 -0.043500
v 0.072991 0.081436 -0.043500
v 0.125837 0.118155 -0.042493
v 0.128054 0.154778 -0.039641
v 0.128485 0.114737 -0.038627
v 0.130294 0.139776 -0.031500
v 0.132027 0.117450 -0.023473
v 0.130296 0.154776 -0.031500
v 0.133047 0.139776 -0.017121
v 0.133583 0.118648 -0.011625
v 0.134093 0.139776 -0.001337
v 0.134097 0.119043 0.000250
v 0.133414 0.139776 0.014328
v 0.133552 0.118623 0.011910
v 0.131473 0.117026 0.026497
v 0.130856 0.139776 0.029088
v 0.130295 0.142899 0.031500
v 0.128400 0.114663 0.038505
v 0.128479 0.154811 0.038642
v 0.126357 0.117508 0.042006
v 0.125804 0.154776 0.042272
v -0.082949 0.079776 0.038500
v -0.128386 0.114727 0.038489
v -0.113812 0.103538 0.021548
v -0.098947 0.092084 0.022315
v -0.086881 0.082804 0.012314
v -0.084331 0.080922 -0.000107
v -0.082949 0.079776 -0.038500
v -0.069504 0.074883 -0.007000
v -0.069504 0.074883 -0.038500
v -0.069504 0.074883 0.007000
v -0.069504 0.074883 0.038500
v -0.066732 0.073874 0.005000
v -0.086929 0.082907 -0.010006
v -0.092868 0.087428 -0.018402
v -0.105472 0.097110 -0.022846
v -0.128299 0.114663 -0.038505
v -0.116728 0.105779 -0.020421
v -0.125328 0.112379 0.014323
v -0.066732 0.073874 -0.005000
v -0.063959 0.072864 -0.005000
v -0.063959 0.072864 0.005000
v -0.122107 0.109962 -0.016111
v -0.132021 0.117526 -0.023257
v -0.128131 0.114538 -0.009076
v -0.130095 0.116052 0.001466
v -0.133482 0.118647 0.011625
v -0.134000 0.119044 -0.004473
v -0.131926 0.117451 0.023473
v 0.032869 0.189776 -0.092342
v 0.045137 0.189776 -0.087013
v 0.031078 0.189775 -0.100615
v 0.053957 0.189778 -0.090376
v 0.056565 0.189776 -0.080063
v 0.066941 0.189776 -0.071622
v 0.071236 0.189776 -0.077186
v 0.076070 0.189776 -0.061847
v 0.025051 0.189776 -0.094758
v 0.024941 0.189772 -0.115713
v 0.031051 0.189776 -0.125220
v 0.019177 0.189777 -0.120797
v 0.013472 0.189777 -0.128404
v -0.003538 0.189776 -0.122029
v 0.085778 0.189778 -0.061028
v 0.083784 0.189776 -0.050919
v 0.097839 0.189775 -0.039027
v 0.089937 0.189776 -0.039043
v 0.093346 0.189776 -0.030000
v 0.124115 0.189776 -0.030000
v 0.123014 0.189776 -0.039000
v -0.006916 0.189776 -0.128812
v -0.030836 0.189785 -0.125559
v -0.020798 0.189770 -0.120270
v -0.024900 0.189776 -0.114624
v -0.030965 0.189775 -0.100621
v -0.024949 0.189776 -0.094758
v -0.032768 0.189776 -0.092342
v -0.055680 0.189782 -0.089439
v -0.045036 0.189776 -0.087013
v -0.056464 0.189776 -0.080063
v -0.076722 0.189777 -0.071896
v -0.066840 0.189776 -0.071622
v -0.075969 0.189776 -0.061847
v -0.087894 0.189776 -0.057365
v -0.083683 0.189776 -0.050919
v -0.097753 0.189775 -0.039027
v -0.089836 0.189776 -0.039043
v -0.093245 0.189776 -0.030000
v -0.122913 0.189776 -0.039000
v -0.124014 0.189776 -0.030000
v -0.125762 0.189792 -0.028536
v 0.022042 0.186768 -0.113779
v 0.022076 0.159753 -0.082298
v 0.022051 0.186776 -0.095499
v 0.022017 0.159762 -0.114358
v 0.022089 0.225894 -0.082056
v 0.022042 0.225946 -0.095497
v 0.077044 0.154776 0.031000
v 0.130421 0.139776 0.031000
v 0.130415 0.154776 0.031000
v 0.048201 0.139777 0.031000
v 0.050504 0.154867 0.030999
v 0.032670 0.139776 0.031000
v 0.044581 0.158204 0.030993
v 0.032681 0.175158 0.030997
v 0.097153 0.090625 0.021250
v 0.083051 0.079776 0.038500
v 0.089643 0.084914 0.013638
v 0.111698 0.101813 0.023005
v 0.128400 0.114663 0.038505
v 0.124156 0.111414 0.015426
v 0.131473 0.117026 0.026497
v 0.085758 0.081939 0.007040
v 0.084379 0.080867 -0.000371
v 0.083051 0.079776 -0.038500
v 0.069606 0.074883 -0.007000
v 0.069606 0.074883 -0.038500
v 0.069606 0.074883 0.007000
v 0.069606 0.074883 0.038500
v 0.066833 0.073874 -0.005000
v 0.089037 0.084451 -0.013034
v 0.094609 0.088674 -0.019417
v 0.097683 0.093014 -0.019165
v 0.066833 0.073874 0.005000
v 0.133552 0.118623 0.011910
v 0.128998 0.115219 0.004879
v 0.134097 0.119043 0.000250
v 0.128910 0.115136 -0.004996
v 0.064060 0.072864 0.005000
v 0.064060 0.072864 -0.005000
v 0.133583 0.118648 -0.011625
v 0.124848 0.111953 -0.014124
v 0.132027 0.117450 -0.023473
v 0.128485 0.114737 -0.038627
v 0.115361 0.104655 -0.020916
v 0.104049 0.095934 -0.022790
v -0.113937 0.129777 0.018485
v -0.106695 0.129779 0.020500
v -0.110496 0.104622 0.019868
v -0.116508 0.109519 0.017046
v -0.119726 0.129776 0.014319
v -0.105019 0.098728 0.020577
v -0.099745 0.129774 0.019924
v -0.099483 0.094009 0.019862
v -0.094699 0.129776 0.017754
v -0.095237 0.090730 0.018101
v -0.090678 0.129776 0.014815
v -0.090491 0.086766 0.014740
v -0.087196 0.129776 0.010250
v -0.086929 0.083836 0.009909
v -0.084968 0.129777 0.005065
v -0.120578 0.110296 0.015735
v -0.120826 0.113883 0.013033
v -0.123801 0.115717 0.008584
v -0.123711 0.129776 0.008528
v -0.125446 0.117729 0.002057
v -0.125481 0.129774 0.001634
v -0.125179 0.117500 -0.003711
v -0.124914 0.129777 -0.005012
v -0.120578 0.110296 0.015735
v -0.126443 0.114811 0.007158
v -0.125446 0.117729 0.002057
v -0.123496 0.116032 -0.008926
v -0.121967 0.129777 -0.011522
v -0.119564 0.112184 -0.014585
v -0.085147 0.082264 0.005341
v -0.084331 0.080922 -0.000107
v -0.084452 0.129776 -0.001772
v -0.085320 0.082478 -0.005980
v -0.086345 0.129777 -0.008913
v -0.086929 0.082907 -0.010006
v -0.089694 0.086258 -0.013742
v -0.090371 0.129776 -0.014516
v -0.092868 0.087428 -0.018402
v -0.094063 0.090237 -0.017462
v -0.094699 0.129776 -0.017754
v -0.099164 0.094340 -0.019734
v -0.099669 0.129775 -0.019897
v -0.104611 0.099059 -0.020553
v -0.106774 0.129779 -0.020511
v -0.094063 0.090237 -0.017462
v -0.099164 0.094340 -0.019734
v -0.105472 0.097110 -0.022846
v -0.104611 0.099059 -0.020553
v -0.109789 0.103040 -0.020049
v -0.113993 0.129776 -0.018490
v -0.115314 0.107904 -0.017797
v -0.118127 0.129776 -0.015704
v -0.109789 0.103040 -0.020049
v -0.116728 0.105779 -0.020421
v -0.115314 0.107904 -0.017797
v -0.122107 0.109962 -0.016111
v -0.119564 0.112184 -0.014585
v -0.125020 0.113665 -0.010119
v -0.123496 0.116032 -0.008926
v -0.127232 0.115559 -0.002605
v -0.125179 0.117500 -0.003711
v -0.125446 0.117729 0.002057
v -0.126443 0.114811 0.007158
v -0.128131 0.114538 -0.009076
v -0.127232 0.115559 -0.002605
v -0.130095 0.116052 0.001466
v -0.126443 0.114811 0.007158
v -0.022364 0.159765 -0.132103
v -0.035778 0.154776 -0.123925
v -0.037108 0.159769 -0.128738
v -0.056394 0.154776 -0.116288
v -0.051340 0.159767 -0.123745
v -0.064907 0.159764 -0.117191
v -0.080750 0.154776 -0.100881
v -0.077657 0.159761 -0.109151
v -0.089429 0.159759 -0.099726
v -0.100359 0.154776 -0.081281
v -0.100071 0.159757 -0.089034
v -0.109448 0.159757 -0.077209
v -0.113076 0.154776 -0.061995
v -0.117461 0.159775 -0.064397
v -0.121969 0.154806 -0.043285
v -0.123935 0.159786 -0.050829
v -0.124127 0.156757 -0.043319
v -0.128277 0.159766 -0.038582
v -0.128034 0.154780 -0.039418
v -0.022364 0.159765 -0.132103
v -0.037108 0.159769 -0.128738
v -0.028802 0.170030 -0.130983
v -0.028792 0.184757 -0.130859
v -0.048835 0.169763 -0.124764
v -0.051340 0.159767 -0.123745
v -0.062098 0.169764 -0.118716
v -0.064907 0.159764 -0.117191
v -0.074630 0.169766 -0.111260
v -0.077657 0.159761 -0.109151
v -0.086302 0.169776 -0.102465
v -0.089429 0.159759 -0.099726
v -0.096895 0.169783 -0.092505
v -0.100071 0.159757 -0.089034
v -0.106388 0.169777 -0.081406
v -0.109448 0.159757 -0.077209
v -0.114599 0.169779 -0.069365
v -0.117461 0.159775 -0.064397
v -0.121459 0.169790 -0.056449
v -0.123935 0.159786 -0.050829
v -0.129006 0.169929 -0.036715
v -0.128277 0.159766 -0.038582
v -0.130305 0.184776 -0.030896
v -0.128828 0.184746 -0.036789
v -0.130314 0.154776 -0.031000
v -0.130320 0.139776 -0.031000
v -0.133043 0.139776 -0.015556
v -0.128034 0.154780 -0.039418
v -0.124127 0.156757 -0.043319
v -0.131891 0.184776 -0.023397
v -0.132976 0.208064 -0.016020
v -0.133844 0.206888 -0.005298
v -0.133949 0.139776 0.000000
v -0.133845 0.206894 0.005271
v -0.133043 0.139776 0.015556
v -0.132853 0.210880 -0.004889
v -0.132638 0.211015 0.009354
v -0.113419 0.234400 -0.006535
v -0.130368 0.211854 -0.022946
v -0.108281 0.237794 -0.023129
v -0.110214 0.237819 0.009866
v -0.130737 0.211210 0.023080
v -0.108281 0.237582 0.023248
v -0.103787 0.239706 0.022164
v -0.108886 0.238756 -0.005764
v -0.105918 0.239753 0.004682
v -0.103530 0.239725 -0.022145
v -0.095448 0.239776 -0.022000
v -0.097037 0.239776 -0.013344
v -0.097949 0.239776 0.000000
v -0.131883 0.207208 0.023400
v -0.133034 0.206881 0.015581
v -0.131908 0.184845 0.023498
v -0.130319 0.139776 0.031000
v -0.130314 0.154776 0.031000
v -0.128275 0.159738 0.038591
v -0.128915 0.169978 0.036815
v -0.124132 0.159771 0.050383
v -0.121470 0.169782 0.056427
v -0.128828 0.184746 0.036789
v -0.128185 0.154776 0.038908
v -0.124457 0.156698 0.043184
v -0.117461 0.159776 0.064398
v -0.114619 0.169772 0.069332
v -0.109449 0.159758 0.077207
v -0.106413 0.169769 0.081374
v -0.100073 0.159759 0.089031
v -0.096932 0.169773 0.092469
v -0.089431 0.159761 0.099724
v -0.086302 0.169776 0.102466
v -0.077659 0.159763 0.109149
v -0.074654 0.169775 0.111244
v -0.064909 0.159766 0.117190
v -0.062116 0.169771 0.118707
v -0.051341 0.159769 0.123745
v -0.048847 0.169769 0.124760
v -0.037129 0.159771 0.128733
v -0.028808 0.170076 0.130925
v -0.022451 0.159772 0.132092
v -0.021636 0.184776 0.132236
v -0.007484 0.159776 0.133788
v -0.007187 0.184776 0.133804
v 0.007585 0.159776 0.133788
v 0.007287 0.184776 0.133804
v 0.021757 0.184776 0.132234
v -0.028794 0.184760 0.130858
v 0.122126 0.129777 -0.011553
v 0.115774 0.129772 -0.003073
v 0.112476 0.129776 -0.008180
v 0.116981 0.129775 -0.016787
v 0.124973 0.129775 -0.005209
v 0.125480 0.129774 0.003493
v 0.115610 0.129776 0.003519
v 0.122061 0.129777 0.011529
v 0.112191 0.129775 0.008655
v 0.108563 0.129776 -0.010559
v 0.112062 0.129776 -0.019264
v 0.106840 0.129777 -0.020515
v 0.101977 0.129772 -0.010723
v 0.099675 0.129777 -0.019882
v 0.093298 0.129775 -0.016904
v 0.094958 0.129769 -0.005414
v 0.089347 0.129776 -0.013177
v 0.086396 0.129776 -0.008686
v 0.084862 0.129776 -0.003560
v 0.094327 0.129772 0.003076
v 0.084571 0.129777 0.002129
v 0.086793 0.129522 0.009712
v 0.099518 0.129793 0.009999
v 0.090471 0.129776 0.014514
v 0.094801 0.129776 0.017754
v 0.099823 0.129775 0.019916
v 0.106737 0.129776 0.010937
v 0.107121 0.129777 0.020526
v 0.114035 0.129776 0.018512
v 0.118228 0.129776 0.015704
v -0.134097 0.139775 -0.001923
v -0.132946 0.139776 0.017121
v -0.116035 0.139776 0.000379
v -0.114521 0.139776 0.005881
v -0.130193 0.139776 0.031500
v -0.109451 0.139777 0.010169
v -0.115118 0.139777 -0.004502
v -0.132612 0.139776 -0.019361
v -0.110831 0.139776 -0.009572
v -0.130221 0.139776 -0.031498
v -0.105329 0.139776 -0.011086
v -0.104570 0.139776 0.011086
v -0.075576 0.139776 0.031500
v -0.099068 0.139777 0.009572
v -0.094781 0.139776 0.004502
v -0.075576 0.139776 0.005000
v -0.100447 0.139777 -0.010169
v -0.075576 0.139776 -0.005000
v -0.075576 0.139776 -0.031500
v -0.060457 0.139776 -0.000219
v -0.060258 0.139776 0.005000
v -0.095378 0.139777 -0.005881
v -0.093864 0.139776 -0.000379
v -0.133482 0.118647 0.011625
v -0.132946 0.139776 0.017121
v -0.134097 0.139775 -0.001923
v -0.134000 0.119044 -0.004473
v -0.132612 0.139776 -0.019361
v -0.132021 0.117526 -0.023257
v -0.130221 0.139776 -0.031498
v -0.128299 0.114663 -0.038505
v -0.128034 0.154780 -0.039418
v -0.130194 0.154776 -0.031500
v -0.126119 0.118632 -0.042463
v -0.123074 0.154776 -0.043493
v -0.122782 0.116716 -0.043492
v -0.084949 0.104776 -0.043500
v -0.093283 0.154776 -0.043500
v -0.080513 0.084210 -0.043500
v -0.072890 0.081436 -0.043500
v -0.131926 0.117451 0.023473
v -0.130193 0.139776 0.031500
v -0.128386 0.114727 0.038489
v -0.128185 0.154776 0.038908
v -0.125994 0.119783 0.042723
v -0.123202 0.154777 0.043474
v -0.130206 0.154776 0.031500
v 0.089643 0.084914 0.013638
v 0.090471 0.129776 0.014514
v 0.094259 0.089754 0.017551
v 0.086793 0.129522 0.009712
v 0.085758 0.081939 0.007040
v 0.084571 0.129777 0.002129
v 0.084379 0.080867 -0.000371
v 0.084862 0.129776 -0.003560
v 0.086047 0.082840 -0.007824
v 0.097153 0.090625 0.021250
v 0.099581 0.094149 0.019844
v 0.106726 0.100087 0.020689
v 0.111698 0.101813 0.023005
v 0.115476 0.106016 0.019329
v 0.124156 0.111414 0.015426
v 0.122463 0.112204 0.013049
v 0.128998 0.115219 0.004879
v 0.086396 0.129776 -0.008686
v 0.089037 0.084451 -0.013034
v 0.089347 0.129776 -0.013177
v 0.092861 0.088977 -0.016559
v 0.093298 0.129775 -0.016904
v 0.097683 0.093014 -0.019165
v 0.099675 0.129777 -0.019882
v 0.103369 0.097496 -0.020524
v 0.106840 0.129777 -0.020515
v 0.110699 0.104022 -0.019812
v 0.112062 0.129776 -0.019264
v 0.116570 0.108732 -0.017112
v 0.116981 0.129775 -0.016787
v 0.122274 0.113889 -0.011705
v 0.122126 0.129777 -0.011553
v 0.125360 0.116524 -0.004284
v 0.124973 0.129775 -0.005209
v 0.125710 0.116629 0.002257
v 0.125480 0.129774 0.003493
v 0.123626 0.115476 0.008934
v 0.122061 0.129777 0.011529
v 0.119634 0.112799 0.014608
v 0.118228 0.129776 0.015704
v 0.114035 0.129776 0.018512
v 0.113983 0.107406 0.018624
v 0.107121 0.129777 0.020526
v 0.106726 0.100087 0.020689
v 0.099823 0.129775 0.019916
v 0.099581 0.094149 0.019844
v 0.094801 0.129776 0.017754
v 0.051318 0.174777 -0.118647
v 0.070837 0.174777 -0.107937
v 0.062217 0.169771 -0.118707
v 0.074755 0.169775 -0.111244
v 0.048948 0.169769 -0.124760
v 0.028909 0.170076 -0.130925
v 0.034050 0.174778 -0.124447
v 0.083287 0.174777 -0.098713
v 0.086403 0.169776 -0.102465
v 0.097033 0.169773 -0.092469
v 0.094486 0.174776 -0.087994
v 0.106514 0.169769 -0.081374
v 0.108349 0.174777 -0.070548
v 0.114720 0.169772 -0.069332
v 0.121571 0.169782 -0.056427
v 0.117790 0.174777 -0.052928
v 0.129032 0.169968 -0.036800
v 0.122019 0.174775 -0.042000
v 0.019323 0.186775 0.117455
v 0.005977 0.159770 0.118853
v 0.005980 0.186779 0.118852
v 0.019645 0.159702 0.117378
v -0.005884 0.159776 0.118852
v -0.005880 0.186781 0.118852
v -0.018695 0.159792 0.117545
v -0.018813 0.186774 0.117518
v -0.021636 0.184776 0.132236
v -0.007187 0.184776 0.133804
v -0.013371 0.189777 0.128404
v 0.011568 0.189780 0.128672
v 0.007287 0.184776 0.133804
v 0.021757 0.184776 0.132234
v 0.028893 0.184759 0.130859
v 0.031051 0.189776 0.125220
v -0.028794 0.184760 0.130858
v -0.030949 0.189776 0.125220
v -0.021971 0.226900 0.082073
v -0.021949 0.186776 0.095499
v -0.021973 0.159753 0.082339
v -0.021919 0.186762 0.114438
v -0.021915 0.159761 0.114708
v -0.021940 0.225972 0.095496
v -0.021935 0.186773 -0.113846
v -0.021949 0.186776 -0.095499
v -0.021921 0.159784 -0.114429
v -0.021977 0.159751 -0.082112
v -0.021946 0.225880 -0.095497
v -0.022012 0.225712 -0.082244
v -0.020800 0.228344 -0.080393
v -0.019094 0.229664 -0.096163
v -0.017836 0.229775 -0.081156
v -0.002981 0.229776 -0.082945
v -0.006637 0.229776 -0.097772
v 0.006738 0.229776 -0.097772
v 0.019086 0.229705 -0.096202
v 0.009128 0.229776 -0.082502
v 0.019823 0.229513 -0.080722
v 0.100057 0.139776 0.019967
v 0.130421 0.139776 0.031000
v 0.048201 0.139777 0.031000
v 0.108958 0.139773 0.020322
v 0.117131 0.139777 0.016661
v 0.093609 0.139776 0.017133
v 0.121926 0.139776 0.011804
v 0.133145 0.139776 0.015556
v 0.125066 0.139776 0.005012
v 0.134051 0.139776 0.000000
v 0.125498 0.139776 -0.002443
v 0.123556 0.139776 -0.008982
v 0.133145 0.139776 -0.015556
v 0.119383 0.139776 -0.014824
v 0.130420 0.139776 -0.031000
v 0.113602 0.139777 -0.018738
v 0.106730 0.139778 -0.020575
v 0.099778 0.139776 -0.019875
v 0.048071 0.139776 -0.030999
v 0.094801 0.139776 -0.017754
v 0.090036 0.139776 -0.014093
v 0.085249 0.139772 -0.006087
v 0.055598 0.139777 -0.013975
v 0.084828 0.139832 0.004657
v 0.056981 0.139776 0.004677
v 0.053852 0.139776 0.018826
v 0.088386 0.139776 0.012059
v -0.075576 0.139776 0.031500
v -0.078076 0.154776 0.053126
v -0.072685 0.122431 0.020000
v -0.078076 0.154776 0.031500
v -0.072685 0.122431 0.005000
v -0.053230 0.084776 0.005000
v -0.053212 0.084767 0.015196
v -0.075576 0.139776 0.005000
v -0.070541 0.109567 0.045592
v -0.070541 0.109567 0.020000
v -0.051184 0.072103 0.020000
v -0.047855 0.065669 0.027232
v -0.044816 0.059776 0.037293
v -0.051184 0.080816 0.020000
v -0.044816 0.059776 0.031812
v 0.083784 0.189776 0.050919
v 0.076070 0.189776 0.061847
v 0.087995 0.189776 0.057365
v 0.097808 0.189777 0.039013
v 0.089937 0.189776 0.039043
v 0.093346 0.189776 0.030000
v 0.123014 0.189776 0.039000
v 0.124115 0.189776 0.030000
v 0.076535 0.189776 0.072243
v 0.066941 0.189776 0.071622
v 0.056565 0.189776 0.080063
v 0.061150 0.189776 0.085393
v 0.045137 0.189776 0.087013
v 0.125863 0.189792 0.028536
v 0.046796 0.189775 0.094103
v 0.032869 0.189776 0.092342
v 0.025051 0.189776 0.094758
v 0.031051 0.189776 0.100319
v 0.025032 0.189776 0.114292
v 0.031051 0.189776 0.125220
v 0.021143 0.189770 0.120298
v 0.011568 0.189780 0.128672
v -0.002927 0.189777 0.122207
v -0.013371 0.189777 0.128404
v -0.020990 0.189774 0.120015
v -0.030949 0.189776 0.125220
v -0.024880 0.189776 0.114827
v -0.030964 0.189775 0.100635
v -0.024949 0.189776 0.094758
v -0.032768 0.189776 0.092342
v -0.045036 0.189776 0.087013
v -0.055687 0.189782 0.089434
v -0.056464 0.189776 0.080063
v -0.066840 0.189776 0.071622
v -0.076724 0.189777 0.071895
v -0.075969 0.189776 0.061847
v -0.083683 0.189776 0.050919
v -0.087894 0.189776 0.057365
v -0.097752 0.189775 0.039027
v -0.089836 0.189776 0.039043
v -0.093245 0.189776 0.030000
v -0.124014 0.189776 0.030000
v -0.122913 0.189776 0.039000
v -0.125789 0.189788 0.028514
v -0.014232 0.044776 0.050000
v -0.025155 0.048874 0.056145
v -0.034763 0.044858 0.050484
v -0.017595 0.048984 0.056272
v -0.008196 0.046845 0.053224
v 0.000564 0.044772 0.052153
v 0.008486 0.046858 0.053077
v 0.014333 0.044776 0.050000
v 0.014612 0.048460 0.055521
v 0.022311 0.049190 0.056619
v 0.025944 0.048725 0.055920
v 0.031932 0.046793 0.053030
v 0.035310 0.044774 0.049935
v -0.049033 0.044794 0.018752
v -0.056241 0.049215 0.045689
v -0.056245 0.049218 0.007000
v -0.048949 0.044776 0.042854
v -0.050637 0.049211 0.050736
v -0.054968 0.047974 0.004964
v -0.051994 0.044775 0.002495
v -0.054464 0.047993 -0.005324
v -0.051364 0.044778 -0.008331
v -0.056243 0.049215 -0.007010
v -0.048949 0.044776 -0.017407
v -0.048949 0.044776 -0.042854
v -0.056241 0.049215 -0.045689
v -0.046003 0.044778 -0.045506
v -0.050637 0.049214 -0.050737
v -0.039493 0.044776 -0.045500
v -0.037014 0.049220 -0.050741
v -0.046003 0.044778 0.045506
v -0.039735 0.044778 0.045512
v -0.037018 0.049217 0.050740
v 0.078177 0.154776 -0.031500
v 0.130296 0.154776 -0.031500
v 0.093384 0.154776 -0.043500
v 0.093384 0.154776 -0.063014
v 0.078177 0.154776 -0.053126
v 0.123830 0.154778 -0.043435
v 0.076714 0.154776 -0.068334
v 0.068899 0.154777 -0.053217
v 0.088065 0.154776 -0.068333
v 0.128054 0.154778 -0.039641
v 0.066165 0.154778 -0.055457
v 0.064034 0.154775 -0.059988
v 0.072241 0.154774 -0.073847
v 0.059633 0.154776 -0.064822
v 0.067582 0.154775 -0.077710
v 0.062017 0.154776 -0.080963
v 0.053692 0.154776 -0.068280
v 0.056490 0.154776 -0.083073
v 0.046944 0.154775 -0.084527
v 0.047428 0.154776 -0.069396
v 0.041613 0.154776 -0.068866
v 0.038591 0.154776 -0.083516
v 0.036368 0.154776 -0.066762
v 0.035051 0.154776 -0.085996
v 0.010321 0.154776 -0.085000
v 0.035023 0.154776 -0.122096
v -0.034940 0.154776 -0.121370
v -0.034949 0.154776 -0.085996
v 0.016334 0.154776 -0.128017
v -0.010220 0.154776 -0.085000
v -0.038490 0.154776 -0.083516
v -0.036040 0.154775 -0.066935
v -0.043822 0.154776 -0.069273
v -0.044753 0.154776 -0.084414
v 0.031922 0.154776 -0.125019
v -0.050270 0.154776 -0.069127
v -0.054729 0.154776 -0.083608
v -0.056898 0.154775 -0.066712
v -0.064014 0.154776 -0.079964
v 0.000051 0.154776 -0.128997
v -0.016553 0.154775 -0.128059
v -0.032725 0.154777 -0.124750
v -0.069170 0.154776 -0.076464
v -0.063014 0.154773 -0.061450
v -0.074941 0.154773 -0.070722
v -0.076641 0.154776 -0.068334
v -0.066023 0.154778 -0.055534
v -0.068811 0.154777 -0.053211
v -0.078076 0.154776 -0.053126
v -0.087963 0.154776 -0.068333
v -0.093283 0.154776 -0.063014
v -0.093283 0.154776 -0.043500
v -0.078076 0.154776 -0.031500
v -0.123074 0.154776 -0.043493
v -0.130194 0.154776 -0.031500
v -0.128034 0.154780 -0.039418
v 0.113630 0.234290 0.006334
v 0.108432 0.237733 0.023157
v 0.130874 0.211356 0.022954
v 0.132954 0.210880 0.004909
v 0.132749 0.210992 -0.009350
v 0.110496 0.237627 -0.009748
v 0.130841 0.211207 -0.023080
v 0.107908 0.238145 -0.023208
v 0.105930 0.239742 -0.006629
v 0.108955 0.238712 0.007007
v 0.103618 0.239756 0.022095
v 0.095549 0.239776 0.022000
v 0.133947 0.206894 -0.005271
v 0.133135 0.206883 -0.015581
v 0.131984 0.207208 -0.023400
v 0.131992 0.184776 -0.023397
v 0.133145 0.139776 -0.015556
v 0.130420 0.139776 -0.031000
v 0.134051 0.139776 0.000000
v 0.133945 0.206889 0.005298
v 0.133145 0.139776 0.015556
v 0.133111 0.207956 0.015721
v 0.131992 0.184776 0.023397
v 0.130406 0.184776 0.030896
v 0.130421 0.139776 0.031000
v 0.130415 0.154776 0.031000
v 0.127814 0.159469 0.040424
v 0.128479 0.154811 0.038642
v 0.131985 0.207090 0.023398
v 0.130415 0.154776 -0.031000
v 0.130406 0.184776 -0.030896
v 0.127900 0.159771 -0.040191
v 0.128054 0.154778 -0.039641
v 0.128929 0.184746 -0.036789
v 0.129032 0.169968 -0.036800
v 0.130415 0.154776 -0.031000
v 0.048071 0.139776 -0.030999
v 0.077044 0.154776 -0.031000
v 0.049997 0.154944 -0.031001
v 0.032670 0.139776 -0.031000
v 0.130420 0.139776 -0.031000
v 0.044024 0.159035 -0.030990
v 0.032679 0.175116 -0.030998
v 0.059879 0.154786 -0.005984
v 0.083051 0.154776 0.000000
v 0.057170 0.154779 -0.021007
v 0.059047 0.154824 0.005972
v 0.056009 0.154796 0.021010
v 0.048103 0.154892 0.020984
v 0.052719 0.154933 0.006018
v 0.082166 0.154776 0.012085
v 0.082166 0.154776 -0.012085
v 0.079531 0.154776 -0.023912
v 0.077044 0.154776 -0.031000
v 0.049997 0.154944 -0.031001
v 0.079531 0.154776 0.023912
v 0.077044 0.154776 0.031000
v 0.050504 0.154867 0.030999
v 0.052857 0.154826 -0.006005
v 0.047298 0.155187 -0.020941
v 0.047670 0.157537 -0.005997
v 0.044834 0.158236 -0.015588
v 0.040056 0.161393 -0.020982
v 0.043717 0.157386 0.020926
v 0.047452 0.157728 0.006011
v 0.042929 0.162491 -0.013766
v 0.044810 0.162479 -0.006027
v 0.044425 0.259780 -0.007456
v 0.042560 0.259782 -0.014749
v 0.040056 0.161393 -0.020982
v 0.039855 0.174985 -0.021004
v 0.039552 0.259784 -0.021539
v 0.036861 0.174951 -0.025972
v 0.050677 0.157420 -0.020998
v 0.044024 0.159035 -0.030990
v 0.032679 0.175116 -0.030998
v 0.035463 0.259782 -0.027755
v 0.030186 0.259824 -0.033364
v 0.028976 0.139776 -0.034472
v 0.024494 0.243485 -0.037808
v 0.022551 0.139776 -0.038971
v 0.017316 0.243741 -0.041562
v 0.015441 0.139776 -0.042286
v 0.011722 0.243225 -0.043461
v 0.025054 0.259761 -0.037396
v 0.007865 0.139776 -0.044316
v 0.032670 0.139776 -0.031000
v 0.005935 0.243218 -0.044614
v 0.000051 0.139776 -0.045000
v 0.000057 0.243463 -0.045002
v 0.011155 0.244745 -0.045172
v -0.002698 0.244766 -0.046346
v -0.005832 0.243438 -0.044615
v -0.007764 0.139776 -0.044316
v -0.011615 0.243220 -0.043462
v -0.015340 0.139776 -0.042286
v -0.014837 0.244736 -0.043713
v 0.011722 0.243225 -0.043461
v 0.017316 0.243741 -0.041562
v 0.025051 0.244755 -0.039230
v -0.017202 0.243173 -0.041562
v -0.022449 0.139776 -0.038971
v -0.022445 0.243341 -0.038972
v -0.028875 0.139776 -0.034472
v -0.024942 0.244499 -0.037449
v -0.030189 0.259814 -0.033278
v -0.032581 0.175107 -0.030997
v -0.024955 0.259758 -0.037396
v -0.036161 0.174775 -0.026878
v -0.035343 0.259781 -0.027784
v -0.044509 0.158184 -0.030994
v -0.039754 0.174824 -0.021007
v -0.039453 0.259785 -0.021535
v -0.042458 0.259780 -0.014750
v -0.050296 0.157821 -0.021001
v -0.039939 0.162921 -0.020969
v -0.042876 0.162729 -0.013587
v -0.042202 0.158235 -0.021003
v -0.044282 0.259791 -0.007631
v -0.044706 0.162464 -0.006022
v -0.045505 0.157065 -0.015872
v -0.047992 0.157136 -0.006007
v -0.050392 0.154862 -0.030999
v -0.056111 0.154798 -0.020990
v 0.030288 0.259814 0.033279
v 0.028976 0.139776 0.034472
v 0.032681 0.175158 0.030997
v 0.024484 0.243496 0.037815
v 0.022551 0.139776 0.038971
v 0.025056 0.259758 0.037397
v 0.017314 0.243609 0.041559
v 0.015441 0.139776 0.042286
v 0.011714 0.243575 0.043464
v 0.007865 0.139776 0.044316
v 0.036205 0.174836 0.026946
v 0.035443 0.259780 0.027787
v 0.044581 0.158204 0.030993
v 0.039858 0.174780 0.021006
v 0.050354 0.157882 0.021002
v 0.039552 0.259785 0.021539
v 0.042559 0.259780 0.014751
v 0.040103 0.162477 0.020949
v 0.043063 0.162434 0.013267
v 0.044383 0.259791 0.007631
v 0.044791 0.163093 0.006023
v 0.047452 0.157728 0.006011
v 0.043717 0.157386 0.020926
v 0.040103 0.162477 0.020949
v 0.050504 0.154867 0.030999
v 0.056009 0.154796 0.021010
v 0.070642 0.109567 -0.045592
v 0.078177 0.154776 -0.031500
v 0.078177 0.154776 -0.053126
v 0.075677 0.139776 -0.031500
v 0.072786 0.122431 -0.020000
v 0.070642 0.109567 -0.020000
v 0.072786 0.122431 -0.005000
v 0.075677 0.139776 -0.005000
v 0.053331 0.084776 -0.005000
v 0.051285 0.072103 -0.020000
v 0.048073 0.065885 -0.027022
v 0.053319 0.084771 -0.014968
v 0.051285 0.080817 -0.020000
v 0.044917 0.059776 -0.037293
v 0.044917 0.059776 -0.031812
v -0.076987 0.154776 -0.030995
v -0.047818 0.139776 -0.031000
v -0.130320 0.139776 -0.031000
v -0.130314 0.154776 -0.031000
v -0.050392 0.154862 -0.030999
v -0.032568 0.139776 -0.031000
v -0.044509 0.158184 -0.030994
v -0.032581 0.175107 -0.030997
v -0.010220 0.147590 -0.085000
v -0.036040 0.154775 -0.066935
v -0.034987 0.128698 -0.067658
v -0.010220 0.154776 -0.085000
v -0.020959 0.128255 -0.077481
v -0.023670 0.115559 -0.067438
v -0.012882 0.102449 -0.067444
v -0.024176 0.102148 -0.057329
v -0.013556 0.092450 -0.059780
v -0.037379 0.126132 -0.066069
v -0.020242 0.084794 -0.049266
v -0.037379 0.126132 -0.066069
v -0.022904 0.084778 -0.050000
v -0.023998 0.077014 -0.049463
v -0.042005 0.127204 -0.067742
v -0.036040 0.154775 -0.066935
v -0.043822 0.154776 -0.069273
v -0.047824 0.128503 -0.067963
v -0.026076 0.071877 -0.048409
v -0.029087 0.069211 -0.046697
v -0.052984 0.128862 -0.065895
v -0.057218 0.129226 -0.062409
v -0.056898 0.154775 -0.066712
v -0.050270 0.154776 -0.069127
v -0.041472 0.091898 -0.051439
v -0.063014 0.154773 -0.061450
v -0.059876 0.129482 -0.056928
v -0.066023 0.154778 -0.055534
v -0.060794 0.129781 -0.051786
v -0.033515 0.068682 -0.043610
v -0.037045 0.072211 -0.040687
v -0.062350 0.129460 -0.049855
v -0.066023 0.154778 -0.055534
v -0.068811 0.154777 -0.053211
v -0.038704 0.070217 -0.039045
v -0.064270 0.128757 -0.048800
v -0.070541 0.109567 -0.045592
v -0.044816 0.059776 -0.037293
v -0.078076 0.154776 -0.053126
v -0.040375 0.059776 -0.037293
v -0.078076 0.154776 -0.053126
v -0.070541 0.109567 -0.020000
v -0.070541 0.109567 -0.045592
v -0.051259 0.072250 -0.020005
v -0.047678 0.065328 -0.027393
v -0.072685 0.122431 -0.020000
v -0.075576 0.139776 -0.031500
v -0.075576 0.139776 -0.005000
v -0.078076 0.154776 -0.031500
v -0.072685 0.122431 -0.005000
v -0.053222 0.084769 -0.014955
v -0.053230 0.084776 -0.005000
v -0.051177 0.080803 -0.020000
v -0.044796 0.059745 -0.031934
v -0.044816 0.059776 -0.037293
v 0.055006 0.048344 0.005549
v 0.049051 0.044776 0.042854
v 0.049213 0.044791 0.017749
v 0.056342 0.049215 0.045689
v 0.052484 0.044790 -0.001333
v 0.055892 0.048773 -0.006142
v 0.049051 0.044776 -0.017407
v 0.056342 0.049215 -0.045689
v 0.049051 0.044776 -0.042854
v 0.050737 0.049212 -0.050736
v 0.056346 0.049218 0.007000
v 0.069606 0.074883 0.038500
v 0.069606 0.074883 0.007000
v 0.072991 0.081436 0.043500
v 0.084945 0.104477 0.054776
v 0.085051 0.104776 0.043500
v 0.093384 0.154776 0.063014
v 0.093384 0.154776 0.043500
v 0.046104 0.044778 -0.045506
v 0.037127 0.049218 -0.050740
v 0.039742 0.044777 -0.045546
v 0.082632 0.174776 0.099260
v 0.096996 0.169783 0.092506
v 0.099214 0.174777 0.082924
v 0.086403 0.169776 0.102466
v 0.074732 0.169766 0.111260
v 0.106489 0.169777 0.081406
v 0.114700 0.169779 0.069365
v 0.114719 0.174776 0.059862
v 0.121561 0.169790 0.056449
v 0.129087 0.169925 0.036776
v 0.122029 0.174779 0.041999
v 0.069944 0.174776 0.108510
v 0.062199 0.169764 0.118716
v 0.050863 0.174777 0.118824
v 0.048936 0.169763 0.124764
v 0.028903 0.170030 0.130983
v 0.034051 0.174775 0.124436
v 0.057456 0.124776 0.001278
v 0.015129 0.124776 0.000316
v 0.013709 0.124777 -0.006792
v 0.053052 0.124776 0.021485
v 0.054165 0.124776 -0.018583
v 0.046685 0.124776 -0.032775
v 0.036805 0.124776 -0.043725
v 0.006782 0.124777 -0.013728
v 0.020919 0.124775 -0.053319
v 0.003416 0.124776 -0.057040
v -0.001816 0.124776 -0.014999
v -0.011508 0.124776 -0.055921
v -0.009064 0.124777 -0.012247
v -0.029009 0.124775 -0.049383
v -0.043717 0.124776 -0.036812
v -0.013941 0.124776 -0.005587
v -0.054028 0.124775 -0.019160
v 0.013379 0.124777 0.007272
v 0.043238 0.124776 0.037593
v 0.008039 0.124777 0.012860
v 0.028123 0.124776 0.049918
v 0.014226 0.124776 0.055209
v 0.000928 0.124777 0.015153
v -0.000985 0.124776 0.057274
v -0.020539 0.124775 0.053485
v -0.006882 0.124777 0.013533
v -0.037963 0.124776 0.042780
v -0.012669 0.124777 0.008207
v -0.049854 0.124776 0.027934
v -0.054929 0.124776 0.015041
v -0.015136 0.124777 0.000852
v -0.057132 0.124776 0.000312
v -0.034949 0.154776 0.085996
v -0.034947 0.154776 0.121165
v -0.010220 0.154776 0.085000
v -0.036217 0.154776 0.066797
v 0.010321 0.154776 0.085000
v -0.038362 0.154775 0.083679
v -0.041991 0.154776 0.068984
v -0.047566 0.154776 0.084386
v -0.049786 0.154776 0.069294
v -0.056951 0.154776 0.083053
v -0.057570 0.154776 0.066308
v -0.066747 0.154775 0.078303
v -0.032894 0.154776 0.124799
v -0.014535 0.154776 0.128330
v 0.004455 0.154776 0.129029
v 0.021243 0.154776 0.127330
v 0.033007 0.154776 0.124654
v -0.072060 0.154774 0.073923
v -0.063472 0.154776 0.060847
v -0.076600 0.154776 0.068343
v -0.066053 0.154778 0.055474
v -0.068829 0.154777 0.053217
v -0.078076 0.154776 0.053126
v -0.093283 0.154776 0.063014
v -0.078076 0.154776 0.031500
v -0.093283 0.154776 0.043500
v -0.130206 0.154776 0.031500
v -0.087963 0.154776 0.068333
v -0.123202 0.154777 0.043474
v -0.128185 0.154776 0.038908
v 0.035039 0.154776 0.121430
v 0.035051 0.154776 0.085996
v 0.038545 0.154776 0.083550
v 0.036401 0.154776 0.066739
v 0.041460 0.154775 0.068870
v 0.046687 0.154776 0.084518
v 0.047850 0.154776 0.069376
v 0.055514 0.154776 0.083340
v 0.054237 0.154776 0.068045
v 0.062458 0.154776 0.080757
v 0.069336 0.154775 0.076498
v 0.060189 0.154776 0.064366
v 0.075338 0.154776 0.070368
v 0.076747 0.154776 0.068334
v 0.064059 0.154775 0.059875
v 0.066001 0.154779 0.055906
v 0.068673 0.154776 0.053176
v 0.088065 0.154776 0.068333
v 0.078177 0.154776 0.053126
v 0.093384 0.154776 0.043500
v 0.078177 0.154776 0.031500
v 0.122768 0.154776 0.043497
v 0.093384 0.154776 0.063014
v 0.125804 0.154776 0.042272
v 0.128479 0.154811 0.038642
v 0.035400 0.070361 0.062486
v 0.059183 0.124616 0.079308
v 0.022311 0.049190 0.056619
v 0.054981 0.124707 0.081148
v 0.062458 0.154776 0.080757
v 0.069336 0.154775 0.076498
v 0.065073 0.124755 0.075103
v 0.046363 0.076309 0.059233
v 0.043379 0.079421 0.063195
v 0.031932 0.046793 0.053030
v 0.025944 0.048725 0.055920
v 0.037115 0.049220 0.050741
v 0.068636 0.124815 0.071171
v 0.075338 0.154776 0.070368
v 0.052783 0.082380 0.056275
v 0.055514 0.154776 0.083340
v 0.035310 0.044774 0.049935
v 0.039594 0.044776 0.045500
v 0.025731 0.065139 0.062012
v 0.050994 0.124807 0.082294
v 0.044966 0.124750 0.082883
v 0.046687 0.154776 0.084518
v 0.040077 0.124764 0.082467
v 0.038545 0.154776 0.083550
v 0.026559 0.091104 0.069995
v 0.014612 0.048460 0.055521
v 0.008486 0.046858 0.053077
v 0.073120 0.124774 0.063332
v 0.071589 0.124695 0.066603
v 0.076747 0.154776 0.068334
v 0.072786 0.122431 -0.005000
v 0.053331 0.084776 -0.005000
v 0.060344 0.124776 -0.005000
v 0.060359 0.139776 -0.005000
v 0.075677 0.139776 -0.005000
v 0.049800 0.084776 -0.005000
v 0.049830 0.124776 -0.005000
v 0.050063 0.084776 -0.000424
v 0.048511 0.092138 0.004995
v 0.050061 0.124781 0.000863
v 0.049830 0.124776 -0.005000
v 0.049800 0.084776 -0.005000
v -0.130206 0.154776 0.031500
v -0.075576 0.139776 0.031500
v -0.130193 0.139776 0.031500
v -0.078076 0.154776 0.031500
v -0.040012 0.162218 0.020949
v -0.039755 0.174797 0.021007
v -0.042459 0.259782 0.014749
v -0.043012 0.161911 0.013123
v -0.039452 0.259784 0.021536
v -0.044324 0.259780 0.007456
v -0.044688 0.162871 0.006026
v -0.047549 0.157304 0.005990
v -0.036642 0.174847 0.026152
v -0.044604 0.158079 0.030993
v -0.049915 0.158312 0.021001
v -0.032580 0.175059 0.030997
v -0.035362 0.259784 0.027753
v -0.030083 0.259820 0.033366
v -0.028875 0.139776 0.034472
v -0.024727 0.244466 0.037660
v -0.022449 0.139776 0.038971
v -0.016952 0.243681 0.041677
v -0.015340 0.139776 0.042286
v -0.011619 0.243079 0.043461
v -0.055602 0.154793 0.021029
v -0.050765 0.154852 0.031000
v -0.024953 0.259760 0.037397
v -0.007764 0.139776 0.044316
v -0.032568 0.139776 0.031000
v -0.005862 0.243737 0.044615
v 0.000051 0.139776 0.045000
v 0.000041 0.243570 0.045003
v 0.005933 0.243512 0.044616
v 0.007903 0.244768 0.046297
v 0.005933 0.243512 0.044616
v -0.012473 0.244775 0.045244
v -0.016952 0.243681 0.041677
v 0.011714 0.243575 0.043464
v 0.017314 0.243609 0.041559
v 0.025050 0.244754 0.039184
v 0.024484 0.243496 0.037815
v -0.041466 0.081348 0.065323
v -0.053398 0.124773 0.081670
v -0.059581 0.124786 0.079069
v -0.056951 0.154776 0.083053
v -0.066747 0.154775 0.078303
v -0.036245 0.086011 0.068915
v -0.047452 0.124875 0.082812
v -0.047566 0.154776 0.084386
v -0.042892 0.124846 0.082832
v -0.038362 0.154775 0.083679
v -0.017595 0.048984 0.056272
v -0.025155 0.048874 0.056145
v -0.032156 0.059669 0.058797
v -0.034763 0.044858 0.050484
v -0.041420 0.069298 0.058813
v -0.037018 0.049217 0.050740
v -0.039735 0.044778 0.045512
v -0.050753 0.081978 0.058578
v -0.063656 0.124702 0.076200
v -0.067580 0.124835 0.072550
v -0.056772 0.090732 0.057659
v -0.070802 0.125024 0.068010
v -0.072060 0.154774 0.073923
v -0.076600 0.154776 0.068343
v -0.072949 0.124766 0.063331
v -0.053737 0.139776 0.019039
v -0.047916 0.139777 0.031000
v -0.086353 0.139776 0.008880
v -0.084761 0.139776 0.003560
v -0.091640 0.139778 0.015925
v -0.099429 0.139776 0.019861
v -0.130319 0.139776 0.031000
v -0.106738 0.139776 0.020527
v -0.057080 0.139777 0.002908
v -0.113569 0.139777 0.018698
v -0.120428 0.139775 0.013768
v -0.133043 0.139776 0.015556
v -0.124213 0.139776 0.007011
v -0.133949 0.139776 0.000000
v -0.125646 0.139776 -0.000806
v -0.133043 0.139776 -0.015556
v -0.123600 0.139776 -0.008690
v -0.130320 0.139776 -0.031000
v -0.084506 0.139776 -0.002223
v -0.054743 0.139778 -0.016825
v -0.086322 0.139776 -0.008725
v -0.047818 0.139776 -0.031000
v -0.099956 0.139776 -0.019967
v -0.106789 0.139776 -0.020502
v -0.113857 0.139775 -0.018593
v -0.119793 0.139776 -0.014236
v -0.090032 0.139776 -0.014191
v -0.094699 0.139776 -0.017754
v 0.035056 0.128689 0.067680
v 0.010321 0.147590 0.085000
v 0.036401 0.154776 0.066739
v 0.021060 0.128255 0.077481
v 0.010321 0.154776 0.085000
v 0.037440 0.126139 0.066049
v 0.023624 0.115330 0.067400
v 0.024188 0.102354 0.057568
v 0.014852 0.093975 0.059793
v 0.013607 0.084763 0.053508
v 0.018667 0.084780 0.048925
v 0.005053 0.074723 0.054772
v 0.005053 0.078958 0.058316
v 0.013281 0.103221 0.067745
v 0.025765 0.099839 0.055512
v 0.037440 0.126139 0.066049
v 0.022999 0.084783 0.050012
v 0.024403 0.075778 0.049307
v 0.042154 0.127295 0.067802
v 0.041460 0.154775 0.068870
v 0.036401 0.154776 0.066739
v 0.026819 0.071126 0.048061
v 0.018667 0.084780 0.048925
v 0.046665 0.128140 0.067998
v 0.047850 0.154776 0.069376
v 0.054237 0.154776 0.068045
v 0.052129 0.128703 0.066486
v 0.029313 0.069222 0.046626
v 0.056537 0.129257 0.063137
v 0.032353 0.068810 0.044564
v 0.060189 0.154776 0.064366
v 0.064059 0.154775 0.059875
v 0.059669 0.129369 0.057954
v 0.045662 0.096447 0.049129
v 0.061043 0.129678 0.051241
v 0.066001 0.154779 0.055906
v 0.034721 0.069718 0.042637
v 0.037559 0.071907 0.040223
v 0.064131 0.129561 0.048953
v 0.068673 0.154776 0.053176
v 0.066001 0.154779 0.055906
v 0.038989 0.069072 0.038850
v 0.044917 0.059776 0.037293
v 0.070642 0.109567 0.045592
v 0.068673 0.154776 0.053176
v 0.078177 0.154776 0.053126
v 0.040720 0.059757 0.037203
v 0.017490 0.119777 0.023208
v 0.018691 0.019776 0.022215
v 0.021153 0.089777 0.019976
v 0.014551 0.019776 0.025115
v 0.021169 0.104776 0.019991
v 0.023562 0.119777 0.017185
v 0.026629 0.104774 0.011987
v 0.028217 0.119782 0.007631
v 0.029008 0.104775 0.002611
v 0.029055 0.119777 -0.002100
v 0.028610 0.104776 -0.005036
v 0.027155 0.119777 -0.010740
v 0.026308 0.104777 -0.012616
v 0.022714 0.119777 -0.018173
v 0.021165 0.104776 -0.019991
v 0.017532 0.119777 -0.023186
v 0.021185 0.089777 -0.019957
v 0.018691 0.019776 -0.022215
v 0.014551 0.019776 -0.025115
v 0.011787 0.119777 -0.026575
v 0.009969 0.019776 -0.027251
v 0.005126 0.119776 -0.028633
v 0.005086 0.019776 -0.028559
v 0.000051 0.019776 -0.029000
v -0.000796 0.119776 -0.029026
v -0.004985 0.019776 -0.028559
v 0.022266 0.019776 -0.018641
v 0.025165 0.019776 -0.014500
v 0.025165 0.089776 -0.014500
v 0.027302 0.019776 -0.009919
v 0.027302 0.089776 -0.009919
v 0.028610 0.019776 -0.005036
v 0.028610 0.089776 -0.005036
v 0.029051 0.019776 0.000000
v 0.029051 0.089776 0.000000
v 0.028610 0.019776 0.005036
v 0.028610 0.089776 0.005036
v 0.027302 0.019776 0.009919
v 0.027302 0.089776 0.009919
v 0.025165 0.019776 0.014500
v 0.025165 0.089776 0.014500
v 0.022266 0.019776 0.018641
v -0.028509 0.019776 0.005036
v -0.027200 0.089776 0.009919
v -0.028509 0.089776 0.005036
v -0.027200 0.019776 0.009919
v -0.025064 0.089776 0.014500
v -0.025064 0.019776 0.014500
v -0.021118 0.089777 0.019919
v -0.022165 0.019776 0.018641
v -0.028949 0.019776 0.000000
v -0.028949 0.089776 0.000000
v -0.028509 0.019776 -0.005036
v -0.028509 0.089776 -0.005036
v -0.027200 0.019776 -0.009919
v -0.027200 0.089776 -0.009919
v -0.025064 0.019776 -0.014500
v -0.025064 0.089776 -0.014500
v -0.022165 0.019776 -0.018641
v -0.021073 0.089777 -0.019953
v -0.018590 0.019776 -0.022215
v -0.016260 0.119779 -0.024047
v -0.014449 0.019776 -0.025115
v -0.021070 0.104776 -0.019994
v -0.022893 0.119777 -0.017878
v -0.025064 0.104776 -0.014500
v -0.010039 0.119776 -0.027252
v -0.027771 0.119775 -0.008900
v -0.009868 0.019776 -0.027251
v -0.004999 0.119776 -0.028556
v -0.028137 0.104776 -0.007224
v -0.029076 0.119776 0.001052
v -0.028947 0.104768 0.003241
v -0.027006 0.119777 0.010875
v -0.026199 0.104780 0.012644
v -0.022403 0.119776 0.018430
v -0.021054 0.104776 0.019996
v -0.017340 0.119777 0.023261
v -0.018590 0.019776 0.022215
v -0.014449 0.019776 0.025115
v -0.011249 0.119777 0.026794
v -0.009868 0.019776 0.027251
v -0.004985 0.019776 0.028559
v -0.006410 0.119776 0.028272
v -0.001021 0.119776 0.029039
v 0.000051 0.019776 0.029000
v 0.005086 0.019776 0.028559
v 0.003854 0.119776 0.028750
v 0.009023 0.119776 0.027638
v 0.009969 0.019776 0.027251
v 0.013526 0.119776 0.025681
v -0.080964 0.154776 0.018047
v -0.077003 0.154776 0.030985
v -0.055602 0.154793 0.021029
v -0.050765 0.154852 0.031000
v -0.082728 0.154776 0.006059
v -0.053335 0.154796 0.006005
v -0.049170 0.154838 0.021000
v -0.059736 0.154800 0.005983
v -0.058919 0.154838 -0.005968
v -0.082728 0.154776 -0.006059
v -0.054318 0.157477 0.005999
v -0.053960 0.158534 -0.000035
v -0.044566 0.174864 0.005995
v -0.044958 0.174888 0.000005
v -0.044324 0.259780 0.007456
v -0.044688 0.162871 0.006026
v -0.044568 0.174852 -0.005996
v -0.044282 0.259791 -0.007631
v -0.044949 0.259776 0.000000
v -0.044706 0.162464 -0.006022
v -0.047642 0.156452 0.012520
v -0.043859 0.156880 0.020990
v -0.053764 0.158267 -0.006000
v -0.048486 0.154818 -0.020996
v -0.053520 0.154796 -0.006021
v -0.056111 0.154798 -0.020990
v -0.080964 0.154776 -0.018047
v -0.076987 0.154776 -0.030995
v -0.050392 0.154862 -0.030999
v -0.045505 0.157065 -0.015872
v -0.047992 0.157136 -0.006007
v -0.042202 0.158235 -0.021003
v -0.043859 0.156880 0.020990
v -0.040012 0.162218 0.020949
v 0.037765 0.047778 -0.024546
v 0.041271 0.047783 -0.018029
v 0.039869 0.074773 -0.021064
v 0.039940 0.084776 -0.020997
v 0.034364 0.074776 -0.029184
v 0.043637 0.084776 -0.011742
v 0.033284 0.047777 -0.030340
v 0.028605 0.074775 -0.034895
v 0.043627 0.047779 -0.011219
v 0.045059 0.047809 -0.002526
v 0.044879 0.084776 -0.003940
v 0.027923 0.047777 -0.035328
v 0.021832 0.047778 -0.039375
v 0.020996 0.074779 -0.039939
v 0.015164 0.047779 -0.042383
v 0.011985 0.074777 -0.043442
v 0.004763 0.047784 -0.044933
v 0.004580 0.074776 -0.044804
v 0.045035 0.084763 0.002082
v 0.044726 0.047779 0.005358
v 0.044342 0.084749 0.008088
v 0.048511 0.092138 0.004995
v 0.042333 0.084763 0.015569
v 0.039850 0.084776 0.021000
v 0.039998 0.047781 0.020993
v 0.043497 0.047779 0.011712
v -0.014168 0.074777 -0.042733
v -0.019934 0.047750 -0.040505
v -0.010008 0.047779 -0.043859
v -0.004607 0.074777 -0.044903
v -0.019949 0.074776 -0.040338
v -0.004510 0.047790 -0.044765
v 0.070788 0.124983 -0.068132
v 0.056876 0.090739 -0.057661
v 0.050293 0.081202 -0.058664
v 0.037127 0.049218 -0.050740
v 0.034986 0.044777 -0.050009
v 0.039742 0.044777 -0.045546
v 0.040141 0.067687 -0.058839
v 0.062846 0.124851 -0.077062
v 0.057119 0.124664 -0.080289
v 0.062017 0.154776 -0.080963
v 0.067582 0.154775 -0.077710
v 0.067599 0.124848 -0.072659
v 0.029000 0.048037 -0.054885
v 0.072241 0.154774 -0.073847
v 0.076714 0.154776 -0.068334
v 0.073051 0.124766 -0.063331
v 0.052606 0.124748 -0.081879
v 0.036983 0.076897 -0.064978
v 0.046494 0.124893 -0.082961
v 0.022078 0.048998 -0.056297
v 0.056490 0.154776 -0.083073
v 0.046944 0.154775 -0.084527
v 0.040015 0.124812 -0.082492
v 0.016421 0.048773 -0.055971
v 0.016829 0.067142 -0.060786
v 0.038591 0.154776 -0.083516
v 0.010910 0.047463 -0.054023
v 0.009816 0.050677 -0.054126
v -0.012024 0.064098 -0.064350
v -0.008179 0.046762 -0.053084
v -0.026542 0.091357 -0.070103
v -0.006831 0.054776 -0.064998
v -0.021644 0.092040 -0.075060
v -0.039975 0.124764 -0.082468
v -0.012833 0.076415 -0.073414
v -0.021338 0.107486 -0.085498
v -0.033260 0.124767 -0.087175
v -0.029949 0.139776 -0.089497
v -0.017726 0.139776 -0.098056
v -0.026058 0.124774 -0.092221
v -0.034949 0.144776 -0.085996
v -0.038490 0.154776 -0.083516
v -0.034949 0.154776 -0.085996
v -0.020959 0.128255 -0.077481
v -0.012882 0.102449 -0.067444
v -0.010220 0.147590 -0.085000
v -0.004949 0.139776 -0.081961
v 0.005051 0.139776 -0.081961
v 0.010321 0.147590 -0.085000
v 0.021060 0.128255 -0.077481
v 0.013044 0.102253 -0.067367
v -0.010220 0.154776 -0.085000
v 0.010321 0.154776 -0.085000
v 0.005051 0.078573 -0.058161
v -0.004950 0.078709 -0.058213
v 0.021060 0.128255 -0.077481
v 0.023395 0.115685 -0.067678
v 0.035184 0.128614 -0.067591
v 0.013044 0.102253 -0.067367
v 0.036368 0.154776 -0.066762
v 0.010321 0.147590 -0.085000
v 0.026523 0.106979 -0.059103
v 0.010321 0.154776 -0.085000
v 0.037495 0.125973 -0.066133
v 0.020942 0.084788 -0.049232
v 0.037495 0.125973 -0.066133
v 0.023048 0.084776 -0.049967
v 0.024510 0.075233 -0.049259
v 0.042879 0.127412 -0.067881
v 0.041613 0.154776 -0.068866
v 0.036368 0.154776 -0.066762
v 0.047428 0.154776 -0.069396
v 0.046267 0.128081 -0.068003
v 0.053692 0.154776 -0.068280
v 0.049986 0.128506 -0.067282
v 0.026927 0.070790 -0.047993
v 0.054972 0.129297 -0.064761
v 0.059633 0.154776 -0.064822
v 0.029901 0.068999 -0.046249
v 0.040561 0.090439 -0.051345
v 0.058446 0.129608 -0.060677
v 0.064034 0.154775 -0.059988
v 0.034121 0.068951 -0.043139
v 0.044968 0.094901 -0.048860
v 0.060997 0.129832 -0.051560
v 0.059993 0.129169 -0.056387
v 0.066165 0.154778 -0.055457
v 0.037283 0.071799 -0.040499
v 0.062839 0.129871 -0.049612
v 0.066165 0.154778 -0.055457
v 0.068899 0.154777 -0.053217
v 0.038838 0.069654 -0.039002
v 0.064956 0.129443 -0.048906
v 0.040534 0.059781 -0.037286
v 0.070642 0.109567 -0.045592
v 0.078177 0.154776 -0.053126
v 0.044917 0.059776 -0.037293
v -0.042195 0.084776 -0.035218
v -0.039749 0.084776 -0.021000
v -0.035843 0.084776 -0.041673
v -0.047401 0.084776 -0.027809
v -0.053222 0.084769 -0.014955
v -0.053230 0.084776 -0.005000
v -0.028519 0.084776 -0.046998
v -0.022904 0.084778 -0.050000
v -0.020242 0.084794 -0.049266
v -0.017495 0.084779 -0.049548
v -0.004939 0.084776 -0.049896
v -0.013506 0.084763 -0.053508
v -0.016133 0.084776 -0.030076
v -0.004071 0.084778 -0.034071
v 0.005050 0.084776 -0.049780
v 0.009544 0.084777 -0.032911
v -0.004949 0.084776 -0.054786
v 0.020103 0.084776 -0.027637
v 0.039940 0.084776 -0.020997
v 0.017883 0.084779 -0.049348
v 0.026790 0.084776 -0.021000
v 0.013810 0.084773 -0.053382
v 0.005051 0.084776 -0.054772
v 0.020942 0.084788 -0.049232
v 0.023048 0.084776 -0.049967
v 0.028620 0.084776 -0.046998
v 0.035944 0.084776 -0.041673
v 0.042296 0.084776 -0.035218
v 0.047502 0.084776 -0.027809
v 0.053319 0.084771 -0.014968
v 0.043637 0.084776 -0.011742
v 0.049800 0.084776 -0.005000
v 0.044879 0.084776 -0.003940
v 0.050063 0.084776 -0.000424
v 0.053331 0.084776 -0.005000
v 0.045035 0.084763 0.002082
v 0.045051 0.259776 0.000000
v 0.044383 0.259791 0.007631
v 0.045059 0.174891 -0.000007
v 0.044668 0.174857 0.005996
v 0.044791 0.163093 0.006023
v 0.054063 0.158532 0.000026
v 0.044667 0.174863 -0.005996
v 0.044425 0.259780 -0.007456
v 0.044810 0.162479 -0.006027
v 0.054422 0.157472 -0.005999
v 0.053867 0.158264 0.006000
v 0.034364 0.074776 -0.029184
v 0.039869 0.074773 -0.021064
v 0.011985 0.074777 -0.043442
v 0.004580 0.074776 -0.044804
v 0.001610 0.074265 -0.041962
v 0.020392 0.074772 -0.027609
v 0.026790 0.074776 -0.021000
v 0.008530 0.074777 -0.033267
v -0.002292 0.074777 -0.034021
v -0.002494 0.074777 -0.042596
v -0.012074 0.074772 -0.031895
v -0.019949 0.074776 -0.027495
v -0.004607 0.074777 -0.044903
v -0.014168 0.074777 -0.042733
v 0.028605 0.074775 -0.034895
v 0.020996 0.074779 -0.039939
v -0.019949 0.074776 -0.040338
v -0.006741 -0.010216 0.016547
v -0.007118 -0.010225 0.044422
v -0.016158 -0.010225 0.042146
v -0.004463 -0.010148 0.015310
v -0.005084 -0.010195 0.009918
v 0.000387 -0.010224 0.005181
v -0.005151 -0.010224 0.000314
v 0.009932 -0.010196 0.005123
v 0.025558 -0.010167 0.023786
v -0.023661 -0.010168 0.025431
v 0.015385 -0.010175 0.004517
v 0.005268 -0.010224 -0.000327
v 0.005177 -0.010201 -0.009886
v 0.023836 -0.010166 -0.025508
v -0.000274 -0.010224 -0.005224
v -0.009837 -0.010197 -0.005127
v -0.025458 -0.010166 -0.023786
v -0.015258 -0.010149 -0.004512
v 0.004566 -0.010149 -0.015337
v 0.006843 -0.010216 -0.016552
v 0.007222 -0.010224 -0.044420
v 0.019746 -0.010223 -0.040850
v 0.030574 -0.010253 -0.032742
v 0.016601 -0.010215 0.006794
v 0.044446 -0.010224 0.007274
v 0.040889 -0.010222 0.019471
v 0.032854 -0.010249 0.030666
v -0.016469 -0.010215 -0.006784
v -0.044362 -0.010224 -0.007277
v -0.040781 -0.010225 -0.019330
v -0.032889 -0.010244 -0.030600
v -0.039523 -0.009957 -0.006311
v 0.006368 -0.009967 -0.039592
v 0.023844 -0.010224 0.038428
v 0.006039 -0.010216 0.015021
v 0.010059 -0.010225 0.044097
v 0.000078 -0.010212 0.017981
v -0.000752 -0.010224 0.045057
v 0.002518 -0.010003 0.007465
v -0.006262 -0.009970 0.039565
v -0.017923 -0.010212 0.000031
v -0.044840 -0.010225 0.005109
v -0.015004 -0.010217 0.006002
v -0.041747 -0.010224 0.016805
v -0.007424 -0.010001 0.002472
v -0.036845 -0.010226 0.025931
v -0.030461 -0.010254 0.032730
v -0.024872 -0.010226 0.037550
v 0.002518 -0.010003 0.007465
v -0.007424 -0.010001 0.002472
v -0.023298 0.084776 -0.024776
v -0.019949 0.047778 -0.027484
v -0.019949 0.074776 -0.027495
v -0.023630 0.047762 -0.024405
v -0.016133 0.084776 -0.030076
v -0.012074 0.074772 -0.031895
v -0.004071 0.084778 -0.034071
v -0.002292 0.074777 -0.034021
v 0.008530 0.074777 -0.033267
v 0.009544 0.084777 -0.032911
v 0.020392 0.074772 -0.027609
v 0.020103 0.084776 -0.027637
v 0.026790 0.084776 -0.021000
v 0.026790 0.074776 -0.021000
v -0.026689 0.084776 -0.021000
v -0.026689 0.047776 -0.021000
v -0.041570 0.047771 0.017115
v -0.039763 0.074776 0.021042
v -0.038105 0.047781 0.023849
v -0.039829 0.084776 0.020995
v -0.033951 0.074776 0.029608
v -0.043676 0.084777 0.011226
v -0.043889 0.047776 0.009712
v -0.044900 0.047777 0.002095
v -0.044782 0.084776 0.003830
v -0.033483 0.047776 0.030008
v -0.027894 0.047777 0.035271
v -0.028140 0.074775 0.035170
v -0.021493 0.047776 0.039508
v -0.016411 0.074767 0.042181
v -0.014461 0.047778 0.042594
v -0.004583 0.047828 0.044908
v -0.004478 0.074776 0.044801
v -0.044910 0.084756 -0.002094
v -0.044606 0.047766 -0.005559
v -0.044281 0.084758 -0.007900
v -0.048410 0.092138 -0.004995
v -0.043007 0.047776 -0.013078
v -0.042441 0.084712 -0.014868
v -0.039834 0.047775 -0.020998
v -0.039749 0.084776 -0.021000
v 0.013709 0.124777 -0.006792
v 0.015129 0.124776 0.000316
v 0.020192 0.119777 -0.000064
v 0.017613 0.119791 -0.010434
v 0.006782 0.124777 -0.013728
v 0.007935 0.119787 -0.018935
v -0.001816 0.124776 -0.014999
v -0.003221 0.119778 -0.019920
v -0.009064 0.124777 -0.012247
v -0.013704 0.119786 -0.015170
v -0.013941 0.124776 -0.005587
v -0.019777 0.119776 -0.004209
v -0.015136 0.124777 0.000852
v -0.019107 0.119774 0.006231
v -0.012669 0.124777 0.008207
v -0.014050 0.119773 0.014487
v -0.006882 0.124777 0.013533
v -0.004495 0.119772 0.019778
v 0.000928 0.124777 0.015153
v 0.006419 0.119773 0.019166
v 0.008039 0.124777 0.012860
v 0.014674 0.119774 0.013884
v 0.013379 0.124777 0.007272
v 0.018979 0.119777 0.006745
v -0.130319 0.139776 0.031000
v -0.047916 0.139777 0.031000
v -0.130314 0.154776 0.031000
v -0.077003 0.154776 0.030985
v -0.050765 0.154852 0.031000
v -0.032568 0.139776 0.031000
v -0.044604 0.158079 0.030993
v -0.032580 0.175059 0.030997
v 0.117562 0.159776 -0.064398
v 0.124240 0.159784 -0.050369
v 0.113177 0.154776 -0.061995
v 0.121630 0.154812 -0.044442
v 0.127900 0.159771 -0.040191
v 0.105497 0.154776 -0.074311
v 0.109548 0.159757 -0.077210
v 0.100172 0.159757 -0.089034
v 0.090693 0.154776 -0.092047
v 0.089530 0.159759 -0.099726
v 0.077758 0.159761 -0.109151
v 0.074917 0.154776 -0.105052
v 0.065008 0.159764 -0.117191
v 0.054113 0.154776 -0.117374
v 0.051441 0.159767 -0.123745
v 0.037229 0.159770 -0.128734
v 0.026747 0.154773 -0.126428
v 0.022552 0.159771 -0.132092
v 0.007585 0.159776 -0.133788
v 0.000051 0.154775 -0.129117
v -0.007488 0.159776 -0.133788
v -0.021630 0.154776 -0.127165
v -0.093245 0.189776 0.030000
v -0.102871 0.231745 0.030000
v -0.123991 0.206880 0.030000
v -0.124014 0.189776 0.030000
v -0.093245 0.231776 0.030000
v -0.042366 0.174776 0.099368
v -0.033952 0.186861 0.102728
v -0.051412 0.186786 0.094941
v -0.033949 0.174776 0.102508
v -0.053313 0.174776 0.093981
v -0.062775 0.186780 0.087842
v -0.064756 0.174776 0.086510
v -0.073172 0.186778 0.079387
v -0.075086 0.174776 0.077662
v -0.082437 0.186780 0.069707
v -0.084062 0.174776 0.067885
v -0.090431 0.186784 0.058955
v -0.091875 0.174776 0.056803
v -0.099770 0.186797 0.042004
v -0.099618 0.174776 0.042012
v 0.073408 0.174777 -0.079500
v 0.084529 0.174776 -0.067394
v 0.094486 0.174776 -0.087994
v 0.083287 0.174777 -0.098713
v 0.057590 0.174776 -0.091591
v 0.108349 0.174777 -0.070548
v 0.091977 0.174776 -0.056801
v 0.099719 0.174777 -0.042012
v 0.117790 0.174777 -0.052928
v 0.070837 0.174777 -0.107937
v 0.051318 0.174777 -0.118647
v 0.042468 0.174776 -0.099367
v 0.034050 0.174776 -0.102508
v 0.034050 0.174778 -0.124447
v 0.122019 0.174775 -0.042000
v 0.056432 0.136776 -0.020521
v 0.057924 0.127776 -0.015832
v 0.054340 0.127776 -0.025547
v 0.052012 0.136776 -0.030000
v 0.059139 0.136776 -0.010419
v 0.060136 0.127744 -0.002829
v 0.060051 0.136776 0.000000
v 0.059201 0.136783 0.010021
v 0.059688 0.127776 0.006584
v 0.049140 0.127776 -0.034500
v 0.046013 0.136776 -0.038567
v 0.042477 0.127776 -0.042426
v 0.038618 0.136776 -0.045963
v 0.034551 0.127776 -0.049089
v 0.030051 0.136776 -0.051962
v 0.025597 0.127776 -0.054290
v 0.020572 0.136776 -0.056382
v 0.015883 0.127776 -0.057873
v 0.010469 0.136776 -0.059088
v 0.003615 0.127733 -0.059988
v 0.000051 0.136776 -0.060000
v -0.006533 0.127776 -0.059638
v -0.009987 0.136782 -0.059150
v -0.016689 0.127776 -0.057618
v -0.019741 0.136786 -0.056634
v -0.026346 0.127776 -0.053882
v -0.028937 0.136788 -0.052522
v -0.035217 0.127776 -0.048541
v -0.037316 0.136790 -0.046929
v -0.043037 0.127776 -0.041755
v -0.044637 0.136786 -0.040020
v -0.049574 0.127776 -0.033725
v -0.050708 0.136789 -0.031970
v -0.054634 0.127776 -0.024691
v -0.055349 0.136790 -0.023010
v -0.058064 0.127776 -0.014921
v -0.058422 0.136789 -0.013400
v -0.059772 0.127756 -0.004617
v -0.059842 0.136786 -0.003410
v -0.059683 0.127776 0.005646
v -0.059569 0.136784 0.006674
v -0.057823 0.127775 0.015833
v -0.057608 0.136783 0.016573
v -0.054224 0.127782 0.025587
v -0.054040 0.136765 0.025954
v -0.049031 0.127779 0.034513
v -0.048883 0.136776 0.034720
v -0.042392 0.136773 0.042413
v -0.042376 0.127776 0.042426
v -0.034465 0.127779 0.049081
v -0.034658 0.136778 0.048940
v -0.025549 0.127783 0.054272
v -0.025948 0.136782 0.054070
v -0.015881 0.127786 0.057857
v -0.016509 0.136784 0.057663
v -0.005758 0.127792 0.059732
v -0.006606 0.136786 0.059621
v 0.004594 0.127816 0.059846
v 0.003479 0.136788 0.059892
v 0.014736 0.127796 0.058196
v 0.013464 0.136789 0.058471
v 0.024468 0.127794 0.054831
v 0.023069 0.136788 0.055398
v 0.033489 0.127796 0.049848
v 0.032018 0.136787 0.050762
v 0.041517 0.127792 0.043403
v 0.040031 0.136776 0.044739
v 0.046980 0.136790 0.037367
v 0.048592 0.127776 0.035267
v 0.052559 0.136795 0.029010
v 0.053932 0.127776 0.026396
v 0.056684 0.136785 0.019791
v 0.057668 0.127776 0.016740
v -0.041523 -0.005240 -0.027745
v -0.046077 -0.005311 -0.019492
v -0.040590 0.014780 -0.029423
v -0.046639 0.014775 -0.018331
v -0.048988 -0.005237 -0.009686
v -0.049120 0.014776 -0.009068
v -0.035438 -0.005276 -0.035295
v -0.032423 0.014779 -0.038086
v -0.027700 -0.005218 -0.041568
v -0.023519 0.014796 -0.044221
v -0.049992 -0.005249 -0.001589
v -0.050071 0.014790 0.000376
v -0.049073 -0.005230 0.009874
v -0.048626 0.014759 0.011460
v -0.045616 -0.005245 0.020566
v -0.045583 0.014741 0.020711
v -0.041286 -0.005221 0.028126
v -0.020523 -0.005237 -0.045638
v -0.014772 0.014779 -0.047749
v -0.009773 -0.005257 -0.049127
v -0.041910 0.014764 0.027207
v -0.035662 -0.005212 0.035141
v -0.035456 0.014756 0.035483
v -0.027626 -0.005256 0.041622
v -0.025442 0.014763 0.043146
v -0.018738 -0.005243 0.046430
v -0.012933 0.014766 0.048452
v -0.009867 -0.005227 0.049007
v -0.001808 -0.005259 0.050036
v -0.001377 0.014728 0.050080
v 0.006170 -0.005231 0.049617
v 0.010182 0.014790 0.049084
v -0.007574 0.014754 -0.049485
v 0.001854 -0.005223 -0.050081
v 0.000444 0.014806 -0.050022
v 0.009641 0.014779 -0.049071
v 0.010042 -0.005236 -0.048991
v 0.018952 -0.005179 -0.046430
v 0.017773 0.014776 -0.046754
v 0.025205 0.014745 -0.043242
v 0.030373 -0.005220 -0.039864
v 0.032287 0.014776 -0.038220
v 0.037455 -0.005186 -0.033224
v 0.038259 0.014767 -0.032251
v 0.043029 0.014747 -0.025588
v 0.041024 -0.005132 -0.028772
v 0.046697 0.014765 -0.018332
v 0.045500 -0.005193 -0.021074
v 0.049163 -0.005227 -0.009974
v 0.049515 0.014784 -0.007720
v 0.050102 -0.005250 0.001484
v 0.050073 0.014771 -0.000732
v 0.049560 0.014790 0.007254
v 0.049102 -0.005242 0.009604
v 0.047571 0.014787 0.015746
v 0.046300 -0.005291 0.019118
v 0.043286 0.014818 0.025297
v 0.040281 -0.005225 0.029835
v 0.037728 0.014753 0.032906
v 0.031017 -0.005154 0.039513
v 0.030402 0.014821 0.039846
v 0.021029 0.014712 0.045502
v 0.021018 -0.005270 0.045460
v 0.013307 -0.005224 0.048211
v 0.014269 0.074777 0.042733
v 0.004698 0.074777 0.044905
v 0.020051 0.074776 0.027496
v 0.003353 0.074776 0.043145
v 0.012175 0.074772 0.031895
v 0.002394 0.074777 0.034021
v 0.000749 0.074404 0.041945
v -0.004727 0.074777 0.033728
v -0.002552 0.074780 0.042632
v -0.014321 0.074764 0.031116
v -0.027128 0.074776 0.021259
v -0.039763 0.074776 0.021042
v -0.004478 0.074776 0.044801
v -0.033951 0.074776 0.029608
v -0.028140 0.074775 0.035170
v -0.016411 0.074767 0.042181
v -0.039829 0.084776 0.020995
v -0.018638 0.084780 0.049000
v -0.004949 0.084776 0.049779
v -0.020086 0.084782 0.027450
v -0.011667 0.084776 0.032003
v -0.022959 0.084775 0.049969
v -0.013709 0.084773 0.053381
v -0.004949 0.084776 0.054772
v -0.026689 0.084776 0.021000
v -0.028818 0.084776 0.046792
v -0.036539 0.084775 0.041171
v -0.042393 0.084776 0.034940
v -0.047011 0.084776 0.028584
v -0.053212 0.084767 0.015196
v -0.043676 0.084777 0.011226
v -0.049699 0.084776 0.005000
v -0.044782 0.084776 0.003830
v -0.053230 0.084776 0.005000
v -0.049962 0.084776 0.000424
v -0.044910 0.084756 -0.002094
v -0.004980 0.084776 0.033682
v 0.004804 0.084778 0.033925
v 0.005040 0.084776 0.049897
v 0.016234 0.084776 0.030076
v 0.039850 0.084776 0.021000
v 0.023399 0.084776 0.024776
v 0.018667 0.084780 0.048925
v 0.022999 0.084783 0.050012
v 0.013607 0.084763 0.053508
v 0.005051 0.084776 0.054786
v 0.026790 0.084776 0.021000
v 0.028572 0.084776 0.046997
v 0.035587 0.084775 0.042121
v 0.042552 0.084777 0.034921
v 0.047159 0.084777 0.028427
v 0.053319 0.084765 0.015125
v 0.053331 0.084776 0.005000
v -0.084903 0.104608 0.054747
v -0.093283 0.154776 0.063014
v -0.093283 0.154776 0.043500
v -0.084949 0.104776 0.043500
v -0.072890 0.081436 0.043500
v -0.056241 0.049215 0.045689
v -0.069504 0.074883 0.038500
v -0.069504 0.074883 0.007000
v -0.056245 0.049218 0.007000
v 0.056876 0.090739 -0.057661
v 0.050737 0.049212 -0.050736
v 0.037127 0.049218 -0.050740
v 0.079870 0.105612 -0.060139
v 0.073051 0.124766 -0.063331
v 0.088065 0.154776 -0.068333
v 0.076714 0.154776 -0.068334
v -0.025455 0.262769 0.023860
v -0.024815 0.260776 0.023188
v -0.013249 0.260776 0.005600
v -0.012121 0.262762 0.003661
v -0.006471 0.186779 -0.118821
v -0.019461 0.186724 -0.117413
v -0.006470 0.159769 -0.118821
v -0.018834 0.159741 -0.117503
v 0.006575 0.159770 -0.118821
v 0.006575 0.186780 -0.118821
v 0.019017 0.159783 -0.117512
v 0.019609 0.186780 -0.117363
v -0.021593 0.184779 -0.132241
v -0.006916 0.189776 -0.128812
v -0.007197 0.184776 -0.133804
v -0.030836 0.189785 -0.125559
v 0.007287 0.184776 -0.133804
v 0.013472 0.189777 -0.128404
v 0.021737 0.184776 -0.132236
v 0.028895 0.184760 -0.130858
v 0.031051 0.189776 -0.125220
v -0.028792 0.184757 -0.130859
v 0.042106 0.019779 -0.016746
v 0.028610 0.019776 -0.005036
v 0.045288 0.019778 -0.001072
v 0.029051 0.019776 0.000000
v 0.028610 0.019776 0.005036
v 0.043267 0.019776 0.012992
v 0.027302 0.019776 0.009919
v 0.027302 0.019776 -0.009919
v 0.025165 0.019776 -0.014500
v 0.034727 0.019776 -0.028840
v 0.022266 0.019776 -0.018641
v 0.025165 0.019776 0.014500
v 0.038151 0.019777 0.024368
v 0.022266 0.019776 0.018641
v 0.030011 0.019777 0.033707
v 0.018691 0.019776 0.022215
v 0.018573 0.019777 0.041311
v 0.014551 0.019776 0.025115
v 0.009969 0.019776 0.027251
v 0.005086 0.019776 0.028559
v 0.004632 0.019777 0.044913
v 0.000051 0.019776 0.029000
v 0.018691 0.019776 -0.022215
v 0.026515 0.019777 -0.036513
v 0.014551 0.019776 -0.025115
v 0.012530 0.019780 -0.043650
v 0.009969 0.019776 -0.027251
v 0.005086 0.019776 -0.028559
v 0.000051 0.019776 -0.029000
v -0.005072 0.019777 -0.044989
v -0.004985 0.019776 -0.028559
v -0.009868 0.019776 -0.027251
v -0.019035 0.019776 -0.040907
v -0.014449 0.019776 -0.025115
v -0.027601 0.019776 -0.035567
v -0.018590 0.019776 -0.022215
v -0.036526 0.019777 -0.026691
v -0.022165 0.019776 -0.018641
v -0.025064 0.019776 -0.014500
v -0.042628 0.019776 -0.014545
v -0.027200 0.019776 -0.009919
v -0.028509 0.019776 -0.005036
v -0.045073 0.019776 -0.002576
v -0.028949 0.019776 0.000000
v -0.043609 0.019778 0.011953
v -0.028509 0.019776 0.005036
v -0.027200 0.019776 0.009919
v -0.025064 0.019776 0.014500
v -0.037975 0.019776 0.024208
v -0.022165 0.019776 0.018641
v -0.029315 0.019778 0.034409
v -0.018590 0.019776 0.022215
v -0.014449 0.019776 0.025115
v -0.016588 0.019777 0.042023
v -0.009868 0.019776 0.027251
v -0.004985 0.019776 0.028559
v -0.005917 0.019776 0.044657
v 0.108432 0.237733 0.023157
v 0.124093 0.206894 0.030000
v 0.130874 0.211356 0.022954
v 0.102991 0.231738 0.030000
v 0.103618 0.239756 0.022095
v 0.095549 0.239776 0.022000
v 0.093339 0.231774 0.030002
v 0.131985 0.207090 0.023398
v 0.125863 0.189792 0.028536
v 0.131992 0.184776 0.023397
v 0.124115 0.189776 0.030000
v 0.093384 0.154776 -0.043500
v 0.085051 0.104776 -0.043500
v 0.093384 0.154776 -0.063014
v 0.084942 0.104476 -0.054776
v 0.072991 0.081436 -0.043500
v 0.056342 0.049215 -0.045689
v 0.069606 0.074883 -0.038500
v 0.069606 0.074883 -0.007000
v 0.055892 0.048773 -0.006142
v -0.056772 0.090732 0.057659
v -0.079769 0.105612 0.060139
v -0.050637 0.049211 0.050736
v -0.037018 0.049217 0.050740
v -0.072949 0.124766 0.063331
v -0.087963 0.154776 0.068333
v -0.076600 0.154776 0.068343
v 0.043238 0.124776 0.037593
v 0.033489 0.127796 0.049848
v 0.028123 0.124776 0.049918
v 0.024468 0.127794 0.054831
v 0.041517 0.127792 0.043403
v 0.048592 0.127776 0.035267
v 0.053052 0.124776 0.021485
v 0.014736 0.127796 0.058196
v 0.014226 0.124776 0.055209
v 0.004594 0.127816 0.059846
v -0.000985 0.124776 0.057274
v -0.005758 0.127792 0.059732
v -0.015881 0.127786 0.057857
v -0.020539 0.124775 0.053485
v -0.025549 0.127783 0.054272
v 0.053932 0.127776 0.026396
v 0.057668 0.127776 0.016740
v 0.057456 0.124776 0.001278
v -0.034465 0.127779 0.049081
v -0.037963 0.124776 0.042780
v -0.042376 0.127776 0.042426
v -0.049031 0.127779 0.034513
v -0.049854 0.124776 0.027934
v -0.054224 0.127782 0.025587
v -0.057823 0.127775 0.015833
v -0.054929 0.124776 0.015041
v -0.059683 0.127776 0.005646
v -0.057132 0.124776 0.000312
v -0.059772 0.127756 -0.004617
v -0.054028 0.124775 -0.019160
v -0.058064 0.127776 -0.014921
v -0.054634 0.127776 -0.024691
v -0.049574 0.127776 -0.033725
v -0.043717 0.124776 -0.036812
v -0.043037 0.127776 -0.041755
v -0.035217 0.127776 -0.048541
v -0.029009 0.124775 -0.049383
v -0.026346 0.127776 -0.053882
v -0.016689 0.127776 -0.057618
v -0.011508 0.124776 -0.055921
v -0.006533 0.127776 -0.059638
v 0.003416 0.124776 -0.057040
v 0.003615 0.127733 -0.059988
v 0.015883 0.127776 -0.057873
v 0.020919 0.124775 -0.053319
v 0.025597 0.127776 -0.054290
v 0.034551 0.127776 -0.049089
v 0.036805 0.124776 -0.043725
v 0.042477 0.127776 -0.042426
v 0.046685 0.124776 -0.032775
v 0.049140 0.127776 -0.034500
v 0.054340 0.127776 -0.025547
v 0.054165 0.124776 -0.018583
v 0.057924 0.127776 -0.015832
v 0.060136 0.127744 -0.002829
v 0.059688 0.127776 0.006584
v 0.020051 0.047779 0.027484
v 0.019443 0.059703 0.039920
v 0.020051 0.074776 0.027496
v 0.014269 0.074777 0.042733
v 0.053331 0.084776 0.005000
v 0.053319 0.084765 0.015125
v 0.072786 0.122431 0.005000
v 0.072786 0.122431 0.020000
v 0.075677 0.139776 0.005000
v 0.075677 0.139776 0.031500
v 0.070642 0.109567 0.020000
v 0.070642 0.109567 0.045592
v 0.078177 0.154776 0.053126
v 0.047871 0.065494 0.027418
v 0.051285 0.072103 0.020000
v 0.078177 0.154776 0.031500
v 0.051287 0.080821 0.020000
v 0.044917 0.059776 0.031812
v 0.044917 0.059776 0.037293
v 0.035587 0.084775 0.042121
v 0.028572 0.084776 0.046997
v 0.034721 0.069718 0.042637
v 0.037559 0.071907 0.040223
v 0.042552 0.084777 0.034921
v 0.032353 0.068810 0.044564
v 0.029313 0.069222 0.046626
v 0.026819 0.071126 0.048061
v 0.024403 0.075778 0.049307
v 0.038989 0.069072 0.038850
v 0.040720 0.059757 0.037203
v 0.047871 0.065494 0.027418
v 0.044917 0.059776 0.031812
v 0.047159 0.084777 0.028427
v 0.051285 0.072103 0.020000
v 0.051287 0.080821 0.020000
v 0.053319 0.084765 0.015125
v 0.022999 0.084783 0.050012
v -0.002528 0.120359 -0.093724
v 0.000051 0.069196 -0.073827
v -0.013763 0.119801 -0.093506
v -0.007632 0.129478 -0.097033
v -0.007464 0.139748 -0.097936
v -0.016921 0.122390 -0.091295
v 0.000051 0.069196 -0.073827
v -0.001132 0.064713 -0.068872
v 0.002628 0.120358 -0.093723
v 0.013864 0.119801 -0.093506
v 0.007777 0.129814 -0.097382
v 0.015682 0.144844 -0.128277
v 0.031922 0.154776 -0.125019
v 0.032996 0.144650 -0.124669
v 0.016334 0.154776 -0.128017
v 0.000051 0.154776 -0.128997
v -0.002202 0.144799 -0.129036
v -0.016553 0.154775 -0.128059
v -0.014758 0.144791 -0.128186
v -0.031502 0.144694 -0.125210
v -0.032725 0.154777 -0.124750
v -0.034321 0.144738 -0.122914
v -0.034940 0.154776 -0.121370
v -0.034949 0.144776 -0.120316
v -0.034949 0.154776 -0.085996
v -0.034949 0.144776 -0.085996
v 0.060357 0.131183 0.005000
v 0.053331 0.084776 0.005000
v 0.072786 0.122431 0.005000
v 0.048511 0.092138 0.004995
v 0.050061 0.124781 0.000863
v 0.075677 0.139776 0.005000
v 0.028909 0.170076 -0.130925
v 0.037229 0.159770 -0.128734
v 0.022552 0.159771 -0.132092
v 0.021737 0.184776 -0.132236
v 0.048948 0.169769 -0.124760
v 0.007585 0.159776 -0.133788
v 0.007287 0.184776 -0.133804
v -0.007488 0.159776 -0.133788
v -0.007197 0.184776 -0.133804
v -0.021593 0.184779 -0.132241
v 0.051441 0.159767 -0.123745
v 0.062217 0.169771 -0.118707
v 0.065008 0.159764 -0.117191
v 0.074755 0.169775 -0.111244
v 0.077758 0.159761 -0.109151
v 0.086403 0.169776 -0.102465
v 0.089530 0.159759 -0.099726
v 0.097033 0.169773 -0.092469
v 0.100172 0.159757 -0.089034
v 0.106514 0.169769 -0.081374
v 0.109548 0.159757 -0.077210
v 0.114720 0.169772 -0.069332
v 0.117562 0.159776 -0.064398
v 0.121571 0.169782 -0.056427
v 0.124240 0.159784 -0.050369
v 0.129032 0.169968 -0.036800
v 0.127900 0.159771 -0.040191
v 0.037231 -0.010226 -0.025557
v 0.015106 -0.010216 -0.006004
v 0.041834 -0.010224 -0.016841
v 0.044974 -0.010225 -0.004907
v 0.018050 -0.010210 -0.000025
v 0.007522 -0.010006 -0.002476
v 0.007522 -0.010006 -0.002476
v 0.039638 -0.009963 0.006317
v -0.067167 0.124780 -0.072904
v -0.057228 0.096245 -0.062045
v -0.071135 0.124674 -0.067270
v -0.074941 0.154773 -0.070722
v -0.069170 0.154776 -0.076464
v -0.047002 0.078918 -0.060187
v -0.073018 0.124771 -0.063332
v -0.062651 0.124490 -0.076900
v -0.042176 0.078311 -0.063257
v -0.058215 0.124653 -0.079699
v -0.064014 0.154776 -0.079964
v -0.031738 0.046833 -0.053092
v -0.037014 0.049220 -0.050741
v -0.051562 0.079748 -0.055829
v -0.035209 0.044775 -0.049935
v -0.039493 0.044776 -0.045500
v -0.054897 0.124694 -0.081143
v -0.054729 0.154776 -0.083608
v -0.050984 0.124785 -0.082268
v -0.020239 0.049152 -0.056553
v -0.023143 0.049139 -0.056513
v -0.035010 0.071602 -0.063097
v -0.044985 0.124754 -0.082906
v -0.044753 0.154776 -0.084414
v -0.039975 0.124764 -0.082468
v -0.025342 0.068133 -0.062946
v -0.038490 0.154776 -0.083516
v -0.026542 0.091357 -0.070103
v -0.014511 0.048460 -0.055521
v -0.008179 0.046762 -0.053084
v -0.084897 0.104589 -0.054750
v -0.084949 0.104776 -0.043500
v -0.093283 0.154776 -0.043500
v -0.093283 0.154776 -0.063014
v -0.072890 0.081436 -0.043500
v -0.056241 0.049215 -0.045689
v -0.069504 0.074883 -0.038500
v -0.056243 0.049215 -0.007010
v -0.069504 0.074883 -0.007000
v -0.035110 0.262777 -0.002441
v -0.012052 0.262769 -0.004980
v -0.031131 0.262778 -0.016712
v -0.023760 0.262768 -0.025651
v -0.014113 0.262765 -0.000059
v -0.034394 0.262778 0.005852
v -0.004179 0.262760 -0.000478
v -0.003568 0.262766 -0.012591
v -0.014664 0.262776 -0.031932
v -0.005528 0.262768 -0.034807
v 0.000113 0.262764 -0.014008
v 0.009375 0.262776 -0.033916
v 0.004972 0.262768 -0.012025
v 0.000712 0.262765 -0.004100
v 0.007806 0.262749 -0.004346
v -0.004494 0.262776 -0.007887
v 0.012569 0.262736 -0.003555
v 0.004279 0.262760 0.000477
v -0.012121 0.262762 0.003661
v -0.016887 0.262611 -0.018165
v 0.018088 0.262714 -0.016820
v -0.007744 0.262748 0.004394
v -0.000414 0.262771 0.004274
v 0.004549 0.262774 0.007850
v 0.016989 0.262611 0.018167
v 0.003718 0.262759 0.012183
v -0.017996 0.262706 0.016828
v 0.019110 0.262779 -0.029487
v 0.025546 0.262765 -0.023850
v 0.013443 0.262769 -0.005562
v 0.031664 0.262775 -0.015364
v 0.034409 0.262787 -0.005707
v -0.031458 0.262776 0.015641
v -0.025455 0.262769 0.023860
v 0.014077 0.262766 0.000059
v 0.034972 0.262774 0.004507
v 0.012151 0.262769 0.004980
v 0.030846 0.262776 0.017119
v 0.023811 0.262766 0.025488
v 0.015713 0.262776 0.031489
v 0.005780 0.262777 0.034469
v -0.016385 0.262773 0.031189
v -0.004912 0.262768 0.012051
v -0.002930 0.262776 0.035096
v -0.000012 0.262762 0.014011
v -0.007764 0.139776 0.044316
v 0.008521 0.139778 0.056669
v 0.000051 0.139776 0.045000
v -0.011095 0.139777 0.056150
v 0.007865 0.139776 0.044316
v 0.026257 0.139777 0.050746
v 0.015441 0.139776 0.042286
v 0.022551 0.139776 0.038971
v -0.015340 0.139776 0.042286
v -0.022449 0.139776 0.038971
v -0.028227 0.139777 0.049699
v -0.028875 0.139776 0.034472
v -0.040254 0.139776 0.040305
v -0.032568 0.139776 0.031000
v -0.047916 0.139777 0.031000
v 0.038032 0.139776 0.042502
v 0.028976 0.139776 0.034472
v 0.048201 0.139777 0.031000
v 0.032670 0.139776 0.031000
v 0.073408 0.174777 -0.079500
v 0.082535 0.186780 -0.069712
v 0.084529 0.174776 -0.067394
v 0.073266 0.186777 -0.079394
v 0.090531 0.186783 -0.058959
v 0.091977 0.174776 -0.056801
v 0.099871 0.186796 -0.042004
v 0.099719 0.174777 -0.042012
v 0.062863 0.186783 -0.087848
v 0.057590 0.174776 -0.091591
v 0.051502 0.186789 -0.094945
v 0.042468 0.174776 -0.099367
v 0.034048 0.186839 -0.102732
v 0.034050 0.174776 -0.102508
v -0.027521 0.139776 -0.049888
v -0.015340 0.139776 -0.042286
v -0.013366 0.139777 -0.055584
v -0.022449 0.139776 -0.038971
v -0.007764 0.139776 -0.044316
v 0.000051 0.139776 -0.045000
v 0.005178 0.139777 -0.057024
v 0.007865 0.139776 -0.044316
v 0.015441 0.139776 -0.042286
v 0.024536 0.139778 -0.051810
v 0.022551 0.139776 -0.038971
v 0.028976 0.139776 -0.034472
v 0.039153 0.139777 -0.041548
v 0.032670 0.139776 -0.031000
v 0.048071 0.139776 -0.030999
v -0.038315 0.139777 -0.042370
v -0.028875 0.139776 -0.034472
v -0.032568 0.139776 -0.031000
v -0.047818 0.139776 -0.031000
v 0.013864 0.119801 0.093506
v 0.002628 0.120358 0.093723
v 0.000051 0.069196 0.073827
v 0.007733 0.129478 0.097033
v 0.007565 0.139750 0.097936
v 0.017022 0.122390 0.091295
v 0.000051 0.069196 0.073827
v 0.001232 0.064715 0.068874
v -0.002528 0.120359 0.093724
v -0.013763 0.119801 0.093506
v -0.007681 0.129820 0.097383
v -0.002517 0.139780 0.118981
v -0.029938 0.139775 0.120514
v -0.007449 0.139776 0.110768
v -0.017726 0.139776 0.098056
v -0.029949 0.139776 0.089497
v -0.007353 0.139673 0.097926
v -0.006546 0.139773 0.124002
v 0.002619 0.139780 0.118980
v 0.014891 0.139776 0.123166
v 0.007550 0.139776 0.110767
v 0.007565 0.139750 0.097936
v 0.017828 0.139776 0.098056
v 0.030051 0.139776 0.089497
v 0.030051 0.139776 0.120316
v -0.034949 0.144776 0.085996
v -0.034947 0.154776 0.121165
v -0.034949 0.154776 0.085996
v -0.034938 0.144774 0.121490
v -0.032894 0.154776 0.124799
v -0.032580 0.144698 0.124783
v -0.014050 0.119773 0.014487
v -0.017340 0.119777 0.023261
v -0.004495 0.119772 0.019778
v -0.022403 0.119776 0.018430
v -0.011249 0.119777 0.026794
v -0.027006 0.119777 0.010875
v -0.019107 0.119774 0.006231
v -0.029076 0.119776 0.001052
v -0.019777 0.119776 -0.004209
v -0.027771 0.119775 -0.008900
v -0.022893 0.119777 -0.017878
v -0.013704 0.119786 -0.015170
v -0.016260 0.119779 -0.024047
v -0.010039 0.119776 -0.027252
v -0.003221 0.119778 -0.019920
v -0.004999 0.119776 -0.028556
v -0.006410 0.119776 0.028272
v -0.001021 0.119776 0.029039
v 0.006419 0.119773 0.019166
v 0.003854 0.119776 0.028750
v 0.009023 0.119776 0.027638
v 0.013526 0.119776 0.025681
v 0.014674 0.119774 0.013884
v 0.017490 0.119777 0.023208
v 0.023562 0.119777 0.017185
v 0.018979 0.119777 0.006745
v 0.028217 0.119782 0.007631
v -0.000796 0.119776 -0.029026
v 0.007935 0.119787 -0.018935
v 0.005126 0.119776 -0.028633
v 0.011787 0.119777 -0.026575
v 0.017532 0.119777 -0.023186
v 0.017613 0.119791 -0.010434
v 0.022714 0.119777 -0.018173
v 0.027155 0.119777 -0.010740
v 0.020192 0.119777 -0.000064
v 0.029055 0.119777 -0.002100
v -0.121921 0.186777 0.042000
v -0.121917 0.174775 0.042001
v -0.099770 0.186797 0.042004
v -0.099618 0.174776 0.042012
v 0.007733 0.129478 0.097033
v 0.002619 0.139780 0.118980
v 0.002628 0.120358 0.093723
v 0.007550 0.139776 0.110767
v 0.040015 0.124812 -0.082492
v 0.016829 0.067142 -0.060786
v 0.019042 0.080967 -0.069741
v 0.012503 0.063871 -0.063700
v 0.012124 0.073478 -0.072272
v 0.006844 0.054785 -0.065002
v 0.007820 0.047765 -0.054461
v 0.009816 0.050677 -0.054126
v 0.022966 0.099956 -0.079238
v 0.026237 0.124631 -0.092166
v 0.030051 0.139776 -0.089497
v 0.017828 0.139776 -0.098056
v 0.035051 0.144776 -0.085996
v 0.035051 0.154776 -0.085996
v 0.038591 0.154776 -0.083516
v 0.007820 0.047765 -0.054461
v -0.008179 0.046762 -0.053084
v 0.006844 0.054785 -0.065002
v 0.000505 0.044765 -0.052170
v -0.006831 0.054776 -0.064998
v -0.014232 0.044776 -0.050000
v -0.014511 0.048460 -0.055521
v 0.014333 0.044776 -0.050000
v -0.020239 0.049152 -0.056553
v -0.023143 0.049139 -0.056513
v -0.031738 0.046833 -0.053092
v -0.035209 0.044775 -0.049935
v 0.010910 0.047463 -0.054023
v 0.016421 0.048773 -0.055971
v 0.022078 0.048998 -0.056297
v 0.029000 0.048037 -0.054885
v 0.034986 0.044777 -0.050009
v -0.049745 0.174776 -0.095925
v -0.051418 0.186782 -0.094942
v -0.033955 0.186797 -0.102818
v -0.033961 0.174777 -0.102683
v -0.060792 0.174776 -0.089306
v -0.062779 0.186778 -0.087841
v -0.073398 0.174777 -0.079412
v -0.073174 0.186778 -0.079384
v -0.082438 0.186784 -0.069701
v -0.086698 0.174776 -0.064609
v -0.090427 0.186789 -0.058953
v -0.095640 0.174776 -0.050168
v -0.099686 0.186843 -0.041996
v -0.099448 0.174776 -0.042000
v 0.074868 0.251772 0.035928
v 0.077590 0.254776 0.037197
v 0.084038 0.254775 0.019731
v 0.079266 0.251776 0.024777
v 0.068953 0.251776 0.046277
v 0.082004 0.251776 0.013140
v 0.086177 0.254773 -0.003816
v 0.083087 0.251776 0.000641
v 0.082358 0.251776 -0.010703
v 0.082855 0.254776 -0.023225
v 0.079966 0.251776 -0.022415
v 0.076082 0.254775 -0.040801
v 0.075911 0.251758 -0.033635
v 0.070295 0.251776 -0.044212
v 0.061466 0.254775 -0.060592
v 0.063216 0.251776 -0.053844
v 0.054826 0.251776 -0.062359
v 0.042666 0.254775 -0.074932
v 0.045300 0.251776 -0.069581
v 0.034766 0.251784 -0.075392
v 0.024502 0.254776 -0.082451
v 0.023678 0.251765 -0.079556
v 0.006809 0.254775 -0.085972
v 0.011973 0.251776 -0.082139
v 0.000051 0.251776 -0.083000
v -0.015018 0.254776 -0.084823
v -0.010245 0.251776 -0.082359
v -0.020382 0.251776 -0.080446
v -0.036937 0.254779 -0.077989
v -0.029848 0.251751 -0.077409
v -0.040516 0.251791 -0.072437
v -0.057854 0.254775 -0.063980
v -0.050929 0.251776 -0.065498
v -0.059810 0.251776 -0.057496
v -0.073577 0.254775 -0.044971
v -0.067448 0.251776 -0.048301
v -0.073686 0.251776 -0.038103
v -0.082955 0.254775 -0.023257
v -0.078403 0.251774 -0.027082
v -0.081477 0.251776 -0.015566
v -0.086282 0.254781 0.001439
v -0.082867 0.251776 -0.003693
v -0.082538 0.251776 0.008256
v -0.082214 0.254775 0.025754
v -0.080495 0.251776 0.020034
v -0.076782 0.251776 0.031397
v -0.071541 0.254781 0.048270
v -0.071516 0.251779 0.042047
v -0.064684 0.251776 0.051946
v -0.054874 0.254775 0.066438
v -0.056551 0.251776 0.060707
v -0.047243 0.251776 0.068208
v -0.034596 0.254779 0.078991
v -0.036955 0.251776 0.074294
v -0.026104 0.251750 0.078749
v -0.014823 0.254776 0.084704
v -0.014280 0.251774 0.081750
v 0.002571 0.254771 0.086181
v -0.001364 0.251774 0.083056
v 0.009531 0.251776 0.082457
v 0.027389 0.254781 0.081919
v 0.021283 0.251775 0.080237
v 0.032588 0.251776 0.076356
v 0.050166 0.254775 0.070229
v 0.043250 0.251774 0.070868
v 0.053037 0.251770 0.063874
v 0.067311 0.254775 0.053915
v 0.061708 0.251766 0.055542
v -0.083185 0.174777 0.098713
v -0.070735 0.174777 0.107937
v -0.064756 0.174776 0.086510
v -0.075086 0.174776 0.077662
v -0.053313 0.174776 0.093981
v -0.051218 0.174777 0.118647
v -0.094384 0.174776 0.087994
v -0.084062 0.174776 0.067885
v -0.108248 0.174777 0.070548
v -0.091875 0.174776 0.056803
v -0.099618 0.174776 0.042012
v -0.117689 0.174776 0.052928
v -0.121917 0.174775 0.042001
v -0.042366 0.174776 0.099368
v -0.033949 0.174776 0.102508
v -0.033948 0.174778 0.124447
v -0.004583 0.047828 0.044908
v -0.015431 0.044776 0.045435
v -0.014461 0.047778 0.042594
v -0.021493 0.047776 0.039508
v -0.027106 0.044777 0.039771
v -0.027894 0.047777 0.035271
v -0.033483 0.047776 0.030008
v -0.005239 0.044779 0.047821
v -0.035719 0.044776 0.032009
v -0.038105 0.047781 0.023849
v -0.043110 0.044779 0.021359
v -0.041570 0.047771 0.017115
v -0.043889 0.047776 0.009712
v -0.046818 0.044776 0.010360
v -0.044900 0.047777 0.002095
v -0.048121 0.044776 -0.002270
v -0.044606 0.047766 -0.005559
v -0.043007 0.047776 -0.013078
v -0.045878 0.044776 -0.013950
v -0.039834 0.047775 -0.020998
v -0.041719 0.044777 -0.023990
v 0.035051 0.154776 -0.085996
v 0.035051 0.144776 -0.085996
v 0.035023 0.154776 -0.122096
v 0.035048 0.144776 -0.121063
v 0.032996 0.144650 -0.124669
v 0.031922 0.154776 -0.125019
v 0.078177 0.154776 -0.031500
v 0.130294 0.139776 -0.031500
v 0.130296 0.154776 -0.031500
v 0.075677 0.139776 -0.031500
v -0.024908 0.244779 0.047220
v -0.024893 0.259763 0.047434
v -0.024953 0.259760 0.037397
v -0.024727 0.244466 0.037660
v 0.039850 0.084776 0.021000
v 0.039998 0.047781 0.020993
v 0.026790 0.084776 0.021000
v 0.026790 0.047776 0.021000
v -0.013006 0.139776 -0.123491
v -0.029949 0.139776 -0.120316
v -0.031502 0.144694 -0.125210
v -0.014758 0.144791 -0.128186
v -0.002202 0.144799 -0.129036
v 0.011803 0.139776 -0.123740
v 0.015682 0.144844 -0.128277
v 0.032996 0.144650 -0.124669
v 0.030049 0.139776 -0.120344
v -0.034321 0.144738 -0.122914
v -0.034949 0.144776 -0.120316
v -0.042458 0.259780 -0.014750
v -0.038785 0.264778 -0.009898
v -0.034026 0.264780 -0.021217
v -0.039453 0.259785 -0.021535
v -0.044282 0.259791 -0.007631
v -0.035343 0.259781 -0.027784
v -0.026865 0.264776 -0.029589
v -0.030189 0.259814 -0.033278
v -0.024955 0.259758 -0.037396
v -0.019957 0.264775 -0.034792
v -0.039949 0.264776 0.000000
v -0.044949 0.259776 0.000000
v -0.038806 0.264780 0.010328
v -0.044324 0.259780 0.007456
v -0.042459 0.259782 0.014749
v -0.039452 0.259784 0.021536
v -0.033403 0.264782 0.022058
v -0.035362 0.259784 0.027753
v -0.026865 0.264776 0.029589
v -0.030083 0.259820 0.033366
v -0.024953 0.259760 0.037397
v -0.019956 0.264776 0.034792
v -0.051562 0.079748 -0.055829
v -0.050637 0.049214 -0.050737
v -0.079769 0.105612 -0.060139
v -0.073018 0.124771 -0.063332
v -0.087963 0.154776 -0.068333
v -0.076641 0.154776 -0.068334
v -0.037014 0.049220 -0.050741
v -0.105329 0.139776 -0.011086
v -0.110831 0.139776 -0.009572
v -0.108023 0.129772 -0.010723
v -0.115042 0.129769 -0.005414
v -0.115118 0.139777 -0.004502
v -0.099536 0.129768 -0.010093
v -0.116035 0.139776 0.000379
v -0.115673 0.129772 0.003073
v -0.114521 0.139776 0.005881
v -0.112375 0.129776 0.008180
v -0.109451 0.139777 0.010169
v -0.100447 0.139777 -0.010169
v -0.095378 0.139777 -0.005881
v -0.094226 0.129773 -0.003073
v -0.093864 0.139776 -0.000379
v -0.094390 0.129776 0.003512
v -0.094781 0.139776 0.004502
v -0.108461 0.129776 0.010559
v -0.104570 0.139776 0.011086
v -0.101876 0.129771 0.010723
v -0.099068 0.139777 0.009572
v -0.096770 0.129776 0.007426
v -0.004923 0.076662 0.057185
v -0.004952 0.132471 0.060306
v -0.004949 0.084776 0.054772
v -0.004949 0.139776 0.081961
v -0.004949 0.124776 0.049749
v -0.004949 0.084776 0.049779
v -0.006394 0.076561 0.054657
v -0.004949 0.084776 0.054772
v -0.013709 0.084773 0.053381
v 0.005051 0.124776 0.060293
v 0.005051 0.139776 0.081961
v 0.005053 0.078958 0.058316
v 0.005051 0.084776 0.054786
v 0.005040 0.084776 0.049897
v 0.005050 0.124776 0.049783
v 0.005051 0.139776 0.060308
v 0.005053 0.074723 0.054772
v -0.004949 0.139776 0.081961
v 0.005051 0.139776 0.081961
v -0.000169 0.139776 0.060507
v 0.005051 0.139776 0.060308
v 0.035051 0.154776 0.085996
v 0.035046 0.144779 0.121464
v 0.035051 0.144776 0.085996
v 0.035039 0.154776 0.121430
v -0.123991 0.206880 0.030000
v -0.102871 0.231745 0.030000
v -0.108281 0.237582 0.023248
v -0.130737 0.211210 0.023080
v -0.103787 0.239706 0.022164
v -0.095448 0.239776 0.022000
v -0.093245 0.231776 0.030000
v -0.131883 0.207208 0.023400
v -0.124014 0.189776 0.030000
v -0.125789 0.189788 0.028514
v -0.131908 0.184845 0.023498
v -0.093245 0.189776 -0.030000
v -0.123993 0.206896 -0.030000
v -0.102894 0.231740 -0.030000
v -0.124014 0.189776 -0.030000
v -0.093206 0.231788 -0.029998
v -0.016256 0.144878 0.128156
v 0.000541 0.144755 0.129054
v -0.014535 0.154776 0.128330
v -0.032894 0.154776 0.124799
v 0.004455 0.154776 0.129029
v -0.032580 0.144698 0.124783
v 0.017693 0.144726 0.127906
v 0.021243 0.154776 0.127330
v 0.032853 0.144803 0.124762
v 0.033007 0.154776 0.124654
v -0.002528 0.120359 0.093724
v -0.002517 0.139780 0.118981
v -0.007681 0.129820 0.097383
v -0.007449 0.139776 0.110768
v -0.069843 0.174777 -0.108510
v -0.049745 0.174776 -0.095925
v -0.050763 0.174777 -0.118824
v -0.033961 0.174777 -0.102683
v -0.033950 0.174775 -0.124436
v -0.060792 0.174776 -0.089306
v -0.082531 0.174777 -0.099260
v -0.073398 0.174777 -0.079412
v -0.099113 0.174777 -0.082924
v -0.086698 0.174776 -0.064609
v -0.114617 0.174776 -0.059865
v -0.095640 0.174776 -0.050168
v -0.099448 0.174776 -0.042000
v -0.121931 0.174779 -0.041999
v -0.060256 0.131182 -0.005000
v -0.072685 0.122431 -0.005000
v -0.075576 0.139776 -0.005000
v -0.053230 0.084776 -0.005000
v -0.048410 0.092138 -0.004995
v -0.049960 0.124781 -0.000863
v -0.072685 0.122431 0.005000
v -0.053230 0.084776 0.005000
v -0.060242 0.124776 0.005000
v -0.060258 0.139776 0.005000
v -0.075576 0.139776 0.005000
v -0.049699 0.084776 0.005000
v -0.049729 0.124776 0.005000
v -0.049960 0.124781 -0.000863
v -0.049962 0.084776 0.000424
v -0.048410 0.092138 -0.004995
v -0.049729 0.124776 0.005000
v -0.049699 0.084776 0.005000
v -0.097821 0.141726 -0.007102
v -0.095902 0.141758 -0.004347
v -0.097426 0.214776 -0.006670
v -0.100025 0.214776 -0.008741
v -0.095710 0.214776 -0.003907
v -0.094892 0.141772 -0.000777
v -0.094846 0.214776 -0.000157
v -0.095407 0.141739 0.003126
v -0.095561 0.214776 0.003535
v -0.096975 0.141749 0.006137
v -0.097291 0.214776 0.006494
v -0.099442 0.141738 0.008389
v -0.100473 0.141777 -0.008969
v -0.103424 0.214768 -0.009965
v -0.103983 0.141775 -0.010026
v -0.099743 0.214778 0.008564
v -0.102317 0.142025 0.009689
v -0.102774 0.214776 0.009812
v -0.106669 0.141748 0.009991
v -0.107205 0.214776 0.009870
v -0.110858 0.141771 0.008140
v -0.111616 0.214777 0.007599
v -0.113723 0.141818 0.004939
v -0.114021 0.214776 0.004331
v -0.115015 0.141826 0.000790
v -0.115059 0.214776 0.000382
v -0.114486 0.141800 -0.003151
v -0.114371 0.214776 -0.003440
v -0.113006 0.141814 -0.006013
v -0.112862 0.214776 -0.006183
v -0.110532 0.141784 -0.008363
v -0.109960 0.214775 -0.008753
v -0.107326 0.141788 -0.009734
v -0.106596 0.214776 -0.009863
v -0.114405 0.139768 -0.015938
v -0.115864 0.139782 -0.005525
v -0.121982 0.139775 -0.006579
v -0.116922 0.139780 0.003123
v -0.122959 0.139775 0.001867
v -0.119749 0.139769 0.010805
v -0.112019 0.139776 0.009900
v -0.111589 0.139774 0.016970
v -0.103557 0.139784 0.012407
v -0.111024 0.139774 -0.010488
v -0.104103 0.139771 -0.012226
v -0.102572 0.139774 -0.018109
v -0.091508 0.139763 -0.012717
v -0.095073 0.139773 -0.007754
v -0.086553 0.139774 -0.000345
v -0.092856 0.139771 0.001089
v -0.089307 0.139776 0.009100
v -0.095566 0.139779 0.007951
v -0.094933 0.139773 0.015280
v -0.103227 0.139776 0.018036
v 0.007777 0.129814 -0.097382
v 0.002628 0.120358 -0.093723
v 0.002619 0.139780 -0.118980
v 0.007550 0.139776 -0.110767
v 0.078177 0.154776 0.031500
v 0.128479 0.154811 0.038642
v 0.130295 0.142899 0.031500
v -0.099743 0.214778 0.008564
v -0.102774 0.214776 0.009812
v -0.097291 0.214776 0.006494
v -0.095561 0.214776 0.003535
v -0.094846 0.214776 -0.000157
v -0.107205 0.214776 0.009870
v -0.095710 0.214776 -0.003907
v -0.097426 0.214776 -0.006670
v -0.100025 0.214776 -0.008741
v -0.111616 0.214777 0.007599
v -0.114021 0.214776 0.004331
v -0.115059 0.214776 0.000382
v -0.114371 0.214776 -0.003440
v -0.112862 0.214776 -0.006183
v -0.109960 0.214775 -0.008753
v -0.106596 0.214776 -0.009863
v -0.103424 0.214768 -0.009965
v 0.047502 0.084776 -0.027809
v 0.051285 0.080817 -0.020000
v 0.048073 0.065885 -0.027022
v 0.053319 0.084771 -0.014968
v 0.051285 0.072103 -0.020000
v 0.042296 0.084776 -0.035218
v 0.044917 0.059776 -0.031812
v 0.040534 0.059781 -0.037286
v 0.038838 0.069654 -0.039002
v 0.037283 0.071799 -0.040499
v 0.035944 0.084776 -0.041673
v 0.034121 0.068951 -0.043139
v 0.028620 0.084776 -0.046998
v 0.029901 0.068999 -0.046249
v 0.026927 0.070790 -0.047993
v 0.024510 0.075233 -0.049259
v 0.023048 0.084776 -0.049967
v 0.038545 0.154776 0.083550
v 0.035051 0.144776 0.085996
v 0.040077 0.124764 0.082467
v 0.030051 0.139776 0.089497
v 0.035051 0.154776 0.085996
v 0.033410 0.124769 0.087141
v 0.017828 0.139776 0.098056
v 0.026158 0.124776 0.092222
v 0.021867 0.092041 0.074955
v 0.021439 0.107487 0.085499
v 0.013651 0.078955 0.074402
v 0.026559 0.091104 0.069995
v 0.012475 0.065859 0.065367
v 0.008486 0.046858 0.053077
v 0.006853 0.054779 0.064995
v 0.034048 0.186839 -0.102732
v 0.034050 0.174776 -0.102508
v 0.034050 0.174778 -0.124447
v 0.034050 0.186777 -0.124439
v 0.050739 0.049213 0.050736
v 0.079870 0.105612 0.060139
v 0.052783 0.082380 0.056275
v 0.073120 0.124774 0.063332
v 0.088065 0.154776 0.068333
v 0.076747 0.154776 0.068334
v 0.037115 0.049220 0.050741
v 0.099719 0.174777 -0.042012
v 0.099871 0.186796 -0.042004
v 0.122019 0.174775 -0.042000
v 0.122022 0.186777 -0.042000
v 0.076535 0.189776 0.072243
v 0.061150 0.189776 0.085393
v 0.070391 0.186719 0.082018
v 0.080454 0.186744 0.072233
v 0.088965 0.186717 0.061455
v 0.087995 0.189776 0.057365
v 0.060567 0.186716 0.089548
v 0.095588 0.186743 0.050503
v 0.097808 0.189777 0.039013
v 0.099549 0.186776 0.042000
v 0.046796 0.189775 0.094103
v 0.046702 0.186779 0.097611
v 0.031051 0.189776 0.100319
v 0.034050 0.186777 0.102508
v 0.084038 0.254775 0.019731
v 0.087730 0.254776 0.020307
v 0.089659 0.254776 0.008383
v 0.084220 0.254776 0.031866
v 0.077590 0.254776 0.037197
v 0.089975 0.254776 -0.003693
v 0.086177 0.254773 -0.003816
v 0.088670 0.254776 -0.015702
v 0.085769 0.254776 -0.027428
v 0.082855 0.254776 -0.023225
v 0.081324 0.254776 -0.038660
v 0.076082 0.254775 -0.040801
v 0.075415 0.254776 -0.049196
v 0.068148 0.254776 -0.058845
v 0.061466 0.254775 -0.060592
v 0.059654 0.254776 -0.067435
v 0.050086 0.254776 -0.074809
v 0.042666 0.254775 -0.074932
v 0.039617 0.254776 -0.080836
v 0.079195 0.254776 0.042851
v 0.028436 0.254776 -0.085406
v 0.024502 0.254776 -0.082451
v 0.016743 0.254776 -0.088438
v 0.006809 0.254775 -0.085972
v 0.004749 0.254776 -0.089877
v -0.007329 0.254776 -0.089697
v -0.015018 0.254776 -0.084823
v -0.019275 0.254776 -0.087901
v -0.030872 0.254776 -0.084521
v -0.036937 0.254779 -0.077989
v -0.041912 0.254776 -0.079618
v -0.052197 0.254776 -0.073282
v -0.057854 0.254775 -0.063980
v -0.061540 0.254776 -0.065625
v -0.069773 0.254776 -0.056786
v -0.073577 0.254775 -0.044971
v -0.076749 0.254776 -0.046924
v -0.082341 0.254776 -0.036216
v -0.086449 0.254776 -0.024857
v -0.082955 0.254775 -0.023257
v -0.088998 0.254776 -0.013049
v -0.089944 0.254776 -0.001006
v -0.086282 0.254781 0.001439
v -0.089268 0.254776 0.011054
v -0.086983 0.254776 0.022916
v -0.082214 0.254775 0.025754
v -0.083130 0.254776 0.034365
v -0.077779 0.254776 0.045195
v -0.071541 0.254781 0.048270
v -0.071026 0.254776 0.055210
v -0.062992 0.254776 0.064231
v -0.054874 0.254775 0.066438
v -0.053822 0.254776 0.072095
v -0.043682 0.254776 0.078660
v -0.034596 0.254779 0.078991
v -0.027826 0.254778 0.085692
v -0.011113 0.254776 0.089305
v -0.014823 0.254776 0.084704
v 0.006317 0.254774 0.089909
v 0.002571 0.254771 0.086181
v 0.023938 0.254776 0.086772
v 0.027389 0.254781 0.081919
v 0.035344 0.254776 0.082791
v 0.046113 0.254776 0.077319
v 0.050166 0.254775 0.070229
v 0.056052 0.254776 0.070454
v 0.064983 0.254776 0.062320
v 0.067311 0.254775 0.053915
v 0.072744 0.254776 0.053063
v 0.034050 0.186777 0.102508
v 0.034050 0.186777 0.124439
v 0.034051 0.174775 0.124436
v 0.034050 0.174776 0.102508
v 0.093346 0.189776 0.030000
v 0.124093 0.206894 0.030000
v 0.102991 0.231738 0.030000
v 0.124115 0.189776 0.030000
v 0.093339 0.231774 0.030002
v 0.078177 0.154776 0.031500
v 0.130295 0.142899 0.031500
v 0.075677 0.139776 0.031500
v -0.037045 0.072211 -0.040687
v -0.042195 0.084776 -0.035218
v -0.035843 0.084776 -0.041673
v -0.038704 0.070217 -0.039045
v -0.040375 0.059776 -0.037293
v -0.044796 0.059745 -0.031934
v -0.028519 0.084776 -0.046998
v -0.033515 0.068682 -0.043610
v -0.029087 0.069211 -0.046697
v -0.026076 0.071877 -0.048409
v -0.023998 0.077014 -0.049463
v -0.022904 0.084778 -0.050000
v -0.047678 0.065328 -0.027393
v -0.047401 0.084776 -0.027809
v -0.051259 0.072250 -0.020005
v -0.051177 0.080803 -0.020000
v -0.053222 0.084769 -0.014955
v 0.122819 0.139766 -0.004866
v 0.121937 0.139776 0.007190
v 0.117231 0.139771 -0.002846
v 0.115725 0.139774 0.005633
v 0.114824 0.139773 0.015435
v 0.116223 0.139771 -0.014467
v 0.111717 0.139768 -0.010210
v 0.104078 0.139754 -0.018540
v 0.103596 0.139775 -0.012288
v 0.092466 0.139776 -0.013129
v 0.094063 0.139788 -0.006148
v 0.087086 0.139775 -0.004052
v 0.093616 0.139774 0.004044
v 0.088119 0.139772 0.006666
v 0.098882 0.139787 0.010472
v 0.094865 0.139765 0.015452
v 0.103522 0.139777 0.011996
v 0.106035 0.139775 0.018131
v 0.110814 0.139787 0.010921
v -0.033950 0.174775 -0.124436
v -0.033955 0.186797 -0.102818
v -0.033949 0.186777 -0.124439
v -0.033961 0.174777 -0.102683
v 0.109095 0.141810 -0.009182
v 0.111796 0.141807 -0.007457
v 0.109220 0.214776 -0.009145
v 0.111964 0.214776 -0.007286
v 0.114221 0.141742 -0.004293
v 0.113999 0.214776 -0.004551
v 0.114993 0.214776 -0.001304
v 0.115029 0.141778 -0.000676
v 0.106274 0.214776 -0.009958
v 0.105904 0.142019 -0.010016
v 0.102897 0.214774 -0.009816
v 0.102480 0.141766 -0.009704
v 0.099252 0.214776 -0.008269
v 0.098814 0.141773 -0.007968
v 0.096502 0.214776 -0.005251
v 0.096269 0.141750 -0.004854
v 0.095137 0.214776 -0.001840
v 0.094981 0.141825 -0.000931
v 0.095364 0.214776 0.003023
v 0.095549 0.141784 0.003272
v 0.097163 0.141778 0.006223
v 0.097573 0.214776 0.006725
v 0.099513 0.141782 0.008355
v 0.100135 0.214776 0.008742
v 0.102485 0.146857 0.009649
v 0.105147 0.214776 0.010110
v 0.105814 0.141549 0.010033
v 0.110007 0.214776 0.008898
v 0.109892 0.141809 0.008834
v 0.112987 0.141723 0.006169
v 0.113585 0.214777 0.005337
v 0.114736 0.141781 0.002738
v 0.114959 0.214776 0.001653
v 0.106274 0.214776 -0.009958
v 0.096502 0.214776 -0.005251
v 0.099252 0.214776 -0.008269
v 0.102897 0.214774 -0.009816
v 0.095137 0.214776 -0.001840
v 0.109220 0.214776 -0.009145
v 0.111964 0.214776 -0.007286
v 0.095364 0.214776 0.003023
v 0.113999 0.214776 -0.004551
v 0.114993 0.214776 -0.001304
v 0.114959 0.214776 0.001653
v 0.113585 0.214777 0.005337
v 0.110007 0.214776 0.008898
v 0.105147 0.214776 0.010110
v 0.097573 0.214776 0.006725
v 0.100135 0.214776 0.008742
v -0.040012 0.162218 0.020949
v -0.049915 0.158312 0.021001
v -0.039755 0.174797 0.021007
v -0.043859 0.156880 0.020990
v -0.049170 0.154838 0.021000
v -0.055602 0.154793 0.021029
v -0.130194 0.154776 -0.031500
v -0.075576 0.139776 -0.031500
v -0.078076 0.154776 -0.031500
v -0.130221 0.139776 -0.031498
v 0.028610 0.089776 0.005036
v 0.042459 0.089727 0.012085
v 0.027302 0.089776 0.009919
v 0.039242 0.089776 0.020000
v 0.043759 0.090376 0.005046
v 0.041725 0.089723 0.002979
v 0.029051 0.089776 0.000000
v 0.041061 0.089776 -0.001032
v 0.028610 0.089776 -0.005036
v 0.025165 0.089776 0.014500
v 0.021153 0.089777 0.019976
v 0.042307 0.089776 -0.003725
v 0.042848 0.089774 -0.010750
v 0.027302 0.089776 -0.009919
v 0.025165 0.089776 -0.014500
v 0.039242 0.089776 -0.020000
v 0.021185 0.089777 -0.019957
v -0.090371 0.129776 -0.014516
v -0.094226 0.129773 -0.003073
v -0.099536 0.129768 -0.010093
v -0.094699 0.129776 -0.017754
v -0.086345 0.129777 -0.008913
v -0.084452 0.129776 -0.001772
v -0.084968 0.129777 0.005065
v -0.094390 0.129776 0.003512
v -0.087196 0.129776 0.010250
v -0.090678 0.129776 0.014815
v -0.099669 0.129775 -0.019897
v -0.108023 0.129772 -0.010723
v -0.106774 0.129779 -0.020511
v -0.113993 0.129776 -0.018490
v -0.118127 0.129776 -0.015704
v -0.115042 0.129769 -0.005414
v -0.096770 0.129776 0.007426
v -0.094699 0.129776 0.017754
v -0.101876 0.129771 0.010723
v -0.099745 0.129774 0.019924
v -0.106695 0.129779 0.020500
v -0.108461 0.129776 0.010559
v -0.113937 0.129777 0.018485
v -0.119726 0.129776 0.014319
v -0.112375 0.129776 0.008180
v -0.123711 0.129776 0.008528
v -0.115673 0.129772 0.003073
v -0.125481 0.129774 0.001634
v -0.124914 0.129777 -0.005012
v -0.121967 0.129777 -0.011522
v 0.129032 0.169968 -0.036800
v 0.130406 0.184776 -0.030896
v 0.127900 0.159771 -0.040191
v 0.024996 0.259765 -0.047412
v 0.025054 0.259761 -0.037396
v 0.025012 0.244778 -0.047189
v 0.025051 0.244755 -0.039230
v 0.024494 0.243485 -0.037808
v 0.098051 0.239776 0.000000
v 0.097138 0.239776 0.013344
v 0.102993 0.239766 -0.022073
v 0.097138 0.239776 -0.013344
v 0.095549 0.239776 -0.022000
v 0.102976 0.231740 -0.030000
v 0.107908 0.238145 -0.023208
v 0.124092 0.206895 -0.030000
v 0.130841 0.211207 -0.023080
v 0.102993 0.239766 -0.022073
v 0.095549 0.239776 -0.022000
v 0.093346 0.231776 -0.030000
v 0.131984 0.207208 -0.023400
v 0.124115 0.189776 -0.030000
v 0.125890 0.189788 -0.028514
v 0.131992 0.184776 -0.023397
v 0.016399 0.259776 -0.052514
v 0.022974 0.244777 -0.050037
v 0.016398 0.244776 -0.052514
v 0.022887 0.259793 -0.050042
v 0.008317 0.259775 -0.054375
v 0.008318 0.244776 -0.054375
v 0.000051 0.259776 -0.055000
v 0.000051 0.244776 -0.055000
v -0.008217 0.259776 -0.054375
v -0.011715 0.244779 -0.053795
v -0.016295 0.259773 -0.052515
v -0.022877 0.244777 -0.050035
v -0.022784 0.259805 -0.050044
v -0.026098 0.107447 0.081549
v -0.026169 0.124578 0.092140
v -0.039947 0.124894 0.082486
v -0.029949 0.139776 0.089497
v -0.017726 0.139776 0.098056
v -0.034949 0.144776 0.085996
v -0.034949 0.154776 0.085996
v -0.013909 0.080367 0.074947
v -0.038362 0.154775 0.083679
v -0.019672 0.082864 0.070436
v -0.031597 0.103542 0.074649
v -0.008196 0.046845 0.053224
v -0.010278 0.061906 0.065337
v -0.006875 0.054779 0.065001
v -0.121931 0.174779 -0.041999
v -0.121921 0.186777 -0.042000
v -0.099448 0.174776 -0.042000
v -0.099686 0.186843 -0.041996
v 0.021169 0.104776 0.019991
v 0.021153 0.089777 0.019976
v 0.039343 0.104776 0.019999
v 0.039242 0.089776 0.020000
v 0.026308 0.104777 -0.012616
v 0.028610 0.104776 -0.005036
v 0.041869 0.104776 -0.013949
v 0.043786 0.104127 -0.005281
v 0.041328 0.104776 -0.002021
v 0.039242 0.104776 -0.020000
v 0.021165 0.104776 -0.019991
v 0.041108 0.104776 0.001565
v 0.029008 0.104775 0.002611
v 0.042986 0.104777 0.004473
v 0.042939 0.104778 0.010397
v 0.026629 0.104774 0.011987
v 0.039343 0.104776 0.019999
v 0.021169 0.104776 0.019991
v 0.008318 0.244776 -0.054375
v 0.011155 0.244745 -0.045172
v -0.002698 0.244766 -0.046346
v 0.000051 0.244776 -0.055000
v -0.011715 0.244779 -0.053795
v -0.014837 0.244736 -0.043713
v -0.022877 0.244777 -0.050035
v -0.024872 0.244780 -0.047260
v -0.024942 0.244499 -0.037449
v 0.016398 0.244776 -0.052514
v 0.022974 0.244777 -0.050037
v 0.025012 0.244778 -0.047189
v 0.025051 0.244755 -0.039230
v -0.024872 0.244780 -0.047260
v -0.024942 0.244499 -0.037449
v -0.024915 0.259750 -0.047384
v -0.024955 0.259758 -0.037396
v -0.033949 0.174776 0.102508
v -0.033949 0.186777 0.124439
v -0.033952 0.186861 0.102728
v -0.033948 0.174778 0.124447
v 0.129087 0.169925 0.036776
v 0.127814 0.159469 0.040424
v 0.130406 0.184776 0.030896
v 0.099549 0.186776 0.042000
v 0.122029 0.174779 0.041999
v 0.122022 0.186777 0.042000
v 0.099549 0.174776 0.042000
v 0.095461 0.174776 0.050681
v 0.114719 0.174776 0.059862
v 0.099549 0.174776 0.042000
v 0.122029 0.174779 0.041999
v 0.089117 0.174776 0.061196
v 0.099214 0.174777 0.082924
v 0.079584 0.174777 0.073266
v 0.082632 0.174776 0.099260
v 0.069081 0.174776 0.083060
v 0.060439 0.174776 0.089611
v 0.069944 0.174776 0.108510
v 0.047076 0.174776 0.097345
v 0.050863 0.174777 0.118824
v 0.034050 0.174776 0.102508
v 0.034051 0.174775 0.124436
v 0.005051 0.084776 -0.054772
v 0.013810 0.084773 -0.053382
v 0.005080 0.074994 -0.054868
v 0.005051 0.132472 -0.060306
v 0.005051 0.084776 -0.054772
v 0.005051 0.078573 -0.058161
v 0.005051 0.139776 -0.081961
v 0.005051 0.124776 -0.049749
v 0.005050 0.084776 -0.049780
v 0.005080 0.074994 -0.054868
v -0.008217 0.244776 0.054375
v 0.000051 0.244776 0.055000
v -0.008131 0.259776 0.054388
v 0.000185 0.259777 0.055000
v 0.008318 0.244776 0.054375
v 0.008502 0.259776 0.054347
v -0.016262 0.259776 0.052525
v -0.016296 0.244776 0.052514
v -0.022779 0.259765 0.050075
v -0.022868 0.244776 0.050008
v 0.016398 0.244776 0.052514
v 0.016614 0.259778 0.052447
v 0.022977 0.244777 0.050034
v 0.022884 0.259806 0.050042
v -0.004949 0.139776 -0.081961
v -0.004950 0.078709 -0.058213
v -0.004949 0.124776 -0.060293
v -0.004949 0.084776 -0.054786
v -0.004949 0.139776 -0.060308
v -0.004952 0.074722 -0.054772
v -0.004939 0.084776 -0.049896
v -0.004949 0.124776 -0.049779
v -0.004949 0.139776 -0.081961
v 0.000267 0.139776 -0.060507
v 0.005051 0.139776 -0.081961
v -0.004949 0.139776 -0.060308
v 0.025050 0.244754 0.039184
v 0.025015 0.259750 0.047388
v 0.024971 0.244778 0.047266
v 0.025056 0.259758 0.037397
v 0.024484 0.243496 0.037815
v 0.007903 0.244768 0.046297
v 0.000051 0.244776 0.055000
v -0.008217 0.244776 0.054375
v -0.012473 0.244775 0.045244
v 0.008318 0.244776 0.054375
v -0.016296 0.244776 0.052514
v -0.022868 0.244776 0.050008
v -0.024908 0.244779 0.047220
v -0.024727 0.244466 0.037660
v 0.016398 0.244776 0.052514
v 0.022977 0.244777 0.050034
v 0.024971 0.244778 0.047266
v 0.025050 0.244754 0.039184
v 0.011803 0.139776 -0.123740
v 0.007550 0.139776 -0.110767
v 0.002619 0.139780 -0.118980
v 0.017828 0.139776 -0.098056
v 0.007515 0.139616 -0.097862
v -0.002517 0.139780 -0.118981
v -0.013006 0.139776 -0.123491
v -0.007449 0.139776 -0.110768
v -0.007464 0.139748 -0.097936
v -0.017726 0.139776 -0.098056
v -0.029949 0.139776 -0.089497
v -0.029949 0.139776 -0.120316
v 0.030049 0.139776 -0.120344
v 0.030051 0.139776 -0.089497
v 0.026237 0.124631 -0.092166
v 0.017021 0.122392 -0.091296
v 0.007515 0.139616 -0.097862
v 0.012124 0.073478 -0.072272
v 0.001369 0.065045 -0.068994
v 0.017828 0.139776 -0.098056
v 0.006844 0.054785 -0.065002
v -0.001132 0.064713 -0.068872
v -0.006831 0.054776 -0.064998
v 0.000051 0.069196 -0.073827
v -0.012833 0.076415 -0.073414
v -0.016921 0.122390 -0.091295
v -0.021338 0.107486 -0.085498
v -0.026058 0.124774 -0.092221
v -0.017726 0.139776 -0.098056
v -0.007464 0.139748 -0.097936
v -0.039242 0.104776 -0.019997
v -0.025064 0.104776 -0.014500
v -0.021070 0.104776 -0.019994
v -0.028137 0.104776 -0.007224
v -0.042839 0.104778 -0.010391
v -0.042876 0.104777 -0.004500
v -0.040889 0.104773 -0.001107
v -0.028947 0.104768 0.003241
v -0.041609 0.104842 0.002996
v -0.043723 0.104096 0.005193
v -0.041904 0.104811 0.013541
v -0.026199 0.104780 0.012644
v -0.039141 0.104776 0.020000
v -0.021054 0.104776 0.019996
v -0.027200 0.089776 -0.009919
v -0.028509 0.089776 -0.005036
v -0.042358 0.089727 -0.012084
v -0.039141 0.089776 -0.020000
v -0.043658 0.090376 -0.005046
v -0.025064 0.089776 -0.014500
v -0.021073 0.089777 -0.019953
v -0.042126 0.089730 -0.003660
v -0.040818 0.089778 -0.000244
v -0.028949 0.089776 0.000000
v -0.028509 0.089776 0.005036
v -0.042399 0.089769 0.004022
v -0.042719 0.089775 0.010854
v -0.027200 0.089776 0.009919
v -0.025064 0.089776 0.014500
v -0.039141 0.089776 0.020000
v -0.021118 0.089777 0.019919
v -0.042358 0.089727 -0.012084
v -0.042839 0.104778 -0.010391
v -0.039242 0.104776 -0.019997
v -0.039141 0.089776 -0.020000
v -0.043658 0.090376 -0.005046
v -0.042876 0.104777 -0.004500
v -0.021070 0.104776 -0.019994
v -0.039141 0.089776 -0.020000
v -0.039242 0.104776 -0.019997
v -0.021073 0.089777 -0.019953
v 0.124092 0.206895 -0.030000
v 0.093346 0.189776 -0.030000
v 0.102976 0.231740 -0.030000
v 0.124115 0.189776 -0.030000
v 0.093346 0.231776 -0.030000
v 0.039242 0.104776 -0.020000
v 0.039242 0.089776 -0.020000
v 0.021185 0.089777 -0.019957
v 0.021165 0.104776 -0.019991
v 0.041869 0.104776 -0.013949
v 0.043786 0.104127 -0.005281
v 0.042848 0.089774 -0.010750
v 0.042307 0.089776 -0.003725
v 0.039242 0.089776 -0.020000
v 0.039242 0.104776 -0.020000
v -0.050708 0.136789 -0.031970
v -0.054743 0.139778 -0.016825
v -0.047818 0.139776 -0.031000
v -0.055349 0.136790 -0.023010
v -0.044637 0.136786 -0.040020
v -0.038315 0.139777 -0.042370
v -0.058422 0.136789 -0.013400
v -0.059842 0.136786 -0.003410
v -0.057080 0.139777 0.002908
v -0.059569 0.136784 0.006674
v -0.057608 0.136783 0.016573
v -0.053737 0.139776 0.019039
v -0.054040 0.136765 0.025954
v -0.047916 0.139777 0.031000
v -0.048883 0.136776 0.034720
v -0.042392 0.136773 0.042413
v -0.040254 0.139776 0.040305
v -0.034658 0.136778 0.048940
v -0.028227 0.139777 0.049699
v -0.025948 0.136782 0.054070
v -0.016509 0.136784 0.057663
v -0.011095 0.139777 0.056150
v -0.006606 0.136786 0.059621
v 0.003479 0.136788 0.059892
v 0.008521 0.139778 0.056669
v 0.013464 0.136789 0.058471
v 0.023069 0.136788 0.055398
v 0.026257 0.139777 0.050746
v 0.032018 0.136787 0.050762
v 0.038032 0.139776 0.042502
v 0.040031 0.136776 0.044739
v 0.046980 0.136790 0.037367
v 0.048201 0.139777 0.031000
v 0.052559 0.136795 0.029010
v 0.056684 0.136785 0.019791
v 0.053852 0.139776 0.018826
v 0.059201 0.136783 0.010021
v 0.056981 0.139776 0.004677
v 0.060051 0.136776 0.000000
v 0.055598 0.139777 -0.013975
v 0.059139 0.136776 -0.010419
v 0.056432 0.136776 -0.020521
v 0.048071 0.139776 -0.030999
v 0.052012 0.136776 -0.030000
v 0.046013 0.136776 -0.038567
v 0.039153 0.139777 -0.041548
v 0.038618 0.136776 -0.045963
v 0.024536 0.139778 -0.051810
v 0.030051 0.136776 -0.051962
v 0.020572 0.136776 -0.056382
v 0.005178 0.139777 -0.057024
v 0.010469 0.136776 -0.059088
v 0.000051 0.136776 -0.060000
v -0.013366 0.139777 -0.055584
v -0.009987 0.136782 -0.059150
v -0.019741 0.136786 -0.056634
v -0.027521 0.139776 -0.049888
v -0.028937 0.136788 -0.052522
v -0.037316 0.136790 -0.046929
v -0.028110 0.044776 -0.024000
v -0.026689 0.047776 -0.021000
v -0.039834 0.047775 -0.020998
v -0.041719 0.044777 -0.023990
v -0.019949 0.074776 -0.040338
v -0.019949 0.047778 -0.027484
v -0.019934 0.047750 -0.040505
v -0.019949 0.074776 -0.027495
v -0.042399 0.089769 0.004022
v -0.042719 0.089775 0.010854
v -0.043723 0.104096 0.005193
v -0.041904 0.104811 0.013541
v -0.039141 0.089776 0.020000
v -0.039141 0.104776 0.020000
v -0.039141 0.104776 0.020000
v -0.039141 0.089776 0.020000
v -0.021054 0.104776 0.019996
v -0.021118 0.089777 0.019919
v 0.005053 0.078958 0.058316
v 0.005051 0.139776 0.081961
v 0.013281 0.103221 0.067745
v 0.010321 0.147590 0.085000
v -0.004949 0.139776 0.081961
v -0.010220 0.147590 0.085000
v -0.020959 0.128255 0.077481
v -0.012365 0.100703 0.066804
v 0.010321 0.154776 0.085000
v -0.010220 0.154776 0.085000
v -0.004923 0.076662 0.057185
v 0.021060 0.128255 0.077481
v 0.000901 0.124776 -0.050006
v -0.004949 0.124776 -0.049779
v -0.004939 0.084776 -0.049896
v 0.005050 0.084776 -0.049780
v 0.005051 0.124776 -0.049749
v -0.034418 0.069291 0.042842
v -0.028818 0.084776 0.046792
v -0.036539 0.084775 0.041171
v -0.037161 0.072093 0.040538
v -0.030543 0.068653 0.045757
v -0.027535 0.069894 0.047605
v -0.024478 0.075031 0.049219
v -0.042393 0.084776 0.034940
v -0.038760 0.069841 0.038980
v -0.040476 0.059769 0.037265
v -0.044816 0.059776 0.031812
v -0.047855 0.065669 0.027232
v -0.047011 0.084776 0.028584
v -0.051184 0.080816 0.020000
v -0.051184 0.072103 0.020000
v -0.053212 0.084767 0.015196
v -0.022959 0.084775 0.049969
v 0.099169 0.139777 -0.009572
v 0.094958 0.129769 -0.005414
v 0.101977 0.129772 -0.010723
v 0.094882 0.139777 -0.004502
v 0.104671 0.139776 -0.011086
v 0.108563 0.129776 -0.010559
v 0.109553 0.139777 -0.010169
v 0.093965 0.139776 0.000379
v 0.094327 0.129772 0.003076
v 0.095458 0.139777 0.005834
v 0.099518 0.129793 0.009999
v 0.100370 0.139772 0.010082
v 0.112476 0.129776 -0.008180
v 0.114622 0.139776 -0.005881
v 0.115774 0.129772 -0.003073
v 0.116136 0.139776 -0.000379
v 0.115610 0.129776 0.003519
v 0.114981 0.139777 0.005043
v 0.112191 0.129775 0.008655
v 0.111706 0.139776 0.008756
v 0.106622 0.139908 0.011167
v 0.106737 0.129776 0.010937
v 0.005040 0.084776 0.049897
v -0.000802 0.124777 0.050005
v 0.005050 0.124776 0.049783
v -0.004949 0.084776 0.049779
v -0.004949 0.124776 0.049749
v -0.004952 0.132471 0.060306
v -0.004949 0.139776 0.081961
v -0.000169 0.139776 0.060507
v 0.106622 0.139908 0.011167
v 0.099518 0.129793 0.009999
v 0.100370 0.139772 0.010082
v 0.106737 0.129776 0.010937
v 0.013607 0.084763 0.053508
v 0.005051 0.084776 0.054786
v 0.005053 0.074723 0.054772
v 0.032854 -0.010249 0.030666
v 0.031017 -0.005154 0.039513
v 0.023844 -0.010224 0.038428
v 0.040281 -0.005225 0.029835
v 0.040889 -0.010222 0.019471
v 0.046300 -0.005291 0.019118
v 0.049102 -0.005242 0.009604
v 0.044446 -0.010224 0.007274
v 0.021018 -0.005270 0.045460
v 0.010059 -0.010225 0.044097
v 0.013307 -0.005224 0.048211
v 0.050102 -0.005250 0.001484
v 0.044974 -0.010225 -0.004907
v 0.049163 -0.005227 -0.009974
v 0.041834 -0.010224 -0.016841
v 0.045500 -0.005193 -0.021074
v 0.037231 -0.010226 -0.025557
v 0.041024 -0.005132 -0.028772
v 0.037455 -0.005186 -0.033224
v 0.030574 -0.010253 -0.032742
v 0.030373 -0.005220 -0.039864
v 0.019746 -0.010223 -0.040850
v 0.018952 -0.005179 -0.046430
v 0.010042 -0.005236 -0.048991
v 0.007222 -0.010224 -0.044420
v 0.000868 -0.010224 -0.045066
v 0.001854 -0.005223 -0.050081
v -0.011606 -0.010226 -0.043789
v -0.009773 -0.005257 -0.049127
v -0.020523 -0.005237 -0.045638
v -0.025228 -0.010225 -0.037360
v -0.027700 -0.005218 -0.041568
v -0.035438 -0.005276 -0.035295
v -0.032889 -0.010244 -0.030600
v -0.041523 -0.005240 -0.027745
v -0.040781 -0.010225 -0.019330
v -0.046077 -0.005311 -0.019492
v -0.044362 -0.010224 -0.007277
v -0.048988 -0.005237 -0.009686
v -0.049992 -0.005249 -0.001589
v -0.044840 -0.010225 0.005109
v -0.049073 -0.005230 0.009874
v -0.041747 -0.010224 0.016805
v -0.045616 -0.005245 0.020566
v -0.036845 -0.010226 0.025931
v -0.041286 -0.005221 0.028126
v -0.035662 -0.005212 0.035141
v -0.030461 -0.010254 0.032730
v -0.024872 -0.010226 0.037550
v -0.027626 -0.005256 0.041622
v -0.016158 -0.010225 0.042146
v -0.018738 -0.005243 0.046430
v -0.009867 -0.005227 0.049007
v -0.007118 -0.010225 0.044422
v -0.000752 -0.010224 0.045057
v -0.001808 -0.005259 0.050036
v 0.006170 -0.005231 0.049617
v 0.046702 0.186779 0.097611
v 0.047076 0.174776 0.097345
v 0.060439 0.174776 0.089611
v 0.060567 0.186716 0.089548
v 0.034050 0.174776 0.102508
v 0.034050 0.186777 0.102508
v 0.069081 0.174776 0.083060
v 0.070391 0.186719 0.082018
v 0.079584 0.174777 0.073266
v 0.080454 0.186744 0.072233
v 0.089117 0.174776 0.061196
v 0.088965 0.186717 0.061455
v 0.095461 0.174776 0.050681
v 0.095588 0.186743 0.050503
v 0.099549 0.174776 0.042000
v 0.099549 0.186776 0.042000
v 0.020051 0.074776 0.027496
v 0.012175 0.074772 0.031895
v 0.016234 0.084776 0.030076
v 0.023399 0.084776 0.024776
v 0.020051 0.047779 0.027484
v 0.023731 0.047762 0.024405
v 0.004804 0.084778 0.033925
v 0.002394 0.074777 0.034021
v 0.026790 0.084776 0.021000
v -0.004727 0.074777 0.033728
v -0.004980 0.084776 0.033682
v -0.014321 0.074764 0.031116
v 0.026790 0.047776 0.021000
v -0.011667 0.084776 0.032003
v -0.020086 0.084782 0.027450
v -0.027128 0.074776 0.021259
v -0.026689 0.084776 0.021000
v 0.128929 0.184746 0.036789
v 0.129087 0.169925 0.036776
v 0.100901 0.154776 -0.020099
v 0.099778 0.139776 -0.019875
v 0.106730 0.139778 -0.020575
v 0.096339 0.154777 -0.018633
v 0.107358 0.154776 -0.020476
v 0.113602 0.139777 -0.018738
v 0.113969 0.154776 -0.018532
v 0.119383 0.139776 -0.014824
v 0.118066 0.154778 -0.015448
v 0.120755 0.154776 -0.013177
v 0.123556 0.139776 -0.008982
v 0.123637 0.154772 -0.008494
v 0.125498 0.139776 -0.002443
v 0.125582 0.154746 -0.001936
v 0.125066 0.139776 0.005012
v 0.124962 0.154742 0.005512
v 0.121926 0.139776 0.011804
v 0.121737 0.154745 0.012097
v 0.117131 0.139777 0.016661
v 0.118009 0.154785 0.015646
v 0.112532 0.154777 0.019218
v 0.108958 0.139773 0.020322
v 0.105118 0.154777 0.020628
v 0.100057 0.139776 0.019967
v 0.096392 0.154786 0.018775
v 0.093609 0.139776 0.017133
v 0.091546 0.154773 0.015140
v 0.088386 0.139776 0.012059
v 0.087896 0.154762 0.010907
v 0.084828 0.139832 0.004657
v 0.085011 0.154768 0.003047
v 0.084866 0.154796 -0.002764
v 0.085249 0.139772 -0.006087
v 0.086454 0.154750 -0.008854
v 0.090036 0.139776 -0.014093
v 0.089709 0.154810 -0.013687
v 0.094801 0.139776 -0.017754
v 0.103672 0.141806 -0.020016
v 0.096622 0.141785 -0.018346
v 0.102199 0.174777 -0.019856
v 0.108867 0.174776 -0.019742
v 0.109044 0.141738 -0.019630
v 0.096371 0.174776 -0.018062
v 0.114308 0.141718 -0.017825
v 0.113669 0.174776 -0.018048
v 0.118036 0.174777 -0.015350
v 0.118066 0.154778 -0.015448
v 0.119107 0.141753 -0.014295
v 0.123637 0.154772 -0.008494
v 0.122613 0.141752 -0.009721
v 0.124594 0.141744 -0.004490
v 0.125144 0.154777 0.000154
v 0.125074 0.141797 0.001148
v 0.123630 0.154761 0.008006
v 0.123816 0.141825 0.007253
v 0.120383 0.141772 0.012881
v 0.118009 0.154785 0.015646
v 0.116457 0.141781 0.016428
v 0.118223 0.174777 0.015284
v 0.112109 0.174775 0.018836
v 0.111471 0.141810 0.019023
v 0.106048 0.174776 0.020032
v 0.106007 0.141772 0.020017
v 0.100849 0.141771 0.019634
v 0.100792 0.174775 0.019615
v 0.096367 0.154777 0.018021
v 0.092631 0.141804 0.016046
v 0.091546 0.154773 0.015140
v 0.087896 0.154762 0.010907
v 0.096467 0.174776 0.018080
v 0.087324 0.141752 0.009418
v 0.085011 0.154768 0.003047
v 0.085044 0.141917 0.002721
v 0.084866 0.154796 -0.002764
v 0.085646 0.141686 -0.005569
v 0.089709 0.154810 -0.013687
v 0.089699 0.141703 -0.012996
v 0.096622 0.141785 -0.018346
v 0.096379 0.154776 -0.018022
v 0.096371 0.174776 -0.018062
v -0.075576 0.139776 -0.005000
v -0.060457 0.139776 -0.000219
v -0.060256 0.131182 -0.005000
v 0.093346 0.154776 -0.030000
v 0.093484 0.174777 -0.029995
v 0.096339 0.154777 -0.018633
v 0.096371 0.174776 -0.018062
v 0.096379 0.154776 -0.018022
v 0.008486 0.046858 0.053077
v 0.006853 0.054779 0.064995
v -0.008196 0.046845 0.053224
v -0.006875 0.054779 0.065001
v 0.115421 0.174775 -0.029996
v 0.108867 0.174776 -0.019742
v 0.102199 0.174777 -0.019856
v 0.093484 0.174777 -0.029995
v 0.096371 0.174776 -0.018062
v 0.113669 0.174776 -0.018048
v 0.118036 0.174777 -0.015350
v 0.115421 0.174775 -0.029996
v 0.093484 0.174777 -0.029995
v 0.093346 0.154776 -0.030000
v 0.115323 0.154776 -0.029994
v 0.096339 0.154777 -0.018633
v 0.100901 0.154776 -0.020099
v 0.093346 0.154776 -0.030000
v 0.107358 0.154776 -0.020476
v 0.115323 0.154776 -0.029994
v 0.113969 0.154776 -0.018532
v 0.118066 0.154778 -0.015448
v 0.118066 0.154778 -0.015448
v 0.118036 0.174777 -0.015350
v 0.115421 0.174775 -0.029996
v 0.115323 0.154776 -0.029994
v -0.082949 0.079776 0.038500
v -0.080513 0.084210 0.043500
v -0.128386 0.114727 0.038489
v -0.125994 0.119783 0.042723
v -0.069504 0.074883 0.038500
v -0.072890 0.081436 0.043500
v -0.016920 0.122392 0.091296
v -0.007353 0.139673 0.097926
v -0.026169 0.124578 0.092140
v -0.013909 0.080367 0.074947
v -0.001268 0.065045 0.068994
v -0.017726 0.139776 0.098056
v -0.006875 0.054779 0.065001
v 0.006853 0.054779 0.064995
v 0.001232 0.064715 0.068874
v 0.013651 0.078955 0.074402
v 0.017022 0.122390 0.091295
v 0.021439 0.107487 0.085499
v 0.000051 0.069196 0.073827
v 0.026158 0.124776 0.092222
v 0.017828 0.139776 0.098056
v 0.007565 0.139750 0.097936
v -0.083185 0.174777 0.098713
v -0.074654 0.169775 0.111244
v -0.070735 0.174777 0.107937
v -0.062116 0.169771 0.118707
v -0.086302 0.169776 0.102466
v -0.051218 0.174777 0.118647
v -0.048847 0.169769 0.124760
v -0.028808 0.170076 0.130925
v -0.033948 0.174778 0.124447
v -0.096932 0.169773 0.092469
v -0.094384 0.174776 0.087994
v -0.106413 0.169769 0.081374
v -0.108248 0.174777 0.070548
v -0.114619 0.169772 0.069332
v -0.121470 0.169782 0.056427
v -0.117689 0.174776 0.052928
v -0.128915 0.169978 0.036815
v -0.121917 0.174775 0.042001
v 0.042106 0.019779 -0.016746
v 0.045288 0.019778 -0.001072
v 0.049515 0.014784 -0.007720
v 0.046697 0.014765 -0.018332
v 0.043029 0.014747 -0.025588
v 0.034727 0.019776 -0.028840
v 0.038259 0.014767 -0.032251
v 0.032287 0.014776 -0.038220
v 0.026515 0.019777 -0.036513
v 0.025205 0.014745 -0.043242
v 0.012530 0.019780 -0.043650
v 0.017773 0.014776 -0.046754
v 0.009641 0.014779 -0.049071
v 0.000444 0.014806 -0.050022
v -0.005072 0.019777 -0.044989
v -0.007574 0.014754 -0.049485
v -0.014772 0.014779 -0.047749
v -0.019035 0.019776 -0.040907
v -0.023519 0.014796 -0.044221
v -0.027601 0.019776 -0.035567
v -0.032423 0.014779 -0.038086
v -0.036526 0.019777 -0.026691
v -0.040590 0.014780 -0.029423
v -0.046639 0.014775 -0.018331
v -0.042628 0.019776 -0.014545
v -0.049120 0.014776 -0.009068
v -0.045073 0.019776 -0.002576
v -0.050071 0.014790 0.000376
v -0.043609 0.019778 0.011953
v -0.048626 0.014759 0.011460
v -0.045583 0.014741 0.020711
v -0.037975 0.019776 0.024208
v -0.041910 0.014764 0.027207
v -0.035456 0.014756 0.035483
v -0.029315 0.019778 0.034409
v -0.025442 0.014763 0.043146
v -0.016588 0.019777 0.042023
v -0.012933 0.014766 0.048452
v -0.005917 0.019776 0.044657
v -0.001377 0.014728 0.050080
v 0.004632 0.019777 0.044913
v 0.010182 0.014790 0.049084
v 0.018573 0.019777 0.041311
v 0.021029 0.014712 0.045502
v 0.030402 0.014821 0.039846
v 0.030011 0.019777 0.033707
v 0.037728 0.014753 0.032906
v 0.038151 0.019777 0.024368
v 0.043286 0.014818 0.025297
v 0.047571 0.014787 0.015746
v 0.043267 0.019776 0.012992
v 0.049560 0.014790 0.007254
v 0.050073 0.014771 -0.000732
v -0.094699 0.139776 -0.017754
v -0.091269 0.154743 -0.015059
v -0.096188 0.154781 -0.018681
v -0.090032 0.139776 -0.014191
v -0.087042 0.154789 -0.009813
v -0.086322 0.139776 -0.008725
v -0.084858 0.154779 -0.004446
v -0.084506 0.139776 -0.002223
v -0.084490 0.154794 0.002814
v -0.099956 0.139776 -0.019967
v -0.104747 0.154777 -0.020606
v -0.106789 0.139776 -0.020502
v -0.112356 0.154775 -0.019267
v -0.113857 0.139775 -0.018593
v -0.117894 0.154791 -0.015688
v -0.119793 0.139776 -0.014236
v -0.121211 0.154823 -0.012251
v -0.084761 0.139776 0.003560
v -0.086353 0.139776 0.008880
v -0.086671 0.154762 0.008802
v -0.090477 0.154753 0.014376
v -0.091640 0.139778 0.015925
v -0.096324 0.162811 0.018240
v -0.099429 0.139776 0.019861
v -0.101909 0.154778 0.020358
v -0.106738 0.139776 0.020527
v -0.108610 0.154776 0.020234
v -0.113569 0.139777 0.018698
v -0.114240 0.154776 0.018359
v -0.120428 0.139775 0.013768
v -0.117938 0.154777 0.015474
v -0.120777 0.154775 0.012893
v -0.123602 0.154781 0.008636
v -0.124213 0.139776 0.007011
v -0.124883 0.154781 0.003950
v -0.125646 0.139776 -0.000806
v -0.125146 0.154801 -0.002245
v -0.124199 0.141884 -0.006239
v -0.123600 0.139776 -0.008690
v -0.005884 0.159776 0.118852
v -0.002523 0.154776 0.124200
v -0.018695 0.159792 0.117545
v -0.022011 0.154788 0.121886
v -0.021915 0.159761 0.114708
v -0.026917 0.154776 0.115051
v -0.024073 0.157654 0.079563
v -0.026950 0.154776 0.078485
v -0.021973 0.159753 0.082339
v 0.005977 0.159770 0.118853
v 0.021958 0.154791 0.122222
v 0.019645 0.159702 0.117378
v 0.022074 0.159753 0.082281
v 0.027021 0.154777 0.115264
v 0.022038 0.159794 0.113955
v 0.021958 0.154791 0.122222
v 0.019645 0.159702 0.117378
v 0.024254 0.157576 0.079549
v 0.027051 0.154776 0.078486
v -0.100652 0.141744 -0.019592
v -0.096161 0.154783 -0.018001
v -0.095202 0.141764 -0.017521
v -0.100257 0.174775 -0.019495
v -0.106348 0.174776 -0.020059
v -0.106841 0.141820 -0.019992
v -0.112887 0.174777 -0.018466
v -0.111790 0.141778 -0.018794
v -0.096406 0.174777 -0.018100
v -0.116372 0.141696 -0.016456
v -0.118165 0.174777 -0.015097
v -0.117894 0.154791 -0.015688
v -0.121347 0.141851 -0.011614
v -0.091269 0.154743 -0.015059
v -0.090856 0.141779 -0.014258
v -0.087042 0.154789 -0.009813
v -0.086363 0.141837 -0.007874
v -0.084655 0.154738 -0.000077
v -0.084847 0.141728 0.000276
v -0.086157 0.141807 0.007020
v -0.086671 0.154762 0.008802
v -0.088794 0.141775 0.011881
v -0.090477 0.154753 0.014376
v -0.093795 0.141672 0.016707
v -0.096324 0.162811 0.018240
v -0.099303 0.141768 0.019176
v -0.100169 0.174776 0.019468
v -0.105351 0.141780 0.020133
v -0.106901 0.174777 0.020019
v -0.113297 0.141626 0.018379
v -0.113414 0.174776 0.018187
v -0.118160 0.174778 0.015103
v -0.117938 0.154777 0.015474
v -0.120623 0.141716 0.012598
v -0.120777 0.154775 0.012893
v -0.123917 0.141790 0.006576
v -0.124883 0.154781 0.003950
v -0.124984 0.141773 0.000944
v -0.125146 0.154801 -0.002245
v -0.124199 0.141884 -0.006239
v -0.093245 0.174776 -0.030000
v -0.115106 0.174776 -0.030000
v -0.115218 0.154776 -0.029997
v -0.093335 0.154776 -0.029995
v -0.104747 0.154777 -0.020606
v -0.096188 0.154781 -0.018681
v -0.093335 0.154776 -0.029995
v -0.115218 0.154776 -0.029997
v -0.112356 0.154775 -0.019267
v -0.117894 0.154791 -0.015688
v -0.093245 0.174776 -0.030000
v -0.100257 0.174775 -0.019495
v -0.106348 0.174776 -0.020059
v -0.115106 0.174776 -0.030000
v -0.112887 0.174777 -0.018466
v -0.118165 0.174777 -0.015097
v -0.096406 0.174777 -0.018100
v -0.093245 0.174776 -0.030000
v -0.093335 0.154776 -0.029995
v -0.096406 0.174777 -0.018100
v -0.096188 0.154781 -0.018681
v -0.096161 0.154783 -0.018001
v -0.118165 0.174777 -0.015097
v -0.117894 0.154791 -0.015688
v -0.115218 0.154776 -0.029997
v -0.115106 0.174776 -0.030000
v 0.122641 0.116533 0.043497
v 0.080614 0.084210 0.043500
v 0.083051 0.079776 0.038500
v 0.069606 0.074883 0.038500
v 0.072991 0.081436 0.043500
v 0.126357 0.117508 0.042006
v 0.128400 0.114663 0.038505
v -0.039834 0.047775 -0.020998
v -0.026689 0.047776 -0.021000
v -0.039749 0.084776 -0.021000
v -0.026689 0.084776 -0.021000
v -0.028802 0.170030 -0.130983
v -0.033950 0.174775 -0.124436
v -0.028792 0.184757 -0.130859
v -0.033949 0.186777 -0.124439
v -0.030836 0.189785 -0.125559
v -0.062098 0.169764 -0.118716
v -0.069843 0.174777 -0.108510
v -0.050763 0.174777 -0.118824
v -0.074630 0.169766 -0.111260
v -0.048835 0.169763 -0.124764
v -0.028802 0.170030 -0.130983
v -0.033950 0.174775 -0.124436
v -0.082531 0.174777 -0.099260
v -0.086302 0.169776 -0.102465
v -0.096895 0.169783 -0.092505
v -0.099113 0.174777 -0.082924
v -0.106388 0.169777 -0.081406
v -0.114599 0.169779 -0.069365
v -0.114617 0.174776 -0.059865
v -0.121459 0.169790 -0.056449
v -0.129006 0.169929 -0.036715
v -0.121931 0.174779 -0.041999
v -0.080513 0.084210 -0.043500
v -0.082949 0.079776 -0.038500
v -0.126119 0.118632 -0.042463
v -0.128299 0.114663 -0.038505
v -0.072890 0.081436 -0.043500
v -0.069504 0.074883 -0.038500
v -0.122782 0.116716 -0.043492
v 0.040051 0.264776 0.000000
v 0.044383 0.259791 0.007631
v 0.045051 0.259776 0.000000
v 0.038896 0.264771 0.009887
v 0.042559 0.259780 0.014751
v 0.034127 0.264780 0.021216
v 0.039552 0.259785 0.021539
v 0.035443 0.259780 0.027787
v 0.038895 0.264782 -0.010388
v 0.044425 0.259780 -0.007456
v 0.042560 0.259782 -0.014749
v 0.039552 0.259784 -0.021539
v 0.033179 0.264782 -0.022628
v 0.035463 0.259782 -0.027755
v 0.030186 0.259824 -0.033364
v 0.026967 0.264776 0.029589
v 0.030288 0.259814 0.033279
v 0.025056 0.259758 0.037397
v 0.020057 0.264776 0.034792
v 0.026967 0.264776 -0.029589
v 0.025054 0.259761 -0.037396
v 0.020057 0.264776 -0.034792
v 0.048511 0.092138 0.004995
v 0.039850 0.084776 0.021000
v 0.053331 0.084776 0.005000
v 0.060357 0.131183 0.005000
v 0.075677 0.139776 0.005000
v 0.060558 0.139776 0.000217
v -0.021921 0.159784 -0.114429
v -0.021977 0.159751 -0.082112
v -0.026915 0.154777 -0.115477
v -0.021584 0.154786 -0.122190
v -0.018834 0.159741 -0.117503
v -0.006470 0.159769 -0.118821
v 0.001754 0.154774 -0.124260
v -0.024155 0.157571 -0.079543
v -0.026948 0.154776 -0.078486
v 0.006575 0.159770 -0.118821
v 0.019017 0.159783 -0.117512
v 0.020739 0.154778 -0.122235
v 0.026547 0.154777 -0.117183
v 0.022017 0.159762 -0.114358
v 0.027298 0.154779 -0.079637
v 0.024312 0.157415 -0.079462
v 0.022076 0.159753 -0.082298
v 0.122712 0.116595 -0.043498
v 0.083051 0.079776 -0.038500
v 0.080614 0.084210 -0.043500
v 0.072991 0.081436 -0.043500
v 0.069606 0.074883 -0.038500
v 0.125837 0.118155 -0.042493
v 0.128485 0.114737 -0.038627
v -0.053230 0.084776 -0.005000
v -0.048410 0.092138 -0.004995
v -0.039749 0.084776 -0.021000
v 0.104078 0.139754 -0.018540
v 0.092466 0.139776 -0.013129
v 0.096622 0.141785 -0.018346
v 0.089699 0.141703 -0.012996
v 0.087086 0.139775 -0.004052
v 0.085646 0.141686 -0.005569
v 0.085044 0.141917 0.002721
v 0.088119 0.139772 0.006666
v 0.103672 0.141806 -0.020016
v 0.109044 0.141738 -0.019630
v 0.114308 0.141718 -0.017825
v 0.116223 0.139771 -0.014467
v 0.119107 0.141753 -0.014295
v 0.122613 0.141752 -0.009721
v 0.122819 0.139766 -0.004866
v 0.087324 0.141752 0.009418
v 0.094865 0.139765 0.015452
v 0.092631 0.141804 0.016046
v 0.100849 0.141771 0.019634
v 0.106035 0.139775 0.018131
v 0.106007 0.141772 0.020017
v 0.111471 0.141810 0.019023
v 0.114824 0.139773 0.015435
v 0.116457 0.141781 0.016428
v 0.120383 0.141772 0.012881
v 0.121937 0.139776 0.007190
v 0.125074 0.141797 0.001148
v 0.123816 0.141825 0.007253
v 0.124594 0.141744 -0.004490
v 0.115207 0.174776 0.030000
v 0.115328 0.154775 0.029993
v 0.093346 0.154776 0.030000
v 0.093346 0.174776 0.030000
v 0.096392 0.154786 0.018775
v 0.093346 0.154776 0.030000
v 0.105118 0.154777 0.020628
v 0.115328 0.154775 0.029993
v 0.112532 0.154777 0.019218
v 0.118009 0.154785 0.015646
v 0.100792 0.174775 0.019615
v 0.093346 0.174776 0.030000
v 0.096467 0.174776 0.018080
v 0.106048 0.174776 0.020032
v 0.115207 0.174776 0.030000
v 0.112109 0.174775 0.018836
v 0.118223 0.174777 0.015284
v 0.093346 0.174776 0.030000
v 0.093346 0.154776 0.030000
v 0.096392 0.154786 0.018775
v 0.096467 0.174776 0.018080
v 0.096367 0.154777 0.018021
v 0.115328 0.154775 0.029993
v 0.115207 0.174776 0.030000
v 0.118223 0.174777 0.015284
v 0.118009 0.154785 0.015646
v -0.108610 0.154776 0.020234
v -0.115230 0.154776 0.029997
v -0.101909 0.154778 0.020358
v -0.093245 0.154776 0.030000
v -0.114240 0.154776 0.018359
v -0.117938 0.154777 0.015474
v -0.096324 0.162811 0.018240
v -0.093382 0.174777 0.029998
v -0.100169 0.174776 0.019468
v -0.093245 0.154776 0.030000
v -0.117938 0.154777 0.015474
v -0.118160 0.174778 0.015103
v -0.115230 0.154776 0.029997
v -0.115106 0.174776 0.030000
v -0.011606 -0.010226 -0.043789
v -0.005952 -0.010217 -0.015056
v -0.025228 -0.010225 -0.037360
v 0.000025 -0.010210 -0.017996
v 0.000868 -0.010224 -0.045066
v -0.002412 -0.010009 -0.007459
v 0.006368 -0.009967 -0.039592
v -0.002412 -0.010009 -0.007459
v -0.093382 0.174777 0.029998
v -0.093245 0.154776 0.030000
v -0.115230 0.154776 0.029997
v -0.115106 0.174776 0.030000
v -0.093382 0.174777 0.029998
v -0.115106 0.174776 0.030000
v -0.100169 0.174776 0.019468
v -0.106901 0.174777 0.020019
v -0.113414 0.174776 0.018187
v -0.118160 0.174778 0.015103
v -0.000169 0.139776 0.060507
v 0.000267 0.124776 0.060507
v -0.004952 0.132471 0.060306
v 0.005051 0.139776 0.060308
v 0.005051 0.124776 0.060293
v -0.029949 0.139776 -0.120316
v -0.029949 0.139776 -0.089497
v -0.034949 0.144776 -0.120316
v -0.034949 0.144776 -0.085996
v -0.026689 0.084776 -0.021000
v -0.023298 0.084776 -0.024776
v 0.084942 0.104476 -0.054776
v 0.056342 0.049215 -0.045689
v 0.050737 0.049212 -0.050736
v 0.079870 0.105612 -0.060139
v 0.088065 0.154776 -0.068333
v 0.093384 0.154776 -0.063014
v -0.008196 0.046845 0.053224
v -0.031597 0.103542 0.074649
v -0.039947 0.124894 0.082486
v -0.050637 0.049211 0.050736
v -0.079769 0.105612 0.060139
v -0.056241 0.049215 0.045689
v -0.084903 0.104608 0.054747
v -0.087963 0.154776 0.068333
v -0.093283 0.154776 0.063014
v 0.039858 0.174780 0.021006
v 0.050354 0.157882 0.021002
v 0.040103 0.162477 0.020949
v 0.043717 0.157386 0.020926
v 0.048103 0.154892 0.020984
v 0.056009 0.154796 0.021010
v -0.016295 0.259773 -0.052515
v -0.019863 0.264779 -0.046250
v -0.003337 0.264776 -0.050090
v -0.022784 0.259805 -0.050044
v -0.024915 0.259750 -0.047384
v -0.024955 0.259758 -0.037396
v -0.019957 0.264775 -0.034792
v -0.008217 0.259776 -0.054375
v 0.000051 0.259776 -0.055000
v 0.010100 0.264777 -0.049134
v 0.008317 0.259775 -0.054375
v 0.016399 0.259776 -0.052514
v 0.020051 0.264776 -0.045826
v 0.022887 0.259793 -0.050042
v 0.024996 0.259765 -0.047412
v 0.025054 0.259761 -0.037396
v 0.020057 0.264776 -0.034792
v 0.000267 0.139776 -0.060507
v 0.005051 0.132472 -0.060306
v 0.005051 0.139776 -0.081961
v -0.000169 0.124776 -0.060507
v 0.005051 0.132472 -0.060306
v 0.000267 0.139776 -0.060507
v -0.004949 0.139776 -0.060308
v -0.004949 0.124776 -0.060293
v -0.051177 0.080803 -0.020000
v -0.051259 0.072250 -0.020005
v -0.070541 0.109567 -0.020000
v -0.072685 0.122431 -0.020000
v -0.002517 0.139780 -0.118981
v -0.002528 0.120359 -0.093724
v -0.007632 0.129478 -0.097033
v -0.007449 0.139776 -0.110768
v 0.056342 0.049215 0.045689
v 0.084945 0.104477 0.054776
v 0.050739 0.049213 0.050736
v 0.079870 0.105612 0.060139
v 0.088065 0.154776 0.068333
v 0.093384 0.154776 0.063014
v 0.045295 0.044775 -0.016623
v 0.048352 0.044774 -0.000338
v 0.043627 0.047779 -0.011219
v 0.045059 0.047809 -0.002526
v 0.044726 0.047779 0.005358
v 0.045798 0.044777 0.014815
v 0.041271 0.047783 -0.018029
v 0.037765 0.047778 -0.024546
v 0.038088 0.044777 -0.029435
v 0.033284 0.047777 -0.030340
v 0.027706 0.044776 -0.039448
v 0.027923 0.047777 -0.035328
v 0.021832 0.047778 -0.039375
v 0.043497 0.047779 0.011712
v 0.039998 0.047781 0.020993
v 0.041620 0.044776 0.024000
v 0.016169 0.044776 -0.045213
v 0.015164 0.047779 -0.042383
v 0.005406 0.044778 -0.047915
v 0.004763 0.047784 -0.044933
v 0.010109 0.047779 0.043859
v 0.004698 0.074777 0.044905
v 0.014269 0.074777 0.042733
v 0.019443 0.059703 0.039920
v 0.004613 0.047786 0.044764
v 0.013996 0.044776 0.046041
v 0.005167 0.044777 0.047683
v 0.004613 0.047786 0.044764
v 0.010109 0.047779 0.043859
v 0.019443 0.059703 0.039920
v 0.060558 0.124776 -0.000220
v 0.060357 0.131183 0.005000
v 0.060558 0.139776 0.000217
v 0.060359 0.139776 -0.005000
v 0.060344 0.124776 -0.005000
v 0.050061 0.124781 0.000863
v 0.060357 0.131183 0.005000
v 0.060558 0.124776 -0.000220
v -0.050637 0.049214 -0.050737
v -0.056241 0.049215 -0.045689
v -0.079769 0.105612 -0.060139
v -0.084897 0.104589 -0.054750
v -0.087963 0.154776 -0.068333
v -0.093283 0.154776 -0.063014
v -0.060457 0.139776 -0.000219
v -0.060457 0.124776 0.000216
v -0.060256 0.131182 -0.005000
v -0.060258 0.139776 0.005000
v -0.060242 0.124776 0.005000
v -0.060256 0.131182 -0.005000
v -0.060457 0.124776 0.000216
v -0.049960 0.124781 -0.000863
v 0.053957 0.189778 -0.090376
v 0.071236 0.189776 -0.077186
v 0.062863 0.186783 -0.087848
v 0.051502 0.186789 -0.094945
v 0.034048 0.186839 -0.102732
v 0.031078 0.189775 -0.100615
v 0.073266 0.186777 -0.079394
v 0.082535 0.186780 -0.069712
v 0.085778 0.189778 -0.061028
v 0.090531 0.186783 -0.058959
v 0.099871 0.186796 -0.042004
v 0.097839 0.189775 -0.039027
v -0.070541 0.109567 0.020000
v -0.051184 0.072103 0.020000
v -0.051184 0.080816 0.020000
v -0.072685 0.122431 0.020000
v 0.044667 0.174863 -0.005996
v 0.054422 0.157472 -0.005999
v 0.044810 0.162479 -0.006027
v 0.047670 0.157537 -0.005997
v 0.052857 0.154826 -0.006005
v 0.059879 0.154786 -0.005984
v 0.026790 0.074776 -0.021000
v 0.039869 0.074773 -0.021064
v 0.039940 0.084776 -0.020997
v 0.026790 0.084776 -0.021000
v -0.005528 0.262768 -0.034807
v 0.009375 0.262776 -0.033916
v 0.003469 0.264753 -0.035226
v 0.014891 0.139776 0.123166
v 0.000541 0.144755 0.129054
v -0.006546 0.139773 0.124002
v -0.016256 0.144878 0.128156
v -0.029938 0.139775 0.120514
v -0.032580 0.144698 0.124783
v 0.017693 0.144726 0.127906
v 0.030051 0.139776 0.120316
v 0.032853 0.144803 0.124762
v -0.098947 0.092084 0.022315
v -0.113812 0.103538 0.021548
v -0.105019 0.098728 0.020577
v -0.099483 0.094009 0.019862
v -0.110496 0.104622 0.019868
v -0.120578 0.110296 0.015735
v -0.125328 0.112379 0.014323
v -0.095237 0.090730 0.018101
v -0.090491 0.086766 0.014740
v -0.086881 0.082804 0.012314
v 0.044791 0.163093 0.006023
v 0.053867 0.158264 0.006000
v 0.044668 0.174857 0.005996
v 0.047452 0.157728 0.006011
v 0.052719 0.154933 0.006018
v 0.059047 0.154824 0.005972
v -0.131908 0.184845 0.023498
v -0.128828 0.184746 0.036789
v -0.125789 0.189788 0.028514
v -0.122913 0.189776 0.039000
v 0.051287 0.080821 0.020000
v 0.051285 0.072103 0.020000
v 0.070642 0.109567 0.020000
v 0.072786 0.122431 0.020000
v 0.128929 0.184746 -0.036789
v 0.125890 0.189788 -0.028514
v 0.130406 0.184776 -0.030896
v 0.123014 0.189776 -0.039000
v 0.131992 0.184776 -0.023397
v 0.020057 0.264776 0.034792
v 0.019959 0.264786 0.046242
v 0.025056 0.259758 0.037397
v 0.025015 0.259750 0.047388
v 0.022884 0.259806 0.050042
v 0.016614 0.259778 0.052447
v 0.003488 0.264777 0.050088
v 0.008502 0.259776 0.054347
v 0.000185 0.259777 0.055000
v -0.009977 0.264777 0.049140
v -0.008131 0.259776 0.054388
v -0.016262 0.259776 0.052525
v -0.019949 0.264776 0.045826
v -0.022779 0.259765 0.050075
v -0.024893 0.259763 0.047434
v -0.024953 0.259760 0.037397
v -0.019956 0.264776 0.034792
v 0.040056 0.161393 -0.020982
v 0.050677 0.157420 -0.020998
v 0.039855 0.174985 -0.021004
v 0.047298 0.155187 -0.020941
v 0.057170 0.154779 -0.021007
v 0.030846 0.262776 0.017119
v 0.023811 0.262766 0.025488
v 0.026897 0.264701 0.023104
v 0.018986 0.264684 0.029873
v 0.015713 0.262776 0.031489
v 0.007792 0.264751 0.034587
v 0.005780 0.262777 0.034469
v -0.002930 0.262776 0.035096
v -0.007270 0.264735 0.034851
v -0.026689 0.084776 0.021000
v -0.027128 0.074776 0.021259
v -0.039763 0.074776 0.021042
v -0.039829 0.084776 0.020995
v -0.007270 0.264735 0.034851
v -0.002930 0.262776 0.035096
v -0.016385 0.262773 0.031189
v -0.130305 0.184776 -0.030896
v -0.125762 0.189792 -0.028536
v -0.128828 0.184746 -0.036789
v -0.122913 0.189776 -0.039000
v -0.131891 0.184776 -0.023397
v 0.039343 0.104776 0.019999
v 0.042459 0.089727 0.012085
v 0.042939 0.104778 0.010397
v 0.039242 0.089776 0.020000
v 0.043759 0.090376 0.005046
v 0.042986 0.104777 0.004473
v 0.125863 0.189792 0.028536
v 0.128929 0.184746 0.036789
v 0.130406 0.184776 0.030896
v 0.123014 0.189776 0.039000
v 0.131992 0.184776 0.023397
v 0.023056 0.044776 0.029079
v 0.023051 0.044776 0.042131
v 0.019443 0.059703 0.039920
v -0.039754 0.174824 -0.021007
v -0.050296 0.157821 -0.021001
v -0.039939 0.162921 -0.020969
v -0.042202 0.158235 -0.021003
v -0.048486 0.154818 -0.020996
v -0.056111 0.154798 -0.020990
v 0.045035 0.084763 0.002082
v 0.048511 0.092138 0.004995
v 0.050063 0.084776 -0.000424
v 0.111706 0.139776 0.008756
v 0.130295 0.142899 0.031500
v 0.130856 0.139776 0.029088
v -0.044566 0.174864 0.005995
v -0.054318 0.157477 0.005999
v -0.044688 0.162871 0.006026
v -0.047549 0.157304 0.005990
v -0.053335 0.154796 0.006005
v -0.059736 0.154800 0.005983
v -0.121931 0.174779 -0.041999
v -0.129006 0.169929 -0.036715
v -0.121921 0.186777 -0.042000
v -0.128828 0.184746 -0.036789
v -0.122913 0.189776 -0.039000
v -0.044706 0.162464 -0.006022
v -0.053764 0.158267 -0.006000
v -0.044568 0.174852 -0.005996
v -0.047992 0.157136 -0.006007
v -0.053520 0.154796 -0.006021
v -0.058919 0.154838 -0.005968
v -0.029938 0.139775 0.120514
v -0.034938 0.144774 0.121490
v -0.034949 0.144776 0.085996
v -0.029949 0.139776 0.089497
v -0.032580 0.144698 0.124783
v 0.000051 0.069196 0.073827
v -0.013763 0.119801 0.093506
v -0.001268 0.065045 0.068994
v -0.016920 0.122392 0.091296
v -0.033949 0.186777 0.124439
v -0.028808 0.170076 0.130925
v -0.028794 0.184760 0.130858
v -0.033948 0.174778 0.124447
v -0.030949 0.189776 0.125220
v -0.048410 0.092138 -0.004995
v -0.049962 0.084776 0.000424
v -0.044910 0.084756 -0.002094
v 0.034050 0.186777 -0.124439
v 0.034050 0.174778 -0.124447
v 0.028909 0.170076 -0.130925
v 0.028895 0.184760 -0.130858
v 0.031051 0.189776 -0.125220
v -0.010008 0.047779 -0.043859
v -0.019934 0.047750 -0.040505
v -0.013901 0.044776 -0.046039
v -0.022949 0.044776 -0.042131
v -0.004510 0.047790 -0.044765
v -0.005067 0.044777 -0.047682
v 0.103596 0.139775 -0.012288
v 0.098814 0.141773 -0.007968
v 0.094063 0.139788 -0.006148
v 0.096269 0.141750 -0.004854
v 0.102480 0.141766 -0.009704
v 0.105904 0.142019 -0.010016
v 0.094981 0.141825 -0.000931
v 0.093616 0.139774 0.004044
v 0.111717 0.139768 -0.010210
v 0.095549 0.141784 0.003272
v 0.097163 0.141778 0.006223
v 0.098882 0.139787 0.010472
v 0.099513 0.141782 0.008355
v 0.109095 0.141810 -0.009182
v 0.111796 0.141807 -0.007457
v 0.117231 0.139771 -0.002846
v 0.114221 0.141742 -0.004293
v 0.115029 0.141778 -0.000676
v 0.114736 0.141781 0.002738
v 0.115725 0.139774 0.005633
v 0.112987 0.141723 0.006169
v 0.110814 0.139787 0.010921
v 0.109892 0.141809 0.008834
v 0.105814 0.141549 0.010033
v 0.103522 0.139777 0.011996
v 0.102485 0.146857 0.009649
v 0.128929 0.184746 0.036789
v 0.122029 0.174779 0.041999
v 0.129087 0.169925 0.036776
v 0.122022 0.186777 0.042000
v 0.123014 0.189776 0.039000
v 0.066833 0.073874 -0.005000
v 0.055892 0.048773 -0.006142
v 0.069606 0.074883 -0.007000
v 0.054879 0.055093 -0.004999
v 0.064060 0.072864 -0.005000
v 0.066833 0.073874 0.005000
v 0.054972 0.055275 0.004991
v 0.064060 0.072864 0.005000
v 0.055006 0.048344 0.005549
v -0.128915 0.169978 0.036815
v -0.121917 0.174775 0.042001
v -0.128828 0.184746 0.036789
v -0.121921 0.186777 0.042000
v -0.122913 0.189776 0.039000
v 0.064060 0.072864 -0.005000
v 0.054972 0.055275 0.004991
v 0.054879 0.055093 -0.004999
v 0.055006 0.048344 0.005549
v 0.055892 0.048773 -0.006142
v 0.064060 0.072864 0.005000
v 0.030051 0.139776 0.089497
v 0.035046 0.144779 0.121464
v 0.030051 0.139776 0.120316
v 0.035051 0.144776 0.085996
v 0.032853 0.144803 0.124762
v -0.101909 0.154778 0.020358
v -0.093245 0.154776 0.030000
v -0.096324 0.162811 0.018240
v -0.126443 0.114811 0.007158
v -0.125328 0.112379 0.014323
v -0.130095 0.116052 0.001466
v 0.034050 0.186777 0.124439
v 0.028893 0.184759 0.130859
v 0.034051 0.174775 0.124436
v 0.028903 0.170030 0.130983
v 0.031051 0.189776 0.125220
v -0.054871 0.055275 0.004980
v -0.063959 0.072864 0.005000
v -0.063959 0.072864 -0.005000
v -0.054770 0.055079 -0.004999
v -0.054968 0.047974 0.004964
v -0.054464 0.047993 -0.005324
v -0.054871 0.055275 0.004980
v -0.054722 0.050628 0.005000
v -0.063959 0.072864 0.005000
v -0.066732 0.073874 0.005000
v -0.066732 0.073874 -0.005000
v -0.054464 0.047993 -0.005324
v -0.063959 0.072864 -0.005000
v -0.054770 0.055079 -0.004999
v -0.000169 0.124776 -0.060507
v 0.000901 0.124776 -0.050006
v 0.005051 0.132472 -0.060306
v -0.004952 0.132471 0.060306
v 0.000267 0.124776 0.060507
v -0.000802 0.124777 0.050005
v 0.005980 0.186779 0.118852
v -0.002927 0.189777 0.122207
v 0.021143 0.189770 0.120298
v 0.019323 0.186775 0.117455
v -0.005880 0.186781 0.118852
v -0.018813 0.186774 0.117518
v -0.020990 0.189774 0.120015
v -0.021919 0.186762 0.114438
v -0.024880 0.189776 0.114827
v -0.024949 0.189776 0.094758
v -0.021949 0.186776 0.095499
v -0.003538 0.189776 -0.122029
v 0.006575 0.186780 -0.118821
v 0.019177 0.189777 -0.120797
v 0.019609 0.186780 -0.117363
v 0.024941 0.189772 -0.115713
v 0.022042 0.186768 -0.113779
v 0.022051 0.186776 -0.095499
v 0.025051 0.189776 -0.094758
v -0.006471 0.186779 -0.118821
v -0.020798 0.189770 -0.120270
v -0.019461 0.186724 -0.117413
v 0.003469 0.264753 -0.035226
v -0.008359 0.264747 -0.034369
v -0.005528 0.262768 -0.034807
v -0.014664 0.262776 -0.031932
v -0.018425 0.264732 -0.030142
v -0.023760 0.262768 -0.025651
v -0.027863 0.264732 -0.021851
v -0.031131 0.262778 -0.016712
v 0.013864 0.119801 -0.093506
v 0.001369 0.065045 -0.068994
v 0.000051 0.069196 -0.073827
v 0.017021 0.122392 -0.091296
v -0.013763 0.119801 0.093506
v -0.007681 0.129820 0.097383
v -0.016920 0.122392 0.091296
v -0.007353 0.139673 0.097926
v 0.007515 0.139616 -0.097862
v 0.017021 0.122392 -0.091296
v 0.007777 0.129814 -0.097382
v 0.013864 0.119801 -0.093506
v 0.003989 0.044776 -0.043861
v 0.001610 0.074265 -0.041962
v -0.002611 0.044761 -0.042529
v -0.002494 0.074777 -0.042596
v 0.001610 0.074265 -0.041962
v 0.003989 0.044776 -0.043861
v 0.004580 0.074776 -0.044804
v 0.004763 0.047784 -0.044933
v 0.005406 0.044778 -0.047915
v -0.002611 0.044761 -0.042529
v -0.002494 0.074777 -0.042596
v -0.004607 0.074777 -0.044903
v -0.004510 0.047790 -0.044765
v -0.005067 0.044777 -0.047682
v 0.122019 0.174775 -0.042000
v 0.128929 0.184746 -0.036789
v 0.129032 0.169968 -0.036800
v 0.122022 0.186777 -0.042000
v 0.123014 0.189776 -0.039000
v 0.035048 0.144776 -0.121063
v 0.030051 0.139776 -0.089497
v 0.030049 0.139776 -0.120344
v 0.035051 0.144776 -0.085996
v 0.032996 0.144650 -0.124669
v -0.029520 0.264684 0.019536
v -0.019760 0.264775 0.030125
v -0.021426 0.264234 0.027879
v 0.070642 0.109567 -0.020000
v 0.051285 0.080817 -0.020000
v 0.072786 0.122431 -0.020000
v 0.051285 0.072103 -0.020000
v 0.050739 0.049213 0.050736
v 0.046104 0.044778 0.045506
v 0.039594 0.044776 0.045500
v 0.037115 0.049220 0.050741
v 0.000749 0.074404 0.041945
v 0.003327 0.044771 0.043092
v -0.001184 0.044755 0.041979
v -0.002552 0.074780 0.042632
v -0.003897 0.044776 0.043873
v -0.004478 0.074776 0.044801
v -0.004583 0.047828 0.044908
v -0.005239 0.044779 0.047821
v 0.003353 0.074776 0.043145
v 0.004698 0.074777 0.044905
v 0.004613 0.047786 0.044764
v 0.005167 0.044777 0.047683
v -0.024900 0.189776 -0.114624
v -0.024949 0.189776 -0.094758
v -0.021935 0.186773 -0.113846
v -0.021949 0.186776 -0.095499
v -0.019461 0.186724 -0.117413
v -0.020798 0.189770 -0.120270
v -0.033620 0.264701 -0.010696
v -0.035110 0.262777 -0.002441
v -0.031131 0.262778 -0.016712
v 0.030574 -0.010253 -0.032742
v 0.015106 -0.010216 -0.006004
v 0.015051 -0.005224 -0.006000
v 0.030059 -0.005224 -0.032180
v 0.030059 -0.005224 -0.032180
v 0.006851 -0.005224 -0.016500
v 0.030574 -0.010253 -0.032742
v 0.006843 -0.010216 -0.016552
v 0.007551 -0.005224 -0.002500
v 0.007522 -0.010006 -0.002476
v 0.023836 -0.010166 -0.025508
v 0.023921 -0.005224 -0.025597
v 0.007565 0.139750 0.097936
v 0.007550 0.139776 0.110767
v 0.007733 0.129478 0.097033
v 0.015051 -0.005224 -0.006000
v 0.007551 -0.005224 -0.002500
v 0.023921 -0.005224 -0.025597
v 0.030059 -0.005224 -0.032180
v 0.006851 -0.005224 -0.016500
v 0.005251 -0.005224 -0.010000
v 0.015106 -0.010216 -0.006004
v 0.007551 -0.005224 -0.002500
v 0.015051 -0.005224 -0.006000
v 0.007522 -0.010006 -0.002476
v -0.007681 0.129820 0.097383
v -0.007449 0.139776 0.110768
v -0.007353 0.139673 0.097926
v -0.007449 0.139776 -0.110768
v -0.007632 0.129478 -0.097033
v -0.007464 0.139748 -0.097936
v 0.007515 0.139616 -0.097862
v 0.007777 0.129814 -0.097382
v 0.007550 0.139776 -0.110767
v 0.023836 -0.010166 -0.025508
v 0.005251 -0.005224 -0.010000
v 0.023921 -0.005224 -0.025597
v 0.005177 -0.010201 -0.009886
v -0.126443 0.114811 0.007158
v -0.120578 0.110296 0.015735
v -0.125328 0.112379 0.014323
v -0.032889 -0.010244 -0.030600
v -0.005952 -0.010217 -0.015056
v -0.005949 -0.005224 -0.015000
v -0.032129 -0.005224 -0.030008
v -0.032129 -0.005224 -0.030008
v -0.016469 -0.010215 -0.006784
v -0.032889 -0.010244 -0.030600
v -0.016449 -0.005224 -0.006800
v -0.002453 -0.005224 -0.007503
v -0.002412 -0.010009 -0.007459
v -0.025458 -0.010166 -0.023786
v -0.025547 -0.005224 -0.023870
v -0.005952 -0.010217 -0.015056
v -0.002453 -0.005224 -0.007503
v -0.005949 -0.005224 -0.015000
v -0.002412 -0.010009 -0.007459
v -0.005949 -0.005224 -0.015000
v -0.002453 -0.005224 -0.007503
v -0.025547 -0.005224 -0.023870
v -0.032129 -0.005224 -0.030008
v -0.016449 -0.005224 -0.006800
v -0.009949 -0.005224 -0.005200
v -0.054722 0.050628 0.005000
v -0.069504 0.074883 0.007000
v -0.066732 0.073874 0.005000
v -0.056245 0.049218 0.007000
v -0.054968 0.047974 0.004964
v -0.025458 -0.010166 -0.023786
v -0.009949 -0.005224 -0.005200
v -0.025547 -0.005224 -0.023870
v -0.009837 -0.010197 -0.005127
v 0.032230 -0.005224 0.030008
v 0.032854 -0.010249 0.030666
v 0.006039 -0.010216 0.015021
v 0.006051 -0.005224 0.015000
v 0.016601 -0.010215 0.006794
v 0.032854 -0.010249 0.030666
v 0.016551 -0.005224 0.006800
v 0.032230 -0.005224 0.030008
v 0.002551 -0.005224 0.007500
v 0.025558 -0.010167 0.023786
v 0.025648 -0.005224 0.023870
v 0.002518 -0.010003 0.007465
v 0.010054 -0.005224 0.005202
v 0.025558 -0.010167 0.023786
v 0.009932 -0.010196 0.005123
v 0.025648 -0.005224 0.023870
v -0.095073 0.139773 -0.007754
v -0.100473 0.141777 -0.008969
v -0.104103 0.139771 -0.012226
v -0.103983 0.141775 -0.010026
v -0.107326 0.141788 -0.009734
v -0.111024 0.139774 -0.010488
v -0.110532 0.141784 -0.008363
v -0.113006 0.141814 -0.006013
v -0.097821 0.141726 -0.007102
v -0.095902 0.141758 -0.004347
v -0.094892 0.141772 -0.000777
v -0.092856 0.139771 0.001089
v -0.095407 0.141739 0.003126
v -0.095566 0.139779 0.007951
v -0.096975 0.141749 0.006137
v -0.099442 0.141738 0.008389
v -0.103557 0.139784 0.012407
v -0.102317 0.142025 0.009689
v -0.106669 0.141748 0.009991
v -0.112019 0.139776 0.009900
v -0.110858 0.141771 0.008140
v -0.113723 0.141818 0.004939
v -0.116922 0.139780 0.003123
v -0.115015 0.141826 0.000790
v -0.115864 0.139782 -0.005525
v -0.114486 0.141800 -0.003151
v 0.016551 -0.005224 0.006800
v 0.025648 -0.005224 0.023870
v 0.010054 -0.005224 0.005202
v 0.032230 -0.005224 0.030008
v 0.006051 -0.005224 0.015000
v 0.002551 -0.005224 0.007500
v 0.010054 -0.005224 0.005202
v 0.016601 -0.010215 0.006794
v 0.016551 -0.005224 0.006800
v 0.009932 -0.010196 0.005123
v 0.006368 -0.009967 -0.039592
v 0.004566 -0.010149 -0.015337
v 0.006349 -0.005224 -0.039486
v 0.004551 -0.005224 -0.015354
v 0.000051 -0.005224 -0.006500
v 0.000050 -0.009824 -0.006498
v 0.005251 -0.005224 -0.010000
v 0.005177 -0.010201 -0.009886
v 0.006843 -0.010216 -0.016552
v 0.006851 -0.005224 -0.016500
v -0.029957 -0.005224 0.032180
v -0.030461 -0.010254 0.032730
v -0.014949 -0.005224 0.006000
v -0.015004 -0.010217 0.006002
v -0.006749 -0.005224 0.016500
v -0.030461 -0.010254 0.032730
v -0.029957 -0.005224 0.032180
v -0.006741 -0.010216 0.016547
v -0.042126 0.089730 -0.003660
v -0.040818 0.089778 -0.000244
v -0.040889 0.104773 -0.001107
v -0.042876 0.104777 -0.004500
v -0.043658 0.090376 -0.005046
v -0.005149 -0.005224 0.010000
v -0.023819 -0.005224 0.025597
v -0.005084 -0.010195 0.009918
v -0.023661 -0.010168 0.025431
v -0.006249 -0.005224 0.039501
v -0.006262 -0.009970 0.039565
v -0.004463 -0.010148 0.015310
v -0.004449 -0.005224 0.015354
v 0.000041 -0.005236 0.006549
v 0.000073 -0.009878 0.006411
v -0.041609 0.104842 0.002996
v -0.042399 0.089769 0.004022
v -0.043723 0.104096 0.005193
v -0.040818 0.089778 -0.000244
v -0.040889 0.104773 -0.001107
v 0.000073 -0.009878 0.006411
v -0.004463 -0.010148 0.015310
v 0.000387 -0.010224 0.005181
v 0.000078 -0.010212 0.017981
v -0.006262 -0.009970 0.039565
v -0.006249 -0.005224 0.039501
v 0.000051 -0.005224 0.018000
v 0.000041 -0.005236 0.006549
v 0.000073 -0.009878 0.006411
v 0.000387 -0.010224 0.005181
v 0.000078 -0.010212 0.017981
v 0.000073 -0.009878 0.006411
v 0.006051 -0.005224 0.015000
v 0.006039 -0.010216 0.015021
v 0.002551 -0.005224 0.007500
v 0.002518 -0.010003 0.007465
v -0.005084 -0.010195 0.009918
v -0.006741 -0.010216 0.016547
v -0.005149 -0.005224 0.010000
v -0.006749 -0.005224 0.016500
v 0.042986 0.104777 0.004473
v 0.043759 0.090376 0.005046
v 0.041725 0.089723 0.002979
v 0.041108 0.104776 0.001565
v 0.041061 0.089776 -0.001032
v 0.041328 0.104776 -0.002021
v 0.042307 0.089776 -0.003725
v 0.043786 0.104127 -0.005281
v -0.016449 -0.005224 -0.006800
v -0.009949 -0.005224 -0.005200
v -0.016469 -0.010215 -0.006784
v -0.009837 -0.010197 -0.005127
v -0.039523 -0.009957 -0.006311
v -0.015258 -0.010149 -0.004512
v -0.039450 -0.005224 -0.006300
v -0.015304 -0.005224 -0.004500
v -0.006499 -0.005236 -0.000009
v -0.006360 -0.009878 0.000022
v 0.022051 0.186776 0.095499
v 0.022025 0.186780 0.114097
v 0.025032 0.189776 0.114292
v 0.025051 0.189776 0.094758
v 0.021143 0.189770 0.120298
v 0.019323 0.186775 0.117455
v -0.033620 0.264701 -0.010696
v -0.035381 0.264720 0.004292
v -0.035110 0.262777 -0.002441
v -0.029520 0.264684 0.019536
v -0.025455 0.262769 0.023860
v -0.031458 0.262776 0.015641
v -0.021426 0.264234 0.027879
v -0.016385 0.262773 0.031189
v -0.007424 -0.010001 0.002472
v -0.023819 -0.005224 0.025597
v -0.007449 -0.005224 0.002500
v -0.023661 -0.010168 0.025431
v -0.007449 -0.005224 0.002500
v -0.015004 -0.010217 0.006002
v -0.007424 -0.010001 0.002472
v -0.014949 -0.005224 0.006000
v -0.007449 -0.005224 0.002500
v -0.023819 -0.005224 0.025597
v -0.014949 -0.005224 0.006000
v -0.029957 -0.005224 0.032180
v -0.006749 -0.005224 0.016500
v -0.005149 -0.005224 0.010000
v 0.023051 0.044776 0.042131
v 0.013996 0.044776 0.046041
v 0.019443 0.059703 0.039920
v 0.025546 0.262765 -0.023850
v 0.028744 0.264682 -0.020662
v 0.017695 0.264737 -0.030885
v 0.031664 0.262775 -0.015364
v 0.033842 0.264727 -0.010735
v 0.019110 0.262779 -0.029487
v 0.009375 0.262776 -0.033916
v 0.034409 0.262787 -0.005707
v 0.034972 0.262774 0.004507
v 0.035398 0.264666 -0.000819
v 0.033842 0.264727 -0.010735
v 0.031664 0.262775 -0.015364
v -0.095448 0.239776 0.022000
v -0.097037 0.239776 0.013344
v -0.073172 0.186778 0.079387
v -0.055687 0.189782 0.089434
v -0.076724 0.189777 0.071895
v -0.062775 0.186780 0.087842
v -0.051412 0.186786 0.094941
v -0.033952 0.186861 0.102728
v -0.030964 0.189775 0.100635
v -0.082437 0.186780 0.069707
v -0.090431 0.186784 0.058955
v -0.087894 0.189776 0.057365
v -0.099770 0.186797 0.042004
v -0.097752 0.189775 0.039027
v 0.128910 0.115136 -0.004996
v 0.128998 0.115219 0.004879
v 0.125360 0.116524 -0.004284
v 0.125710 0.116629 0.002257
v 0.122274 0.113889 -0.011705
v 0.124848 0.111953 -0.014124
v 0.116570 0.108732 -0.017112
v 0.115361 0.104655 -0.020916
v 0.110699 0.104022 -0.019812
v 0.104049 0.095934 -0.022790
v 0.103369 0.097496 -0.020524
v 0.123626 0.115476 0.008934
v 0.094609 0.088674 -0.019417
v 0.097683 0.093014 -0.019165
v 0.128998 0.115219 0.004879
v 0.122463 0.112204 0.013049
v 0.123626 0.115476 0.008934
v 0.119634 0.112799 0.014608
v 0.115476 0.106016 0.019329
v 0.113983 0.107406 0.018624
v 0.106726 0.100087 0.020689
v -0.073174 0.186778 -0.079384
v -0.076722 0.189777 -0.071896
v -0.055680 0.189782 -0.089439
v -0.062779 0.186778 -0.087841
v -0.051418 0.186782 -0.094942
v -0.033955 0.186797 -0.102818
v -0.030965 0.189775 -0.100621
v -0.082438 0.186784 -0.069701
v -0.090427 0.186789 -0.058953
v -0.087894 0.189776 -0.057365
v -0.099686 0.186843 -0.041996
v -0.097753 0.189775 -0.039027
v 0.025051 0.189776 -0.094758
v 0.022051 0.186776 -0.095499
v -0.056243 0.049215 -0.007010
v -0.054464 0.047993 -0.005324
v -0.066732 0.073874 -0.005000
v -0.069504 0.074883 -0.007000
v -0.024949 0.189776 0.094758
v -0.021949 0.186776 0.095499
v 0.039998 0.047781 0.020993
v 0.041620 0.044776 0.024000
v 0.028211 0.044776 0.024000
v 0.026790 0.047776 0.021000
v 0.099871 0.186796 -0.042004
v 0.097839 0.189775 -0.039027
v 0.123014 0.189776 -0.039000
v 0.122022 0.186777 -0.042000
v -0.122913 0.189776 0.039000
v -0.099770 0.186797 0.042004
v -0.097752 0.189775 0.039027
v -0.121921 0.186777 0.042000
v 0.006548 -0.009824 -0.000001
v 0.015385 -0.010175 0.004517
v 0.005268 -0.010224 -0.000327
v 0.023056 0.044776 0.029079
v 0.019443 0.059703 0.039920
v 0.020051 0.047779 0.027484
v 0.023731 0.047762 0.024405
v 0.023056 0.044776 0.029079
v 0.020051 0.047779 0.027484
v 0.028211 0.044776 0.024000
v 0.026790 0.047776 0.021000
v -0.022949 0.044776 -0.042131
v -0.019949 0.047778 -0.027484
v -0.022960 0.044776 -0.029074
v -0.019934 0.047750 -0.040505
v -0.019949 0.047778 -0.027484
v -0.023630 0.047762 -0.024405
v -0.022960 0.044776 -0.029074
v -0.028110 0.044776 -0.024000
v -0.026689 0.047776 -0.021000
v -0.033955 0.186797 -0.102818
v -0.030965 0.189775 -0.100621
v -0.033949 0.186777 -0.124439
v -0.030836 0.189785 -0.125559
v 0.097808 0.189777 0.039013
v 0.099549 0.186776 0.042000
v 0.122022 0.186777 0.042000
v 0.123014 0.189776 0.039000
v -0.122913 0.189776 -0.039000
v -0.097753 0.189775 -0.039027
v -0.099686 0.186843 -0.041996
v -0.121921 0.186777 -0.042000
v -0.033952 0.186861 0.102728
v -0.033949 0.186777 0.124439
v -0.030964 0.189775 0.100635
v -0.030949 0.189776 0.125220
v -0.000169 0.124776 -0.060507
v -0.004949 0.124776 -0.049779
v 0.000901 0.124776 -0.050006
v -0.004949 0.124776 -0.060293
v -0.000802 0.124777 0.050005
v 0.000267 0.124776 0.060507
v 0.005050 0.124776 0.049783
v 0.005051 0.124776 0.060293
v 0.031051 0.189776 -0.125220
v 0.031078 0.189775 -0.100615
v 0.034048 0.186839 -0.102732
v 0.034050 0.186777 -0.124439
v 0.127814 0.159469 0.040424
v 0.121813 0.154810 0.043629
v 0.128479 0.154811 0.038642
v 0.002619 0.139780 0.118980
v -0.002517 0.139780 0.118981
v 0.002628 0.120358 0.093723
v -0.002528 0.120359 0.093724
v 0.002619 0.139780 -0.118980
v 0.002628 0.120358 -0.093723
v -0.002517 0.139780 -0.118981
v -0.002528 0.120359 -0.093724
v 0.024917 0.260776 -0.023188
v 0.013351 0.260776 -0.005600
v 0.025546 0.262765 -0.023850
v 0.013443 0.262769 -0.005562
v -0.012052 0.262769 -0.004980
v -0.011949 0.260776 -0.005000
v -0.023760 0.262768 -0.025651
v -0.023137 0.260776 -0.024866
v 0.127900 0.159771 -0.040191
v 0.128054 0.154778 -0.039641
v 0.121630 0.154812 -0.044442
v -0.060457 0.124776 0.000216
v -0.049729 0.124776 0.005000
v -0.049960 0.124781 -0.000863
v -0.060242 0.124776 0.005000
v 0.049830 0.124776 -0.005000
v 0.050061 0.124781 0.000863
v 0.060558 0.124776 -0.000220
v 0.060344 0.124776 -0.005000
v -0.044816 0.059776 0.031812
v -0.044816 0.059776 0.037293
v -0.040476 0.059769 0.037265
v -0.021915 0.159761 0.114708
v -0.018813 0.186774 0.117518
v -0.018695 0.159792 0.117545
v -0.021919 0.186762 0.114438
v 0.031051 0.189776 0.100319
v 0.034050 0.186777 0.124439
v 0.034050 0.186777 0.102508
v 0.031051 0.189776 0.125220
v 0.012051 0.260776 0.005000
v 0.023239 0.260776 0.024866
v 0.023811 0.262766 0.025488
v 0.012151 0.262769 0.004980
v -0.111589 0.139774 0.016970
v -0.113297 0.141626 0.018379
v -0.119749 0.139769 0.010805
v -0.105351 0.141780 0.020133
v -0.120623 0.141716 0.012598
v -0.123917 0.141790 0.006576
v -0.122959 0.139775 0.001867
v -0.124984 0.141773 0.000944
v -0.124199 0.141884 -0.006239
v -0.121982 0.139775 -0.006579
v -0.121347 0.141851 -0.011614
v -0.114405 0.139768 -0.015938
v -0.116372 0.141696 -0.016456
v -0.111790 0.141778 -0.018794
v -0.106841 0.141820 -0.019992
v -0.102572 0.139774 -0.018109
v -0.100652 0.141744 -0.019592
v -0.095202 0.141764 -0.017521
v -0.091508 0.139763 -0.012717
v -0.090856 0.141779 -0.014258
v -0.086363 0.141837 -0.007874
v -0.086553 0.139774 -0.000345
v -0.084847 0.141728 0.000276
v -0.086157 0.141807 0.007020
v -0.089307 0.139776 0.009100
v -0.088794 0.141775 0.011881
v -0.094933 0.139773 0.015280
v -0.093795 0.141672 0.016707
v -0.099303 0.141768 0.019176
v -0.103227 0.139776 0.018036
v -0.018010 0.229778 0.081132
v -0.019122 0.229581 0.096186
v -0.021971 0.226900 0.082073
v -0.021940 0.225972 0.095496
v -0.024343 0.226154 0.079395
v 0.000901 0.124776 -0.050006
v 0.005051 0.124776 -0.049749
v 0.005051 0.132472 -0.060306
v 0.022025 0.186780 0.114097
v 0.019645 0.159702 0.117378
v 0.019323 0.186775 0.117455
v 0.022038 0.159794 0.113955
v -0.004949 0.124776 0.049749
v -0.004952 0.132471 0.060306
v -0.000802 0.124777 0.050005
v 0.019017 0.159783 -0.117512
v 0.022017 0.159762 -0.114358
v 0.019609 0.186780 -0.117363
v 0.022042 0.186768 -0.113779
v -0.016952 0.243681 0.041677
v -0.012473 0.244775 0.045244
v -0.024727 0.244466 0.037660
v 0.040720 0.059757 0.037203
v 0.044917 0.059776 0.037293
v 0.044917 0.059776 0.031812
v -0.019461 0.186724 -0.117413
v -0.021921 0.159784 -0.114429
v -0.018834 0.159741 -0.117503
v -0.021935 0.186773 -0.113846
v 0.033430 0.264706 0.011990
v 0.030846 0.262776 0.017119
v 0.026897 0.264701 0.023104
v 0.035398 0.264666 -0.000819
v 0.034972 0.262774 0.004507
v 0.033430 0.264706 0.011990
v -0.039450 -0.005224 -0.006300
v -0.017923 -0.010212 0.000031
v -0.039523 -0.009957 -0.006311
v -0.017949 -0.005224 -0.000000
v -0.006499 -0.005236 -0.000009
v -0.006360 -0.009878 0.000022
v -0.015258 -0.010149 -0.004512
v -0.005151 -0.010224 0.000314
v -0.006360 -0.009878 0.000022
v -0.006360 -0.009878 0.000022
v -0.005151 -0.010224 0.000314
v -0.017923 -0.010212 0.000031
v 0.006349 -0.005224 -0.039486
v 0.000025 -0.010210 -0.017996
v 0.006368 -0.009967 -0.039592
v 0.000051 -0.005224 -0.018000
v 0.000051 -0.005224 -0.006500
v 0.000050 -0.009824 -0.006498
v 0.004566 -0.010149 -0.015337
v -0.000274 -0.010224 -0.005224
v 0.000050 -0.009824 -0.006498
v 0.018050 -0.010210 -0.000025
v 0.039638 -0.009963 0.006317
v 0.039536 -0.005224 0.006298
v 0.018051 -0.005224 -0.000000
v 0.006551 -0.005224 -0.000000
v 0.006548 -0.009824 -0.000001
v 0.039536 -0.005224 0.006298
v 0.039638 -0.009963 0.006317
v 0.015385 -0.010175 0.004517
v 0.015405 -0.005224 0.004500
v 0.006551 -0.005224 -0.000000
v 0.006548 -0.009824 -0.000001
v 0.000050 -0.009824 -0.006498
v -0.000274 -0.010224 -0.005224
v 0.000025 -0.010210 -0.017996
v 0.005268 -0.010224 -0.000327
v 0.018050 -0.010210 -0.000025
v 0.006548 -0.009824 -0.000001
v 0.006349 -0.005224 -0.039486
v 0.004551 -0.005224 -0.015354
v 0.000051 -0.005224 -0.018000
v 0.000051 -0.005224 -0.006500
v 0.018051 -0.005224 -0.000000
v 0.039536 -0.005224 0.006298
v 0.015405 -0.005224 0.004500
v 0.006551 -0.005224 -0.000000
v -0.015304 -0.005224 -0.004500
v -0.017949 -0.005224 -0.000000
v -0.039450 -0.005224 -0.006300
v -0.006499 -0.005236 -0.000009
v -0.044816 0.059776 -0.037293
v -0.044796 0.059745 -0.031934
v -0.040375 0.059776 -0.037293
v 0.000051 -0.005224 0.018000
v -0.006249 -0.005224 0.039501
v -0.004449 -0.005224 0.015354
v 0.000041 -0.005236 0.006549
v 0.022042 0.225946 -0.095497
v 0.019823 0.229513 -0.080722
v 0.019086 0.229705 -0.096202
v 0.022089 0.225894 -0.082056
v 0.024462 0.225389 -0.079404
v 0.022047 0.225946 0.095496
v 0.019266 0.229676 0.096146
v 0.019835 0.229516 0.080723
v 0.022074 0.225771 0.082675
v 0.023916 0.225614 0.079627
v 0.005080 0.074994 -0.054868
v 0.013810 0.084773 -0.053382
v 0.015476 0.095308 -0.060043
v 0.005051 0.078573 -0.058161
v 0.017883 0.084779 -0.049348
v 0.017883 0.084779 -0.049348
v 0.022074 0.159753 0.082281
v 0.022074 0.225771 0.082675
v 0.023916 0.225614 0.079627
v 0.024254 0.157576 0.079549
v 0.096379 0.154776 -0.018022
v 0.089709 0.154810 -0.013687
v 0.096339 0.154777 -0.018633
v -0.020800 0.228344 -0.080393
v -0.024125 0.225546 -0.079506
v -0.022012 0.225712 -0.082244
v -0.021971 0.226900 0.082073
v -0.021973 0.159753 0.082339
v -0.006394 0.076561 0.054657
v -0.004923 0.076662 0.057185
v -0.004949 0.084776 0.054772
v 0.018088 0.262714 -0.016820
v 0.008051 0.260776 -0.004500
v 0.018334 0.260776 -0.017050
v 0.007806 0.262749 -0.004346
v 0.025546 0.262765 -0.023850
v 0.004972 0.262768 -0.012025
v 0.024917 0.260776 -0.023188
v 0.005051 0.260776 -0.012000
v -0.023137 0.260776 -0.024866
v -0.005563 0.261061 -0.013153
v -0.023760 0.262768 -0.025651
v -0.003568 0.262766 -0.012591
v -0.004949 0.260776 -0.030594
v 0.000051 0.260776 -0.014000
v 0.000113 0.262764 -0.014008
v -0.005528 0.262768 -0.034807
v -0.000008 0.260963 -0.005452
v 0.000712 0.262765 -0.004100
v -0.035381 0.264720 0.004292
v -0.029520 0.264684 0.019536
v -0.031458 0.262776 0.015641
v -0.034394 0.262778 0.005852
v -0.035110 0.262777 -0.002441
v 0.004551 0.260776 0.008000
v 0.017101 0.260776 0.018284
v 0.016989 0.262611 0.018167
v 0.004549 0.262774 0.007850
v 0.023811 0.262766 0.025488
v 0.023239 0.260776 0.024866
v 0.005651 0.260776 0.013300
v 0.003718 0.262759 0.012183
v -0.017996 0.262706 0.016828
v -0.018233 0.260776 0.017050
v -0.002449 0.260776 0.006000
v -0.000414 0.262771 0.004274
v -0.004912 0.262768 0.012051
v -0.024815 0.260776 0.023188
v -0.025455 0.262769 0.023860
v -0.004949 0.260776 0.012000
v -0.002449 0.260776 0.006000
v -0.004949 0.260776 0.012000
v -0.004912 0.262768 0.012051
v -0.000414 0.262771 0.004274
v -0.000012 0.262762 0.014011
v 0.005051 0.260776 0.030594
v 0.000051 0.260776 0.014000
v 0.005780 0.262777 0.034469
v 0.000051 0.260776 0.005200
v -0.000414 0.262771 0.004274
v 0.003551 0.260776 0.012520
v 0.005051 0.260776 0.030594
v 0.003718 0.262759 0.012183
v 0.005780 0.262777 0.034469
v 0.000051 0.260776 0.005200
v -0.000414 0.262771 0.004274
v 0.005651 0.260776 0.013300
v 0.017101 0.260776 0.018284
v 0.004551 0.260776 0.008000
v 0.023239 0.260776 0.024866
v 0.012051 0.260776 0.005000
v 0.006066 0.260777 0.002515
v 0.102485 0.146857 0.009649
v 0.098882 0.139787 0.010472
v 0.099513 0.141782 0.008355
v -0.012052 0.262769 -0.004980
v -0.005965 0.260777 -0.002516
v -0.011949 0.260776 -0.005000
v -0.004179 0.262760 -0.000478
v -0.011949 0.260776 -0.005000
v -0.005965 0.260777 -0.002516
v -0.016999 0.260776 -0.018284
v -0.023137 0.260776 -0.024866
v -0.005563 0.261061 -0.013153
v -0.004449 0.260776 -0.008000
v -0.005965 0.260777 -0.002516
v -0.004179 0.262760 -0.000478
v -0.016887 0.262611 -0.018165
v -0.016999 0.260776 -0.018284
v -0.082728 0.154776 -0.006059
v -0.058919 0.154838 -0.005968
v -0.053520 0.154796 -0.006021
v 0.069606 0.074883 0.007000
v 0.056346 0.049218 0.007000
v 0.066833 0.073874 0.005000
v 0.055006 0.048344 0.005549
v -0.004949 0.260776 -0.030594
v -0.003449 0.260776 -0.012520
v 0.000051 0.260776 -0.014000
v -0.000008 0.260963 -0.005452
v -0.005528 0.262768 -0.034807
v -0.003449 0.260776 -0.012520
v -0.004949 0.260776 -0.030594
v -0.003568 0.262766 -0.012591
v -0.000008 0.260963 -0.005452
v 0.000712 0.262765 -0.004100
v 0.121737 0.154745 0.012097
v 0.118009 0.154785 0.015646
v 0.123630 0.154761 0.008006
v 0.124962 0.154742 0.005512
v 0.125144 0.154777 0.000154
v 0.125582 0.154746 -0.001936
v 0.123637 0.154772 -0.008494
v 0.120755 0.154776 -0.013177
v 0.118066 0.154778 -0.015448
v 0.086047 0.082840 -0.007824
v 0.084379 0.080867 -0.000371
v 0.089037 0.084451 -0.013034
v 0.003469 0.264753 -0.035226
v 0.009375 0.262776 -0.033916
v 0.017695 0.264737 -0.030885
v 0.030631 0.260777 -0.004998
v 0.014051 0.260776 0.000000
v 0.014077 0.262766 0.000059
v 0.034409 0.262787 -0.005707
v 0.005263 0.260777 -0.000003
v 0.004279 0.262760 0.000477
v 0.012569 0.262736 -0.003555
v 0.012571 0.260776 -0.003500
v 0.030631 0.260777 -0.004998
v 0.034409 0.262787 -0.005707
v 0.005263 0.260777 -0.000003
v 0.004279 0.262760 0.000477
v 0.027298 0.154779 -0.079637
v 0.032512 0.154776 -0.076389
v 0.024312 0.157415 -0.079462
v -0.032568 0.139776 -0.031000
v 0.032670 0.139776 0.031000
v 0.003718 0.262759 0.012183
v 0.005651 0.260776 0.013300
v 0.004549 0.262774 0.007850
v -0.005162 0.260777 0.000003
v -0.012469 0.260776 0.003500
v -0.012121 0.262762 0.003661
v -0.030544 0.260776 0.005000
v -0.034394 0.262778 0.005852
v -0.004179 0.262760 -0.000478
v -0.013949 0.260776 0.000000
v -0.012469 0.260776 0.003500
v -0.005162 0.260777 0.000003
v -0.030544 0.260776 0.005000
v -0.014113 0.262765 -0.000059
v -0.034394 0.262778 0.005852
v -0.013949 0.260776 0.000000
v -0.030544 0.260776 0.005000
v -0.005162 0.260777 0.000003
v -0.004179 0.262760 -0.000478
v 0.006066 0.260777 0.002515
v 0.012051 0.260776 0.005000
v 0.012151 0.262769 0.004980
v 0.004279 0.262760 0.000477
v 0.012571 0.260776 -0.003500
v 0.014051 0.260776 0.000000
v 0.030631 0.260777 -0.004998
v 0.005263 0.260777 -0.000003
v 0.016989 0.262611 0.018167
v 0.017101 0.260776 0.018284
v 0.006066 0.260777 0.002515
v 0.004279 0.262760 0.000477
v 0.089709 0.154810 -0.013687
v 0.084866 0.154796 -0.002764
v 0.086454 0.154750 -0.008854
v -0.016887 0.262611 -0.018165
v -0.004449 0.260776 -0.008000
v -0.016999 0.260776 -0.018284
v -0.004494 0.262776 -0.007887
v 0.033007 0.154776 0.124654
v 0.032853 0.144803 0.124762
v 0.035046 0.144779 0.121464
v 0.035039 0.154776 0.121430
v -0.005563 0.261061 -0.013153
v -0.004449 0.260776 -0.008000
v -0.004494 0.262776 -0.007887
v 0.018334 0.260776 -0.017050
v 0.008051 0.260776 -0.004500
v 0.013351 0.260776 -0.005600
v 0.024917 0.260776 -0.023188
v 0.005051 0.260776 -0.012000
v 0.002551 0.260776 -0.006000
v 0.013351 0.260776 -0.005600
v 0.008051 0.260776 -0.004500
v 0.013443 0.262769 -0.005562
v 0.007806 0.262749 -0.004346
v 0.004972 0.262768 -0.012025
v 0.000712 0.262765 -0.004100
v 0.005051 0.260776 -0.012000
v 0.002551 0.260776 -0.006000
v 0.018334 0.260776 -0.017050
v 0.002551 0.260776 -0.006000
v 0.018088 0.262714 -0.016820
v 0.000712 0.262765 -0.004100
v 0.004549 0.262774 0.007850
v 0.005651 0.260776 0.013300
v 0.004551 0.260776 0.008000
v -0.005563 0.261061 -0.013153
v -0.004494 0.262776 -0.007887
v -0.003568 0.262766 -0.012591
v -0.013249 0.260776 0.005600
v -0.018233 0.260776 0.017050
v -0.007949 0.260776 0.004500
v -0.024815 0.260776 0.023188
v -0.004949 0.260776 0.012000
v -0.002449 0.260776 0.006000
v -0.012121 0.262762 0.003661
v -0.013249 0.260776 0.005600
v -0.007744 0.262748 0.004394
v -0.125994 0.119783 0.042723
v -0.080513 0.084210 0.043500
v -0.122390 0.116424 0.043498
v 0.000051 0.260776 0.014000
v 0.005051 0.260776 0.030594
v 0.003551 0.260776 0.012520
v 0.000051 0.260776 0.005200
v -0.007949 0.260776 0.004500
v -0.018233 0.260776 0.017050
v -0.017996 0.262706 0.016828
v -0.007744 0.262748 0.004394
v -0.007744 0.262748 0.004394
v -0.013249 0.260776 0.005600
v -0.007949 0.260776 0.004500
v -0.084858 0.154779 -0.004446
v -0.084655 0.154738 -0.000077
v -0.087042 0.154789 -0.009813
v -0.084490 0.154794 0.002814
v -0.086671 0.154762 0.008802
v -0.027863 0.264732 -0.021851
v -0.033620 0.264701 -0.010696
v -0.031131 0.262778 -0.016712
v 0.097683 0.093014 -0.019165
v 0.092861 0.088977 -0.016559
v 0.089037 0.084451 -0.013034
v -0.022877 0.244777 -0.050035
v -0.024915 0.259750 -0.047384
v -0.022784 0.259805 -0.050044
v -0.024872 0.244780 -0.047260
v 0.034972 0.262774 0.004507
v 0.030846 0.262776 0.017119
v 0.033430 0.264706 0.011990
v 0.022884 0.259806 0.050042
v 0.022977 0.244777 0.050034
v 0.025015 0.259750 0.047388
v 0.024971 0.244778 0.047266
v 0.024996 0.259765 -0.047412
v 0.025012 0.244778 -0.047189
v 0.022974 0.244777 -0.050037
v 0.022887 0.259793 -0.050042
v -0.024893 0.259763 0.047434
v -0.022868 0.244776 0.050008
v -0.022779 0.259765 0.050075
v -0.024908 0.244779 0.047220
v 0.040534 0.059781 -0.037286
v 0.044917 0.059776 -0.031812
v 0.044917 0.059776 -0.037293
v -0.124883 0.154781 0.003950
v -0.120777 0.154775 0.012893
v -0.123602 0.154781 0.008636
v 0.102485 0.146857 0.009649
v 0.103522 0.139777 0.011996
v 0.098882 0.139787 0.010472
v -0.131851 0.207888 -0.023417
v 0.125890 0.189788 -0.028514
v -0.120826 0.113883 0.013033
v -0.084858 0.154779 -0.004446
v -0.084490 0.154794 0.002814
v -0.084655 0.154738 -0.000077
v -0.076641 0.154776 -0.068334
v 0.091546 0.154773 0.015140
v 0.096367 0.154777 0.018021
v 0.096392 0.154786 0.018775
v -0.021426 0.264234 0.027879
v -0.007270 0.264735 0.034851
v -0.016385 0.262773 0.031189
v 0.028895 0.184760 -0.130858
v -0.017495 0.084779 -0.049548
v -0.013506 0.084763 -0.053508
v -0.004952 0.074722 -0.054772
v -0.004950 0.078709 -0.058213
v -0.017495 0.084779 -0.049548
v -0.054968 0.047974 0.004964
v -0.054722 0.050628 0.005000
v -0.054871 0.055275 0.004980
v 0.009816 0.050677 -0.054126
v 0.010910 0.047463 -0.054023
v 0.007820 0.047765 -0.054461
v -0.086929 0.082907 -0.010006
v -0.084331 0.080922 -0.000107
v -0.085320 0.082478 -0.005980
v 0.024494 0.243485 -0.037808
v -0.096188 0.154781 -0.018681
v -0.091269 0.154743 -0.015059
v -0.096161 0.154783 -0.018001
v -0.084331 0.080922 -0.000107
v -0.086881 0.082804 0.012314
v -0.085147 0.082264 0.005341
v -0.004952 0.074722 -0.054772
v -0.013506 0.084763 -0.053508
v -0.004949 0.084776 -0.054786
v -0.039523 -0.009957 -0.006311
v -0.017923 -0.010212 0.000031
v -0.044362 -0.010224 -0.007277
v 0.018050 -0.010210 -0.000025
v 0.044446 -0.010224 0.007274
v 0.039638 -0.009963 0.006317
v -0.121211 0.154823 -0.012251
v -0.124199 0.141884 -0.006239
v -0.006262 -0.009970 0.039565
vt 0.501220 0.487708
vt 0.456638 0.487693
vt 0.450038 0.487708
vt 0.505894 0.487708
vt 0.447909 0.487708
vt 0.465147 0.487708
vt 0.512580 0.487708
vt 0.476971 0.487708
vt 0.520666 0.487708
vt 0.496475 0.487708
vt 0.529979 0.487708
vt 0.540323 0.487708
vt 0.519957 0.487709
vt 0.551306 0.487708
vt 0.547074 0.487709
vt 0.551273 0.487708
vt 0.556213 0.487696
vt 0.575700 0.487709
vt 0.571016 0.487708
vt 0.592780 0.487707
vt 0.600181 0.487693
vt 0.614102 0.487708
vt 0.605244 0.487708
vt 0.634718 0.487708
vt 0.605274 0.487708
vt 0.610735 0.487708
vt 0.621512 0.487708
vt 0.659075 0.487708
vt 0.631367 0.487708
vt 0.640090 0.487708
vt 0.678683 0.487708
vt 0.647496 0.487708
vt 0.653426 0.487708
vt 0.691400 0.487708
vt 0.700036 0.487674
vt 0.655267 0.487708
vt 0.706702 0.487673
vt 0.708639 0.487708
vt 0.657755 0.487708
vt 0.655267 0.487708
vt 0.657489 0.390708
vt 0.653091 0.390712
vt 0.660227 0.390708
vt 0.660389 0.487708
vt 0.661310 0.390709
vt 0.661274 0.487708
vt 0.660581 0.390708
vt 0.660389 0.487708
vt 0.658190 0.390708
vt 0.657755 0.487708
vt 0.654135 0.390726
vt 0.655267 0.487708
vt 0.653426 0.487708
vt 0.647496 0.487708
vt 0.647176 0.390708
vt 0.640090 0.487708
vt 0.639931 0.390718
vt 0.631367 0.487708
vt 0.631261 0.390714
vt 0.621512 0.487708
vt 0.621473 0.390710
vt 0.610735 0.487708
vt 0.610811 0.390708
vt 0.602139 0.416870
vt 0.598058 0.412968
vt 0.599506 0.390709
vt 0.587754 0.390708
vt 0.587352 0.412708
vt 0.605274 0.487708
vt 0.602478 0.484909
vt 0.576859 0.390710
vt 0.575242 0.412708
vt 0.563943 0.390710
vt 0.560213 0.412707
vt 0.552119 0.390734
vt 0.553880 0.416330
vt 0.551273 0.487708
vt 0.554150 0.484830
vt 0.541269 0.390708
vt 0.540323 0.487708
vt 0.530980 0.390708
vt 0.529979 0.487708
vt 0.521672 0.390708
vt 0.520666 0.487708
vt 0.513539 0.390708
vt 0.512580 0.487708
vt 0.506707 0.390705
vt 0.505894 0.487708
vt 0.501220 0.487708
vt 0.501441 0.390708
vt 0.497728 0.390708
vt 0.497259 0.487708
vt 0.495685 0.390708
vt 0.495495 0.487708
vt 0.495356 0.390708
vt 0.495495 0.487708
vt 0.496746 0.390708
vt 0.497259 0.487708
vt 0.499820 0.390711
vt 0.501236 0.487708
vt 0.504537 0.390708
vt 0.505894 0.487708
vt 0.510775 0.390708
vt 0.512580 0.487708
vt 0.518414 0.390708
vt 0.520666 0.487708
vt 0.527294 0.390708
vt 0.529979 0.487708
vt 0.537707 0.390693
vt 0.540323 0.487708
vt 0.551275 0.487708
vt 0.548375 0.390733
vt 0.554098 0.416938
vt 0.554068 0.484913
vt 0.557423 0.414140
vt 0.556246 0.482733
vt 0.556211 0.416772
vt 0.560388 0.412710
vt 0.557841 0.390708
vt 0.567978 0.390708
vt 0.575242 0.412708
vt 0.578274 0.390708
vt 0.587352 0.412708
vt 0.590197 0.390708
vt 0.598046 0.412971
vt 0.601901 0.390719
vt 0.612989 0.390701
vt 0.602685 0.417095
vt 0.610735 0.487708
vt 0.621512 0.487708
vt 0.623523 0.390708
vt 0.602535 0.485070
vt 0.631367 0.487708
vt 0.633049 0.390708
vt 0.640090 0.487708
vt 0.641439 0.390708
vt 0.647496 0.487708
vt 0.648518 0.390708
vt 0.653426 0.487708
vt 0.600312 0.416590
vt 0.600299 0.482731
vt 0.613791 0.377708
vt 0.611653 0.377778
vt 0.613136 0.377708
vt 0.617119 0.377713
vt 0.613379 0.377708
vt 0.613723 0.377709
vt 0.613622 0.377708
vt 0.613791 0.377708
vt 0.613863 0.377708
vt 0.614165 0.377709
vt 0.614165 0.377709
vt 0.618274 0.377708
vt 0.614220 0.377713
vt 0.614236 0.377715
vt 0.614262 0.377709
vt 0.613621 0.377818
vt 0.614236 0.377715
vt 0.612350 0.377704
vt 0.612065 0.377757
vt 0.617118 0.377702
vt 0.611402 0.377702
vt 0.606967 0.377802
vt 0.605190 0.377708
vt 0.598280 0.377708
vt 0.595918 0.377747
vt 0.598274 0.377708
vt 0.588324 0.377707
vt 0.581692 0.377731
vt 0.574887 0.377708
vt 0.569864 0.377737
vt 0.558360 0.377705
vt 0.559798 0.377752
vt 0.558266 0.377709
vt 0.551358 0.377708
vt 0.550360 0.377752
vt 0.544197 0.377705
vt 0.544603 0.377783
vt 0.539438 0.377706
vt 0.538274 0.377708
vt 0.542843 0.377764
vt 0.539417 0.377704
vt 0.544820 0.377702
vt 0.548703 0.377800
vt 0.551358 0.377708
vt 0.558463 0.377709
vt 0.558267 0.377709
vt 0.558274 0.377708
vt 0.568246 0.377708
vt 0.570953 0.377749
vt 0.586015 0.377733
vt 0.556797 0.378250
vt 0.581711 0.377707
vt 0.598182 0.377698
vt 0.598280 0.377708
vt 0.597210 0.377801
vt 0.605190 0.377708
vt 0.605120 0.377783
vt 0.613303 0.377712
vt 0.613136 0.377708
vt 0.613379 0.377708
vt 0.613240 0.377711
vt 0.613361 0.377711
vt 0.613528 0.377711
vt 0.613622 0.377708
vt 0.613303 0.377712
vt 0.613136 0.377708
vt 0.613240 0.377711
vt 0.613379 0.377708
vt 0.613361 0.377711
vt 0.613622 0.377708
vt 0.613528 0.377711
vt 0.613791 0.377708
vt 0.613723 0.377709
vt 0.613863 0.377708
vt 0.613863 0.377708
vt 0.613723 0.377709
vt 0.613791 0.377708
vt 0.613791 0.377708
vt 0.613863 0.377708
vt 0.614262 0.377709
vt 0.614165 0.377709
vt 0.614220 0.377713
vt 0.614236 0.377715
vt 0.614165 0.377709
vt 0.614262 0.377709
vt 0.614262 0.377709
vt 0.614220 0.377713
vt 0.614236 0.377715
vt 0.548258 0.502692
vt 0.548377 0.502811
vt 0.548307 0.502741
vt 0.548307 0.502741
vt 0.548328 0.502762
vt 0.548258 0.502692
vt 0.548274 0.502708
vt 0.545573 0.500007
vt 0.548307 0.502741
vt 0.543274 0.497708
vt 0.543249 0.497683
vt 0.543249 0.497683
vt 0.543274 0.497708
vt 0.543205 0.497640
vt 0.600297 0.482731
vt 0.600274 0.455708
vt 0.600270 0.416538
vt 0.600297 0.416714
vt 0.600261 0.482690
vt 0.600248 0.455704
vt 0.567110 0.387708
vt 0.580152 0.395749
vt 0.584540 0.387711
vt 0.566117 0.395708
vt 0.591465 0.395714
vt 0.602162 0.387708
vt 0.604285 0.395708
vt 0.615621 0.395772
vt 0.613567 0.387708
vt 0.628430 0.395708
vt 0.554141 0.395706
vt 0.550397 0.387707
vt 0.542847 0.395723
vt 0.534541 0.387708
vt 0.530653 0.395708
vt 0.519834 0.395728
vt 0.524401 0.387708
vt 0.509628 0.395708
vt 0.515231 0.387708
vt 0.500880 0.395708
vt 0.507198 0.387708
vt 0.493526 0.395708
vt 0.500444 0.387708
vt 0.488119 0.395638
vt 0.624336 0.387708
vt 0.639253 0.395708
vt 0.634275 0.387708
vt 0.648978 0.395708
vt 0.643206 0.387708
vt 0.657428 0.395708
vt 0.650967 0.387708
vt 0.664453 0.395708
vt 0.657418 0.387708
vt 0.669653 0.395607
vt 0.662444 0.387708
vt 0.673751 0.395696
vt 0.665953 0.387708
vt 0.675848 0.395708
vt 0.667883 0.387708
vt 0.676191 0.395708
vt 0.668198 0.387708
vt 0.674771 0.395708
vt 0.666893 0.387708
vt 0.671553 0.395678
vt 0.663992 0.387708
vt 0.666852 0.395721
vt 0.659547 0.387708
vt 0.660337 0.395708
vt 0.653638 0.387708
vt 0.652424 0.395708
vt 0.646371 0.387708
vt 0.643175 0.395708
vt 0.637877 0.387708
vt 0.632757 0.395708
vt 0.628309 0.387708
vt 0.621358 0.395708
vt 0.617841 0.387708
vt 0.610058 0.395639
vt 0.606659 0.387708
vt 0.596428 0.395702
vt 0.594966 0.387708
vt 0.583390 0.395708
vt 0.582972 0.387708
vt 0.570706 0.395678
vt 0.570894 0.387708
vt 0.557231 0.395706
vt 0.558948 0.387708
vt 0.544591 0.395706
vt 0.547351 0.387708
vt 0.532581 0.395708
vt 0.536311 0.387708
vt 0.521382 0.395708
vt 0.526027 0.387708
vt 0.511293 0.395702
vt 0.516683 0.387708
vt 0.502255 0.395708
vt 0.508450 0.387708
vt 0.501474 0.387708
vt 0.494648 0.395708
vt 0.495882 0.387708
vt 0.488562 0.395707
vt 0.491774 0.387708
vt 0.484077 0.395707
vt 0.489225 0.387708
vt 0.481309 0.395708
vt 0.488279 0.387708
vt 0.480280 0.395708
vt 0.488955 0.387708
vt 0.481016 0.395705
vt 0.491240 0.387708
vt 0.483518 0.395698
vt 0.495093 0.387708
vt 0.607126 0.472455
vt 0.600707 0.482719
vt 0.615432 0.482716
vt 0.607116 0.457725
vt 0.627159 0.472721
vt 0.629664 0.482717
vt 0.640423 0.472720
vt 0.643231 0.482720
vt 0.652955 0.472718
vt 0.655981 0.482723
vt 0.664627 0.472708
vt 0.667753 0.482725
vt 0.675220 0.472701
vt 0.678395 0.482727
vt 0.684712 0.472707
vt 0.687772 0.482727
vt 0.692923 0.472705
vt 0.695785 0.482709
vt 0.699784 0.472694
vt 0.702259 0.482698
vt 0.707310 0.472559
vt 0.706037 0.483015
vt 0.615432 0.482716
vt 0.600707 0.482719
vt 0.614102 0.487708
vt 0.634718 0.487708
vt 0.592780 0.487707
vt 0.585809 0.482708
vt 0.571016 0.487708
vt 0.570739 0.482708
vt 0.555772 0.482713
vt 0.547074 0.487709
vt 0.541094 0.482713
vt 0.526882 0.482715
vt 0.519957 0.487709
vt 0.629664 0.482717
vt 0.643231 0.482720
vt 0.659075 0.487708
vt 0.655981 0.482723
vt 0.667753 0.482725
vt 0.678683 0.487708
vt 0.678395 0.482727
vt 0.513314 0.482718
vt 0.500564 0.482721
vt 0.496475 0.487708
vt 0.488792 0.482723
vt 0.478150 0.482725
vt 0.476971 0.487708
vt 0.468774 0.482726
vt 0.460762 0.482708
vt 0.465147 0.487708
vt 0.454091 0.482713
vt 0.456638 0.487693
vt 0.687772 0.482727
vt 0.691400 0.487708
vt 0.695785 0.482709
vt 0.700036 0.487674
vt 0.702259 0.482698
vt 0.706037 0.483015
vt 0.453766 0.485786
vt 0.449949 0.482746
vt 0.450038 0.487708
vt 0.699853 0.487673
vt 0.653426 0.487708
vt 0.691400 0.487708
vt 0.647496 0.487708
vt 0.655267 0.487708
vt 0.706277 0.487706
vt 0.708639 0.487708
vt 0.683720 0.487708
vt 0.640090 0.487708
vt 0.668916 0.487708
vt 0.631367 0.487708
vt 0.653140 0.487708
vt 0.621512 0.487708
vt 0.632336 0.487709
vt 0.610735 0.487708
vt 0.605521 0.487705
vt 0.604771 0.487707
vt 0.604970 0.487711
vt 0.598962 0.487706
vt 0.579977 0.487710
vt 0.578274 0.487710
vt 0.556639 0.487698
vt 0.556593 0.487708
vt 0.542445 0.487708
vt 0.551309 0.487707
vt 0.521829 0.487708
vt 0.551275 0.487708
vt 0.540323 0.487708
vt 0.529979 0.487708
vt 0.497473 0.487708
vt 0.520666 0.487708
vt 0.477864 0.487708
vt 0.512580 0.487708
vt 0.505894 0.487708
vt 0.465147 0.487708
vt 0.456254 0.487678
vt 0.501236 0.487708
vt 0.450189 0.487704
vt 0.447909 0.487708
vt 0.597489 0.412808
vt 0.584961 0.412708
vt 0.575242 0.412708
vt 0.587352 0.412708
vt 0.598058 0.412968
vt 0.571586 0.412708
vt 0.560213 0.412707
vt 0.559101 0.412904
vt 0.657428 0.395708
vt 0.648978 0.395708
vt 0.654293 0.452708
vt 0.662007 0.452708
vt 0.645164 0.452708
vt 0.664453 0.395708
vt 0.639253 0.395708
vt 0.634788 0.452708
vt 0.628430 0.395708
vt 0.623360 0.452708
vt 0.615621 0.395772
vt 0.611092 0.452708
vt 0.668160 0.452708
vt 0.669653 0.395607
vt 0.671562 0.410710
vt 0.671569 0.452708
vt 0.603274 0.452708
vt 0.600270 0.416538
vt 0.600274 0.455708
vt 0.597489 0.412808
vt 0.604285 0.395708
vt 0.673751 0.395696
vt 0.673772 0.402708
vt 0.591465 0.395714
vt 0.580152 0.395749
vt 0.584961 0.412708
vt 0.571586 0.412708
vt 0.566117 0.395708
vt 0.559101 0.412904
vt 0.554141 0.395706
vt 0.542847 0.395723
vt 0.556283 0.416513
vt 0.545456 0.452708
vt 0.533187 0.452708
vt 0.530653 0.395708
vt 0.519834 0.395728
vt 0.521759 0.452708
vt 0.511384 0.452708
vt 0.509628 0.395708
vt 0.502254 0.452708
vt 0.500880 0.395708
vt 0.494541 0.452708
vt 0.493526 0.395708
vt 0.488387 0.452708
vt 0.488119 0.395638
vt 0.484979 0.452708
vt 0.484979 0.410708
vt 0.483518 0.395698
vt 0.482775 0.402708
vt 0.481016 0.395705
vt 0.481187 0.402708
vt 0.480274 0.402708
vt 0.480280 0.395708
vt 0.481187 0.402708
vt 0.481309 0.395708
vt 0.484077 0.395707
vt 0.482775 0.402708
vt 0.485017 0.410697
vt 0.488562 0.395707
vt 0.488387 0.452708
vt 0.494541 0.452708
vt 0.494648 0.395708
vt 0.502255 0.395708
vt 0.502254 0.452708
vt 0.511293 0.395702
vt 0.511384 0.452708
vt 0.521382 0.395708
vt 0.521759 0.452708
vt 0.532581 0.395708
vt 0.533187 0.452708
vt 0.544591 0.395706
vt 0.545456 0.452708
vt 0.484979 0.452708
vt 0.553274 0.452708
vt 0.556277 0.416604
vt 0.556274 0.455708
vt 0.559129 0.412820
vt 0.557231 0.395706
vt 0.570706 0.395678
vt 0.571586 0.412708
vt 0.583390 0.395708
vt 0.584961 0.412708
vt 0.596428 0.395702
vt 0.597309 0.412779
vt 0.610058 0.395639
vt 0.600265 0.416538
vt 0.611092 0.452708
vt 0.621358 0.395708
vt 0.623360 0.452708
vt 0.632757 0.395708
vt 0.634788 0.452708
vt 0.643175 0.395708
vt 0.645164 0.452708
vt 0.652424 0.395708
vt 0.654293 0.452708
vt 0.660337 0.395708
vt 0.662007 0.452708
vt 0.666852 0.395721
vt 0.668160 0.452708
vt 0.671569 0.452708
vt 0.671569 0.410708
vt 0.671553 0.395678
vt 0.673772 0.402708
vt 0.674771 0.395708
vt 0.675361 0.402708
vt 0.676191 0.395708
vt 0.676274 0.402708
vt 0.675848 0.395708
vt 0.675361 0.402708
vt 0.671607 0.487708
vt 0.663274 0.537708
vt 0.700991 0.487708
vt 0.700864 0.525951
vt 0.658838 0.558274
vt 0.651215 0.561048
vt 0.704580 0.524976
vt 0.704027 0.487708
vt 0.653900 0.502708
vt 0.708519 0.499586
vt 0.684845 0.502576
vt 0.678594 0.502712
vt 0.689929 0.502708
vt 0.673681 0.502708
vt 0.653900 0.502708
vt 0.672188 0.502708
vt 0.638781 0.502708
vt 0.653900 0.502708
vt 0.638582 0.502708
vt 0.673105 0.502708
vt 0.677393 0.502707
vt 0.682895 0.502708
vt 0.653900 0.502708
vt 0.708517 0.502708
vt 0.687776 0.502708
vt 0.692845 0.502708
vt 0.711270 0.502708
vt 0.694359 0.502708
vt 0.712317 0.502708
vt 0.711638 0.502708
vt 0.693205 0.502707
vt 0.689929 0.502708
vt 0.709079 0.502708
vt 0.564514 0.557711
vt 0.554159 0.530316
vt 0.571829 0.565923
vt 0.565859 0.541782
vt 0.557264 0.514229
vt 0.542586 0.513906
vt 0.542006 0.487708
vt 0.568003 0.494894
vt 0.568003 0.487708
vt 0.540667 0.516596
vt 0.552114 0.536462
vt 0.559585 0.557704
vt 0.573301 0.565822
vt 0.548928 0.537663
vt 0.559585 0.557704
vt 0.555264 0.557709
vt 0.553745 0.567454
vt 0.540667 0.516596
vt 0.535294 0.515029
vt 0.536232 0.487708
vt 0.542006 0.487708
vt 0.528437 0.487708
vt 0.531979 0.514487
vt 0.527930 0.513880
vt 0.520653 0.487709
vt 0.550688 0.572591
vt 0.523548 0.513470
vt 0.547681 0.573831
vt 0.514751 0.487708
vt 0.520066 0.513263
vt 0.536575 0.551329
vt 0.518458 0.513434
vt 0.512171 0.487706
vt 0.517391 0.512574
vt 0.532687 0.546102
vt 0.543806 0.573194
vt 0.541062 0.570391
vt 0.515598 0.513057
vt 0.512171 0.487706
vt 0.509394 0.487707
vt 0.539464 0.572643
vt 0.513497 0.513860
vt 0.507682 0.532917
vt 0.533408 0.582708
vt 0.500147 0.487708
vt 0.537747 0.582715
vt 0.563991 0.597708
vt 0.555274 0.597708
vt 0.543014 0.597710
vt 0.555263 0.597708
vt 0.538731 0.597708
vt 0.550113 0.597708
vt 0.532220 0.597706
vt 0.536504 0.597708
vt 0.564322 0.597708
vt 0.578729 0.597719
vt 0.573156 0.597707
vt 0.583629 0.597706
vt 0.582212 0.597708
vt 0.575612 0.597723
vt 0.592557 0.597708
vt 0.594392 0.597708
vt 0.613209 0.597707
vt 0.605929 0.597708
vt 0.617965 0.597707
vt 0.616311 0.597708
vt 0.624327 0.597706
vt 0.627274 0.597708
vt 0.627274 0.597708
vt 0.623518 0.597709
vt 0.630707 0.597695
vt 0.626575 0.597710
vt 0.627436 0.597693
vt 0.624021 0.597708
vt 0.627274 0.597708
vt 0.619843 0.597708
vt 0.624327 0.597706
vt 0.606434 0.597708
vt 0.617817 0.597708
vt 0.601279 0.597708
vt 0.613533 0.597710
vt 0.601274 0.597708
vt 0.592557 0.597708
vt 0.592220 0.597708
vt 0.578787 0.597713
vt 0.583390 0.597707
vt 0.572984 0.597706
vt 0.574326 0.597708
vt 0.581550 0.597713
vt 0.563991 0.597708
vt 0.562792 0.597708
vt 0.543460 0.597627
vt 0.551117 0.597708
vt 0.538488 0.597707
vt 0.577039 0.597729
vt 0.542504 0.597708
vt 0.532220 0.597706
vt 0.535113 0.597705
vt 0.529274 0.597708
vt 0.529190 0.597690
vt 0.531405 0.597708
vt 0.526230 0.597709
vt 0.530102 0.597708
vt 0.526859 0.597706
vt 0.532346 0.597708
vt 0.529274 0.597708
vt 0.529274 0.597708
vt 0.455833 0.526061
vt 0.493274 0.537708
vt 0.484940 0.487708
vt 0.455022 0.487708
vt 0.497710 0.558274
vt 0.505333 0.561048
vt 0.452229 0.522702
vt 0.475329 0.410744
vt 0.447855 0.430630
vt 0.469942 0.404690
vt 0.454230 0.435589
vt 0.474693 0.402760
vt 0.482775 0.402708
vt 0.485017 0.410697
vt 0.446372 0.434596
vt 0.452461 0.452692
vt 0.446332 0.457708
vt 0.454209 0.452708
vt 0.702054 0.487707
vt 0.700936 0.525890
vt 0.671607 0.487708
vt 0.663274 0.537708
vt 0.658838 0.558274
vt 0.651215 0.561048
vt 0.704060 0.524329
vt 0.706277 0.487706
vt 0.706708 0.527748
vt 0.708517 0.502708
vt 0.710250 0.525035
vt 0.708519 0.487708
vt 0.711270 0.502708
vt 0.711806 0.523836
vt 0.712317 0.502708
vt 0.712320 0.523441
vt 0.711638 0.502708
vt 0.711775 0.523861
vt 0.709696 0.525458
vt 0.709079 0.502708
vt 0.708519 0.499586
vt 0.706623 0.527821
vt 0.706702 0.487673
vt 0.704580 0.524976
vt 0.704027 0.487708
vt 0.495274 0.562708
vt 0.449837 0.527757
vt 0.464411 0.538946
vt 0.479276 0.550401
vt 0.491342 0.559680
vt 0.493892 0.561562
vt 0.495274 0.562708
vt 0.508719 0.567602
vt 0.508719 0.567602
vt 0.508719 0.567602
vt 0.508719 0.567602
vt 0.511491 0.568611
vt 0.491294 0.559577
vt 0.485355 0.555056
vt 0.472751 0.545374
vt 0.449925 0.527821
vt 0.461495 0.536705
vt 0.452896 0.530105
vt 0.511491 0.568611
vt 0.514264 0.569620
vt 0.514264 0.569620
vt 0.456116 0.532522
vt 0.446202 0.524959
vt 0.450092 0.527946
vt 0.448129 0.526432
vt 0.444741 0.523837
vt 0.444223 0.523440
vt 0.446298 0.525033
vt 0.611092 0.452708
vt 0.623360 0.452708
vt 0.609301 0.452709
vt 0.632180 0.452706
vt 0.634788 0.452708
vt 0.645164 0.452708
vt 0.649459 0.452708
vt 0.654293 0.452708
vt 0.603274 0.452708
vt 0.603164 0.452712
vt 0.609274 0.452708
vt 0.597400 0.452708
vt 0.591695 0.452707
vt 0.574685 0.452708
vt 0.664002 0.452706
vt 0.662007 0.452708
vt 0.676062 0.452709
vt 0.668160 0.452708
vt 0.671569 0.452708
vt 0.702338 0.452708
vt 0.701237 0.452708
vt 0.571307 0.452708
vt 0.547388 0.452699
vt 0.557425 0.452714
vt 0.553324 0.452708
vt 0.547258 0.452710
vt 0.553274 0.452708
vt 0.545456 0.452708
vt 0.522543 0.452702
vt 0.533187 0.452708
vt 0.521759 0.452708
vt 0.501501 0.452707
vt 0.511384 0.452708
vt 0.502254 0.452708
vt 0.490329 0.452708
vt 0.494541 0.452708
vt 0.480470 0.452709
vt 0.488387 0.452708
vt 0.484979 0.452708
vt 0.455310 0.452708
vt 0.454209 0.452708
vt 0.452461 0.452692
vt 0.600266 0.455716
vt 0.600299 0.482731
vt 0.600274 0.455708
vt 0.600240 0.482722
vt 0.600312 0.416590
vt 0.600265 0.416538
vt 0.655267 0.487708
vt 0.708645 0.502708
vt 0.708639 0.487708
vt 0.626424 0.502707
vt 0.628727 0.487617
vt 0.610893 0.502708
vt 0.622805 0.484281
vt 0.610905 0.467327
vt 0.675376 0.551859
vt 0.661274 0.562708
vt 0.667866 0.557570
vt 0.689921 0.540671
vt 0.706623 0.527821
vt 0.702379 0.531070
vt 0.709696 0.525458
vt 0.663981 0.560545
vt 0.662602 0.561618
vt 0.661274 0.562708
vt 0.647829 0.567602
vt 0.647829 0.567602
vt 0.647829 0.567602
vt 0.647829 0.567602
vt 0.645056 0.568611
vt 0.667260 0.558034
vt 0.672832 0.553810
vt 0.675906 0.549470
vt 0.645056 0.568611
vt 0.711775 0.523861
vt 0.707221 0.527265
vt 0.712320 0.523441
vt 0.707133 0.527348
vt 0.642284 0.569620
vt 0.642284 0.569620
vt 0.711806 0.523836
vt 0.703071 0.530531
vt 0.710250 0.525035
vt 0.706708 0.527748
vt 0.693584 0.537829
vt 0.682273 0.546550
vt 0.464286 0.512707
vt 0.471528 0.512705
vt 0.467727 0.537863
vt 0.461715 0.532965
vt 0.458497 0.512708
vt 0.473204 0.543756
vt 0.478478 0.512710
vt 0.478740 0.548476
vt 0.483524 0.512708
vt 0.482987 0.551754
vt 0.487545 0.512708
vt 0.487733 0.555718
vt 0.491027 0.512708
vt 0.491294 0.558648
vt 0.493255 0.512708
vt 0.457645 0.532188
vt 0.457397 0.528601
vt 0.454422 0.526767
vt 0.454512 0.512708
vt 0.452778 0.524755
vt 0.452742 0.512710
vt 0.453044 0.524985
vt 0.453309 0.512707
vt 0.457645 0.532188
vt 0.451780 0.527673
vt 0.452778 0.524755
vt 0.454727 0.526453
vt 0.456257 0.512707
vt 0.458659 0.530300
vt 0.493077 0.560220
vt 0.493892 0.561562
vt 0.493771 0.512708
vt 0.492903 0.560006
vt 0.491878 0.512707
vt 0.491294 0.559577
vt 0.488530 0.556226
vt 0.487852 0.512708
vt 0.485355 0.555056
vt 0.484160 0.552248
vt 0.483524 0.512708
vt 0.479059 0.548145
vt 0.478554 0.512709
vt 0.473612 0.543425
vt 0.471449 0.512706
vt 0.484160 0.552248
vt 0.479059 0.548145
vt 0.472751 0.545374
vt 0.473612 0.543425
vt 0.468434 0.539444
vt 0.464230 0.512708
vt 0.462910 0.534580
vt 0.460097 0.512708
vt 0.468434 0.539444
vt 0.461495 0.536705
vt 0.462910 0.534580
vt 0.456116 0.532522
vt 0.458659 0.530300
vt 0.453203 0.528819
vt 0.454727 0.526453
vt 0.450991 0.526925
vt 0.453044 0.524985
vt 0.452778 0.524755
vt 0.451780 0.527673
vt 0.450092 0.527946
vt 0.450991 0.526925
vt 0.448129 0.526432
vt 0.451780 0.527673
vt 0.555859 0.482719
vt 0.542445 0.487708
vt 0.541115 0.482716
vt 0.521829 0.487708
vt 0.526883 0.482717
vt 0.513317 0.482720
vt 0.497473 0.487708
vt 0.500566 0.482723
vt 0.488795 0.482725
vt 0.477864 0.487708
vt 0.478152 0.482727
vt 0.468776 0.482727
vt 0.465147 0.487708
vt 0.460762 0.482709
vt 0.456254 0.487678
vt 0.454288 0.482698
vt 0.454096 0.485727
vt 0.449947 0.482718
vt 0.450189 0.487704
vt 0.555859 0.482719
vt 0.541115 0.482716
vt 0.549422 0.472454
vt 0.549431 0.457727
vt 0.529388 0.472721
vt 0.526883 0.482717
vt 0.516125 0.472720
vt 0.513317 0.482720
vt 0.503593 0.472718
vt 0.500566 0.482723
vt 0.491921 0.472708
vt 0.488795 0.482725
vt 0.481328 0.472701
vt 0.478152 0.482727
vt 0.471835 0.472707
vt 0.468776 0.482727
vt 0.463625 0.472705
vt 0.460762 0.482709
vt 0.456764 0.472694
vt 0.454288 0.482698
vt 0.449218 0.472556
vt 0.449947 0.482718
vt 0.447918 0.457708
vt 0.449395 0.457738
vt 0.447909 0.487708
vt 0.447903 0.502708
vt 0.445180 0.502708
vt 0.450189 0.487704
vt 0.454096 0.485727
vt 0.446332 0.457708
vt 0.445247 0.434420
vt 0.444379 0.435597
vt 0.444274 0.502708
vt 0.444378 0.435591
vt 0.445180 0.502708
vt 0.445370 0.431604
vt 0.445585 0.431469
vt 0.464804 0.408084
vt 0.447855 0.430630
vt 0.469942 0.404690
vt 0.468009 0.404665
vt 0.447486 0.431274
vt 0.469943 0.404902
vt 0.474436 0.402778
vt 0.469337 0.403729
vt 0.472305 0.402731
vt 0.474693 0.402760
vt 0.482775 0.402708
vt 0.481187 0.402708
vt 0.480274 0.402708
vt 0.446340 0.435276
vt 0.445189 0.435603
vt 0.446315 0.457640
vt 0.447904 0.502708
vt 0.447909 0.487708
vt 0.449949 0.482746
vt 0.449309 0.472506
vt 0.454091 0.482713
vt 0.456753 0.472702
vt 0.449395 0.457738
vt 0.450038 0.487708
vt 0.453766 0.485786
vt 0.460762 0.482708
vt 0.463604 0.472713
vt 0.468774 0.482726
vt 0.471811 0.472715
vt 0.478150 0.482725
vt 0.481292 0.472711
vt 0.488792 0.482723
vt 0.491921 0.472708
vt 0.500564 0.482721
vt 0.503569 0.472710
vt 0.513314 0.482718
vt 0.516107 0.472713
vt 0.526882 0.482715
vt 0.529376 0.472715
vt 0.541094 0.482713
vt 0.549415 0.472409
vt 0.555772 0.482713
vt 0.556587 0.457708
vt 0.570739 0.482708
vt 0.571037 0.457708
vt 0.585809 0.482708
vt 0.585511 0.457708
vt 0.599980 0.457709
vt 0.549430 0.457725
vt 0.700349 0.512707
vt 0.693997 0.512712
vt 0.690699 0.512708
vt 0.695204 0.512710
vt 0.703196 0.512710
vt 0.703704 0.512710
vt 0.693833 0.512708
vt 0.700285 0.512707
vt 0.690414 0.512709
vt 0.686786 0.512708
vt 0.690285 0.512708
vt 0.685064 0.512707
vt 0.680201 0.512712
vt 0.677899 0.512707
vt 0.671521 0.512709
vt 0.673181 0.512715
vt 0.667570 0.512708
vt 0.664619 0.512709
vt 0.663085 0.512708
vt 0.672550 0.512712
vt 0.662794 0.512707
vt 0.665016 0.512962
vt 0.677741 0.512691
vt 0.668695 0.512708
vt 0.673024 0.512708
vt 0.678046 0.512709
vt 0.684960 0.512709
vt 0.685344 0.512707
vt 0.692258 0.512708
vt 0.696451 0.512708
vt 0.444126 0.502709
vt 0.445277 0.502708
vt 0.462188 0.502708
vt 0.463702 0.502708
vt 0.448030 0.502708
vt 0.468772 0.502708
vt 0.463105 0.502708
vt 0.445612 0.502708
vt 0.467393 0.502708
vt 0.448002 0.502708
vt 0.472895 0.502708
vt 0.473653 0.502708
vt 0.502647 0.502708
vt 0.479155 0.502708
vt 0.483442 0.502708
vt 0.502647 0.502708
vt 0.477776 0.502707
vt 0.502647 0.502708
vt 0.502647 0.502708
vt 0.517767 0.502708
vt 0.517965 0.502708
vt 0.482845 0.502707
vt 0.484359 0.502708
vt 0.444741 0.523837
vt 0.445277 0.502708
vt 0.444126 0.502709
vt 0.444223 0.523440
vt 0.445612 0.502708
vt 0.446202 0.524959
vt 0.448002 0.502708
vt 0.449925 0.527821
vt 0.450189 0.487704
vt 0.448029 0.487708
vt 0.452104 0.523852
vt 0.455149 0.487708
vt 0.455441 0.525768
vt 0.493274 0.537708
vt 0.484940 0.487708
vt 0.497710 0.558274
vt 0.505333 0.561048
vt 0.446298 0.525033
vt 0.448030 0.502708
vt 0.449837 0.527757
vt 0.450038 0.487708
vt 0.452229 0.522702
vt 0.455022 0.487708
vt 0.448017 0.487708
vt 0.667866 0.557570
vt 0.668695 0.512708
vt 0.672482 0.552730
vt 0.665016 0.512962
vt 0.663981 0.560545
vt 0.662794 0.512707
vt 0.662602 0.561618
vt 0.663085 0.512708
vt 0.664271 0.559644
vt 0.675376 0.551859
vt 0.677804 0.548336
vt 0.684949 0.542397
vt 0.689921 0.540671
vt 0.693699 0.536468
vt 0.702379 0.531070
vt 0.700686 0.530280
vt 0.707221 0.527265
vt 0.664619 0.512709
vt 0.667260 0.558034
vt 0.667570 0.512708
vt 0.671084 0.553507
vt 0.671521 0.512709
vt 0.675906 0.549470
vt 0.677899 0.512707
vt 0.681592 0.544988
vt 0.685064 0.512707
vt 0.688922 0.538463
vt 0.690285 0.512708
vt 0.694793 0.533752
vt 0.695204 0.512710
vt 0.700498 0.528595
vt 0.700349 0.512707
vt 0.703584 0.525960
vt 0.703196 0.512710
vt 0.703933 0.525855
vt 0.703704 0.512710
vt 0.701849 0.527008
vt 0.700285 0.512707
vt 0.697857 0.529685
vt 0.696451 0.512708
vt 0.692258 0.512708
vt 0.692206 0.535079
vt 0.685344 0.512707
vt 0.684949 0.542397
vt 0.678046 0.512709
vt 0.677804 0.548336
vt 0.673024 0.512708
vt 0.629542 0.467708
vt 0.649060 0.467708
vt 0.640440 0.472713
vt 0.652978 0.472710
vt 0.627171 0.472715
vt 0.607132 0.472409
vt 0.612273 0.467706
vt 0.661510 0.467708
vt 0.664627 0.472708
vt 0.675256 0.472711
vt 0.672709 0.467708
vt 0.684737 0.472715
vt 0.686573 0.467708
vt 0.692944 0.472713
vt 0.699794 0.472702
vt 0.696014 0.467708
vt 0.707255 0.472516
vt 0.700242 0.467710
vt 0.597547 0.455709
vt 0.584200 0.482715
vt 0.584203 0.455705
vt 0.597868 0.482783
vt 0.572339 0.482708
vt 0.572343 0.455704
vt 0.559528 0.482692
vt 0.559410 0.455711
vt 0.556587 0.457708
vt 0.571037 0.457708
vt 0.564853 0.452707
vt 0.589791 0.452705
vt 0.585511 0.457708
vt 0.599980 0.457709
vt 0.607116 0.457725
vt 0.609274 0.452708
vt 0.549430 0.457725
vt 0.547274 0.452708
vt 0.556253 0.415584
vt 0.556274 0.455708
vt 0.556250 0.482731
vt 0.556304 0.455723
vt 0.556309 0.482723
vt 0.556283 0.416513
vt 0.556288 0.455711
vt 0.556274 0.455708
vt 0.556302 0.482700
vt 0.556246 0.482733
vt 0.556277 0.416604
vt 0.556211 0.416772
vt 0.557423 0.414140
vt 0.559129 0.412820
vt 0.560388 0.412710
vt 0.575242 0.412708
vt 0.571586 0.412708
vt 0.584961 0.412708
vt 0.597309 0.412779
vt 0.587352 0.412708
vt 0.598046 0.412971
vt 0.678280 0.502708
vt 0.708645 0.502708
vt 0.626424 0.502707
vt 0.687182 0.502712
vt 0.695354 0.502708
vt 0.671832 0.502709
vt 0.700150 0.502708
vt 0.711368 0.502708
vt 0.703289 0.502708
vt 0.712274 0.502708
vt 0.703721 0.502708
vt 0.701779 0.502708
vt 0.711368 0.502708
vt 0.697607 0.502708
vt 0.708643 0.502708
vt 0.691825 0.502707
vt 0.684953 0.502707
vt 0.678001 0.502708
vt 0.626294 0.502708
vt 0.673024 0.502708
vt 0.668259 0.502708
vt 0.663472 0.502712
vt 0.633821 0.502707
vt 0.663051 0.502653
vt 0.635204 0.502708
vt 0.632075 0.502708
vt 0.666609 0.502708
vt 0.502647 0.502708
vt 0.500147 0.487708
vt 0.505538 0.520053
vt 0.500147 0.487708
vt 0.505538 0.520053
vt 0.524993 0.557708
vt 0.525011 0.557717
vt 0.502647 0.502708
vt 0.507682 0.532917
vt 0.507682 0.532917
vt 0.527039 0.570382
vt 0.530368 0.576815
vt 0.533408 0.582708
vt 0.527039 0.561668
vt 0.533408 0.582708
vt 0.662007 0.452708
vt 0.654293 0.452708
vt 0.666218 0.452708
vt 0.676031 0.452707
vt 0.668160 0.452708
vt 0.671569 0.452708
vt 0.701237 0.452708
vt 0.702338 0.452708
vt 0.654758 0.452708
vt 0.645164 0.452708
vt 0.634788 0.452708
vt 0.639373 0.452708
vt 0.623360 0.452708
vt 0.704086 0.452692
vt 0.625019 0.452709
vt 0.611092 0.452708
vt 0.603274 0.452708
vt 0.609274 0.452708
vt 0.603255 0.452708
vt 0.609274 0.452708
vt 0.599366 0.452714
vt 0.589791 0.452705
vt 0.575296 0.452708
vt 0.564853 0.452707
vt 0.557234 0.452711
vt 0.547274 0.452708
vt 0.553343 0.452708
vt 0.547259 0.452710
vt 0.553274 0.452708
vt 0.545456 0.452708
vt 0.533187 0.452708
vt 0.522536 0.452702
vt 0.521759 0.452708
vt 0.511384 0.452708
vt 0.501499 0.452707
vt 0.502254 0.452708
vt 0.494541 0.452708
vt 0.490329 0.452708
vt 0.480471 0.452709
vt 0.488387 0.452708
vt 0.484979 0.452708
vt 0.454209 0.452708
vt 0.455310 0.452708
vt 0.452435 0.452696
vt 0.563991 0.597708
vt 0.553068 0.593611
vt 0.543460 0.597627
vt 0.560628 0.593500
vt 0.570027 0.595639
vt 0.578787 0.597713
vt 0.586709 0.595626
vt 0.592557 0.597708
vt 0.592835 0.594024
vt 0.600534 0.593294
vt 0.604167 0.593760
vt 0.610155 0.595692
vt 0.613533 0.597710
vt 0.529190 0.597690
vt 0.521982 0.593269
vt 0.521979 0.593266
vt 0.529274 0.597708
vt 0.527587 0.593273
vt 0.523256 0.594510
vt 0.526230 0.597709
vt 0.523760 0.594491
vt 0.526859 0.597706
vt 0.521980 0.593269
vt 0.529274 0.597708
vt 0.529274 0.597708
vt 0.521982 0.593269
vt 0.532220 0.597706
vt 0.527586 0.593271
vt 0.538731 0.597708
vt 0.541210 0.593264
vt 0.532220 0.597706
vt 0.538488 0.597707
vt 0.541205 0.593267
vt 0.656400 0.487708
vt 0.708519 0.487708
vt 0.671607 0.487708
vt 0.671607 0.487708
vt 0.656400 0.487708
vt 0.702054 0.487707
vt 0.654937 0.487708
vt 0.647122 0.487707
vt 0.666288 0.487708
vt 0.706277 0.487706
vt 0.644388 0.487706
vt 0.642257 0.487709
vt 0.650464 0.487710
vt 0.637857 0.487708
vt 0.645805 0.487709
vt 0.640240 0.487708
vt 0.631915 0.487708
vt 0.634713 0.487708
vt 0.625167 0.487709
vt 0.625652 0.487708
vt 0.619836 0.487708
vt 0.616814 0.487708
vt 0.614591 0.487708
vt 0.613274 0.487708
vt 0.588544 0.487708
vt 0.613246 0.487708
vt 0.543283 0.487708
vt 0.543274 0.487708
vt 0.594558 0.487708
vt 0.568003 0.487708
vt 0.539733 0.487708
vt 0.542184 0.487709
vt 0.534401 0.487708
vt 0.533471 0.487708
vt 0.610145 0.487708
vt 0.527953 0.487708
vt 0.523494 0.487709
vt 0.521326 0.487709
vt 0.514209 0.487708
vt 0.578274 0.487708
vt 0.561670 0.487709
vt 0.545498 0.487707
vt 0.509054 0.487708
vt 0.515209 0.487712
vt 0.503282 0.487711
vt 0.501582 0.487708
vt 0.512201 0.487706
vt 0.509412 0.487707
vt 0.500147 0.487708
vt 0.490260 0.487708
vt 0.484940 0.487708
vt 0.484940 0.487708
vt 0.500147 0.487708
vt 0.455149 0.487708
vt 0.448029 0.487708
vt 0.450189 0.487704
vt 0.691853 0.408194
vt 0.686655 0.404752
vt 0.709097 0.431128
vt 0.711177 0.431605
vt 0.710973 0.431493
vt 0.688720 0.404857
vt 0.709064 0.431277
vt 0.686131 0.404339
vt 0.684153 0.402742
vt 0.687178 0.403773
vt 0.681841 0.402729
vt 0.673772 0.402708
vt 0.712170 0.435590
vt 0.711358 0.435601
vt 0.710207 0.435277
vt 0.710215 0.457708
vt 0.711368 0.502708
vt 0.708643 0.502708
vt 0.712274 0.502708
vt 0.712168 0.435595
vt 0.711368 0.502708
vt 0.711335 0.434528
vt 0.710215 0.457708
vt 0.708629 0.457708
vt 0.708645 0.502708
vt 0.708639 0.487708
vt 0.706037 0.483015
vt 0.706702 0.487673
vt 0.710208 0.435394
vt 0.708639 0.487708
vt 0.708629 0.457708
vt 0.706123 0.482713
vt 0.706277 0.487706
vt 0.707153 0.457738
vt 0.707255 0.472516
vt 0.708639 0.487708
vt 0.626294 0.502708
vt 0.655267 0.487708
vt 0.628220 0.487540
vt 0.610893 0.502708
vt 0.708643 0.502708
vt 0.622247 0.483449
vt 0.610902 0.467368
vt 0.638102 0.487698
vt 0.661274 0.487708
vt 0.635393 0.487705
vt 0.637270 0.487660
vt 0.634232 0.487688
vt 0.626326 0.487592
vt 0.630943 0.487551
vt 0.660389 0.487708
vt 0.660389 0.487708
vt 0.657755 0.487708
vt 0.655267 0.487708
vt 0.628220 0.487540
vt 0.657755 0.487708
vt 0.655267 0.487708
vt 0.628727 0.487617
vt 0.631080 0.487659
vt 0.625521 0.487297
vt 0.625893 0.484947
vt 0.623057 0.484248
vt 0.618279 0.481091
vt 0.621940 0.485098
vt 0.625675 0.484756
vt 0.621152 0.479993
vt 0.623033 0.480005
vt 0.622648 0.382705
vt 0.620783 0.382702
vt 0.618279 0.481091
vt 0.618078 0.467499
vt 0.617775 0.382700
vt 0.615084 0.467533
vt 0.628900 0.485064
vt 0.622247 0.483449
vt 0.610902 0.467368
vt 0.613686 0.382702
vt 0.608409 0.382660
vt 0.607199 0.502708
vt 0.602717 0.398999
vt 0.600774 0.502708
vt 0.595540 0.398744
vt 0.593665 0.502708
vt 0.589945 0.399259
vt 0.603277 0.382723
vt 0.586088 0.502708
vt 0.610893 0.502708
vt 0.584158 0.399266
vt 0.578274 0.502708
vt 0.578281 0.399022
vt 0.589378 0.397739
vt 0.575525 0.397718
vt 0.572391 0.399046
vt 0.570460 0.502708
vt 0.566609 0.399264
vt 0.562883 0.502708
vt 0.563386 0.397748
vt 0.589945 0.399259
vt 0.595540 0.398744
vt 0.603274 0.397729
vt 0.561021 0.399311
vt 0.555774 0.502708
vt 0.555778 0.399143
vt 0.549348 0.502708
vt 0.553282 0.397985
vt 0.548034 0.382670
vt 0.545642 0.467377
vt 0.553268 0.382726
vt 0.542063 0.467709
vt 0.542880 0.382703
vt 0.533714 0.484300
vt 0.538469 0.467660
vt 0.538771 0.382699
vt 0.535765 0.382704
vt 0.527928 0.484663
vt 0.538284 0.479564
vt 0.535347 0.479756
vt 0.536022 0.484249
vt 0.533941 0.382693
vt 0.533517 0.480021
vt 0.532719 0.485419
vt 0.530231 0.485348
vt 0.527831 0.487622
vt 0.522112 0.487687
vt 0.608512 0.382670
vt 0.607199 0.502708
vt 0.610905 0.467327
vt 0.602708 0.398988
vt 0.600774 0.502708
vt 0.603279 0.382726
vt 0.595537 0.398875
vt 0.593665 0.502708
vt 0.589937 0.398909
vt 0.586088 0.502708
vt 0.614428 0.467648
vt 0.613666 0.382704
vt 0.622805 0.484281
vt 0.618081 0.467704
vt 0.628577 0.484602
vt 0.617775 0.382700
vt 0.620782 0.382704
vt 0.618326 0.480007
vt 0.621286 0.480050
vt 0.622607 0.382693
vt 0.623014 0.479392
vt 0.625675 0.484756
vt 0.621940 0.485098
vt 0.618326 0.480007
vt 0.628727 0.487617
vt 0.634232 0.487688
vt 0.648865 0.532917
vt 0.656400 0.487708
vt 0.656400 0.487708
vt 0.653900 0.502708
vt 0.651009 0.520053
vt 0.648865 0.532917
vt 0.651009 0.520053
vt 0.653900 0.502708
vt 0.631554 0.557708
vt 0.629508 0.570382
vt 0.626296 0.576599
vt 0.631543 0.557714
vt 0.629508 0.561668
vt 0.623140 0.582708
vt 0.623140 0.582708
vt 0.501236 0.487708
vt 0.530405 0.502708
vt 0.447903 0.502708
vt 0.447909 0.487708
vt 0.527831 0.487622
vt 0.545655 0.502708
vt 0.533714 0.484300
vt 0.545642 0.467377
vt 0.568003 0.494894
vt 0.542184 0.487709
vt 0.543236 0.513786
vt 0.568003 0.487708
vt 0.557264 0.514229
vt 0.554553 0.526925
vt 0.565341 0.540035
vt 0.554048 0.540336
vt 0.564667 0.550034
vt 0.540844 0.516353
vt 0.557981 0.557690
vt 0.540844 0.516353
vt 0.555319 0.557706
vt 0.554225 0.565471
vt 0.536218 0.515281
vt 0.542184 0.487709
vt 0.534401 0.487708
vt 0.530400 0.513982
vt 0.552147 0.570608
vt 0.549136 0.573274
vt 0.525239 0.513622
vt 0.521005 0.513258
vt 0.521326 0.487709
vt 0.527953 0.487708
vt 0.536751 0.550586
vt 0.515209 0.487712
vt 0.518347 0.513003
vt 0.512201 0.487706
vt 0.517430 0.512703
vt 0.544708 0.573803
vt 0.541178 0.570274
vt 0.515873 0.513024
vt 0.512201 0.487706
vt 0.509412 0.487707
vt 0.539519 0.572268
vt 0.513953 0.513727
vt 0.507682 0.532917
vt 0.533408 0.582708
vt 0.500147 0.487708
vt 0.537848 0.582708
vt 0.500147 0.487708
vt 0.507682 0.532917
vt 0.507682 0.532917
vt 0.526964 0.570234
vt 0.530545 0.577157
vt 0.505538 0.520053
vt 0.502647 0.502708
vt 0.502647 0.502708
vt 0.500147 0.487708
vt 0.505538 0.520053
vt 0.525002 0.557715
vt 0.524993 0.557708
vt 0.527046 0.561681
vt 0.533427 0.582739
vt 0.533408 0.582708
vt 0.633230 0.594140
vt 0.627274 0.597708
vt 0.627436 0.597693
vt 0.634566 0.593269
vt 0.630707 0.597695
vt 0.634116 0.593711
vt 0.627274 0.597708
vt 0.634565 0.593269
vt 0.627274 0.597708
vt 0.628961 0.593272
vt 0.634569 0.593266
vt 0.647829 0.567602
vt 0.647829 0.567602
vt 0.651215 0.561048
vt 0.663168 0.538008
vt 0.663274 0.537708
vt 0.671607 0.487708
vt 0.671607 0.487708
vt 0.624327 0.597706
vt 0.615350 0.593266
vt 0.617965 0.597707
vt 0.660855 0.467708
vt 0.675220 0.472701
vt 0.677437 0.467708
vt 0.664627 0.472708
vt 0.652955 0.472718
vt 0.684712 0.472707
vt 0.692923 0.472705
vt 0.692943 0.467708
vt 0.699784 0.472694
vt 0.707310 0.472559
vt 0.700252 0.467705
vt 0.648167 0.467708
vt 0.640423 0.472720
vt 0.629086 0.467708
vt 0.627159 0.472721
vt 0.607126 0.472455
vt 0.612274 0.467709
vt 0.635679 0.517708
vt 0.593352 0.517708
vt 0.591932 0.517707
vt 0.631275 0.517708
vt 0.632388 0.517708
vt 0.624908 0.517708
vt 0.615028 0.517708
vt 0.585005 0.517707
vt 0.599142 0.517709
vt 0.581639 0.517708
vt 0.576408 0.517708
vt 0.566715 0.517708
vt 0.569160 0.517707
vt 0.549214 0.517709
vt 0.534506 0.517708
vt 0.564282 0.517708
vt 0.524195 0.517709
vt 0.591602 0.517707
vt 0.621462 0.517708
vt 0.586262 0.517708
vt 0.606347 0.517708
vt 0.592449 0.517708
vt 0.579151 0.517708
vt 0.577238 0.517708
vt 0.557684 0.517709
vt 0.571341 0.517707
vt 0.540260 0.517709
vt 0.565554 0.517708
vt 0.528369 0.517708
vt 0.523294 0.517708
vt 0.563087 0.517708
vt 0.521091 0.517709
vt 0.543274 0.487708
vt 0.543276 0.487708
vt 0.568003 0.487708
vt 0.542006 0.487708
vt 0.588544 0.487708
vt 0.539861 0.487709
vt 0.536232 0.487708
vt 0.530658 0.487708
vt 0.528437 0.487708
vt 0.521272 0.487708
vt 0.520653 0.487709
vt 0.511476 0.487709
vt 0.545329 0.487709
vt 0.563688 0.487708
vt 0.582679 0.487708
vt 0.599467 0.487708
vt 0.611230 0.487708
vt 0.506163 0.487710
vt 0.514751 0.487708
vt 0.501624 0.487708
vt 0.512171 0.487706
vt 0.509394 0.487707
vt 0.500147 0.487708
vt 0.484940 0.487708
vt 0.500147 0.487708
vt 0.484940 0.487708
vt 0.448017 0.487708
vt 0.490260 0.487708
vt 0.455022 0.487708
vt 0.450038 0.487708
vt 0.613262 0.487708
vt 0.613274 0.487708
vt 0.616769 0.487708
vt 0.614624 0.487708
vt 0.619683 0.487709
vt 0.624910 0.487708
vt 0.626073 0.487708
vt 0.633737 0.487708
vt 0.632460 0.487708
vt 0.640682 0.487708
vt 0.647559 0.487709
vt 0.638412 0.487708
vt 0.653561 0.487709
vt 0.654970 0.487708
vt 0.642282 0.487709
vt 0.644224 0.487705
vt 0.646896 0.487708
vt 0.666288 0.487708
vt 0.656400 0.487708
vt 0.671607 0.487708
vt 0.656400 0.487708
vt 0.700991 0.487708
vt 0.671607 0.487708
vt 0.704027 0.487708
vt 0.706702 0.487673
vt 0.613623 0.572123
vt 0.637406 0.517868
vt 0.600534 0.593294
vt 0.633204 0.517777
vt 0.640682 0.487708
vt 0.647559 0.487709
vt 0.643296 0.517729
vt 0.624587 0.566175
vt 0.621602 0.563063
vt 0.610155 0.595692
vt 0.604167 0.593760
vt 0.615338 0.593264
vt 0.646859 0.517669
vt 0.653561 0.487709
vt 0.631007 0.560104
vt 0.633737 0.487708
vt 0.613533 0.597710
vt 0.617817 0.597708
vt 0.603954 0.577345
vt 0.629218 0.517677
vt 0.623189 0.517734
vt 0.624910 0.487708
vt 0.618300 0.517720
vt 0.616769 0.487708
vt 0.604782 0.551380
vt 0.592835 0.594024
vt 0.586709 0.595626
vt 0.651343 0.517711
vt 0.649812 0.517790
vt 0.654970 0.487708
vt 0.651009 0.520053
vt 0.631554 0.557708
vt 0.638567 0.517708
vt 0.638582 0.502708
vt 0.653900 0.502708
vt 0.628023 0.557708
vt 0.628053 0.517708
vt 0.628286 0.557708
vt 0.626734 0.550346
vt 0.628284 0.517704
vt 0.628053 0.517708
vt 0.628023 0.557708
vt 0.448017 0.487708
vt 0.502647 0.502708
vt 0.448030 0.502708
vt 0.500147 0.487708
vt 0.538211 0.480267
vt 0.538468 0.467687
vt 0.535764 0.382702
vt 0.535212 0.480574
vt 0.538771 0.382700
vt 0.533899 0.382705
vt 0.533535 0.479613
vt 0.530674 0.485180
vt 0.541581 0.467637
vt 0.533619 0.484406
vt 0.528308 0.484172
vt 0.545644 0.467426
vt 0.542861 0.382700
vt 0.548141 0.382664
vt 0.549348 0.502708
vt 0.553496 0.398019
vt 0.555774 0.502708
vt 0.561271 0.398803
vt 0.562883 0.502708
vt 0.566604 0.399405
vt 0.522621 0.487691
vt 0.527458 0.487632
vt 0.553270 0.382724
vt 0.570460 0.502708
vt 0.545655 0.502708
vt 0.572361 0.398747
vt 0.578274 0.502708
vt 0.578265 0.398915
vt 0.584156 0.398973
vt 0.586126 0.397717
vt 0.584156 0.398973
vt 0.565750 0.397709
vt 0.561271 0.398803
vt 0.589937 0.398909
vt 0.595537 0.398875
vt 0.603273 0.397731
vt 0.602708 0.398988
vt 0.536757 0.561136
vt 0.524825 0.517712
vt 0.518642 0.517698
vt 0.521272 0.487708
vt 0.511476 0.487709
vt 0.541978 0.556473
vt 0.530771 0.517609
vt 0.530658 0.487708
vt 0.535332 0.517638
vt 0.539861 0.487709
vt 0.560628 0.593500
vt 0.553068 0.593611
vt 0.546067 0.582815
vt 0.543460 0.597627
vt 0.536803 0.573187
vt 0.541205 0.593267
vt 0.538488 0.597707
vt 0.527470 0.560506
vt 0.514567 0.517782
vt 0.510644 0.517650
vt 0.521451 0.551753
vt 0.507421 0.517460
vt 0.506163 0.487710
vt 0.501624 0.487708
vt 0.505274 0.517718
vt 0.524486 0.502708
vt 0.530307 0.502707
vt 0.491870 0.502708
vt 0.493462 0.502708
vt 0.486583 0.502706
vt 0.478794 0.502708
vt 0.447904 0.502708
vt 0.471485 0.502708
vt 0.521143 0.502707
vt 0.464654 0.502707
vt 0.457796 0.502709
vt 0.445180 0.502708
vt 0.454010 0.502708
vt 0.444274 0.502708
vt 0.452577 0.502708
vt 0.445180 0.502708
vt 0.454623 0.502708
vt 0.447903 0.502708
vt 0.493717 0.502708
vt 0.523480 0.502707
vt 0.491901 0.502708
vt 0.530405 0.502708
vt 0.478267 0.502708
vt 0.471434 0.502708
vt 0.464367 0.502709
vt 0.458430 0.502708
vt 0.488191 0.502708
vt 0.483524 0.502708
vt 0.613280 0.513795
vt 0.588544 0.494894
vt 0.614624 0.487708
vt 0.599283 0.514229
vt 0.588544 0.487708
vt 0.615663 0.516345
vt 0.601847 0.527154
vt 0.602411 0.540130
vt 0.593075 0.548510
vt 0.591830 0.557721
vt 0.596890 0.557705
vt 0.583276 0.567761
vt 0.583276 0.563526
vt 0.591504 0.539264
vt 0.603988 0.542645
vt 0.615663 0.516345
vt 0.601222 0.557701
vt 0.602626 0.566707
vt 0.620378 0.515189
vt 0.619683 0.487709
vt 0.614624 0.487708
vt 0.605043 0.571358
vt 0.596890 0.557705
vt 0.624888 0.514344
vt 0.626073 0.487708
vt 0.632460 0.487708
vt 0.630352 0.513781
vt 0.607536 0.573262
vt 0.634760 0.513227
vt 0.610576 0.573674
vt 0.638412 0.487708
vt 0.642282 0.487709
vt 0.637893 0.513115
vt 0.623886 0.546037
vt 0.639266 0.512806
vt 0.644224 0.487705
vt 0.612944 0.572766
vt 0.615782 0.570578
vt 0.642354 0.512923
vt 0.646896 0.487708
vt 0.644224 0.487705
vt 0.617212 0.573413
vt 0.623140 0.582708
vt 0.648865 0.532917
vt 0.646896 0.487708
vt 0.656400 0.487708
vt 0.618943 0.582727
vt 0.595713 0.522707
vt 0.596915 0.622708
vt 0.599376 0.552708
vt 0.592774 0.622708
vt 0.599392 0.537709
vt 0.601785 0.522707
vt 0.604852 0.537710
vt 0.606440 0.522702
vt 0.607231 0.537709
vt 0.607278 0.522707
vt 0.606833 0.537708
vt 0.605378 0.522707
vt 0.604531 0.537707
vt 0.600937 0.522708
vt 0.599388 0.537709
vt 0.595755 0.522707
vt 0.599409 0.552707
vt 0.596915 0.622708
vt 0.592774 0.622708
vt 0.590010 0.522707
vt 0.588192 0.622708
vt 0.583349 0.522708
vt 0.583310 0.622708
vt 0.578274 0.622708
vt 0.577427 0.522708
vt 0.573238 0.622708
vt 0.600489 0.622708
vt 0.603388 0.622708
vt 0.603388 0.552708
vt 0.605525 0.622708
vt 0.605525 0.552708
vt 0.606833 0.622708
vt 0.606833 0.552708
vt 0.607274 0.622708
vt 0.607274 0.552708
vt 0.606833 0.622708
vt 0.606833 0.552708
vt 0.605525 0.622708
vt 0.605525 0.552708
vt 0.603388 0.622708
vt 0.603388 0.552708
vt 0.600489 0.622708
vt 0.549714 0.622708
vt 0.551023 0.552708
vt 0.549714 0.552708
vt 0.551023 0.622708
vt 0.553159 0.552708
vt 0.553159 0.622708
vt 0.557106 0.552707
vt 0.556058 0.622708
vt 0.549274 0.622708
vt 0.549274 0.552708
vt 0.549714 0.622708
vt 0.549714 0.552708
vt 0.551023 0.622708
vt 0.551023 0.552708
vt 0.553159 0.622708
vt 0.553159 0.552708
vt 0.556058 0.622708
vt 0.557150 0.552708
vt 0.559633 0.622708
vt 0.561963 0.522705
vt 0.563774 0.622708
vt 0.557153 0.537708
vt 0.555330 0.522707
vt 0.553159 0.537708
vt 0.568184 0.522709
vt 0.550452 0.522709
vt 0.568355 0.622708
vt 0.573224 0.522708
vt 0.550086 0.537708
vt 0.549147 0.522708
vt 0.549276 0.537716
vt 0.551218 0.522707
vt 0.552024 0.537705
vt 0.555820 0.522708
vt 0.557169 0.537709
vt 0.560883 0.522707
vt 0.559633 0.622708
vt 0.563774 0.622708
vt 0.566975 0.522708
vt 0.568355 0.622708
vt 0.573238 0.622708
vt 0.571813 0.522708
vt 0.577203 0.522708
vt 0.578274 0.622708
vt 0.583310 0.622708
vt 0.582078 0.522708
vt 0.587247 0.522708
vt 0.588192 0.622708
vt 0.591749 0.522708
vt 0.497259 0.487708
vt 0.501220 0.487708
vt 0.522621 0.487691
vt 0.527458 0.487632
vt 0.495495 0.487708
vt 0.524888 0.487689
vt 0.529053 0.487647
vt 0.518487 0.487684
vt 0.519304 0.487646
vt 0.495495 0.487708
vt 0.523906 0.485007
vt 0.524263 0.483950
vt 0.533657 0.467620
vt 0.533265 0.467596
vt 0.533899 0.382705
vt 0.533535 0.479613
vt 0.533655 0.467632
vt 0.533941 0.382693
vt 0.533274 0.382708
vt 0.533517 0.480021
vt 0.530582 0.486032
vt 0.534364 0.485604
vt 0.524460 0.484217
vt 0.529737 0.487666
vt 0.524703 0.487688
vt 0.522112 0.487687
vt 0.497259 0.487708
vt 0.501236 0.487708
vt 0.527831 0.487622
vt 0.532719 0.485419
vt 0.530231 0.485348
vt 0.536022 0.484249
vt 0.534364 0.485604
vt 0.538211 0.480267
vt 0.615988 0.594707
vt 0.619494 0.594701
vt 0.618092 0.567711
vt 0.618163 0.557708
vt 0.612587 0.567708
vt 0.621860 0.557709
vt 0.611507 0.594708
vt 0.606828 0.567709
vt 0.621850 0.594705
vt 0.623283 0.594676
vt 0.623102 0.557708
vt 0.606146 0.594707
vt 0.600056 0.594706
vt 0.599220 0.567705
vt 0.593387 0.594705
vt 0.590208 0.567707
vt 0.582986 0.594701
vt 0.582803 0.567708
vt 0.623258 0.557721
vt 0.622949 0.594705
vt 0.622565 0.557735
vt 0.626734 0.550346
vt 0.620556 0.557722
vt 0.618073 0.557708
vt 0.618221 0.594703
vt 0.621720 0.594705
vt 0.564055 0.567708
vt 0.558289 0.594734
vt 0.568216 0.594705
vt 0.573617 0.567708
vt 0.558274 0.567708
vt 0.573713 0.594694
vt 0.649011 0.517501
vt 0.635099 0.551746
vt 0.628516 0.561282
vt 0.615350 0.593266
vt 0.613209 0.597707
vt 0.617965 0.597707
vt 0.618365 0.574797
vt 0.641069 0.517633
vt 0.635342 0.517821
vt 0.640240 0.487708
vt 0.645805 0.487709
vt 0.645822 0.517636
vt 0.607223 0.594447
vt 0.650464 0.487710
vt 0.654937 0.487708
vt 0.651274 0.517718
vt 0.630829 0.517736
vt 0.615206 0.565588
vt 0.624717 0.517591
vt 0.600301 0.593487
vt 0.634713 0.487708
vt 0.625167 0.487709
vt 0.618238 0.517672
vt 0.594644 0.593711
vt 0.595052 0.575342
vt 0.616814 0.487708
vt 0.589133 0.595021
vt 0.588039 0.591807
vt 0.566199 0.578387
vt 0.570044 0.595722
vt 0.551681 0.551127
vt 0.571393 0.587708
vt 0.556579 0.550444
vt 0.538248 0.517721
vt 0.565390 0.566069
vt 0.556885 0.534999
vt 0.544964 0.517718
vt 0.548274 0.502708
vt 0.560497 0.502708
vt 0.552166 0.517710
vt 0.543274 0.497708
vt 0.539733 0.487708
vt 0.543274 0.487708
vt 0.557264 0.514229
vt 0.565341 0.540035
vt 0.568003 0.494894
vt 0.573274 0.502708
vt 0.583274 0.502708
vt 0.588544 0.494894
vt 0.599283 0.514229
vt 0.591267 0.540231
vt 0.568003 0.487708
vt 0.588544 0.487708
vt 0.583274 0.563911
vt 0.573273 0.563776
vt 0.599283 0.514229
vt 0.601618 0.526799
vt 0.613407 0.513870
vt 0.591267 0.540231
vt 0.614591 0.487708
vt 0.588544 0.494894
vt 0.604746 0.535505
vt 0.588544 0.487708
vt 0.615719 0.516511
vt 0.599165 0.557697
vt 0.615719 0.516511
vt 0.601271 0.557708
vt 0.602733 0.567251
vt 0.621103 0.515073
vt 0.619836 0.487708
vt 0.614591 0.487708
vt 0.625652 0.487708
vt 0.624490 0.514403
vt 0.631915 0.487708
vt 0.628209 0.513978
vt 0.605150 0.571694
vt 0.633195 0.513187
vt 0.637857 0.487708
vt 0.608124 0.573485
vt 0.618784 0.552045
vt 0.636670 0.512876
vt 0.642257 0.487709
vt 0.612344 0.573533
vt 0.623191 0.547584
vt 0.639220 0.512652
vt 0.638216 0.513315
vt 0.644388 0.487706
vt 0.615506 0.570685
vt 0.641062 0.512613
vt 0.644388 0.487706
vt 0.647122 0.487707
vt 0.617061 0.572830
vt 0.643179 0.513041
vt 0.618757 0.582703
vt 0.648865 0.532917
vt 0.656400 0.487708
vt 0.623140 0.582708
vt 0.536028 0.557708
vt 0.538474 0.557708
vt 0.542380 0.557708
vt 0.530822 0.557708
vt 0.525002 0.557715
vt 0.524993 0.557708
vt 0.549705 0.557708
vt 0.555319 0.557706
vt 0.557981 0.557690
vt 0.560729 0.557706
vt 0.573284 0.557708
vt 0.564717 0.557721
vt 0.562090 0.557708
vt 0.574152 0.557706
vt 0.583273 0.557708
vt 0.587767 0.557708
vt 0.573274 0.557708
vt 0.598327 0.557708
vt 0.618163 0.557708
vt 0.596106 0.557705
vt 0.605013 0.557708
vt 0.592033 0.557711
vt 0.583274 0.557708
vt 0.599165 0.557697
vt 0.601271 0.557708
vt 0.606843 0.557708
vt 0.614168 0.557708
vt 0.620519 0.557708
vt 0.625726 0.557708
vt 0.631543 0.557714
vt 0.621860 0.557709
vt 0.628023 0.557708
vt 0.623102 0.557708
vt 0.628286 0.557708
vt 0.631554 0.557708
vt 0.623258 0.557721
vt 0.623274 0.382708
vt 0.622607 0.382693
vt 0.623282 0.467593
vt 0.622891 0.467627
vt 0.623014 0.479392
vt 0.632286 0.483952
vt 0.622890 0.467621
vt 0.622648 0.382705
vt 0.623033 0.480005
vt 0.632645 0.485012
vt 0.632091 0.484220
vt 0.612587 0.567708
vt 0.618092 0.567711
vt 0.590208 0.567707
vt 0.582803 0.567708
vt 0.579833 0.568219
vt 0.598615 0.567712
vt 0.605013 0.567708
vt 0.586753 0.567708
vt 0.575931 0.567707
vt 0.575729 0.567708
vt 0.566149 0.567712
vt 0.558274 0.567708
vt 0.573617 0.567708
vt 0.564055 0.567708
vt 0.606828 0.567709
vt 0.599220 0.567705
vt 0.558274 0.567708
vt 0.571482 0.652701
vt 0.571105 0.652709
vt 0.562065 0.652710
vt 0.573761 0.652633
vt 0.573139 0.652680
vt 0.578610 0.652708
vt 0.573072 0.652708
vt 0.588155 0.652680
vt 0.603782 0.652651
vt 0.554562 0.652653
vt 0.593608 0.652660
vt 0.583491 0.652708
vt 0.583400 0.652685
vt 0.602059 0.652650
vt 0.577949 0.652708
vt 0.568386 0.652681
vt 0.552765 0.652650
vt 0.562965 0.652633
vt 0.582789 0.652633
vt 0.585066 0.652700
vt 0.585446 0.652709
vt 0.597969 0.652707
vt 0.608797 0.652737
vt 0.594824 0.652699
vt 0.622670 0.652708
vt 0.619112 0.652706
vt 0.611077 0.652733
vt 0.561754 0.652699
vt 0.533861 0.652708
vt 0.537442 0.652709
vt 0.545335 0.652728
vt 0.538700 0.652441
vt 0.584591 0.652451
vt 0.602067 0.652708
vt 0.584262 0.652700
vt 0.588282 0.652709
vt 0.578301 0.652697
vt 0.577471 0.652709
vt 0.580741 0.652487
vt 0.571961 0.652454
vt 0.560300 0.652697
vt 0.533383 0.652709
vt 0.563219 0.652701
vt 0.536476 0.652708
vt 0.570800 0.652485
vt 0.541378 0.652711
vt 0.547763 0.652738
vt 0.553351 0.652710
vt 0.580741 0.652487
vt 0.570800 0.652485
vt 0.554925 0.557708
vt 0.558274 0.594706
vt 0.558274 0.567708
vt 0.554593 0.594722
vt 0.562090 0.557708
vt 0.566149 0.567712
vt 0.574152 0.557706
vt 0.575931 0.567707
vt 0.586753 0.567708
vt 0.587767 0.557708
vt 0.598615 0.567712
vt 0.598327 0.557708
vt 0.605013 0.557708
vt 0.605013 0.567708
vt 0.551534 0.557708
vt 0.551534 0.594708
vt 0.536653 0.594714
vt 0.538461 0.567708
vt 0.540118 0.594703
vt 0.538394 0.557708
vt 0.544272 0.567709
vt 0.534547 0.557707
vt 0.534334 0.594708
vt 0.533323 0.594707
vt 0.533441 0.557708
vt 0.544740 0.594708
vt 0.550329 0.594707
vt 0.550083 0.567709
vt 0.556730 0.594708
vt 0.561812 0.567718
vt 0.563762 0.594706
vt 0.573640 0.594656
vt 0.573746 0.567708
vt 0.533313 0.557728
vt 0.533617 0.594719
vt 0.533942 0.557726
vt 0.529813 0.550346
vt 0.535216 0.594708
vt 0.535782 0.557772
vt 0.538389 0.594710
vt 0.538474 0.557708
vt 0.591932 0.517707
vt 0.593352 0.517708
vt 0.598415 0.522707
vt 0.595836 0.522694
vt 0.585005 0.517707
vt 0.586159 0.522697
vt 0.576408 0.517708
vt 0.575002 0.522706
vt 0.569160 0.517707
vt 0.564520 0.522698
vt 0.564282 0.517708
vt 0.558446 0.522709
vt 0.563087 0.517708
vt 0.559117 0.522710
vt 0.565554 0.517708
vt 0.564173 0.522711
vt 0.571341 0.517707
vt 0.573729 0.522713
vt 0.579151 0.517708
vt 0.584642 0.522711
vt 0.586262 0.517708
vt 0.592897 0.522710
vt 0.591602 0.517707
vt 0.597203 0.522707
vt 0.447904 0.502708
vt 0.530307 0.502707
vt 0.447909 0.487708
vt 0.501220 0.487708
vt 0.527458 0.487632
vt 0.545655 0.502708
vt 0.533619 0.484406
vt 0.545644 0.467426
vt 0.695785 0.482708
vt 0.702463 0.482700
vt 0.691400 0.487708
vt 0.699853 0.487673
vt 0.706123 0.482713
vt 0.683720 0.487708
vt 0.687771 0.482727
vt 0.678395 0.482727
vt 0.668916 0.487708
vt 0.667753 0.482725
vt 0.655981 0.482723
vt 0.653140 0.487708
vt 0.643231 0.482720
vt 0.632336 0.487709
vt 0.629664 0.482717
vt 0.615452 0.482714
vt 0.604970 0.487711
vt 0.600775 0.482713
vt 0.585808 0.482708
vt 0.578274 0.487710
vt 0.570735 0.482708
vt 0.556593 0.487708
vt 0.484979 0.452708
vt 0.475352 0.410740
vt 0.454232 0.435604
vt 0.454209 0.452708
vt 0.484979 0.410708
vt 0.535857 0.467708
vt 0.544271 0.455623
vt 0.526811 0.455699
vt 0.544274 0.467708
vt 0.524910 0.467708
vt 0.515449 0.455704
vt 0.513467 0.467708
vt 0.505052 0.455707
vt 0.503137 0.467708
vt 0.495786 0.455704
vt 0.494161 0.467708
vt 0.487792 0.455701
vt 0.486348 0.467708
vt 0.478453 0.455687
vt 0.478606 0.467708
vt 0.651631 0.467708
vt 0.662752 0.467708
vt 0.672709 0.467708
vt 0.661510 0.467708
vt 0.635813 0.467708
vt 0.686573 0.467708
vt 0.670200 0.467708
vt 0.677942 0.467708
vt 0.696014 0.467708
vt 0.649060 0.467708
vt 0.629542 0.467708
vt 0.620691 0.467708
vt 0.612274 0.467708
vt 0.612273 0.467706
vt 0.700242 0.467710
vt 0.634655 0.505708
vt 0.636147 0.514708
vt 0.632563 0.514708
vt 0.630235 0.505708
vt 0.637362 0.505708
vt 0.638359 0.514741
vt 0.638274 0.505708
vt 0.637425 0.505701
vt 0.637911 0.514708
vt 0.627363 0.514708
vt 0.624236 0.505708
vt 0.620700 0.514708
vt 0.616841 0.505708
vt 0.612774 0.514708
vt 0.608274 0.505708
vt 0.603820 0.514708
vt 0.598795 0.505708
vt 0.594106 0.514708
vt 0.588693 0.505708
vt 0.581838 0.514751
vt 0.578274 0.505708
vt 0.571690 0.514708
vt 0.568236 0.505703
vt 0.561534 0.514708
vt 0.558483 0.505699
vt 0.551877 0.514708
vt 0.549287 0.505696
vt 0.543007 0.514708
vt 0.540907 0.505694
vt 0.535186 0.514708
vt 0.533587 0.505699
vt 0.528649 0.514708
vt 0.527515 0.505696
vt 0.523590 0.514708
vt 0.522874 0.505694
vt 0.520159 0.514708
vt 0.519801 0.505695
vt 0.518451 0.514728
vt 0.518381 0.505698
vt 0.518540 0.514708
vt 0.518655 0.505700
vt 0.520401 0.514709
vt 0.520615 0.505702
vt 0.523999 0.514702
vt 0.524183 0.505719
vt 0.529192 0.514706
vt 0.529340 0.505708
vt 0.535831 0.505711
vt 0.535847 0.514708
vt 0.543758 0.514706
vt 0.543565 0.505706
vt 0.552674 0.514702
vt 0.552275 0.505702
vt 0.562342 0.514698
vt 0.561714 0.505700
vt 0.572465 0.514692
vt 0.571617 0.505698
vt 0.582817 0.514668
vt 0.581703 0.505696
vt 0.592959 0.514689
vt 0.591687 0.505696
vt 0.602692 0.514690
vt 0.601292 0.505696
vt 0.611712 0.514688
vt 0.610241 0.505697
vt 0.619741 0.514692
vt 0.618255 0.505708
vt 0.625203 0.505694
vt 0.626815 0.514708
vt 0.630783 0.505689
vt 0.632155 0.514708
vt 0.634907 0.505699
vt 0.635891 0.514708
vt 0.536700 0.647724
vt 0.532146 0.647795
vt 0.537633 0.627704
vt 0.531584 0.627709
vt 0.529235 0.647721
vt 0.529103 0.627708
vt 0.542785 0.647760
vt 0.545800 0.627706
vt 0.550523 0.647703
vt 0.554704 0.627689
vt 0.528231 0.647733
vt 0.528152 0.627694
vt 0.529151 0.647715
vt 0.529598 0.627725
vt 0.532607 0.647729
vt 0.532640 0.627743
vt 0.536937 0.647705
vt 0.557700 0.647721
vt 0.563451 0.627705
vt 0.568450 0.647742
vt 0.536313 0.627720
vt 0.542561 0.647696
vt 0.542767 0.627728
vt 0.550597 0.647740
vt 0.552781 0.627721
vt 0.559485 0.647727
vt 0.565290 0.627718
vt 0.568356 0.647712
vt 0.576415 0.647743
vt 0.576846 0.627757
vt 0.584393 0.647715
vt 0.588405 0.627694
vt 0.570649 0.627731
vt 0.580077 0.647707
vt 0.578668 0.627679
vt 0.587864 0.627706
vt 0.588265 0.647720
vt 0.597175 0.647664
vt 0.595997 0.627708
vt 0.603428 0.627739
vt 0.608597 0.647704
vt 0.610510 0.627708
vt 0.615678 0.647670
vt 0.616482 0.627717
vt 0.621253 0.627738
vt 0.619247 0.647616
vt 0.624921 0.627719
vt 0.623723 0.647677
vt 0.627386 0.647711
vt 0.627738 0.627700
vt 0.628325 0.647734
vt 0.628296 0.627713
vt 0.627783 0.627695
vt 0.627325 0.647726
vt 0.625794 0.627697
vt 0.624523 0.647775
vt 0.621509 0.627666
vt 0.618504 0.647709
vt 0.615951 0.627731
vt 0.609240 0.647638
vt 0.608625 0.627663
vt 0.599252 0.627772
vt 0.599242 0.647754
vt 0.591531 0.647708
vt 0.592492 0.567708
vt 0.582921 0.567708
vt 0.598274 0.567708
vt 0.581576 0.567708
vt 0.590398 0.567712
vt 0.580617 0.567707
vt 0.578973 0.568080
vt 0.573496 0.567707
vt 0.575671 0.567704
vt 0.563902 0.567720
vt 0.551095 0.567708
vt 0.538461 0.567708
vt 0.573746 0.567708
vt 0.544272 0.567709
vt 0.550083 0.567709
vt 0.561812 0.567718
vt 0.538394 0.557708
vt 0.559585 0.557704
vt 0.573274 0.557708
vt 0.558138 0.557702
vt 0.566556 0.557708
vt 0.555264 0.557709
vt 0.564514 0.557711
vt 0.573274 0.557708
vt 0.551534 0.557708
vt 0.549405 0.557709
vt 0.541685 0.557709
vt 0.535830 0.557709
vt 0.531212 0.557708
vt 0.525011 0.557717
vt 0.534547 0.557707
vt 0.528524 0.557708
vt 0.533441 0.557708
vt 0.524993 0.557708
vt 0.528261 0.557708
vt 0.533313 0.557728
vt 0.573243 0.557708
vt 0.583027 0.557707
vt 0.583263 0.557708
vt 0.594457 0.557708
vt 0.618073 0.557708
vt 0.601622 0.557708
vt 0.596890 0.557705
vt 0.601222 0.557701
vt 0.591830 0.557721
vt 0.583274 0.557708
vt 0.605013 0.557708
vt 0.606795 0.557708
vt 0.613810 0.557709
vt 0.620775 0.557708
vt 0.625382 0.557708
vt 0.631542 0.557719
vt 0.631554 0.557708
vt 0.493320 0.537876
vt 0.484940 0.487708
vt 0.484940 0.487708
vt 0.493274 0.537708
vt 0.505333 0.561048
vt 0.521982 0.593269
vt 0.508719 0.567602
vt 0.508719 0.567602
vt 0.521979 0.593266
vt 0.635099 0.551746
vt 0.628961 0.593272
vt 0.615350 0.593266
vt 0.658094 0.536873
vt 0.651274 0.517718
vt 0.666288 0.487708
vt 0.654937 0.487708
vt 0.552768 0.379716
vt 0.553408 0.381708
vt 0.564974 0.381708
vt 0.566102 0.379722
vt 0.571752 0.455705
vt 0.558762 0.455760
vt 0.571754 0.482715
vt 0.559389 0.482744
vt 0.584798 0.482714
vt 0.584798 0.455704
vt 0.597241 0.482701
vt 0.597833 0.455704
vt 0.556630 0.457705
vt 0.571307 0.452708
vt 0.571026 0.457709
vt 0.547388 0.452699
vt 0.585511 0.457708
vt 0.591695 0.452707
vt 0.599960 0.457708
vt 0.607118 0.457725
vt 0.609274 0.452708
vt 0.549431 0.457727
vt 0.620329 0.622705
vt 0.606833 0.622708
vt 0.623511 0.622706
vt 0.607274 0.622708
vt 0.606833 0.622708
vt 0.621490 0.622708
vt 0.605525 0.622708
vt 0.605525 0.622708
vt 0.603388 0.622708
vt 0.612951 0.622708
vt 0.600489 0.622708
vt 0.603388 0.622708
vt 0.616374 0.622707
vt 0.600489 0.622708
vt 0.608234 0.622708
vt 0.596915 0.622708
vt 0.596796 0.622707
vt 0.592774 0.622708
vt 0.588192 0.622708
vt 0.583310 0.622708
vt 0.582855 0.622708
vt 0.578274 0.622708
vt 0.596915 0.622708
vt 0.604738 0.622707
vt 0.592774 0.622708
vt 0.590753 0.622704
vt 0.588192 0.622708
vt 0.583310 0.622708
vt 0.578274 0.622708
vt 0.573151 0.622708
vt 0.573238 0.622708
vt 0.568355 0.622708
vt 0.559188 0.622708
vt 0.563774 0.622708
vt 0.550622 0.622708
vt 0.559633 0.622708
vt 0.541697 0.622707
vt 0.556058 0.622708
vt 0.553159 0.622708
vt 0.535595 0.622708
vt 0.551023 0.622708
vt 0.549714 0.622708
vt 0.533151 0.622708
vt 0.549274 0.622708
vt 0.534615 0.622706
vt 0.549714 0.622708
vt 0.551023 0.622708
vt 0.553159 0.622708
vt 0.540248 0.622708
vt 0.556058 0.622708
vt 0.548908 0.622707
vt 0.559633 0.622708
vt 0.563774 0.622708
vt 0.561635 0.622708
vt 0.568355 0.622708
vt 0.573238 0.622708
vt 0.572307 0.622708
vt 0.686655 0.404752
vt 0.702316 0.435591
vt 0.709097 0.431128
vt 0.681214 0.410746
vt 0.681841 0.402729
vt 0.673772 0.402708
vt 0.671562 0.410710
vt 0.710208 0.435394
vt 0.704086 0.452692
vt 0.710215 0.457708
vt 0.702338 0.452708
vt 0.671607 0.487708
vt 0.663274 0.537708
vt 0.671607 0.487708
vt 0.663165 0.538008
vt 0.651215 0.561048
vt 0.634565 0.593269
vt 0.647829 0.567602
vt 0.647829 0.567602
vt 0.634116 0.593711
vt 0.521451 0.551753
vt 0.498454 0.536873
vt 0.527587 0.593273
vt 0.541205 0.593267
vt 0.505274 0.517718
vt 0.490260 0.487708
vt 0.501624 0.487708
vt 0.621462 0.517708
vt 0.611712 0.514688
vt 0.606347 0.517708
vt 0.602692 0.514690
vt 0.619741 0.514692
vt 0.626815 0.514708
vt 0.631275 0.517708
vt 0.592959 0.514689
vt 0.592449 0.517708
vt 0.582817 0.514668
vt 0.577238 0.517708
vt 0.572465 0.514692
vt 0.562342 0.514698
vt 0.557684 0.517709
vt 0.552674 0.514702
vt 0.632155 0.514708
vt 0.635891 0.514708
vt 0.635679 0.517708
vt 0.543758 0.514706
vt 0.540260 0.517709
vt 0.535847 0.514708
vt 0.529192 0.514706
vt 0.528369 0.517708
vt 0.523999 0.514702
vt 0.520401 0.514709
vt 0.523294 0.517708
vt 0.518540 0.514708
vt 0.521091 0.517709
vt 0.518451 0.514728
vt 0.524195 0.517709
vt 0.520159 0.514708
vt 0.523590 0.514708
vt 0.528649 0.514708
vt 0.534506 0.517708
vt 0.535186 0.514708
vt 0.543007 0.514708
vt 0.549214 0.517709
vt 0.551877 0.514708
vt 0.561534 0.514708
vt 0.566715 0.517708
vt 0.571690 0.514708
vt 0.581639 0.517708
vt 0.581838 0.514751
vt 0.594106 0.514708
vt 0.599142 0.517709
vt 0.603820 0.514708
vt 0.612774 0.514708
vt 0.615028 0.517708
vt 0.620700 0.514708
vt 0.624908 0.517708
vt 0.627363 0.514708
vt 0.632563 0.514708
vt 0.632388 0.517708
vt 0.636147 0.514708
vt 0.638359 0.514741
vt 0.637911 0.514708
vt 0.598274 0.594705
vt 0.597667 0.582782
vt 0.598274 0.567708
vt 0.592492 0.567708
vt 0.631554 0.557708
vt 0.631542 0.557719
vt 0.651009 0.520053
vt 0.651009 0.520053
vt 0.653900 0.502708
vt 0.653900 0.502708
vt 0.648865 0.532917
vt 0.648865 0.532917
vt 0.656400 0.487708
vt 0.626094 0.576990
vt 0.629508 0.570382
vt 0.656400 0.487708
vt 0.629511 0.561663
vt 0.623140 0.582708
vt 0.623140 0.582708
vt 0.613810 0.557709
vt 0.606795 0.557708
vt 0.612944 0.572766
vt 0.615782 0.570578
vt 0.620775 0.557708
vt 0.610576 0.573674
vt 0.607536 0.573262
vt 0.605043 0.571358
vt 0.602626 0.566707
vt 0.617212 0.573413
vt 0.618943 0.582727
vt 0.626094 0.576990
vt 0.623140 0.582708
vt 0.625382 0.557708
vt 0.629508 0.570382
vt 0.629511 0.561663
vt 0.631542 0.557719
vt 0.601222 0.557701
vt 0.575696 0.522125
vt 0.578274 0.573288
vt 0.564460 0.522683
vt 0.570591 0.513006
vt 0.570759 0.502736
vt 0.561302 0.520094
vt 0.578274 0.573288
vt 0.577092 0.577771
vt 0.580851 0.522127
vt 0.592087 0.522683
vt 0.586000 0.512670
vt 0.593905 0.497640
vt 0.610145 0.487708
vt 0.611219 0.497834
vt 0.594558 0.487708
vt 0.578274 0.487708
vt 0.576021 0.497685
vt 0.561670 0.487709
vt 0.563465 0.497694
vt 0.546721 0.497790
vt 0.545498 0.487707
vt 0.543902 0.497746
vt 0.543283 0.487708
vt 0.543274 0.497708
vt 0.543274 0.487708
vt 0.543274 0.497708
vt 0.638580 0.511301
vt 0.631554 0.557708
vt 0.651009 0.520053
vt 0.626734 0.550346
vt 0.628284 0.517704
vt 0.653900 0.502708
vt 0.607132 0.472409
vt 0.615452 0.482714
vt 0.600775 0.482713
vt 0.599960 0.457708
vt 0.627171 0.472715
vt 0.585808 0.482708
vt 0.585511 0.457708
vt 0.570735 0.482708
vt 0.571026 0.457709
vt 0.556630 0.457705
vt 0.629664 0.482717
vt 0.640440 0.472713
vt 0.643231 0.482720
vt 0.652978 0.472710
vt 0.655981 0.482723
vt 0.664627 0.472708
vt 0.667753 0.482725
vt 0.675256 0.472711
vt 0.678395 0.482727
vt 0.684737 0.472715
vt 0.687771 0.482727
vt 0.692944 0.472713
vt 0.695785 0.482708
vt 0.699794 0.472702
vt 0.702463 0.482700
vt 0.707255 0.472516
vt 0.706123 0.482713
vt 0.615454 0.652710
vt 0.593329 0.652700
vt 0.620057 0.652708
vt 0.623197 0.652709
vt 0.596273 0.652695
vt 0.585745 0.652490
vt 0.585745 0.652490
vt 0.617861 0.652447
vt 0.511056 0.517704
vt 0.520995 0.546239
vt 0.507088 0.517810
vt 0.503282 0.487711
vt 0.509054 0.487708
vt 0.531221 0.563567
vt 0.505205 0.517713
vt 0.515572 0.517995
vt 0.536047 0.564174
vt 0.520008 0.517831
vt 0.514209 0.487708
vt 0.546485 0.595651
vt 0.541210 0.593264
vt 0.526661 0.562736
vt 0.543014 0.597710
vt 0.538731 0.597708
vt 0.523326 0.517791
vt 0.523494 0.487709
vt 0.527239 0.517700
vt 0.557984 0.593332
vt 0.555080 0.593345
vt 0.543213 0.570883
vt 0.533238 0.517731
vt 0.533471 0.487708
vt 0.538248 0.517721
vt 0.552881 0.574351
vt 0.539733 0.487708
vt 0.551681 0.551127
vt 0.563712 0.594024
vt 0.570044 0.595722
vt 0.493326 0.537895
vt 0.493274 0.537708
vt 0.484940 0.487708
vt 0.484940 0.487708
vt 0.505333 0.561048
vt 0.521982 0.593269
vt 0.508719 0.567602
vt 0.521980 0.593269
vt 0.508719 0.567602
vt 0.543113 0.379708
vt 0.566171 0.379715
vt 0.547092 0.379707
vt 0.554464 0.379716
vt 0.564110 0.379719
vt 0.543830 0.379706
vt 0.574044 0.379724
vt 0.574655 0.379719
vt 0.563559 0.379708
vt 0.572695 0.379716
vt 0.578336 0.379720
vt 0.587598 0.379708
vt 0.583196 0.379716
vt 0.578935 0.379719
vt 0.586029 0.379735
vt 0.573729 0.379708
vt 0.590792 0.379749
vt 0.582502 0.379724
vt 0.566102 0.379722
vt 0.561336 0.379873
vt 0.596311 0.379770
vt 0.570479 0.379736
vt 0.577809 0.379714
vt 0.582772 0.379710
vt 0.595212 0.379873
vt 0.581941 0.379725
vt 0.560227 0.379778
vt 0.597334 0.379706
vt 0.603769 0.379719
vt 0.591667 0.379716
vt 0.609887 0.379709
vt 0.612632 0.379697
vt 0.546765 0.379708
vt 0.552768 0.379716
vt 0.592300 0.379719
vt 0.613195 0.379710
vt 0.590374 0.379715
vt 0.609069 0.379708
vt 0.602034 0.379718
vt 0.593936 0.379708
vt 0.584004 0.379707
vt 0.561839 0.379711
vt 0.573311 0.379716
vt 0.575293 0.379708
vt 0.578211 0.379722
vt 0.570460 0.502708
vt 0.586744 0.502706
vt 0.578274 0.502708
vt 0.567128 0.502707
vt 0.586088 0.502708
vt 0.604480 0.502707
vt 0.593665 0.502708
vt 0.600774 0.502708
vt 0.562883 0.502708
vt 0.555774 0.502708
vt 0.549997 0.502707
vt 0.549348 0.502708
vt 0.537969 0.502708
vt 0.545655 0.502708
vt 0.530307 0.502707
vt 0.616256 0.502708
vt 0.607199 0.502708
vt 0.626424 0.502707
vt 0.610893 0.502708
vt 0.651631 0.467708
vt 0.660758 0.455705
vt 0.662752 0.467708
vt 0.651489 0.455707
vt 0.668754 0.455701
vt 0.670200 0.467708
vt 0.678094 0.455688
vt 0.677942 0.467708
vt 0.641087 0.455701
vt 0.635813 0.467708
vt 0.629725 0.455696
vt 0.620691 0.467708
vt 0.612271 0.455646
vt 0.612274 0.467708
vt 0.550702 0.502708
vt 0.562883 0.502708
vt 0.564857 0.502707
vt 0.555774 0.502708
vt 0.570460 0.502708
vt 0.578274 0.502708
vt 0.583401 0.502707
vt 0.586088 0.502708
vt 0.593665 0.502708
vt 0.602759 0.502706
vt 0.600774 0.502708
vt 0.607199 0.502708
vt 0.617376 0.502707
vt 0.610893 0.502708
vt 0.626294 0.502708
vt 0.539908 0.502707
vt 0.549348 0.502708
vt 0.545655 0.502708
vt 0.530405 0.502708
vt 0.592087 0.522683
vt 0.580851 0.522127
vt 0.578274 0.573288
vt 0.585957 0.513006
vt 0.585788 0.502735
vt 0.595245 0.520094
vt 0.578274 0.573288
vt 0.579455 0.577769
vt 0.575696 0.522125
vt 0.564460 0.522683
vt 0.570542 0.512664
vt 0.575706 0.502704
vt 0.548286 0.502710
vt 0.570774 0.502708
vt 0.560497 0.502708
vt 0.548274 0.502708
vt 0.570870 0.502812
vt 0.571677 0.502711
vt 0.580842 0.502705
vt 0.593115 0.502708
vt 0.585774 0.502708
vt 0.585788 0.502735
vt 0.596051 0.502708
vt 0.608274 0.502708
vt 0.608274 0.502708
vt 0.543274 0.497708
vt 0.543276 0.487708
vt 0.543274 0.487708
vt 0.543285 0.497710
vt 0.545329 0.487709
vt 0.545644 0.497786
vt 0.564173 0.522711
vt 0.560883 0.522707
vt 0.573729 0.522713
vt 0.555820 0.522708
vt 0.566975 0.522708
vt 0.551218 0.522707
vt 0.559117 0.522710
vt 0.549147 0.522708
vt 0.558446 0.522709
vt 0.550452 0.522709
vt 0.555330 0.522707
vt 0.564520 0.522698
vt 0.561963 0.522705
vt 0.568184 0.522709
vt 0.575002 0.522706
vt 0.573224 0.522708
vt 0.571813 0.522708
vt 0.577203 0.522708
vt 0.584642 0.522711
vt 0.582078 0.522708
vt 0.587247 0.522708
vt 0.591749 0.522708
vt 0.592897 0.522710
vt 0.595713 0.522707
vt 0.601785 0.522707
vt 0.597203 0.522707
vt 0.606440 0.522702
vt 0.577427 0.522708
vt 0.586159 0.522697
vt 0.583349 0.522708
vt 0.590010 0.522707
vt 0.595755 0.522707
vt 0.595836 0.522694
vt 0.600937 0.522708
vt 0.605378 0.522707
vt 0.598415 0.522707
vt 0.607278 0.522707
vt 0.456302 0.455707
vt 0.456306 0.467710
vt 0.478453 0.455687
vt 0.478606 0.467708
vt 0.585957 0.513006
vt 0.580842 0.502705
vt 0.580851 0.522127
vt 0.585774 0.502708
vt 0.618238 0.517672
vt 0.595052 0.575342
vt 0.597266 0.561517
vt 0.590726 0.578614
vt 0.590347 0.569006
vt 0.585068 0.587699
vt 0.586043 0.594720
vt 0.588039 0.591807
vt 0.601189 0.542528
vt 0.604460 0.517853
vt 0.608274 0.502708
vt 0.596051 0.502708
vt 0.613274 0.497708
vt 0.613274 0.487708
vt 0.616814 0.487708
vt 0.586043 0.594720
vt 0.570044 0.595722
vt 0.585068 0.587699
vt 0.578729 0.597719
vt 0.571393 0.587708
vt 0.563991 0.597708
vt 0.563712 0.594024
vt 0.592557 0.597708
vt 0.557984 0.593332
vt 0.555080 0.593345
vt 0.546485 0.595651
vt 0.543014 0.597710
vt 0.589133 0.595021
vt 0.594644 0.593711
vt 0.600301 0.593487
vt 0.607223 0.594447
vt 0.613209 0.597707
vt 0.528478 0.467708
vt 0.526805 0.455703
vt 0.544268 0.455687
vt 0.544262 0.467708
vt 0.517432 0.467708
vt 0.515444 0.455706
vt 0.504826 0.467708
vt 0.505049 0.455706
vt 0.495785 0.455700
vt 0.491525 0.467709
vt 0.487796 0.455696
vt 0.482583 0.467708
vt 0.478537 0.455641
vt 0.478775 0.467708
vt 0.653091 0.390712
vt 0.655814 0.387708
vt 0.662261 0.387709
vt 0.657489 0.390708
vt 0.647176 0.390708
vt 0.660227 0.390708
vt 0.664400 0.387711
vt 0.661310 0.390709
vt 0.660581 0.390708
vt 0.661078 0.387708
vt 0.658190 0.390708
vt 0.654305 0.387709
vt 0.654135 0.390726
vt 0.648518 0.390708
vt 0.639690 0.387709
vt 0.641439 0.390708
vt 0.633049 0.390708
vt 0.620889 0.387709
vt 0.623523 0.390708
vt 0.612989 0.390701
vt 0.602725 0.387708
vt 0.601901 0.390719
vt 0.585032 0.387709
vt 0.590197 0.390708
vt 0.578274 0.390708
vt 0.563205 0.387709
vt 0.567978 0.390708
vt 0.557841 0.390708
vt 0.541286 0.387706
vt 0.548375 0.390733
vt 0.537707 0.390693
vt 0.520369 0.387710
vt 0.527294 0.390708
vt 0.518414 0.390708
vt 0.504646 0.387709
vt 0.510775 0.390708
vt 0.504537 0.390708
vt 0.495268 0.387709
vt 0.499820 0.390711
vt 0.496746 0.390708
vt 0.491941 0.387703
vt 0.495356 0.390708
vt 0.495685 0.390708
vt 0.496009 0.387709
vt 0.497728 0.390708
vt 0.501441 0.390708
vt 0.506683 0.387703
vt 0.506707 0.390705
vt 0.513539 0.390708
vt 0.523349 0.387709
vt 0.521672 0.390708
vt 0.530980 0.390708
vt 0.543627 0.387705
vt 0.541269 0.390708
vt 0.552119 0.390734
vt 0.563400 0.387708
vt 0.563943 0.390710
vt 0.580794 0.387713
vt 0.576859 0.390710
vt 0.587754 0.390708
vt 0.605612 0.387703
vt 0.599506 0.390709
vt 0.610811 0.390708
vt 0.628389 0.387709
vt 0.621473 0.390710
vt 0.631261 0.390714
vt 0.645534 0.387709
vt 0.639931 0.390718
vt 0.495038 0.467708
vt 0.507488 0.467708
vt 0.513467 0.467708
vt 0.503137 0.467708
vt 0.524910 0.467708
vt 0.527006 0.467708
vt 0.483839 0.467708
vt 0.494161 0.467708
vt 0.469975 0.467708
vt 0.486348 0.467708
vt 0.478606 0.467708
vt 0.460534 0.467708
vt 0.456306 0.467710
vt 0.535857 0.467708
vt 0.544274 0.467708
vt 0.544275 0.467706
vt 0.573640 0.594656
vt 0.562792 0.597708
vt 0.563762 0.594706
vt 0.556730 0.594708
vt 0.551117 0.597708
vt 0.550329 0.594707
vt 0.544740 0.594708
vt 0.572984 0.597706
vt 0.542504 0.597708
vt 0.540118 0.594703
vt 0.535113 0.597705
vt 0.536653 0.594714
vt 0.534334 0.594708
vt 0.531405 0.597708
vt 0.533323 0.594707
vt 0.530102 0.597708
vt 0.533617 0.594719
vt 0.535216 0.594708
vt 0.532346 0.597708
vt 0.538389 0.594710
vt 0.536504 0.597708
vt 0.613274 0.487708
vt 0.613274 0.497708
vt 0.613246 0.487708
vt 0.613272 0.497708
vt 0.611219 0.497834
vt 0.610145 0.487708
vt 0.656400 0.487708
vt 0.708517 0.502708
vt 0.708519 0.487708
vt 0.653900 0.502708
vt 0.553315 0.397705
vt 0.553330 0.382721
vt 0.553270 0.382724
vt 0.553496 0.398019
vt 0.618073 0.557708
vt 0.618221 0.594703
vt 0.605013 0.557708
vt 0.605013 0.594708
vt 0.565217 0.502708
vt 0.548274 0.502708
vt 0.546721 0.497790
vt 0.563465 0.497694
vt 0.576021 0.497685
vt 0.590026 0.502708
vt 0.593905 0.497640
vt 0.611219 0.497834
vt 0.608272 0.502708
vt 0.543902 0.497746
vt 0.543274 0.497708
vt 0.535765 0.382704
vt 0.539438 0.377706
vt 0.544197 0.377705
vt 0.538771 0.382699
vt 0.533941 0.382693
vt 0.542880 0.382703
vt 0.551358 0.377708
vt 0.548034 0.382670
vt 0.553268 0.382726
vt 0.558266 0.377709
vt 0.538274 0.377708
vt 0.533274 0.382708
vt 0.539417 0.377704
vt 0.533899 0.382705
vt 0.535764 0.382702
vt 0.538771 0.382700
vt 0.544820 0.377702
vt 0.542861 0.382700
vt 0.551358 0.377708
vt 0.548141 0.382664
vt 0.553270 0.382724
vt 0.558267 0.377709
vt 0.526661 0.562736
vt 0.527586 0.593271
vt 0.498454 0.536873
vt 0.505205 0.517713
vt 0.490260 0.487708
vt 0.501582 0.487708
vt 0.541210 0.593264
vt 0.472895 0.502708
vt 0.467393 0.502708
vt 0.470200 0.512712
vt 0.463181 0.512716
vt 0.463105 0.502708
vt 0.478687 0.512716
vt 0.462188 0.502708
vt 0.462551 0.512713
vt 0.463702 0.502708
vt 0.465848 0.512708
vt 0.468772 0.502708
vt 0.477776 0.502707
vt 0.482845 0.502707
vt 0.483997 0.512712
vt 0.484359 0.502708
vt 0.483833 0.512708
vt 0.483442 0.502708
vt 0.469762 0.512708
vt 0.473653 0.502708
vt 0.476347 0.512713
vt 0.479155 0.502708
vt 0.481454 0.512708
vt 0.573301 0.565822
vt 0.573271 0.510013
vt 0.573274 0.557708
vt 0.573274 0.502708
vt 0.573274 0.517708
vt 0.573274 0.557708
vt 0.571829 0.565923
vt 0.573274 0.557708
vt 0.564514 0.557711
vt 0.583274 0.517708
vt 0.583274 0.502708
vt 0.583276 0.563526
vt 0.583274 0.557708
vt 0.583263 0.557708
vt 0.583273 0.517708
vt 0.583274 0.502708
vt 0.583276 0.567761
vt 0.573274 0.502708
vt 0.583274 0.502708
vt 0.578055 0.502708
vt 0.583274 0.502708
vt 0.613274 0.487708
vt 0.613270 0.497706
vt 0.613274 0.497708
vt 0.613262 0.487708
vt 0.454232 0.435604
vt 0.475352 0.410740
vt 0.469943 0.404902
vt 0.447486 0.431274
vt 0.474436 0.402778
vt 0.482775 0.402708
vt 0.484979 0.410708
vt 0.446340 0.435276
vt 0.454209 0.452708
vt 0.452435 0.452696
vt 0.446315 0.457640
vt 0.484979 0.452708
vt 0.454230 0.435589
vt 0.475329 0.410744
vt 0.454209 0.452708
vt 0.485017 0.410697
vt 0.561967 0.497606
vt 0.578765 0.497729
vt 0.563688 0.487708
vt 0.545329 0.487709
vt 0.582679 0.487708
vt 0.545644 0.497786
vt 0.595916 0.497758
vt 0.599467 0.487708
vt 0.611076 0.497682
vt 0.611230 0.487708
vt 0.575696 0.522125
vt 0.575706 0.502704
vt 0.570542 0.512664
vt 0.570774 0.502708
vt 0.508380 0.467708
vt 0.528478 0.467708
vt 0.527461 0.467708
vt 0.544262 0.467708
vt 0.544273 0.467709
vt 0.517432 0.467708
vt 0.495693 0.467708
vt 0.504826 0.467708
vt 0.479111 0.467708
vt 0.491525 0.467709
vt 0.463607 0.467708
vt 0.482583 0.467708
vt 0.478775 0.467708
vt 0.456292 0.467706
vt 0.517967 0.511302
vt 0.505538 0.520053
vt 0.502647 0.502708
vt 0.524993 0.557708
vt 0.529813 0.550346
vt 0.528264 0.517704
vt 0.505538 0.520053
vt 0.524993 0.557708
vt 0.517981 0.517708
vt 0.517965 0.502708
vt 0.502647 0.502708
vt 0.528524 0.557708
vt 0.528494 0.517708
vt 0.528264 0.517704
vt 0.528261 0.557708
vt 0.529813 0.550346
vt 0.528494 0.517708
vt 0.528524 0.557708
vt 0.480402 0.500758
vt 0.482322 0.500726
vt 0.480797 0.427708
vt 0.478199 0.427708
vt 0.482514 0.427708
vt 0.483331 0.500713
vt 0.483378 0.427709
vt 0.482816 0.500745
vt 0.482662 0.427708
vt 0.481249 0.500735
vt 0.480933 0.427708
vt 0.478781 0.500746
vt 0.477751 0.500708
vt 0.474799 0.427716
vt 0.474240 0.500709
vt 0.478481 0.427706
vt 0.475906 0.500459
vt 0.475449 0.427708
vt 0.471555 0.500736
vt 0.471018 0.427708
vt 0.467366 0.500714
vt 0.466607 0.427708
vt 0.464500 0.500666
vt 0.464203 0.427708
vt 0.463208 0.500658
vt 0.463164 0.427709
vt 0.463737 0.500684
vt 0.463852 0.427708
vt 0.465217 0.500670
vt 0.465361 0.427708
vt 0.467691 0.500701
vt 0.468263 0.427709
vt 0.470897 0.500696
vt 0.471627 0.427708
vt 0.463818 0.502716
vt 0.462359 0.502702
vt 0.456241 0.502710
vt 0.461302 0.502705
vt 0.455264 0.502709
vt 0.458474 0.502715
vt 0.466204 0.502708
vt 0.466634 0.502711
vt 0.474666 0.502700
vt 0.467199 0.502710
vt 0.474120 0.502713
vt 0.475652 0.502711
vt 0.486715 0.502721
vt 0.483150 0.502712
vt 0.491670 0.502710
vt 0.485367 0.502713
vt 0.488916 0.502709
vt 0.482657 0.502705
vt 0.483290 0.502711
vt 0.474996 0.502709
vt 0.586000 0.512670
vt 0.580851 0.522127
vt 0.580843 0.502705
vt 0.585774 0.502708
vt 0.656400 0.487708
vt 0.706702 0.487673
vt 0.708519 0.499586
vt 0.478481 0.427706
vt 0.475449 0.427708
vt 0.480933 0.427708
vt 0.482662 0.427708
vt 0.483378 0.427709
vt 0.471018 0.427708
vt 0.482514 0.427708
vt 0.480797 0.427708
vt 0.478199 0.427708
vt 0.466607 0.427708
vt 0.464203 0.427708
vt 0.463164 0.427709
vt 0.463852 0.427708
vt 0.465361 0.427708
vt 0.468263 0.427709
vt 0.471627 0.427708
vt 0.474799 0.427716
vt 0.625726 0.557708
vt 0.629508 0.561668
vt 0.626296 0.576599
vt 0.631543 0.557714
vt 0.629508 0.570382
vt 0.620519 0.557708
vt 0.623140 0.582708
vt 0.618757 0.582703
vt 0.617061 0.572830
vt 0.615506 0.570685
vt 0.614168 0.557708
vt 0.612344 0.573533
vt 0.606843 0.557708
vt 0.608124 0.573485
vt 0.605150 0.571694
vt 0.602733 0.567251
vt 0.601271 0.557708
vt 0.616769 0.487708
vt 0.613274 0.497708
vt 0.618300 0.517720
vt 0.608274 0.502708
vt 0.613274 0.487708
vt 0.611633 0.517715
vt 0.596051 0.502708
vt 0.604382 0.517708
vt 0.600090 0.550444
vt 0.599662 0.534998
vt 0.591874 0.563529
vt 0.604782 0.551380
vt 0.590698 0.576625
vt 0.586709 0.595626
vt 0.585077 0.587705
vt 0.612271 0.455646
vt 0.612274 0.467708
vt 0.612273 0.467706
vt 0.612273 0.455707
vt 0.628962 0.593271
vt 0.658094 0.536873
vt 0.631007 0.560104
vt 0.651343 0.517711
vt 0.666288 0.487708
vt 0.654970 0.487708
vt 0.615338 0.593264
vt 0.677942 0.467708
vt 0.678094 0.455688
vt 0.700242 0.467710
vt 0.700245 0.455707
vt 0.654758 0.452708
vt 0.639373 0.452708
vt 0.648615 0.455765
vt 0.658678 0.455740
vt 0.667188 0.455767
vt 0.666218 0.452708
vt 0.638790 0.455768
vt 0.673811 0.455741
vt 0.676031 0.452707
vt 0.677772 0.455708
vt 0.625019 0.452709
vt 0.624926 0.455705
vt 0.609274 0.452708
vt 0.612274 0.455708
vt 0.662261 0.387709
vt 0.665953 0.387708
vt 0.667883 0.387708
vt 0.662444 0.387708
vt 0.655814 0.387708
vt 0.668198 0.387708
vt 0.664400 0.387711
vt 0.666893 0.387708
vt 0.663992 0.387708
vt 0.661078 0.387708
vt 0.659547 0.387708
vt 0.654305 0.387709
vt 0.653638 0.387708
vt 0.646371 0.387708
vt 0.639690 0.387709
vt 0.637877 0.387708
vt 0.628309 0.387708
vt 0.620889 0.387709
vt 0.617841 0.387708
vt 0.657418 0.387708
vt 0.606659 0.387708
vt 0.602725 0.387708
vt 0.594966 0.387708
vt 0.585032 0.387709
vt 0.582972 0.387708
vt 0.570894 0.387708
vt 0.563205 0.387709
vt 0.558948 0.387708
vt 0.547351 0.387708
vt 0.541286 0.387706
vt 0.536311 0.387708
vt 0.526027 0.387708
vt 0.520369 0.387710
vt 0.516683 0.387708
vt 0.508450 0.387708
vt 0.504646 0.387709
vt 0.501474 0.387708
vt 0.495882 0.387708
vt 0.491774 0.387708
vt 0.495268 0.387709
vt 0.489225 0.387708
vt 0.488279 0.387708
vt 0.491941 0.387703
vt 0.488955 0.387708
vt 0.491240 0.387708
vt 0.496009 0.387709
vt 0.495093 0.387708
vt 0.500444 0.387708
vt 0.506683 0.387703
vt 0.507198 0.387708
vt 0.515231 0.387708
vt 0.523349 0.387709
vt 0.524401 0.387708
vt 0.534541 0.387708
vt 0.543627 0.387705
vt 0.550397 0.387707
vt 0.567110 0.387708
vt 0.563400 0.387708
vt 0.584540 0.387711
vt 0.580794 0.387713
vt 0.602162 0.387708
vt 0.605612 0.387703
vt 0.613567 0.387708
vt 0.624336 0.387708
vt 0.628389 0.387709
vt 0.634275 0.387708
vt 0.643206 0.387708
vt 0.645534 0.387709
vt 0.650967 0.387708
vt 0.612274 0.455708
vt 0.612273 0.455707
vt 0.612274 0.467709
vt 0.612274 0.467708
vt 0.671569 0.452708
vt 0.702316 0.435591
vt 0.681214 0.410746
vt 0.702338 0.452708
vt 0.671562 0.410710
vt 0.656400 0.487708
vt 0.708519 0.499586
vt 0.653900 0.502708
vt 0.541178 0.570274
vt 0.536028 0.557708
vt 0.542380 0.557708
vt 0.539519 0.572268
vt 0.537848 0.582708
vt 0.533427 0.582739
vt 0.549705 0.557708
vt 0.544708 0.573803
vt 0.549136 0.573274
vt 0.552147 0.570608
vt 0.554225 0.565471
vt 0.555319 0.557706
vt 0.530545 0.577157
vt 0.530822 0.557708
vt 0.526964 0.570234
vt 0.527046 0.561681
vt 0.525002 0.557715
vt 0.701042 0.502718
vt 0.700161 0.502708
vt 0.695454 0.502714
vt 0.693948 0.502710
vt 0.693047 0.502711
vt 0.694447 0.502714
vt 0.689940 0.502716
vt 0.682301 0.502731
vt 0.681819 0.502710
vt 0.670689 0.502708
vt 0.672286 0.502696
vt 0.665309 0.502709
vt 0.671839 0.502710
vt 0.666342 0.502712
vt 0.677105 0.502697
vt 0.673088 0.502719
vt 0.681745 0.502708
vt 0.684258 0.502710
vt 0.689037 0.502697
vt 0.544273 0.467709
vt 0.544268 0.455687
vt 0.544274 0.455707
vt 0.544262 0.467708
vt 0.687318 0.500674
vt 0.690019 0.500677
vt 0.687443 0.427708
vt 0.690187 0.427708
vt 0.692444 0.500742
vt 0.692223 0.427708
vt 0.693216 0.427708
vt 0.693252 0.500706
vt 0.684497 0.427708
vt 0.684127 0.500465
vt 0.681121 0.427710
vt 0.680703 0.500718
vt 0.677475 0.427708
vt 0.677037 0.500711
vt 0.674725 0.427708
vt 0.674492 0.500734
vt 0.673360 0.427708
vt 0.673204 0.500659
vt 0.673587 0.427708
vt 0.673772 0.500700
vt 0.675387 0.500706
vt 0.675796 0.427708
vt 0.677736 0.500702
vt 0.678358 0.427708
vt 0.680708 0.495627
vt 0.683370 0.427708
vt 0.684038 0.500935
vt 0.688231 0.427708
vt 0.688115 0.500675
vt 0.691210 0.500762
vt 0.691808 0.427707
vt 0.692959 0.500703
vt 0.693182 0.427708
vt 0.684497 0.427708
vt 0.674725 0.427708
vt 0.677475 0.427708
vt 0.681121 0.427710
vt 0.673360 0.427708
vt 0.687443 0.427708
vt 0.690187 0.427708
vt 0.673587 0.427708
vt 0.692223 0.427708
vt 0.693216 0.427708
vt 0.693182 0.427708
vt 0.691808 0.427707
vt 0.688231 0.427708
vt 0.683370 0.427708
vt 0.675796 0.427708
vt 0.678358 0.427708
vt 0.538211 0.480267
vt 0.528308 0.484172
vt 0.538468 0.467687
vt 0.534364 0.485604
vt 0.529053 0.487647
vt 0.522621 0.487691
vt 0.448029 0.487708
vt 0.502647 0.502708
vt 0.500147 0.487708
vt 0.448002 0.502708
vt 0.606833 0.552708
vt 0.620682 0.552757
vt 0.605525 0.552708
vt 0.617466 0.552708
vt 0.621982 0.552108
vt 0.619948 0.552761
vt 0.607274 0.552708
vt 0.619284 0.552708
vt 0.606833 0.552708
vt 0.603388 0.552708
vt 0.599376 0.552708
vt 0.620530 0.552708
vt 0.621071 0.552710
vt 0.605525 0.552708
vt 0.603388 0.552708
vt 0.617466 0.552708
vt 0.599409 0.552707
vt 0.487852 0.512708
vt 0.483997 0.512712
vt 0.478687 0.512716
vt 0.483524 0.512708
vt 0.491878 0.512707
vt 0.493771 0.512708
vt 0.493255 0.512708
vt 0.483833 0.512708
vt 0.491027 0.512708
vt 0.487545 0.512708
vt 0.478554 0.512709
vt 0.470200 0.512712
vt 0.471449 0.512706
vt 0.464230 0.512708
vt 0.460097 0.512708
vt 0.463181 0.512716
vt 0.481454 0.512708
vt 0.483524 0.512708
vt 0.476347 0.512713
vt 0.478478 0.512710
vt 0.471528 0.512705
vt 0.469762 0.512708
vt 0.464286 0.512707
vt 0.458497 0.512708
vt 0.465848 0.512708
vt 0.454512 0.512708
vt 0.462551 0.512713
vt 0.452742 0.512710
vt 0.453309 0.512707
vt 0.456257 0.512707
vt 0.707255 0.472516
vt 0.708629 0.457708
vt 0.706123 0.482713
vt 0.603219 0.382719
vt 0.603277 0.382723
vt 0.603235 0.397707
vt 0.603274 0.397729
vt 0.602717 0.398999
vt 0.676274 0.402708
vt 0.675361 0.402708
vt 0.681217 0.402718
vt 0.675361 0.402708
vt 0.673772 0.402708
vt 0.681199 0.410744
vt 0.686131 0.404339
vt 0.702315 0.435589
vt 0.709064 0.431277
vt 0.681217 0.402718
vt 0.673772 0.402708
vt 0.671569 0.410708
vt 0.710207 0.435277
vt 0.702338 0.452708
vt 0.704113 0.452696
vt 0.710215 0.457708
vt 0.594622 0.382708
vt 0.601197 0.397708
vt 0.594621 0.397708
vt 0.601111 0.382691
vt 0.586541 0.382709
vt 0.586541 0.397708
vt 0.578274 0.382708
vt 0.578274 0.397708
vt 0.570006 0.382708
vt 0.566508 0.397705
vt 0.561928 0.382711
vt 0.555346 0.397707
vt 0.555439 0.382679
vt 0.552125 0.535038
vt 0.552055 0.517907
vt 0.538276 0.517591
vt 0.548274 0.502708
vt 0.560497 0.502708
vt 0.543274 0.497708
vt 0.543274 0.487708
vt 0.564314 0.562117
vt 0.539861 0.487709
vt 0.558551 0.559620
vt 0.546626 0.538942
vt 0.570027 0.595639
vt 0.567946 0.580578
vt 0.571348 0.587706
vt 0.456292 0.467706
vt 0.456302 0.455707
vt 0.478775 0.467708
vt 0.478537 0.455641
vt 0.599392 0.537709
vt 0.599376 0.552708
vt 0.617566 0.537708
vt 0.617466 0.552708
vt 0.604531 0.537707
vt 0.606833 0.537708
vt 0.620092 0.537708
vt 0.622009 0.538357
vt 0.619551 0.537708
vt 0.617466 0.537708
vt 0.599388 0.537709
vt 0.619331 0.537708
vt 0.607231 0.537709
vt 0.621209 0.537708
vt 0.621162 0.537706
vt 0.604852 0.537710
vt 0.617566 0.537708
vt 0.599392 0.537709
vt 0.586541 0.397708
vt 0.589378 0.397739
vt 0.575525 0.397718
vt 0.578274 0.397708
vt 0.566508 0.397705
vt 0.563386 0.397748
vt 0.555346 0.397707
vt 0.553351 0.397704
vt 0.553282 0.397985
vt 0.594621 0.397708
vt 0.601197 0.397708
vt 0.603235 0.397707
vt 0.603274 0.397729
vt 0.553351 0.397704
vt 0.553282 0.397985
vt 0.553308 0.382734
vt 0.553268 0.382726
vt 0.544274 0.467708
vt 0.544274 0.455707
vt 0.544271 0.455623
vt 0.544275 0.467706
vt 0.707310 0.472559
vt 0.706037 0.483015
vt 0.708629 0.457708
vt 0.677772 0.455708
vt 0.700252 0.467705
vt 0.700245 0.455707
vt 0.677772 0.467708
vt 0.673684 0.467708
vt 0.692943 0.467708
vt 0.677772 0.467708
vt 0.700252 0.467705
vt 0.667340 0.467708
vt 0.677437 0.467708
vt 0.657807 0.467707
vt 0.660855 0.467708
vt 0.647304 0.467708
vt 0.638662 0.467708
vt 0.648167 0.467708
vt 0.625299 0.467708
vt 0.629086 0.467708
vt 0.612274 0.467708
vt 0.612274 0.467709
vt 0.583274 0.557708
vt 0.592033 0.557711
vt 0.583303 0.567490
vt 0.583274 0.510013
vt 0.583274 0.557708
vt 0.583274 0.563911
vt 0.583274 0.502708
vt 0.583274 0.517708
vt 0.583273 0.557708
vt 0.583303 0.567490
vt 0.570006 0.397708
vt 0.578274 0.397708
vt 0.570092 0.382709
vt 0.578408 0.382707
vt 0.586541 0.397708
vt 0.586726 0.382708
vt 0.561961 0.382708
vt 0.561927 0.397708
vt 0.555444 0.382719
vt 0.555356 0.397708
vt 0.594621 0.397708
vt 0.594838 0.382706
vt 0.601200 0.397707
vt 0.601107 0.382679
vt 0.573274 0.502708
vt 0.573273 0.563776
vt 0.573274 0.517708
vt 0.573274 0.557708
vt 0.573274 0.502708
vt 0.573272 0.567762
vt 0.573284 0.557708
vt 0.573274 0.517708
vt 0.573274 0.502708
vt 0.578490 0.502708
vt 0.583274 0.502708
vt 0.573274 0.502708
vt 0.603273 0.397731
vt 0.603238 0.382734
vt 0.603194 0.397707
vt 0.603279 0.382726
vt 0.602708 0.398988
vt 0.586126 0.397717
vt 0.578274 0.397708
vt 0.570006 0.397708
vt 0.565750 0.397709
vt 0.586541 0.397708
vt 0.561927 0.397708
vt 0.555356 0.397708
vt 0.553315 0.397705
vt 0.553496 0.398019
vt 0.594621 0.397708
vt 0.601200 0.397707
vt 0.603194 0.397707
vt 0.603273 0.397731
vt 0.590026 0.502708
vt 0.585774 0.502708
vt 0.580843 0.502705
vt 0.596051 0.502708
vt 0.585738 0.502869
vt 0.575706 0.502704
vt 0.565217 0.502708
vt 0.570774 0.502708
vt 0.570759 0.502736
vt 0.560497 0.502708
vt 0.548274 0.502708
vt 0.548274 0.502708
vt 0.608272 0.502708
vt 0.608274 0.502708
vt 0.604460 0.517853
vt 0.595244 0.520092
vt 0.585738 0.502869
vt 0.590347 0.569006
vt 0.579592 0.577439
vt 0.596051 0.502708
vt 0.585068 0.587699
vt 0.577092 0.577771
vt 0.571393 0.587708
vt 0.578274 0.573288
vt 0.565390 0.566069
vt 0.561302 0.520094
vt 0.556885 0.534999
vt 0.552166 0.517710
vt 0.560497 0.502708
vt 0.570759 0.502736
vt 0.538981 0.537708
vt 0.553159 0.537708
vt 0.557153 0.537708
vt 0.550086 0.537708
vt 0.535384 0.537706
vt 0.535347 0.537707
vt 0.537334 0.537711
vt 0.549276 0.537716
vt 0.536615 0.537643
vt 0.534500 0.538388
vt 0.536319 0.537673
vt 0.552024 0.537705
vt 0.539082 0.537708
vt 0.557169 0.537709
vt 0.551023 0.552708
vt 0.549714 0.552708
vt 0.535865 0.552757
vt 0.539082 0.552708
vt 0.534565 0.552108
vt 0.553159 0.552708
vt 0.557150 0.552708
vt 0.536097 0.552755
vt 0.537405 0.552706
vt 0.549274 0.552708
vt 0.549714 0.552708
vt 0.535824 0.552715
vt 0.535504 0.552709
vt 0.551023 0.552708
vt 0.553159 0.552708
vt 0.539082 0.552708
vt 0.557106 0.552707
vt 0.535865 0.552757
vt 0.535384 0.537706
vt 0.538981 0.537708
vt 0.539082 0.552708
vt 0.534565 0.552108
vt 0.535347 0.537707
vt 0.557153 0.537708
vt 0.539082 0.552708
vt 0.538981 0.537708
vt 0.557150 0.552708
vt 0.702315 0.435589
vt 0.671569 0.452708
vt 0.681199 0.410744
vt 0.702338 0.452708
vt 0.671569 0.410708
vt 0.617466 0.537708
vt 0.617466 0.552708
vt 0.599409 0.552707
vt 0.599388 0.537709
vt 0.620092 0.537708
vt 0.622009 0.538357
vt 0.621071 0.552710
vt 0.620530 0.552708
vt 0.617466 0.552708
vt 0.617466 0.537708
vt 0.527515 0.505696
vt 0.523480 0.502707
vt 0.530405 0.502708
vt 0.522874 0.505694
vt 0.533587 0.505699
vt 0.539908 0.502707
vt 0.519801 0.505695
vt 0.518381 0.505698
vt 0.521143 0.502707
vt 0.518655 0.505700
vt 0.520615 0.505702
vt 0.524486 0.502708
vt 0.524183 0.505719
vt 0.530307 0.502707
vt 0.529340 0.505708
vt 0.535831 0.505711
vt 0.537969 0.502708
vt 0.543565 0.505706
vt 0.549997 0.502707
vt 0.552275 0.505702
vt 0.561714 0.505700
vt 0.567128 0.502707
vt 0.571617 0.505698
vt 0.581703 0.505696
vt 0.586744 0.502706
vt 0.591687 0.505696
vt 0.601292 0.505696
vt 0.604480 0.502707
vt 0.610241 0.505697
vt 0.616256 0.502708
vt 0.618255 0.505708
vt 0.625203 0.505694
vt 0.626424 0.502707
vt 0.630783 0.505689
vt 0.634907 0.505699
vt 0.632075 0.502708
vt 0.637425 0.505701
vt 0.635204 0.502708
vt 0.638274 0.505708
vt 0.633821 0.502707
vt 0.637362 0.505708
vt 0.634655 0.505708
vt 0.626294 0.502708
vt 0.630235 0.505708
vt 0.624236 0.505708
vt 0.617376 0.502707
vt 0.616841 0.505708
vt 0.602759 0.502706
vt 0.608274 0.505708
vt 0.598795 0.505708
vt 0.583401 0.502707
vt 0.588693 0.505708
vt 0.578274 0.505708
vt 0.564857 0.502707
vt 0.568236 0.505703
vt 0.558483 0.505699
vt 0.550702 0.502708
vt 0.549287 0.505696
vt 0.540907 0.505694
vt 0.550113 0.597708
vt 0.551534 0.594708
vt 0.538389 0.594710
vt 0.536504 0.597708
vt 0.558274 0.567708
vt 0.558274 0.594706
vt 0.558289 0.594734
vt 0.558274 0.567708
vt 0.535824 0.552715
vt 0.535504 0.552709
vt 0.534500 0.538388
vt 0.536319 0.537673
vt 0.539082 0.552708
vt 0.539082 0.537708
vt 0.539082 0.537708
vt 0.539082 0.552708
vt 0.557169 0.537709
vt 0.557106 0.552707
vt 0.583276 0.563526
vt 0.583274 0.502708
vt 0.591504 0.539264
vt 0.588544 0.494894
vt 0.573274 0.502708
vt 0.568003 0.494894
vt 0.557264 0.514229
vt 0.565859 0.541782
vt 0.588544 0.487708
vt 0.568003 0.487708
vt 0.573301 0.565822
vt 0.599283 0.514229
vt 0.579124 0.517708
vt 0.573274 0.517708
vt 0.573284 0.557708
vt 0.583273 0.557708
vt 0.583274 0.517708
vt 0.543806 0.573194
vt 0.549405 0.557709
vt 0.541685 0.557709
vt 0.541062 0.570391
vt 0.547681 0.573831
vt 0.550688 0.572591
vt 0.553745 0.567454
vt 0.535830 0.557709
vt 0.539464 0.572643
vt 0.537747 0.582715
vt 0.533408 0.582708
vt 0.530368 0.576815
vt 0.531212 0.557708
vt 0.527039 0.561668
vt 0.527039 0.570382
vt 0.525011 0.557717
vt 0.555264 0.557709
vt 0.677393 0.502707
vt 0.673181 0.512715
vt 0.680201 0.512712
vt 0.673105 0.502708
vt 0.682895 0.502708
vt 0.686786 0.512708
vt 0.687776 0.502708
vt 0.672188 0.502708
vt 0.672550 0.512712
vt 0.673681 0.502708
vt 0.677741 0.512691
vt 0.678594 0.502712
vt 0.690699 0.512708
vt 0.692845 0.502708
vt 0.693997 0.512712
vt 0.694359 0.502708
vt 0.693833 0.512708
vt 0.693205 0.502707
vt 0.690414 0.512709
vt 0.689929 0.502708
vt 0.684845 0.502576
vt 0.684960 0.512709
vt 0.583263 0.557708
vt 0.577421 0.517708
vt 0.583273 0.517708
vt 0.573274 0.557708
vt 0.573274 0.517708
vt 0.573271 0.510013
vt 0.573274 0.502708
vt 0.578055 0.502708
vt 0.684845 0.502576
vt 0.677741 0.512691
vt 0.678594 0.502712
vt 0.684960 0.512709
vt 0.591830 0.557721
vt 0.583274 0.557708
vt 0.583276 0.567761
vt 0.611077 0.652733
vt 0.609240 0.647638
vt 0.602067 0.652708
vt 0.618504 0.647709
vt 0.619112 0.652706
vt 0.624523 0.647775
vt 0.627325 0.647726
vt 0.622670 0.652708
vt 0.599242 0.647754
vt 0.588282 0.652709
vt 0.591531 0.647708
vt 0.628325 0.647734
vt 0.623197 0.652709
vt 0.627386 0.647711
vt 0.620057 0.652708
vt 0.623723 0.647677
vt 0.615454 0.652710
vt 0.619247 0.647616
vt 0.615678 0.647670
vt 0.608797 0.652737
vt 0.608597 0.647704
vt 0.597969 0.652707
vt 0.597175 0.647664
vt 0.588265 0.647720
vt 0.585446 0.652709
vt 0.579092 0.652708
vt 0.580077 0.647707
vt 0.566617 0.652710
vt 0.568450 0.647742
vt 0.557700 0.647721
vt 0.552996 0.652710
vt 0.550523 0.647703
vt 0.542785 0.647760
vt 0.545335 0.652728
vt 0.536700 0.647724
vt 0.537442 0.652709
vt 0.532146 0.647795
vt 0.533861 0.652708
vt 0.529235 0.647721
vt 0.528231 0.647733
vt 0.533383 0.652709
vt 0.529151 0.647715
vt 0.536476 0.652708
vt 0.532607 0.647729
vt 0.541378 0.652711
vt 0.536937 0.647705
vt 0.542561 0.647696
vt 0.547763 0.652738
vt 0.553351 0.652710
vt 0.550597 0.647740
vt 0.562065 0.652710
vt 0.559485 0.647727
vt 0.568356 0.647712
vt 0.571105 0.652709
vt 0.577471 0.652709
vt 0.576415 0.647743
vt 0.584393 0.647715
vt 0.624926 0.455705
vt 0.625299 0.467708
vt 0.638662 0.467708
vt 0.638790 0.455768
vt 0.612274 0.467708
vt 0.612274 0.455708
vt 0.647304 0.467708
vt 0.648615 0.455765
vt 0.657807 0.467707
vt 0.658678 0.455740
vt 0.667340 0.467708
vt 0.667188 0.455767
vt 0.673684 0.467708
vt 0.673811 0.455741
vt 0.677772 0.467708
vt 0.677772 0.455708
vt 0.598274 0.567708
vt 0.590398 0.567712
vt 0.594457 0.557708
vt 0.601622 0.557708
vt 0.598274 0.594705
vt 0.601954 0.594722
vt 0.583027 0.557707
vt 0.580617 0.567707
vt 0.605013 0.557708
vt 0.573496 0.567707
vt 0.573243 0.557708
vt 0.563902 0.567720
vt 0.605013 0.594708
vt 0.566556 0.557708
vt 0.558138 0.557702
vt 0.551095 0.567708
vt 0.551534 0.557708
vt 0.707153 0.457738
vt 0.707310 0.472559
vt 0.679124 0.487708
vt 0.678001 0.502708
vt 0.684953 0.502707
vt 0.674562 0.487707
vt 0.685581 0.487708
vt 0.691825 0.502707
vt 0.692192 0.487708
vt 0.697607 0.502708
vt 0.696289 0.487706
vt 0.698978 0.487708
vt 0.701779 0.502708
vt 0.701861 0.487712
vt 0.703721 0.502708
vt 0.703805 0.487738
vt 0.703289 0.502708
vt 0.703185 0.487743
vt 0.700150 0.502708
vt 0.699960 0.487739
vt 0.695354 0.502708
vt 0.696232 0.487699
vt 0.690755 0.487707
vt 0.687182 0.502712
vt 0.683341 0.487707
vt 0.678280 0.502708
vt 0.674616 0.487699
vt 0.671832 0.502709
vt 0.669769 0.487711
vt 0.666609 0.502708
vt 0.666119 0.487722
vt 0.663051 0.502653
vt 0.663234 0.487717
vt 0.663090 0.487688
vt 0.663472 0.502712
vt 0.664678 0.487734
vt 0.668259 0.502708
vt 0.667932 0.487674
vt 0.673024 0.502708
vt 0.681895 0.500679
vt 0.674845 0.500699
vt 0.680422 0.467708
vt 0.687090 0.467709
vt 0.687267 0.500746
vt 0.674594 0.467708
vt 0.692531 0.500767
vt 0.691892 0.467708
vt 0.696259 0.467707
vt 0.696289 0.487706
vt 0.697330 0.500731
vt 0.701861 0.487712
vt 0.700836 0.500732
vt 0.702817 0.500740
vt 0.703368 0.487707
vt 0.703297 0.500687
vt 0.701854 0.487723
vt 0.702039 0.500659
vt 0.698607 0.500712
vt 0.696232 0.487699
vt 0.694681 0.500704
vt 0.696446 0.467707
vt 0.690332 0.467709
vt 0.689695 0.500674
vt 0.684271 0.467708
vt 0.684230 0.500712
vt 0.679072 0.500713
vt 0.679015 0.467710
vt 0.674590 0.487707
vt 0.670854 0.500680
vt 0.669769 0.487711
vt 0.666119 0.487722
vt 0.674690 0.467708
vt 0.665547 0.500732
vt 0.663234 0.487717
vt 0.663267 0.500567
vt 0.663090 0.487688
vt 0.663869 0.500799
vt 0.667932 0.487674
vt 0.667922 0.500781
vt 0.674845 0.500699
vt 0.674602 0.487708
vt 0.674594 0.467708
vt 0.502647 0.502708
vt 0.517767 0.502708
vt 0.517967 0.511302
vt 0.671569 0.487708
vt 0.671708 0.467708
vt 0.674562 0.487707
vt 0.674594 0.467708
vt 0.674602 0.487708
vt 0.586709 0.595626
vt 0.585077 0.587705
vt 0.570027 0.595639
vt 0.571348 0.587706
vt 0.693644 0.467709
vt 0.687090 0.467709
vt 0.680422 0.467708
vt 0.671708 0.467708
vt 0.674594 0.467708
vt 0.691892 0.467708
vt 0.696259 0.467707
vt 0.693644 0.467709
vt 0.671708 0.467708
vt 0.671569 0.487708
vt 0.693546 0.487708
vt 0.674562 0.487707
vt 0.679124 0.487708
vt 0.671569 0.487708
vt 0.685581 0.487708
vt 0.693546 0.487708
vt 0.692192 0.487708
vt 0.696289 0.487706
vt 0.696289 0.487706
vt 0.696259 0.467707
vt 0.693644 0.467709
vt 0.693546 0.487708
vt 0.495274 0.562708
vt 0.497710 0.558274
vt 0.449837 0.527757
vt 0.452229 0.522702
vt 0.508719 0.567602
vt 0.505333 0.561048
vt 0.561304 0.520092
vt 0.570870 0.502812
vt 0.552055 0.517907
vt 0.564314 0.562117
vt 0.576955 0.577439
vt 0.560497 0.502708
vt 0.571348 0.587706
vt 0.585077 0.587705
vt 0.579455 0.577769
vt 0.591874 0.563529
vt 0.595245 0.520094
vt 0.599662 0.534998
vt 0.578274 0.573288
vt 0.604382 0.517708
vt 0.596051 0.502708
vt 0.585788 0.502735
vt 0.495038 0.467708
vt 0.503569 0.472710
vt 0.507488 0.467708
vt 0.516107 0.472713
vt 0.491921 0.472708
vt 0.527006 0.467708
vt 0.529376 0.472715
vt 0.549415 0.472409
vt 0.544275 0.467706
vt 0.481292 0.472711
vt 0.483839 0.467708
vt 0.471811 0.472715
vt 0.469975 0.467708
vt 0.463604 0.472713
vt 0.456753 0.472702
vt 0.460534 0.467708
vt 0.449309 0.472506
vt 0.456306 0.467710
vt 0.620329 0.622705
vt 0.623511 0.622706
vt 0.627738 0.627700
vt 0.624921 0.627719
vt 0.621253 0.627738
vt 0.612951 0.622708
vt 0.616482 0.627717
vt 0.610510 0.627708
vt 0.604738 0.622707
vt 0.603428 0.627739
vt 0.590753 0.622704
vt 0.595997 0.627708
vt 0.587864 0.627706
vt 0.578668 0.627679
vt 0.573151 0.622708
vt 0.570649 0.627731
vt 0.563451 0.627705
vt 0.559188 0.622708
vt 0.554704 0.627689
vt 0.550622 0.622708
vt 0.545800 0.627706
vt 0.541697 0.622707
vt 0.537633 0.627704
vt 0.531584 0.627709
vt 0.535595 0.622708
vt 0.529103 0.627708
vt 0.533151 0.622708
vt 0.528152 0.627694
vt 0.534615 0.622706
vt 0.529598 0.627725
vt 0.532640 0.627743
vt 0.540248 0.622708
vt 0.536313 0.627720
vt 0.542767 0.627728
vt 0.548908 0.622707
vt 0.552781 0.627721
vt 0.561635 0.622708
vt 0.565290 0.627718
vt 0.572307 0.622708
vt 0.576846 0.627757
vt 0.582855 0.622708
vt 0.588405 0.627694
vt 0.596796 0.622707
vt 0.599252 0.627772
vt 0.608625 0.627663
vt 0.608234 0.622708
vt 0.615951 0.627731
vt 0.616374 0.622707
vt 0.621509 0.627666
vt 0.625794 0.627697
vt 0.621490 0.622708
vt 0.627783 0.627695
vt 0.628296 0.627713
vt 0.483524 0.502708
vt 0.486954 0.487741
vt 0.482035 0.487703
vt 0.488191 0.502708
vt 0.491181 0.487695
vt 0.491901 0.502708
vt 0.493365 0.487706
vt 0.493717 0.502708
vt 0.493733 0.487691
vt 0.478267 0.502708
vt 0.473476 0.487707
vt 0.471434 0.502708
vt 0.465867 0.487709
vt 0.464367 0.502709
vt 0.460330 0.487693
vt 0.458430 0.502708
vt 0.457012 0.487661
vt 0.493462 0.502708
vt 0.491870 0.502708
vt 0.491552 0.487722
vt 0.487746 0.487731
vt 0.486583 0.502706
vt 0.481899 0.479673
vt 0.478794 0.502708
vt 0.476314 0.487707
vt 0.471485 0.502708
vt 0.469613 0.487708
vt 0.464654 0.502707
vt 0.463983 0.487708
vt 0.457796 0.502709
vt 0.460285 0.487707
vt 0.457446 0.487709
vt 0.454622 0.487703
vt 0.454010 0.502708
vt 0.453340 0.487703
vt 0.452577 0.502708
vt 0.453078 0.487683
vt 0.454024 0.500600
vt 0.454623 0.502708
vt 0.572339 0.482708
vt 0.575700 0.487709
vt 0.559528 0.482692
vt 0.556213 0.487696
vt 0.556309 0.482723
vt 0.551306 0.487708
vt 0.554150 0.484830
vt 0.551273 0.487708
vt 0.556250 0.482731
vt 0.584200 0.482715
vt 0.600181 0.487693
vt 0.597868 0.482783
vt 0.600297 0.482731
vt 0.605244 0.487708
vt 0.600261 0.482690
vt 0.600181 0.487693
vt 0.597868 0.482783
vt 0.602478 0.484909
vt 0.605274 0.487708
vt 0.477571 0.500741
vt 0.482062 0.487702
vt 0.483021 0.500720
vt 0.477966 0.467709
vt 0.471876 0.467709
vt 0.471382 0.500664
vt 0.465336 0.467707
vt 0.466433 0.500706
vt 0.481818 0.467707
vt 0.461852 0.500788
vt 0.460059 0.467707
vt 0.460330 0.487693
vt 0.456876 0.500633
vt 0.486954 0.487741
vt 0.487368 0.500706
vt 0.491181 0.487695
vt 0.491860 0.500647
vt 0.493568 0.487746
vt 0.493376 0.500756
vt 0.492066 0.500677
vt 0.491552 0.487722
vt 0.489429 0.500709
vt 0.487746 0.487731
vt 0.484428 0.500812
vt 0.481899 0.479673
vt 0.478920 0.500717
vt 0.478055 0.467708
vt 0.472872 0.500704
vt 0.471323 0.467707
vt 0.464926 0.500859
vt 0.464809 0.467708
vt 0.460063 0.467706
vt 0.460285 0.487707
vt 0.457601 0.500768
vt 0.457446 0.487709
vt 0.454307 0.500694
vt 0.453340 0.487703
vt 0.453239 0.500711
vt 0.453078 0.487683
vt 0.454024 0.500600
vt 0.484978 0.467708
vt 0.463117 0.467708
vt 0.463005 0.487708
vt 0.484888 0.487708
vt 0.473476 0.487707
vt 0.482035 0.487703
vt 0.484888 0.487708
vt 0.463005 0.487708
vt 0.465867 0.487709
vt 0.460330 0.487693
vt 0.484978 0.467708
vt 0.477966 0.467709
vt 0.471876 0.467709
vt 0.463117 0.467708
vt 0.465336 0.467707
vt 0.460059 0.467707
vt 0.481818 0.467707
vt 0.484978 0.467708
vt 0.484888 0.487708
vt 0.481818 0.467707
vt 0.482035 0.487703
vt 0.482062 0.487702
vt 0.460059 0.467707
vt 0.460330 0.487693
vt 0.463005 0.487708
vt 0.463117 0.467708
vt 0.700864 0.525951
vt 0.658838 0.558274
vt 0.661274 0.562708
vt 0.647829 0.567602
vt 0.651215 0.561048
vt 0.704580 0.524976
vt 0.706623 0.527821
vt 0.538389 0.594710
vt 0.551534 0.594708
vt 0.538474 0.557708
vt 0.551534 0.557708
vt 0.549422 0.472454
vt 0.544273 0.467709
vt 0.549431 0.457727
vt 0.544274 0.455707
vt 0.547388 0.452699
vt 0.516125 0.472720
vt 0.508380 0.467708
vt 0.527461 0.467708
vt 0.503593 0.472718
vt 0.529388 0.472721
vt 0.549422 0.472454
vt 0.544273 0.467709
vt 0.495693 0.467708
vt 0.491921 0.472708
vt 0.481328 0.472701
vt 0.479111 0.467708
vt 0.471835 0.472707
vt 0.463625 0.472705
vt 0.463607 0.467708
vt 0.456764 0.472694
vt 0.449218 0.472556
vt 0.456292 0.467706
vt 0.497710 0.558274
vt 0.495274 0.562708
vt 0.452104 0.523852
vt 0.449925 0.527821
vt 0.505333 0.561048
vt 0.508719 0.567602
vt 0.455441 0.525768
vt 0.618274 0.377708
vt 0.622607 0.382693
vt 0.623274 0.382708
vt 0.617119 0.377713
vt 0.620782 0.382704
vt 0.612350 0.377704
vt 0.617775 0.382700
vt 0.613666 0.382704
vt 0.617118 0.377702
vt 0.622648 0.382705
vt 0.620783 0.382702
vt 0.617775 0.382700
vt 0.611402 0.377702
vt 0.613686 0.382702
vt 0.608409 0.382660
vt 0.605190 0.377708
vt 0.608512 0.382670
vt 0.603279 0.382726
vt 0.598280 0.377708
vt 0.605190 0.377708
vt 0.603277 0.382723
vt 0.598280 0.377708
vt 0.626734 0.550346
vt 0.618073 0.557708
vt 0.631554 0.557708
vt 0.638580 0.511301
vt 0.653900 0.502708
vt 0.638781 0.502708
vt 0.556302 0.482700
vt 0.556246 0.482733
vt 0.551309 0.487707
vt 0.556639 0.487698
vt 0.559389 0.482744
vt 0.571754 0.482715
vt 0.579977 0.487710
vt 0.554068 0.484913
vt 0.551275 0.487708
vt 0.584798 0.482714
vt 0.597241 0.482701
vt 0.598962 0.487706
vt 0.604771 0.487707
vt 0.600240 0.482722
vt 0.605521 0.487705
vt 0.602535 0.485070
vt 0.600299 0.482731
vt 0.700936 0.525890
vt 0.661274 0.562708
vt 0.658838 0.558274
vt 0.651215 0.561048
vt 0.647829 0.567602
vt 0.704060 0.524329
vt 0.706708 0.527748
vt 0.524993 0.557708
vt 0.529813 0.550346
vt 0.538474 0.557708
vt 0.682301 0.502731
vt 0.670689 0.502708
vt 0.674845 0.500699
vt 0.667922 0.500781
vt 0.665309 0.502709
vt 0.663869 0.500799
vt 0.663267 0.500567
vt 0.666342 0.502712
vt 0.681895 0.500679
vt 0.687267 0.500746
vt 0.692531 0.500767
vt 0.694447 0.502714
vt 0.697330 0.500731
vt 0.700836 0.500732
vt 0.701042 0.502718
vt 0.665547 0.500732
vt 0.673088 0.502719
vt 0.670854 0.500680
vt 0.679072 0.500713
vt 0.684258 0.502710
vt 0.684230 0.500712
vt 0.689695 0.500674
vt 0.693047 0.502711
vt 0.694681 0.500704
vt 0.698607 0.500712
vt 0.700161 0.502708
vt 0.703297 0.500687
vt 0.702039 0.500659
vt 0.702817 0.500740
vt 0.693430 0.467708
vt 0.693551 0.487709
vt 0.671569 0.487708
vt 0.671569 0.467708
vt 0.674616 0.487699
vt 0.671569 0.487708
vt 0.683341 0.487707
vt 0.693551 0.487709
vt 0.690755 0.487707
vt 0.696232 0.487699
vt 0.679015 0.467710
vt 0.671569 0.467708
vt 0.674690 0.467708
vt 0.684271 0.467708
vt 0.693430 0.467708
vt 0.690332 0.467709
vt 0.696446 0.467707
vt 0.671569 0.467708
vt 0.671569 0.487708
vt 0.674616 0.487699
vt 0.674690 0.467708
vt 0.674590 0.487707
vt 0.693551 0.487709
vt 0.693430 0.467708
vt 0.696446 0.467707
vt 0.696232 0.487699
vt 0.469613 0.487708
vt 0.462993 0.487708
vt 0.476314 0.487707
vt 0.484978 0.487708
vt 0.463983 0.487708
vt 0.460285 0.487707
vt 0.481899 0.479673
vt 0.484841 0.467707
vt 0.478055 0.467708
vt 0.484978 0.487708
vt 0.460285 0.487707
vt 0.460063 0.467706
vt 0.462993 0.487708
vt 0.463117 0.467708
vt 0.566617 0.652710
vt 0.572271 0.652701
vt 0.552996 0.652710
vt 0.578249 0.652695
vt 0.579092 0.652708
vt 0.575812 0.652493
vt 0.584591 0.652451
vt 0.575812 0.652493
vt 0.484841 0.467707
vt 0.484978 0.487708
vt 0.462993 0.487708
vt 0.463117 0.467708
vt 0.484841 0.467707
vt 0.463117 0.467708
vt 0.478055 0.467708
vt 0.471323 0.467707
vt 0.464809 0.467708
vt 0.460063 0.467706
vt 0.578055 0.502708
vt 0.578490 0.517708
vt 0.573271 0.510013
vt 0.583274 0.502708
vt 0.583274 0.517708
vt 0.548274 0.502708
vt 0.548274 0.502708
vt 0.543274 0.497708
vt 0.543274 0.497708
vt 0.551534 0.557708
vt 0.554925 0.557708
vt 0.663165 0.538008
vt 0.634565 0.593269
vt 0.628961 0.593272
vt 0.658094 0.536873
vt 0.666288 0.487708
vt 0.671607 0.487708
vt 0.570027 0.595639
vt 0.546626 0.538942
vt 0.538276 0.517591
vt 0.527587 0.593273
vt 0.498454 0.536873
vt 0.521982 0.593269
vt 0.493320 0.537876
vt 0.490260 0.487708
vt 0.484940 0.487708
vt 0.618081 0.467704
vt 0.628577 0.484602
vt 0.618326 0.480007
vt 0.621940 0.485098
vt 0.626326 0.487592
vt 0.634232 0.487688
vt 0.561928 0.382711
vt 0.558360 0.377705
vt 0.574887 0.377708
vt 0.555439 0.382679
vt 0.553308 0.382734
vt 0.553268 0.382726
vt 0.558266 0.377709
vt 0.570006 0.382708
vt 0.578274 0.382708
vt 0.588324 0.377707
vt 0.586541 0.382709
vt 0.594622 0.382708
vt 0.598274 0.377708
vt 0.601111 0.382691
vt 0.603219 0.382719
vt 0.603277 0.382723
vt 0.598280 0.377708
vt 0.578490 0.502708
vt 0.583274 0.510013
vt 0.583274 0.502708
vt 0.578054 0.517708
vt 0.583274 0.510013
vt 0.578490 0.502708
vt 0.573274 0.502708
vt 0.573274 0.517708
vt 0.527046 0.561681
vt 0.526964 0.570234
vt 0.507682 0.532917
vt 0.505538 0.520053
vt 0.575706 0.502704
vt 0.575696 0.522125
vt 0.570591 0.513006
vt 0.570774 0.502708
vt 0.634566 0.593269
vt 0.663168 0.538008
vt 0.628962 0.593271
vt 0.658094 0.536873
vt 0.666288 0.487708
vt 0.671607 0.487708
vt 0.623518 0.597709
vt 0.626575 0.597710
vt 0.621850 0.594705
vt 0.623283 0.594676
vt 0.622949 0.594705
vt 0.624021 0.597708
vt 0.619494 0.594701
vt 0.615988 0.594707
vt 0.616311 0.597708
vt 0.611507 0.594708
vt 0.605929 0.597708
vt 0.606146 0.594707
vt 0.600056 0.594706
vt 0.621720 0.594705
vt 0.618221 0.594703
vt 0.619843 0.597708
vt 0.594392 0.597708
vt 0.593387 0.594705
vt 0.583629 0.597706
vt 0.582986 0.594701
vt 0.588332 0.594705
vt 0.582921 0.567708
vt 0.592492 0.567708
vt 0.597667 0.582782
vt 0.582836 0.594699
vt 0.592220 0.597708
vt 0.583390 0.597707
vt 0.582836 0.594699
vt 0.588332 0.594705
vt 0.597667 0.582782
vt 0.638781 0.517708
vt 0.638580 0.511301
vt 0.638781 0.502708
vt 0.638582 0.502708
vt 0.638567 0.517708
vt 0.628284 0.517704
vt 0.638580 0.511301
vt 0.638781 0.517708
vt 0.527586 0.593271
vt 0.521982 0.593269
vt 0.498454 0.536873
vt 0.493326 0.537895
vt 0.490260 0.487708
vt 0.484940 0.487708
vt 0.517767 0.502708
vt 0.517766 0.517708
vt 0.517967 0.511302
vt 0.517965 0.502708
vt 0.517981 0.517708
vt 0.517967 0.511302
vt 0.517766 0.517708
vt 0.528264 0.517704
vt 0.632180 0.452706
vt 0.649459 0.452708
vt 0.641087 0.455701
vt 0.629725 0.455696
vt 0.612271 0.455646
vt 0.609301 0.452709
vt 0.651489 0.455707
vt 0.660758 0.455705
vt 0.664002 0.452706
vt 0.668754 0.455701
vt 0.678094 0.455688
vt 0.676062 0.452709
vt 0.507682 0.532917
vt 0.527039 0.570382
vt 0.527039 0.561668
vt 0.505538 0.520053
vt 0.622890 0.467621
vt 0.632645 0.485012
vt 0.623033 0.480005
vt 0.625893 0.484947
vt 0.631080 0.487659
vt 0.638102 0.487698
vt 0.605013 0.567708
vt 0.618092 0.567711
vt 0.618163 0.557708
vt 0.605013 0.557708
vt 0.572695 0.379716
vt 0.587598 0.379708
vt 0.581692 0.377731
vt 0.593115 0.502708
vt 0.578765 0.497729
vt 0.571677 0.502711
vt 0.561967 0.497606
vt 0.548286 0.502710
vt 0.545644 0.497786
vt 0.595916 0.497758
vt 0.608274 0.502708
vt 0.611076 0.497682
vt 0.479276 0.550401
vt 0.464411 0.538946
vt 0.473204 0.543756
vt 0.478740 0.548476
vt 0.467727 0.537863
vt 0.457645 0.532188
vt 0.452896 0.530105
vt 0.482987 0.551754
vt 0.487733 0.555718
vt 0.491342 0.559680
vt 0.623014 0.479392
vt 0.632091 0.484220
vt 0.622891 0.467627
vt 0.625675 0.484756
vt 0.630943 0.487551
vt 0.637270 0.487660
vt 0.446315 0.457640
vt 0.449395 0.457738
vt 0.452435 0.452696
vt 0.455310 0.452708
vt 0.629511 0.561663
vt 0.629508 0.570382
vt 0.648865 0.532917
vt 0.651009 0.520053
vt 0.707153 0.457738
vt 0.704113 0.452696
vt 0.708629 0.457708
vt 0.701237 0.452708
vt 0.710215 0.457708
vt 0.598280 0.377708
vt 0.598182 0.377698
vt 0.603279 0.382726
vt 0.603238 0.382734
vt 0.601107 0.382679
vt 0.594838 0.382706
vt 0.581711 0.377707
vt 0.586726 0.382708
vt 0.578408 0.382707
vt 0.568246 0.377708
vt 0.570092 0.382709
vt 0.561961 0.382708
vt 0.558274 0.377708
vt 0.555444 0.382719
vt 0.553330 0.382721
vt 0.553270 0.382724
vt 0.558267 0.377709
vt 0.618279 0.481091
vt 0.628900 0.485064
vt 0.618078 0.467499
vt 0.625521 0.487297
vt 0.635393 0.487705
vt 0.609069 0.379708
vt 0.602034 0.379718
vt 0.605120 0.377783
vt 0.597210 0.377801
vt 0.593936 0.379708
vt 0.586015 0.377733
vt 0.584004 0.379707
vt 0.575293 0.379708
vt 0.570953 0.377749
vt 0.551534 0.557708
vt 0.551095 0.567708
vt 0.538461 0.567708
vt 0.538394 0.557708
vt 0.570953 0.377749
vt 0.575293 0.379708
vt 0.561839 0.379711
vt 0.447918 0.457708
vt 0.452461 0.452692
vt 0.449395 0.457738
vt 0.455310 0.452708
vt 0.446332 0.457708
vt 0.617566 0.537708
vt 0.620682 0.552757
vt 0.621162 0.537706
vt 0.617466 0.552708
vt 0.621982 0.552108
vt 0.621209 0.537708
vt 0.704086 0.452692
vt 0.707153 0.457738
vt 0.708629 0.457708
vt 0.701237 0.452708
vt 0.710215 0.457708
vt 0.601279 0.597708
vt 0.601274 0.597708
vt 0.597667 0.582782
vt 0.538469 0.467660
vt 0.527928 0.484663
vt 0.538284 0.479564
vt 0.536022 0.484249
vt 0.529737 0.487666
vt 0.522112 0.487687
vt 0.623258 0.557721
vt 0.626734 0.550346
vt 0.628286 0.557708
vt 0.689929 0.502708
vt 0.708519 0.499586
vt 0.709079 0.502708
vt 0.533657 0.467620
vt 0.523906 0.485007
vt 0.533535 0.479613
vt 0.530674 0.485180
vt 0.524888 0.487689
vt 0.518487 0.487684
vt 0.456292 0.467706
vt 0.449218 0.472556
vt 0.456302 0.455707
vt 0.449395 0.457738
vt 0.455310 0.452708
vt 0.533517 0.480021
vt 0.524460 0.484217
vt 0.533655 0.467632
vt 0.530231 0.485348
vt 0.524703 0.487688
vt 0.519304 0.487646
vt 0.548286 0.502710
vt 0.543285 0.497710
vt 0.543274 0.497708
vt 0.548274 0.502708
vt 0.545644 0.497786
vt 0.578274 0.573288
vt 0.564460 0.522683
vt 0.576955 0.577439
vt 0.561304 0.520092
vt 0.544274 0.455707
vt 0.549415 0.472409
vt 0.549430 0.457725
vt 0.544275 0.467706
vt 0.547274 0.452708
vt 0.529813 0.550346
vt 0.528261 0.557708
vt 0.533313 0.557728
vt 0.612273 0.455707
vt 0.612273 0.467706
vt 0.607132 0.472409
vt 0.607118 0.457725
vt 0.609274 0.452708
vt 0.568216 0.594705
vt 0.558289 0.594734
vt 0.564322 0.597708
vt 0.555274 0.597708
vt 0.573713 0.594694
vt 0.573156 0.597707
vt 0.681819 0.502710
vt 0.677037 0.500711
vt 0.672286 0.502696
vt 0.674492 0.500734
vt 0.680703 0.500718
vt 0.684127 0.500465
vt 0.673204 0.500659
vt 0.671839 0.502710
vt 0.689940 0.502716
vt 0.673772 0.500700
vt 0.675387 0.500706
vt 0.677105 0.502697
vt 0.677736 0.500702
vt 0.687318 0.500674
vt 0.690019 0.500677
vt 0.695454 0.502714
vt 0.692444 0.500742
vt 0.693252 0.500706
vt 0.692959 0.500703
vt 0.693948 0.502710
vt 0.691210 0.500762
vt 0.689037 0.502697
vt 0.688115 0.500675
vt 0.684038 0.500935
vt 0.681745 0.502708
vt 0.680708 0.495627
vt 0.707153 0.457738
vt 0.700252 0.467705
vt 0.707310 0.472559
vt 0.700245 0.455707
vt 0.701237 0.452708
vt 0.645056 0.568611
vt 0.634116 0.593711
vt 0.647829 0.567602
vt 0.633102 0.587391
vt 0.642284 0.569620
vt 0.645056 0.568611
vt 0.633196 0.587209
vt 0.642284 0.569620
vt 0.633230 0.594140
vt 0.449309 0.472506
vt 0.456306 0.467710
vt 0.449395 0.457738
vt 0.456302 0.455707
vt 0.455310 0.452708
vt 0.642284 0.569620
vt 0.633196 0.587209
vt 0.633102 0.587391
vt 0.633230 0.594140
vt 0.634116 0.593711
vt 0.642284 0.569620
vt 0.608274 0.502708
vt 0.613270 0.497706
vt 0.608274 0.502708
vt 0.613274 0.497708
vt 0.611076 0.497682
vt 0.476314 0.487707
vt 0.484978 0.487708
vt 0.481899 0.479673
vt 0.451780 0.527673
vt 0.452896 0.530105
vt 0.448129 0.526432
vt 0.612273 0.455707
vt 0.607116 0.457725
vt 0.612274 0.467709
vt 0.607126 0.472455
vt 0.609274 0.452708
vt 0.523352 0.587210
vt 0.514264 0.569620
vt 0.514264 0.569620
vt 0.523453 0.587406
vt 0.523256 0.594510
vt 0.523760 0.594491
vt 0.523352 0.587210
vt 0.523502 0.591856
vt 0.514264 0.569620
vt 0.511491 0.568611
vt 0.511491 0.568611
vt 0.523760 0.594491
vt 0.514264 0.569620
vt 0.523453 0.587406
vt 0.578054 0.517708
vt 0.579124 0.517708
vt 0.583274 0.510013
vt 0.573271 0.510013
vt 0.578490 0.517708
vt 0.577421 0.517708
vt 0.584203 0.455705
vt 0.575296 0.452708
vt 0.599366 0.452714
vt 0.597547 0.455709
vt 0.572343 0.455704
vt 0.559410 0.455711
vt 0.557234 0.452711
vt 0.556304 0.455723
vt 0.553343 0.452708
vt 0.553274 0.452708
vt 0.556274 0.455708
vt 0.574685 0.452708
vt 0.584798 0.455704
vt 0.597400 0.452708
vt 0.597833 0.455704
vt 0.603164 0.452712
vt 0.600266 0.455716
vt 0.600274 0.455708
vt 0.603274 0.452708
vt 0.571752 0.455705
vt 0.557425 0.452714
vt 0.558762 0.455760
vt 0.581692 0.377731
vt 0.569864 0.377737
vt 0.572695 0.379716
vt 0.563559 0.379708
vt 0.559798 0.377752
vt 0.554464 0.379716
vt 0.550360 0.377752
vt 0.547092 0.379707
vt 0.592087 0.522683
vt 0.579592 0.577439
vt 0.578274 0.573288
vt 0.595244 0.520092
vt 0.564460 0.522683
vt 0.570542 0.512664
vt 0.561304 0.520092
vt 0.570870 0.502812
vt 0.585738 0.502869
vt 0.595244 0.520092
vt 0.586000 0.512670
vt 0.592087 0.522683
vt 0.582212 0.597708
vt 0.579833 0.568219
vt 0.575612 0.597723
vt 0.575729 0.567708
vt 0.579833 0.568219
vt 0.582212 0.597708
vt 0.582803 0.567708
vt 0.582986 0.594701
vt 0.583629 0.597706
vt 0.575612 0.597723
vt 0.575729 0.567708
vt 0.573617 0.567708
vt 0.573713 0.594694
vt 0.573156 0.597707
vt 0.700242 0.467710
vt 0.707153 0.457738
vt 0.707255 0.472516
vt 0.700245 0.455707
vt 0.701237 0.452708
vt 0.613272 0.497708
vt 0.608274 0.502708
vt 0.608272 0.502708
vt 0.613274 0.497708
vt 0.611219 0.497834
vt 0.548703 0.377800
vt 0.558463 0.377709
vt 0.556797 0.378250
vt 0.648865 0.532917
vt 0.629508 0.561668
vt 0.651009 0.520053
vt 0.629508 0.570382
vt 0.628962 0.593271
vt 0.624327 0.597706
vt 0.617817 0.597708
vt 0.615338 0.593264
vt 0.578973 0.568080
vt 0.581550 0.597713
vt 0.577039 0.597729
vt 0.575671 0.567704
vt 0.574326 0.597708
vt 0.573746 0.567708
vt 0.573640 0.594656
vt 0.572984 0.597706
vt 0.581576 0.567708
vt 0.582921 0.567708
vt 0.582836 0.594699
vt 0.583390 0.597707
vt 0.553324 0.452708
vt 0.553274 0.452708
vt 0.556288 0.455711
vt 0.556274 0.455708
vt 0.558762 0.455760
vt 0.557425 0.452714
vt 0.544603 0.377783
vt 0.543113 0.379708
vt 0.547092 0.379707
vt 0.608797 0.652737
vt 0.593329 0.652700
vt 0.593274 0.647708
vt 0.608282 0.647708
vt 0.608282 0.647708
vt 0.585074 0.647708
vt 0.608797 0.652737
vt 0.585066 0.652700
vt 0.585774 0.647708
vt 0.585745 0.652490
vt 0.602059 0.652650
vt 0.602144 0.647708
vt 0.585788 0.502735
vt 0.585774 0.502708
vt 0.585957 0.513006
vt 0.593274 0.647708
vt 0.585774 0.647708
vt 0.602144 0.647708
vt 0.608282 0.647708
vt 0.585074 0.647708
vt 0.583474 0.647708
vt 0.593329 0.652700
vt 0.585774 0.647708
vt 0.593274 0.647708
vt 0.585745 0.652490
vt 0.570542 0.512664
vt 0.570774 0.502708
vt 0.570870 0.502812
vt 0.570774 0.502708
vt 0.570591 0.513006
vt 0.570759 0.502736
vt 0.585738 0.502869
vt 0.586000 0.512670
vt 0.585774 0.502708
vt 0.602059 0.652650
vt 0.583474 0.647708
vt 0.602144 0.647708
vt 0.583400 0.652685
vt 0.451780 0.527673
vt 0.457645 0.532188
vt 0.452896 0.530105
vt 0.545335 0.652728
vt 0.572271 0.652701
vt 0.572274 0.647708
vt 0.546094 0.647708
vt 0.546094 0.647708
vt 0.561754 0.652699
vt 0.545335 0.652728
vt 0.561774 0.647708
vt 0.575770 0.647708
vt 0.575812 0.652493
vt 0.552765 0.652650
vt 0.552676 0.647708
vt 0.572271 0.652701
vt 0.575770 0.647708
vt 0.572274 0.647708
vt 0.575812 0.652493
vt 0.572274 0.647708
vt 0.575770 0.647708
vt 0.552676 0.647708
vt 0.546094 0.647708
vt 0.561774 0.647708
vt 0.568274 0.647708
vt 0.523502 0.591856
vt 0.508719 0.567602
vt 0.511491 0.568611
vt 0.521979 0.593266
vt 0.523256 0.594510
vt 0.552765 0.652650
vt 0.568274 0.647708
vt 0.552676 0.647708
vt 0.568386 0.652681
vt 0.610453 0.647708
vt 0.611077 0.652733
vt 0.584262 0.652700
vt 0.584274 0.647708
vt 0.594824 0.652699
vt 0.611077 0.652733
vt 0.594774 0.647708
vt 0.610453 0.647708
vt 0.580774 0.647708
vt 0.603782 0.652651
vt 0.603871 0.647708
vt 0.580741 0.652487
vt 0.588277 0.647708
vt 0.603782 0.652651
vt 0.588155 0.652680
vt 0.603871 0.647708
vt 0.483150 0.502712
vt 0.477751 0.500708
vt 0.474120 0.502713
vt 0.474240 0.500709
vt 0.470897 0.500696
vt 0.467199 0.502710
vt 0.467691 0.500701
vt 0.465217 0.500670
vt 0.480402 0.500758
vt 0.482322 0.500726
vt 0.483331 0.500713
vt 0.485367 0.502713
vt 0.482816 0.500745
vt 0.482657 0.502705
vt 0.481249 0.500735
vt 0.478781 0.500746
vt 0.474666 0.502700
vt 0.475906 0.500459
vt 0.471555 0.500736
vt 0.466204 0.502708
vt 0.467366 0.500714
vt 0.464500 0.500666
vt 0.461302 0.502705
vt 0.463208 0.500658
vt 0.462359 0.502702
vt 0.463737 0.500684
vt 0.594774 0.647708
vt 0.603871 0.647708
vt 0.588277 0.647708
vt 0.610453 0.647708
vt 0.584274 0.647708
vt 0.580774 0.647708
vt 0.588277 0.647708
vt 0.594824 0.652699
vt 0.594774 0.647708
vt 0.588155 0.652680
vt 0.584591 0.652451
vt 0.582789 0.652633
vt 0.584572 0.647709
vt 0.582774 0.647708
vt 0.578274 0.647708
vt 0.578273 0.652309
vt 0.583474 0.647708
vt 0.583400 0.652685
vt 0.585066 0.652700
vt 0.585074 0.647708
vt 0.548266 0.647708
vt 0.547763 0.652738
vt 0.563274 0.647708
vt 0.563219 0.652701
vt 0.571474 0.647708
vt 0.547763 0.652738
vt 0.548266 0.647708
vt 0.571482 0.652701
vt 0.536097 0.552755
vt 0.537405 0.552706
vt 0.537334 0.537711
vt 0.535347 0.537707
vt 0.534565 0.552108
vt 0.573074 0.647708
vt 0.554404 0.647708
vt 0.573139 0.652680
vt 0.554562 0.652653
vt 0.571974 0.647708
vt 0.571961 0.652454
vt 0.573761 0.652633
vt 0.573774 0.647708
vt 0.578265 0.647721
vt 0.578296 0.652362
vt 0.536615 0.537643
vt 0.535824 0.552715
vt 0.534500 0.538388
vt 0.537405 0.552706
vt 0.537334 0.537711
vt 0.578296 0.652362
vt 0.573761 0.652633
vt 0.578610 0.652708
vt 0.578301 0.652697
vt 0.571961 0.652454
vt 0.571974 0.647708
vt 0.578274 0.647708
vt 0.578265 0.647721
vt 0.578296 0.652362
vt 0.578610 0.652708
vt 0.578301 0.652697
vt 0.578296 0.652362
vt 0.584274 0.647708
vt 0.584262 0.652700
vt 0.580774 0.647708
vt 0.580741 0.652487
vt 0.573139 0.652680
vt 0.571482 0.652701
vt 0.573074 0.647708
vt 0.571474 0.647708
vt 0.621209 0.537708
vt 0.621982 0.552108
vt 0.619948 0.552761
vt 0.619331 0.537708
vt 0.619284 0.552708
vt 0.619551 0.537708
vt 0.620530 0.552708
vt 0.622009 0.538357
vt 0.561774 0.647708
vt 0.568274 0.647708
vt 0.561754 0.652699
vt 0.568386 0.652681
vt 0.538700 0.652441
vt 0.562965 0.652633
vt 0.538773 0.647708
vt 0.562920 0.647708
vt 0.571725 0.647721
vt 0.571863 0.652362
vt 0.600274 0.455708
vt 0.600248 0.455704
vt 0.603255 0.452708
vt 0.603274 0.452708
vt 0.599366 0.452714
vt 0.597547 0.455709
vt 0.544603 0.377783
vt 0.542843 0.377764
vt 0.543113 0.379708
vt 0.548703 0.377800
vt 0.552768 0.379716
vt 0.546765 0.379708
vt 0.556797 0.378250
vt 0.561839 0.379711
vt 0.570800 0.652485
vt 0.554404 0.647708
vt 0.570774 0.647708
vt 0.554562 0.652653
vt 0.570774 0.647708
vt 0.563219 0.652701
vt 0.570800 0.652485
vt 0.563274 0.647708
vt 0.570774 0.647708
vt 0.554404 0.647708
vt 0.563274 0.647708
vt 0.548266 0.647708
vt 0.571474 0.647708
vt 0.573074 0.647708
vt 0.601274 0.597708
vt 0.592220 0.597708
vt 0.597667 0.582782
vt 0.603769 0.379719
vt 0.606967 0.377802
vt 0.595918 0.377747
vt 0.609887 0.379709
vt 0.612065 0.377757
vt 0.597334 0.379706
vt 0.587598 0.379708
vt 0.612632 0.379697
vt 0.613195 0.379710
vt 0.613621 0.377818
vt 0.612065 0.377757
vt 0.609887 0.379709
vt 0.482775 0.402708
vt 0.481187 0.402708
vt 0.505052 0.455707
vt 0.522536 0.452702
vt 0.501499 0.452707
vt 0.515449 0.455704
vt 0.526811 0.455699
vt 0.544271 0.455623
vt 0.547259 0.452710
vt 0.495786 0.455704
vt 0.487792 0.455701
vt 0.490329 0.452708
vt 0.478453 0.455687
vt 0.480471 0.452709
vt 0.707133 0.527348
vt 0.707221 0.527265
vt 0.703584 0.525960
vt 0.703933 0.525855
vt 0.700498 0.528595
vt 0.703071 0.530531
vt 0.694793 0.533752
vt 0.693584 0.537829
vt 0.688922 0.538463
vt 0.682273 0.546550
vt 0.681592 0.544988
vt 0.701849 0.527008
vt 0.672832 0.553810
vt 0.675906 0.549470
vt 0.707221 0.527265
vt 0.700686 0.530280
vt 0.701849 0.527008
vt 0.697857 0.529685
vt 0.693699 0.536468
vt 0.692206 0.535079
vt 0.684949 0.542397
vt 0.505049 0.455706
vt 0.501501 0.452707
vt 0.522543 0.452702
vt 0.515444 0.455706
vt 0.526805 0.455703
vt 0.544268 0.455687
vt 0.547258 0.452710
vt 0.495785 0.455700
vt 0.487796 0.455696
vt 0.490329 0.452708
vt 0.478537 0.455641
vt 0.480470 0.452709
vt 0.603274 0.452708
vt 0.600274 0.455708
vt 0.521980 0.593269
vt 0.523760 0.594491
vt 0.511491 0.568611
vt 0.508719 0.567602
vt 0.553274 0.452708
vt 0.556274 0.455708
vt 0.618221 0.594703
vt 0.619843 0.597708
vt 0.606434 0.597708
vt 0.605013 0.594708
vt 0.678094 0.455688
vt 0.676062 0.452709
vt 0.701237 0.452708
vt 0.700245 0.455707
vt 0.455310 0.452708
vt 0.478453 0.455687
vt 0.480471 0.452709
vt 0.456302 0.455707
vt 0.584772 0.652309
vt 0.593608 0.652660
vt 0.583491 0.652708
vt 0.601279 0.597708
vt 0.597667 0.582782
vt 0.598274 0.594705
vt 0.601954 0.594722
vt 0.601279 0.597708
vt 0.598274 0.594705
vt 0.606434 0.597708
vt 0.605013 0.594708
vt 0.555274 0.597708
vt 0.558274 0.594706
vt 0.555263 0.597708
vt 0.558289 0.594734
vt 0.558274 0.594706
vt 0.554593 0.594722
vt 0.555263 0.597708
vt 0.550113 0.597708
vt 0.551534 0.594708
vt 0.544268 0.455687
vt 0.547258 0.452710
vt 0.544274 0.455707
vt 0.547388 0.452699
vt 0.676031 0.452707
vt 0.677772 0.455708
vt 0.700245 0.455707
vt 0.701237 0.452708
vt 0.455310 0.452708
vt 0.480470 0.452709
vt 0.478537 0.455641
vt 0.456302 0.455707
vt 0.544271 0.455623
vt 0.544274 0.455707
vt 0.547259 0.452710
vt 0.547274 0.452708
vt 0.578054 0.517708
vt 0.573274 0.517708
vt 0.579124 0.517708
vt 0.573274 0.517708
vt 0.577421 0.517708
vt 0.578490 0.517708
vt 0.583273 0.517708
vt 0.583274 0.517708
vt 0.609274 0.452708
vt 0.609301 0.452709
vt 0.612271 0.455646
vt 0.612273 0.455707
vt 0.706037 0.483015
vt 0.700036 0.487674
vt 0.706702 0.487673
vt 0.580842 0.502705
vt 0.575706 0.502704
vt 0.580851 0.522127
vt 0.575696 0.522125
vt 0.580843 0.502705
vt 0.580851 0.522127
vt 0.575706 0.502704
vt 0.575696 0.522125
vt 0.603140 0.381708
vt 0.591574 0.381708
vt 0.603769 0.379719
vt 0.591667 0.379716
vt 0.566171 0.379715
vt 0.566274 0.381708
vt 0.554464 0.379716
vt 0.555086 0.381708
vt 0.706123 0.482713
vt 0.706277 0.487706
vt 0.699853 0.487673
vt 0.517766 0.517708
vt 0.528494 0.517708
vt 0.528264 0.517704
vt 0.517981 0.517708
vt 0.628053 0.517708
vt 0.628284 0.517704
vt 0.638781 0.517708
vt 0.638567 0.517708
vt 0.533408 0.582708
vt 0.533408 0.582708
vt 0.537747 0.582715
vt 0.556309 0.482723
vt 0.559410 0.455711
vt 0.559528 0.482692
vt 0.556304 0.455723
vt 0.609274 0.452708
vt 0.612273 0.455707
vt 0.612274 0.455708
vt 0.609274 0.452708
vt 0.590274 0.381708
vt 0.601462 0.381708
vt 0.602034 0.379718
vt 0.590374 0.379715
vt 0.466634 0.502711
vt 0.464926 0.500859
vt 0.458474 0.502715
vt 0.472872 0.500704
vt 0.457601 0.500768
vt 0.454307 0.500694
vt 0.455264 0.502709
vt 0.453239 0.500711
vt 0.454024 0.500600
vt 0.456241 0.502710
vt 0.456876 0.500633
vt 0.463818 0.502716
vt 0.461852 0.500788
vt 0.466433 0.500706
vt 0.471382 0.500664
vt 0.475652 0.502711
vt 0.477571 0.500741
vt 0.483021 0.500720
vt 0.486715 0.502721
vt 0.487368 0.500706
vt 0.491860 0.500647
vt 0.491670 0.502710
vt 0.493376 0.500756
vt 0.492066 0.500677
vt 0.488916 0.502709
vt 0.489429 0.500709
vt 0.483290 0.502711
vt 0.484428 0.500812
vt 0.478920 0.500717
vt 0.474996 0.502709
vt 0.560213 0.412707
vt 0.559101 0.412904
vt 0.556253 0.415584
vt 0.556283 0.416513
vt 0.553880 0.416330
vt 0.579124 0.517708
vt 0.583274 0.517708
vt 0.583274 0.510013
vt 0.600248 0.455704
vt 0.597868 0.482783
vt 0.597547 0.455709
vt 0.600261 0.482690
vt 0.573274 0.517708
vt 0.573271 0.510013
vt 0.577421 0.517708
vt 0.597241 0.482701
vt 0.600240 0.482722
vt 0.597833 0.455704
vt 0.600266 0.455716
vt 0.561271 0.398803
vt 0.565750 0.397709
vt 0.553496 0.398019
vt 0.618943 0.582727
vt 0.623140 0.582708
vt 0.623140 0.582708
vt 0.558762 0.455760
vt 0.556302 0.482700
vt 0.559389 0.482744
vt 0.556288 0.455711
vt 0.611653 0.377778
vt 0.609069 0.379708
vt 0.605120 0.377783
vt 0.613621 0.377818
vt 0.613195 0.379710
vt 0.611653 0.377778
vt 0.538773 0.647708
vt 0.560300 0.652697
vt 0.538700 0.652441
vt 0.560274 0.647708
vt 0.571725 0.647721
vt 0.571863 0.652362
vt 0.562965 0.652633
vt 0.573072 0.652708
vt 0.571863 0.652362
vt 0.571863 0.652362
vt 0.573072 0.652708
vt 0.560300 0.652697
vt 0.584572 0.647709
vt 0.578249 0.652695
vt 0.584591 0.652451
vt 0.578274 0.647708
vt 0.578274 0.647708
vt 0.578273 0.652309
vt 0.582789 0.652633
vt 0.577949 0.652708
vt 0.578273 0.652309
vt 0.596273 0.652695
vt 0.617861 0.652447
vt 0.617760 0.647709
vt 0.596274 0.647708
vt 0.584774 0.647708
vt 0.584772 0.652309
vt 0.617760 0.647709
vt 0.617861 0.652447
vt 0.593608 0.652660
vt 0.593628 0.647708
vt 0.584774 0.647708
vt 0.584772 0.652309
vt 0.578273 0.652309
vt 0.577949 0.652708
vt 0.578249 0.652695
vt 0.583491 0.652708
vt 0.596273 0.652695
vt 0.584772 0.652309
vt 0.584572 0.647709
vt 0.582774 0.647708
vt 0.578274 0.647708
vt 0.578274 0.647708
vt 0.596274 0.647708
vt 0.617760 0.647709
vt 0.593628 0.647708
vt 0.584774 0.647708
vt 0.562920 0.647708
vt 0.560274 0.647708
vt 0.538773 0.647708
vt 0.571725 0.647721
vt 0.533408 0.582708
vt 0.533427 0.582739
vt 0.537848 0.582708
vt 0.578274 0.647708
vt 0.571974 0.647708
vt 0.573774 0.647708
vt 0.578265 0.647721
vt 0.600265 0.416538
vt 0.598046 0.412971
vt 0.597309 0.412779
vt 0.600312 0.416590
vt 0.602685 0.417095
vt 0.600270 0.416538
vt 0.597489 0.412808
vt 0.598058 0.412968
vt 0.600297 0.416714
vt 0.602139 0.416870
vt 0.583303 0.567490
vt 0.592033 0.557711
vt 0.593699 0.547176
vt 0.583274 0.563911
vt 0.596106 0.557705
vt 0.596106 0.557705
vt 0.600297 0.482731
vt 0.600297 0.416714
vt 0.602139 0.416870
vt 0.602478 0.484909
vt 0.674602 0.487708
vt 0.667932 0.487674
vt 0.674562 0.487707
vt 0.557423 0.414140
vt 0.554098 0.416938
vt 0.556211 0.416772
vt 0.556253 0.415584
vt 0.556250 0.482731
vt 0.571829 0.565923
vt 0.573301 0.565822
vt 0.573274 0.557708
vt 0.596311 0.379770
vt 0.586274 0.381708
vt 0.596558 0.381708
vt 0.586029 0.379735
vt 0.603769 0.379719
vt 0.583196 0.379716
vt 0.603140 0.381708
vt 0.583274 0.381708
vt 0.555086 0.381708
vt 0.572660 0.381423
vt 0.554464 0.379716
vt 0.574655 0.379719
vt 0.573274 0.381708
vt 0.578274 0.381708
vt 0.578336 0.379720
vt 0.572695 0.379716
vt 0.578216 0.381521
vt 0.578935 0.379719
vt 0.542843 0.377764
vt 0.548703 0.377800
vt 0.546765 0.379708
vt 0.543830 0.379706
vt 0.543113 0.379708
vt 0.582774 0.381708
vt 0.595324 0.381708
vt 0.595212 0.379873
vt 0.582772 0.379710
vt 0.602034 0.379718
vt 0.601462 0.381708
vt 0.583874 0.381708
vt 0.581941 0.379725
vt 0.560227 0.379778
vt 0.559990 0.381708
vt 0.575774 0.381708
vt 0.577809 0.379714
vt 0.573311 0.379716
vt 0.553408 0.381708
vt 0.552768 0.379716
vt 0.573274 0.381708
vt 0.575774 0.381708
vt 0.573274 0.381708
vt 0.573311 0.379716
vt 0.577809 0.379714
vt 0.578211 0.379722
vt 0.583274 0.381708
vt 0.578274 0.381708
vt 0.584004 0.379707
vt 0.578274 0.381708
vt 0.577809 0.379714
vt 0.581774 0.381708
vt 0.583274 0.381708
vt 0.581941 0.379725
vt 0.584004 0.379707
vt 0.578274 0.381708
vt 0.577809 0.379714
vt 0.583874 0.381708
vt 0.595324 0.381708
vt 0.582774 0.381708
vt 0.601462 0.381708
vt 0.590274 0.381708
vt 0.584289 0.381707
vt 0.680708 0.495627
vt 0.677105 0.502697
vt 0.677736 0.500702
vt 0.566171 0.379715
vt 0.572258 0.381707
vt 0.566274 0.381708
vt 0.574044 0.379724
vt 0.566274 0.381708
vt 0.572258 0.381707
vt 0.561224 0.381708
vt 0.555086 0.381708
vt 0.572660 0.381423
vt 0.573774 0.381708
vt 0.572258 0.381707
vt 0.574044 0.379724
vt 0.561336 0.379873
vt 0.561224 0.381708
vt 0.495495 0.487708
vt 0.519304 0.487646
vt 0.524703 0.487688
vt 0.647829 0.567602
vt 0.634569 0.593266
vt 0.645056 0.568611
vt 0.633230 0.594140
vt 0.573274 0.381708
vt 0.574774 0.381708
vt 0.578274 0.381708
vt 0.578216 0.381521
vt 0.572695 0.379716
vt 0.574774 0.381708
vt 0.573274 0.381708
vt 0.574655 0.379719
vt 0.578216 0.381521
vt 0.578935 0.379719
vt 0.699960 0.487739
vt 0.696232 0.487699
vt 0.701854 0.487723
vt 0.703185 0.487743
vt 0.703368 0.487707
vt 0.703805 0.487738
vt 0.701861 0.487712
vt 0.698978 0.487708
vt 0.696289 0.487706
vt 0.664271 0.559644
vt 0.662602 0.561618
vt 0.667260 0.558034
vt 0.581692 0.377731
vt 0.587598 0.379708
vt 0.595918 0.377747
vt 0.608854 0.381708
vt 0.592274 0.381708
vt 0.592300 0.379719
vt 0.612632 0.379697
vt 0.583486 0.381707
vt 0.582502 0.379724
vt 0.590792 0.379749
vt 0.590794 0.381708
vt 0.608854 0.381708
vt 0.612632 0.379697
vt 0.583486 0.381707
vt 0.582502 0.379724
vt 0.605521 0.487705
vt 0.610735 0.487708
vt 0.602535 0.485070
vt 0.545655 0.502708
vt 0.610893 0.502708
vt 0.581941 0.379725
vt 0.583874 0.381708
vt 0.582772 0.379710
vt 0.573061 0.381707
vt 0.565754 0.381708
vt 0.566102 0.379722
vt 0.547680 0.381708
vt 0.543830 0.379706
vt 0.574044 0.379724
vt 0.564274 0.381708
vt 0.565754 0.381708
vt 0.573061 0.381707
vt 0.547680 0.381708
vt 0.564110 0.379719
vt 0.543830 0.379706
vt 0.564274 0.381708
vt 0.547680 0.381708
vt 0.573061 0.381707
vt 0.574044 0.379724
vt 0.584289 0.381707
vt 0.590274 0.381708
vt 0.590374 0.379715
vt 0.582502 0.379724
vt 0.590794 0.381708
vt 0.592274 0.381708
vt 0.608854 0.381708
vt 0.583486 0.381707
vt 0.595212 0.379873
vt 0.595324 0.381708
vt 0.584289 0.381707
vt 0.582502 0.379724
vt 0.667932 0.487674
vt 0.663090 0.487688
vt 0.664678 0.487734
vt 0.561336 0.379873
vt 0.573774 0.381708
vt 0.561224 0.381708
vt 0.573729 0.379708
vt 0.611230 0.487708
vt 0.611076 0.497682
vt 0.613270 0.497706
vt 0.613262 0.487708
vt 0.572660 0.381423
vt 0.573774 0.381708
vt 0.573729 0.379708
vt 0.596558 0.381708
vt 0.586274 0.381708
vt 0.591574 0.381708
vt 0.603140 0.381708
vt 0.583274 0.381708
vt 0.580774 0.381708
vt 0.591574 0.381708
vt 0.586274 0.381708
vt 0.591667 0.379716
vt 0.586029 0.379735
vt 0.583196 0.379716
vt 0.578935 0.379719
vt 0.583274 0.381708
vt 0.580774 0.381708
vt 0.596558 0.381708
vt 0.580774 0.381708
vt 0.596311 0.379770
vt 0.578935 0.379719
vt 0.582772 0.379710
vt 0.583874 0.381708
vt 0.582774 0.381708
vt 0.572660 0.381423
vt 0.573729 0.379708
vt 0.574655 0.379719
vt 0.564974 0.381708
vt 0.559990 0.381708
vt 0.570274 0.381708
vt 0.553408 0.381708
vt 0.573274 0.381708
vt 0.575774 0.381708
vt 0.566102 0.379722
vt 0.564974 0.381708
vt 0.570479 0.379736
vt 0.452229 0.522702
vt 0.497710 0.558274
vt 0.455833 0.526061
vt 0.578274 0.381708
vt 0.583274 0.381708
vt 0.581774 0.381708
vt 0.578274 0.381708
vt 0.570274 0.381708
vt 0.559990 0.381708
vt 0.560227 0.379778
vt 0.570479 0.379736
vt 0.570479 0.379736
vt 0.564974 0.381708
vt 0.570274 0.381708
vt 0.493365 0.487706
vt 0.493568 0.487746
vt 0.491181 0.487695
vt 0.493733 0.487691
vt 0.491552 0.487722
vt 0.550360 0.377752
vt 0.544603 0.377783
vt 0.547092 0.379707
vt 0.675906 0.549470
vt 0.671084 0.553507
vt 0.667260 0.558034
vt 0.555346 0.397707
vt 0.553308 0.382734
vt 0.555439 0.382679
vt 0.553351 0.397704
vt 0.613195 0.379710
vt 0.609069 0.379708
vt 0.611653 0.377778
vt 0.601107 0.382679
vt 0.601200 0.397707
vt 0.603238 0.382734
vt 0.603194 0.397707
vt 0.603219 0.382719
vt 0.603235 0.397707
vt 0.601197 0.397708
vt 0.601111 0.382691
vt 0.553330 0.382721
vt 0.555356 0.397708
vt 0.555444 0.382719
vt 0.553315 0.397705
vt 0.618757 0.582703
vt 0.623140 0.582708
vt 0.623140 0.582708
vt 0.453340 0.487703
vt 0.457446 0.487709
vt 0.454622 0.487703
vt 0.680708 0.495627
vt 0.681745 0.502708
vt 0.677105 0.502697
vt 0.446372 0.434596
vt 0.704113 0.452696
vt 0.457397 0.528601
vt 0.493365 0.487706
vt 0.493733 0.487691
vt 0.493568 0.487746
vt 0.501582 0.487708
vt 0.669769 0.487711
vt 0.674590 0.487707
vt 0.674616 0.487699
vt 0.556797 0.378250
vt 0.570953 0.377749
vt 0.561839 0.379711
vt 0.607118 0.457725
vt 0.560729 0.557706
vt 0.564717 0.557721
vt 0.573272 0.567762
vt 0.573273 0.563776
vt 0.560729 0.557706
vt 0.523256 0.594510
vt 0.523502 0.591856
vt 0.523352 0.587210
vt 0.588039 0.591807
vt 0.589133 0.595021
vt 0.586043 0.594720
vt 0.491294 0.559577
vt 0.493892 0.561562
vt 0.492903 0.560006
vt 0.602717 0.398999
vt 0.482035 0.487703
vt 0.486954 0.487741
vt 0.482062 0.487702
vt 0.493892 0.561562
vt 0.491342 0.559680
vt 0.493077 0.560220
vt 0.573272 0.567762
vt 0.564717 0.557721
vt 0.573274 0.557708
vt 0.538700 0.652441
vt 0.560300 0.652697
vt 0.533861 0.652708
vt 0.596273 0.652695
vt 0.622670 0.652708
vt 0.617861 0.652447
vt 0.457012 0.487661
vt 0.454024 0.500600
vt 0.571961 0.652454
vn -0.0002 -1.0000 0.0003
vn -0.0001 -1.0000 0.0005
vn 0.0001 -1.0000 0.0008
vn -0.0002 -1.0000 -0.0000
vn 0.0000 -1.0000 -0.0000
vn -0.0002 -1.0000 -0.0003
vn 0.0004 -1.0000 0.0001
vn 0.0004 -1.0000 -0.0003
vn 0.0005 -1.0000 -0.0025
vn 0.0001 -1.0000 -0.0003
vn 0.0000 -1.0000 0.0004
vn 0.0002 -1.0000 -0.0018
vn -0.0007 -1.0000 -0.0018
vn -0.0004 -1.0000 -0.0002
vn -0.0005 -1.0000 0.0004
vn 0.0004 -1.0000 -0.0001
vn 0.0005 -1.0000 -0.0006
vn 0.0007 -1.0000 -0.0001
vn 0.0006 -1.0000 0.0006
vn 0.0002 -1.0000 0.0033
vn 0.0000 -1.0000 0.0046
vn -0.9652 0.0005 -0.2617
vn -0.9337 -0.0001 -0.3581
vn -0.9545 -0.0014 -0.2982
vn -0.9013 -0.0012 -0.4332
vn -0.9877 -0.0006 -0.1565
vn -0.9893 0.0007 -0.1457
vn -0.9999 -0.0003 -0.0145
vn -1.0000 0.0009 -0.0000
vn -0.9910 -0.0004 0.1338
vn -0.9893 0.0009 0.1456
vn -0.9627 -0.0009 0.2706
vn -0.9646 -0.0001 0.2636
vn -0.9138 -0.0012 0.4061
vn -0.9342 -0.0012 0.3566
vn -0.8854 0.0003 -0.4648
vn -0.8340 0.0004 -0.5518
vn -0.8301 -0.0003 -0.5576
vn -0.7447 0.0002 -0.6674
vn -0.7417 -0.0002 -0.6708
vn -0.6397 -0.0000 -0.7687
vn -0.6388 -0.0001 -0.7694
vn -0.5209 -0.0000 -0.8536
vn -0.4299 -0.0004 -0.9029
vn -0.4282 -0.0002 -0.9037
vn -0.3483 -0.0018 -0.9374
vn -0.2333 -0.0099 -0.9724
vn -0.2588 -0.0043 -0.9659
vn -0.1206 -0.0040 -0.9927
vn -0.1004 0.0033 -0.9949
vn -0.3576 -0.0008 -0.9339
vn -0.3559 -0.0007 -0.9345
vn 0.0277 -0.0002 -0.9996
vn 0.0488 0.0060 -0.9988
vn 0.1660 -0.0050 -0.9861
vn 0.1888 -0.0003 -0.9820
vn 0.3574 -0.0029 -0.9340
vn 0.4835 -0.0007 -0.8754
vn 0.3879 0.0005 -0.9217
vn 0.5164 -0.0014 -0.8563
vn 0.4461 -0.0007 -0.8950
vn 0.4581 0.0007 -0.8889
vn 0.5698 -0.0007 -0.8218
vn 0.5818 0.0008 -0.8133
vn 0.6819 -0.0008 -0.7314
vn 0.6941 0.0009 -0.7199
vn 0.7800 -0.0009 -0.6258
vn 0.7915 0.0010 -0.6112
vn 0.8617 -0.0005 -0.5073
vn 0.8671 -0.0000 -0.4981
vn 0.9335 0.0002 -0.3586
vn 0.9258 -0.0005 -0.3781
vn 0.9703 -0.0009 -0.2421
vn 0.9746 0.0013 -0.2238
vn 0.9950 -0.0012 -0.0995
vn 0.9973 0.0013 -0.0730
vn 0.9990 -0.0013 0.0445
vn 0.9973 0.0014 0.0730
vn 0.9823 -0.0013 0.1875
vn 0.9746 0.0017 0.2239
vn 0.9453 -0.0018 0.3262
vn 0.9338 0.0015 0.3578
vn 0.8884 -0.0019 0.4591
vn 0.8671 0.0014 0.4981
vn 0.8133 -0.0015 0.5819
vn 0.7915 0.0016 0.6112
vn 0.7212 -0.0016 0.6927
vn 0.6941 0.0017 0.7199
vn 0.6124 -0.0017 0.7905
vn 0.5819 0.0017 0.8133
vn 0.4905 0.0002 0.8714
vn 0.4570 -0.0003 0.8895
vn 0.3904 -0.0020 0.9206
vn 0.4049 0.0024 0.9144
vn 0.4339 -0.0009 0.9010
vn 0.5017 -0.0007 0.8650
vn 0.2667 -0.0196 0.9636
vn 0.7638 -0.0006 0.6455
vn 0.7916 0.0016 0.6110
vn 0.1764 0.0024 0.9843
vn 0.2495 -0.0024 0.9684
vn 0.1225 -0.0023 0.9925
vn 0.0466 0.0085 0.9989
vn -0.0093 -0.0040 0.9999
vn -0.0986 0.0039 0.9951
vn -0.1422 -0.0080 0.9898
vn -0.2456 -0.0091 0.9693
vn -0.2920 0.0005 0.9564
vn -0.4483 -0.0003 0.8939
vn -0.4084 -0.0028 0.9128
vn -0.4248 0.0009 0.9053
vn -0.5210 0.0014 0.8536
vn -0.5450 -0.0013 0.8384
vn -0.4371 -0.0004 0.8994
vn -0.6397 0.0013 0.7686
vn -0.6600 -0.0012 0.7513
vn -0.7448 0.0012 0.6673
vn -0.7610 -0.0011 0.6487
vn -0.8340 0.0011 0.5518
vn -0.8467 -0.0011 0.5320
vn -0.8857 0.0006 0.4642
vn -0.7467 0.0010 0.6652
vn -0.7861 -0.0021 0.6181
vn -0.0548 0.9985 -0.0074
vn -0.0144 0.9999 -0.0051
vn -0.0188 0.9998 0.0092
vn -0.0087 1.0000 -0.0013
vn 0.0006 1.0000 0.0001
vn 0.0012 1.0000 0.0014
vn 0.0017 1.0000 -0.0010
vn 0.0008 1.0000 0.0005
vn 0.0017 1.0000 -0.0001
vn -0.0000 1.0000 0.0002
vn -0.0906 0.9957 -0.0168
vn -0.0129 0.9999 0.0033
vn -0.0026 1.0000 -0.0035
vn -0.0012 1.0000 0.0020
vn -0.0183 0.9986 -0.0500
vn -0.0278 0.9996 0.0040
vn -0.1372 0.9905 -0.0093
vn -0.0133 0.9999 -0.0080
vn -0.0138 0.9999 0.0049
vn -0.0111 0.9999 0.0031
vn -0.0173 0.9998 0.0092
vn -0.0162 0.9998 0.0097
vn -0.0106 0.9999 0.0126
vn -0.0093 0.9999 0.0053
vn -0.0011 1.0000 0.0038
vn -0.0010 1.0000 0.0024
vn -0.0001 1.0000 0.0020
vn 0.0000 1.0000 0.0018
vn 0.0001 1.0000 0.0018
vn -0.0000 1.0000 0.0022
vn 0.0010 1.0000 0.0024
vn 0.0019 1.0000 0.0042
vn 0.0162 0.9999 0.0040
vn 0.0062 1.0000 0.0067
vn 0.0079 0.9999 0.0068
vn 0.0097 0.9999 0.0070
vn 0.0139 0.9999 0.0048
vn 0.0155 0.9999 0.0037
vn 0.0130 0.9999 -0.0001
vn 0.0133 0.9999 -0.0021
vn 0.0101 0.9999 -0.0042
vn 0.0178 0.9998 -0.0087
vn 0.0168 0.9998 -0.0091
vn 0.0031 1.0000 -0.0082
vn 0.0196 0.9986 -0.0484
vn 0.0005 1.0000 -0.0001
vn -0.0000 1.0000 -0.0001
vn 0.0007 1.0000 -0.0017
vn 0.0017 1.0000 -0.0036
vn -0.0010 1.0000 -0.0026
vn 0.1233 0.9401 -0.3179
vn -0.0003 1.0000 -0.0018
vn -0.0015 1.0000 -0.0015
vn -0.0033 1.0000 -0.0069
vn -0.0073 0.9998 -0.0162
vn -0.0125 0.9999 -0.0117
vn -0.0132 0.9999 -0.0104
vn -0.0867 -0.9960 -0.0203
vn -0.0869 -0.9960 -0.0200
vn -0.0869 -0.9960 -0.0199
vn -0.0509 -0.9987 -0.0082
vn -0.0631 -0.9979 -0.0163
vn -0.1046 -0.9942 -0.0248
vn -0.0874 -0.9960 -0.0207
vn 0.0504 0.9987 0.0087
vn 0.0506 0.9987 0.0084
vn 0.0512 0.9987 0.0079
vn 0.0870 0.9960 0.0202
vn 0.0631 0.9979 0.0163
vn 0.1046 0.9942 0.0245
vn 0.0874 0.9960 0.0205
vn 0.6212 -0.7800 0.0757
vn 0.6206 -0.7805 0.0756
vn 0.6219 -0.7794 0.0757
vn -0.6163 0.7835 -0.0797
vn -0.6169 0.7830 -0.0798
vn -0.6166 0.7832 -0.0797
vn 0.0001 1.0000 0.0002
vn -0.7437 0.6624 -0.0903
vn -0.7438 0.6623 -0.0903
vn 0.7337 0.6787 0.0332
vn -0.9978 0.0491 -0.0447
vn 0.8569 -0.5144 0.0333
vn 0.0272 0.9996 0.0014
vn 0.0091 0.9999 -0.0076
vn 0.9184 0.3240 -0.2272
vn 0.0505 0.9987 -0.0103
vn 0.0045 0.9999 -0.0092
vn 0.0060 0.5069 -0.8620
vn -0.7194 -0.6812 -0.1357
vn -0.7162 -0.6851 -0.1326
vn -0.7203 -0.6891 0.0795
vn -0.7210 -0.6780 -0.1427
vn -0.7042 -0.6900 0.1674
vn -0.7041 -0.6901 0.1673
vn -0.3123 -0.4663 0.8277
vn -0.2914 -0.4478 0.8453
vn -0.3311 -0.4828 0.8107
vn -1.0000 -0.0002 -0.0013
vn -1.0000 -0.0002 -0.0014
vn -1.0000 -0.0000 -0.0020
vn -1.0000 0.0000 -0.0021
vn -1.0000 -0.0004 -0.0012
vn -1.0000 -0.0005 -0.0014
vn -0.0839 0.7137 0.6954
vn -0.0037 0.7084 0.7058
vn 0.0484 0.7151 0.6973
vn -0.0811 0.7071 0.7025
vn 0.1085 0.7107 0.6951
vn 0.1749 0.7120 0.6801
vn 0.1845 0.7071 0.6826
vn 0.2758 0.7055 0.6529
vn 0.2807 0.7066 0.6495
vn 0.3612 0.7061 0.6090
vn -0.1640 0.7099 0.6849
vn -0.2180 0.7148 0.6645
vn -0.2679 0.7089 0.6524
vn -0.3332 0.7107 0.6195
vn -0.3419 0.7071 0.6190
vn -0.4236 0.7067 0.5667
vn -0.4243 0.7070 0.5658
vn -0.4956 0.7069 0.5046
vn -0.4961 0.7071 0.5039
vn -0.5590 0.7071 0.4330
vn -0.6109 0.7071 0.3562
vn -0.6108 0.7075 0.3554
vn -0.6539 0.7059 0.2721
vn 0.3628 0.7071 0.6069
vn 0.4407 0.7071 0.5529
vn 0.4404 0.7071 0.5532
vn 0.5105 0.7071 0.4893
vn 0.5107 0.7071 0.4890
vn 0.5718 0.7071 0.4160
vn 0.5719 0.7071 0.4159
vn 0.6215 0.7071 0.3373
vn 0.6215 0.7073 0.3368
vn 0.6618 0.7064 0.2511
vn 0.6623 0.7069 0.2484
vn 0.6892 0.7068 0.1597
vn 0.6890 0.7071 0.1589
vn 0.7041 0.7072 0.0647
vn 0.7041 0.7071 0.0653
vn 0.7065 0.7071 -0.0301
vn 0.7065 0.7071 -0.0300
vn 0.6960 0.7071 -0.1245
vn 0.6961 0.7071 -0.1244
vn 0.6731 0.7073 -0.2159
vn 0.6733 0.7072 -0.2157
vn 0.6383 0.7069 -0.3046
vn 0.6380 0.7070 -0.3051
vn 0.5920 0.7069 -0.3870
vn 0.5915 0.7071 -0.3874
vn 0.5344 0.7071 -0.4631
vn 0.5345 0.7071 -0.4630
vn 0.4676 0.7071 -0.5305
vn 0.4674 0.7071 -0.5306
vn 0.3925 0.7071 -0.5882
vn 0.3922 0.7071 -0.5884
vn 0.3125 0.7071 -0.6343
vn 0.3113 0.7075 -0.6344
vn 0.2252 0.7058 -0.6717
vn 0.2202 0.7067 -0.6724
vn 0.1321 0.7064 -0.6954
vn 0.1302 0.7071 -0.6950
vn 0.0371 0.7071 -0.7061
vn 0.0372 0.7073 -0.7059
vn -0.0575 0.7064 -0.7055
vn -0.0598 0.7069 -0.7047
vn -0.1515 0.7067 -0.6911
vn -0.1529 0.7071 -0.6904
vn -0.2439 0.7071 -0.6637
vn -0.2437 0.7071 -0.6638
vn -0.3305 0.7071 -0.6251
vn -0.3306 0.7071 -0.6251
vn -0.4108 0.7071 -0.5755
vn -0.4113 0.7072 -0.5751
vn -0.4842 0.7069 -0.5156
vn -0.4847 0.7071 -0.5149
vn -0.5486 0.7070 -0.4464
vn -0.5487 0.7071 -0.4461
vn -0.6029 0.7071 -0.3694
vn -0.6029 0.7071 -0.3696
vn -0.6469 0.7071 -0.2856
vn -0.6470 0.7071 -0.2853
vn -0.6793 0.7071 -0.1963
vn -0.6794 0.7071 -0.1961
vn -0.6995 0.7071 -0.1035
vn -0.6995 0.7071 -0.1033
vn -0.7071 0.7071 -0.0089
vn -0.7070 0.7071 -0.0086
vn -0.7019 0.7071 0.0859
vn -0.6840 0.7071 0.1793
vn -0.6843 0.7064 0.1811
vn -0.6549 0.7068 0.2675
vn 0.2193 0.0022 0.9757
vn 0.1403 -0.0075 0.9901
vn 0.2856 0.0083 0.9583
vn 0.1863 0.0010 0.9825
vn 0.3529 0.0087 0.9356
vn 0.3850 -0.0048 0.9229
vn 0.4617 0.0019 0.8871
vn 0.4863 -0.0053 0.8738
vn 0.5554 0.0017 0.8316
vn 0.5814 -0.0058 0.8136
vn 0.6422 0.0010 0.7665
vn 0.6690 -0.0062 0.7432
vn 0.7221 0.0014 0.6918
vn 0.7482 -0.0063 0.6634
vn 0.7930 0.0009 0.6092
vn 0.8178 -0.0063 0.5755
vn 0.8548 0.0025 0.5189
vn 0.8774 -0.0041 0.4797
vn 0.9119 0.0102 0.4102
vn 0.9265 0.0131 0.3760
vn 0.9360 0.0209 0.3515
vn 0.9400 0.0046 0.3412
vn 0.2067 -0.7095 0.6737
vn 0.1298 -0.7187 0.6831
vn 0.2044 -0.7108 0.6730
vn 0.3206 -0.7064 0.6310
vn 0.0789 -0.7117 0.6980
vn 0.0257 -0.7188 0.6948
vn -0.0411 -0.7172 0.6956
vn -0.0398 -0.7071 0.7060
vn -0.1027 -0.7242 0.6819
vn -0.1697 -0.7114 0.6820
vn -0.2119 -0.7048 0.6771
vn -0.2442 -0.7312 0.6369
vn -0.3102 -0.7141 0.6276
vn 0.2469 -0.7196 0.6490
vn 0.3598 -0.7216 0.5915
vn 0.4454 -0.7100 0.5455
vn 0.3862 -0.7190 0.5778
vn 0.4810 -0.7217 0.4977
vn 0.5471 -0.7104 0.4428
vn 0.5104 -0.7147 0.4782
vn -0.3574 -0.7054 0.6120
vn -0.3813 -0.7285 0.5692
vn -0.4388 -0.7136 0.5461
vn -0.4808 -0.7139 0.5091
vn -0.4999 -0.7219 0.4785
vn -0.5479 -0.7062 0.4484
vn -0.5802 -0.7183 0.3840
vn -0.6129 -0.7093 0.3482
vn -0.6136 -0.7086 0.3484
vn -0.6419 -0.7073 0.2961
vn -0.6142 -0.7156 0.3327
vn 0.5738 -0.7214 0.3877
vn 0.6171 -0.7118 0.3354
vn 0.6226 -0.7081 0.3332
vn 0.6549 -0.7003 0.2840
vn 0.6397 -0.7104 0.2935
vn 0.6758 -0.6873 0.2663
vn -0.6797 -0.6225 0.3879
vn -0.7794 -0.5628 0.2754
vn -0.4889 -0.5528 0.6748
vn 0.0003 -1.0000 -0.0012
vn 0.0005 -1.0000 0.0007
vn 0.0005 -1.0000 -0.0007
vn -0.0003 -1.0000 -0.0021
vn 0.0000 -1.0000 -0.0002
vn -0.0000 -1.0000 0.0001
vn -0.0002 -1.0000 -0.0001
vn -0.0003 -1.0000 -0.0001
vn -0.0001 -1.0000 0.0003
vn -0.0002 -1.0000 0.0005
vn -0.0001 -1.0000 0.0010
vn -0.0003 -1.0000 0.0001
vn 0.0003 -1.0000 0.0007
vn 0.0003 -1.0000 0.0020
vn 0.0002 -1.0000 0.0001
vn 0.0003 -1.0000 -0.0003
vn -0.0003 -1.0000 0.0007
vn -0.0002 -1.0000 -0.0010
vn -0.0007 -1.0000 0.0001
vn 0.0001 -1.0000 -0.0010
vn 0.0000 -1.0000 -0.0005
vn -0.0117 -0.9999 0.0039
vn -0.0049 -1.0000 0.0032
vn -0.0011 -1.0000 -0.0006
vn -0.0078 -1.0000 -0.0015
vn -0.0227 -0.9997 0.0095
vn 0.0048 -1.0000 -0.0033
vn 0.0068 -1.0000 -0.0047
vn 0.0171 -0.9998 -0.0118
vn 0.8077 0.0031 0.5896
vn 0.7215 0.0032 0.6924
vn 0.7757 -0.0033 0.6311
vn 0.8544 -0.0032 0.5196
vn 0.6825 -0.0033 0.7308
vn 0.8803 0.0035 0.4743
vn 0.6222 0.0032 0.7828
vn 0.5767 -0.0034 0.8170
vn 0.5083 0.0034 0.8612
vn 0.4602 -0.0035 0.8878
vn 0.4047 0.0006 0.9144
vn 0.3571 -0.0007 0.9341
vn 0.9069 -0.0018 0.4213
vn 0.9226 0.0066 0.3856
vn 0.9393 0.0026 0.3431
vn 0.9357 0.0001 0.3527
vn 0.2814 0.0037 0.9596
vn 0.2917 0.0072 0.9565
vn 0.2397 0.0001 0.9708
vn 0.2032 0.0087 0.9791
vn 0.2730 -0.0151 0.9619
vn 0.9665 0.0168 0.2563
vn 0.9728 0.0013 0.2317
vn 0.1320 -0.0094 0.9912
vn 0.0171 -0.0012 0.9999
vn 0.0746 0.0061 0.9972
vn -0.0634 -0.0056 0.9980
vn -0.1171 0.0090 0.9931
vn -0.2026 0.0024 0.9793
vn -0.2547 -0.0057 0.9670
vn -0.3808 0.0003 0.9246
vn -0.2864 0.0042 0.9581
vn -0.3614 -0.0004 0.9324
vn -0.4617 -0.0001 0.8870
vn -0.4851 -0.0007 0.8745
vn -0.5967 -0.0005 0.8025
vn -0.5752 0.0003 0.8180
vn -0.6826 -0.0021 0.7308
vn -0.7004 0.0019 0.7138
vn -0.7757 -0.0020 0.6311
vn -0.7898 0.0018 0.6134
vn -0.8544 -0.0018 0.5195
vn -0.8644 0.0018 0.5027
vn -0.9101 -0.0005 0.4145
vn -0.9110 0.0043 0.4124
vn -0.9355 0.0007 0.3532
vn -0.9367 0.0026 0.3500
vn -0.9586 0.0159 0.2843
vn -0.9749 0.0064 0.2225
vn -0.9937 0.0036 0.1117
vn -0.9928 -0.0016 0.1196
vn -1.0000 -0.0027 0.0021
vn -0.9999 0.0019 -0.0139
vn -0.9914 0.0040 -0.1309
vn -0.9887 -0.0012 -0.1502
vn -0.9535 0.0063 -0.3012
vn -0.9740 0.0189 -0.2258
vn -0.9380 0.0009 -0.3467
vn -0.9039 0.0011 -0.4277
vn -0.9068 -0.0000 -0.4217
vn -0.8543 -0.0002 -0.5197
vn -0.8532 -0.0000 -0.5216
vn -0.7754 -0.0001 -0.6314
vn -0.7757 0.0000 -0.6311
vn -0.6840 0.0002 -0.7295
vn -0.6827 -0.0002 -0.7307
vn -0.5806 0.0003 -0.8142
vn -0.5767 -0.0006 -0.8169
vn -0.4663 0.0005 -0.8846
vn -0.4601 -0.0008 -0.8878
vn -0.3705 0.0004 -0.9288
vn -0.3593 -0.0003 -0.9332
vn -0.9357 0.0009 -0.3527
vn -0.2790 0.0009 -0.9603
vn -0.2761 0.0049 -0.9611
vn -0.2397 0.0001 -0.9708
vn -0.1956 0.0065 -0.9807
vn -0.2165 0.0018 -0.9763
vn -0.0799 0.0058 -0.9968
vn -0.0644 -0.0009 -0.9979
vn 0.0514 0.0030 -0.9987
vn 0.0642 -0.0012 -0.9979
vn 0.1932 0.0059 -0.9811
vn 0.1947 0.0068 -0.9808
vn 0.3425 0.0031 -0.9395
vn 0.2797 0.0018 -0.9601
vn 0.3634 0.0000 -0.9316
vn 0.4405 0.0020 -0.8978
vn 0.4600 -0.0020 -0.8879
vn 0.5559 0.0019 -0.8313
vn 0.5767 -0.0021 -0.8170
vn 0.6622 0.0021 -0.7493
vn 0.6825 -0.0023 -0.7309
vn 0.7566 0.0022 -0.6539
vn 0.7757 -0.0024 -0.6311
vn 0.8374 0.0023 -0.5466
vn 0.8544 -0.0025 -0.5196
vn 0.8931 0.0018 -0.4499
vn 0.9103 -0.0002 -0.4139
vn 0.9349 0.0030 -0.3548
vn 0.9327 0.0003 -0.3607
vn 0.9451 0.0059 -0.3266
vn 0.9695 0.0101 -0.2449
vn 0.9845 0.0172 -0.1743
vn 0.9931 0.0032 -0.1174
vn 0.9990 0.0016 -0.0449
vn 1.0000 -0.0032 0.0031
vn 0.9960 0.0013 0.0894
vn 0.9914 0.0039 0.1308
vn 0.0001 -0.0000 1.0000
vn 0.0298 -0.0006 0.9996
vn 0.0242 -0.0001 0.9997
vn 0.0000 -0.0000 1.0000
vn 0.3727 -0.0012 0.9279
vn 0.3742 -0.0011 0.9274
vn -0.0354 0.9981 -0.0497
vn -0.0559 0.9951 -0.0813
vn -0.0526 0.9954 -0.0798
vn -0.0097 0.9999 -0.0113
vn -0.0280 0.9931 -0.1135
vn 0.0002 1.0000 0.0001
vn -0.0000 1.0000 -0.0000
vn -0.0001 1.0000 0.0000
vn -0.0002 1.0000 -0.0010
vn -0.0000 1.0000 0.0001
vn 0.6244 0.4910 -0.6075
vn 0.5529 0.4670 -0.6900
vn 0.6747 0.4657 -0.5726
vn 0.5783 0.4690 -0.6675
vn 0.5739 0.1369 -0.8074
vn 0.5381 0.1671 -0.8262
vn 0.5731 -0.0000 -0.8195
vn 0.5736 -0.0000 -0.8192
vn 0.4824 -0.0029 -0.8759
vn 0.4225 0.4797 -0.7690
vn 0.5771 0.4965 -0.6484
vn 0.7742 0.4267 -0.4675
vn -0.2728 0.2705 -0.9233
vn -0.1746 0.3103 -0.9345
vn -0.4198 0.2058 -0.8840
vn -0.0799 0.3086 -0.9478
vn -0.2220 0.2260 -0.9485
vn -0.1273 0.2018 -0.9711
vn -0.1836 0.0400 -0.9822
vn -0.3540 0.0372 -0.9345
vn 0.1767 0.0578 -0.9826
vn 0.1541 0.2843 -0.9463
vn 0.3807 0.3204 -0.8674
vn 0.5364 0.0986 -0.8382
vn 0.2246 0.3850 -0.8952
vn 0.5967 0.3368 -0.7283
vn 0.4348 0.4202 -0.7965
vn 0.7913 0.1590 -0.5904
vn 0.7889 0.3441 -0.5092
vn 0.6947 0.4462 -0.5641
vn 0.8988 0.3532 -0.2598
vn 0.8955 0.1978 -0.3987
vn 0.8543 0.3570 -0.3778
vn 0.8318 0.4309 -0.3498
vn 0.6948 0.4302 -0.5764
vn 0.6532 0.3863 -0.6512
vn 0.5074 0.3178 -0.8010
vn 0.6165 0.2567 -0.7444
vn 0.1655 0.1989 -0.9659
vn 0.0473 0.1838 -0.9818
vn 0.0436 0.1798 -0.9827
vn 0.0003 0.1644 -0.9864
vn 0.0004 0.1651 -0.9863
vn 0.0068 0.1678 -0.9858
vn -0.0061 0.1689 -0.9856
vn -0.0004 -1.0000 0.0000
vn 0.0001 -1.0000 0.0000
vn -0.0002 -1.0000 0.0001
vn -0.0001 -1.0000 0.0000
vn 0.0001 -1.0000 0.0023
vn 0.0007 -1.0000 0.0019
vn 0.0002 -1.0000 0.0016
vn 0.0005 -1.0000 -0.0014
vn 0.0015 -1.0000 -0.0038
vn -0.0000 -1.0000 0.0003
vn 0.0000 -1.0000 -0.0001
vn -0.0003 -1.0000 -0.0002
vn 0.0002 -1.0000 0.0003
vn 0.0005 -1.0000 0.0001
vn 0.0036 -1.0000 0.0000
vn 0.0039 -1.0000 0.0001
vn 0.0043 -1.0000 -0.0002
vn 0.0032 -1.0000 0.0003
vn 0.0003 -1.0000 -0.0002
vn 0.0001 -1.0000 -0.0002
vn 0.0001 -1.0000 -0.0001
vn -0.0002 -1.0000 -0.0013
vn -0.0004 -1.0000 -0.0008
vn -0.0001 -1.0000 -0.0008
vn -0.0002 -1.0000 0.0015
vn -0.0005 -1.0000 0.0021
vn -0.0015 -1.0000 0.0002
vn -0.0029 -1.0000 0.0028
vn 0.0009 -1.0000 0.0079
vn -0.0007 -1.0000 0.0046
vn 0.0015 -1.0000 0.0035
vn 0.0006 -0.9999 0.0119
vn -0.0019 -1.0000 -0.0001
vn 0.0003 -1.0000 -0.0001
vn -0.0026 -1.0000 0.0003
vn -0.0020 -1.0000 0.0013
vn -0.0001 -1.0000 -0.0002
vn -0.0001 -1.0000 0.0001
vn 0.0005 -1.0000 -0.0001
vn -0.0075 0.0000 1.0000
vn -0.0001 -0.0000 1.0000
vn -0.0005 0.0003 1.0000
vn -0.0026 0.0006 1.0000
vn -0.2137 -0.0039 0.9769
vn -0.3937 0.5035 -0.7691
vn -0.5095 0.4141 -0.7543
vn -0.4559 0.4596 -0.7622
vn -0.5614 0.2920 -0.7743
vn -0.0378 0.6993 -0.7138
vn 0.0023 0.7045 -0.7097
vn -0.0034 0.7071 -0.7071
vn -0.6366 0.0609 -0.7688
vn -0.6424 0.0006 -0.7664
vn -0.6427 0.0004 -0.7661
vn -0.6421 0.0008 -0.7666
vn 0.1061 0.0040 -0.9943
vn 0.0131 0.0001 -0.9999
vn 0.0012 0.0008 -1.0000
vn 0.0001 -0.0000 -1.0000
vn 0.0000 -0.0000 -1.0000
vn 0.6587 -0.0054 -0.7524
vn 0.8463 0.0098 -0.5326
vn 0.9474 -0.0044 -0.3199
vn 0.9721 0.0034 -0.2346
vn 0.9818 -0.0038 -0.1899
vn 0.9641 -0.0001 -0.2655
vn 0.9919 0.0055 -0.1272
vn 0.9963 -0.0023 -0.0858
vn 0.9999 0.0042 -0.0099
vn 1.0000 -0.0001 0.0058
vn 0.9940 0.0021 0.1095
vn 0.9952 -0.0047 0.0979
vn 0.9797 -0.0033 0.2003
vn 0.9833 0.0060 0.1818
vn 0.9684 -0.0028 0.2494
vn 0.9486 -0.0035 0.3164
vn 0.8845 0.0033 0.4666
vn 0.8596 -0.0028 0.5110
vn 0.8050 0.0077 0.5933
vn -0.4770 -0.8789 -0.0002
vn -0.6094 -0.7929 -0.0004
vn -0.6095 -0.7928 -0.0005
vn -0.6102 -0.7923 0.0006
vn -0.6058 -0.7956 -0.0010
vn -0.6327 -0.7744 -0.0000
vn -0.4643 -0.8857 0.0006
vn -0.3420 -0.9397 -0.0000
vn -0.3421 -0.9397 0.0000
vn -0.6102 -0.7922 0.0018
vn -0.6086 -0.7935 0.0017
vn -0.6097 -0.7926 0.0001
vn -0.6093 -0.7929 0.0013
vn -0.6109 -0.7917 0.0020
vn -0.6093 -0.7930 -0.0002
vn -0.3422 -0.9396 0.0000
vn -0.6087 -0.7934 0.0010
vn -0.6071 -0.7946 0.0003
vn -0.6085 -0.7935 -0.0003
vn -0.6086 -0.7935 -0.0001
vn -0.6092 -0.7930 -0.0003
vn -0.6082 -0.7938 0.0000
vn -0.6095 -0.7928 -0.0001
vn 0.0001 1.0000 -0.0001
vn -0.0001 1.0000 0.0001
vn -0.0001 1.0000 -0.0001
vn -0.0001 1.0000 0.0002
vn -0.0002 1.0000 0.0002
vn -0.0002 1.0000 0.0001
vn 0.0000 1.0000 -0.0002
vn -0.0007 1.0000 0.0001
vn -0.0003 1.0000 0.0000
vn 0.0002 1.0000 -0.0001
vn 0.0008 1.0000 0.0007
vn 0.0005 1.0000 0.0019
vn 0.0009 1.0000 0.0002
vn 0.0002 1.0000 -0.0000
vn 0.0004 1.0000 0.0006
vn 0.0004 1.0000 0.0008
vn 0.0003 1.0000 0.0006
vn 0.0001 1.0000 0.0001
vn 0.0008 1.0000 0.0001
vn 0.0102 0.9999 0.0013
vn -1.0000 0.0002 0.0012
vn -1.0000 0.0003 0.0016
vn -1.0000 -0.0002 0.0016
vn -1.0000 0.0009 0.0018
vn -1.0000 -0.0001 0.0032
vn -1.0000 -0.0002 0.0035
vn -0.0000 0.0001 1.0000
vn -0.0002 0.0003 1.0000
vn 0.0001 0.0002 1.0000
vn -0.0000 0.0004 1.0000
vn 0.0005 0.0001 1.0000
vn 0.6088 -0.7933 -0.0013
vn 0.4640 -0.8858 -0.0003
vn 0.6091 -0.7931 -0.0024
vn 0.6099 -0.7925 -0.0002
vn 0.6097 -0.7927 -0.0003
vn 0.6096 -0.7927 -0.0011
vn 0.6088 -0.7933 -0.0002
vn 0.6146 -0.7889 -0.0014
vn 0.6290 -0.7774 0.0002
vn 0.4622 -0.8868 0.0002
vn 0.3420 -0.9397 -0.0000
vn 0.3421 -0.9397 0.0000
vn 0.6130 -0.7900 0.0057
vn 0.6265 -0.7789 0.0275
vn 0.7702 -0.5629 0.2999
vn 0.6066 -0.7950 -0.0030
vn 0.6029 -0.7978 -0.0035
vn 0.6005 -0.7996 0.0005
vn 0.6031 -0.7976 0.0029
vn 0.3422 -0.9396 0.0000
vn 0.6065 -0.7951 0.0023
vn 0.6086 -0.7935 0.0016
vn 0.6081 -0.7939 0.0001
vn 0.6094 -0.7929 0.0004
vn 0.6101 -0.7923 0.0010
vn 0.6099 -0.7925 0.0003
vn 0.4129 -0.0144 -0.9106
vn 0.0794 -0.0105 -0.9968
vn 0.2150 0.0025 -0.9766
vn 0.4716 -0.0277 -0.8814
vn 0.6939 -0.0112 -0.7200
vn -0.0731 0.0009 -0.9973
vn -0.2367 -0.0039 -0.9716
vn -0.3110 -0.0017 -0.9504
vn -0.4963 -0.0002 -0.8681
vn -0.5333 -0.0015 -0.8459
vn -0.7099 -0.0010 -0.7043
vn -0.7437 -0.0006 -0.6685
vn -0.8647 -0.0023 -0.5023
vn -0.8913 -0.0251 -0.4527
vn -0.9757 -0.0036 -0.2191
vn 0.1595 -0.5486 -0.8207
vn 0.7403 -0.0435 -0.6709
vn 0.8599 -0.1404 -0.4908
vn 0.9064 -0.0071 -0.4224
vn 0.9908 -0.0025 -0.1352
vn 0.9958 -0.0072 -0.0914
vn 0.9831 0.0051 0.1829
vn 0.9652 -0.0153 0.2611
vn 0.6029 -0.4811 -0.6365
vn 0.5087 -0.7051 -0.4940
vn 0.4726 -0.8016 -0.3662
vn 0.8737 0.0081 0.4864
vn 0.8325 -0.0153 0.5539
vn 0.6676 -0.0040 0.7445
vn -0.9725 0.0007 -0.2328
vn -0.9999 0.0026 0.0142
vn -0.9955 -0.0048 0.0947
vn -0.9699 0.0026 0.2435
vn -0.9101 -0.0035 0.4143
vn -0.8868 -0.0001 0.4621
vn -0.7656 -0.0101 0.6433
vn -0.7313 -0.0027 0.6820
vn -0.7372 -0.4369 0.5154
vn -0.5837 0.0023 0.8120
vn -0.5052 -0.0025 0.8630
vn -0.3425 0.0007 0.9395
vn -0.2365 -0.0041 0.9716
vn -0.0877 0.0024 0.9961
vn 0.0834 -0.0099 0.9965
vn -0.6935 -0.4761 0.5407
vn -0.5389 -0.3577 0.7626
vn -0.4615 -0.5361 0.7068
vn -0.4775 -0.5729 0.6662
vn 0.1813 0.0036 0.9834
vn 0.3752 -0.0074 0.9269
vn 0.4453 0.0015 0.8954
vn 0.6522 -0.0051 0.7580
vn -0.2783 -0.5778 0.7673
vn -0.2077 -0.6853 0.6980
vn -0.1441 -0.7011 0.6984
vn 0.1147 -0.7072 0.6976
vn 0.1896 -0.6728 0.7151
vn 0.2231 -0.8211 0.5253
vn 0.5996 -0.6262 0.4983
vn 0.7719 -0.6215 0.1337
vn 0.7341 -0.6231 0.2698
vn 0.8517 -0.5169 -0.0859
vn 0.8683 -0.4842 -0.1073
vn -0.1557 -0.9595 0.2347
vn -0.0617 -0.9931 0.1000
vn -0.2072 -0.9779 -0.0273
vn -0.2441 -0.9682 -0.0544
vn -0.1182 -0.7073 -0.6969
vn -0.2108 -0.7070 -0.6751
vn -0.2067 -0.7095 -0.6737
vn -0.3206 -0.7064 -0.6310
vn -0.2468 -0.7197 -0.6489
vn -0.3598 -0.7216 -0.5915
vn -0.4454 -0.7100 -0.5455
vn -0.3862 -0.7190 -0.5778
vn -0.4810 -0.7217 -0.4977
vn -0.5471 -0.7104 -0.4428
vn -0.5104 -0.7148 -0.4781
vn -0.5738 -0.7214 -0.3877
vn -0.6166 -0.7118 -0.3365
vn -0.6227 -0.7074 -0.3344
vn -0.6259 -0.6968 -0.3503
vn -0.6464 -0.7017 -0.2998
vn -0.6852 -0.6324 -0.3613
vn -0.7459 -0.6109 -0.2654
vn -0.4579 -0.5191 -0.7217
vn -0.1395 -0.0063 -0.9902
vn -0.2856 0.0083 -0.9583
vn -0.2193 0.0021 -0.9757
vn -0.1858 0.0011 -0.9826
vn -0.3529 0.0087 -0.9356
vn -0.3850 -0.0048 -0.9229
vn -0.4617 0.0019 -0.8870
vn -0.4863 -0.0053 -0.8738
vn -0.5554 0.0017 -0.8316
vn -0.5814 -0.0057 -0.8136
vn -0.6427 0.0016 -0.7661
vn -0.6690 -0.0061 -0.7432
vn -0.7221 0.0014 -0.6918
vn -0.7482 -0.0063 -0.6634
vn -0.7930 0.0008 -0.6092
vn -0.8178 -0.0063 -0.5755
vn -0.8548 0.0024 -0.5189
vn -0.8774 -0.0041 -0.4797
vn -0.9120 0.0103 -0.4101
vn -0.9271 0.0117 -0.3746
vn -0.9635 -0.0052 -0.2678
vn -0.9542 0.0013 -0.2991
vn -0.9785 -0.0041 -0.2063
vn -0.9699 0.0104 -0.2432
vn -0.9670 0.0008 -0.2549
vn -0.9848 0.0007 -0.1734
vn -0.9946 -0.0016 -0.1039
vn -0.8959 0.0307 -0.4432
vn -0.7242 0.0796 -0.6850
vn -0.9865 -0.0032 -0.1639
vn -0.9938 0.0497 -0.0995
vn -0.9990 0.0133 -0.0424
vn -1.0000 -0.0028 0.0000
vn -0.9991 0.0180 0.0389
vn -0.9945 -0.0038 0.1047
vn -0.7958 0.6046 -0.0348
vn -0.7934 0.6064 0.0532
vn -0.7574 0.6515 -0.0434
vn -0.7786 0.6218 -0.0850
vn -0.7078 0.6998 -0.0968
vn -0.7187 0.6924 0.0635
vn -0.7880 0.6066 0.1056
vn -0.7199 0.6843 0.1162
vn -0.1746 0.9842 0.0305
vn -0.4890 0.8717 -0.0317
vn -0.1536 0.9881 0.0099
vn -0.1102 0.9937 -0.0187
vn -0.0060 1.0000 -0.0015
vn -0.0040 1.0000 -0.0007
vn -0.0029 1.0000 -0.0001
vn -0.9874 0.0688 0.1424
vn -0.9950 0.0195 0.0980
vn -0.9875 0.0001 0.1578
vn -0.9847 -0.0057 0.1744
vn -0.9727 0.0059 0.2321
vn -0.9573 0.0056 0.2889
vn -0.9680 -0.0047 0.2511
vn -0.9279 0.0143 0.3726
vn -0.9120 0.0105 0.4100
vn -0.9742 0.0061 0.2258
vn -0.9085 0.0103 0.4178
vn -0.7596 0.0277 0.6498
vn -0.8777 -0.0048 0.4793
vn -0.8548 0.0018 0.5190
vn -0.8176 -0.0067 0.5757
vn -0.7934 0.0011 0.6087
vn -0.7483 -0.0065 0.6634
vn -0.7223 0.0013 0.6915
vn -0.6691 -0.0062 0.7432
vn -0.6427 0.0015 0.7661
vn -0.5814 -0.0058 0.8136
vn -0.5556 0.0017 0.8315
vn -0.4863 -0.0053 0.8738
vn -0.4618 0.0019 0.8870
vn -0.3848 -0.0050 0.9230
vn -0.3523 0.0097 0.9358
vn -0.2844 0.0115 0.9586
vn -0.2182 0.0017 0.9759
vn -0.1416 -0.0065 0.9899
vn -0.1283 0.0005 0.9917
vn -0.0560 -0.0009 0.9984
vn -0.0536 -0.0000 0.9986
vn 0.0560 -0.0009 0.9984
vn 0.0536 0.0000 0.9986
vn 0.1353 -0.0000 0.9908
vn -0.1890 0.0047 0.9820
vn -0.0000 -1.0000 0.0002
vn 0.0001 -1.0000 0.0001
vn 0.0002 -1.0000 -0.0001
vn 0.0000 -1.0000 -0.0003
vn 0.0002 -1.0000 -0.0004
vn -0.0002 -1.0000 -0.0005
vn -0.0005 -1.0000 -0.0002
vn -0.0007 -1.0000 -0.0004
vn -0.0007 -1.0000 -0.0003
vn -0.0006 -1.0000 0.0001
vn 0.0099 -0.9999 -0.0122
vn 0.0011 -0.9999 -0.0166
vn 0.0137 -0.9999 -0.0082
vn 0.0080 -1.0000 -0.0008
vn 0.0140 -0.9996 0.0241
vn 0.0009 -1.0000 -0.0017
vn -0.0002 -1.0000 -0.0011
vn -0.0006 -1.0000 -0.0004
vn 0.0002 1.0000 -0.0002
vn -0.9971 -0.0027 0.0761
vn -0.9929 0.0069 0.1187
vn -0.9999 0.0042 -0.0112
vn -0.9990 -0.0052 -0.0434
vn -0.9915 0.0021 -0.1304
vn -0.9851 -0.0064 -0.1716
vn -0.9701 0.0008 -0.2429
vn -0.9546 -0.0066 -0.2979
vn -0.8237 0.0177 -0.5667
vn -0.9647 0.0017 -0.2632
vn -0.6851 -0.0021 -0.7284
vn -0.0865 0.0042 -0.9962
vn -0.0137 -0.0001 -0.9999
vn -0.0002 -0.0000 -1.0000
vn -0.0001 -0.0000 -1.0000
vn -0.9817 -0.0041 0.1906
vn -0.9724 0.0024 0.2333
vn -0.9558 -0.0041 0.2941
vn -0.8360 0.0217 0.5484
vn -0.8553 0.0029 0.5182
vn -0.6751 0.0381 0.7367
vn -0.9647 -0.0008 0.2632
vn 0.8116 0.0065 -0.5842
vn 0.7122 -0.0031 -0.7019
vn 0.6021 -0.0260 -0.7980
vn 0.9037 -0.0034 -0.4281
vn 0.9475 0.0067 -0.3197
vn 0.9902 -0.0052 -0.1398
vn 0.9999 0.0047 0.0103
vn 0.9860 -0.0037 0.1669
vn 0.9464 0.0038 0.3231
vn 0.6623 -0.5867 -0.4661
vn 0.5984 -0.6165 -0.5117
vn 0.5020 -0.5887 -0.6336
vn 0.4630 -0.7391 -0.4893
vn 0.2221 -0.7538 -0.6184
vn 0.1925 -0.8770 -0.4403
vn 0.1409 -0.9051 -0.4011
vn 0.0229 -0.9437 -0.3300
vn 0.9074 -0.0026 0.4203
vn 0.8207 0.0010 0.5714
vn 0.7690 -0.0027 0.6393
vn 0.6269 -0.0010 0.7791
vn 0.5532 -0.0031 0.8330
vn 0.4094 0.0029 0.9124
vn 0.2699 -0.0068 0.9629
vn 0.1354 0.0065 0.9908
vn -0.0371 -0.0074 0.9993
vn -0.1840 0.0085 0.9829
vn -0.3380 -0.0059 0.9411
vn -0.5118 0.0023 0.8591
vn -0.5937 -0.0065 0.8047
vn -0.7814 -0.0042 0.6240
vn -0.8229 -0.0091 0.5681
vn -0.9651 -0.0163 0.2615
vn -0.9725 -0.0113 0.2327
vn -0.9931 -0.0072 -0.1167
vn -0.9845 -0.0220 -0.1738
vn -0.8859 0.0042 -0.4639
vn -0.8487 -0.0194 -0.5286
vn -0.6522 0.0007 -0.7581
vn -0.6504 -0.0048 -0.7596
vn -0.3955 -0.0011 -0.9185
vn -0.3429 -0.0021 -0.9394
vn -0.0797 -0.0052 -0.9968
vn 0.0236 -0.0000 -0.9997
vn 0.2341 -0.0032 -0.9722
vn 0.3134 -0.0001 -0.9496
vn 0.5044 -0.0024 -0.8635
vn 0.2814 0.7016 -0.6546
vn 0.3817 0.7078 -0.5944
vn 0.3316 0.7163 -0.6139
vn 0.3998 0.7010 -0.5906
vn 0.2374 0.7043 -0.6690
vn 0.2244 0.7003 -0.6777
vn 0.2300 0.6917 -0.6846
vn 0.4599 0.7007 -0.5454
vn 0.4613 0.6982 -0.5475
vn 0.5138 0.7011 -0.4944
vn 0.5215 0.7078 -0.4765
vn 0.5489 0.7164 -0.4306
vn 0.5949 0.7013 -0.3927
vn 0.6182 0.7003 -0.3569
vn 0.6456 0.7013 -0.3023
vn 0.6512 0.6996 -0.2941
vn 0.6710 0.6940 -0.2608
vn 0.6693 0.6964 -0.2589
vn -0.1051 0.0004 -0.9945
vn -0.0571 0.0006 -0.9984
vn -0.0554 0.0000 -0.9985
vn -0.1073 0.0016 -0.9942
vn 0.0529 0.0000 -0.9986
vn 0.0533 -0.0002 -0.9986
vn 0.1018 -0.0002 -0.9948
vn 0.1026 -0.0005 -0.9947
vn -0.1119 0.7143 0.6908
vn -0.0190 0.7212 0.6924
vn -0.0593 0.7105 0.7012
vn 0.0567 0.7054 0.7066
vn 0.0240 0.7057 0.7081
vn 0.1139 0.7195 0.6851
vn 0.1223 0.7197 0.6834
vn 0.1216 0.7180 0.6853
vn -0.1250 0.7187 0.6840
vn -0.1242 0.7173 0.6856
vn 1.0000 -0.0002 -0.0022
vn 1.0000 -0.0001 -0.0017
vn 1.0000 0.0000 -0.0017
vn 1.0000 0.0001 -0.0018
vn 1.0000 -0.0002 -0.0023
vn 1.0000 0.0005 0.0008
vn 1.0000 0.0000 0.0017
vn 1.0000 0.0001 0.0014
vn 1.0000 -0.0001 0.0022
vn 0.9987 -0.0502 0.0073
vn 0.9997 -0.0230 0.0046
vn 0.6664 -0.7456 -0.0090
vn 0.2010 -0.9795 0.0101
vn 0.0879 -0.9961 -0.0001
vn 0.0012 -1.0000 0.0018
vn 0.0049 -1.0000 -0.0012
vn -0.0036 -1.0000 -0.0023
vn -0.0109 -0.9999 -0.0046
vn -0.0075 -1.0000 -0.0003
vn -0.0227 -0.9997 -0.0113
vn -0.0002 -1.0000 0.0007
vn -0.0001 -1.0000 -0.0001
vn 0.0003 -1.0000 0.0009
vn -0.0008 -1.0000 0.0026
vn 0.0003 -1.0000 0.0005
vn 0.0020 -1.0000 0.0001
vn 0.0005 -1.0000 -0.0003
vn -0.0005 -1.0000 -0.0026
vn 0.9864 0.1644 -0.0000
vn 0.9699 0.2434 -0.0000
vn 0.9364 0.3509 0.0000
vn 0.8883 0.4593 -0.0009
vn 0.8883 0.4592 0.0004
vn 0.9556 0.2946 -0.0000
vn 0.9196 0.3929 0.0000
vn 0.8883 0.4592 -0.0003
vn 0.8884 0.4590 0.0001
vn 0.8886 0.4587 0.0003
vn 0.8884 0.4590 0.0025
vn 0.8888 0.4583 0.0000
vn -0.0008 1.0000 -0.0001
vn -0.0102 0.9999 -0.0013
vn -0.0003 1.0000 -0.0003
vn -0.0003 1.0000 -0.0006
vn 0.0001 1.0000 -0.0009
vn -0.0001 1.0000 -0.0003
vn 0.0004 1.0000 -0.0004
vn 0.0004 1.0000 -0.0006
vn 0.0005 1.0000 -0.0007
vn 0.0001 1.0000 -0.0003
vn 0.0001 1.0000 -0.0002
vn 0.0007 1.0000 -0.0001
vn 0.0001 1.0000 0.0000
vn 0.0071 1.0000 -0.0009
vn -0.0087 -0.8216 0.5700
vn 0.0093 -0.8243 0.5661
vn 0.0101 -0.8236 0.5671
vn -0.0009 -0.8306 0.5568
vn -0.0634 -0.7620 0.6444
vn 0.0072 -0.5108 0.8597
vn 0.0707 -0.7339 0.6756
vn 0.0122 -0.8201 0.5721
vn -0.0017 -0.8318 0.5551
vn 0.0001 -0.8320 0.5547
vn -0.0002 -0.8318 0.5551
vn 0.0011 -0.8354 0.5496
vn 0.0016 -0.8367 0.5476
vn -0.5283 -0.8490 0.0043
vn -0.4960 -0.8646 0.0808
vn -0.5486 -0.8358 0.0220
vn -0.4964 -0.8647 0.0769
vn -0.2009 -0.8276 0.5242
vn -0.6824 -0.7262 0.0830
vn -0.7147 -0.6982 0.0407
vn -0.7240 -0.6898 -0.0052
vn -0.7029 -0.6983 -0.1349
vn -0.5610 -0.8274 -0.0257
vn -0.5294 -0.8483 -0.0092
vn -0.5084 -0.8602 -0.0393
vn -0.5040 -0.8621 -0.0534
vn -0.1589 -0.8179 -0.5530
vn -0.2133 -0.8302 -0.5150
vn 0.0002 -0.7627 -0.6468
vn 0.0001 -0.7628 -0.6467
vn -0.1314 -0.8106 0.5707
vn -0.0001 -0.7625 0.6469
vn 0.0001 -0.7623 0.6472
vn -0.0003 1.0000 0.0003
vn -0.0002 1.0000 -0.0003
vn 0.0002 1.0000 0.0004
vn 0.0002 1.0000 -0.0003
vn -0.0002 1.0000 0.0000
vn 0.0016 1.0000 0.0009
vn 0.7576 0.6512 0.0437
vn 0.7130 0.6943 0.0975
vn 0.7818 0.6175 0.0865
vn 0.7954 0.6051 0.0351
vn 0.7938 0.6058 -0.0534
vn 0.7258 0.6849 -0.0642
vn 0.7880 0.6066 -0.1054
vn 0.7012 0.7041 -0.1122
vn 0.1579 0.9874 -0.0097
vn 0.4767 0.8785 0.0318
vn 0.1030 0.9945 0.0167
vn 0.0030 1.0000 -0.0001
vn 0.9991 0.0179 -0.0389
vn 0.9950 0.0192 -0.0983
vn 0.9875 0.0676 -0.1425
vn 0.9868 -0.0003 -0.1620
vn 0.9945 -0.0035 -0.1048
vn 0.9844 -0.0047 -0.1756
vn 1.0000 -0.0028 0.0000
vn 0.9991 0.0132 0.0415
vn 0.9946 -0.0016 0.1040
vn 0.9942 0.0440 0.0978
vn 0.9866 -0.0031 0.1629
vn 0.9787 -0.0057 0.2050
vn 0.9848 0.0007 0.1735
vn 0.9653 0.0032 0.2613
vn 0.9644 0.0035 0.2645
vn 0.9685 0.0445 0.2451
vn 0.9881 0.0378 0.1493
vn 0.9657 0.0006 -0.2598
vn 0.9764 0.0009 -0.2161
vn 0.9647 0.0010 -0.2634
vn 0.9646 0.0007 -0.2636
vn 0.9700 0.0069 -0.2431
vn 0.0000 -0.0001 -1.0000
vn -0.0003 0.0003 -1.0000
vn 0.0001 0.0002 -1.0000
vn 0.0003 0.0004 -1.0000
vn 0.0008 0.0001 -1.0000
vn 0.0385 0.9993 0.0010
vn 0.0009 1.0000 -0.0002
vn 0.0290 0.9995 -0.0083
vn 0.0374 0.9993 0.0020
vn 0.0042 1.0000 -0.0006
vn 0.2551 0.9636 0.0804
vn 0.1995 0.9780 0.0612
vn 0.0022 1.0000 0.0042
vn 0.1991 0.9762 -0.0860
vn 0.0008 1.0000 0.0002
vn 0.0014 1.0000 -0.0010
vn 0.0034 1.0000 -0.0052
vn 0.1661 0.9850 -0.0477
vn 0.2604 0.9643 -0.0490
vn 0.6078 0.7754 -0.1714
vn 0.7214 0.6649 -0.1936
vn 0.7046 0.6708 -0.2316
vn 0.4811 0.8640 0.1484
vn 0.4642 0.8752 0.1363
vn 0.9517 0.0253 -0.3060
vn 0.9713 0.0298 -0.2360
vn 0.9690 0.0011 -0.2472
vn 0.9470 0.0010 -0.3213
vn 0.9286 -0.0001 -0.3711
vn 0.8549 0.0770 -0.5130
vn 0.8781 0.0014 -0.4785
vn 0.8114 0.1023 -0.5755
vn 0.6478 0.6654 -0.3709
vn 0.7334 0.5376 -0.4162
vn 0.7179 0.0245 -0.6958
vn 0.7842 0.0022 -0.6205
vn 0.6940 0.0017 -0.7200
vn 0.5985 -0.0008 -0.8011
vn 0.5606 0.0011 -0.8281
vn 0.4999 -0.0014 -0.8661
vn 0.4056 0.0010 -0.9140
vn 0.3421 -0.0015 -0.9397
vn 0.2607 0.0008 -0.9654
vn 0.6178 -0.0014 -0.7863
vn 0.1735 -0.0014 -0.9848
vn 0.6849 -0.0001 -0.7287
vn 0.1284 -0.0090 -0.9917
vn 0.0000 -0.0012 -1.0000
vn 0.0011 -0.0229 -0.9997
vn 0.1837 -0.6825 -0.7074
vn -0.0372 -0.7012 -0.7120
vn -0.1309 -0.0191 -0.9912
vn -0.1735 -0.0014 -0.9848
vn -0.2576 -0.0083 -0.9662
vn -0.3421 -0.0014 -0.9396
vn -0.2621 -0.5771 -0.7735
vn 0.2358 -0.6864 -0.6879
vn 0.2933 -0.6712 -0.6807
vn 0.2779 -0.7557 -0.5930
vn -0.3847 -0.0087 -0.9230
vn -0.5003 -0.0006 -0.8658
vn -0.4791 -0.0027 -0.8778
vn -0.5984 0.0000 -0.8012
vn -0.6057 0.0001 -0.7957
vn -0.6978 0.0003 -0.7163
vn -0.7110 0.0230 -0.7028
vn -0.6183 0.0022 -0.7859
vn -0.8092 0.0945 -0.5799
vn -0.7842 0.0009 -0.6205
vn -0.7223 0.5537 -0.4144
vn -0.8526 0.0957 -0.5137
vn -0.8781 0.0014 -0.4784
vn -0.9465 0.0009 -0.3227
vn -0.6859 0.6207 -0.3799
vn -0.9288 0.0186 -0.3701
vn -0.9530 0.0277 -0.3017
vn -0.8174 0.4568 -0.3511
vn -0.9689 0.0012 -0.2475
vn -0.9711 0.0413 -0.2352
vn -0.8158 0.5041 -0.2836
vn -0.8318 0.5124 -0.2134
vn -0.4678 0.8487 -0.2467
vn -0.4470 0.8589 -0.2499
vn 0.6938 0.0001 0.7202
vn 0.5985 -0.0012 0.8011
vn 0.7106 0.0228 0.7032
vn 0.5616 0.0011 0.8274
vn 0.4999 -0.0014 0.8661
vn 0.6185 -0.0016 0.7858
vn 0.4040 0.0010 0.9147
vn 0.3421 -0.0014 0.9397
vn 0.2596 0.0008 0.9657
vn 0.1735 -0.0014 0.9848
vn 0.8097 0.0933 0.5794
vn 0.7847 0.0009 0.6199
vn 0.7215 0.5548 0.4143
vn 0.8490 0.0957 0.5197
vn 0.6890 0.6170 0.3803
vn 0.8781 0.0014 0.4785
vn 0.9466 0.0010 0.3225
vn 0.9326 -0.0006 0.3608
vn 0.9534 0.0418 0.2987
vn 0.9689 0.0012 0.2474
vn 0.9719 0.0248 0.2342
vn 0.8646 0.4441 0.2350
vn 0.8228 0.5043 0.2621
vn 0.7792 0.5518 0.2972
vn 0.4719 0.8460 0.2481
vn 0.4636 0.8502 0.2495
vn -0.9428 0.3334 -0.0000
vn -0.9864 0.1644 0.0000
vn -0.9642 0.2653 -0.0000
vn -0.9196 0.3929 0.0000
vn -0.9364 0.3509 0.0000
vn -0.8883 0.4592 0.0007
vn -0.8884 0.4590 -0.0000
vn -0.8884 0.4591 -0.0005
vn -0.8884 0.4590 -0.0016
vn -0.0000 0.0003 -1.0000
vn -0.0000 0.0001 -1.0000
vn 0.0001 0.0001 -1.0000
vn -0.0000 0.0002 -1.0000
vn -0.0004 0.0001 -1.0000
vn 0.5733 0.0001 0.8193
vn 0.5732 0.0004 0.8194
vn 0.5398 0.1386 0.8303
vn 0.5733 0.0000 0.8194
vn 0.5715 0.1667 0.8035
vn 0.5476 0.4671 0.6942
vn 0.5723 0.4654 0.6752
vn 0.5084 0.4785 0.7159
vn 0.6050 0.4773 0.6373
vn 0.5539 -0.0007 0.8326
vn -0.0848 0.3556 0.9308
vn -0.1633 0.2675 0.9496
vn -0.4548 0.1798 0.8723
vn -0.2508 0.2539 0.9341
vn -0.0997 0.2236 0.9696
vn -0.2909 0.0350 0.9561
vn -0.1521 0.0406 0.9875
vn 0.2218 0.2852 0.9324
vn 0.0971 0.3621 0.9271
vn 0.3332 0.4100 0.8490
vn 0.5051 0.3456 0.7908
vn 0.7320 0.3532 0.5826
vn 0.5225 0.1010 0.8467
vn 0.2003 0.0620 0.9778
vn 0.6449 0.4369 0.6270
vn 0.7778 0.1564 0.6087
vn 0.8928 0.3600 0.2708
vn 0.8879 0.1927 0.4178
vn 0.8745 0.3758 0.3068
vn 0.6689 0.4327 0.6044
vn 0.6830 0.3948 0.6146
vn 0.5516 0.3265 0.7675
vn 0.6235 0.2561 0.7387
vn 0.1684 0.1988 0.9655
vn 0.0541 0.1868 0.9809
vn 0.0606 0.1856 0.9808
vn 0.0008 0.1647 0.9863
vn 0.0005 0.1652 0.9863
vn 0.0065 0.1673 0.9859
vn 0.0000 0.1655 0.9862
vn 0.9438 0.3306 0.0000
vn 0.9598 0.2807 0.0000
vn 0.8883 0.4592 0.0002
vn 0.8884 0.4591 -0.0002
vn 0.9640 0.2661 -0.0000
vn 0.9277 0.3734 0.0000
vn 0.8884 0.4590 -0.0003
vn 0.8884 0.4590 0.0004
vn 0.8884 0.4590 -0.0007
vn 0.8885 0.4589 -0.0006
vn 0.8885 0.4589 -0.0007
vn 0.6337 -0.7711 0.0619
vn 0.5086 -0.8601 0.0400
vn 0.5405 -0.8413 0.0117
vn 0.8246 -0.5656 0.0125
vn 0.7198 -0.6941 -0.0071
vn 0.6057 -0.7937 -0.0558
vn 0.5186 -0.8549 -0.0107
vn 0.4928 -0.8664 -0.0806
vn 0.4978 -0.8642 -0.0726
vn 0.1768 -0.8224 -0.5408
vn 0.8688 -0.4952 0.0000
vn 0.8885 -0.4590 -0.0002
vn 0.8884 -0.4590 0.0000
vn 0.8883 -0.4592 -0.0028
vn 0.9644 -0.2644 0.0021
vn 0.9668 -0.2557 0.0011
vn 0.9863 -0.1647 0.0007
vn 0.9864 -0.1644 0.0000
vn 0.0858 -0.7955 -0.5999
vn 0.0011 -0.7616 -0.6481
vn 0.0042 -0.7590 -0.6511
vn 0.4573 0.7061 0.5406
vn 0.4953 0.7160 0.4919
vn 0.5435 0.7056 0.4547
vn 0.4627 0.6988 0.5455
vn 0.4007 0.7014 0.5895
vn 0.5724 0.7065 0.4162
vn 0.5823 0.7187 0.3801
vn 0.6294 0.7008 0.3358
vn 0.6517 0.7079 0.2722
vn 0.6650 0.6973 0.2673
vn 0.6750 0.6841 0.2763
vn 0.3768 0.7076 0.5978
vn 0.3295 0.7155 0.6160
vn 0.2784 0.7014 0.6561
vn 0.2394 0.7023 0.6704
vn 0.2234 0.7011 0.6772
vn 0.2277 0.6946 0.6824
vn 0.0003 1.0000 -0.0001
vn 0.0004 1.0000 -0.0002
vn -0.0001 1.0000 0.0005
vn -0.0016 1.0000 0.0074
vn -0.0019 1.0000 0.0083
vn 0.2662 -0.3798 0.8859
vn 0.4738 -0.3326 0.8154
vn 0.0061 -0.3242 0.9460
vn 0.3263 -0.3218 0.8888
vn 0.4494 -0.0880 0.8890
vn 0.6309 -0.1221 0.7662
vn 0.6198 -0.3327 0.7107
vn 0.6095 -0.4322 0.6646
vn 0.4652 -0.4321 0.7726
vn 0.4010 -0.4016 0.8234
vn 0.2359 -0.3751 0.8965
vn 0.5461 -0.4090 0.7311
vn 0.7402 -0.3371 0.5818
vn 0.7430 -0.1534 0.6515
vn 0.6921 -0.4509 0.5636
vn 0.2374 -0.0646 0.9693
vn 0.6013 -0.3723 0.7069
vn 0.6637 -0.3856 0.6409
vn -0.0329 -0.3120 0.9495
vn 0.1715 -0.2736 0.9464
vn 0.0264 -0.2509 0.9677
vn 0.0163 -0.0495 0.9986
vn -0.0901 -0.2277 0.9696
vn -0.1180 -0.0418 0.9921
vn -0.1629 -0.2840 0.9449
vn -0.2597 -0.2451 0.9341
vn -0.3091 -0.2269 0.9236
vn 0.8524 -0.3443 0.3934
vn 0.8144 -0.3450 0.4667
vn 0.8069 -0.1907 0.5590
vn -0.9987 0.0032 -0.0510
vn -0.9579 0.0092 -0.2868
vn -1.0000 -0.0004 0.0100
vn -0.9992 -0.0012 0.0407
vn -0.9984 0.0007 0.0574
vn -0.9333 -0.0006 0.3592
vn -0.8512 0.0962 0.5160
vn -0.9470 0.0011 0.3213
vn -0.9528 0.0423 0.3005
vn -0.8781 0.0014 0.4786
vn -0.9690 0.0013 0.2469
vn -0.9719 0.0252 0.2342
vn -0.6593 0.7366 0.1508
vn -0.8103 0.0933 0.5786
vn -0.7186 0.5627 0.4087
vn -0.7008 0.5996 0.3865
vn -0.7166 0.0251 0.6970
vn -0.7841 0.0022 0.6207
vn -0.6973 0.0021 0.7168
vn -0.5985 -0.0011 0.8011
vn -0.5639 0.0010 0.8258
vn -0.4997 -0.0017 0.8662
vn -0.4085 0.0011 0.9128
vn -0.3425 -0.0014 0.9395
vn -0.2561 0.0065 0.9666
vn -0.4854 0.8346 0.2605
vn -0.4530 0.8653 0.2146
vn -0.6178 0.0044 0.7863
vn -0.1735 -0.0014 0.9848
vn -0.6850 -0.0002 0.7286
vn -0.1266 -0.0342 0.9914
vn 0.0000 -0.0012 1.0000
vn -0.0018 -0.0084 1.0000
vn 0.1305 0.0004 0.9914
vn 0.1053 -0.8079 0.5799
vn 0.0554 -0.8299 0.5552
vn -0.0986 -0.8935 0.4380
vn -0.1036 -0.9070 0.4082
vn 0.1924 -0.7847 0.5892
vn 0.3148 -0.5729 0.7568
vn 0.2967 -0.7315 0.6139
vn 0.2906 -0.7614 0.5795
vn -0.3727 -0.4144 0.8303
vn -0.2893 -0.2753 0.9168
vn -0.4506 -0.2935 0.8431
vn -0.3100 -0.0704 0.9481
vn -0.5251 -0.1024 0.8448
vn -0.1499 -0.3735 0.9154
vn -0.0956 -0.2484 0.9639
vn -0.0383 -0.0470 0.9982
vn 0.0274 -0.2365 0.9712
vn 0.0775 -0.0399 0.9962
vn 0.1780 -0.2748 0.9449
vn -0.1152 -0.3613 0.9253
vn -0.3321 -0.3935 0.8572
vn -0.4244 -0.4074 0.8087
vn -0.5186 -0.4220 0.7436
vn -0.6644 -0.3972 0.6331
vn -0.6522 -0.3760 0.6582
vn -0.6545 -0.4455 0.6109
vn -0.5981 -0.3292 0.7307
vn -0.7146 -0.3317 0.6159
vn -0.7375 -0.4513 0.5025
vn -0.8096 -0.3283 0.4866
vn -0.7080 -0.1437 0.6914
vn -0.7774 -0.1583 0.6087
vn -0.8482 -0.3381 0.4078
vn -0.5531 0.1271 -0.8234
vn -0.5736 -0.0000 -0.8192
vn -0.5730 -0.0000 -0.8195
vn -0.5716 0.1666 -0.8035
vn -0.5651 -0.0006 -0.8250
vn -0.5479 0.4669 -0.6941
vn -0.5153 0.4809 -0.7094
vn -0.6012 0.4769 -0.6412
vn -0.6223 0.4927 -0.6083
vn -0.5741 0.4994 -0.6488
vn -0.6551 0.4846 -0.5797
vn -0.6418 0.4778 -0.5998
vn -0.5748 0.4653 -0.6731
vn -0.0229 0.3859 -0.9223
vn 0.2086 0.2445 -0.9469
vn 0.4621 0.1786 -0.8686
vn 0.1752 0.2818 -0.9433
vn 0.1267 0.2161 -0.9681
vn 0.2256 0.0395 -0.9734
vn 0.3879 0.0363 -0.9210
vn -0.1264 0.3686 -0.9210
vn 0.2323 0.2958 -0.9266
vn -0.1812 0.2868 -0.9407
vn -0.0695 0.0514 -0.9963
vn -0.3840 0.0797 -0.9199
vn -0.4583 0.3381 -0.8220
vn -0.3825 0.4169 -0.8246
vn -0.7103 0.3668 -0.6008
vn -0.5315 0.4309 -0.7293
vn -0.6459 0.1183 -0.7542
vn -0.8224 0.1641 -0.5448
vn -0.8606 0.3647 -0.3555
vn -0.8416 0.4328 -0.3231
vn -0.8000 0.3610 -0.4793
vn -0.9050 0.1950 -0.3782
vn -0.7214 0.4153 -0.5542
vn -0.5826 0.3666 -0.7254
vn -0.1620 0.2178 -0.9625
vn -0.6795 0.2595 -0.6863
vn -0.6896 0.2617 -0.6752
vn -0.0320 0.1778 -0.9835
vn 0.0004 0.1657 -0.9862
vn -0.0019 0.1653 -0.9862
vn -0.0047 0.1652 -0.9862
vn -0.0052 0.1652 -0.9862
vn 0.0203 0.1777 -0.9839
vn 0.5718 0.0038 0.8204
vn 0.6309 -0.0016 0.7759
vn 0.7189 0.0009 0.6951
vn 0.4996 -0.0004 0.8663
vn 0.7378 -0.0084 0.6749
vn 0.8197 0.0161 0.5725
vn 0.9105 -0.0150 0.4132
vn 0.9627 0.0171 0.2701
vn 0.9940 -0.0151 0.1080
vn 0.9980 0.0135 -0.0622
vn 0.9843 -0.0123 -0.1760
vn 0.9300 0.0094 -0.3674
vn 0.8952 -0.0109 -0.4455
vn 0.7907 0.0093 -0.6121
vn 0.7369 -0.0052 -0.6760
vn 0.5408 0.0028 -0.8412
vn 0.7192 0.0002 -0.6948
vn 0.6309 -0.0018 -0.7759
vn 0.5001 -0.0014 -0.8660
vn 0.4020 0.0012 -0.9157
vn 0.3417 -0.0011 -0.9398
vn 0.1908 0.0007 -0.9816
vn 0.1736 -0.0008 -0.9848
vn 0.0001 -0.0009 -1.0000
vn -0.0080 0.0001 -1.0000
vn -0.1740 -0.0005 -0.9848
vn 0.7669 -0.0002 -0.6418
vn 0.8651 0.0009 -0.5015
vn 0.8540 -0.0000 -0.5203
vn 0.9397 0.0000 -0.3421
vn 0.9848 0.0000 -0.1737
vn 1.0000 0.0000 -0.0000
vn 0.9848 -0.0000 0.1737
vn 0.9397 -0.0000 0.3421
vn 0.8660 -0.0000 0.5000
vn 0.8537 0.0007 0.5208
vn 0.7665 -0.0011 0.6423
vn -0.9848 -0.0000 0.1736
vn -0.9397 -0.0000 0.3421
vn -0.8544 -0.0000 0.5197
vn -0.8652 0.0008 0.5014
vn -0.7185 0.0003 0.6955
vn -0.7669 -0.0002 0.6418
vn -1.0000 0.0000 0.0000
vn -0.9848 0.0000 -0.1736
vn -0.9397 0.0000 -0.3421
vn -0.8661 0.0000 -0.4999
vn -0.8540 0.0007 -0.5203
vn -0.7665 -0.0011 -0.6423
vn -0.7053 0.0013 -0.7089
vn -0.6312 -0.0018 -0.7756
vn -0.5045 0.0034 -0.8634
vn -0.4998 -0.0011 -0.8662
vn -0.7012 -0.0022 -0.7130
vn -0.7948 0.0166 -0.6066
vn -0.8738 -0.0081 -0.4863
vn -0.3709 0.0005 -0.9287
vn -0.9524 0.0098 -0.3048
vn -0.3418 -0.0004 -0.9398
vn -0.1886 -0.0002 -0.9821
vn -0.9765 -0.0141 -0.2152
vn -0.9994 0.0089 0.0332
vn -0.9950 -0.0114 0.0995
vn -0.9326 0.0111 0.3607
vn -0.9036 -0.0113 0.4282
vn -0.7874 0.0088 0.6163
vn -0.7361 -0.0051 0.6768
vn -0.5335 0.0026 0.8458
vn -0.6310 -0.0018 0.7758
vn -0.5001 -0.0015 0.8660
vn -0.4157 0.0001 0.9095
vn -0.3412 -0.0004 0.9400
vn -0.1743 -0.0003 0.9847
vn -0.2153 -0.0003 0.9765
vn -0.0457 -0.0002 0.9990
vn 0.0006 -0.0004 1.0000
vn 0.1731 -0.0004 0.9849
vn 0.1375 -0.0002 0.9905
vn 0.3031 -0.0002 0.9530
vn 0.3425 -0.0004 0.9395
vn 0.4632 -0.0002 0.8862
vn -0.0012 1.0000 -0.0009
vn -0.0022 1.0000 -0.0014
vn -0.0029 1.0000 -0.0045
vn -0.0014 1.0000 0.0006
vn -0.0362 0.9993 0.0099
vn -0.1651 0.9851 0.0478
vn -0.0880 0.9961 -0.0014
vn -0.0879 0.9961 -0.0002
vn -0.0008 1.0000 0.0003
vn -0.7514 0.6595 0.0213
vn -0.8276 0.5613 0.0107
vn -0.9957 0.0844 0.0380
vn -0.9959 0.0899 -0.0004
vn -0.9966 0.0002 0.0820
vn -0.9378 0.0086 -0.3470
vn -0.9959 0.0833 -0.0358
vn -0.9964 0.0002 -0.0853
vn -1.0000 0.0001 -0.0028
vn -0.9390 0.0098 0.3437
vn -0.5567 0.8178 0.1456
vn -0.3564 0.9276 0.1123
vn -0.8111 0.5826 -0.0518
vn -0.0936 0.9952 -0.0268
vn -0.0010 1.0000 0.0000
vn -0.0378 0.9992 -0.0098
vn -0.0024 1.0000 0.0010
vn -0.0009 1.0000 -0.0002
vn -0.0015 1.0000 0.0009
vn -0.0032 1.0000 0.0045
vn -0.4325 0.8922 -0.1303
vn -0.3875 0.9160 -0.1043
vn -0.4751 0.8735 -0.1066
vn -0.7626 0.5792 0.2882
vn -0.7787 0.5633 0.2764
vn -0.8383 0.0049 0.5452
vn -0.9209 0.0048 0.3898
vn -0.8481 -0.0040 0.5298
vn -0.9285 -0.0036 0.3714
vn -0.7735 -0.0044 0.6338
vn -0.9616 -0.0009 0.2745
vn -0.7385 0.0047 0.6742
vn -0.6272 -0.0003 0.7789
vn -0.9716 0.0036 0.2367
vn -0.9978 0.0032 0.0664
vn -0.9948 -0.0010 0.1022
vn -0.6181 0.0030 0.7861
vn -0.4872 0.0033 0.8733
vn -0.4603 -0.0022 0.8878
vn -0.3132 0.0069 0.9497
vn -0.2812 -0.0037 0.9596
vn -0.2308 0.0080 0.9730
vn -0.1809 -0.0059 0.9835
vn -0.9981 0.0359 -0.0501
vn -0.9940 0.0039 -0.1097
vn -0.9770 0.0782 -0.1983
vn -0.8932 0.4068 -0.1916
vn -0.9406 0.0329 -0.3379
vn -0.9095 0.0045 -0.4158
vn -0.9342 0.0067 -0.3568
vn -0.9578 0.0054 -0.2874
vn 0.2890 -0.0037 0.9573
vn 0.3259 0.0084 0.9454
vn 0.2612 0.0062 0.9653
vn 0.2168 -0.0056 0.9762
vn 0.3827 -0.0055 0.9238
vn 0.1626 0.0056 0.9867
vn 0.8080 -0.3304 -0.4878
vn 0.7353 -0.4512 -0.5057
vn 0.6401 -0.4447 -0.6265
vn 0.6714 -0.4233 -0.6083
vn 0.4814 -0.4092 -0.7752
vn 0.6240 -0.4103 -0.6650
vn 0.4882 -0.4131 -0.7688
vn 0.5560 -0.3261 -0.7645
vn 0.4073 -0.3212 -0.8549
vn 0.4389 -0.0900 -0.8940
vn 0.5759 -0.1140 -0.8096
vn 0.7050 -0.3349 -0.6251
vn 0.2896 -0.3888 -0.8746
vn 0.7137 -0.1446 -0.6854
vn 0.7785 -0.1590 -0.6072
vn 0.8455 -0.3372 -0.4140
vn 0.2392 -0.2843 -0.9284
vn 0.2610 -0.3938 -0.8814
vn 0.0455 -0.2474 -0.9678
vn 0.0157 -0.3343 -0.9423
vn 0.2391 -0.0653 -0.9688
vn 0.0303 -0.0485 -0.9984
vn -0.0749 -0.2465 -0.9662
vn -0.1296 -0.2910 -0.9479
vn -0.2803 -0.2374 -0.9301
vn -0.1201 -0.0396 -0.9920
vn -0.3089 -0.2247 -0.9242
vn -0.4304 -0.1749 -0.8855
vn -0.7330 -0.4622 -0.4991
vn -0.7649 -0.4616 -0.4493
vn -0.6038 -0.4709 -0.6432
vn -0.8129 -0.4252 -0.3980
vn -0.6071 -0.4512 -0.6541
vn -0.5511 -0.3181 -0.7714
vn -0.6969 -0.4458 -0.5618
vn -0.5656 -0.4502 -0.6910
vn -0.5535 -0.2897 -0.7808
vn -0.5737 -0.0002 -0.8191
vn -0.5737 -0.0001 -0.8191
vn -0.5607 -0.2113 -0.8006
vn -0.5739 -0.0002 -0.8189
vn -0.5738 -0.0001 -0.8190
vn -0.5737 0.0000 -0.8191
vn -0.0001 0.3625 0.9320
vn 0.0001 0.3624 0.9320
vn 0.0000 0.2508 0.9680
vn 0.0000 0.3625 0.9320
vn 0.0000 0.2290 0.9734
vn 0.0001 0.3625 0.9320
vn -0.0002 0.3624 0.9320
vn -0.0003 0.3624 0.9320
vn -0.5745 0.1098 0.8111
vn -0.5451 0.4652 0.6975
vn -0.5252 0.1649 0.8349
vn -0.5933 0.4648 0.6572
vn -0.5731 0.0000 0.8195
vn -0.5736 -0.0000 0.8192
vn -0.4809 0.4757 0.7365
vn -0.5356 -0.0025 0.8444
vn 0.1061 0.3524 0.9298
vn 0.1640 0.2628 0.9508
vn 0.4822 0.1683 0.8598
vn 0.1494 0.2852 0.9467
vn 0.1330 0.2065 0.9694
vn 0.2334 0.0385 0.9716
vn 0.3721 0.0348 0.9275
vn -0.0539 0.0508 0.9973
vn -0.1356 0.2718 0.9528
vn -0.3577 0.0797 0.9304
vn -0.3818 0.3299 0.8634
vn -0.1744 0.3789 0.9089
vn -0.5913 0.3317 0.7351
vn -0.6317 0.1174 0.7662
vn -0.3801 0.4201 0.8240
vn -0.6535 0.4451 0.6123
vn -0.7991 0.3360 0.4986
vn -0.8203 0.1690 0.5464
vn -0.6706 0.4297 0.6047
vn -0.8121 0.4409 0.3823
vn -0.8489 0.3623 0.3849
vn -0.9021 0.3509 0.2511
vn -0.8984 0.2024 0.3897
vn -0.6499 0.3840 0.6559
vn -0.4894 0.3092 0.8154
vn -0.6173 0.2569 0.7436
vn -0.1663 0.1991 0.9658
vn -0.0741 0.1935 0.9783
vn -0.0410 0.1784 0.9831
vn -0.0030 0.1654 0.9862
vn 0.0001 0.1645 0.9864
vn -0.0066 0.1677 0.9858
vn 0.0018 0.1635 0.9865
vn -0.0007 1.0000 -0.0004
vn -0.0008 1.0000 -0.0007
vn -0.0004 1.0000 -0.0002
vn -0.0035 1.0000 -0.0020
vn 0.0017 1.0000 0.0019
vn 0.0005 1.0000 0.0004
vn -0.0002 1.0000 -0.0031
vn -0.0015 1.0000 0.0000
vn -0.0009 1.0000 0.0005
vn -0.0001 1.0000 -0.0010
vn 0.0003 1.0000 0.0000
vn 0.0032 1.0000 -0.0019
vn 0.0003 1.0000 -0.0002
vn -0.0004 1.0000 0.0006
vn -0.0008 1.0000 0.0012
vn 0.0000 1.0000 -0.0005
vn -0.0015 1.0000 0.0022
vn 1.0000 0.0001 0.0029
vn 0.9963 0.0002 0.0855
vn 0.9960 0.0899 0.0002
vn 0.9957 0.0835 0.0393
vn 0.9496 0.0092 -0.3133
vn 0.8273 0.5616 -0.0109
vn 0.9959 0.0844 -0.0329
vn 0.9966 0.0002 -0.0820
vn 0.9151 0.0095 0.4031
vn 0.7505 0.6605 -0.0212
vn 0.8108 0.5831 0.0519
vn 0.0003 -1.0000 -0.0005
vn 0.0046 -1.0000 0.0005
vn 0.0002 -1.0000 -0.0005
vn 0.0603 -0.9941 -0.0897
vn 0.0203 -0.9992 -0.0336
vn -0.0200 -0.9981 0.0585
vn -0.0002 -1.0000 0.0008
vn -0.0333 -0.9958 0.0851
vn -0.0092 -0.9997 0.0244
vn -0.0266 -0.9996 0.0006
vn -0.0012 -1.0000 -0.0015
vn -0.0002 -1.0000 -0.0004
vn -0.0004 -1.0000 0.0005
vn 0.0013 -1.0000 -0.0027
vn 0.0002 -1.0000 0.0000
vn 0.0119 -0.9999 0.0004
vn 0.0025 -1.0000 -0.0001
vn 0.0002 -1.0000 -0.0003
vn 0.0269 -0.9996 0.0028
vn 0.0011 -1.0000 0.0037
vn -0.0009 -1.0000 0.0029
vn -0.0036 -1.0000 -0.0015
vn 0.0030 -1.0000 -0.0022
vn 0.0009 -1.0000 0.0018
vn -0.0016 -1.0000 0.0010
vn 0.0009 -0.9999 -0.0147
vn 0.0024 -1.0000 0.0033
vn -0.0008 -1.0000 -0.0033
vn 0.0024 -1.0000 -0.0005
vn 0.0029 -1.0000 -0.0040
vn -0.0036 -1.0000 0.0010
vn -0.0010 -1.0000 -0.0017
vn -0.0030 -0.9996 0.0268
vn -0.0272 -0.9996 -0.0032
vn -0.0095 -1.0000 -0.0004
vn -0.0018 -1.0000 0.0002
vn -0.0011 -1.0000 -0.0003
vn 0.0016 -1.0000 0.0023
vn 0.0002 -1.0000 -0.0058
vn -0.0005 -1.0000 -0.0000
vn 0.0002 -1.0000 -0.0009
vn -0.0018 -1.0000 0.0010
vn -0.0002 -1.0000 0.0093
vn -0.0000 -1.0000 0.0008
vn -0.0003 -1.0000 0.0014
vn -0.0403 -0.8927 0.4488
vn -0.5089 -0.8597 -0.0443
vn -0.0019 -1.0000 0.0011
vn -0.0010 -1.0000 0.0004
vn -0.0003 -1.0000 0.0000
vn -0.0001 -1.0000 -0.0004
vn -0.0009 -1.0000 -0.0002
vn 0.0000 -1.0000 -0.0004
vn -0.0008 -1.0000 0.0028
vn 0.2557 -0.9557 -0.1461
vn -0.4722 -0.8720 -0.1288
vn -0.0001 -1.0000 -0.0007
vn 0.1439 -0.9574 0.2502
vn -0.0009 -1.0000 -0.0014
vn -0.0018 -1.0000 -0.0024
vn 0.0014 -1.0000 0.0008
vn -0.2087 -0.9354 0.2853
vn -0.2972 -0.9298 -0.2169
vn 0.6989 -0.0043 0.7152
vn 0.6408 0.0018 0.7677
vn 0.5971 0.0054 0.8021
vn 0.6942 0.0010 0.7197
vn 0.4470 -0.0174 0.8943
vn 0.3439 0.0045 0.9390
vn 0.1111 -0.0122 0.9937
vn 0.0509 0.0140 0.9986
vn -0.2516 -0.0051 0.9678
vn -0.2700 -0.0117 0.9628
vn -0.5659 -0.0039 0.8244
vn -0.5662 -0.0140 0.8241
vn -0.7111 -0.0097 0.7030
vn -0.7185 0.0000 0.6955
vn 0.7440 0.0000 0.6682
vn 0.7439 0.0000 0.6683
vn 0.9304 0.0052 -0.3666
vn 0.8510 -0.0036 -0.5252
vn 0.8461 0.0039 -0.5330
vn 0.9302 -0.0053 -0.3671
vn 0.7692 -0.0019 -0.6390
vn 0.9620 -0.0011 -0.2732
vn 0.9767 0.0032 -0.2145
vn 0.9988 0.0021 -0.0483
vn 0.9956 0.0013 -0.0941
vn 0.7446 0.0030 -0.6675
vn 0.6212 0.0017 -0.7836
vn 0.5891 -0.0047 -0.8081
vn 0.4857 0.0036 -0.8741
vn 0.3758 -0.0064 -0.9267
vn 0.3004 0.0071 -0.9538
vn 0.2244 -0.0001 -0.9745
vn 0.2145 -0.0047 -0.9767
vn 0.9982 0.0362 0.0475
vn 0.9923 0.0043 0.1237
vn 0.9783 0.0786 0.1915
vn 0.8945 0.4030 0.1936
vn 0.9554 0.0038 0.2954
vn 0.9413 0.0393 0.3353
vn 0.9271 0.0033 0.3747
vn 0.9156 0.0079 0.4020
vn 0.6112 0.7236 -0.3207
vn 0.6935 0.7204 0.0099
vn 0.7086 0.7046 -0.0376
vn 0.5922 0.7133 -0.3748
vn 0.3415 0.7242 -0.5991
vn 0.2925 0.7137 -0.6364
vn -0.0553 0.7171 -0.6947
vn -0.1050 0.7030 -0.7034
vn -0.3960 0.7195 -0.5706
vn -0.4774 0.7056 -0.5237
vn -0.6392 0.7047 -0.3078
vn -0.7023 0.6888 -0.1796
vn -0.7046 0.7074 0.0568
vn -0.6883 0.6920 0.2177
vn -0.5845 0.7194 0.3752
vn -0.4945 0.6950 0.5220
vn -0.3244 0.7129 0.6217
vn -0.1604 0.6939 0.7020
vn 0.0369 0.7106 0.7026
vn 0.2186 0.6916 0.6884
vn 0.3726 0.7169 0.5892
vn 0.5080 0.6983 0.5042
vn 0.6046 0.7219 0.3365
vn 0.6683 0.7021 0.2460
vn -0.0001 0.0004 1.0000
vn 0.0000 0.0002 1.0000
vn 0.0002 0.0013 1.0000
vn -0.0001 0.0002 1.0000
vn 0.0001 0.0004 1.0000
vn -0.0005 0.0001 1.0000
vn 0.6207 -0.7071 -0.3387
vn 0.6531 -0.6970 -0.2961
vn 0.6219 -0.7065 -0.3378
vn 0.6659 -0.6894 -0.2851
vn 0.6997 -0.6683 -0.2525
vn 0.5696 -0.7126 -0.4097
vn 0.5778 -0.7071 -0.4075
vn 0.5266 -0.7214 -0.4497
vn 0.5002 -0.7063 -0.5009
vn 0.4534 -0.7148 -0.5325
vn 0.4165 -0.7092 -0.5689
vn 0.4110 -0.7124 -0.5688
vn 0.3460 -0.7243 -0.5964
vn 0.2940 -0.7114 -0.6383
vn 0.2573 -0.7054 -0.6605
vn 0.2077 -0.7309 -0.6502
vn 0.1517 -0.7136 -0.6840
vn 0.1027 -0.7069 -0.6998
vn 0.0586 -0.7254 -0.6859
vn 0.0066 -0.7147 -0.6994
vn -0.0524 -0.7188 -0.6933
vn -0.1119 -0.7119 -0.6933
vn -0.4049 0.0134 0.9143
vn -0.3933 0.0182 0.9192
vn -0.4657 0.0169 0.8848
vn -0.3495 -0.0171 0.9368
vn -0.4983 0.0034 0.8670
vn -0.5801 0.0113 0.8145
vn -0.6002 0.0028 0.7998
vn -0.6775 0.0100 0.7355
vn -0.6961 0.0016 0.7179
vn -0.7628 0.0112 0.6466
vn -0.7790 0.0028 0.6270
vn -0.8461 0.0126 0.5328
vn -0.8583 0.0042 0.5132
vn -0.8817 0.0018 0.4718
vn -0.8859 -0.0109 0.4638
vn 0.9396 0.0087 -0.3422
vn 0.9676 -0.0122 -0.2522
vn 0.9049 -0.0080 -0.4256
vn 0.8659 0.0087 -0.5001
vn 0.9846 0.0020 -0.1746
vn 0.9983 0.0033 -0.0587
vn 0.9999 0.0052 0.0135
vn 0.9865 0.0021 0.1638
vn 0.9941 0.0127 0.1075
vn 0.8182 -0.0080 -0.5749
vn 0.7660 0.0087 -0.6428
vn 0.7071 -0.0081 -0.7071
vn 0.6428 0.0087 -0.7660
vn 0.5749 -0.0081 -0.8182
vn 0.5001 0.0086 -0.8659
vn 0.4256 -0.0081 -0.9049
vn 0.3422 0.0086 -0.9396
vn 0.2548 -0.0112 -0.9669
vn 0.1745 0.0036 -0.9846
vn 0.0719 -0.0051 -0.9974
vn -0.0019 0.0145 -0.9999
vn -0.1120 -0.0059 -0.9937
vn -0.1692 0.0074 -0.9856
vn -0.2780 -0.0076 -0.9606
vn -0.3318 0.0076 -0.9433
vn -0.4391 -0.0073 -0.8984
vn -0.4850 0.0076 -0.8745
vn -0.5868 -0.0065 -0.8097
vn -0.6245 0.0074 -0.7810
vn -0.7172 -0.0060 -0.6968
vn -0.7464 0.0071 -0.6655
vn -0.8264 -0.0055 -0.5631
vn -0.8475 0.0066 -0.5307
vn -0.9112 -0.0053 -0.4119
vn -0.9245 0.0059 -0.3812
vn -0.9684 -0.0046 -0.2494
vn -0.9753 0.0052 -0.2207
vn -0.9969 -0.0038 -0.0784
vn -0.9985 0.0049 -0.0553
vn -0.9956 -0.0032 0.0940
vn -0.9936 0.0039 0.1128
vn -0.9647 -0.0027 0.2634
vn -0.9607 0.0029 0.2775
vn -0.9046 -0.0016 0.4263
vn -0.9010 0.0020 0.4338
vn -0.8177 -0.0007 0.5756
vn -0.8154 0.0001 0.5789
vn -0.7072 -0.0011 0.7070
vn -0.7071 -0.0002 0.7072
vn -0.5747 0.0009 0.8183
vn -0.5783 -0.0009 0.8158
vn -0.4257 0.0027 0.9048
vn -0.4335 -0.0012 0.9012
vn -0.2642 0.0045 0.9645
vn -0.2766 -0.0016 0.9610
vn -0.0945 0.0063 0.9955
vn -0.1112 -0.0022 0.9938
vn 0.0779 0.0084 0.9969
vn 0.0556 -0.0031 0.9985
vn 0.2480 0.0103 0.9687
vn 0.2224 -0.0039 0.9749
vn 0.4099 0.0118 0.9121
vn 0.3817 -0.0052 0.9243
vn 0.5606 0.0138 0.8279
vn 0.5300 -0.0070 0.8479
vn 0.6891 0.0009 0.7247
vn 0.6583 -0.0031 0.7527
vn 0.7805 0.0065 0.6252
vn 0.8084 -0.0071 0.5886
vn 0.8744 0.0076 0.4852
vn 0.8985 -0.0070 0.4389
vn 0.9433 0.0077 0.3318
vn 0.9606 -0.0075 0.2779
vn -0.8324 -0.0076 -0.5541
vn -0.9206 -0.0041 -0.3905
vn -0.8116 0.0045 -0.5842
vn -0.9230 0.0008 -0.3847
vn -0.9775 -0.0052 -0.2108
vn -0.9833 0.0028 -0.1822
vn -0.7077 -0.0089 -0.7065
vn -0.6537 0.0084 -0.7567
vn -0.5685 -0.0086 -0.8226
vn -0.4791 0.0072 -0.8777
vn -0.9999 -0.0065 -0.0095
vn -0.9997 0.0049 0.0221
vn -0.9805 -0.0038 0.1964
vn -0.9751 0.0052 0.2215
vn -0.9189 -0.0024 0.3944
vn -0.9185 -0.0021 0.3953
vn -0.8239 0.0011 0.5668
vn -0.3902 -0.0089 -0.9207
vn -0.3117 0.0045 -0.9502
vn -0.1926 -0.0087 -0.9812
vn -0.8260 -0.0024 0.5637
vn -0.7072 -0.0025 0.7070
vn -0.6994 0.0003 0.7147
vn -0.5592 -0.0076 0.8290
vn -0.5042 0.0093 0.8635
vn -0.3841 -0.0059 0.9233
vn -0.2748 0.0087 0.9615
vn -0.2007 -0.0036 0.9796
vn -0.0483 0.0012 0.9988
vn -0.0330 0.0039 0.9994
vn 0.1147 -0.0037 0.9934
vn 0.2009 0.0070 0.9796
vn -0.1397 0.0007 -0.9902
vn 0.0149 -0.0031 -0.9999
vn 0.0204 0.0044 -0.9998
vn 0.1901 0.0044 -0.9818
vn 0.2097 0.0003 -0.9778
vn 0.4020 -0.0070 -0.9156
vn 0.3478 0.0053 -0.9375
vn 0.5053 0.0031 -0.8629
vn 0.5860 -0.0096 -0.8102
vn 0.6465 0.0069 -0.7629
vn 0.7300 0.0031 -0.6834
vn 0.7638 0.0007 -0.6455
vn 0.8592 -0.0106 -0.5116
vn 0.8327 0.0147 -0.5535
vn 0.9368 -0.0009 -0.3500
vn 0.9139 0.0009 -0.4060
vn 0.9803 -0.0070 -0.1975
vn 0.9847 0.0026 -0.1744
vn 0.9999 -0.0065 0.0084
vn 1.0000 0.0005 -0.0081
vn 0.9885 0.0045 0.1509
vn 0.9780 -0.0089 0.2083
vn 0.9457 0.0048 0.3250
vn 0.9181 -0.0125 0.3962
vn 0.8675 0.0047 0.4974
vn 0.7997 -0.0135 0.6002
vn 0.7464 0.0045 0.6655
vn 0.6249 -0.0050 0.7807
vn 0.6004 0.0051 0.7997
vn 0.4214 0.0030 0.9069
vn 0.4408 -0.0020 0.8976
vn 0.2754 -0.0040 0.9613
vn 0.0002 -1.0000 0.0002
vn 0.0005 -1.0000 0.0005
vn 0.0190 -0.9998 -0.0019
vn 0.0009 -1.0000 0.0011
vn 0.0048 -0.9999 -0.0160
vn 0.0179 -0.9997 -0.0144
vn -0.0037 -0.9999 -0.0096
vn -0.0166 -0.9999 0.0038
vn -0.0061 -1.0000 0.0077
vn 0.0008 -1.0000 -0.0013
vn 0.0003 -1.0000 -0.0006
vn 0.0016 -1.0000 -0.0038
vn -0.0003 1.0000 -0.0001
vn -0.0002 1.0000 0.0003
vn 0.0006 1.0000 -0.0002
vn -0.0007 1.0000 0.0005
vn 0.0001 1.0000 0.0011
vn 0.0000 1.0000 -0.0009
vn -0.0002 1.0000 -0.0002
vn -0.0006 1.0000 0.0003
vn -0.0007 1.0000 0.0004
vn 0.0007 1.0000 -0.0011
vn 0.0000 1.0000 0.0009
vn 0.0012 1.0000 -0.0018
vn 0.0023 1.0000 -0.0034
vn 0.0004 1.0000 0.0004
vn -0.0003 1.0000 0.0002
vn 0.0002 1.0000 0.0032
vn 0.0015 1.0000 -0.0000
vn 0.0014 1.0000 0.0006
vn 0.0011 1.0000 0.0006
vn 0.0013 1.0000 0.0011
vn -0.9674 -0.2532 -0.0001
vn -0.9863 -0.1648 -0.0000
vn -0.9863 -0.1647 0.0002
vn -0.9638 -0.2666 -0.0000
vn -0.8884 -0.4592 -0.0023
vn -0.8884 -0.4590 -0.0003
vn -0.8884 -0.4591 0.0000
vn -0.8884 -0.4590 0.0000
vn -0.8884 -0.4590 0.0001
vn 0.0001 -0.1645 -0.9864
vn 0.0002 -0.1645 -0.9864
vn 0.0000 -0.1644 -0.9864
vn 0.0001 -0.1644 -0.9864
vn 0.8327 0.0813 0.5477
vn 0.8327 0.0828 0.5476
vn 0.8329 0.0644 0.5497
vn 0.8329 0.0632 0.5498
vn 0.0539 0.0000 0.9985
vn 0.1073 -0.0002 0.9942
vn 0.0529 -0.0003 0.9986
vn 0.1060 -0.0009 0.9944
vn -0.0513 0.0000 0.9987
vn -0.0548 -0.0011 0.9985
vn -0.1065 -0.0009 0.9943
vn -0.1112 -0.0030 0.9938
vn -0.0932 0.7266 -0.6807
vn -0.0404 0.7164 -0.6965
vn -0.0382 0.7071 -0.7061
vn -0.1012 0.7239 -0.6824
vn 0.0251 0.7157 -0.6979
vn 0.0658 0.7073 -0.7038
vn 0.1119 0.7143 -0.6908
vn 0.1250 0.7187 -0.6840
vn 0.1242 0.7173 -0.6856
vn -0.1383 0.6913 -0.7092
vn 0.4527 0.4631 0.7620
vn 0.5575 0.3005 0.7739
vn 0.5160 0.4065 0.7540
vn 0.3862 0.5064 0.7710
vn 0.0394 0.7000 0.7130
vn -0.0021 0.7046 0.7096
vn 0.0028 0.7067 0.7075
vn 0.6404 0.0472 0.7666
vn 0.6422 0.0005 0.7665
vn 0.6426 0.0002 0.7662
vn 0.6421 0.0008 0.7666
vn 0.9667 -0.2558 -0.0012
vn 0.9863 -0.1647 -0.0008
vn 0.9644 -0.2645 -0.0023
vn 0.8883 -0.4592 0.0026
vn 0.8869 -0.4620 0.0026
vn 0.8884 -0.4591 -0.0001
vn 0.8866 -0.4626 0.0029
vn 0.8854 -0.4649 0.0049
vn -0.0001 -0.1645 0.9864
vn 0.0000 -0.1644 0.9864
vn -0.0002 -0.1645 0.9864
vn -0.0001 -0.1644 0.9864
vn -0.0007 -0.1647 0.9863
vn -0.0009 -0.1648 0.9863
vn 0.5396 -0.7071 0.4570
vn 0.4172 -0.7310 0.5399
vn 0.3652 -0.7036 0.6096
vn 0.2438 -0.7349 0.6328
vn 0.4442 -0.7346 0.5129
vn 0.5716 -0.7340 0.3669
vn 0.6498 -0.7182 0.2489
vn 0.1881 -0.7110 0.6776
vn 0.1903 -0.7106 0.6774
vn 0.0798 -0.7207 0.6887
vn -0.0138 -0.7004 0.7136
vn -0.0989 -0.7180 0.6890
vn -0.1405 -0.7383 0.6597
vn -0.2438 -0.7103 0.6603
vn -0.3286 -0.7105 0.6223
vn 0.6081 -0.7213 0.3316
vn 0.6454 -0.7486 0.1517
vn 0.6978 -0.7162 0.0028
vn -0.3530 -0.7516 0.5572
vn -0.4534 -0.7177 0.5285
vn -0.5192 -0.7069 0.4803
vn -0.5278 -0.7446 0.4088
vn -0.6065 -0.7096 0.3585
vn -0.6395 -0.7205 0.2680
vn -0.6751 -0.7102 0.1997
vn -0.6735 -0.7130 0.1950
vn -0.6819 -0.7261 0.0887
vn -0.6985 -0.7156 -0.0096
vn -0.6672 -0.7393 -0.0910
vn -0.6732 -0.6993 -0.2402
vn -0.6807 -0.7192 -0.1390
vn -0.6233 -0.7139 -0.3191
vn -0.5670 -0.7485 -0.3438
vn -0.5400 -0.7187 -0.4380
vn -0.4759 -0.7213 -0.5033
vn -0.4284 -0.7378 -0.5217
vn -0.3685 -0.7074 -0.6031
vn -0.2782 -0.7149 -0.6415
vn -0.2210 -0.7386 -0.6369
vn -0.1536 -0.7183 -0.6786
vn -0.0619 -0.7292 -0.6815
vn 0.0533 -0.7213 -0.6906
vn 0.0555 -0.7068 -0.7052
vn 0.1501 -0.7367 -0.6593
vn 0.2514 -0.7086 -0.6593
vn 0.3264 -0.7105 -0.6234
vn 0.3594 -0.7405 -0.5679
vn 0.4395 -0.7180 -0.5397
vn 0.4992 -0.7287 -0.4688
vn 0.5669 -0.7225 -0.3958
vn 0.5785 -0.7072 -0.4066
vn 0.6035 -0.7355 -0.3079
vn 0.6675 -0.7099 -0.2247
vn 0.6801 -0.7185 -0.1457
vn 0.6740 -0.7330 -0.0916
vn 0.6871 -0.7172 0.1165
vn -0.9988 0.0000 -0.0489
vn -0.9874 -0.0751 -0.1393
vn -0.9715 -0.1263 -0.2007
vn -0.9060 -0.2468 -0.3438
vn -0.8884 0.4590 -0.0006
vn -0.8884 0.4590 0.0004
vn -0.9276 0.3735 0.0000
vn -0.9547 0.2977 -0.0000
vn -0.9332 0.3595 0.0000
vn -0.9456 0.3254 -0.0000
vn -0.8884 0.4590 0.0001
vn -0.8884 0.4590 0.0014
vn 0.6447 0.0004 0.7645
vn 0.5412 0.0008 0.8409
vn 0.6139 0.0062 0.7894
vn 0.6928 0.0034 0.7211
vn 0.7833 0.0009 0.6216
vn 0.5966 0.0190 0.8023
vn 0.5446 0.0059 0.8387
vn 0.4927 0.0046 0.8702
vn 0.4721 0.0076 0.8815
vn 0.7172 0.0116 0.6967
vn 0.8002 -0.0005 0.5998
vn 0.8339 0.0003 0.5519
vn 0.7873 0.0645 0.6132
vn 0.8530 0.0053 0.5219
vn 0.9035 0.0092 0.4285
vn 0.9019 0.0222 0.4314
vn 0.9062 0.0518 0.4196
vn 0.4758 0.0053 0.8795
vn -0.0001 -0.3606 -0.9327
vn 0.0000 -0.3624 -0.9320
vn -0.2921 -0.3729 -0.8807
vn -0.2532 -0.1856 -0.9494
vn -0.4939 -0.0369 -0.8687
vn -0.6877 -0.2591 -0.6782
vn -0.7287 -0.4121 -0.5470
vn -0.7288 -0.4121 -0.5468
vn 0.0001 -0.3620 -0.9322
vn 0.0001 -0.3618 -0.9323
vn 0.0001 -0.3609 -0.9326
vn 0.1211 0.0078 -0.9926
vn 0.1995 -0.0047 -0.9799
vn 0.2039 -0.0122 -0.9789
vn 0.1268 0.0176 -0.9918
vn 0.0040 0.0085 -1.0000
vn -0.0118 0.0038 -0.9999
vn -0.1346 -0.0001 -0.9909
vn -0.1235 -0.0096 -0.9923
vn -0.2646 -0.0008 -0.9644
vn -0.3466 0.0213 -0.9378
vn -0.8228 -0.0244 -0.5678
vn -0.9983 0.0038 -0.0577
vn -0.9999 -0.0008 -0.0150
vn -1.0000 0.0002 -0.0000
vn -0.0984 0.0298 0.9947
vn -0.0006 0.0001 1.0000
vn -0.0631 0.0190 0.9978
vn -0.4398 0.1333 0.8882
vn 0.2182 0.0017 -0.9759
vn 0.2844 0.0115 -0.9586
vn 0.1416 -0.0065 -0.9899
vn 0.1283 0.0005 -0.9917
vn 0.3523 0.0097 -0.9358
vn 0.0560 -0.0009 -0.9984
vn 0.0536 0.0000 -0.9986
vn -0.0568 0.0000 -0.9984
vn -0.0544 -0.0009 -0.9985
vn -0.1344 -0.0013 -0.9909
vn 0.3846 -0.0050 -0.9231
vn 0.4618 0.0018 -0.8870
vn 0.4863 -0.0053 -0.8738
vn 0.5556 0.0017 -0.8315
vn 0.5814 -0.0058 -0.8136
vn 0.6427 0.0016 -0.7661
vn 0.6690 -0.0061 -0.7432
vn 0.7223 0.0013 -0.6916
vn 0.7482 -0.0064 -0.6634
vn 0.7934 0.0012 -0.6087
vn 0.8178 -0.0063 -0.5755
vn 0.8549 0.0024 -0.5187
vn 0.8775 -0.0044 -0.4795
vn 0.9119 0.0105 -0.4102
vn 0.9271 0.0158 -0.3745
vn 0.9366 0.0250 -0.3495
vn 0.9410 0.0081 -0.3384
vn 0.0008 -1.0000 0.0014
vn -0.0000 -1.0000 0.0005
vn -0.0002 -1.0000 0.0002
vn -0.0004 -1.0000 0.0001
vn -0.0005 -1.0000 0.0001
vn -0.1403 -0.9595 -0.2445
vn 0.2961 -0.9304 0.2162
vn 0.0413 -0.8917 -0.4508
vn -0.7032 -0.3179 -0.6360
vn -0.7146 -0.4505 -0.5352
vn -0.8107 -0.3169 -0.4923
vn -0.7436 -0.1501 -0.6516
vn -0.6450 -0.1222 -0.7543
vn -0.5825 -0.4356 -0.6862
vn -0.8521 -0.3235 -0.4115
vn -0.5736 -0.3299 -0.7498
vn -0.4458 -0.4261 -0.7872
vn -0.4390 -0.3255 -0.8375
vn -0.4531 -0.0901 -0.8869
vn -0.3577 -0.4008 -0.8434
vn -0.5420 -0.4095 -0.7338
vn -0.6720 -0.4354 -0.5990
vn -0.5996 -0.3719 -0.7086
vn -0.6636 -0.3857 -0.6410
vn -0.3190 -0.3153 -0.8938
vn -0.2345 -0.0636 -0.9700
vn -0.1812 -0.2870 -0.9406
vn 0.0449 -0.3050 -0.9513
vn -0.1224 -0.3527 -0.9277
vn -0.2895 -0.3888 -0.8747
vn -0.0308 -0.2446 -0.9691
vn 0.0031 -0.0469 -0.9989
vn 0.0913 -0.2288 -0.9692
vn 0.0788 -0.3006 -0.9505
vn 0.1418 -0.0416 -0.9890
vn 0.1693 -0.2810 -0.9447
vn 0.2618 -0.2438 -0.9338
vn 0.2944 -0.2325 -0.9270
vn -0.9674 -0.2533 0.0001
vn -0.9639 -0.2664 0.0000
vn -0.9863 -0.1648 -0.0003
vn -0.8883 -0.4592 0.0025
vn -0.8884 -0.4591 0.0003
vn 0.0005 1.0000 0.0001
vn 0.0005 1.0000 0.0007
vn -0.0003 1.0000 0.0007
vn 0.0005 1.0000 0.0009
vn -0.0034 1.0000 0.0008
vn -0.0004 1.0000 0.0007
vn -0.0008 1.0000 0.0001
vn -0.0005 1.0000 0.0003
vn -0.0006 1.0000 0.0002
vn 0.0019 1.0000 0.0018
vn 0.0019 1.0000 0.0019
vn 0.0022 1.0000 0.0007
vn -0.0102 0.9999 0.0019
vn -0.0000 0.9999 0.0119
vn 0.0039 1.0000 -0.0035
vn -0.0157 0.9999 0.0028
vn 0.0022 1.0000 -0.0010
vn -0.0019 1.0000 0.0025
vn -0.0021 1.0000 -0.0032
vn 0.0105 0.9999 -0.0015
vn 0.0156 0.9999 -0.0026
vn 0.0001 1.0000 -0.0010
vn -0.0031 1.0000 0.0008
vn 0.0003 1.0000 0.0009
vn -0.0007 1.0000 -0.0007
vn -0.0008 1.0000 0.0045
vn -0.0008 1.0000 -0.0008
vn -0.0007 1.0000 0.0011
vn 0.0007 1.0000 -0.0000
vn -0.0007 1.0000 0.0013
vn -0.0004 1.0000 -0.0005
vn -0.0004 1.0000 0.0005
vn -0.0005 1.0000 -0.0005
vn -0.0005 1.0000 0.0002
vn -0.0007 1.0000 0.0006
vn -0.0001 1.0000 -0.0008
vn 0.0009 1.0000 0.0003
vn 0.0007 1.0000 0.0001
vn 0.0010 1.0000 -0.0000
vn -0.0002 1.0000 -0.0007
vn -0.0021 1.0000 -0.0026
vn 0.6727 -0.0010 -0.7399
vn 0.7603 0.0070 -0.6495
vn 0.7762 0.0000 -0.6305
vn 0.6777 0.0145 -0.7352
vn 0.8465 0.0130 -0.5322
vn 0.8591 0.0045 -0.5117
vn 0.8817 0.0019 -0.4719
vn 0.8859 -0.0109 -0.4638
vn 0.5904 0.0018 -0.8071
vn 0.5384 -0.0051 -0.8427
vn 0.4614 0.0117 -0.8871
vn 0.4130 0.0076 -0.9107
vn 0.3934 0.0182 -0.9192
vn 0.3495 -0.0173 -0.9368
vn 0.2921 -0.3729 0.8807
vn 0.0001 -0.3607 0.9327
vn 0.0000 -0.3624 0.9320
vn 0.2531 -0.1857 0.9495
vn 0.4939 -0.0370 0.8687
vn 0.6877 -0.2591 0.6782
vn 0.7289 -0.4121 0.5468
vn 0.7290 -0.4121 0.5466
vn -0.0000 -0.3620 0.9322
vn -0.0000 -0.3623 0.9321
vn -0.0002 -0.3608 0.9326
vn 0.0001 -1.0000 -0.0009
vn -0.0009 -1.0000 0.0009
vn -0.0010 -1.0000 0.0008
vn -0.0098 -0.9999 0.0079
vn 0.0001 -1.0000 -0.0013
vn -0.0025 -1.0000 0.0015
vn 0.0020 -1.0000 0.0005
vn 0.0010 -1.0000 0.0001
vn -1.0000 -0.0002 0.0001
vn -0.9987 0.0009 0.0509
vn -1.0000 0.0000 0.0001
vn -0.9981 -0.0026 0.0620
vn -0.8576 0.0051 0.5143
vn -0.8131 -0.0263 0.5816
vn 0.0002 1.0000 -0.0004
vn 0.0001 1.0000 -0.0004
vn 0.0003 1.0000 -0.0004
vn -0.0005 1.0000 -0.0003
vn -0.0003 1.0000 -0.0007
vn 0.0002 1.0000 -0.0005
vn -0.0002 1.0000 -0.0005
vn -0.0000 1.0000 -0.0004
vn -0.0000 1.0000 -0.0003
vn -0.0003 1.0000 -0.0002
vn -0.0004 1.0000 0.0000
vn -0.0005 1.0000 0.0001
vn -0.0004 1.0000 -0.0001
vn -0.0007 1.0000 -0.0006
vn 0.0002 1.0000 -0.0010
vn 0.0001 1.0000 -0.0012
vn 0.0004 1.0000 -0.0011
vn 0.0012 1.0000 -0.0003
vn 0.0012 1.0000 -0.0010
vn 0.0011 1.0000 0.0000
vn -0.0001 1.0000 -0.0002
vn -0.0002 0.0001 1.0000
vn -0.0003 0.0003 1.0000
vn -0.0004 0.0005 1.0000
vn -0.0005 0.0007 1.0000
vn 0.7139 -0.5550 0.4269
vn 0.7126 -0.5565 0.4273
vn 0.7142 -0.5547 0.4268
vn 0.7116 -0.5575 0.4275
vn 0.5563 -0.3125 -0.7700
vn 0.6952 -0.4772 -0.5375
vn 0.6591 -0.4675 -0.5891
vn 0.7456 -0.4524 -0.4893
vn 0.6971 -0.4456 -0.5617
vn 0.8026 -0.4425 -0.4000
vn 0.7977 -0.4573 -0.3930
vn 0.7521 -0.4805 -0.4510
vn 0.5736 -0.4469 -0.6865
vn 0.5603 -0.2647 -0.7848
vn 0.5741 -0.0005 -0.8188
vn 0.5736 -0.0001 -0.8191
vn 0.5760 -0.0003 -0.8175
vn 0.5741 -0.0006 -0.8188
vn 0.5738 -0.0007 -0.8190
vn 0.0289 -0.8037 -0.5944
vn -0.0247 -0.8018 -0.5970
vn 0.0026 -0.8310 -0.5562
vn -0.0125 -0.6136 -0.7895
vn 0.0004 -0.8298 -0.5581
vn -0.0143 -0.8221 -0.5691
vn -0.0039 -0.8319 -0.5549
vn 0.0227 -0.8151 -0.5788
vn -0.0031 -0.8329 -0.5534
vn 0.0005 -0.8305 -0.5570
vn -0.0010 -0.8351 -0.5500
vn -0.0017 -0.8369 -0.5474
vn -0.0004 -0.8317 -0.5552
vn 0.0010 -0.8312 -0.5560
vn -0.0008 -0.8301 -0.5575
vn -0.0003 -0.8313 -0.5558
vn -0.0002 -0.8314 -0.5556
vn -0.4455 0.0048 -0.8952
vn -0.4625 0.0126 -0.8865
vn -0.4009 0.0013 -0.9161
vn -0.3936 -0.0101 -0.9192
vn -0.5695 0.0010 -0.8220
vn -0.5854 0.0071 -0.8107
vn -0.6850 -0.0007 -0.7286
vn -0.6777 0.0144 -0.7352
vn -0.7571 0.0016 -0.6533
vn -0.7975 -0.0051 -0.6033
vn -0.8473 0.0122 -0.5310
vn -0.8750 0.0083 -0.4841
vn -0.8848 0.0185 -0.4655
vn -0.9062 -0.0177 -0.4225
vn -0.6475 0.7045 -0.2906
vn -0.6489 0.7013 -0.2952
vn -0.6787 0.7194 -0.1474
vn -0.6904 0.6791 -0.2492
vn -0.6259 0.6728 -0.3944
vn -0.7351 0.6733 -0.0790
vn -0.7054 0.7081 0.0331
vn -0.7231 0.6898 -0.0375
vn -0.7312 0.6718 0.1180
vn -0.6822 0.7013 0.2068
vn -0.6781 0.7044 0.2099
vn -0.6055 0.7194 0.3403
vn -0.6851 0.6771 0.2687
vn -0.6020 0.6738 0.4285
vn -0.4922 0.7146 0.4971
vn -0.5788 0.6789 0.4517
vn -0.4581 0.6733 0.5803
vn -0.3447 0.7134 0.6101
vn -0.4182 0.6890 0.5920
vn -0.2903 0.6732 0.6801
vn -0.1903 0.7011 0.6872
vn -0.1858 0.7046 0.6849
vn -0.0460 0.7189 0.6936
vn -0.1344 0.6844 0.7166
vn 0.0283 0.6719 0.7401
vn 0.1348 0.6989 0.7024
vn 0.0670 0.6949 0.7160
vn 0.2143 0.6638 0.7165
vn 0.3123 0.7151 0.6254
vn 0.2394 0.6915 0.6816
vn 0.4001 0.6741 0.6209
vn 0.4762 0.7147 0.5123
vn 0.4248 0.6763 0.6018
vn 0.5616 0.6733 0.4809
vn 0.6012 0.7145 0.3577
vn 0.5781 0.6789 0.4526
vn 0.6738 0.6733 0.3044
vn 0.6839 0.7065 0.1821
vn 0.6754 0.6889 0.2631
vn 0.7485 0.6541 0.1095
vn 0.6976 0.7162 -0.0207
vn 0.7082 0.7035 0.0593
vn 0.7381 0.6651 -0.1129
vn 0.6737 0.7056 -0.2199
vn 0.7101 0.6885 -0.1475
vn 0.6872 0.6540 -0.3162
vn 0.5732 0.7165 -0.3975
vn 0.6270 0.7026 -0.3365
vn 0.5573 0.6651 -0.4970
vn 0.4453 0.7068 -0.5497
vn 0.5149 0.6884 -0.5108
vn 0.4039 0.6577 -0.6359
vn 0.2793 0.7120 -0.6443
vn 0.3372 0.7072 -0.6214
vn 0.2135 0.6673 -0.7136
vn 0.1148 0.7003 -0.7046
vn 0.1086 0.7050 -0.7009
vn -0.0345 0.7037 -0.7096
vn 0.0462 0.6912 -0.7212
vn -0.1216 0.6520 -0.7484
vn -0.2308 0.7166 -0.6582
vn -0.1545 0.7025 -0.6947
vn -0.3310 0.6656 -0.6688
vn -0.4126 0.7141 -0.5655
vn -0.3544 0.6800 -0.6419
vn -0.5011 0.6730 -0.5441
vn -0.5489 0.7118 -0.4382
vn -0.5176 0.6911 -0.5045
vn 0.1635 -0.7011 -0.6940
vn 0.2295 -0.6991 -0.6772
vn 0.2168 -0.7071 -0.6731
vn 0.3294 -0.6861 -0.6487
vn 0.3918 -0.7076 -0.5881
vn 0.4649 -0.6970 -0.5460
vn 0.5170 -0.7044 -0.4864
vn 0.1631 -0.6997 -0.6956
vn 0.5250 -0.7004 -0.4835
vn 0.6050 -0.6861 -0.4040
vn 0.6301 -0.7073 -0.3205
vn 0.6719 -0.6979 -0.2480
vn 0.6889 -0.7045 -0.1707
vn 0.6929 -0.7019 -0.1650
vn 0.7167 -0.6949 -0.0577
vn 0.6995 -0.7141 0.0260
vn 0.7034 -0.7016 0.1141
vn 0.6827 -0.7049 0.1925
vn 0.6822 -0.7053 0.1926
vn 0.6638 -0.6963 0.2730
vn 0.6656 -0.6936 0.2756
vn 1.0000 0.0000 -0.0008
vn 1.0000 0.0004 -0.0007
vn 0.9965 0.0050 -0.0839
vn 0.9988 -0.0025 -0.0483
vn 0.8294 -0.0242 -0.5582
vn 0.6851 0.0475 -0.7269
vn -0.9999 -0.0092 -0.0095
vn -1.0000 0.0009 0.0060
vn -1.0000 -0.0049 -0.0029
vn -0.9997 -0.0151 -0.0184
vn -0.0004 0.0000 -1.0000
vn -0.0001 0.0001 -1.0000
vn -0.0005 0.0000 -1.0000
vn -0.0700 -0.7111 -0.6996
vn -0.1674 -0.7264 -0.6666
vn -0.1792 -0.7180 -0.6726
vn -0.0941 -0.6978 -0.7101
vn -0.0064 -0.7243 -0.6894
vn 0.0596 -0.7038 -0.7079
vn 0.0994 -0.7049 -0.7023
vn 0.1316 -0.7051 -0.6968
vn 0.1305 -0.7010 -0.7011
vn -0.5797 -0.7152 -0.3905
vn -0.6982 -0.6982 -0.1585
vn -0.6539 0.7151 -0.2470
vn -0.6698 0.7195 -0.1834
vn -0.5912 0.7183 -0.3669
vn -0.6288 0.7041 -0.3299
vn -0.6969 0.7092 -0.1069
vn -0.5445 0.7121 -0.4433
vn -0.4800 0.7158 -0.5072
vn -0.4791 0.7073 -0.5198
vn -0.4263 0.7099 -0.5606
vn -0.4224 0.7120 -0.5610
vn -0.7028 0.7114 0.0089
vn -0.7037 0.7104 0.0120
vn -0.6751 0.7129 0.1895
vn -0.6958 0.7115 0.0980
vn -0.6655 0.7044 0.2467
vn -0.6224 0.7162 0.3158
vn -0.5876 0.7201 0.3690
vn -0.5475 0.7093 0.4440
vn -0.4787 0.7141 0.5108
vn -0.4788 0.7072 0.5202
vn -0.4258 0.7102 0.5606
vn -0.4224 0.7121 0.5609
vn -0.0001 -0.1645 -0.9864
vn -0.0002 -0.1645 -0.9864
vn -0.0001 -0.1644 -0.9864
vn 0.0279 0.0029 0.9996
vn 0.5566 -0.0037 0.8308
vn 0.2823 0.0572 0.9576
vn 0.8718 0.0433 0.4880
vn 0.8918 -0.0343 0.4511
vn -0.4880 0.0433 0.8717
vn 0.9996 0.0029 -0.0279
vn 0.9788 0.0445 -0.2001
vn 0.8322 -0.0203 -0.5541
vn 0.7043 0.0217 -0.7095
vn 0.4524 -0.0242 -0.8915
vn -0.4511 -0.0343 0.8918
vn -0.8308 -0.0037 0.5566
vn -0.9396 0.0514 0.3385
vn -0.9989 -0.0123 0.0452
vn -0.9679 0.0250 -0.2499
vn -0.8915 -0.0242 -0.4524
vn 0.2499 0.0250 -0.9679
vn -0.0452 -0.0123 -0.9989
vn -0.2571 0.0364 -0.9657
vn -0.5541 -0.0203 -0.8322
vn -0.7095 0.0217 -0.7044
vn -1.0000 -0.0006 0.0013
vn -1.0000 -0.0004 0.0003
vn -1.0000 -0.0005 0.0042
vn -1.0000 -0.0005 0.0003
vn -1.0000 -0.0000 -0.0002
vn -0.1568 0.0138 0.9875
vn 1.0000 -0.0000 -0.0001
vn 1.0000 0.0002 -0.0003
vn 1.0000 0.0002 -0.0011
vn 1.0000 0.0002 -0.0019
vn 1.0000 -0.0003 -0.0001
vn 1.0000 0.0002 -0.0002
vn 1.0000 0.0001 0.0002
vn 1.0000 0.0006 0.0003
vn 1.0000 0.0000 0.0001
vn 1.0000 0.0007 0.0003
vn -0.5592 0.2933 0.7754
vn -0.3845 0.5083 0.7706
vn -0.4558 0.4613 0.7612
vn -0.5142 0.4062 0.7554
vn -0.0413 0.6985 0.7144
vn 0.0035 0.7041 0.7101
vn -0.0023 0.7068 0.7074
vn -0.6384 0.0473 0.7683
vn -0.6418 0.0007 0.7669
vn -0.6372 0.0033 0.7707
vn -0.6359 0.0041 0.7717
vn 0.0002 0.0000 -1.0000
vn -0.1337 0.0016 0.9910
vn -0.0012 -0.0025 1.0000
vn -0.1124 0.0077 0.9936
vn -0.1977 0.0002 0.9803
vn 0.0314 0.0017 0.9995
vn -0.2023 -0.0079 0.9793
vn 0.1317 -0.0019 0.9913
vn 0.1623 0.0044 0.9867
vn 0.2124 -0.0044 0.9772
vn 0.2218 0.0071 0.9751
vn -0.7148 -0.5543 0.4265
vn -0.7129 -0.5563 0.4270
vn -0.7144 -0.5547 0.4266
vn -0.7113 -0.5580 0.4274
vn 0.0984 0.0298 -0.9947
vn 0.0006 0.0001 -1.0000
vn 0.0631 0.0190 -0.9978
vn 0.4397 0.1333 -0.8882
vn 1.0000 -0.0004 -0.0100
vn 0.9987 0.0032 0.0510
vn 0.9579 0.0092 0.2868
vn 0.9992 -0.0012 -0.0407
vn 0.9984 0.0007 -0.0574
vn -0.7113 0.0010 0.7029
vn -0.9071 0.0010 0.4208
vn -0.7464 -0.0011 0.6655
vn -0.4816 -0.0010 0.8764
vn -0.9296 -0.0011 0.3686
vn -0.9978 0.0013 0.0661
vn -0.9998 -0.0011 0.0197
vn -0.9573 0.0012 -0.2892
vn -0.9386 -0.0011 -0.3449
vn -0.7934 0.0007 -0.6087
vn -0.7687 -0.0010 -0.6396
vn -0.5573 0.0006 -0.8303
vn -0.4296 0.0012 0.9030
vn -0.1683 -0.0009 0.9857
vn -0.1109 0.0012 0.9938
vn -0.5181 -0.0008 -0.8553
vn -0.2185 0.0009 -0.9758
vn -0.1726 -0.0012 -0.9850
vn 0.1832 0.0013 -0.9831
vn 0.2424 -0.0018 -0.9702
vn 0.5808 0.0022 -0.8141
vn 0.6310 -0.0017 -0.7758
vn 0.8702 0.0021 -0.4927
vn 0.9026 -0.0012 -0.4306
vn 0.9956 0.0013 -0.0933
vn 0.9990 -0.0008 -0.0450
vn 0.9589 0.0009 0.2838
vn 0.9482 -0.0007 0.3176
vn 0.7965 0.0004 0.6046
vn 0.7697 -0.0009 0.6384
vn 0.5483 0.0011 0.8363
vn 0.5065 -0.0013 0.8622
vn 0.2456 0.0013 0.9694
vn 0.1822 -0.0013 0.9833
vn 0.0002 -1.0000 0.0009
vn 0.0008 -1.0000 0.0008
vn 0.0010 -1.0000 0.0006
vn 0.0009 -1.0000 -0.0007
vn 0.0009 -1.0000 -0.0003
vn 0.0009 -1.0000 -0.0009
vn 0.0009 -1.0000 -0.0006
vn 0.0008 -1.0000 -0.0006
vn -0.0001 -1.0000 -0.0010
vn -0.0002 -1.0000 0.0012
vn -0.0002 -1.0000 -0.0006
vn -0.0008 -1.0000 0.0010
vn -0.0006 -1.0000 0.0012
vn -0.0007 -1.0000 -0.0002
vn -0.0008 -1.0000 -0.0009
vn -0.0002 -1.0000 -0.0014
vn 0.7144 -0.5547 -0.4266
vn 0.7148 -0.5542 -0.4265
vn 0.7133 -0.5560 -0.4268
vn 0.7113 -0.5580 -0.4274
vn 0.1194 0.5239 -0.8434
vn 0.0016 -1.0000 0.0027
vn 0.0001 -1.0000 0.0002
vn -0.0002 -1.0000 -0.0002
vn 0.0001 -1.0000 0.0004
vn 0.0001 -1.0000 -0.0006
vn -0.0021 -0.9999 0.0124
vn 0.8564 0.0067 -0.5162
vn 0.9049 0.0225 -0.4250
vn 0.8455 0.0084 -0.5339
vn 0.9095 0.0564 -0.4120
vn 0.9094 0.0000 -0.4160
vn 0.7817 0.0047 -0.6236
vn 0.8004 0.0022 -0.5995
vn 0.7751 -0.0024 -0.6318
vn 0.7232 0.0074 -0.6906
vn 0.6808 0.0062 -0.7325
vn 0.6465 0.0080 -0.7629
vn 0.6023 0.0062 -0.7982
vn 0.5526 0.0066 -0.8334
vn 0.5701 0.0073 -0.8215
vn 0.4970 0.0016 -0.8678
vn 0.4716 0.0058 -0.8818
vn 0.4702 0.0066 -0.8825
vn 0.5736 -0.0001 0.8191
vn 0.5739 -0.0002 0.8189
vn 0.5509 -0.3183 0.7715
vn 0.5737 -0.0002 0.8191
vn 0.5735 0.0000 0.8192
vn 0.5536 -0.2901 0.7806
vn 0.5737 -0.0001 0.8191
vn 0.5607 -0.2113 0.8006
vn 0.6063 -0.4517 0.6545
vn 0.5652 -0.4504 0.6912
vn 0.6831 -0.4465 0.5779
vn 0.6061 -0.4707 0.6411
vn 0.7210 -0.4629 0.5157
vn 0.7566 -0.4596 0.4651
vn 0.8090 -0.4241 0.4071
vn 1.0000 0.0001 0.0000
vn 1.0000 0.0002 0.0000
vn 1.0000 0.0001 0.0001
vn 0.0003 -0.1647 0.9863
vn 0.0002 -0.1644 0.9864
vn 0.0005 -0.1647 0.9863
vn 0.0001 -0.1644 0.9864
vn 0.0001 -0.1645 0.9864
vn 0.0005 0.0007 -1.0000
vn 0.0004 0.0005 -1.0000
vn 0.0003 0.0002 -1.0000
vn 0.5143 0.6999 0.4956
vn 0.4074 0.7180 0.5644
vn 0.4393 0.7370 0.5136
vn 0.5422 0.6993 0.4659
vn 0.5601 0.7207 0.4086
vn 0.5814 0.7199 0.3792
vn 0.3765 0.7179 0.5855
vn 0.5885 0.7441 0.3163
vn 0.6156 0.7245 0.3102
vn 0.6567 0.6881 0.3086
vn 0.3147 0.7198 0.6188
vn 0.2907 0.7228 0.6270
vn 0.2499 0.7242 0.6427
vn 0.2499 0.7213 0.6459
vn -0.0007 1.0000 -0.0000
vn -0.0006 1.0000 0.0001
vn -0.0000 1.0000 0.0003
vn -0.0001 1.0000 -0.0004
vn -0.0004 1.0000 -0.0007
vn 0.0002 1.0000 0.0002
vn -0.0011 1.0000 -0.0002
vn -0.0012 1.0000 -0.0001
vn -0.0011 1.0000 0.0002
vn -0.0008 1.0000 0.0002
vn -0.0009 1.0000 0.0008
vn -0.0003 1.0000 0.0004
vn -0.0001 1.0000 -0.0006
vn 0.0002 1.0000 -0.0009
vn -0.0001 1.0000 0.0009
vn 0.0003 1.0000 0.0011
vn 0.0005 1.0000 0.0011
vn -0.0002 1.0000 -0.0001
vn 0.0002 -0.0000 1.0000
vn -0.6549 0.0155 -0.7556
vn -0.7828 0.0049 -0.6223
vn -0.6477 0.0022 -0.7619
vn -0.7289 0.0052 -0.6846
vn -0.7674 -0.0027 -0.6411
vn -0.7968 0.0035 -0.6042
vn -0.5545 0.0031 -0.8322
vn -0.6001 0.0180 -0.7997
vn -0.5540 0.0042 -0.8325
vn -0.4886 0.0029 -0.8725
vn -0.4689 0.0074 -0.8832
vn -0.4715 0.0054 -0.8819
vn -0.8524 0.0097 -0.5228
vn -0.8508 0.0042 -0.5254
vn -0.8991 0.0042 -0.4377
vn -0.9056 0.0292 -0.4231
vn -0.9096 0.0549 -0.4119
vn -0.0007 -1.0000 0.0004
vn 0.0001 -1.0000 0.0003
vn -0.0004 -1.0000 0.0004
vn -0.0013 -1.0000 -0.0011
vn 0.0006 -1.0000 0.0002
vn -0.0005 -1.0000 0.0027
vn -0.0009 -1.0000 0.0030
vn 0.0005 -1.0000 0.0019
vn 0.0013 -1.0000 0.0006
vn 0.0014 -1.0000 -0.0003
vn 0.0008 -1.0000 0.0002
vn 0.0011 -1.0000 -0.0028
vn 0.0014 -1.0000 -0.0026
vn 0.0008 -1.0000 -0.0016
vn 0.0006 -1.0000 -0.0012
vn -0.0014 -1.0000 -0.0011
vn -1.0000 0.0002 -0.0004
vn -1.0000 0.0004 -0.0004
vn -1.0000 0.0001 -0.0003
vn -1.0000 0.0005 -0.0005
vn -0.4017 0.0005 0.9158
vn -0.6908 0.0004 0.7230
vn -0.4249 -0.0003 0.9052
vn -0.6934 -0.0005 0.7205
vn -0.9029 0.0009 0.4299
vn -0.8919 -0.0011 0.4522
vn -0.9883 -0.0012 0.1525
vn -0.9973 0.0016 0.0737
vn -0.1063 -0.0005 0.9943
vn -0.0781 0.0008 0.9969
vn 0.2341 -0.0009 0.9722
vn 0.2813 0.0011 0.9596
vn 0.5807 -0.0012 0.8141
vn 0.6159 0.0010 0.7878
vn 0.8424 -0.0013 0.5388
vn 0.8775 0.0014 0.4796
vn 0.9905 -0.0019 0.1375
vn 0.9961 0.0019 0.0885
vn 0.9618 -0.0019 -0.2739
vn 0.9561 0.0014 -0.2929
vn 0.7891 0.0009 -0.6143
vn 0.7677 -0.0012 -0.6408
vn 0.6053 0.0013 -0.7960
vn 0.4158 -0.0027 -0.9095
vn 0.2575 0.0017 -0.9663
vn 0.0048 -0.0025 -1.0000
vn -0.1951 0.0014 -0.9808
vn -0.4915 -0.0017 -0.8709
vn -0.4718 0.0015 -0.8817
vn -0.7828 0.0018 -0.6223
vn -0.8256 -0.0023 -0.5642
vn -0.9581 0.0019 -0.2866
vn -0.9785 -0.0014 -0.2064
vn 0.0009 -1.0000 0.0037
vn -0.0068 0.0040 -1.0000
vn -0.0053 0.0015 -1.0000
vn -0.0071 0.0048 -1.0000
vn -0.0029 -0.0048 -1.0000
vn -0.0031 -0.0004 -1.0000
vn -0.0045 -0.0007 -1.0000
vn 0.0062 -0.9999 -0.0121
vn 0.0142 -0.9994 -0.0330
vn -0.0023 -1.0000 0.0009
vn -0.0025 -1.0000 0.0030
vn 0.0396 -0.9987 -0.0321
vn 0.0165 -0.9927 0.1192
vn -0.0020 -1.0000 -0.0011
vn -0.0005 -1.0000 -0.0057
vn 0.0006 -1.0000 -0.0003
vn 0.0004 -1.0000 -0.0002
vn 0.0003 -1.0000 -0.0000
vn -0.0002 -1.0000 -0.0007
vn -0.0004 -1.0000 -0.0005
vn -0.0006 -1.0000 -0.0002
vn -0.0001 -1.0000 0.0004
vn -0.0003 -1.0000 0.0004
vn -0.0008 -1.0000 -0.0004
vn 0.9466 -0.1914 0.2596
vn 1.0000 0.0010 -0.0058
vn 1.0000 0.0003 -0.0013
vn 1.0000 0.0006 -0.0052
vn 0.9977 -0.0084 0.0669
vn 0.9422 -0.0408 0.3326
vn 0.0044 1.0000 0.0003
vn 0.0064 1.0000 0.0011
vn 0.1441 0.9892 -0.0264
vn 0.0015 1.0000 -0.0001
vn 0.0013 1.0000 -0.0002
vn 0.3924 0.5041 -0.7694
vn 0.4438 0.4697 -0.7632
vn 0.5586 0.2958 -0.7749
vn 0.5138 0.4074 -0.7550
vn 0.0185 0.7026 -0.7113
vn -0.0022 0.7045 -0.7097
vn 0.0026 0.7067 -0.7075
vn 0.6400 0.0460 -0.7670
vn 0.6418 0.0007 -0.7669
vn 0.6422 0.0004 -0.7665
vn 0.6426 0.0001 -0.7662
vn 0.2848 0.0006 -0.9586
vn 0.3535 0.0005 -0.9354
vn 0.2839 -0.0000 -0.9588
vn 0.3560 0.0018 -0.9345
vn 0.1503 -0.0000 -0.9886
vn -0.0208 -0.0062 -0.9998
vn -0.1414 0.0012 -0.9900
vn -0.2106 -0.0117 -0.9775
vn -0.2939 0.0008 -0.9558
vn -0.3260 -0.0132 -0.9453
vn -0.3559 0.0016 -0.9345
vn -0.5619 -0.4459 0.6967
vn -0.5675 -0.2273 0.7914
vn -0.5598 -0.2710 0.7831
vn -0.5737 -0.0003 0.8190
vn -0.5736 -0.0002 0.8191
vn -0.5744 -0.0001 0.8185
vn -0.5628 -0.0030 0.8266
vn -0.6579 -0.4427 0.6093
vn -0.5617 -0.0032 0.8274
vn -0.6467 -0.4713 0.5997
vn -0.5554 -0.4653 0.6892
vn -0.7580 -0.4567 0.4656
vn -0.7802 -0.4390 0.4457
vn -0.8260 -0.4125 0.3841
vn 0.0002 0.0003 -1.0000
vn -0.0004 -0.0010 1.0000
vn -0.0008 -0.0005 1.0000
vn -0.0009 -0.0004 1.0000
vn -0.0013 0.0001 1.0000
vn 0.0109 0.9999 0.0083
vn 0.0203 0.9993 0.0302
vn 0.0431 0.9989 0.0189
vn 0.0218 0.9955 -0.0918
vn -0.0002 -1.0000 -0.0028
vn 0.0005 -1.0000 -0.0031
vn 0.0001 -1.0000 -0.0023
vn -0.0001 -1.0000 -0.0012
vn 0.0001 -1.0000 -0.0034
vn 0.0014 -0.9999 -0.0104
vn -0.0026 -1.0000 -0.0032
vn 0.0032 -0.9998 -0.0214
vn 0.0057 -0.9996 -0.0286
vn 0.0012 -1.0000 -0.0034
vn 0.0020 -1.0000 -0.0018
vn 0.0019 -1.0000 -0.0025
vn 0.0020 -1.0000 -0.0029
vn -1.0000 -0.0029 -0.0072
vn -1.0000 -0.0021 -0.0060
vn -1.0000 -0.0016 -0.0052
vn -1.0000 -0.0008 -0.0040
vn -1.0000 -0.0001 0.0001
vn -1.0000 -0.0003 0.0001
vn -1.0000 -0.0001 0.0000
vn 0.7852 -0.2870 -0.5487
vn 0.0000 -0.0001 1.0000
vn 0.1567 0.0102 -0.9876
vn 1.0000 0.0003 -0.0006
vn 1.0000 -0.0000 0.0002
vn 1.0000 0.0030 -0.0055
vn -0.1504 -0.0002 0.9886
vn -0.0001 -0.0004 1.0000
vn -0.1488 0.0004 0.9889
vn 0.0024 0.0005 1.0000
vn 0.1502 -0.0005 0.9887
vn 0.1536 0.0007 0.9881
vn -0.2826 0.0002 0.9592
vn -0.2851 -0.0008 0.9585
vn -0.3531 -0.0005 0.9356
vn -0.3563 -0.0021 0.9344
vn 0.2840 -0.0006 0.9588
vn 0.2872 0.0010 0.9579
vn 0.3542 -0.0002 0.9352
vn 0.3581 0.0017 0.9337
vn -1.0000 0.0002 -0.0001
vn -1.0000 0.0002 0.0008
vn -1.0000 0.0003 -0.0002
vn -1.0000 0.0002 0.0017
vn -1.0000 -0.0002 0.0000
vn 0.9981 -0.0095 -0.0615
vn 1.0000 -0.0009 0.0059
vn 0.9999 -0.0030 0.0098
vn 1.0000 -0.0004 0.0002
vn 0.9363 -0.0419 -0.3486
vn 0.0001 -1.0000 0.0010
vn -0.0000 -1.0000 0.0009
vn 0.0008 -1.0000 0.0071
vn -0.0003 -1.0000 -0.0005
vn 0.0038 -0.9997 0.0260
vn 0.0049 -0.9994 0.0328
vn 0.0004 -1.0000 0.0008
vn 0.0005 -1.0000 0.0002
vn 0.0004 -1.0000 0.0025
vn 0.0004 -1.0000 0.0030
vn 0.0024 -1.0000 -0.0020
vn 0.0016 -1.0000 -0.0013
vn 0.0153 -0.9998 -0.0124
vn 0.0002 -1.0000 0.0005
vn 0.0038 -1.0000 -0.0017
vn -0.0021 -1.0000 -0.0006
vn -0.0010 -1.0000 -0.0002
vn -0.0017 -0.3615 -0.9324
vn -0.0005 -0.3603 -0.9328
vn -0.0082 -0.3642 -0.9313
vn 0.0002 -0.3625 -0.9320
vn 0.0026 -0.3771 -0.9262
vn -0.0118 -0.3681 -0.9297
vn 0.0003 -0.3628 -0.9319
vn 0.0010 -0.3731 -0.9278
vn -0.0004 -0.3630 -0.9318
vn 0.0670 -0.7478 -0.6605
vn -0.0008 -0.3626 -0.9320
vn 0.0012 -0.3624 -0.9320
vn -0.0001 -0.3625 -0.9320
vn 0.0074 -0.3621 -0.9321
vn 0.0099 -0.3620 -0.9321
vn 0.0001 1.0000 0.0003
vn 0.0002 1.0000 0.0006
vn 0.0018 1.0000 -0.0036
vn -0.0077 0.9999 -0.0092
vn 0.0029 0.9889 0.1485
vn -0.0500 0.9981 -0.0347
vn -0.0203 0.9994 -0.0277
vn 0.0010 1.0000 0.0001
vn 0.0016 1.0000 0.0034
vn 0.0000 1.0000 0.0005
vn 0.0020 -1.0000 -0.0004
vn -0.0072 -0.9999 0.0150
vn -0.0142 -0.9994 0.0328
vn 0.0025 -1.0000 -0.0030
vn -0.0395 -0.9986 0.0349
vn -0.0140 -0.9850 -0.1719
vn 0.0020 -1.0000 0.0039
vn 0.0005 -1.0000 -0.0004
vn 0.0002 -1.0000 0.0004
vn -0.9553 -0.0041 -0.2957
vn -0.9714 0.0192 -0.2368
vn -0.9336 0.0049 -0.3583
vn -0.9264 -0.0062 -0.3765
vn -0.9891 0.0016 -0.1473
vn -0.9985 0.0545 -0.0063
vn 0.0015 -0.0014 -1.0000
vn 0.0012 -0.0011 -1.0000
vn 0.0002 0.0002 -1.0000
vn 0.0026 -0.0027 -1.0000
vn -0.0016 -0.0010 -1.0000
vn -0.0024 0.0000 -1.0000
vn -0.0013 -0.0013 -1.0000
vn -0.0005 -0.0023 -1.0000
vn 0.9511 0.0038 -0.3089
vn 0.9885 -0.0071 -0.1510
vn 0.9784 -0.0345 -0.2038
vn 0.9926 -0.0940 0.0765
vn 0.9290 -0.0134 -0.3699
vn 0.9173 0.0000 -0.3982
vn -0.6094 0.7104 -0.3521
vn -0.6864 0.6980 -0.2042
vn -0.5959 0.7141 -0.3675
vn -0.6151 0.7319 -0.2933
vn -0.5192 0.7302 -0.4442
vn -0.4811 0.7041 -0.5223
vn -0.6940 0.7087 -0.1271
vn -0.6599 0.7482 -0.0686
vn -0.6987 0.7151 0.0207
vn -0.6956 0.7107 0.1052
vn -0.6667 0.7279 0.1600
vn -0.6622 0.7158 0.2214
vn -0.6235 0.7215 0.3012
vn -0.5993 0.7030 0.3828
vn -0.5639 0.7082 0.4247
vn -0.5045 0.7088 0.4930
vn -0.4952 0.7147 0.4939
vn -0.4115 0.7316 0.5435
vn -0.3485 0.7102 0.6117
vn -0.2740 0.7208 0.6367
vn -0.2254 0.7319 0.6431
vn -0.1455 0.7104 0.6886
vn -0.0435 0.7284 0.6838
vn -0.0040 0.7361 0.6768
vn 0.0912 0.7087 0.6996
vn 0.1871 0.7151 0.6735
vn 0.2265 0.7402 0.6330
vn 0.3076 0.7192 0.6230
vn 0.3824 0.7279 0.5691
vn 0.4628 0.7206 0.5163
vn 0.4713 0.7071 0.5271
vn 0.5213 0.7272 0.4466
vn 0.5990 0.6961 0.3958
vn 0.6295 0.7108 0.3137
vn 0.6617 0.7093 0.2431
vn 0.6592 0.7134 0.2376
vn 0.6721 0.7280 0.1351
vn 0.6937 0.7189 0.0442
vn 0.6724 0.7393 -0.0352
vn 0.6833 0.7074 -0.1807
vn 0.6952 0.7131 -0.0905
vn 0.6214 0.7384 -0.2620
vn 0.5958 0.7088 -0.3777
vn 0.6232 0.7083 -0.3317
vn 0.5272 0.7237 -0.4454
vn 0.4655 0.7174 -0.5183
vn 0.4119 0.7295 -0.5460
vn 0.2890 0.7055 -0.6471
vn 0.3759 0.7200 -0.5834
vn 0.1896 0.7371 -0.6487
vn 0.0556 0.7092 -0.7028
vn 0.1522 0.7282 -0.6683
vn -0.0377 0.7345 -0.6775
vn -0.1646 0.7110 -0.6837
vn -0.0873 0.7205 -0.6879
vn -0.2448 0.7318 -0.6360
vn -0.3445 0.7145 -0.6090
vn -0.3511 0.7101 -0.6103
vn -0.4115 0.7184 -0.5608
vn 0.0002 -0.7070 0.7072
vn 0.0002 -0.7071 0.7071
vn 0.0004 -0.7066 0.7076
vn 0.0005 -0.7065 0.7077
vn 1.0000 0.0002 0.0003
vn 1.0000 0.0004 0.0008
vn 1.0000 0.0005 0.0012
vn -0.9950 -0.0881 -0.0465
vn -0.9756 -0.0318 0.2174
vn -0.9877 -0.0075 0.1563
vn -0.9514 0.0031 0.3078
vn -0.9287 -0.0114 0.3706
vn -0.9194 -0.0000 0.3933
vn 0.0021 -0.0023 1.0000
vn 0.0026 -0.0029 1.0000
vn 0.0045 -0.0052 1.0000
vn -0.0005 0.3624 -0.9320
vn -0.0000 0.3625 -0.9320
vn -0.0004 0.3624 -0.9320
vn -0.0000 0.2494 -0.9684
vn -0.0007 0.3624 -0.9320
vn -0.0000 0.2290 -0.9734
vn 0.0006 0.3617 -0.9323
vn -0.0193 0.3648 -0.9309
vn -0.0227 0.3653 -0.9306
vn -0.0049 -0.0011 1.0000
vn 0.0388 -0.0029 0.9992
vn -0.0089 0.0040 1.0000
vn -0.0131 0.0043 0.9999
vn -0.0618 -0.0008 0.9981
vn -0.6030 0.0074 0.7977
vn -0.5530 0.0069 0.8332
vn -0.6530 0.0041 0.7574
vn -0.6900 0.0036 0.7238
vn -0.5755 0.0091 0.8177
vn -0.5108 0.0029 0.8597
vn -0.4762 0.0069 0.8793
vn -0.7812 -0.0002 0.6242
vn -0.7258 0.0095 0.6879
vn -0.7767 -0.0010 0.6299
vn -0.7997 0.0024 0.6004
vn -0.8467 0.0074 0.5319
vn -0.8556 0.0029 0.5176
vn -0.9033 0.0190 0.4285
vn -0.9084 0.0000 0.4181
vn -0.9065 0.0452 0.4198
vn -0.4767 0.0066 0.8791
vn 0.3385 0.0514 0.9396
vn 0.0452 -0.0123 0.9989
vn -0.2499 0.0250 0.9679
vn -0.4524 -0.0242 0.8915
vn 0.9996 0.0031 -0.0265
vn 0.9590 0.0561 -0.2779
vn 0.8347 -0.0038 -0.5507
vn 0.7596 0.0380 -0.6493
vn 0.6533 -0.0495 -0.7555
vn -0.7044 0.0217 0.7095
vn -0.8322 -0.0203 0.5541
vn -0.9657 0.0364 0.2570
vn -0.9995 -0.0163 0.0276
vn -0.9541 0.0281 -0.2981
vn -0.8960 -0.0171 -0.4437
vn -0.6339 0.0129 -0.7733
vn -0.5853 -0.0202 -0.8106
vn -0.4138 -0.0016 -0.9104
vn -0.3859 0.0166 -0.9224
vn 0.0086 0.0040 -1.0000
vn 0.0052 -0.0010 -1.0000
vn -0.0379 -0.0028 -0.9993
vn 0.0133 0.0043 -0.9999
vn 0.0616 -0.0007 -0.9981
vn -0.8202 0.5421 -0.1827
vn 0.1526 0.0070 -0.9883
vn 0.1425 0.0142 -0.9897
vn 0.1711 -0.0064 -0.9852
vn 0.1289 0.0240 -0.9914
vn 0.1477 -0.0013 0.9890
vn 0.5124 -0.7178 0.4713
vn 0.4484 -0.7085 0.5449
vn 0.3587 -0.7179 0.5966
vn 0.5576 -0.7163 0.4196
vn 0.6299 -0.7117 0.3111
vn 0.6586 -0.7036 0.2669
vn 0.6832 -0.7130 0.1579
vn 0.6816 -0.7212 0.1236
vn 0.2854 -0.7200 0.6325
vn 0.1686 -0.7160 0.6775
vn 0.2007 -0.6968 0.6886
vn 0.6993 -0.7146 0.0174
vn 0.6959 -0.7141 -0.0757
vn 0.6898 -0.7078 -0.1524
vn 0.6556 -0.7127 -0.2494
vn 0.6479 -0.7036 -0.2917
vn 0.5755 -0.7143 -0.3982
vn 0.5972 -0.6962 -0.3984
vn 0.5087 -0.7158 -0.4784
vn 0.4570 -0.7291 -0.5095
vn 0.4168 -0.7196 -0.5554
vn 0.3209 -0.7035 -0.6341
vn 0.2747 -0.6936 -0.6660
vn 0.1595 -0.7157 -0.6800
vn 0.1441 -0.7116 -0.6877
vn -0.0201 -0.7038 -0.7102
vn 0.0038 -0.7122 -0.7020
vn -0.1877 -0.7111 -0.6776
vn -0.1160 -0.7069 -0.6977
vn -0.2867 -0.7211 -0.6308
vn -0.3799 -0.7182 -0.5830
vn -0.4058 -0.6971 -0.5910
vn -0.4969 -0.7109 -0.4977
vn -0.5167 -0.7238 -0.4573
vn -0.5702 -0.7218 -0.3924
vn -0.6249 -0.7219 -0.2972
vn -0.6553 -0.7121 -0.2519
vn -0.6818 -0.7221 -0.1171
vn -0.6860 -0.7110 -0.1546
vn -0.6987 -0.7153 -0.0171
vn -0.6958 -0.7141 0.0769
vn -0.6907 -0.7077 0.1486
vn -0.6512 -0.7158 0.2520
vn -0.6450 -0.7088 0.2857
vn -0.5715 -0.7145 0.4036
vn -0.5912 -0.7001 0.4004
vn -0.4941 -0.7165 0.4925
vn -0.4736 -0.7266 0.4977
vn -0.3910 -0.7060 0.5905
vn -0.3937 -0.7045 0.5905
vn -0.2585 -0.7072 0.6581
vn -0.2764 -0.7048 0.6534
vn -0.1464 -0.7084 0.6904
vn -0.1230 -0.7068 0.6966
vn 0.0097 -0.7043 0.7098
vn -0.0177 -0.7138 0.7002
vn 0.0677 -0.7156 0.6952
vn 0.4372 -0.0037 0.8993
vn 0.4406 -0.0061 0.8977
vn 0.5442 -0.0020 0.8390
vn 0.5478 -0.0002 0.8366
vn 0.3644 -0.0042 0.9312
vn 0.3610 0.0000 0.9326
vn 0.6456 -0.0055 0.7637
vn 0.6557 0.0003 0.7550
vn 0.7379 -0.0012 0.6749
vn 0.7464 0.0032 0.6654
vn 0.8198 -0.0020 0.5726
vn 0.8198 -0.0022 0.5726
vn 0.8780 -0.0019 0.4787
vn 0.8785 -0.0014 0.4777
vn 0.9055 -0.0019 0.4244
vn 0.9065 0.0000 0.4223
vn -0.5972 0.0054 -0.8021
vn -0.3453 0.0074 -0.9385
vn -0.4521 -0.0158 -0.8918
vn -0.6989 -0.0044 -0.7152
vn -0.6409 0.0018 -0.7676
vn -0.6943 0.0010 -0.7197
vn -0.1623 -0.0067 -0.9867
vn -0.0888 0.0119 -0.9960
vn -0.7440 0.0000 -0.6682
vn 0.1560 -0.0038 -0.9877
vn 0.1339 0.0027 -0.9910
vn 0.4719 0.0187 -0.8814
vn -0.7439 0.0000 -0.6683
vn 0.3613 -0.0132 -0.9324
vn 0.5975 0.0132 -0.8018
vn 0.6409 0.0237 -0.7673
vn 0.6979 -0.0491 -0.7145
vn 0.9699 0.0101 0.2432
vn 0.1650 -0.0061 0.9863
vn 0.2286 0.0086 0.9735
vn -0.0840 0.0040 0.9965
vn 0.4928 -0.0100 0.8701
vn -0.1206 -0.0060 0.9927
vn -0.4149 0.0020 0.9099
vn -0.4285 -0.0091 0.9035
vn -0.7023 0.0037 0.7119
vn -0.6181 -0.0215 0.7858
vn -0.7828 -0.0116 0.6222
vn -0.8999 0.0012 0.4360
vn -0.9197 -0.0079 0.3925
vn -0.9938 0.0019 0.1111
vn -0.9955 -0.0025 0.0944
vn -0.9701 0.0060 -0.2427
vn -0.9641 -0.0019 -0.2655
vn -0.8257 0.0048 -0.5641
vn -0.8211 -0.0035 -0.5708
vn -0.5554 0.0125 -0.8315
vn -0.6156 -0.0173 -0.7879
vn -0.3664 -0.0140 -0.9304
vn -0.1901 0.0231 -0.9815
vn 0.0251 -0.0163 -0.9996
vn 0.2087 0.0174 -0.9778
vn 0.3811 -0.0189 -0.9243
vn 0.5663 0.0088 -0.8242
vn 0.6801 -0.0201 -0.7329
vn 0.8193 -0.0040 -0.5734
vn 0.8743 -0.0317 -0.4844
vn 0.9817 -0.0030 -0.1903
vn 0.9780 -0.0342 -0.2059
vn 0.9946 -0.0108 0.1030
vn 0.9632 0.0169 0.2682
vn 0.9048 -0.0052 0.4259
vn 0.7622 0.0093 0.6472
vn 0.7109 -0.0061 0.7033
vn 0.5216 -0.0006 0.8532
vn -0.0995 -0.0038 -0.9950
vn -0.2373 -0.0044 -0.9714
vn -0.1346 0.0051 -0.9909
vn 0.1598 0.0027 -0.9871
vn 0.2029 -0.0022 -0.9792
vn -0.2942 0.0060 -0.9557
vn 0.4101 -0.0059 -0.9120
vn 0.4308 0.0023 -0.9024
vn 0.5253 0.0045 -0.8509
vn 0.6322 0.0036 -0.7748
vn 0.7108 -0.0099 -0.7033
vn 0.9123 0.0073 -0.4094
vn 0.8670 -0.0213 -0.4978
vn 0.9779 -0.0131 -0.2085
vn 0.9999 0.0118 0.0082
vn 0.9971 -0.0022 0.0760
vn 0.9100 0.0104 0.4145
vn 0.9308 -0.0079 0.3654
vn 0.7841 -0.0115 0.6205
vn 0.6684 0.0133 0.7437
vn 0.5191 -0.0106 0.8546
vn 0.5019 0.0031 0.8649
vn 0.3616 0.0022 0.9323
vn 0.3229 -0.0021 0.9464
vn 0.0676 0.0010 0.9977
vn 0.0571 -0.0005 0.9984
vn -0.2073 -0.0077 0.9782
vn -0.1749 -0.0000 0.9846
vn -0.3745 -0.0006 0.9272
vn -0.5970 -0.0252 0.8018
vn -0.6517 -0.0015 0.7585
vn -0.8696 -0.0120 0.4936
vn -0.3345 -0.0011 0.9424
vn -0.8750 -0.0216 0.4837
vn -0.9774 -0.0023 0.2114
vn -0.9918 -0.0245 0.1256
vn -0.9689 0.0102 -0.2472
vn -0.9524 -0.0129 -0.3047
vn -0.7819 0.0044 -0.6234
vn -0.7619 -0.0336 -0.6468
vn -0.5902 -0.0244 -0.8069
vn -0.5890 0.0091 -0.8081
vn -0.8274 -0.0015 -0.5615
vn 0.2656 0.4734 -0.8398
vn 0.9670 -0.0066 -0.2546
vn 0.9703 0.0012 -0.2417
vn 0.9710 -0.0012 -0.2392
vn 0.9720 0.0052 -0.2349
vn 0.9978 0.0003 -0.0657
vn 0.0055 -0.8325 0.5540
vn 0.0034 -0.8312 0.5559
vn 0.0030 -0.8310 0.5563
vn 0.0002 -0.8294 0.5587
vn -0.0001 -0.0001 1.0000
vn 0.0000 -0.0003 1.0000
vn -0.0003 0.0001 1.0000
vn -0.9834 0.0019 0.1814
vn -0.9844 -0.0023 0.1758
vn -0.9837 0.0006 0.1796
vn -0.9827 0.0048 0.1853
vn -0.3949 -0.5834 0.7098
vn -0.3961 -0.5765 0.7147
vn -0.3903 -0.4837 0.7834
vn -0.3870 -0.4775 0.7888
vn -0.2418 -0.6645 0.7071
vn -0.0002 -0.3610 0.9326
vn 0.0054 -0.3638 0.9315
vn 0.0009 -0.3617 0.9323
vn -0.0006 -0.3626 0.9320
vn -0.0022 -0.3742 0.9273
vn 0.0080 -0.3666 0.9303
vn 0.0001 -0.3626 0.9320
vn 0.0005 -0.3630 0.9318
vn -0.0011 -0.3751 0.9270
vn 0.0009 -0.3626 0.9319
vn -0.0012 -0.3624 0.9320
vn -0.0000 -0.3625 0.9320
vn -0.0670 -0.7478 0.6605
vn 0.0001 -0.3624 0.9320
vn -0.0074 -0.3621 0.9321
vn -0.0100 -0.3620 0.9321
vn -0.4599 0.7008 0.5453
vn -0.3997 0.7010 0.5906
vn -0.3817 0.7078 0.5944
vn -0.3316 0.7163 0.6139
vn -0.4612 0.6983 0.5474
vn -0.2814 0.7016 0.6546
vn -0.2374 0.7043 0.6690
vn -0.2243 0.7004 0.6776
vn -0.2299 0.6918 0.6845
vn -0.5138 0.7011 0.4944
vn -0.5214 0.7079 0.4765
vn -0.5489 0.7164 0.4306
vn -0.5949 0.7013 0.3927
vn -0.6182 0.7003 0.3570
vn -0.6456 0.7013 0.3022
vn -0.6511 0.6996 0.2944
vn -0.6712 0.6938 0.2609
vn -0.6693 0.6965 0.2589
vn 0.6478 0.7201 -0.2486
vn 0.6871 0.7261 -0.0255
vn 0.6765 0.7247 -0.1313
vn 0.6750 0.6958 -0.2454
vn 0.5937 0.7189 -0.3615
vn 0.5428 0.7170 -0.4373
vn 0.5444 0.6993 -0.4633
vn 0.4636 0.7065 -0.5347
vn 0.3920 0.7197 -0.5731
vn 0.3329 0.7202 -0.6087
vn 0.1856 0.7169 -0.6720
vn 0.2717 0.6966 -0.6640
vn 0.1136 0.6993 -0.7058
vn 0.0370 0.7267 -0.6859
vn -0.0586 0.7255 -0.6857
vn -0.1171 0.6941 -0.7103
vn -0.2040 0.7197 -0.6636
vn -0.2771 0.7186 -0.6378
vn -0.3430 0.7047 -0.6211
vn -0.4386 0.7130 -0.5470
vn -0.4672 0.7073 -0.5306
vn -0.5713 0.7098 -0.4121
vn -0.5809 0.6997 -0.4159
vn -0.6443 0.7134 -0.2757
vn -0.6535 0.7205 -0.2321
vn -0.6919 0.7095 -0.1337
vn -0.6956 0.7179 -0.0271
vn -0.7014 0.7120 0.0329
vn -0.6784 0.7122 0.1805
vn -0.7067 0.6920 0.1475
vn -0.6355 0.7176 0.2851
vn -0.5823 0.7213 0.3750
vn -0.5868 0.7021 0.4034
vn -0.5053 0.7100 0.4904
vn -0.4497 0.7150 0.5353
vn -0.3549 0.7128 0.6049
vn -0.2760 0.7069 0.6512
vn -0.1871 0.7012 0.6880
vn -0.0927 0.7110 0.6971
vn -0.0215 0.7016 0.7123
vn 0.0833 0.7141 0.6951
vn 0.1513 0.7142 0.6834
vn 0.2846 0.7116 0.6423
vn 0.3030 0.6905 0.6569
vn 0.4123 0.7144 0.5654
vn 0.4574 0.7194 0.5227
vn 0.5292 0.7087 0.4665
vn 0.5919 0.7124 0.3769
vn 0.6199 0.7060 0.3424
vn 0.6635 0.7077 0.2427
vn 0.6660 0.7183 0.2011
vn 0.6850 0.7215 0.1012
vn 0.7230 0.6909 -0.0006
vn -0.5096 0.0056 0.8604
vn -0.6919 -0.0180 0.7217
vn -0.3896 -0.0167 0.9208
vn -0.7320 -0.0056 0.6813
vn -0.8581 -0.0192 0.5132
vn -0.9053 0.0058 0.4248
vn -0.9795 -0.0118 0.2010
vn -0.9925 0.0113 0.1217
vn -0.9907 -0.0131 -0.1351
vn -0.2235 0.0071 0.9747
vn -0.0299 -0.0181 0.9994
vn 0.0990 0.0117 0.9950
vn 0.3520 -0.0117 0.9359
vn 0.4368 0.0075 0.8995
vn 0.6201 -0.0155 0.7843
vn 0.7133 0.0012 0.7009
vn 0.7697 -0.0198 0.6381
vn -0.9857 0.0094 -0.1682
vn -0.8780 -0.0043 -0.4787
vn -0.8877 -0.0212 -0.4600
vn -0.6889 -0.0281 -0.7243
vn -0.6085 -0.0043 -0.7936
vn -0.4612 -0.0194 -0.8871
vn -0.3294 0.0031 -0.9442
vn -0.2000 -0.0163 -0.9797
vn 0.0842 0.0115 -0.9964
vn 0.1663 -0.0088 -0.9860
vn 0.4458 0.0085 -0.8951
vn 0.4685 -0.0052 -0.8834
vn 0.7424 0.0077 -0.6699
vn 0.6378 -0.0183 -0.7700
vn 0.7729 -0.0190 -0.6343
vn 0.9064 -0.0052 -0.4224
vn 0.9415 0.0107 -0.3367
vn 0.9881 -0.0181 -0.1525
vn 0.9999 -0.0041 -0.0149
vn 0.9994 -0.0318 0.0155
vn 0.9624 -0.0332 0.2696
vn 0.8770 -0.0209 0.4801
vn 0.0465 -0.7149 -0.6977
vn 0.0070 -0.7043 -0.7099
vn 0.1486 -0.7055 -0.6930
vn 0.2317 -0.7045 -0.6708
vn 0.6912 -0.7168 -0.0918
vn 0.7019 -0.7090 -0.0685
vn 0.7073 -0.7069 -0.0008
vn 0.7073 -0.7069 -0.0006
vn 0.7077 -0.7066 -0.0011
vn -0.0524 -0.6920 -0.7200
vn -0.0695 -0.7025 -0.7083
vn -0.0782 -0.7185 -0.6911
vn -0.7073 -0.7070 -0.0006
vn -0.6945 -0.7137 -0.0909
vn -0.6975 -0.7126 -0.0754
vn -0.5837 -0.6921 -0.4245
vn -0.5817 -0.6934 -0.4253
vn -0.7074 -0.7068 -0.0006
vn -0.7076 -0.7066 -0.0006
vn 0.1562 -0.0040 -0.9877
vn 0.3750 -0.0001 -0.9270
vn 0.4727 -0.0147 -0.8811
vn 0.1717 0.0011 -0.9852
vn -0.0809 0.0014 -0.9967
vn -0.0759 -0.0008 -0.9971
vn -0.3877 0.0030 -0.9218
vn -0.3457 -0.0022 -0.9384
vn 0.3406 -0.0005 -0.9402
vn -0.5427 -0.0154 -0.8398
vn -0.5371 0.0055 -0.8435
vn -0.5472 -0.0084 -0.8370
vn -0.8004 -0.0258 -0.5989
vn 0.6720 -0.0085 -0.7405
vn 0.7317 -0.0336 -0.6808
vn 0.9082 -0.0033 -0.4184
vn 0.9297 -0.0205 -0.3678
vn 0.9998 0.0041 -0.0198
vn 0.9998 -0.0150 -0.0105
vn 0.9509 -0.0125 0.3092
vn 0.9265 0.0010 0.3764
vn 0.7900 -0.0342 0.6122
vn 0.6553 -0.0016 0.7554
vn 0.5318 -0.0239 0.8465
vn 0.3558 -0.0007 0.9346
vn 0.2540 -0.0090 0.9672
vn 0.1097 0.0054 0.9940
vn -0.0558 -0.0052 0.9984
vn -0.0993 0.0049 0.9950
vn -0.3498 -0.0141 0.9367
vn -0.4006 0.0039 0.9163
vn -0.5427 0.0034 0.8399
vn -0.5562 -0.0055 0.8310
vn -0.7525 -0.0342 0.6577
vn -0.8452 -0.0023 0.5345
vn -0.9327 -0.0145 0.3604
vn -0.9633 0.0050 0.2684
vn -0.9991 -0.0326 0.0261
vn -0.9999 -0.0140 -0.0065
vn -0.9933 -0.0391 -0.1092
vn -0.0001 0.0003 1.0000
vn -0.0003 1.0000 -0.0005
vn 0.0006 1.0000 -0.0001
vn 0.0012 1.0000 -0.0002
vn 0.0025 1.0000 -0.0006
vn 0.0004 -1.0000 0.0002
vn -0.9665 0.0043 -0.2567
vn -0.9685 -0.0005 -0.2491
vn -0.9676 0.0018 -0.2524
vn -0.9732 -0.0039 -0.2299
vn -0.9992 -0.0120 0.0392
vn 0.9809 -0.0005 0.1946
vn 0.9829 0.0079 0.1838
vn 0.9816 0.0024 0.1910
vn 0.9796 -0.0055 0.2011
vn 0.4306 -0.5600 0.7078
vn 0.3963 -0.5825 0.7097
vn 0.3913 -0.5855 0.7099
vn 0.2418 -0.6645 0.7071
vn 0.4310 -0.5604 0.7072
vn 0.4311 -0.5605 0.7071
vn 0.0002 0.0001 1.0000
vn -0.7840 0.0058 -0.6207
vn -0.7826 0.0038 -0.6225
vn -0.7751 0.0392 -0.6306
vn -0.7614 0.0943 -0.6413
vn -0.6382 0.4204 -0.6449
vn -0.3295 0.7155 -0.6160
vn -0.3768 0.7076 -0.5978
vn -0.2784 0.7014 -0.6561
vn -0.4007 0.7014 -0.5895
vn -0.2394 0.7023 -0.6704
vn -0.2234 0.7011 -0.6771
vn -0.2277 0.6946 -0.6824
vn -0.4573 0.7061 -0.5406
vn -0.4628 0.6987 -0.5456
vn -0.4953 0.7160 -0.4919
vn -0.5435 0.7056 -0.4547
vn -0.5724 0.7064 -0.4163
vn -0.5823 0.7187 -0.3801
vn -0.6294 0.7008 -0.3358
vn -0.6517 0.7080 -0.2721
vn -0.6651 0.6972 -0.2674
vn -0.6753 0.6838 -0.2766
vn -0.4134 -0.5723 -0.7082
vn -0.4047 -0.5748 -0.7113
vn -0.4124 -0.5352 -0.7372
vn -0.4039 -0.5251 -0.7491
vn -0.2418 -0.6645 -0.7071
vn -0.5450 -0.7086 -0.4481
vn 0.7028 0.7113 -0.0094
vn 0.6969 0.7092 0.1069
vn 0.7036 0.7105 -0.0123
vn 0.6699 0.7195 0.1833
vn 0.6539 0.7151 0.2470
vn 0.5912 0.7183 0.3668
vn 0.6289 0.7042 0.3296
vn 0.5445 0.7121 0.4433
vn 0.6735 0.7138 -0.1921
vn 0.6956 0.7118 -0.0977
vn 0.6663 0.7037 -0.2467
vn 0.6212 0.7178 -0.3145
vn 0.5879 0.7172 -0.3742
vn 0.5459 0.7083 -0.4475
vn 0.4832 0.7101 -0.5122
vn 0.4800 0.7158 0.5072
vn 0.4791 0.7073 0.5198
vn 0.4263 0.7099 0.5606
vn 0.4224 0.7120 0.5610
vn 0.4842 0.7086 -0.5132
vn 0.4259 0.7102 -0.5606
vn 0.4223 0.7121 -0.5609
vn 0.6837 0.4480 0.5761
vn -0.2656 0.4736 0.8397
vn 0.6912 -0.7171 0.0900
vn 0.7078 -0.7064 0.0006
vn 0.6957 -0.7127 0.0897
vn 0.2274 -0.7167 0.6592
vn 0.1816 -0.7271 0.6621
vn 0.0548 -0.6956 0.7163
vn -0.0012 -0.7110 0.7032
vn 0.7076 -0.7066 0.0006
vn 0.7075 -0.7067 0.0006
vn -0.0496 -0.7132 0.6992
vn -0.1911 -0.7133 0.6744
vn -0.1886 -0.7075 0.6811
vn -0.7102 -0.6963 0.1039
vn -0.7183 -0.6930 0.0616
vn -0.6772 -0.7358 -0.0026
vn -0.6782 -0.7348 -0.0048
vn -0.7234 -0.6904 0.0011
vn 0.4921 -0.6139 -0.6173
vn 0.3984 -0.5793 -0.7111
vn 0.4072 -0.5758 -0.7090
vn 0.2418 -0.6645 -0.7071
vn 0.4130 -0.5370 -0.7355
vn 0.4052 -0.5293 -0.7455
vn -0.6837 0.4480 -0.5761
vn -0.0614 -0.7250 -0.6860
vn -0.4494 -0.7398 -0.5007
vn -0.2539 -0.8056 -0.5352
vn -0.5421 -0.7400 -0.3981
vn -0.6880 -0.7128 -0.1366
vn -0.6772 -0.6973 -0.2349
vn -0.6500 -0.7566 0.0705
vn -0.6343 -0.7302 0.2541
vn -0.0939 -0.5936 -0.7993
vn 0.1768 -0.7755 -0.6061
vn 0.2201 -0.7842 -0.5802
vn 0.3788 -0.7526 -0.5386
vn 0.5199 -0.7158 -0.4662
vn 0.5244 -0.7779 -0.3462
vn 0.6453 -0.7423 -0.1804
vn -0.5659 -0.7354 0.3727
vn -0.3783 -0.6933 0.6133
vn -0.4828 -0.6870 0.5431
vn -0.1487 -0.7781 0.6103
vn 0.0203 -0.7488 0.6625
vn 0.0415 -0.6855 0.7269
vn 0.2004 -0.7475 0.6333
vn 0.3724 -0.7264 0.5776
vn 0.4402 -0.6594 0.6094
vn 0.4890 -0.7670 0.4154
vn 0.6309 -0.7287 0.2664
vn 0.6196 -0.7836 0.0461
vn 0.7077 -0.6570 0.2599
vn 0.7499 -0.6454 -0.1453
vn -0.0002 0.0002 -1.0000
vn 0.0008 1.0000 0.0011
vn -0.0015 1.0000 0.0005
vn 0.9666 0.0034 0.2562
vn 0.9651 -0.0000 0.2619
vn 0.9701 0.0015 0.2425
vn 0.9675 0.0052 0.2529
vn 0.9994 -0.0049 -0.0338
vn -0.9816 0.0018 -0.1907
vn -0.9796 -0.0059 -0.2008
vn -0.9809 -0.0009 -0.1943
vn -0.9830 0.0072 -0.1837
vn -0.9392 -0.0938 0.3304
vn -0.9214 -0.1324 0.3653
vn -0.7992 -0.3097 0.5151
vn -0.9685 -0.0066 0.2490
vn 0.9830 0.0075 -0.1833
vn 0.9811 -0.0005 -0.1937
vn 0.9817 0.0019 -0.1906
vn 0.9796 -0.0060 -0.2008
vn 0.0005 -1.0000 0.0000
vn 0.0009 -1.0000 -0.0004
vn 0.0001 -1.0000 0.0005
vn 0.0029 -1.0000 -0.0041
vn -0.0003 -1.0000 0.0015
vn -0.2419 -0.9603 0.1390
vn 0.4800 -0.8674 0.1312
vn 0.2164 -0.9302 -0.2965
vn 0.0001 -0.0001 -1.0000
vn -0.0001 0.0002 -1.0000
vn -0.0004 -1.0000 -0.0001
vn -0.0163 -0.0005 -0.9999
vn -0.0215 0.0007 -0.9998
vn 0.0402 0.0012 -0.9992
vn -0.0394 -0.0007 -0.9992
vn -0.0447 0.0010 -0.9990
vn -0.7071 -0.7071 0.0000
vn 0.6447 -0.3443 -0.6825
vn 0.6061 -0.4243 -0.6728
vn 0.6064 -0.4245 -0.6724
vn 0.6464 -0.3396 -0.6832
vn 0.6879 -0.2284 -0.6889
vn 0.6884 -0.2283 -0.6884
vn 0.2461 -0.2521 0.9359
vn 0.1687 -0.2756 0.9464
vn 0.1176 -0.1684 0.9787
vn -0.6059 -0.4251 0.6724
vn -0.6486 -0.3394 0.6813
vn -0.6065 -0.4252 0.6719
vn -0.6482 -0.3422 0.6803
vn -0.6879 -0.2285 0.6889
vn -0.6883 -0.2284 0.6885
vn 0.0073 0.0048 -1.0000
vn 0.0071 0.0043 -1.0000
vn 0.0076 0.0055 -1.0000
vn 0.0107 0.0099 -0.9999
vn 0.0082 -0.0002 -1.0000
vn 0.0033 0.0035 -1.0000
vn -0.1711 0.7197 -0.6729
vn -0.4625 0.7815 -0.4187
vn -0.0488 0.7152 -0.6972
vn -0.3735 0.6912 -0.6187
vn -0.6898 0.7164 -0.1044
vn -0.7063 0.7079 -0.0048
vn -0.7070 0.7072 -0.0056
vn -0.1241 0.7127 -0.6904
vn 0.0223 0.7074 -0.7064
vn 0.1338 0.7113 -0.6901
vn 0.0945 0.7040 -0.7039
vn 0.2112 0.7079 -0.6740
vn 0.5391 0.7721 -0.3365
vn 0.3558 0.7134 -0.6037
vn 0.6891 0.7158 -0.1130
vn 0.7093 0.7049 -0.0016
vn 0.7083 0.7059 -0.0004
vn 0.8201 0.5422 0.1829
vn 0.0215 0.0007 0.9998
vn -0.0402 0.0012 0.9992
vn 0.0168 -0.0005 0.9999
vn 0.0394 -0.0007 0.9992
vn 0.0447 0.0010 0.9990
vn 0.0008 0.0006 -1.0000
vn 0.0009 0.0006 -1.0000
vn -0.7131 -0.5559 -0.4271
vn -0.7143 -0.5547 -0.4268
vn -0.7143 -0.5546 -0.4268
vn -0.7115 -0.5576 -0.4276
vn 0.6061 -0.4243 0.6727
vn 0.6446 -0.3442 0.6827
vn 0.6065 -0.4245 0.6723
vn 0.6463 -0.3396 0.6834
vn 0.6879 -0.2284 0.6890
vn 0.6884 -0.2283 0.6884
vn -0.6775 -0.6975 0.2332
vn -0.7130 -0.7011 0.0008
vn -0.7231 -0.6745 0.1487
vn -0.7004 -0.7104 0.0688
vn -0.7304 -0.6737 -0.1127
vn -0.6746 -0.7062 -0.2148
vn -0.6363 -0.7096 0.3026
vn -0.6299 -0.6810 0.3735
vn -0.5714 -0.6921 0.4410
vn -0.5199 -0.6819 0.5145
vn -0.4071 -0.7016 0.5848
vn -0.4519 -0.7096 0.5406
vn -0.3353 -0.6851 0.6467
vn -0.6781 -0.7112 -0.1854
vn -0.6652 -0.6881 -0.2898
vn -0.6746 -0.6713 -0.3069
vn -0.2341 -0.6999 0.6748
vn -0.2195 -0.7079 0.6713
vn -0.1687 -0.7106 0.6831
vn -0.1675 -0.7121 0.6818
vn -0.2508 0.0088 -0.9680
vn -0.2167 -0.0056 -0.9762
vn -0.2691 0.0013 -0.9631
vn -0.4171 0.0264 -0.9085
vn -0.1625 0.0057 -0.9867
vn 0.1072 -0.4924 -0.8637
vn -0.1302 -0.7026 -0.6996
vn -0.1283 -0.6986 -0.7039
vn 0.0927 -0.5040 -0.8587
vn 0.1695 -0.4262 -0.8886
vn -0.9998 0.0007 0.0192
vn -0.9992 0.0012 -0.0399
vn -0.9998 -0.0005 0.0186
vn -0.9992 -0.0007 0.0394
vn -0.9990 0.0010 0.0447
vn -0.0796 0.6281 -0.7740
vn -0.6059 -0.4251 -0.6725
vn -0.6064 -0.4251 -0.6720
vn -0.6482 -0.3392 -0.6818
vn -0.6476 -0.3423 -0.6807
vn -0.6879 -0.2285 -0.6889
vn -0.6884 -0.2284 -0.6885
vn 0.9998 -0.0005 -0.0180
vn 0.9998 0.0007 -0.0189
vn 0.9992 0.0012 0.0399
vn 0.9992 -0.0007 -0.0394
vn 0.9990 0.0011 -0.0449
vn 0.0793 0.6279 0.7742
vn 0.3642 0.6996 -0.6148
vn 0.4698 0.7210 -0.5094
vn 0.4048 0.7398 -0.5374
vn 0.3019 0.7153 -0.6302
vn 0.2789 0.7306 -0.6232
vn 0.2787 0.7310 -0.6229
vn 0.4793 0.7071 -0.5198
vn 0.5030 0.7398 -0.4469
vn 0.5833 0.6998 -0.4124
vn 0.6040 0.7149 -0.3523
vn 0.5968 0.7326 -0.3273
vn 0.5963 0.7333 -0.3268
vn 0.0042 0.0026 -1.0000
vn 0.0028 0.0010 -1.0000
vn 0.0039 0.0018 -1.0000
vn -0.0003 -0.0047 -1.0000
vn 0.0011 0.0020 -1.0000
vn 0.0030 0.0005 -1.0000
vn 0.0019 -0.0028 1.0000
vn 0.0049 -0.0067 1.0000
vn 0.0028 -0.0039 1.0000
vn -0.0002 0.0000 1.0000
vn -0.0540 0.4345 0.8991
vn 0.0728 -0.7167 0.6936
vn 0.0148 -0.7175 0.6964
vn -0.0396 -0.7104 0.7027
vn -0.0955 -0.7229 0.6843
vn -0.1255 -0.7065 0.6965
vn -0.1391 -0.6903 0.7100
vn 0.0963 -0.7124 0.6952
vn 0.1429 -0.7063 0.6933
vn 0.1484 -0.7003 0.6983
vn -0.6236 -0.6245 -0.4703
vn -0.1836 -0.6371 -0.7486
vn -0.3894 -0.5404 -0.7459
vn -0.6375 -0.6676 -0.3846
vn -0.2260 -0.5525 -0.8023
vn -0.1029 -0.7058 -0.7009
vn -0.1001 -0.7046 -0.7026
vn -0.7253 -0.4932 -0.4802
vn -0.7447 -0.3254 -0.5828
vn -0.8027 -0.5255 -0.2820
vn 0.0037 0.0021 1.0000
vn 0.0040 0.0028 1.0000
vn 0.0038 0.0023 1.0000
vn 0.0018 -0.0005 1.0000
vn 0.0041 0.0040 1.0000
vn 0.0073 0.0029 1.0000
vn -0.6988 0.6955 0.1671
vn -0.6856 0.7058 0.1782
vn -0.6921 0.7008 0.1727
vn -0.6760 0.7130 0.1862
vn 0.6790 0.7108 -0.1836
vn 0.6867 0.7067 -0.1704
vn 0.6935 0.7020 -0.1621
vn 0.6760 0.7130 -0.1862
vn 0.6988 0.6999 -0.1478
vn 0.7070 0.7072 0.0054
vn 0.4626 0.7816 0.4184
vn 0.7064 0.7078 0.0047
vn 0.6898 0.7164 0.1045
vn 0.3767 0.6915 0.6163
vn 0.1721 0.7193 0.6731
vn 0.0490 0.7148 0.6976
vn 0.1264 0.7136 0.6891
vn -0.0209 0.7072 0.7067
vn -0.1335 0.7112 0.6902
vn -0.0933 0.7042 0.7038
vn -0.2109 0.7079 0.6741
vn -0.5392 0.7720 0.3366
vn -0.3541 0.7131 0.6051
vn -0.6885 0.7160 0.1153
vn -0.7094 0.7048 0.0018
vn -0.7083 0.7059 0.0005
vn 0.0023 0.0022 1.0000
vn 0.0045 0.0078 1.0000
vn 0.0021 0.0016 1.0000
vn 0.0071 0.0148 0.9999
vn 0.0073 0.0145 0.9999
vn -0.7038 0.3941 -0.5911
vn -0.6557 0.1743 -0.7346
vn -0.7006 0.3533 -0.6199
vn -0.5498 0.2291 -0.8033
vn -0.4117 -0.0189 -0.9111
vn -0.2326 0.2277 -0.9455
vn -0.1337 0.1946 -0.9717
vn -0.0193 -0.1495 -0.9886
vn -0.0171 -0.1613 -0.9868
vn 0.0100 -0.0173 -0.9998
vn 0.0172 -0.0266 -0.9995
vn 0.0073 -0.0138 -0.9999
vn 0.0004 -0.0047 -1.0000
vn 0.2496 0.4454 -0.8599
vn -0.6923 0.7032 -0.1618
vn -0.6860 0.7075 -0.1697
vn -0.6787 0.7113 -0.1827
vn -0.6759 0.7134 -0.1851
vn -0.6976 0.7012 -0.1475
vn 0.9336 0.0049 0.3582
vn 0.9553 -0.0041 0.2956
vn 0.9713 0.0191 0.2369
vn 0.9264 -0.0062 0.3766
vn 0.9891 0.0016 0.1472
vn 0.9985 0.0539 0.0079
vn 0.6860 0.7075 0.1697
vn 0.6787 0.7113 0.1827
vn 0.6924 0.7032 0.1617
vn 0.6759 0.7134 0.1851
vn 0.6976 0.7012 0.1475
vn -0.9720 -0.2350 -0.0004
vn -0.0051 0.0035 1.0000
vn -0.0019 0.0016 1.0000
vn -0.0043 0.0022 1.0000
vn 0.0005 -0.0059 1.0000
vn 0.0004 0.0019 1.0000
vn 0.0008 0.0021 1.0000
vn -0.3895 0.4913 -0.7790
vn 0.6075 0.5510 -0.5722
vn -0.0043 0.0026 1.0000
vn -0.0023 0.0008 1.0000
vn -0.0038 0.0018 1.0000
vn 0.0011 -0.0058 1.0000
vn -0.0008 0.0020 1.0000
vn -0.0034 0.0010 1.0000
vn -0.5986 0.0004 -0.8011
vn -0.6005 0.0017 -0.7996
vn -0.6158 0.0914 -0.7826
vn -0.6084 0.0350 -0.7928
vn -0.6193 0.4434 -0.6480
vn -0.0032 0.0018 -1.0000
vn -0.0034 0.0029 -1.0000
vn -0.0034 0.0021 -1.0000
vn -0.0013 -0.0005 -1.0000
vn -0.0050 0.0057 -1.0000
vn -0.0098 0.0054 -0.9999
vn -0.7055 -0.7086 0.0153
vn -0.7030 -0.7103 0.0368
vn -0.7072 -0.7071 0.0002
vn -0.7072 -0.7070 0.0002
vn -0.6015 -0.6826 0.4150
vn -0.7246 -0.4125 0.5520
vn -0.7248 -0.4124 0.5519
vn -0.7247 -0.4125 0.5520
vn -0.7617 0.0974 0.6406
vn -0.7815 0.0018 0.6240
vn -0.7733 0.0377 0.6329
vn -0.7832 0.0003 0.6217
vn -0.6200 0.4534 0.6404
vn 0.3901 0.4911 0.7789
vn 0.7617 0.0974 -0.6406
vn 0.7832 0.0004 -0.6218
vn 0.7814 0.0018 -0.6240
vn 0.7733 0.0377 -0.6329
vn 0.6200 0.4533 -0.6404
vn 0.1659 -0.7112 0.6831
vn 0.2722 -0.6919 0.6687
vn 0.2093 -0.7218 0.6597
vn 0.2942 -0.6706 0.6810
vn 0.1285 -0.6982 0.7043
vn 0.1303 -0.7020 0.7002
vn 0.0832 -0.6472 0.7578
vn 0.4749 -0.5205 0.7096
vn 0.6384 -0.6741 0.3716
vn 0.5330 -0.7932 0.2945
vn 0.2433 -0.7147 0.6558
vn -0.1466 -0.6307 0.7620
vn 0.8334 -0.5509 0.0441
vn 0.7356 -0.6345 -0.2374
vn -0.4500 -0.6578 0.6041
vn 0.6651 -0.7183 -0.2039
vn 0.6229 -0.5995 -0.5026
vn 0.5835 -0.6188 -0.5259
vn 0.4763 -0.7063 -0.5237
vn -0.2776 -0.6920 0.6664
vn -0.5868 -0.6427 0.4926
vn -0.6873 -0.7074 0.1651
vn -0.6263 -0.6895 0.3636
vn -0.6650 -0.7467 0.0159
vn -0.7543 -0.6348 -0.1675
vn -0.6665 -0.6689 -0.3292
vn -0.5568 -0.6827 -0.4732
vn -0.3180 -0.7196 -0.6173
vn -0.3076 -0.7477 -0.5885
vn -0.2783 -0.5404 -0.7940
vn -0.3253 -0.4810 -0.8141
vn -0.4463 -0.3398 -0.8279
vn 0.6064 0.0382 0.7942
vn 0.5991 0.0038 0.8007
vn 0.5974 0.0057 0.8020
vn 0.6179 0.1008 0.7798
vn 0.6193 0.4434 0.6480
vn 0.5421 -0.2669 0.7968
vn 0.2750 -0.1630 0.9475
vn 0.6276 -0.3061 0.7158
vn 0.2160 -0.1374 0.9667
vn 0.0379 -0.0237 -0.9990
vn 0.1227 -0.0778 -0.9894
vn -0.0002 0.0006 -1.0000
vn 0.1247 -0.0790 -0.9890
vn -0.5976 0.0049 0.8018
vn -0.5992 0.0032 0.8006
vn -0.6066 0.0379 0.7941
vn -0.6178 0.1004 0.7799
vn -0.6193 0.4434 0.6480
vn 0.9387 -0.3448 -0.0025
vn 0.9523 -0.3046 0.0159
vn 0.9980 0.0586 0.0254
vn 0.9864 0.1436 0.0800
vn 0.7072 -0.7070 0.0001
vn 0.7020 -0.7109 0.0421
vn 0.7057 -0.7083 0.0157
vn 0.7072 -0.7071 0.0002
vn 0.5992 -0.6912 0.4040
vn -0.6112 0.5698 0.5493
vn 0.2275 -0.9108 -0.3445
vn 0.7587 0.1061 0.6428
vn 0.7749 0.0403 0.6308
vn 0.7826 0.0038 0.6225
vn 0.7840 0.0058 0.6207
vn 0.6200 0.4532 0.6405
vn -0.9393 -0.3431 -0.0028
vn -0.9390 -0.3439 -0.0097
vn -0.9996 -0.0080 -0.0256
vn -0.9980 -0.0409 -0.0490
vn -0.0112 -0.0047 -0.9999
vn -0.0088 -0.0037 -1.0000
vn -0.0004 -0.0002 -1.0000
vn -0.0055 -0.0151 0.9999
vn -0.0788 -0.0431 0.9960
vn -0.0098 -0.0168 0.9998
vn -0.0964 -0.0498 0.9941
vn -0.8257 0.5578 0.0841
vn 0.8257 0.5578 -0.0840
vn -0.0547 0.6721 -0.7385
vn 0.0102 0.7155 -0.6985
vn -0.0688 0.6947 -0.7160
vn -0.0732 0.7096 -0.7007
vn 0.0497 0.7228 -0.6892
vn 0.1589 0.7006 -0.6956
vn 0.2204 0.7001 -0.6792
vn 0.6906 0.7130 -0.1213
vn 0.7041 0.7038 -0.0945
vn 0.7081 0.7061 -0.0009
vn 0.7072 0.7070 -0.0006
vn 0.0170 0.7086 0.7054
vn -0.0396 0.6763 0.7356
vn -0.1615 0.7161 0.6791
vn -0.2760 0.7279 0.6277
vn -0.6877 0.7125 0.1391
vn -0.6975 0.7138 0.0635
vn -0.7090 0.7052 0.0032
vn -0.7075 0.7067 0.0036
vn 0.0537 0.7052 0.7070
vn 0.0737 0.6980 0.7123
vn 0.0741 0.6993 0.7109
vn 0.0718 -0.1165 0.9906
vn 0.2564 0.1112 0.9602
vn 0.1130 -0.0574 0.9919
vn 0.4086 -0.0075 0.9127
vn 0.5388 0.2308 0.8102
vn 0.6657 0.0077 0.7462
vn 0.7216 0.3070 0.6205
vn 0.7210 0.3567 0.5941
vn 0.7248 -0.4124 -0.5519
vn 0.7248 -0.4125 -0.5519
vn -0.5617 0.0210 0.8270
vn -0.5361 -0.0247 0.8438
vn -0.5516 0.0024 0.8341
vn -0.5337 -0.0288 0.8452
vn 0.5344 -0.0271 -0.8448
vn 0.5516 0.0031 -0.8341
vn 0.5367 -0.0231 -0.8434
vn 0.5616 0.0212 -0.8271
vn 0.1977 -0.0471 0.9791
vn -0.0869 -0.0067 0.9962
vn 0.1781 -0.0444 0.9830
vn -0.1523 0.0028 0.9883
vn 0.6905 0.0091 0.7233
vn 0.8248 -0.0380 0.5641
vn 0.6916 0.0091 0.7222
vn 0.8297 -0.0145 0.5581
vn 0.9367 -0.1244 0.3273
vn -0.7886 -0.0459 0.6132
vn -0.7374 0.0044 0.6754
vn -0.7393 0.0041 0.6733
vn -0.7812 -0.0295 0.6236
vn -0.8763 -0.2416 0.4169
vn 0.5990 0.0034 -0.8008
vn 0.6066 0.0378 -0.7941
vn 0.5977 0.0048 -0.8017
vn 0.6178 0.1003 -0.7799
vn 0.6193 0.4434 -0.6480
vn 0.7042 -0.7091 -0.0343
vn 0.7071 -0.7071 -0.0001
vn 0.7060 -0.7081 -0.0150
vn 0.6401 -0.6889 -0.3402
vn 0.6373 0.4937 -0.5917
vn 0.2132 -0.8303 0.5150
vn 0.1589 -0.8179 0.5530
vn -0.0002 -0.7627 0.6468
vn -0.0002 -0.7628 0.6467
vn 0.0975 0.0058 -0.9952
vn 0.3740 -0.0246 -0.9271
vn -0.1147 -0.0136 -0.9933
vn -0.4927 0.0089 -0.8701
vn -0.6390 -0.0151 -0.7691
vn -0.7488 0.0060 -0.6627
vn -0.8508 -0.0131 -0.5254
vn -0.9418 -0.1031 -0.3200
vn 0.6083 0.0009 -0.7937
vn 0.7944 0.0004 -0.6073
vn 0.8120 -0.0228 -0.5832
vn 0.9120 -0.1864 -0.3653
vn 0.6991 0.7092 0.0905
vn 0.7078 0.7064 0.0006
vn 0.6991 0.7108 0.0768
vn 0.7072 0.7071 0.0004
vn 0.5992 0.6768 0.4277
vn 0.5999 0.6714 0.4351
vn 0.8924 0.3765 0.2488
vn -0.8669 -0.0305 -0.4975
vn -0.8656 -0.0091 -0.5007
vn -0.8657 -0.0116 -0.5004
vn -0.8671 -0.0332 -0.4971
vn 0.5595 -0.0352 0.8281
vn 0.5631 -0.0124 0.8263
vn 0.5600 -0.0321 0.8279
vn 0.5635 -0.0095 0.8260
vn 0.8160 -0.0022 0.5780
vn 0.8160 -0.0020 0.5780
vn 0.8159 -0.0035 0.5782
vn 0.8159 -0.0036 0.5782
vn 0.9999 0.0163 0.0011
vn -0.4225 -0.0033 -0.9063
vn -0.4222 -0.0027 -0.9065
vn -0.4229 -0.0039 -0.9062
vn -0.4218 -0.0020 -0.9067
vn -0.9994 0.0337 -0.0077
vn -0.9999 0.0163 -0.0011
vn 0.9996 0.0269 0.0030
vn -0.6412 -0.0035 -0.7673
vn -0.6418 -0.0074 -0.7668
vn -0.6411 -0.0028 -0.7674
vn -0.6419 -0.0080 -0.7667
vn -0.3223 -0.9105 -0.2589
vn -0.4975 -0.0250 0.8671
vn -0.4998 -0.0094 0.8661
vn -0.4995 -0.0112 0.8662
vn -0.4972 -0.0270 0.8672
vn 0.8227 -0.0523 -0.5660
vn 0.8280 -0.0111 -0.5607
vn 0.8220 -0.0576 -0.5666
vn 0.8286 -0.0051 -0.5598
vn 0.5781 -0.0026 -0.8160
vn 0.5781 -0.0025 -0.8160
vn 0.5782 -0.0034 -0.8159
vn 0.5782 -0.0035 -0.8159
vn -0.9063 -0.0041 0.4226
vn -0.9063 -0.0040 0.4225
vn -0.9063 -0.0042 0.4226
vn -0.9064 -0.0039 0.4225
vn -0.6397 -0.3080 -0.7042
vn -0.6283 -0.3246 -0.7070
vn -0.6424 -0.3041 -0.7035
vn -0.8204 0.0837 -0.5657
vn -0.7673 -0.0035 0.6412
vn -0.7668 -0.0072 0.6418
vn -0.7674 -0.0029 0.6411
vn -0.7667 -0.0083 0.6420
vn 0.5027 -0.0462 -0.8632
vn 0.5033 -0.0505 -0.8627
vn 0.4980 -0.0096 -0.8671
vn 0.4973 -0.0048 -0.8675
vn -0.8266 -0.0090 0.5628
vn -0.8281 -0.0271 0.5600
vn -0.8268 -0.0112 0.5624
vn -0.8283 -0.0296 0.5596
vn -0.5781 -0.0021 0.8160
vn -0.5782 -0.0032 0.8159
vn -0.5782 -0.0033 0.8159
vn -0.5780 -0.0020 0.8160
vn 0.7668 -0.0079 -0.6418
vn 0.7674 -0.0038 -0.6412
vn 0.7667 -0.0086 -0.6419
vn 0.7675 -0.0031 -0.6411
vn -0.5537 -0.6958 0.4575
vn -0.3593 -0.5794 0.7316
vn -0.0853 -0.6671 0.7401
vn -0.0849 -0.7343 0.6735
vn 0.1832 -0.6637 0.7252
vn 0.3582 -0.6794 0.6404
vn 0.3989 -0.7106 0.5796
vn 0.5543 -0.6750 0.4870
vn -0.4364 -0.7696 0.4661
vn -0.6581 -0.7091 0.2532
vn -0.7518 -0.6452 0.1357
vn -0.7384 -0.6735 -0.0327
vn -0.6959 -0.6740 -0.2479
vn -0.5329 -0.6887 -0.4916
vn -0.5361 -0.7465 -0.3941
vn -0.3931 -0.6321 -0.6678
vn -0.0562 -0.6926 -0.7191
vn -0.2099 -0.7052 -0.6773
vn 0.1921 -0.6456 -0.7391
vn 0.4237 -0.6774 -0.6013
vn 0.3980 -0.7263 -0.5605
vn 0.6314 -0.6533 -0.4177
vn 0.7049 -0.6889 -0.1688
vn 0.7450 -0.6665 0.0275
vn 0.6538 -0.6808 0.3302
vn 0.7094 -0.6841 0.1697
vn -0.2414 -0.0071 0.9704
vn -0.2406 -0.0060 0.9706
vn -0.2388 -0.0036 0.9711
vn -0.2431 -0.0094 0.9700
vn -0.9972 -0.0023 -0.0741
vn -0.9827 -0.0033 -0.1854
vn -0.9972 -0.0025 -0.0741
vn -0.9823 -0.0038 -0.1873
vn -0.8908 -0.0013 -0.4544
vn -0.8905 -0.0000 -0.4550
vn 0.9705 -0.0069 0.2411
vn 0.9701 -0.0089 0.2425
vn 0.9706 -0.0060 0.2404
vn 0.9710 -0.0040 0.2390
vn 0.8671 -0.0325 0.4971
vn 0.8670 -0.0299 0.4975
vn 0.8658 -0.0117 0.5002
vn 0.8656 -0.0093 0.5006
vn -0.5631 -0.0115 -0.8263
vn -0.5600 -0.0320 -0.8279
vn -0.5595 -0.0345 -0.8281
vn -0.5636 -0.0087 -0.8260
vn -0.8682 0.0103 0.4961
vn -0.9338 0.0161 0.3573
vn -0.8741 -0.0105 0.4857
vn -0.8556 -0.0138 0.5174
vn -0.6690 0.0081 0.7432
vn 0.6411 -0.0043 0.7674
vn 0.6410 -0.0052 0.7675
vn 0.6411 -0.0044 0.7674
vn 0.6410 -0.0053 0.7676
vn 0.9973 -0.0020 0.0740
vn 0.9973 -0.0014 0.0740
vn 0.9824 -0.0042 0.1865
vn 0.9824 -0.0043 0.1867
vn 0.8910 -0.0071 0.4540
vn 0.8910 -0.0074 0.4539
vn -0.9198 -0.0080 -0.3924
vn -0.9250 0.0227 -0.3792
vn -0.7189 -0.0096 -0.6950
vn -0.9469 0.0193 -0.3210
vn -0.9849 -0.0146 -0.1726
vn 0.7262 -0.5905 0.3521
vn -0.9821 -0.0046 -0.1885
vn -0.9595 -0.0012 -0.2818
vn -0.9595 -0.0016 -0.2817
vn -0.9822 -0.0048 -0.1879
vn -1.0000 -0.0065 0.0004
vn -1.0000 -0.0064 0.0004
vn -0.7715 -0.6360 -0.0180
vn 0.9062 -0.0040 -0.4229
vn 0.9062 -0.0037 -0.4227
vn 0.9063 -0.0034 -0.4226
vn 0.9064 -0.0032 -0.4225
vn -0.9701 -0.0087 -0.2425
vn -0.9706 -0.0058 -0.2404
vn -0.9705 -0.0067 -0.2411
vn -0.9710 -0.0038 -0.2390
vn 0.8288 -0.0139 -0.5594
vn 0.7111 0.0102 -0.7030
vn 0.9199 0.0175 -0.3917
vn 0.9691 -0.0118 -0.2464
vn 0.9955 0.0173 0.0927
vn 0.9386 -0.0143 0.3447
vn 0.8881 0.0058 0.4596
vn 0.7968 -0.0166 0.6041
vn 0.2390 -0.0041 -0.9710
vn 0.2411 -0.0069 -0.9705
vn 0.2404 -0.0060 -0.9707
vn 0.2424 -0.0088 -0.9701
vn -0.0739 -0.0012 0.9973
vn -0.1866 -0.0041 0.9824
vn -0.0740 -0.0014 0.9973
vn -0.1866 -0.0042 0.9824
vn -0.4540 -0.0073 0.8910
vn -0.4538 -0.0076 0.8911
vn -0.7070 0.7072 -0.0007
vn -0.6905 0.7133 -0.1200
vn -0.6999 0.7082 -0.0929
vn -0.7072 0.7070 -0.0007
vn -0.5917 0.6900 -0.4169
vn -0.5330 0.7300 -0.4278
vn 0.9595 -0.2580 0.1131
vn 0.7569 0.3200 -0.5698
vn 0.7202 0.0257 -0.6933
vn 0.7542 0.3578 -0.5506
vn 0.6022 0.3335 -0.7254
vn 0.5823 0.3760 -0.7208
vn -0.8159 -0.0015 -0.5782
vn -0.8164 -0.0061 -0.5775
vn -0.8159 -0.0009 -0.5782
vn -0.8164 -0.0067 -0.5774
vn 0.4225 -0.0035 0.9064
vn 0.4227 -0.0039 0.9063
vn 0.4222 -0.0031 0.9065
vn 0.4229 -0.0043 0.9062
vn -0.3862 -0.2258 -0.8944
vn -0.6927 -0.0349 0.7204
vn -0.7752 0.2434 0.5829
vn -0.4677 0.2554 0.8462
vn -0.8810 -0.0392 0.4715
vn -0.8857 -0.0914 0.4553
vn -0.5823 0.1496 0.7991
vn -0.3909 0.3308 0.8589
vn -0.9705 0.1841 0.1560
vn -0.9330 0.3561 0.0519
vn -0.9429 0.3267 0.0651
vn -0.9015 0.3598 0.2405
vn -0.8850 0.3921 0.2511
vn -0.0084 1.0000 0.0015
vn -0.0058 1.0000 0.0022
vn -0.4285 0.7496 0.5044
vn -0.3817 0.6871 0.6182
vn -0.5083 0.7046 0.4951
vn -0.4276 0.7187 0.5483
vn -0.2940 0.7251 0.6227
vn -0.2804 0.7332 0.6195
vn -0.2806 0.7329 0.6198
vn -0.5427 0.7241 0.4256
vn -0.5917 0.7092 0.3833
vn -0.5909 0.7092 0.3846
vn -0.6034 0.7280 0.3254
vn -0.6014 0.7307 0.3232
vn -0.3182 -0.9231 0.2159
vn -0.2936 -0.9473 -0.1281
vn -0.3237 -0.9225 0.2100
vn -0.3445 -0.9361 -0.0716
vn -0.1372 -0.8398 0.5252
vn -0.0818 -0.8085 0.5828
vn 0.0434 -0.6965 0.7163
vn 0.1991 -0.6525 0.7311
vn 0.2773 -0.5593 0.7812
vn 0.5481 -0.5756 0.6068
vn 0.5640 -0.5866 0.5813
vn -0.2208 -0.9472 -0.2325
vn 0.5917 -0.5091 0.6251
vn 0.4973 -0.3971 0.7714
vn -0.4981 -0.6046 -0.6215
vn -0.4990 -0.5140 -0.6977
vn -0.4960 -0.6059 -0.6219
vn -0.4850 -0.3401 -0.8057
vn -0.0400 -0.4237 -0.9049
vn 0.0084 -0.4454 -0.8953
vn 0.1010 -0.3616 -0.9268
vn -0.4285 0.7496 -0.5044
vn -0.5083 0.7047 -0.4951
vn -0.3815 0.6873 -0.6181
vn -0.4276 0.7187 -0.5483
vn -0.2948 0.7244 -0.6232
vn -0.2791 0.7356 -0.6173
vn -0.5426 0.7243 -0.4254
vn -0.5919 0.7092 -0.3829
vn -0.5912 0.7089 -0.3846
vn -0.6059 0.7254 -0.3265
vn -0.6044 0.7274 -0.3249
vn 0.2755 0.0033 -0.9613
vn 0.2397 0.0001 -0.9708
vn -0.7530 -0.3649 0.5476
vn -0.7602 -0.3671 0.5361
vn -0.6318 -0.3261 0.7032
vn -0.6283 -0.3249 0.7069
vn -0.2755 0.0033 0.9613
vn -0.2397 0.0001 0.9709
vn -0.0000 -0.7073 -0.7069
vn -0.0001 -0.7072 -0.7070
vn -0.0001 -0.7071 -0.7071
vn 0.0007 0.7071 -0.7071
vn -0.0008 0.7071 0.7071
vn -0.0007 0.7072 0.7070
vn 0.3632 -0.5486 -0.7531
vn -0.7399 -0.5033 0.4464
vn -0.4954 -0.7049 -0.5077
vn -0.4793 -0.7066 -0.5206
vn -0.4443 -0.7245 -0.5270
vn -0.5122 -0.7012 -0.4959
vn -0.5188 -0.7148 -0.4690
vn 0.7026 -0.7116 0.0019
vn 0.7049 -0.7093 0.0010
vn 0.7059 -0.7083 0.0006
vn 0.7016 -0.7126 0.0023
vn 0.4440 -0.7246 0.5271
vn 0.4954 -0.7049 0.5077
vn 0.4793 -0.7066 0.5206
vn 0.5122 -0.7012 0.4959
vn 0.5188 -0.7148 0.4690
vn -0.7054 0.7088 -0.0008
vn -0.7034 0.7108 -0.0013
vn -0.6964 0.7176 -0.0031
vn -0.6955 0.7185 -0.0033
vn 0.0000 0.7057 0.7085
vn -0.0000 0.7054 0.7088
vn 0.0004 0.7070 0.7072
vn 0.0004 0.7072 0.7071
vn -0.0018 0.7075 -0.7067
vn -0.0007 0.7118 -0.7024
vn -0.0008 0.7113 -0.7029
vn -0.0020 0.7069 -0.7073
vn -0.6972 0.7169 0.0029
vn -0.7061 0.7081 0.0006
vn -0.6987 0.7154 0.0025
vn -0.7070 0.7072 0.0004
vn 0.7068 0.7075 -0.0018
vn 0.7028 0.7114 -0.0007
vn 0.7032 0.7110 -0.0009
vn 0.7074 0.7068 -0.0020
vn 0.5850 -0.2156 0.7819
vn 0.0001 -0.7927 0.6096
vn -0.0000 -0.7927 0.6096
vn 0.0001 -0.7927 -0.6096
vn -0.0000 -0.7927 -0.6096
vn -0.8328 0.0811 -0.5476
vn -0.8329 0.0508 -0.5511
vn -0.8328 0.0786 -0.5479
vn -0.8329 0.0490 -0.5512
vn 0.8690 0.0499 -0.4922
vn 0.8690 0.0514 -0.4921
vn 0.8687 0.0767 -0.4894
vn 0.8686 0.0789 -0.4892
vn 0.5970 -0.0696 -0.7992
vn -0.0001 1.0000 0.0003
vn -0.0003 1.0000 0.0006
vn -0.0004 1.0000 0.0009
vn 0.0003 1.0000 -0.0006
vn 0.0004 1.0000 -0.0009
vn 0.0016 1.0000 0.0000
vn 0.6656 0.0012 -0.7463
vn 0.6999 -0.0061 -0.7142
vn 0.6611 0.0021 -0.7503
vn 0.7041 -0.0070 -0.7100
vn 0.7071 0.7071 0.0000
vn -0.8683 0.0515 0.4934
vn -0.8672 0.0966 0.4884
vn -0.8674 0.0932 0.4888
vn -0.8683 0.0485 0.4937
vn -0.2555 -0.7373 0.6254
vn -0.3238 -0.7374 0.5927
vn -0.5563 -0.7148 0.4238
vn -0.0482 -0.7336 0.6778
vn -0.5226 -0.6925 0.4974
vn -0.6182 -0.7547 0.2196
vn -0.6793 -0.7306 0.0690
vn -0.6990 -0.7150 -0.0146
vn -0.6914 -0.7034 -0.1648
vn -0.6309 -0.7319 -0.2574
vn -0.4992 -0.7730 -0.3916
vn -0.3629 -0.7216 -0.5896
vn -0.4878 -0.6528 -0.5795
vn -0.1892 -0.7129 -0.6753
vn -0.0998 -0.7738 -0.6255
vn 0.0709 -0.7473 -0.6606
vn 0.1839 -0.6993 -0.6908
vn 0.2720 -0.7909 -0.5481
vn 0.5153 -0.7280 -0.4521
vn 0.5742 -0.6065 -0.5500
vn 0.5556 -0.8007 -0.2240
vn 0.6881 -0.7238 -0.0519
vn 0.7514 -0.6598 0.0122
vn 0.6317 -0.7488 0.2006
vn 0.5916 -0.7357 0.3298
vn 0.5316 -0.7261 0.4361
vn 0.3835 -0.7191 0.5795
vn 0.4159 -0.6923 0.5897
vn 0.2011 -0.7373 0.6450
vn 0.0687 -0.7285 0.6816
vn 0.5900 -0.8073 0.0145
vn 0.7468 -0.6646 -0.0245
vn 0.6112 -0.7908 -0.0335
vn 0.7915 -0.6096 -0.0440
vn 0.5313 -0.8111 -0.2446
vn -0.0365 0.8075 0.5887
vn -0.7832 -0.0065 -0.6218
vn -0.8157 0.0016 -0.5785
vn -0.7791 -0.0075 -0.6269
vn -0.8196 0.0026 -0.5729
vn 0.0361 0.8076 -0.5886
vn -0.7245 0.0121 0.6892
vn -0.7357 0.0097 0.6772
vn -0.8180 -0.0089 0.5752
vn -0.8273 -0.0113 0.5616
vn -0.4216 -0.5709 0.7045
vn -0.0045 1.0000 0.0000
vn 0.8112 -0.0093 0.5848
vn 0.7183 0.0115 0.6956
vn 0.7056 0.0140 0.7084
vn 0.8216 -0.0119 0.5700
vn -0.8465 -0.1892 -0.4977
vn -0.9687 -0.1991 -0.1482
vn 0.2816 -0.0024 -0.9595
vn 0.1883 -0.0049 -0.9821
vn 0.2817 -0.0021 -0.9595
vn 0.1881 -0.0054 -0.9821
vn -0.0006 -0.0066 -1.0000
vn -0.0006 -0.0067 -1.0000
vn -0.3464 -0.6061 0.7160
vn 0.0170 -0.6083 -0.7935
vn 0.9595 -0.0028 0.2817
vn 0.9820 -0.0042 0.1890
vn 0.9595 -0.0025 0.2818
vn 0.9822 -0.0050 0.1877
vn 1.0000 -0.0015 -0.0016
vn -0.7514 -0.5505 -0.3637
vn -0.1891 -0.0043 0.9819
vn -0.2818 -0.0022 0.9595
vn -0.2818 -0.0026 0.9595
vn -0.1876 -0.0049 0.9822
vn 0.0015 -0.0015 1.0000
vn 0.0021 -0.0002 1.0000
vn 0.0741 -0.0026 -0.9972
vn 0.0740 -0.0024 -0.9973
vn 0.1854 -0.0036 -0.9827
vn 0.1873 -0.0041 -0.9823
vn 0.4546 -0.0015 -0.8907
vn 0.4552 -0.0001 -0.8904
vn 0.8042 -0.5941 0.0182
vn -0.0183 -0.5967 0.8023
vn -0.0010 -1.0000 -0.0006
vn 0.0000 1.0000 0.0065
vn -0.0002 -1.0000 0.0004
vn -0.0004 -1.0000 0.0006
vn -0.0006 -1.0000 0.0010
vn -0.7968 -0.6037 0.0261
vn -0.8228 -0.5654 0.0578
vn -0.7884 -0.6144 0.0299
vn -0.8258 -0.5547 0.1018
vn -0.6561 -0.5861 0.4755
vn -0.8116 -0.5839 -0.0196
vn -0.8034 -0.5949 -0.0235
vn -0.8307 -0.5538 -0.0568
vn -0.8402 -0.5379 -0.0684
vn -0.6897 -0.6131 -0.3852
vn -0.6628 0.4846 0.5708
vn -0.6211 0.4920 0.6100
vn -0.5990 0.4769 0.6432
vn -0.6699 0.4810 0.5656
vn -0.6075 0.5056 0.6126
vn -0.0357 0.4137 0.9097
vn -0.7849 -0.0030 -0.6196
vn -0.8558 0.0031 -0.5173
vn -0.8536 0.0029 -0.5209
vn -0.7829 -0.0032 -0.6222
vn -0.0057 -1.0000 -0.0007
vn 0.6409 -0.6166 0.4572
vn 0.7503 0.0012 -0.6611
vn 0.7984 -0.0024 -0.6021
vn -0.8578 0.1440 0.4934
vn 0.7731 0.0253 0.6338
vn 0.7711 0.0445 0.6352
vn 0.7733 0.0230 0.6336
vn 0.7709 0.0461 0.6353
vn 0.4941 0.1299 0.8596
vn 0.4908 0.0360 0.8705
vn 0.4940 0.1255 0.8603
vn 0.4905 0.0299 0.8709
vn -0.5499 0.1524 0.8212
vn -0.5130 0.3307 0.7921
vn -0.5478 0.1654 0.8201
vn -0.5113 0.3380 0.7901
vn -0.9326 0.2562 0.2540
vn -0.9806 0.0315 0.1935
vn -0.9790 0.0621 0.1941
vn -0.9310 0.2635 0.2525
vn -0.9507 0.3059 0.0510
vn -0.9411 0.3334 0.0569
vn 0.9377 0.3077 -0.1615
vn 0.9125 -0.2096 -0.3513
vn 0.9169 -0.1922 -0.3498
vn 0.9297 0.2887 -0.2288
vn 0.9130 0.4002 -0.0793
vn -0.6367 0.0538 0.7692
vn -0.6338 0.0106 0.7734
vn -0.6341 0.0141 0.7732
vn -0.6369 0.0571 0.7688
vn 0.5469 0.1000 -0.8312
vn 0.5467 0.1022 -0.8311
vn 0.5507 0.0696 -0.8318
vn 0.5508 0.0683 -0.8318
vn 0.5738 0.0297 0.8185
vn 0.5733 0.0238 0.8190
vn 0.5772 0.1076 0.8095
vn 0.5772 0.1111 0.8090
vn -0.4908 0.0370 -0.8705
vn -0.4940 0.1268 -0.8602
vn -0.4941 0.1311 -0.8595
vn -0.4905 0.0314 -0.8709
vn -0.8060 0.3806 -0.4533
vn -0.9227 0.0270 -0.3845
vn -0.9008 0.1377 -0.4119
vn -0.7892 0.4110 -0.4564
vn 0.9797 0.0506 -0.1941
vn 0.9482 0.1688 -0.2692
vn 0.9807 0.0319 -0.1930
vn 0.9474 0.1745 -0.2684
vn 0.9808 0.1915 -0.0362
vn 0.9771 0.2091 -0.0401
vn -0.9773 0.1128 0.1792
vn -0.9798 0.1787 0.0902
vn -0.9714 0.1144 0.2079
vn -0.9791 0.1819 0.0905
vn -0.8879 0.0243 0.4594
vn -0.8863 0.0083 0.4630
vn 0.8683 -0.4632 -0.1777
vn 0.4103 0.1388 -0.9013
vn 0.4509 0.3768 -0.8091
vn 0.3832 0.0291 -0.9232
vn 0.4539 0.4062 -0.7931
vn -0.0208 0.9996 0.0202
vn -0.0202 0.9996 0.0188
vn -0.0540 0.9964 0.0651
vn -0.0549 0.9962 0.0670
vn -0.8062 0.1283 0.5776
vn -0.8056 0.1318 0.5777
vn -0.8186 0.0222 0.5739
vn -0.8193 0.0133 0.5733
vn 0.0002 0.7969 -0.6042
vn 0.6281 -0.3245 -0.7072
vn 0.7730 -0.3706 -0.5150
vn 0.6313 -0.3256 -0.7039
vn 0.7827 -0.3733 -0.4980
vn -0.0033 1.0000 -0.0078
vn -0.0022 1.0000 -0.0052
vn -0.0093 0.9997 -0.0219
vn 0.9914 0.1004 -0.0835
vn 0.9812 0.0538 -0.1854
vn 0.9901 0.1140 -0.0822
vn 0.9827 0.0498 -0.1786
vn 0.8935 -0.0130 -0.4488
vn 0.8928 -0.0186 -0.4500
vn -0.0264 -0.9995 -0.0161
vn -0.0258 -0.9995 -0.0159
vn -0.0785 -0.9962 -0.0370
vn -0.0298 -0.9995 -0.0078
vn -0.0893 -0.9960 -0.0055
vn -0.0389 -0.9992 0.0069
vn -0.0000 -1.0000 -0.0008
vn -0.1227 0.9658 0.2282
vn -0.2841 -0.2324 0.9302
vn -0.2697 0.1664 -0.9485
vn -0.1924 0.0310 -0.9808
vn -0.1949 0.0502 -0.9795
vn -0.2690 0.1712 -0.9478
vn -0.0377 0.1975 -0.9796
vn -0.0418 0.2154 -0.9756
vn 0.1941 0.0345 0.9804
vn 0.1938 0.0275 0.9807
vn 0.0959 0.1605 0.9824
vn 0.0963 0.1652 0.9816
vn 0.4367 0.0024 0.8996
vn 0.4374 -0.0006 0.8993
vn -0.4424 -0.5483 0.7097
vn -0.6850 -0.0002 -0.7286
vn 0.6849 -0.0002 0.7287
vn 0.6715 0.7292 0.1318
vn -0.4587 0.0288 -0.8881
vn -0.1787 0.1107 -0.9777
vn -0.2086 0.1163 -0.9711
vn -0.0947 0.2250 -0.9698
vn -0.0951 0.2293 -0.9687
vn -0.4621 0.0140 -0.8867
vn 0.2051 0.0545 0.9772
vn 0.2843 0.1245 0.9506
vn 0.1929 0.0483 0.9800
vn 0.2854 0.1457 0.9473
vn 0.0374 0.1987 0.9793
vn 0.0413 0.2162 0.9755
vn -0.4510 0.3769 0.8090
vn -0.3833 0.0285 0.9232
vn -0.4104 0.1386 0.9013
vn -0.4541 0.4058 0.7931
vn 0.8186 0.0218 -0.5739
vn 0.8192 0.0134 -0.5733
vn 0.8061 0.1282 -0.5777
vn 0.8055 0.1322 -0.5776
vn 0.0483 -0.9986 0.0201
vn 0.6341 0.0149 -0.7731
vn 0.6367 0.0545 -0.7692
vn 0.6338 0.0115 -0.7734
vn 0.6369 0.0578 -0.7688
vn 0.8429 0.0002 0.5381
vn 0.8327 -0.0069 0.5537
vn 0.8356 -0.0048 0.5494
vn 0.8460 0.0024 0.5332
vn -0.9772 -0.0338 0.2094
vn -0.2031 0.0280 -0.9787
vn -0.2092 0.0455 -0.9768
vn -0.2049 0.0330 -0.9782
vn -0.2108 0.0500 -0.9763
vn 0.8801 0.0408 0.4731
vn 0.8657 0.3018 0.3994
vn 0.8824 0.0912 0.4616
vn 0.8302 0.4372 0.3459
vn -0.5734 0.0244 -0.8189
vn -0.5761 0.2131 -0.7891
vn -0.5743 0.0381 -0.8178
vn -0.5758 0.2198 -0.7875
vn 0.9790 -0.0143 -0.2032
vn -0.6241 0.7713 -0.1245
vn -0.1113 0.7259 0.6787
vn -0.5228 -0.6796 -0.5146
vn -0.7710 0.0443 -0.6353
vn -0.7733 0.0221 -0.6337
vn -0.7731 0.0238 -0.6338
vn -0.7708 0.0460 -0.6354
vn 0.2031 0.0315 0.9786
vn 0.0201 -0.9997 -0.0102
vn 0.0585 -0.9982 0.0160
vn 0.0204 -0.9997 -0.0103
vn 0.8555 -0.2716 0.4408
vn -0.2479 0.7168 0.6517
vn -0.8076 -0.0055 -0.5897
vn -0.7851 0.0028 -0.6194
vn -0.7805 0.0045 -0.6252
vn -0.8119 -0.0072 -0.5837
vn -0.8680 0.4073 -0.2840
vn 0.7798 0.0045 0.6260
vn 0.8070 -0.0055 0.5905
vn 0.7844 0.0029 0.6203
vn 0.8114 -0.0071 0.5845
vn 0.7855 0.0024 -0.6189
vn 0.8132 -0.0078 -0.5819
vn 0.8091 -0.0062 -0.5876
vn 0.7802 0.0043 -0.6256
vn -0.7846 0.0005 0.6200
vn -0.8034 -0.0063 0.5954
vn -0.7807 0.0018 0.6249
vn -0.8070 -0.0076 0.5905
vn 0.3008 -0.2601 -0.9175
vn -0.9869 0.0549 -0.1514
vn -0.0071 1.0000 0.0009
vn 0.1437 -0.5891 -0.7952
vn 0.9365 -0.3475 -0.0467
vn -0.7997 -0.1914 -0.5691
vn -0.0064 -0.9999 0.0121
vn 0.4146 -0.4099 -0.8124
vn 0.1890 0.0047 -0.9820
vn 0.6081 0.5074 0.6105
vn 0.6300 0.4944 0.5988
vn 0.6605 0.4830 0.5749
vn 0.6559 0.4774 0.5847
vn 0.0942 0.4370 0.8945
vn -0.1418 -0.0003 0.9899
vn 0.1419 0.0166 -0.9897
vn -0.5392 0.7872 0.2994
vn 0.2750 -0.7684 -0.5779
vn -0.0093 -1.0000 0.0022
vn -0.8356 0.4912 -0.2460
vn -0.1477 -0.0013 -0.9890
vn 0.1588 -0.8040 -0.5730
vn -0.1562 -0.8113 0.5633
vn -0.7668 -0.0234 -0.6415
vn -0.8833 -0.0137 -0.4686
vn 0.5046 -0.8622 0.0438
usemtl blue.002
s 1
f 1/1/1 2/2/2 3/3/3
f 4/4/4 2/2/2 1/1/1
f 1/1/1 3/3/3 5/5/5
f 4/4/4 6/6/6 2/2/2
f 7/7/5 6/6/6 4/4/4
f 7/7/5 8/8/5 6/6/6
f 9/9/5 8/8/5 7/7/5
f 9/9/5 10/10/5 8/8/5
f 11/11/5 10/10/5 9/9/5
f 12/12/5 10/10/5 11/11/5
f 12/12/5 13/13/5 10/10/5
f 14/14/7 13/13/5 12/12/5
f 14/14/7 15/15/8 13/13/5
f 16/16/5 14/14/7 12/12/5
f 17/17/9 15/15/8 14/14/7
f 18/18/10 15/15/8 17/17/9
f 18/18/10 19/19/11 15/15/8
f 18/18/10 20/20/12 19/19/11
f 21/21/13 20/20/12 18/18/10
f 22/22/14 20/20/12 21/21/13
f 23/23/15 22/22/14 21/21/13
f 24/24/5 22/22/14 23/23/15
f 25/25/5 24/24/5 23/23/15
f 26/26/5 24/24/5 25/25/5
f 27/27/5 24/24/5 26/26/5
f 28/28/5 24/24/5 27/27/5
f 29/29/5 28/28/5 27/27/5
f 30/30/5 28/28/5 29/29/5
f 31/31/5 28/28/5 30/30/5
f 32/32/5 31/31/5 30/30/5
f 33/33/16 31/31/5 32/32/5
f 34/34/17 31/31/5 33/33/16
f 35/35/18 34/34/17 33/33/16
f 36/36/19 35/35/18 33/33/16
f 37/37/20 35/35/18 36/36/19
f 38/38/21 37/37/20 36/36/19
f 39/39/22 40/40/23 41/41/24
f 40/40/23 42/42/25 41/41/24
f 43/43/26 39/39/22 41/41/24
f 44/44/27 39/39/22 43/43/26
f 45/45/28 44/44/27 43/43/26
f 46/46/29 44/44/27 45/45/28
f 46/46/29 45/45/28 47/47/30
f 48/48/31 46/46/29 47/47/30
f 48/48/31 47/47/30 49/49/32
f 50/50/33 48/48/31 49/49/32
f 50/50/33 49/49/32 51/51/34
f 52/52/35 50/50/33 51/51/34
f 40/40/23 53/53/36 42/42/25
f 53/53/36 54/54/37 42/42/25
f 42/42/25 54/54/37 55/55/38
f 54/54/37 56/56/39 55/55/38
f 55/55/38 56/56/39 57/57/40
f 56/56/39 58/58/41 57/57/40
f 57/57/40 58/58/41 59/59/42
f 58/58/41 60/60/43 59/59/42
f 59/59/42 60/60/43 61/61/43
f 60/60/43 62/62/44 61/61/43
f 61/61/43 62/62/44 63/63/45
f 62/62/44 64/64/46 63/63/45
f 64/64/46 65/65/47 63/63/45
f 65/65/47 66/66/48 63/63/45
f 65/65/47 67/67/49 66/66/48
f 65/65/47 68/68/50 67/67/49
f 69/69/51 64/64/46 62/62/44
f 69/69/51 70/70/52 64/64/46
f 68/68/50 71/71/53 67/67/49
f 72/72/54 71/71/53 68/68/50
f 71/71/53 72/72/54 73/73/55
f 73/73/55 72/72/54 74/74/56
f 75/75/57 73/73/55 74/74/56
f 75/75/57 74/74/56 76/76/58
f 75/75/57 76/76/58 77/77/59
f 76/76/58 78/78/60 77/77/59
f 79/79/61 75/75/57 77/77/59
f 79/79/61 77/77/59 80/80/62
f 79/79/61 80/80/62 81/81/63
f 81/81/63 80/80/62 82/82/64
f 81/81/63 82/82/64 83/83/65
f 83/83/65 82/82/64 84/84/66
f 83/83/65 84/84/66 85/85/67
f 85/85/67 84/84/66 86/86/68
f 85/85/67 86/86/68 87/87/69
f 87/87/69 86/86/68 88/88/70
f 87/87/69 88/88/70 89/89/71
f 90/90/72 87/87/69 89/89/71
f 90/90/72 89/89/71 91/91/73
f 91/91/73 89/89/71 92/92/74
f 91/91/73 92/92/74 93/93/75
f 93/93/75 92/92/74 94/94/76
f 93/93/75 94/94/76 95/95/77
f 95/95/77 94/94/76 96/96/78
f 97/97/79 95/95/77 96/96/78
f 97/97/79 96/96/78 98/98/80
f 99/99/81 97/97/79 98/98/80
f 99/99/81 98/98/80 100/100/82
f 101/101/83 99/99/81 100/100/82
f 101/101/83 100/100/82 102/102/84
f 103/103/85 101/101/83 102/102/84
f 103/103/85 102/102/84 104/104/86
f 105/105/87 103/103/85 104/104/86
f 105/105/87 104/104/86 106/106/88
f 107/107/89 105/105/87 106/106/88
f 107/107/89 106/106/88 108/108/90
f 109/109/91 107/107/89 108/108/90
f 109/109/91 108/108/90 110/110/92
f 111/111/93 109/109/91 110/110/92
f 112/112/94 109/109/91 111/111/93
f 113/113/95 112/112/94 111/111/93
f 113/113/95 111/111/93 114/114/96
f 115/115/97 112/112/94 113/113/95
f 113/113/95 114/114/96 116/116/98
f 117/117/99 113/113/95 116/116/98
f 118/118/100 112/112/94 115/115/97
f 119/119/101 112/112/94 118/118/100
f 120/120/102 119/119/101 118/118/100
f 120/120/102 118/118/100 121/121/103
f 122/122/104 120/120/102 121/121/103
f 121/121/103 123/123/105 122/122/104
f 123/123/105 124/124/106 122/122/104
f 123/123/105 125/125/107 124/124/106
f 125/125/107 126/126/108 124/124/106
f 125/125/107 127/127/109 126/126/108
f 128/128/110 127/127/109 125/125/107
f 129/129/111 127/127/109 128/128/110
f 129/129/111 130/130/112 127/127/109
f 130/130/112 131/131/113 127/127/109
f 132/132/114 129/129/111 128/128/110
f 130/130/112 133/133/115 131/131/113
f 133/133/115 134/134/116 131/131/113
f 133/133/115 135/135/117 134/134/116
f 135/135/117 136/136/118 134/134/116
f 135/135/117 137/137/119 136/136/118
f 137/137/119 138/138/120 136/136/118
f 137/137/119 139/139/121 138/138/120
f 139/139/121 51/51/34 138/138/120
f 140/140/122 132/132/114 128/128/110
f 141/141/123 132/132/114 140/140/122
f 139/139/121 52/52/35 51/51/34
f 142/142/124 143/143/125 144/144/126
f 144/144/126 143/143/125 145/145/127
f 142/142/124 144/144/126 146/146/128
f 146/146/128 144/144/126 145/145/127
f 142/142/124 146/146/128 147/147/129
f 147/147/129 146/146/128 148/148/130
f 148/148/130 146/146/128 145/145/127
f 147/147/129 148/148/130 145/145/127
f 147/147/129 145/145/127 149/149/131
f 149/149/131 145/145/127 150/150/132
f 150/150/132 145/145/127 151/151/133
f 143/143/125 142/142/124 152/152/134
f 151/151/133 145/145/127 153/153/135
f 154/154/136 151/151/133 153/153/135
f 155/155/137 154/154/136 153/153/135
f 156/156/138 155/155/137 153/153/135
f 157/157/139 156/156/138 153/153/135
f 143/143/125 152/152/134 157/157/139
f 157/157/139 152/152/134 158/158/140
f 157/157/139 158/158/140 156/156/138
f 143/143/125 159/159/141 145/145/127
f 157/157/139 153/153/135 160/160/142
f 160/160/142 153/153/135 161/161/143
f 160/160/142 161/161/143 162/162/144
f 163/163/145 160/160/142 162/162/144
f 164/164/146 163/163/145 162/162/144
f 165/165/147 163/163/145 164/164/146
f 166/166/148 163/163/145 165/165/147
f 167/167/149 166/166/148 165/165/147
f 168/168/150 166/166/148 167/167/149
f 169/169/151 166/166/148 168/168/150
f 170/170/152 169/169/151 168/168/150
f 170/170/152 171/171/153 169/169/151
f 172/172/154 171/171/153 170/170/152
f 172/172/154 173/173/155 171/171/153
f 174/174/156 173/173/155 172/172/154
f 175/175/157 173/173/155 174/174/156
f 175/175/157 176/176/158 173/173/155
f 175/175/157 177/177/159 176/176/158
f 177/177/159 178/178/160 176/176/158
f 177/177/159 179/179/161 178/178/160
f 179/179/161 180/180/162 178/178/160
f 178/178/160 180/180/162 181/181/163
f 180/180/162 182/182/164 181/181/163
f 182/182/164 183/183/165 181/181/163
f 181/181/163 183/183/165 184/184/166
f 183/183/165 185/185/167 184/184/166
f 184/184/166 185/185/167 186/186/168
f 185/185/167 187/187/169 186/186/168
f 187/187/169 188/188/170 186/186/168
f 188/188/170 189/189/171 186/186/168
f 186/186/168 189/189/171 190/190/172
f 190/190/172 189/189/171 191/191/173
f 186/186/168 190/190/172 192/192/174
f 189/189/171 193/193/175 191/191/173
f 191/191/173 193/193/175 194/194/176
f 191/191/173 194/194/176 195/195/177
f 191/191/173 195/195/177 196/196/178
f 196/196/178 195/195/177 197/197/179
f 196/196/178 197/197/179 198/198/180
f 198/198/180 197/197/179 159/159/141
f 143/143/125 198/198/180 159/159/141
f 199/199/181 200/200/182 201/201/183
f 202/202/184 200/200/182 199/199/181
f 203/203/185 199/199/181 201/201/183
f 204/204/186 201/201/187 205/205/186
f 206/206/188 207/207/189 208/208/190
f 209/209/191 207/207/189 206/206/188
f 209/209/191 206/206/188 210/210/192
f 211/211/193 209/209/194 212/212/193
f 213/213/195 214/214/196 215/215/197
f 216/216/198 217/217/199 218/218/200
f 151/151/201 219/219/202 220/220/203
f 221/221/204 222/222/204 223/223/204
f 224/224/205 225/225/205 226/226/205
f 227/227/206 228/228/206 229/229/206
f 230/230/207 231/231/208 232/232/209
f 233/233/210 231/231/211 234/234/212
f 235/235/213 236/236/214 237/237/215
f 238/238/216 236/236/214 235/235/213
f 237/237/215 236/236/214 239/239/217
f 237/237/215 239/239/217 240/240/218
f 241/241/219 242/242/220 243/243/221
f 244/244/222 245/245/223 246/246/224
f 244/244/222 246/246/224 247/247/225
f 244/244/222 248/248/226 245/245/223
f 245/245/223 248/248/226 249/249/227
f 250/250/228 251/251/229 252/252/230
f 253/253/231 251/251/229 250/250/228
f 252/252/230 251/251/229 254/254/232
f 252/252/230 254/254/232 255/255/233
f 255/255/233 254/254/232 256/256/234
f 255/255/233 256/256/234 257/257/235
f 255/255/233 257/257/235 258/258/236
f 258/258/236 257/257/235 259/259/237
f 260/260/238 253/253/231 250/250/228
f 261/261/239 260/260/238 250/250/228
f 262/262/240 260/260/238 261/261/239
f 263/263/241 262/262/240 261/261/239
f 264/264/242 262/262/240 263/263/241
f 265/265/243 264/264/242 263/263/241
f 266/266/244 265/265/243 263/263/241
f 267/267/245 265/265/243 266/266/244
f 267/267/245 266/266/244 268/268/246
f 269/269/247 267/267/245 268/268/246
f 269/269/247 268/268/246 270/270/247
f 271/271/248 269/269/247 270/270/247
f 271/271/248 270/270/247 272/272/249
f 273/273/250 271/271/248 272/272/249
f 258/258/236 259/259/237 274/274/251
f 274/274/251 259/259/237 275/275/252
f 274/274/251 275/275/252 276/276/253
f 276/276/253 275/275/252 277/277/254
f 276/276/253 277/277/254 278/278/255
f 278/278/255 277/277/254 279/279/256
f 280/280/257 278/278/255 279/279/256
f 280/280/257 279/279/256 281/281/258
f 282/282/259 280/280/257 281/281/258
f 282/282/259 281/281/258 283/283/260
f 284/284/261 282/282/259 283/283/260
f 284/284/261 283/283/260 285/285/262
f 286/286/263 284/284/261 285/285/262
f 286/286/263 285/285/262 287/287/264
f 288/288/265 286/286/263 287/287/264
f 288/288/265 287/287/264 289/289/266
f 290/290/267 288/288/265 289/289/266
f 291/291/268 290/290/267 289/289/266
f 292/292/269 290/290/267 291/291/268
f 293/293/270 292/292/269 291/291/268
f 294/294/271 292/292/269 293/293/270
f 295/295/272 294/294/271 293/293/270
f 296/296/273 294/294/271 295/295/272
f 297/297/274 296/296/273 295/295/272
f 298/298/275 296/296/273 297/297/274
f 299/299/276 298/298/275 297/297/274
f 300/300/277 298/298/275 299/299/276
f 301/301/278 300/300/277 299/299/276
f 302/302/279 300/300/277 301/301/278
f 303/303/280 302/302/279 301/301/278
f 304/304/281 302/302/279 303/303/280
f 305/305/282 304/304/281 303/303/280
f 306/306/283 304/304/281 305/305/282
f 307/307/284 306/306/283 305/305/282
f 308/308/285 306/306/283 307/307/284
f 309/309/286 308/308/285 307/307/284
f 310/310/287 308/308/285 309/309/286
f 311/311/288 310/310/287 309/309/286
f 312/312/289 310/310/287 311/311/288
f 313/313/290 312/312/289 311/311/288
f 313/313/290 314/314/291 312/312/289
f 315/315/292 314/314/291 313/313/290
f 315/315/292 316/316/293 314/314/291
f 317/317/294 316/316/293 315/315/292
f 317/317/294 318/318/295 316/316/293
f 319/319/296 318/318/295 317/317/294
f 319/319/296 320/320/297 318/318/295
f 321/321/298 320/320/297 319/319/296
f 321/321/298 322/322/299 320/320/297
f 321/321/298 323/323/300 322/322/299
f 323/323/300 324/324/301 322/322/299
f 323/323/300 325/325/302 324/324/301
f 325/325/302 326/326/303 324/324/301
f 325/325/302 327/327/304 326/326/303
f 328/328/305 327/327/304 325/325/302
f 328/328/305 329/329/306 327/327/304
f 330/330/307 329/329/306 328/328/305
f 330/330/307 331/331/308 329/329/306
f 332/332/309 331/331/308 330/330/307
f 332/332/309 333/333/310 331/331/308
f 334/334/311 333/333/310 332/332/309
f 334/334/311 335/335/312 333/333/310
f 336/336/313 335/335/312 334/334/311
f 336/336/313 337/337/314 335/335/312
f 336/336/313 338/338/314 337/337/314
f 338/338/314 339/339/315 337/337/314
f 338/338/314 340/340/316 339/339/315
f 340/340/316 341/341/317 339/339/315
f 340/340/316 273/273/250 341/341/317
f 273/273/250 272/272/249 341/341/317
f 342/342/318 343/343/319 344/344/320
f 345/345/321 343/343/319 342/342/318
f 342/342/318 344/344/320 346/346/322
f 346/346/322 344/344/320 347/347/323
f 346/346/322 347/347/323 348/348/324
f 348/348/324 347/347/323 349/349/325
f 348/348/324 349/349/325 350/350/326
f 350/350/326 349/349/325 351/351/327
f 350/350/326 351/351/327 352/352/328
f 352/352/328 351/351/327 353/353/329
f 354/354/330 352/352/328 353/353/329
f 354/354/330 353/353/329 355/355/331
f 356/356/332 354/354/330 355/355/331
f 356/356/332 355/355/331 357/357/333
f 358/358/334 356/356/332 357/357/333
f 358/358/334 357/357/333 359/359/335
f 360/360/336 358/358/334 359/359/335
f 360/360/336 359/359/335 361/361/337
f 362/362/338 360/360/336 361/361/337
f 362/362/338 361/361/337 363/363/339
f 364/364/340 365/365/341 366/366/342
f 367/367/343 364/364/340 366/366/342
f 366/366/342 365/365/341 368/368/344
f 365/365/341 369/369/345 368/368/344
f 368/368/344 369/369/345 370/370/346
f 370/370/346 369/369/345 371/371/347
f 370/370/346 371/371/347 372/372/348
f 370/370/346 372/372/348 373/373/349
f 373/373/349 372/372/348 374/374/350
f 373/373/349 374/374/350 375/375/351
f 376/376/352 373/373/349 375/375/351
f 377/377/353 364/364/340 367/367/343
f 378/378/354 377/377/353 367/367/343
f 379/379/355 378/378/354 367/367/343
f 380/380/356 378/378/354 379/379/355
f 381/381/357 380/380/356 379/379/355
f 382/382/358 381/381/357 379/379/355
f 383/383/359 381/381/357 382/382/358
f 376/376/352 375/375/351 384/384/360
f 376/376/352 384/384/360 385/385/361
f 386/386/362 376/376/352 385/385/361
f 386/386/362 385/385/361 387/387/363
f 386/386/362 387/387/363 388/388/364
f 389/389/365 386/386/362 388/388/364
f 389/389/365 388/388/364 390/390/366
f 391/391/367 389/389/365 390/390/366
f 392/392/368 389/389/365 391/391/367
f 392/392/368 391/391/367 393/393/369
f 394/394/370 392/392/368 393/393/369
f 395/395/371 383/383/359 382/382/358
f 395/395/371 382/382/358 396/396/372
f 397/397/373 395/395/371 396/396/372
f 397/397/373 396/396/372 398/398/374
f 399/399/375 397/397/373 398/398/374
f 400/400/376 399/399/375 398/398/374
f 394/394/370 393/393/369 401/401/377
f 401/401/377 393/393/369 402/402/378
f 403/403/379 394/394/370 401/401/377
f 404/404/380 405/405/7 406/406/381
f 406/406/381 405/405/7 407/407/5
f 404/404/380 408/408/382 405/405/7
f 409/409/383 408/408/382 404/404/380
f 409/409/383 410/410/384 408/408/382
f 406/406/381 407/407/5 411/411/5
f 411/411/5 407/407/5 412/412/5
f 411/411/5 412/412/5 413/413/5
f 413/413/5 412/412/5 414/414/5
f 413/413/5 414/414/5 415/415/5
f 415/415/5 414/414/5 416/416/5
f 415/415/5 416/416/5 417/417/385
f 417/417/385 416/416/5 418/418/386
f 417/417/385 418/418/386 419/419/387
f 417/417/385 419/419/387 420/420/388
f 417/417/385 420/420/388 421/421/389
f 421/421/389 420/420/388 422/422/390
f 421/421/389 422/422/390 423/423/4
f 421/421/389 423/423/4 424/424/391
f 423/423/4 425/425/392 424/424/391
f 424/424/391 425/425/392 426/426/393
f 426/426/393 425/425/392 427/427/394
f 425/425/392 428/428/395 427/427/394
f 427/427/394 428/428/395 429/429/5
f 428/428/395 430/430/5 429/429/5
f 430/430/5 431/431/5 429/429/5
f 431/431/5 432/432/5 429/429/5
f 429/429/5 432/432/5 433/433/5
f 432/432/5 434/434/5 433/433/5
f 433/433/5 434/434/5 435/435/5
f 434/434/5 436/436/5 435/435/5
f 436/436/5 437/437/391 435/435/5
f 435/435/5 437/437/391 438/438/396
f 438/438/396 437/437/391 439/439/397
f 437/437/391 440/440/398 439/439/397
f 439/439/397 440/440/398 441/441/399
f 441/441/399 440/440/398 442/442/400
f 443/443/401 444/444/402 445/445/403
f 446/446/404 443/443/401 445/445/403
f 447/447/405 443/443/401 446/446/404
f 445/445/403 444/444/402 448/448/406
f 445/445/403 448/448/406 449/449/407
f 449/449/407 448/448/406 450/450/408
f 451/451/409 452/452/410 453/453/411
f 451/451/409 453/453/411 454/454/412
f 452/452/410 455/455/413 453/453/411
f 456/456/414 451/451/409 454/454/412
f 452/452/410 457/457/415 455/455/413
f 457/457/415 458/458/416 455/455/413
f 457/457/415 459/459/417 458/458/416
f 459/459/417 460/460/418 458/458/416
f 459/459/417 461/461/419 460/460/418
f 461/461/419 462/462/420 460/460/418
f 456/456/414 454/454/412 463/463/421
f 464/464/422 456/456/414 463/463/421
f 464/464/422 463/463/421 465/465/423
f 465/465/423 463/463/421 466/466/424
f 461/461/419 467/467/425 462/462/420
f 461/461/419 468/468/426 467/467/425
f 468/468/426 469/469/427 467/467/425
f 461/461/419 470/470/428 468/468/426
f 471/471/429 470/470/428 461/461/419
f 472/472/430 464/464/422 465/465/423
f 472/472/430 465/465/423 473/473/431
f 474/474/432 470/470/428 471/471/429
f 474/474/432 475/475/433 470/470/428
f 475/475/433 476/476/434 470/470/428
f 476/476/434 475/475/433 477/477/435
f 478/478/436 477/477/435 475/475/433
f 479/479/437 477/477/435 478/478/436
f 479/479/437 478/478/436 480/480/438
f 481/481/439 479/479/437 480/480/438
f 482/482/440 479/479/437 481/481/439
f 483/483/441 482/482/440 481/481/439
f 484/484/442 483/483/441 481/481/439
f 485/485/443 484/484/442 481/481/439
f 486/486/444 484/484/442 485/485/443
f 487/487/445 484/484/442 486/486/444
f 488/488/446 487/487/445 486/486/444
f 488/488/446 486/486/444 489/489/447
f 490/490/448 488/488/446 489/489/447
f 490/490/448 489/489/447 491/491/449
f 492/492/450 490/490/448 491/491/449
f 492/492/450 491/491/449 493/493/451
f 494/494/452 492/492/450 493/493/451
f 494/494/452 493/493/451 495/495/453
f 496/496/454 494/494/452 495/495/453
f 496/496/454 495/495/453 497/497/455
f 497/497/455 495/495/453 498/498/456
f 499/499/457 497/497/455 498/498/456
f 499/499/457 498/498/456 500/500/458
f 501/501/459 499/499/457 500/500/458
f 502/502/460 501/501/459 500/500/458
f 502/502/460 500/500/458 503/503/461
f 504/504/462 502/502/460 503/503/461
f 504/504/462 503/503/461 505/505/463
f 506/506/464 504/504/462 505/505/463
f 507/507/465 504/504/462 506/506/464
f 508/508/466 507/507/465 506/506/464
f 509/509/467 508/508/466 506/506/464
f 510/510/468 508/508/466 509/509/467
f 511/511/469 510/510/468 509/509/467
f 511/511/469 509/509/467 512/512/470
f 513/513/471 511/511/469 512/512/470
f 514/514/472 511/511/469 513/513/471
f 514/514/472 513/513/471 515/515/473
f 516/516/474 514/514/472 515/515/473
f 516/516/474 515/515/473 517/517/475
f 518/518/476 516/516/474 517/517/475
f 518/518/476 517/517/475 519/519/477
f 520/520/478 518/518/476 519/519/477
f 520/520/478 519/519/477 521/521/479
f 522/522/480 520/520/478 521/521/479
f 523/523/481 508/508/466 510/510/468
f 522/522/480 521/521/479 524/524/482
f 524/524/482 521/521/479 525/525/483
f 526/526/484 524/524/482 525/525/483
f 525/525/483 521/521/479 527/527/485
f 527/527/485 521/521/479 528/528/486
f 527/527/485 528/528/486 529/529/487
f 530/530/488 527/527/485 529/529/487
f 530/530/488 529/529/487 531/531/489
f 531/531/489 532/532/490 530/530/488
f 531/531/489 533/533/491 532/532/490
f 532/532/490 533/533/491 534/534/492
f 533/533/491 535/535/493 534/534/492
f 534/534/492 535/535/493 536/536/494
f 536/536/494 535/535/493 537/537/495
f 535/535/493 538/538/496 537/537/495
f 538/538/496 539/539/497 537/537/495
f 538/538/496 540/540/498 539/539/497
f 540/540/498 541/541/499 539/539/497
f 540/540/498 542/542/500 541/541/499
f 542/542/500 543/543/501 541/541/499
f 542/542/500 544/544/502 543/543/501
f 544/544/502 545/545/503 543/543/501
f 544/544/502 546/546/504 545/545/503
f 546/546/504 547/547/505 545/545/503
f 546/546/504 548/548/506 547/547/505
f 548/548/506 549/549/507 547/547/505
f 548/548/506 550/550/508 549/549/507
f 551/551/509 550/550/508 548/548/506
f 548/548/506 552/552/510 551/551/509
f 552/552/510 553/553/511 551/551/509
f 552/552/510 554/554/512 553/553/511
f 554/554/512 555/555/513 553/553/511
f 554/554/512 556/556/514 555/555/513
f 556/556/514 557/557/515 555/555/513
f 556/556/514 558/558/516 557/557/515
f 558/558/516 559/559/517 557/557/515
f 558/558/516 472/472/430 559/559/517
f 559/559/517 472/472/430 473/473/431
f 560/560/518 561/561/518 562/562/519
f 562/562/519 561/561/518 563/563/520
f 561/561/518 564/564/521 563/563/520
f 561/561/518 565/565/521 564/564/521
f 566/566/522 562/562/519 563/563/520
f 567/567/523 562/562/519 566/566/522
f 568/568/524 569/569/525 570/570/526
f 571/571/527 568/568/524 570/570/526
f 570/570/526 569/569/525 572/572/528
f 573/573/529 568/568/524 571/571/527
f 574/574/530 568/568/524 573/573/529
f 575/575/530 574/574/530 573/573/529
f 576/576/530 574/574/530 575/575/530
f 577/577/530 576/576/530 575/575/530
f 578/578/530 576/576/530 577/577/530
f 577/577/530 575/575/530 579/579/531
f 580/580/532 577/577/530 579/579/531
f 581/581/170 577/577/530 580/580/532
f 582/582/530 577/577/530 581/581/170
f 582/582/530 581/581/170 583/583/530
f 581/581/170 584/584/170 583/583/530
f 584/584/170 585/585/530 583/583/530
f 583/583/530 585/585/530 586/586/530
f 585/585/530 587/587/530 586/586/530
f 586/586/530 587/587/530 588/588/530
f 587/587/530 589/589/530 588/588/530
f 590/590/530 589/589/530 587/587/530
f 591/591/533 589/589/530 590/590/530
f 591/591/533 592/592/530 589/589/530
f 593/593/534 594/594/535 595/595/536
f 594/594/535 596/596/537 595/595/536
f 594/594/535 597/597/538 596/596/537
f 598/598/539 597/597/538 594/594/535
f 599/599/540 597/597/538 598/598/539
f 599/599/540 600/600/541 597/597/538
f 601/601/541 600/600/541 599/599/540
f 599/599/540 598/598/539 602/602/542
f 603/603/543 594/594/535 593/593/534
f 598/598/539 594/594/535 603/603/543
f 604/604/544 603/603/543 593/593/534
f 595/595/536 596/596/537 605/605/545
f 606/606/546 598/598/539 603/603/543
f 606/606/546 603/603/543 607/607/547
f 608/608/548 606/606/546 607/607/547
f 609/609/549 606/606/546 608/608/548
f 610/610/550 598/598/539 606/606/546
f 609/609/549 610/610/550 606/606/546
f 609/609/549 611/611/551 610/610/550
f 611/611/551 612/612/552 610/610/550
f 610/610/550 612/612/552 613/613/553
f 611/611/551 614/614/554 612/612/552
f 615/615/555 611/611/551 609/609/549
f 615/615/555 614/614/554 611/611/551
f 616/616/556 614/614/554 615/615/555
f 617/617/557 614/614/554 616/616/556
f 616/616/556 615/615/555 618/618/558
f 618/618/558 615/615/555 609/609/549
f 619/619/559 617/617/557 616/616/556
f 619/619/559 616/616/556 618/618/558
f 619/619/559 618/618/558 620/620/560
f 621/621/561 617/617/557 619/619/559
f 621/621/561 619/619/559 622/622/562
f 622/622/562 619/619/559 623/623/563
f 623/623/563 619/619/559 620/620/560
f 621/621/561 622/622/562 624/624/564
f 624/624/564 622/622/562 623/623/563
f 625/625/565 621/621/561 624/624/564
f 625/625/565 624/624/564 626/626/566
f 626/626/566 624/624/564 627/627/567
f 627/627/567 624/624/564 623/623/563
f 628/628/568 623/623/563 620/620/560
f 627/627/567 623/623/563 628/628/568
f 628/628/568 626/626/566 627/627/567
f 629/629/569 626/626/566 628/628/568
f 630/630/570 626/626/566 629/629/569
f 631/631/571 626/626/566 630/630/570
f 632/632/572 631/631/571 630/630/570
f 633/633/573 630/630/570 629/629/569
f 634/634/574 632/632/572 630/630/570
f 634/634/574 630/630/570 633/633/573
f 633/633/573 635/635/575 634/634/574
f 636/636/576 635/635/575 633/633/573
f 635/635/575 637/637/577 634/634/574
f 634/634/574 637/637/577 632/632/572
f 636/636/576 633/633/573 638/638/578
f 639/639/579 640/640/580 641/641/385
f 640/640/580 642/642/5 641/641/385
f 641/641/385 642/642/5 643/643/581
f 642/642/5 644/644/582 643/643/581
f 643/643/581 644/644/582 645/645/580
f 645/645/580 644/644/582 646/646/580
f 647/647/1 640/640/580 639/639/579
f 648/648/583 647/647/1 639/639/579
f 649/649/584 647/647/1 648/648/583
f 648/648/583 650/650/585 649/649/584
f 650/650/585 651/651/586 649/649/584
f 649/649/584 651/651/586 652/652/587
f 653/653/588 650/650/585 648/648/583
f 653/653/588 654/654/5 650/650/585
f 655/655/589 654/654/5 653/653/588
f 655/655/589 656/656/580 654/654/5
f 657/657/580 656/656/580 655/655/589
f 657/657/580 658/658/5 656/656/580
f 659/659/386 658/658/5 657/657/580
f 660/660/590 658/658/5 659/659/386
f 660/660/590 661/661/591 658/658/5
f 658/658/5 661/661/591 662/662/592
f 661/661/591 663/663/593 662/662/592
f 662/662/592 663/663/593 664/664/594
f 663/663/593 665/665/595 664/664/594
f 665/665/595 666/666/596 664/664/594
f 665/665/595 667/667/581 666/666/596
f 666/666/596 667/667/581 668/668/5
f 667/667/581 669/669/582 668/668/5
f 668/668/5 669/669/582 670/670/5
f 670/670/5 669/669/582 671/671/597
f 670/670/5 671/671/597 672/672/5
f 671/671/597 673/673/598 672/672/5
f 672/672/5 673/673/598 674/674/582
f 673/673/598 675/675/580 674/674/582
f 674/674/582 675/675/580 676/676/599
f 675/675/580 677/677/600 676/676/599
f 676/676/599 677/677/600 678/678/601
f 678/678/601 677/677/600 679/679/602
f 680/680/603 678/678/601 679/679/602
f 681/681/604 678/678/601 680/680/603
f 679/679/602 677/677/600 682/682/605
f 679/679/602 682/682/605 683/683/606
f 683/683/606 682/682/605 684/684/607
f 683/683/606 684/684/607 685/685/608
f 685/685/608 684/684/607 686/686/609
f 687/687/610 681/681/604 680/680/603
f 685/685/608 686/686/609 688/688/4
f 686/686/609 689/689/394 688/688/4
f 688/688/4 689/689/394 690/690/611
f 690/690/611 689/689/394 691/691/612
f 690/690/611 691/691/612 692/692/613
f 693/693/614 690/690/611 692/692/613
f 693/693/614 692/692/613 694/694/581
f 695/695/615 693/693/614 694/694/581
f 695/695/615 694/694/581 696/696/387
f 697/697/616 695/695/615 696/696/387
f 697/697/616 696/696/387 698/698/582
f 699/699/617 697/697/616 698/698/582
f 646/646/580 697/697/616 699/699/617
f 645/645/580 646/646/580 699/699/617
f 700/700/618 701/701/619 702/702/620
f 703/703/621 700/700/618 702/702/620
f 700/700/618 704/704/521 701/701/619
f 704/704/521 705/705/521 701/701/619
f 700/700/618 703/703/621 706/706/622
f 707/707/623 708/708/624 709/709/625
f 710/710/626 708/708/624 707/707/623
f 709/709/625 711/711/627 707/707/623
f 711/711/627 712/712/628 707/707/623
f 707/707/623 712/712/628 713/713/629
f 714/714/630 708/708/624 710/710/626
f 715/715/631 714/714/630 710/710/626
f 715/715/631 716/716/632 714/714/630
f 717/717/633 715/715/631 710/710/626
f 718/718/634 719/719/635 720/720/636
f 719/719/635 721/721/637 720/720/636
f 719/719/635 722/722/638 721/721/637
f 722/722/638 723/723/638 721/721/637
f 718/718/634 724/724/639 719/719/635
f 718/718/634 725/725/640 724/724/639
f 724/724/639 725/725/640 726/726/641
f 725/725/640 727/727/642 726/726/641
f 727/727/642 728/728/643 726/726/641
f 729/729/644 727/727/642 725/725/640
f 727/727/642 730/730/645 728/728/643
f 730/730/645 731/731/646 728/728/643
f 730/730/645 732/732/647 731/731/646
f 732/732/647 733/733/648 731/731/646
f 732/732/647 734/734/649 733/733/648
f 734/734/649 735/735/650 733/733/648
f 734/734/649 736/736/651 735/735/650
f 734/734/649 737/737/652 736/736/651
f 737/737/652 738/738/653 736/736/651
f 738/738/653 739/739/654 736/736/651
f 738/738/653 740/740/655 739/739/654
f 740/740/655 741/741/656 739/739/654
f 740/740/655 742/742/657 741/741/656
f 743/743/658 744/744/659 745/745/660
f 746/746/661 743/743/658 745/745/660
f 747/747/662 743/743/658 746/746/661
f 748/748/663 743/743/658 747/747/662
f 749/749/664 743/743/658 748/748/663
f 750/750/665 743/743/658 749/749/664
f 751/751/665 750/750/665 749/749/664
f 752/752/665 743/743/658 750/750/665
f 752/752/665 753/753/665 743/743/658
f 754/754/666 752/752/665 750/750/665
f 749/749/664 748/748/663 755/755/667
f 749/749/664 755/755/667 756/756/668
f 749/749/664 756/756/668 757/757/669
f 749/749/664 757/757/669 758/758/670
f 757/757/669 759/759/671 758/758/670
f 745/745/660 744/744/659 760/760/672
f 761/761/666 754/754/666 750/750/665
f 762/762/673 754/754/666 761/761/666
f 762/762/673 763/763/673 754/754/666
f 759/759/671 764/764/674 758/758/670
f 758/758/670 764/764/674 765/765/675
f 764/764/674 766/766/676 765/765/675
f 766/766/676 767/767/677 765/765/675
f 760/760/672 768/768/678 767/767/677
f 765/765/675 767/767/677 769/769/679
f 767/767/677 768/768/678 769/769/679
f 760/760/672 770/770/680 768/768/678
f 760/760/672 744/744/659 770/770/680
f 771/771/681 772/772/682 773/773/683
f 773/773/683 772/772/682 774/774/684
f 772/772/682 775/775/685 774/774/684
f 775/775/685 776/776/530 774/774/684
f 774/774/684 776/776/530 777/777/530
f 776/776/530 778/778/686 777/777/530
f 779/779/687 771/771/681 773/773/683
f 780/780/685 779/779/687 773/773/683
f 780/780/685 773/773/683 781/781/684
f 782/782/201 780/780/685 781/781/684
f 783/783/530 782/782/201 781/781/684
f 784/784/201 782/782/201 783/783/530
f 777/777/530 778/778/686 785/785/686
f 778/778/686 786/786/682 785/785/686
f 786/786/682 787/787/170 785/785/686
f 786/786/682 788/788/681 787/787/170
f 788/788/681 789/789/681 787/787/170
f 789/789/681 790/790/688 787/787/170
f 787/787/170 790/790/688 791/791/689
f 792/792/690 784/784/201 783/783/530
f 793/793/691 784/784/201 792/792/690
f 793/793/691 794/794/692 784/784/201
f 793/793/691 795/795/693 794/794/692
f 793/793/691 796/796/530 795/795/693
f 796/796/530 797/797/683 795/795/693
f 796/796/530 798/798/694 797/797/683
f 796/796/530 799/799/695 798/798/694
f 799/799/695 800/800/696 798/798/694
f 799/799/695 801/801/697 800/800/696
f 799/799/695 802/802/201 801/801/697
f 802/802/201 803/803/698 801/801/697
f 802/802/201 804/804/533 803/803/698
f 802/802/201 805/805/530 804/804/533
f 805/805/530 806/806/530 804/804/533
f 805/805/530 807/807/170 806/806/530
f 807/807/170 808/808/683 806/806/530
f 807/807/170 809/809/170 808/808/683
f 810/810/531 809/809/170 807/807/170
f 810/810/531 811/811/699 809/809/170
f 812/812/700 811/811/699 810/810/531
f 813/813/701 814/814/702 815/815/703
f 816/816/704 814/814/702 813/813/701
f 815/815/703 814/814/702 817/817/705
f 815/815/703 817/817/705 818/818/706
f 819/819/521 820/820/521 821/821/521
f 822/822/707 820/820/521 819/819/521
f 823/823/708 822/822/707 819/819/521
f 824/824/709 822/822/707 823/823/708
f 825/825/710 824/824/709 823/823/708
f 826/826/711 824/824/709 825/825/710
f 827/827/712 828/828/713 829/829/714
f 830/830/715 828/828/713 827/827/712
f 830/830/715 831/831/716 828/828/713
f 832/832/717 831/831/716 830/830/715
f 833/833/718 831/831/716 832/832/717
f 829/829/714 828/828/713 834/834/719
f 834/834/719 828/828/713 835/835/720
f 835/835/720 828/828/713 836/836/721
f 836/836/721 828/828/713 837/837/722
f 836/836/721 837/837/722 838/838/722
f 837/837/722 828/828/713 839/839/722
f 828/828/713 840/840/722 839/839/722
f 837/837/722 839/839/722 841/841/723
f 842/842/724 835/835/720 836/836/721
f 843/843/725 842/842/724 836/836/721
f 844/844/726 842/842/724 843/843/725
f 841/841/723 839/839/722 845/845/723
f 846/846/727 833/833/718 832/832/717
f 847/847/728 846/846/727 832/832/717
f 848/848/729 846/846/727 847/847/728
f 848/848/729 847/847/728 849/849/730
f 845/845/723 850/850/731 841/841/723
f 841/841/723 850/850/731 851/851/731
f 852/852/732 848/848/729 849/849/730
f 852/852/732 849/849/730 853/853/733
f 852/852/732 853/853/733 854/854/734
f 854/854/734 853/853/733 855/855/735
f 855/855/735 853/853/733 856/856/736
f 855/855/735 856/856/736 857/857/737
f 855/855/735 857/857/737 836/836/721
f 857/857/737 843/843/725 836/836/721
f 858/858/738 859/859/739 860/860/740
f 861/861/741 858/858/738 860/860/740
f 862/862/742 858/858/738 861/861/741
f 859/859/739 863/863/743 860/860/740
f 863/863/743 859/859/739 864/864/744
f 865/865/745 863/863/743 864/864/744
f 865/865/745 864/864/744 866/866/746
f 867/867/747 865/865/745 866/866/746
f 867/867/747 866/866/746 868/868/748
f 869/869/749 867/867/747 868/868/748
f 869/869/749 868/868/748 870/870/750
f 871/871/751 869/869/749 870/870/750
f 871/871/751 870/870/750 872/872/752
f 861/861/741 860/860/740 873/873/753
f 874/874/754 862/862/742 861/861/741
f 875/875/755 862/862/742 874/874/754
f 876/876/756 862/862/742 875/875/755
f 877/877/757 876/876/756 875/875/755
f 878/878/758 876/876/756 877/877/757
f 878/878/758 877/877/757 879/879/759
f 880/880/760 878/878/758 879/879/759
f 875/875/755 874/874/754 881/881/761
f 875/875/755 881/881/761 882/882/762
f 883/883/763 875/875/755 882/882/762
f 880/880/760 879/879/759 884/884/764
f 885/885/765 880/880/760 884/884/764
f 885/885/765 884/884/764 886/886/766
f 887/887/767 871/871/751 872/872/752
f 887/887/767 872/872/752 888/888/768
f 888/888/768 872/872/752 889/889/769
f 890/890/770 888/888/768 889/889/769
f 890/890/770 889/889/769 891/891/771
f 892/892/772 890/890/770 891/891/771
f 892/892/772 891/891/771 893/893/773
f 893/893/773 891/891/771 894/894/774
f 895/895/775 892/892/772 893/893/773
f 896/896/776 893/893/773 894/894/774
f 896/896/776 894/894/774 897/897/777
f 896/896/776 897/897/777 898/898/778
f 898/898/778 897/897/777 899/899/779
f 900/900/780 898/898/778 899/899/779
f 900/900/780 899/899/779 901/901/781
f 895/895/775 893/893/773 902/902/782
f 895/895/775 902/902/782 903/903/783
f 895/895/775 903/903/783 904/904/784
f 904/904/784 903/903/783 905/905/785
f 901/901/781 906/906/786 900/900/780
f 901/901/781 907/907/787 906/906/786
f 907/907/787 908/908/788 906/906/786
f 907/907/787 886/886/766 908/908/788
f 907/907/787 909/909/789 886/886/766
f 904/904/784 905/905/785 910/910/790
f 904/904/784 910/910/790 911/911/791
f 910/910/790 912/912/792 911/911/791
f 912/912/792 913/913/793 911/911/791
f 912/912/792 914/914/794 913/913/793
f 914/914/794 915/915/795 913/913/793
f 914/914/794 916/916/796 915/915/795
f 916/916/796 917/917/797 915/915/795
f 918/918/798 917/917/797 916/916/796
f 918/918/798 919/919/799 917/917/797
f 919/919/799 920/920/800 917/917/797
f 913/913/793 915/915/795 921/921/801
f 915/915/795 922/922/802 921/921/801
f 922/922/802 923/923/803 921/921/801
f 922/922/802 924/924/804 923/923/803
f 909/909/789 885/885/765 886/886/766
f 925/925/805 926/926/806 927/927/807
f 926/926/806 928/928/808 927/927/807
f 927/927/807 928/928/808 929/929/809
f 929/929/809 928/928/808 930/930/810
f 928/928/808 931/931/811 930/930/810
f 930/930/810 931/931/811 932/932/812
f 932/932/812 931/931/811 933/933/813
f 931/931/811 934/934/814 933/933/813
f 933/933/813 934/934/814 935/935/815
f 935/935/815 934/934/814 936/936/816
f 934/934/814 937/937/817 936/936/816
f 936/936/816 937/937/817 938/938/818
f 937/937/817 939/939/819 938/938/818
f 938/938/818 939/939/819 940/940/820
f 939/939/819 941/941/821 940/940/820
f 941/941/821 942/942/822 940/940/820
f 939/939/819 943/943/823 941/941/821
f 944/944/824 945/945/825 946/946/826
f 944/944/824 946/946/826 947/947/827
f 945/945/825 948/948/828 946/946/826
f 945/945/825 949/949/829 948/948/828
f 949/949/829 950/950/830 948/948/828
f 949/949/829 951/951/831 950/950/830
f 951/951/831 952/952/832 950/950/830
f 951/951/831 953/953/833 952/952/832
f 953/953/833 954/954/834 952/952/832
f 953/953/833 955/955/835 954/954/834
f 955/955/835 956/956/836 954/954/834
f 955/955/835 957/957/837 956/956/836
f 957/957/837 958/958/838 956/956/836
f 957/957/837 959/959/839 958/958/838
f 959/959/839 960/960/840 958/958/838
f 959/959/839 961/961/841 960/960/840
f 961/961/841 962/962/842 960/960/840
f 961/961/841 963/963/843 962/962/842
f 963/963/843 964/964/844 962/962/842
f 963/963/843 965/965/845 964/964/844
f 965/965/845 966/966/846 964/964/844
f 964/964/844 966/966/846 967/967/847
f 968/968/848 966/966/846 965/965/845
f 969/969/849 966/966/846 968/968/848
f 969/969/849 970/970/850 966/966/846
f 971/971/851 968/968/848 965/965/845
f 971/971/851 965/965/845 972/972/852
f 966/966/846 970/970/850 973/973/853
f 973/973/853 970/970/850 974/974/854
f 970/970/850 975/975/855 974/974/854
f 970/970/850 976/976/856 975/975/855
f 975/975/855 976/976/856 977/977/857
f 976/976/856 978/978/858 977/977/857
f 975/975/855 977/977/857 979/979/859
f 975/975/855 979/979/859 974/974/854
f 979/979/859 977/977/857 980/980/860
f 979/979/859 980/980/860 981/981/861
f 982/982/862 979/979/859 981/981/861
f 974/974/854 979/979/859 982/982/862
f 982/982/862 981/981/861 983/983/863
f 981/981/861 980/980/860 984/984/864
f 980/980/860 985/985/865 984/984/864
f 985/985/865 986/986/866 984/984/864
f 984/984/864 986/986/866 987/987/867
f 981/981/861 988/988/868 983/983/863
f 981/981/861 984/984/864 988/988/868
f 988/988/868 984/984/864 989/989/869
f 989/989/869 984/984/864 987/987/867
f 988/988/868 989/989/869 990/990/870
f 983/983/863 988/988/868 990/990/870
f 990/990/870 989/989/869 991/991/871
f 989/989/869 992/992/872 991/991/871
f 989/989/869 993/993/873 992/992/872
f 980/980/860 994/994/874 985/985/865
f 995/995/875 994/994/874 980/980/860
f 996/996/876 994/994/874 995/995/875
f 978/978/858 996/996/876 995/995/875
f 978/978/858 997/997/877 996/996/876
f 997/997/877 998/998/878 996/996/876
f 998/998/878 999/999/879 996/996/876
f 996/996/876 999/999/879 1000/1000/880
f 999/999/879 1001/1001/881 1000/1000/880
f 1001/1001/881 1002/1002/882 1000/1000/880
f 996/996/876 1000/1000/880 1003/1003/883
f 998/998/878 1004/1004/884 999/999/879
f 999/999/879 1004/1004/884 1005/1005/885
f 1001/1001/881 1006/1006/886 1002/1002/882
f 1006/1006/886 1007/1007/887 1002/1002/882
f 1006/1006/886 1008/1008/888 1007/1007/887
f 1008/1008/888 1009/1009/889 1007/1007/887
f 1008/1008/888 1010/1010/890 1009/1009/889
f 1010/1010/890 1011/1011/891 1009/1009/889
f 1010/1010/890 1012/1012/892 1011/1011/891
f 1012/1012/892 1013/1013/893 1011/1011/891
f 1012/1012/892 1014/1014/894 1013/1013/893
f 1013/1013/893 1014/1014/894 1015/1015/895
f 1014/1014/894 1016/1016/896 1015/1015/895
f 1015/1015/895 1016/1016/896 1017/1017/897
f 1016/1016/896 1018/1018/898 1017/1017/897
f 1017/1017/897 1018/1018/898 1019/1019/899
f 1018/1018/898 1020/1020/900 1019/1019/899
f 1019/1019/899 1020/1020/900 1021/1021/901
f 1020/1020/900 1022/1022/902 1021/1021/901
f 1022/1022/902 1023/1023/903 1021/1021/901
f 1022/1022/902 1024/1024/904 1023/1023/903
f 1023/1023/903 1024/1024/904 1025/1025/905
f 1026/1026/906 1025/1025/905 1024/1024/904
f 1027/1027/907 1025/1025/905 1026/1026/906
f 1027/1027/907 1026/1026/906 1028/1028/908
f 1028/1028/908 1026/1026/906 343/343/319
f 345/345/321 1028/1028/908 343/343/319
f 1021/1021/901 1023/1023/903 1029/1029/909
f 1030/1030/598 1031/1031/384 1032/1032/384
f 1030/1030/598 1032/1032/384 1033/1033/385
f 1034/1034/395 1031/1031/384 1030/1030/598
f 1034/1034/395 1035/1035/910 1031/1031/384
f 1031/1031/384 1035/1035/910 1036/1036/388
f 1035/1035/910 1037/1037/911 1036/1036/388
f 1036/1036/388 1037/1037/911 1038/1038/580
f 1033/1033/385 1032/1032/384 1039/1039/912
f 1033/1033/385 1039/1039/912 1040/1040/386
f 1040/1040/386 1039/1039/912 1041/1041/913
f 1041/1041/913 1039/1039/912 1042/1042/914
f 1041/1041/913 1042/1042/914 1043/1043/400
f 1043/1043/400 1042/1042/914 1044/1044/915
f 1042/1042/914 1045/1045/916 1044/1044/915
f 1044/1044/915 1045/1045/916 1046/1046/917
f 1046/1046/917 1045/1045/916 1047/1047/918
f 1047/1047/918 1045/1045/916 1048/1048/919
f 1045/1045/916 1049/1049/920 1048/1048/919
f 1049/1049/920 1050/1050/921 1048/1048/919
f 1049/1049/920 1051/1051/922 1050/1050/921
f 1052/1052/923 1051/1051/922 1049/1049/920
f 1052/1052/923 1053/1053/924 1051/1051/922
f 1052/1052/923 1054/1054/925 1053/1053/924
f 1052/1052/923 1055/1055/926 1054/1054/925
f 1056/1056/927 1055/1055/926 1052/1052/923
f 1056/1056/927 1057/1057/911 1055/1055/926
f 1058/1058/385 1057/1057/911 1056/1056/927
f 1038/1038/580 1058/1058/385 1056/1056/927
f 1059/1059/580 1058/1058/385 1038/1038/580
f 1037/1037/911 1059/1059/580 1038/1038/580
f 1060/1060/531 1061/1061/530 1062/1062/533
f 1062/1062/533 1061/1061/530 1063/1063/530
f 1061/1061/530 1064/1064/530 1063/1063/530
f 1063/1063/530 1064/1064/530 1065/1065/533
f 1060/1060/531 1062/1062/533 1066/1066/530
f 1060/1060/531 1066/1066/530 1067/1067/530
f 1067/1067/530 1066/1066/530 1068/1068/530
f 1067/1067/530 1068/1068/530 1069/1069/530
f 1069/1069/530 1068/1068/530 1070/1070/685
f 1065/1065/533 1064/1064/530 1071/1071/533
f 1064/1064/530 1072/1072/530 1071/1071/533
f 1071/1071/533 1072/1072/530 1073/1073/533
f 1073/1073/533 1072/1072/530 1074/1074/530
f 1074/1074/530 1072/1072/530 1075/1075/530
f 1076/1076/928 1075/1075/530 1069/1069/530
f 1070/1070/685 1076/1076/928 1069/1069/530
f 1069/1069/530 1075/1075/530 1077/1077/530
f 1069/1069/530 1077/1077/530 1078/1078/530
f 1077/1077/530 1075/1075/530 1079/1079/530
f 1079/1079/530 1075/1075/530 1080/1080/530
f 1081/1081/681 1075/1075/530 1076/1076/928
f 1082/1082/533 1075/1075/530 1081/1081/681
f 1074/1074/530 1075/1075/530 1082/1082/533
f 1083/1083/929 1084/1084/930 1085/1085/931
f 1086/1086/932 1083/1083/929 1085/1085/931
f 1086/1086/932 1085/1085/931 1087/1087/933
f 1088/1088/934 1086/1086/932 1087/1087/933
f 1089/1089/935 1088/1088/934 1087/1087/933
f 1088/1088/934 1089/1089/935 1090/1090/936
f 1090/1090/936 1089/1089/935 1091/1091/937
f 1091/1091/937 1089/1089/935 1092/1092/938
f 1093/1093/939 1090/1090/936 1091/1091/937
f 1093/1093/939 1091/1091/937 1094/1094/940
f 1095/1095/941 1093/1093/939 1094/1094/940
f 1094/1094/940 1096/1096/942 1095/1095/941
f 1097/1097/942 1096/1096/942 1094/1094/940
f 1096/1096/942 1098/1098/943 1095/1095/941
f 1096/1096/942 1099/1099/638 1098/1098/943
f 1100/1100/944 1101/1101/945 1084/1084/930
f 1102/1102/946 1101/1101/945 1100/1100/944
f 1102/1102/946 1103/1103/947 1101/1101/945
f 1102/1102/946 1104/1104/948 1103/1103/947
f 1104/1104/948 1105/1105/949 1103/1103/947
f 1101/1101/945 1103/1103/947 1106/1106/950
f 1083/1083/929 1100/1100/944 1084/1084/930
f 1107/1107/951 1108/1108/952 1109/1109/953
f 1110/1110/954 1108/1108/952 1107/1107/951
f 1110/1110/954 1107/1107/951 1111/1111/955
f 1112/1112/956 1110/1110/954 1111/1111/955
f 1112/1112/956 1111/1111/955 1113/1113/957
f 1114/1114/958 1112/1112/956 1113/1113/957
f 1115/1115/959 1114/1114/958 1113/1113/957
f 1109/1109/953 1116/1116/960 1107/1107/951
f 1117/1117/961 1116/1116/960 1109/1109/953
f 1118/1118/962 1116/1116/960 1117/1117/961
f 1118/1118/962 1119/1119/963 1116/1116/960
f 1120/1120/964 1119/1119/963 1118/1118/962
f 1121/1121/965 1119/1119/963 1120/1120/964
f 1122/1122/966 1121/1121/965 1120/1120/964
f 1123/1123/967 1121/1121/965 1122/1122/966
f 1124/1124/968 1114/1114/958 1115/1115/959
f 1124/1124/968 1115/1115/959 1125/1125/969
f 1126/1126/970 1124/1124/968 1125/1125/969
f 1127/1127/971 1126/1126/970 1125/1125/969
f 1128/1128/972 1126/1126/970 1127/1127/971
f 1129/1129/973 1128/1128/972 1127/1127/971
f 1130/1130/974 1128/1128/972 1129/1129/973
f 1131/1131/975 1130/1130/974 1129/1129/973
f 1132/1132/976 1130/1130/974 1131/1131/975
f 1131/1131/975 1133/1133/977 1132/1132/976
f 1132/1132/976 1133/1133/977 1134/1134/978
f 1133/1133/977 1135/1135/979 1134/1134/978
f 1134/1134/978 1135/1135/979 1136/1136/980
f 1135/1135/979 1137/1137/981 1136/1136/980
f 1137/1137/981 1138/1138/982 1136/1136/980
f 1137/1137/981 1139/1139/983 1138/1138/982
f 1138/1138/982 1139/1139/983 1140/1140/984
f 1139/1139/983 1141/1141/985 1140/1140/984
f 1141/1141/985 1142/1142/986 1140/1140/984
f 1143/1143/987 1142/1142/986 1141/1141/985
f 1143/1143/987 1144/1144/988 1142/1142/986
f 1145/1145/989 1144/1144/988 1143/1143/987
f 1145/1145/989 1146/1146/990 1144/1144/988
f 1145/1145/989 1147/1147/991 1146/1146/990
f 1148/1148/992 1147/1147/991 1145/1145/989
f 1148/1148/992 1149/1149/993 1147/1147/991
f 1150/1150/994 1149/1149/993 1148/1148/992
f 1151/1151/995 1149/1149/993 1150/1150/994
f 1151/1151/995 1150/1150/994 1152/1152/996
f 1153/1153/997 1151/1151/995 1152/1152/996
f 1153/1153/997 1152/1152/996 1109/1109/953
f 1108/1108/952 1153/1153/997 1109/1109/953
f 1154/1154/998 1155/1155/999 1156/1156/1000
f 1156/1156/1000 1155/1155/999 1157/1157/1001
f 1158/1158/1002 1154/1154/998 1156/1156/1000
f 1159/1159/1003 1154/1154/998 1158/1158/1002
f 1160/1160/1004 1154/1154/998 1159/1159/1003
f 1155/1155/999 1161/1161/1005 1157/1157/1001
f 1157/1157/1001 1161/1161/1005 1162/1162/1006
f 1162/1162/1006 1161/1161/1005 1163/1163/1007
f 1161/1161/1005 1164/1164/1008 1163/1163/1007
f 1163/1163/1007 1164/1164/1008 1165/1165/1009
f 1164/1164/1008 1166/1166/1010 1165/1165/1009
f 1166/1166/1010 1167/1167/1011 1165/1165/1009
f 1166/1166/1010 1168/1168/1012 1167/1167/1011
f 1166/1166/1010 1169/1169/1013 1168/1168/1012
f 1169/1169/1013 1170/1170/1014 1168/1168/1012
f 1169/1169/1013 1171/1171/1015 1170/1170/1014
f 1172/1172/1016 1173/1173/1017 1174/1174/1018
f 1175/1175/1019 1173/1173/1017 1172/1172/1016
f 1174/1174/1018 1173/1173/1017 1176/1176/1020
f 1174/1174/1018 1176/1176/1020 1177/1177/1021
f 1177/1177/1021 1176/1176/1020 1178/1178/1022
f 1179/1179/1023 1177/1177/1021 1178/1178/1022
f 1180/1180/1024 1181/1181/1025 1182/1182/1026
f 1182/1182/1026 1181/1181/1025 1183/1183/1027
f 1183/1183/1027 1181/1181/1025 1184/1184/1028
f 1183/1183/1027 1184/1184/1028 1185/1185/1029
f 1183/1183/1027 1185/1185/1029 1186/1186/1030
f 1183/1183/1027 1186/1186/1030 1187/1187/1031
f 1188/1188/1032 1180/1180/1024 1182/1182/1026
f 1189/1189/1033 1188/1188/1032 1182/1182/1026
f 1190/1190/1034 1191/1191/1035 1192/1192/1036
f 1191/1191/1035 1193/1193/1036 1192/1192/1036
f 1193/1193/1036 1194/1194/1037 1192/1192/1036
f 1195/1195/1038 1191/1191/1035 1190/1190/1034
f 1196/1196/1039 1197/1197/1040 1198/1198/1041
f 1197/1197/1040 1199/1199/1042 1198/1198/1041
f 1200/1200/1043 1199/1199/1042 1197/1197/1040
f 1201/1201/1044 1199/1199/1042 1200/1200/1043
f 1202/1202/1045 1201/1201/1044 1200/1200/1043
f 1203/1203/1046 1202/1202/1045 1200/1200/1043
f 1204/1204/1047 1202/1202/1045 1203/1203/1046
f 1203/1203/1046 1205/1205/1048 1204/1204/1047
f 1206/1206/1049 1205/1205/1048 1203/1203/1046
f 1207/1207/1050 1205/1205/1048 1206/1206/1049
f 1208/1208/1051 1205/1205/1048 1207/1207/1050
f 1208/1208/1051 1209/1209/1052 1205/1205/1048
f 1208/1208/1051 1210/1210/1053 1209/1209/1052
f 1211/1211/385 1212/1212/5 1213/1213/385
f 1214/1214/1054 1212/1212/5 1211/1211/385
f 1215/1215/598 1212/1212/5 1214/1214/1054
f 1211/1211/385 1213/1213/385 1216/1216/5
f 1217/1217/5 1212/1212/5 1215/1215/598
f 1218/1218/5 1212/1212/5 1217/1217/5
f 1219/1219/5 1218/1218/5 1217/1217/5
f 1220/1220/5 1218/1218/5 1219/1219/5
f 1220/1220/5 1219/1219/5 1221/1221/5
f 1222/1222/5 1220/1220/5 1221/1221/5
f 1223/1223/5 1220/1220/5 1222/1222/5
f 1223/1223/5 1222/1222/5 1224/1224/582
f 1223/1223/5 1224/1224/582 1225/1225/5
f 1225/1225/5 1224/1224/582 1226/1226/1055
f 1225/1225/5 1226/1226/1055 1227/1227/1056
f 1227/1227/1056 1228/1228/385 1225/1225/5
f 1225/1225/5 1228/1228/385 1229/1229/582
f 1228/1228/385 1230/1230/5 1229/1229/582
f 1230/1230/5 1231/1231/598 1229/1229/582
f 1231/1231/598 1232/1232/1057 1229/1229/582
f 1229/1229/582 1232/1232/1057 1233/1233/1058
f 1232/1232/1057 1234/1234/397 1233/1233/1058
f 1234/1234/397 1235/1235/1059 1233/1233/1058
f 1234/1234/397 1236/1236/1060 1235/1235/1059
f 1237/1237/1061 1236/1236/1060 1234/1234/397
f 1237/1237/1061 1213/1213/385 1236/1236/1060
f 1216/1216/5 1213/1213/385 1237/1237/1061
f 1238/1238/1062 1239/1239/1062 1240/1240/1063
f 1241/1241/1062 1239/1239/1062 1238/1238/1062
f 1242/1242/1064 1238/1238/1062 1240/1240/1063
f 1242/1242/1064 1240/1240/1063 1243/1243/1065
f 1243/1243/1065 1240/1240/1063 1244/1244/1066
f 1245/1245/1062 1238/1238/1062 1242/1242/1064
f 1240/1240/1063 1239/1239/1062 1246/1246/1067
f 1240/1240/1063 1246/1246/1067 1247/1247/1068
f 1247/1247/1068 1246/1246/1067 1248/1248/1069
f 1248/1248/1069 1246/1246/1067 1249/1249/1070
f 1249/1249/1070 1246/1246/1067 1250/1250/1071
f 1244/1244/1066 1240/1240/1063 1251/1251/1072
f 1249/1249/1070 1250/1250/1071 1252/1252/1073
f 1253/1253/530 1254/1254/530 1255/1255/530
f 1253/1253/530 1255/1255/530 1256/1256/170
f 1257/1257/683 1253/1253/530 1256/1256/170
f 1258/1258/170 1257/1257/683 1256/1256/170
f 1256/1256/170 1259/1259/531 1258/1258/170
f 1258/1258/170 1259/1259/531 1260/1260/1074
f 1254/1254/530 1261/1261/530 1255/1255/530
f 1254/1254/530 1262/1262/530 1261/1261/530
f 1262/1262/530 1263/1263/530 1261/1261/530
f 1263/1263/530 1264/1264/530 1261/1261/530
f 1263/1263/530 1265/1265/533 1264/1264/530
f 1260/1260/1074 1259/1259/531 1266/1266/1075
f 1265/1265/533 1267/1267/533 1264/1264/530
f 1265/1265/533 1268/1268/201 1267/1267/533
f 1269/1269/530 1267/1267/533 1268/1268/201
f 1269/1269/530 1270/1270/530 1267/1267/533
f 1269/1269/530 1271/1271/686 1270/1270/530
f 1271/1271/686 1272/1272/1076 1270/1270/530
f 1273/1273/1077 1272/1272/1076 1271/1271/686
f 1273/1273/1077 1274/1274/1078 1272/1272/1076
f 1275/1275/1079 1274/1274/1078 1273/1273/1077
f 1276/1276/1079 1274/1274/1078 1275/1275/1079
f 1277/1277/681 1276/1276/1079 1275/1275/1079
f 1278/1278/681 1276/1276/1079 1277/1277/681
f 1279/1279/530 1278/1278/681 1277/1277/681
f 1280/1280/531 1278/1278/681 1279/1279/530
f 1280/1280/531 1279/1279/530 1281/1281/682
f 1282/1282/682 1280/1280/531 1281/1281/682
f 1283/1283/1080 1280/1280/531 1282/1282/682
f 1284/1284/1081 1280/1280/531 1283/1283/1080
f 1285/1285/1082 1284/1284/1081 1283/1283/1080
f 1286/1286/1083 1284/1284/1081 1285/1285/1082
f 1287/1287/1084 1284/1284/1081 1286/1286/1083
f 1288/1288/681 1287/1287/1084 1286/1286/1083
f 1289/1289/530 1287/1287/1084 1288/1288/681
f 1290/1290/530 1287/1287/1084 1289/1289/530
f 1291/1291/682 1290/1290/530 1289/1289/530
f 1291/1291/682 1289/1289/530 1292/1292/682
f 1291/1291/682 1292/1292/682 1293/1293/682
f 1294/1294/1085 1291/1291/682 1293/1293/682
f 1294/1294/1085 1295/1295/1086 1291/1291/682
f 1296/1296/1087 1295/1295/1086 1294/1294/1085
f 1297/1297/1088 1298/1298/1089 1299/1299/1090
f 1300/1300/1091 1298/1298/1089 1297/1297/1088
f 1297/1297/1088 1301/1301/1092 1300/1300/1091
f 1302/1302/1093 1301/1301/1092 1297/1297/1088
f 1303/1303/1094 1301/1301/1092 1302/1302/1093
f 1304/1304/1095 1303/1303/1094 1302/1302/1093
f 1304/1304/1095 1305/1305/1096 1303/1303/1094
f 1304/1304/1095 1306/1306/1097 1305/1305/1096
f 1307/1307/1098 1306/1306/1097 1304/1304/1095
f 1308/1308/1099 1307/1307/1098 1304/1304/1095
f 1309/1309/1100 1308/1308/1099 1304/1304/1095
f 1310/1310/1101 1311/1311/1102 1312/1312/1103
f 1313/1313/1104 1311/1311/1102 1310/1310/1101
f 1313/1313/1104 1314/1314/1105 1311/1311/1102
f 1315/1315/1106 1310/1310/1101 1312/1312/1103
f 1316/1316/1107 1310/1310/1101 1315/1315/1106
f 1316/1316/1107 1315/1315/1106 1317/1317/1108
f 1318/1318/1109 1316/1316/1107 1317/1317/1108
f 1319/1319/1110 1318/1318/1109 1317/1317/1108
f 1320/1320/1111 1318/1318/1109 1319/1319/1110
f 1320/1320/1111 1319/1319/1110 1321/1321/1112
f 1321/1321/1112 1319/1319/1110 1322/1322/1113
f 1323/1323/1114 1321/1321/1112 1322/1322/1113
f 1324/1324/1115 1323/1323/1114 1322/1322/1113
f 1324/1324/1115 1325/1325/1116 1323/1323/1114
f 1326/1326/1117 1325/1325/1116 1324/1324/1115
f 1327/1327/1118 1314/1314/1105 1313/1313/1104
f 1328/1328/1119 1314/1314/1105 1327/1327/1118
f 1328/1328/1119 1329/1329/1120 1314/1314/1105
f 1330/1330/530 1331/1331/684 1332/1332/530
f 1333/1333/530 1330/1330/530 1332/1332/530
f 1334/1334/530 1330/1330/530 1333/1333/530
f 1332/1332/530 1331/1331/684 1335/1335/684
f 1336/1336/683 1334/1334/530 1333/1333/530
f 1337/1337/694 1334/1334/530 1336/1336/683
f 1336/1336/683 1333/1333/530 1338/1338/530
f 1335/1335/684 1331/1331/684 1339/1339/1121
f 1340/1340/170 1337/1337/694 1336/1336/683
f 1341/1341/1122 1340/1340/170 1336/1336/683
f 1342/1342/170 1341/1341/1122 1336/1336/683
f 1343/1343/1086 1341/1341/1122 1342/1342/170
f 1344/1344/694 1343/1343/1086 1342/1342/170
f 1345/1345/1086 1343/1343/1086 1344/1344/694
f 1346/1346/530 1343/1343/1086 1345/1345/1086
f 1347/1347/531 1346/1346/530 1345/1345/1086
f 1348/1348/530 1346/1346/530 1347/1347/531
f 1349/1349/170 1346/1346/530 1348/1348/530
f 1348/1348/530 1350/1350/530 1349/1349/170
f 1351/1351/530 1350/1350/530 1348/1348/530
f 1351/1351/530 1352/1352/530 1350/1350/530
f 1353/1353/530 1352/1352/530 1351/1351/530
f 1354/1354/530 1352/1352/530 1353/1353/530
f 1355/1355/530 1354/1354/530 1353/1353/530
f 1356/1356/533 1354/1354/530 1355/1355/530
f 1357/1357/530 1354/1354/530 1356/1356/533
f 1356/1356/533 1355/1355/530 1358/1358/530
f 1359/1359/530 1354/1354/530 1357/1357/530
f 1357/1357/530 1360/1360/530 1359/1359/530
f 1360/1360/530 1361/1361/698 1359/1359/530
f 1362/1362/1086 1361/1361/698 1360/1360/530
f 1363/1363/530 1362/1362/1086 1360/1360/530
f 1358/1358/530 1355/1355/530 1364/1364/530
f 1363/1363/530 1365/1365/531 1362/1362/1086
f 1366/1366/530 1365/1365/531 1363/1363/530
f 1366/1366/530 1367/1367/682 1365/1365/531
f 1368/1368/533 1367/1367/682 1366/1366/530
f 1369/1369/530 1356/1356/533 1358/1358/530
f 1370/1370/1079 1356/1356/533 1369/1369/530
f 1371/1371/1123 1356/1356/533 1370/1370/1079
f 1372/1372/684 1367/1367/682 1368/1368/533
f 1372/1372/684 1373/1373/928 1367/1367/682
f 1374/1374/1124 1373/1373/928 1372/1372/684
f 1375/1375/1124 1373/1373/928 1374/1374/1124
f 1375/1375/1124 1376/1376/1084 1373/1373/928
f 1375/1375/1124 1377/1377/1125 1376/1376/1084
f 1378/1378/530 1377/1377/1125 1375/1375/1124
f 1379/1379/530 1378/1378/530 1375/1375/1124
f 1380/1380/530 1378/1378/530 1379/1379/530
f 1380/1380/530 1381/1381/530 1378/1378/530
f 1381/1381/530 1382/1382/530 1378/1378/530
f 1383/1383/529 1382/1382/530 1381/1381/530
f 1384/1384/530 1382/1382/530 1383/1383/529
f 1385/1385/1126 1384/1384/530 1383/1383/529
f 1386/1386/1127 1387/1387/1128 1388/1388/1129
f 1386/1386/1127 1388/1388/1129 1389/1389/1130
f 1386/1386/1127 1389/1389/1130 1390/1390/1131
f 1391/1391/1132 1386/1386/1127 1390/1390/1131
f 1391/1391/1132 1390/1390/1131 1392/1392/1133
f 1393/1393/1134 1391/1391/1132 1392/1392/1133
f 1393/1393/1134 1394/1394/1135 1391/1391/1132
f 1391/1391/1132 1394/1394/1135 1395/1395/1136
f 1391/1391/1132 1395/1395/1136 1386/1386/1127
f 1395/1395/1136 1387/1387/1128 1386/1386/1127
f 1396/1396/1137 1395/1395/1136 1394/1394/1135
f 1396/1396/1137 1387/1387/1128 1395/1395/1136
f 1394/1394/1135 1397/1397/1138 1396/1396/1137
f 1390/1390/1131 1389/1389/1130 1398/1398/1139
f 1399/1399/1140 1390/1390/1131 1398/1398/1139
f 1400/1400/1141 1390/1390/1131 1399/1399/1140
f 1392/1392/1133 1390/1390/1131 1400/1400/1141
f 1400/1400/1141 1399/1399/1140 1401/1401/1142
f 1401/1401/1142 1399/1399/1140 1402/1402/1143
f 1399/1399/1140 1398/1398/1139 1402/1402/1143
f 1401/1401/1142 1402/1402/1143 1403/1403/1144
f 1398/1398/1139 1404/1404/1145 1402/1402/1143
f 1398/1398/1139 1405/1405/1146 1404/1404/1145
f 1405/1405/1146 1406/1406/1147 1404/1404/1145
f 1407/1407/1148 1406/1406/1147 1405/1405/1146
f 1407/1407/1148 1408/1408/1149 1406/1406/1147
f 1408/1408/1149 1409/1409/1150 1406/1406/1147
f 1409/1409/1150 1410/1410/1151 1406/1406/1147
f 1409/1409/1150 1411/1411/1152 1410/1410/1151
f 1409/1409/1150 1412/1412/1153 1411/1411/1152
f 1412/1412/1153 1413/1413/1154 1411/1411/1152
f 1414/1414/1155 1408/1408/1149 1407/1407/1148
f 1389/1389/1130 1407/1407/1148 1405/1405/1146
f 1388/1388/1129 1407/1407/1148 1389/1389/1130
f 1388/1388/1129 1414/1414/1155 1407/1407/1148
f 1389/1389/1130 1405/1405/1146 1398/1398/1139
f 1415/1415/1156 1416/1416/1157 1403/1403/1144
f 1417/1417/1158 1416/1416/1157 1415/1415/1156
f 1417/1417/1158 1415/1415/1156 1418/1418/1159
f 1416/1416/1157 1401/1401/1142 1403/1403/1144
f 1419/1419/1160 1416/1416/1157 1420/1420/1160
f 1421/1421/638 1422/1422/1161 1423/1423/1161
f 1422/1422/1161 1424/1424/1162 1423/1423/1161
f 1424/1424/1162 1422/1422/1161 1425/1425/1163
f 1421/1421/638 1426/1426/638 1422/1422/1161
f 1424/1424/1162 1425/1425/1163 1427/1427/1164
f 1427/1427/1164 1425/1425/1163 1428/1428/1165
f 1429/1429/1166 1430/1430/1167 1431/1431/1168
f 1432/1432/1169 1430/1430/1167 1429/1429/1166
f 1432/1432/1169 1433/1433/1170 1430/1430/1167
f 1434/1434/1171 1433/1433/1170 1432/1432/1169
f 1435/1435/1172 1434/1434/1171 1432/1432/1169
f 1430/1430/1167 1433/1433/1170 1436/1436/699
f 1431/1431/1168 1430/1430/1167 1437/1437/1086
f 1431/1431/1168 1437/1437/1086 1438/1438/1086
f 1439/1439/1173 1431/1431/1168 1438/1438/1086
f 1440/1440/1174 1431/1431/1168 1439/1439/1173
f 1433/1433/1170 1441/1441/1175 1436/1436/699
f 1433/1433/1170 1442/1442/1176 1441/1441/1175
f 1443/1443/1177 1442/1442/1176 1433/1433/1170
f 1444/1444/1178 1429/1429/1166 1431/1431/1168
f 1445/1445/1179 1444/1444/1178 1431/1431/1168
f 1446/1446/1180 1444/1444/1178 1445/1445/1179
f 1447/1447/1181 1446/1446/1180 1445/1445/1179
f 1448/1448/1182 1447/1447/1181 1445/1445/1179
f 1449/1449/1183 1434/1434/1171 1435/1435/1172
f 1449/1449/1183 1435/1435/1172 1450/1450/1184
f 1451/1451/1185 1446/1446/1180 1447/1447/1181
f 1448/1448/1182 1451/1451/1185 1447/1447/1181
f 1451/1451/1185 1452/1452/1186 1446/1446/1180
f 1451/1451/1185 1453/1453/1187 1452/1452/1186
f 1454/1454/1188 1453/1453/1187 1451/1451/1185
f 1454/1454/1188 1451/1451/1185 1455/1455/1189
f 1456/1456/1190 1454/1454/1188 1455/1455/1189
f 1457/1457/1191 1454/1454/1188 1456/1456/1190
f 1457/1457/1191 1456/1456/1190 1458/1458/1192
f 1458/1458/1192 1456/1456/1190 1459/1459/1193
f 1460/1460/1194 1458/1458/1192 1459/1459/1193
f 1461/1461/1195 1458/1458/1192 1460/1460/1194
f 1461/1461/1195 1462/1462/1196 1458/1458/1192
f 1462/1462/1196 1457/1457/1191 1458/1458/1192
f 1463/1463/1197 1462/1462/1196 1461/1461/1195
f 1463/1463/1197 1461/1461/1195 1464/1464/1198
f 1465/1465/1199 1463/1463/1197 1464/1464/1198
f 1465/1465/1199 1464/1464/1198 1466/1466/1200
f 1467/1467/1201 1465/1465/1199 1466/1466/1200
f 1467/1467/1201 1466/1466/1200 1468/1468/1202
f 1469/1469/1203 1467/1467/1201 1468/1468/1202
f 1470/1470/1204 1463/1463/1197 1465/1465/1199
f 1460/1460/1194 1459/1459/1193 1440/1440/1174
f 1440/1440/1174 1459/1459/1193 1431/1431/1168
f 1469/1469/1203 1468/1468/1202 1471/1471/1205
f 1461/1461/1195 1472/1472/1206 1464/1464/1198
f 1473/1473/1207 1469/1469/1203 1471/1471/1205
f 1473/1473/1207 1471/1471/1205 1474/1474/1208
f 1475/1475/1209 1473/1473/1207 1474/1474/1208
f 1476/1476/1210 1473/1473/1207 1475/1475/1209
f 1477/1477/1211 1476/1476/1210 1475/1475/1209
f 1474/1474/1208 1478/1478/1212 1475/1475/1209
f 1475/1475/1209 1478/1478/1212 1477/1477/1211
f 1474/1474/1208 1479/1479/1213 1478/1478/1212
f 1479/1479/1213 1480/1480/1214 1478/1478/1212
f 1479/1479/1213 1481/1481/1215 1480/1480/1214
f 1478/1478/1212 1480/1480/1214 1482/1482/1216
f 1478/1478/1212 1482/1482/1216 1477/1477/1211
f 1476/1476/1210 1483/1483/1217 1473/1473/1207
f 1476/1476/1210 1484/1484/1218 1483/1483/1217
f 1476/1476/1210 1485/1485/1219 1484/1484/1218
f 1480/1480/1214 1486/1486/1220 1482/1482/1216
f 1481/1481/1215 1486/1486/1220 1480/1480/1214
f 1481/1481/1215 1487/1487/1221 1486/1486/1220
f 1487/1487/1221 1488/1488/1222 1486/1486/1220
f 1486/1486/1220 1488/1488/1222 1482/1482/1216
f 1487/1487/1221 1489/1489/1223 1488/1488/1222
f 1488/1488/1222 1489/1489/1223 1490/1490/1224
f 1482/1482/1216 1488/1488/1222 1490/1490/1224
f 1489/1489/1223 1491/1491/1225 1490/1490/1224
f 1489/1489/1223 1492/1492/1226 1491/1491/1225
f 1490/1490/1224 1491/1491/1225 1493/1493/1227
f 1492/1492/1226 1494/1494/1228 1491/1491/1225
f 1494/1494/1228 1495/1495/1229 1491/1491/1225
f 1496/1496/1230 1494/1494/1228 1492/1492/1226
f 1496/1496/1230 1497/1497/1231 1494/1494/1228
f 1494/1494/1228 1497/1497/1231 1498/1498/1232
f 1494/1494/1228 1498/1498/1232 1495/1495/1229
f 1497/1497/1231 1499/1499/1233 1498/1498/1232
f 1500/1500/1234 1497/1497/1231 1496/1496/1230
f 1501/1501/1235 1499/1499/1233 1497/1497/1231
f 1501/1501/1235 1502/1502/1236 1499/1499/1233
f 1503/1503/1237 1502/1502/1236 1501/1501/1235
f 1502/1502/1236 1504/1504/1238 1499/1499/1233
f 1505/1505/1239 1504/1504/1238 1502/1502/1236
f 1506/1506/1240 1505/1505/1239 1502/1502/1236
f 1506/1506/1240 1502/1502/1236 1503/1503/1237
f 1507/1507/1241 1505/1505/1239 1506/1506/1240
f 1508/1508/1242 1500/1500/1234 1496/1496/1230
f 1509/1509/1243 1500/1500/1234 1508/1508/1242
f 1510/1510/1244 1511/1511/1245 1512/1512/1246
f 1510/1510/1244 1513/1513/1247 1511/1511/1245
f 1513/1513/1247 1514/1514/1248 1511/1511/1245
f 1515/1515/1249 1513/1513/1247 1510/1510/1244
f 1513/1513/1247 1516/1516/1250 1514/1514/1248
f 1516/1516/1250 1517/1517/1251 1514/1514/1248
f 1516/1516/1250 1518/1518/1252 1517/1517/1251
f 1518/1518/1252 1519/1519/1253 1517/1517/1251
f 1520/1520/1254 1510/1510/1244 1512/1512/1246
f 1521/1521/1255 1510/1510/1244 1520/1520/1254
f 1512/1512/1246 1522/1522/1256 1520/1520/1254
f 1520/1520/1254 1522/1522/1256 1523/1523/1257
f 1523/1523/1257 1522/1522/1256 1524/1524/1258
f 1525/1525/1259 1520/1520/1254 1523/1523/1257
f 1525/1525/1259 1521/1521/1255 1520/1520/1254
f 1526/1526/1260 1525/1525/1259 1523/1523/1257
f 1526/1526/1260 1523/1523/1257 1527/1527/1261
f 1526/1526/1260 1527/1527/1261 1528/1528/1262
f 1529/1529/1263 1526/1526/1260 1528/1528/1262
f 1529/1529/1263 1528/1528/1262 1530/1530/1264
f 1530/1530/1264 1528/1528/1262 1531/1531/1265
f 1528/1528/1262 1532/1532/1266 1531/1531/1265
f 1533/1533/1267 1532/1532/1266 1528/1528/1262
f 1522/1522/1256 1534/1534/1268 1524/1524/1258
f 1524/1524/1258 1534/1534/1268 1535/1535/1269
f 1536/1536/1270 1537/1537/1271 1538/1538/1271
f 1536/1536/1270 1539/1539/1271 1537/1537/1271
f 1536/1536/1270 1540/1540/1272 1539/1539/1271
f 1536/1536/1270 1541/1541/1273 1540/1540/1272
f 1540/1540/1272 1542/1542/1274 1539/1539/1271
f 1539/1539/1271 1542/1542/1274 1543/1543/1271
f 1540/1540/1272 1544/1544/1275 1542/1542/1274
f 1536/1536/1270 1545/1545/1276 1541/1541/1273
f 1546/1546/1276 1545/1545/1276 1536/1536/1270
f 1547/1547/1277 1544/1544/1275 1540/1540/1272
f 1548/1548/1278 1547/1547/1277 1540/1540/1272
f 1549/1549/1276 1546/1546/1276 1536/1536/1270
f 1550/1550/1276 1546/1546/1276 1549/1549/1276
f 1551/1551/1279 1552/1552/1280 1553/1553/1281
f 1551/1551/1279 1553/1553/1281 1554/1554/637
f 1551/1551/1279 1555/1555/1163 1552/1552/1280
f 1555/1555/1163 1556/1556/1282 1552/1552/1280
f 1557/1557/1279 1556/1556/1282 1555/1555/1163
f 1558/1558/1283 1556/1556/1282 1557/1557/1279
f 1559/1559/1284 1560/1560/1285 1561/1561/1286
f 1562/1562/1287 1560/1560/1285 1559/1559/1284
f 1559/1559/1284 1561/1561/1286 1563/1563/1288
f 1561/1561/1286 1564/1564/1289 1563/1563/1288
f 1563/1563/1288 1564/1564/1289 1565/1565/1290
f 1561/1561/1286 1566/1566/1291 1564/1564/1289
f 1564/1564/1289 1566/1566/1291 1567/1567/1292
f 1564/1564/1289 1567/1567/1292 1565/1565/1290
f 1561/1561/1286 1560/1560/1285 1568/1568/1293
f 1561/1561/1286 1569/1569/1294 1566/1566/1291
f 1570/1570/1295 1569/1569/1294 1561/1561/1286
f 1570/1570/1295 1571/1571/1296 1569/1569/1294
f 1570/1570/1295 1572/1572/1297 1571/1571/1296
f 1573/1573/1298 1572/1572/1297 1570/1570/1295
f 1573/1573/1298 1570/1570/1295 1574/1574/1299
f 1575/1575/1300 1573/1573/1298 1574/1574/1299
f 1576/1576/1301 1573/1573/1298 1575/1575/1300
f 1576/1576/1301 1577/1577/1302 1573/1573/1298
f 1577/1577/1302 1572/1572/1297 1573/1573/1298
f 1576/1576/1301 1578/1578/1303 1577/1577/1302
f 1579/1579/1304 1578/1578/1303 1576/1576/1301
f 1580/1580/1305 1578/1578/1303 1579/1579/1304
f 1581/1581/1306 1580/1580/1305 1579/1579/1304
f 1581/1581/1306 1579/1579/1304 1576/1576/1301
f 1581/1581/1306 1576/1576/1301 1582/1582/1307
f 1582/1582/1307 1576/1576/1301 1575/1575/1300
f 1580/1580/1305 1583/1583/1308 1578/1578/1303
f 1584/1584/1309 1580/1580/1305 1581/1581/1306
f 1585/1585/1310 1583/1583/1308 1580/1580/1305
f 1584/1584/1309 1585/1585/1310 1580/1580/1305
f 1584/1584/1309 1586/1586/1311 1585/1585/1310
f 1586/1586/1311 1587/1587/1312 1585/1585/1310
f 1587/1587/1312 1588/1588/1313 1585/1585/1310
f 1583/1583/1308 1588/1588/1313 1578/1578/1303
f 1585/1585/1310 1588/1588/1313 1583/1583/1308
f 1587/1587/1312 1589/1589/1314 1588/1588/1313
f 1590/1590/1315 1589/1589/1314 1587/1587/1312
f 1590/1590/1315 1587/1587/1312 1591/1591/1316
f 1592/1592/1317 1590/1590/1315 1591/1591/1316
f 1590/1590/1315 1593/1593/1318 1589/1589/1314
f 1594/1594/1319 1593/1593/1318 1590/1590/1315
f 1592/1592/1317 1594/1594/1319 1590/1590/1315
f 1595/1595/1320 1593/1593/1318 1594/1594/1319
f 1595/1595/1320 1596/1596/1321 1593/1593/1318
f 1597/1597/1322 1595/1595/1320 1594/1594/1319
f 1597/1597/1322 1594/1594/1319 1592/1592/1317
f 1596/1596/1321 1598/1598/1323 1593/1593/1318
f 1599/1599/1062 1600/1600/1324 1601/1601/1325
f 1601/1601/1325 1600/1600/1324 1602/1602/1326
f 1601/1601/1325 1602/1602/1326 1603/1603/1327
f 1604/1604/1328 1600/1600/1324 1599/1599/1062
f 1605/1605/1062 1604/1604/1328 1599/1599/1062
f 1605/1605/1062 1606/1606/1062 1604/1604/1328
f 1607/1607/1062 1605/1605/1062 1599/1599/1062
f 1606/1606/1062 1608/1608/1329 1604/1604/1328
f 1604/1604/1328 1608/1608/1329 1609/1609/1330
f 1608/1608/1329 1610/1610/1331 1609/1609/1330
f 1604/1604/1328 1609/1609/1330 1611/1611/1332
f 1601/1601/1325 1603/1603/1327 1612/1612/1333
f 1601/1601/1325 1612/1612/1333 1613/1613/1334
f 1614/1614/1335 1615/1615/1336 1616/1616/1337
f 1614/1614/1335 1617/1617/1338 1615/1615/1336
f 1614/1614/1335 1616/1616/1337 1618/1618/1339
f 1614/1614/1335 1618/1618/1339 1619/1619/1340
f 1619/1619/1340 1618/1618/1339 1620/1620/1341
f 1621/1621/1342 1619/1619/1340 1620/1620/1341
f 1621/1621/1342 1620/1620/1341 1622/1622/1343
f 1621/1621/1342 1622/1622/1343 1623/1623/1344
f 1624/1624/1345 1617/1617/1338 1614/1614/1335
f 1625/1625/1346 1617/1617/1338 1624/1624/1345
f 1626/1626/1347 1625/1625/1346 1624/1624/1345
f 1627/1627/1348 1617/1617/1338 1625/1625/1346
f 1627/1627/1348 1628/1628/1349 1617/1617/1338
f 1629/1629/1350 1628/1628/1349 1627/1627/1348
f 1629/1629/1350 1630/1630/1351 1628/1628/1349
f 1631/1631/1352 1630/1630/1351 1629/1629/1350
f 1623/1623/1344 1622/1622/1343 1632/1632/1353
f 1623/1623/1344 1632/1632/1353 1633/1633/1354
f 1632/1632/1353 1634/1634/1355 1633/1633/1354
f 1635/1635/1356 1636/1636/1357 1637/1637/1358
f 1635/1635/1356 1638/1638/1359 1636/1636/1357
f 1635/1635/1356 1639/1639/1360 1638/1638/1359
f 1637/1637/1358 1636/1636/1357 1640/1640/1361
f 1637/1637/1358 1640/1640/1361 1641/1641/1362
f 1642/1642/1363 1637/1637/1358 1641/1641/1362
f 1642/1642/1363 1641/1641/1362 1643/1643/1364
f 1642/1642/1363 1643/1643/1364 1644/1644/1365
f 1645/1645/1366 1642/1642/1363 1644/1644/1365
f 1646/1646/1367 1639/1639/1360 1635/1635/1356
f 1646/1646/1367 1647/1647/1368 1639/1639/1360
f 1648/1648/1369 1647/1647/1368 1646/1646/1367
f 1648/1648/1369 1649/1649/1370 1647/1647/1368
f 1648/1648/1369 1650/1650/1371 1649/1649/1370
f 1651/1651/1372 1650/1650/1371 1648/1648/1369
f 1652/1652/5 1653/1653/5 1654/1654/5
f 1652/1652/5 1655/1655/5 1653/1653/5
f 1652/1652/5 1654/1654/5 1656/1656/5
f 1656/1656/5 1654/1654/5 1657/1657/5
f 1657/1657/5 1654/1654/5 1658/1658/5
f 1658/1658/5 1654/1654/5 1659/1659/5
f 1658/1658/5 1659/1659/5 1660/1660/5
f 1660/1660/5 1659/1659/5 1661/1661/5
f 1661/1661/5 1659/1659/5 1662/1662/5
f 1661/1661/5 1662/1662/5 1663/1663/5
f 1662/1662/5 1664/1664/5 1663/1663/5
f 1663/1663/5 1664/1664/5 1665/1665/5
f 1665/1665/5 1664/1664/5 1666/1666/5
f 1664/1664/5 1667/1667/5 1666/1666/5
f 1666/1666/5 1667/1667/5 1668/1668/5
f 1653/1653/5 1655/1655/5 1669/1669/5
f 1655/1655/5 1670/1670/5 1669/1669/5
f 1669/1669/5 1670/1670/5 1671/1671/5
f 1670/1670/5 1672/1672/5 1671/1671/5
f 1672/1672/5 1673/1673/5 1671/1671/5
f 1671/1671/5 1673/1673/5 1674/1674/5
f 1673/1673/5 1675/1675/5 1674/1674/5
f 1674/1674/5 1675/1675/5 1676/1676/5
f 1674/1674/5 1676/1676/5 1677/1677/5
f 1677/1677/5 1676/1676/5 1678/1678/5
f 1677/1677/5 1678/1678/5 1679/1679/5
f 1679/1679/5 1678/1678/5 1680/1680/5
f 1679/1679/5 1680/1680/5 1681/1681/5
f 1679/1679/5 1681/1681/5 1682/1682/385
f 1667/1667/5 1682/1682/385 1668/1668/5
f 1682/1682/385 1681/1681/5 1683/1683/5
f 1668/1668/5 1682/1682/385 1683/1683/5
f 1684/1684/531 1685/1685/530 1686/1686/530
f 1687/1687/530 1684/1684/531 1686/1686/530
f 1686/1686/530 1685/1685/530 1688/1688/530
f 1689/1689/531 1684/1684/531 1687/1687/530
f 1690/1690/530 1689/1689/531 1687/1687/530
f 1690/1690/530 1691/1691/530 1689/1689/531
f 1692/1692/530 1691/1691/530 1690/1690/530
f 1693/1693/530 1691/1691/530 1692/1692/530
f 1694/1694/531 1693/1693/530 1692/1692/530
f 1695/1695/531 1693/1693/530 1694/1694/531
f 1685/1685/530 1696/1696/530 1688/1688/530
f 1696/1696/530 1697/1697/530 1688/1688/530
f 1697/1697/530 1698/1698/530 1688/1688/530
f 1688/1688/530 1698/1698/530 1699/1699/530
f 1688/1688/530 1699/1699/530 1700/1700/530
f 1701/1701/533 1695/1695/531 1694/1694/531
f 1702/1702/201 1701/1701/533 1694/1694/531
f 1703/1703/533 1701/1701/533 1702/1702/201
f 1704/1704/682 1703/1703/533 1702/1702/201
f 1705/1705/1125 1703/1703/533 1704/1704/682
f 1706/1706/530 1703/1703/533 1705/1705/1125
f 1707/1707/530 1703/1703/533 1706/1706/530
f 1708/1708/530 1707/1707/530 1706/1706/530
f 1709/1709/530 1707/1707/530 1708/1708/530
f 1710/1710/530 1709/1709/530 1708/1708/530
f 1711/1711/530 1703/1703/533 1707/1707/530
f 1712/1712/170 1709/1709/530 1710/1710/530
f 1713/1713/1373 1712/1712/170 1710/1710/530
f 1688/1688/530 1700/1700/530 1714/1714/530
f 1688/1688/530 1714/1714/530 1715/1715/530
f 1688/1688/530 1715/1715/530 1716/1716/530
f 1717/1717/1086 1688/1688/530 1716/1716/530
f 1717/1717/1086 1716/1716/530 1718/1718/1086
f 1716/1716/530 1719/1719/530 1718/1718/1086
f 1718/1718/1086 1719/1719/530 1720/1720/531
f 1720/1720/531 1719/1719/530 1721/1721/530
f 1720/1720/531 1721/1721/530 1722/1722/530
f 1722/1722/530 1721/1721/530 1723/1723/1086
f 1722/1722/530 1723/1723/1086 1724/1724/530
f 1722/1722/530 1724/1724/530 1725/1725/530
f 1725/1725/530 1724/1724/530 1726/1726/530
f 1725/1725/530 1726/1726/530 1727/1727/530
f 1725/1725/530 1727/1727/530 1728/1728/1121
f 1728/1728/1121 1727/1727/530 1729/1729/529
f 1729/1729/529 1727/1727/530 1730/1730/1374
f 1730/1730/1374 1727/1727/530 1731/1731/530
f 1730/1730/1374 1731/1731/530 1732/1732/530
f 1732/1732/530 1731/1731/530 1733/1733/530
f 1734/1734/1375 1732/1732/530 1733/1733/530
f 1733/1733/530 1735/1735/530 1734/1734/1375
f 1733/1733/530 1731/1731/530 1736/1736/530
f 1734/1734/1375 1735/1735/530 1737/1737/1376
f 1734/1734/1375 1737/1737/1376 1738/1738/1377
f 1739/1739/1378 1740/1740/1379 1741/1741/1380
f 1740/1740/1379 1742/1742/1381 1741/1741/1380
f 1743/1743/1382 1742/1742/1381 1740/1740/1379
f 1744/1744/1383 1743/1743/1382 1740/1740/1379
f 1745/1745/1384 1744/1744/1383 1740/1740/1379
f 1745/1745/1384 1740/1740/1379 1746/1746/1385
f 1746/1746/1385 1740/1740/1379 1747/1747/1386
f 1747/1747/1386 1740/1740/1379 1739/1739/1378
f 1746/1746/1385 1747/1747/1386 1748/1748/1387
f 1747/1747/1386 1739/1739/1378 1748/1748/1387
f 1748/1748/1387 1739/1739/1378 1749/1749/1388
f 1749/1749/1388 1739/1739/1378 1741/1741/1380
f 1750/1750/1389 1746/1746/1385 1748/1748/1387
f 1751/1751/1390 1744/1744/1383 1745/1745/1384
f 1751/1751/1390 1745/1745/1384 1746/1746/1385
f 1752/1752/1391 1744/1744/1383 1751/1751/1390
f 1753/1753/1392 1751/1751/1390 1746/1746/1385
f 1753/1753/1392 1746/1746/1385 1750/1750/1389
f 1743/1743/1382 1754/1754/1393 1742/1742/1381
f 1750/1750/1389 1748/1748/1387 1755/1755/1394
f 1756/1756/1395 1750/1750/1389 1755/1755/1394
f 1741/1741/1380 1742/1742/1381 1757/1757/1396
f 1742/1742/1381 1758/1758/1397 1757/1757/1396
f 1758/1758/1397 1759/1759/1398 1757/1757/1396
f 1758/1758/1397 1760/1760/1399 1759/1759/1398
f 1754/1754/1393 1760/1760/1399 1758/1758/1397
f 1757/1757/1396 1759/1759/1398 1761/1761/1400
f 1759/1759/1398 1760/1760/1399 1761/1761/1400
f 1761/1761/1400 1760/1760/1399 1762/1762/1401
f 1757/1757/1396 1761/1761/1400 1763/1763/1402
f 1764/1764/1403 1757/1757/1396 1763/1763/1402
f 1764/1764/1403 1763/1763/1402 1765/1765/1404
f 1741/1741/1380 1757/1757/1396 1764/1764/1403
f 1742/1742/1381 1754/1754/1393 1758/1758/1397
f 1766/1766/1405 1767/1767/1406 1753/1753/1392
f 1766/1766/1405 1752/1752/1391 1767/1767/1406
f 1752/1752/1391 1751/1751/1390 1767/1767/1406
f 1767/1767/1406 1751/1751/1390 1753/1753/1392
f 1768/1768/1407 1752/1752/1391 1766/1766/1405
f 1769/1769/638 1770/1770/638 1771/1771/638
f 1772/1772/638 1769/1769/638 1771/1771/638
f 1773/1773/638 1769/1769/638 1772/1772/638
f 1771/1771/638 1770/1770/638 1774/1774/638
f 1771/1771/638 1774/1774/638 1775/1775/638
f 1776/1776/1408 1777/1777/1409 1778/1778/1410
f 1776/1776/1408 1778/1778/1410 1779/1779/1411
f 1780/1780/1412 1776/1776/1408 1779/1779/1411
f 1781/1781/638 1782/1782/638 1783/1783/638
f 1784/1784/638 1782/1782/638 1781/1781/638
f 1785/1785/1413 1786/1786/1414 1787/1787/1415
f 1788/1788/1416 1785/1785/1413 1787/1787/1415
f 1786/1786/1414 1789/1789/1417 1787/1787/1415
f 1788/1788/1416 1787/1787/1415 1790/1790/1418
f 1791/1791/1419 1788/1788/1416 1790/1790/1418
f 1792/1792/1420 1788/1788/1416 1791/1791/1419
f 1786/1786/1414 1793/1793/1421 1789/1789/1417
f 1786/1786/1414 1794/1794/1422 1793/1793/1421
f 1795/1795/1423 1794/1794/1422 1786/1786/1414
f 1793/1793/1421 1794/1794/1422 1796/1796/1424
f 1793/1793/1421 1796/1796/1424 1797/1797/1425
f 1793/1793/1421 1797/1797/1425 1789/1789/1417
f 1796/1796/1424 1798/1798/1426 1797/1797/1425
f 1796/1796/1424 1799/1799/1427 1798/1798/1426
f 1799/1799/1427 1800/1800/1428 1798/1798/1426
f 1799/1799/1427 1801/1801/1429 1800/1800/1428
f 1801/1801/1429 1802/1802/1430 1800/1800/1428
f 1801/1801/1429 1803/1803/1431 1802/1802/1430
f 1803/1803/1431 1804/1804/1432 1802/1802/1430
f 1805/1805/1433 1794/1794/1422 1795/1795/1423
f 1805/1805/1433 1806/1806/1434 1794/1794/1422
f 1798/1798/1426 1800/1800/1428 1807/1807/1435
f 1803/1803/1431 1808/1808/1436 1804/1804/1432
f 1809/1809/1437 1799/1799/1427 1796/1796/1424
f 1804/1804/1432 1808/1808/1436 1810/1810/1438
f 1804/1804/1432 1810/1810/1438 1802/1802/1430
f 1808/1808/1436 1811/1811/1439 1810/1810/1438
f 1810/1810/1438 1811/1811/1439 1812/1812/1440
f 1812/1812/1440 1811/1811/1439 1813/1813/1441
f 1813/1813/1441 1811/1811/1439 1519/1519/1253
f 1812/1812/1440 1814/1814/1442 1810/1810/1438
f 1814/1814/1442 1812/1812/1440 1815/1815/1443
f 1810/1810/1438 1814/1814/1442 1816/1816/1444
f 1810/1810/1438 1816/1816/1444 1817/1817/1445
f 1814/1814/1442 1815/1815/1443 1818/1818/1446
f 1814/1814/1442 1818/1818/1446 1819/1819/1447
f 1820/1820/1448 1814/1814/1442 1819/1819/1447
f 1813/1813/1441 1519/1519/1253 1518/1518/1252
f 1820/1820/1448 1819/1819/1447 1821/1821/1449
f 1822/1822/1450 1823/1823/1451 1824/1824/1452
f 1824/1824/1452 1823/1823/1451 1825/1825/1453
f 1824/1824/1452 1825/1825/1453 1826/1826/1454
f 1827/1827/1455 1823/1823/1451 1822/1822/1450
f 1828/1828/1456 1825/1825/1453 1823/1823/1451
f 1827/1827/1455 1828/1828/1456 1823/1823/1451
f 1829/1829/1457 1825/1825/1453 1828/1828/1456
f 1830/1830/1458 1829/1829/1457 1828/1828/1456
f 1831/1831/1459 1829/1829/1457 1830/1830/1458
f 1832/1832/1460 1830/1830/1458 1828/1828/1456
f 1832/1832/1460 1828/1828/1456 1827/1827/1455
f 1832/1832/1460 1827/1827/1455 1833/1833/1461
f 1833/1833/1461 1827/1827/1455 1834/1834/1462
f 1834/1834/1462 1827/1827/1455 1822/1822/1450
f 1833/1833/1461 1834/1834/1462 1835/1835/1463
f 1835/1835/1463 1834/1834/1462 1836/1836/1464
f 1834/1834/1462 1822/1822/1450 1836/1836/1464
f 1835/1835/1463 1836/1836/1464 1837/1837/1465
f 1835/1835/1463 1837/1837/1465 1838/1838/1466
f 1837/1837/1465 1836/1836/1464 1839/1839/1467
f 1836/1836/1464 1840/1840/1468 1839/1839/1467
f 1839/1839/1467 1840/1840/1468 1841/1841/1469
f 1840/1840/1468 1826/1826/1454 1841/1841/1469
f 1837/1837/1465 1839/1839/1467 1842/1842/1470
f 1839/1839/1467 1843/1843/1471 1842/1842/1470
f 1839/1839/1467 1841/1841/1469 1843/1843/1471
f 1822/1822/1450 1840/1840/1468 1836/1836/1464
f 1822/1822/1450 1824/1824/1452 1840/1840/1468
f 1824/1824/1452 1826/1826/1454 1840/1840/1468
f 1841/1841/1469 1826/1826/1454 1844/1844/1472
f 1843/1843/1471 1841/1841/1469 1844/1844/1472
f 1843/1843/1471 1844/1844/1472 1845/1845/1473
f 1843/1843/1471 1845/1845/1473 1846/1846/1474
f 1842/1842/1470 1843/1843/1471 1846/1846/1474
f 1847/1847/5 1848/1848/385 1849/1849/385
f 1850/1850/5 1847/1847/5 1849/1849/385
f 1849/1849/385 1848/1848/385 1851/1851/589
f 1851/1851/589 1848/1848/385 1852/1852/5
f 1852/1852/5 1848/1848/385 1853/1853/5
f 1852/1852/5 1853/1853/5 1854/1854/5
f 1855/1855/589 1847/1847/5 1850/1850/5
f 1854/1854/5 1853/1853/5 1856/1856/589
f 1856/1856/589 1853/1853/5 1857/1857/5
f 1857/1857/5 1853/1853/5 1858/1858/582
f 1857/1857/5 1858/1858/582 1859/1859/5
f 1859/1859/5 1858/1858/582 1860/1860/5
f 1861/1861/5 1859/1859/5 1860/1860/5
f 1861/1861/5 1860/1860/5 1862/1862/5
f 1863/1863/5 1861/1861/5 1862/1862/5
f 1864/1864/5 1863/1863/5 1862/1862/5
f 1865/1865/5 1855/1855/589 1850/1850/5
f 1866/1866/911 1855/1855/589 1865/1865/5
f 1866/1866/911 1865/1865/5 1867/1867/5
f 1866/1866/911 1867/1867/5 1868/1868/911
f 1868/1868/911 1869/1869/5 1864/1864/5
f 1864/1864/5 1869/1869/5 1870/1870/5
f 1870/1870/5 1871/1871/589 1864/1864/5
f 1871/1871/589 1872/1872/582 1864/1864/5
f 1872/1872/582 1863/1863/5 1864/1864/5
f 1868/1868/911 1867/1867/5 1873/1873/5
f 1868/1868/911 1873/1873/5 1874/1874/5
f 1868/1868/911 1874/1874/5 1869/1869/5
f 1875/1875/1475 1876/1876/1476 1877/1877/1477
f 1878/1878/1478 1876/1876/1476 1875/1875/1475
f 1877/1877/1477 1876/1876/1476 1879/1879/1476
f 1880/1880/1479 1875/1875/1475 1877/1877/1477
f 1881/1881/1480 1878/1878/1478 1875/1875/1475
f 1881/1881/1480 1875/1875/1475 1882/1882/1481
f 1883/1883/1482 1881/1881/1480 1882/1882/1481
f 1883/1883/1482 1882/1882/1481 1884/1884/1483
f 1885/1885/1484 1884/1884/1483 1882/1882/1481
f 1886/1886/1485 1883/1883/1482 1884/1884/1483
f 1886/1886/1485 1887/1887/1486 1883/1883/1482
f 1887/1887/1486 1888/1888/1487 1883/1883/1482
f 1888/1888/1487 1881/1881/1480 1883/1883/1482
f 1888/1888/1487 1878/1878/1478 1881/1881/1480
f 1885/1885/1484 1882/1882/1481 1889/1889/1488
f 1882/1882/1481 1875/1875/1475 1889/1889/1488
f 1889/1889/1488 1875/1875/1475 1890/1890/1489
f 1889/1889/1488 1890/1890/1489 1891/1891/1490
f 1891/1891/1490 1890/1890/1489 1892/1892/1491
f 1890/1890/1489 1893/1893/1492 1892/1892/1491
f 1890/1890/1489 1894/1894/1493 1893/1893/1492
f 1895/1895/1494 1894/1894/1493 1890/1890/1489
f 1892/1892/1491 1893/1893/1492 1896/1896/1495
f 1889/1889/1488 1891/1891/1490 1897/1897/1496
f 1893/1893/1492 1898/1898/1497 1896/1896/1495
f 1893/1893/1492 1899/1899/1498 1898/1898/1497
f 1894/1894/1493 1899/1899/1498 1893/1893/1492
f 1898/1898/1497 1899/1899/1498 1900/1900/1499
f 1898/1898/1497 1900/1900/1499 1901/1901/1500
f 1898/1898/1497 1901/1901/1500 1902/1902/1501
f 1896/1896/1495 1898/1898/1497 1902/1902/1501
f 1902/1902/1501 1901/1901/1500 1903/1903/1502
f 1902/1902/1501 1903/1903/1502 1904/1904/1503
f 1903/1903/1502 1901/1901/1500 1905/1905/1504
f 1901/1901/1500 1900/1900/1499 1905/1905/1504
f 1903/1903/1502 1905/1905/1504 1906/1906/1505
f 1907/1907/1506 1903/1903/1502 1906/1906/1505
f 1904/1904/1503 1903/1903/1502 1907/1907/1506
f 1908/1908/1507 1904/1904/1503 1907/1907/1506
f 1908/1908/1507 1907/1907/1506 1909/1909/1508
f 1909/1909/1508 1907/1907/1506 1910/1910/1509
f 1907/1907/1506 1906/1906/1505 1910/1910/1509
f 1911/1911/1510 1908/1908/1507 1909/1909/1508
f 1904/1904/1503 1908/1908/1507 1911/1911/1510
f 1911/1911/1510 1909/1909/1508 1912/1912/1511
f 1912/1912/1511 1909/1909/1508 1913/1913/1512
f 1909/1909/1508 1914/1914/1513 1913/1913/1512
f 1909/1909/1508 1915/1915/1514 1914/1914/1513
f 1912/1912/1511 1913/1913/1512 1916/1916/1515
f 1916/1916/1515 1913/1913/1512 1917/1917/1516
f 1913/1913/1512 1918/1918/1517 1917/1917/1516
f 1913/1913/1512 1919/1919/1518 1918/1918/1517
f 1919/1919/1518 1920/1920/1519 1918/1918/1517
f 1921/1921/1520 1916/1916/1515 1917/1917/1516
f 1922/1922/1521 1923/1923/1522 1924/1924/1523
f 1922/1922/1521 1925/1925/1524 1923/1923/1522
f 1926/1926/1525 1922/1922/1521 1924/1924/1523
f 1927/1927/1526 1922/1922/1521 1926/1926/1525
f 1927/1927/1526 1926/1926/1525 1928/1928/1527
f 1927/1927/1526 1928/1928/1527 1929/1929/1528
f 1929/1929/1528 1928/1928/1527 1930/1930/1529
f 1931/1931/1530 1929/1929/1528 1930/1930/1529
f 1931/1931/1530 1930/1930/1529 1932/1932/1531
f 1933/1933/1532 1931/1931/1530 1932/1932/1531
f 1933/1933/1532 1932/1932/1531 1934/1934/1533
f 1935/1935/1534 1933/1933/1532 1934/1934/1533
f 1935/1935/1534 1934/1934/1533 1936/1936/1535
f 1937/1937/1536 1935/1935/1534 1936/1936/1535
f 1936/1936/1535 1938/1938/1537 1937/1937/1536
f 1937/1937/1536 1938/1938/1537 1939/1939/1538
f 1937/1937/1536 1939/1939/1538 1940/1940/1539
f 1941/1941/1540 1937/1937/1536 1940/1940/1539
f 1941/1941/1540 1940/1940/1539 1942/1942/1541
f 1943/1943/1542 1941/1941/1540 1942/1942/1541
f 1943/1943/1542 1942/1942/1541 1944/1944/1543
f 1943/1943/1542 1944/1944/1543 1945/1945/1544
f 1946/1946/1545 1943/1943/1542 1945/1945/1544
f 1945/1945/1544 1947/1947/1546 1946/1946/1545
f 1938/1938/1537 1948/1948/1547 1939/1939/1538
f 1938/1938/1537 1949/1949/1548 1948/1948/1547
f 1950/1950/1549 1949/1949/1548 1938/1938/1537
f 1950/1950/1549 1951/1951/1550 1949/1949/1548
f 1952/1952/1550 1951/1951/1550 1950/1950/1549
f 1952/1952/1550 1953/1953/1551 1951/1951/1550
f 1954/1954/1551 1953/1953/1551 1952/1952/1550
f 1954/1954/1551 1955/1955/1552 1953/1953/1551
f 1954/1954/1551 1956/1956/1552 1955/1955/1552
f 1956/1956/1552 1957/1957/1553 1955/1955/1552
f 1958/1958/1553 1957/1957/1553 1956/1956/1552
f 1958/1958/1553 1959/1959/1554 1957/1957/1553
f 1960/1960/1554 1959/1959/1554 1958/1958/1553
f 1960/1960/1554 1961/1961/1555 1959/1959/1554
f 1962/1962/1556 1961/1961/1555 1960/1960/1554
f 1962/1962/1556 1963/1963/1557 1961/1961/1555
f 1924/1924/1523 1963/1963/1557 1962/1962/1556
f 1924/1924/1523 1923/1923/1522 1963/1963/1557
f 1964/1964/1558 1965/1965/1559 1966/1966/1558
f 1964/1964/1558 1967/1967/1559 1965/1965/1559
f 1967/1967/1559 1968/1968/1560 1965/1965/1559
f 1967/1967/1559 1969/1969/1561 1968/1968/1560
f 1969/1969/1561 1970/1970/1562 1968/1968/1560
f 1969/1969/1561 1971/1971/1563 1970/1970/1562
f 1972/1972/1564 1964/1964/1558 1966/1966/1558
f 1972/1972/1564 1966/1966/1558 1973/1973/1564
f 1974/1974/1565 1972/1972/1564 1973/1973/1564
f 1974/1974/1565 1973/1973/1564 1975/1975/1565
f 1976/1976/1566 1974/1974/1565 1975/1975/1565
f 1976/1976/1566 1975/1975/1565 1977/1977/1566
f 1978/1978/1567 1976/1976/1566 1977/1977/1566
f 1978/1978/1567 1977/1977/1566 1979/1979/1568
f 1980/1980/1569 1978/1978/1567 1979/1979/1568
f 1980/1980/1569 1979/1979/1568 1981/1981/1570
f 1982/1982/1571 1980/1980/1569 1981/1981/1570
f 1982/1982/1571 1981/1981/1570 1983/1983/1572
f 1984/1984/1573 1982/1982/1571 1983/1983/1572
f 1983/1983/1572 1981/1981/1570 1985/1985/1574
f 1983/1983/1572 1985/1985/1574 1986/1986/1575
f 1985/1985/1574 1987/1987/1576 1986/1986/1575
f 1984/1984/1573 1983/1983/1572 1988/1988/1577
f 1987/1987/1576 1989/1989/1578 1986/1986/1575
f 1990/1990/1579 1984/1984/1573 1988/1988/1577
f 1991/1991/1580 1990/1990/1579 1988/1988/1577
f 1947/1947/1546 1990/1990/1579 1991/1991/1580
f 1987/1987/1576 1992/1992/1581 1989/1989/1578
f 1992/1992/1581 1993/1993/1582 1989/1989/1578
f 1992/1992/1581 1994/1994/1583 1993/1993/1582
f 1994/1994/1583 1995/1995/1584 1993/1993/1582
f 1994/1994/1583 1996/1996/1585 1995/1995/1584
f 1996/1996/1585 1997/1997/1586 1995/1995/1584
f 1996/1996/1585 1998/1998/1587 1997/1997/1586
f 1998/1998/1587 1999/1999/1588 1997/1997/1586
f 1970/1970/1562 1999/1999/1588 1998/1998/1587
f 1970/1970/1562 2000/2000/1589 1999/1999/1588
f 2000/2000/1589 2001/2001/1590 1999/1999/1588
f 2001/2001/1590 2002/2002/1591 1999/1999/1588
f 2001/2001/1590 2003/2003/1592 2002/2002/1591
f 2003/2003/1592 2004/2004/1593 2002/2002/1591
f 2002/2002/1591 2004/2004/1593 2005/2005/1594
f 2005/2005/1594 2004/2004/1593 2006/2006/1595
f 2004/2004/1593 2007/2007/1596 2006/2006/1595
f 2006/2006/1595 2007/2007/1596 2008/2008/1597
f 2009/2009/1598 2006/2006/1595 2008/2008/1597
f 2009/2009/1598 2008/2008/1597 2010/2010/1599
f 2010/2010/1599 2008/2008/1597 2011/2011/1600
f 2010/2010/1599 2011/2011/1600 1925/1925/1524
f 2012/2012/1601 2010/2010/1599 1925/1925/1524
f 1971/1971/1563 2000/2000/1589 1970/1970/1562
f 2012/2012/1601 1925/1925/1524 1922/1922/1521
f 2013/2013/688 2014/2014/1602 2015/2015/1603
f 2015/2015/1603 2014/2014/1602 2016/2016/1604
f 2013/2013/688 2015/2015/1603 2017/2017/1605
f 2017/2017/1605 2015/2015/1603 2018/2018/1606
f 2018/2018/1606 2015/2015/1603 2019/2019/1607
f 2017/2017/1605 2018/2018/1606 2020/2020/1608
f 2021/2021/1609 2017/2017/1605 2020/2020/1608
f 2022/2022/1610 2017/2017/1605 2021/2021/1609
f 2021/2021/1609 2020/2020/1608 2023/2023/1611
f 2021/2021/1609 2023/2023/1611 2024/2024/1612
f 2024/2024/1612 2023/2023/1611 2025/2025/1613
f 2024/2024/1612 2025/2025/1613 2026/2026/1614
f 2025/2025/1613 2027/2027/1615 2026/2026/1614
f 2025/2025/1613 2028/2028/1616 2027/2027/1615
f 2024/2024/1612 2026/2026/1614 2029/2029/1617
f 2029/2029/1617 2026/2026/1614 2030/2030/1618
f 2030/2030/1618 2026/2026/1614 2031/2031/1619
f 2026/2026/1614 2027/2027/1615 2031/2031/1619
f 2032/2032/1620 2029/2029/1617 2030/2030/1618
f 2018/2018/1606 2019/2019/1607 2033/2033/1621
f 2033/2033/1621 2019/2019/1607 2034/2034/1622
f 2021/2021/1609 2024/2024/1612 2035/2035/1623
f 2035/2035/1623 2024/2024/1612 2029/2029/1617
f 2036/2036/1624 2022/2022/1625 2037/2037/1626
f 2038/2038/1627 2022/2022/1625 2036/2036/1624
f 2039/2039/1628 2022/2022/1625 2038/2038/1627
f 2040/2040/1629 2039/2039/1628 2038/2038/1627
f 2040/2040/1629 2038/2038/1627 2041/2041/1630
f 2037/2037/1626 2042/2042/1631 2036/2036/1624
f 2037/2037/1626 2043/2043/1632 2042/2042/1631
f 2036/2036/1624 2042/2042/1631 2044/2044/1633
f 2033/2033/1621 2045/2045/1634 1788/1788/1416
f 1788/1788/1416 2045/2045/1634 2046/2046/1635
f 1792/1792/1420 2033/2033/1621 1788/1788/1416
f 2018/2018/1606 2033/2033/1621 1792/1792/1420
f 2047/2047/1636 2048/2048/1637 2049/2049/1638
f 2049/2049/1638 2048/2048/1637 2050/2050/1639
f 2051/2051/1640 2047/2047/1636 2049/2049/1638
f 2048/2048/1637 2052/2052/1641 2050/2050/1639
f 2053/2053/1642 2047/2047/1636 2051/2051/1640
f 2054/2054/1643 2053/2053/1642 2051/2051/1640
f 2048/2048/1637 2055/2055/1644 2052/2052/1641
f 2055/2055/1644 2056/2056/1645 2052/2052/1641
f 2056/2056/1645 2057/2057/1646 2052/2052/1641
f 2058/2058/1647 2053/2053/1642 2054/2054/1643
f 2059/2059/1648 2058/2058/1647 2054/2054/1643
f 2059/2059/1648 2054/2054/1643 2060/2060/1649
f 2061/2061/1650 2059/2059/1648 2060/2060/1649
f 2061/2061/1650 2060/2060/1649 2062/2062/1651
f 2063/2063/1652 2061/2061/1650 2062/2062/1651
f 2063/2063/1652 2062/2062/1651 2064/2064/1653
f 2057/2057/1646 2056/2056/1645 2065/2065/1654
f 2056/2056/1645 2066/2066/1655 2065/2065/1654
f 2065/2065/1654 2066/2066/1655 2067/2067/1656
f 2067/2067/1656 2068/2068/1657 2065/2065/1654
f 2067/2067/1656 2069/2069/1658 2068/2068/1657
f 2069/2069/1658 2070/2070/1659 2068/2068/1657
f 2069/2069/1658 2071/2071/1660 2070/2070/1659
f 2072/2072/1661 2071/2071/1660 2069/2069/1658
f 2072/2072/1661 2069/2069/1658 2067/2067/1656
f 2066/2066/1655 2072/2072/1661 2067/2067/1656
f 2073/2073/1662 2074/2074/1663 2075/2075/1664
f 2076/2076/1665 2073/2073/1662 2075/2075/1664
f 2073/2073/1662 2077/2077/1666 2074/2074/1663
f 2076/2076/1665 2075/2075/1664 2078/2078/1667
f 2079/2079/1668 2080/2080/1669 2081/2081/1670
f 2080/2080/1669 2082/2082/1671 2081/2081/1670
f 2081/2081/1670 2082/2082/1671 2083/2083/1672
f 2082/2082/1671 2084/2084/1673 2083/2083/1672
f 2081/2081/1670 2083/2083/1672 2085/2085/1674
f 2086/2086/1675 2081/2081/1670 2085/2085/1674
f 2086/2086/1675 2085/2085/1674 2087/2087/1676
f 2088/2088/1677 2086/2086/1675 2087/2087/1676
f 2089/2089/1678 2086/2086/1675 2088/2088/1677
f 2089/2089/1678 2090/2090/1679 2086/2086/1675
f 2090/2090/1679 2081/2081/1670 2086/2086/1675
f 2079/2079/1668 2081/2081/1670 2090/2090/1679
f 2085/2085/1674 2083/2083/1672 2091/2091/1680
f 2092/2092/1681 2079/2079/1668 2090/2090/1679
f 2092/2092/1681 2090/2090/1679 2089/2089/1678
f 2092/2092/1681 2093/2093/1682 2079/2079/1668
f 2093/2093/1682 2094/2094/1683 2079/2079/1668
f 2094/2094/1683 2080/2080/1669 2079/2079/1668
f 2087/2087/1676 2085/2085/1674 2095/2095/1684
f 2085/2085/1674 2096/2096/1685 2095/2095/1684
f 2085/2085/1674 2091/2091/1680 2096/2096/1685
f 2095/2095/1684 2096/2096/1685 2097/2097/1686
f 2096/2096/1685 2098/2098/1687 2097/2097/1686
f 2096/2096/1685 2091/2091/1680 2098/2098/1687
f 2099/2099/1688 2095/2095/1684 2097/2097/1686
f 2099/2099/1688 2087/2087/1676 2095/2095/1684
f 2088/2088/1677 2087/2087/1676 2099/2099/1688
f 2099/2099/1688 2097/2097/1686 2100/2100/1689
f 2097/2097/1686 2101/2101/1690 2100/2100/1689
f 2097/2097/1686 2102/2102/1691 2101/2101/1690
f 2098/2098/1687 2102/2102/1691 2097/2097/1686
f 2102/2102/1691 2103/2103/1692 2101/2101/1690
f 2100/2100/1689 2101/2101/1690 2104/2104/1693
f 2102/2102/1691 2105/2105/1694 2103/2103/1692
f 2103/2103/1692 2105/2105/1694 2106/2106/1695
f 2107/2107/1696 2108/2108/1697 2109/2109/1698
f 2110/2110/1699 2108/2108/1697 2107/2107/1696
f 2111/2111/1700 2107/2107/1696 2109/2109/1698
f 2111/2111/1700 2109/2109/1698 2112/2112/1701
f 2113/2113/1702 2107/2107/1696 2111/2111/1700
f 2110/2110/1699 2107/2107/1696 2113/2113/1702
f 2113/2113/1702 2111/2111/1700 2114/2114/1703
f 2114/2114/1703 2111/2111/1700 2115/2115/1704
f 2115/2115/1704 2111/2111/1700 2112/2112/1701
f 2115/2115/1704 2112/2112/1701 2116/2116/1705
f 2117/2117/1706 2115/2115/1704 2116/2116/1705
f 2118/2118/1707 2115/2115/1704 2117/2117/1706
f 2118/2118/1707 2114/2114/1703 2115/2115/1704
f 2116/2116/1705 2112/2112/1701 2119/2119/1708
f 2119/2119/1708 2112/2112/1701 2120/2120/1709
f 2119/2119/1708 2120/2120/1709 2121/2121/1710
f 2122/2122/1711 2123/2123/1712 2124/2124/1713
f 2124/2124/1713 2123/2123/1712 2125/2125/1714
f 2125/2125/1714 2126/2126/1714 2124/2124/1713
f 2124/2124/1713 2126/2126/1714 2127/2127/1715
f 2126/2126/1714 2128/2128/1716 2127/2127/1715
f 2126/2126/1714 2129/2129/1717 2128/2128/1716
f 2124/2124/1713 2127/2127/1715 2130/2130/521
f 2130/2130/521 2127/2127/1715 2131/2131/521
f 2126/2126/1714 2132/2132/1718 2129/2129/1717
f 2123/2123/1712 2133/2133/1712 2125/2125/1714
f 2134/2134/1719 2135/2135/1720 2136/2136/1721
f 2137/2137/1722 2135/2135/1720 2134/2134/1719
f 2136/2136/1721 2138/2138/1723 2134/2134/1719
f 2134/2134/1719 2138/2138/1723 2139/2139/1724
f 2135/2135/1720 2140/2140/1725 2136/2136/1721
f 2139/2139/1724 2138/2138/1723 2141/2141/1724
f 2142/2142/1726 2138/2138/1723 2136/2136/1721
f 2140/2140/1725 2143/2143/1727 2136/2136/1721
f 2136/2136/1721 2143/2143/1727 2144/2144/1728
f 2143/2143/1727 2145/2145/1729 2144/2144/1728
f 2145/2145/1729 2146/2146/1730 2144/2144/1728
f 2144/2144/1728 2146/2146/1730 2147/2147/1731
f 2148/2148/1732 2144/2144/1728 2147/2147/1731
f 2149/2149/1733 2144/2144/1728 2148/2148/1732
f 2148/2148/1732 2147/2147/1731 2150/2150/1734
f 2147/2147/1731 2146/2146/1730 2151/2151/1735
f 2147/2147/1731 2151/2151/1735 2150/2150/1734
f 2150/2150/1734 2151/2151/1735 2152/2152/1736
f 2151/2151/1735 2153/2153/1737 2152/2152/1736
f 2151/2151/1735 2154/2154/1738 2153/2153/1737
f 2151/2151/1735 2146/2146/1730 2154/2154/1738
f 2153/2153/1737 2155/2155/1739 2152/2152/1736
f 2155/2155/1739 2156/2156/1740 2152/2152/1736
f 2153/2153/1737 2157/2157/1741 2155/2155/1739
f 2154/2154/1738 2157/2157/1741 2153/2153/1737
f 2157/2157/1741 2158/2158/1742 2155/2155/1739
f 2155/2155/1739 2158/2158/1742 2159/2159/1743
f 2155/2155/1739 2159/2159/1743 2160/2160/1744
f 2155/2155/1739 2160/2160/1744 2156/2156/1740
f 2157/2157/1741 2161/2161/1745 2158/2158/1742
f 2159/2159/1743 2158/2158/1742 2162/2162/1746
f 2158/2158/1742 2161/2161/1745 2162/2162/1746
f 2162/2162/1746 2161/2161/1745 2163/2163/1747
f 2164/2164/1748 2162/2162/1746 2163/2163/1747
f 2159/2159/1743 2162/2162/1746 2164/2164/1748
f 2159/2159/1743 2164/2164/1748 2160/2160/1744
f 2164/2164/1748 2163/2163/1747 2165/2165/1749
f 2160/2160/1744 2164/2164/1748 2165/2165/1749
f 2161/2161/1745 2166/2166/1750 2163/2163/1747
f 2163/2163/1747 2166/2166/1750 2167/2167/1751
f 2163/2163/1747 2167/2167/1751 2168/2168/1752
f 2168/2168/1752 2167/2167/1751 2169/2169/1753
f 2166/2166/1750 2170/2170/1754 2167/2167/1751
f 2167/2167/1751 2170/2170/1754 2171/2171/1755
f 2167/2167/1751 2171/2171/1755 2169/2169/1753
f 2171/2171/1755 2170/2170/1754 2172/2172/1756
f 2171/2171/1755 2172/2172/1756 2173/2173/1757
f 2171/2171/1755 2173/2173/1757 2174/2174/1758
f 2169/2169/1753 2171/2171/1755 2174/2174/1758
f 2172/2172/1756 2175/2175/1759 2173/2173/1757
f 2176/2176/530 2177/2177/686 2178/2178/530
f 2179/2179/684 2177/2177/686 2176/2176/530
f 2179/2179/684 2180/2180/1760 2177/2177/686
f 2180/2180/1760 2181/2181/1761 2177/2177/686
f 2178/2178/530 2177/2177/686 2182/2182/1762
f 2182/2182/1762 2177/2177/686 2183/2183/1763
f 2183/2183/1763 2177/2177/686 2184/2184/1764
f 2184/2184/1764 2177/2177/686 2185/2185/1765
f 2185/2185/1765 2177/2177/686 2186/2186/530
f 2185/2185/1765 2186/2186/530 2187/2187/1766
f 2186/2186/530 2177/2177/686 2188/2188/530
f 2186/2186/530 2188/2188/530 2189/2189/683
f 2186/2186/530 2189/2189/683 2190/2190/681
f 2189/2189/683 2191/2191/681 2190/2190/681
f 2187/2187/1766 2186/2186/530 2192/2192/1767
f 2191/2191/681 2193/2193/530 2190/2190/681
f 2193/2193/530 2194/2194/529 2190/2190/681
f 2190/2190/681 2194/2194/529 2195/2195/1768
f 2196/2196/530 2194/2194/529 2193/2193/530
f 2197/2197/1769 2190/2190/681 2195/2195/1768
f 2198/2198/1770 2190/2190/681 2197/2197/1769
f 2195/2195/1768 2194/2194/529 2199/2199/1375
f 2199/2199/1375 2194/2194/529 2200/2200/1771
f 2200/2200/1771 2194/2194/529 2201/2201/530
f 2201/2201/530 2194/2194/529 2202/2202/530
f 2202/2202/530 2194/2194/529 2203/2203/530
f 2203/2203/530 2194/2194/529 2204/2204/698
f 2204/2204/698 2194/2194/529 2205/2205/1772
f 2194/2194/529 2206/2206/1374 2205/2205/1772
f 2206/2206/1374 2207/2207/1084 2205/2205/1772
f 2206/2206/1374 2208/2208/1773 2207/2207/1084
f 2208/2208/1773 2209/2209/1774 2207/2207/1084
f 2207/2207/1084 2210/2210/1775 2205/2205/1772
f 2208/2208/1773 2211/2211/1776 2209/2209/1774
f 2212/2212/1777 2213/2213/1778 2214/2214/1779
f 2214/2214/1779 2213/2213/1778 2215/2215/1780
f 2213/2213/1778 2216/2216/1781 2215/2215/1780
f 2214/2214/1779 2215/2215/1780 2217/2217/1782
f 2218/2218/1783 2214/2214/1779 2217/2217/1782
f 2219/2219/1784 2214/2214/1779 2218/2218/1783
f 2219/2219/1784 2212/2212/1777 2214/2214/1779
f 2219/2219/1784 2218/2218/1783 2220/2220/1785
f 2218/2218/1783 2217/2217/1782 2221/2221/1786
f 2221/2221/1786 2217/2217/1782 1432/1432/1169
f 2221/2221/1786 1432/1432/1169 1429/1429/1166
f 2217/2217/1782 2222/2222/1787 1432/1432/1169
f 2215/2215/1780 2222/2222/1787 2217/2217/1782
f 2223/2223/1788 2224/2224/1789 2225/2225/1790
f 2225/2225/1790 2224/2224/1789 2226/2226/1791
f 2226/2226/1791 2224/2224/1789 2227/2227/1792
f 2224/2224/1789 2228/2228/1793 2227/2227/1792
f 2228/2228/1793 2224/2224/1789 2229/2229/1794
f 2227/2227/1792 2228/2228/1793 2230/2230/1795
f 2227/2227/1792 2230/2230/1795 2231/2231/1796
f 2227/2227/1792 2231/2231/1796 2232/2232/1797
f 2231/2231/1796 2233/2233/1798 2232/2232/1797
f 2233/2233/1798 2234/2234/1799 2232/2232/1797
f 2232/2232/1797 2234/2234/1799 2235/2235/5
f 2235/2235/5 2234/2234/1799 2236/2236/589
f 2237/2237/1800 2223/2223/1788 2225/2225/1790
f 2238/2238/1801 2237/2237/1800 2225/2225/1790
f 2236/2236/589 2234/2234/1799 2239/2239/1802
f 2240/2240/1803 2241/2241/1804 2242/2242/1805
f 2243/2243/1806 2241/2241/1804 2240/2240/1803
f 2243/2243/1806 2240/2240/1803 2244/2244/1807
f 2245/2245/1808 2243/2243/1806 2244/2244/1807
f 2245/2245/1808 2244/2244/1807 2246/2246/1809
f 2247/2247/1810 2245/2245/1808 2246/2246/1809
f 2247/2247/1810 2248/2248/1811 2245/2245/1808
f 2244/2244/1807 2249/2249/1812 2246/2246/1809
f 2246/2246/1809 2250/2250/1813 2247/2247/1810
f 2251/2251/1814 2250/2250/1813 2246/2246/1809
f 2251/2251/1814 2246/2246/1809 2252/2252/1815
f 2253/2253/1816 2251/2251/1814 2252/2252/1815
f 2252/2252/1815 2246/2246/1809 2254/2254/1817
f 2254/2254/1817 2246/2246/1809 2255/2255/1818
f 2254/2254/1817 2255/2255/1818 2256/2256/1819
f 2255/2255/1818 2246/2246/1809 2257/2257/1820
f 2252/2252/1815 2254/2254/1817 2258/2258/1821
f 2259/2259/1822 2252/2252/1815 2258/2258/1821
f 2259/2259/1822 2258/2258/1821 2260/2260/1823
f 2261/2261/1824 2259/2259/1822 2260/2260/1823
f 2262/2262/1825 2259/2259/1822 2261/2261/1824
f 2250/2250/1813 2263/2263/1826 2247/2247/1810
f 2250/2250/1813 2264/2264/1827 2263/2263/1826
f 2264/2264/1827 2265/2265/1828 2263/2263/1826
f 2265/2265/1828 2266/2266/1829 2263/2263/1826
f 2267/2267/1830 2255/2255/1818 2257/2257/1820
f 2267/2267/1830 2257/2257/1820 2268/2268/617
f 2269/2269/1831 2267/2267/1830 2268/2268/617
f 2270/2270/1832 2267/2267/1830 2269/2269/1831
f 2268/2268/617 2257/2257/1820 2271/2271/1833
f 2260/2260/1823 2258/2258/1821 2272/2272/1834
f 2266/2266/1835 2273/2273/1836 2274/2274/1837
f 2273/2273/1836 2275/2275/1838 2274/2274/1837
f 2274/2274/1837 2275/2275/1838 2276/2276/1839
f 2275/2275/1838 2277/2277/1840 2276/2276/1839
f 2274/2274/1837 2276/2276/1839 2245/2245/1841
f 2278/2278/1842 2274/2274/1837 2245/2245/1841
f 2276/2276/1839 2277/2277/1840 2241/2241/1804
f 2276/2276/1839 2241/2241/1804 2279/2279/1843
f 2268/2268/617 2280/2280/1844 2281/2281/16
f 2282/2282/1838 2281/2281/16 2280/2280/1844
f 2246/2246/1809 2282/2282/1838 2280/2280/1844
f 2282/2282/1838 2283/2283/912 2281/2281/16
f 2284/2284/1845 2282/2282/1838 2246/2246/1809
f 2282/2282/1838 2285/2285/1846 2283/2283/912
f 2282/2282/1838 2286/2286/1847 2285/2285/1846
f 2240/2240/1803 2287/2287/1848 2286/2286/1847
f 2240/2240/1803 2242/2242/1805 2287/2287/1848
f 2245/2245/1808 2248/2248/1811 2288/2288/1849
f 2246/2246/1809 2249/2249/1812 2289/2289/1850
f 2290/2290/1851 2291/2291/1852 2292/2292/1853
f 2290/2290/1851 2293/2293/1854 2291/2291/1852
f 2294/2294/1855 2290/2290/1851 2292/2292/1853
f 2294/2294/1855 2292/2292/1853 2295/2295/1856
f 2296/2296/1857 2294/2294/1855 2295/2295/1856
f 2296/2296/1857 2295/2295/1856 2297/2297/1858
f 2297/2297/1858 2298/2298/1859 2296/2296/1857
f 2296/2296/1857 2298/2298/1859 2299/2299/1860
f 2298/2298/1859 2300/2300/1861 2299/2299/1860
f 2299/2299/1860 2300/2300/1861 2301/2301/1862
f 2300/2300/1861 2302/2302/1863 2301/2301/1862
f 2300/2300/1861 2303/2303/1864 2302/2302/1863
f 2290/2290/1851 2304/2304/1865 2293/2293/1854
f 2304/2304/1865 2305/2305/1866 2293/2293/1854
f 2306/2306/1867 2307/2307/1868 2308/2308/1869
f 2309/2309/1870 2307/2307/1868 2306/2306/1867
f 2307/2307/1868 2310/2310/1871 2308/2308/1869
f 2311/2311/1872 2309/2309/1870 2306/2306/1867
f 2311/2311/1872 2306/2306/1867 2312/2312/1873
f 2311/2311/1872 2312/2312/1873 2313/2313/1874
f 2314/2314/1875 2311/2311/1872 2313/2313/1874
f 2310/2310/1871 2315/2315/1876 2308/2308/1869
f 2310/2310/1871 2316/2316/1877 2315/2315/1876
f 2317/2317/1878 2316/2316/1877 2310/2310/1871
f 2317/2317/1878 2318/2318/1879 2316/2316/1877
f 2319/2319/1880 2318/2318/1879 2317/2317/1878
f 2319/2319/1880 2320/2320/1881 2318/2318/1879
f 2319/2319/1880 2321/2321/1882 2320/2320/1881
f 2319/2319/1880 2322/2322/1883 2321/2321/1882
f 2323/2323/1884 2314/2314/1875 2313/2313/1874
f 2323/2323/1884 2313/2313/1874 2324/2324/1885
f 2325/2325/1886 2323/2323/1884 2324/2324/1885
f 2326/2326/1887 2323/2323/1884 2325/2325/1886
f 2325/2325/1886 2324/2324/1885 2327/2327/1888
f 2328/2328/1889 2326/2326/1887 2325/2325/1886
f 2328/2328/1889 2325/2325/1886 2327/2327/1888
f 2328/2328/1889 2327/2327/1888 2329/2329/1890
f 2330/2330/1891 2328/2328/1889 2329/2329/1890
f 2330/2330/1891 2326/2326/1887 2328/2328/1889
f 2331/2331/1892 2332/2332/1893 2333/2333/1894
f 2331/2331/1892 2333/2333/1894 2334/2334/1895
f 2335/2335/1896 2331/2331/1892 2334/2334/1895
f 2336/2336/1897 2335/2335/1896 2334/2334/1895
f 2337/2337/1898 2335/2335/1896 2336/2336/1897
f 2338/2338/1899 2337/2337/1898 2336/2336/1897
f 2338/2338/1899 2339/2339/1900 2337/2337/1898
f 2340/2340/1901 2339/2339/1900 2338/2338/1899
f 2340/2340/1901 2341/2341/1902 2339/2339/1900
f 2342/2342/1903 2341/2341/1902 2340/2340/1901
f 2342/2342/1903 2343/2343/1904 2341/2341/1902
f 2342/2342/1903 2344/2344/1905 2343/2343/1904
f 2344/2344/1905 2345/2345/1906 2343/2343/1904
f 2344/2344/1905 2346/2346/1907 2345/2345/1906
f 2345/2345/1906 2346/2346/1907 2347/2347/1908
f 2346/2346/1907 2348/2348/1909 2347/2347/1908
f 2347/2347/1908 2348/2348/1909 2349/2349/1910
f 2349/2349/1910 2348/2348/1909 2350/2350/1911
f 2349/2349/1910 2350/2350/1911 2351/2351/1912
f 2351/2351/1912 2350/2350/1911 2352/2352/1913
f 2351/2351/1912 2352/2352/1913 2353/2353/1914
f 2353/2353/1914 2352/2352/1913 2354/2354/1915
f 2353/2353/1914 2354/2354/1915 2332/2332/1893
f 2332/2332/1893 2354/2354/1915 2333/2333/1894
f 2355/2355/521 2356/2356/1916 2357/2357/1917
f 2357/2357/1917 2356/2356/1916 2358/2358/1918
f 2358/2358/1918 2356/2356/1916 2359/2359/1919
f 2356/2356/1916 2360/2360/1917 2359/2359/1919
f 2359/2359/1919 2360/2360/1917 2361/2361/1920
f 2361/2361/1920 2360/2360/1917 2362/2362/1921
f 2363/2363/1922 2364/2364/1923 2365/2365/1924
f 2364/2364/1923 2366/2366/1925 2365/2365/1924
f 2364/2364/1923 2367/2367/1926 2366/2366/1925
f 2363/2363/1922 2365/2365/1924 2368/2368/1927
f 2369/2369/1928 2363/2363/1922 2368/2368/1927
f 2369/2369/1928 2368/2368/1927 2370/2370/1929
f 2370/2370/1929 2368/2368/1927 2371/2371/1930
f 2370/2370/1929 2371/2371/1930 2372/2372/1931
f 2372/2372/1931 2371/2371/1930 2373/2373/1932
f 2373/2373/1932 2371/2371/1930 2374/2374/1933
f 2373/2373/1932 2374/2374/1933 2375/2375/1934
f 2375/2375/1934 2374/2374/1933 2376/2376/1935
f 2375/2375/1934 2376/2376/1935 2377/2377/1936
f 2377/2377/1936 2376/2376/1935 2378/2378/1937
f 2378/2378/1937 2376/2376/1935 2379/2379/1938
f 2378/2378/1937 2379/2379/1938 2380/2380/1939
f 2380/2380/1939 2379/2379/1938 2381/2381/1940
f 2381/2381/1940 2379/2379/1938 2382/2382/1941
f 2381/2381/1940 2382/2382/1941 2383/2383/1942
f 2382/2382/1941 2384/2384/1943 2383/2383/1942
f 2383/2383/1942 2384/2384/1943 925/925/805
f 2384/2384/1943 926/926/806 925/925/805
f 2385/2385/521 2386/2386/521 2387/2387/521
f 2388/2388/521 2385/2385/521 2387/2387/521
f 2385/2385/521 2389/2389/521 2386/2386/521
f 2390/2390/1944 2391/2391/1945 2392/2392/1946
f 2390/2390/1944 2393/2393/1947 2391/2391/1945
f 2394/2394/1948 2390/2390/1944 2392/2392/1946
f 2394/2394/1948 2392/2392/1946 2395/2395/1949
f 2396/2396/1950 2394/2394/1948 2395/2395/1949
f 2396/2396/1950 2395/2395/1949 2397/2397/1951
f 2398/2398/1952 2396/2396/1950 2397/2397/1951
f 2398/2398/1952 2397/2397/1951 2399/2399/1953
f 2400/2400/1954 2398/2398/1952 2399/2399/1953
f 2400/2400/1954 2399/2399/1953 2401/2401/1955
f 2402/2402/1956 2400/2400/1954 2401/2401/1955
f 2402/2402/1956 2401/2401/1955 2403/2403/1957
f 2404/2404/1958 2402/2402/1956 2403/2403/1957
f 2405/2405/530 2406/2406/530 2407/2407/530
f 2408/2408/530 2405/2405/530 2407/2407/530
f 2409/2409/530 2405/2405/530 2408/2408/530
f 2407/2407/530 2406/2406/530 2410/2410/530
f 2406/2406/530 2411/2411/531 2410/2410/530
f 2411/2411/531 2412/2412/530 2410/2410/530
f 2410/2410/530 2412/2412/530 2413/2413/533
f 2414/2414/530 2409/2409/530 2408/2408/530
f 2415/2415/533 2409/2409/530 2414/2414/530
f 2416/2416/530 2409/2409/530 2415/2415/533
f 2417/2417/533 2416/2416/530 2415/2415/533
f 2418/2418/533 2417/2417/533 2415/2415/533
f 2413/2413/533 2412/2412/530 2419/2419/698
f 2420/2420/1959 2421/2421/1960 2422/2422/1961
f 2423/2423/1962 2420/2420/1959 2422/2422/1961
f 2420/2420/1959 2424/2424/1963 2421/2421/1960
f 2424/2424/1963 2425/2425/1964 2421/2421/1960
f 2424/2424/1963 2426/2426/1965 2425/2425/1964
f 2426/2426/1965 2427/2427/1966 2425/2425/1964
f 2425/2425/1964 2427/2427/1966 2428/2428/1967
f 2423/2423/1962 2422/2422/1961 2429/2429/1968
f 2430/2430/1969 2423/2423/1962 2429/2429/1968
f 2430/2430/1969 2429/2429/1968 2431/2431/1970
f 2432/2432/1971 2430/2430/1969 2431/2431/1970
f 2432/2432/1971 2431/2431/1970 2433/2433/1972
f 2434/2434/1973 2432/2432/1971 2433/2433/1972
f 2434/2434/1973 2433/2433/1972 2435/2435/1974
f 2436/2436/1975 2434/2434/1973 2435/2435/1974
f 2436/2436/1975 2435/2435/1974 2437/2437/1976
f 2438/2438/1977 2436/2436/1975 2437/2437/1976
f 2438/2438/1977 2437/2437/1976 2439/2439/1978
f 2440/2440/1979 2438/2438/1977 2439/2439/1978
f 2439/2439/1978 2441/2441/1980 2440/2440/1979
f 2441/2441/1980 2442/2442/1981 2440/2440/1979
f 2441/2441/1980 2443/2443/1982 2442/2442/1981
f 2443/2443/1982 2444/2444/1983 2442/2442/1981
f 2443/2443/1982 2445/2445/1984 2444/2444/1983
f 2445/2445/1984 2446/2446/1985 2444/2444/1983
f 2445/2445/1984 2447/2447/1986 2446/2446/1985
f 2447/2447/1986 2448/2448/1987 2446/2446/1985
f 2447/2447/1986 2449/2449/1988 2448/2448/1987
f 2449/2449/1988 2450/2450/1989 2448/2448/1987
f 2449/2449/1988 2451/2451/1990 2450/2450/1989
f 2451/2451/1990 2452/2452/1991 2450/2450/1989
f 2451/2451/1990 2453/2453/1992 2452/2452/1991
f 2453/2453/1992 2454/2454/1993 2452/2452/1991
f 2453/2453/1992 2455/2455/1994 2454/2454/1993
f 2455/2455/1994 2456/2456/1995 2454/2454/1993
f 2455/2455/1994 2457/2457/1996 2456/2456/1995
f 2457/2457/1996 2458/2458/1997 2456/2456/1995
f 2457/2457/1996 2459/2459/1998 2458/2458/1997
f 2459/2459/1998 2460/2460/1999 2458/2458/1997
f 2459/2459/1998 2461/2461/2000 2460/2460/1999
f 2461/2461/2000 2462/2462/2001 2460/2460/1999
f 2461/2461/2000 2463/2463/2002 2462/2462/2001
f 2463/2463/2002 2464/2464/2003 2462/2462/2001
f 2463/2463/2002 2465/2465/2004 2464/2464/2003
f 2465/2465/2004 2466/2466/2005 2464/2464/2003
f 2465/2465/2004 2467/2467/2006 2466/2466/2005
f 2465/2465/2004 2468/2468/2007 2467/2467/2006
f 2468/2468/2007 2469/2469/2008 2467/2467/2006
f 2469/2469/2008 2470/2470/2009 2467/2467/2006
f 2469/2469/2008 2471/2471/2010 2470/2470/2009
f 2471/2471/2010 2472/2472/2011 2470/2470/2009
f 2471/2471/2010 2473/2473/2012 2472/2472/2011
f 2473/2473/2012 2474/2474/2013 2472/2472/2011
f 2473/2473/2012 2475/2475/2014 2474/2474/2013
f 2475/2475/2014 2476/2476/2015 2474/2474/2013
f 2475/2475/2014 2477/2477/2016 2476/2476/2015
f 2477/2477/2016 2478/2478/2017 2476/2476/2015
f 2479/2479/2018 2478/2478/2017 2477/2477/2016
f 2480/2480/2019 2478/2478/2017 2479/2479/2018
f 2481/2481/2020 2480/2480/2019 2479/2479/2018
f 2482/2482/2021 2480/2480/2019 2481/2481/2020
f 2483/2483/2022 2482/2482/2021 2481/2481/2020
f 2484/2484/2023 2482/2482/2021 2483/2483/2022
f 2485/2485/2024 2484/2484/2023 2483/2483/2022
f 2486/2486/2025 2484/2484/2023 2485/2485/2024
f 2487/2487/2026 2486/2486/2025 2485/2485/2024
f 2487/2487/2026 2485/2485/2024 2488/2488/2027
f 2489/2489/2028 2487/2487/2026 2488/2488/2027
f 2489/2489/2028 2488/2488/2027 2490/2490/2029
f 2491/2491/2030 2489/2489/2028 2490/2490/2029
f 2491/2491/2030 2490/2490/2029 2492/2492/2031
f 2427/2427/1966 2491/2491/2030 2492/2492/2031
f 2427/2427/1966 2492/2492/2031 2428/2428/1967
f 2493/2493/2032 2494/2494/2033 2495/2495/2034
f 2494/2494/2033 2496/2496/2035 2495/2495/2034
f 2494/2494/2033 2497/2497/2036 2496/2496/2035
f 2497/2497/2036 2498/2498/2037 2496/2496/2035
f 2499/2499/2038 2493/2493/2032 2495/2495/2034
f 2499/2499/2038 2495/2495/2034 2500/2500/2039
f 2501/2501/2040 2499/2499/2038 2500/2500/2039
f 2501/2501/2040 2500/2500/2039 2502/2502/2041
f 2497/2497/2036 2503/2503/2042 2498/2498/2037
f 2498/2498/2037 2503/2503/2042 2504/2504/2043
f 2503/2503/2042 2505/2505/2044 2504/2504/2043
f 2505/2505/2044 2506/2506/2045 2504/2504/2043
f 2505/2505/2044 2507/2507/2046 2506/2506/2045
f 2507/2507/2046 2508/2508/2047 2506/2506/2045
f 2507/2507/2046 2509/2509/2048 2508/2508/2047
f 2510/2510/2049 2501/2501/2040 2502/2502/2041
f 2510/2510/2049 2502/2502/2041 2511/2511/2050
f 2512/2512/2051 2510/2510/2049 2511/2511/2050
f 2508/2508/2047 2509/2509/2048 2513/2513/2052
f 2509/2509/2048 2514/2514/2053 2513/2513/2052
f 2513/2513/2052 2514/2514/2053 2515/2515/2054
f 2514/2514/2053 2516/2516/2055 2515/2515/2054
f 2515/2515/2054 2516/2516/2055 2517/2517/2056
f 2516/2516/2055 2518/2518/2057 2517/2517/2056
f 2517/2517/2056 2518/2518/2057 2519/2519/2058
f 2518/2518/2057 2520/2520/2059 2519/2519/2058
f 2520/2520/2059 2521/2521/2060 2519/2519/2058
f 2519/2519/2058 2521/2521/2060 2522/2522/2061
f 2522/2522/2061 2521/2521/2060 2523/2523/2062
f 2524/2524/2063 2522/2522/2061 2523/2523/2062
f 2512/2512/2051 2511/2511/2050 2525/2525/2064
f 2512/2512/2051 2525/2525/2064 2526/2526/2065
f 2526/2526/2065 2525/2525/2064 2527/2527/2066
f 2527/2527/2066 2528/2528/2067 2526/2526/2065
f 2528/2528/2067 2529/2529/2068 2526/2526/2065
f 2528/2528/2067 2530/2530/2069 2529/2529/2068
f 2528/2528/2067 2531/2531/2070 2530/2530/2069
f 2531/2531/2070 2532/2532/2071 2530/2530/2069
f 2532/2532/2071 2533/2533/2072 2530/2530/2069
f 2532/2532/2071 2534/2534/2073 2533/2533/2072
f 2534/2534/2073 2535/2535/2074 2533/2533/2072
f 2534/2534/2073 2536/2536/2075 2535/2535/2074
f 2536/2536/2075 2537/2537/2076 2535/2535/2074
f 2535/2535/2074 2537/2537/2076 2538/2538/2077
f 2537/2537/2076 2539/2539/2078 2538/2538/2077
f 2538/2538/2077 2539/2539/2078 2540/2540/2079
f 2539/2539/2078 2541/2541/2080 2540/2540/2079
f 2539/2539/2078 2542/2542/2081 2541/2541/2080
f 2542/2542/2081 2543/2543/2082 2541/2541/2080
f 2544/2544/2083 2543/2543/2082 2542/2542/2081
f 2544/2544/2083 2545/2545/2084 2543/2543/2082
f 2545/2545/2084 2546/2546/2085 2543/2543/2082
f 2545/2545/2084 2547/2547/2086 2546/2546/2085
f 2547/2547/2086 2548/2548/2087 2546/2546/2085
f 2547/2547/2086 2549/2549/2088 2548/2548/2087
f 2549/2549/2088 2550/2550/2089 2548/2548/2087
f 2549/2549/2088 2551/2551/2090 2550/2550/2089
f 2551/2551/2090 2552/2552/2091 2550/2550/2089
f 2553/2553/2092 2552/2552/2091 2551/2551/2090
f 2553/2553/2092 2554/2554/2093 2552/2552/2091
f 2554/2554/2093 2555/2555/2094 2552/2552/2091
f 2554/2554/2093 2556/2556/2095 2555/2555/2094
f 2524/2524/2063 2556/2556/2095 2554/2554/2093
f 2524/2524/2063 2523/2523/2062 2556/2556/2095
f 2557/2557/385 2558/2558/2096 2559/2559/2097
f 2559/2559/2097 2558/2558/2096 2560/2560/2098
f 2559/2559/2097 2560/2560/2098 2561/2561/2099
f 2561/2561/2099 2560/2560/2098 2562/2562/2100
f 2562/2562/2100 2560/2560/2098 2563/2563/2101
f 2562/2562/2100 2563/2563/2101 2564/2564/2102
f 2563/2563/2101 2565/2565/2103 2564/2564/2102
f 2564/2564/2102 2565/2565/2103 2566/2566/2104
f 2566/2566/2104 2565/2565/2103 2567/2567/389
f 2567/2567/389 2565/2565/2103 2568/2568/580
f 2565/2565/2103 2569/2569/2105 2568/2568/580
f 2568/2568/580 2569/2569/2105 2570/2570/5
f 2570/2570/5 2569/2569/2105 2571/2571/2106
f 2571/2571/2106 2569/2569/2105 2572/2572/2107
f 2573/2573/2108 2574/2574/684 2575/2575/533
f 2573/2573/2108 2575/2575/533 2576/2576/2109
f 2576/2576/2109 2575/2575/533 2577/2577/2110
f 2573/2573/2108 2578/2578/2111 2574/2574/684
f 2574/2574/684 2579/2579/2112 2575/2575/533
f 2579/2579/2112 2580/2580/689 2575/2575/533
f 2573/2573/2108 2576/2576/2109 2581/2581/2113
f 2582/2582/681 2578/2578/2111 2573/2573/2108
f 2583/2583/682 2582/2582/681 2573/2573/2108
f 2584/2584/1086 2583/2583/682 2573/2573/2108
f 2585/2585/2114 2584/2584/1086 2573/2573/2108
f 2586/2586/2115 2585/2585/2114 2573/2573/2108
f 2587/2587/2116 2586/2586/2115 2573/2573/2108
f 2588/2588/2109 2586/2586/2115 2587/2587/2116
f 2588/2588/2109 2587/2587/2116 2589/2589/2117
f 2590/2590/2118 2586/2586/2115 2588/2588/2109
f 2591/2591/2119 2588/2588/2109 2589/2589/2117
f 2591/2591/2119 2589/2589/2117 2592/2592/2120
f 2577/2577/2110 2575/2575/533 2593/2593/531
f 2593/2593/531 2575/2575/533 2594/2594/698
f 2575/2575/533 2595/2595/2121 2594/2594/698
f 2594/2594/698 2595/2595/2121 2596/2596/530
f 2596/2596/530 2595/2595/2121 2597/2597/1373
f 2598/2598/530 2596/2596/530 2597/2597/1373
f 2597/2597/1373 2595/2595/2121 2599/2599/2122
f 2599/2599/2122 2600/2600/1079 2597/2597/1373
f 2595/2595/2121 2601/2601/2123 2599/2599/2122
f 2595/2595/2121 2602/2602/2124 2601/2601/2123
f 2603/2603/530 2598/2598/530 2597/2597/1373
f 2597/2597/1373 2600/2600/1079 2604/2604/2125
f 2597/2597/1373 2604/2604/2125 2605/2605/698
f 2597/2597/1373 2605/2605/698 2606/2606/1125
f 2597/2597/1373 2606/2606/1125 2607/2607/1124
f 2597/2597/1373 2607/2607/1124 2608/2608/2126
f 2609/2609/2127 2597/2597/1373 2608/2608/2126
f 2610/2610/2128 2611/2611/2129 2612/2612/2130
f 2613/2613/2131 2610/2610/2128 2612/2612/2130
f 2614/2614/2132 2610/2610/2128 2613/2613/2131
f 2615/2615/2133 2610/2610/2128 2614/2614/2132
f 2616/2616/2134 2615/2615/2133 2614/2614/2132
f 2617/2617/2135 2615/2615/2133 2616/2616/2134
f 2618/2618/2136 2615/2615/2133 2617/2617/2135
f 2619/2619/2137 2620/2620/2138 2621/2621/2138
f 2622/2622/2139 2620/2620/2138 2619/2619/2137
f 2622/2622/2139 2619/2619/2137 2623/2623/2139
f 2624/2624/2140 2622/2622/2139 2623/2623/2139
f 2624/2624/2140 2623/2623/2139 2625/2625/2137
f 2626/2626/2141 2627/2627/2142 2628/2628/2143
f 2629/2629/2144 2626/2626/2141 2628/2628/2143
f 2630/2630/2145 2631/2631/2146 2632/2632/2147
f 2631/2631/2146 2633/2633/2148 2632/2632/2147
f 2632/2632/2147 2634/2634/2149 2630/2630/2145
f 2630/2630/2145 2634/2634/2149 2635/2635/2150
f 2634/2634/2149 2636/2636/2151 2635/2635/2150
f 2635/2635/2150 2636/2636/2151 2637/2637/2152
f 2638/2638/2153 2639/2639/2154 2640/2640/2155
f 2638/2638/2153 2641/2641/2156 2639/2639/2154
f 2640/2640/2155 2639/2639/2154 2642/2642/2157
f 2639/2639/2154 2643/2643/2158 2642/2642/2157
f 2642/2642/2157 2643/2643/2158 2644/2644/2159
f 2644/2644/2159 2643/2643/2158 2645/2645/2160
f 2643/2643/2158 2646/2646/2161 2645/2645/2160
f 2647/2647/2162 2641/2641/2156 2638/2638/2153
f 2648/2648/1125 2649/2649/531 2650/2650/682
f 2649/2649/531 2651/2651/531 2650/2650/682
f 2651/2651/531 2652/2652/531 2650/2650/682
f 2652/2652/531 2653/2653/530 2650/2650/682
f 2652/2652/531 2654/2654/530 2653/2653/530
f 2655/2655/686 2649/2649/531 2648/2648/1125
f 2656/2656/531 2655/2655/686 2648/2648/1125
f 2657/2657/531 2656/2656/531 2648/2648/1125
f 2658/2658/530 2656/2656/531 2657/2657/531
f 2659/2659/530 2653/2653/530 2654/2654/530
f 2659/2659/530 2660/2660/170 2653/2653/530
f 2661/2661/530 2660/2660/170 2659/2659/530
f 2661/2661/530 2662/2662/530 2660/2660/170
f 2663/2663/530 2662/2662/530 2661/2661/530
f 2663/2663/530 2664/2664/170 2662/2662/530
f 2665/2665/170 2664/2664/170 2663/2663/530
f 2666/2666/170 2664/2664/170 2665/2665/170
f 2667/2667/170 2664/2664/170 2666/2666/170
f 2667/2667/170 2668/2668/170 2664/2664/170
f 2669/2669/530 2668/2668/170 2667/2667/170
f 2670/2670/530 2658/2658/530 2657/2657/531
f 2671/2671/698 2670/2670/530 2657/2657/531
f 2672/2672/533 2670/2670/530 2671/2671/698
f 2673/2673/133 2672/2672/533 2671/2671/698
f 2674/2674/684 2672/2672/533 2673/2673/133
f 2675/2675/133 2674/2674/684 2673/2673/133
f 2676/2676/682 2675/2675/133 2673/2673/133
f 2677/2677/682 2676/2676/682 2673/2673/133
f 2677/2677/682 2678/2678/533 2676/2676/682
f 2677/2677/682 2679/2679/530 2678/2678/533
f 2680/2680/530 2679/2679/530 2677/2677/682
f 2680/2680/530 2681/2681/530 2679/2679/530
f 2682/2682/530 2681/2681/530 2680/2680/530
f 2682/2682/530 2683/2683/530 2681/2681/530
f 2684/2684/530 2683/2683/530 2682/2682/530
f 2684/2684/530 2685/2685/530 2683/2683/530
f 2684/2684/530 2686/2686/530 2685/2685/530
f 2687/2687/530 2686/2686/530 2684/2684/530
f 2687/2687/530 2688/2688/530 2686/2686/530
f 2687/2687/530 2689/2689/530 2688/2688/530
f 2690/2690/170 2689/2689/530 2687/2687/530
f 2690/2690/170 2691/2691/530 2689/2689/530
f 2690/2690/170 2692/2692/1086 2691/2691/530
f 2691/2691/530 2692/2692/1086 2693/2693/1086
f 2693/2693/1086 2692/2692/1086 2694/2694/1086
f 2694/2694/1086 2692/2692/1086 2695/2695/1086
f 2692/2692/1086 2696/2696/530 2695/2695/1086
f 2695/2695/1086 2696/2696/530 2697/2697/170
f 2696/2696/530 2698/2698/170 2697/2697/170
f 2697/2697/170 2698/2698/170 2699/2699/681
f 2699/2699/681 2698/2698/170 2700/2700/681
f 2698/2698/170 2701/2701/1086 2700/2700/681
f 2700/2700/681 2701/2701/1086 2702/2702/170
f 2702/2702/170 2701/2701/1086 2703/2703/530
f 2701/2701/1086 2704/2704/530 2703/2703/530
f 2703/2703/530 2704/2704/530 2669/2669/530
f 2704/2704/530 2668/2668/170 2669/2669/530
f 2705/2705/2163 2706/2706/2164 2707/2707/2165
f 2708/2708/2166 2706/2706/2164 2705/2705/2163
f 2709/2709/2167 2708/2708/2166 2705/2705/2163
f 2710/2710/2168 2708/2708/2166 2709/2709/2167
f 2710/2710/2168 2711/2711/2169 2708/2708/2166
f 2707/2707/2165 2706/2706/2164 2712/2712/2170
f 2712/2712/2170 2706/2706/2164 2713/2713/2171
f 2712/2712/2170 2713/2713/2171 2714/2714/2172
f 2706/2706/2164 2715/2715/2173 2713/2713/2171
f 2716/2716/1352 2717/2717/2174 2718/2718/2175
f 2718/2718/2175 2717/2717/2174 2719/2719/2176
f 2717/2717/2174 2720/2720/2177 2719/2719/2176
f 2719/2719/2176 2720/2720/2177 2721/2721/2178
f 2720/2720/2177 2722/2722/2179 2721/2721/2178
f 2722/2722/2179 2723/2723/2180 2721/2721/2178
f 2723/2723/2180 2724/2724/2181 2721/2721/2178
f 2725/2725/2182 2726/2726/2183 2727/2727/2184
f 2728/2728/2184 2725/2725/2182 2727/2727/2184
f 2729/2729/2185 2726/2726/2183 2725/2725/2182
f 2729/2729/2185 2730/2730/2186 2726/2726/2183
f 2731/2731/2187 2730/2730/2186 2729/2729/2185
f 2732/2732/2188 2733/2733/2189 2734/2734/2190
f 2733/2733/2189 2735/2735/2191 2734/2734/2190
f 2736/2736/2192 2733/2733/2189 2732/2732/2188
f 2737/2737/2193 2736/2736/2192 2732/2732/2188
f 2738/2738/2194 2737/2737/2193 2732/2732/2188
f 2735/2735/2191 2739/2739/2195 2734/2734/2190
f 2734/2734/2190 2739/2739/2195 2740/2740/2196
f 2739/2739/2195 2741/2741/2197 2740/2740/2196
f 2740/2740/2196 2741/2741/2197 2742/2742/2198
f 2742/2742/2198 2741/2741/2197 2743/2743/2199
f 2742/2742/2198 2743/2743/2199 2744/2744/2200
f 2742/2742/2198 2744/2744/2200 2745/2745/2201
f 2745/2745/2201 2744/2744/2200 2746/2746/2202
f 2747/2747/2203 2737/2737/2193 2738/2738/2194
f 2748/2748/2204 2747/2747/2203 2738/2738/2194
f 2749/2749/2205 2748/2748/2204 2738/2738/2194
f 2745/2745/2201 2746/2746/2202 2750/2750/2206
f 2751/2751/2207 2745/2745/2201 2750/2750/2206
f 2752/2752/2208 2751/2751/2207 2750/2750/2206
f 2751/2751/2207 2752/2752/2208 2753/2753/2209
f 2754/2754/2210 2751/2751/2207 2753/2753/2209
f 2754/2754/2210 2753/2753/2209 2755/2755/2211
f 2754/2754/2210 2755/2755/2211 2756/2756/2212
f 2757/2757/2213 2754/2754/2210 2756/2756/2212
f 2757/2757/2213 2756/2756/2212 2758/2758/2214
f 2759/2759/2215 2757/2757/2213 2758/2758/2214
f 2759/2759/2215 2758/2758/2214 2760/2760/2216
f 2761/2761/2217 2759/2759/2215 2760/2760/2216
f 2761/2761/2217 2760/2760/2216 2762/2762/2218
f 2761/2761/2217 2762/2762/2218 2763/2763/2219
f 2764/2764/2220 2761/2761/2217 2763/2763/2219
f 2765/2765/2221 2761/2761/2217 2764/2764/2220
f 2766/2766/2222 2765/2765/2221 2764/2764/2220
f 2767/2767/2223 2765/2765/2221 2766/2766/2222
f 2768/2768/2224 2765/2765/2221 2767/2767/2223
f 2769/2769/2225 2768/2768/2224 2767/2767/2223
f 2770/2770/2226 2768/2768/2224 2769/2769/2225
f 2771/2771/2227 2768/2768/2224 2770/2770/2226
f 2772/2772/2228 2771/2771/2227 2770/2770/2226
f 2773/2773/2229 2771/2771/2227 2772/2772/2228
f 2774/2774/2230 2773/2773/2229 2772/2772/2228
f 2775/2775/2231 2773/2773/2229 2774/2774/2230
f 2775/2775/2231 2776/2776/2232 2773/2773/2229
f 2775/2775/2231 2777/2777/2233 2776/2776/2232
f 2777/2777/2233 2778/2778/2234 2776/2776/2232
f 2778/2778/2234 2779/2779/2235 2776/2776/2232
f 2778/2778/2234 2780/2780/2236 2779/2779/2235
f 2780/2780/2236 2781/2781/2237 2779/2779/2235
f 2782/2782/2238 2781/2781/2237 2780/2780/2236
f 2782/2782/2238 2783/2783/2239 2781/2781/2237
f 2783/2783/2239 2784/2784/2240 2781/2781/2237
f 2783/2783/2239 2785/2785/2241 2784/2784/2240
f 2785/2785/2241 2786/2786/2242 2784/2784/2240
f 2786/2786/2242 2749/2749/2205 2784/2784/2240
f 2786/2786/2242 2787/2787/2243 2749/2749/2205
f 2787/2787/2243 2748/2748/2204 2749/2749/2205
f 2788/2788/2244 2789/2789/2245 2790/2790/2246
f 2789/2789/2245 2791/2791/2247 2790/2790/2246
f 2792/2792/2248 2793/2793/2249 2794/2794/2250
f 2793/2793/2249 2795/2795/2251 2794/2794/2250
f 2794/2794/2250 2795/2795/2251 2796/2796/1271
f 2795/2795/2251 2797/2797/1271 2796/2796/1271
f 2798/2798/2252 2797/2797/1271 2795/2795/2251
f 2798/2798/2252 2799/2799/2253 2797/2797/1271
f 2799/2799/2253 2800/2800/1271 2797/2797/1271
f 2801/2801/1276 2799/2799/2253 2798/2798/2252
f 2802/2802/2254 2801/2801/1276 2798/2798/2252
f 2797/2797/1271 2800/2800/1271 2803/2803/1271
f 2804/2804/2255 2795/2795/2251 2793/2793/2249
f 2805/2805/1276 2799/2799/2253 2801/2801/1276
f 2806/2806/1276 2799/2799/2253 2805/2805/1276
f 2807/2807/2256 2808/2808/2257 2809/2809/2258
f 2810/2810/2259 2807/2807/2256 2809/2809/2258
f 2807/2807/2256 2810/2810/2259 2811/2811/2260
f 2809/2809/2258 2808/2808/2257 2812/2812/2261
f 2812/2812/2261 2808/2808/2257 2813/2813/2262
f 2808/2808/2257 2814/2814/2263 2813/2813/2262
f 2808/2808/2257 2815/2815/2264 2814/2814/2263
f 2811/2811/2260 2810/2810/2259 2816/2816/2265
f 2811/2811/2260 2816/2816/2265 2817/2817/2266
f 2811/2811/2260 2817/2817/2266 2818/2818/2267
f 2818/2818/2267 2817/2817/2266 2819/2819/2268
f 2820/2820/2269 2811/2811/2260 2818/2818/2267
f 2821/2821/2270 2820/2820/2269 2818/2818/2267
f 2822/2822/2271 2820/2820/2269 2821/2821/2270
f 2823/2823/2272 2820/2820/2269 2822/2822/2271
f 2808/2808/2257 2824/2824/2273 2815/2815/2264
f 2825/2825/2274 2826/2826/2275 2827/2827/2276
f 2825/2825/2274 2827/2827/2276 2828/2828/2277
f 2828/2828/2277 2827/2827/2276 2829/2829/2278
f 2827/2827/2276 2830/2830/2279 2829/2829/2278
f 2827/2827/2276 2831/2831/2280 2830/2830/2279
f 2831/2831/2280 2832/2832/2281 2830/2830/2279
f 2833/2833/2282 2826/2826/2275 2825/2825/2274
f 2834/2834/2283 2826/2826/2275 2833/2833/2282
f 2835/2835/2284 2834/2834/2283 2833/2833/2282
f 2836/2836/2285 2837/2837/2286 2838/2838/2287
f 2839/2839/2288 2837/2837/2286 2836/2836/2285
f 2840/2840/2289 2839/2839/2288 2836/2836/2285
f 2840/2840/2289 2836/2836/2285 2841/2841/2290
f 2841/2841/2290 2842/2842/2291 2840/2840/2289
f 2843/2843/2292 2842/2842/2291 2841/2841/2290
f 2843/2843/2292 2844/2844/2293 2842/2842/2291
f 2844/2844/2293 2845/2845/2294 2842/2842/2291
f 2844/2844/2293 2846/2846/2295 2845/2845/2294
f 2846/2846/2295 2847/2847/2296 2845/2845/2294
f 2848/2848/2297 2847/2847/2296 2846/2846/2295
f 2848/2848/2297 2849/2849/2298 2847/2847/2296
f 2848/2848/2297 2850/2850/1564 2849/2849/2298
f 2851/2851/2299 2852/2852/2300 2853/2853/521
f 2854/2854/2301 2852/2852/2300 2851/2851/2299
f 2855/2855/2302 2854/2854/2301 2851/2851/2299
f 2851/2851/2299 2853/2853/521 2856/2856/521
f 2857/2857/2303 2858/2858/2304 2859/2859/2305
f 2860/2860/2306 2857/2857/2303 2859/2859/2305
f 2857/2857/2303 2861/2861/2307 2858/2858/2304
f 2860/2860/2306 2859/2859/2305 2862/2862/2308
f 2863/2863/2309 2860/2860/2306 2862/2862/2308
f 2863/2863/2309 2862/2862/2308 2864/2864/2310
f 2863/2863/2309 2864/2864/2310 2865/2865/2311
f 2864/2864/2310 944/944/824 2865/2865/2311
f 2865/2865/2311 944/944/824 2866/2866/2312
f 2861/2861/2307 2867/2867/2313 2858/2858/2304
f 2861/2861/2307 2868/2868/2314 2867/2867/2313
f 2868/2868/2314 2869/2869/2315 2867/2867/2313
f 2868/2868/2314 2870/2870/2316 2869/2869/2315
f 2870/2870/2316 2871/2871/2317 2869/2869/2315
f 2870/2870/2316 2872/2872/2318 2871/2871/2317
f 2872/2872/2318 2873/2873/2319 2871/2871/2317
f 2872/2872/2318 2874/2874/2320 2873/2873/2319
f 2874/2874/2320 2875/2875/2321 2873/2873/2319
f 2874/2874/2320 2876/2876/2322 2875/2875/2321
f 2876/2876/2322 2877/2877/2323 2875/2875/2321
f 2876/2876/2322 2878/2878/2324 2877/2877/2323
f 2878/2878/2324 2879/2879/2325 2877/2877/2323
f 2878/2878/2324 2880/2880/2326 2879/2879/2325
f 2880/2880/2326 2881/2881/2327 2879/2879/2325
f 2880/2880/2326 2882/2882/2328 2881/2881/2327
f 2881/2881/2327 2882/2882/2328 2883/2883/2329
f 2884/2884/2330 2885/2885/2331 2262/2262/1825
f 2886/2886/2332 2885/2885/2331 2884/2884/2330
f 2887/2887/2333 2885/2885/2331 2886/2886/2332
f 2887/2887/2333 2888/2888/3 2885/2885/2331
f 2887/2887/2333 2264/2264/2334 2888/2888/3
f 2885/2885/2331 2888/2888/3 2251/2251/1814
f 2885/2885/2331 2251/2251/1814 2889/2889/2335
f 2890/2890/2336 2251/2251/1814 2253/2253/1816
f 2891/2891/2337 2264/2264/1827 2250/2250/1813
f 2892/2892/2338 2893/2893/2339 2894/2894/2340
f 2892/2892/2338 2894/2894/2340 2895/2895/2341
f 2892/2892/2338 2895/2895/2341 2896/2896/2342
f 2897/2897/2343 2893/2893/2339 2892/2892/2338
f 2894/2894/2340 2898/2898/2344 2895/2895/2341
f 2893/2893/2339 2898/2898/2344 2894/2894/2340
f 2899/2899/2345 2897/2897/2343 2892/2892/2338
f 2899/2899/2345 2892/2892/2338 2896/2896/2342
f 2900/2900/2346 2897/2897/2343 2899/2899/2345
f 2901/2901/2347 2900/2900/2346 2899/2899/2345
f 2901/2901/2347 2899/2899/2345 2902/2902/2348
f 2902/2902/2348 2899/2899/2345 2896/2896/2342
f 2900/2900/2346 2903/2903/2349 2897/2897/2343
f 2903/2903/2349 2904/2904/2350 2897/2897/2343
f 2897/2897/2343 2904/2904/2350 2905/2905/2351
f 2897/2897/2343 2905/2905/2351 2893/2893/2339
f 2893/2893/2339 2905/2905/2351 2898/2898/2344
f 2903/2903/2349 2906/2906/2352 2904/2904/2350
f 2906/2906/2352 2907/2907/2353 2904/2904/2350
f 2908/2908/2354 2901/2901/2347 2902/2902/2348
f 2908/2908/2354 2902/2902/2348 2909/2909/2355
f 2910/2910/2356 2908/2908/2354 2909/2909/2355
f 2910/2910/2356 2911/2911/2357 2908/2908/2354
f 2911/2911/2357 2912/2912/2358 2908/2908/2354
f 2908/2908/2354 2912/2912/2358 2901/2901/2347
f 2912/2912/2358 2913/2913/2359 2901/2901/2347
f 2912/2912/2358 2903/2903/2349 2913/2913/2359
f 2913/2913/2359 2900/2900/2346 2901/2901/2347
f 2913/2913/2359 2903/2903/2349 2900/2900/2346
f 2914/2914/2360 2910/2910/2356 2909/2909/2355
f 2915/2915/2361 2914/2914/2360 2909/2909/2355
f 2915/2915/2361 2916/2916/2362 2914/2914/2360
f 2916/2916/2362 2917/2917/2363 2914/2914/2360
f 2914/2914/2360 2917/2917/2363 2910/2910/2356
f 2917/2917/2363 2911/2911/2357 2910/2910/2356
f 2918/2918/2364 2916/2916/2362 2915/2915/2361
f 2916/2916/2362 2919/2919/2365 2917/2917/2363
f 2919/2919/2365 2920/2920/2366 2917/2917/2363
f 2917/2917/2363 2920/2920/2366 2911/2911/2357
f 2919/2919/2365 2921/2921/2367 2920/2920/2366
f 2922/2922/2368 2923/2923/2369 2924/2924/2370
f 2922/2922/2368 2924/2924/2370 2925/2925/2129
f 2922/2922/2368 2926/2926/2371 2923/2923/2369
f 2927/2927/2372 2926/2926/2371 2922/2922/2368
f 2927/2927/2372 2928/2928/2135 2926/2926/2371
f 2927/2927/2372 2929/2929/2135 2928/2928/2135
f 2928/2928/2135 2929/2929/2135 2930/2930/2135
f 2931/2931/2373 2932/2932/2374 2933/2933/2110
f 2933/2933/2110 2932/2932/2374 2934/2934/2375
f 2931/2931/2373 2935/2935/2376 2932/2932/2374
f 2931/2931/2373 2936/2936/2110 2935/2935/2376
f 2932/2932/2374 2935/2935/2376 2937/2937/2377
f 2934/2934/2378 2938/2938/1123 2939/2939/1123
f 2939/2939/1123 2938/2938/1123 2940/2940/2115
f 2940/2940/2115 2941/2941/2379 2942/2942/2380
f 2941/2941/2379 2943/2943/2381 2942/2942/2380
f 2941/2941/2379 2944/2944/2382 2943/2943/2381
f 2944/2944/2383 2937/2937/2377 2945/2945/2384
f 2946/2946/2385 2937/2937/2377 2944/2944/2383
f 2946/2946/2385 2944/2944/2383 2938/2938/1123
f 2945/2945/2384 2937/2937/2377 2947/2947/2386
f 2937/2937/2377 2948/2948/2387 2947/2947/2386
f 2937/2937/2377 2949/2949/699 2948/2948/2387
f 2950/2950/2388 2937/2937/2377 2946/2946/2385
f 2951/2951/2389 2944/2944/2383 2945/2945/2384
f 2948/2948/2387 2949/2949/699 2952/2952/2390
f 2948/2948/2387 2952/2952/2390 2953/2953/2391
f 2953/2953/2391 2954/2954/2392 2948/2948/2387
f 2954/2954/2392 2955/2955/2393 2948/2948/2387
f 2953/2953/2391 2956/2956/2394 2954/2954/2392
f 2952/2952/2390 2957/2957/2395 2953/2953/2391
f 2942/2942/2380 2943/2943/2381 2958/2958/2396
f 2958/2958/2396 2943/2943/2381 2959/2959/2397
f 2960/2960/2398 2945/2945/2384 2947/2947/2386
f 2959/2959/2397 2960/2960/2398 2961/2961/2399
f 2961/2961/2399 2960/2960/2398 2962/2962/2400
f 2960/2960/2398 2947/2947/2386 2962/2962/2400
f 2963/2963/699 2964/2964/693 2949/2949/699
f 2936/2936/2401 2963/2963/699 2949/2949/699
f 2962/2962/2402 2965/2965/2403 2966/2966/2404
f 2967/2967/2405 2966/2966/2404 2965/2965/2403
f 2948/2948/2387 2967/2967/2405 2965/2965/2403
f 2967/2967/2405 2968/2968/2406 2966/2966/2404
f 2967/2967/2405 2969/2969/2407 2968/2968/2406
f 2956/2956/2394 2970/2970/2394 2969/2969/2407
f 2956/2956/2394 2971/2971/2408 2970/2970/2394
f 2964/2964/2409 2972/2972/1079 2973/2973/2410
f 2972/2972/1079 2974/2974/1775 2973/2973/2410
f 2975/2975/2411 2974/2974/1775 2971/2971/2412
f 2973/2973/2410 2974/2974/1775 2975/2975/2411
f 2973/2973/2410 2975/2975/2411 2953/2953/2413
f 2976/2976/170 2977/2977/170 2978/2978/687
f 2979/2979/170 2977/2977/170 2976/2976/170
f 2978/2978/687 2977/2977/170 2980/2980/170
f 2980/2980/170 2977/2977/170 2981/2981/170
f 2980/2980/170 2981/2981/170 2982/2982/170
f 2982/2982/170 2981/2981/170 2983/2983/170
f 2984/2984/170 2979/2979/170 2976/2976/170
f 2985/2985/170 2979/2979/170 2984/2984/170
f 2986/2986/170 2979/2979/170 2985/2985/170
f 2987/2987/530 2986/2986/170 2985/2985/170
f 2988/2988/530 2986/2986/170 2987/2987/530
f 2989/2989/530 2988/2988/530 2987/2987/530
f 2990/2990/698 2988/2988/530 2989/2989/530
f 2983/2983/170 2981/2981/170 2991/2991/530
f 2983/2983/170 2991/2991/530 2992/2992/530
f 2992/2992/530 2991/2991/530 2993/2993/530
f 2992/2992/530 2993/2993/530 2994/2994/683
f 2995/2995/2414 2996/2996/2415 2997/2997/2416
f 2998/2998/2417 2996/2996/2415 2995/2995/2414
f 2996/2996/2415 2999/2999/2418 2997/2997/2416
f 2997/2997/2416 2999/2999/2418 3000/3000/2419
f 2999/2999/2418 3001/3001/2420 3000/3000/2419
f 3000/3000/2419 3001/3001/2420 3002/3002/2421
f 3003/3003/2422 2998/2998/2417 2995/2995/2414
f 3003/3003/2422 2995/2995/2414 3004/3004/2423
f 3005/3005/2424 3003/3003/2422 3004/3004/2423
f 3006/3006/2425 3005/3005/2424 3004/3004/2423
f 3007/3007/2426 3005/3005/2424 3006/3006/2425
f 3008/3008/2427 3007/3007/2426 3006/3006/2425
f 3009/3009/530 3010/3010/533 3011/3011/533
f 3009/3009/530 3012/3012/530 3010/3010/533
f 3011/3011/533 3010/3010/533 3013/3013/533
f 3011/3011/533 3013/3013/533 3014/3014/533
f 3011/3011/533 3014/3014/533 3015/3015/533
f 3014/3014/533 3016/3016/533 3015/3015/533
f 3016/3016/533 3017/3017/682 3015/3015/533
f 3015/3015/533 3017/3017/682 3018/3018/682
f 3017/3017/682 3019/3019/682 3018/3018/682
f 3019/3019/682 3020/3020/682 3018/3018/682
f 3018/3018/682 3020/3020/682 3021/3021/533
f 3020/3020/682 3022/3022/533 3021/3021/533
f 3022/3022/533 3023/3023/533 3021/3021/533
f 3024/3024/530 3012/3012/530 3009/3009/530
f 3024/3024/530 3025/3025/698 3012/3012/530
f 3024/3024/530 3026/3026/533 3025/3025/698
f 3027/3027/533 3026/3026/533 3024/3024/530
f 3028/3028/2428 3029/3029/2429 3030/3030/2430
f 3028/3028/2428 3031/3031/2431 3029/3029/2429
f 3032/3032/2432 3031/3031/2431 3028/3028/2428
f 3033/3033/2433 3032/3032/2432 3028/3028/2428
f 3033/3033/2433 3028/3028/2428 3034/3034/2434
f 3035/3035/2435 3033/3033/2433 3034/3034/2434
f 3029/3029/2429 3036/3036/2436 3030/3030/2430
f 3030/3030/2430 3036/3036/2436 3037/3037/2437
f 3036/3036/2436 3038/3038/2438 3037/3037/2437
f 3039/3039/2439 3040/3040/599 3041/3041/2440
f 3041/3041/2440 3040/3040/599 3042/3042/2441
f 3042/3042/2441 3040/3040/599 3043/3043/5
f 3044/3044/2442 3041/3041/2440 3042/3042/2441
f 3039/3039/2439 3045/3045/2443 3040/3040/599
f 3046/3046/602 3045/3045/2443 3039/3039/2439
f 3047/3047/385 3045/3045/2443 3046/3046/602
f 3048/3048/2444 3047/3047/385 3046/3046/602
f 3049/3049/2445 3047/3047/385 3048/3048/2444
f 3050/3050/2446 3047/3047/385 3049/3049/2445
f 3051/3051/5 3047/3047/385 3050/3050/2446
f 3052/3052/5 3047/3047/385 3051/3051/5
f 3053/3053/2447 3054/3054/2448 3055/3055/2449
f 3056/3056/2450 3054/3054/2448 3053/3053/2447
f 3056/3056/2450 3057/3057/2451 3054/3054/2448
f 3056/3056/2450 3058/3058/2452 3057/3057/2451
f 3059/3059/1772 3060/3060/2453 3061/3061/2454
f 3062/3062/1772 3060/3060/2453 3059/3059/1772
f 3060/3060/2453 3063/3063/2455 3061/3061/2454
f 3064/3064/1373 3062/3062/1772 3059/3059/1772
f 3065/3065/1770 3064/3064/1373 3059/3059/1772
f 3066/3066/1086 3064/3064/1373 3065/3065/1770
f 3066/3066/1086 3065/3065/1770 3067/3067/686
f 3068/3068/531 3066/3066/1086 3067/3067/686
f 3068/3068/531 3067/3067/686 3069/3069/1074
f 3069/3069/1074 3067/3067/686 3070/3070/2456
f 3069/3069/1074 3070/3070/2456 3071/3071/2457
f 3071/3071/2457 3070/3070/2456 3072/3072/2458
f 3072/3072/2458 3070/3070/2456 3073/3073/2459
f 3072/3072/2458 3073/3073/2459 3074/3074/687
f 3063/3063/2455 3075/3075/2453 3061/3061/2454
f 3075/3075/2453 3076/3076/2460 3061/3061/2454
f 3061/3061/2454 3076/3076/2460 3077/3077/1079
f 3077/3077/1079 3076/3076/2460 3078/3078/2461
f 3077/3077/1079 3078/3078/2461 3079/3079/1079
f 3077/3077/1079 3079/3079/1079 3080/3080/2114
f 3077/3077/1079 3080/3080/2114 3081/3081/2108
f 3081/3081/2108 3080/3080/2114 3082/3082/2462
f 3081/3081/2108 3082/3082/2462 3083/3083/2463
f 3081/3081/2108 3083/3083/2463 3084/3084/2464
f 3084/3084/2464 3083/3083/2463 3085/3085/2465
f 3074/3074/687 3073/3073/2459 3086/3086/2466
f 3073/3073/2459 3087/3087/2467 3086/3086/2466
f 3086/3086/2466 3087/3087/2467 3088/3088/2468
f 3088/3088/2468 3087/3087/2467 3089/3089/2469
f 3089/3089/2469 3087/3087/2467 3090/3090/2117
f 3087/3087/2467 3091/3091/2470 3090/3090/2117
f 3090/3090/2117 3091/3091/2470 3092/3092/2471
f 3092/3092/2471 3091/3091/2470 3093/3093/2472
f 3091/3091/2470 3094/3094/529 3093/3093/2472
f 3094/3094/529 3084/3084/2464 3085/3085/2465
f 3094/3094/529 3085/3085/2465 3095/3095/2473
f 3093/3093/2472 3094/3094/529 3095/3095/2473
f 3096/3096/2474 3097/3097/2475 3098/3098/2476
f 3098/3098/2476 3097/3097/2475 3099/3099/2477
f 3100/3100/2478 3101/3101/2479 3102/3102/2480
f 3103/3103/2481 3101/3101/2479 3100/3100/2478
f 3104/3104/2482 3105/3105/2483 3106/3106/2484
f 3106/3106/2484 3105/3105/2483 3107/3107/2485
f 3106/3106/2484 3107/3107/2485 3108/3108/2486
f 3107/3107/2485 3109/3109/2487 3108/3108/2486
f 3107/3107/2485 3110/3110/2488 3109/3109/2487
f 3105/3105/2483 3111/3111/2489 3107/3107/2485
f 3107/3107/2485 3111/3111/2489 3110/3110/2488
f 3112/3112/2490 3106/3106/2484 3108/3108/2486
f 3104/3104/2482 3106/3106/2484 3112/3112/2490
f 3104/3104/2482 3112/3112/2490 3113/3113/2491
f 3113/3113/2491 3112/3112/2490 3108/3108/2486
f 3114/3114/2492 3104/3104/2482 3113/3113/2491
f 3115/3115/2493 3114/3114/2492 3113/3113/2491
f 3116/3116/2494 3104/3104/2482 3114/3114/2492
f 3117/3117/2495 3104/3104/2482 3116/3116/2494
f 3118/3118/2496 3104/3104/2482 3117/3117/2495
f 3119/3119/2497 3120/3120/2498 3121/3121/2499
f 3119/3119/2497 3122/3122/2500 3120/3120/2498
f 3121/3121/2499 3120/3120/2498 3123/3123/2501
f 3122/3122/2500 3124/3124/2502 3120/3120/2498
f 3120/3120/2498 3124/3124/2502 3125/3125/2503
f 3119/3119/2497 3126/3126/2504 3122/3122/2500
f 3125/3125/2503 3124/3124/2502 3127/3127/2505
f 3127/3127/2505 3124/3124/2502 3128/3128/2506
f 3128/3128/2506 3124/3124/2502 3129/3129/2507
f 3129/3129/2507 3124/3124/2502 3130/3130/2508
f 3131/3131/2509 3126/3126/2504 3119/3119/2497
f 3132/3132/2510 3126/3126/2504 3131/3131/2509
f 3133/3133/2511 3126/3126/2504 3132/3132/2510
f 3134/3134/2512 3126/3126/2504 3133/3133/2511
f 3135/3135/2513 3126/3126/2504 3134/3134/2512
f 3136/3136/2514 3137/3137/2515 3138/3138/2516
f 3139/3139/2517 3136/3136/2514 3138/3138/2516
f 3136/3136/2514 3140/3140/2518 3137/3137/2515
f 3140/3140/2518 3141/3141/2519 3137/3137/2515
f 3140/3140/2518 3142/3142/2520 3141/3141/2519
f 3142/3142/2520 3143/3143/2521 3141/3141/2519
f 3142/3142/2520 3144/3144/2522 3143/3143/2521
f 3145/3145/2523 3144/3144/2522 3142/3142/2520
f 3145/3145/2523 3146/3146/2524 3144/3144/2522
f 3145/3145/2523 3147/3147/2525 3146/3146/2524
f 3147/3147/2525 3148/3148/2526 3146/3146/2524
f 3147/3147/2525 3149/3149/2527 3148/3148/2526
f 3150/3150/2528 3151/3151/2529 3152/3152/2530
f 3153/3153/2531 3150/3150/2528 3152/3152/2530
f 3150/3150/2528 3154/3154/2532 3151/3151/2529
f 3155/3155/2533 3153/3153/2531 3152/3152/2530
f 3155/3155/2533 3152/3152/2530 3156/3156/2534
f 3157/3157/2535 3155/3155/2533 3156/3156/2534
f 3158/3158/2536 3157/3157/2535 3156/3156/2534
f 3158/3158/2536 3156/3156/2534 3159/3159/2537
f 3160/3160/2538 3158/3158/2536 3159/3159/2537
f 3160/3160/2538 3159/3159/2537 3161/3161/2539
f 3162/3162/2540 3160/3160/2538 3161/3161/2539
f 3163/3163/2541 3162/3162/2540 3161/3161/2539
f 3164/3164/2542 3163/3163/2541 3161/3161/2539
f 3165/3165/2543 3163/3163/2541 3164/3164/2542
f 3166/3166/2544 3165/3165/2543 3164/3164/2542
f 3167/3167/2545 3166/3166/2544 3164/3164/2542
f 3168/3168/2546 3166/3166/2544 3167/3167/2545
f 3169/3169/2547 3168/3168/2546 3167/3167/2545
f 3170/3170/2548 3169/3169/2547 3167/3167/2545
f 3171/3171/2549 3169/3169/2547 3170/3170/2548
f 3172/3172/2550 3171/3171/2549 3170/3170/2548
f 3173/3173/2551 3171/3171/2549 3172/3172/2550
f 3174/3174/2552 3173/3173/2551 3172/3172/2550
f 3175/3175/2553 3174/3174/2552 3172/3172/2550
f 3175/3175/2553 3176/3176/2554 3174/3174/2552
f 3175/3175/2553 3177/3177/2555 3176/3176/2554
f 3175/3175/2553 3178/3178/2556 3177/3177/2555
f 3178/3178/2556 3179/3179/2557 3177/3177/2555
f 3178/3178/2556 3180/3180/2558 3179/3179/2557
f 3178/3178/2556 3181/3181/2559 3180/3180/2558
f 3181/3181/2559 3182/3182/2560 3180/3180/2558
f 3182/3182/2560 3181/3181/2559 3183/3183/2561
f 3181/3181/2559 3184/3184/2562 3183/3183/2561
f 3183/3183/2561 3184/3184/2562 3185/3185/2563
f 3185/3185/2563 3184/3184/2562 3186/3186/2564
f 3184/3184/2562 3187/3187/2565 3186/3186/2564
f 3186/3186/2564 3187/3187/2565 3188/3188/2566
f 3188/3188/2566 3187/3187/2565 3189/3189/2567
f 3187/3187/2565 3190/3190/2568 3189/3189/2567
f 3189/3189/2567 3190/3190/2568 3191/3191/2569
f 3191/3191/2569 3190/3190/2568 3192/3192/2570
f 3190/3190/2568 3193/3193/2571 3192/3192/2570
f 3192/3192/2570 3193/3193/2571 3194/3194/2572
f 3194/3194/2572 3193/3193/2571 3195/3195/2573
f 3193/3193/2571 3196/3196/2574 3195/3195/2573
f 3195/3195/2573 3196/3196/2574 3197/3197/2575
f 3197/3197/2575 3196/3196/2574 3198/3198/2576
f 3196/3196/2574 3199/3199/2577 3198/3198/2576
f 3198/3198/2576 3199/3199/2577 3200/3200/2578
f 3200/3200/2578 3199/3199/2577 3201/3201/2579
f 3199/3199/2577 3202/3202/2580 3201/3201/2579
f 3201/3201/2579 3202/3202/2580 3203/3203/2581
f 3203/3203/2581 3202/3202/2580 3204/3204/2582
f 3202/3202/2580 3205/3205/2583 3204/3204/2582
f 3204/3204/2582 3205/3205/2583 3206/3206/2584
f 3205/3205/2583 3207/3207/2585 3206/3206/2584
f 3206/3206/2584 3207/3207/2585 3208/3208/2586
f 3208/3208/2586 3207/3207/2585 3209/3209/2587
f 3209/3209/2587 3207/3207/2585 3210/3210/2588
f 3209/3209/2587 3210/3210/2588 3211/3211/2589
f 3212/3212/2590 3211/3211/2589 3210/3210/2588
f 3212/3212/2590 3210/3210/2588 3213/3213/2591
f 3214/3214/2592 3212/3212/2590 3213/3213/2591
f 3215/3215/2593 3214/3214/2592 3213/3213/2591
f 3215/3215/2593 3213/3213/2591 3216/3216/2594
f 3217/3217/2595 3215/3215/2593 3216/3216/2594
f 3154/3154/2532 3217/3217/2595 3216/3216/2594
f 3154/3154/2532 3216/3216/2594 3151/3151/2529
f 3218/3218/530 3219/3219/530 3220/3220/530
f 3221/3221/530 3218/3218/530 3220/3220/530
f 3220/3220/530 3219/3219/530 3222/3222/530
f 3219/3219/530 3223/3223/170 3222/3222/530
f 3224/3224/530 3218/3218/530 3221/3221/530
f 3225/3225/530 3224/3224/530 3221/3221/530
f 3226/3226/530 3224/3224/530 3225/3225/530
f 3227/3227/530 3226/3226/530 3225/3225/530
f 3228/3228/530 3226/3226/530 3227/3227/530
f 3229/3229/170 3226/3226/530 3228/3228/530
f 3230/3230/170 3229/3229/170 3228/3228/530
f 3222/3222/530 3223/3223/170 3231/3231/530
f 3231/3231/530 3223/3223/170 3232/3232/170
f 3223/3223/170 3233/3233/170 3232/3232/170
f 3234/3234/2596 3235/3235/2597 3236/3236/2598
f 3236/3236/2598 3235/3235/2597 3237/3237/2599
f 3237/3237/2599 3235/3235/2597 3238/3238/2600
f 3237/3237/2599 3238/3238/2600 3239/3239/2601
f 3239/3239/2601 3238/3238/2600 3240/3240/2602
f 3234/3234/2596 3241/3241/2603 3235/3235/2597
f 3240/3240/2602 3238/3238/2600 3242/3242/2604
f 3240/3240/2602 3242/3242/2604 3243/3243/2605
f 3243/3243/2605 3242/3242/2604 3244/3244/2606
f 3243/3243/2605 3244/3244/2606 3245/3245/2607
f 3245/3245/2607 3244/3244/2606 3246/3246/2608
f 3246/3246/2608 3244/3244/2606 3247/3247/2609
f 3246/3246/2608 3247/3247/2609 3248/3248/2610
f 3248/3248/2610 3247/3247/2609 3249/3249/2611
f 3250/3250/2612 3248/3248/2610 3249/3249/2611
f 3251/3251/2613 3250/3250/2612 3249/3249/2611
f 3251/3251/2613 3249/3249/2611 3252/3252/2614
f 3253/3253/2615 3251/3251/2613 3252/3252/2614
f 3253/3253/2615 3252/3252/2614 3254/3254/2616
f 3255/3255/2617 3256/3256/2618 3257/3257/2619
f 3257/3257/2619 3256/3256/2618 3258/3258/2620
f 3257/3257/2619 3258/3258/2620 3259/3259/2621
f 3260/3260/2622 3257/3257/2619 3259/3259/2621
f 3261/3261/521 3262/3262/521 3263/3263/521
f 3264/3264/521 3262/3262/521 3261/3261/521
f 3265/3265/2623 3266/3266/2624 3267/3267/2625
f 3268/3268/2626 3265/3265/2623 3267/3267/2625
f 3269/3269/1282 3270/3270/2627 3271/3271/2628
f 3271/3271/2628 3270/3270/2627 3272/3272/2629
f 3273/3273/2630 3274/3274/2631 3275/3275/2632
f 3276/3276/2633 3273/3273/2630 3275/3275/2632
f 3277/3277/2634 3273/3273/2630 3276/3276/2633
f 3278/3278/2635 3273/3273/2630 3277/3277/2634
f 3279/3279/2636 3278/3278/2635 3277/3277/2634
f 3280/3280/2637 3278/3278/2635 3279/3279/2636
f 3280/3280/2637 3281/3281/2638 3278/3278/2635
f 3275/3275/2632 3274/3274/2631 3282/3282/2639
f 3282/3282/2639 3274/3274/2631 3283/3283/2640
f 3284/3284/2641 3285/3285/2642 3286/3286/2643
f 3287/3287/2644 3284/3284/2641 3286/3286/2643
f 3284/3284/2641 3288/3288/2645 3285/3285/2642
f 3289/3289/2646 3287/3287/2644 3286/3286/2643
f 3289/3289/2646 3286/3286/2643 3290/3290/2647
f 3291/3291/2648 3289/3289/2646 3290/3290/2647
f 3291/3291/2648 3290/3290/2647 3292/3292/2649
f 3292/3292/2649 3290/3290/2647 3293/3293/2650
f 3288/3288/2645 3294/3294/2651 3285/3285/2642
f 3295/3295/2652 3294/3294/2651 3288/3288/2645
f 3295/3295/2652 3296/3296/2653 3294/3294/2651
f 3295/3295/2652 3297/3297/2654 3296/3296/2653
f 3297/3297/2654 3298/3298/2655 3296/3296/2653
f 3298/3298/2655 3299/3299/2656 3296/3296/2653
f 3296/3296/2653 3299/3299/2656 3300/3300/2657
f 3299/3299/2656 3301/3301/2658 3300/3300/2657
f 3301/3301/2658 3302/3302/2659 3300/3300/2657
f 3301/3301/2658 3303/3303/2660 3302/3302/2659
f 3303/3303/2660 3304/3304/2661 3302/3302/2659
f 3302/3302/2659 3304/3304/2661 3305/3305/2662
f 3306/3306/2663 3307/3307/2664 3308/3308/2139
f 3306/3306/2663 3308/3308/2139 3309/3309/2139
f 3309/3309/2139 3308/3308/2139 3310/3310/2665
f 3311/3311/2665 3309/3309/2139 3310/3310/2665
f 3312/3312/2664 3307/3307/2664 3306/3306/2663
f 3313/3313/2666 3314/3314/2667 3315/3315/2668
f 3314/3314/2667 3316/3316/2669 3315/3315/2668
f 3314/3314/2667 3317/3317/2670 3316/3316/2669
f 3315/3315/2668 3318/3318/2671 3313/3313/2666
f 3317/3317/2670 3319/3319/2672 3316/3316/2669
f 3319/3319/2672 3320/3320/2673 3316/3316/2669
f 3319/3319/2672 3321/3321/2674 3320/3320/2673
f 3321/3321/2674 3322/3322/2675 3320/3320/2673
f 3321/3321/2674 3323/3323/2676 3322/3322/2675
f 3318/3318/2671 3324/3324/2677 3313/3313/2666
f 3318/3318/2671 3325/3325/2678 3324/3324/2677
f 3318/3318/2671 3326/3326/2679 3325/3325/2678
f 3325/3325/2678 3326/3326/2679 3327/3327/2680
f 3326/3326/2679 3328/3328/2681 3327/3327/2680
f 3328/3328/2681 3329/3329/2682 3327/3327/2680
f 3323/3323/2676 3330/3330/2683 3322/3322/2675
f 3331/3331/2684 3330/3330/2683 3323/3323/2676
f 3331/3331/2684 3332/3332/2685 3330/3330/2683
f 3332/3332/2685 3331/3331/2684 3333/3333/2686
f 3334/3334/2687 3332/3332/2685 3333/3333/2686
f 3334/3334/2687 3333/3333/2686 3329/3329/2682
f 3328/3328/2681 3334/3334/2687 3329/3329/2682
f 3335/3335/2688 3336/3336/2689 3337/3337/2690
f 3335/3335/2688 3338/3338/2691 3336/3336/2689
f 3337/3337/2690 3336/3336/2689 3339/3339/2692
f 3340/3340/1564 3337/3337/2690 3339/3339/2692
f 3341/3341/2693 3342/3342/2693 3343/3343/2693
f 3344/3344/2694 3345/3345/1552 3346/3346/2695
f 3347/3347/2696 3344/3344/2694 3346/3346/2695
f 3348/3348/2697 3344/3344/2694 3347/3347/2696
f 3349/3349/2698 3344/3344/2694 3348/3348/2697
f 3350/3350/1552 3345/3345/1552 3344/3344/2694
f 3347/3347/2696 3346/3346/2695 3351/3351/2699
f 3352/3352/530 3353/3353/530 3354/3354/530
f 3354/3354/530 3353/3353/530 3355/3355/530
f 3356/3356/2700 3357/3357/2701 3358/3358/2702
f 3359/3359/2703 3357/3357/2701 3356/3356/2700
f 3360/3360/2704 3361/3361/2705 3362/3362/2706
f 3363/3363/2707 3360/3360/2704 3362/3362/2706
f 3362/3362/2706 3361/3361/2705 3364/3364/2708
f 3364/3364/2708 3361/3361/2705 3365/3365/2709
f 3361/3361/2705 3366/3366/2710 3365/3365/2709
f 3367/3367/2711 3360/3360/2704 3363/3363/2707
f 3367/3367/2711 3368/3368/2712 3360/3360/2704
f 3369/3369/2713 3368/3368/2712 3367/3367/2711
f 3370/3370/2714 3369/3369/2713 3367/3367/2711
f 3371/3371/638 3372/3372/638 3373/3373/637
f 3374/3374/638 3372/3372/638 3371/3371/638
f 3373/3373/637 3375/3375/2715 3371/3371/638
f 3376/3376/2716 3377/3377/2717 3378/3378/2718
f 3376/3376/2716 3378/3378/2718 3379/3379/2719
f 3378/3378/2718 3377/3377/2717 3380/3380/2720
f 3381/3381/2721 3376/3376/2716 3379/3379/2719
f 3380/3380/2720 3377/3377/2717 3382/3382/2722
f 3383/3383/2723 3380/3380/2720 3382/3382/2722
f 3384/3384/2724 3383/3383/2723 3382/3382/2722
f 3385/3385/2725 3383/3383/2723 3384/3384/2724
f 3386/3386/2726 3387/3387/2727 3388/3388/2728
f 3388/3388/2728 3387/3387/2727 3389/3389/2729
f 3390/3390/530 3391/3391/530 3392/3392/530
f 3392/3392/530 3391/3391/530 3393/3393/530
f 3392/3392/530 3393/3393/530 3394/3394/681
f 3390/3390/530 3395/3395/530 3391/3391/530
f 3396/3396/530 3395/3395/530 3390/3390/530
f 3396/3396/530 3397/3397/530 3395/3395/530
f 3398/3398/530 3397/3397/530 3396/3396/530
f 3398/3398/530 3399/3399/530 3397/3397/530
f 3400/3400/1086 3399/3399/530 3398/3398/530
f 3400/3400/1086 3401/3401/530 3399/3399/530
f 3400/3400/1086 3402/3402/1086 3401/3401/530
f 3403/3403/681 3402/3402/1086 3400/3400/1086
f 3404/3404/2730 3405/3405/638 3406/3406/638
f 3404/3404/2730 3407/3407/2731 3405/3405/638
f 3404/3404/2730 3408/3408/2732 3407/3407/2731
f 3404/3404/2730 3409/3409/2733 3408/3408/2732
f 3410/3410/521 3411/3411/521 3412/3412/521
f 3413/3413/521 3410/3410/521 3412/3412/521
f 3414/3414/521 3410/3410/521 3413/3413/521
f 3411/3411/521 3415/3415/521 3412/3412/521
f 3412/3412/521 3415/3415/521 3416/3416/521
f 3417/3417/2734 3418/3418/2735 3419/3419/2736
f 3417/3417/2734 3420/3420/2737 3418/3418/2735
f 3420/3420/2737 3421/3421/2738 3418/3418/2735
f 3422/3422/2739 3423/3423/2740 3424/3424/2741
f 3422/3422/2739 3424/3424/2741 3425/3425/2742
f 3423/3423/2740 3426/3426/2743 3424/3424/2741
f 3423/3423/2740 3427/3427/2744 3426/3426/2743
f 3427/3427/2744 3428/3428/2745 3426/3426/2743
f 3427/3427/2744 3429/3429/2746 3428/3428/2745
f 3429/3429/2746 3430/3430/2747 3428/3428/2745
f 3429/3429/2746 3431/3431/2748 3430/3430/2747
f 3430/3430/2747 3431/3431/2748 3432/3432/2749
f 3431/3431/2748 3433/3433/2750 3432/3432/2749
f 3434/3434/2751 3422/3422/2739 3425/3425/2742
f 3435/3435/2752 3434/3434/2751 3425/3425/2742
f 3436/3436/2753 3434/3434/2751 3435/3435/2752
f 3432/3432/2749 3433/3433/2750 3437/3437/2754
f 3433/3433/2750 3438/3438/2755 3437/3437/2754
f 3438/3438/2755 3439/3439/2756 3437/3437/2754
f 3438/3438/2755 3440/3440/2757 3439/3439/2756
f 3439/3439/2756 3440/3440/2757 3441/3441/2758
f 3442/3442/2759 3441/3441/2758 3440/3440/2757
f 3443/3443/2760 3441/3441/2758 3442/3442/2759
f 3444/3444/2761 3443/3443/2760 3442/3442/2759
f 3445/3445/2762 3443/3443/2760 3444/3444/2761
f 3446/3446/2763 3445/3445/2762 3444/3444/2761
f 3447/3447/2764 3445/3445/2762 3446/3446/2763
f 3447/3447/2764 3446/3446/2763 3448/3448/2765
f 3449/3449/2766 3447/3447/2764 3448/3448/2765
f 3449/3449/2766 3448/3448/2765 3450/3450/2767
f 3451/3451/2768 3449/3449/2766 3450/3450/2767
f 3451/3451/2768 3450/3450/2767 3452/3452/2769
f 3453/3453/2770 3451/3451/2768 3452/3452/2769
f 3453/3453/2770 3452/3452/2769 3454/3454/2771
f 3455/3455/2772 3453/3453/2770 3454/3454/2771
f 3436/3436/2753 3455/3455/2772 3454/3454/2771
f 3435/3435/2752 3455/3455/2772 3436/3436/2753
f 3456/3456/2773 3457/3457/2774 3458/3458/2775
f 3457/3457/2774 3459/3459/2776 3458/3458/2775
f 3459/3459/2776 3460/3460/2777 3458/3458/2775
f 3459/3459/2776 3461/3461/2778 3460/3460/2777
f 3462/3462/2779 3461/3461/2778 3459/3459/2776
f 3462/3462/2779 3463/3463/2780 3461/3461/2778
f 3464/3464/2781 3463/3463/2780 3462/3462/2779
f 3465/3465/2782 3457/3457/2774 3456/3456/2773
f 3466/3466/582 3465/3465/2782 3456/3456/2773
f 3467/3467/2783 3466/3466/582 3456/3456/2773
f 3468/3468/2784 3466/3466/582 3467/3467/2783
f 3468/3468/2784 3469/3469/2785 3466/3466/582
f 3470/3470/591 3469/3469/2785 3468/3468/2784
f 3470/3470/591 3471/3471/2096 3469/3469/2785
f 3470/3470/591 3472/3472/581 3471/3471/2096
f 3471/3471/2096 3472/3472/581 3473/3473/2786
f 3473/3473/2786 3474/3474/2787 3464/3464/2781
f 3472/3472/581 3474/3474/2787 3473/3473/2786
f 3474/3474/2787 3475/3475/2788 3464/3464/2781
f 3464/3464/2781 3475/3475/2788 3463/3463/2780
f 3476/3476/2789 3477/3477/2790 3478/3478/2791
f 3479/3479/2792 3476/3476/2789 3478/3478/2791
f 3480/3480/2793 3481/3481/2793 3482/3482/2793
f 3483/3483/2794 3484/3484/2795 3485/3485/2795
f 3485/3485/2795 3484/3484/2795 3486/3486/5
f 3486/3486/5 3484/3484/2795 3487/3487/5
f 3484/3484/2795 3488/3488/582 3487/3487/5
f 3487/3487/5 3488/3488/582 3489/3489/2796
f 3489/3489/2796 3488/3488/582 3490/3490/5
f 3490/3490/5 3488/3488/582 3491/3491/589
f 3491/3491/589 3488/3488/582 3492/3492/5
f 3491/3491/589 3492/3492/5 3493/3493/911
f 3491/3491/589 3493/3493/911 3494/3494/5
f 3491/3491/589 3494/3494/5 3495/3495/5
f 3491/3491/589 3495/3495/5 3496/3496/385
f 3491/3491/589 3496/3496/385 3497/3497/2797
f 3498/3498/2798 3491/3491/589 3497/3497/2797
f 3499/3499/2799 3491/3491/589 3498/3498/2798
f 3500/3500/2800 3501/3501/2801 3502/3502/2802
f 3500/3500/2800 3503/3503/2803 3501/3501/2801
f 3501/3501/2801 3504/3504/2804 3502/3502/2802
f 3505/3505/2805 3500/3500/2800 3502/3502/2802
f 3505/3505/2805 3502/3502/2802 3506/3506/2806
f 3505/3505/2805 3506/3506/2806 3507/3507/2807
f 3508/3508/2808 3505/3505/2805 3507/3507/2807
f 3509/3509/2809 3505/3505/2805 3508/3508/2808
f 3510/3510/2810 3505/3505/2805 3509/3509/2809
f 3510/3510/2810 3509/3509/2809 3511/3511/2811
f 3512/3512/2812 3510/3510/2810 3511/3511/2811
f 3512/3512/2812 3511/3511/2811 3513/3513/2813
f 3514/3514/2814 3512/3512/2812 3513/3513/2813
f 3515/3515/2815 3512/3512/2812 3514/3514/2814
f 3516/3516/2816 3512/3512/2812 3515/3515/2815
f 3517/3517/2817 3518/3518/2818 3519/3519/2819
f 3518/3518/2818 3520/3520/2820 3519/3519/2819
f 3521/3521/2821 3518/3518/2818 3517/3517/2817
f 3519/3519/2819 3520/3520/2820 3522/3522/2822
f 3520/3520/2820 3523/3523/2823 3522/3522/2822
f 3522/3522/2822 3523/3523/2823 3524/3524/2824
f 3519/3519/2819 3522/3522/2822 3525/3525/2825
f 3525/3525/2825 3522/3522/2822 3526/3526/2826
f 3522/3522/2822 3524/3524/2824 3526/3526/2826
f 3525/3525/2825 3526/3526/2826 3527/3527/2827
f 3528/3528/2828 3519/3519/2819 3525/3525/2825
f 3529/3529/2829 3525/3525/2825 3527/3527/2827
f 3528/3528/2828 3525/3525/2825 3529/3529/2829
f 3528/3528/2828 3529/3529/2829 3530/3530/2830
f 3530/3530/2830 3529/3529/2829 3531/3531/2831
f 3529/3529/2829 3527/3527/2827 3531/3531/2831
f 3532/3532/2832 3533/3533/2833 3534/3534/2834
f 3535/3535/2702 3532/3532/2832 3534/3534/2834
f 3536/3536/2835 3537/3537/2836 3538/3538/2837
f 3537/3537/2836 3539/3539/2183 3538/3538/2837
f 3537/3537/2836 3540/3540/2838 3539/3539/2183
f 3539/3539/2183 3540/3540/2838 3541/3541/2839
f 3536/3536/2835 3538/3538/2837 3542/3542/2835
f 3543/3543/2840 3544/3544/2841 3545/3545/2842
f 3544/3544/2841 3546/3546/2715 3545/3545/2842
f 3547/3547/2843 3548/3548/2844 3549/3549/2845
f 3547/3547/2843 3549/3549/2845 3550/3550/2846
f 3547/3547/2843 3550/3550/2846 3551/3551/2847
f 3552/3552/2848 3547/3547/2843 3551/3551/2847
f 3548/3548/2844 3553/3553/2849 3549/3549/2845
f 3552/3552/2848 3551/3551/2847 3554/3554/2850
f 3555/3555/2851 3552/3552/2848 3554/3554/2850
f 3555/3555/2851 3554/3554/2850 3556/3556/2852
f 3548/3548/2844 3557/3557/2853 3553/3553/2849
f 3557/3557/2853 3558/3558/2854 3553/3553/2849
f 3559/3559/2855 3558/3558/2854 3557/3557/2853
f 3559/3559/2855 3560/3560/2856 3558/3558/2854
f 3561/3561/2108 3562/3562/2108 3563/3563/1125
f 3561/3561/2108 3564/3564/683 3562/3562/2108
f 3561/3561/2108 3565/3565/530 3564/3564/683
f 3566/3566/2857 3561/3561/2108 3563/3563/1125
f 3567/3567/2857 3561/3561/2108 3566/3566/2857
f 3568/3568/2858 3567/3567/2857 3566/3566/2857
f 3569/3569/530 3567/3567/2857 3568/3568/2858
f 3570/3570/698 3567/3567/2857 3569/3569/530
f 3571/3571/1125 3570/3570/698 3569/3569/530
f 3572/3572/686 3570/3570/698 3571/3571/1125
f 3573/3573/686 3572/3572/686 3571/3571/1125
f 3574/3574/686 3572/3572/686 3573/3573/686
f 3575/3575/685 3572/3572/686 3574/3574/686
f 3576/3576/685 3575/3575/685 3574/3574/686
f 3577/3577/684 3575/3575/685 3576/3576/685
f 3578/3578/684 3575/3575/685 3577/3577/684
f 3579/3579/684 3578/3578/684 3577/3577/684
f 3565/3565/530 3580/3580/531 3564/3564/683
f 3581/3581/530 3578/3578/684 3579/3579/684
f 3582/3582/530 3578/3578/684 3581/3581/530
f 3583/3583/682 3582/3582/530 3581/3581/530
f 3584/3584/133 3582/3582/530 3583/3583/682
f 3585/3585/2859 3584/3584/133 3583/3583/682
f 3586/3586/533 3584/3584/133 3585/3585/2859
f 3586/3586/533 3587/3587/530 3584/3584/133
f 3588/3588/530 3587/3587/530 3586/3586/533
f 3589/3589/533 3587/3587/530 3588/3588/530
f 3589/3589/533 3590/3590/2860 3587/3587/530
f 3589/3589/533 3591/3591/2861 3590/3590/2860
f 3591/3591/2861 3592/3592/2859 3590/3590/2860
f 3592/3592/2859 3593/3593/201 3590/3590/2860
f 3592/3592/2859 3594/3594/2862 3593/3593/201
f 3594/3594/2862 3595/3595/529 3593/3593/201
f 3595/3595/529 3596/3596/529 3593/3593/201
f 3595/3595/529 3597/3597/529 3596/3596/529
f 3597/3597/529 3598/3598/529 3596/3596/529
f 3598/3598/529 3599/3599/529 3596/3596/529
f 3596/3596/529 3599/3599/529 3600/3600/529
f 3599/3599/529 3601/3601/694 3600/3600/529
f 3601/3601/694 3602/3602/2863 3600/3600/529
f 3600/3600/529 3602/3602/2863 3603/3603/2864
f 3602/3602/2863 3604/3604/2865 3603/3603/2864
f 3604/3604/2865 3605/3605/133 3603/3603/2864
f 3603/3603/2864 3605/3605/133 3606/3606/1086
f 3605/3605/133 3607/3607/690 3606/3606/1086
f 3607/3607/690 3608/3608/2866 3606/3606/1086
f 3606/3606/1086 3608/3608/2866 3609/3609/2116
f 3608/3608/2866 3610/3610/2867 3609/3609/2116
f 3610/3610/2867 3611/3611/2859 3609/3609/2116
f 3609/3609/2116 3611/3611/2859 3612/3612/681
f 3611/3611/2859 3613/3613/1084 3612/3612/681
f 3613/3613/1084 3614/3614/2122 3612/3612/681
f 3612/3612/681 3614/3614/2122 3615/3615/2868
f 3614/3614/2122 3616/3616/698 3615/3615/2868
f 3616/3616/698 3617/3617/681 3615/3615/2868
f 3615/3615/2868 3617/3617/681 3618/3618/928
f 3617/3617/681 3619/3619/2869 3618/3618/928
f 3618/3618/928 3619/3619/2869 3620/3620/2870
f 3620/3620/2870 3619/3619/2869 3621/3621/2871
f 3620/3620/2870 3621/3621/2871 3622/3622/2872
f 3622/3622/2872 3621/3621/2871 3623/3623/2873
f 3622/3622/2872 3623/3623/2873 3624/3624/694
f 3625/3625/2473 3622/3622/2872 3624/3624/694
f 3625/3625/2473 3624/3624/694 3626/3626/2114
f 3625/3625/2473 3626/3626/2114 3627/3627/2114
f 3628/3628/2114 3625/3625/2473 3627/3627/2114
f 3628/3628/2114 3627/3627/2114 3629/3629/2874
f 3628/3628/2114 3629/3629/2874 3580/3580/531
f 3565/3565/530 3628/3628/2114 3580/3580/531
f 3630/3630/1552 3631/3631/2832 3632/3632/2832
f 3630/3630/1552 3632/3632/2832 3633/3633/1552
f 3634/3634/521 3635/3635/521 3636/3636/518
f 3635/3635/521 3634/3634/521 3637/3637/521
f 3638/3638/2875 3634/3634/521 3636/3636/518
f 3639/3639/638 3640/3640/638 3641/3641/638
f 3642/3642/2876 3643/3643/2877 3644/3644/2878
f 3645/3645/2879 3643/3643/2877 3642/3642/2876
f 3646/3646/2880 3643/3643/2877 3645/3645/2879
f 3646/3646/2880 3647/3647/2881 3643/3643/2877
f 3648/3648/2882 3642/3642/2876 3644/3644/2878
f 3649/3649/2883 3642/3642/2876 3648/3648/2882
f 3650/3650/2884 3649/3649/2883 3648/3648/2882
f 3650/3650/2884 3648/3648/2882 3651/3651/2885
f 3651/3651/2885 3648/3648/2882 3652/3652/2886
f 3652/3652/2886 3648/3648/2882 3653/3653/2887
f 3647/3647/2881 3654/3654/2888 3643/3643/2877
f 3643/3643/2877 3654/3654/2888 3655/3655/2889
f 3654/3654/2888 3656/3656/2890 3655/3655/2889
f 3655/3655/2889 3656/3656/2890 3657/3657/2891
f 3655/3655/2889 3657/3657/2891 3658/3658/2892
f 3659/3659/2893 3660/3660/2894 3661/3661/2895
f 3661/3661/2895 3660/3660/2894 3662/3662/391
f 3660/3660/2894 3663/3663/2896 3662/3662/391
f 3659/3659/2893 3661/3661/2895 3664/3664/2897
f 3664/3664/2897 3661/3661/2895 3665/3665/381
f 3664/3664/2897 3665/3665/381 3666/3666/2898
f 3666/3666/2898 3665/3665/381 3667/3667/2899
f 3666/3666/2898 3667/3667/2899 3668/3668/2900
f 3667/3667/2899 3669/3669/2901 3668/3668/2900
f 3668/3668/2900 3669/3669/2901 3670/3670/2902
f 3669/3669/2901 3671/3671/2903 3670/3670/2902
f 3671/3671/2903 3672/3672/2777 3670/3670/2902
f 3673/3673/2904 3672/3672/2777 3671/3671/2903
f 3673/3673/2904 3674/3674/2905 3672/3672/2777
f 3675/3675/2906 3674/3674/2905 3673/3673/2904
f 3675/3675/2906 3676/3676/2907 3674/3674/2905
f 3677/3677/2908 3676/3676/2907 3675/3675/2906
f 3663/3663/2896 3676/3676/2907 3677/3677/2908
f 3662/3662/391 3663/3663/2896 3677/3677/2908
f 3678/3678/2909 3679/3679/2910 3680/3680/2911
f 3678/3678/2909 3681/3681/2912 3679/3679/2910
f 3682/3682/2913 3683/3683/2914 3684/3684/2915
f 3683/3683/2914 3685/3685/2916 3684/3684/2915
f 3683/3683/2914 3686/3686/2917 3685/3685/2916
f 3686/3686/2917 3687/3687/2918 3685/3685/2916
f 3686/3686/2917 3688/3688/2919 3687/3687/2918
f 3686/3686/2917 3689/3689/2920 3688/3688/2919
f 3690/3690/2921 3682/3682/2913 3684/3684/2915
f 3691/3691/2922 3682/3682/2913 3690/3690/2921
f 3690/3690/2921 3692/3692/2923 3691/3691/2922
f 3691/3691/2922 3692/3692/2923 3693/3693/2924
f 3692/3692/2923 3694/3694/2925 3693/3693/2924
f 3693/3693/2924 3694/3694/2925 3695/3695/2926
f 3694/3694/2925 3696/3696/2927 3695/3695/2926
f 3696/3696/2927 3697/3697/2928 3695/3695/2926
f 3696/3696/2927 3698/3698/2929 3697/3697/2928
f 3698/3698/2929 3699/3699/2930 3697/3697/2928
f 3698/3698/2929 3700/3700/2931 3699/3699/2930
f 3700/3700/2931 3701/3701/2932 3699/3699/2930
f 3700/3700/2931 3702/3702/2933 3701/3701/2932
f 3700/3700/2931 3703/3703/2934 3702/3702/2933
f 3703/3703/2934 3704/3704/2935 3702/3702/2933
f 3703/3703/2934 3705/3705/2936 3704/3704/2935
f 3704/3704/2935 3705/3705/2936 3706/3706/2937
f 3705/3705/2936 3707/3707/2938 3706/3706/2937
f 3706/3706/2937 3707/3707/2938 3708/3708/2939
f 3708/3708/2939 3707/3707/2938 3709/3709/2940
f 3710/3710/2941 3708/3708/2939 3709/3709/2940
f 3710/3710/2941 3709/3709/2940 3711/3711/2942
f 3711/3711/2942 3709/3709/2940 3712/3712/2943
f 3713/3713/2944 3711/3711/2942 3712/3712/2943
f 3713/3713/2944 3712/3712/2943 3714/3714/2945
f 3689/3689/2920 3713/3713/2944 3714/3714/2945
f 3689/3689/2920 3714/3714/2945 3688/3688/2919
f 3715/3715/910 3716/3716/5 3717/3717/910
f 3715/3715/910 3717/3717/910 3718/3718/2946
f 3715/3715/910 3719/3719/5 3716/3716/5
f 3720/3720/5 3719/3719/5 3715/3715/910
f 3721/3721/5 3719/3719/5 3720/3720/5
f 3721/3721/5 3722/3722/5 3719/3719/5
f 3723/3723/5 3722/3722/5 3721/3721/5
f 3724/3724/5 3722/3722/5 3723/3723/5
f 3725/3725/385 3722/3722/5 3724/3724/5
f 3726/3726/615 3722/3722/5 3725/3725/385
f 3726/3726/615 3727/3727/599 3722/3722/5
f 3727/3727/599 3728/3728/5 3722/3722/5
f 3722/3722/5 3728/3728/5 3729/3729/5
f 3729/3729/5 3728/3728/5 3730/3730/5
f 3731/3731/2947 3732/3732/2948 3733/3733/2949
f 3731/3731/2947 3734/3734/2950 3732/3732/2948
f 3734/3734/2950 3735/3735/2951 3732/3732/2948
f 3732/3732/2948 3735/3735/2951 3736/3736/2952
f 3737/3737/707 3738/3738/521 3739/3739/521
f 3740/3740/707 3738/3738/521 3737/3737/707
f 3741/3741/2953 3742/3742/2954 3743/3743/2955
f 3742/3742/2954 3744/3744/2956 3743/3743/2955
f 3745/3745/2957 3742/3742/2954 3741/3741/2953
f 3745/3745/2957 3741/3741/2953 3746/3746/2958
f 3746/3746/2958 3741/3741/2953 3747/3747/2959
f 3748/3748/2960 3746/3746/2958 3747/3747/2959
f 3748/3748/2960 3747/3747/2959 3749/3749/616
f 3743/3743/2955 3744/3744/2956 3750/3750/385
f 3750/3750/385 3744/3744/2956 3751/3751/598
f 3752/3752/910 3748/3748/2960 3749/3749/616
f 3753/3753/616 3752/3752/910 3749/3749/616
f 3753/3753/616 3749/3749/616 3754/3754/582
f 3753/3753/616 3754/3754/582 3755/3755/1055
f 3753/3753/616 3755/3755/1055 3756/3756/615
f 3756/3756/615 3755/3755/1055 3757/3757/1055
f 3758/3758/2961 3759/3759/7 3760/3760/1788
f 3758/3758/2961 3760/3760/1788 3761/3761/382
f 3762/3762/2962 3759/3759/7 3758/3758/2961
f 3763/3763/2963 3759/3759/7 3762/3762/2962
f 3763/3763/2963 3764/3764/394 3759/3759/7
f 3759/3759/7 3764/3764/394 3765/3765/910
f 3764/3764/394 3766/3766/599 3765/3765/910
f 3766/3766/599 3767/3767/5 3765/3765/910
f 3761/3761/382 3760/3760/1788 3768/3768/1844
f 3768/3768/1844 3760/3760/1788 3769/3769/2964
f 3768/3768/1844 3769/3769/2964 3770/3770/2964
f 3770/3770/2964 3769/3769/2964 3771/3771/400
f 3771/3771/400 3769/3769/2964 3772/3772/2965
f 3769/3769/2964 3773/3773/2966 3772/3772/2965
f 3765/3765/910 3767/3767/5 3774/3774/612
f 3767/3767/5 3775/3775/7 3774/3774/612
f 3774/3774/612 3775/3775/7 3776/3776/910
f 3775/3775/7 3777/3777/2967 3776/3776/910
f 3777/3777/2967 3778/3778/2968 3776/3776/910
f 3776/3776/910 3778/3778/2968 3779/3779/2332
f 3779/3779/2332 3778/3778/2968 3780/3780/2795
f 3779/3779/2332 3780/3780/2795 3781/3781/385
f 3779/3779/2332 3781/3781/385 3782/3782/910
f 3782/3782/910 3781/3781/385 3783/3783/388
f 3782/3782/910 3783/3783/388 3784/3784/2968
f 3784/3784/2968 3783/3783/388 3785/3785/386
f 3773/3773/2966 3784/3784/2968 3786/3786/2966
f 3784/3784/2968 3785/3785/386 3786/3786/2966
f 3787/3787/2969 3773/3773/2966 3786/3786/2966
f 3772/3772/2965 3773/3773/2966 3787/3787/2969
f 3788/3788/2970 3789/3789/2970 3790/3790/2970
f 3791/3791/2971 3792/3792/2972 3793/3793/2973
f 3793/3793/2973 3792/3792/2972 3794/3794/2974
f 3794/3794/2974 3792/3792/2972 3795/3795/2975
f 3796/3796/2976 3797/3797/2977 1394/1394/1135
f 3798/3798/2978 3796/3796/2976 1394/1394/1135
f 3798/3798/2978 1394/1394/1135 1393/1393/1134
f 3797/3797/2977 1397/1397/1138 1394/1394/1135
f 3799/3799/2979 3796/3796/2976 3798/3798/2978
f 3800/3800/2980 3799/3799/2979 3798/3798/2978
f 3801/3801/2981 3802/3802/2982 3803/3803/2983
f 3802/3802/2982 3804/3804/2984 3803/3803/2983
f 3801/3801/2981 3805/3805/2985 3802/3802/2982
f 3801/3801/2981 3806/3806/2986 3805/3805/2985
f 3807/3807/2987 3806/3806/2986 3801/3801/2981
f 3803/3803/2983 3804/3804/2984 3808/3808/2988
f 3803/3803/2983 3808/3808/2988 3809/3809/2989
f 3809/3809/2989 3808/3808/2988 3810/3810/2990
f 3808/3808/2988 3811/3811/2991 3810/3810/2990
f 3812/3812/2992 3813/3813/2993 3814/3814/2994
f 3815/3815/2995 3813/3813/2993 3812/3812/2992
f 3812/3812/2992 3814/3814/2994 3816/3816/2996
f 3816/3816/2996 3814/3814/2994 3817/3817/2996
f 3816/3816/2996 3817/3817/2996 3818/3818/638
f 3818/3818/638 3817/3817/2996 3819/3819/2997
f 3819/3819/2997 3820/3820/2998 3818/3818/638
f 3819/3819/2997 3821/3821/2999 3820/3820/2998
f 3820/3820/2998 3821/3821/2999 3822/3822/3000
f 3821/3821/2999 3823/3823/3001 3822/3822/3000
f 3822/3822/3000 3823/3823/3001 3824/3824/3002
f 3825/3825/3003 3826/3826/3004 3827/3827/3005
f 3826/3826/3004 3828/3828/3006 3827/3827/3005
f 3826/3826/3004 3829/3829/3007 3828/3828/3006
f 3827/3827/3005 3828/3828/3006 3830/3830/3008
f 3827/3827/3005 3830/3830/3008 3831/3831/3009
f 3832/3832/3010 3826/3826/3004 3825/3825/3003
f 3827/3827/3005 3831/3831/3009 3833/3833/3011
f 3832/3832/3010 3825/3825/3003 3834/3834/3012
f 3834/3834/3012 3825/3825/3003 3835/3835/3013
f 3825/3825/3003 3827/3827/3005 3835/3835/3013
f 3836/3836/3014 3834/3834/3012 3835/3835/3013
f 3837/3837/3015 3834/3834/3012 3836/3836/3014
f 3837/3837/3015 3832/3832/3010 3834/3834/3012
f 3838/3838/3016 3832/3832/3010 3837/3837/3015
f 3838/3838/3016 3837/3837/3015 3836/3836/3014
f 3839/3839/1161 3840/3840/638 3841/3841/1163
f 3841/3841/1163 3840/3840/638 3842/3842/3017
f 3843/3843/3018 3844/3844/3019 3845/3845/3020
f 3844/3844/3019 3846/3846/3021 3845/3845/3020
f 3847/3847/530 3848/3848/3022 3849/3849/3023
f 3849/3849/3023 3848/3848/3022 3850/3850/3024
f 3848/3848/3022 3851/3851/3025 3850/3850/3024
f 3852/3852/170 3847/3847/530 3849/3849/3023
f 3853/3853/170 3847/3847/530 3852/3852/170
f 3848/3848/3022 3854/3854/684 3851/3851/3025
f 3848/3848/3022 3855/3855/531 3854/3854/684
f 3854/3854/684 3855/3855/531 3856/3856/2473
f 3855/3855/531 3857/3857/1125 3856/3856/2473
f 3858/3858/683 3857/3857/1125 3855/3855/531
f 3858/3858/683 3859/3859/1125 3857/3857/1125
f 3860/3860/2461 3859/3859/1125 3858/3858/683
f 3861/3861/3026 3862/3862/3027 3863/3863/3028
f 3861/3861/3026 3863/3863/3028 3864/3864/3029
f 3864/3864/3029 3863/3863/3028 3865/3865/3030
f 3863/3863/3028 3866/3866/3031 3865/3865/3030
f 3865/3865/3030 3866/3866/3031 3867/3867/3032
f 3867/3867/3032 3866/3866/3031 3868/3868/3033
f 3866/3866/3031 3869/3869/3034 3868/3868/3033
f 3870/3870/3035 3862/3862/3027 3861/3861/3026
f 3871/3871/3036 3862/3862/3027 3870/3870/3035
f 3872/3872/3037 3862/3862/3027 3871/3871/3036
f 3872/3872/3037 3873/3873/3038 3862/3862/3027
f 3874/3874/3039 3875/3875/3040 3876/3876/3041
f 3875/3875/3040 3877/3877/3042 3876/3876/3041
f 3878/3878/2447 3879/3879/3043 3880/3880/3044
f 3881/3881/3045 3879/3879/3043 3878/3878/2447
f 3882/3882/3046 3883/3883/3046 3884/3884/3046
f 3885/3885/521 3886/3886/3047 3887/3887/3047
f 3888/3888/521 3886/3886/3047 3885/3885/521
f 3889/3889/530 3890/3890/531 3891/3891/531
f 3891/3891/531 3890/3890/531 3892/3892/682
f 3893/3893/530 3890/3890/531 3889/3889/530
f 3893/3893/530 3894/3894/530 3890/3890/531
f 3895/3895/530 3894/3894/530 3893/3893/530
f 3895/3895/530 3896/3896/530 3894/3894/530
f 3897/3897/530 3896/3896/530 3895/3895/530
f 3898/3898/530 3896/3896/530 3897/3897/530
f 3898/3898/530 3899/3899/530 3896/3896/530
f 3900/3900/530 3899/3899/530 3898/3898/530
f 3900/3900/530 3901/3901/530 3899/3899/530
f 3902/3902/531 3901/3901/530 3900/3900/530
f 3902/3902/531 3903/3903/531 3901/3901/530
f 3904/3904/3048 3905/3905/3048 3906/3906/3048
f 3907/3907/1552 3908/3908/1552 3909/3909/3049
f 3907/3907/1552 3909/3909/3049 3910/3910/1552
f 3907/3907/1552 3911/3911/1552 3908/3908/1552
f 3911/3911/1552 3912/3912/3050 3908/3908/1552
f 3909/3909/3049 3908/3908/1552 3913/3913/3051
f 3914/3914/3052 3915/3915/3053 3916/3916/3054
f 3916/3916/3054 3915/3915/3053 3917/3917/3055
f 3918/3918/3056 3917/3917/3055 3915/3915/3053
f 3919/3919/3057 3917/3917/3055 3918/3918/3056
f 3920/3920/3058 3914/3914/3052 3916/3916/3054
f 3921/3921/3059 3914/3914/3052 3920/3920/3058
f 3922/3922/3060 3921/3921/3059 3920/3920/3058
f 3923/3923/3061 3921/3921/3059 3922/3922/3060
f 3919/3919/3057 3918/3918/3056 3924/3924/3062
f 3925/3925/3063 3919/3919/3057 3924/3924/3062
f 3925/3925/3063 3924/3924/3062 3926/3926/3064
f 3927/3927/3065 3925/3925/3063 3926/3926/3064
f 3928/3928/1564 3929/3929/3066 3930/3930/3043
f 3929/3929/3066 3931/3931/3067 3930/3930/3043
f 3928/3928/1564 3930/3930/3043 3932/3932/1564
f 3933/3933/3068 3931/3931/3067 3929/3929/3066
f 3931/3931/3067 3934/3934/3069 3930/3930/3043
f 3930/3930/3043 3934/3934/3069 3935/3935/3070
f 3936/3936/530 3937/3937/530 3938/3938/530
f 3936/3936/530 3939/3939/530 3937/3937/530
f 3940/3940/3071 3941/3941/3072 3942/3942/3073
f 3943/3943/3074 3941/3941/3072 3940/3940/3071
f 3943/3943/3074 3940/3940/3071 3944/3944/3075
f 3945/3945/3076 3946/3946/3077 3947/3947/1
f 3945/3945/3076 3947/3947/1 3948/3948/3078
f 3949/3949/3076 3946/3946/3077 3945/3945/3076
f 3948/3948/3078 3947/3947/1 3950/3950/385
f 3948/3948/3078 3950/3950/385 3951/3951/3079
f 3948/3948/3078 3951/3951/3079 3952/3952/3080
f 3948/3948/3078 3952/3952/3080 3953/3953/3081
f 3954/3954/3082 3949/3949/3076 3945/3945/3076
f 3955/3955/3083 3954/3954/3082 3945/3945/3076
f 3956/3956/3084 3955/3955/3083 3945/3945/3076
f 3957/3957/3085 3956/3956/3084 3945/3945/3076
f 3958/3958/616 3959/3959/3086 3960/3960/389
f 3958/3958/616 3961/3961/3087 3959/3959/3086
f 3961/3961/3087 3962/3962/3088 3959/3959/3086
f 3958/3958/616 3960/3960/389 3963/3963/3089
f 3958/3958/616 3963/3963/3089 3964/3964/599
f 3963/3963/3089 3965/3965/3090 3964/3964/599
f 3965/3965/3090 3966/3966/3091 3964/3964/599
f 3964/3964/599 3966/3966/3091 3967/3967/3092
f 3967/3967/3092 3968/3968/5 3964/3964/599
f 3964/3964/599 3968/3968/5 3969/3969/5
f 3970/3970/5 3961/3961/3087 3958/3958/616
f 3970/3970/5 3971/3971/5 3961/3961/3087
f 3972/3972/3093 3973/3973/3094 3974/3974/3095
f 3972/3972/3093 3975/3975/3096 3973/3973/3094
f 3975/3975/3096 3976/3976/3097 3973/3973/3094
f 3977/3977/3098 3972/3972/3093 3974/3974/3095
f 3975/3975/3096 3978/3978/3099 3976/3976/3097
f 3976/3976/3097 3978/3978/3099 3979/3979/3100
f 3979/3979/3100 3978/3978/3099 3980/3980/3101
f 3981/3981/3102 3976/3976/3097 3979/3979/3100
f 3979/3979/3100 3980/3980/3101 3982/3982/3103
f 3983/3983/3104 3979/3979/3100 3982/3982/3103
f 3983/3983/3104 3982/3982/3103 3984/3984/3105
f 3983/3983/3104 3984/3984/3105 3985/3985/3105
f 3986/3986/3106 3983/3983/3104 3985/3985/3105
f 3987/3987/3107 3983/3983/3104 3986/3986/3106
f 3988/3988/681 3989/3989/530 3990/3990/530
f 3988/3988/681 3991/3991/3108 3989/3989/530
f 3992/3992/1086 3991/3991/3108 3988/3988/681
f 3992/3992/1086 3993/3993/3109 3991/3991/3108
f 3993/3993/3109 3994/3994/3110 3991/3991/3108
f 3994/3994/3110 3995/3995/3111 3991/3991/3108
f 3996/3996/3112 3995/3995/3111 3994/3994/3110
f 3997/3997/3113 3995/3995/3111 3996/3996/3112
f 3997/3997/3113 3998/3998/3114 3995/3995/3111
f 3995/3995/3111 3998/3998/3114 3999/3999/3115
f 3998/3998/3114 4000/4000/3116 3999/3999/3115
f 3999/3999/3115 4000/4000/3116 4001/4001/3117
f 4002/4002/3118 4003/4003/3119 4004/4004/3120
f 4005/4005/3121 4002/4002/3118 4004/4004/3120
f 4003/4003/3119 4006/4006/3122 4004/4004/3120
f 4007/4007/589 4002/4002/3118 4005/4005/3121
f 4008/4008/599 4007/4007/589 4005/4005/3121
f 4003/4003/3119 4009/4009/3123 4006/4006/3122
f 4003/4003/3119 4010/4010/3124 4009/4009/3123
f 4003/4003/3119 4011/4011/4 4010/4010/3124
f 4011/4011/4 4012/4012/599 4010/4010/3124
f 4010/4010/3124 4012/4012/599 4013/4013/3125
f 4012/4012/599 4014/4014/3126 4013/4013/3125
f 4015/4015/580 4014/4014/3126 4012/4012/599
f 4016/4016/911 4014/4014/3126 4015/4015/580
f 4016/4016/911 4017/4017/385 4014/4014/3126
f 4018/4018/911 4017/4017/385 4016/4016/911
f 4019/4019/3127 4020/4020/3128 4021/4021/3129
f 4022/4022/3130 4019/4019/3127 4021/4021/3129
f 4019/4019/3127 4023/4023/3131 4020/4020/3128
f 4023/4023/3131 4024/4024/3132 4020/4020/3128
f 4025/4025/3133 4026/4026/3134 4027/4027/3135
f 4025/4025/3133 4028/4028/3136 4026/4026/3134
f 4029/4029/638 4030/4030/638 4031/4031/638
f 4029/4029/638 4032/4032/638 4030/4030/638
f 4031/4031/638 4030/4030/638 4033/4033/638
f 4034/4034/3137 4035/4035/3138 4036/4036/3139
f 4034/4034/3137 4036/4036/3139 4037/4037/3140
f 4038/4038/3141 4039/4039/3142 4040/4040/3143
f 4039/4039/3142 4041/4041/3144 4040/4040/3143
f 4038/4038/3141 4040/4040/3143 4042/4042/3145
f 4043/4043/3146 4038/4038/3141 4042/4042/3145
f 4044/4044/3147 4045/4045/3148 4046/4046/3149
f 4047/4047/3150 4045/4045/3148 4044/4044/3147
f 4044/4044/3147 4046/4046/3149 4048/4048/3151
f 4048/4048/3151 4046/4046/3149 4049/4049/3152
f 4050/4050/3153 4045/4045/3148 4047/4047/3150
f 4050/4050/3153 4051/4051/3154 4045/4045/3148
f 4051/4051/3154 4052/4052/3155 4045/4045/3148
f 4051/4051/3154 4053/4053/3156 4052/4052/3155
f 4053/4053/3156 4054/4054/3157 4052/4052/3155
f 4052/4052/3155 4054/4054/3157 4055/4055/3158
f 4054/4054/3157 4056/4056/3159 4055/4055/3158
f 4056/4056/3159 4057/4057/3160 4055/4055/3158
f 4056/4056/3159 4058/4058/3161 4057/4057/3160
f 4058/4058/3161 4059/4059/3162 4057/4057/3160
f 4057/4057/3160 4059/4059/3162 4060/4060/3163
f 4059/4059/3162 4061/4061/3164 4060/4060/3163
f 4061/4061/3164 4062/4062/3165 4060/4060/3163
f 4061/4061/3164 4063/4063/3166 4062/4062/3165
f 4063/4063/3166 4064/4064/3167 4062/4062/3165
f 4062/4062/3165 4064/4064/3167 4065/4065/3168
f 4064/4064/3167 4066/4066/3169 4065/4065/3168
f 4066/4066/3169 4067/4067/3170 4065/4065/3168
f 4065/4065/3168 4067/4067/3170 4068/4068/3171
f 4068/4068/3171 4067/4067/3170 4069/4069/3172
f 4068/4068/3171 4069/4069/3172 4070/4070/3173
f 4068/4068/3171 4070/4070/3173 4071/4071/3174
f 4071/4071/3174 4070/4070/3173 4072/4072/3175
f 4073/4073/3176 4071/4071/3174 4072/4072/3175
f 4073/4073/3176 4072/4072/3175 4074/4074/3177
f 4073/4073/3176 4074/4074/3177 4075/4075/3178
f 4076/4076/3179 4073/4073/3176 4075/4075/3178
f 4076/4076/3179 4075/4075/3178 4077/4077/3180
f 4076/4076/3179 4077/4077/3180 4078/4078/3181
f 4079/4079/3182 4076/4076/3179 4078/4078/3181
f 4079/4079/3182 4078/4078/3181 4080/4080/3183
f 4081/4081/3184 4079/4079/3182 4080/4080/3183
f 4081/4081/3184 4080/4080/3183 4082/4082/3185
f 4081/4081/3184 4082/4082/3185 4083/4083/3186
f 4083/4083/3186 4082/4082/3185 4084/4084/3187
f 4083/4083/3186 4084/4084/3187 4085/4085/3188
f 4086/4086/3189 4083/4083/3186 4085/4085/3188
f 4086/4086/3189 4085/4085/3188 4087/4087/3190
f 4086/4086/3189 4087/4087/3190 4088/4088/3191
f 4089/4089/3192 4086/4086/3189 4088/4088/3191
f 4089/4089/3192 4088/4088/3191 4090/4090/3193
f 4091/4091/3194 4089/4089/3192 4090/4090/3193
f 4091/4091/3194 4090/4090/3193 4092/4092/3195
f 4091/4091/3194 4092/4092/3195 4093/4093/3196
f 4094/4094/3197 4091/4091/3194 4093/4093/3196
f 4095/4095/3198 4094/4094/3197 4093/4093/3196
f 4096/4096/3199 4094/4094/3197 4095/4095/3198
f 4096/4096/3199 4097/4097/3200 4094/4094/3197
f 4098/4098/3201 4097/4097/3200 4096/4096/3199
f 4099/4099/3202 4097/4097/3200 4098/4098/3201
f 4099/4099/3202 4100/4100/3203 4097/4097/3200
f 4101/4101/3204 4100/4100/3203 4099/4099/3202
f 4101/4101/3204 4049/4049/3152 4100/4100/3203
f 4102/4102/3205 4049/4049/3152 4101/4101/3204
f 4048/4048/3151 4049/4049/3152 4102/4102/3205
f 4103/4103/3206 4104/4104/3207 4105/4105/3208
f 4103/4103/3206 4105/4105/3208 4106/4106/3209
f 4107/4107/3210 4108/4108/3211 4109/4109/3212
f 4110/4110/1552 4108/4108/3211 4107/4107/3210
f 4111/4111/3213 4112/4112/3214 4113/4113/3215
f 4112/4112/3214 4114/4114/3216 4113/4113/3215
f 4112/4112/3214 4115/4115/3217 4114/4114/3216
f 4114/4114/3216 4115/4115/3217 4116/4116/3218
f 4117/4117/2875 4118/4118/3219 4119/4119/3220
f 4118/4118/3219 4120/4120/3221 4119/4119/3220
f 4121/4121/3222 4122/4122/3223 4123/4123/3224
f 4122/4122/3223 4124/4124/3225 4123/4123/3224
f 4125/4125/3226 4124/4124/3225 4122/4122/3223
f 4126/4126/3227 4124/4124/3225 4125/4125/3226
f 4127/4127/3228 4126/4126/3227 4125/4125/3226
f 4127/4127/3228 4125/4125/3226 4128/4128/3229
f 4129/4129/638 4124/4124/3225 4126/4126/3227
f 4129/4129/638 4126/4126/3227 4130/4130/638
f 4128/4128/3229 4125/4125/3226 4131/4131/3230
f 4123/4123/3224 4124/4124/3225 4132/4132/3223
f 4133/4133/3231 4134/4134/3232 4135/4135/3233
f 4135/4135/3233 4136/4136/3234 4133/4133/3231
f 4136/4136/3234 4137/4137/3235 4133/4133/3231
f 4138/4138/3236 4139/4139/3237 4140/4140/3238
f 4141/4141/3239 4138/4138/3236 4140/4140/3238
f 4142/4142/3240 4139/4139/3237 4138/4138/3236
f 4142/4142/3240 4143/4143/3241 4139/4139/3237
f 4143/4143/3241 4144/4144/3242 4139/4139/3237
f 4145/4145/3243 4141/4141/3239 4140/4140/3238
f 4146/4146/3244 4141/4141/3239 4145/4145/3243
f 4147/4147/3245 4146/4146/3244 4145/4145/3243
f 4148/4148/3246 4147/4147/3245 4145/4145/3243
f 4148/4148/3246 4145/4145/3243 4149/4149/3247
f 4149/4149/3247 4145/4145/3243 4150/4150/3248
f 4149/4149/3247 4150/4150/3248 4151/4151/3249
f 4152/4152/3250 4149/4149/3247 4151/4151/3249
f 4151/4151/3249 4150/4150/3248 4153/4153/3251
f 4144/4144/3242 4154/4154/3252 4139/4139/3237
f 4155/4155/2667 4156/4156/2669 4157/4157/3253
f 4155/4155/2667 4158/4158/2670 4156/4156/2669
f 4159/4159/3254 4155/4155/2667 4157/4157/3253
f 4157/4157/3253 4160/4160/3255 4159/4159/3254
f 4160/4160/3255 4161/4161/3256 4159/4159/3254
f 4158/4158/2670 4162/4162/3257 4156/4156/2669
f 4162/4162/3257 4163/4163/3258 4156/4156/2669
f 4162/4162/3257 4164/4164/3259 4163/4163/3258
f 4164/4164/3259 4165/4165/3260 4163/4163/3258
f 4164/4164/3259 4166/4166/3261 4165/4165/3260
f 4160/4160/3255 4167/4167/3262 4161/4161/3256
f 4167/4167/3262 4168/4168/3263 4161/4161/3256
f 4167/4167/3262 4169/4169/3264 4168/4168/3263
f 4168/4168/3263 4169/4169/3264 4170/4170/3265
f 4169/4169/3264 4171/4171/3266 4170/4170/3265
f 4171/4171/3266 4172/4172/3267 4170/4170/3265
f 4171/4171/3266 4173/4173/3268 4172/4172/3267
f 4173/4173/3268 4174/4174/3269 4172/4172/3267
f 4173/4173/3268 4175/4175/3270 4174/4174/3269
f 4173/4173/3268 4176/4176/3271 4175/4175/3270
f 4177/4177/3272 4178/4178/3273 4179/4179/3274
f 4178/4178/3273 4177/4177/3272 4180/4180/3275
f 4181/4181/3276 4178/4178/3273 4180/4180/3275
f 4182/4182/3277 4183/4183/3277 4184/4184/3277
f 4185/4185/3278 4186/4186/3279 4187/4187/3280
f 4185/4185/3278 4188/4188/3281 4186/4186/3279
f 4189/4189/3282 4190/4190/3282 4191/4191/3282
f 4192/4192/3283 4193/4193/3284 4194/4194/3285
f 4195/4195/3286 4193/4193/3284 4192/4192/3283
f 4195/4195/3286 4192/4192/3283 4196/4196/3287
f 4197/4197/3288 4195/4195/3286 4196/4196/3287
f 4197/4197/3288 4196/4196/3287 4198/4198/3289
f 4198/4198/3289 4196/4196/3287 4199/4199/3290
f 4193/4193/3284 4200/4200/3291 4194/4194/3285
f 4194/4194/3285 4200/4200/3291 4201/4201/3292
f 4200/4200/3291 4202/4202/3293 4201/4201/3292
f 4203/4203/3294 4198/4198/3289 4199/4199/3290
f 4203/4203/3294 4199/4199/3290 4204/4204/3295
f 4205/4205/3296 4203/4203/3294 4204/4204/3295
f 4205/4205/3296 4204/4204/3295 4206/4206/3297
f 4207/4207/3298 4205/4205/3296 4206/4206/3297
f 4207/4207/3298 4206/4206/3297 4208/4208/3299
f 4209/4209/3300 4207/4207/3298 4208/4208/3299
f 4210/4210/3301 4209/4209/3300 4208/4208/3299
f 4210/4210/3301 4208/4208/3299 4211/4211/3302
f 4210/4210/3301 4211/4211/3302 4212/4212/3303
f 4212/4212/3303 4211/4211/3302 4213/4213/3304
f 4212/4212/3303 4213/4213/3304 4214/4214/3305
f 4214/4214/3305 4213/4213/3304 4215/4215/3306
f 4215/4215/3306 4213/4213/3304 4216/4216/3307
f 4215/4215/3306 4216/4216/3307 4217/4217/3308
f 4215/4215/3306 4217/4217/3308 4218/4218/3309
f 4217/4217/3308 4219/4219/3310 4218/4218/3309
f 4218/4218/3309 4219/4219/3310 4220/4220/3311
f 4220/4220/3311 4219/4219/3310 4221/4221/3312
f 4219/4219/3310 4222/4222/3313 4221/4221/3312
f 4221/4221/3312 4222/4222/3313 4223/4223/3314
f 4223/4223/3314 4222/4222/3313 4224/4224/3315
f 4222/4222/3313 4225/4225/3316 4224/4224/3315
f 4225/4225/3316 4226/4226/3317 4224/4224/3315
f 4225/4225/3316 4227/4227/3318 4226/4226/3317
f 4227/4227/3318 4228/4228/3319 4226/4226/3317
f 4227/4227/3318 4229/4229/3320 4228/4228/3319
f 4228/4228/3319 4229/4229/3320 4230/4230/3321
f 4229/4229/3320 4231/4231/3322 4230/4230/3321
f 4229/4229/3320 4232/4232/3323 4231/4231/3322
f 4231/4231/3322 4232/4232/3323 4233/4233/3324
f 4232/4232/3323 4234/4234/3325 4233/4233/3324
f 4234/4234/3325 4235/4235/3326 4233/4233/3324
f 4236/4236/3327 4235/4235/3326 4234/4234/3325
f 4236/4236/3327 4237/4237/3328 4235/4235/3326
f 4236/4236/3327 4238/4238/3329 4237/4237/3328
f 4239/4239/3330 4238/4238/3329 4236/4236/3327
f 4240/4240/3331 4238/4238/3329 4239/4239/3330
f 4240/4240/3331 4241/4241/3332 4238/4238/3329
f 4242/4242/3333 4241/4241/3332 4240/4240/3331
f 4242/4242/3333 4243/4243/3334 4241/4241/3332
f 4242/4242/3333 4244/4244/3335 4243/4243/3334
f 4245/4245/3336 4244/4244/3335 4242/4242/3333
f 4246/4246/3337 4244/4244/3335 4245/4245/3336
f 4246/4246/3337 4247/4247/3338 4244/4244/3335
f 4201/4201/3292 4247/4247/3338 4246/4246/3337
f 4248/4248/3339 4247/4247/3338 4201/4201/3292
f 4202/4202/3293 4248/4248/3339 4201/4201/3292
f 4249/4249/3340 4250/4250/3341 4251/4251/3342
f 4252/4252/3343 4249/4249/3340 4251/4251/3342
f 4249/4249/3340 4253/4253/3344 4250/4250/3341
f 4254/4254/3345 4253/4253/3344 4249/4249/3340
f 4255/4255/3346 4252/4252/3343 4251/4251/3342
f 4256/4256/3347 4252/4252/3343 4255/4255/3346
f 4256/4256/3347 4255/4255/3346 4257/4257/3348
f 4258/4258/3349 4256/4256/3347 4257/4257/3348
f 4259/4259/3350 4258/4258/3349 4257/4257/3348
f 4260/4260/3351 4258/4258/3349 4259/4259/3350
f 4261/4261/3352 4260/4260/3351 4259/4259/3350
f 4262/4262/3353 4260/4260/3351 4261/4261/3352
f 4263/4263/3354 4262/4262/3353 4261/4261/3352
f 4264/4264/3355 4262/4262/3353 4263/4263/3354
f 4265/4265/3356 4266/4266/3357 4267/4267/3358
f 4265/4265/3356 4267/4267/3358 4268/4268/3359
f 4269/4269/3360 4265/4265/3356 4268/4268/3359
f 4270/4270/3361 4269/4269/3360 4268/4268/3359
f 4267/4267/3358 4266/4266/3357 4271/4271/3362
f 4266/4266/3357 4272/4272/3363 4271/4271/3362
f 4270/4270/3361 4268/4268/3359 4273/4273/3364
f 4271/4271/3362 4272/4272/3363 4274/4274/3365
f 4275/4275/3366 4271/4271/3362 4274/4274/3365
f 4276/4276/3367 4275/4275/3366 4274/4274/3365
f 4277/4277/3368 4270/4270/3361 4273/4273/3364
f 4278/4278/3369 4275/4275/3366 4276/4276/3367
f 4279/4279/3370 4278/4278/3369 4276/4276/3367
f 4279/4279/3370 4276/4276/3367 4280/4280/3371
f 4279/4279/3370 4280/4280/3371 4281/4281/3372
f 4282/4282/3373 4283/4283/3373 1409/1409/1150
f 4284/4284/3374 4285/4285/3375 4286/4286/3376
f 4284/4284/3374 4287/4287/3377 4285/4285/3375
f 4288/4288/3378 4284/4284/3374 4286/4286/3376
f 4286/4286/3376 4289/4289/3379 4288/4288/3378
f 4288/4288/3378 4289/4289/3379 4290/4290/3380
f 4289/4289/3379 4291/4291/3381 4290/4290/3380
f 4290/4290/3380 4291/4291/3381 4292/4292/3382
f 4292/4292/3382 4291/4291/3381 4293/4293/3383
f 4291/4291/3381 4294/4294/3384 4293/4293/3383
f 4293/4293/3383 4294/4294/3384 4295/4295/3385
f 4294/4294/3384 4296/4296/3386 4295/4295/3385
f 4295/4295/3385 4296/4296/3386 4297/4297/3387
f 4296/4296/3386 4298/4298/3388 4297/4297/3387
f 4297/4297/3387 4298/4298/3388 4299/4299/3389
f 4298/4298/3388 4300/4300/3390 4299/4299/3389
f 4299/4299/3389 4300/4300/3390 4301/4301/3391
f 4300/4300/3390 4302/4302/3392 4301/4301/3391
f 4301/4301/3391 4302/4302/3392 4303/4303/3393
f 4303/4303/3393 4302/4302/3392 4304/4304/3394
f 4302/4302/3392 4305/4305/3395 4304/4304/3394
f 4304/4304/3394 4305/4305/3395 4306/4306/3396
f 4306/4306/3396 4305/4305/3395 4307/4307/3397
f 4306/4306/3396 4307/4307/3397 4308/4308/3398
f 4308/4308/3398 4307/4307/3397 4309/4309/3399
f 4310/4310/3400 4308/4308/3398 4309/4309/3399
f 4310/4310/3400 4309/4309/3399 4311/4311/3401
f 4312/4312/3402 4310/4310/3400 4311/4311/3401
f 4312/4312/3402 4311/4311/3401 4313/4313/3403
f 4314/4314/3404 4312/4312/3402 4313/4313/3403
f 4315/4315/3405 4314/4314/3404 4313/4313/3403
f 4316/4316/3406 4315/4315/3405 4313/4313/3403
f 4317/4317/3407 4315/4315/3405 4316/4316/3406
f 4317/4317/3407 4316/4316/3406 4318/4318/3408
f 4319/4319/3409 4317/4317/3407 4318/4318/3408
f 4319/4319/3409 4318/4318/3408 4320/4320/3410
f 4287/4287/3377 4319/4319/3409 4320/4320/3410
f 4287/4287/3377 4320/4320/3410 4285/4285/3375
f 4321/4321/3411 4322/4322/3412 4323/4323/3413
f 4323/4323/3413 4324/4324/3414 4321/4321/3411
f 4324/4324/3414 4325/4325/3415 4321/4321/3411
f 4323/4323/3413 4322/4322/3412 4326/4326/3416
f 4324/4324/3414 4327/4327/3417 4325/4325/3415
f 4324/4324/3414 4328/4328/3418 4327/4327/3417
f 4328/4328/3418 4329/4329/3419 4327/4327/3417
f 4329/4329/3419 4330/4330/3420 4327/4327/3417
f 4327/4327/3417 4330/4330/3420 4331/4331/3421
f 4330/4330/3420 4332/4332/3422 4331/4331/3421
f 4332/4332/3422 4333/4333/3423 4331/4331/3421
f 4333/4333/3423 4332/4332/3422 4334/4334/3424
f 4332/4332/3422 4335/4335/3425 4334/4334/3424
f 4335/4335/3425 4336/4336/3426 4334/4334/3424
f 4335/4335/3425 4337/4337/3427 4336/4336/3426
f 4337/4337/3427 4338/4338/3428 4336/4336/3426
f 4337/4337/3427 4339/4339/3429 4338/4338/3428
f 4337/4337/3427 4340/4340/3430 4339/4339/3429
f 4340/4340/3430 4341/4341/3431 4339/4339/3429
f 4342/4342/3432 4341/4341/3431 4340/4340/3430
f 4342/4342/3432 4343/4343/3433 4341/4341/3431
f 4343/4343/3433 4344/4344/3434 4341/4341/3431
f 4343/4343/3433 4345/4345/3435 4344/4344/3434
f 4345/4345/3435 4346/4346/3436 4344/4344/3434
f 4347/4347/3437 4346/4346/3436 4345/4345/3435
f 4347/4347/3437 4345/4345/3435 4348/4348/3438
f 4347/4347/3437 4348/4348/3438 4349/4349/3439
f 4350/4350/3440 4347/4347/3437 4349/4349/3439
f 4350/4350/3440 4349/4349/3439 4351/4351/3441
f 4350/4350/3440 4351/4351/3441 4352/4352/3442
f 4349/4349/3439 4348/4348/3438 4353/4353/3443
f 4354/4354/3444 4350/4350/3440 4352/4352/3442
f 4354/4354/3444 4352/4352/3442 4355/4355/3445
f 4356/4356/3446 4354/4354/3444 4355/4355/3445
f 4356/4356/3446 4355/4355/3445 4357/4357/3447
f 4358/4358/3448 4356/4356/3446 4357/4357/3447
f 4358/4358/3448 4357/4357/3447 4359/4359/3449
f 4360/4360/3450 4358/4358/3448 4359/4359/3449
f 4361/4361/3451 4360/4360/3450 4359/4359/3449
f 4361/4361/3451 4359/4359/3449 4362/4362/3452
f 4361/4361/3451 4362/4362/3452 4363/4363/3453
f 4364/4364/3454 4365/4365/3454 4366/4366/3454
f 4367/4367/3455 4368/4368/3456 4369/4369/3457
f 4368/4368/3456 4370/4370/3458 4369/4369/3457
f 4369/4369/3457 4370/4370/3458 4371/4371/3459
f 4372/4372/3460 4373/4373/3461 4374/4374/3462
f 4374/4374/3462 4373/4373/3461 4375/4375/3463
f 4376/4376/385 4377/4377/582 4378/4378/5
f 4376/4376/385 4378/4378/5 4379/4379/5
f 4378/4378/5 4380/4380/599 4379/4379/5
f 4376/4376/385 4381/4381/911 4377/4377/582
f 4376/4376/385 4382/4382/394 4381/4381/911
f 4383/4383/3464 4384/4384/3465 4385/4385/3464
f 4385/4385/3464 4386/4386/3466 4383/4383/3464
f 4387/4387/690 4388/4388/681 4389/4389/1086
f 4389/4389/1086 4388/4388/681 4390/4390/530
f 4389/4389/1086 4390/4390/530 4391/4391/531
f 4390/4390/530 4392/4392/689 4391/4391/531
f 4392/4392/689 4393/4393/2465 4391/4391/531
f 4394/4394/3467 4395/4395/3468 4396/4396/3469
f 4397/4397/3470 4394/4394/3467 4396/4396/3469
f 4398/4398/3471 4399/4399/3472 4400/4400/3473
f 4400/4400/3473 4399/4399/3472 4401/4401/3474
f 4402/4402/3475 4399/4399/3472 4398/4398/3471
f 4402/4402/3475 4403/4403/3475 4399/4399/3472
f 4404/4404/3476 4405/4405/3477 4406/4406/3478
f 4407/4407/3479 4404/4404/3476 4406/4406/3478
f 4408/4408/3480 4404/4404/3476 4407/4407/3479
f 4405/4405/3477 4409/4409/3481 4406/4406/3478
f 4408/4408/3480 4407/4407/3479 4410/4410/3482
f 4411/4411/3483 4408/4408/3480 4410/4410/3482
f 4411/4411/3483 4412/4412/3484 4408/4408/3480
f 4411/4411/3483 4413/4413/3485 4412/4412/3484
f 4413/4413/3485 4414/4414/3486 4412/4412/3484
f 4415/4415/3487 4414/4414/3486 4413/4413/3485
f 4412/4412/3484 4416/4416/3488 4408/4408/3480
f 4415/4415/3487 4417/4417/3489 4414/4414/3486
f 4417/4417/3489 4418/4418/3490 4414/4414/3486
f 4414/4414/3486 4418/4418/3490 4419/4419/3491
f 4420/4420/3492 4421/4421/3493 4422/4422/3494
f 4421/4421/3493 4423/4423/3495 4422/4422/3494
f 4424/4424/3496 4421/4421/3493 4420/4420/3492
f 4422/4422/3494 4423/4423/3495 4425/4425/3497
f 4423/4423/3495 4426/4426/3498 4425/4425/3497
f 4426/4426/3498 4427/4427/3499 4425/4425/3497
f 4425/4425/3497 4427/4427/3499 4428/4428/3500
f 4429/4429/3501 4424/4424/3496 4420/4420/3492
f 4430/4430/3502 4429/4429/3501 4420/4420/3492
f 4431/4431/3503 4429/4429/3501 4430/4430/3502
f 4432/4432/3504 4431/4431/3503 4430/4430/3502
f 4433/4433/3505 4431/4431/3503 4432/4432/3504
f 4434/4434/3506 4433/4433/3505 4432/4432/3504
f 4434/4434/3506 4432/4432/3504 4435/4435/3507
f 4436/4436/3508 4434/4434/3506 4435/4435/3507
f 4436/4436/3508 4435/4435/3507 4437/4437/3509
f 4438/4438/3510 4439/4439/3511 4440/4440/3512
f 4438/4438/3510 4440/4440/3512 4441/4441/3513
f 4442/4442/3514 4438/4438/3510 4441/4441/3513
f 4443/4443/3515 4438/4438/3510 4442/4442/3514
f 4444/4444/3516 4443/4443/3515 4442/4442/3514
f 4445/4445/3517 4443/4443/3515 4444/4444/3516
f 4446/4446/3518 4443/4443/3515 4445/4445/3517
f 4447/4447/3519 4446/4446/3518 4445/4445/3517
f 4448/4448/3520 4446/4446/3518 4447/4447/3519
f 4449/4449/3521 4448/4448/3520 4447/4447/3519
f 4450/4450/3522 4448/4448/3520 4449/4449/3521
f 4451/4451/3523 4448/4448/3520 4450/4450/3522
f 4452/4452/3524 4448/4448/3520 4451/4451/3523
f 4453/4453/3525 4452/4452/3524 4451/4451/3523
f 4454/4454/3526 4452/4452/3524 4453/4453/3525
f 4454/4454/3526 4455/4455/3527 4452/4452/3524
f 4456/4456/3528 4455/4455/3527 4454/4454/3526
f 4456/4456/3528 4457/4457/3529 4455/4455/3527
f 4458/4458/3530 4457/4457/3529 4456/4456/3528
f 4458/4458/3530 4459/4459/3531 4457/4457/3529
f 4460/4460/3532 4459/4459/3531 4458/4458/3530
f 4461/4461/3533 4459/4459/3531 4460/4460/3532
f 4461/4461/3533 4462/4462/3534 4459/4459/3531
f 4461/4461/3533 4463/4463/3535 4462/4462/3534
f 4463/4463/3535 4464/4464/3536 4462/4462/3534
f 4465/4465/3537 4464/4464/3536 4463/4463/3535
f 4465/4465/3537 4466/4466/3538 4464/4464/3536
f 4465/4465/3537 4467/4467/3539 4466/4466/3538
f 4467/4467/3539 4468/4468/3540 4466/4466/3538
f 4466/4466/3538 4468/4468/3540 4469/4469/3541
f 4468/4468/3540 4470/4470/3542 4469/4469/3541
f 4470/4470/3542 4471/4471/3543 4469/4469/3541
f 4469/4469/3541 4471/4471/3543 4472/4472/3544
f 4471/4471/3543 4473/4473/3545 4472/4472/3544
f 4472/4472/3544 4473/4473/3545 4474/4474/3546
f 4473/4473/3545 4475/4475/3547 4474/4474/3546
f 4474/4474/3546 4475/4475/3547 4476/4476/3548
f 4475/4475/3547 4477/4477/3549 4476/4476/3548
f 4476/4476/3548 4477/4477/3549 4478/4478/3550
f 4478/4478/3550 4477/4477/3549 4479/4479/3551
f 4478/4478/3550 4479/4479/3551 4480/4480/3552
f 4480/4480/3552 4479/4479/3551 4481/4481/3553
f 4480/4480/3552 4481/4481/3553 4482/4482/3554
f 4480/4480/3552 4482/4482/3554 4483/4483/3555
f 4483/4483/3555 4482/4482/3554 4484/4484/3556
f 4483/4483/3555 4484/4484/3556 4485/4485/3557
f 4485/4485/3557 4484/4484/3556 4486/4486/3558
f 4485/4485/3557 4486/4486/3558 4487/4487/3559
f 4488/4488/3560 4485/4485/3557 4487/4487/3559
f 4488/4488/3560 4487/4487/3559 4489/4489/3561
f 4439/4439/3511 4488/4488/3560 4489/4489/3561
f 4439/4439/3511 4489/4489/3561 4490/4490/3562
f 4439/4439/3511 4490/4490/3562 4440/4440/3512
f 4491/4491/3563 4492/4492/3564 4493/4493/3565
f 4491/4491/3563 4494/4494/3566 4492/4492/3564
f 4494/4494/3566 4495/4495/3567 4492/4492/3564
f 4494/4494/3566 4496/4496/3568 4495/4495/3567
f 4496/4496/3568 4497/4497/3569 4495/4495/3567
f 4496/4496/3568 4498/4498/3570 4497/4497/3569
f 4497/4497/3569 4498/4498/3570 4499/4499/3571
f 4500/4500/3572 4491/4491/3563 4493/4493/3565
f 4500/4500/3572 4493/4493/3565 4501/4501/3573
f 4502/4502/3574 4500/4500/3572 4501/4501/3573
f 4501/4501/3573 4503/4503/3575 4502/4502/3574
f 4503/4503/3575 4504/4504/3576 4502/4502/3574
f 4503/4503/3575 4505/4505/3577 4504/4504/3576
f 4505/4505/3577 4506/4506/3578 4504/4504/3576
f 4505/4505/3577 4507/4507/3579 4506/4506/3578
f 4498/4498/3570 4508/4508/3580 4499/4499/3571
f 4508/4508/3580 4509/4509/3581 4499/4499/3571
f 4499/4499/3571 4509/4509/3581 4510/4510/3582
f 4509/4509/3581 4511/4511/3583 4510/4510/3582
f 4509/4509/3581 4512/4512/3584 4511/4511/3583
f 4512/4512/3584 4513/4513/3585 4511/4511/3583
f 4512/4512/3584 4514/4514/3586 4513/4513/3585
f 4513/4513/3585 4514/4514/3586 4515/4515/3587
f 4514/4514/3586 4516/4516/3588 4515/4515/3587
f 4515/4515/3587 4516/4516/3588 4517/4517/3589
f 4517/4517/3589 4516/4516/3588 4518/4518/3590
f 4519/4519/3591 4517/4517/3589 4518/4518/3590
f 4519/4519/3591 4518/4518/3590 4520/4520/3592
f 4521/4521/3593 4519/4519/3591 4520/4520/3592
f 4521/4521/3593 4520/4520/3592 4522/4522/3594
f 4523/4523/3595 4522/4522/3594 4520/4520/3592
f 4523/4523/3595 4520/4520/3592 4524/4524/3596
f 4523/4523/3595 4524/4524/3596 4525/4525/3597
f 4525/4525/3597 4524/4524/3596 4526/4526/3598
f 4525/4525/3597 4526/4526/3598 4527/4527/3599
f 4527/4527/3599 4526/4526/3598 4528/4528/3600
f 4528/4528/3600 4526/4526/3598 4529/4529/3601
f 4507/4507/3579 4528/4528/3600 4529/4529/3601
f 4507/4507/3579 4529/4529/3601 4506/4506/3578
f 4530/4530/3602 4531/4531/3603 4532/4532/3604
f 4532/4532/3604 4531/4531/3603 4533/4533/3605
f 4532/4532/3604 4533/4533/3605 4534/4534/3606
f 4534/4534/3606 4533/4533/3605 4535/4535/3607
f 4534/4534/3606 4535/4535/3607 4536/4536/3608
f 4536/4536/3608 4535/4535/3607 4537/4537/3609
f 4538/4538/3610 4534/4534/3606 4536/4536/3608
f 4539/4539/3611 4531/4531/3603 4530/4530/3602
f 4540/4540/3612 4531/4531/3603 4539/4539/3611
f 4541/4541/3613 4540/4540/3612 4539/4539/3611
f 4542/4542/3614 4543/4543/3615 4544/4544/3616
f 4543/4543/3615 4545/4545/3617 4544/4544/3616
f 4544/4544/3616 4545/4545/3617 4546/4546/3618
f 4547/4547/3619 4543/4543/3615 4542/4542/3614
f 4548/4548/3620 4543/4543/3615 4547/4547/3619
f 4549/4549/3621 4550/4550/3622 4551/4551/3623
f 4552/4552/3624 4550/4550/3622 4549/4549/3621
f 4553/4553/3625 4552/4552/3624 4549/4549/3621
f 4553/4553/3625 4549/4549/3621 4554/4554/3626
f 4554/4554/3626 4555/4555/3627 4553/4553/3625
f 4554/4554/3626 4556/4556/3628 4555/4555/3627
f 4552/4552/3624 4557/4557/3629 4550/4550/3622
f 4556/4556/3628 4558/4558/3630 4555/4555/3627
f 4558/4558/3630 4559/4559/3631 4555/4555/3627
f 4558/4558/3630 4560/4560/3632 4559/4559/3631
f 4558/4558/3630 4561/4561/3633 4560/4560/3632
f 4550/4550/3622 4562/4562/3634 4551/4551/3623
f 4562/4562/3634 4563/4563/3635 4551/4551/3623
f 4562/4562/3634 4564/4564/3636 4563/4563/3635
f 4564/4564/3636 4565/4565/3637 4563/4563/3635
f 4564/4564/3636 4566/4566/3638 4565/4565/3637
f 4566/4566/3638 4567/4567/3639 4565/4565/3637
f 4566/4566/3638 4568/4568/3640 4567/4567/3639
f 4566/4566/3638 4569/4569/3641 4568/4568/3640
f 4568/4568/3640 4569/4569/3641 4570/4570/3642
f 4569/4569/3641 4571/4571/3643 4570/4570/3642
f 4571/4571/3643 4572/4572/3644 4570/4570/3642
f 4571/4571/3643 4573/4573/3645 4572/4572/3644
f 4573/4573/3645 4574/4574/3646 4572/4572/3644
f 4573/4573/3645 4575/4575/3647 4574/4574/3646
f 4574/4574/3646 4575/4575/3647 4576/4576/3648
f 4575/4575/3647 4577/4577/3649 4576/4576/3648
f 4576/4576/3648 4577/4577/3649 4578/4578/3650
f 4578/4578/3650 4577/4577/3649 4579/4579/3651
f 4578/4578/3650 4579/4579/3651 4580/4580/3652
f 4578/4578/3650 4580/4580/3652 4581/4581/3653
f 4582/4582/3654 4578/4578/3650 4581/4581/3653
f 4582/4582/3654 4581/4581/3653 4583/4583/3655
f 4582/4582/3654 4583/4583/3655 4584/4584/3656
f 4584/4584/3656 4583/4583/3655 4585/4585/3657
f 4586/4586/3658 4584/4584/3656 4585/4585/3657
f 4586/4586/3658 4585/4585/3657 4587/4587/3659
f 4588/4588/3660 4586/4586/3658 4587/4587/3659
f 4589/4589/1917 4590/4590/707 4591/4591/1917
f 4592/4592/3661 4589/4589/1917 4591/4591/1917
f 4593/4593/683 4594/4594/3662 4595/4595/1122
f 4596/4596/3663 4593/4593/683 4595/4595/1122
f 4596/4596/3663 4597/4597/3664 4593/4593/683
f 4596/4596/3663 4598/4598/3665 4597/4597/3664
f 4599/4599/580 4600/4600/580 4601/4601/582
f 4599/4599/580 4601/4601/582 4602/4602/385
f 4601/4601/582 4603/4603/385 4602/4602/385
f 4602/4602/385 4603/4603/385 4604/4604/385
f 4605/4605/3666 4600/4600/580 4599/4599/580
f 4606/4606/3667 4607/4607/3668 4608/4608/3669
f 4607/4607/3668 4609/4609/3670 4608/4608/3669
f 4610/4610/3671 4608/4608/3669 4609/4609/3670
f 4611/4611/3672 4612/4612/3673 4613/4613/3674
f 4614/4614/3675 4611/4611/3672 4613/4613/3674
f 4615/4615/3676 4616/4616/3677 4617/4617/3678
f 4617/4617/3678 4616/4616/3677 4618/4618/3679
f 4616/4616/3677 4619/4619/3679 4618/4618/3679
f 4620/4620/3680 4615/4615/3676 4617/4617/3678
f 4621/4621/3681 4620/4620/3680 4617/4617/3678
f 4622/4622/3682 4623/4623/518 4624/4624/521
f 4624/4624/521 4623/4623/518 4625/4625/521
f 4626/4626/3683 4627/4627/3684 4628/4628/3685
f 4628/4628/3685 4627/4627/3684 4629/4629/3686
f 4629/4629/3686 4630/4630/3687 4628/4628/3685
f 4631/4631/3688 4632/4632/3689 4633/4633/3690
f 4634/4634/3691 4632/4632/3689 4631/4631/3688
f 4631/4631/3688 4633/4633/3690 4635/4635/3692
f 4635/4635/3692 4633/4633/3690 4636/4636/3693
f 4636/4636/3693 4633/4633/3690 4637/4637/3694
f 4634/4634/3691 4638/4638/3695 4632/4632/3689
f 4639/4639/3696 4638/4638/3695 4634/4634/3691
f 4640/4640/3697 4638/4638/3695 4639/4639/3696
f 4640/4640/3697 4641/4641/3698 4638/4638/3695
f 4640/4640/3697 4642/4642/3699 4641/4641/3698
f 4642/4642/3699 4643/4643/3700 4641/4641/3698
f 4643/4643/3700 4644/4644/3701 4641/4641/3698
f 4643/4643/3700 4645/4645/3702 4644/4644/3701
f 4645/4645/3702 4646/4646/3703 4644/4644/3701
f 4646/4646/3703 4647/4647/3704 4644/4644/3701
f 4648/4648/3705 4649/4649/3706 4650/4650/3707
f 4650/4650/3707 4649/4649/3706 4651/4651/3708
f 4652/4652/3709 4649/4649/3706 4648/4648/3705
f 4652/4652/3709 4653/4653/3709 4649/4649/3706
f 4648/4648/3705 4650/4650/3707 4654/4654/3710
f 4655/4655/3711 4656/4656/3712 4657/4657/3713
f 4658/4658/3714 4656/4656/3712 4655/4655/3711
f 4658/4658/3714 4659/4659/3715 4656/4656/3712
f 4658/4658/3714 4660/4660/3716 4659/4659/3715
f 4660/4660/3716 4661/4661/3717 4659/4659/3715
f 4660/4660/3716 4662/4662/3718 4661/4661/3717
f 4655/4655/3711 4657/4657/3713 4663/4663/3719
f 4663/4663/3719 4657/4657/3713 4664/4664/3720
f 4665/4665/3721 4663/4663/3719 4664/4664/3720
f 4666/4666/3722 4663/4663/3719 4665/4665/3721
f 4667/4667/3723 4663/4663/3719 4666/4666/3722
f 4668/4668/3724 4667/4667/3723 4666/4666/3722
f 4669/4669/3725 4667/4667/3723 4668/4668/3724
f 4660/4660/3716 4670/4670/3726 4662/4662/3718
f 4670/4670/3726 4671/4671/3727 4662/4662/3718
f 4670/4670/3726 4672/4672/3728 4671/4671/3727
f 4673/4673/3729 4672/4672/3728 4670/4670/3726
f 4674/4674/3730 4667/4667/3723 4669/4669/3725
f 4675/4675/3731 4674/4674/3730 4669/4669/3725
f 4676/4676/3732 4674/4674/3730 4675/4675/3731
f 4677/4677/3733 4678/4678/3733 4679/4679/3733
f 4680/4680/3734 4681/4681/3734 4682/4682/3734
f 4683/4683/3735 4684/4684/3736 4685/4685/3737
f 4686/4686/3738 4683/4683/3735 4685/4685/3737
f 4687/4687/3739 4683/4683/3735 4686/4686/3738
f 4688/4688/3740 4687/4687/3739 4686/4686/3738
f 4689/4689/3741 4688/4688/3740 4686/4686/3738
f 4684/4684/3736 4690/4690/3742 4685/4685/3737
f 4690/4690/3742 4691/4691/3743 4685/4685/3737
f 4689/4689/3741 4692/4692/3744 4688/4688/3740
f 4689/4689/3741 4693/4693/3745 4692/4692/3744
f 4694/4694/3746 4693/4693/3745 4689/4689/3741
f 4695/4695/3747 4693/4693/3745 4694/4694/3746
f 4695/4695/3747 4696/4696/3748 4693/4693/3745
f 4697/4697/3749 4696/4696/3748 4695/4695/3747
f 4697/4697/3749 4698/4698/3750 4696/4696/3748
f 4696/4696/3748 4698/4698/3750 4699/4699/3751
f 4700/4700/3752 4701/4701/3753 4702/4702/3754
f 4702/4702/3754 4701/4701/3753 4703/4703/3755
f 4701/4701/3753 4704/4704/3755 4703/4703/3755
f 4705/4705/3756 4701/4701/3753 4700/4700/3752
f 4706/4706/3757 4701/4701/3753 4705/4705/3756
f 4707/4707/3758 4708/4708/3758 4709/4709/3758
f 4710/4710/3759 4711/4711/3760 4712/4712/3761
f 4712/4712/3761 4711/4711/3760 4713/4713/3762
f 4711/4711/3760 4714/4714/3763 4713/4713/3762
f 4713/4713/3762 4714/4714/3763 4715/4715/3764
f 4715/4715/3764 4714/4714/3763 4716/4716/3765
f 4714/4714/3763 4717/4717/3766 4716/4716/3765
f 4718/4718/3767 4710/4710/3759 4712/4712/3761
f 4719/4719/3768 4710/4710/3759 4718/4718/3767
f 4720/4720/3769 4710/4710/3759 4719/4719/3768
f 4720/4720/3769 4721/4721/3770 4710/4710/3759
f 4722/4722/3771 4721/4721/3770 4720/4720/3769
f 4723/4723/3772 4721/4721/3770 4722/4722/3771
f 4723/4723/3772 4724/4724/3773 4721/4721/3770
f 4717/4717/3766 4725/4725/3774 4716/4716/3765
f 4726/4726/3775 4725/4725/3774 4717/4717/3766
f 4726/4726/3775 4727/4727/3776 4725/4725/3774
f 4726/4726/3775 4728/4728/3777 4727/4727/3776
f 4729/4729/3778 4728/4728/3777 4726/4726/3775
f 4729/4729/3778 4730/4730/3779 4728/4728/3777
f 4731/4731/3780 4730/4730/3779 4729/4729/3778
f 4732/4732/3781 4731/4731/3780 4729/4729/3778
f 4733/4733/3782 4731/4731/3780 4732/4732/3781
f 4734/4734/3783 4733/4733/3782 4732/4732/3781
f 4735/4735/3784 4734/4734/3783 4732/4732/3781
f 4736/4736/3785 4735/4735/3784 4724/4724/3773
f 4736/4736/3785 4737/4737/3786 4735/4735/3784
f 4737/4737/3786 4734/4734/3783 4735/4735/3784
f 4738/4738/3787 4736/4736/3785 4724/4724/3773
f 4723/4723/3772 4738/4738/3787 4724/4724/3773
f 4739/4739/3788 4740/4740/1162 4741/4741/3788
f 4739/4739/3788 4741/4741/3788 4742/4742/638
f 4743/4743/3789 4744/4744/695 4745/4745/1123
f 4744/4744/695 4746/4746/2122 4745/4745/1123
f 4745/4745/1123 4746/4746/2122 4747/4747/2115
f 4747/4747/2115 4746/4746/2122 4748/4748/3790
f 4749/4749/385 4750/4750/5 4751/4751/386
f 4752/4752/385 4750/4750/5 4749/4749/385
f 4752/4752/385 4753/4753/5 4750/4750/5
f 4754/4754/911 4753/4753/5 4752/4752/385
f 4755/4755/2963 4753/4753/5 4754/4754/911
f 4756/4756/3791 4757/4757/3792 4758/4758/3793
f 4759/4759/3794 4756/4756/3791 4758/4758/3793
f 4759/4759/3794 4758/4758/3793 4760/4760/3795
f 4761/4761/3796 4762/4762/3797 4763/4763/3798
f 4761/4761/3796 4763/4763/3798 4764/4764/3799
f 4765/4765/2874 4766/4766/530 4767/4767/682
f 4766/4766/530 4768/4768/170 4767/4767/682
f 4769/4769/694 4766/4766/530 4765/4765/2874
f 4770/4770/531 4766/4766/530 4769/4769/694
f 4771/4771/3800 4772/4772/3801 4773/4773/3802
f 4771/4771/3800 4774/4774/3803 4772/4772/3801
f 4775/4775/3804 4776/4776/3805 4777/4777/3806
f 4776/4776/3805 4778/4778/3807 4777/4777/3806
f 4779/4779/3126 4780/4780/3808 4781/4781/3809
f 4782/4782/2446 4780/4780/3808 4779/4779/3126
f 4783/4783/3810 4782/4782/2446 4779/4779/3126
f 4782/4782/2446 2254/2254/3811 4780/4780/3808
f 4781/4781/3809 4780/4780/3808 2270/2270/3812
f 4780/4780/3808 2254/2254/3811 4784/4784/3813
f 2260/2260/1823 4782/4782/2446 4783/4783/3810
f 4785/4785/3814 4782/4782/2446 2260/2260/1823
f 4786/4786/3815 2254/2254/1817 2256/2256/1819
f 4787/4787/638 4788/4788/3816 4789/4789/638
f 4787/4787/638 4789/4789/638 4790/4790/3817
f 4791/4791/385 4792/4792/5 4793/4793/5
f 4793/4793/5 4792/4792/5 4794/4794/1055
f 4794/4794/1055 4792/4792/5 4795/4795/4
f 4795/4795/4 4792/4792/5 4796/4796/3818
f 4797/4797/3819 4798/4798/3820 4799/4799/3821
f 4798/4798/3820 4797/4797/3819 4800/4800/3822
f 4801/4801/3823 4798/4798/3820 4800/4800/3822
f 4802/4802/3824 4803/4803/3824 4804/4804/3824
f 4803/4803/3824 4805/4805/3824 4804/4804/3824
f 2177/2177/686 4806/4806/530 4807/4807/530
f 2188/2188/530 2177/2177/686 4807/4807/530
f 4808/4808/3825 4809/4809/3826 4810/4810/3827
f 4808/4808/3825 4810/4810/3827 4811/4811/3828
f 4812/4812/3829 4808/4808/3825 4811/4811/3828
f 4813/4813/3830 4808/4808/3825 4812/4812/3829
f 4814/4814/3831 4815/4815/3832 1832/1832/1460
f 4815/4815/3832 1830/1830/1458 1832/1832/1460
f 4815/4815/3832 4816/4816/3833 1830/1830/1458
f 4816/4816/3833 1831/1831/1459 1830/1830/1458
f 4817/4817/3834 4818/4818/3835 4819/4819/3836
f 4819/4819/3836 4818/4818/3835 4820/4820/3837
f 4818/4818/3835 4821/4821/3838 4820/4820/3837
f 4820/4820/3837 4821/4821/3838 4822/4822/3839
f 4823/4823/3840 4824/4824/3841 4825/4825/3842
f 4824/4824/3841 4826/4826/3843 4825/4825/3842
f 4824/4824/3841 4827/4827/3844 4826/4826/3843
f 4824/4824/3841 4828/4828/3845 4827/4827/3844
f 4829/4829/3846 4830/4830/3847 4831/4831/3848
f 4832/4832/3849 4830/4830/3847 4829/4829/3846
f 4833/4833/3850 4830/4830/3847 4832/4832/3849
f 4833/4833/3850 4834/4834/3851 4830/4830/3847
f 4834/4834/3851 4835/4835/3852 4830/4830/3847
f 4829/4829/3846 4831/4831/3848 4836/4836/3853
f 4836/4836/3853 4831/4831/3848 4837/4837/3854
f 4831/4831/3848 4838/4838/3855 4837/4837/3854
f 4837/4837/3854 4838/4838/3855 4839/4839/3856
f 4839/4839/3856 4838/4838/3855 4840/4840/3857
f 4838/4838/3855 4841/4841/3858 4840/4840/3857
f 4840/4840/3857 4841/4841/3858 4842/4842/3859
f 4842/4842/3859 4841/4841/3858 4843/4843/3860
f 4841/4841/3858 4844/4844/3861 4843/4843/3860
f 4841/4841/3858 4845/4845/3862 4844/4844/3861
f 4846/4846/3863 4847/4847/3863 4848/4848/3863
f 4849/4849/3864 4850/4850/3865 4851/4851/3866
f 4851/4851/3866 4852/4852/3867 4849/4849/3864
f 4852/4852/3867 4853/4853/3868 4849/4849/3864
f 4854/4854/3869 4855/4855/3870 4856/4856/638
f 4857/4857/638 4854/4854/3869 4856/4856/638
f 4858/4858/3871 4859/4859/3872 4860/4860/3873
f 4858/4858/3871 4860/4860/3873 4861/4861/3874
f 4862/4862/3875 4863/4863/3876 4864/4864/3877
f 4863/4863/3876 4865/4865/3878 4864/4864/3877
f 4863/4863/3876 4866/4866/3879 4865/4865/3878
f 4867/4867/3880 4866/4866/3879 4863/4863/3876
f 4868/4868/3881 4869/4869/3882 4870/4870/3883
f 4869/4869/3882 4871/4871/3884 4870/4870/3883
f 4871/4871/3884 4869/4869/3882 4872/4872/3885
f 4869/4869/3882 4873/4873/3886 4872/4872/3885
f 4868/4868/3881 4870/4870/3883 4874/4874/3887
f 4868/4868/3881 4874/4874/3887 4875/4875/3888
f 4876/4876/3889 4868/4868/3881 4875/4875/3888
f 4876/4876/3889 4875/4875/3888 4877/4877/3890
f 4876/4876/3889 4877/4877/3890 4878/4878/3891
f 4878/4878/3891 4877/4877/3890 4879/4879/3892
f 4878/4878/3891 4879/4879/3892 4880/4880/3893
f 4872/4872/3885 4873/4873/3886 4881/4881/3894
f 4881/4881/3894 4873/4873/3886 4882/4882/3895
f 4873/4873/3886 4883/4883/3896 4882/4882/3895
f 4878/4878/3891 4880/4880/3893 4884/4884/3897
f 4884/4884/3897 4880/4880/3893 4885/4885/3898
f 4884/4884/3897 4885/4885/3898 4886/4886/3899
f 4886/4886/3899 4885/4885/3898 4887/4887/3900
f 4888/4888/3901 4889/4889/3902 4890/4890/3903
f 4891/4891/3904 4888/4888/3901 4890/4890/3903
f 4888/4888/3901 4892/4892/3905 4889/4889/3902
f 4893/4893/3906 4894/4894/3907 4895/4895/3908
f 4896/4896/3909 4893/4893/3906 4895/4895/3908
f 4897/4897/3910 4893/4893/3906 4896/4896/3909
f 4898/4898/3911 4899/4899/3912 4900/4900/3913
f 4898/4898/3911 4900/4900/3913 4901/4901/3914
f 4902/4902/3915 4898/4898/3911 4901/4901/3914
f 4903/4903/3916 4904/4904/3916 4905/4905/3916
f 4906/4906/3917 4907/4907/3918 4908/4908/3919
f 4908/4908/3919 4907/4907/3918 4909/4909/3920
f 4908/4908/3919 4909/4909/3920 4910/4910/3921
f 4910/4910/3921 4909/4909/3920 4911/4911/3922
f 4912/4912/3923 4913/4913/3924 4914/4914/3925
f 4912/4912/3923 4915/4915/3926 4913/4913/3924
f 4915/4915/3926 4916/4916/3927 4913/4913/3924
f 4917/4917/3928 4918/4918/3928 4919/4919/3928
f 4920/4920/3929 4921/4921/3930 4922/4922/3931
f 4923/4923/3932 4920/4920/3929 4922/4922/3931
f 4924/4924/3933 4920/4920/3929 4923/4923/3932
f 4925/4925/3934 4920/4920/3929 4924/4924/3933
f 4922/4922/3931 4921/4921/3930 4926/4926/3935
f 4921/4921/3930 4927/4927/3936 4926/4926/3935
f 4921/4921/3930 4928/4928/3937 4927/4927/3936
f 4928/4928/3937 4929/4929/3938 4927/4927/3936
f 4928/4928/3937 4930/4930/3939 4929/4929/3938
f 4928/4928/3937 4931/4931/3940 4930/4930/3939
f 4932/4932/521 4933/4933/521 4934/4934/521
f 4932/4932/521 4934/4934/521 4935/4935/521
f 4936/4936/3941 4937/4937/3942 4938/4938/3943
f 4937/4937/3942 4939/4939/3944 4938/4938/3943
f 4937/4937/3942 4940/4940/3945 4939/4939/3944
f 4941/4941/3946 4940/4940/3945 4937/4937/3942
f 4942/4942/3947 4943/4943/3948 4944/4944/3949
f 4945/4945/3950 4942/4942/3947 4944/4944/3949
f 4946/4946/3951 4947/4947/3951 4948/4948/3951
f 4949/4949/3952 4950/4950/3953 4951/4951/3954
f 4951/4951/3954 4950/4950/3953 4952/4952/3955
f 4951/4951/3954 4952/4952/3955 4953/4953/3956
f 4953/4953/3956 4952/4952/3955 4954/4954/3957
f 4955/4955/3958 4950/4950/3953 4949/4949/3952
f 4956/4956/3959 4955/4955/3958 4949/4949/3952
f 4957/4957/3960 4955/4955/3958 4956/4956/3959
f 4958/4958/3961 4959/4959/3962 4960/4960/3963
f 4958/4958/3961 4960/4960/3963 4961/4961/3964
f 4962/4962/3965 4960/4960/3963 4959/4959/3962
f 4962/4962/3965 4959/4959/3962 4963/4963/3966
f 4963/4963/3966 4959/4959/3962 4964/4964/3967
f 4958/4958/3961 4961/4961/3964 4965/4965/3968
f 4966/4966/3969 4958/4958/3961 4965/4965/3968
f 4967/4967/3970 4958/4958/3961 4966/4966/3969
f 4967/4967/3970 4966/4966/3969 871/871/751
f 887/887/767 4967/4967/3970 871/871/751
f 4968/4968/3971 4969/4969/3972 4970/4970/3973
f 4971/4971/3974 4969/4969/3972 4968/4968/3971
f 4971/4971/3974 4972/4972/3975 4969/4969/3972
f 4969/4969/3972 4972/4972/3975 4973/4973/3976
f 4974/4974/3977 4975/4975/3978 4976/4976/3979
f 4975/4975/3978 4977/4977/3980 4976/4976/3979
f 4978/4978/521 4979/4979/521 4980/4980/521
f 4981/4981/521 4978/4978/521 4980/4980/521
f 4982/4982/3981 4983/4983/3982 4984/4984/3983
f 4985/4985/3984 4983/4983/3982 4982/4982/3981
f 4983/4983/3982 4986/4986/3985 4984/4984/3983
f 4987/4987/3986 4988/4988/3987 4989/4989/3988
f 4988/4988/3987 4990/4990/3989 4989/4989/3988
f 4988/4988/3987 4991/4991/3990 4990/4990/3989
f 4988/4988/3987 4992/4992/3991 4991/4991/3990
f 4993/4993/3992 4992/4992/3991 4988/4988/3987
f 4993/4993/3992 4994/4994/3993 4992/4992/3991
f 4993/4993/3992 4995/4995/3994 4994/4994/3993
f 4996/4996/3995 4995/4995/3994 4993/4993/3992
f 4997/4997/3996 4995/4995/3994 4996/4996/3995
f 4998/4998/3997 4997/4997/3996 4996/4996/3995
f 4999/4999/3998 4998/4998/3997 4996/4996/3995
f 5000/5000/3999 4998/4998/3997 4999/4999/3998
f 5001/5001/4000 5000/5000/3999 4999/4999/3998
f 5002/5002/4001 5001/5001/4000 4999/4999/3998
f 5002/5002/4001 4999/4999/3998 5003/5003/4002
f 5004/5004/4003 5005/5005/4004 5006/5006/4005
f 5004/5004/4003 5007/5007/4006 5005/5005/4004
f 5008/5008/4007 5005/5005/4004 5007/5007/4006
f 5009/5009/4008 5010/5010/4009 5011/5011/4010
f 5010/5010/4009 5012/5012/4011 5011/5011/4010
f 5010/5010/4009 5013/5013/4012 5012/5012/4011
f 5013/5013/4012 5014/5014/4013 5012/5012/4011
f 5013/5013/4012 5015/5015/4014 5014/5014/4013
f 5015/5015/4014 5016/5016/4015 5014/5014/4013
f 5016/5016/4015 5017/5017/4016 5014/5014/4013
f 5018/5018/4017 5019/5019/4018 5020/5020/4019
f 5018/5018/4017 5020/5020/4019 5021/5021/4020
f 5022/5022/4021 5023/5023/4021 5024/5024/4021
f 5025/5025/4022 5026/5026/4023 5027/5027/4024
f 5027/5027/4024 5026/5026/4023 5028/5028/4025
f 5025/5025/4022 5029/5029/4026 5026/5026/4023
f 5030/5030/4027 5031/5031/4028 5032/5032/4029
f 5030/5030/4027 5033/5033/4030 5031/5031/4028
f 5032/5032/4029 5031/5031/4028 5034/5034/4031
f 5035/5035/4032 5032/5032/4029 5034/5034/4031
f 5036/5036/4033 5037/5037/4034 5038/5038/4035
f 5036/5036/4033 5039/5039/4036 5037/5037/4034
f 5036/5036/4033 5038/5038/4035 5040/5040/4037
f 5041/5041/4038 5042/5042/4038 5043/5043/4038
f 5044/5044/4039 5045/5045/4040 5046/5046/4041
f 5047/5047/4042 5046/5046/4041 5045/5045/4040
f 5048/5048/4043 5047/5047/4042 5045/5045/4040
f 5045/5045/4040 5049/5049/4044 5048/5048/4043
f 5050/5050/4045 5051/5051/4045 5052/5052/4045
f 5053/5053/4046 5054/5054/4046 5055/5055/4046
f 5056/5056/4047 5057/5057/4048 5058/5058/4049
f 5057/5057/4048 5059/5059/4050 5058/5058/4049
f 5057/5057/4048 5060/5060/4051 5059/5059/4050
f 5057/5057/4048 5061/5061/4052 5060/5060/4051
f 5062/5062/4053 5063/5063/4054 5064/5064/4055
f 5064/5064/4055 5063/5063/4054 5065/5065/4056
f 5064/5064/4055 5065/5065/4056 5066/5066/4057
f 5067/5067/4058 5068/5068/4059 5069/5069/4060
f 5067/5067/4058 5070/5070/4061 5068/5068/4059
f 5070/5070/4061 5071/5071/4062 5068/5068/4059
f 5071/5071/4062 5072/5072/4063 5068/5068/4059
f 5073/5073/4064 5074/5074/4065 5075/5075/4066
f 5076/5076/4067 5073/5073/4064 5075/5075/4066
f 5073/5073/4064 5077/5077/4068 5074/5074/4065
f 5078/5078/4069 5079/5079/4070 5080/5080/4071
f 5080/5080/4071 5079/5079/4070 5081/5081/4070
f 5082/5082/4072 5083/5083/4073 5084/5084/4074
f 5085/5085/4075 5083/5083/4073 5082/5082/4072
f 5082/5082/4072 5084/5084/4074 5086/5086/4076
f 5087/5087/4077 5088/5088/4077 5089/5089/4077
f 5090/5090/4078 5091/5091/4079 5092/5092/4080
f 5093/5093/4081 5090/5090/4078 5092/5092/4080
f 5094/5094/4082 5090/5090/4078 5093/5093/4081
f 5095/5095/4083 5096/5096/4084 5097/5097/4085
f 5097/5097/4085 5096/5096/4084 5098/5098/4086
f 5099/5099/4087 5095/5095/4083 5097/5097/4085
f 5099/5099/4087 5097/5097/4085 5100/5100/4088
f 5101/5101/4089 5102/5102/4090 5103/5103/4091
f 5102/5102/4090 5104/5104/4092 5103/5103/4091
f 5105/5105/4093 5102/5102/4090 5101/5101/4089
f 5106/5106/4094 5105/5105/4093 5101/5101/4089
f 5104/5104/4092 5107/5107/4095 5103/5103/4091
f 5107/5107/4095 5108/5108/4096 5103/5103/4091
f 5109/5109/4097 5106/5106/4094 5101/5101/4089
f 5107/5107/4095 5110/5110/4098 5108/5108/4096
f 5111/5111/4099 5108/5108/4096 5110/5110/4098
f 5111/5111/4099 5112/5112/4100 5108/5108/4096
f 5113/5113/4101 5112/5112/4100 5111/5111/4099
f 5109/5109/4097 5114/5114/4102 5106/5106/4094
f 5109/5109/4097 5115/5115/4103 5114/5114/4102
f 5109/5109/4097 5116/5116/4104 5115/5115/4103
f 5116/5116/4104 5117/5117/4105 5115/5115/4103
f 5116/5116/4104 5118/5118/4106 5117/5117/4105
f 5118/5118/4106 5116/5116/4104 5119/5119/4107
f 5116/5116/4104 5120/5120/4108 5119/5119/4107
f 5119/5119/4107 5120/5120/4108 5121/5121/4109
f 5120/5120/4108 5122/5122/4110 5121/5121/4109
f 5121/5121/4109 5122/5122/4110 5123/5123/4111
f 5123/5123/4111 5122/5122/4110 5124/5124/4112
f 5122/5122/4110 5125/5125/4113 5124/5124/4112
f 5124/5124/4112 5125/5125/4113 5126/5126/4114
f 5127/5127/4115 5128/5128/4116 5129/5129/4117
f 5127/5127/4115 5130/5130/4118 5128/5128/4116
f 5131/5131/4119 5130/5130/4118 5127/5127/4115
f 5132/5132/4120 5133/5133/4121 5134/5134/4122
f 5135/5135/4123 5133/5133/4121 5132/5132/4120
f 5136/5136/707 5135/5135/4123 5132/5132/4120
f 5137/5137/4124 5138/5138/4125 5139/5139/4126
f 5137/5137/4124 5140/5140/4127 5138/5138/4125
f 5141/5141/4128 5142/5142/4129 5143/5143/4130
f 5143/5143/4130 5142/5142/4129 5144/5144/4131
f 5143/5143/4130 5144/5144/4131 5145/5145/4132
f 5146/5146/1347 5147/5147/4133 5148/5148/4134
f 5147/5147/4133 5149/5149/4135 5148/5148/4134
f 5148/5148/4134 5149/5149/4135 5150/5150/4136
f 5146/5146/1347 5151/5151/1347 5147/5147/4133
f 5152/5152/4137 5153/5153/4138 5154/5154/4139
f 5155/5155/4140 5153/5153/4138 5152/5152/4137
f 5153/5153/4138 5156/5156/4141 5154/5154/4139
f 5157/5157/4142 5158/5158/4142 5159/5159/4142
f 5160/5160/4143 5161/5161/4143 5162/5162/4143
f 5163/5163/4144 5164/5164/4145 5165/5165/4146
f 5164/5164/4145 5166/5166/4147 5165/5165/4146
f 5167/5167/4148 5164/5164/4145 5163/5163/4144
f 5168/5168/4149 5169/5169/2135 5170/5170/2135
f 5171/5171/4150 5168/5168/4149 5170/5170/2135
f 5171/5171/4150 5172/5172/4151 5168/5168/4149
f 5173/5173/4152 5172/5172/4151 5171/5171/4150
f 5174/5174/4153 5175/5175/4154 5176/5176/4155
f 5176/5176/4155 5175/5175/4154 5177/5177/638
f 5178/5178/4156 5179/5179/4157 5180/5180/4158
f 5180/5180/4158 5179/5179/4157 5181/5181/4159
f 5182/5182/4160 5183/5183/4160 5184/5184/4160
f 5185/5185/4161 5186/5186/4161 5187/5187/4161
f 5188/5188/4162 5189/5189/4163 5190/5190/4164
f 5188/5188/4162 5190/5190/4164 5191/5191/4165
f 5192/5192/4166 5189/5189/4163 5188/5188/4162
f 5193/5193/4167 5189/5189/4163 5192/5192/4166
f 5194/5194/4168 5189/5189/4163 5193/5193/4167
f 5195/5195/4169 5194/5194/4168 5193/5193/4167
f 5196/5196/4170 5194/5194/4168 5195/5195/4169
f 5196/5196/4170 5195/5195/4169 5197/5197/4171
f 5197/5197/4171 5195/5195/4169 5198/5198/4172
f 5199/5199/4173 5200/5200/4174 5201/5201/4175
f 5200/5200/4174 5202/5202/4176 5201/5201/4175
f 5201/5201/4175 5202/5202/4176 5203/5203/4177
f 5202/5202/4176 5204/5204/4178 5203/5203/4177
f 5204/5204/4178 5205/5205/4179 5203/5203/4177
f 5205/5205/4179 5206/5206/4180 5203/5203/4177
f 5207/5207/4181 5200/5200/4174 5199/5199/4173
f 5208/5208/4182 5207/5207/4181 5199/5199/4173
f 5208/5208/4182 5209/5209/4183 5207/5207/4181
f 5210/5210/4184 5211/5211/4185 5212/5212/4186
f 5212/5212/4186 5211/5211/4185 5213/5213/4187
f 5211/5211/4185 5214/5214/4188 5213/5213/4187
f 5214/5214/4188 5215/5215/4189 5213/5213/4187
f 5214/5214/4188 5216/5216/4190 5215/5215/4189
f 5216/5216/4190 5217/5217/4191 5215/5215/4189
f 5218/5218/4192 5219/5219/4192 5220/5220/4193
f 5221/5221/4192 5219/5219/4192 5218/5218/4192
f 5222/5222/4194 5223/5223/4195 5224/5224/4196
f 5224/5224/4196 5223/5223/4195 5225/5225/4197
f 5226/5226/4198 5227/5227/4199 5228/5228/4200
f 5228/5228/4200 5227/5227/4199 5229/5229/4201
f 5230/5230/4202 5231/5231/4203 5232/5232/4204
f 5232/5232/4204 5231/5231/4203 5233/5233/4205
f 5234/5234/4206 5235/5235/4207 5236/5236/4208
f 5236/5236/4208 5235/5235/4207 5237/5237/4209
f 5238/5238/4210 5237/5237/4209 5235/5235/4207
f 5239/5239/4211 5240/5240/4212 5241/5241/4213
f 5242/5242/4214 5239/5239/4211 5241/5241/4213
f 5243/5243/4215 5239/5239/4211 5242/5242/4214
f 5244/5244/4216 5245/5245/4217 5246/5246/4218
f 5247/5247/4219 5245/5245/4217 5244/5244/4216
f 5248/5248/4220 5245/5245/4217 5247/5247/4219
f 5249/5249/4221 5250/5250/4222 5251/5251/4223
f 5249/5249/4221 5252/5252/4222 5250/5250/4222
f 5249/5249/4221 5251/5251/4223 5253/5253/4224
f 5254/5254/4225 5255/5255/4225 5256/5256/4225
f 5257/5257/638 5258/5258/638 5259/5259/638
f 5257/5257/638 5260/5260/638 5258/5258/638
f 1617/1617/1338 5261/5261/4226 5262/5262/4227
f 5262/5262/4227 5261/5261/4226 5263/5263/4228
f 5263/5263/4228 5261/5261/4226 5264/5264/4229
f 1615/1615/1336 1617/1617/1338 5262/5262/4227
f 5265/5265/4230 5266/5266/4231 5267/5267/4232
f 5267/5267/4232 5268/5268/4233 5265/5265/4230
f 5267/5267/4232 5269/5269/4234 5268/5268/4233
f 5269/5269/4234 5270/5270/4235 5268/5268/4233
f 5269/5269/4234 5271/5271/4236 5270/5270/4235
f 5269/5269/4234 5272/5272/4237 5271/5271/4236
f 5273/5273/4238 5266/5266/4231 5265/5265/4230
f 5274/5274/4239 5266/5266/4231 5273/5273/4238
f 5274/5274/4239 5275/5275/4240 5266/5266/4231
f 5266/5266/4231 5275/5275/4240 5276/5276/4241
f 5277/5277/4242 5278/5278/4243 5279/5279/4244
f 5279/5279/4244 5278/5278/4243 5280/5280/4245
f 5277/5277/4242 5279/5279/4244 5281/5281/4246
f 5277/5277/4242 5281/5281/4246 5282/5282/4247
f 5283/5283/4248 5284/5284/4248 5285/5285/4248
f 5286/5286/4249 5287/5287/4250 5288/5288/4251
f 5286/5286/4249 5288/5288/4251 5289/5289/4252
f 5290/5290/4253 5291/5291/4254 5292/5292/4255
f 5291/5291/4254 5293/5293/4256 5292/5292/4255
f 5294/5294/4257 5295/5295/4258 5296/5296/4259
f 5297/5297/4260 5294/5294/4257 5296/5296/4259
f 5298/5298/4261 5299/5299/4261 5300/5300/4261
f 5301/5301/5 5302/5302/5 5303/5303/5
f 5304/5304/5 5301/5301/5 5303/5303/5
f 5303/5303/5 5305/5305/5 5304/5304/5
f 5303/5303/5 5306/5306/5 5305/5305/5
f 5307/5307/4262 5308/5308/4263 5309/5309/4264
f 5307/5307/4262 5310/5310/4265 5308/5308/4263
f 5311/5311/4266 5312/5312/4266 5313/5313/4266
f 5314/5314/4267 5315/5315/4267 5316/5316/4267
f 5317/5317/4268 5318/5318/4268 5319/5319/4268
f 5320/5320/4269 5321/5321/4270 5322/5322/4271
f 5320/5320/4269 5323/5323/4272 5321/5321/4270
f 5324/5324/4273 5325/5325/4273 5326/5326/4273
f 5327/5327/4274 5328/5328/4275 5329/5329/4276
f 5327/5327/4274 5329/5329/4276 5330/5330/4277
f 5331/5331/4278 5332/5332/4279 5333/5333/4280
f 5334/5334/4281 5332/5332/4279 5331/5331/4278
f 5335/5335/4282 5336/5336/4283 5337/5337/4284
f 5338/5338/4285 5335/5335/4282 5337/5337/4284
f 5339/5339/4286 5340/5340/4287 5341/5341/4288
f 5339/5339/4286 5342/5342/4289 5340/5340/4287
f 5343/5343/5 5344/5344/5 5345/5345/5
f 5346/5346/5 5343/5343/5 5345/5345/5
f 5345/5345/5 5347/5347/5 5346/5346/5
f 5345/5345/5 5348/5348/5 5347/5347/5
f 5349/5349/4290 5350/5350/4291 5351/5351/4291
f 5349/5349/4290 5352/5352/4292 5350/5350/4291
f 5353/5353/4293 5352/5352/4292 5349/5349/4290
f 5354/5354/4294 5355/5355/4295 5356/5356/4296
f 5354/5354/4294 5357/5357/4297 5355/5355/4295
f 5358/5358/4298 5359/5359/4299 5360/5360/4300
f 5361/5361/4301 5358/5358/4298 5360/5360/4300
f 5362/5362/4302 5363/5363/4303 5364/5364/4304
f 5364/5364/4304 5363/5363/4303 5365/5365/4305
f 5366/5366/4306 5367/5367/4307 5368/5368/4308
f 5369/5369/4309 5367/5367/4307 5366/5366/4306
f 5370/5370/4310 5371/5371/4311 5372/5372/4312
f 5373/5373/4313 5371/5371/4311 5370/5370/4310
f 5374/5374/4314 5375/5375/4315 5376/5376/4316
f 5376/5376/4316 5375/5375/4315 5377/5377/4317
f 5377/5377/4317 5378/5378/4318 5376/5376/4316
f 5376/5376/4316 5378/5378/4318 5379/5379/4319
f 5378/5378/4318 5380/5380/4320 5379/5379/4319
f 5380/5380/4320 5381/5381/4321 5379/5379/4319
f 5374/5374/4314 5382/5382/4322 5375/5375/4315
f 5374/5374/4314 5383/5383/4323 5382/5382/4322
f 5374/5374/4314 5384/5384/4324 5383/5383/4323
f 5374/5374/4314 5385/5385/4325 5384/5384/4324
f 5385/5385/4325 5386/5386/4326 5384/5384/4324
f 5385/5385/4325 5387/5387/4327 5386/5386/4326
f 5386/5386/4326 5387/5387/4327 5388/5388/4328
f 5388/5388/4328 5387/5387/4327 5389/5389/4329
f 5387/5387/4327 5390/5390/4330 5389/5389/4329
f 5389/5389/4329 5390/5390/4330 5391/5391/4331
f 5391/5391/4331 5390/5390/4330 5392/5392/4332
f 5392/5392/4332 5390/5390/4330 5393/5393/4333
f 5392/5392/4332 5393/5393/4333 5394/5394/4334
f 5394/5394/4334 5393/5393/4333 5395/5395/4335
f 5395/5395/4335 5393/5393/4333 5396/5396/4336
f 5397/5397/4337 5395/5395/4335 5396/5396/4336
f 5397/5397/4337 5396/5396/4336 5398/5398/4338
f 5399/5399/4339 5397/5397/4337 5398/5398/4338
f 5381/5381/4321 5399/5399/4339 5398/5398/4338
f 5379/5379/4319 5381/5381/4321 5398/5398/4338
f 5400/5400/5 5401/5401/5 5402/5402/5
f 5400/5400/5 5403/5403/5 5401/5401/5
f 5401/5401/5 5403/5403/5 5404/5404/5
f 5405/5405/5 5401/5401/5 5404/5404/5
f 5406/5406/4340 5407/5407/4341 5408/5408/4342
f 5409/5409/4343 5407/5407/4341 5406/5406/4340
f 5410/5410/4344 5411/5411/4345 5412/5412/4346
f 5412/5412/4346 5411/5411/4345 5413/5413/4347
f 5411/5411/4345 5414/5414/4348 5413/5413/4347
f 5411/5411/4345 5415/5415/4349 5414/5414/4348
f 5416/5416/4350 5417/5417/4351 5418/5418/4352
f 5419/5419/4353 5416/5416/4350 5418/5418/4352
f 5420/5420/4354 5421/5421/4355 5422/5422/4356
f 5422/5422/4356 5421/5421/4355 5423/5423/4357
f 5424/5424/4358 5425/5425/4359 5426/5426/4360
f 5427/5427/4361 5425/5425/4359 5424/5424/4358
f 5428/5428/4362 5429/5429/4363 5430/5430/4364
f 5428/5428/4362 5430/5430/4364 5431/5431/4365
f 5432/5432/4366 5428/5428/4362 5431/5431/4365
f 5433/5433/4367 5434/5434/4368 5435/5435/4369
f 5434/5434/4368 5436/5436/4370 5435/5435/4369
f 5437/5437/4371 5438/5438/4372 5439/5439/4373
f 5440/5440/4374 5437/5437/4371 5439/5439/4373
f 5440/5440/4374 5439/5439/4373 5441/5441/4375
f 5441/5441/4375 5439/5439/4373 5442/5442/4376
f 5443/5443/4377 5444/5444/4378 5445/5445/4379
f 5446/5446/4380 5444/5444/4378 5443/5443/4377
f 5447/5447/4381 5446/5446/4380 5443/5443/4377
f 5448/5448/4382 5449/5449/4382 5450/5450/4382
f 5451/5451/4383 5452/5452/4384 5453/5453/4385
f 5451/5451/4383 5453/5453/4385 5454/5454/4386
f 5455/5455/4387 5451/5451/4383 5454/5454/4386
f 5456/5456/4388 5451/5451/4383 5455/5455/4387
f 5457/5457/4389 5458/5458/4389 5459/5459/4389
f 5460/5460/4390 5461/5461/4391 5462/5462/4392
f 5462/5462/4392 5461/5461/4391 5463/5463/4393
f 5464/5464/4394 5465/5465/4395 5466/5466/4396
f 5466/5466/4396 5465/5465/4395 5467/5467/4397
f 5468/5468/4398 5469/5469/4399 5470/5470/4400
f 5468/5468/4398 5470/5470/4400 5471/5471/4401
f 5471/5471/4401 5470/5470/4400 5472/5472/4402
f 5473/5473/4403 5471/5471/4401 5472/5472/4402
f 5473/5473/4403 5472/5472/4402 5474/5474/4404
f 5475/5475/4405 5473/5473/4403 5474/5474/4404
f 5476/5476/4406 5477/5477/4407 5478/5478/4408
f 5477/5477/4407 5479/5479/4409 5478/5478/4408
f 5480/5480/4410 5481/5481/4411 5482/5482/4412
f 5482/5482/4412 5481/5481/4411 5483/5483/4413
f 5481/5481/4411 5484/5484/4414 5483/5483/4413
f 5481/5481/4411 5485/5485/4415 5484/5484/4414
f 5486/5486/4416 5487/5487/4417 5488/5488/4418
f 5486/5486/4416 5488/5488/4418 5489/5489/4419
f 5487/5487/4417 5490/5490/4420 5488/5488/4418
f 5491/5491/4421 5490/5490/4420 5487/5487/4417
f 5492/5492/4422 5493/5493/4422 5494/5494/4422
f 5495/5495/4423 5496/5496/4424 5497/5497/4425
f 5495/5495/4423 5498/5498/4426 5496/5496/4424
f 5498/5498/4426 5499/5499/4427 5496/5496/4424
f 5500/5500/4428 5501/5501/4429 5502/5502/4430
f 5500/5500/4428 5503/5503/4431 5501/5501/4429
f 5504/5504/4432 5505/5505/4433 5506/5506/4434
f 5507/5507/4435 5505/5505/4433 5504/5504/4432
f 5508/5508/5 5509/5509/5 5510/5510/5
f 5509/5509/5 5511/5511/5 5510/5510/5
f 5512/5512/5 5511/5511/5 5509/5509/5
f 5512/5512/5 5509/5509/5 5513/5513/5
f 5514/5514/4436 5515/5515/4436 5516/5516/4436
f 5517/5517/4437 5518/5518/4438 5519/5519/4439
f 5517/5517/4437 5520/5520/4440 5518/5518/4438
f 5520/5520/4440 5521/5521/4441 5518/5518/4438
f 5522/5522/4442 5517/5517/4437 5519/5519/4439
f 5523/5523/4443 5522/5522/4442 5519/5519/4439
f 5524/5524/4444 5525/5525/4445 5526/5526/4446
f 5527/5527/4447 5524/5524/4444 5526/5526/4446
f 5528/5528/4448 5524/5524/4444 5527/5527/4447
f 987/987/867 5529/5529/4449 5530/5530/4450
f 989/989/869 987/987/867 5530/5530/4450
f 989/989/869 5530/5530/4450 993/993/873
f 5531/5531/4451 5532/5532/4452 5533/5533/4453
f 5531/5531/4451 5534/5534/4454 5532/5532/4452
f 5534/5534/4454 5535/5535/4455 5532/5532/4452
f 5535/5535/4455 5536/5536/4456 5532/5532/4452
f 5532/5532/4452 5536/5536/4456 5537/5537/4457
f 5538/5538/4458 5531/5531/4451 5533/5533/4453
f 5539/5539/4459 5538/5538/4458 5533/5533/4453
f 5539/5539/4459 5533/5533/4453 5540/5540/4460
f 5541/5541/4461 5539/5539/4459 5540/5540/4460
f 5541/5541/4461 5540/5540/4460 5542/5542/4462
f 5543/5543/4463 5544/5544/4464 5545/5545/4465
f 5545/5545/4465 5544/5544/4464 5546/5546/4466
f 5543/5543/4463 5545/5545/4465 5547/5547/4467
f 5543/5543/4463 5547/5547/4467 5548/5548/4468
f 5548/5548/4468 5547/5547/4467 5549/5549/4469
f 5548/5548/4468 5549/5549/4469 5550/5550/4470
f 5550/5550/4470 5549/5549/4469 5551/5551/4471
f 5550/5550/4470 5551/5551/4471 5552/5552/4472
f 5552/5552/4472 5551/5551/4471 5553/5553/4473
f 5546/5546/4466 5544/5544/4464 5554/5554/4474
f 5553/5553/4473 5555/5555/4475 5552/5552/4472
f 5553/5553/4473 5556/5556/4476 5555/5555/4475
f 5557/5557/4477 5558/5558/4478 5559/5559/4479
f 5559/5559/4479 5558/5558/4478 5560/5560/4480
f 5558/5558/4478 5561/5561/4481 5560/5560/4480
f 5560/5560/4480 5561/5561/4481 5562/5562/4482
f 5561/5561/4481 5563/5563/4483 5562/5562/4482
f 5564/5564/4484 5565/5565/4485 5566/5566/4486
f 5567/5567/4487 5564/5564/4484 5566/5566/4486
f 5567/5567/4487 5566/5566/4486 5568/5568/4488
f 5568/5568/4488 5566/5566/4486 5569/5569/4489
f 5569/5569/4489 5566/5566/4486 5570/5570/4489
f 5564/5564/4484 5571/5571/4490 5565/5565/4485
f 5571/5571/4490 5572/5572/4491 5565/5565/4485
f 5572/5572/4491 5573/5573/4492 5565/5565/4485
f 5572/5572/4491 5574/5574/4493 5573/5573/4492
f 5574/5574/4493 5575/5575/4494 5573/5573/4492
f 536/536/494 5576/5576/4495 5577/5577/4496
f 536/536/494 537/537/495 5576/5576/4495
f 5578/5578/4497 5579/5579/4498 5580/5580/4499
f 5578/5578/4497 5580/5580/4499 5581/5581/4500
f 5582/5582/4501 5583/5583/4502 482/482/440
f 5582/5582/4501 482/482/440 483/483/441
f 5584/5584/4503 5585/5585/4503 5586/5586/4504
f 5584/5584/4503 5586/5586/4504 5587/5587/4505
f 5588/5588/4506 5589/5589/4506 5590/5590/4506
f 5588/5588/4506 5590/5590/4506 5591/5591/4506
f 5592/5592/4507 5593/5593/4508 5594/5594/4508
f 5595/5595/4507 5593/5593/4508 5592/5592/4507
f 5596/5596/4509 5597/5597/4509 5598/5598/4509
f 5599/5599/4510 5600/5600/4510 5601/5601/4510
f 5602/5602/4511 5603/5603/4512 5604/5604/4513
f 5605/5605/4514 5603/5603/4512 5602/5602/4511
f 5606/5606/4515 5605/5605/4514 5602/5602/4511
f 5607/5607/4516 5608/5608/4517 5609/5609/4518
f 5610/5610/4519 5608/5608/4517 5607/5607/4516
f 5611/5611/4520 5612/5612/4521 5613/5613/4522
f 5613/5613/4522 5612/5612/4521 5614/5614/4523
f 5612/5612/4521 5615/5615/4524 5614/5614/4523
f 5616/5616/4525 5617/5617/4526 5618/5618/4527
f 5618/5618/4527 5617/5617/4526 5619/5619/4528
f 5620/5620/4529 5621/5621/4530 5622/5622/4531
f 5620/5620/4529 5622/5622/4531 5623/5623/4532
f 5624/5624/4533 5625/5625/4534 5626/5626/4535
f 5627/5627/4536 5624/5624/4533 5626/5626/4535
f 5628/5628/4537 5629/5629/4538 5630/5630/4539
f 5629/5629/4538 5631/5631/4540 5630/5630/4539
f 5632/5632/530 5633/5633/530 5634/5634/530
f 5635/5635/530 5633/5633/530 5632/5632/530
f 5636/5636/529 5637/5637/1086 5638/5638/698
f 5638/5638/698 5637/5637/1086 5639/5639/530
f 5640/5640/4541 5641/5641/4542 5642/5642/4543
f 5640/5640/4541 5642/5642/4543 5643/5643/4544
f 5644/5644/4545 5645/5645/4545 5646/5646/4545
f 5647/5647/4546 5648/5648/4546 5649/5649/4547
f 5649/5649/4547 5648/5648/4546 5650/5650/4547
f 5651/5651/4548 5652/5652/4549 5653/5653/4548
f 5653/5653/4548 5652/5652/4549 5654/5654/4549
f 5655/5655/4550 5656/5656/4551 5657/5657/4552
f 5657/5657/4552 5656/5656/4551 5658/5658/4553
f 5659/5659/4554 5660/5660/4555 5661/5661/4556
f 5661/5661/4556 5660/5660/4555 5662/5662/4557
f 5663/5663/4558 5664/5664/4558 5665/5665/4558
f 5666/5666/4559 5667/5667/4560 5668/5668/4561
f 5666/5666/4559 5669/5669/530 5667/5667/4560
f 5670/5670/4562 5671/5671/4563 5672/5672/1083
f 5670/5670/4562 5672/5672/1083 5673/5673/530
f 5674/5674/4564 5675/5675/4564 5676/5676/4564
f 5677/5677/4565 5678/5678/4566 5679/5679/4567
f 5680/5680/4568 5678/5678/4566 5677/5677/4565
f 5681/5681/4569 5682/5682/4569 5683/5683/4569
f 5681/5681/4569 5684/5684/4569 5682/5682/4569
f 5685/5685/4570 5686/5686/4571 5687/5687/4572
f 5685/5685/4570 5687/5687/4572 5688/5688/4573
f 5689/5689/4574 5690/5690/4575 5691/5691/4576
f 5689/5689/4574 5692/5692/4577 5690/5690/4575
f 5691/5691/4576 5690/5690/4575 5693/5693/4578
f 5691/5691/4576 5693/5693/4578 5694/5694/4579
f 5695/5695/4580 5691/5691/4576 5694/5694/4579
f 5695/5695/4580 5694/5694/4579 5696/5696/4581
f 5697/5697/4582 5695/5695/4580 5696/5696/4581
f 5698/5698/4583 5695/5695/4580 5697/5697/4582
f 5699/5699/4584 5698/5698/4583 5697/5697/4582
f 5700/5700/4585 5698/5698/4583 5699/5699/4584
f 5701/5701/4586 5700/5700/4585 5699/5699/4584
f 5702/5702/4587 5700/5700/4585 5701/5701/4586
f 5703/5703/4588 5700/5700/4585 5702/5702/4587
f 5704/5704/4589 5700/5700/4585 5703/5703/4588
f 5705/5705/4590 5704/5704/4589 5703/5703/4588
f 5706/5706/4591 5704/5704/4589 5705/5705/4590
f 5706/5706/4591 5707/5707/4592 5704/5704/4589
f 5708/5708/4593 5707/5707/4592 5706/5706/4591
f 5708/5708/4593 5709/5709/4594 5707/5707/4592
f 5709/5709/4594 5710/5710/4595 5707/5707/4592
f 5709/5709/4594 5711/5711/4596 5710/5710/4595
f 5711/5711/4596 5712/5712/4597 5710/5710/4595
f 5710/5710/4595 5712/5712/4597 5713/5713/4598
f 5712/5712/4597 5714/5714/4599 5713/5713/4598
f 5713/5713/4598 5714/5714/4599 5715/5715/4600
f 5714/5714/4599 5716/5716/4601 5715/5715/4600
f 5716/5716/4601 5717/5717/4602 5715/5715/4600
f 5715/5715/4600 5717/5717/4602 5718/5718/4603
f 5717/5717/4602 5692/5692/4577 5718/5718/4603
f 5718/5718/4603 5692/5692/4577 5689/5689/4574
f 5719/5719/4604 5720/5720/4605 5721/5721/4606
f 5721/5721/4606 5720/5720/4605 5722/5722/4607
f 5719/5719/4604 5721/5721/4606 5723/5723/4608
f 5724/5724/4609 5725/5725/4609 5726/5726/4609
f 5727/5727/4610 5728/5728/4611 5729/5729/4612
f 5730/5730/4613 5728/5728/4611 5727/5727/4610
f 5731/5731/4614 5732/5732/4614 5733/5733/4614
f 5734/5734/4615 5735/5735/4616 5736/5736/4617
f 5736/5736/4617 5735/5735/4616 5737/5737/4618
f 5738/5738/4619 5739/5739/4619 5740/5740/4619
f 5741/5741/4620 5742/5742/4620 5743/5743/4620
f 5744/5744/4621 5745/5745/4622 5746/5746/4623
f 5744/5744/4621 5747/5747/4624 5745/5745/4622
f 5748/5748/4625 5749/5749/4625 5750/5750/4625
f 5751/5751/4626 5752/5752/4626 5753/5753/4626
f 5754/5754/4627 5755/5755/4628 5756/5756/4629
f 5757/5757/4630 5755/5755/4628 5754/5754/4627
f 5758/5758/4631 5755/5755/4628 5757/5757/4630
f 5758/5758/4631 5759/5759/4632 5755/5755/4628
f 5760/5760/4633 5761/5761/4633 5762/5762/4633
f 5763/5763/4634 5764/5764/4634 5765/5765/4634
f 5766/5766/4635 5767/5767/4636 5768/5768/4637
f 5769/5769/4638 5767/5767/4636 5766/5766/4635
f 5769/5769/4638 5770/5770/4639 5767/5767/4636
f 5770/5770/4639 5771/5771/1034 5767/5767/4636
f 5772/5772/4640 5773/5773/4640 5774/5774/4640
f 5775/5775/4641 5776/5776/4642 5777/5777/4643
f 5775/5775/4641 5777/5777/4643 5778/5778/4644
f 5775/5775/4641 5778/5778/4644 5779/5779/4645
f 5775/5775/4641 5779/5779/4645 5780/5780/4646
f 5781/5781/4647 5782/5782/4648 5783/5783/4649
f 5784/5784/4650 5781/5781/4647 5783/5783/4649
f 5784/5784/4650 5783/5783/4649 5785/5785/4651
f 5785/5785/4651 5783/5783/4649 5786/5786/4652
f 5787/5787/4653 5788/5788/4653 5789/5789/4653
f 5790/5790/4654 5791/5791/4654 5792/5792/4654
f 5793/5793/5 5794/5794/5 5795/5795/5
f 5794/5794/5 5796/5796/5 5795/5795/5
f 5797/5797/5 5798/5798/5 5799/5799/5
f 5797/5797/5 5799/5799/5 5800/5800/5
f 5801/5801/927 5802/5802/14 5803/5803/5
f 5801/5801/927 5804/5804/4655 5802/5802/14
f 5805/5805/4656 5806/5806/4656 5807/5807/4656
f 5808/5808/4657 5809/5809/5 5810/5810/4658
f 5811/5811/4659 5808/5808/4657 5810/5810/4658
f 5812/5812/4660 5813/5813/4661 5814/5814/4662
f 5812/5812/4660 5815/5815/4663 5813/5813/4661
f 5816/5816/4664 5813/5813/4661 5815/5815/4663
f 5817/5817/4665 5818/5818/4666 5819/5819/4667
f 5820/5820/4668 5817/5817/4665 5819/5819/4667
f 5821/5821/4669 5820/5820/4668 5819/5819/4667
f 5822/5822/4670 5823/5823/4671 5824/5824/4672
f 5824/5824/4672 5823/5823/4671 2140/2140/1725
f 5825/5825/4673 5822/5822/4670 5824/5824/4672
f 5823/5823/4671 5826/5826/4674 2140/2140/1725
f 5825/5825/4673 5824/5824/4672 2137/2137/1722
f 2135/2135/1720 5824/5824/4672 2140/2140/1725
f 2137/2137/1722 5824/5824/4672 2135/2135/1720
f 2140/2140/1725 5827/5827/4675 2143/2143/1727
f 5828/5828/4676 5829/5829/4677 5830/5830/4678
f 5831/5831/4679 5828/5828/4676 5830/5830/4678
f 5832/5832/4680 5833/5833/4680 5834/5834/4680
f 5835/5835/4681 5836/5836/4681 5837/5837/4681
f 76/76/58 5838/5838/4682 78/78/60
f 78/78/60 5838/5838/4682 5839/5839/4683
f 5840/5840/4684 5841/5841/4684 5842/5842/4684
f 5843/5843/4685 5844/5844/4686 5845/5845/4687
f 5846/5846/4688 5844/5844/4686 5843/5843/4685
f 5847/5847/4689 5848/5848/4690 5849/5849/4691
f 5848/5848/4690 5850/5850/4692 5849/5849/4691
f 5851/5851/4693 5852/5852/4694 5853/5853/4695
f 5853/5853/4695 5852/5852/4694 5854/5854/4696
f 5855/5855/4697 5856/5856/4698 5857/5857/4699
f 5855/5855/4697 5857/5857/4699 5858/5858/4700
f 5856/5856/4698 5859/5859/4701 5857/5857/4699
f 5859/5859/4701 5860/5860/4702 5857/5857/4699
f 5861/5861/4703 5862/5862/4704 5863/5863/4705
f 5864/5864/4706 5861/5861/4703 5863/5863/4705
f 5865/5865/4707 5861/5861/4703 5864/5864/4706
f 5866/5866/4708 5867/5867/4709 5868/5868/4710
f 5866/5866/4708 5868/5868/4710 5869/5869/4711
f 5870/5870/4712 5871/5871/4713 5872/5872/4714
f 5873/5873/4715 5870/5870/4712 5872/5872/4714
f 5874/5874/4716 5875/5875/4717 5876/5876/4718
f 5877/5877/4719 5874/5874/4716 5876/5876/4718
f 5878/5878/4720 5879/5879/4721 5880/5880/4722
f 5881/5881/4723 5879/5879/4721 5878/5878/4720
f 5882/5882/4724 5883/5883/4725 5884/5884/4726
f 5882/5882/4724 5884/5884/4726 5885/5885/4727
f 5886/5886/4728 5887/5887/4729 5888/5888/4730
f 5889/5889/4731 5887/5887/4729 5886/5886/4728
f 5886/5886/4728 5888/5888/4730 5890/5890/4732
f 5891/5891/4733 5886/5886/4728 5890/5890/4732
f 5892/5892/4734 5893/5893/4735 5894/5894/4736
f 5894/5894/4736 5893/5893/4735 5895/5895/4737
f 5896/5896/4738 5892/5892/4734 5894/5894/4736
f 5896/5896/4738 5894/5894/4736 5897/5897/4739
f 5898/5898/530 5899/5899/530 5900/5900/530
f 5898/5898/530 5901/5901/530 5899/5899/530
f 5899/5899/530 5901/5901/530 5902/5902/690
f 5903/5903/690 5899/5899/530 5902/5902/690
f 5904/5904/4740 5905/5905/4740 5906/5906/4740
f 5907/5907/4741 5908/5908/4742 5909/5909/4743
f 5907/5907/4741 5910/5910/4744 5908/5908/4742
f 5911/5911/686 5912/5912/686 5913/5913/4745
f 5914/5914/4746 5911/5911/686 5913/5913/4745
f 5913/5913/4745 5915/5915/4747 5914/5914/4746
f 5913/5913/4745 5916/5916/4748 5915/5915/4747
f 5917/5917/4749 5918/5918/4750 5919/5919/4751
f 5920/5920/4752 5917/5917/4749 5919/5919/4751
f 5921/5921/4753 5922/5922/4753 5923/5923/4753
f 5924/5924/4754 5925/5925/4755 5926/5926/4756
f 5926/5926/4756 5925/5925/4755 5927/5927/4757
f 5928/5928/530 5929/5929/4758 5930/5930/4759
f 5929/5929/4758 5931/5931/4760 5930/5930/4759
f 5932/5932/4761 5933/5933/4762 5934/5934/4763
f 5935/5935/4764 5933/5933/4762 5932/5932/4761
f 5935/5935/4764 5936/5936/4765 5933/5933/4762
f 5935/5935/4764 5937/5937/4766 5936/5936/4765
f 5938/5938/4767 5939/5939/4768 5940/5940/4769
f 5941/5941/4770 5938/5938/4767 5940/5940/4769
f 5941/5941/4770 5940/5940/4769 5942/5942/4771
f 5943/5943/4772 5941/5941/4770 5942/5942/4771
f 5943/5943/4772 5942/5942/4771 5944/5944/602
f 5945/5945/4773 5944/5944/4773 5946/5946/4773
f 5947/5947/4774 5948/5948/4774 5949/5949/4774
f 5950/5950/4775 5951/5951/4775 5952/5952/4775
f 5953/5953/4776 5954/5954/4777 5955/5955/4778
f 5953/5953/4776 5955/5955/4778 5956/5956/4779
f 5955/5955/4778 5954/5954/4777 5957/5957/4780
f 5957/5957/4780 5958/5958/4781 5955/5955/4778
f 5959/5959/4782 5960/5960/4783 5961/5961/4784
f 5962/5962/4785 5959/5959/4782 5961/5961/4784
f 5959/5959/4782 5963/5963/4786 5960/5960/4783
f 5959/5959/4782 5964/5964/4787 5963/5963/4786
f 5965/5965/4788 5966/5966/4788 5967/5967/4788
f 1489/1489/1223 5968/5968/4789 1492/1492/1226
f 1512/1512/1246 1511/1511/1245 5969/5969/4790
f 5970/5970/4791 5971/5971/4791 5972/5972/4791
f 5973/5973/4792 5974/5974/4793 5975/5975/4794
f 5974/5974/4793 5976/5976/4795 5975/5975/4794
f 5975/5975/4794 5976/5976/4795 5977/5977/4796
f 5973/5973/4792 5975/5975/4794 5978/5978/4797
f 5979/5979/530 5980/5980/531 5981/5981/682
f 5979/5979/530 5982/5982/530 5980/5980/531
f 5983/5983/4798 5984/5984/4799 5985/5985/4800
f 5984/5984/4799 5986/5986/4801 5985/5985/4800
f 5985/5985/4800 5987/5987/4802 5983/5983/4798
f 5983/5983/4798 5987/5987/4802 5988/5988/4803
f 5989/5989/4804 5990/5990/4805 5991/5991/4806
f 5989/5989/4804 5991/5991/4806 5992/5992/4807
f 5993/5993/530 5994/5994/530 5995/5995/531
f 5996/5996/1086 5994/5994/530 5993/5993/530
f 5997/5997/4808 5998/5998/4809 5999/5999/4810
f 6000/6000/4811 5997/5997/4808 5999/5999/4810
f 6001/6001/4812 6002/6002/4812 6003/6003/4812
f 6004/6004/4813 6005/6005/4814 6006/6006/4815
f 6007/6007/4816 6005/6005/4814 6004/6004/4813
f 6008/6008/4817 6009/6009/4818 6010/6010/4819
f 6011/6011/4820 6008/6008/4817 6010/6010/4819
f 6012/6012/4821 6013/6013/4821 6014/6014/4821
f 6015/6015/530 6016/6016/530 6017/6017/530
f 6015/6015/530 6017/6017/530 6018/6018/530
f 6018/6018/530 6019/6019/530 6015/6015/530
f 6019/6019/530 6020/6020/530 6015/6015/530
f 6021/6021/4822 6022/6022/4823 6023/6023/4824
f 6023/6023/4824 6022/6022/4823 6024/6024/4825
f 6025/6025/4826 6026/6026/4827 6027/6027/4828
f 6026/6026/4827 6028/6028/4829 6027/6027/4828
f 6029/6029/4830 6030/6030/4831 6031/6031/4832
f 6031/6031/4832 6030/6030/4831 6032/6032/4833
f 6033/6033/4834 6034/6034/4834 6035/6035/4834
f 6036/6036/4835 6037/6037/4835 6038/6038/4835
f 6039/6039/530 6040/6040/530 6041/6041/530
f 6039/6039/530 6042/6042/530 6040/6040/530
f 6040/6040/530 6042/6042/530 6043/6043/530
f 6044/6044/530 6040/6040/530 6043/6043/530
f 6045/6045/4836 6046/6046/4836 6047/6047/4836
f 6048/6048/4837 6049/6049/4837 6050/6050/4837
f 6051/6051/530 6052/6052/530 6053/6053/530
f 6054/6054/530 6051/6051/530 6053/6053/530
f 6055/6055/4838 6056/6056/4839 6057/6057/4840
f 6055/6055/4838 6057/6057/4840 6058/6058/4841
f 6059/6059/4842 6060/6060/4842 6061/6061/4842
f 6062/6062/4843 6063/6063/4843 6064/6064/4843
f 6065/6065/4844 6066/6066/4844 6063/6063/4845
f 6067/6067/4846 6068/6068/4846 6069/6069/4846
f 6070/6070/4847 6071/6071/4847 6072/6072/4847
f 6073/6073/4848 6074/6074/4849 6075/6075/4850
f 6073/6073/4848 6076/6076/4851 6074/6074/4849
f 6077/6077/4852 6078/6078/4852 6079/6079/4852
f 6080/6080/4853 6081/6081/4854 6082/6082/4855
f 6082/6082/4855 6081/6081/4854 6083/6083/4856
f 6084/6084/4857 6085/6085/4858 6086/6086/4859
f 6087/6087/4860 6084/6084/4857 6086/6086/4859
f 6088/6088/4861 6089/6089/4862 6090/6090/4863
f 6091/6091/4864 6089/6089/4862 6088/6088/4861
f 6092/6092/2472 6093/6093/2472 6094/6094/2472
f 977/977/857 978/978/858 995/995/875
f 977/977/857 995/995/875 980/980/860
f 6095/6095/1818 6096/6096/1818 6097/6097/1818
f 6098/6098/4865 6099/6099/4865 6100/6100/4865
f 973/973/853 974/974/854 6101/6101/4866
f 6101/6101/4866 974/974/854 982/982/862
f 791/791/689 790/790/688 6102/6102/4867
f 861/861/741 873/873/753 6103/6103/4868
f 6104/6104/4869 6105/6105/4869 6106/6106/4869
f 2895/2895/2341 2898/2898/2344 6107/6107/4870
f 6108/6108/4871 6109/6109/4871 6110/6110/4871
f 6111/6111/4872 6112/6112/4872 6113/6113/4872
f 6114/6114/4873 2857/2857/2303 2860/2860/2306
f 1566/1566/1291 6115/6115/4874 6116/6116/4875
f 1566/1566/1291 6116/6116/4875 1567/1567/1292
f 1567/1567/1292 6116/6116/4875 6117/6117/4876
f 1567/1567/1292 6117/6117/4876 6118/6118/4877
f 1565/1565/1290 1567/1567/1292 6118/6118/4877
f 1569/1569/1294 6119/6119/4878 1566/1566/1291
f 6120/6120/4879 6121/6121/4879 6122/6122/4879
f 1947/1947/1546 1991/1991/1580 1946/1946/1545
f 944/944/824 947/947/827 2866/2866/2312
f 6123/6123/4880 6124/6124/4880 6125/6125/4880
f 6126/6126/4881 6127/6127/4881 6128/6128/4881
f 1485/1485/1219 6129/6129/4882 1484/1484/1218
f 6130/6130/4883 6131/6131/4883 6132/6132/4883
f 6133/6133/4884 6134/6134/4884 6135/6135/4884
f 6136/6136/4885 6137/6137/4885 6138/6138/4885
f 6139/6139/4886 6140/6140/4886 6141/6141/4886
f 6142/6142/4887 6143/6143/4887 6144/6144/4887
f 4560/4560/3632 4561/4561/3633 6145/6145/4888
f 4561/4561/3633 6146/6146/4889 6145/6145/4888
f 6147/6147/4890 2241/2241/1804 2243/2243/1806
o white_Mesh_0027.rip_Mesh_0027.rip_mesh0000.002
v 0.016951 0.228473 0.112718
v 0.000645 0.227807 0.114089
v 0.005625 0.207804 0.113839
v 0.016815 0.208340 0.112644
v -0.005115 0.208046 0.113860
v -0.016233 0.228058 0.112885
v -0.016882 0.209008 0.112702
v -0.016263 0.204927 0.110067
v -0.005115 0.208046 0.113860
v -0.016882 0.209008 0.112702
v -0.001028 0.204969 0.110973
v 0.005625 0.207804 0.113839
v 0.016768 0.204846 0.109471
v 0.016815 0.208340 0.112644
v 0.018407 0.214809 0.095153
v 0.020033 0.216845 0.097198
v 0.016809 0.208178 0.093872
v 0.018428 0.215043 0.095068
v 0.018414 0.215047 0.095052
v 0.018399 0.215051 0.095035
v 0.018414 0.215047 0.095052
v 0.018394 0.215014 0.095041
v 0.018377 0.215038 0.095020
v 0.018369 0.215003 0.095018
v 0.018369 0.215003 0.095018
v 0.018377 0.215038 0.095020
v 0.018341 0.215029 0.094987
v 0.018348 0.215012 0.094996
v 0.018317 0.215012 0.094967
v 0.018306 0.215034 0.094954
v 0.018291 0.214997 0.094941
v 0.018285 0.215017 0.094940
v 0.018305 0.214991 0.094955
v 0.018267 0.215013 0.094924
v 0.018306 0.215034 0.094954
v 0.018287 0.215036 0.094936
v 0.018249 0.215009 0.094909
v 0.018267 0.215039 0.094917
v 0.018247 0.215041 0.094896
v 0.018211 0.215005 0.094879
v 0.018206 0.215029 0.094868
v 0.018194 0.214997 0.094863
v 0.018187 0.215017 0.094859
v 0.018167 0.214991 0.094841
v 0.018225 0.214985 0.094879
v 0.018196 0.214979 0.094851
v 0.018182 0.214976 0.094838
v 0.018168 0.215012 0.094845
v 0.018139 0.214986 0.094818
v 0.018167 0.214973 0.094824
v 0.018148 0.215007 0.094831
v 0.018121 0.214982 0.094804
v 0.018153 0.214971 0.094810
v 0.018103 0.214978 0.094789
v 0.018138 0.214968 0.094797
v 0.018085 0.214975 0.094775
v 0.018124 0.214966 0.094783
v 0.018083 0.214992 0.094786
v 0.018102 0.214997 0.094799
v 0.018121 0.214982 0.094804
v 0.018131 0.215007 0.094818
v 0.018067 0.214971 0.094760
v 0.018063 0.214987 0.094772
v 0.018048 0.214978 0.094761
v 0.018131 0.215007 0.094818
v 0.018139 0.214986 0.094818
v 0.018121 0.214982 0.094804
v 0.018103 0.214978 0.094789
v 0.018085 0.214975 0.094775
v 0.018109 0.214963 0.094770
v 0.018092 0.214966 0.094758
v 0.018080 0.214957 0.094744
v 0.018048 0.214978 0.094761
v 0.018065 0.214961 0.094732
v 0.018033 0.214969 0.094743
v 0.018015 0.214965 0.094729
v 0.018034 0.214957 0.094705
v 0.017978 0.214955 0.094691
v 0.017991 0.214959 0.094708
v 0.018004 0.214953 0.094679
v 0.018019 0.214955 0.094692
v 0.017952 0.214949 0.094655
v 0.017955 0.214952 0.094681
v 0.017930 0.214949 0.094670
v 0.017909 0.214943 0.094638
v 0.017936 0.214945 0.094621
v 0.017886 0.214939 0.094603
v 0.017707 0.214909 0.094504
v 0.017884 0.214939 0.094629
v 0.017858 0.214935 0.094620
v 0.017920 0.214944 0.094609
v 0.017831 0.214931 0.094609
v 0.017889 0.214939 0.094583
v 0.017821 0.214930 0.094555
v 0.017781 0.214921 0.094581
v 0.017721 0.214910 0.094526
v 0.017807 0.214932 0.094521
v 0.017697 0.214905 0.094531
v 0.017761 0.214917 0.094562
v 0.017729 0.214918 0.094568
v 0.017735 0.214923 0.094478
v 0.017790 0.214931 0.094509
v 0.017553 0.214900 0.094452
v 0.017756 0.214928 0.094484
v 0.017821 0.214930 0.094555
v 0.017886 0.214939 0.094603
v 0.017857 0.214937 0.094558
v 0.017807 0.214932 0.094521
v 0.017886 0.214939 0.094603
v 0.017905 0.214942 0.094596
v 0.017824 0.214934 0.094533
v 0.017807 0.214932 0.094521
v 0.017650 0.214903 0.094456
v 0.017595 0.214906 0.094466
v 0.017693 0.214922 0.094442
v 0.017602 0.214908 0.094423
v 0.017572 0.214903 0.094458
v 0.017602 0.214908 0.094423
v 0.017622 0.214911 0.094415
v 0.017676 0.214920 0.094432
v 0.017641 0.214917 0.094410
v 0.017723 0.214924 0.094462
v 0.017553 0.214900 0.094452
v 0.017572 0.214903 0.094458
v 0.017616 0.214914 0.094396
v 0.017622 0.214911 0.094415
v 0.017598 0.214913 0.094387
v 0.018377 0.215038 0.095020
v 0.020033 0.216845 0.097198
v 0.018399 0.215051 0.095035
v 0.018361 0.215041 0.095003
v 0.020033 0.216845 0.097198
v 0.018377 0.215038 0.095020
v 0.018414 0.215047 0.095052
v 0.018428 0.215043 0.095068
v 0.018361 0.215041 0.095003
v 0.018399 0.215051 0.095035
v 0.018377 0.215038 0.095020
v 0.018341 0.215029 0.094987
v 0.018377 0.215038 0.095020
v 0.018428 0.215043 0.095068
v 0.018414 0.215047 0.095052
v 0.018399 0.215051 0.095035
v 0.018361 0.215041 0.095003
v 0.018341 0.215029 0.094987
v 0.018377 0.215038 0.095020
v 0.018838 0.215329 0.095048
v 0.020033 0.216845 0.097198
v 0.018361 0.215041 0.095003
v 0.020012 0.216442 0.063954
v 0.017619 0.214779 0.064753
v 0.017656 0.214873 0.094290
v 0.017595 0.214906 0.094466
v 0.017572 0.214903 0.094458
v 0.017392 0.214810 0.094182
v 0.017362 0.214807 0.094180
v 0.017277 0.214854 0.094352
v 0.017534 0.214897 0.094445
v 0.017324 0.214798 0.094156
v 0.017294 0.214796 0.094154
v 0.017258 0.214789 0.094129
v 0.012261 0.214778 0.093963
v 0.017362 0.214807 0.094180
v 0.017225 0.214788 0.094107
v 0.017168 0.214780 0.094064
v 0.017324 0.214798 0.094156
v 0.017294 0.214796 0.094154
v 0.017243 0.214791 0.094115
v 0.017656 0.214873 0.094290
v 0.017553 0.214900 0.094452
v 0.017258 0.214789 0.094129
v 0.017243 0.214791 0.094115
v 0.017192 0.214782 0.094102
v 0.008350 0.214776 0.097097
v -0.008248 0.214776 0.096956
v -0.007912 0.214776 0.101842
v 0.008050 0.214776 0.101711
v 0.009500 0.214776 0.066445
v -0.011516 0.214776 0.094312
v 0.000605 0.214776 0.066998
v -0.007757 0.214771 0.066633
v -0.016580 0.214779 0.093744
v -0.017747 0.214817 0.064636
v -0.019894 0.216305 0.096312
v -0.019930 0.216615 0.063973
v 0.017227 0.214787 0.094128
v 0.017208 0.214785 0.094120
v 0.017243 0.214791 0.094115
v 0.017258 0.214789 0.094129
v 0.018348 0.215012 0.094996
v 0.018394 0.215014 0.095041
v 0.018369 0.215003 0.095018
v 0.018369 0.215003 0.095018
v 0.018394 0.215014 0.095041
v 0.018348 0.215012 0.094996
v 0.018324 0.215032 0.094971
v 0.018361 0.215041 0.095003
v 0.018341 0.215029 0.094987
v 0.018285 0.215017 0.094940
v 0.018341 0.215029 0.094987
v 0.018361 0.215041 0.095003
v 0.018324 0.215032 0.094971
v 0.018285 0.215017 0.094940
v 0.018306 0.215034 0.094954
v 0.018838 0.215329 0.095048
v 0.018361 0.215041 0.095003
v 0.018324 0.215032 0.094971
v 0.018306 0.215034 0.094954
v 0.018267 0.215039 0.094917
v 0.018247 0.215041 0.094896
v 0.018206 0.215029 0.094868
v 0.018148 0.215007 0.094831
v 0.018131 0.215007 0.094818
v 0.018126 0.215022 0.094800
v 0.018032 0.214992 0.094747
v 0.018052 0.214998 0.094759
v 0.018093 0.215009 0.094785
v 0.018131 0.215007 0.094818
v 0.018102 0.214997 0.094799
v 0.018063 0.214987 0.094772
v 0.018048 0.214978 0.094761
v 0.018032 0.214992 0.094747
v 0.018033 0.214969 0.094743
v 0.018015 0.214965 0.094729
v 0.018011 0.214987 0.094734
v 0.017994 0.214970 0.094726
v 0.017972 0.214967 0.094712
v 0.018126 0.215022 0.094800
v 0.018148 0.215007 0.094831
v 0.018011 0.214987 0.094734
v 0.017610 0.214893 0.094502
v 0.017595 0.214906 0.094466
v 0.017574 0.214886 0.094483
v 0.017572 0.214903 0.094458
v 0.017556 0.214883 0.094475
v 0.017553 0.214900 0.094452
v 0.017574 0.214886 0.094483
v 0.017534 0.214897 0.094445
v 0.018305 0.214991 0.094955
v 0.018407 0.214809 0.095153
v 0.018275 0.214984 0.094926
v 0.018283 0.214971 0.094940
v 0.018291 0.214997 0.094941
v 0.018215 0.214958 0.094879
v 0.018153 0.214971 0.094810
v 0.018241 0.214979 0.094893
v 0.018211 0.214973 0.094864
v 0.018215 0.214958 0.094879
v 0.018259 0.214990 0.094911
v 0.018275 0.214984 0.094926
v 0.018225 0.214985 0.094879
v 0.018153 0.214971 0.094810
v 0.018182 0.214976 0.094838
v 0.018092 0.214966 0.094758
v 0.018010 0.214936 0.094699
v 0.017558 0.214766 0.094546
v 0.017886 0.214939 0.094603
v 0.017821 0.214930 0.094555
v 0.017721 0.214910 0.094526
v 0.017277 0.214854 0.094352
v 0.017138 0.214818 0.094294
v 0.017027 0.214804 0.094254
v 0.016971 0.214794 0.094241
v 0.018196 0.214979 0.094851
v 0.018211 0.214973 0.094864
v 0.018306 0.215034 0.094954
v 0.018341 0.215029 0.094987
v 0.018324 0.215032 0.094971
v 0.018324 0.215032 0.094971
v 0.018341 0.215029 0.094987
v 0.018306 0.215034 0.094954
v 0.018291 0.214997 0.094941
v 0.018407 0.214809 0.095153
v 0.018305 0.214991 0.094955
v 0.018306 0.215034 0.094954
v 0.018324 0.215032 0.094971
v 0.018287 0.215036 0.094936
v 0.018287 0.215036 0.094936
v 0.018324 0.215032 0.094971
v 0.018306 0.215034 0.094954
v 0.017558 0.214766 0.094546
v 0.012261 0.214778 0.093963
v 0.011680 0.207400 0.094541
v 0.008369 0.208707 0.096660
v 0.008350 0.214776 0.097097
v 0.019854 0.207920 0.097093
v 0.018275 0.214984 0.094926
v 0.018317 0.215012 0.094967
v 0.018291 0.214997 0.094941
v 0.018291 0.214997 0.094941
v 0.018317 0.215012 0.094967
v 0.018275 0.214984 0.094926
v 0.018305 0.214991 0.094955
v 0.018317 0.215012 0.094967
v 0.018291 0.214997 0.094941
v 0.018275 0.214984 0.094926
v 0.018259 0.214990 0.094911
v 0.018267 0.215013 0.094924
v 0.018305 0.214991 0.094955
v 0.018291 0.214997 0.094941
v 0.018267 0.215039 0.094917
v 0.018306 0.215034 0.094954
v 0.018287 0.215036 0.094936
v 0.018215 0.214958 0.094879
v 0.018283 0.214971 0.094940
v 0.018153 0.214971 0.094810
v 0.018267 0.215013 0.094924
v 0.018291 0.214997 0.094941
v 0.018275 0.214984 0.094926
v 0.018249 0.215009 0.094909
v 0.018249 0.215009 0.094909
v 0.018291 0.214997 0.094941
v 0.018267 0.215013 0.094924
v 0.018275 0.214984 0.094926
v 0.018267 0.215013 0.094924
v 0.018275 0.214984 0.094926
v 0.018259 0.214990 0.094911
v 0.018259 0.214990 0.094911
v 0.018275 0.214984 0.094926
v 0.018267 0.215013 0.094924
v 0.018249 0.215009 0.094909
v 0.018267 0.215013 0.094924
v 0.018230 0.215005 0.094893
v 0.018230 0.215005 0.094893
v 0.018267 0.215013 0.094924
v 0.018259 0.214990 0.094911
v 0.018249 0.215009 0.094909
v 0.018241 0.214979 0.094893
v 0.018211 0.215005 0.094879
v 0.018230 0.215005 0.094893
v 0.018225 0.214985 0.094879
v 0.018194 0.214997 0.094863
v 0.018230 0.215005 0.094893
v 0.018227 0.215028 0.094888
v 0.018267 0.215039 0.094917
v 0.018247 0.215041 0.094896
v 0.018206 0.215029 0.094868
v 0.018187 0.215017 0.094859
v 0.018227 0.215028 0.094888
v 0.018259 0.214990 0.094911
v 0.018267 0.215013 0.094924
v 0.018249 0.215009 0.094909
v 0.018241 0.214979 0.094893
v 0.018230 0.215005 0.094893
v 0.018247 0.215041 0.094896
v 0.018267 0.215039 0.094917
v 0.018227 0.215028 0.094888
v 0.018206 0.215029 0.094868
v 0.018227 0.215028 0.094888
v 0.018187 0.215017 0.094859
v 0.018168 0.215012 0.094845
v 0.018206 0.215029 0.094868
v 0.018148 0.215007 0.094831
v 0.018230 0.215005 0.094893
v 0.018259 0.214990 0.094911
v 0.018225 0.214985 0.094879
v 0.018225 0.214985 0.094879
v 0.018259 0.214990 0.094911
v 0.018230 0.215005 0.094893
v 0.018230 0.215005 0.094893
v 0.018241 0.214979 0.094893
v 0.018225 0.214985 0.094879
v 0.018225 0.214985 0.094879
v 0.018241 0.214979 0.094893
v 0.018230 0.215005 0.094893
v 0.018225 0.214985 0.094879
v 0.018230 0.215005 0.094893
v 0.018194 0.214997 0.094863
v 0.018225 0.214985 0.094879
v 0.018230 0.215005 0.094893
v 0.018211 0.214973 0.094864
v 0.018211 0.214973 0.094864
v 0.018230 0.215005 0.094893
v 0.018225 0.214985 0.094879
v 0.018211 0.214973 0.094864
v 0.018225 0.214985 0.094879
v 0.018196 0.214979 0.094851
v 0.018182 0.214976 0.094838
v 0.018148 0.215007 0.094831
v 0.018187 0.215017 0.094859
v 0.018168 0.215012 0.094845
v 0.018168 0.215012 0.094845
v 0.018131 0.215007 0.094818
v 0.018168 0.215012 0.094845
v 0.018148 0.215007 0.094831
v 0.018102 0.214997 0.094799
v 0.018083 0.214992 0.094786
v 0.018131 0.215007 0.094818
v 0.018126 0.215022 0.094800
v 0.018148 0.215007 0.094831
v 0.018168 0.215012 0.094845
v 0.018131 0.215007 0.094818
v 0.018102 0.214997 0.094799
v 0.018167 0.214973 0.094824
v 0.018196 0.214979 0.094851
v 0.018182 0.214976 0.094838
v 0.018182 0.214976 0.094838
v 0.018138 0.214968 0.094797
v 0.018153 0.214971 0.094810
v 0.018153 0.214971 0.094810
v 0.018124 0.214966 0.094783
v 0.018109 0.214963 0.094770
v 0.018124 0.214966 0.094783
v 0.018153 0.214971 0.094810
v 0.018182 0.214976 0.094838
v 0.018167 0.214973 0.094824
v 0.018167 0.214973 0.094824
v 0.018138 0.214968 0.094797
v 0.018124 0.214966 0.094783
v 0.018139 0.214986 0.094818
v 0.018148 0.215007 0.094831
v 0.018131 0.215007 0.094818
v 0.018121 0.214982 0.094804
v 0.018103 0.214978 0.094789
v 0.018102 0.214997 0.094799
v 0.018148 0.215007 0.094831
v 0.018126 0.215022 0.094800
v 0.018083 0.214992 0.094786
v 0.018080 0.214957 0.094744
v 0.018153 0.214971 0.094810
v 0.018010 0.214936 0.094699
v 0.018124 0.214966 0.094783
v 0.018109 0.214963 0.094770
v 0.018010 0.214936 0.094699
v 0.018153 0.214971 0.094810
v 0.018092 0.214966 0.094758
v 0.018109 0.214963 0.094770
v 0.018153 0.214971 0.094810
v 0.018124 0.214966 0.094783
v 0.018124 0.214966 0.094783
v 0.018153 0.214971 0.094810
v 0.018109 0.214963 0.094770
v 0.018067 0.214971 0.094760
v 0.018085 0.214975 0.094775
v 0.018063 0.214987 0.094772
v 0.018102 0.214997 0.094799
v 0.018083 0.214992 0.094786
v 0.018085 0.214975 0.094775
v 0.018124 0.214966 0.094783
v 0.018067 0.214971 0.094760
v 0.018048 0.214978 0.094761
v 0.018085 0.214975 0.094775
v 0.018067 0.214971 0.094760
v 0.018067 0.214971 0.094760
v 0.018085 0.214975 0.094775
v 0.018048 0.214978 0.094761
v 0.018092 0.214966 0.094758
v 0.018109 0.214963 0.094770
v 0.018080 0.214957 0.094744
v 0.018033 0.214969 0.094743
v 0.018063 0.214987 0.094772
v 0.018048 0.214978 0.094761
v 0.018048 0.214978 0.094761
v 0.018063 0.214987 0.094772
v 0.018033 0.214969 0.094743
v 0.018080 0.214957 0.094744
v 0.018109 0.214963 0.094770
v 0.018092 0.214966 0.094758
v 0.018033 0.214969 0.094743
v 0.018067 0.214971 0.094760
v 0.018048 0.214978 0.094761
v 0.018048 0.214978 0.094761
v 0.018067 0.214971 0.094760
v 0.018033 0.214969 0.094743
v 0.018033 0.214969 0.094743
v 0.018048 0.214978 0.094761
v 0.018015 0.214965 0.094729
v 0.018015 0.214965 0.094729
v 0.018048 0.214978 0.094761
v 0.018033 0.214969 0.094743
v 0.018065 0.214961 0.094732
v 0.018092 0.214966 0.094758
v 0.018080 0.214957 0.094744
v 0.018050 0.214959 0.094719
v 0.018080 0.214957 0.094744
v 0.018092 0.214966 0.094758
v 0.018065 0.214961 0.094732
v 0.018050 0.214959 0.094719
v 0.018032 0.214992 0.094747
v 0.018052 0.214998 0.094759
v 0.018011 0.214987 0.094734
v 0.018032 0.214992 0.094747
v 0.018050 0.214959 0.094719
v 0.018080 0.214957 0.094744
v 0.018010 0.214936 0.094699
v 0.018019 0.214955 0.094692
v 0.017952 0.214944 0.094635
v 0.018034 0.214957 0.094705
v 0.018065 0.214961 0.094732
v 0.018050 0.214959 0.094719
v 0.018050 0.214959 0.094719
v 0.017994 0.214970 0.094726
v 0.018015 0.214965 0.094729
v 0.017991 0.214959 0.094708
v 0.017991 0.214959 0.094708
v 0.018015 0.214965 0.094729
v 0.017994 0.214970 0.094726
v 0.017956 0.214961 0.094700
v 0.018011 0.214987 0.094734
v 0.017972 0.214967 0.094712
v 0.018838 0.215329 0.095048
v 0.018011 0.214987 0.094734
v 0.017956 0.214961 0.094700
v 0.017991 0.214959 0.094708
v 0.017994 0.214970 0.094726
v 0.017972 0.214967 0.094712
v 0.017972 0.214967 0.094712
v 0.017994 0.214970 0.094726
v 0.017991 0.214959 0.094708
v 0.018034 0.214957 0.094705
v 0.018050 0.214959 0.094719
v 0.018019 0.214955 0.094692
v 0.018034 0.214957 0.094705
v 0.017972 0.214967 0.094712
v 0.017991 0.214959 0.094708
v 0.017956 0.214961 0.094700
v 0.017956 0.214961 0.094700
v 0.017991 0.214959 0.094708
v 0.017972 0.214967 0.094712
v 0.017956 0.214961 0.094700
v 0.017991 0.214959 0.094708
v 0.017978 0.214955 0.094691
v 0.017978 0.214955 0.094691
v 0.017991 0.214959 0.094708
v 0.017956 0.214961 0.094700
v 0.017956 0.214961 0.094700
v 0.017972 0.214967 0.094712
v 0.017936 0.214960 0.094690
v 0.017936 0.214960 0.094690
v 0.017972 0.214967 0.094712
v 0.017956 0.214961 0.094700
v 0.017920 0.214966 0.094677
v 0.017972 0.214967 0.094712
v 0.017956 0.214961 0.094700
v 0.017956 0.214961 0.094700
v 0.017972 0.214967 0.094712
v 0.017920 0.214966 0.094677
v 0.017956 0.214961 0.094700
v 0.017972 0.214967 0.094712
v 0.017955 0.214952 0.094681
v 0.017955 0.214952 0.094681
v 0.017972 0.214967 0.094712
v 0.017956 0.214961 0.094700
v 0.017952 0.214949 0.094655
v 0.018010 0.214936 0.094699
v 0.017886 0.214939 0.094603
v 0.017956 0.214961 0.094700
v 0.017978 0.214955 0.094691
v 0.017955 0.214952 0.094681
v 0.017955 0.214952 0.094681
v 0.017978 0.214955 0.094691
v 0.017956 0.214961 0.094700
v 0.017936 0.214960 0.094690
v 0.017956 0.214961 0.094700
v 0.017955 0.214952 0.094681
v 0.017920 0.214966 0.094677
v 0.017956 0.214961 0.094700
v 0.017936 0.214960 0.094690
v 0.018838 0.215329 0.095048
v 0.017920 0.214966 0.094677
v 0.017903 0.214967 0.094661
v 0.017856 0.214957 0.094631
v 0.017874 0.214956 0.094650
v 0.017920 0.214966 0.094677
v 0.017763 0.214929 0.094587
v 0.017955 0.214952 0.094681
v 0.017956 0.214961 0.094700
v 0.017936 0.214960 0.094690
v 0.017952 0.214944 0.094635
v 0.018010 0.214936 0.094699
v 0.017952 0.214949 0.094655
v 0.018004 0.214953 0.094679
v 0.018019 0.214955 0.094692
v 0.017986 0.214953 0.094670
v 0.017986 0.214953 0.094670
v 0.018019 0.214955 0.094692
v 0.018004 0.214953 0.094679
v 0.017936 0.214960 0.094690
v 0.017955 0.214952 0.094681
v 0.017930 0.214949 0.094670
v 0.017909 0.214948 0.094666
v 0.017930 0.214949 0.094670
v 0.017955 0.214952 0.094681
v 0.017936 0.214960 0.094690
v 0.017909 0.214948 0.094666
v 0.017986 0.214953 0.094670
v 0.018019 0.214955 0.094692
v 0.017952 0.214944 0.094635
v 0.017952 0.214949 0.094655
v 0.018004 0.214953 0.094679
v 0.017986 0.214953 0.094670
v 0.017920 0.214966 0.094677
v 0.017936 0.214960 0.094690
v 0.017930 0.214949 0.094670
v 0.017930 0.214949 0.094670
v 0.017936 0.214960 0.094690
v 0.017920 0.214966 0.094677
v 0.017920 0.214966 0.094677
v 0.017930 0.214949 0.094670
v 0.017909 0.214948 0.094666
v 0.017909 0.214948 0.094666
v 0.017930 0.214949 0.094670
v 0.017920 0.214966 0.094677
v 0.017874 0.214956 0.094650
v 0.017920 0.214966 0.094677
v 0.017909 0.214948 0.094666
v 0.017890 0.214944 0.094653
v 0.017903 0.214967 0.094661
v 0.017920 0.214966 0.094677
v 0.017909 0.214948 0.094666
v 0.017890 0.214944 0.094653
v 0.017890 0.214944 0.094653
v 0.017920 0.214966 0.094677
v 0.017903 0.214967 0.094661
v 0.017909 0.214948 0.094666
v 0.017909 0.214948 0.094666
v 0.017930 0.214949 0.094670
v 0.017890 0.214944 0.094653
v 0.017909 0.214943 0.094638
v 0.017858 0.214935 0.094620
v 0.017952 0.214949 0.094655
v 0.017986 0.214953 0.094670
v 0.017974 0.214950 0.094653
v 0.017874 0.214956 0.094650
v 0.017903 0.214967 0.094661
v 0.017890 0.214944 0.094653
v 0.017890 0.214944 0.094653
v 0.017903 0.214967 0.094661
v 0.017874 0.214956 0.094650
v 0.017974 0.214950 0.094653
v 0.017986 0.214953 0.094670
v 0.017952 0.214944 0.094635
v 0.017936 0.214945 0.094621
v 0.017952 0.214949 0.094655
v 0.017952 0.214944 0.094635
v 0.017909 0.214943 0.094638
v 0.017930 0.214949 0.094670
v 0.017884 0.214939 0.094629
v 0.017884 0.214939 0.094629
v 0.017909 0.214943 0.094638
v 0.017863 0.214941 0.094641
v 0.017890 0.214944 0.094653
v 0.017874 0.214956 0.094650
v 0.017843 0.214939 0.094631
v 0.017874 0.214956 0.094650
v 0.017890 0.214944 0.094653
v 0.017863 0.214941 0.094641
v 0.017952 0.214944 0.094635
v 0.017974 0.214950 0.094653
v 0.017952 0.214949 0.094655
v 0.017863 0.214941 0.094641
v 0.017890 0.214944 0.094653
v 0.017884 0.214939 0.094629
v 0.017831 0.214931 0.094609
v 0.017856 0.214957 0.094631
v 0.017874 0.214956 0.094650
v 0.017863 0.214941 0.094641
v 0.017831 0.214931 0.094609
v 0.017936 0.214945 0.094621
v 0.017974 0.214950 0.094653
v 0.017952 0.214944 0.094635
v 0.017858 0.214935 0.094620
v 0.017909 0.214943 0.094638
v 0.017884 0.214939 0.094629
v 0.017952 0.214949 0.094655
v 0.017974 0.214950 0.094653
v 0.017936 0.214945 0.094621
v 0.017952 0.214949 0.094655
v 0.017974 0.214950 0.094653
v 0.017952 0.214944 0.094635
v 0.017952 0.214944 0.094635
v 0.017952 0.214949 0.094655
v 0.017936 0.214945 0.094621
v 0.017843 0.214939 0.094631
v 0.017874 0.214956 0.094650
v 0.017856 0.214957 0.094631
v 0.017905 0.214942 0.094596
v 0.017952 0.214949 0.094655
v 0.017886 0.214939 0.094603
v 0.017952 0.214944 0.094635
v 0.017872 0.214939 0.094571
v 0.017905 0.214942 0.094596
v 0.017840 0.214935 0.094545
v 0.017821 0.214930 0.094555
v 0.017807 0.214932 0.094521
v 0.017821 0.214930 0.094555
v 0.017772 0.214929 0.094497
v 0.017721 0.214910 0.094526
v 0.017790 0.214931 0.094509
v 0.017701 0.214916 0.094460
v 0.017277 0.214854 0.094352
v 0.017756 0.214928 0.094484
v 0.017723 0.214924 0.094462
v 0.017735 0.214923 0.094478
v 0.017723 0.214924 0.094462
v 0.017658 0.214918 0.094421
v 0.017693 0.214922 0.094442
v 0.017676 0.214920 0.094432
v 0.017641 0.214917 0.094410
v 0.017807 0.214932 0.094521
v 0.017824 0.214934 0.094533
v 0.017693 0.214922 0.094442
v 0.017701 0.214916 0.094460
v 0.017641 0.214917 0.094410
v 0.017598 0.214913 0.094387
v 0.017884 0.214939 0.094629
v 0.017890 0.214944 0.094653
v 0.017858 0.214935 0.094620
v 0.017815 0.214941 0.094616
v 0.017874 0.214956 0.094650
v 0.017831 0.214931 0.094609
v 0.017803 0.214927 0.094599
v 0.017783 0.214931 0.094599
v 0.017856 0.214957 0.094631
v 0.017874 0.214956 0.094650
v 0.017815 0.214941 0.094616
v 0.017843 0.214939 0.094631
v 0.017863 0.214941 0.094641
v 0.017856 0.214957 0.094631
v 0.017843 0.214939 0.094631
v 0.017863 0.214941 0.094641
v 0.017858 0.214935 0.094620
v 0.017831 0.214931 0.094609
v 0.017856 0.214957 0.094631
v 0.017863 0.214941 0.094641
v 0.017843 0.214939 0.094631
v 0.017920 0.214944 0.094609
v 0.017952 0.214944 0.094635
v 0.017936 0.214945 0.094621
v 0.017936 0.214945 0.094621
v 0.017952 0.214944 0.094635
v 0.017920 0.214944 0.094609
v 0.017889 0.214939 0.094583
v 0.017831 0.214931 0.094609
v 0.017863 0.214941 0.094641
v 0.017843 0.214939 0.094631
v 0.017889 0.214939 0.094583
v 0.017952 0.214944 0.094635
v 0.017905 0.214942 0.094596
v 0.017831 0.214931 0.094609
v 0.017884 0.214939 0.094629
v 0.017858 0.214935 0.094620
v 0.017858 0.214935 0.094620
v 0.017863 0.214941 0.094641
v 0.017831 0.214931 0.094609
v 0.017815 0.214941 0.094616
v 0.017843 0.214939 0.094631
v 0.017831 0.214931 0.094609
v 0.017831 0.214931 0.094609
v 0.017843 0.214939 0.094631
v 0.017815 0.214941 0.094616
v 0.017781 0.214921 0.094581
v 0.017856 0.214957 0.094631
v 0.017815 0.214941 0.094616
v 0.017783 0.214931 0.094599
v 0.017763 0.214929 0.094587
v 0.017856 0.214957 0.094631
v 0.017781 0.214921 0.094581
v 0.017905 0.214942 0.094596
v 0.017936 0.214945 0.094621
v 0.017920 0.214944 0.094609
v 0.017920 0.214944 0.094609
v 0.017803 0.214927 0.094599
v 0.017831 0.214931 0.094609
v 0.017815 0.214941 0.094616
v 0.017783 0.214931 0.094599
v 0.017889 0.214939 0.094583
v 0.017920 0.214944 0.094609
v 0.017905 0.214942 0.094596
v 0.017905 0.214942 0.094596
v 0.017920 0.214944 0.094609
v 0.017889 0.214939 0.094583
v 0.017803 0.214927 0.094599
v 0.017831 0.214931 0.094609
v 0.017781 0.214921 0.094581
v 0.017781 0.214921 0.094581
v 0.017831 0.214931 0.094609
v 0.017803 0.214927 0.094599
v 0.017783 0.214931 0.094599
v 0.017803 0.214927 0.094599
v 0.017781 0.214921 0.094581
v 0.017763 0.214929 0.094587
v 0.017781 0.214921 0.094581
v 0.017803 0.214927 0.094599
v 0.017783 0.214931 0.094599
v 0.017763 0.214929 0.094587
v 0.017747 0.214921 0.094578
v 0.017783 0.214931 0.094599
v 0.017763 0.214929 0.094587
v 0.017889 0.214939 0.094583
v 0.017905 0.214942 0.094596
v 0.017872 0.214939 0.094571
v 0.017872 0.214939 0.094571
v 0.017905 0.214942 0.094596
v 0.017840 0.214935 0.094545
v 0.017729 0.214918 0.094568
v 0.017783 0.214931 0.094599
v 0.017747 0.214921 0.094578
v 0.017781 0.214921 0.094581
v 0.017783 0.214931 0.094599
v 0.017729 0.214918 0.094568
v 0.017761 0.214917 0.094562
v 0.017803 0.214927 0.094599
v 0.017781 0.214921 0.094581
v 0.017781 0.214921 0.094581
v 0.017803 0.214927 0.094599
v 0.017761 0.214917 0.094562
v 0.017857 0.214937 0.094558
v 0.017889 0.214939 0.094583
v 0.017872 0.214939 0.094571
v 0.017763 0.214929 0.094587
v 0.017781 0.214921 0.094581
v 0.017761 0.214917 0.094562
v 0.017761 0.214917 0.094562
v 0.017781 0.214921 0.094581
v 0.017763 0.214929 0.094587
v 0.017872 0.214939 0.094571
v 0.017886 0.214939 0.094603
v 0.017889 0.214939 0.094583
v 0.017747 0.214921 0.094578
v 0.017763 0.214929 0.094587
v 0.017761 0.214917 0.094562
v 0.017763 0.214929 0.094587
v 0.017781 0.214921 0.094581
v 0.017729 0.214918 0.094568
v 0.017761 0.214917 0.094562
v 0.017763 0.214929 0.094587
v 0.017747 0.214921 0.094578
v 0.017761 0.214917 0.094562
v 0.017781 0.214921 0.094581
v 0.017729 0.214918 0.094568
v 0.017729 0.214918 0.094568
v 0.017781 0.214921 0.094581
v 0.017761 0.214917 0.094562
v 0.018838 0.215329 0.095048
v 0.017763 0.214929 0.094587
v 0.017697 0.214905 0.094531
v 0.017697 0.214905 0.094531
v 0.017763 0.214929 0.094587
v 0.017697 0.214913 0.094551
v 0.017680 0.214909 0.094541
v 0.017697 0.214913 0.094551
v 0.017763 0.214929 0.094587
v 0.017729 0.214918 0.094568
v 0.017761 0.214917 0.094562
v 0.017781 0.214921 0.094581
v 0.017721 0.214910 0.094526
v 0.017747 0.214921 0.094578
v 0.017761 0.214917 0.094562
v 0.017717 0.214910 0.094548
v 0.017729 0.214918 0.094568
v 0.017697 0.214913 0.094551
v 0.017717 0.214910 0.094548
v 0.017663 0.214905 0.094531
v 0.017697 0.214905 0.094531
v 0.017662 0.214901 0.094510
v 0.017717 0.214910 0.094548
v 0.017761 0.214917 0.094562
v 0.017729 0.214918 0.094568
v 0.017840 0.214935 0.094545
v 0.017872 0.214939 0.094571
v 0.017857 0.214937 0.094558
v 0.017729 0.214918 0.094568
v 0.017747 0.214921 0.094578
v 0.017697 0.214913 0.094551
v 0.017697 0.214913 0.094551
v 0.017747 0.214921 0.094578
v 0.017729 0.214918 0.094568
v 0.017857 0.214937 0.094558
v 0.017872 0.214939 0.094571
v 0.017807 0.214932 0.094521
v 0.017807 0.214932 0.094521
v 0.017872 0.214939 0.094571
v 0.017840 0.214935 0.094545
v 0.017857 0.214937 0.094558
v 0.017872 0.214939 0.094571
v 0.017840 0.214935 0.094545
v 0.017717 0.214910 0.094548
v 0.017729 0.214918 0.094568
v 0.017697 0.214905 0.094531
v 0.017824 0.214934 0.094533
v 0.017857 0.214937 0.094558
v 0.017840 0.214935 0.094545
v 0.017840 0.214935 0.094545
v 0.017857 0.214937 0.094558
v 0.017824 0.214934 0.094533
v 0.017807 0.214932 0.094521
v 0.017840 0.214935 0.094545
v 0.017824 0.214934 0.094533
v 0.017663 0.214905 0.094531
v 0.017697 0.214913 0.094551
v 0.017680 0.214909 0.094541
v 0.017680 0.214909 0.094541
v 0.017680 0.214909 0.094541
v 0.017697 0.214913 0.094551
v 0.017697 0.214905 0.094531
v 0.017824 0.214934 0.094533
v 0.017840 0.214935 0.094545
v 0.017807 0.214932 0.094521
v 0.017697 0.214905 0.094531
v 0.017697 0.214913 0.094551
v 0.017662 0.214901 0.094510
v 0.017663 0.214905 0.094531
v 0.017662 0.214901 0.094510
v 0.017644 0.214900 0.094521
v 0.017610 0.214893 0.094502
v 0.017610 0.214893 0.094502
v 0.017697 0.214905 0.094531
v 0.017662 0.214901 0.094510
v 0.018838 0.215329 0.095048
v 0.017697 0.214905 0.094531
v 0.017610 0.214893 0.094502
v 0.017644 0.214900 0.094521
v 0.017663 0.214905 0.094531
v 0.017662 0.214901 0.094510
v 0.017628 0.214896 0.094510
v 0.017574 0.214886 0.094483
v 0.017628 0.214896 0.094510
v 0.017663 0.214905 0.094531
v 0.017644 0.214900 0.094521
v 0.017610 0.214893 0.094502
v 0.017663 0.214905 0.094531
v 0.017628 0.214896 0.094510
v 0.017662 0.214901 0.094510
v 0.017697 0.214905 0.094531
v 0.017553 0.214900 0.094452
v 0.017644 0.214900 0.094521
v 0.017663 0.214905 0.094531
v 0.017628 0.214896 0.094510
v 0.017610 0.214893 0.094502
v 0.017574 0.214886 0.094483
v 0.017574 0.214886 0.094483
v 0.017662 0.214901 0.094510
v 0.017553 0.214900 0.094452
v 0.017534 0.214897 0.094445
v 0.017610 0.214893 0.094502
v 0.017628 0.214896 0.094510
v 0.017591 0.214890 0.094493
v 0.017591 0.214890 0.094493
v 0.017628 0.214896 0.094510
v 0.017610 0.214893 0.094502
v 0.017574 0.214886 0.094483
v 0.017610 0.214893 0.094502
v 0.017591 0.214890 0.094493
v 0.017556 0.214883 0.094475
v 0.017735 0.214923 0.094478
v 0.017772 0.214929 0.094497
v 0.017723 0.214924 0.094462
v 0.017534 0.214897 0.094445
v 0.017610 0.214893 0.094502
v 0.017574 0.214886 0.094483
v 0.017591 0.214890 0.094493
v 0.017610 0.214893 0.094502
v 0.017534 0.214897 0.094445
v 0.017574 0.214886 0.094483
v 0.017553 0.214900 0.094452
v 0.017591 0.214890 0.094493
v 0.017574 0.214886 0.094483
v 0.017574 0.214886 0.094483
v 0.017591 0.214890 0.094493
v 0.017553 0.214900 0.094452
v 0.017553 0.214900 0.094452
v 0.017707 0.214909 0.094504
v 0.017595 0.214906 0.094466
v 0.017556 0.214883 0.094475
v 0.017591 0.214890 0.094493
v 0.017574 0.214886 0.094483
v 0.017534 0.214897 0.094445
v 0.017574 0.214886 0.094483
v 0.017556 0.214883 0.094475
v 0.017556 0.214883 0.094475
v 0.017574 0.214886 0.094483
v 0.017534 0.214897 0.094445
v 0.017556 0.214883 0.094475
v 0.017574 0.214886 0.094483
v 0.017553 0.214900 0.094452
v 0.017539 0.214881 0.094465
v 0.017553 0.214900 0.094452
v 0.017556 0.214883 0.094475
v 0.017539 0.214881 0.094465
v 0.017622 0.214911 0.094415
v 0.017572 0.214903 0.094458
v 0.017602 0.214908 0.094423
v 0.017701 0.214916 0.094460
v 0.017723 0.214924 0.094462
v 0.017693 0.214922 0.094442
v 0.017676 0.214920 0.094432
v 0.017616 0.214914 0.094396
v 0.017572 0.214903 0.094458
v 0.017622 0.214911 0.094415
v 0.017598 0.214913 0.094387
v 0.017553 0.214900 0.094452
v 0.017572 0.214908 0.094391
v 0.017534 0.214897 0.094445
v 0.017598 0.214913 0.094387
v 0.017553 0.214900 0.094452
v 0.017572 0.214903 0.094458
v 0.017656 0.214873 0.094290
v 0.017534 0.214897 0.094445
v 0.017598 0.214913 0.094387
v 0.017553 0.214900 0.094452
v 0.017572 0.214908 0.094391
v 0.017616 0.214914 0.094396
v 0.017534 0.214897 0.094445
v 0.017598 0.214913 0.094387
v 0.017658 0.214918 0.094421
v 0.017277 0.214854 0.094352
v 0.017534 0.214897 0.094445
v 0.017658 0.214918 0.094421
v 0.017598 0.214913 0.094387
v 0.017658 0.214918 0.094421
v 0.017616 0.214914 0.094396
v 0.017616 0.214914 0.094396
v 0.017641 0.214917 0.094410
v 0.017622 0.214911 0.094415
v 0.017616 0.214914 0.094396
v 0.017622 0.214911 0.094415
v 0.017598 0.214913 0.094387
v -0.017025 0.214340 0.094323
v -0.015811 0.207895 0.093895
v -0.019894 0.216305 0.096312
v -0.017026 0.214499 0.094319
v -0.017026 0.214499 0.094319
v -0.016580 0.214779 0.093744
v -0.017028 0.214577 0.094317
v -0.017028 0.214655 0.094317
v -0.017026 0.214699 0.094319
v -0.017026 0.214699 0.094319
v -0.019638 0.207276 0.096919
v -0.017028 0.214460 0.094317
v -0.017025 0.214340 0.094323
v -0.017029 0.214421 0.094317
v -0.017026 0.214499 0.094319
v -0.017025 0.214340 0.094323
v -0.017029 0.214382 0.094317
v -0.017028 0.214577 0.094317
v -0.017028 0.214538 0.094317
v -0.017029 0.214421 0.094317
v -0.017025 0.214340 0.094323
v -0.017026 0.214499 0.094319
v -0.017028 0.214460 0.094317
v -0.017028 0.214538 0.094317
v -0.017028 0.214577 0.094317
v -0.017029 0.214382 0.094317
v -0.017025 0.214340 0.094323
v -0.017029 0.214421 0.094317
v -0.017028 0.214577 0.094317
v -0.017026 0.214499 0.094319
v -0.017026 0.214699 0.094319
v -0.017028 0.214655 0.094317
v -0.017028 0.214617 0.094317
v -0.017028 0.214577 0.094317
v -0.017028 0.214655 0.094317
v -0.017028 0.214655 0.094317
v -0.017028 0.214577 0.094317
v -0.017028 0.214617 0.094317
v 0.017027 0.214804 0.094254
v 0.017138 0.214818 0.094294
v 0.016971 0.214794 0.094241
v 0.017277 0.214854 0.094352
v 0.017138 0.214818 0.094294
v 0.017027 0.214804 0.094254
v 0.016971 0.214794 0.094241
v 0.017138 0.214818 0.094294
v 0.017027 0.214804 0.094254
v 0.016971 0.214794 0.094241
v 0.017558 0.214766 0.094546
v 0.012261 0.214778 0.093963
v 0.012261 0.214778 0.093963
v 0.017277 0.214854 0.094352
v 0.016971 0.214794 0.094241
v 0.017027 0.214804 0.094254
v 0.017362 0.214807 0.094180
v 0.017392 0.214810 0.094182
v 0.017343 0.214804 0.094173
v 0.017343 0.214804 0.094173
v 0.017392 0.214810 0.094182
v 0.017362 0.214807 0.094180
v 0.017324 0.214798 0.094156
v 0.017362 0.214807 0.094180
v 0.017343 0.214804 0.094173
v 0.017324 0.214798 0.094156
v 0.017343 0.214804 0.094173
v 0.017362 0.214807 0.094180
v 0.017294 0.214796 0.094154
v 0.017324 0.214798 0.094156
v 0.017275 0.214793 0.094147
v 0.017275 0.214793 0.094147
v 0.017324 0.214798 0.094156
v 0.017294 0.214796 0.094154
v 0.017258 0.214789 0.094129
v 0.017294 0.214796 0.094154
v 0.017275 0.214793 0.094147
v 0.017275 0.214793 0.094147
v 0.017294 0.214796 0.094154
v 0.017258 0.214789 0.094129
v 0.017227 0.214787 0.094128
v 0.017258 0.214789 0.094129
v 0.017208 0.214785 0.094120
v 0.017243 0.214791 0.094115
v 0.017192 0.214782 0.094102
v 0.017168 0.214780 0.094064
v 0.017208 0.214785 0.094120
v 0.017192 0.214782 0.094102
v 0.017192 0.214782 0.094102
v 0.017208 0.214785 0.094120
v 0.017168 0.214780 0.094064
v 0.017192 0.214782 0.094102
v 0.017243 0.214791 0.094115
v 0.017225 0.214788 0.094107
v 0.017225 0.214788 0.094107
v 0.017243 0.214791 0.094115
v 0.017168 0.214780 0.094064
v 0.017168 0.214780 0.094064
v 0.017243 0.214791 0.094115
v 0.017225 0.214788 0.094107
v 0.017192 0.214782 0.094102
v 0.017225 0.214788 0.094107
v 0.017168 0.214780 0.094064
v 0.017168 0.214780 0.094064
v 0.017225 0.214788 0.094107
v 0.017192 0.214782 0.094102
v -0.018960 0.215516 -0.094526
v -0.018402 0.214865 -0.064548
v -0.019936 0.216820 -0.097235
v -0.017498 0.214852 -0.094466
v -0.016789 0.214790 -0.094152
v -0.011193 0.214774 -0.094251
v -0.017695 0.214882 -0.094671
v -0.017559 0.214846 -0.094601
v -0.017932 0.214921 -0.094835
v -0.018002 0.214939 -0.094879
v -0.018084 0.214954 -0.094939
v -0.017998 0.214920 -0.094889
v -0.018017 0.214914 -0.094905
v -0.009305 0.214770 -0.066434
v 0.010399 0.214775 -0.094734
v 0.001230 0.214776 -0.067022
v -0.019945 0.217178 -0.063946
v 0.010507 0.214765 -0.066236
v 0.016616 0.215006 -0.093614
v 0.017850 0.214815 -0.064636
v 0.017952 0.215227 -0.093498
v 0.017058 0.215107 -0.093694
v 0.017037 0.215105 -0.093696
v -0.008063 0.214775 -0.097451
v 0.008085 0.214775 -0.098088
v 0.008015 0.214777 -0.101840
v -0.007606 0.213597 -0.101460
v 0.020038 0.217679 -0.096631
v 0.017952 0.215227 -0.093498
v 0.018667 0.215404 -0.094648
v 0.018923 0.215474 -0.095033
v 0.019108 0.215524 -0.095311
v 0.017941 0.210371 -0.094593
v 0.019072 0.215514 -0.095257
v 0.019059 0.215511 -0.095236
v 0.019007 0.215497 -0.095159
v 0.018994 0.215493 -0.095139
v 0.018935 0.215477 -0.095051
v 0.018923 0.215474 -0.095033
v 0.018848 0.215453 -0.094920
v 0.018768 0.215432 -0.094800
v 0.018727 0.215421 -0.094739
v 0.018685 0.215409 -0.094676
v 0.018643 0.215398 -0.094612
v 0.018600 0.215386 -0.094547
v 0.018556 0.215374 -0.094481
v 0.018511 0.215362 -0.094414
v 0.018466 0.215350 -0.094346
v 0.018419 0.215337 -0.094275
v 0.018371 0.215324 -0.094204
v 0.018323 0.215311 -0.094131
v 0.018274 0.215298 -0.094058
v 0.018224 0.215284 -0.093984
v 0.018174 0.215270 -0.093908
v 0.018135 0.215260 -0.093849
v 0.018123 0.215257 -0.093832
v 0.018072 0.215243 -0.093755
v 0.018035 0.215233 -0.093699
v 0.018020 0.215229 -0.093677
v 0.017980 0.215218 -0.093617
v 0.017952 0.215227 -0.093498
v 0.019752 0.207198 -0.097539
v 0.016033 0.207613 -0.094100
v 0.016101 0.204854 -0.097179
v 0.018667 0.215404 -0.094648
v 0.017952 0.215227 -0.093498
v 0.017980 0.215218 -0.093617
v 0.017142 0.213539 -0.094318
v 0.017952 0.215227 -0.093498
v 0.017058 0.215107 -0.093694
v 0.017941 0.210371 -0.094593
v 0.016033 0.207613 -0.094100
v 0.017058 0.215107 -0.093694
v 0.017104 0.214224 -0.094133
v 0.017037 0.215105 -0.093696
v 0.017058 0.215107 -0.093694
v 0.016033 0.207613 -0.094100
v 0.017142 0.213539 -0.094318
v 0.017058 0.215107 -0.093694
v 0.017124 0.214161 -0.094310
v 0.017124 0.214161 -0.094310
v 0.017058 0.215107 -0.093694
v 0.017037 0.215105 -0.093696
v 0.017104 0.214224 -0.094133
v 0.017058 0.215107 -0.093694
v 0.017037 0.215105 -0.093696
v 0.016616 0.215006 -0.093614
v 0.016033 0.207613 -0.094100
v 0.017131 0.214708 -0.094317
v 0.017058 0.215107 -0.093694
v 0.017037 0.215105 -0.093696
v 0.017037 0.215105 -0.093696
v 0.017058 0.215107 -0.093694
v 0.017118 0.214747 -0.094307
v 0.017118 0.214747 -0.094307
v 0.017058 0.215107 -0.093694
v 0.017131 0.214708 -0.094317
v 0.017132 0.214630 -0.094319
v 0.017037 0.215105 -0.093696
v 0.017132 0.214591 -0.094319
v 0.017131 0.214708 -0.094317
v 0.017132 0.214552 -0.094319
v 0.017124 0.214524 -0.094316
v 0.017124 0.214161 -0.094310
v 0.017124 0.214161 -0.094310
v 0.017037 0.215105 -0.093696
v 0.016033 0.207613 -0.094100
v 0.017124 0.214161 -0.094310
v 0.017037 0.215105 -0.093696
v 0.017118 0.214747 -0.094307
v -0.010861 0.207828 -0.094450
v -0.011193 0.214774 -0.094251
v -0.015779 0.212291 -0.093915
v -0.015788 0.211035 -0.093931
v -0.015799 0.209776 -0.093944
v -0.015802 0.213548 -0.093921
v -0.015791 0.214775 -0.093917
v -0.015808 0.212918 -0.093925
v -0.015813 0.212289 -0.093930
v -0.015791 0.214775 -0.093917
v -0.011193 0.214774 -0.094251
v -0.016789 0.214790 -0.094152
v -0.015779 0.212291 -0.093915
v -0.011193 0.214774 -0.094251
v -0.015813 0.212289 -0.093930
v -0.017405 0.207832 -0.094664
v -0.010861 0.207828 -0.094450
v -0.015835 0.209776 -0.093951
v -0.015799 0.209776 -0.093944
v -0.015824 0.211035 -0.093940
v -0.016789 0.214790 -0.094152
v -0.015818 0.211662 -0.093935
v -0.015813 0.212289 -0.093930
v -0.015808 0.212918 -0.093925
v -0.015802 0.213548 -0.093921
v -0.015791 0.214775 -0.093917
v -0.017303 0.214792 -0.094438
v -0.017327 0.214790 -0.094454
v -0.017347 0.214793 -0.094461
v -0.017367 0.214790 -0.094475
v -0.017771 0.214800 -0.094747
v -0.019658 0.209540 -0.096765
v -0.017320 0.214806 -0.094443
v -0.017407 0.214854 -0.094443
v -0.017386 0.214803 -0.094475
v -0.017429 0.214794 -0.094502
v -0.017453 0.214802 -0.094510
v -0.017771 0.214800 -0.094747
v -0.017429 0.214794 -0.094502
v -0.018788 0.214839 -0.095615
v -0.017940 0.214883 -0.094849
v -0.017906 0.214877 -0.094825
v -0.017872 0.214871 -0.094801
v -0.017839 0.214865 -0.094778
v -0.017805 0.214860 -0.094755
v -0.017784 0.214852 -0.094737
v -0.017949 0.214898 -0.094858
v -0.017983 0.214906 -0.094881
v -0.018017 0.214914 -0.094905
v -0.017751 0.214848 -0.094714
v -0.018020 0.214933 -0.094900
v -0.019936 0.216820 -0.097235
v -0.015788 0.211035 -0.093931
v -0.015779 0.212291 -0.093915
v -0.015790 0.211663 -0.093924
v -0.015818 0.211662 -0.093935
v -0.015813 0.212289 -0.093930
v -0.015824 0.211035 -0.093940
v -0.015835 0.209776 -0.093951
v -0.015799 0.209776 -0.093944
v -0.015799 0.209776 -0.093944
v -0.015779 0.212291 -0.093915
v -0.015788 0.211035 -0.093931
v -0.015788 0.211035 -0.093931
v -0.015779 0.212291 -0.093915
v -0.015799 0.209776 -0.093944
v -0.015813 0.212289 -0.093930
v -0.015791 0.214775 -0.093917
v -0.015802 0.213548 -0.093921
v -0.015802 0.213548 -0.093921
v -0.015791 0.214775 -0.093917
v -0.015813 0.212289 -0.093930
v -0.015808 0.212918 -0.093925
v -0.015802 0.213548 -0.093921
v -0.015813 0.212289 -0.093930
v 0.011128 0.207757 -0.094557
v 0.016616 0.215006 -0.093614
v 0.010399 0.214775 -0.094734
v 0.016033 0.207613 -0.094100
v -0.015813 0.212289 -0.093930
v -0.015802 0.213548 -0.093921
v -0.015808 0.212918 -0.093925
v -0.015818 0.211662 -0.093935
v -0.015813 0.212289 -0.093930
v -0.015824 0.211035 -0.093940
v -0.015835 0.209776 -0.093951
v -0.015813 0.212289 -0.093930
v -0.015818 0.211662 -0.093935
v -0.015824 0.211035 -0.093940
v -0.015813 0.212289 -0.093930
v -0.015835 0.209776 -0.093951
v -0.015818 0.211662 -0.093935
v -0.015824 0.211035 -0.093940
v -0.017407 0.214854 -0.094443
v -0.016789 0.214790 -0.094152
v -0.017498 0.214852 -0.094466
v 0.017124 0.214161 -0.094310
v 0.017118 0.214747 -0.094307
v 0.017131 0.214708 -0.094317
v 0.017119 0.214680 -0.094314
v 0.017124 0.214524 -0.094316
v 0.017132 0.214552 -0.094319
v 0.017132 0.214591 -0.094319
v 0.017132 0.214630 -0.094319
v 0.017123 0.214611 -0.094316
v 0.017123 0.214650 -0.094315
v 0.017123 0.214650 -0.094315
v 0.017131 0.214708 -0.094317
v 0.017119 0.214680 -0.094314
v 0.017142 0.213539 -0.094318
v 0.017124 0.214161 -0.094310
v 0.016033 0.207613 -0.094100
v 0.017941 0.210371 -0.094593
v 0.017131 0.214708 -0.094317
v 0.017119 0.214680 -0.094314
v 0.017142 0.213539 -0.094318
v 0.017124 0.214161 -0.094310
v 0.017130 0.213852 -0.094320
v 0.017130 0.213852 -0.094320
v 0.017124 0.214161 -0.094310
v 0.017142 0.213539 -0.094318
v 0.017132 0.214630 -0.094319
v 0.017123 0.214650 -0.094315
v 0.017123 0.214611 -0.094316
v 0.017119 0.214680 -0.094314
v 0.017132 0.214591 -0.094319
v -0.017407 0.214854 -0.094443
v -0.017498 0.214852 -0.094466
v -0.017486 0.214863 -0.094463
v -0.017320 0.214806 -0.094443
v -0.017303 0.214792 -0.094438
v -0.017327 0.214790 -0.094454
v -0.017347 0.214793 -0.094461
v -0.017327 0.214790 -0.094454
v -0.017303 0.214792 -0.094438
v -0.017367 0.214790 -0.094475
v -0.017367 0.214790 -0.094475
v -0.017303 0.214792 -0.094438
v -0.017320 0.214806 -0.094443
v -0.017386 0.214803 -0.094475
v -0.017429 0.214794 -0.094502
v -0.017405 0.214797 -0.094487
v -0.017347 0.214793 -0.094461
v -0.017320 0.214806 -0.094443
v -0.017327 0.214790 -0.094454
v -0.017303 0.214792 -0.094438
v -0.017347 0.214793 -0.094461
v -0.017386 0.214803 -0.094475
v -0.017320 0.214806 -0.094443
v -0.017453 0.214802 -0.094510
v -0.017453 0.214802 -0.094510
v -0.017320 0.214806 -0.094443
v -0.017386 0.214803 -0.094475
v -0.017347 0.214793 -0.094461
v -0.017327 0.214790 -0.094454
v -0.017367 0.214790 -0.094475
v -0.017598 0.214841 -0.094617
v -0.017407 0.214854 -0.094443
v -0.017545 0.214843 -0.094583
v -0.017367 0.214790 -0.094475
v -0.017327 0.214790 -0.094454
v -0.017347 0.214793 -0.094461
v -0.017388 0.214787 -0.094490
v -0.017405 0.214797 -0.094487
v -0.017771 0.214800 -0.094747
v -0.017559 0.214846 -0.094601
v -0.017407 0.214854 -0.094443
v -0.017486 0.214863 -0.094463
v -0.017545 0.214843 -0.094583
v -0.017407 0.214854 -0.094443
v -0.017559 0.214846 -0.094601
v -0.017559 0.214846 -0.094601
v -0.017486 0.214863 -0.094463
v -0.017598 0.214841 -0.094617
v -0.017578 0.214843 -0.094611
v -0.017598 0.214841 -0.094617
v -0.017486 0.214863 -0.094463
v -0.017559 0.214846 -0.094601
v -0.017578 0.214843 -0.094611
v -0.017559 0.214846 -0.094601
v -0.017486 0.214863 -0.094463
v -0.017524 0.214853 -0.094559
v -0.017524 0.214853 -0.094559
v -0.017486 0.214863 -0.094463
v -0.017522 0.214843 -0.094577
v -0.017480 0.214843 -0.094545
v -0.017386 0.214803 -0.094475
v -0.017347 0.214793 -0.094461
v -0.017367 0.214790 -0.094475
v -0.017367 0.214790 -0.094475
v -0.017347 0.214793 -0.094461
v -0.017386 0.214803 -0.094475
v -0.017386 0.214803 -0.094475
v -0.017367 0.214790 -0.094475
v -0.017405 0.214797 -0.094487
v -0.017480 0.214843 -0.094545
v -0.017486 0.214863 -0.094463
v -0.017498 0.214852 -0.094466
v -0.017480 0.214843 -0.094545
v -0.017498 0.214852 -0.094466
v -0.017598 0.214841 -0.094617
v -0.017405 0.214797 -0.094487
v -0.017367 0.214790 -0.094475
v -0.017429 0.214794 -0.094502
v -0.017598 0.214841 -0.094617
v -0.017498 0.214852 -0.094466
v -0.017522 0.214843 -0.094577
v -0.017578 0.214843 -0.094611
v -0.017388 0.214787 -0.094490
v -0.017347 0.214793 -0.094461
v -0.017367 0.214790 -0.094475
v -0.017367 0.214790 -0.094475
v -0.017347 0.214793 -0.094461
v -0.017388 0.214787 -0.094490
v -0.017429 0.214794 -0.094502
v -0.017386 0.214803 -0.094475
v -0.017453 0.214802 -0.094510
v -0.017453 0.214802 -0.094510
v -0.017386 0.214803 -0.094475
v -0.017429 0.214794 -0.094502
v -0.017429 0.214794 -0.094502
v -0.017386 0.214803 -0.094475
v -0.017405 0.214797 -0.094487
v -0.017405 0.214797 -0.094487
v -0.017386 0.214803 -0.094475
v -0.017429 0.214794 -0.094502
v -0.017524 0.214853 -0.094559
v -0.017498 0.214852 -0.094466
v -0.017559 0.214846 -0.094601
v -0.017771 0.214800 -0.094747
v -0.017367 0.214790 -0.094475
v -0.017388 0.214787 -0.094490
v -0.017771 0.214800 -0.094747
v -0.017405 0.214797 -0.094487
v -0.017429 0.214794 -0.094502
v -0.017620 0.214835 -0.094627
v -0.017407 0.214854 -0.094443
v -0.017598 0.214841 -0.094617
v -0.017771 0.214800 -0.094747
v -0.017407 0.214854 -0.094443
v -0.017620 0.214835 -0.094627
v -0.017661 0.214846 -0.094662
v -0.017642 0.214859 -0.094655
v -0.017626 0.214852 -0.094644
v -0.017598 0.214841 -0.094617
v -0.017607 0.214855 -0.094632
v -0.017642 0.214859 -0.094655
v -0.017665 0.214865 -0.094668
v -0.017681 0.214863 -0.094680
v -0.017545 0.214843 -0.094583
v -0.017480 0.214843 -0.094545
v -0.017598 0.214841 -0.094617
v -0.017522 0.214843 -0.094577
v -0.017498 0.214852 -0.094466
v -0.017524 0.214853 -0.094559
v -0.017522 0.214843 -0.094577
v -0.017480 0.214843 -0.094545
v -0.017545 0.214843 -0.094583
v -0.017545 0.214843 -0.094583
v -0.017524 0.214853 -0.094559
v -0.017559 0.214846 -0.094601
v -0.017559 0.214846 -0.094601
v -0.017524 0.214853 -0.094559
v -0.017545 0.214843 -0.094583
v -0.017545 0.214843 -0.094583
v -0.017524 0.214853 -0.094559
v -0.017522 0.214843 -0.094577
v -0.017522 0.214843 -0.094577
v -0.017524 0.214853 -0.094559
v -0.017578 0.214843 -0.094611
v -0.017578 0.214843 -0.094611
v -0.017524 0.214853 -0.094559
v -0.017545 0.214843 -0.094583
v -0.017598 0.214841 -0.094617
v -0.017545 0.214843 -0.094583
v -0.017578 0.214843 -0.094611
v -0.017578 0.214843 -0.094611
v -0.017545 0.214843 -0.094583
v -0.017559 0.214846 -0.094601
v -0.017607 0.214855 -0.094632
v -0.017545 0.214843 -0.094583
v -0.017598 0.214841 -0.094617
v -0.017578 0.214843 -0.094611
v -0.017545 0.214843 -0.094583
v -0.017607 0.214855 -0.094632
v -0.017559 0.214846 -0.094601
v -0.017545 0.214843 -0.094583
v -0.017578 0.214843 -0.094611
v -0.017578 0.214843 -0.094611
v -0.017559 0.214846 -0.094601
v -0.017695 0.214882 -0.094671
v -0.017598 0.214841 -0.094617
v -0.017598 0.214841 -0.094617
v -0.017578 0.214843 -0.094611
v -0.017620 0.214835 -0.094627
v -0.017620 0.214835 -0.094627
v -0.017578 0.214843 -0.094611
v -0.017598 0.214841 -0.094617
v -0.017661 0.214846 -0.094662
v -0.017598 0.214841 -0.094617
v -0.017695 0.214882 -0.094671
v -0.017717 0.214867 -0.094704
v -0.017794 0.214877 -0.094754
v -0.017598 0.214841 -0.094617
v -0.017578 0.214843 -0.094611
v -0.017607 0.214855 -0.094632
v -0.017665 0.214865 -0.094668
v -0.017598 0.214841 -0.094617
v -0.017661 0.214846 -0.094662
v -0.017607 0.214855 -0.094632
v -0.017717 0.214867 -0.094704
v -0.017734 0.214876 -0.094713
v -0.017665 0.214865 -0.094668
v -0.017701 0.214859 -0.094692
v -0.017717 0.214867 -0.094704
v -0.017794 0.214877 -0.094754
v -0.017774 0.214881 -0.094739
v -0.017661 0.214846 -0.094662
v -0.017626 0.214852 -0.094644
v -0.017642 0.214859 -0.094655
v -0.017642 0.214859 -0.094655
v -0.017626 0.214852 -0.094644
v -0.017665 0.214865 -0.094668
v -0.017661 0.214846 -0.094662
v -0.017661 0.214846 -0.094662
v -0.017642 0.214859 -0.094655
v -0.017771 0.214800 -0.094747
v -0.017771 0.214800 -0.094747
v -0.017642 0.214859 -0.094655
v -0.017665 0.214865 -0.094668
v -0.017701 0.214859 -0.094692
v -0.017717 0.214867 -0.094704
v -0.017665 0.214865 -0.094668
v -0.017734 0.214876 -0.094713
v -0.017661 0.214846 -0.094662
v -0.017642 0.214859 -0.094655
v -0.017681 0.214863 -0.094680
v -0.017701 0.214859 -0.094692
v -0.017751 0.214848 -0.094714
v -0.017771 0.214800 -0.094747
v -0.017717 0.214867 -0.094704
v -0.017681 0.214863 -0.094680
v -0.017665 0.214865 -0.094668
v -0.017701 0.214859 -0.094692
v -0.017717 0.214867 -0.094704
v -0.017681 0.214863 -0.094680
v -0.017701 0.214859 -0.094692
v -0.017701 0.214859 -0.094692
v -0.017681 0.214863 -0.094680
v -0.017717 0.214867 -0.094704
v -0.017751 0.214848 -0.094714
v -0.017701 0.214859 -0.094692
v -0.017734 0.214876 -0.094713
v -0.017784 0.214852 -0.094737
v -0.017734 0.214876 -0.094713
v -0.017701 0.214859 -0.094692
v -0.017717 0.214867 -0.094704
v -0.017717 0.214867 -0.094704
v -0.017701 0.214859 -0.094692
v -0.017751 0.214848 -0.094714
v -0.017717 0.214867 -0.094704
v -0.017701 0.214859 -0.094692
v -0.017734 0.214876 -0.094713
v -0.017754 0.214872 -0.094727
v -0.017717 0.214867 -0.094704
v -0.017734 0.214876 -0.094713
v -0.017774 0.214881 -0.094739
v -0.017794 0.214877 -0.094754
v -0.017734 0.214876 -0.094713
v -0.017717 0.214867 -0.094704
v -0.017784 0.214852 -0.094737
v -0.017784 0.214852 -0.094737
v -0.017717 0.214867 -0.094704
v -0.017754 0.214872 -0.094727
v -0.017794 0.214877 -0.094754
v -0.017805 0.214860 -0.094755
v -0.017839 0.214865 -0.094778
v -0.017784 0.214852 -0.094737
v -0.017751 0.214848 -0.094714
v -0.017805 0.214860 -0.094755
v -0.017805 0.214860 -0.094755
v -0.017751 0.214848 -0.094714
v -0.017784 0.214852 -0.094737
v -0.017839 0.214865 -0.094778
v -0.017820 0.214871 -0.094769
v -0.017784 0.214852 -0.094737
v -0.017805 0.214860 -0.094755
v -0.017854 0.214877 -0.094792
v -0.017839 0.214865 -0.094778
v -0.017887 0.214883 -0.094815
v -0.017872 0.214871 -0.094801
v -0.017921 0.214889 -0.094838
v -0.017906 0.214877 -0.094825
v -0.017949 0.214898 -0.094858
v -0.017940 0.214883 -0.094849
v -0.017983 0.214906 -0.094881
v -0.017820 0.214871 -0.094769
v -0.017774 0.214881 -0.094739
v -0.017794 0.214877 -0.094754
v -0.017794 0.214877 -0.094754
v -0.017774 0.214881 -0.094739
v -0.017820 0.214871 -0.094769
v -0.017839 0.214865 -0.094778
v -0.017784 0.214852 -0.094737
v -0.017820 0.214871 -0.094769
v -0.017820 0.214871 -0.094769
v -0.017872 0.214871 -0.094801
v -0.017854 0.214877 -0.094792
v -0.017906 0.214877 -0.094825
v -0.017887 0.214883 -0.094815
v -0.017887 0.214883 -0.094815
v -0.017872 0.214871 -0.094801
v -0.017940 0.214883 -0.094849
v -0.017839 0.214865 -0.094778
v -0.017854 0.214877 -0.094792
v -0.017839 0.214865 -0.094778
v -0.017794 0.214877 -0.094754
v -0.017820 0.214871 -0.094769
v -0.017820 0.214871 -0.094769
v -0.017794 0.214877 -0.094754
v -0.017854 0.214877 -0.094792
v -0.017854 0.214877 -0.094792
v -0.017794 0.214877 -0.094754
v -0.017695 0.214882 -0.094671
v -0.017887 0.214883 -0.094815
v -0.017854 0.214877 -0.094792
v -0.017695 0.214882 -0.094671
v -0.017921 0.214889 -0.094838
v -0.017949 0.214898 -0.094858
v -0.017932 0.214921 -0.094835
v -0.018020 0.214933 -0.094900
v -0.018002 0.214939 -0.094879
v -0.017983 0.214906 -0.094881
v -0.018017 0.214914 -0.094905
v -0.018084 0.214954 -0.094939
v -0.018788 0.214839 -0.095615
v -0.017998 0.214920 -0.094889
v -0.017940 0.214883 -0.094849
v -0.017887 0.214883 -0.094815
v -0.017921 0.214889 -0.094838
v -0.017949 0.214898 -0.094858
v -0.017998 0.214920 -0.094889
v -0.017932 0.214921 -0.094835
v -0.018002 0.214939 -0.094879
v -0.017964 0.214912 -0.094866
v -0.017921 0.214889 -0.094838
v -0.017949 0.214898 -0.094858
v -0.017998 0.214920 -0.094889
v -0.017983 0.214906 -0.094881
v -0.018017 0.214914 -0.094905
v -0.018002 0.214939 -0.094879
v -0.017932 0.214921 -0.094835
v -0.017998 0.214920 -0.094889
v -0.018084 0.214954 -0.094939
v -0.017940 0.214883 -0.094849
v -0.017921 0.214889 -0.094838
v -0.017964 0.214912 -0.094866
v -0.017983 0.214906 -0.094881
v -0.018017 0.214914 -0.094905
v -0.017998 0.214920 -0.094889
v -0.017998 0.214920 -0.094889
v -0.018002 0.214939 -0.094879
v -0.018960 0.215516 -0.094526
v -0.018020 0.214933 -0.094900
v -0.017998 0.214920 -0.094889
v -0.018017 0.214914 -0.094905
v -0.018017 0.214914 -0.094905
v -0.017998 0.214920 -0.094889
v -0.018788 0.214839 -0.095615
v -0.018020 0.214933 -0.094900
v -0.018017 0.214914 -0.094905
v -0.019936 0.216820 -0.097235
v -0.014926 0.204926 -0.097498
v -0.014831 0.205804 -0.095744
v -0.017405 0.207832 -0.094664
v -0.017473 0.206289 -0.097977
v -0.017405 0.207832 -0.094664
v -0.019658 0.209540 -0.096765
v -0.014975 0.205071 -0.097407
v -0.014983 0.205082 -0.097380
v -0.014967 0.205060 -0.097434
v -0.019774 0.207428 -0.109344
v -0.015732 0.204772 -0.108358
v -0.014983 0.204789 -0.098887
v -0.014872 0.204803 -0.098609
v -0.014847 0.204821 -0.098486
v -0.014839 0.204830 -0.098430
v -0.014835 0.204839 -0.098363
v -0.014829 0.204865 -0.098262
v -0.014827 0.204892 -0.098149
v -0.014828 0.204906 -0.098089
v -0.016267 0.207061 -0.112623
v 0.001247 0.205243 -0.111592
v 0.005004 0.208368 -0.113886
v 0.015651 0.207688 -0.112850
v 0.016400 0.204821 -0.109091
v -0.010828 0.204844 -0.105039
v 0.010756 0.204850 -0.105312
v 0.016101 0.204854 -0.097179
v 0.011483 0.205017 -0.097369
v 0.018701 0.208370 -0.111099
v 0.019961 0.207850 -0.107996
v 0.019752 0.207198 -0.097539
v 0.016101 0.204854 -0.097179
v -0.005729 0.208772 -0.113858
v -0.016481 0.227899 -0.112801
v -0.006124 0.228173 -0.113809
v 0.004338 0.227281 -0.113926
v 0.016025 0.227960 -0.112932
v 0.015651 0.207688 -0.112850
v 0.018701 0.208370 -0.111099
v 0.019944 0.228187 -0.109239
v 0.019961 0.207850 -0.107996
v 0.020038 0.217679 -0.096631
v 0.019752 0.207198 -0.097539
v 0.020040 0.227705 -0.079549
v 0.020035 0.216624 -0.063970
v 0.020065 0.245623 -0.079521
v 0.020111 0.246297 -0.063933
v -0.014983 0.205082 -0.097380
v -0.014926 0.204926 -0.097498
v -0.017405 0.207832 -0.094664
v -0.014975 0.205071 -0.097407
v -0.014926 0.204926 -0.097498
v -0.014983 0.205082 -0.097380
v -0.014967 0.205060 -0.097434
v -0.014975 0.205071 -0.097407
v -0.014983 0.205082 -0.097380
v -0.014967 0.205060 -0.097434
v -0.014967 0.205060 -0.097434
v -0.014983 0.205082 -0.097380
v -0.014975 0.205071 -0.097407
v -0.014926 0.204926 -0.097498
v -0.014967 0.205060 -0.097434
v -0.017473 0.206289 -0.097977
v -0.014831 0.205804 -0.095744
v -0.014926 0.204926 -0.097498
v -0.014914 0.204814 -0.098123
v -0.014924 0.204787 -0.098370
v -0.014983 0.204789 -0.098887
v -0.014926 0.204821 -0.098063
v -0.014926 0.204926 -0.097498
v -0.014835 0.204862 -0.098205
v -0.014837 0.204896 -0.098068
v -0.014914 0.204814 -0.098123
v -0.014828 0.204906 -0.098089
v -0.014926 0.204807 -0.098244
v -0.014983 0.204789 -0.098887
v -0.014837 0.204896 -0.098068
v -0.014926 0.204926 -0.097498
v -0.017473 0.206289 -0.097977
v -0.014914 0.204814 -0.098123
v -0.014926 0.204926 -0.097498
v -0.014926 0.204821 -0.098063
v -0.014837 0.204896 -0.098068
v -0.017473 0.206289 -0.097977
v -0.014828 0.204906 -0.098089
v -0.014926 0.204816 -0.098093
v -0.014926 0.204821 -0.098063
v -0.014914 0.204814 -0.098123
v -0.014927 0.204808 -0.098155
v -0.014928 0.204804 -0.098186
v -0.014914 0.204814 -0.098123
v -0.014926 0.204821 -0.098063
v -0.014926 0.204816 -0.098093
v -0.014928 0.204804 -0.098186
v -0.014927 0.204808 -0.098155
v -0.014828 0.204906 -0.098089
v -0.014837 0.204896 -0.098068
v -0.014826 0.204897 -0.098110
v -0.014826 0.204897 -0.098110
v -0.014837 0.204896 -0.098068
v -0.014828 0.204906 -0.098089
v -0.014933 0.204819 -0.098122
v -0.014926 0.204816 -0.098093
v -0.014914 0.204814 -0.098123
v -0.014914 0.204814 -0.098123
v -0.014926 0.204816 -0.098093
v -0.014933 0.204819 -0.098122
v -0.014826 0.204897 -0.098110
v -0.014828 0.204906 -0.098089
v -0.014827 0.204892 -0.098149
v -0.014835 0.204862 -0.098205
v -0.014828 0.204906 -0.098089
v -0.014826 0.204897 -0.098110
v -0.014835 0.204862 -0.098205
v -0.014826 0.204897 -0.098110
v -0.014827 0.204892 -0.098149
v -0.014823 0.204875 -0.098211
v -0.014829 0.204871 -0.098235
v -0.014835 0.204839 -0.098363
v -0.014933 0.204819 -0.098122
v -0.014914 0.204814 -0.098123
v -0.014927 0.204808 -0.098155
v -0.014928 0.204804 -0.098186
v -0.014914 0.204814 -0.098123
v -0.014926 0.204807 -0.098244
v -0.014914 0.204814 -0.098123
v -0.014933 0.204819 -0.098122
v -0.014927 0.204808 -0.098155
v -0.014926 0.204807 -0.098244
v -0.014914 0.204814 -0.098123
v -0.014928 0.204804 -0.098186
v -0.014924 0.204787 -0.098370
v -0.014914 0.204814 -0.098123
v -0.014926 0.204807 -0.098244
v -0.014825 0.204859 -0.098281
v -0.014827 0.204892 -0.098149
v -0.014830 0.204850 -0.098304
v -0.014830 0.204850 -0.098304
v -0.014827 0.204892 -0.098149
v -0.014835 0.204839 -0.098363
v -0.014835 0.204839 -0.098363
v -0.014827 0.204892 -0.098149
v -0.014829 0.204865 -0.098262
v -0.014829 0.204865 -0.098262
v -0.014827 0.204892 -0.098149
v -0.014825 0.204859 -0.098281
v -0.014829 0.204871 -0.098235
v -0.014827 0.204892 -0.098149
v -0.014829 0.204865 -0.098262
v -0.014823 0.204875 -0.098211
v -0.014827 0.204892 -0.098149
v -0.014829 0.204871 -0.098235
v -0.014829 0.204865 -0.098262
v -0.014823 0.204875 -0.098211
v -0.014829 0.204871 -0.098235
v -0.014825 0.204859 -0.098281
v -0.014829 0.204871 -0.098235
v -0.014823 0.204875 -0.098211
v -0.014829 0.204865 -0.098262
v -0.014825 0.204859 -0.098281
v -0.014983 0.204789 -0.098887
v -0.014835 0.204862 -0.098205
v -0.014835 0.204839 -0.098363
v -0.014872 0.204803 -0.098609
v -0.014847 0.204821 -0.098486
v -0.014839 0.204830 -0.098430
v -0.014847 0.204821 -0.098486
v -0.014858 0.204812 -0.098547
v -0.014835 0.204839 -0.098363
v -0.014829 0.204871 -0.098235
v -0.014830 0.204850 -0.098304
v -0.014830 0.204850 -0.098304
v -0.014829 0.204871 -0.098235
v -0.014829 0.204865 -0.098262
v -0.014931 0.204791 -0.098309
v -0.014926 0.204807 -0.098244
v -0.014924 0.204787 -0.098370
v -0.014924 0.204787 -0.098370
v -0.014926 0.204807 -0.098244
v -0.014983 0.204789 -0.098887
v -0.014924 0.204787 -0.098370
v -0.014926 0.204807 -0.098244
v -0.014931 0.204791 -0.098309
v -0.014830 0.204850 -0.098304
v -0.014829 0.204865 -0.098262
v -0.014825 0.204859 -0.098281
v -0.014835 0.204839 -0.098363
v -0.014830 0.204850 -0.098304
v -0.014832 0.204845 -0.098333
v -0.014832 0.204845 -0.098333
v -0.014830 0.204850 -0.098304
v -0.014835 0.204839 -0.098363
v -0.014858 0.204812 -0.098547
v -0.014847 0.204821 -0.098486
v -0.014872 0.204803 -0.098609
v -0.019774 0.207428 -0.109344
v -0.019658 0.209540 -0.096765
v -0.019936 0.216820 -0.097235
v -0.019864 0.228210 -0.108946
v -0.019933 0.228186 -0.079623
v -0.019945 0.217178 -0.063946
v -0.019957 0.245471 -0.063940
v -0.020104 0.246675 -0.079481
v -0.021579 0.248318 -0.063415
v -0.024795 0.249982 -0.078222
v -0.025641 0.249860 -0.061948
v 0.008734 0.206659 -0.102737
v -0.007606 0.213597 -0.101460
v -0.009477 0.205941 -0.103157
v 0.008065 0.208895 -0.101702
v 0.008015 0.214777 -0.101840
v -0.016267 0.207061 -0.112623
v -0.019774 0.207428 -0.109344
v -0.016481 0.227899 -0.112801
v -0.019864 0.228210 -0.108946
v -0.019930 0.216615 0.063973
v -0.019955 0.245272 0.079523
v -0.019959 0.245405 0.063936
v -0.019937 0.227955 0.079548
v -0.019894 0.216305 0.096312
v -0.019905 0.227470 0.108982
v -0.019827 0.207851 0.108792
v -0.019638 0.207276 0.096919
v -0.021749 0.248664 0.079056
v -0.021637 0.248394 0.063401
v -0.009976 0.249778 0.066366
v 0.000882 0.249776 0.067037
v -0.007757 0.214771 0.066633
v -0.017747 0.214817 0.064636
v -0.019930 0.216615 0.063973
v -0.019959 0.245405 0.063936
v -0.021637 0.248394 0.063401
v 0.000605 0.214776 0.066998
v 0.009500 0.214776 0.066445
v 0.010812 0.249780 0.066211
v 0.020012 0.216442 0.063954
v 0.020058 0.245474 0.063940
v 0.021764 0.248412 0.063387
v 0.017619 0.214779 0.064753
v -0.024698 0.249779 0.062263
v 0.024733 0.249768 0.062293
v -0.073155 0.216981 -0.036929
v -0.073108 0.254775 -0.037039
v -0.068408 0.254776 -0.045137
v -0.076868 0.254773 -0.028424
v -0.077036 0.216047 -0.027856
v -0.079712 0.216479 -0.018947
v -0.079669 0.254771 -0.019521
v -0.081406 0.216871 -0.009344
v -0.081419 0.254780 -0.009274
v -0.081949 0.254775 -0.000271
v -0.081926 0.216481 0.000428
v -0.081393 0.216795 0.009445
v -0.081490 0.254771 0.008688
v -0.068472 0.216973 -0.045028
v -0.062881 0.216700 -0.052552
v -0.062803 0.254777 -0.052662
v -0.056158 0.254774 -0.059830
v -0.054358 0.216176 -0.061379
v -0.047138 0.254668 -0.067117
v -0.045336 0.216672 -0.068134
v -0.039136 0.254764 -0.072035
v -0.080043 0.254762 0.017606
v -0.078767 0.216542 0.022705
v -0.077639 0.254759 0.026262
v -0.074852 0.216686 0.033044
v -0.074280 0.254665 0.034741
v -0.069733 0.216346 0.043112
v -0.069917 0.254737 0.042790
v -0.063196 0.216713 0.052159
v -0.064872 0.254744 0.050115
v -0.059365 0.254776 0.056514
v -0.055965 0.216387 0.059846
v -0.052857 0.254776 0.062648
v -0.048426 0.216754 0.066076
v -0.043286 0.254771 0.069767
v -0.039249 0.216646 0.071858
v -0.033562 0.254807 0.074812
v -0.030950 0.217052 0.075972
v -0.030936 0.245398 0.075920
v -0.029055 0.248577 0.076672
v -0.022958 0.254761 0.078794
v -0.025693 0.249823 0.077864
v -0.021749 0.248664 0.079056
v -0.013462 0.254785 0.080875
v -0.019955 0.245272 0.079523
v -0.019937 0.227955 0.079548
v -0.018033 0.231776 0.080066
v -0.004110 0.231919 0.082049
v -0.001168 0.254773 0.082131
v 0.009676 0.231949 0.081407
v 0.011909 0.254776 0.081138
v 0.018222 0.231815 0.079991
v 0.020159 0.246367 0.079494
v 0.023567 0.249481 0.078598
v 0.026163 0.254728 0.077868
v 0.020046 0.227756 0.079574
v 0.027600 0.249609 0.077261
v 0.039431 0.254709 0.071938
v 0.031013 0.245992 0.075931
v 0.031051 0.217063 0.076000
v 0.039138 0.216628 0.071964
v 0.048404 0.216955 0.066265
v 0.047319 0.254759 0.067018
v 0.056297 0.216284 0.059645
v 0.054734 0.254759 0.061117
v 0.062645 0.217014 0.052997
v 0.061521 0.254758 0.054289
v 0.068562 0.217058 0.045054
v 0.067389 0.254767 0.046805
v 0.072083 0.216891 0.038952
v 0.072475 0.254657 0.038567
v 0.076801 0.217025 0.028963
v 0.076391 0.254761 0.029964
v 0.079713 0.216269 0.019344
v 0.079337 0.254764 0.020953
v 0.081452 0.216289 0.009906
v 0.081249 0.254768 0.011518
v 0.082047 0.217106 0.000001
v 0.082149 0.254782 -0.000544
v 0.081545 0.217177 -0.009093
v 0.080991 0.254810 -0.012889
v 0.072752 0.215144 0.035264
v 0.079713 0.216269 0.019344
v 0.078414 0.214776 0.015060
v 0.081452 0.216289 0.009906
v 0.079943 0.214796 -0.010889
v 0.066940 0.214776 0.004254
v 0.065654 0.214776 0.014113
v 0.082047 0.217106 0.000001
v 0.062438 0.214776 0.024572
v 0.065878 0.214799 0.046195
v 0.059034 0.214776 0.031851
v 0.066963 0.214776 -0.004044
v 0.065927 0.214777 -0.012368
v 0.063373 0.214776 -0.022072
v 0.058905 0.214777 -0.032111
v 0.067582 0.214787 -0.043559
v 0.077135 0.216234 -0.027779
v 0.079976 0.216458 -0.018255
v 0.068793 0.216310 -0.044661
v 0.073307 0.217173 -0.036842
v 0.062936 0.216531 -0.052583
v 0.050601 0.214817 -0.062675
v 0.039125 0.214779 -0.054520
v 0.031051 0.214766 -0.059391
v 0.031051 0.214800 -0.073313
v 0.048127 0.214776 -0.046812
v 0.054587 0.214777 -0.038987
v 0.038804 0.216251 -0.072233
v 0.048503 0.217139 -0.066265
v 0.057069 0.217110 -0.058997
v 0.031053 0.216496 -0.075964
v 0.079084 0.254776 -0.021857
v 0.077135 0.216234 -0.027779
v 0.076172 0.254789 -0.030459
v 0.073307 0.217173 -0.036842
v 0.072476 0.254786 -0.038425
v 0.068793 0.216310 -0.044661
v 0.067761 0.254781 -0.046253
v 0.062936 0.216531 -0.052583
v 0.062308 0.254786 -0.053351
v 0.057069 0.217110 -0.058997
v 0.056017 0.254779 -0.059928
v 0.048503 0.217139 -0.066265
v 0.049120 0.254777 -0.065696
v 0.041609 0.254775 -0.070686
v 0.038804 0.216251 -0.072233
v 0.032894 0.254789 -0.075170
v 0.031053 0.216496 -0.075964
v 0.031017 0.245857 -0.075926
v 0.028115 0.249392 -0.077062
v 0.025337 0.254770 -0.077996
v 0.023051 0.249507 -0.078720
v 0.015571 0.254849 -0.080452
v 0.020065 0.245623 -0.079521
v 0.020040 0.227705 -0.079549
v 0.018284 0.231500 -0.080022
v 0.007214 0.231861 -0.081742
v 0.006815 0.254766 -0.081720
v -0.002776 0.254761 -0.081956
v -0.004192 0.231854 -0.081910
v -0.012138 0.254769 -0.081088
v -0.016497 0.232306 -0.080386
v -0.020104 0.246675 -0.079481
v -0.024795 0.249982 -0.078222
v -0.019933 0.228186 -0.079623
v -0.021364 0.254772 -0.079150
v -0.030758 0.254782 -0.075991
v -0.029156 0.248546 -0.076621
v -0.030938 0.245490 -0.075918
v -0.039384 0.216962 -0.071869
v -0.030950 0.216362 -0.075848
v 0.002824 0.264768 -0.059023
v 0.019478 0.264770 -0.055894
v 0.013114 0.264776 -0.070856
v -0.000254 0.264777 -0.072162
v -0.012334 0.264776 -0.070979
v -0.015027 0.264771 -0.057055
v -0.025039 0.264778 -0.067649
v -0.028445 0.264769 -0.051986
v -0.039363 0.264777 -0.060492
v -0.050272 0.264776 -0.051600
v -0.029071 0.264778 -0.040084
v -0.058779 0.264777 -0.041727
v -0.042518 0.264776 -0.024786
v -0.064302 0.264776 -0.032411
v -0.069503 0.264776 -0.019340
v -0.049301 0.264773 -0.005045
v -0.071924 0.264775 -0.004819
v 0.023895 0.264777 -0.068080
v 0.035121 0.264779 -0.062927
v 0.028909 0.264771 -0.051224
v 0.045341 0.264779 -0.056175
v 0.029052 0.264776 -0.039533
v 0.038738 0.264776 -0.030657
v 0.054871 0.264780 -0.046756
v 0.061322 0.264779 -0.038042
v 0.046139 0.264776 -0.017079
v 0.066922 0.264776 -0.026688
v 0.070307 0.264777 -0.016183
v 0.048995 0.264776 -0.004999
v 0.071854 0.264796 -0.004760
v 0.010507 0.214765 -0.066236
v 0.017850 0.214815 -0.064636
v 0.012721 0.249776 -0.065796
v 0.004208 0.249776 -0.066871
v 0.020035 0.216624 -0.063970
v 0.020111 0.246297 -0.063933
v 0.023984 0.249753 -0.062577
v 0.001230 0.214776 -0.067022
v -0.004107 0.249776 -0.066871
v -0.009305 0.214770 -0.066434
v -0.012678 0.249777 -0.065786
v -0.019945 0.217178 -0.063946
v -0.019957 0.245471 -0.063940
v -0.018402 0.214865 -0.064548
v -0.021579 0.248318 -0.063415
v -0.025641 0.249860 -0.061948
v 0.054587 0.214777 -0.038987
v 0.059253 0.249776 -0.031663
v 0.053310 0.249776 -0.040730
v 0.048127 0.214776 -0.046812
v 0.058905 0.214777 -0.032111
v 0.063373 0.214776 -0.022072
v 0.063514 0.249776 -0.021665
v 0.065927 0.214777 -0.012368
v 0.065728 0.249776 -0.013551
v 0.066963 0.214776 -0.004044
v 0.066899 0.249776 -0.005313
v 0.066940 0.214776 0.004254
v 0.067040 0.249776 0.003023
v 0.065654 0.214776 0.014113
v 0.066228 0.249776 0.010756
v 0.063692 0.249777 0.021272
v 0.062438 0.214776 0.024572
v 0.058918 0.249776 0.032209
v 0.059034 0.214776 0.031851
v 0.054549 0.214776 0.039062
v 0.053343 0.249776 0.040671
v 0.049163 0.214776 0.045637
v 0.048238 0.249776 0.046621
v 0.043403 0.214776 0.051128
v 0.041871 0.249776 0.052409
v 0.037085 0.214776 0.055879
v 0.035124 0.249778 0.057119
v 0.031051 0.214776 0.059414
v 0.031041 0.245552 0.059402
v 0.028630 0.249090 0.060617
v 0.024733 0.249768 0.062293
v -0.004107 0.249776 -0.066871
v -0.005098 0.249796 -0.055744
v -0.012678 0.249777 -0.065786
v -0.017720 0.249797 -0.053281
v -0.025641 0.249860 -0.061948
v -0.025947 0.249776 -0.049647
v -0.038208 0.249767 -0.055092
v -0.025955 0.249776 -0.038082
v -0.045393 0.249776 -0.049324
v -0.033221 0.249776 -0.031764
v -0.051197 0.249776 -0.043247
v -0.039624 0.249777 -0.023569
v -0.056107 0.249776 -0.036652
v -0.060220 0.249776 -0.029414
v -0.043828 0.249776 -0.013809
v -0.063405 0.249776 -0.021703
v -0.065877 0.249776 -0.012419
v -0.045955 0.249777 -0.003814
v -0.066941 0.249776 -0.002949
v -0.066788 0.249776 0.005530
v -0.044878 0.249775 0.010851
v -0.065582 0.249776 0.013752
v -0.063358 0.249776 0.021823
v -0.039627 0.249777 0.023562
v -0.059443 0.249777 0.031086
v -0.053066 0.249776 0.040924
v -0.033221 0.249776 0.031764
v -0.047403 0.249776 0.047364
v -0.039154 0.249777 0.054488
v -0.025955 0.249776 0.038098
v -0.025949 0.249776 0.049598
v -0.017640 0.249790 0.053359
v -0.024698 0.249779 0.062263
v -0.009976 0.249778 0.066366
v -0.006352 0.249785 0.055460
v 0.005199 0.249795 0.055744
v 0.000882 0.249776 0.067037
v 0.010812 0.249780 0.066211
v 0.017819 0.249799 0.053282
v 0.026049 0.249776 0.049646
v 0.024733 0.249768 0.062293
v 0.035124 0.249778 0.057119
v 0.026074 0.249776 0.038155
v 0.041871 0.249776 0.052409
v 0.033323 0.249776 0.031764
v 0.048238 0.249776 0.046621
v 0.039720 0.249777 0.023579
v 0.053343 0.249776 0.040671
v 0.058918 0.249776 0.032209
v 0.044977 0.249775 0.010846
v 0.063692 0.249777 0.021272
v 0.066228 0.249776 0.010756
v 0.067040 0.249776 0.003023
v 0.046052 0.249777 -0.003793
v 0.066899 0.249776 -0.005313
v 0.065728 0.249776 -0.013551
v 0.043929 0.249776 -0.013809
v 0.063514 0.249776 -0.021665
v 0.039728 0.249777 -0.023562
v 0.059253 0.249776 -0.031663
v 0.053310 0.249776 -0.040730
v 0.033323 0.249776 -0.031764
v 0.047802 0.249776 -0.047048
v 0.039360 0.249778 -0.054482
v 0.026056 0.249776 -0.038098
v 0.026051 0.249776 -0.049598
v 0.017740 0.249790 -0.053359
v 0.023984 0.249753 -0.062577
v 0.012721 0.249776 -0.065796
v 0.006453 0.249784 -0.055460
v 0.004208 0.249776 -0.066871
v -0.005098 0.249796 -0.055744
v -0.015493 0.261765 -0.053894
v -0.017720 0.249797 -0.053281
v -0.025949 0.261781 -0.049650
v -0.025947 0.249776 -0.049647
v -0.003078 0.261722 -0.055997
v 0.006453 0.249784 -0.055460
v 0.007134 0.261767 -0.055548
v 0.017740 0.249790 -0.053359
v 0.016759 0.261760 -0.053557
v 0.026050 0.261763 -0.049575
v 0.026051 0.249776 -0.049598
v -0.019376 0.264769 0.055894
v -0.019516 0.264776 0.069470
v -0.002722 0.264769 0.059023
v -0.002413 0.264776 0.072221
v 0.014443 0.264771 0.070624
v -0.030739 0.264776 0.065130
v 0.015127 0.264771 0.057055
v 0.028777 0.264769 0.051870
v 0.029286 0.264772 0.065950
v 0.041331 0.264771 0.058996
v 0.051043 0.264771 0.051045
v 0.029300 0.264779 0.039952
v 0.061032 0.264771 0.038505
v 0.042610 0.264776 0.024806
v 0.068673 0.264756 0.022615
v 0.049407 0.264776 0.005084
v 0.071725 0.265016 0.005362
v -0.028808 0.264771 0.051224
v -0.040209 0.264777 0.059780
v -0.049999 0.264777 0.052005
v -0.028951 0.264776 0.039533
v -0.038638 0.264776 0.030655
v -0.057839 0.264776 0.042917
v -0.064751 0.264777 0.031764
v -0.046045 0.264776 0.017063
v -0.069600 0.264776 0.018546
v -0.048886 0.264776 0.004996
v -0.071862 0.264822 0.004904
v -0.065773 0.214776 0.012503
v -0.063697 0.214776 0.020621
v -0.079457 0.214801 0.010270
v -0.066818 0.214776 0.004189
v -0.079587 0.214800 -0.009657
v -0.066818 0.214776 -0.004189
v -0.065773 0.214776 -0.012503
v -0.070082 0.214789 -0.039294
v -0.063697 0.214776 -0.020621
v -0.077036 0.216047 -0.027856
v -0.079712 0.216479 -0.018947
v -0.081406 0.216871 -0.009344
v -0.081926 0.216481 0.000428
v -0.079457 0.214801 0.010270
v -0.081393 0.216795 0.009445
v -0.078767 0.216542 0.022705
v -0.060625 0.214776 -0.028416
v -0.056604 0.214776 -0.035767
v -0.074472 0.214797 0.029613
v -0.074852 0.216686 0.033044
v -0.069733 0.216346 0.043112
v -0.062209 0.214807 0.050685
v -0.056604 0.214776 0.035767
v -0.051697 0.214776 0.042559
v -0.063196 0.216713 0.052159
v -0.055965 0.216387 0.059846
v -0.044353 0.214792 0.066849
v -0.048426 0.216754 0.066076
v -0.039249 0.216646 0.071858
v -0.030954 0.214827 0.074060
v -0.030950 0.217052 0.075972
v -0.045980 0.214776 0.048685
v -0.044353 0.214792 0.066849
v -0.039544 0.214776 0.054049
v -0.030952 0.214776 0.059493
v -0.030954 0.214827 0.074060
v -0.060625 0.214776 0.028416
v 0.062645 0.217014 0.052997
v 0.056297 0.216284 0.059645
v 0.046836 0.214809 0.065340
v 0.049163 0.214776 0.045637
v 0.054549 0.214776 0.039062
v 0.043403 0.214776 0.051128
v 0.048404 0.216955 0.066265
v 0.068562 0.217058 0.045054
v 0.039138 0.216628 0.071964
v 0.031052 0.214798 0.074103
v 0.031051 0.217063 0.076000
v 0.037085 0.214776 0.055879
v 0.031052 0.214798 0.074103
v 0.031051 0.214776 0.059414
v -0.030936 0.245398 0.075920
v -0.030950 0.217052 0.075972
v -0.030927 0.246058 0.059410
v -0.030952 0.214776 0.059493
v -0.030954 0.214827 0.074060
v -0.017301 0.229770 -0.110207
v -0.017803 0.229785 -0.082184
v 0.004520 0.229783 -0.083998
v 0.003663 0.229752 -0.112266
v 0.017162 0.229776 -0.110174
v 0.018268 0.229725 -0.082382
v 0.019944 0.228187 -0.109239
v 0.020040 0.227705 -0.079549
v 0.018284 0.231500 -0.080022
v -0.030938 0.245490 -0.075918
v -0.030943 0.245329 -0.059401
v -0.030950 0.216362 -0.075848
v -0.030952 0.214777 -0.059489
v -0.029393 0.248291 -0.060197
v -0.029156 0.248546 -0.076621
v -0.031171 0.214788 -0.074513
v -0.051197 0.249776 -0.043247
v -0.051697 0.214776 -0.042559
v -0.045393 0.249776 -0.049324
v -0.045980 0.214776 -0.048684
v -0.038208 0.249767 -0.055092
v -0.056604 0.214776 -0.035767
v -0.056107 0.249776 -0.036652
v -0.060625 0.214776 -0.028416
v -0.060220 0.249776 -0.029414
v -0.063697 0.214776 -0.020621
v -0.063405 0.249776 -0.021703
v -0.065773 0.214776 -0.012503
v -0.065877 0.249776 -0.012419
v -0.066941 0.249776 -0.002949
v -0.066818 0.214776 -0.004189
v -0.066788 0.249776 0.005530
v -0.066818 0.214776 0.004189
v -0.065582 0.249776 0.013752
v -0.065773 0.214776 0.012503
v -0.063358 0.249776 0.021823
v -0.063697 0.214776 0.020621
v -0.059443 0.249777 0.031086
v -0.060625 0.214776 0.028416
v -0.056604 0.214776 0.035767
v -0.053066 0.249776 0.040924
v -0.051697 0.214776 0.042559
v -0.047403 0.249776 0.047364
v -0.045980 0.214776 0.048685
v -0.039154 0.249777 0.054488
v -0.039544 0.214776 0.054049
v -0.030952 0.214776 0.059493
v -0.030927 0.246058 0.059410
v -0.027869 0.249350 0.060909
v -0.034219 0.261779 -0.030686
v -0.039624 0.249777 -0.023569
v -0.033221 0.249776 -0.031764
v -0.025980 0.261797 -0.038243
v -0.040400 0.261790 -0.022158
v -0.025955 0.249776 -0.038082
v -0.043828 0.249776 -0.013809
v -0.044005 0.261778 -0.013234
v -0.045955 0.249777 -0.003814
v -0.045893 0.261696 -0.003770
v -0.046074 0.270483 -0.003205
v -0.046054 0.268026 0.004644
v -0.045887 0.261765 0.003801
v -0.044878 0.249775 0.010851
v -0.044006 0.261777 0.013228
v -0.040397 0.261836 0.022151
v -0.039627 0.249777 0.023562
v -0.034232 0.261779 0.030671
v -0.033221 0.249776 0.031764
v -0.025975 0.261783 0.038250
v -0.025955 0.249776 0.038098
v -0.047212 0.271846 -0.000480
v -0.048019 0.270776 0.003321
v -0.004123 0.229787 0.083943
v -0.001850 0.229768 0.112126
v 0.018173 0.229766 0.108831
v 0.018457 0.229739 0.082292
v 0.016951 0.228473 0.112718
v 0.000645 0.227807 0.114089
v -0.016233 0.228058 0.112885
v -0.018132 0.229745 0.109728
v -0.017959 0.229763 0.082017
v -0.018132 0.229745 0.109728
v -0.016658 0.261760 0.053557
v -0.017640 0.249790 0.053359
v -0.025948 0.261763 0.049575
v -0.025949 0.249776 0.049598
v -0.007032 0.261767 0.055548
v -0.006352 0.249785 0.055460
v 0.003179 0.261722 0.055997
v 0.005199 0.249795 0.055744
v 0.015594 0.261764 0.053894
v 0.017819 0.249799 0.053282
v 0.026049 0.261783 0.049651
v 0.026049 0.249776 0.049646
v 0.020058 0.245474 0.063940
v 0.020046 0.227756 0.079574
v 0.020012 0.216442 0.063954
v 0.020033 0.216845 0.097198
v 0.020159 0.246367 0.079494
v 0.020014 0.227597 0.108625
v 0.019942 0.207962 0.109051
v 0.019854 0.207920 0.097093
v 0.021764 0.248412 0.063387
v 0.023567 0.249481 0.078598
v 0.027600 0.249609 0.077261
v 0.028630 0.249090 0.060617
v 0.029286 0.264772 0.065950
v 0.026163 0.254728 0.077868
v 0.039431 0.254709 0.071938
v 0.041331 0.264771 0.058996
v 0.014443 0.264771 0.070624
v 0.011909 0.254776 0.081138
v -0.002413 0.264776 0.072221
v -0.001168 0.254773 0.082131
v -0.013462 0.254785 0.080875
v -0.019516 0.264776 0.069470
v 0.047319 0.254759 0.067018
v 0.051043 0.264771 0.051045
v 0.054734 0.254759 0.061117
v 0.061521 0.254758 0.054289
v 0.061032 0.264771 0.038505
v 0.067389 0.254767 0.046805
v 0.072475 0.254657 0.038567
v 0.068673 0.264756 0.022615
v 0.076391 0.254761 0.029964
v 0.079337 0.254764 0.020953
v 0.081249 0.254768 0.011518
v 0.071725 0.265016 0.005362
v 0.082149 0.254782 -0.000544
v 0.071854 0.264796 -0.004760
v 0.080991 0.254810 -0.012889
v 0.070307 0.264777 -0.016183
v 0.079084 0.254776 -0.021857
v 0.076172 0.254789 -0.030459
v 0.066922 0.264776 -0.026688
v 0.072476 0.254786 -0.038425
v 0.061322 0.264779 -0.038042
v 0.067761 0.254781 -0.046253
v 0.062308 0.254786 -0.053351
v 0.054871 0.264780 -0.046756
v 0.056017 0.254779 -0.059928
v 0.045341 0.264779 -0.056175
v 0.049120 0.254777 -0.065696
v 0.041609 0.254775 -0.070686
v 0.035121 0.264779 -0.062927
v 0.032894 0.254789 -0.075170
v 0.023895 0.264777 -0.068080
v 0.025337 0.254770 -0.077996
v 0.015571 0.254849 -0.080452
v 0.013114 0.264776 -0.070856
v 0.006815 0.254766 -0.081720
v -0.000254 0.264777 -0.072162
v -0.002776 0.254761 -0.081956
v -0.012138 0.254769 -0.081088
v -0.012334 0.264776 -0.070979
v -0.021364 0.254772 -0.079150
v -0.025039 0.264778 -0.067649
v -0.030758 0.254782 -0.075991
v -0.039136 0.254764 -0.072035
v -0.039363 0.264777 -0.060492
v -0.047138 0.254668 -0.067117
v -0.056158 0.254774 -0.059830
v -0.050272 0.264776 -0.051600
v -0.062803 0.254777 -0.052662
v -0.058779 0.264777 -0.041727
v -0.068408 0.254776 -0.045137
v -0.073108 0.254775 -0.037039
v -0.064302 0.264776 -0.032411
v -0.076868 0.254773 -0.028424
v -0.069503 0.264776 -0.019340
v -0.079669 0.254771 -0.019521
v -0.081419 0.254780 -0.009274
v -0.071924 0.264775 -0.004819
v -0.081949 0.254775 -0.000271
v -0.071862 0.264822 0.004904
v -0.081490 0.254771 0.008688
v -0.080043 0.254762 0.017606
v -0.069600 0.264776 0.018546
v -0.077639 0.254759 0.026262
v -0.064751 0.264777 0.031764
v -0.074280 0.254665 0.034741
v -0.069917 0.254737 0.042790
v -0.057839 0.264776 0.042917
v -0.064872 0.254744 0.050115
v -0.049999 0.264777 0.052005
v -0.059365 0.254776 0.056514
v -0.052857 0.254776 0.062648
v -0.043286 0.254771 0.069767
v -0.040209 0.264777 0.059780
v -0.030739 0.264776 0.065130
v -0.033562 0.254807 0.074812
v -0.022958 0.254761 0.078794
v 0.031053 0.216496 -0.075964
v 0.031039 0.245654 -0.059406
v 0.031017 0.245857 -0.075926
v 0.031051 0.214800 -0.073313
v 0.031051 0.214766 -0.059391
v 0.031041 0.245552 0.059402
v 0.031051 0.217063 0.076000
v 0.031013 0.245992 0.075931
v 0.031051 0.214776 0.059414
v 0.031052 0.214798 0.074103
v -0.030952 0.214777 -0.059489
v -0.039544 0.214776 -0.054049
v -0.031171 0.214788 -0.074513
v -0.045980 0.214776 -0.048684
v -0.058474 0.214807 -0.055125
v -0.051697 0.214776 -0.042559
v -0.054358 0.216176 -0.061379
v -0.045336 0.216672 -0.068134
v -0.062881 0.216700 -0.052552
v -0.070082 0.214789 -0.039294
v -0.068472 0.216973 -0.045028
v -0.073155 0.216981 -0.036929
v -0.077036 0.216047 -0.027856
v -0.039384 0.216962 -0.071869
v -0.030950 0.216362 -0.075848
v 0.043929 0.249776 -0.013809
v 0.044107 0.261777 -0.013228
v 0.040498 0.261836 -0.022151
v 0.046052 0.249777 -0.003793
v 0.039728 0.249777 -0.023562
v 0.034333 0.261779 -0.030671
v 0.033323 0.249776 -0.031764
v 0.026077 0.261783 -0.038250
v 0.026056 0.249776 -0.038098
v 0.045975 0.261778 -0.003918
v 0.046162 0.271252 0.002084
v 0.046011 0.261732 0.003914
v 0.046715 0.268685 -0.004669
v 0.044977 0.249775 0.010846
v 0.044106 0.261778 0.013235
v 0.040486 0.261788 0.022189
v 0.039720 0.249777 0.023579
v 0.034214 0.261791 0.030818
v 0.033323 0.249776 0.031764
v 0.026074 0.249776 0.038155
v 0.026061 0.261762 0.038207
v 0.026061 0.261762 0.038207
v 0.029300 0.264779 0.039952
v 0.034214 0.261791 0.030818
v 0.028777 0.264769 0.051870
v 0.042610 0.264776 0.024806
v 0.026049 0.261783 0.049651
v 0.040486 0.261788 0.022189
v 0.044106 0.261778 0.013235
v 0.049407 0.264776 0.005084
v 0.046011 0.261732 0.003914
v -0.024698 0.249779 0.062263
v -0.021749 0.248664 0.079056
v -0.025693 0.249823 0.077864
v -0.027869 0.249350 0.060909
v -0.029055 0.248577 0.076672
v -0.030927 0.246058 0.059410
v -0.030936 0.245398 0.075920
v -0.021637 0.248394 0.063401
v 0.010355 0.204975 0.104374
v 0.016768 0.204846 0.109471
v -0.010355 0.204873 0.105072
v -0.016263 0.204927 0.110067
v -0.001028 0.204969 0.110973
v -0.015986 0.204869 0.097016
v 0.016709 0.204874 0.097246
v 0.010422 0.205285 0.097916
v -0.011412 0.205053 0.097215
v 0.008077 0.208351 0.101774
v -0.008063 0.207704 0.102123
v 0.008050 0.214776 0.101711
v -0.007912 0.214776 0.101842
v -0.011516 0.214776 0.094312
v -0.010662 0.208051 0.094601
v -0.016580 0.214779 0.093744
v -0.015811 0.207895 0.093895
v 0.028115 0.249392 -0.077062
v 0.028484 0.249237 -0.060686
v 0.023984 0.249753 -0.062577
v 0.023051 0.249507 -0.078720
v -0.039154 0.249777 0.054488
v -0.024698 0.249779 0.062263
v -0.027869 0.249350 0.060909
v -0.024795 0.249982 -0.078222
v -0.025641 0.249860 -0.061948
v -0.029156 0.248546 -0.076621
v -0.029393 0.248291 -0.060197
v 0.031039 0.245654 -0.059406
v 0.031051 0.214766 -0.059391
v 0.039360 0.249778 -0.054482
v 0.039125 0.214779 -0.054520
v 0.047802 0.249776 -0.047048
v 0.028484 0.249237 -0.060686
v 0.028484 0.249237 -0.060686
v 0.039360 0.249778 -0.054482
v 0.023984 0.249753 -0.062577
v -0.016580 0.214779 0.093744
v -0.017026 0.214699 0.094319
v -0.019894 0.216305 0.096312
v -0.025949 0.261781 -0.049650
v -0.025955 0.249776 -0.038082
v -0.025947 0.249776 -0.049647
v -0.025980 0.261797 -0.038243
v -0.025948 0.261763 0.049575
v -0.025949 0.249776 0.049598
v -0.025955 0.249776 0.038098
v -0.025975 0.261783 0.038250
v 0.026061 0.261762 0.038207
v 0.026049 0.249776 0.049646
v 0.026049 0.261783 0.049651
v 0.026074 0.249776 0.038155
v 0.020038 0.217679 -0.096631
v 0.020035 0.216624 -0.063970
v 0.017952 0.215227 -0.093498
v 0.017850 0.214815 -0.064636
v -0.039544 0.214776 -0.054049
v -0.030952 0.214777 -0.059489
v -0.030943 0.245329 -0.059401
v -0.029393 0.248291 -0.060197
v -0.025641 0.249860 -0.061948
v 0.026051 0.249776 -0.049598
v 0.026056 0.249776 -0.038098
v 0.026050 0.261763 -0.049575
v 0.026077 0.261783 -0.038250
v 0.046715 0.268685 -0.004669
v 0.070218 0.269188 -0.004683
v 0.048995 0.264776 -0.004999
v 0.071854 0.264796 -0.004760
v 0.045975 0.261778 -0.003918
v 0.049407 0.264776 0.005084
v 0.071725 0.265016 0.005362
v 0.047477 0.268636 0.004840
v 0.070438 0.271334 0.002509
v 0.046011 0.261732 0.003914
v 0.046162 0.271252 0.002084
v 0.071625 0.271598 -0.001144
v 0.071725 0.265016 0.005362
v 0.071854 0.264796 -0.004760
v 0.070438 0.271334 0.002509
v -0.048886 0.264776 0.004996
v -0.046054 0.268026 0.004644
v -0.070813 0.268101 0.004898
v -0.045887 0.261765 0.003801
v -0.071862 0.264822 0.004904
v -0.048019 0.270776 0.003321
v -0.071317 0.271628 0.001749
v -0.070287 0.268493 -0.004867
v -0.047117 0.268234 -0.004839
v -0.049301 0.264773 -0.005045
v -0.071924 0.264775 -0.004819
v -0.045893 0.261696 -0.003770
v -0.071924 0.264775 -0.004819
v -0.071862 0.264822 0.004904
v -0.071317 0.271628 0.001749
v -0.070396 0.271070 -0.002651
v -0.070813 0.268101 0.004898
v -0.070287 0.268493 -0.004867
v -0.007912 0.214776 0.101842
v -0.008063 0.207704 0.102123
v -0.008151 0.207781 0.097561
v -0.008248 0.214776 0.096956
v 0.008065 0.208895 -0.101702
v 0.008325 0.208114 -0.097079
v 0.008015 0.214777 -0.101840
v 0.008085 0.214775 -0.098088
v 0.008734 0.206659 -0.102737
v 0.048246 0.271782 -0.001614
v 0.071625 0.271598 -0.001144
v 0.070218 0.269188 -0.004683
v 0.046715 0.268685 -0.004669
v 0.046162 0.271252 0.002084
v 0.070438 0.271334 0.002509
v 0.048246 0.271782 -0.001614
v 0.071625 0.271598 -0.001144
v -0.070396 0.271070 -0.002651
v -0.071317 0.271628 0.001749
v -0.047212 0.271846 -0.000480
v -0.048019 0.270776 0.003321
v -0.046074 0.270483 -0.003205
v -0.070287 0.268493 -0.004867
v -0.047117 0.268234 -0.004839
v -0.010723 0.205190 -0.097608
v -0.014983 0.204789 -0.098887
v -0.014831 0.205804 -0.095744
v -0.007606 0.213597 -0.101460
v -0.008121 0.208202 -0.097766
v -0.009477 0.205941 -0.103157
v -0.008063 0.214775 -0.097451
v 0.008369 0.208707 0.096660
v 0.008050 0.214776 0.101711
v 0.008350 0.214776 0.097097
v 0.008077 0.208351 0.101774
v 0.031013 0.245992 0.075931
v 0.027600 0.249609 0.077261
v 0.028630 0.249090 0.060617
v 0.031041 0.245552 0.059402
v -0.019376 0.264769 0.055894
v -0.002722 0.264769 0.059023
v -0.016658 0.261760 0.053557
v -0.025948 0.261763 0.049575
v -0.028808 0.264771 0.051224
v -0.007032 0.261767 0.055548
v 0.003179 0.261722 0.055997
v 0.015127 0.264771 0.057055
v 0.015594 0.261764 0.053894
v 0.028777 0.264769 0.051870
v 0.026049 0.261783 0.049651
v 0.002824 0.264768 -0.059023
v 0.016759 0.261760 -0.053557
v 0.019478 0.264770 -0.055894
v 0.026050 0.261763 -0.049575
v 0.007134 0.261767 -0.055548
v -0.003078 0.261722 -0.055997
v -0.015027 0.264771 -0.057055
v -0.015493 0.261765 -0.053894
v -0.028445 0.264769 -0.051986
v -0.025949 0.261781 -0.049650
v 0.028909 0.264771 -0.051224
v -0.008151 0.207781 0.097561
v -0.010355 0.204873 0.105072
v -0.011412 0.205053 0.097215
v -0.008063 0.207704 0.102123
v -0.010662 0.208051 0.094601
v -0.015811 0.207895 0.093895
v -0.015986 0.204869 0.097016
v -0.019638 0.207276 0.096919
v -0.019827 0.207851 0.108792
v -0.016882 0.209008 0.112702
v -0.019905 0.227470 0.108982
v -0.016233 0.228058 0.112885
v -0.016263 0.204927 0.110067
v -0.018132 0.229745 0.109728
v -0.019937 0.227955 0.079548
v -0.019905 0.227470 0.108982
v -0.018132 0.229745 0.109728
v -0.017959 0.229763 0.082017
v 0.070218 0.269188 -0.004683
v 0.071625 0.271598 -0.001144
v 0.071854 0.264796 -0.004760
v -0.025975 0.261783 0.038250
v -0.028808 0.264771 0.051224
v -0.025948 0.261763 0.049575
v -0.028951 0.264776 0.039533
v 0.026050 0.261763 -0.049575
v 0.026077 0.261783 -0.038250
v 0.028909 0.264771 -0.051224
v 0.029052 0.264776 -0.039533
v -0.034232 0.261779 0.030671
v -0.038638 0.264776 0.030655
v -0.025975 0.261783 0.038250
v -0.028951 0.264776 0.039533
v -0.040397 0.261836 0.022151
v -0.046045 0.264776 0.017063
v -0.044006 0.261777 0.013228
v -0.048886 0.264776 0.004996
v -0.045887 0.261765 0.003801
v 0.040498 0.261836 -0.022151
v 0.044107 0.261777 -0.013228
v 0.046139 0.264776 -0.017079
v 0.048995 0.264776 -0.004999
v 0.038738 0.264776 -0.030657
v 0.034333 0.261779 -0.030671
v 0.026077 0.261783 -0.038250
v 0.029052 0.264776 -0.039533
v 0.045975 0.261778 -0.003918
v -0.028445 0.264769 -0.051986
v -0.029071 0.264778 -0.040084
v -0.025949 0.261781 -0.049650
v -0.025980 0.261797 -0.038243
v -0.006124 0.228173 -0.113809
v -0.017301 0.229770 -0.110207
v 0.003663 0.229752 -0.112266
v -0.016481 0.227899 -0.112801
v 0.004338 0.227281 -0.113926
v 0.016025 0.227960 -0.112932
v 0.017162 0.229776 -0.110174
v 0.019944 0.228187 -0.109239
v -0.029071 0.264778 -0.040084
v -0.034219 0.261779 -0.030686
v -0.025980 0.261797 -0.038243
v -0.042518 0.264776 -0.024786
v -0.040400 0.261790 -0.022158
v -0.044005 0.261778 -0.013234
v -0.049301 0.264773 -0.005045
v -0.045893 0.261696 -0.003770
v 0.020014 0.227597 0.108625
v 0.016951 0.228473 0.112718
v 0.019942 0.207962 0.109051
v 0.016815 0.208340 0.112644
v 0.023051 0.249507 -0.078720
v 0.023984 0.249753 -0.062577
v 0.020111 0.246297 -0.063933
v 0.020065 0.245623 -0.079521
v -0.015986 0.204869 0.097016
v -0.016263 0.204927 0.110067
v -0.019638 0.207276 0.096919
v -0.019827 0.207851 0.108792
v 0.019942 0.207962 0.109051
v 0.016815 0.208340 0.112644
v 0.016768 0.204846 0.109471
v 0.019942 0.207962 0.109051
v 0.016768 0.204846 0.109471
v 0.019854 0.207920 0.097093
v 0.016709 0.204874 0.097246
v 0.018457 0.229739 0.082292
v 0.020014 0.227597 0.108625
v 0.020046 0.227756 0.079574
v 0.018222 0.231815 0.079991
v 0.018173 0.229766 0.108831
v 0.016951 0.228473 0.112718
v 0.010355 0.204975 0.104374
v -0.010355 0.204873 0.105072
v -0.008063 0.207704 0.102123
v 0.008077 0.208351 0.101774
v 0.046715 0.268685 -0.004669
v 0.046162 0.271252 0.002084
v 0.048246 0.271782 -0.001614
v -0.047117 0.268234 -0.004839
v -0.046074 0.270483 -0.003205
v -0.045893 0.261696 -0.003770
v 0.031017 0.245857 -0.075926
v 0.028484 0.249237 -0.060686
v 0.028115 0.249392 -0.077062
v 0.031039 0.245654 -0.059406
v 0.010422 0.205285 0.097916
v 0.010355 0.204975 0.104374
v 0.008077 0.208351 0.101774
v 0.008369 0.208707 0.096660
v -0.004110 0.231919 0.082049
v -0.004123 0.229787 0.083943
v 0.009676 0.231949 0.081407
v -0.018033 0.231776 0.080066
v 0.018457 0.229739 0.082292
v -0.017959 0.229763 0.082017
v 0.018222 0.231815 0.079991
v -0.017803 0.229785 -0.082184
v -0.004192 0.231854 -0.081910
v 0.004520 0.229783 -0.083998
v -0.016497 0.232306 -0.080386
v 0.007214 0.231861 -0.081742
v 0.018284 0.231500 -0.080022
v 0.018268 0.229725 -0.082382
v -0.019864 0.228210 -0.108946
v -0.017301 0.229770 -0.110207
v -0.016481 0.227899 -0.112801
v -0.019864 0.228210 -0.108946
v -0.017803 0.229785 -0.082184
v -0.017301 0.229770 -0.110207
v -0.019933 0.228186 -0.079623
v -0.016497 0.232306 -0.080386
v 0.010756 0.204850 -0.105312
v 0.008734 0.206659 -0.102737
v -0.010828 0.204844 -0.105039
v -0.009477 0.205941 -0.103157
v 0.010756 0.204850 -0.105312
v 0.011483 0.205017 -0.097369
v 0.008734 0.206659 -0.102737
v 0.008325 0.208114 -0.097079
v 0.011128 0.207757 -0.094557
v 0.016033 0.207613 -0.094100
v 0.016101 0.204854 -0.097179
v 0.016809 0.208178 0.093872
v 0.016709 0.204874 0.097246
v 0.011680 0.207400 0.094541
v 0.010422 0.205285 0.097916
v 0.019854 0.207920 0.097093
v 0.016709 0.204874 0.097246
v 0.016809 0.208178 0.093872
v 0.046011 0.261732 0.003914
v 0.047477 0.268636 0.004840
v 0.046162 0.271252 0.002084
v -0.008121 0.208202 -0.097766
v -0.010723 0.205190 -0.097608
v -0.009477 0.205941 -0.103157
v -0.010828 0.204844 -0.105039
v -0.010861 0.207828 -0.094450
v -0.008063 0.214775 -0.097451
v -0.010861 0.207828 -0.094450
v -0.008121 0.208202 -0.097766
v -0.011193 0.214774 -0.094251
v -0.019937 0.227955 0.079548
v -0.017959 0.229763 0.082017
v -0.018033 0.231776 0.080066
v -0.008248 0.214776 0.096956
v -0.008151 0.207781 0.097561
v -0.010662 0.208051 0.094601
v -0.011516 0.214776 0.094312
v 0.011680 0.207400 0.094541
v 0.010422 0.205285 0.097916
v 0.008369 0.208707 0.096660
v 0.011128 0.207757 -0.094557
v 0.010399 0.214775 -0.094734
v 0.008325 0.208114 -0.097079
v 0.008085 0.214775 -0.098088
vt 0.445127 0.730068
vt 0.428821 0.730734
vt 0.433801 0.750737
vt 0.444991 0.750201
vt 0.423061 0.750495
vt 0.411943 0.730483
vt 0.411294 0.749533
vt 0.411913 0.753614
vt 0.423061 0.750495
vt 0.411294 0.749533
vt 0.427148 0.753572
vt 0.433801 0.750737
vt 0.444944 0.753695
vt 0.444991 0.750201
vt 0.446583 0.743732
vt 0.448209 0.741696
vt 0.444985 0.750363
vt 0.446604 0.743498
vt 0.446590 0.743494
vt 0.446575 0.743490
vt 0.446590 0.743494
vt 0.446570 0.743527
vt 0.446553 0.743503
vt 0.446545 0.743538
vt 0.446545 0.743538
vt 0.446553 0.743503
vt 0.446517 0.743512
vt 0.446524 0.743529
vt 0.446493 0.743529
vt 0.446482 0.743507
vt 0.446467 0.743544
vt 0.446461 0.743524
vt 0.446481 0.743550
vt 0.446443 0.743528
vt 0.446482 0.743507
vt 0.446463 0.743505
vt 0.446425 0.743532
vt 0.446443 0.743502
vt 0.446423 0.743500
vt 0.446387 0.743536
vt 0.446382 0.743512
vt 0.446370 0.743544
vt 0.446363 0.743524
vt 0.446343 0.743550
vt 0.446401 0.743556
vt 0.446372 0.743562
vt 0.446358 0.743565
vt 0.446344 0.743529
vt 0.446315 0.743555
vt 0.446343 0.743568
vt 0.446324 0.743534
vt 0.446297 0.743559
vt 0.446329 0.743570
vt 0.446279 0.743563
vt 0.446314 0.743573
vt 0.446261 0.743566
vt 0.446300 0.743575
vt 0.446259 0.743549
vt 0.446278 0.743544
vt 0.446297 0.743559
vt 0.446307 0.743534
vt 0.446243 0.743570
vt 0.446239 0.743554
vt 0.446224 0.743563
vt 0.446307 0.743534
vt 0.446315 0.743555
vt 0.446297 0.743559
vt 0.446279 0.743563
vt 0.446261 0.743566
vt 0.446285 0.743578
vt 0.446268 0.743575
vt 0.446256 0.743584
vt 0.446224 0.743563
vt 0.446241 0.743580
vt 0.446209 0.743572
vt 0.446191 0.743576
vt 0.446210 0.743584
vt 0.446154 0.743586
vt 0.446167 0.743582
vt 0.446180 0.743588
vt 0.446195 0.743586
vt 0.446128 0.743592
vt 0.446131 0.743589
vt 0.446106 0.743592
vt 0.446085 0.743598
vt 0.446112 0.743596
vt 0.446062 0.743602
vt 0.445883 0.743632
vt 0.446060 0.743602
vt 0.446034 0.743606
vt 0.446096 0.743597
vt 0.446007 0.743610
vt 0.446065 0.743602
vt 0.445997 0.743611
vt 0.445957 0.743620
vt 0.445897 0.743631
vt 0.445983 0.743609
vt 0.445873 0.743636
vt 0.445937 0.743624
vt 0.445905 0.743623
vt 0.445911 0.743618
vt 0.445966 0.743610
vt 0.445729 0.743641
vt 0.445932 0.743613
vt 0.445997 0.743611
vt 0.446062 0.743602
vt 0.446033 0.743604
vt 0.445983 0.743609
vt 0.446062 0.743602
vt 0.446081 0.743599
vt 0.446000 0.743607
vt 0.445983 0.743609
vt 0.445826 0.743638
vt 0.445771 0.743635
vt 0.445869 0.743619
vt 0.445778 0.743633
vt 0.445748 0.743638
vt 0.445778 0.743633
vt 0.445798 0.743630
vt 0.445852 0.743621
vt 0.445817 0.743624
vt 0.445899 0.743617
vt 0.445729 0.743641
vt 0.445748 0.743638
vt 0.445792 0.743627
vt 0.445798 0.743630
vt 0.445774 0.743628
vt 0.446553 0.743503
vt 0.448209 0.741696
vt 0.446575 0.743490
vt 0.446537 0.743500
vt 0.448209 0.741696
vt 0.446553 0.743503
vt 0.446590 0.743494
vt 0.446604 0.743498
vt 0.446537 0.743500
vt 0.446575 0.743490
vt 0.446553 0.743503
vt 0.446517 0.743512
vt 0.446553 0.743503
vt 0.446604 0.743498
vt 0.446590 0.743494
vt 0.446575 0.743490
vt 0.446537 0.743500
vt 0.446517 0.743512
vt 0.446553 0.743503
vt 0.447014 0.743212
vt 0.448209 0.741696
vt 0.446537 0.743500
vt 0.448188 0.742099
vt 0.445795 0.743762
vt 0.445832 0.743668
vt 0.445771 0.743635
vt 0.445748 0.743638
vt 0.445568 0.743731
vt 0.445538 0.743734
vt 0.445453 0.743687
vt 0.445710 0.743644
vt 0.445500 0.743743
vt 0.445470 0.743745
vt 0.445434 0.743752
vt 0.440437 0.743763
vt 0.445538 0.743734
vt 0.445401 0.743753
vt 0.445344 0.743761
vt 0.445500 0.743743
vt 0.445470 0.743745
vt 0.445419 0.743750
vt 0.445832 0.743668
vt 0.445729 0.743641
vt 0.445434 0.743752
vt 0.445419 0.743750
vt 0.445368 0.743759
vt 0.436526 0.743765
vt 0.419928 0.743765
vt 0.420264 0.743764
vt 0.436226 0.743765
vt 0.437676 0.743765
vt 0.416660 0.743765
vt 0.428781 0.743765
vt 0.420419 0.743770
vt 0.411596 0.743762
vt 0.410429 0.743724
vt 0.408282 0.742236
vt 0.408246 0.741926
vt 0.445403 0.743754
vt 0.445384 0.743756
vt 0.445419 0.743750
vt 0.445434 0.743752
vt 0.446524 0.743529
vt 0.446570 0.743527
vt 0.446545 0.743538
vt 0.446545 0.743538
vt 0.446570 0.743527
vt 0.446524 0.743529
vt 0.446500 0.743509
vt 0.446537 0.743500
vt 0.446517 0.743512
vt 0.446461 0.743524
vt 0.446517 0.743512
vt 0.446537 0.743500
vt 0.446500 0.743509
vt 0.446461 0.743524
vt 0.446482 0.743507
vt 0.447014 0.743212
vt 0.446537 0.743500
vt 0.446500 0.743509
vt 0.446482 0.743507
vt 0.446443 0.743502
vt 0.446423 0.743500
vt 0.446382 0.743512
vt 0.446324 0.743534
vt 0.446307 0.743534
vt 0.446302 0.743519
vt 0.446208 0.743549
vt 0.446228 0.743543
vt 0.446269 0.743532
vt 0.446307 0.743534
vt 0.446278 0.743544
vt 0.446239 0.743554
vt 0.446224 0.743563
vt 0.446208 0.743549
vt 0.446209 0.743572
vt 0.446191 0.743576
vt 0.446187 0.743554
vt 0.446170 0.743571
vt 0.446148 0.743574
vt 0.446302 0.743519
vt 0.446324 0.743534
vt 0.446187 0.743554
vt 0.445786 0.743648
vt 0.445771 0.743635
vt 0.445750 0.743655
vt 0.445748 0.743638
vt 0.445732 0.743658
vt 0.445729 0.743641
vt 0.445750 0.743655
vt 0.445710 0.743644
vt 0.446481 0.743550
vt 0.446583 0.743732
vt 0.446451 0.743557
vt 0.446459 0.743570
vt 0.446467 0.743544
vt 0.446391 0.743583
vt 0.446329 0.743570
vt 0.446417 0.743562
vt 0.446387 0.743568
vt 0.446391 0.743583
vt 0.446435 0.743551
vt 0.446451 0.743557
vt 0.446401 0.743556
vt 0.446329 0.743570
vt 0.446358 0.743565
vt 0.446268 0.743575
vt 0.446186 0.743605
vt 0.445734 0.743775
vt 0.446062 0.743602
vt 0.445997 0.743611
vt 0.445897 0.743631
vt 0.445453 0.743687
vt 0.445314 0.743723
vt 0.445203 0.743737
vt 0.445147 0.743747
vt 0.446372 0.743562
vt 0.446387 0.743568
vt 0.446482 0.743507
vt 0.446517 0.743512
vt 0.446500 0.743509
vt 0.446500 0.743509
vt 0.446517 0.743512
vt 0.446482 0.743507
vt 0.446467 0.743544
vt 0.446583 0.743732
vt 0.446481 0.743550
vt 0.446482 0.743507
vt 0.446500 0.743509
vt 0.446463 0.743505
vt 0.446463 0.743505
vt 0.446500 0.743509
vt 0.446482 0.743507
vt 0.445734 0.743775
vt 0.440437 0.743763
vt 0.439856 0.751141
vt 0.436545 0.749834
vt 0.436526 0.743765
vt 0.448030 0.750621
vt 0.446451 0.743557
vt 0.446493 0.743529
vt 0.446467 0.743544
vt 0.446467 0.743544
vt 0.446493 0.743529
vt 0.446451 0.743557
vt 0.446481 0.743550
vt 0.446493 0.743529
vt 0.446467 0.743544
vt 0.446451 0.743557
vt 0.446435 0.743551
vt 0.446443 0.743528
vt 0.446481 0.743550
vt 0.446467 0.743544
vt 0.446443 0.743502
vt 0.446482 0.743507
vt 0.446463 0.743505
vt 0.446391 0.743583
vt 0.446459 0.743570
vt 0.446329 0.743570
vt 0.446443 0.743528
vt 0.446467 0.743544
vt 0.446451 0.743557
vt 0.446425 0.743532
vt 0.446425 0.743532
vt 0.446467 0.743544
vt 0.446443 0.743528
vt 0.446451 0.743557
vt 0.446443 0.743528
vt 0.446451 0.743557
vt 0.446435 0.743551
vt 0.446435 0.743551
vt 0.446451 0.743557
vt 0.446443 0.743528
vt 0.446425 0.743532
vt 0.446443 0.743528
vt 0.446406 0.743536
vt 0.446406 0.743536
vt 0.446443 0.743528
vt 0.446435 0.743551
vt 0.446425 0.743532
vt 0.446417 0.743562
vt 0.446387 0.743536
vt 0.446406 0.743536
vt 0.446401 0.743556
vt 0.446370 0.743544
vt 0.446406 0.743536
vt 0.446403 0.743513
vt 0.446443 0.743502
vt 0.446423 0.743500
vt 0.446382 0.743512
vt 0.446363 0.743524
vt 0.446403 0.743513
vt 0.446435 0.743551
vt 0.446443 0.743528
vt 0.446425 0.743532
vt 0.446417 0.743562
vt 0.446406 0.743536
vt 0.446423 0.743500
vt 0.446443 0.743502
vt 0.446403 0.743513
vt 0.446382 0.743512
vt 0.446403 0.743513
vt 0.446363 0.743524
vt 0.446344 0.743529
vt 0.446382 0.743512
vt 0.446324 0.743534
vt 0.446406 0.743536
vt 0.446435 0.743551
vt 0.446401 0.743556
vt 0.446401 0.743556
vt 0.446435 0.743551
vt 0.446406 0.743536
vt 0.446406 0.743536
vt 0.446417 0.743562
vt 0.446401 0.743556
vt 0.446401 0.743556
vt 0.446417 0.743562
vt 0.446406 0.743536
vt 0.446401 0.743556
vt 0.446406 0.743536
vt 0.446370 0.743544
vt 0.446401 0.743556
vt 0.446406 0.743536
vt 0.446387 0.743568
vt 0.446387 0.743568
vt 0.446406 0.743536
vt 0.446401 0.743556
vt 0.446387 0.743568
vt 0.446401 0.743556
vt 0.446372 0.743562
vt 0.446358 0.743565
vt 0.446324 0.743534
vt 0.446363 0.743524
vt 0.446344 0.743529
vt 0.446344 0.743529
vt 0.446307 0.743534
vt 0.446344 0.743529
vt 0.446324 0.743534
vt 0.446278 0.743544
vt 0.446259 0.743549
vt 0.446307 0.743534
vt 0.446302 0.743519
vt 0.446324 0.743534
vt 0.446344 0.743529
vt 0.446307 0.743534
vt 0.446278 0.743544
vt 0.446343 0.743568
vt 0.446372 0.743562
vt 0.446358 0.743565
vt 0.446358 0.743565
vt 0.446314 0.743573
vt 0.446329 0.743570
vt 0.446329 0.743570
vt 0.446300 0.743575
vt 0.446285 0.743578
vt 0.446300 0.743575
vt 0.446329 0.743570
vt 0.446358 0.743565
vt 0.446343 0.743568
vt 0.446343 0.743568
vt 0.446314 0.743573
vt 0.446300 0.743575
vt 0.446315 0.743555
vt 0.446324 0.743534
vt 0.446307 0.743534
vt 0.446297 0.743559
vt 0.446279 0.743563
vt 0.446278 0.743544
vt 0.446324 0.743534
vt 0.446302 0.743519
vt 0.446259 0.743549
vt 0.446256 0.743584
vt 0.446329 0.743570
vt 0.446186 0.743605
vt 0.446300 0.743575
vt 0.446285 0.743578
vt 0.446186 0.743605
vt 0.446329 0.743570
vt 0.446268 0.743575
vt 0.446285 0.743578
vt 0.446329 0.743570
vt 0.446300 0.743575
vt 0.446300 0.743575
vt 0.446329 0.743570
vt 0.446285 0.743578
vt 0.446243 0.743570
vt 0.446261 0.743566
vt 0.446239 0.743554
vt 0.446278 0.743544
vt 0.446259 0.743549
vt 0.446261 0.743566
vt 0.446300 0.743575
vt 0.446243 0.743570
vt 0.446224 0.743563
vt 0.446261 0.743566
vt 0.446243 0.743570
vt 0.446243 0.743570
vt 0.446261 0.743566
vt 0.446224 0.743563
vt 0.446268 0.743575
vt 0.446285 0.743578
vt 0.446256 0.743584
vt 0.446209 0.743572
vt 0.446239 0.743554
vt 0.446224 0.743563
vt 0.446224 0.743563
vt 0.446239 0.743554
vt 0.446209 0.743572
vt 0.446256 0.743584
vt 0.446285 0.743578
vt 0.446268 0.743575
vt 0.446209 0.743572
vt 0.446243 0.743570
vt 0.446224 0.743563
vt 0.446224 0.743563
vt 0.446243 0.743570
vt 0.446209 0.743572
vt 0.446209 0.743572
vt 0.446224 0.743563
vt 0.446191 0.743576
vt 0.446191 0.743576
vt 0.446224 0.743563
vt 0.446209 0.743572
vt 0.446241 0.743580
vt 0.446268 0.743575
vt 0.446256 0.743584
vt 0.446226 0.743582
vt 0.446256 0.743584
vt 0.446268 0.743575
vt 0.446241 0.743580
vt 0.446226 0.743582
vt 0.446208 0.743549
vt 0.446228 0.743543
vt 0.446187 0.743554
vt 0.446208 0.743549
vt 0.446226 0.743582
vt 0.446256 0.743584
vt 0.446186 0.743605
vt 0.446195 0.743586
vt 0.446128 0.743597
vt 0.446210 0.743584
vt 0.446241 0.743580
vt 0.446226 0.743582
vt 0.446226 0.743582
vt 0.446170 0.743571
vt 0.446191 0.743576
vt 0.446167 0.743582
vt 0.446167 0.743582
vt 0.446191 0.743576
vt 0.446170 0.743571
vt 0.446132 0.743580
vt 0.446187 0.743554
vt 0.446148 0.743574
vt 0.447014 0.743212
vt 0.446187 0.743554
vt 0.446132 0.743580
vt 0.446167 0.743582
vt 0.446170 0.743571
vt 0.446148 0.743574
vt 0.446148 0.743574
vt 0.446170 0.743571
vt 0.446167 0.743582
vt 0.446210 0.743584
vt 0.446226 0.743582
vt 0.446195 0.743586
vt 0.446210 0.743584
vt 0.446148 0.743574
vt 0.446167 0.743582
vt 0.446132 0.743580
vt 0.446132 0.743580
vt 0.446167 0.743582
vt 0.446148 0.743574
vt 0.446132 0.743580
vt 0.446167 0.743582
vt 0.446154 0.743586
vt 0.446154 0.743586
vt 0.446167 0.743582
vt 0.446132 0.743580
vt 0.446132 0.743580
vt 0.446148 0.743574
vt 0.446112 0.743581
vt 0.446112 0.743581
vt 0.446148 0.743574
vt 0.446132 0.743580
vt 0.446096 0.743575
vt 0.446148 0.743574
vt 0.446132 0.743580
vt 0.446132 0.743580
vt 0.446148 0.743574
vt 0.446096 0.743575
vt 0.446132 0.743580
vt 0.446148 0.743574
vt 0.446131 0.743589
vt 0.446131 0.743589
vt 0.446148 0.743574
vt 0.446132 0.743580
vt 0.446128 0.743592
vt 0.446186 0.743605
vt 0.446062 0.743602
vt 0.446132 0.743580
vt 0.446154 0.743586
vt 0.446131 0.743589
vt 0.446131 0.743589
vt 0.446154 0.743586
vt 0.446132 0.743580
vt 0.446112 0.743581
vt 0.446132 0.743580
vt 0.446131 0.743589
vt 0.446096 0.743575
vt 0.446132 0.743580
vt 0.446112 0.743581
vt 0.447014 0.743212
vt 0.446096 0.743575
vt 0.446079 0.743574
vt 0.446032 0.743584
vt 0.446050 0.743585
vt 0.446096 0.743575
vt 0.445939 0.743612
vt 0.446131 0.743589
vt 0.446132 0.743580
vt 0.446112 0.743581
vt 0.446128 0.743597
vt 0.446186 0.743605
vt 0.446128 0.743592
vt 0.446180 0.743588
vt 0.446195 0.743586
vt 0.446162 0.743588
vt 0.446162 0.743588
vt 0.446195 0.743586
vt 0.446180 0.743588
vt 0.446112 0.743581
vt 0.446131 0.743589
vt 0.446106 0.743592
vt 0.446085 0.743593
vt 0.446106 0.743592
vt 0.446131 0.743589
vt 0.446112 0.743581
vt 0.446085 0.743593
vt 0.446162 0.743588
vt 0.446195 0.743586
vt 0.446128 0.743597
vt 0.446128 0.743592
vt 0.446180 0.743588
vt 0.446162 0.743588
vt 0.446096 0.743575
vt 0.446112 0.743581
vt 0.446106 0.743592
vt 0.446106 0.743592
vt 0.446112 0.743581
vt 0.446096 0.743575
vt 0.446096 0.743575
vt 0.446106 0.743592
vt 0.446085 0.743593
vt 0.446085 0.743593
vt 0.446106 0.743592
vt 0.446096 0.743575
vt 0.446050 0.743585
vt 0.446096 0.743575
vt 0.446085 0.743593
vt 0.446066 0.743597
vt 0.446079 0.743574
vt 0.446096 0.743575
vt 0.446085 0.743593
vt 0.446066 0.743597
vt 0.446066 0.743597
vt 0.446096 0.743575
vt 0.446079 0.743574
vt 0.446085 0.743593
vt 0.446085 0.743593
vt 0.446106 0.743592
vt 0.446066 0.743597
vt 0.446085 0.743598
vt 0.446034 0.743606
vt 0.446128 0.743592
vt 0.446162 0.743588
vt 0.446150 0.743591
vt 0.446050 0.743585
vt 0.446079 0.743574
vt 0.446066 0.743597
vt 0.446066 0.743597
vt 0.446079 0.743574
vt 0.446050 0.743585
vt 0.446150 0.743591
vt 0.446162 0.743588
vt 0.446128 0.743597
vt 0.446112 0.743596
vt 0.446128 0.743592
vt 0.446128 0.743597
vt 0.446085 0.743598
vt 0.446106 0.743592
vt 0.446060 0.743602
vt 0.446060 0.743602
vt 0.446085 0.743598
vt 0.446039 0.743600
vt 0.446066 0.743597
vt 0.446050 0.743585
vt 0.446019 0.743602
vt 0.446050 0.743585
vt 0.446066 0.743597
vt 0.446039 0.743600
vt 0.446128 0.743597
vt 0.446150 0.743591
vt 0.446128 0.743592
vt 0.446039 0.743600
vt 0.446066 0.743597
vt 0.446060 0.743602
vt 0.446007 0.743610
vt 0.446032 0.743584
vt 0.446050 0.743585
vt 0.446039 0.743600
vt 0.446007 0.743610
vt 0.446112 0.743596
vt 0.446150 0.743591
vt 0.446128 0.743597
vt 0.446034 0.743606
vt 0.446085 0.743598
vt 0.446060 0.743602
vt 0.446128 0.743592
vt 0.446150 0.743591
vt 0.446112 0.743596
vt 0.446128 0.743592
vt 0.446150 0.743591
vt 0.446128 0.743597
vt 0.446128 0.743597
vt 0.446128 0.743592
vt 0.446112 0.743596
vt 0.446019 0.743602
vt 0.446050 0.743585
vt 0.446032 0.743584
vt 0.446081 0.743599
vt 0.446128 0.743592
vt 0.446062 0.743602
vt 0.446128 0.743597
vt 0.446048 0.743602
vt 0.446081 0.743599
vt 0.446016 0.743606
vt 0.445997 0.743611
vt 0.445983 0.743609
vt 0.445997 0.743611
vt 0.445948 0.743612
vt 0.445897 0.743631
vt 0.445966 0.743610
vt 0.445877 0.743625
vt 0.445453 0.743687
vt 0.445932 0.743613
vt 0.445899 0.743617
vt 0.445911 0.743618
vt 0.445899 0.743617
vt 0.445834 0.743623
vt 0.445869 0.743619
vt 0.445852 0.743621
vt 0.445817 0.743624
vt 0.445983 0.743609
vt 0.446000 0.743607
vt 0.445869 0.743619
vt 0.445877 0.743625
vt 0.445817 0.743624
vt 0.445774 0.743628
vt 0.446060 0.743602
vt 0.446066 0.743597
vt 0.446034 0.743606
vt 0.445991 0.743600
vt 0.446050 0.743585
vt 0.446007 0.743610
vt 0.445979 0.743614
vt 0.445959 0.743610
vt 0.446032 0.743584
vt 0.446050 0.743585
vt 0.445991 0.743600
vt 0.446019 0.743602
vt 0.446039 0.743600
vt 0.446032 0.743584
vt 0.446019 0.743602
vt 0.446039 0.743600
vt 0.446034 0.743606
vt 0.446007 0.743610
vt 0.446032 0.743584
vt 0.446039 0.743600
vt 0.446019 0.743602
vt 0.446096 0.743597
vt 0.446128 0.743597
vt 0.446112 0.743596
vt 0.446112 0.743596
vt 0.446128 0.743597
vt 0.446096 0.743597
vt 0.446065 0.743602
vt 0.446007 0.743610
vt 0.446039 0.743600
vt 0.446019 0.743602
vt 0.446065 0.743602
vt 0.446128 0.743597
vt 0.446081 0.743599
vt 0.446007 0.743610
vt 0.446060 0.743602
vt 0.446034 0.743606
vt 0.446034 0.743606
vt 0.446039 0.743600
vt 0.446007 0.743610
vt 0.445991 0.743600
vt 0.446019 0.743602
vt 0.446007 0.743610
vt 0.446007 0.743610
vt 0.446019 0.743602
vt 0.445991 0.743600
vt 0.445957 0.743620
vt 0.446032 0.743584
vt 0.445991 0.743600
vt 0.445959 0.743610
vt 0.445939 0.743612
vt 0.446032 0.743584
vt 0.445957 0.743620
vt 0.446081 0.743599
vt 0.446112 0.743596
vt 0.446096 0.743597
vt 0.446096 0.743597
vt 0.445979 0.743614
vt 0.446007 0.743610
vt 0.445991 0.743600
vt 0.445959 0.743610
vt 0.446065 0.743602
vt 0.446096 0.743597
vt 0.446081 0.743599
vt 0.446081 0.743599
vt 0.446096 0.743597
vt 0.446065 0.743602
vt 0.445979 0.743614
vt 0.446007 0.743610
vt 0.445957 0.743620
vt 0.445957 0.743620
vt 0.446007 0.743610
vt 0.445979 0.743614
vt 0.445959 0.743610
vt 0.445979 0.743614
vt 0.445957 0.743620
vt 0.445939 0.743612
vt 0.445957 0.743620
vt 0.445979 0.743614
vt 0.445959 0.743610
vt 0.445939 0.743612
vt 0.445923 0.743620
vt 0.445959 0.743610
vt 0.445939 0.743612
vt 0.446065 0.743602
vt 0.446081 0.743599
vt 0.446048 0.743602
vt 0.446048 0.743602
vt 0.446081 0.743599
vt 0.446016 0.743606
vt 0.445905 0.743623
vt 0.445959 0.743610
vt 0.445923 0.743620
vt 0.445957 0.743620
vt 0.445959 0.743610
vt 0.445905 0.743623
vt 0.445937 0.743624
vt 0.445979 0.743614
vt 0.445957 0.743620
vt 0.445957 0.743620
vt 0.445979 0.743614
vt 0.445937 0.743624
vt 0.446033 0.743604
vt 0.446065 0.743602
vt 0.446048 0.743602
vt 0.445939 0.743612
vt 0.445957 0.743620
vt 0.445937 0.743624
vt 0.445937 0.743624
vt 0.445957 0.743620
vt 0.445939 0.743612
vt 0.446048 0.743602
vt 0.446062 0.743602
vt 0.446065 0.743602
vt 0.445923 0.743620
vt 0.445939 0.743612
vt 0.445937 0.743624
vt 0.445939 0.743612
vt 0.445957 0.743620
vt 0.445905 0.743623
vt 0.445937 0.743624
vt 0.445939 0.743612
vt 0.445923 0.743620
vt 0.445937 0.743624
vt 0.445957 0.743620
vt 0.445905 0.743623
vt 0.445905 0.743623
vt 0.445957 0.743620
vt 0.445937 0.743624
vt 0.447014 0.743212
vt 0.445939 0.743612
vt 0.445873 0.743636
vt 0.445873 0.743636
vt 0.445939 0.743612
vt 0.445873 0.743628
vt 0.445856 0.743632
vt 0.445873 0.743628
vt 0.445939 0.743612
vt 0.445905 0.743623
vt 0.445937 0.743624
vt 0.445957 0.743620
vt 0.445897 0.743631
vt 0.445923 0.743620
vt 0.445937 0.743624
vt 0.445893 0.743631
vt 0.445905 0.743623
vt 0.445873 0.743628
vt 0.445893 0.743631
vt 0.445839 0.743636
vt 0.445873 0.743636
vt 0.445838 0.743640
vt 0.445893 0.743631
vt 0.445937 0.743624
vt 0.445905 0.743623
vt 0.446016 0.743606
vt 0.446048 0.743602
vt 0.446033 0.743604
vt 0.445905 0.743623
vt 0.445923 0.743620
vt 0.445873 0.743628
vt 0.445873 0.743628
vt 0.445923 0.743620
vt 0.445905 0.743623
vt 0.446033 0.743604
vt 0.446048 0.743602
vt 0.445983 0.743609
vt 0.445983 0.743609
vt 0.446048 0.743602
vt 0.446016 0.743606
vt 0.446033 0.743604
vt 0.446048 0.743602
vt 0.446016 0.743606
vt 0.445893 0.743631
vt 0.445905 0.743623
vt 0.445873 0.743636
vt 0.446000 0.743607
vt 0.446033 0.743604
vt 0.446016 0.743606
vt 0.446016 0.743606
vt 0.446033 0.743604
vt 0.446000 0.743607
vt 0.445983 0.743609
vt 0.446016 0.743606
vt 0.446000 0.743607
vt 0.445839 0.743636
vt 0.445873 0.743628
vt 0.445856 0.743632
vt 0.445856 0.743632
vt 0.445856 0.743632
vt 0.445873 0.743628
vt 0.445873 0.743636
vt 0.446000 0.743607
vt 0.446016 0.743606
vt 0.445983 0.743609
vt 0.445873 0.743636
vt 0.445873 0.743628
vt 0.445838 0.743640
vt 0.445839 0.743636
vt 0.445838 0.743640
vt 0.445820 0.743641
vt 0.445786 0.743648
vt 0.445786 0.743648
vt 0.445873 0.743636
vt 0.445838 0.743640
vt 0.447014 0.743212
vt 0.445873 0.743636
vt 0.445786 0.743648
vt 0.445820 0.743641
vt 0.445839 0.743636
vt 0.445838 0.743640
vt 0.445804 0.743645
vt 0.445750 0.743655
vt 0.445804 0.743645
vt 0.445839 0.743636
vt 0.445820 0.743641
vt 0.445786 0.743648
vt 0.445839 0.743636
vt 0.445804 0.743645
vt 0.445838 0.743640
vt 0.445873 0.743636
vt 0.445729 0.743641
vt 0.445820 0.743641
vt 0.445839 0.743636
vt 0.445804 0.743645
vt 0.445786 0.743648
vt 0.445750 0.743655
vt 0.445750 0.743655
vt 0.445838 0.743640
vt 0.445729 0.743641
vt 0.445710 0.743644
vt 0.445786 0.743648
vt 0.445804 0.743645
vt 0.445767 0.743651
vt 0.445767 0.743651
vt 0.445804 0.743645
vt 0.445786 0.743648
vt 0.445750 0.743655
vt 0.445786 0.743648
vt 0.445767 0.743651
vt 0.445732 0.743658
vt 0.445911 0.743618
vt 0.445948 0.743612
vt 0.445899 0.743617
vt 0.445710 0.743644
vt 0.445786 0.743648
vt 0.445750 0.743655
vt 0.445767 0.743651
vt 0.445786 0.743648
vt 0.445710 0.743644
vt 0.445750 0.743655
vt 0.445729 0.743641
vt 0.445767 0.743651
vt 0.445750 0.743655
vt 0.445750 0.743655
vt 0.445767 0.743651
vt 0.445729 0.743641
vt 0.445729 0.743641
vt 0.445883 0.743632
vt 0.445771 0.743635
vt 0.445732 0.743658
vt 0.445767 0.743651
vt 0.445750 0.743655
vt 0.445710 0.743644
vt 0.445750 0.743655
vt 0.445732 0.743658
vt 0.445732 0.743658
vt 0.445750 0.743655
vt 0.445710 0.743644
vt 0.445732 0.743658
vt 0.445750 0.743655
vt 0.445729 0.743641
vt 0.445715 0.743660
vt 0.445729 0.743641
vt 0.445732 0.743658
vt 0.445715 0.743660
vt 0.445798 0.743630
vt 0.445748 0.743638
vt 0.445778 0.743633
vt 0.445877 0.743625
vt 0.445899 0.743617
vt 0.445869 0.743619
vt 0.445852 0.743621
vt 0.445792 0.743627
vt 0.445748 0.743638
vt 0.445798 0.743630
vt 0.445774 0.743628
vt 0.445729 0.743641
vt 0.445748 0.743633
vt 0.445710 0.743644
vt 0.445774 0.743628
vt 0.445729 0.743641
vt 0.445748 0.743638
vt 0.445832 0.743668
vt 0.445710 0.743644
vt 0.445774 0.743628
vt 0.445729 0.743641
vt 0.445748 0.743633
vt 0.445792 0.743627
vt 0.445710 0.743644
vt 0.445774 0.743628
vt 0.445834 0.743623
vt 0.445453 0.743687
vt 0.445710 0.743644
vt 0.445834 0.743623
vt 0.445774 0.743628
vt 0.445834 0.743623
vt 0.445792 0.743627
vt 0.445792 0.743627
vt 0.445817 0.743624
vt 0.445798 0.743630
vt 0.445792 0.743627
vt 0.445798 0.743630
vt 0.445774 0.743628
vt 0.411151 0.744201
vt 0.412365 0.750646
vt 0.408282 0.742236
vt 0.411150 0.744042
vt 0.411150 0.744042
vt 0.411596 0.743762
vt 0.411148 0.743964
vt 0.411148 0.743886
vt 0.411150 0.743842
vt 0.411150 0.743842
vt 0.408538 0.751265
vt 0.411148 0.744081
vt 0.411151 0.744201
vt 0.411147 0.744120
vt 0.411150 0.744042
vt 0.411151 0.744201
vt 0.411147 0.744159
vt 0.411148 0.743964
vt 0.411148 0.744003
vt 0.411147 0.744120
vt 0.411151 0.744201
vt 0.411150 0.744042
vt 0.411148 0.744081
vt 0.411148 0.744003
vt 0.411148 0.743964
vt 0.411147 0.744159
vt 0.411151 0.744201
vt 0.411147 0.744120
vt 0.411148 0.743964
vt 0.411150 0.744042
vt 0.411150 0.743842
vt 0.411148 0.743886
vt 0.411148 0.743924
vt 0.411148 0.743964
vt 0.411148 0.743886
vt 0.411148 0.743886
vt 0.411148 0.743964
vt 0.411148 0.743924
vt 0.445203 0.743737
vt 0.445314 0.743723
vt 0.445147 0.743747
vt 0.445453 0.743687
vt 0.445314 0.743723
vt 0.445203 0.743737
vt 0.445147 0.743747
vt 0.445314 0.743723
vt 0.445203 0.743737
vt 0.445147 0.743747
vt 0.445734 0.743775
vt 0.440437 0.743763
vt 0.440437 0.743763
vt 0.445453 0.743687
vt 0.445147 0.743747
vt 0.445203 0.743737
vt 0.445538 0.743734
vt 0.445568 0.743731
vt 0.445519 0.743737
vt 0.445519 0.743737
vt 0.445568 0.743731
vt 0.445538 0.743734
vt 0.445500 0.743743
vt 0.445538 0.743734
vt 0.445519 0.743737
vt 0.445500 0.743743
vt 0.445519 0.743737
vt 0.445538 0.743734
vt 0.445470 0.743745
vt 0.445500 0.743743
vt 0.445451 0.743748
vt 0.445451 0.743748
vt 0.445500 0.743743
vt 0.445470 0.743745
vt 0.445434 0.743752
vt 0.445470 0.743745
vt 0.445451 0.743748
vt 0.445451 0.743748
vt 0.445470 0.743745
vt 0.445434 0.743752
vt 0.445403 0.743754
vt 0.445434 0.743752
vt 0.445384 0.743756
vt 0.445419 0.743750
vt 0.445368 0.743759
vt 0.445344 0.743761
vt 0.445384 0.743756
vt 0.445368 0.743759
vt 0.445368 0.743759
vt 0.445384 0.743756
vt 0.445344 0.743761
vt 0.445368 0.743759
vt 0.445419 0.743750
vt 0.445401 0.743753
vt 0.445401 0.743753
vt 0.445419 0.743750
vt 0.445344 0.743761
vt 0.445344 0.743761
vt 0.445419 0.743750
vt 0.445401 0.743753
vt 0.445368 0.743759
vt 0.445401 0.743753
vt 0.445344 0.743761
vt 0.445344 0.743761
vt 0.445401 0.743753
vt 0.445368 0.743759
vt 0.409216 0.743025
vt 0.409774 0.743676
vt 0.408240 0.741721
vt 0.410678 0.743689
vt 0.411387 0.743751
vt 0.416983 0.743767
vt 0.410481 0.743659
vt 0.410617 0.743696
vt 0.410244 0.743620
vt 0.410174 0.743602
vt 0.410092 0.743587
vt 0.410178 0.743621
vt 0.410159 0.743628
vt 0.418871 0.743771
vt 0.438575 0.743766
vt 0.429406 0.743765
vt 0.408231 0.741363
vt 0.438683 0.743776
vt 0.444792 0.743535
vt 0.446026 0.743726
vt 0.446128 0.743314
vt 0.445234 0.743434
vt 0.445213 0.743436
vt 0.420113 0.743766
vt 0.436261 0.743766
vt 0.436191 0.743764
vt 0.420570 0.744944
vt 0.448214 0.740862
vt 0.446128 0.743314
vt 0.446843 0.743137
vt 0.447099 0.743067
vt 0.447284 0.743017
vt 0.446117 0.748170
vt 0.447248 0.743027
vt 0.447235 0.743030
vt 0.447183 0.743044
vt 0.447170 0.743048
vt 0.447111 0.743064
vt 0.447099 0.743067
vt 0.447024 0.743088
vt 0.446944 0.743109
vt 0.446903 0.743120
vt 0.446861 0.743132
vt 0.446819 0.743143
vt 0.446776 0.743155
vt 0.446732 0.743167
vt 0.446687 0.743179
vt 0.446642 0.743191
vt 0.446595 0.743204
vt 0.446547 0.743217
vt 0.446499 0.743230
vt 0.446450 0.743243
vt 0.446400 0.743257
vt 0.446350 0.743271
vt 0.446311 0.743281
vt 0.446299 0.743284
vt 0.446248 0.743298
vt 0.446211 0.743308
vt 0.446196 0.743312
vt 0.446156 0.743323
vt 0.446128 0.743314
vt 0.447928 0.751343
vt 0.444209 0.750928
vt 0.444277 0.753687
vt 0.446843 0.743137
vt 0.446128 0.743314
vt 0.446156 0.743323
vt 0.445318 0.745002
vt 0.446128 0.743314
vt 0.445234 0.743434
vt 0.446117 0.748170
vt 0.444209 0.750928
vt 0.445234 0.743434
vt 0.445280 0.744317
vt 0.445213 0.743436
vt 0.445234 0.743434
vt 0.444209 0.750928
vt 0.445318 0.745002
vt 0.445234 0.743434
vt 0.445300 0.744380
vt 0.445300 0.744380
vt 0.445234 0.743434
vt 0.445213 0.743436
vt 0.445280 0.744317
vt 0.445234 0.743434
vt 0.445213 0.743436
vt 0.444792 0.743535
vt 0.444209 0.750928
vt 0.445307 0.743833
vt 0.445234 0.743434
vt 0.445213 0.743436
vt 0.445213 0.743436
vt 0.445234 0.743434
vt 0.445294 0.743794
vt 0.445294 0.743794
vt 0.445234 0.743434
vt 0.445307 0.743833
vt 0.445308 0.743911
vt 0.445213 0.743436
vt 0.445308 0.743950
vt 0.445307 0.743833
vt 0.445308 0.743989
vt 0.445300 0.744017
vt 0.445300 0.744380
vt 0.445300 0.744380
vt 0.445213 0.743436
vt 0.444209 0.750928
vt 0.445300 0.744380
vt 0.445213 0.743436
vt 0.445294 0.743794
vt 0.417315 0.750713
vt 0.416983 0.743767
vt 0.412397 0.746250
vt 0.412388 0.747506
vt 0.412377 0.748765
vt 0.412374 0.744993
vt 0.412385 0.743766
vt 0.412368 0.745623
vt 0.412363 0.746252
vt 0.412385 0.743766
vt 0.416983 0.743767
vt 0.411387 0.743751
vt 0.412397 0.746250
vt 0.416983 0.743767
vt 0.412363 0.746252
vt 0.410771 0.750709
vt 0.417315 0.750713
vt 0.412341 0.748765
vt 0.412377 0.748765
vt 0.412352 0.747506
vt 0.411387 0.743751
vt 0.412358 0.746879
vt 0.412363 0.746252
vt 0.412368 0.745623
vt 0.412374 0.744993
vt 0.412385 0.743766
vt 0.410873 0.743749
vt 0.410849 0.743751
vt 0.410829 0.743748
vt 0.410809 0.743751
vt 0.410405 0.743741
vt 0.408518 0.749001
vt 0.410856 0.743735
vt 0.410769 0.743687
vt 0.410790 0.743738
vt 0.410747 0.743747
vt 0.410723 0.743740
vt 0.410405 0.743741
vt 0.410747 0.743747
vt 0.409388 0.743702
vt 0.410236 0.743658
vt 0.410270 0.743664
vt 0.410304 0.743670
vt 0.410337 0.743676
vt 0.410371 0.743681
vt 0.410392 0.743689
vt 0.410227 0.743643
vt 0.410193 0.743635
vt 0.410159 0.743628
vt 0.410425 0.743693
vt 0.410156 0.743608
vt 0.408240 0.741721
vt 0.412388 0.747506
vt 0.412397 0.746250
vt 0.412386 0.746879
vt 0.412358 0.746879
vt 0.412363 0.746252
vt 0.412352 0.747506
vt 0.412341 0.748765
vt 0.412377 0.748765
vt 0.412377 0.748765
vt 0.412397 0.746250
vt 0.412388 0.747506
vt 0.412388 0.747506
vt 0.412397 0.746250
vt 0.412377 0.748765
vt 0.412363 0.746252
vt 0.412385 0.743766
vt 0.412374 0.744993
vt 0.412374 0.744993
vt 0.412385 0.743766
vt 0.412363 0.746252
vt 0.412368 0.745623
vt 0.412374 0.744993
vt 0.412363 0.746252
vt 0.439304 0.750784
vt 0.444792 0.743535
vt 0.438575 0.743766
vt 0.444209 0.750928
vt 0.412363 0.746252
vt 0.412374 0.744993
vt 0.412368 0.745623
vt 0.412358 0.746879
vt 0.412363 0.746252
vt 0.412352 0.747506
vt 0.412341 0.748765
vt 0.412363 0.746252
vt 0.412358 0.746879
vt 0.412352 0.747506
vt 0.412363 0.746252
vt 0.412341 0.748765
vt 0.412358 0.746879
vt 0.412352 0.747506
vt 0.410769 0.743687
vt 0.411387 0.743751
vt 0.410678 0.743689
vt 0.445300 0.744380
vt 0.445294 0.743794
vt 0.445307 0.743833
vt 0.445295 0.743861
vt 0.445300 0.744017
vt 0.445308 0.743989
vt 0.445308 0.743950
vt 0.445308 0.743911
vt 0.445299 0.743930
vt 0.445299 0.743891
vt 0.445299 0.743891
vt 0.445307 0.743833
vt 0.445295 0.743861
vt 0.445318 0.745002
vt 0.445300 0.744380
vt 0.444209 0.750928
vt 0.446117 0.748170
vt 0.445307 0.743833
vt 0.445295 0.743861
vt 0.445318 0.745002
vt 0.445300 0.744380
vt 0.445306 0.744689
vt 0.445306 0.744689
vt 0.445300 0.744380
vt 0.445318 0.745002
vt 0.445308 0.743911
vt 0.445299 0.743891
vt 0.445299 0.743930
vt 0.445295 0.743861
vt 0.445308 0.743950
vt 0.410769 0.743687
vt 0.410678 0.743689
vt 0.410690 0.743678
vt 0.410856 0.743735
vt 0.410873 0.743749
vt 0.410849 0.743751
vt 0.410829 0.743748
vt 0.410849 0.743751
vt 0.410873 0.743749
vt 0.410809 0.743751
vt 0.410809 0.743751
vt 0.410873 0.743749
vt 0.410856 0.743735
vt 0.410790 0.743738
vt 0.410747 0.743747
vt 0.410771 0.743744
vt 0.410829 0.743748
vt 0.410856 0.743735
vt 0.410849 0.743751
vt 0.410873 0.743749
vt 0.410829 0.743748
vt 0.410790 0.743738
vt 0.410856 0.743735
vt 0.410723 0.743740
vt 0.410723 0.743740
vt 0.410856 0.743735
vt 0.410790 0.743738
vt 0.410829 0.743748
vt 0.410849 0.743751
vt 0.410809 0.743751
vt 0.410578 0.743700
vt 0.410769 0.743687
vt 0.410631 0.743698
vt 0.410809 0.743751
vt 0.410849 0.743751
vt 0.410829 0.743748
vt 0.410788 0.743754
vt 0.410771 0.743744
vt 0.410405 0.743741
vt 0.410617 0.743696
vt 0.410769 0.743687
vt 0.410690 0.743678
vt 0.410631 0.743698
vt 0.410769 0.743687
vt 0.410617 0.743696
vt 0.410617 0.743696
vt 0.410690 0.743678
vt 0.410578 0.743700
vt 0.410598 0.743698
vt 0.410578 0.743700
vt 0.410690 0.743678
vt 0.410617 0.743696
vt 0.410598 0.743698
vt 0.410617 0.743696
vt 0.410690 0.743678
vt 0.410652 0.743688
vt 0.410652 0.743688
vt 0.410690 0.743678
vt 0.410654 0.743698
vt 0.410696 0.743698
vt 0.410790 0.743738
vt 0.410829 0.743748
vt 0.410809 0.743751
vt 0.410809 0.743751
vt 0.410829 0.743748
vt 0.410790 0.743738
vt 0.410790 0.743738
vt 0.410809 0.743751
vt 0.410771 0.743744
vt 0.410696 0.743698
vt 0.410690 0.743678
vt 0.410678 0.743689
vt 0.410696 0.743698
vt 0.410678 0.743689
vt 0.410578 0.743700
vt 0.410771 0.743744
vt 0.410809 0.743751
vt 0.410747 0.743747
vt 0.410578 0.743700
vt 0.410678 0.743689
vt 0.410654 0.743698
vt 0.410598 0.743698
vt 0.410788 0.743754
vt 0.410829 0.743748
vt 0.410809 0.743751
vt 0.410809 0.743751
vt 0.410829 0.743748
vt 0.410788 0.743754
vt 0.410747 0.743747
vt 0.410790 0.743738
vt 0.410723 0.743740
vt 0.410723 0.743740
vt 0.410790 0.743738
vt 0.410747 0.743747
vt 0.410747 0.743747
vt 0.410790 0.743738
vt 0.410771 0.743744
vt 0.410771 0.743744
vt 0.410790 0.743738
vt 0.410747 0.743747
vt 0.410652 0.743688
vt 0.410678 0.743689
vt 0.410617 0.743696
vt 0.410405 0.743741
vt 0.410809 0.743751
vt 0.410788 0.743754
vt 0.410405 0.743741
vt 0.410771 0.743744
vt 0.410747 0.743747
vt 0.410556 0.743706
vt 0.410769 0.743687
vt 0.410578 0.743700
vt 0.410405 0.743741
vt 0.410769 0.743687
vt 0.410556 0.743706
vt 0.410515 0.743695
vt 0.410534 0.743682
vt 0.410550 0.743689
vt 0.410578 0.743700
vt 0.410569 0.743686
vt 0.410534 0.743682
vt 0.410511 0.743676
vt 0.410495 0.743678
vt 0.410631 0.743698
vt 0.410696 0.743698
vt 0.410578 0.743700
vt 0.410654 0.743698
vt 0.410678 0.743689
vt 0.410652 0.743688
vt 0.410654 0.743698
vt 0.410696 0.743698
vt 0.410631 0.743698
vt 0.410631 0.743698
vt 0.410652 0.743688
vt 0.410617 0.743696
vt 0.410617 0.743696
vt 0.410652 0.743688
vt 0.410631 0.743698
vt 0.410631 0.743698
vt 0.410652 0.743688
vt 0.410654 0.743698
vt 0.410654 0.743698
vt 0.410652 0.743688
vt 0.410598 0.743698
vt 0.410598 0.743698
vt 0.410652 0.743688
vt 0.410631 0.743698
vt 0.410578 0.743700
vt 0.410631 0.743698
vt 0.410598 0.743698
vt 0.410598 0.743698
vt 0.410631 0.743698
vt 0.410617 0.743696
vt 0.410569 0.743686
vt 0.410631 0.743698
vt 0.410578 0.743700
vt 0.410598 0.743698
vt 0.410631 0.743698
vt 0.410569 0.743686
vt 0.410617 0.743696
vt 0.410631 0.743698
vt 0.410598 0.743698
vt 0.410598 0.743698
vt 0.410617 0.743696
vt 0.410481 0.743659
vt 0.410578 0.743700
vt 0.410578 0.743700
vt 0.410598 0.743698
vt 0.410556 0.743706
vt 0.410556 0.743706
vt 0.410598 0.743698
vt 0.410578 0.743700
vt 0.410515 0.743695
vt 0.410578 0.743700
vt 0.410481 0.743659
vt 0.410459 0.743674
vt 0.410382 0.743664
vt 0.410578 0.743700
vt 0.410598 0.743698
vt 0.410569 0.743686
vt 0.410511 0.743676
vt 0.410578 0.743700
vt 0.410515 0.743695
vt 0.410569 0.743686
vt 0.410459 0.743674
vt 0.410442 0.743665
vt 0.410511 0.743676
vt 0.410475 0.743682
vt 0.410459 0.743674
vt 0.410382 0.743664
vt 0.410402 0.743660
vt 0.410515 0.743695
vt 0.410550 0.743689
vt 0.410534 0.743682
vt 0.410534 0.743682
vt 0.410550 0.743689
vt 0.410511 0.743676
vt 0.410515 0.743695
vt 0.410515 0.743695
vt 0.410534 0.743682
vt 0.410405 0.743741
vt 0.410405 0.743741
vt 0.410534 0.743682
vt 0.410511 0.743676
vt 0.410475 0.743682
vt 0.410459 0.743674
vt 0.410511 0.743676
vt 0.410442 0.743665
vt 0.410515 0.743695
vt 0.410534 0.743682
vt 0.410495 0.743678
vt 0.410475 0.743682
vt 0.410425 0.743693
vt 0.410405 0.743741
vt 0.410459 0.743674
vt 0.410495 0.743678
vt 0.410511 0.743676
vt 0.410475 0.743682
vt 0.410459 0.743674
vt 0.410495 0.743678
vt 0.410475 0.743682
vt 0.410475 0.743682
vt 0.410495 0.743678
vt 0.410459 0.743674
vt 0.410425 0.743693
vt 0.410475 0.743682
vt 0.410442 0.743665
vt 0.410392 0.743689
vt 0.410442 0.743665
vt 0.410475 0.743682
vt 0.410459 0.743674
vt 0.410459 0.743674
vt 0.410475 0.743682
vt 0.410425 0.743693
vt 0.410459 0.743674
vt 0.410475 0.743682
vt 0.410442 0.743665
vt 0.410422 0.743669
vt 0.410459 0.743674
vt 0.410442 0.743665
vt 0.410402 0.743660
vt 0.410382 0.743664
vt 0.410442 0.743665
vt 0.410459 0.743674
vt 0.410392 0.743689
vt 0.410392 0.743689
vt 0.410459 0.743674
vt 0.410422 0.743669
vt 0.410382 0.743664
vt 0.410371 0.743681
vt 0.410337 0.743676
vt 0.410392 0.743689
vt 0.410425 0.743693
vt 0.410371 0.743681
vt 0.410371 0.743681
vt 0.410425 0.743693
vt 0.410392 0.743689
vt 0.410337 0.743676
vt 0.410356 0.743670
vt 0.410392 0.743689
vt 0.410371 0.743681
vt 0.410322 0.743664
vt 0.410337 0.743676
vt 0.410289 0.743658
vt 0.410304 0.743670
vt 0.410255 0.743652
vt 0.410270 0.743664
vt 0.410227 0.743643
vt 0.410236 0.743658
vt 0.410193 0.743635
vt 0.410356 0.743670
vt 0.410402 0.743660
vt 0.410382 0.743664
vt 0.410382 0.743664
vt 0.410402 0.743660
vt 0.410356 0.743670
vt 0.410337 0.743676
vt 0.410392 0.743689
vt 0.410356 0.743670
vt 0.410356 0.743670
vt 0.410304 0.743670
vt 0.410322 0.743664
vt 0.410270 0.743664
vt 0.410289 0.743658
vt 0.410289 0.743658
vt 0.410304 0.743670
vt 0.410236 0.743658
vt 0.410337 0.743676
vt 0.410322 0.743664
vt 0.410337 0.743676
vt 0.410382 0.743664
vt 0.410356 0.743670
vt 0.410356 0.743670
vt 0.410382 0.743664
vt 0.410322 0.743664
vt 0.410322 0.743664
vt 0.410382 0.743664
vt 0.410481 0.743659
vt 0.410289 0.743658
vt 0.410322 0.743664
vt 0.410481 0.743659
vt 0.410255 0.743652
vt 0.410227 0.743643
vt 0.410244 0.743620
vt 0.410156 0.743608
vt 0.410174 0.743602
vt 0.410193 0.743635
vt 0.410159 0.743628
vt 0.410092 0.743587
vt 0.409388 0.743702
vt 0.410178 0.743621
vt 0.410236 0.743658
vt 0.410289 0.743658
vt 0.410255 0.743652
vt 0.410227 0.743643
vt 0.410178 0.743621
vt 0.410244 0.743620
vt 0.410174 0.743602
vt 0.410212 0.743629
vt 0.410255 0.743652
vt 0.410227 0.743643
vt 0.410178 0.743621
vt 0.410193 0.743635
vt 0.410159 0.743628
vt 0.410174 0.743602
vt 0.410244 0.743620
vt 0.410178 0.743621
vt 0.410092 0.743587
vt 0.410236 0.743658
vt 0.410255 0.743652
vt 0.410212 0.743629
vt 0.410193 0.743635
vt 0.410159 0.743628
vt 0.410178 0.743621
vt 0.410178 0.743621
vt 0.410174 0.743602
vt 0.409216 0.743025
vt 0.410156 0.743608
vt 0.410178 0.743621
vt 0.410159 0.743628
vt 0.410159 0.743628
vt 0.410178 0.743621
vt 0.409388 0.743702
vt 0.410156 0.743608
vt 0.410159 0.743628
vt 0.408240 0.741721
vt 0.413250 0.753615
vt 0.413345 0.752737
vt 0.410771 0.750709
vt 0.410703 0.752252
vt 0.410771 0.750709
vt 0.408518 0.749001
vt 0.413201 0.753470
vt 0.413193 0.753459
vt 0.413209 0.753481
vt 0.408402 0.751113
vt 0.412444 0.753769
vt 0.413193 0.753752
vt 0.413304 0.753738
vt 0.413329 0.753720
vt 0.413337 0.753711
vt 0.413341 0.753702
vt 0.413347 0.753676
vt 0.413349 0.753649
vt 0.413348 0.753635
vt 0.411909 0.751480
vt 0.429423 0.753298
vt 0.433180 0.750173
vt 0.443827 0.750853
vt 0.444576 0.753720
vt 0.417348 0.753697
vt 0.438932 0.753691
vt 0.444277 0.753687
vt 0.439659 0.753524
vt 0.446877 0.750171
vt 0.448137 0.750691
vt 0.447928 0.751343
vt 0.444277 0.753687
vt 0.422447 0.749769
vt 0.411695 0.730642
vt 0.422052 0.730368
vt 0.432514 0.731260
vt 0.444201 0.730581
vt 0.443827 0.750853
vt 0.446877 0.750171
vt 0.448120 0.730354
vt 0.448137 0.750691
vt 0.448214 0.740862
vt 0.447928 0.751343
vt 0.448216 0.730836
vt 0.448211 0.741917
vt 0.448241 0.712918
vt 0.448287 0.712244
vt 0.413193 0.753459
vt 0.413250 0.753615
vt 0.410771 0.750709
vt 0.413201 0.753470
vt 0.413250 0.753615
vt 0.413193 0.753459
vt 0.413209 0.753481
vt 0.413201 0.753470
vt 0.413193 0.753459
vt 0.413209 0.753481
vt 0.413209 0.753481
vt 0.413193 0.753459
vt 0.413201 0.753470
vt 0.413250 0.753615
vt 0.413209 0.753481
vt 0.410703 0.752252
vt 0.413345 0.752737
vt 0.413250 0.753615
vt 0.413262 0.753727
vt 0.413252 0.753754
vt 0.413193 0.753752
vt 0.413250 0.753720
vt 0.413250 0.753615
vt 0.413341 0.753679
vt 0.413339 0.753645
vt 0.413262 0.753727
vt 0.413348 0.753635
vt 0.413250 0.753734
vt 0.413193 0.753752
vt 0.413339 0.753645
vt 0.413250 0.753615
vt 0.410703 0.752252
vt 0.413262 0.753727
vt 0.413250 0.753615
vt 0.413250 0.753720
vt 0.413339 0.753645
vt 0.410703 0.752252
vt 0.413348 0.753635
vt 0.413250 0.753725
vt 0.413250 0.753720
vt 0.413262 0.753727
vt 0.413249 0.753733
vt 0.413248 0.753737
vt 0.413262 0.753727
vt 0.413250 0.753720
vt 0.413250 0.753725
vt 0.413248 0.753737
vt 0.413249 0.753733
vt 0.413348 0.753635
vt 0.413339 0.753645
vt 0.413350 0.753644
vt 0.413350 0.753644
vt 0.413339 0.753645
vt 0.413348 0.753635
vt 0.413243 0.753722
vt 0.413250 0.753725
vt 0.413262 0.753727
vt 0.413262 0.753727
vt 0.413250 0.753725
vt 0.413243 0.753722
vt 0.413350 0.753644
vt 0.413348 0.753635
vt 0.413349 0.753649
vt 0.413341 0.753679
vt 0.413348 0.753635
vt 0.413350 0.753644
vt 0.413341 0.753679
vt 0.413350 0.753644
vt 0.413349 0.753649
vt 0.413353 0.753666
vt 0.413347 0.753670
vt 0.413341 0.753702
vt 0.413243 0.753722
vt 0.413262 0.753727
vt 0.413249 0.753733
vt 0.413248 0.753737
vt 0.413262 0.753727
vt 0.413250 0.753734
vt 0.413262 0.753727
vt 0.413243 0.753722
vt 0.413249 0.753733
vt 0.413250 0.753734
vt 0.413262 0.753727
vt 0.413248 0.753737
vt 0.413252 0.753754
vt 0.413262 0.753727
vt 0.413250 0.753734
vt 0.413351 0.753682
vt 0.413349 0.753649
vt 0.413346 0.753691
vt 0.413346 0.753691
vt 0.413349 0.753649
vt 0.413341 0.753702
vt 0.413341 0.753702
vt 0.413349 0.753649
vt 0.413347 0.753676
vt 0.413347 0.753676
vt 0.413349 0.753649
vt 0.413351 0.753682
vt 0.413347 0.753670
vt 0.413349 0.753649
vt 0.413347 0.753676
vt 0.413353 0.753666
vt 0.413349 0.753649
vt 0.413347 0.753670
vt 0.413347 0.753676
vt 0.413353 0.753666
vt 0.413347 0.753670
vt 0.413351 0.753682
vt 0.413347 0.753670
vt 0.413353 0.753666
vt 0.413347 0.753676
vt 0.413351 0.753682
vt 0.413193 0.753752
vt 0.413341 0.753679
vt 0.413341 0.753702
vt 0.413304 0.753738
vt 0.413329 0.753720
vt 0.413337 0.753711
vt 0.413329 0.753720
vt 0.413318 0.753729
vt 0.413341 0.753702
vt 0.413347 0.753670
vt 0.413346 0.753691
vt 0.413346 0.753691
vt 0.413347 0.753670
vt 0.413347 0.753676
vt 0.413245 0.753750
vt 0.413250 0.753734
vt 0.413252 0.753754
vt 0.413252 0.753754
vt 0.413250 0.753734
vt 0.413193 0.753752
vt 0.413252 0.753754
vt 0.413250 0.753734
vt 0.413245 0.753750
vt 0.413346 0.753691
vt 0.413347 0.753676
vt 0.413351 0.753682
vt 0.413341 0.753702
vt 0.413346 0.753691
vt 0.413344 0.753696
vt 0.413344 0.753696
vt 0.413346 0.753691
vt 0.413341 0.753702
vt 0.413318 0.753729
vt 0.413329 0.753720
vt 0.413304 0.753738
vt 0.408402 0.751113
vt 0.408518 0.749001
vt 0.408240 0.741721
vt 0.408312 0.730331
vt 0.408243 0.730355
vt 0.408231 0.741363
vt 0.408219 0.713070
vt 0.408072 0.711866
vt 0.406597 0.710223
vt 0.403381 0.708559
vt 0.402535 0.708681
vt 0.436910 0.751882
vt 0.420570 0.744944
vt 0.418699 0.752600
vt 0.436241 0.749646
vt 0.436191 0.743764
vt 0.411909 0.751480
vt 0.408402 0.751113
vt 0.411695 0.730642
vt 0.408312 0.730331
vt 0.408246 0.741926
vt 0.408221 0.713269
vt 0.408217 0.713136
vt 0.408239 0.730586
vt 0.408282 0.742236
vt 0.408271 0.731071
vt 0.408349 0.750690
vt 0.408538 0.751265
vt 0.406427 0.709877
vt 0.406539 0.710147
vt 0.418200 0.708763
vt 0.429058 0.708765
vt 0.420419 0.743770
vt 0.410429 0.743724
vt 0.408246 0.741926
vt 0.408217 0.713136
vt 0.406539 0.710147
vt 0.428781 0.743765
vt 0.437676 0.743765
vt 0.438988 0.708761
vt 0.448188 0.742099
vt 0.448234 0.713067
vt 0.449940 0.710129
vt 0.445795 0.743762
vt 0.403478 0.708762
vt 0.452909 0.708773
vt 0.355021 0.741560
vt 0.355068 0.703766
vt 0.359768 0.703765
vt 0.351308 0.703768
vt 0.351140 0.742494
vt 0.348464 0.742062
vt 0.348507 0.703770
vt 0.346770 0.741670
vt 0.346757 0.703761
vt 0.346227 0.703766
vt 0.346250 0.742060
vt 0.346783 0.741746
vt 0.346686 0.703770
vt 0.359704 0.741568
vt 0.365295 0.741841
vt 0.365373 0.703764
vt 0.372018 0.703767
vt 0.373818 0.742365
vt 0.381038 0.703873
vt 0.382840 0.741869
vt 0.389040 0.703777
vt 0.348133 0.703779
vt 0.349409 0.741999
vt 0.350537 0.703782
vt 0.353324 0.741855
vt 0.353896 0.703876
vt 0.358443 0.742195
vt 0.358259 0.703804
vt 0.364980 0.741828
vt 0.363304 0.703797
vt 0.368811 0.703765
vt 0.372211 0.742154
vt 0.375319 0.703765
vt 0.379750 0.741787
vt 0.384890 0.703770
vt 0.388927 0.741895
vt 0.394614 0.703734
vt 0.397226 0.741489
vt 0.397240 0.713143
vt 0.399121 0.709964
vt 0.405218 0.703780
vt 0.402483 0.708718
vt 0.406427 0.709877
vt 0.414714 0.703756
vt 0.408221 0.713269
vt 0.408239 0.730586
vt 0.410143 0.726765
vt 0.424066 0.726622
vt 0.427008 0.703768
vt 0.437852 0.726592
vt 0.440085 0.703765
vt 0.446398 0.726726
vt 0.448335 0.712174
vt 0.451743 0.709060
vt 0.454339 0.703813
vt 0.448222 0.730785
vt 0.455776 0.708932
vt 0.467607 0.703832
vt 0.459189 0.712549
vt 0.459227 0.741478
vt 0.467314 0.741913
vt 0.476580 0.741586
vt 0.475495 0.703782
vt 0.484473 0.742257
vt 0.482910 0.703782
vt 0.490821 0.741527
vt 0.489697 0.703783
vt 0.496738 0.741483
vt 0.495565 0.703774
vt 0.500259 0.741650
vt 0.500651 0.703884
vt 0.504977 0.741516
vt 0.504567 0.703780
vt 0.507889 0.742272
vt 0.507513 0.703777
vt 0.509628 0.742252
vt 0.509425 0.703773
vt 0.510223 0.741435
vt 0.510325 0.703759
vt 0.509721 0.741364
vt 0.509167 0.703731
vt 0.500928 0.743397
vt 0.507889 0.742272
vt 0.506590 0.743765
vt 0.509628 0.742252
vt 0.508119 0.743745
vt 0.495116 0.743765
vt 0.493830 0.743765
vt 0.510223 0.741435
vt 0.490614 0.743765
vt 0.494054 0.743742
vt 0.487210 0.743765
vt 0.495139 0.743765
vt 0.494103 0.743764
vt 0.491549 0.743765
vt 0.487081 0.743764
vt 0.495758 0.743754
vt 0.505311 0.742307
vt 0.508152 0.742083
vt 0.496969 0.742231
vt 0.501483 0.741368
vt 0.491112 0.742010
vt 0.478777 0.743724
vt 0.467301 0.743762
vt 0.459227 0.743775
vt 0.459227 0.743741
vt 0.476303 0.743765
vt 0.482763 0.743764
vt 0.466980 0.742290
vt 0.476679 0.741402
vt 0.485245 0.741431
vt 0.459229 0.742045
vt 0.507260 0.703765
vt 0.505311 0.742307
vt 0.504348 0.703752
vt 0.501483 0.741368
vt 0.500652 0.703755
vt 0.496969 0.742231
vt 0.495937 0.703760
vt 0.491112 0.742010
vt 0.490484 0.703755
vt 0.485245 0.741431
vt 0.484193 0.703762
vt 0.476679 0.741402
vt 0.477296 0.703764
vt 0.469785 0.703766
vt 0.466980 0.742290
vt 0.461070 0.703752
vt 0.459229 0.742045
vt 0.459193 0.712684
vt 0.456291 0.709149
vt 0.453513 0.703771
vt 0.451227 0.709034
vt 0.443747 0.703692
vt 0.448241 0.712918
vt 0.448216 0.730836
vt 0.446460 0.727041
vt 0.435390 0.726680
vt 0.434991 0.703775
vt 0.425400 0.703780
vt 0.423984 0.726687
vt 0.416038 0.703772
vt 0.411679 0.726235
vt 0.408072 0.711866
vt 0.403381 0.708559
vt 0.408243 0.730355
vt 0.406812 0.703769
vt 0.397418 0.703759
vt 0.399020 0.709995
vt 0.397238 0.713051
vt 0.388792 0.741579
vt 0.397226 0.742179
vt 0.431000 0.693773
vt 0.447654 0.693771
vt 0.441290 0.693765
vt 0.427922 0.693764
vt 0.415842 0.693765
vt 0.413149 0.693770
vt 0.403137 0.693763
vt 0.399731 0.693772
vt 0.388813 0.693764
vt 0.377904 0.693765
vt 0.399105 0.693763
vt 0.369397 0.693764
vt 0.385658 0.693765
vt 0.363874 0.693765
vt 0.358673 0.693765
vt 0.378875 0.693768
vt 0.356252 0.693766
vt 0.452071 0.693764
vt 0.463297 0.693762
vt 0.457085 0.693770
vt 0.473517 0.693762
vt 0.457228 0.693765
vt 0.466914 0.693764
vt 0.483047 0.693761
vt 0.489498 0.693762
vt 0.474315 0.693765
vt 0.495098 0.693765
vt 0.498483 0.693764
vt 0.477171 0.693765
vt 0.500030 0.693745
vt 0.438683 0.743776
vt 0.446026 0.743726
vt 0.440897 0.708765
vt 0.432384 0.708765
vt 0.448211 0.741917
vt 0.448287 0.712244
vt 0.452160 0.708788
vt 0.429406 0.743765
vt 0.424069 0.708765
vt 0.418871 0.743771
vt 0.415498 0.708764
vt 0.408231 0.741363
vt 0.408219 0.713070
vt 0.409774 0.743676
vt 0.406597 0.710223
vt 0.402535 0.708681
vt 0.482763 0.743764
vt 0.487429 0.708765
vt 0.481486 0.708765
vt 0.476303 0.743765
vt 0.487081 0.743764
vt 0.491549 0.743765
vt 0.491690 0.708765
vt 0.494103 0.743764
vt 0.493904 0.708765
vt 0.495139 0.743765
vt 0.495075 0.708765
vt 0.495116 0.743765
vt 0.495216 0.708765
vt 0.493830 0.743765
vt 0.494404 0.708765
vt 0.491868 0.708764
vt 0.490614 0.743765
vt 0.487094 0.708765
vt 0.487210 0.743765
vt 0.482725 0.743765
vt 0.481519 0.708765
vt 0.477339 0.743765
vt 0.476414 0.708765
vt 0.471579 0.743765
vt 0.470047 0.708765
vt 0.465261 0.743765
vt 0.463300 0.708763
vt 0.459227 0.743765
vt 0.459217 0.712989
vt 0.456806 0.709451
vt 0.452909 0.708773
vt 0.424069 0.708765
vt 0.423078 0.708745
vt 0.415498 0.708764
vt 0.410456 0.708744
vt 0.402535 0.708681
vt 0.402229 0.708765
vt 0.389968 0.708774
vt 0.402221 0.708765
vt 0.382783 0.708765
vt 0.394955 0.708765
vt 0.376979 0.708765
vt 0.388552 0.708764
vt 0.372069 0.708765
vt 0.367956 0.708765
vt 0.384348 0.708765
vt 0.364771 0.708765
vt 0.362299 0.708765
vt 0.382221 0.708764
vt 0.361235 0.708765
vt 0.361388 0.708765
vt 0.383298 0.708766
vt 0.362594 0.708765
vt 0.364818 0.708765
vt 0.388549 0.708764
vt 0.368733 0.708764
vt 0.375110 0.708765
vt 0.394955 0.708765
vt 0.380773 0.708765
vt 0.389022 0.708764
vt 0.402221 0.708765
vt 0.402227 0.708765
vt 0.410536 0.708751
vt 0.403478 0.708762
vt 0.418200 0.708763
vt 0.421824 0.708756
vt 0.433375 0.708746
vt 0.429058 0.708765
vt 0.438988 0.708761
vt 0.445995 0.708742
vt 0.454225 0.708765
vt 0.452909 0.708773
vt 0.463300 0.708763
vt 0.454250 0.708765
vt 0.470047 0.708765
vt 0.461499 0.708765
vt 0.476414 0.708765
vt 0.467896 0.708764
vt 0.481519 0.708765
vt 0.487094 0.708765
vt 0.473153 0.708766
vt 0.491868 0.708764
vt 0.494404 0.708765
vt 0.495216 0.708765
vt 0.474228 0.708764
vt 0.495075 0.708765
vt 0.493904 0.708765
vt 0.472105 0.708765
vt 0.491690 0.708765
vt 0.467904 0.708764
vt 0.487429 0.708765
vt 0.481486 0.708765
vt 0.461499 0.708765
vt 0.475978 0.708765
vt 0.467536 0.708763
vt 0.454232 0.708765
vt 0.454227 0.708765
vt 0.445916 0.708751
vt 0.452160 0.708788
vt 0.440897 0.708765
vt 0.434629 0.708757
vt 0.432384 0.708765
vt 0.423078 0.708745
vt 0.412683 0.696776
vt 0.410456 0.708744
vt 0.402227 0.696760
vt 0.402229 0.708765
vt 0.425098 0.696819
vt 0.434629 0.708757
vt 0.435310 0.696774
vt 0.445916 0.708751
vt 0.444935 0.696781
vt 0.454226 0.696778
vt 0.454227 0.708765
vt 0.408800 0.693772
vt 0.408660 0.693765
vt 0.425454 0.693772
vt 0.425763 0.693765
vt 0.442619 0.693770
vt 0.397437 0.693765
vt 0.443303 0.693770
vt 0.456953 0.693772
vt 0.457462 0.693769
vt 0.469507 0.693770
vt 0.479219 0.693770
vt 0.457476 0.693762
vt 0.489208 0.693770
vt 0.470786 0.693765
vt 0.496849 0.693785
vt 0.477583 0.693765
vt 0.499901 0.693525
vt 0.399368 0.693770
vt 0.387967 0.693764
vt 0.378177 0.693764
vt 0.399225 0.693765
vt 0.389538 0.693765
vt 0.370337 0.693765
vt 0.363425 0.693764
vt 0.382131 0.693765
vt 0.358576 0.693765
vt 0.379290 0.693765
vt 0.356314 0.693719
vt 0.362403 0.743765
vt 0.364479 0.743765
vt 0.348719 0.743740
vt 0.361358 0.743765
vt 0.348589 0.743741
vt 0.361358 0.743765
vt 0.362403 0.743765
vt 0.358094 0.743752
vt 0.364479 0.743765
vt 0.351140 0.742494
vt 0.348464 0.742062
vt 0.346770 0.741670
vt 0.346250 0.742060
vt 0.348719 0.743740
vt 0.346783 0.741746
vt 0.349409 0.741999
vt 0.367551 0.743765
vt 0.371572 0.743765
vt 0.353704 0.743744
vt 0.353324 0.741855
vt 0.358443 0.742195
vt 0.365967 0.743734
vt 0.371572 0.743765
vt 0.376479 0.743765
vt 0.364980 0.741828
vt 0.372211 0.742154
vt 0.383823 0.743749
vt 0.379750 0.741787
vt 0.388927 0.741895
vt 0.397222 0.743714
vt 0.397226 0.741489
vt 0.382196 0.743765
vt 0.383823 0.743749
vt 0.388632 0.743765
vt 0.397224 0.743765
vt 0.397222 0.743714
vt 0.367551 0.743765
vt 0.490821 0.741527
vt 0.484473 0.742257
vt 0.475012 0.743732
vt 0.477339 0.743765
vt 0.482725 0.743765
vt 0.471579 0.743765
vt 0.476580 0.741586
vt 0.496738 0.741483
vt 0.467314 0.741913
vt 0.459228 0.743743
vt 0.459227 0.741478
vt 0.465261 0.743765
vt 0.459228 0.743743
vt 0.459227 0.743765
vt 0.397240 0.713143
vt 0.397226 0.741489
vt 0.397249 0.712484
vt 0.397224 0.743765
vt 0.397222 0.743714
vt 0.410875 0.728771
vt 0.410373 0.728757
vt 0.432696 0.728758
vt 0.431839 0.728789
vt 0.445338 0.728765
vt 0.446444 0.728816
vt 0.448120 0.730354
vt 0.448216 0.730836
vt 0.446460 0.727041
vt 0.397238 0.713051
vt 0.397233 0.713212
vt 0.397226 0.742179
vt 0.397224 0.743764
vt 0.398783 0.710250
vt 0.399020 0.709995
vt 0.397005 0.743753
vt 0.376979 0.708765
vt 0.376479 0.743765
vt 0.382783 0.708765
vt 0.382196 0.743765
vt 0.389968 0.708774
vt 0.371572 0.743765
vt 0.372069 0.708765
vt 0.367551 0.743765
vt 0.367956 0.708765
vt 0.364479 0.743765
vt 0.364771 0.708765
vt 0.362403 0.743765
vt 0.362299 0.708765
vt 0.361235 0.708765
vt 0.361358 0.743765
vt 0.361388 0.708765
vt 0.361358 0.743765
vt 0.362594 0.708765
vt 0.362403 0.743765
vt 0.364818 0.708765
vt 0.364479 0.743765
vt 0.368733 0.708764
vt 0.367551 0.743765
vt 0.371572 0.743765
vt 0.375110 0.708765
vt 0.376479 0.743765
vt 0.380773 0.708765
vt 0.382196 0.743765
vt 0.389022 0.708764
vt 0.388632 0.743765
vt 0.397224 0.743765
vt 0.397249 0.712484
vt 0.400307 0.709191
vt 0.393957 0.696762
vt 0.388552 0.708764
vt 0.394955 0.708765
vt 0.402196 0.696744
vt 0.387776 0.696751
vt 0.402221 0.708765
vt 0.384348 0.708765
vt 0.384171 0.696763
vt 0.382221 0.708764
vt 0.382283 0.696845
vt 0.382102 0.688058
vt 0.382122 0.690515
vt 0.382289 0.696776
vt 0.383298 0.708766
vt 0.384170 0.696764
vt 0.387779 0.696705
vt 0.388549 0.708764
vt 0.393944 0.696762
vt 0.394955 0.708765
vt 0.402201 0.696758
vt 0.402221 0.708765
vt 0.380964 0.686695
vt 0.380157 0.687765
vt 0.424053 0.728754
vt 0.426326 0.728773
vt 0.446349 0.728775
vt 0.446633 0.728802
vt 0.445127 0.730068
vt 0.428821 0.730734
vt 0.411943 0.730483
vt 0.410044 0.728796
vt 0.410217 0.728778
vt 0.410044 0.728796
vt 0.411518 0.696781
vt 0.410536 0.708751
vt 0.402228 0.696778
vt 0.402227 0.708765
vt 0.421144 0.696774
vt 0.421824 0.708756
vt 0.431355 0.696819
vt 0.433375 0.708746
vt 0.443770 0.696777
vt 0.445995 0.708742
vt 0.454225 0.696758
vt 0.454225 0.708765
vt 0.448234 0.713067
vt 0.448222 0.730785
vt 0.448188 0.742099
vt 0.448209 0.741696
vt 0.448335 0.712174
vt 0.448190 0.730944
vt 0.448118 0.750579
vt 0.448030 0.750621
vt 0.449940 0.710129
vt 0.451743 0.709060
vt 0.455776 0.708932
vt 0.456806 0.709451
vt 0.457462 0.693769
vt 0.454339 0.703813
vt 0.467607 0.703832
vt 0.469507 0.693770
vt 0.442619 0.693770
vt 0.440085 0.703765
vt 0.425763 0.693765
vt 0.427008 0.703768
vt 0.414714 0.703756
vt 0.408660 0.693765
vt 0.475495 0.703782
vt 0.479219 0.693770
vt 0.482910 0.703782
vt 0.489697 0.703783
vt 0.489208 0.693770
vt 0.495565 0.703774
vt 0.500651 0.703884
vt 0.496849 0.693785
vt 0.504567 0.703780
vt 0.507513 0.703777
vt 0.509425 0.703773
vt 0.499901 0.693525
vt 0.510325 0.703759
vt 0.500030 0.693745
vt 0.509167 0.703731
vt 0.498483 0.693764
vt 0.507260 0.703765
vt 0.504348 0.703752
vt 0.495098 0.693765
vt 0.500652 0.703755
vt 0.489498 0.693762
vt 0.495937 0.703760
vt 0.490484 0.703755
vt 0.483047 0.693761
vt 0.484193 0.703762
vt 0.473517 0.693762
vt 0.477296 0.703764
vt 0.469785 0.703766
vt 0.463297 0.693762
vt 0.461070 0.703752
vt 0.452071 0.693764
vt 0.453513 0.703771
vt 0.443747 0.703692
vt 0.441290 0.693765
vt 0.434991 0.703775
vt 0.427922 0.693764
vt 0.425400 0.703780
vt 0.416038 0.703772
vt 0.415842 0.693765
vt 0.406812 0.703769
vt 0.403137 0.693763
vt 0.397418 0.703759
vt 0.389040 0.703777
vt 0.388813 0.693764
vt 0.381038 0.703873
vt 0.372018 0.703767
vt 0.377904 0.693765
vt 0.365373 0.703764
vt 0.369397 0.693764
vt 0.359768 0.703765
vt 0.355068 0.703766
vt 0.363874 0.693765
vt 0.351308 0.703768
vt 0.358673 0.693765
vt 0.348507 0.703770
vt 0.346757 0.703761
vt 0.356252 0.693766
vt 0.346227 0.703766
vt 0.356314 0.693719
vt 0.346686 0.703770
vt 0.348133 0.703779
vt 0.358576 0.693765
vt 0.350537 0.703782
vt 0.363425 0.693764
vt 0.353896 0.703876
vt 0.358259 0.703804
vt 0.370337 0.693765
vt 0.363304 0.703797
vt 0.378177 0.693764
vt 0.368811 0.703765
vt 0.375319 0.703765
vt 0.384890 0.703770
vt 0.387967 0.693764
vt 0.397437 0.693765
vt 0.394614 0.703734
vt 0.405218 0.703780
vt 0.459229 0.742045
vt 0.459215 0.712887
vt 0.459193 0.712684
vt 0.459227 0.743741
vt 0.459227 0.743775
vt 0.459217 0.712989
vt 0.459227 0.741478
vt 0.459189 0.712549
vt 0.459227 0.743765
vt 0.459228 0.743743
vt 0.397224 0.743764
vt 0.388632 0.743765
vt 0.397005 0.743753
vt 0.382196 0.743765
vt 0.369702 0.743734
vt 0.376479 0.743765
vt 0.373818 0.742365
vt 0.382840 0.741869
vt 0.365295 0.741841
vt 0.358094 0.743752
vt 0.359704 0.741568
vt 0.355021 0.741560
vt 0.351140 0.742494
vt 0.388792 0.741579
vt 0.397226 0.742179
vt 0.472105 0.708765
vt 0.472283 0.696764
vt 0.468674 0.696705
vt 0.474228 0.708764
vt 0.467904 0.708764
vt 0.462509 0.696762
vt 0.461499 0.708765
vt 0.454253 0.696758
vt 0.454232 0.708765
vt 0.474151 0.696763
vt 0.474338 0.687289
vt 0.474187 0.696809
vt 0.474891 0.689856
vt 0.473153 0.708766
vt 0.472282 0.696763
vt 0.468662 0.696753
vt 0.467896 0.708764
vt 0.462390 0.696750
vt 0.461499 0.708765
vt 0.454250 0.708765
vt 0.454237 0.696779
vt 0.454237 0.696779
vt 0.457476 0.693762
vt 0.462390 0.696750
vt 0.456953 0.693772
vt 0.470786 0.693765
vt 0.454225 0.696758
vt 0.468662 0.696753
vt 0.472282 0.696763
vt 0.477583 0.693765
vt 0.474187 0.696809
vt 0.403478 0.708762
vt 0.406427 0.709877
vt 0.402483 0.708718
vt 0.400307 0.709191
vt 0.399121 0.709964
vt 0.397249 0.712484
vt 0.397240 0.713143
vt 0.406539 0.710147
vt 0.438531 0.753566
vt 0.444944 0.753695
vt 0.417821 0.753668
vt 0.411913 0.753614
vt 0.427148 0.753572
vt 0.412190 0.753672
vt 0.444885 0.753667
vt 0.438598 0.753256
vt 0.416764 0.753488
vt 0.436253 0.750190
vt 0.420113 0.750837
vt 0.436226 0.743765
vt 0.420264 0.743764
vt 0.416660 0.743765
vt 0.417514 0.750490
vt 0.411596 0.743762
vt 0.412365 0.750646
vt 0.456291 0.709149
vt 0.456660 0.709304
vt 0.452160 0.708788
vt 0.451227 0.709034
vt 0.389022 0.708764
vt 0.403478 0.708762
vt 0.400307 0.709191
vt 0.403381 0.708559
vt 0.402535 0.708681
vt 0.399020 0.709995
vt 0.398783 0.710250
vt 0.459215 0.712887
vt 0.459227 0.743775
vt 0.467536 0.708763
vt 0.467301 0.743762
vt 0.475978 0.708765
vt 0.456660 0.709304
vt 0.456660 0.709304
vt 0.467536 0.708763
vt 0.452160 0.708788
vt 0.411596 0.743762
vt 0.411150 0.743842
vt 0.408282 0.742236
vt 0.402227 0.696760
vt 0.402221 0.708765
vt 0.402229 0.708765
vt 0.402196 0.696744
vt 0.402228 0.696778
vt 0.402227 0.708765
vt 0.402221 0.708765
vt 0.402201 0.696758
vt 0.454237 0.696779
vt 0.454225 0.708765
vt 0.454225 0.696758
vt 0.454250 0.708765
vt 0.448214 0.740862
vt 0.448211 0.741917
vt 0.446128 0.743314
vt 0.446026 0.743726
vt 0.388632 0.743765
vt 0.397224 0.743764
vt 0.397233 0.713212
vt 0.398783 0.710250
vt 0.402535 0.708681
vt 0.454227 0.708765
vt 0.454232 0.708765
vt 0.454226 0.696778
vt 0.454253 0.696758
vt 0.474891 0.689856
vt 0.498394 0.689353
vt 0.477171 0.693765
vt 0.500030 0.693745
vt 0.474151 0.696763
vt 0.477583 0.693765
vt 0.499901 0.693525
vt 0.475653 0.689905
vt 0.498614 0.687207
vt 0.474187 0.696809
vt 0.474338 0.687289
vt 0.499801 0.686943
vt 0.499901 0.693525
vt 0.500030 0.693745
vt 0.498614 0.687207
vt 0.379290 0.693765
vt 0.382122 0.690515
vt 0.357363 0.690440
vt 0.382289 0.696776
vt 0.356314 0.693719
vt 0.380157 0.687765
vt 0.356859 0.686913
vt 0.357889 0.690048
vt 0.381059 0.690307
vt 0.378875 0.693768
vt 0.356252 0.693766
vt 0.382283 0.696845
vt 0.356252 0.693766
vt 0.356314 0.693719
vt 0.356859 0.686913
vt 0.357780 0.687471
vt 0.357363 0.690440
vt 0.357889 0.690048
vt 0.420264 0.743764
vt 0.420113 0.750837
vt 0.420025 0.750760
vt 0.419928 0.743765
vt 0.436241 0.749646
vt 0.436501 0.750427
vt 0.436191 0.743764
vt 0.436261 0.743766
vt 0.436910 0.751882
vt 0.476422 0.686759
vt 0.499801 0.686943
vt 0.498394 0.689353
vt 0.474891 0.689856
vt 0.474338 0.687289
vt 0.498614 0.687207
vt 0.476422 0.686759
vt 0.499801 0.686943
vt 0.357780 0.687471
vt 0.356859 0.686913
vt 0.380964 0.686695
vt 0.380157 0.687765
vt 0.382102 0.688058
vt 0.357889 0.690048
vt 0.381059 0.690307
vt 0.417453 0.753351
vt 0.413193 0.753752
vt 0.413345 0.752737
vt 0.420570 0.744944
vt 0.420055 0.750339
vt 0.418699 0.752600
vt 0.420113 0.743766
vt 0.436545 0.749834
vt 0.436226 0.743765
vt 0.436526 0.743765
vt 0.436253 0.750190
vt 0.459189 0.712549
vt 0.455776 0.708932
vt 0.456806 0.709451
vt 0.459217 0.712989
vt 0.408800 0.693772
vt 0.425454 0.693772
vt 0.411518 0.696781
vt 0.402228 0.696778
vt 0.399368 0.693770
vt 0.421144 0.696774
vt 0.431355 0.696819
vt 0.443303 0.693770
vt 0.443770 0.696777
vt 0.456953 0.693772
vt 0.454225 0.696758
vt 0.431000 0.693773
vt 0.444935 0.696781
vt 0.447654 0.693771
vt 0.454226 0.696778
vt 0.435310 0.696774
vt 0.425098 0.696819
vt 0.413149 0.693770
vt 0.412683 0.696776
vt 0.399731 0.693772
vt 0.402227 0.696760
vt 0.457085 0.693770
vt 0.420025 0.750760
vt 0.417821 0.753668
vt 0.416764 0.753488
vt 0.420113 0.750837
vt 0.417514 0.750490
vt 0.412365 0.750646
vt 0.412190 0.753672
vt 0.408538 0.751265
vt 0.408349 0.750690
vt 0.411294 0.749533
vt 0.408271 0.731071
vt 0.411943 0.730483
vt 0.411913 0.753614
vt 0.410044 0.728796
vt 0.408239 0.730586
vt 0.408271 0.731071
vt 0.410044 0.728796
vt 0.410217 0.728778
vt 0.498394 0.689353
vt 0.499801 0.686943
vt 0.500030 0.693745
vt 0.402201 0.696758
vt 0.399368 0.693770
vt 0.402228 0.696778
vt 0.399225 0.693765
vt 0.454226 0.696778
vt 0.454253 0.696758
vt 0.457085 0.693770
vt 0.457228 0.693765
vt 0.393944 0.696762
vt 0.389538 0.693765
vt 0.402201 0.696758
vt 0.399225 0.693765
vt 0.387779 0.696705
vt 0.382131 0.693765
vt 0.384170 0.696764
vt 0.379290 0.693765
vt 0.382289 0.696776
vt 0.468674 0.696705
vt 0.472283 0.696764
vt 0.474315 0.693765
vt 0.477171 0.693765
vt 0.466914 0.693764
vt 0.462509 0.696762
vt 0.454253 0.696758
vt 0.457228 0.693765
vt 0.474151 0.696763
vt 0.399731 0.693772
vt 0.399105 0.693763
vt 0.402227 0.696760
vt 0.402196 0.696744
vt 0.422052 0.730368
vt 0.410875 0.728771
vt 0.431839 0.728789
vt 0.411695 0.730642
vt 0.432514 0.731260
vt 0.444201 0.730581
vt 0.445338 0.728765
vt 0.448120 0.730354
vt 0.399105 0.693763
vt 0.393957 0.696762
vt 0.402196 0.696744
vt 0.385658 0.693765
vt 0.387776 0.696751
vt 0.384171 0.696763
vt 0.378875 0.693768
vt 0.382283 0.696845
vt 0.448190 0.730944
vt 0.445127 0.730068
vt 0.448118 0.750579
vt 0.444991 0.750201
vt 0.451227 0.709034
vt 0.452160 0.708788
vt 0.448287 0.712244
vt 0.448241 0.712918
vt 0.412190 0.753672
vt 0.411913 0.753614
vt 0.408538 0.751265
vt 0.408349 0.750690
vt 0.448118 0.750579
vt 0.444991 0.750201
vt 0.444944 0.753695
vt 0.448118 0.750579
vt 0.444944 0.753695
vt 0.448030 0.750621
vt 0.444885 0.753667
vt 0.446633 0.728802
vt 0.448190 0.730944
vt 0.448222 0.730785
vt 0.446398 0.726726
vt 0.446349 0.728775
vt 0.445127 0.730068
vt 0.438531 0.753566
vt 0.417821 0.753668
vt 0.420113 0.750837
vt 0.436253 0.750190
vt 0.474891 0.689856
vt 0.474338 0.687289
vt 0.476422 0.686759
vt 0.381059 0.690307
vt 0.382102 0.688058
vt 0.382283 0.696845
vt 0.459193 0.712684
vt 0.456660 0.709304
vt 0.456291 0.709149
vt 0.459215 0.712887
vt 0.438598 0.753256
vt 0.438531 0.753566
vt 0.436253 0.750190
vt 0.436545 0.749834
vt 0.424066 0.726622
vt 0.424053 0.728754
vt 0.437852 0.726592
vt 0.410143 0.726765
vt 0.446633 0.728802
vt 0.410217 0.728778
vt 0.446398 0.726726
vt 0.410373 0.728757
vt 0.423984 0.726687
vt 0.432696 0.728758
vt 0.411679 0.726235
vt 0.435390 0.726680
vt 0.446460 0.727041
vt 0.446444 0.728816
vt 0.408312 0.730331
vt 0.410875 0.728771
vt 0.411695 0.730642
vt 0.408312 0.730331
vt 0.410373 0.728757
vt 0.410875 0.728771
vt 0.408243 0.730355
vt 0.411679 0.726235
vt 0.438932 0.753691
vt 0.436910 0.751882
vt 0.417348 0.753697
vt 0.418699 0.752600
vt 0.438932 0.753691
vt 0.439659 0.753524
vt 0.436910 0.751882
vt 0.436501 0.750427
vt 0.439304 0.750784
vt 0.444209 0.750928
vt 0.444277 0.753687
vt 0.444985 0.750363
vt 0.444885 0.753667
vt 0.439856 0.751141
vt 0.438598 0.753256
vt 0.448030 0.750621
vt 0.444885 0.753667
vt 0.444985 0.750363
vt 0.474187 0.696809
vt 0.475653 0.689905
vt 0.474338 0.687289
vt 0.420055 0.750339
vt 0.417453 0.753351
vt 0.418699 0.752600
vt 0.417348 0.753697
vt 0.417315 0.750713
vt 0.420113 0.743766
vt 0.417315 0.750713
vt 0.420055 0.750339
vt 0.416983 0.743767
vt 0.408239 0.730586
vt 0.410217 0.728778
vt 0.410143 0.726765
vt 0.419928 0.743765
vt 0.420025 0.750760
vt 0.417514 0.750490
vt 0.416660 0.743765
vt 0.439856 0.751141
vt 0.438598 0.753256
vt 0.436545 0.749834
vt 0.439304 0.750784
vt 0.438575 0.743766
vt 0.436501 0.750427
vt 0.436261 0.743766
vn 0.0892 0.0051 0.9960
vn 0.0069 0.0063 1.0000
vn 0.0604 -0.0031 0.9982
vn 0.1064 -0.0044 0.9943
vn -0.0525 -0.0030 0.9986
vn -0.0781 0.0052 0.9969
vn -0.0984 -0.0062 0.9951
vn -0.1053 -0.5938 0.7977
vn -0.0460 -0.6900 0.7224
vn -0.1262 -0.5515 0.8245
vn -0.0054 -0.7191 0.6949
vn 0.0477 -0.7486 0.6613
vn 0.0907 -0.7018 0.7066
vn 0.1105 -0.6690 0.7350
vn 0.7832 -0.0718 -0.6176
vn 0.7508 -0.0262 -0.6600
vn 0.3143 -0.0107 -0.9493
vn 0.8582 -0.2184 -0.4645
vn 0.7567 0.0905 -0.6475
vn 0.7549 0.0818 -0.6507
vn 0.7228 -0.2760 -0.6336
vn 0.7448 -0.2785 -0.6063
vn 0.6692 -0.3066 -0.6769
vn 0.6455 -0.3485 -0.6796
vn 0.6768 -0.1218 -0.7260
vn 0.6717 -0.1161 -0.7317
vn 0.6783 -0.0814 -0.7303
vn 0.6355 -0.3345 -0.6959
vn 0.7191 -0.2407 -0.6519
vn 0.6539 -0.1008 -0.7498
vn 0.7510 -0.2340 -0.6174
vn 0.6498 -0.0277 -0.7596
vn 0.6524 0.0621 -0.7553
vn 0.6596 -0.1410 -0.7383
vn 0.6648 -0.1867 -0.7233
vn 0.6666 -0.2095 -0.7154
vn 0.6355 -0.2502 -0.7304
vn 0.6719 -0.2335 -0.7029
vn 0.6293 -0.2500 -0.7359
vn 0.6326 -0.2253 -0.7410
vn 0.6038 -0.1974 -0.7723
vn 0.5959 0.1796 -0.7827
vn 0.5365 0.0313 -0.8433
vn 0.5262 0.3935 -0.7539
vn 0.4986 0.5364 -0.6809
vn 0.4748 0.6084 -0.6359
vn 0.4537 0.6137 -0.6461
vn 0.5440 0.1545 -0.8247
vn 0.4650 0.5396 -0.7019
vn 0.4100 0.6965 -0.5889
vn 0.5738 0.2165 -0.7899
vn 0.3780 0.6825 -0.6256
vn 0.3714 0.7446 -0.5546
vn 0.4068 0.6117 -0.6785
vn 0.3355 0.7835 -0.5230
vn 0.4392 0.5779 -0.6878
vn 0.3060 0.8163 -0.4899
vn 0.4254 0.5322 -0.7319
vn 0.4523 0.3902 -0.8020
vn 0.4572 0.3479 -0.8185
vn 0.4334 0.3106 -0.8460
vn 0.3156 0.6139 -0.7236
vn 0.2901 0.6365 -0.7147
vn 0.2206 0.6376 -0.7381
vn 0.6077 0.2223 -0.7624
vn 0.5736 0.2165 -0.7900
vn 0.6075 0.2224 -0.7626
vn 0.5865 0.2147 -0.7810
vn 0.5852 0.2145 -0.7820
vn 0.2663 0.8354 -0.4809
vn 0.3063 0.8161 -0.4901
vn 0.3252 0.8354 -0.4432
vn 0.1321 0.8986 -0.4184
vn 0.3054 0.8477 -0.4337
vn 0.2108 0.8535 -0.4765
vn 0.2161 0.9220 -0.3212
vn 0.0642 0.9017 -0.4275
vn 0.0509 0.9592 -0.2781
vn 0.0483 0.9681 -0.2459
vn -0.0090 0.9850 -0.1723
vn -0.1138 0.9788 -0.1703
vn -0.0110 0.9902 -0.1391
vn -0.5199 0.7257 -0.4507
vn -0.0889 0.9911 -0.0995
vn -0.0845 0.9921 -0.0928
vn -0.0973 0.9887 -0.1136
vn -0.1370 0.9903 -0.0225
vn -0.1246 0.9917 -0.0331
vn -0.1747 0.9844 0.0227
vn -0.1793 0.9747 0.1337
vn -0.1484 0.9888 -0.0182
vn -0.1412 0.9891 -0.0415
vn -0.1319 0.9911 0.0200
vn -0.1375 0.9897 -0.0400
vn -0.1241 0.9918 -0.0311
vn -0.2475 0.9560 0.1572
vn -0.2069 0.9773 0.0455
vn -0.2397 0.9676 0.0798
vn -0.2539 0.9506 0.1787
vn -0.1023 0.9927 0.0644
vn -0.0575 0.9693 -0.2392
vn -0.0145 0.9477 -0.3189
vn -0.2710 0.9331 0.2365
vn -0.2897 0.9238 0.2504
vn -0.0947 0.9903 0.1017
vn -0.2768 0.9231 0.2670
vn -0.1765 0.9771 0.1188
vn -0.1154 0.9928 -0.0314
vn -0.1243 0.9918 -0.0300
vn -0.1844 0.9729 0.1395
vn -0.1846 0.9729 0.1390
vn -0.1675 0.9851 -0.0389
vn -0.1676 0.9851 -0.0389
vn -0.1239 0.9918 -0.0312
vn -0.2999 0.9291 0.2166
vn -0.2961 0.9308 0.2143
vn -0.2982 0.9299 0.2154
vn -0.0987 0.9880 0.1185
vn 0.0067 0.9996 -0.0257
vn -0.2835 0.8956 0.3429
vn 0.0351 0.9986 0.0394
vn -0.1581 0.9874 0.0073
vn -0.2125 0.9195 0.3306
vn -0.1671 0.9841 0.0609
vn -0.2160 0.9533 0.2109
vn -0.2177 0.9523 0.2137
vn -0.2533 0.9348 0.2489
vn -0.0994 0.9733 0.2071
vn -0.1127 0.9709 0.2112
vn -0.0586 0.2321 0.9709
vn -0.2222 0.9549 0.1972
vn -0.2181 0.9530 0.2103
vn -0.2227 0.9555 0.1936
vn -0.2185 0.9537 0.2066
vn -0.2128 0.9507 0.2258
vn -0.0211 0.7750 -0.6316
vn -0.0213 0.7750 -0.6316
vn -0.0212 0.7750 -0.6316
vn 0.7267 0.1466 -0.6711
vn 0.7266 0.1467 -0.6712
vn 0.7266 0.1469 -0.6711
vn 0.6690 -0.3064 -0.6772
vn 0.6690 -0.3063 -0.6772
vn 0.6621 -0.2856 -0.6929
vn 0.6621 -0.2857 -0.6928
vn 0.6704 -0.3071 -0.6755
vn 0.6569 -0.2842 -0.6983
vn 0.6636 -0.2570 -0.7026
vn 0.6635 -0.2572 -0.7026
vn -0.6684 0.3071 0.6775
vn -0.6684 0.3069 0.6775
vn -0.6694 0.3075 0.6763
vn -0.6606 0.2839 0.6950
vn -0.6606 0.2841 0.6949
vn -0.6642 0.2572 0.7019
vn -0.6642 0.2573 0.7019
vn -0.6586 0.2837 0.6969
vn 0.7040 -0.7101 0.0102
vn 0.7795 -0.6264 0.0081
vn 0.4677 -0.8237 0.3206
vn 0.5768 -0.8168 -0.0075
vn 0.1706 -0.9853 -0.0023
vn 0.3447 -0.9387 0.0037
vn 0.2037 -0.9469 0.2489
vn 0.0792 -0.9741 0.2116
vn 0.2222 -0.9750 0.0019
vn 0.0891 -0.9474 0.3074
vn -0.0020 -0.9593 0.2825
vn 0.0786 -0.9749 0.2083
vn 0.0467 -0.9575 0.2847
vn 0.0155 -0.9583 0.2852
vn -0.0069 -0.9610 0.2766
vn 0.0006 -1.0000 0.0001
vn 0.1516 -0.9884 0.0023
vn 0.0001 -0.9972 0.0754
vn 0.0009 -1.0000 -0.0004
vn 0.1702 -0.9854 0.0024
vn 0.1256 -0.9921 0.0019
vn 0.2324 -0.9204 -0.3143
vn 0.0793 -0.9747 0.2092
vn 0.0794 -0.9748 0.2085
vn 0.0794 -0.9747 0.2092
vn 0.0787 -0.9751 0.2075
vn 0.1486 -0.9889 0.0022
vn 0.0770 -0.9970 0.0014
vn 0.1690 -0.9850 -0.0346
vn 0.0001 -1.0000 -0.0000
vn 0.0000 -1.0000 -0.0000
vn 0.0003 -1.0000 0.0002
vn -0.0002 -1.0000 0.0001
vn 0.0002 -1.0000 0.0001
vn -0.0017 -1.0000 -0.0004
vn -0.1851 -0.9827 0.0067
vn -0.2016 -0.9795 -0.0024
vn -0.4275 -0.9039 0.0135
vn -0.6349 -0.7726 -0.0067
vn 0.1692 -0.9851 -0.0320
vn 0.1636 -0.9840 -0.0699
vn 0.0537 -0.9902 0.1288
vn 0.1335 -0.9842 -0.1164
vn 0.0763 -0.9798 -0.1849
vn 0.6995 -0.0794 -0.7102
vn -0.7010 0.0795 0.7087
vn -0.7010 0.0794 0.7087
vn 0.6582 -0.2005 -0.7257
vn 0.6582 -0.2008 -0.7256
vn 0.6658 -0.1873 -0.7222
vn 0.6588 -0.2012 -0.7249
vn 0.6659 -0.1872 -0.7221
vn -0.6569 0.1992 0.7272
vn -0.6570 0.1993 0.7271
vn -0.6665 0.1868 0.7218
vn -0.6587 0.2000 0.7254
vn 0.4862 -0.7228 -0.4911
vn 0.5058 -0.7781 -0.3724
vn 0.4828 -0.7001 -0.5261
vn 0.4737 -0.6737 -0.5672
vn 0.4753 -0.6844 -0.5529
vn 0.4828 -0.7691 -0.4188
vn 0.4706 -0.8514 -0.2317
vn 0.4877 -0.6520 -0.5806
vn 0.4821 -0.6048 -0.6339
vn 0.4847 -0.7208 -0.4955
vn 0.4820 -0.7451 -0.4609
vn 0.6131 -0.3760 -0.6948
vn 0.5619 -0.4854 -0.6698
vn 0.5438 -0.5369 -0.6450
vn 0.5929 -0.3960 -0.7012
vn 0.5842 -0.3291 -0.7419
vn 0.6545 -0.0464 -0.7547
vn 0.5956 0.1210 -0.7941
vn 0.6234 0.1745 -0.7622
vn 0.3858 0.2437 -0.8898
vn 0.3901 0.2422 -0.8883
vn 0.4375 -0.0010 -0.8992
vn 0.5309 -0.1248 -0.8382
vn 0.4857 -0.6009 -0.6348
vn 0.4823 -0.6048 -0.6337
vn 0.4821 -0.7379 -0.4723
vn 0.4864 -0.7232 -0.4903
vn 0.4756 -0.7333 -0.4858
vn 0.4718 -0.7352 -0.4867
vn 0.3709 -0.7798 -0.5042
vn 0.3302 -0.7649 -0.5530
vn 0.3540 -0.7551 -0.5518
vn 0.3180 -0.7782 -0.5416
vn 0.3160 -0.7773 -0.5440
vn 0.3159 -0.7773 -0.5441
vn 0.6936 -0.3143 -0.6482
vn 0.4777 -0.6451 -0.5964
vn 0.6934 -0.3047 -0.6530
vn 0.6666 -0.3525 -0.6568
vn 0.6923 -0.0120 -0.7215
vn 0.6537 -0.3721 -0.6590
vn 0.6631 -0.3444 -0.6646
vn 0.6893 -0.2614 -0.6757
vn 0.6411 -0.4045 -0.6523
vn 0.6458 -0.4168 -0.6396
vn 0.6625 -0.3445 -0.6652
vn 0.6904 -0.0032 -0.7234
vn 0.6900 -0.0034 -0.7238
vn 0.6967 -0.0121 -0.7172
vn 0.6752 0.0660 -0.7346
vn 0.6057 -0.4457 -0.6592
vn 0.6805 0.0165 -0.7326
vn 0.6240 -0.4154 -0.6619
vn 0.4583 -0.6666 -0.5879
vn 0.4046 -0.5866 -0.7016
vn 0.4541 -0.6597 -0.5988
vn 0.4600 -0.7070 -0.5372
vn 0.3541 -0.5112 -0.7831
vn 0.4169 -0.4295 -0.8011
vn 0.3518 -0.6069 -0.7127
vn 0.2879 -0.7293 -0.6207
vn 0.2824 -0.7386 -0.6121
vn 0.6908 0.0440 -0.7217
vn 0.6792 0.0662 -0.7309
vn 0.6903 0.0441 -0.7222
vn 0.6871 0.0178 -0.7263
vn -0.6490 -0.2045 0.7328
vn -0.6475 -0.2181 0.7302
vn -0.6484 -0.2112 0.7314
vn 0.6481 0.2367 -0.7238
vn 0.6477 0.2336 -0.7252
vn 0.6485 0.2397 -0.7225
vn -0.4701 0.5158 0.7162
vn -0.4700 0.5159 0.7162
vn -0.4700 0.5158 0.7163
vn 0.5538 0.3276 -0.7655
vn 0.5436 0.3117 -0.7793
vn 0.5630 0.3419 -0.7524
vn -0.5247 -0.2453 0.8152
vn -0.5330 -0.2398 0.8114
vn -0.5288 -0.2423 0.8135
vn 0.2031 0.0768 -0.9761
vn -0.2610 0.0243 -0.9650
vn -0.3180 -0.0491 -0.9468
vn -0.5752 0.0054 -0.8180
vn -0.6244 0.0542 -0.7792
vn 0.7264 -0.0065 -0.6872
vn -0.7384 0.1214 0.6633
vn -0.7385 0.1216 0.6632
vn -0.7384 0.1215 0.6633
vn 0.7332 -0.1210 -0.6691
vn 0.7333 -0.1210 -0.6691
vn 0.7332 -0.1209 -0.6691
vn -0.7028 -0.0161 0.7112
vn -0.7028 -0.0161 0.7113
vn -0.6897 0.0026 0.7241
vn -0.7005 -0.0161 0.7135
vn 0.6908 0.5398 -0.4810
vn 0.6909 0.5399 -0.4808
vn -0.3240 -0.8994 0.2934
vn -0.3343 -0.8933 0.3006
vn -0.3292 -0.8963 0.2970
vn -0.6635 0.3440 0.6644
vn -0.6634 0.3440 0.6645
vn -0.6635 0.3441 0.6644
vn 0.6261 0.1324 -0.7685
vn 0.6250 0.1324 -0.7693
vn 0.6251 0.1324 -0.7693
vn 0.6227 0.1301 -0.7715
vn -0.6222 -0.1302 0.7719
vn -0.6222 -0.1301 0.7719
vn -0.6260 -0.1323 0.7685
vn -0.6236 -0.1302 0.7709
vn 0.7157 0.1613 -0.6795
vn -0.7157 -0.1616 0.6794
vn -0.7158 -0.1617 0.6793
vn -0.4242 -0.4846 0.7650
vn 0.0368 0.9602 -0.2769
vn -0.0323 0.9903 -0.1348
vn 0.5875 0.2624 -0.7655
vn 0.5877 0.2629 -0.7652
vn 0.5875 0.2626 -0.7654
vn 0.5873 0.2620 -0.7658
vn 0.5867 0.2626 -0.7660
vn 0.5863 0.2621 -0.7665
vn 0.5879 0.2623 -0.7652
vn 0.5879 0.2622 -0.7653
vn 0.5885 0.2628 -0.7646
vn 0.5337 0.3866 -0.7522
vn 0.5906 0.2620 -0.7632
vn 0.5672 0.3589 -0.7413
vn 0.5246 0.4181 -0.7416
vn 0.5230 0.4178 -0.7429
vn 0.5247 0.4182 -0.7415
vn 0.5247 0.4183 -0.7414
vn -0.5928 0.4867 0.6416
vn -0.5947 0.4884 0.6386
vn -0.5944 0.4882 0.6391
vn -0.5861 0.4586 0.6680
vn -0.5945 0.4282 0.6806
vn -0.5844 0.4575 0.6702
vn -0.5868 -0.2617 0.7663
vn -0.5868 -0.2622 0.7661
vn -0.5871 -0.2619 0.7660
vn -0.5878 -0.2621 0.7654
vn -0.5874 -0.2626 0.7655
vn 0.5922 -0.4856 -0.6430
vn 0.5923 -0.4857 -0.6429
vn 0.5917 -0.4855 -0.6436
vn 0.5865 -0.4584 -0.6677
vn 0.5851 -0.4579 -0.6693
vn 0.5945 -0.4287 -0.6803
vn 0.5945 -0.4285 -0.6804
vn 0.5911 -0.3984 -0.7013
vn 0.5972 -0.4131 -0.6876
vn 0.5999 -0.4294 -0.6751
vn 0.5907 -0.3972 -0.7024
vn 0.6046 0.3707 -0.7050
vn 0.6045 0.3706 -0.7052
vn -0.6051 -0.3705 0.7047
vn 0.6913 0.3048 -0.6551
vn -0.6916 -0.3048 0.6549
vn -0.6915 -0.3048 0.6549
vn -0.5253 -0.4184 0.7409
vn -0.5253 -0.4185 0.7409
vn -0.3556 -0.5093 0.7837
vn -0.3559 -0.5092 0.7836
vn -0.3552 -0.5097 0.7837
vn 0.3535 0.5100 -0.7842
vn 0.3530 0.5103 -0.7842
vn 0.3532 0.5101 -0.7842
vn -0.6892 -0.0441 0.7232
vn -0.6890 -0.0442 0.7234
vn -0.6902 -0.0438 0.7223
vn -0.6884 -0.0381 0.7243
vn 0.3014 0.7136 0.6324
vn 0.0147 0.0504 -0.9986
vn 0.4075 0.3867 -0.8273
vn -0.3674 -0.4173 0.8312
vn 0.6029 -0.2294 -0.7641
vn 0.6088 -0.2302 -0.7592
vn 0.6084 -0.2301 -0.7595
vn 0.5956 -0.2700 -0.7565
vn 0.5796 -0.5414 -0.6091
vn 0.5802 -0.5435 -0.6066
vn 0.5808 -0.2626 -0.7705
vn 0.5804 -0.5441 -0.6059
vn -0.6080 0.2328 0.7591
vn -0.6083 0.2327 0.7588
vn -0.6032 0.2324 0.7630
vn -0.5960 0.2718 0.7556
vn 0.3348 -0.0460 0.9412
vn -0.9743 0.2181 0.0560
vn 0.5535 0.8313 0.0513
vn -0.6053 -0.6651 0.4373
vn 0.1211 -0.2562 0.9590
vn -0.7473 -0.4099 -0.5231
vn 0.3493 0.7650 -0.5410
vn -0.3222 -0.8160 0.4799
vn -0.3755 -0.5914 0.7136
vn -0.0519 0.4052 -0.9128
vn -0.1825 0.9672 0.1765
vn 0.3459 0.6705 -0.6564
vn 0.6073 -0.3291 0.7232
vn 0.0905 0.3249 -0.9414
vn 0.6544 0.3154 -0.6872
vn -0.6079 -0.4705 0.6396
vn -0.2079 -0.8290 0.5192
vn -0.0018 0.9994 -0.0353
vn 0.0173 0.9986 -0.0503
vn -0.6070 -0.2224 0.7629
vn -0.6075 -0.2223 0.7626
vn -0.6069 -0.2222 0.7631
vn -0.5856 -0.2149 0.7816
vn -0.5830 -0.2142 0.7837
vn -0.5680 0.5133 0.6434
vn -0.5675 0.5118 0.6450
vn -0.5675 0.5120 0.6448
vn -0.5688 0.5147 0.6415
vn 0.4830 -0.7962 -0.3643
vn 0.4783 -0.7917 -0.3801
vn 0.4829 -0.7964 -0.3640
vn 0.3756 -0.8499 -0.3697
vn 0.5805 -0.3230 -0.7475
vn -0.6284 0.3517 0.6939
vn -0.6283 0.3516 0.6939
vn 0.3065 0.6501 -0.6953
vn 0.2862 0.6750 -0.6801
vn 0.2966 0.6624 -0.6879
vn -0.3340 -0.7339 0.5915
vn -0.3537 -0.7111 0.6077
vn -0.3153 -0.7543 0.5759
vn -0.3127 -0.7581 0.5723
vn -0.3097 -0.7618 0.5689
vn -0.3126 -0.7582 0.5722
vn 0.0230 0.9997 -0.0003
vn -0.0243 0.9967 0.0780
vn 0.0552 0.6777 0.7333
vn 0.3116 0.7558 -0.5759
vn 0.2799 0.7876 -0.5490
vn 0.2799 0.7875 -0.5491
vn -0.2800 -0.7876 0.5488
vn -0.2800 -0.7877 0.5488
vn -0.2801 -0.7878 0.5485
vn 0.5880 0.3319 -0.7377
vn 0.3834 -0.9076 0.1708
vn 0.3828 -0.9078 0.1714
vn 0.3831 -0.9077 0.1712
vn -0.3833 0.9050 -0.1843
vn -0.3839 0.9049 -0.1835
vn -0.3826 0.9052 -0.1851
vn -0.5870 -0.3308 0.7389
vn -0.2611 -0.7439 0.6151
vn 0.2613 0.7427 -0.6165
vn -0.3471 -0.6745 0.6516
vn 0.3472 0.6734 -0.6527
vn 0.3471 0.6735 -0.6527
vn 0.6324 0.2470 -0.7342
vn 0.6333 0.2469 -0.7334
vn 0.6332 0.2469 -0.7336
vn 0.6348 0.2069 -0.7444
vn -0.6319 -0.2447 0.7355
vn -0.6314 -0.2446 0.7358
vn -0.6353 -0.2459 0.7320
vn -0.6386 -0.2057 0.7416
vn -0.7317 -0.5034 0.4595
vn -0.8728 0.1590 -0.4614
vn 0.9587 -0.1070 0.2637
vn 0.8099 0.5866 -0.0066
vn 0.5851 -0.3900 -0.7110
vn 0.5806 -0.3718 -0.7243
vn 0.6050 -0.5005 -0.6192
vn 0.6062 -0.5096 -0.6106
vn 0.6061 -0.5090 -0.6111
vn 0.5813 -0.4838 0.6542
vn 0.7838 -0.3122 -0.5368
vn 0.1517 0.8394 -0.5219
vn -0.3487 -0.8634 0.3647
vn 0.2830 0.7901 -0.5438
vn 0.2831 0.7900 -0.5438
vn -0.2825 -0.7901 0.5441
vn -0.2824 -0.7901 0.5440
vn 0.5921 -0.6452 -0.4828
vn 0.5922 -0.6452 -0.4828
vn 0.5922 -0.6451 -0.4828
vn 0.3030 -0.9287 0.2136
vn -0.2267 -0.8098 0.5412
vn -0.2266 -0.8097 0.5414
vn 0.2268 0.8092 -0.5420
vn -0.0862 -0.9248 -0.3705
vn -0.7138 -0.6106 -0.3431
vn 0.6990 0.2400 0.6737
vn 0.1381 0.9869 -0.0838
vn 0.1807 0.7564 -0.6286
vn -0.1807 -0.7559 0.6292
vn -0.1807 -0.7560 0.6291
vn 0.1287 0.9381 -0.3216
vn -0.1285 -0.9379 0.3223
vn -0.3931 -0.4911 0.7773
vn -0.3931 -0.4911 0.7774
vn 0.3953 0.4922 -0.7756
vn 0.3952 0.4923 -0.7756
vn 0.3952 0.4923 -0.7755
vn 0.5498 0.1714 -0.8175
vn -0.5490 -0.1707 0.8182
vn -0.5489 -0.1708 0.8182
vn -0.0242 0.9031 -0.4288
vn 0.0253 -0.9032 0.4286
vn 0.6098 0.0441 -0.7913
vn 0.0706 0.9016 -0.4268
vn 0.0705 0.9015 -0.4269
vn -0.0705 -0.9014 0.4271
vn -0.0706 -0.9016 0.4269
vn 0.1742 0.8871 -0.4275
vn 0.1742 0.8870 -0.4277
vn 0.4625 -0.3499 -0.8147
vn 0.4621 -0.3510 -0.8144
vn 0.4622 -0.3505 -0.8145
vn 0.4876 -0.5025 -0.7140
vn 0.4652 -0.3543 -0.8112
vn 0.4933 -0.6093 -0.6208
vn 0.4883 -0.6877 -0.5372
vn 0.4950 -0.5124 -0.7018
vn 0.4845 -0.6855 -0.5434
vn 0.4855 -0.6864 -0.5414
vn 0.4939 -0.4875 -0.7200
vn -0.1737 -0.8864 0.4290
vn -0.1740 -0.8865 0.4288
vn -0.3715 -0.9018 0.2209
vn -0.1261 -0.9478 0.2930
vn -0.1259 -0.9478 0.2928
vn -0.1263 -0.9477 0.2930
vn 0.1266 0.9488 -0.2894
vn 0.1267 0.9488 -0.2894
vn 0.1265 0.9488 -0.2894
vn 0.1145 0.8474 -0.5185
vn 0.1145 0.8475 -0.5183
vn 0.1143 0.8467 -0.5196
vn 0.0807 0.8542 -0.5137
vn -0.1143 -0.8470 0.5191
vn -0.1145 -0.8471 0.5189
vn -0.1144 -0.8470 0.5191
vn -0.0807 -0.8548 0.5126
vn 0.2666 0.8384 -0.4754
vn -0.3472 0.6741 0.6519
vn -0.3468 0.6753 0.6509
vn -0.3470 0.6747 0.6515
vn 0.6120 0.5842 -0.5331
vn 0.6119 0.5842 -0.5331
vn -0.6118 -0.5846 0.5329
vn -0.6116 -0.5846 0.5331
vn 0.1751 0.4669 -0.8668
vn -0.1746 -0.4682 0.8662
vn 0.4422 0.3364 -0.8315
vn 0.4404 0.2972 -0.8472
vn 0.4410 0.3070 -0.8434
vn 0.4435 0.4139 -0.7950
vn 0.6405 0.0243 -0.7676
vn 0.7007 0.0555 -0.7113
vn 0.6241 0.0163 -0.7811
vn 0.5634 -0.0125 -0.8261
vn -0.6432 0.0031 0.7657
vn -0.6522 0.0242 0.7576
vn -0.6907 0.1236 0.7125
vn -0.5041 -0.2473 0.8275
vn 0.0460 0.9250 -0.3771
vn -0.0474 0.9845 -0.1686
vn -0.0722 0.9815 -0.1774
vn -0.0684 0.9835 -0.1672
vn -0.0842 0.9787 -0.1870
vn -0.0435 0.9863 -0.1590
vn -0.0435 0.9863 -0.1589
vn -0.0433 0.9863 -0.1591
vn 0.2900 0.1752 -0.9409
vn -0.2905 -0.1752 0.9407
vn -0.2904 -0.1753 0.9407
vn 0.2512 -0.9678 0.0190
vn 0.2508 -0.9678 0.0193
vn 0.2513 -0.9677 0.0188
vn 0.2813 0.9312 -0.2320
vn 0.2812 0.9312 -0.2320
vn 0.1155 -0.9877 0.1057
vn 0.1156 -0.9876 0.1058
vn -0.1162 0.9874 -0.1071
vn -0.0979 0.9893 -0.1086
vn -0.3622 -0.2860 0.8871
vn -0.3645 -0.2864 0.8861
vn -0.3637 -0.2863 0.8864
vn -0.3789 -0.2716 0.8847
vn 0.3631 0.2859 -0.8868
vn 0.3629 0.2860 -0.8869
vn 0.0501 -0.9666 0.2513
vn -0.0402 0.9647 -0.2601
vn -0.0133 0.9778 -0.2094
vn -0.0325 0.9689 -0.2455
vn -0.0477 0.9603 -0.2750
vn 0.7162 -0.1072 -0.6896
vn 0.7161 -0.1073 -0.6897
vn 0.7136 -0.1058 -0.6926
vn 0.7167 -0.1076 -0.6891
vn 0.6415 -0.0164 -0.7669
vn 0.6416 -0.0172 -0.7668
vn 0.6416 -0.0168 -0.7669
vn 0.0917 0.9353 -0.3418
vn -0.1086 0.9835 -0.1449
vn 0.6133 -0.3909 -0.6864
vn -0.0379 0.9953 -0.0893
vn -0.0503 0.9667 -0.2511
vn -0.0502 0.9667 -0.2511
vn -0.2812 -0.9310 0.2329
vn -0.2813 -0.9309 0.2329
vn -0.6209 0.4658 0.6305
vn -0.6210 0.4655 0.6307
vn 0.1282 -0.9917 0.0120
vn -0.0621 -0.9847 0.1628
vn 0.1507 -0.9886 -0.0064
vn -0.1633 -0.9569 0.2401
vn 0.1345 -0.9897 -0.0499
vn 0.1505 -0.9886 -0.0057
vn 0.1346 -0.9896 -0.0506
vn 0.1507 -0.9886 -0.0062
vn 0.1980 -0.9748 -0.1024
vn 0.2001 -0.9730 -0.1153
vn 0.1933 -0.9710 -0.1407
vn 0.1941 -0.9717 -0.1345
vn 0.2456 -0.9516 -0.1847
vn 0.2519 -0.9450 -0.2086
vn 0.2012 -0.9669 -0.1572
vn 0.2816 -0.9116 -0.2995
vn 0.1931 -0.9660 -0.1719
vn 0.1859 -0.9667 -0.1760
vn 0.2740 -0.9255 -0.2615
vn 0.3503 -0.8565 -0.3791
vn 0.2752 -0.9285 -0.2495
vn 0.2817 -0.9185 -0.2775
vn 0.2063 -0.9411 -0.2679
vn 0.3208 -0.8762 -0.3598
vn 0.3236 -0.8530 -0.4094
vn 0.4789 -0.5349 -0.6960
vn 0.2977 -0.9091 -0.2914
vn 0.2926 -0.9133 -0.2835
vn 0.3029 -0.9048 -0.2993
vn 0.3465 -0.8403 -0.4170
vn 0.3495 -0.8561 -0.3806
vn 0.3463 -0.8402 -0.4172
vn 0.3436 -0.8427 -0.4144
vn 0.2070 -0.9535 -0.2189
vn 0.2099 -0.9464 -0.2454
vn 0.2072 -0.9534 -0.2193
vn 0.0818 -0.9780 0.1919
vn 0.1831 0.7407 -0.6464
vn 0.1831 0.7410 -0.6461
vn 0.1814 0.7383 -0.6496
vn 0.1816 0.7381 -0.6498
vn 0.1545 0.7172 -0.6795
vn 0.1812 0.7386 -0.6494
vn 0.1812 0.7386 -0.6493
vn 0.1579 0.7196 -0.6762
vn 0.1576 0.7200 -0.6758
vn 0.4698 -0.7143 -0.5187
vn 0.4697 -0.7145 -0.5185
vn -0.4216 0.3220 0.8477
vn -0.4217 0.3220 0.8477
vn -0.4218 0.3221 0.8476
vn 0.0096 0.9456 -0.3252
vn 0.0406 0.9565 -0.2888
vn 0.0122 0.9467 -0.3220
vn -0.0113 0.9371 -0.3488
vn 0.4215 -0.3224 -0.8476
vn 0.4215 -0.3225 -0.8476
vn -0.6392 0.1359 0.7569
vn -0.6385 0.1449 0.7558
vn -0.6389 0.1402 0.7564
vn 0.6393 -0.1348 -0.7571
vn 0.6407 -0.1303 -0.7566
vn 0.6392 -0.1255 -0.7587
vn 0.6415 -0.0768 -0.7633
vn -0.0932 -0.9173 0.3871
vn -0.0934 -0.9173 0.3870
vn -0.0934 -0.9173 0.3871
vn -0.6263 0.0042 0.7796
vn -0.6262 0.0033 0.7797
vn -0.6262 0.0038 0.7797
vn -0.0180 0.9977 0.0648
vn 0.0403 0.9888 -0.1437
vn 0.2846 -0.2651 -0.9212
vn 0.0434 -0.9604 0.2752
vn 0.3068 0.8245 -0.4754
vn 0.3068 0.8244 -0.4756
vn -0.3067 -0.8244 0.4758
vn -0.3066 -0.8244 0.4758
vn 0.1088 -0.9134 0.3923
vn 0.2874 -0.9292 0.2324
vn 0.2694 -0.9300 0.2500
vn -0.0030 -0.8784 0.4778
vn 0.0730 0.7582 -0.6479
vn 0.0729 0.7582 -0.6479
vn 0.0729 0.7583 -0.6478
vn -0.8099 -0.4476 0.3791
vn -0.3937 -0.4194 0.8180
vn 0.0057 0.9945 -0.1047
vn -0.0059 -0.8094 0.5872
vn -0.1545 -0.7164 0.6804
vn -0.1581 -0.7201 0.6756
vn -0.1545 -0.7174 0.6793
vn -0.5893 -0.1129 0.8000
vn -0.5773 -0.1733 0.7979
vn -0.5839 -0.1417 0.7994
vn 0.5790 0.1319 -0.8046
vn 0.5844 0.1047 -0.8047
vn 0.5732 0.1587 -0.8039
vn -0.0584 0.9741 -0.2184
vn -0.0583 0.9741 -0.2185
vn -0.0584 0.9741 -0.2183
vn 0.0574 -0.9748 0.2155
vn 0.0574 -0.9749 0.2153
vn 0.0574 -0.9748 0.2153
vn 0.2003 0.8521 -0.4835
vn 0.2000 0.8519 -0.4840
vn 0.2005 0.8523 -0.4831
vn 0.1719 0.8586 -0.4831
vn -0.2004 -0.8514 0.4847
vn -0.1994 -0.8510 0.4858
vn -0.2001 -0.8513 0.4851
vn -0.1718 -0.8578 0.4844
vn -0.5041 -0.0213 0.8634
vn -0.5041 -0.0220 0.8634
vn -0.5041 -0.0217 0.8634
vn -0.5696 -0.2797 0.7729
vn -0.5695 -0.2796 0.7730
vn -0.5694 -0.2799 0.7729
vn 0.3711 0.7103 -0.5981
vn 0.3719 0.7088 -0.5994
vn 0.3705 0.7118 -0.5967
vn 0.3633 0.4139 -0.8347
vn 0.3659 0.4084 -0.8363
vn 0.3646 0.4111 -0.8355
vn -0.0648 -0.8719 0.4854
vn -0.0647 -0.8719 0.4854
vn -0.0647 -0.8718 0.4855
vn 0.5246 -0.7397 -0.4215
vn 0.5248 -0.7396 -0.4214
vn -0.5296 0.7419 0.4111
vn -0.5296 0.7421 0.4109
vn -0.5297 0.7417 0.4114
vn -0.5413 -0.4062 0.7362
vn -0.5412 -0.4067 0.7360
vn -0.5412 -0.4065 0.7361
vn 0.1943 0.8770 -0.4395
vn 0.1939 0.8770 -0.4397
vn -0.1939 -0.8770 0.4396
vn -0.1938 -0.8770 0.4397
vn -0.1938 -0.8770 0.4396
vn 0.0121 0.9998 -0.0134
vn -0.1791 0.8935 -0.4119
vn -0.1792 0.8933 -0.4121
vn -0.1791 0.8934 -0.4121
vn 0.0994 0.7857 -0.6105
vn 0.0994 0.7858 -0.6104
vn 0.0994 0.7859 -0.6104
vn 0.1787 -0.8931 0.4129
vn 0.1786 -0.8931 0.4130
vn 0.0004 -0.9717 0.2364
vn 0.0004 -0.9717 0.2363
vn -0.0002 0.9716 -0.2368
vn -0.0002 0.9715 -0.2369
vn -0.0002 0.9716 -0.2367
vn 0.3643 -0.9305 -0.0390
vn 0.0258 -0.9336 0.3573
vn 0.0261 -0.9332 0.3585
vn 0.0258 -0.9335 0.3576
vn 0.0236 -0.9348 0.3543
vn 0.4645 0.1209 -0.8773
vn 0.4644 0.1210 -0.8773
vn 0.4645 0.1208 -0.8773
vn -0.5977 0.6094 0.5210
vn -0.6084 0.5852 0.5361
vn -0.5865 0.6330 0.5054
vn -0.0430 0.9485 -0.3139
vn -0.0516 0.9509 -0.3052
vn -0.0301 0.9447 -0.3267
vn 0.0891 0.8948 -0.4374
vn 0.0728 0.8756 -0.4776
vn 0.0877 0.8957 -0.4359
vn 0.0619 0.9105 -0.4089
vn -0.0138 0.9754 -0.2200
vn -0.0221 0.9745 -0.2233
vn -0.0217 0.9823 -0.1863
vn 0.0254 -0.9268 0.3748
vn 0.0255 -0.9268 0.3747
vn 0.0255 -0.9268 0.3746
vn 0.4983 0.5443 -0.6748
vn 0.5049 0.5306 -0.6808
vn 0.5014 0.5379 -0.6777
vn 0.1646 0.8087 -0.5647
vn 0.1800 0.7729 -0.6084
vn 0.1495 0.8399 -0.5218
vn -0.1791 -0.7469 0.6403
vn -0.1554 -0.8112 0.5637
vn -0.1678 -0.7792 0.6039
vn -0.4191 -0.6829 0.5983
vn -0.4174 -0.6856 0.5964
vn -0.4208 -0.6803 0.6000
vn 0.2455 0.8735 -0.4205
vn 0.2452 0.8736 -0.4203
vn 0.2452 0.8735 -0.4205
vn -0.4993 -0.5555 0.6649
vn -0.4922 -0.5702 0.6578
vn -0.5059 -0.5420 0.6711
vn -0.2345 -0.8322 0.5024
vn -0.2348 -0.8320 0.5026
vn -0.2343 -0.8325 0.5021
vn -0.3828 0.9053 0.1839
vn -0.4434 0.8549 0.2694
vn -0.4137 0.8817 0.2267
vn 0.4002 -0.8567 -0.3256
vn 0.3657 -0.8878 -0.2794
vn 0.4323 -0.8225 -0.3696
vn -0.1223 0.9606 0.2497
vn -0.1193 0.9637 0.2388
vn -0.1208 0.9622 0.2442
vn 0.7366 0.3598 0.5727
vn 0.8611 0.4479 0.2406
vn 0.8703 -0.0228 0.4920
vn 0.8612 -0.3863 -0.3302
vn -0.0236 0.9345 -0.3552
vn 0.1108 -0.9918 -0.0642
vn 0.1119 -0.9913 -0.0686
vn 0.1099 -0.9921 -0.0605
vn -0.0862 -0.9299 0.3577
vn -0.0130 -0.9535 0.3011
vn 0.0594 -0.9683 0.2426
vn 0.1283 -0.9745 0.1843
vn 0.1158 -0.9764 0.1824
vn 0.1303 -0.9753 0.1785
vn 0.1160 -0.9764 0.1823
vn 0.1147 -0.9758 0.1862
vn 0.1289 -0.9747 0.1824
vn 0.1141 -0.9761 0.1851
vn -0.1499 0.9882 0.0316
vn -0.1499 0.9882 0.0315
vn 0.2243 0.4512 -0.8638
vn -0.1155 0.9764 -0.1824
vn -0.1156 0.9764 -0.1824
vn -0.1373 0.9860 -0.0942
vn -0.1152 0.9759 -0.1854
vn -0.1152 0.9758 -0.1859
vn -0.1376 0.9873 -0.0794
vn -0.1082 -0.8535 0.5097
vn -0.1050 -0.8564 0.5056
vn -0.1064 -0.8550 0.5076
vn 0.1394 0.8299 -0.5403
vn 0.1405 0.8290 -0.5413
vn 0.1398 0.8295 -0.5407
vn -0.4257 -0.4218 0.8005
vn -0.4256 -0.4219 0.8005
vn -0.4257 -0.4217 0.8006
vn 0.1042 0.8409 -0.5311
vn 0.1049 0.8403 -0.5319
vn 0.1040 0.8412 -0.5307
vn 0.1040 0.8869 -0.4502
vn 0.1042 0.8761 -0.4708
vn 0.1026 0.8877 -0.4489
vn -0.2919 0.7926 0.5354
vn -0.2918 0.7926 0.5353
vn -0.2918 0.7922 0.5360
vn -0.3161 0.7764 0.5452
vn -0.3527 -0.2992 0.8866
vn -0.3598 -0.2771 0.8910
vn -0.3444 -0.3247 0.8809
vn 0.3224 0.3873 -0.8637
vn 0.3245 0.3787 -0.8667
vn 0.3234 0.3832 -0.8652
vn -0.2538 -0.6655 0.7019
vn -0.2458 -0.6214 0.7439
vn -0.2453 -0.6237 0.7421
vn -0.2378 -0.6700 0.7032
vn -0.2900 0.9132 0.2862
vn -0.2905 0.9138 0.2839
vn -0.2774 0.9252 0.2590
vn -0.2907 0.9137 0.2840
vn 0.4490 -0.6265 -0.6371
vn 0.4488 -0.6268 -0.6369
vn 0.4489 -0.6266 -0.6370
vn -0.3545 0.7821 0.5125
vn -0.3288 0.8105 0.4848
vn -0.4645 0.6249 0.6275
vn -0.5244 0.5036 0.6866
vn 0.5075 -0.6179 -0.6006
vn 0.5075 -0.6179 -0.6005
vn -0.5079 0.6185 0.5996
vn -0.5078 0.6185 0.5996
vn -0.3007 -0.1641 0.9395
vn -0.3005 -0.1655 0.9393
vn -0.3006 -0.1649 0.9394
vn 0.2347 0.6476 -0.7249
vn 0.2351 0.6472 -0.7251
vn 0.2350 0.6473 -0.7251
vn 0.3928 -0.6904 -0.6075
vn -0.3922 0.6898 0.6086
vn -0.3830 0.7272 0.5697
vn -0.3830 0.7269 0.5700
vn -0.3829 0.7273 0.5695
vn -0.4112 0.7159 0.5643
vn 0.4115 -0.7157 -0.5643
vn 0.1754 -0.9844 0.0124
vn 0.1756 -0.9844 0.0124
vn 0.1754 -0.9844 0.0123
vn -0.3470 0.8410 0.4151
vn -0.3473 0.8411 0.4146
vn -0.3462 0.8404 0.4170
vn -0.3430 0.8425 0.4154
vn -0.0903 0.9898 0.1105
vn -0.1583 0.9839 0.0824
vn -0.0445 0.9888 0.1422
vn -0.1234 0.9882 0.0909
vn -0.1792 0.9811 0.0725
vn -0.1646 0.9832 0.0792
vn -0.1800 0.9810 0.0718
vn -0.0792 0.9747 -0.2088
vn -0.0792 0.9748 -0.2085
vn -0.0794 0.9747 -0.2089
vn -0.0787 0.9751 -0.2074
vn 0.1646 -0.9831 -0.0806
vn 0.1483 -0.9842 -0.0967
vn 0.1477 -0.9842 -0.0977
vn 0.1288 -0.9832 -0.1297
vn 0.1519 -0.9843 -0.0899
vn -0.1671 0.9859 0.0113
vn 0.1173 0.9341 -0.3371
vn 0.1171 0.9342 -0.3369
vn 0.1172 0.9342 -0.3369
vn 0.2222 -0.9549 -0.1968
vn 0.1516 -0.9723 -0.1776
vn 0.1516 -0.9723 -0.1777
vn 0.1517 -0.9723 -0.1777
vn -0.5940 -0.0582 -0.8024
vn -0.6114 -0.0694 -0.7883
vn -0.6064 -0.0666 -0.7923
vn -0.5773 -0.0160 -0.8164
vn -0.7614 -0.0984 -0.6407
vn -0.7624 -0.0990 -0.6395
vn -0.7851 -0.0184 -0.6190
vn -0.7891 0.0127 -0.6141
vn -0.7919 0.0532 -0.6083
vn -0.5709 -0.0012 -0.8210
vn -0.6114 -0.0703 -0.7882
vn 0.7061 -0.0130 -0.7080
vn 0.7272 -0.0112 -0.6863
vn 0.7811 -0.0063 -0.6244
vn 0.7052 -0.0131 -0.7089
vn 0.7776 -0.0063 -0.6288
vn 0.7802 -0.0055 -0.6255
vn 0.7802 -0.0055 -0.6256
vn 0.7168 0.0015 -0.6973
vn 0.7080 -0.0131 -0.7061
vn -0.7453 0.0115 0.6666
vn -0.7455 0.0116 0.6664
vn -0.7357 0.0111 0.6772
vn -0.6313 0.0063 0.7755
vn -0.7211 -0.0015 0.6928
vn -0.7418 0.0111 0.6705
vn -0.7798 0.0055 0.6260
vn -0.7797 0.0055 0.6261
vn -0.6834 0.0001 0.7301
vn -0.6826 0.0001 0.7308
vn -0.7767 0.0023 0.6299
vn -0.8403 0.0040 0.5422
vn 0.2884 -0.0034 -0.9575
vn -0.9561 0.0035 -0.2929
vn -0.9561 0.0034 -0.2929
vn 0.2553 -0.8829 -0.3942
vn 0.2553 -0.8828 -0.3943
vn 0.2742 0.3614 -0.8912
vn 0.2741 0.3614 -0.8912
vn -0.2561 0.8824 0.3947
vn -0.2559 0.8824 0.3948
vn 0.0096 -0.9942 -0.1074
vn 0.0289 0.8420 -0.5387
vn 0.0289 0.8418 -0.5390
vn 0.0289 0.8419 -0.5389
vn -0.1450 0.9793 -0.1410
vn -0.0873 0.9776 -0.1914
vn 0.0870 -0.9800 0.1788
vn 0.0636 -0.9687 0.2398
vn 0.0635 -0.9687 0.2399
vn -0.0636 0.9686 -0.2404
vn -0.0636 0.9686 -0.2402
vn -0.0741 0.9873 -0.1407
vn -0.0742 0.9873 -0.1407
vn -0.0741 0.9873 -0.1406
vn 0.0743 -0.9875 0.1388
vn 0.0743 -0.9875 0.1387
vn 0.0744 -0.9876 0.1386
vn 0.0486 -0.9775 0.2053
vn 0.0480 -0.9774 0.2061
vn 0.0481 -0.9774 0.2059
vn -0.0480 0.9774 -0.2058
vn -0.0481 0.9774 -0.2056
vn -0.0475 0.9773 -0.2062
vn -0.0633 0.9897 -0.1283
vn -0.1185 0.9704 0.2106
vn -0.1586 0.9873 0.0011
vn -0.1302 0.9727 0.1923
vn -0.1654 0.9859 -0.0260
vn 0.4518 -0.8607 -0.2347
vn 0.4527 -0.8600 -0.2354
vn 0.4523 -0.8603 -0.2351
vn -0.4521 0.8596 0.2383
vn -0.4516 0.8600 0.2377
vn -0.4527 0.8591 0.2387
vn -0.2447 0.8965 0.3693
vn -0.2446 0.8968 0.3687
vn -0.2447 0.8964 0.3695
vn -0.0798 0.9946 -0.0659
vn -0.0792 0.9946 -0.0667
vn -0.0809 0.9946 -0.0644
vn 0.0802 -0.9940 0.0738
vn 0.0809 -0.9940 0.0730
vn 0.0807 -0.9940 0.0732
vn -0.2196 0.9691 0.1128
vn -0.2194 0.9691 0.1126
vn 0.2197 -0.9690 -0.1128
vn 0.2196 -0.9690 -0.1127
vn -0.6753 -0.7375 -0.0083
vn -0.3158 -0.9488 0.0026
vn -0.8036 -0.5951 -0.0034
vn -0.3347 -0.9423 -0.0091
vn -0.0139 -0.9999 0.0018
vn -0.0013 -1.0000 0.0004
vn -0.4034 -0.8704 0.2824
vn -0.3497 -0.9155 0.1991
vn -0.3883 -0.8524 0.3501
vn -0.4091 -0.8618 0.3000
vn -0.5663 -0.8056 -0.1741
vn -0.4586 -0.8649 0.2042
vn -0.2720 -0.8420 -0.4659
vn -0.0040 -1.0000 0.0002
vn 0.0088 -1.0000 -0.0002
vn -0.0001 -1.0000 -0.0000
vn -0.8312 -0.5560 0.0058
vn 0.0055 -1.0000 -0.0033
vn 0.0519 -0.9986 -0.0034
vn 0.0094 -0.9999 -0.0070
vn 0.1641 -0.9864 -0.0136
vn 0.1779 -0.9580 -0.2248
vn 0.1423 -0.9158 -0.3755
vn 0.0252 -0.9955 0.0919
vn -0.0000 -1.0000 -0.0002
vn 0.0136 -0.9987 0.0496
vn 0.0791 -0.9540 0.2893
vn 0.8251 -0.0791 0.5594
vn 0.8521 -0.0604 0.5199
vn 0.8508 -0.0575 0.5224
vn 0.8338 -0.0217 0.5517
vn 0.9013 -0.1393 0.4102
vn 0.7789 -0.1286 0.6138
vn 0.8362 -0.1146 0.5363
vn 0.8360 -0.1147 0.5365
vn 0.8361 -0.1146 0.5365
vn 0.8361 -0.1148 0.5365
vn 0.8364 -0.1146 0.5361
vn 0.8360 -0.1146 0.5365
vn 0.8361 -0.1147 0.5364
vn 0.8362 -0.1146 0.5362
vn 0.8361 -0.1147 0.5365
vn 0.8362 -0.1147 0.5364
vn 0.8362 -0.1147 0.5362
vn 0.8358 -0.1147 0.5369
vn 0.8359 -0.1147 0.5367
vn 0.8360 -0.1147 0.5366
vn 0.8364 -0.1147 0.5361
vn 0.8363 -0.1146 0.5362
vn 0.8362 -0.1147 0.5363
vn 0.9377 -0.0759 0.3392
vn 0.9714 -0.0543 0.2313
vn 0.7077 -0.3024 0.6385
vn 0.5640 -0.4851 0.6683
vn 0.4757 -0.6499 0.5928
vn 0.5038 -0.8442 0.1831
vn 0.5040 -0.8441 0.1833
vn -0.4518 -0.2050 0.8682
vn -0.3443 -0.2715 0.8987
vn -0.1514 -0.3722 0.9157
vn -0.4695 -0.1932 0.8615
vn -0.9103 0.1455 -0.3876
vn 0.0779 0.0432 -0.9960
vn -0.9977 -0.0285 -0.0619
vn -0.0001 -0.5460 0.8378
vn 0.6403 -0.1055 0.7608
vn -0.0225 -0.4455 0.8950
vn 0.2511 -0.4148 0.8746
vn 0.6095 -0.1379 0.7807
vn 0.6447 -0.1007 0.7578
vn 0.0559 -0.8375 0.5436
vn 0.0558 -0.8375 0.5436
vn -0.0601 0.8576 -0.5108
vn 0.9419 0.3217 -0.0967
vn 0.9892 0.0050 0.1465
vn 0.9901 -0.0002 0.1402
vn 0.9886 0.0000 0.1507
vn 0.9898 0.0113 0.1420
vn 0.9498 -0.1481 0.2757
vn 0.9894 -0.0069 0.1452
vn 0.9905 0.0015 0.1374
vn 0.9256 -0.1429 0.3505
vn -0.9919 -0.0085 -0.1269
vn 0.0872 -0.0234 0.9959
vn 0.0862 -0.0244 0.9960
vn 0.0875 -0.0232 0.9959
vn 0.0966 -0.0127 0.9952
vn 0.0976 -0.0111 0.9952
vn 0.0729 -0.0057 0.9973
vn 0.0863 -0.0244 0.9960
vn 0.0724 -0.0039 0.9974
vn 0.0737 -0.0080 0.9973
vn 0.0739 -0.0085 0.9972
vn 0.0043 0.9988 0.0480
vn -0.3226 0.6849 0.6534
vn -0.3226 0.6848 0.6534
vn -0.3764 -0.2256 0.8986
vn 0.0922 -0.6337 0.7681
vn -0.0986 -0.2720 0.9572
vn -0.1584 -0.6087 0.7774
vn -0.3536 -0.0360 0.9347
vn -0.4130 -0.0244 0.9104
vn -0.2343 -0.0052 0.9721
vn -0.2361 -0.0059 0.9717
vn -0.2351 -0.0055 0.9719
vn -0.2319 -0.0033 0.9727
vn -0.2299 -0.0017 0.9732
vn -0.4891 -0.0219 0.8719
vn -0.4551 -0.0217 0.8902
vn -0.4505 -0.0222 0.8925
vn -0.5588 -0.0195 0.8291
vn -0.6518 -0.0368 0.7575
vn -0.7062 -0.0251 0.7076
vn -0.3762 -0.6518 0.6585
vn -0.4171 -0.5990 0.6835
vn -0.3312 -0.6000 0.7282
vn -0.3827 -0.5742 0.7238
vn -0.5128 -0.5045 0.6947
vn -0.5276 -0.4660 0.7103
vn -0.4158 -0.7184 0.5576
vn -0.7581 0.0085 0.6521
vn -0.6140 -0.3637 0.7006
vn -0.5904 -0.2604 0.7639
vn -0.5834 -0.2430 0.7750
vn -0.5807 -0.2321 0.7804
vn -0.5980 -0.2410 0.7644
vn -0.6241 -0.2995 0.7216
vn -0.6679 -0.0231 0.7439
vn -0.5664 -0.4852 0.6662
vn -0.5764 -0.4619 0.6741
vn -0.5638 -0.2948 0.7715
vn -0.6820 0.1835 0.7080
vn -0.8063 0.0161 0.5913
vn -0.2516 -0.0076 0.9678
vn -0.4137 -0.0039 0.9104
vn -0.3251 -0.0074 0.9457
vn -0.3646 -0.0056 0.9311
vn -0.4156 -0.0038 0.9095
vn -0.2530 -0.0075 0.9674
vn -0.2030 -0.0082 0.9791
vn -0.2021 -0.0083 0.9793
vn -0.9954 0.0092 -0.0957
vn -0.9954 0.0092 -0.0958
vn -0.9954 0.0091 -0.0958
vn 0.9954 -0.0090 0.0952
vn 0.9954 -0.0091 0.0951
vn 0.9954 -0.0091 0.0952
vn 0.9977 -0.0083 -0.0676
vn -0.9976 0.0083 0.0682
vn -0.9903 0.0094 -0.1384
vn -0.9903 0.0095 -0.1385
vn -0.9903 0.0095 -0.1383
vn -0.1356 -0.0261 0.9904
vn -0.1488 -0.0159 0.9887
vn -0.1775 0.0064 0.9841
vn -0.0943 -0.0579 0.9939
vn 0.9919 -0.0091 0.1267
vn 0.9919 -0.0090 0.1266
vn 0.9919 -0.0091 0.1266
vn 0.9772 -0.0110 0.2118
vn 0.9773 -0.0111 0.2117
vn 0.0096 0.9999 0.0052
vn 0.0106 0.9999 0.0047
vn 0.0005 1.0000 0.0007
vn 0.5571 -0.0125 0.8304
vn -0.9280 0.0113 -0.3723
vn -0.9281 0.0113 -0.3722
vn -0.0019 1.0000 0.0083
vn 0.9453 -0.0116 0.3261
vn 0.9453 -0.0115 0.3259
vn 0.9453 -0.0115 0.3260
vn 0.1413 -0.8584 -0.4932
vn 0.1413 -0.8584 -0.4931
vn -0.6354 -0.0021 -0.7722
vn -0.6398 -0.0021 -0.7686
vn -0.4736 -0.0040 -0.8808
vn -0.6532 -0.0113 -0.7571
vn -0.3923 -0.0009 -0.9199
vn -0.3841 -0.0004 -0.9233
vn -0.3941 -0.0010 -0.9191
vn -0.3857 -0.0001 -0.9226
vn -0.4037 0.0007 -0.9149
vn -0.3913 -0.0010 -0.9203
vn -0.4041 0.0007 -0.9147
vn -0.3943 -0.0010 -0.9190
vn -0.3581 0.0204 -0.9335
vn -0.3234 0.0151 -0.9461
vn -0.2918 0.0103 -0.9564
vn 0.2532 -0.0117 0.9673
vn 0.2251 -0.0062 0.9743
vn 0.2703 -0.0151 0.9627
vn 0.2704 -0.0152 0.9626
vn 0.2239 -0.0063 0.9746
vn 0.2453 0.0098 0.9694
vn 0.2452 0.0098 0.9694
vn -0.9305 -0.0321 0.3649
vn 0.9300 0.0323 -0.3661
vn 0.9300 0.0323 -0.3660
vn 0.4057 -0.0007 0.9140
vn 0.4150 -0.0009 0.9098
vn 0.4040 -0.0008 0.9148
vn 0.4518 0.0141 0.8920
vn 0.4013 0.0007 0.9159
vn 0.2409 0.0145 -0.9705
vn 0.4505 0.3935 -0.8014
vn 0.4889 0.3713 -0.7894
vn 0.3927 0.4250 -0.8156
vn 0.3399 0.4517 -0.8249
vn -0.2316 -0.8743 0.4265
vn -0.2318 -0.8741 0.4269
vn -0.2315 -0.8745 0.4263
vn -0.3738 -0.4863 0.7898
vn -0.4573 -0.3175 0.8307
vn -0.4477 -0.3395 0.8272
vn -0.3631 -0.5051 0.7830
vn -0.3718 -0.5191 0.7696
vn -0.3745 -0.4880 0.7884
vn -0.3639 -0.5068 0.7815
vn -0.3555 -0.4952 0.7927
vn -0.3723 -0.4866 0.7903
vn -0.3619 -0.5053 0.7834
vn -0.4409 -0.2902 0.8494
vn -0.4571 -0.3175 0.8308
vn -0.2851 -0.7896 0.5434
vn -0.2849 -0.7897 0.5433
vn -0.2851 -0.7895 0.5435
vn -0.2364 0.8615 0.4494
vn -0.2359 0.8620 0.4486
vn -0.2369 0.8609 0.4504
vn 0.2324 -0.8630 -0.4487
vn 0.2347 -0.8600 -0.4530
vn 0.2336 -0.8614 -0.4510
vn 0.3031 0.7506 -0.5871
vn 0.3030 0.7507 -0.5870
vn 0.3033 0.7504 -0.5872
vn 0.0514 0.9910 -0.1234
vn 0.0515 0.9910 -0.1234
vn -0.3024 -0.7502 0.5880
vn -0.3026 -0.7499 0.5882
vn -0.3025 -0.7501 0.5881
vn -0.3699 -0.7656 0.5263
vn -0.3008 -0.7459 0.5943
vn -0.3736 -0.7694 0.5181
vn -0.3740 -0.7697 0.5173
vn -0.1705 -0.9617 0.2147
vn -0.6162 0.5551 0.5586
vn -0.6163 0.5550 0.5587
vn -0.6161 0.5552 0.5586
vn 0.0837 -0.9930 0.0829
vn 0.0837 -0.9931 0.0826
vn 0.0838 -0.9930 0.0837
vn 0.0737 -0.9906 0.1153
vn -0.0836 0.9930 -0.0832
vn -0.0836 0.9929 -0.0841
vn -0.0833 0.9930 -0.0842
vn -0.0742 0.9928 -0.0945
vn -0.1805 0.9832 -0.0284
vn 0.6122 0.7231 -0.3198
vn 0.2162 0.9478 -0.2343
vn 0.2807 0.9265 -0.2508
vn 0.1775 0.9583 -0.2238
vn 0.4073 0.5710 -0.7128
vn -0.4072 -0.5703 0.7134
vn -0.4072 -0.5702 0.7135
vn -0.4072 -0.5704 0.7134
vn 0.3552 0.4952 -0.7928
vn 0.6379 -0.7362 0.2260
vn -0.0417 -0.9942 0.0988
vn 0.3526 0.6115 -0.7083
vn 0.3526 0.6117 -0.7082
vn 0.0038 0.9976 -0.0695
vn 0.0078 0.9970 -0.0768
vn 0.0074 0.9970 -0.0764
vn -0.1903 0.9337 0.3032
vn 0.0079 -0.9837 0.1798
vn 0.0209 -0.9873 0.1577
vn 0.0142 -0.9855 0.1691
vn -0.0101 0.9763 -0.2162
vn -0.0121 0.9769 -0.2133
vn -0.0079 0.9756 -0.2193
vn -0.4127 -0.4326 0.8016
vn 0.4124 0.4324 -0.8019
vn 0.4921 0.1822 -0.8513
vn 0.4920 0.1828 -0.8512
vn 0.4921 0.1825 -0.8512
vn -0.4986 -0.1843 0.8470
vn -0.4988 -0.1837 0.8470
vn -0.4984 -0.1848 0.8470
vn 0.3410 -0.9339 -0.1080
vn 0.3411 -0.9338 -0.1078
vn 0.3409 -0.9339 -0.1080
vn 0.5301 0.2854 -0.7985
vn 0.5303 0.2847 -0.7986
vn 0.5302 0.2850 -0.7985
vn 0.4889 -0.5454 -0.6808
vn 0.4888 -0.5461 -0.6804
vn 0.4889 -0.5458 -0.6805
vn -0.3736 0.8650 0.3349
vn -0.3738 0.8648 0.3351
vn -0.3737 0.8649 0.3350
vn -0.6393 0.1886 0.7455
vn -0.6337 0.3257 0.7017
vn -0.6240 0.3245 0.7109
vn -0.6273 0.0931 0.7732
vn -0.5027 0.4252 0.7526
vn -0.3960 0.4675 0.7904
vn -0.4783 0.5247 0.7043
vn -0.5348 0.4265 0.7295
vn -0.5319 -0.2686 0.8031
vn -0.5248 -0.2931 0.7992
vn -0.5297 -0.2785 0.8012
vn 0.2094 0.9008 -0.3805
vn 0.2097 0.9005 -0.3809
vn 0.2092 0.9009 -0.3803
vn -0.7908 -0.5755 0.2085
vn -0.7908 -0.5755 0.2084
vn 0.0531 -0.9953 -0.0809
vn -0.7726 0.1357 0.6202
vn 0.7726 -0.1358 -0.6203
vn 0.7726 -0.1358 -0.6202
vn 0.7726 -0.1357 -0.6203
vn 0.0975 0.8745 -0.4750
vn 0.0976 0.8746 -0.4749
vn -0.2641 -0.8571 0.4422
vn 0.6040 0.3831 -0.6988
vn -0.1645 0.9643 0.2077
vn -0.1644 0.9643 0.2076
vn -0.1645 0.9643 0.2076
vn -0.3174 0.8635 0.3919
vn -0.3173 0.8636 0.3917
vn 0.4850 -0.4828 -0.7291
vn 0.4850 -0.4829 -0.7291
vn -0.6358 -0.2218 0.7393
vn -0.6358 -0.2217 0.7393
vn 0.3171 -0.8644 -0.3903
vn 0.3171 -0.8643 -0.3904
vn 0.3170 -0.8644 -0.3903
vn -0.4467 0.0302 0.8942
vn -0.4632 -0.0314 0.8857
vn -0.3796 0.2319 0.8956
vn -0.3014 0.4105 0.8606
vn 0.1411 0.7015 -0.6986
vn 0.1410 0.7016 -0.6985
vn 0.1412 0.7014 -0.6986
vn -0.1402 -0.6996 0.7007
vn -0.1402 -0.6995 0.7008
vn -0.5754 -0.3471 0.7405
vn -0.5611 -0.3292 0.7595
vn -0.6029 -0.4469 0.6609
vn -0.5144 -0.5977 0.6150
vn -0.4766 -0.6363 0.6066
vn -0.2852 0.6118 0.7378
vn -0.2853 0.6118 0.7378
vn 0.5389 -0.2261 -0.8114
vn 0.4429 -0.4351 -0.7840
vn 0.5543 -0.1839 -0.8118
vn 0.3609 -0.5685 -0.7393
vn 0.5530 0.1740 -0.8148
vn 0.5453 0.2520 -0.7995
vn 0.5691 -0.1797 -0.8024
vn 0.5549 -0.1837 -0.8114
vn 0.5479 0.2536 -0.7971
vn 0.5510 0.2597 -0.7931
vn 0.5533 0.2154 -0.8047
vn 0.5551 0.1709 -0.8140
vn -0.4562 0.2481 0.8546
vn 0.3691 -0.3972 -0.8403
vn 0.4535 -0.2229 -0.8629
vn 0.4555 -0.2229 -0.8619
vn 0.4567 -0.2230 -0.8612
vn -0.5949 0.7122 0.3726
vn -0.5949 0.7123 0.3725
vn -0.5949 0.7123 0.3726
vn -0.5528 -0.1061 0.8265
vn -0.5279 -0.1471 0.8365
vn -0.5290 -0.1456 0.8360
vn -0.5470 -0.0819 0.8332
vn -0.5813 -0.0550 0.8118
vn -0.5460 -0.0815 0.8338
vn -0.5460 -0.0816 0.8338
vn -0.5460 -0.0817 0.8338
vn -0.4990 0.3229 0.8042
vn -0.4946 0.3288 0.8045
vn -0.5304 0.2813 0.7997
vn -0.5406 0.2671 0.7977
vn 0.0968 -0.5918 0.8003
vn 0.0969 -0.5918 0.8003
vn 0.2695 -0.9531 -0.1379
vn 0.2677 -0.9540 -0.1348
vn 0.2710 -0.9523 -0.1404
vn 0.5226 -0.0893 -0.8479
vn 0.5228 -0.0903 -0.8477
vn 0.5228 -0.0899 -0.8477
vn -0.5247 0.0907 0.8464
vn -0.5247 0.0904 0.8465
vn -0.5247 0.0911 0.8464
vn -0.4908 0.2485 0.8351
vn -0.4284 0.2097 0.8789
vn -0.4538 0.2255 0.8621
vn -0.5205 0.2674 0.8109
vn 0.4773 0.8707 -0.1185
vn 0.4773 0.8707 -0.1184
vn 0.4384 -0.3011 -0.8468
vn -0.4772 -0.8733 0.0978
vn -0.4774 -0.8732 0.0979
vn -0.5527 -0.2257 0.8022
vn -0.5475 -0.2581 0.7960
vn -0.5482 -0.2547 0.7966
vn -0.5487 -0.1983 0.8121
vn -0.5482 -0.1958 0.8131
vn 0.4510 -0.0385 -0.8917
vn 0.4509 -0.0386 -0.8917
vn -0.4937 0.3437 0.7988
vn -0.4784 0.3384 0.8103
vn -0.4802 0.3417 0.8079
vn -0.5108 0.3228 0.7968
vn -0.5257 0.2936 0.7984
vn -0.5147 0.2850 0.8086
vn -0.4421 0.4944 0.7484
vn -0.4420 0.4945 0.7484
vn -0.4421 0.4943 0.7484
vn 0.4394 -0.4942 -0.7501
vn 0.4446 -0.4992 -0.7437
vn 0.4443 -0.4990 -0.7440
vn 0.4166 -0.5313 -0.7377
vn 0.4669 -0.4005 -0.7885
vn 0.5725 -0.2379 -0.7846
vn 0.5514 -0.2719 -0.7887
vn 0.4911 -0.3463 -0.7993
vn 0.5063 -0.3198 -0.8009
vn 0.5096 -0.2901 -0.8100
vn 0.5161 -0.2595 -0.8163
vn 0.4954 -0.2688 -0.8260
vn 0.5399 -0.2008 -0.8174
vn 0.5534 -0.1385 -0.8213
vn 0.5606 -0.1234 -0.8188
vn 0.5443 -0.1371 -0.8276
vn -0.3311 0.9271 0.1756
vn -0.3305 0.9275 0.1748
vn -0.3308 0.9273 0.1752
vn 0.3321 -0.9288 -0.1644
vn 0.3326 -0.9285 -0.1650
vn 0.3318 -0.9290 -0.1641
vn -0.4878 0.4041 0.7738
vn -0.4878 0.4040 0.7739
vn -0.4849 0.4013 0.7771
vn -0.4893 0.3443 0.8012
vn -0.4958 0.3142 0.8096
vn -0.5020 0.2826 0.8174
vn -0.4951 0.3148 0.8098
vn -0.5003 0.2818 0.8187
vn -0.5167 0.2587 0.8162
vn -0.5198 0.2282 0.8232
vn -0.4939 0.3133 0.8111
vn -0.4993 0.2807 0.8197
vn -0.5032 0.2882 0.8147
vn -0.5237 0.2621 0.8106
vn -0.5265 0.2597 0.8096
vn -0.5055 0.2900 0.8126
vn -0.5306 0.2645 0.8053
vn -0.4826 0.3446 0.8052
vn -0.4906 0.3447 0.8003
vn -0.4810 0.3447 0.8061
vn -0.4942 0.3138 0.8107
vn -0.4182 0.8449 0.3336
vn -0.4199 0.8420 0.3388
vn -0.4189 0.8436 0.3358
vn -0.5319 0.1810 0.8272
vn -0.5319 0.1808 0.8273
vn -0.1391 -0.9630 0.2309
vn -0.1390 -0.9630 0.2309
vn -0.5820 -0.2468 0.7748
vn -0.5779 -0.2721 0.7694
vn -0.5779 -0.3046 0.7571
vn -0.5920 -0.1194 0.7971
vn -0.5834 -0.3079 0.7516
vn -0.5769 -0.3248 0.7495
vn -0.5762 -0.3971 0.7144
vn -0.5440 -0.5530 0.6311
vn -0.5882 -0.2805 0.7585
vn -0.5913 -0.2904 0.7523
vn -0.5723 -0.3720 0.7308
vn -0.5880 -0.4283 0.6861
vn -0.5762 -0.3974 0.7142
vn -0.5351 0.1692 0.8277
vn -0.5385 0.1700 0.8253
vn -0.5378 0.1699 0.8258
vn -0.5337 0.1464 0.8329
vn -0.5536 -0.4786 0.6815
vn 0.5684 0.1298 -0.8124
vn 0.6018 0.1783 -0.7785
vn 0.5965 0.1723 -0.7839
vn 0.5902 0.1895 -0.7847
vn 0.5893 0.1871 -0.7859
vn 0.5920 0.1947 -0.7821
vn 0.5531 0.4783 -0.6821
vn 0.5536 0.4786 -0.6815
vn 0.5531 0.4784 -0.6821
vn 0.5750 0.4734 -0.6673
vn -0.5340 0.0504 0.8440
vn -0.5169 0.0695 0.8532
vn -0.5996 -0.0426 0.7991
vn -0.5978 -0.1052 0.7947
vn -0.5788 -0.1942 0.7920
vn -0.5721 -0.2244 0.7889
vn 0.0326 -0.4810 0.8761
vn 0.0325 -0.4810 0.8761
vn 0.0327 -0.4810 0.8761
vn 0.5528 0.2924 -0.7803
vn 0.5526 0.2928 -0.7803
vn -0.6697 0.1959 0.7163
vn -0.6697 0.1957 0.7164
vn -0.6697 0.1962 0.7162
vn 0.8382 0.2592 -0.4798
vn -0.4465 -0.7902 0.4197
vn -0.6924 -0.7103 0.1268
vn -0.6610 -0.6749 0.3279
vn -0.7967 -0.5878 0.1403
vn -0.4745 -0.7955 0.3769
vn -0.7109 -0.6990 0.0773
vn -0.4664 -0.8604 0.2056
vn -0.5848 -0.8096 -0.0510
vn -0.1945 -0.9619 -0.1923
vn -0.5029 -0.8631 0.0463
vn -0.4434 -0.8692 0.2191
vn -0.4452 -0.8699 0.2123
vn -0.4530 -0.8733 0.1795
vn -0.4485 -0.8705 0.2027
vn -0.4423 -0.8672 0.2288
vn -0.4459 -0.8701 0.2101
vn -0.4479 -0.8718 0.1984
vn -0.1289 -0.3190 -0.9390
vn -0.0029 -0.8774 -0.4798
vn 0.0449 -0.1226 -0.9914
vn 0.1291 -0.7611 -0.6356
vn 0.2206 -0.9441 -0.2448
vn 0.0084 -0.9998 0.0164
vn -0.0028 -1.0000 0.0073
vn -0.0186 -0.9997 0.0128
vn -0.0363 -0.9990 0.0243
vn 0.5785 -0.6523 -0.4897
vn 0.6614 -0.7443 -0.0930
vn 0.5674 -0.8234 0.0047
vn 0.5413 -0.8407 0.0159
vn -0.0574 -0.0530 -0.9969
vn -0.1026 -0.0027 -0.9947
vn -0.0554 0.0014 -0.9985
vn 0.0387 0.0009 -0.9992
vn 0.2981 0.0070 -0.9545
vn 0.1909 -0.0075 -0.9816
vn 0.7409 -0.0132 -0.6715
vn 0.9759 0.0103 -0.2181
vn 0.9960 -0.0112 -0.0882
vn 1.0000 0.0006 -0.0022
vn 0.9994 -0.0288 0.0182
vn 1.0000 -0.0002 -0.0006
vn 1.0000 -0.0014 -0.0011
vn 1.0000 -0.0022 -0.0022
vn 1.0000 -0.0026 -0.0028
vn -0.3565 0.4780 -0.8027
vn -0.3566 0.4783 -0.8025
vn -0.9596 -0.2009 -0.1971
vn -0.9599 -0.2036 -0.1924
vn -0.9594 -0.1993 -0.1996
vn -0.9603 -0.2066 -0.1875
vn 0.1337 -0.8376 -0.5297
vn 0.3054 -0.1423 -0.9415
vn -0.6974 -0.1422 0.7025
vn 0.4758 0.1022 0.8736
vn 0.1420 0.9029 -0.4058
vn 0.4969 0.7649 0.4098
vn -0.4083 -0.4936 0.7679
vn 0.9993 0.0080 -0.0355
vn 0.9735 -0.2210 0.0582
vn 0.9994 -0.0031 -0.0334
vn 0.9764 0.1876 -0.1073
vn 0.9752 0.1924 -0.1092
vn -0.5889 0.7944 -0.1487
vn -0.6076 0.7803 -0.1485
vn -0.5572 0.8295 -0.0392
vn -0.8127 0.5618 -0.1545
vn -0.5972 0.7943 -0.1116
vn -0.8656 0.4822 -0.1352
vn -0.5234 0.8518 0.0207
vn -0.5242 0.8513 0.0226
vn -0.4678 -0.8834 -0.0266
vn 0.3272 -0.9292 0.1721
vn -0.4104 -0.7418 -0.5304
vn -0.1459 0.9793 -0.1406
vn -0.1418 0.9824 -0.1215
vn -0.1442 0.9793 -0.1423
vn 0.1462 -0.9791 0.1412
vn 0.1422 -0.9824 0.1213
vn 0.1440 -0.9792 0.1429
vn 0.9175 -0.3210 0.2348
vn -0.9180 0.3194 -0.2349
vn -0.9181 0.3194 -0.2348
vn 0.2363 0.9714 0.0220
vn -0.2365 -0.9714 -0.0223
vn -0.8577 -0.5037 0.1031
vn -0.8577 -0.5037 0.1032
vn 0.0965 0.9267 -0.3631
vn 0.0964 0.9268 -0.3631
vn 0.0964 0.9267 -0.3631
vn -0.8337 0.5385 -0.1226
vn -0.9630 0.2692 -0.0092
vn -0.9492 0.3127 -0.0345
vn -0.7711 0.6240 -0.1265
vn -0.9030 0.4260 -0.0553
vn -0.9088 0.4129 -0.0606
vn 0.2097 0.9396 -0.2707
vn 0.2094 0.9396 -0.2706
vn -0.5940 0.8044 0.0128
vn -0.2092 -0.9396 0.2708
vn 0.5937 -0.8046 -0.0132
vn 0.5936 -0.8046 -0.0132
vn -0.6539 -0.7486 0.1095
vn -0.6537 -0.7488 0.1095
vn 0.4819 -0.8486 0.2183
vn -0.7246 -0.6634 0.1869
vn -0.2208 0.9493 -0.2237
vn -0.2209 0.9493 -0.2237
vn 0.2075 0.9505 -0.2312
vn -0.4770 0.8601 -0.1809
vn -0.4772 0.8600 -0.1809
vn -0.4769 0.8601 -0.1809
vn -0.3283 -0.9167 0.2279
vn -0.3282 -0.9167 0.2279
vn -0.2725 -0.9371 0.2180
vn -0.2725 -0.9371 0.2181
vn -0.2556 -0.9425 0.2152
vn -0.2675 -0.9393 0.2149
vn -0.2674 -0.9393 0.2150
vn 0.2748 0.9365 -0.2178
vn 0.2748 0.9365 -0.2179
vn 0.2747 0.9365 -0.2178
vn 0.2630 0.9405 -0.2152
vn 0.2628 0.9405 -0.2152
vn 0.2519 0.9434 -0.2159
vn 0.2715 0.9477 -0.1680
vn 0.1529 0.9786 -0.1380
vn 0.1598 0.9772 -0.1398
vn 0.3567 0.9149 -0.1888
vn 0.0487 0.9873 -0.1512
vn -0.2550 0.9595 -0.1196
vn 0.3558 0.9152 -0.1893
vn 0.3844 0.8979 -0.2143
vn 0.3841 0.8980 -0.2145
vn 0.8073 0.5630 -0.1768
vn 0.8073 0.5631 -0.1768
vn -0.9875 0.1535 -0.0360
vn -0.9875 0.1534 -0.0360
vn -0.7043 0.7004 -0.1159
vn -0.7043 0.7004 -0.1160
vn -0.7043 0.7004 -0.1158
vn -0.7884 -0.6089 0.0869
vn -0.7885 -0.6088 0.0869
vn 0.7051 -0.6996 0.1159
vn -0.1882 0.9324 -0.3085
vn 0.4366 0.8760 -0.2047
vn 0.4389 0.8748 -0.2052
vn 0.4376 0.8755 -0.2050
vn -0.4206 -0.8862 0.1944
vn -0.4188 -0.8870 0.1945
vn -0.4221 -0.8855 0.1942
vn -0.3816 -0.9002 0.2100
vn -0.3806 -0.9006 0.2098
vn -0.3825 -0.8998 0.2101
vn -0.9999 -0.0098 -0.0058
vn -0.9992 -0.0372 0.0155
vn -1.0000 -0.0018 -0.0030
vn -1.0000 0.0003 -0.0059
vn -1.0000 -0.0008 0.0006
vn -1.0000 0.0000 -0.0008
vn -0.9978 -0.0670 -0.0008
vn -0.9811 -0.1931 0.0135
vn -0.5773 -0.8163 -0.0190
vn -0.5462 -0.8373 0.0245
vn -0.3629 -0.9315 -0.0258
vn -0.0507 -0.2949 0.9542
vn -0.0110 -0.1844 0.9828
vn -0.0141 -0.2131 0.9769
vn -0.0346 -0.1662 0.9855
vn 0.0225 0.0236 0.9995
vn -0.6836 -0.0133 -0.7297
vn -0.6949 -0.0097 -0.7191
vn -0.7427 0.0065 -0.6696
vn -0.7512 0.0094 -0.6600
vn -1.0000 -0.0015 0.0006
vn -0.9983 -0.0587 -0.0002
vn -0.9982 -0.0596 0.0004
vn -1.0000 -0.0016 0.0007
vn -1.0000 -0.0048 0.0003
vn -1.0000 -0.0031 0.0019
vn -1.0000 -0.0097 -0.0012
vn -0.9995 -0.0293 -0.0145
vn -0.8822 -0.4708 -0.0030
vn -0.8722 -0.4892 0.0022
vn 0.1281 -0.0030 -0.9918
vn -0.0082 -0.0030 -1.0000
vn 0.1244 0.0024 -0.9922
vn 0.2112 0.0014 -0.9774
vn 0.2656 -0.0102 -0.9640
vn 0.2382 -0.0042 -0.9712
vn 0.2582 -0.1238 -0.9581
vn -0.0105 0.0012 -0.9999
vn -0.1496 0.0010 -0.9887
vn -0.1465 -0.0028 -0.9892
vn -0.2315 0.0002 -0.9728
vn -0.2401 -0.0035 -0.9707
vn -0.2616 -0.1165 -0.9581
vn -0.2009 -0.1738 -0.9641
vn 0.2633 -0.1944 -0.9449
vn -0.2666 -0.1801 -0.9468
vn -0.8954 -0.0008 -0.4452
vn -0.8921 -0.0002 -0.4518
vn -0.8348 -0.0002 -0.5505
vn -0.9369 -0.0016 -0.3496
vn -0.9400 -0.0009 -0.3413
vn -0.9727 -0.0010 -0.2321
vn -0.9725 -0.0018 -0.2329
vn -0.9935 -0.0013 -0.1143
vn -0.9931 -0.0001 -0.1175
vn -1.0000 -0.0008 -0.0034
vn -1.0000 -0.0006 0.0015
vn -0.9906 -0.0035 0.1366
vn -0.9945 -0.0004 0.1051
vn -0.8353 -0.0002 -0.5498
vn -0.7575 -0.0030 -0.6528
vn -0.7680 -0.0003 -0.6404
vn -0.6797 0.0001 -0.7335
vn -0.6644 -0.0055 -0.7474
vn -0.5817 -0.0007 -0.8134
vn -0.5721 -0.0044 -0.8202
vn -0.4758 -0.0015 -0.8796
vn -0.9772 0.0008 0.2124
vn -0.9633 -0.0057 0.2683
vn -0.9472 0.0000 0.3206
vn -0.9143 -0.0059 0.4050
vn -0.9061 -0.0020 0.4230
vn -0.8523 -0.0024 0.5230
vn -0.8516 -0.0024 0.5242
vn -0.7729 -0.0021 0.6345
vn -0.7941 -0.0024 0.6077
vn -0.7221 0.0013 0.6918
vn -0.6857 -0.0044 0.7279
vn -0.6369 0.0021 0.7710
vn -0.5858 -0.0063 0.8104
vn -0.5321 0.0004 0.8467
vn -0.4908 -0.0063 0.8713
vn -0.4470 0.0018 0.8945
vn -0.4434 -0.0031 0.8963
vn -0.3823 0.0021 0.9240
vn -0.3593 0.0176 0.9331
vn -0.2739 0.0068 0.9617
vn -0.3166 -0.0032 0.9485
vn -0.2316 0.0034 0.9728
vn -0.1309 0.0035 0.9914
vn -0.2082 0.0031 0.9781
vn -0.2271 0.0067 0.9738
vn -0.1684 -0.0012 0.9857
vn -0.0489 -0.0054 0.9988
vn -0.0081 0.0039 1.0000
vn 0.0949 -0.0049 0.9955
vn 0.1124 0.0055 0.9936
vn 0.1838 -0.0012 0.9830
vn 0.2078 0.0123 0.9781
vn 0.2348 0.0217 0.9718
vn 0.3220 0.0118 0.9467
vn 0.2288 0.0028 0.9735
vn 0.3920 0.0131 0.9199
vn 0.4952 0.0001 0.8688
vn 0.4221 0.0077 0.9065
vn 0.4437 -0.0021 0.8962
vn 0.4893 -0.0031 0.8721
vn 0.5860 0.0000 0.8103
vn 0.5791 -0.0025 0.8153
vn 0.6822 0.0025 0.7312
vn 0.6667 -0.0034 0.7454
vn 0.7638 0.0027 0.6455
vn 0.7496 -0.0030 0.6619
vn 0.8302 0.0029 0.5574
vn 0.8195 -0.0035 0.5731
vn 0.8874 -0.0276 0.4601
vn 0.8819 -0.0026 0.4714
vn 0.9327 -0.0449 0.3579
vn 0.9324 -0.0019 0.3614
vn 0.9719 0.0019 0.2352
vn 0.9669 -0.0030 0.2553
vn 0.9926 0.0020 0.1215
vn 0.9913 -0.0020 0.1317
vn 0.9999 -0.0006 0.0105
vn 1.0000 0.0012 -0.0075
vn 0.9932 -0.0341 -0.1116
vn 0.9896 0.0039 -0.1439
vn 0.3273 -0.9335 0.1462
vn 0.5049 -0.8496 0.1526
vn 0.0870 -0.9961 0.0158
vn 0.4996 -0.8657 0.0302
vn 0.1236 -0.9922 -0.0163
vn 0.0007 -1.0000 -0.0004
vn 0.7635 -0.6457 -0.0105
vn 0.0007 -1.0000 0.0007
vn 0.0966 -0.9929 0.0696
vn 0.0016 -1.0000 0.0008
vn 0.0015 -1.0000 -0.0001
vn 0.0014 -1.0000 -0.0003
vn 0.0017 -1.0000 -0.0008
vn 0.0010 -1.0000 -0.0003
vn 0.0890 -0.9946 -0.0527
vn 0.3798 -0.9138 -0.1442
vn 0.9713 -0.0558 -0.2314
vn 0.5949 -0.7213 -0.3546
vn 0.7513 -0.5440 -0.3737
vn 0.4298 -0.8172 -0.3840
vn 0.0665 -0.9945 -0.0811
vn 0.0019 -1.0000 -0.0017
vn 0.0023 -1.0000 -0.0021
vn 0.0451 -0.9946 -0.0937
vn 0.0008 -1.0000 -0.0011
vn 0.0006 -1.0000 -0.0004
vn 0.2334 -0.8745 -0.4251
vn 0.4754 -0.5857 -0.6565
vn 0.5416 -0.6236 -0.5637
vn 0.2267 -0.8205 -0.5248
vn 0.9642 0.0018 -0.2653
vn 0.9415 -0.0039 -0.3370
vn 0.9292 0.0013 -0.3697
vn 0.8962 -0.0027 -0.4436
vn 0.8825 0.0017 -0.4702
vn 0.8344 -0.0022 -0.5512
vn 0.8260 0.0009 -0.5637
vn 0.7746 -0.0021 -0.6325
vn 0.7594 0.0016 -0.6506
vn 0.6893 -0.0008 -0.7245
vn 0.6822 0.0018 -0.7312
vn 0.5856 -0.0019 -0.8106
vn 0.5990 0.0023 -0.8008
vn 0.5041 0.0021 -0.8637
vn 0.4841 -0.0027 -0.8750
vn 0.4455 0.0027 -0.8953
vn 0.4332 -0.0021 -0.9013
vn 0.3667 0.0017 -0.9303
vn 0.3487 0.0068 -0.9372
vn 0.2945 0.0180 -0.9555
vn 0.2541 0.0176 -0.9670
vn 0.1622 0.0048 -0.9867
vn 0.2115 0.0044 -0.9774
vn 0.2403 0.0073 -0.9707
vn 0.1812 0.0030 -0.9834
vn 0.0851 -0.0008 -0.9964
vn 0.0813 0.0024 -0.9967
vn -0.0316 0.0017 -0.9995
vn -0.0534 -0.0040 -0.9986
vn -0.1299 0.0021 -0.9915
vn -0.1561 -0.0023 -0.9877
vn -0.2149 0.0169 -0.9765
vn -0.2804 0.0246 -0.9596
vn -0.2230 0.0054 -0.9748
vn -0.2408 -0.0156 -0.9704
vn -0.4177 0.0018 -0.9086
vn -0.3555 0.0032 -0.9347
vn -0.4319 0.0005 -0.9019
vn -0.4794 -0.0010 -0.8776
vn -0.4268 -0.0020 -0.9043
vn -0.0000 1.0000 0.0006
vn -0.0003 1.0000 0.0005
vn -0.0001 1.0000 0.0006
vn -0.0000 1.0000 0.0007
vn 0.0002 1.0000 0.0005
vn 0.0002 1.0000 0.0001
vn 0.0003 1.0000 0.0006
vn 0.0001 1.0000 -0.0001
vn 0.0001 1.0000 -0.0003
vn -0.0000 1.0000 0.0000
vn -0.0000 1.0000 0.0001
vn 0.0001 1.0000 0.0001
vn -0.0004 1.0000 0.0005
vn -0.0005 1.0000 0.0001
vn -0.0003 1.0000 0.0001
vn -0.0003 1.0000 -0.0001
vn -0.0001 1.0000 0.0001
vn -0.0000 1.0000 0.0002
vn -0.0004 1.0000 -0.0007
vn -0.0003 1.0000 -0.0004
vn -0.0009 1.0000 -0.0015
vn -0.1430 0.0015 0.9897
vn -0.2272 -0.0010 0.9738
vn -0.1707 -0.0046 0.9853
vn -0.0636 -0.0038 0.9980
vn -0.2753 -0.0078 0.9613
vn -0.2493 -0.0111 0.9684
vn -0.2743 -0.0690 0.9592
vn -0.0109 0.0031 0.9999
vn 0.0630 -0.0042 0.9980
vn 0.1373 0.0029 0.9905
vn 0.1728 -0.0042 0.9849
vn 0.2292 0.0006 0.9734
vn 0.2472 -0.0028 0.9690
vn 0.2004 -0.1194 0.9724
vn 0.2729 -0.1133 0.9553
vn 0.2790 -0.1654 0.9459
vn -0.8078 0.0021 0.5894
vn -0.8826 -0.0013 0.4702
vn -0.8014 -0.0023 0.5981
vn -0.7086 0.0026 0.7056
vn -0.8871 0.0029 0.4616
vn -0.9425 0.0020 0.3341
vn -0.9425 0.0008 0.3343
vn -0.9811 -0.0000 0.1937
vn -0.9793 0.0030 0.2025
vn -0.9982 -0.0014 0.0603
vn -0.9969 0.0030 0.0790
vn -0.9974 -0.0014 -0.0720
vn -0.9990 0.0042 -0.0447
vn -0.9766 0.0020 -0.2152
vn -0.9843 -0.0008 -0.1765
vn -0.9465 -0.0045 -0.3227
vn -0.9354 0.0031 -0.3536
vn -0.8816 -0.0035 -0.4719
vn -0.8785 0.0020 -0.4778
vn -0.8131 0.0020 -0.5821
vn -0.8028 -0.0024 -0.5962
vn -0.7342 0.0020 -0.6789
vn -0.7155 -0.0017 -0.6986
vn -0.6468 0.0022 -0.7626
vn -0.6249 -0.0023 -0.7807
vn -0.5568 0.0022 -0.8306
vn -0.5501 -0.0031 -0.8351
vn -0.5040 0.0020 -0.8637
vn -0.4860 -0.0026 -0.8740
vn -0.4544 -0.1637 -0.8756
vn -0.4207 -0.3287 -0.8456
vn 0.0001 -1.0000 0.0018
vn -0.0002 -1.0000 0.0015
vn -0.0019 -1.0000 0.0009
vn -0.0023 -1.0000 -0.0024
vn -0.0014 -1.0000 -0.0046
vn 0.0012 -1.0000 -0.0036
vn 0.0010 -1.0000 -0.0016
vn 0.0001 -1.0000 0.0002
vn -0.0002 -1.0000 0.0004
vn -0.0000 -1.0000 0.0001
vn 0.0001 -1.0000 -0.0002
vn 0.0004 -1.0000 0.0012
vn 0.0003 -1.0000 -0.0008
vn 0.0004 -1.0000 -0.0009
vn 0.0001 -1.0000 -0.0010
vn 0.0004 -1.0000 -0.0005
vn 0.0002 -1.0000 -0.0013
vn 0.0001 -1.0000 -0.0017
vn -0.0005 -1.0000 -0.0016
vn -0.0026 -1.0000 -0.0029
vn -0.0003 -1.0000 -0.0006
vn -0.0005 -1.0000 -0.0007
vn 0.0002 -1.0000 -0.0001
vn -0.0001 -1.0000 0.0001
vn -0.0001 -1.0000 -0.0001
vn -0.0001 -1.0000 0.0004
vn 0.0001 -1.0000 -0.0001
vn -0.0002 -1.0000 -0.0009
vn -0.0009 -1.0000 0.0016
vn -0.0013 -1.0000 0.0031
vn -0.0007 -1.0000 0.0013
vn -0.0003 -1.0000 0.0009
vn -0.0004 -1.0000 0.0011
vn 0.0935 0.0128 0.9955
vn 0.2619 -0.0068 0.9651
vn 0.2921 0.0015 0.9564
vn 0.3861 -0.0143 0.9223
vn 0.4041 0.0003 0.9147
vn 0.0633 0.0057 0.9980
vn -0.1072 0.0183 0.9941
vn -0.1224 0.0094 0.9924
vn -0.2985 0.0008 0.9544
vn -0.2958 -0.0085 0.9552
vn -0.4015 -0.0107 0.9158
vn -0.4123 -0.0018 0.9111
vn 0.0002 1.0000 -0.0004
vn 0.0001 1.0000 -0.0005
vn 0.0001 1.0000 -0.0004
vn 0.0002 1.0000 -0.0005
vn 0.0000 1.0000 -0.0002
vn 0.0003 1.0000 -0.0004
vn -0.0001 1.0000 -0.0002
vn 0.0001 1.0000 0.0002
vn 0.0001 1.0000 0.0004
vn 0.0005 1.0000 -0.0002
vn 0.0005 1.0000 -0.0000
vn -0.0030 1.0000 0.0041
vn -0.0032 1.0000 0.0047
vn -0.0109 0.9999 0.0131
vn 0.0003 1.0000 -0.0000
vn 0.0003 1.0000 -0.0003
vn 0.0001 1.0000 -0.0000
vn 0.0002 1.0000 0.0002
vn 0.0008 1.0000 0.0012
vn 0.0006 1.0000 0.0010
vn 0.0020 1.0000 0.0030
vn -0.0019 -1.0000 0.0004
vn -0.0017 -1.0000 0.0004
vn -0.0019 -1.0000 0.0002
vn -0.0019 -1.0000 0.0001
vn -0.0958 -0.9953 -0.0119
vn -0.0018 -1.0000 -0.0001
vn -0.0017 -1.0000 -0.0002
vn -0.0177 -0.9998 -0.0061
vn -0.0011 -1.0000 -0.0003
vn -0.3594 -0.9262 -0.1138
vn -0.5987 -0.7896 -0.1346
vn -0.7549 -0.6504 -0.0840
vn -0.5886 -0.8084 0.0034
vn -0.6964 -0.7102 0.1034
vn -0.7339 -0.6722 0.0978
vn -0.5799 -0.8005 0.1513
vn -0.0009 -1.0000 -0.0004
vn -0.0008 -1.0000 -0.0005
vn -0.1054 -0.9935 0.0422
vn -0.6644 -0.6834 0.3027
vn -0.4419 -0.8588 0.2590
vn -0.0851 -0.9940 0.0692
vn -0.0017 -1.0000 0.0013
vn -0.0018 -1.0000 0.0015
vn -0.5727 -0.6661 0.4779
vn -0.3596 -0.8452 0.3954
vn -0.4027 -0.6886 0.6030
vn -0.4385 -0.6776 0.5904
vn -0.3288 -0.7191 0.6122
vn -0.3250 -0.6465 0.6903
vn -0.3255 -0.6159 0.7174
vn -0.0015 -1.0000 0.0012
vn -0.0005 -1.0000 0.0019
vn -0.0007 -1.0000 0.0010
vn 0.0000 -1.0000 0.0023
vn 0.0007 -1.0000 0.0035
vn -0.0015 -1.0000 0.0007
vn 0.5949 -0.6370 0.4902
vn 0.3544 -0.8652 0.3548
vn 0.0706 -0.9926 0.0990
vn 0.0014 -1.0000 0.0016
vn 0.0014 -1.0000 0.0010
vn 0.0017 -1.0000 0.0019
vn 0.4569 -0.6120 0.6455
vn 0.6812 -0.5923 0.4303
vn 0.3295 -0.7333 0.5947
vn 0.3283 -0.6503 0.6851
vn 0.3288 -0.6063 0.7241
vn 0.0014 -1.0000 0.0018
vn 0.0014 -1.0000 0.0017
vn 0.0009 -1.0000 0.0015
vn 1.0000 -0.0005 0.0005
vn 1.0000 -0.0011 0.0001
vn 1.0000 -0.0006 0.0003
vn 1.0000 -0.0009 0.0000
vn 1.0000 -0.0019 0.0001
vn 0.0005 1.0000 -0.0009
vn 0.0000 1.0000 -0.0005
vn 0.0014 1.0000 0.0001
vn -0.0004 1.0000 -0.0011
vn 0.0719 0.9974 -0.0029
vn 0.2243 0.9745 -0.0027
vn 0.5132 0.8581 -0.0171
vn 0.7709 0.6363 -0.0282
vn 0.8827 0.3727 -0.2863
vn 0.9981 -0.0610 0.0007
vn 0.9992 -0.0411 -0.0002
vn 1.0000 -0.0037 -0.0002
vn 1.0000 -0.0008 0.0001
vn 0.8831 -0.4692 -0.0032
vn 0.8643 -0.5029 0.0047
vn 0.9884 -0.1511 -0.0145
vn 0.7641 0.0032 0.6450
vn 0.7724 0.0003 0.6351
vn 0.6736 0.0033 0.7391
vn 0.6866 -0.0002 0.7270
vn 0.5836 0.0006 0.8120
vn 0.8457 0.0001 0.5337
vn 0.8374 0.0035 0.5466
vn 0.9056 0.0000 0.4241
vn 0.8986 0.0037 0.4388
vn 0.9515 -0.0000 0.3077
vn 0.9484 0.0030 0.3171
vn 0.9825 -0.0001 0.1864
vn 0.9828 0.0025 0.1848
vn 0.9988 0.0032 0.0495
vn 0.9980 -0.0005 0.0625
vn 0.9967 0.0041 -0.0816
vn 0.9980 -0.0005 -0.0625
vn 0.9786 0.0040 -0.2057
vn 0.9824 -0.0005 -0.1865
vn 0.9426 0.0040 -0.3340
vn 0.9508 -0.0013 -0.3099
vn 0.8813 -0.0004 -0.4726
vn 0.9070 0.0015 -0.4211
vn 0.8452 0.0046 -0.5345
vn 0.8028 -0.0028 -0.5963
vn 0.7723 0.0037 -0.6353
vn 0.6984 -0.0014 -0.7157
vn 0.6859 0.0027 -0.7277
vn 0.5991 -0.0021 -0.8007
vn 0.5844 0.0037 -0.8114
vn 0.5314 0.0034 -0.8471
vn 0.5098 -0.0104 -0.8602
vn 0.4918 -0.0614 -0.8685
vn 0.7440 -0.0073 0.6681
vn 0.8598 0.0049 0.5106
vn 0.7249 0.0054 0.6888
vn 0.6682 -0.0015 0.7440
vn 0.8758 -0.0057 0.4827
vn 0.6561 0.0115 0.7546
vn 0.9534 0.0050 0.3015
vn 0.9583 -0.0026 0.2858
vn 0.9982 0.0181 0.0573
vn 0.9762 -0.0059 0.2166
vn 0.9992 0.0382 0.0099
vn 0.9992 0.0394 0.0104
vn 0.9941 0.0184 -0.1065
vn 0.9736 0.0153 -0.2277
vn 0.9543 -0.0102 -0.2986
vn 0.8820 -0.0006 -0.4713
vn 0.8717 0.0066 -0.4900
vn 0.7445 -0.0074 -0.6676
vn 0.7257 0.0048 -0.6880
vn 0.6687 -0.0019 -0.7436
vn 0.6571 0.0106 -0.7538
vn 0.8563 0.4876 0.1702
vn 0.6866 0.6486 0.3284
vn -0.0024 0.9976 0.0691
vn 0.0053 0.9996 0.0264
vn 0.0021 1.0000 -0.0010
vn 0.0534 0.9350 0.3507
vn 0.0112 0.7144 0.6997
vn -0.0735 0.8495 0.5225
vn -0.0016 1.0000 0.0008
vn -0.0018 1.0000 0.0006
vn -0.0756 0.8598 0.5049
vn 0.2960 -0.0085 -0.9552
vn 0.2985 0.0008 -0.9544
vn 0.4011 -0.0112 -0.9160
vn 0.4124 -0.0018 -0.9110
vn 0.1224 0.0094 -0.9924
vn 0.1072 0.0183 -0.9941
vn -0.0633 0.0057 -0.9980
vn -0.0935 0.0128 -0.9955
vn -0.2619 -0.0068 -0.9651
vn -0.2921 0.0015 -0.9564
vn -0.3861 -0.0143 -0.9223
vn -0.4041 0.0004 -0.9147
vn 0.9976 -0.0699 0.0001
vn 1.0000 -0.0020 -0.0011
vn 1.0000 -0.0018 -0.0009
vn 1.0000 -0.0027 0.0011
vn 0.9896 -0.1433 -0.0095
vn 1.0000 -0.0016 0.0032
vn 1.0000 -0.0076 0.0019
vn 0.9998 -0.0200 -0.0073
vn 0.6416 -0.7669 0.0131
vn 0.4429 -0.8963 -0.0220
vn -0.0006 -1.0000 -0.0007
vn 0.0019 -0.9999 -0.0110
vn -0.1627 -0.9865 0.0207
vn 0.2827 0.7114 0.6435
vn 0.2248 0.7035 0.6742
vn 0.3332 0.7029 0.6284
vn 0.4025 0.7101 0.5776
vn 0.1352 0.7131 0.6879
vn 0.1015 0.7060 0.7009
vn -0.0232 0.7132 0.7006
vn -0.0033 0.7036 0.7106
vn -0.1105 0.7083 0.6972
vn -0.1770 0.7127 0.6787
vn 0.4108 0.7086 0.5737
vn 0.5063 0.7114 0.4875
vn 0.4668 0.7068 0.5316
vn 0.5365 0.7083 0.4587
vn 0.5972 0.7139 0.3656
vn 0.5796 0.7060 0.4070
vn 0.6272 0.7093 0.3217
vn 0.6648 0.7141 0.2192
vn 0.6569 0.7046 0.2684
vn 0.6876 0.7051 0.1734
vn 0.6971 0.7091 0.1058
vn 0.6968 0.7130 0.0779
vn 0.7105 0.7037 -0.0075
vn 0.7007 0.7114 -0.0542
vn 0.7025 0.7045 -0.1014
vn 0.6868 0.7098 -0.1562
vn 0.6805 0.7068 -0.1932
vn 0.6570 0.7086 -0.2574
vn 0.6536 0.7098 -0.2627
vn 0.6273 0.7065 -0.3277
vn 0.6030 0.7095 -0.3648
vn 0.5820 0.7061 -0.4034
vn 0.5392 0.7070 -0.4576
vn 0.5336 0.7085 -0.4618
vn 0.4877 0.7059 -0.5136
vn 0.4459 0.7104 -0.5445
vn 0.4214 0.7037 -0.5720
vn 0.3619 0.7062 -0.6086
vn 0.3439 0.7104 -0.6141
vn 0.2907 0.7060 -0.6458
vn 0.2356 0.7100 -0.6636
vn 0.2071 0.7035 -0.6799
vn 0.1411 0.7056 -0.6944
vn 0.1223 0.7099 -0.6936
vn 0.0592 0.7055 -0.7062
vn 0.0023 0.7098 -0.7044
vn -0.0279 0.7024 -0.7112
vn -0.1012 0.7053 -0.7016
vn -0.1224 0.7102 -0.6932
vn -0.1843 0.7047 -0.6851
vn -0.2498 0.7121 -0.6561
vn -0.2686 0.7031 -0.6584
vn -0.3321 0.7069 -0.6245
vn -0.3785 0.7108 -0.5929
vn -0.4190 0.7007 -0.5774
vn -0.4747 0.7070 -0.5242
vn -0.4861 0.7118 -0.5070
vn -0.5421 0.7059 -0.4560
vn -0.5709 0.7093 -0.4134
vn -0.5948 0.7046 -0.3870
vn -0.6305 0.7062 -0.3221
vn -0.6330 0.7093 -0.3102
vn -0.6613 0.7065 -0.2522
vn -0.6769 0.7116 -0.1883
vn -0.6910 0.7050 -0.1596
vn -0.7020 0.7063 -0.0914
vn -0.7019 0.7091 -0.0672
vn -0.7134 0.7008 -0.0021
vn -0.7022 0.7091 0.0643
vn -0.7046 0.7051 0.0801
vn -0.6924 0.7071 0.1437
vn -0.6789 0.7121 0.1792
vn -0.6690 0.7060 0.2325
vn -0.6326 0.7107 0.3077
vn -0.6481 0.6994 0.3014
vn -0.6061 0.7040 0.3702
vn -0.5673 0.7093 0.4184
vn -0.5589 0.7055 0.4357
vn -0.4858 0.7065 0.5147
vn -0.5176 0.7040 0.4863
vn -0.4415 0.7100 0.5486
vn -0.3802 0.7090 0.5940
vn -0.4050 0.7053 0.5818
vn -0.2974 0.7108 0.6374
vn -0.2863 0.7064 0.6474
vn -0.2059 0.7038 0.6800
vn -1.0000 -0.0005 0.0000
vn -1.0000 -0.0009 0.0008
vn -1.0000 -0.0012 0.0013
vn -1.0000 -0.0002 -0.0004
vn -1.0000 -0.0004 -0.0000
vn -1.0000 -0.0010 -0.0011
vn -1.0000 -0.0006 -0.0003
vn -1.0000 -0.0013 -0.0017
vn -1.0000 -0.0003 0.0000
vn -1.0000 -0.0005 0.0001
vn -0.0003 -1.0000 -0.0007
vn -0.0007 -1.0000 -0.0009
vn -0.0657 -0.9912 -0.1148
vn -0.0016 -1.0000 -0.0014
vn -0.0718 -0.9951 -0.0680
vn -0.0012 -1.0000 -0.0015
vn -0.2730 -0.8853 -0.3764
vn -0.3346 -0.7933 -0.5086
vn -0.5546 -0.7220 -0.4137
vn -0.6880 -0.6010 -0.4067
vn -0.6204 -0.6590 -0.4252
vn -0.7121 -0.5938 -0.3746
vn -0.7104 -0.6013 -0.3658
vn -0.3838 -0.6399 -0.6657
vn -0.3846 -0.5651 -0.7299
vn -0.9535 0.0049 0.3013
vn -0.9582 -0.0022 0.2860
vn -0.8758 -0.0060 0.4826
vn -0.9979 0.0198 0.0614
vn -0.8599 0.0046 0.5104
vn -0.7444 -0.0074 0.6677
vn -0.7257 0.0047 0.6880
vn -0.6688 -0.0020 0.7434
vn -0.6570 0.0107 0.7538
vn -0.9952 0.0030 0.0982
vn -0.9986 0.0344 -0.0394
vn -0.9967 0.0136 -0.0804
vn -0.9888 0.0933 -0.1164
vn -0.9734 0.0170 -0.2283
vn -0.9537 -0.0093 -0.3007
vn -0.8813 -0.0003 -0.4726
vn -0.8714 0.0068 -0.4906
vn -0.7418 -0.0037 -0.6706
vn -0.7256 -0.0004 -0.6881
vn -0.6665 -0.0034 -0.7455
vn -0.6715 0.0025 -0.7410
vn -0.5807 0.7676 -0.2712
vn -0.6011 0.7537 -0.2658
vn -0.5745 0.6425 -0.5071
vn -0.7175 0.6965 -0.0107
vn -0.6193 0.6928 -0.3695
vn -0.7375 0.6753 -0.0020
vn -0.6108 0.7209 -0.3275
vn -0.7297 0.6379 -0.2461
vn -0.6786 0.7123 -0.1793
vn -0.6355 0.7604 -0.1336
vn -0.0922 -0.9957 0.0095
vn -0.2957 -0.9552 -0.0114
vn -0.0445 -0.9989 -0.0158
vn 0.5689 -0.8223 0.0166
vn 0.6101 -0.7922 -0.0163
vn 0.7496 -0.6618 0.0153
vn 0.8625 -0.5057 -0.0197
vn -0.4161 -0.9092 0.0127
vn -0.0076 -0.9997 -0.0235
vn -0.0071 -0.9999 -0.0091
vn -0.0014 -1.0000 0.0046
vn -0.0035 -1.0000 0.0079
vn -0.0012 -0.9978 0.0670
vn 0.0136 -0.9999 -0.0090
vn -0.0362 -0.9992 -0.0182
vn -0.0703 -0.9963 -0.0486
vn 0.0414 -0.9987 -0.0285
vn -0.0212 -0.0099 -0.9997
vn -0.0114 -0.0322 -0.9994
vn -0.0176 -0.0181 -0.9997
vn -0.0082 -0.0395 -0.9992
vn 0.1114 -0.0285 -0.9934
vn 0.1261 -0.0155 -0.9919
vn 0.1218 -0.0193 -0.9924
vn 0.1360 -0.0065 -0.9907
vn -0.0402 -0.9991 0.0134
vn -0.1111 -0.9938 -0.0069
vn -0.0966 -0.9953 -0.0027
vn -0.0282 -0.9995 0.0169
vn 0.3841 -0.5855 -0.7139
vn 0.3158 -0.9488 0.0093
vn 0.3717 -0.9283 -0.0059
vn 0.3249 -0.9457 0.0069
vn 0.3823 -0.9240 -0.0088
vn -0.5074 -0.0050 0.8617
vn -0.5153 0.0021 0.8570
vn -0.6058 -0.0005 0.7956
vn -0.5927 0.0031 0.8054
vn -0.7017 -0.0017 0.7125
vn -0.4935 -0.0416 0.8688
vn -0.3614 -0.6289 0.6884
vn -0.6659 -0.4675 -0.5815
vn 1.0000 0.0012 0.0017
vn 1.0000 0.0011 0.0017
vn 1.0000 0.0002 0.0007
vn 1.0000 0.0021 0.0027
vn 1.0000 0.0008 -0.0015
vn 1.0000 -0.0001 -0.0005
vn 1.0000 0.0008 -0.0014
vn 1.0000 0.0017 -0.0024
vn -1.0000 -0.0005 -0.0016
vn -1.0000 -0.0006 -0.0016
vn -1.0000 0.0000 -0.0010
vn -1.0000 -0.0011 -0.0022
vn 0.7479 -0.6635 -0.0214
vn 0.6503 -0.7596 -0.0099
vn 0.7446 -0.6672 -0.0209
vn 0.6393 -0.7689 -0.0087
vn 0.5854 0.0018 0.8108
vn 0.5320 0.0039 0.8468
vn 0.5080 -0.0049 0.8613
vn 0.4840 -0.1115 0.8679
vn 0.4732 -0.1661 0.8651
vn -1.0000 -0.0001 0.0004
vn -1.0000 0.0008 0.0014
vn -1.0000 0.0009 0.0014
vn -1.0000 0.0018 0.0024
vn -0.0329 0.0650 -0.9973
vn 0.0092 0.0273 -0.9996
vn -0.0415 0.0539 -0.9977
vn 0.0104 0.0214 -0.9997
vn -0.2686 -0.0756 -0.9603
vn -0.0563 0.0350 0.9978
vn 0.0395 0.3971 0.9169
vn -0.0175 0.4866 0.8734
vn 0.0400 0.4364 0.8989
vn -0.2663 -0.0724 0.9612
vn -0.0146 0.7217 0.6920
vn 0.9942 0.0829 0.0685
vn 0.9956 0.0728 0.0583
vn 0.9996 0.0272 0.0121
vn 0.8928 0.3234 0.3135
vn 0.0457 0.0623 0.9970
vn 0.0342 0.2454 0.9688
vn -0.0156 0.3914 0.9201
vn 0.2592 -0.1221 0.9581
vn -0.0040 0.0028 1.0000
vn 0.0059 0.4704 0.8824
vn -0.0262 0.6637 0.7475
vn -0.0090 -0.0029 -1.0000
vn 0.0420 0.0331 -0.9986
vn 0.0431 0.0270 -0.9987
vn -0.0100 -0.0085 -0.9999
vn 0.2614 -0.1079 -0.9592
vn -0.9880 0.1407 -0.0644
vn -0.9946 0.0970 0.0375
vn -0.9904 0.1363 -0.0246
vn -0.9179 0.3087 -0.2495
vn -0.8535 0.2739 0.4433
vn -0.8183 0.3545 -0.4525
vn 0.9987 -0.0031 -0.0507
vn 0.9996 -0.0221 -0.0197
vn 0.9992 -0.0103 -0.0388
vn 0.9976 0.0079 -0.0686
vn -0.9947 -0.0944 0.0401
vn -0.9979 -0.0532 0.0373
vn -0.9992 -0.0228 0.0332
vn -0.9993 -0.0337 0.0186
vn -0.9574 -0.2888 0.0051
vn -0.0122 0.7189 -0.6950
vn 0.0179 0.8231 -0.5676
vn 0.0145 0.8124 -0.5829
vn -0.0155 0.7061 -0.7080
vn -0.0058 0.9903 0.1387
vn 0.0053 0.9968 0.0800
vn -0.0048 0.9910 0.1336
vn 0.0064 0.9972 0.0741
vn -0.0130 0.9086 -0.4175
vn -0.0172 0.9959 -0.0887
vn 0.0122 0.9934 -0.1143
vn 0.0167 0.9615 0.2742
vn 0.0092 0.7703 -0.6376
vn -0.0010 0.6482 -0.7615
vn 0.0075 0.5855 -0.8106
vn 0.0981 -0.9614 0.2571
vn 0.0418 -0.9958 0.0818
vn 0.0331 -0.7216 0.6915
vn 0.9940 -0.1080 -0.0190
vn 0.9830 -0.1578 -0.0934
vn 0.9666 -0.2010 -0.1588
vn 0.9930 -0.0144 0.1174
vn -0.9982 -0.0023 -0.0603
vn -0.9981 -0.0018 -0.0611
vn -0.9979 0.0013 -0.0646
vn -0.9983 -0.0048 -0.0573
vn -0.7445 -0.6674 -0.0192
vn -0.7315 -0.6814 -0.0240
vn -0.8085 -0.5885 0.0067
vn -0.8241 -0.5663 0.0137
vn 0.2136 0.7032 -0.6781
vn 0.0282 0.6917 -0.7216
vn 0.1754 0.6955 -0.6968
vn 0.3142 0.6880 -0.6541
vn 0.3278 0.6744 -0.6617
vn 0.1215 0.6717 -0.7308
vn -0.0726 0.6415 -0.7637
vn -0.1753 0.6878 -0.7045
vn -0.2060 0.6969 -0.6869
vn -0.2620 0.7072 -0.6567
vn -0.2627 0.7185 -0.6440
vn -0.0282 0.6917 0.7216
vn -0.1754 0.6955 0.6968
vn -0.2136 0.7032 0.6781
vn -0.3139 0.6883 0.6540
vn -0.1215 0.6717 0.7308
vn 0.0726 0.6414 0.7637
vn 0.1741 0.6879 0.7046
vn 0.2047 0.6975 0.6867
vn 0.2610 0.7093 0.6548
vn 0.2617 0.7206 0.6421
vn -0.3278 0.6743 0.6618
vn 0.6565 -0.7267 -0.2023
vn 0.6819 -0.7269 -0.0814
vn 0.4662 -0.7736 -0.4292
vn 0.7637 -0.6450 -0.0256
vn 0.2859 -0.6694 -0.6857
vn -0.0910 -0.6980 -0.7103
vn -0.1358 -0.7075 -0.6936
vn -0.4074 -0.6442 -0.6474
vn -0.7848 -0.0801 0.6146
vn -0.7793 -0.0564 0.6241
vn -0.7406 0.0330 0.6712
vn -0.7304 0.0334 0.6822
vn -0.6207 -0.4896 0.6124
vn -0.7080 0.3501 0.6133
vn -0.6886 0.7251 -0.0018
vn -0.7904 0.6124 0.0110
vn -0.7842 0.6204 0.0101
vn -0.6721 0.7404 -0.0037
vn 0.7951 0.3054 -0.5240
vn 0.7115 0.7026 -0.0064
vn 0.7201 0.6939 -0.0026
vn 0.7246 0.6892 -0.0005
vn 0.7073 0.7069 -0.0083
vn -0.7247 0.6891 0.0005
vn -0.7117 0.7025 0.0065
vn -0.7202 0.6938 0.0026
vn -0.7074 0.7067 0.0084
vn 0.4959 0.7265 -0.4757
vn 0.5382 0.7306 -0.4202
vn 0.4806 0.7029 -0.5243
vn 0.4807 0.7028 -0.5245
vn 0.6412 0.6825 -0.3508
vn 0.6581 0.7105 -0.2492
vn 0.6775 0.7113 -0.1872
vn 0.6835 0.7155 -0.1445
vn 0.6746 0.7257 -0.1355
vn -0.6410 0.6827 0.3508
vn -0.6773 0.7114 0.1876
vn -0.6580 0.7105 0.2495
vn -0.6827 0.7163 0.1444
vn -0.5382 0.7306 0.4202
vn -0.4961 0.7266 0.4754
vn -0.4806 0.7029 0.5244
vn -0.4807 0.7027 0.5246
vn -0.6733 0.7269 0.1350
vn 0.7516 0.6584 0.0390
vn 0.7055 0.7086 0.0082
vn 0.7404 0.6714 0.0313
vn 0.6939 0.7201 0.0009
vn -0.0487 0.8306 -0.5547
vn -0.0705 0.8124 -0.5789
vn 0.0291 0.6395 -0.7682
vn -0.0794 0.7964 -0.5995
vn 0.0380 0.5644 -0.8246
vn 0.1200 0.7848 -0.6081
vn 0.2296 0.7668 -0.5994
vn 0.5381 0.5849 -0.6069
vn 0.4857 0.7199 0.4958
vn 0.5759 0.6408 0.5077
vn 0.4415 0.7561 0.4831
vn 0.6202 0.6918 0.3698
vn 0.6115 0.7208 0.3263
vn 0.7305 0.6373 0.2455
vn 0.6781 0.7131 0.1777
vn 0.6362 0.7599 0.1335
vn 0.8016 0.0100 0.5977
vn 0.7942 0.0072 0.6076
vn 0.7620 -0.0047 0.6476
vn 0.7539 -0.0075 0.6569
vn 0.7680 -0.6403 0.0137
vn 0.6709 -0.7411 -0.0275
vn 0.6917 -0.7219 -0.0192
vn 0.7901 -0.6124 0.0241
vn -0.5501 -0.8350 -0.0080
vn -0.6182 -0.7858 0.0183
vn -0.5703 -0.8215 -0.0004
vn -0.6398 -0.7681 0.0270
vn 0.6065 -0.5390 0.5845
vn 0.7004 -0.7138 -0.0026
vn 0.6993 -0.7148 -0.0032
vn 0.6967 -0.7174 -0.0045
vn 0.6956 -0.7184 -0.0050
vn 0.7955 0.6055 0.0249
vn 0.7648 0.6428 0.0429
vn 0.8040 0.5935 0.0372
vn 0.8929 0.3758 0.2479
vn 0.7638 0.6419 0.0678
vn 0.7134 0.5663 0.4127
vn 0.0011 -0.6319 -0.7750
vn -0.0201 -0.7134 -0.7005
vn -0.0175 -0.7038 -0.7102
vn 0.0072 -0.6071 -0.7946
vn -0.7013 0.6453 -0.3027
vn 0.8060 0.0545 -0.5895
vn -0.7808 -0.6247 0.0088
vn -0.8074 -0.5900 -0.0033
vn -0.7747 -0.6323 0.0115
vn -0.8132 -0.5820 -0.0061
vn -0.8286 -0.5564 -0.0614
vn -0.8152 -0.5780 -0.0362
vn -0.8237 -0.5646 -0.0520
vn -0.8403 -0.5354 -0.0853
vn -0.0412 0.6636 0.7469
vn -0.0337 0.6574 0.7528
vn 0.0631 0.5849 0.8087
vn -0.1025 0.6865 0.7199
vn 0.1007 0.6879 0.7188
vn -0.1009 0.6905 0.7163
vn 0.1207 0.7431 0.6582
vn -0.0743 0.5949 -0.8004
vn -0.0627 0.5694 -0.8197
vn 0.0251 0.6999 -0.7138
vn -0.0760 0.6048 -0.7928
vn 0.1027 0.6673 -0.7377
vn 0.0810 0.7818 -0.6183
vn 0.0739 0.7968 -0.5998
vn -0.6123 0.5366 -0.5806
vn -0.5274 0.8495 -0.0094
vn -0.6186 0.7852 -0.0293
vn -0.5234 0.8520 -0.0098
vn -0.6238 0.7809 -0.0315
vn -0.7636 0.5871 -0.2685
vn 0.0075 -0.8154 0.5788
vn 0.0080 -0.8173 0.5761
vn 0.0193 -0.8582 0.5129
vn 0.0230 -0.8708 0.4911
vn -0.6121 -0.7875 0.0726
vn -0.4588 -0.7767 0.4315
vn -0.6366 -0.7657 0.0918
vn -0.6634 -0.7010 0.2618
vn -0.2689 -0.7067 0.6544
vn -0.0679 -0.7331 0.6767
vn -0.0537 -0.7443 0.6657
vn 0.0172 -0.7146 -0.6993
vn -0.0379 -0.7645 -0.6435
vn -0.0624 -0.7847 -0.6167
vn -0.1132 -0.8224 -0.5576
vn 0.5554 -0.6023 -0.5733
vn -0.8513 0.1120 0.5125
vn 0.7408 -0.6270 0.2410
vn 0.7331 -0.6423 0.2236
vn 0.6644 -0.7458 0.0481
vn 0.6059 -0.7950 0.0285
vn 0.6716 -0.5540 0.4921
vn 0.7348 -0.0029 0.6783
vn 0.7502 -0.0166 0.6610
vn 0.7724 -0.0372 0.6340
vn 0.7148 0.0141 0.6992
vn -0.8387 0.3628 0.4062
vn 0.6730 0.0173 -0.7394
vn 0.7597 -0.0456 -0.6486
vn 0.7180 -0.0140 -0.6959
vn 0.6283 0.0464 -0.7766
vn -0.5912 -0.5657 -0.5749
vn -0.6716 -0.0511 0.7392
vn -0.7803 0.0230 0.6250
vn -0.7259 -0.0160 0.6876
vn -0.8218 0.0563 0.5670
usemtl white.002
s 1
f 6148/6148/4891 6149/6149/4892 6150/6150/4893
f 6148/6148/4891 6150/6150/4893 6151/6151/4894
f 6150/6150/4893 6149/6149/4892 6152/6152/4895
f 6153/6153/4896 6152/6152/4895 6149/6149/4892
f 6154/6154/4897 6152/6152/4895 6153/6153/4896
f 6155/6155/4898 6156/6156/4899 6157/6157/4900
f 6158/6158/4901 6156/6156/4899 6155/6155/4898
f 6158/6158/4901 6159/6159/4902 6156/6156/4899
f 6160/6160/4903 6159/6159/4902 6158/6158/4901
f 6161/6161/4904 6159/6159/4902 6160/6160/4903
f 6162/6162/4905 6163/6163/4906 6164/6164/4907
f 6165/6165/4908 6163/6163/4906 6162/6162/4905
f 6166/6166/4909 6163/6163/4906 6165/6165/4908
f 6167/6167/4910 6163/6163/4906 6166/6166/4909
f 6165/6165/4908 6162/6162/4905 6168/6168/4911
f 6168/6168/4911 6162/6162/4905 6169/6169/4912
f 6167/6167/4910 6166/6166/4909 6170/6170/4913
f 6169/6169/4912 6162/6162/4905 6171/6171/4914
f 6172/6172/4915 6168/6168/4911 6169/6169/4912
f 6173/6173/4916 6168/6168/4911 6172/6172/4915
f 6174/6174/4917 6173/6173/4916 6172/6172/4915
f 6174/6174/4917 6172/6172/4915 6175/6175/4918
f 6175/6175/4918 6171/6171/4914 6162/6162/4905
f 6176/6176/4919 6175/6175/4918 6162/6162/4905
f 6176/6176/4919 6174/6174/4917 6175/6175/4918
f 6177/6177/4920 6174/6174/4917 6176/6176/4919
f 6176/6176/4919 6162/6162/4905 6178/6178/4921
f 6177/6177/4920 6176/6176/4919 6179/6179/4922
f 6179/6179/4922 6176/6176/4919 6180/6180/4923
f 6179/6179/4922 6180/6180/4923 6181/6181/4924
f 6181/6181/4924 6182/6182/4925 6179/6179/4922
f 6183/6183/4926 6182/6182/4925 6181/6181/4924
f 6184/6184/4927 6183/6183/4926 6181/6181/4924
f 6185/6185/4928 6183/6183/4926 6184/6184/4927
f 6186/6186/4929 6185/6185/4928 6184/6184/4927
f 6186/6186/4929 6184/6184/4927 6187/6187/4930
f 6188/6188/4931 6186/6186/4929 6187/6187/4930
f 6188/6188/4931 6187/6187/4930 6189/6189/4932
f 6190/6190/4933 6188/6188/4931 6189/6189/4932
f 6190/6190/4933 6189/6189/4932 6191/6191/4934
f 6189/6189/4932 6192/6192/4935 6191/6191/4934
f 6191/6191/4934 6192/6192/4935 6193/6193/4936
f 6191/6191/4934 6193/6193/4936 6194/6194/4937
f 6195/6195/4938 6190/6190/4933 6191/6191/4934
f 6191/6191/4934 6194/6194/4937 6196/6196/4939
f 6196/6196/4939 6194/6194/4937 6197/6197/4940
f 6198/6198/4941 6195/6195/4938 6191/6191/4934
f 6198/6198/4941 6191/6191/4934 6196/6196/4939
f 6196/6196/4939 6197/6197/4940 6199/6199/4942
f 6199/6199/4942 6197/6197/4940 6200/6200/4943
f 6199/6199/4942 6200/6200/4943 6201/6201/4944
f 6201/6201/4944 6200/6200/4943 6202/6202/4945
f 6201/6201/4944 6202/6202/4945 6203/6203/4946
f 6203/6203/4946 6202/6202/4945 6204/6204/4947
f 6205/6205/4948 6201/6201/4944 6203/6203/4946
f 6205/6205/4948 6206/6206/4949 6201/6201/4944
f 6206/6206/4949 6207/6207/4950 6201/6201/4944
f 6206/6206/4949 6208/6208/4951 6207/6207/4950
f 6205/6205/4948 6203/6203/4946 6209/6209/4952
f 6210/6210/4953 6205/6205/4948 6209/6209/4952
f 6210/6210/4953 6209/6209/4952 6211/6211/4954
f 6212/6212/4955 6198/6198/4956 6213/6213/4957
f 6212/6212/4955 6213/6213/4957 6214/6214/4958
f 6215/6215/4959 6212/6212/4955 6214/6214/4958
f 6216/6216/4960 6204/6204/4961 6217/6217/4962
f 6216/6216/4960 6217/6217/4962 6218/6218/4963
f 6219/6219/4964 6216/6216/4960 6218/6218/4963
f 6220/6220/4965 6216/6216/4960 6219/6219/4964
f 6220/6220/4965 6219/6219/4964 6221/6221/4966
f 6222/6222/4967 6220/6220/4965 6221/6221/4966
f 6222/6222/4967 6221/6221/4966 6223/6223/4968
f 6223/6223/4968 6221/6221/4966 6224/6224/4969
f 6225/6225/4970 6223/6223/4968 6224/6224/4969
f 6226/6226/4971 6223/6223/4968 6225/6225/4970
f 6225/6225/4970 6224/6224/4969 6227/6227/4972
f 6227/6227/4972 6224/6224/4969 6228/6228/4973
f 6229/6229/4974 6225/6225/4970 6227/6227/4972
f 6230/6230/4975 6225/6225/4970 6229/6229/4974
f 6231/6231/4976 6230/6230/4975 6229/6229/4974
f 6231/6231/4976 6229/6229/4974 6232/6232/4977
f 6232/6232/4977 6229/6229/4974 6233/6233/4978
f 6234/6234/4979 6232/6232/4977 6233/6233/4978
f 6235/6235/4980 6232/6232/4977 6234/6234/4979
f 6236/6236/4981 6232/6232/4977 6235/6235/4980
f 6237/6237/4982 6236/6236/4981 6235/6235/4980
f 6234/6234/4979 6233/6233/4978 6238/6238/4983
f 6239/6239/4984 6237/6237/4982 6235/6235/4980
f 6234/6234/4979 6238/6238/4983 6240/6240/4985
f 6235/6235/4980 6234/6234/4979 6241/6241/4986
f 6242/6242/4987 6239/6239/4984 6235/6235/4980
f 6243/6243/4988 6242/6242/4987 6235/6235/4980
f 6235/6235/4980 6241/6241/4986 6244/6244/4989
f 6245/6245/4990 6243/6243/4988 6235/6235/4980
f 6245/6245/4990 6246/6246/4991 6243/6243/4988
f 6247/6247/4992 6246/6246/4991 6245/6245/4990
f 6235/6235/4980 6244/6244/4989 6248/6248/4993
f 6248/6248/4993 6244/6244/4989 6249/6249/4994
f 6250/6250/4995 6245/6245/4990 6235/6235/4980
f 6248/6248/4993 6249/6249/4994 6251/6251/4996
f 6252/6252/4997 6253/6253/4998 6240/6240/4999
f 6252/6252/4997 6240/6240/4999 6254/6254/5000
f 6252/6252/4997 6254/6254/5000 6255/6255/5001
f 6256/6256/5002 6257/6257/5003 6240/6240/5004
f 6249/6249/5005 6258/6258/5006 6259/6259/5007
f 6260/6260/5008 6235/6235/4980 6248/6248/4993
f 6261/6261/5009 6235/6235/4980 6260/6260/5008
f 6260/6260/5008 6248/6248/4993 6262/6262/5010
f 6263/6263/5011 6261/6261/5009 6260/6260/5008
f 6264/6264/5012 6261/6261/5009 6263/6263/5011
f 6265/6265/5013 6260/6260/5008 6262/6262/5010
f 6265/6265/5013 6262/6262/5010 6266/6266/5014
f 6266/6266/5014 6262/6262/5010 6267/6267/5015
f 6266/6266/5014 6267/6267/5015 6268/6268/5016
f 6262/6262/5010 6248/6248/4993 6269/6269/5017
f 6270/6270/5018 6261/6261/5019 6271/6271/5020
f 6272/6272/5021 6273/6273/5021 6268/6268/5022
f 6273/6273/5023 6268/6268/5024 6274/6274/5025
f 6275/6275/5026 6276/6276/5027 6277/6277/5028
f 6278/6278/5029 6279/6279/5030 6280/6280/5031
f 6281/6281/5032 6282/6282/5033 6170/6170/5033
f 6283/6283/5034 6284/6284/5035 6170/6170/5036
f 6283/6283/5037 6285/6285/5038 6286/6286/5039
f 6287/6287/5040 6288/6288/5041 6289/6289/5040
f 6287/6287/5042 6290/6290/5043 6291/6291/5044
f 6292/6292/5045 6293/6293/5046 6291/6291/5047
f 6294/6294/5048 6295/6295/5049 6296/6296/5050
f 6295/6295/5049 6294/6294/5048 6297/6297/5051
f 6297/6297/5051 6294/6294/5048 6298/6298/5052
f 6298/6298/5052 6294/6294/5048 6299/6299/5053
f 6299/6299/5053 6294/6294/5048 6300/6300/5054
f 6299/6299/5053 6300/6300/5054 6301/6301/5055
f 6298/6298/5052 6299/6299/5053 6302/6302/5056
f 6302/6302/5056 6299/6299/5053 6303/6303/5057
f 6299/6299/5053 6304/6304/5058 6303/6303/5057
f 6299/6299/5053 6305/6305/5059 6304/6304/5058
f 6303/6303/5057 6304/6304/5058 6306/6306/5060
f 6306/6306/5060 6304/6304/5058 6307/6307/5061
f 6307/6307/5061 6304/6304/5058 6308/6308/5062
f 6308/6308/5062 6304/6304/5058 6309/6309/5063
f 6298/6298/5052 6302/6302/5056 6310/6310/5064
f 6308/6308/5062 6309/6309/5063 6311/6311/5065
f 6311/6311/5065 6309/6309/5063 6312/6312/5066
f 6312/6312/5066 6309/6309/5063 6298/6298/5052
f 6298/6298/5052 6310/6310/5064 6313/6313/5067
f 6298/6298/5052 6313/6313/5067 6314/6314/5068
f 6315/6315/5069 6308/6308/5062 6311/6311/5065
f 6316/6316/5070 6301/6301/5071 6317/6317/5072
f 6316/6316/5070 6317/6317/5072 6305/6305/5073
f 6298/6298/5052 6314/6314/5068 6318/6318/5074
f 6298/6298/5052 6318/6318/5074 6319/6319/5075
f 6298/6298/5052 6319/6319/5075 6320/6320/5076
f 6298/6298/5052 6320/6320/5076 6312/6312/5066
f 6309/6309/5063 6321/6321/5077 6298/6298/5052
f 6321/6321/5077 6322/6322/5078 6298/6298/5052
f 6321/6321/5077 6323/6323/5078 6322/6322/5078
f 6324/6324/5078 6323/6323/5078 6321/6321/5077
f 6298/6298/5052 6322/6322/5078 6325/6325/5079
f 6325/6325/5079 6322/6322/5078 6326/6326/5080
f 6325/6325/5079 6326/6326/5080 6327/6327/5081
f 6327/6327/5081 6326/6326/5080 6328/6328/5082
f 6328/6328/5082 6326/6326/5080 6329/6329/5083
f 6328/6328/5082 6329/6329/5083 6330/6330/5084
f 6330/6330/5084 6329/6329/5083 6331/6331/5085
f 6330/6330/5084 6331/6331/5085 6332/6332/5086
f 6320/6320/5087 6333/6333/5088 6334/6334/5089
f 6335/6335/5090 6333/6333/5088 6320/6320/5087
f 6335/6335/5090 6336/6336/5091 6333/6333/5088
f 6337/6337/5092 6338/6338/5092 6339/6339/5092
f 6340/6340/5093 6341/6341/5093 6342/6342/5094
f 6343/6343/5095 6344/6344/5096 6345/6345/5095
f 6182/6182/5097 6343/6343/5098 6346/6346/5099
f 6347/6347/5100 6348/6348/5100 6349/6349/5101
f 6350/6350/5102 6349/6349/5103 6351/6351/5102
f 6352/6352/5104 6353/6353/5105 6354/6354/5106
f 6355/6355/5107 6352/6352/5104 6354/6354/5106
f 6356/6356/5108 6352/6352/5104 6355/6355/5107
f 6357/6357/5109 6352/6352/5104 6356/6356/5108
f 6352/6352/5104 6357/6357/5109 6358/6358/5110
f 6359/6359/5111 6352/6352/5104 6358/6358/5110
f 6360/6360/5112 6352/6352/5104 6359/6359/5111
f 6361/6361/5113 6352/6352/5104 6360/6360/5112
f 6362/6362/5114 6352/6352/5104 6361/6361/5113
f 6362/6362/5114 6361/6361/5113 6363/6363/5115
f 6363/6363/5115 6361/6361/5113 6364/6364/5116
f 6361/6361/5113 6365/6365/5117 6364/6364/5116
f 6364/6364/5116 6365/6365/5117 6366/6366/5118
f 6364/6364/5116 6366/6366/5118 6367/6367/5119
f 6363/6363/5115 6364/6364/5116 6367/6367/5119
f 6363/6363/5115 6367/6367/5119 6368/6368/5120
f 6363/6363/5115 6368/6368/5120 6369/6369/5121
f 6369/6369/5121 6368/6368/5120 6370/6370/5122
f 6369/6369/5121 6370/6370/5122 6371/6371/5123
f 6372/6372/5124 6369/6369/5121 6371/6371/5123
f 6372/6372/5124 6371/6371/5123 6373/6373/5125
f 6374/6374/5126 6372/6372/5124 6373/6373/5125
f 6375/6375/5127 6376/6376/5127 6360/6360/5128
f 6352/6352/5104 6362/6362/5114 6377/6377/5129
f 6352/6352/5130 6378/6378/5131 6379/6379/5132
f 6379/6379/5132 6378/6378/5131 6380/6380/5133
f 6379/6379/5132 6380/6380/5133 6381/6381/5134
f 6381/6381/5134 6380/6380/5133 6382/6382/5135
f 6381/6381/5134 6382/6382/5135 6383/6383/5136
f 6383/6383/5137 6384/6384/5138 6385/6385/5137
f 6386/6386/5139 6387/6387/5140 6388/6388/5141
f 6388/6388/5141 6387/6387/5140 6389/6389/5142
f 6390/6390/5143 6386/6386/5139 6388/6388/5141
f 6389/6389/5142 6387/6387/5140 6391/6391/5144
f 6392/6392/5145 6389/6389/5142 6391/6391/5144
f 6388/6388/5141 6389/6389/5142 6393/6393/5146
f 6393/6393/5146 6389/6389/5142 6394/6394/5147
f 6394/6394/5147 6389/6389/5142 6395/6395/5148
f 6394/6394/5147 6395/6395/5148 6392/6392/5149
f 6396/6396/5150 6388/6388/5141 6393/6393/5146
f 6396/6396/5151 6390/6390/5152 6397/6397/5151
f 6398/6398/5153 6393/6393/5146 6394/6394/5147
f 6399/6399/5154 6391/6391/5144 6387/6387/5140
f 6400/6400/5155 6394/6394/5147 6392/6392/5149
f 6399/6399/5154 6387/6387/5140 6401/6401/5156
f 6401/6401/5156 6387/6387/5140 6402/6402/5157
f 6402/6402/5157 6387/6387/5140 6403/6403/5158
f 6404/6404/5159 6402/6402/5157 6403/6403/5158
f 6404/6404/5159 6403/6403/5158 6405/6405/5160
f 6405/6405/5160 6403/6403/5158 6406/6406/5161
f 6407/6407/5162 6406/6406/5161 6403/6403/5158
f 6407/6407/5162 6403/6403/5158 6408/6408/5163
f 6409/6409/5164 6408/6408/5163 6403/6403/5158
f 6409/6409/5164 6403/6403/5158 6410/6410/5165
f 6411/6411/5166 6398/6398/5167 6412/6412/5168
f 6411/6411/5166 6412/6412/5168 6400/6400/5169
f 6413/6413/5170 6414/6414/5171 6415/6415/5172
f 6416/6416/5173 6417/6417/5174 6418/6418/5175
f 6419/6419/5176 6420/6420/5177 6421/6421/5178
f 6422/6422/5179 6423/6423/5180 6424/6424/5181
f 6425/6425/5182 6426/6426/5183 6427/6427/5184
f 6428/6428/5185 6162/6162/4905 6164/6164/4907
f 6429/6429/5186 6428/6428/5185 6164/6164/4907
f 6164/6164/4907 6430/6430/5187 6429/6429/5186
f 6430/6430/5187 6431/6431/5188 6429/6429/5186
f 6431/6431/5188 6432/6432/5189 6429/6429/5186
f 6163/6163/4906 6433/6433/5190 6164/6164/4907
f 6434/6434/5191 6435/6435/5192 6436/6436/5193
f 6437/6437/5194 6438/6438/5195 6439/6439/5196
f 6440/6440/5197 6441/6441/5198 6442/6442/5197
f 6443/6443/5199 6442/6442/5200 6444/6444/5199
f 6445/6445/5201 6446/6446/5202 6447/6447/5202
f 6448/6448/5203 6449/6449/5204 6450/6450/5205
f 6451/6451/5206 6452/6452/5207 6453/6453/5208
f 6454/6454/5209 6455/6455/5209 6456/6456/5209
f 6454/6454/5210 6455/6455/5211 6457/6457/5212
f 6458/6458/5213 6459/6459/5214 6460/6460/5214
f 6461/6461/5215 6459/6459/5216 6460/6460/5216
f 6462/6462/5217 6463/6463/5217 6464/6464/5217
f 6465/6465/5218 6466/6466/5219 6467/6467/5219
f 6468/6468/5220 6469/6469/5221 6470/6470/5222
f 6471/6471/5223 6472/6472/5224 6473/6473/5225
f 6474/6474/5226 6472/6472/5227 6473/6473/5228
f 6474/6474/5226 6473/6473/5228 6475/6475/5229
f 6471/6471/5223 6473/6473/5225 6475/6475/5230
f 6471/6471/5231 6474/6474/5226 6475/6475/5229
f 6476/6476/5232 6474/6474/5233 6477/6477/5234
f 6476/6476/5232 6477/6477/5234 6478/6478/5235
f 6476/6476/5232 6478/6478/5235 6479/6479/5236
f 6479/6479/5237 6480/6480/5237 6478/6478/5238
f 6481/6481/5239 6482/6482/5240 6483/6483/5241
f 6481/6481/5239 6483/6483/5241 6484/6484/5242
f 6485/6485/5243 6486/6486/5243 6484/6484/5244
f 6487/6487/5245 6488/6488/5246 6489/6489/5247
f 6490/6490/5248 6487/6487/5245 6489/6489/5247
f 6490/6490/5248 6489/6489/5247 6491/6491/5249
f 6492/6492/5250 6493/6493/5251 6494/6494/5252
f 6495/6495/5253 6492/6492/5250 6494/6494/5252
f 6495/6495/5254 6496/6496/5255 6497/6497/5256
f 6498/6498/5257 6499/6499/5258 6497/6497/5259
f 6500/6500/5260 6499/6499/5258 6498/6498/5257
f 6501/6501/5261 6502/6502/5262 6503/6503/5262
f 6504/6504/5263 6505/6505/5263 6506/6506/5263
f 6507/6507/5264 6508/6508/5264 6509/6509/5264
f 6510/6510/5265 6511/6511/5265 6512/6512/5266
f 6513/6513/5267 6514/6514/5267 6515/6515/5268
f 6516/6516/5269 6517/6517/5270 6518/6518/5271
f 6519/6519/5272 6520/6520/5273 6521/6521/5274
f 6522/6522/5275 6523/6523/5276 6524/6524/5277
f 6525/6525/5278 6522/6522/5275 6524/6524/5277
f 6526/6526/5279 6527/6527/5280 6528/6528/5281
f 6529/6529/5282 6527/6527/5280 6526/6526/5279
f 6530/6530/5283 6531/6531/5284 6532/6532/5285
f 6530/6530/5283 6532/6532/5285 6533/6533/5286
f 6534/6534/5287 6535/6535/5288 6533/6533/5289
f 6536/6536/5290 6535/6535/5288 6534/6534/5287
f 6537/6537/5291 6538/6538/5292 6539/6539/5293
f 6540/6540/5294 6537/6537/5291 6539/6539/5293
f 6541/6541/5295 6542/6542/5296 6543/6543/5297
f 6544/6544/5298 6542/6542/5296 6541/6541/5295
f 6545/6545/5299 6541/6541/5300 6546/6546/5301
f 6547/6547/5302 6541/6541/5300 6545/6545/5299
f 6548/6548/5303 6545/6545/5304 6549/6549/5305
f 6549/6549/5305 6545/6545/5304 6550/6550/5306
f 6551/6551/5307 6552/6552/5308 6553/6553/5309
f 6554/6554/5310 6552/6552/5308 6551/6551/5307
f 6555/6555/5311 6551/6551/5312 6556/6556/5313
f 6557/6557/5314 6558/6558/5315 6559/6559/5316
f 6560/6560/5317 6557/6557/5314 6559/6559/5316
f 6560/6560/5317 6559/6559/5316 6561/6561/5318
f 6562/6562/5319 6563/6563/5320 6564/6564/5321
f 6562/6562/5319 6564/6564/5321 6565/6565/5322
f 6566/6566/5323 6567/6567/5324 6568/6568/5325
f 6569/6569/5326 6567/6567/5324 6566/6566/5323
f 6570/6570/5327 6569/6569/5326 6566/6566/5323
f 6571/6571/5328 6572/6572/5329 6573/6573/5328
f 6574/6574/5330 6575/6575/5331 6576/6576/5332
f 6577/6577/5333 6578/6578/5334 6579/6579/5335
f 6580/6580/5336 6577/6577/5337 6581/6581/5338
f 6582/6582/5339 6583/6583/5340 6584/6584/5341
f 6585/6585/5342 6586/6586/5342 6587/6587/5342
f 6588/6588/5343 6589/6589/5344 6590/6590/5344
f 6591/6591/5345 6592/6592/5346 6593/6593/5347
f 6594/6594/5348 6595/6595/5348 6596/6596/5348
f 6597/6597/5349 6598/6598/5350 6599/6599/5351
f 6600/6600/5352 6601/6601/5353 6602/6602/5354
f 6603/6603/5355 6604/6604/5355 6605/6605/5355
f 6606/6606/5356 6607/6607/5356 6608/6608/5356
f 6609/6609/5357 6610/6610/5357 6611/6611/5357
f 6612/6612/5358 6613/6613/5358 6614/6614/5358
f 6615/6615/5359 6616/6616/5360 6617/6617/5359
f 6618/6618/5361 6619/6619/5362 6620/6620/5363
f 6618/6618/5361 6620/6620/5363 6621/6621/5364
f 6622/6622/5365 6623/6623/5366 6624/6624/5367
f 6625/6625/5368 6622/6622/5365 6624/6624/5367
f 6626/6626/5369 6627/6627/5370 6628/6628/5371
f 6628/6628/5371 6627/6627/5370 6629/6629/5372
f 6630/6630/5373 6631/6631/5374 6632/6632/5375
f 6633/6633/5376 6630/6630/5373 6632/6632/5375
f 6633/6633/5376 6632/6632/5375 6634/6634/5377
f 6635/6635/5378 6636/6636/5379 6637/6637/5380
f 6638/6638/5381 6636/6636/5379 6635/6635/5378
f 6639/6639/5382 6640/6640/5382 6641/6641/5383
f 6642/6642/5384 6643/6643/5385 6644/6644/5385
f 6645/6645/5386 6646/6646/5387 6647/6647/5388
f 6648/6648/5389 6649/6649/5389 6650/6650/5389
f 6651/6651/5390 6652/6652/5390 6653/6653/5391
f 6654/6654/5392 6655/6655/5392 6656/6656/5392
f 6657/6657/5393 6658/6658/5394 6659/6659/5395
f 6659/6659/5395 6658/6658/5394 6660/6660/5396
f 6661/6661/5397 6662/6662/5397 6663/6663/5397
f 6664/6664/5398 6665/6665/5398 6666/6666/5399
f 6667/6667/5400 6668/6668/5400 6669/6669/5400
f 6670/6670/5401 6671/6671/5401 6672/6672/5401
f 6673/6673/5402 6674/6674/5403 6675/6675/5402
f 6676/6676/5404 6677/6677/5405 6678/6678/5406
f 6679/6679/5407 6680/6680/5407 6681/6681/5407
f 6682/6682/5408 6683/6683/5409 6684/6684/5408
f 6685/6685/5410 6686/6686/5410 6687/6687/5410
f 6688/6688/5411 6689/6689/5411 6690/6690/5411
f 6691/6691/5412 6692/6692/5412 6693/6693/5412
f 6694/6694/5413 6695/6695/5413 6696/6696/5414
f 6697/6697/5415 6698/6698/5416 6699/6699/5415
f 6700/6700/5417 6701/6701/5418 6702/6702/5418
f 6703/6703/5419 6704/6704/5420 6705/6705/5421
f 6706/6706/5422 6704/6704/5423 6707/6707/5424
f 6708/6708/5425 6706/6706/5422 6707/6707/5424
f 6709/6709/5426 6706/6706/5422 6708/6708/5425
f 6709/6709/5426 6708/6708/5425 6710/6710/5427
f 6708/6708/5425 6711/6711/5428 6710/6710/5427
f 6706/6706/5422 6709/6709/5426 6712/6712/5429
f 6713/6713/5430 6714/6714/5431 6715/6715/5431
f 6716/6716/5432 6717/6717/5432 6718/6718/5432
f 6719/6719/5433 6720/6720/5434 6721/6721/5435
f 6722/6722/5436 6723/6723/5437 6724/6724/5438
f 6725/6725/5439 6726/6726/5440 6727/6727/5441
f 6728/6728/5442 6725/6725/5439 6727/6727/5441
f 6729/6729/5443 6730/6730/5444 6731/6731/5445
f 6729/6729/5443 6731/6731/5445 6732/6732/5446
f 6733/6733/5447 6734/6734/5447 6735/6735/5447
f 6736/6736/5448 6737/6737/5449 6738/6738/5450
f 6739/6739/5451 6740/6740/5451 6741/6741/5452
f 6742/6742/5453 6743/6743/5453 6744/6744/5454
f 6745/6745/5455 6746/6746/5455 6747/6747/5455
f 6748/6748/5456 6749/6749/5456 6750/6750/5456
f 6751/6751/5457 6752/6752/5458 6753/6753/5459
f 6751/6751/5457 6753/6753/5459 6754/6754/5460
f 6755/6755/5461 6756/6756/5462 6757/6757/5463
f 6755/6755/5461 6757/6757/5463 6758/6758/5464
f 6759/6759/5465 6760/6760/5466 6761/6761/5467
f 6762/6762/5468 6760/6760/5466 6759/6759/5465
f 6763/6763/5469 6764/6764/5470 6765/6765/5471
f 6765/6765/5471 6764/6764/5470 6766/6766/5472
f 6765/6765/5471 6766/6766/5472 6767/6767/5473
f 6768/6768/5474 6769/6769/5475 6770/6770/5476
f 6771/6771/5477 6772/6772/5477 6773/6773/5477
f 6774/6774/5478 6775/6775/5479 6776/6776/5479
f 6777/6777/5480 6778/6778/5481 6779/6779/5482
f 6780/6780/5483 6781/6781/5484 6782/6782/5484
f 6783/6783/5485 6784/6784/5486 6785/6785/5485
f 6786/6786/5487 6231/6231/5488 6787/6787/5487
f 6788/6788/5489 6789/6789/5490 6790/6790/5491
f 6788/6788/5489 6790/6790/5491 6791/6791/5492
f 6792/6792/5493 6793/6793/5493 6794/6794/5494
f 6795/6795/5495 6796/6796/5495 6797/6797/5495
f 6798/6798/5496 6799/6799/5497 6800/6800/5498
f 6798/6798/5496 6800/6800/5498 6801/6801/5499
f 6802/6802/5500 6803/6803/5500 6804/6804/5501
f 6805/6805/5502 6803/6803/5503 6804/6804/5503
f 6806/6806/5504 6807/6807/5505 6808/6808/5506
f 6809/6809/5507 6810/6810/5508 6811/6811/5509
f 6812/6812/5510 6813/6813/5510 6814/6814/5510
f 6815/6815/5511 6816/6816/5511 6817/6817/5512
f 6818/6818/5513 6819/6819/5513 6820/6820/5514
f 6821/6821/5515 6822/6822/5516 6823/6823/5516
f 6824/6824/5517 6825/6825/5518 6826/6826/5519
f 6827/6827/5520 6825/6825/5518 6824/6824/5517
f 6828/6828/5521 6829/6829/5521 6826/6826/5522
f 6829/6829/5523 6826/6826/5524 6830/6830/5525
f 6830/6830/5525 6826/6826/5524 6831/6831/5526
f 6830/6830/5525 6831/6831/5526 6832/6832/5527
f 6832/6832/5528 6833/6833/5529 6834/6834/5530
f 6834/6834/5530 6833/6833/5529 6835/6835/5531
f 6836/6836/5532 6832/6832/5528 6834/6834/5530
f 6834/6834/5530 6835/6835/5531 6837/6837/5533
f 6837/6837/5533 6835/6835/5531 6838/6838/5534
f 6839/6839/5535 6836/6836/5532 6834/6834/5530
f 6840/6840/5536 6834/6834/5530 6837/6837/5533
f 6839/6839/5535 6834/6834/5530 6841/6841/5537
f 6842/6842/5538 6839/6839/5535 6841/6841/5537
f 6843/6843/5539 6837/6837/5533 6838/6838/5534
f 6840/6840/5536 6837/6837/5533 6843/6843/5539
f 6844/6844/5540 6840/6840/5536 6843/6843/5539
f 6845/6845/5541 6844/6844/5540 6843/6843/5539
f 6846/6846/5542 6845/6845/5541 6843/6843/5539
f 6847/6847/5543 6848/6848/5544 6836/6836/5545
f 6849/6849/5546 6840/6840/5547 6850/6850/5548
f 6849/6849/5546 6850/6850/5548 6845/6845/5549
f 6851/6851/5550 6843/6843/5551 6852/6852/5552
f 6853/6853/5553 6854/6854/5553 6855/6855/5553
f 6856/6856/5554 6857/6857/5555 6858/6858/5554
f 6856/6856/5556 6858/6858/5557 6859/6859/5558
f 6856/6856/5559 6858/6858/5560 6860/6860/5561
f 6860/6860/5562 6856/6856/5556 6859/6859/5558
f 6861/6861/5563 6862/6862/5564 6863/6863/5563
f 6864/6864/5565 6865/6865/5566 6866/6866/5567
f 6867/6867/5568 6868/6868/5569 6869/6869/5570
f 6867/6867/5568 6869/6869/5570 6870/6870/5571
f 6871/6871/5572 6872/6872/5572 6873/6873/5573
f 6874/6874/5574 6875/6875/5575 6876/6876/5576
f 6877/6877/5577 6878/6878/5578 6879/6879/5579
f 6879/6879/5579 6878/6878/5578 6880/6880/5580
f 6881/6881/5581 6882/6882/5582 6883/6883/5583
f 6884/6884/5584 6885/6885/5585 6886/6886/5586
f 6887/6887/5587 6888/6888/5588 6889/6889/5589
f 6890/6890/5590 6891/6891/5590 6892/6892/5590
f 6893/6893/5591 6894/6894/5592 6895/6895/5592
f 6896/6896/5593 6897/6897/5594 6898/6898/5594
f 6899/6899/5595 6900/6900/5596 6901/6901/5597
f 6899/6899/5595 6901/6901/5597 6902/6902/5598
f 6903/6903/5599 6904/6904/5600 6905/6905/5601
f 6906/6906/5602 6907/6907/5603 6908/6908/5604
f 6909/6909/5605 6907/6907/5603 6906/6906/5602
f 6910/6910/5606 6911/6911/5606 6912/6912/5606
f 6913/6913/5607 6911/6911/5608 6912/6912/5608
f 6914/6914/5609 6915/6915/5610 6916/6916/5611
f 6917/6917/5612 6918/6918/5613 6919/6919/5614
f 6920/6920/5615 6921/6921/5616 6922/6922/5617
f 6923/6923/5618 6924/6924/5619 6925/6925/5620
f 6926/6926/5621 6927/6927/5622 6928/6928/5623
f 6929/6929/5624 6926/6926/5621 6928/6928/5623
f 6930/6930/5625 6931/6931/5626 6932/6932/5627
f 6930/6930/5625 6932/6932/5627 6933/6933/5628
f 6934/6934/5629 6935/6935/5630 6936/6936/5631
f 6937/6937/5632 6938/6938/5633 6939/6939/5634
f 6940/6940/5635 6941/6941/5636 6942/6942/5637
f 6943/6943/5638 6944/6944/5639 6945/6945/5640
f 6946/6946/5641 6947/6947/5642 6948/6948/5643
f 6949/6949/5644 6950/6950/5645 6951/6951/5645
f 6952/6952/5646 6953/6953/5647 6954/6954/5648
f 6955/6955/5649 6956/6956/5650 6957/6957/5651
f 6958/6958/5652 6959/6959/5652 6960/6960/5653
f 6961/6961/5654 6962/6962/5655 6963/6963/5656
f 6964/6964/5657 6965/6965/5657 6966/6966/5657
f 6967/6967/5658 6968/6968/5659 6969/6969/5660
f 6970/6970/5661 6971/6971/5662 6972/6972/5663
f 6973/6973/5664 6974/6974/5665 6975/6975/5664
f 6976/6976/5666 6977/6977/5667 6978/6978/5667
f 6979/6979/5668 6980/6980/5669 6981/6981/5670
f 6982/6982/5671 6983/6983/5671 6984/6984/5671
f 6985/6985/5672 6986/6986/5673 6987/6987/5674
f 6985/6985/5672 6987/6987/5674 6988/6988/5675
f 6989/6989/5676 6990/6990/5677 6991/6991/5678
f 6992/6992/5679 6993/6993/5680 6994/6994/5681
f 6995/6995/5682 6996/6996/5683 6997/6997/5684
f 6998/6998/5685 6995/6995/5682 6997/6997/5684
f 6999/6999/5686 6998/6998/5687 7000/7000/5688
f 6999/6999/5686 7000/7000/5688 7001/7001/5689
f 7001/7001/5689 7000/7000/5688 7002/7002/5690
f 7001/7001/5689 7002/7002/5690 7003/7003/5691
f 7004/7004/5692 7005/7005/5693 7006/7006/5694
f 7007/7007/5695 7008/7008/5696 7009/7009/5697
f 7010/7010/5698 7011/7011/5699 7012/7012/5700
f 7013/7013/5701 7014/7014/5702 7015/7015/5703
f 7016/7016/5704 7017/7017/5705 7018/7018/5706
f 7019/7019/5707 7020/7020/5708 7021/7021/5709
f 7022/7022/5710 7023/7023/5711 7024/7024/5712
f 7025/7025/5713 7026/7026/5714 7027/7027/5715
f 7028/7028/5716 7029/7029/5717 7030/7030/5718
f 7031/7031/5719 7032/7032/5720 7033/7033/5721
f 7034/7034/5722 7035/7035/5723 7036/7036/5724
f 7037/7037/5725 7038/7038/5726 7039/7039/5727
f 7040/7040/5728 7038/7038/5726 7037/7037/5725
f 7041/7041/5729 7042/7042/5729 7043/7043/5729
f 7044/7044/5730 7045/7045/5731 7046/7046/5732
f 7047/7047/5733 7048/7048/5734 7049/7049/5735
f 7049/7049/5735 7048/7048/5734 7050/7050/5736
f 7051/7051/5737 7050/7050/5738 7052/7052/5739
f 7051/7051/5740 7050/7050/5741 7053/7053/5742
f 7054/7054/5743 7055/7055/5744 7056/7056/5743
f 7057/7057/5745 7058/7058/5745 7059/7059/5745
f 7060/7060/5746 7061/7061/5746 7062/7062/5747
f 7063/7063/5748 7061/7061/5749 7062/7062/5750
f 7063/7063/5748 7062/7062/5750 7064/7064/5751
f 7065/7065/5752 7066/7066/5753 7067/7067/5754
f 7068/7068/5755 7069/7069/5756 7070/7070/5757
f 7071/7071/5758 7072/7072/5759 7073/7073/5760
f 7074/7074/5761 7075/7075/5762 7076/7076/5763
f 7077/7077/5764 7076/7076/5765 7078/7078/5766
f 7079/7079/5767 7080/7080/5768 7081/7081/5769
f 7082/7082/5770 7079/7079/5767 7081/7081/5769
f 7083/7083/5771 7084/7084/5772 7085/7085/5773
f 7086/7086/5774 7087/7087/5775 7088/7088/5776
f 7089/7089/5777 7090/7090/5778 7091/7091/5779
f 7089/7089/5777 7091/7091/5779 7092/7092/5780
f 7093/7093/5781 7094/7094/5781 7095/7095/5781
f 7093/7093/5782 6251/6251/5783 7095/7095/5784
f 7096/7096/5785 7097/7097/5786 7098/7098/5787
f 7099/7099/5788 7100/7100/5789 7101/7101/5790
f 7102/7102/5791 7099/7099/5788 7101/7101/5790
f 7103/7103/5792 7104/7104/5793 7105/7105/5793
f 7106/7106/5794 7107/7107/5794 7108/7108/5795
f 7109/7109/5796 7110/7110/5797 7111/7111/5798
f 7112/7112/5799 7113/7113/5800 7114/7114/5801
f 7115/7115/5802 7116/7116/5802 7117/7117/5802
f 7118/7118/5803 7119/7119/5803 7120/7120/5803
f 7121/7121/5804 7122/7122/5805 7123/7123/5806
f 7124/7124/5807 7121/7121/5804 7123/7123/5806
f 7125/7125/5808 7126/7126/5808 7127/7127/5808
f 7128/7128/5809 7129/7129/5810 7130/7130/5811
f 7131/7131/5812 7132/7132/5813 7133/7133/5814
f 7134/7134/5815 7131/7131/5812 7133/7133/5814
f 7135/7135/5816 7136/7136/5817 7137/7137/5818
f 7138/7138/5819 7136/7136/5817 7135/7135/5816
f 7139/7139/5820 7136/7136/5817 7138/7138/5819
f 7140/7140/5821 7139/7139/5820 7138/7138/5819
f 7141/7141/5822 7139/7139/5822 7142/7142/5822
f 7143/7143/5823 7144/7144/5824 7145/7145/5825
f 7146/7146/5826 7143/7143/5823 7145/7145/5825
f 7147/7147/5827 7148/7148/5827 7149/7149/5827
f 7150/7150/5828 7151/7151/5829 7152/7152/5830
f 7153/7153/5831 7151/7151/5829 7150/7150/5828
f 7154/7154/5832 7155/7155/5832 7156/7156/5832
f 7157/7157/5833 7158/7158/5834 7159/7159/5835
f 7160/7160/5836 7161/7161/5836 7162/7162/5836
f 7163/7163/5837 7164/7164/5838 7165/7165/5839
f 7166/7166/5840 7167/7167/5841 7168/7168/5842
f 7169/7169/5843 7166/7166/5840 7168/7168/5842
f 7167/7167/5841 7166/7166/5840 7170/7170/5844
f 7167/7167/5841 7170/7170/5844 7171/7171/5845
f 7170/7170/5844 7172/7172/5846 7171/7171/5845
f 7171/7171/5845 7172/7172/5846 7173/7173/5847
f 7171/7171/5845 7173/7173/5847 7174/7174/5848
f 7175/7175/5849 7169/7169/5843 7168/7168/5842
f 7167/7167/5841 7176/7176/5850 7168/7168/5842
f 7177/7177/5851 7178/7178/5852 7179/7179/5853
f 7180/7180/5854 7178/7178/5852 7177/7177/5851
f 7179/7179/5855 7181/7181/5856 7182/7182/5857
f 7183/7183/5858 7180/7180/5859 7184/7184/5858
f 7185/7185/5860 7186/7186/5861 7187/7187/5862
f 7188/7188/5863 7185/7185/5860 7187/7187/5862
f 7189/7189/5864 7187/7187/5865 7190/7190/5864
f 7191/7191/5866 7192/7192/5867 7193/7193/5866
f 7194/7194/5868 7195/7195/5869 7196/7196/5870
f 7197/7197/5871 7194/7194/5868 7196/7196/5870
f 7198/7198/5872 7199/7199/5872 7200/7200/5872
f 7201/7201/5873 7202/7202/5874 7203/7203/5873
f 7204/7204/5875 7205/7205/5876 7206/7206/5875
f 7207/7207/5877 7208/7208/5878 7209/7209/5877
f 7210/7210/5879 7211/7211/5880 7212/7212/5879
f 7213/7213/5881 7214/7214/5881 7215/7215/5881
f 7216/7216/5882 7217/7217/5883 7218/7218/5884
f 7218/7218/5884 7217/7217/5883 7219/7219/5885
f 7220/7220/5886 7221/7221/5886 7222/7222/5886
f 7223/7223/5887 7224/7224/5887 7225/7225/5887
f 7226/7226/5888 7227/7227/5889 7228/7228/5889
f 7229/7229/5890 7230/7230/5891 7231/7231/5891
f 7232/7232/5892 7233/7233/5893 7234/7234/5894
f 7235/7235/5895 7236/7236/5896 7237/7237/5897
f 7238/7238/5898 7239/7239/5899 7240/7240/5900
f 7241/7241/5901 7242/7242/5902 7243/7243/5903
f 7244/7244/5904 7245/7245/5905 7246/7246/5906
f 7246/7246/5906 7245/7245/5905 7247/7247/5907
f 7248/7248/5908 7246/7246/5906 7247/7247/5907
f 7249/7249/5909 7250/7250/5910 7251/7251/5911
f 7252/7252/5912 7253/7253/5913 7254/7254/5914
f 7255/7255/5915 7256/7256/5916 7257/7257/5917
f 7258/7258/5918 7259/7259/5919 7260/7260/5920
f 7261/7261/5921 7262/7262/5922 7263/7263/5923
f 7264/7264/5924 7265/7265/5924 7266/7266/5925
f 7267/7267/5926 7268/7268/5927 7269/7269/5927
f 7270/7270/5928 7271/7271/5929 7272/7272/5930
f 7273/7273/5931 7271/7271/5929 7270/7270/5928
f 7274/7274/5932 7271/7271/5929 7273/7273/5931
f 7275/7275/5933 7271/7271/5929 7274/7274/5932
f 7276/7276/5934 7273/7273/5931 7270/7270/5928
f 7277/7277/5935 7273/7273/5931 7276/7276/5934
f 7278/7278/5936 7276/7276/5934 7270/7270/5928
f 7279/7279/5937 7278/7278/5936 7270/7270/5928
f 7272/7272/5930 7280/7280/5938 7270/7270/5928
f 7280/7280/5938 7281/7281/5939 7270/7270/5928
f 7272/7272/5930 7282/7282/5940 7280/7280/5938
f 7283/7283/5941 7271/7271/5929 7275/7275/5933
f 7284/7284/5942 7283/7283/5941 7275/7275/5933
f 7285/7285/5943 7283/7283/5941 7284/7284/5942
f 7271/7271/5929 7286/7286/5944 7272/7272/5930
f 7284/7284/5942 7287/7287/5945 7285/7285/5943
f 7288/7288/5946 7287/7287/5945 7284/7284/5942
f 7288/7288/5946 7289/7289/5947 7287/7287/5945
f 7290/7290/5948 7289/7289/5947 7288/7288/5946
f 7291/7291/5949 7290/7290/5948 7288/7288/5946
f 7292/7292/5950 7291/7291/5949 7288/7288/5946
f 7293/7293/5951 7284/7284/5942 7275/7275/5933
f 7294/7294/5952 7284/7284/5942 7293/7293/5951
f 7294/7294/5952 7293/7293/5951 7295/7295/5953
f 7295/7295/5953 7293/7293/5951 7296/7296/5954
f 7297/7297/5955 7298/7298/5956 7299/7299/5957
f 7297/7297/5955 7299/7299/5957 7300/7300/5958
f 7297/7297/5955 7300/7300/5958 7301/7301/5959
f 7297/7297/5955 7301/7301/5959 7302/7302/5960
f 7301/7301/5959 7303/7303/5961 7302/7302/5960
f 7303/7303/5961 7304/7304/5962 7302/7302/5960
f 7304/7304/5962 7305/7305/5963 7302/7302/5960
f 7305/7305/5963 7306/7306/5964 7302/7302/5960
f 7306/7306/5964 7307/7307/5965 7302/7302/5960
f 7307/7307/5965 7308/7308/5966 7302/7302/5960
f 7308/7308/5966 7309/7309/5967 7302/7302/5960
f 7309/7309/5967 7310/7310/5961 7302/7302/5960
f 7310/7310/5961 7311/7311/5961 7302/7302/5960
f 7311/7311/5961 7312/7312/5968 7302/7302/5960
f 7312/7312/5968 7313/7313/5961 7302/7302/5960
f 7313/7313/5961 7314/7314/5969 7302/7302/5960
f 7314/7314/5969 7315/7315/5970 7302/7302/5960
f 7315/7315/5970 7316/7316/5963 7302/7302/5960
f 7316/7316/5963 7317/7317/5971 7302/7302/5960
f 7317/7317/5971 7318/7318/5972 7302/7302/5960
f 7318/7318/5972 7319/7319/5973 7302/7302/5960
f 7319/7319/5973 7320/7320/5970 7302/7302/5960
f 7320/7320/5970 7321/7321/5974 7302/7302/5960
f 7321/7321/5974 7322/7322/5967 7302/7302/5960
f 7322/7322/5967 7323/7323/5961 7302/7302/5960
f 7323/7323/5961 7324/7324/5975 7302/7302/5960
f 7324/7324/5975 7325/7325/5971 7302/7302/5960
f 7325/7325/5971 7326/7326/5976 7302/7302/5960
f 7326/7326/5976 7327/7327/5977 7302/7302/5960
f 7327/7327/5977 7328/7328/5977 7302/7302/5960
f 7328/7328/5977 7329/7329/5978 7302/7302/5960
f 7302/7302/5960 7329/7329/5978 7330/7330/5979
f 7297/7297/5955 7302/7302/5960 7331/7331/5980
f 7331/7331/5980 7302/7302/5960 7332/7332/5981
f 7331/7331/5980 7332/7332/5981 7333/7333/5982
f 7334/7334/5983 7335/7335/5984 7336/7336/5983
f 7337/7337/5985 7338/7338/5986 7339/7339/5987
f 7340/7340/5988 7338/7338/5986 7337/7337/5985
f 7341/7341/5989 7342/7342/5989 7343/7343/5989
f 7344/7344/5990 7345/7345/5990 7346/7346/5990
f 7347/7347/5991 7348/7348/5991 7349/7349/5991
f 7350/7350/5992 7351/7351/5992 7352/7352/5992
f 7353/7353/5993 7354/7354/5994 7355/7355/5995
f 7353/7353/5993 7355/7355/5995 7356/7356/5996
f 7353/7353/5993 7356/7356/5996 7357/7357/5997
f 7358/7358/5998 7359/7359/5998 7360/7360/5999
f 7361/7361/6000 7362/7362/6000 7363/7363/6000
f 7364/7364/6001 7365/7365/6001 7366/7366/6001
f 7367/7367/6002 7368/7368/6003 7369/7369/6004
f 7370/7370/6005 7368/7368/6003 7367/7367/6002
f 7369/7369/6004 7368/7368/6003 7371/7371/6006
f 7371/7371/6006 7368/7368/6003 7372/7372/6007
f 7372/7372/6007 7368/7368/6003 7373/7373/6008
f 7374/7374/6009 7375/7375/6009 7376/7376/6009
f 7377/7377/6010 7378/7378/6010 7379/7379/6010
f 7380/7380/6011 7381/7381/6012 7382/7382/6013
f 7380/7380/6011 7382/7382/6013 7383/7383/6014
f 7384/7384/6015 7380/7380/6011 7383/7383/6014
f 7385/7385/6016 7381/7381/6017 7386/7386/6018
f 7387/7387/6019 7381/7381/6017 7385/7385/6016
f 7388/7388/6020 7381/7381/6017 7387/7387/6019
f 7389/7389/6021 7390/7390/6021 7391/7391/6021
f 7392/7392/6022 7393/7393/6023 7394/7394/6022
f 7395/7395/6024 7396/7396/6025 7397/7397/6026
f 7397/7397/6026 7396/7396/6025 7398/7398/6027
f 7397/7397/6026 7399/7399/6028 7395/7395/6024
f 7395/7395/6024 7399/7399/6028 7400/7400/6029
f 7399/7399/6028 7401/7401/6030 7400/7400/6029
f 7402/7402/6031 7400/7400/6029 7401/7401/6030
f 7402/7402/6031 7403/7403/6032 7400/7400/6029
f 7403/7403/6032 7404/7404/6033 7400/7400/6029
f 7404/7404/6033 7405/7405/6034 7400/7400/6029
f 7406/7406/6035 7395/7395/6024 7400/7400/6029
f 7407/7407/6036 7395/7395/6024 7406/7406/6035
f 7408/7408/6037 7395/7395/6024 7407/7407/6036
f 7409/7409/6038 7395/7395/6024 7408/7408/6037
f 7410/7410/6039 7395/7395/6024 7409/7409/6038
f 7411/7411/6040 7395/7395/6024 7410/7410/6039
f 7406/7406/6035 7400/7400/6029 7412/7412/6041
f 7400/7400/6029 7413/7413/6042 7412/7412/6041
f 7414/7414/6043 7412/7412/6041 7413/7413/6042
f 7415/7415/6044 7414/7414/6043 7413/7413/6042
f 7416/7416/6045 7415/7415/6044 7413/7413/6042
f 7417/7417/6046 7416/7416/6045 7413/7413/6042
f 7417/7417/6046 7418/7418/6047 7416/7416/6045
f 7419/7419/6048 7411/7411/6040 7410/7410/6039
f 7410/7410/6039 7420/7420/6049 7419/7419/6048
f 7420/7420/6049 7410/7410/6039 7421/7421/6050
f 7410/7410/6039 7422/7422/6051 7421/7421/6050
f 7422/7422/6051 7410/7410/6039 7423/7423/6052
f 7410/7410/6039 7424/7424/6053 7423/7423/6052
f 7424/7424/6053 7410/7410/6039 7425/7425/6054
f 7419/7419/6048 7420/7420/6049 7426/7426/6055
f 7419/7419/6048 7426/7426/6055 7427/7427/6056
f 7419/7419/6048 7427/7427/6056 7428/7428/6057
f 7410/7410/6039 7429/7429/6058 7425/7425/6054
f 7419/7419/6048 7430/7430/6059 7431/7431/6060
f 7411/7411/6040 7419/7419/6048 7431/7431/6060
f 7432/7432/6061 7433/7433/6062 7434/7434/6063
f 7434/7434/6063 7433/7433/6062 7435/7435/6064
f 7435/7435/6064 7433/7433/6062 7436/7436/6065
f 7432/7432/6061 7434/7434/6063 7437/7437/6066
f 7437/7437/6066 7434/7434/6063 7435/7435/6064
f 7438/7438/6067 7432/7432/6061 7437/7437/6066
f 7439/7439/6068 7432/7432/6061 7438/7438/6067
f 7440/7440/6069 7441/7441/6070 7442/7442/6071
f 7443/7443/6072 7444/7444/6073 7445/7445/6074
f 7446/7446/6075 7447/7447/6075 7448/7448/6075
f 7449/7449/6076 7450/7450/6076 7451/7451/6076
f 7452/7452/6077 7453/7453/6078 7454/7454/6079
f 7455/7455/6080 7456/7456/6081 7457/7457/6082
f 7458/7458/6083 7456/7456/6081 7455/7455/6080
f 7459/7459/6084 7460/7460/6085 7461/7461/6086
f 7462/7462/6087 7463/7463/6088 7464/7464/6089
f 7465/7465/6090 7466/7466/6091 7467/7467/6092
f 7468/7468/6093 7469/7469/6094 7465/7465/6095
f 7470/7470/6096 7471/7471/6097 7472/7472/6098
f 7473/7473/6099 7474/7474/6100 7475/7475/6099
f 7476/7476/6101 7477/7477/6101 7478/7478/6101
f 7476/7476/6102 7479/7479/6103 7480/7480/6104
f 7480/7480/6104 7479/7479/6103 7481/7481/6105
f 7481/7481/6105 7479/7479/6103 7482/7482/6106
f 7482/7482/6106 7479/7479/6103 7483/7483/6107
f 7482/7482/6108 7484/7484/6109 7483/7483/6110
f 7484/7484/6109 7485/7485/6111 7483/7483/6110
f 7483/7483/6112 7486/7486/6113 7487/7487/6114
f 7486/7486/6113 7488/7488/6115 7487/7487/6114
f 7489/7489/6116 7490/7490/6117 7491/7491/6118
f 7492/7492/6119 7489/7489/6116 7491/7491/6118
f 7490/7490/6120 7493/7493/6121 7494/7494/6122
f 7495/7495/6123 7496/7496/6123 7497/7497/6123
f 7498/7498/6124 7499/7499/6124 7500/7500/6125
f 7501/7501/6126 7502/7502/6127 7503/7503/6128
f 7501/7501/6126 7504/7504/6129 7502/7502/6127
f 7505/7505/6130 7501/7501/6126 7503/7503/6128
f 7506/7506/6131 7507/7507/6131 7508/7508/6131
f 7509/7509/6132 7510/7510/6133 7511/7511/6134
f 7512/7512/6135 7509/7509/6132 7511/7511/6134
f 7513/7513/6136 7514/7514/6137 7515/7515/6138
f 7516/7516/6139 7517/7517/6140 7518/7518/6141
f 7516/7516/6139 7518/7518/6141 7519/7519/6142
f 7520/7520/6143 7516/7516/6144 7519/7519/6145
f 7521/7521/6146 7516/7516/6147 7519/7519/6148
f 7522/7522/6149 7517/7517/6150 7523/7523/6149
f 7524/7524/6151 7525/7525/6152 7526/7526/6153
f 7527/7527/6154 7528/7528/6155 7529/7529/6156
f 7530/7530/6157 7531/7531/6158 7532/7532/6159
f 7533/7533/6160 7534/7534/6161 7535/7535/6162
f 7536/7536/6163 7537/7537/6164 7538/7538/6163
f 7539/7539/6165 7540/7540/6166 7541/7541/6167
f 7542/7542/6168 7539/7539/6169 7543/7543/6170
f 7544/7544/6171 7542/7542/6168 7543/7543/6170
f 7545/7545/6172 7546/7546/6172 7547/7547/6172
f 7548/7548/6173 7549/7549/6174 7550/7550/6175
f 7551/7551/6176 7552/7552/6177 7553/7553/6178
f 7554/7554/6179 7551/7551/6176 7553/7553/6178
f 7555/7555/6180 7556/7556/6181 7557/7557/6182
f 7555/7555/6180 7557/7557/6182 7558/7558/6183
f 7559/7559/6184 7560/7560/6184 7561/7561/6184
f 7562/7562/6185 7563/7563/6186 7564/7564/6187
f 7564/7564/6187 7563/7563/6186 7565/7565/6188
f 7566/7566/6189 7567/7567/6189 7568/7568/6189
f 7569/7569/6190 7570/7570/6191 7571/7571/6192
f 7572/7572/6193 7573/7573/6193 7574/7574/6193
f 7575/7575/6194 7576/7576/6194 7577/7577/6194
f 7578/7578/6195 7579/7579/6195 7580/7580/6195
f 7581/7581/6196 7582/7582/6196 7583/7583/6197
f 7584/7584/6198 7585/7585/6199 7586/7586/6200
f 7584/7584/6198 7586/7586/6200 7587/7587/6201
f 7588/7588/6202 7589/7589/6203 7590/7590/6204
f 7591/7591/6205 7592/7592/6206 7593/7593/6207
f 7594/7594/6208 7595/7595/6208 7596/7596/6208
f 7597/7597/6209 7598/7598/6209 7599/7599/6209
f 7600/7600/6210 7601/7601/6211 7602/7602/6212
f 7603/7603/6213 7604/7604/6214 7605/7605/6215
f 7606/7606/6216 7607/7607/6217 7608/7608/6218
f 7609/7609/6219 7610/7610/6220 7611/7611/6221
f 7612/7612/6222 7613/7613/6223 7614/7614/6224
f 7615/7615/6225 7616/7616/6226 7617/7617/6227
f 7618/7618/6228 7619/7619/6229 7620/7620/6230
f 7618/7618/6228 7620/7620/6230 7621/7621/6231
f 7621/7621/6231 7620/7620/6230 7622/7622/6232
f 7622/7622/6232 7620/7620/6230 7623/7623/6233
f 7620/7620/6230 7624/7624/6234 7623/7623/6233
f 7623/7623/6233 7624/7624/6234 7625/7625/6235
f 7623/7623/6233 7625/7625/6235 7626/7626/6236
f 7626/7626/6236 7625/7625/6235 7627/7627/6237
f 7628/7628/6238 7626/7626/6236 7627/7627/6237
f 7629/7629/6239 7630/7630/6240 7631/7631/6241
f 7632/7632/6242 7633/7633/6243 7634/7634/6243
f 7635/7635/6244 7636/7636/6244 7637/7637/6244
f 7638/7638/6245 7639/7639/6245 7640/7640/6245
f 7641/7641/6246 7642/7642/6247 7643/7643/6248
f 7644/7644/6249 7645/7645/6250 7646/7646/6249
f 7647/7647/6251 7648/7648/6251 7649/7649/6251
f 7650/7650/6252 7651/7651/6252 7652/7652/6252
f 7653/7653/6253 7654/7654/6254 7655/7655/6255
f 7656/7656/6256 7657/7657/6257 7658/7658/6256
f 7659/7659/6258 7660/7660/6259 7661/7661/6259
f 7662/7662/6260 7663/7663/6261 7664/7664/6260
f 7665/7665/6262 7666/7666/6263 7667/7667/6264
f 7668/7668/6265 7669/7669/6266 7670/7670/6267
f 7671/7671/6268 7668/7668/6265 7670/7670/6267
f 7672/7672/6269 7673/7673/6270 7674/7674/6271
f 7675/7675/6272 7676/7676/6273 7677/7677/6273
f 7678/7678/6274 7679/7679/6275 7680/7680/6276
f 7681/7681/6277 7678/7678/6274 7680/7680/6276
f 7681/7681/6277 7680/7680/6276 7682/7682/6278
f 7683/7683/6279 7684/7684/6280 7685/7685/6279
f 7686/7686/6281 7687/7687/6282 7688/7688/6283
f 7689/7689/6284 7687/7687/6282 7686/7686/6281
f 7686/7686/6281 7688/7688/6283 7690/7690/6285
f 7691/7691/6286 7686/7686/6281 7690/7690/6285
f 7692/7692/6287 7688/7688/6288 7693/7693/6287
f 7691/7691/6289 7694/7694/6290 7695/7695/6291
f 7696/7696/6292 7691/7691/6289 7695/7695/6291
f 7697/7697/6293 7698/7698/6293 7699/7699/6293
f 7700/7700/6294 7701/7701/6295 7702/7702/6296
f 7702/7702/6296 7701/7701/6295 7703/7703/6297
f 7704/7704/6298 7705/7705/6299 7706/7706/6300
f 7707/7707/6301 7708/7708/6302 7709/7709/6303
f 7707/7707/6301 7709/7709/6303 7710/7710/6304
f 7711/7711/6305 7707/7707/6301 7710/7710/6304
f 7710/7710/6306 7712/7712/6307 7713/7713/6308
f 7714/7714/6309 7715/7715/6310 7716/7716/6311
f 7717/7717/6312 7714/7714/6309 7716/7716/6311
f 7718/7718/6313 7719/7719/6314 7720/7720/6313
f 7721/7721/6315 7722/7722/6316 7723/7723/6317
f 7724/7724/6318 7725/7725/6319 7726/7726/6320
f 7727/7727/6321 7728/7728/6322 7729/7729/6323
f 7730/7730/6324 7731/7731/6325 7732/7732/6326
f 7730/7730/6324 7732/7732/6326 7733/7733/6327
f 7734/7734/6328 7735/7735/6329 7736/7736/6329
f 7737/7737/6330 7738/7738/6330 7739/7739/6330
f 7740/7740/6331 7741/7741/6332 7742/7742/6331
f 7743/7743/6333 7744/7744/6334 7745/7745/6335
f 7743/7743/6333 7745/7745/6335 7746/7746/6336
f 7747/7747/6337 7743/7743/6333 7746/7746/6336
f 7748/7748/6338 7749/7749/6338 7750/7750/6339
f 7751/7751/6340 7752/7752/6341 7753/7753/6342
f 7751/7751/6340 7753/7753/6342 7754/7754/6343
f 7755/7755/6344 7751/7751/6340 7754/7754/6343
f 7755/7755/6344 7754/7754/6343 7756/7756/6345
f 7757/7757/6346 7758/7758/6347 7759/7759/6348
f 7760/7760/6349 7761/7761/6350 7762/7762/6351
f 7760/7760/6349 7762/7762/6351 7763/7763/6352
f 7764/7764/6353 7765/7765/6354 7766/7766/6355
f 7764/7764/6353 7766/7766/6355 7767/7767/6356
f 7767/7767/6356 7766/7766/6355 7768/7768/6357
f 7767/7767/6356 7768/7768/6357 7769/7769/6358
f 7769/7769/6358 7768/7768/6357 7770/7770/6359
f 7769/7769/6358 7770/7770/6359 7771/7771/6360
f 7771/7771/6360 7770/7770/6359 7772/7772/6361
f 7771/7771/6360 7772/7772/6361 7773/7773/6362
f 7773/7773/6362 7772/7772/6361 7774/7774/6363
f 7773/7773/6362 7774/7774/6363 7775/7775/6364
f 7776/7776/6365 7777/7777/6366 7778/7778/6367
f 7779/7779/6368 7780/7780/6369 7781/7781/6370
f 7782/7782/6371 7783/7783/6372 7784/7784/6372
f 7782/7782/6373 7785/7785/6374 7786/7786/6375
f 7786/7786/6375 7785/7785/6374 7787/7787/6376
f 7786/7786/6377 7787/7787/6378 7788/7788/6379
f 7788/7788/6379 7787/7787/6378 7789/7789/6380
f 7786/7786/6381 7787/7787/6382 7790/7790/6383
f 7788/7788/6384 7791/7791/6385 7790/7790/6386
f 7788/7788/6384 7790/7790/6386 7792/7792/6387
f 7793/7793/6388 7785/7785/6389 7794/7794/6390
f 7786/7786/6391 7793/7793/6388 7794/7794/6390
f 7795/7795/6392 7796/7796/6393 7797/7797/6394
f 7798/7798/6395 7799/7799/6395 7800/7800/6396
f 7801/7801/6397 7802/7802/6397 7803/7803/6398
f 7804/7804/6399 7805/7805/6400 7806/7806/6401
f 7804/7804/6399 7806/7806/6401 7807/7807/6402
f 7807/7807/6402 7806/7806/6401 7808/7808/6403
f 7808/7808/6403 7806/7806/6401 7809/7809/6404
f 7808/7808/6403 7809/7809/6404 7810/7810/6405
f 7810/7810/6405 7809/7809/6404 7811/7811/6406
f 7812/7812/6407 7808/7808/6403 7810/7810/6405
f 7813/7813/6408 7812/7812/6407 7810/7810/6405
f 7810/7810/6405 7811/7811/6406 7814/7814/6409
f 7813/7813/6408 7810/7810/6405 7814/7814/6409
f 7815/7815/6410 7816/7816/6410 7810/7810/6411
f 7817/7817/6412 7818/7818/6413 7819/7819/6414
f 7817/7817/6412 7819/7819/6414 7820/7820/6415
f 7821/7821/6416 7822/7822/6416 7823/7823/6416
f 7824/7824/6417 7825/7825/6418 7826/7826/6419
f 7824/7824/6417 7826/7826/6419 7827/7827/6420
f 7827/7827/6420 7826/7826/6419 7828/7828/6421
f 7827/7827/6420 7828/7828/6421 7829/7829/6422
f 7830/7830/6423 7831/7831/6424 7832/7832/6425
f 7830/7830/6423 7832/7832/6425 7833/7833/6426
f 7834/7834/6427 7835/7835/6428 7836/7836/6429
f 7837/7837/6430 7834/7834/6427 7836/7836/6429
f 7837/7837/6430 7836/7836/6429 7838/7838/6431
f 7838/7838/6431 7836/7836/6429 7839/7839/6432
f 7840/7840/6433 7841/7841/6434 7842/7842/6435
f 7843/7843/6436 7844/7844/6436 7845/7845/6437
f 7846/7846/6438 7847/7847/6439 7848/7848/6440
f 7849/7849/6441 7850/7850/6441 7851/7851/6441
f 7852/7852/6442 7853/7853/6442 7854/7854/6442
f 7855/7855/6443 7856/7856/6444 7857/7857/6445
f 7855/7855/6443 7858/7858/6446 7856/7856/6444
f 7858/7858/6446 7859/7859/6447 7856/7856/6444
f 7860/7860/6448 7858/7858/6446 7855/7855/6443
f 7861/7861/6449 7855/7855/6443 7857/7857/6445
f 7862/7862/6450 7855/7855/6443 7861/7861/6449
f 7863/7863/6451 7855/7855/6443 7862/7862/6450
f 7864/7864/6452 7855/7855/6443 7863/7863/6451
f 7865/7865/6453 7855/7855/6443 7864/7864/6452
f 7866/7866/6454 7855/7855/6443 7865/7865/6453
f 7866/7866/6454 7867/7867/6455 7855/7855/6443
f 7867/7867/6455 7868/7868/6456 7855/7855/6443
f 7868/7868/6456 7869/7869/6457 7855/7855/6443
f 7870/7870/6458 7855/7855/6443 7869/7869/6457
f 7862/7862/6450 7861/7861/6449 7871/7871/6459
f 7872/7872/6460 7862/7862/6450 7871/7871/6459
f 7873/7873/6461 7872/7872/6460 7871/7871/6459
f 7873/7873/6461 7874/7874/6462 7872/7872/6460
f 7875/7875/6463 7862/7862/6450 7872/7872/6460
f 7874/7874/6462 7875/7875/6463 7872/7872/6460
f 7875/7875/6463 7876/7876/6464 7862/7862/6450
f 7877/7877/6465 7876/7876/6464 7875/7875/6463
f 7875/7875/6463 7878/7878/6466 7877/7877/6465
f 7877/7877/6465 7878/7878/6466 7879/7879/6467
f 7880/7880/6468 7875/7875/6463 7874/7874/6462
f 7880/7880/6468 7881/7881/6469 7875/7875/6463
f 7881/7881/6469 7882/7882/6470 7875/7875/6463
f 7882/7882/6470 7883/7883/6471 7875/7875/6463
f 7873/7873/6461 7871/7871/6459 7884/7884/6472
f 7884/7884/6472 7871/7871/6459 7885/7885/6473
f 7886/7886/6474 7884/7884/6472 7885/7885/6473
f 7887/7887/6475 7873/7873/6461 7884/7884/6472
f 7887/7887/6475 7884/7884/6472 7886/7886/6474
f 7887/7887/6475 7888/7888/6476 7873/7873/6461
f 7888/7888/6476 7889/7889/6477 7873/7873/6461
f 7888/7888/6476 7890/7890/6478 7889/7889/6477
f 7888/7888/6476 7891/7891/6479 7890/7890/6478
f 7891/7891/6479 7892/7892/6480 7890/7890/6478
f 7891/7891/6479 7893/7893/6481 7892/7892/6480
f 7893/7893/6481 7894/7894/6482 7892/7892/6480
f 7891/7891/6479 7895/7895/6483 7893/7893/6481
f 7895/7895/6483 7896/7896/6484 7893/7893/6481
f 7897/7897/6485 7896/7896/6484 7895/7895/6483
f 7898/7898/6486 7896/7896/6484 7897/7897/6485
f 7899/7899/6487 7900/7900/6487 7901/7901/6488
f 7902/7902/6489 7903/7903/6490 7904/7904/6491
f 7905/7905/6492 7903/7903/6490 7902/7902/6489
f 7906/7906/6493 7907/7907/6494 7908/7908/6495
f 7909/7909/6496 7910/7910/6497 7911/7911/6498
f 7912/7912/6499 7913/7913/6499 7914/7914/6499
f 7915/7915/6500 7916/7916/6501 7917/7917/6502
f 7918/7918/6503 7915/7915/6500 7917/7917/6502
f 7919/7919/6504 7915/7915/6500 7918/7918/6503
f 7920/7920/6505 7921/7921/6506 7922/7922/6507
f 7922/7922/6507 7921/7921/6506 7923/7923/6508
f 7924/7924/6509 7920/7920/6505 7922/7922/6507
f 7922/7922/6507 7923/7923/6508 7925/7925/6510
f 7926/7926/6511 7924/7924/6509 7922/7922/6507
f 7926/7926/6511 7922/7922/6507 7927/7927/6512
f 7928/7928/6513 7929/7929/6513 7930/7930/6513
f 7931/7931/6514 7932/7932/6514 7933/7933/6514
f 7934/7934/6515 7935/7935/6515 7936/7936/6515
f 7937/7937/6516 7938/7938/6516 7939/7939/6516
f 7940/7940/6517 7939/7939/6518 7941/7941/6517
f 7942/7942/6519 7943/7943/6519 7944/7944/6519
f 7945/7945/6520 7942/7942/6521 7946/7946/6520
f 7947/7947/6522 7948/7948/6522 7949/7949/6522
f 7950/7950/6523 7951/7951/6524 7952/7952/6523
f 7953/7953/6525 7954/7954/6525 7955/7955/6525
f 7956/7956/6526 7957/7957/6526 7958/7958/6526
f 7959/7959/6527 7960/7960/6527 7961/7961/6528
f 7962/7962/6529 7963/7963/6530 7964/7964/6531
f 7965/7965/6532 7966/7966/6533 7967/7967/6534
f 7965/7965/6532 7967/7967/6534 7968/7968/6535
f 7969/7969/6536 7965/7965/6532 7968/7968/6535
f 7970/7970/6537 7965/7965/6532 7969/7969/6536
f 7971/7971/6538 7972/7972/6538 7973/7973/6539
f 7974/7974/6540 7975/7975/6540 7976/7976/6540
f 7977/7977/6541 7978/7978/6541 7979/7979/6541
f 7980/7980/6542 7981/7981/6542 7982/7982/6543
f 7983/7983/6544 7984/7984/6545 7985/7985/6545
f 7986/7986/6546 7987/7987/6546 7988/7988/6546
f 7989/7989/6547 7990/7990/6547 7991/7991/6547
f 7992/7992/6548 7993/7993/6549 7994/7994/6548
f 7995/7995/6550 7996/7996/6550 7997/7997/6550
f 7998/7998/6551 7999/7999/6552 8000/8000/6553
f 8001/8001/6554 8002/8002/6555 8003/8003/6555
f 8004/8004/6556 8005/8005/6557 8006/8006/6556
f 8007/8007/6558 8006/8006/6559 8004/8004/6560
f 8008/8008/6561 8009/8009/6562 8010/8010/6563
f 8010/8010/6564 8008/8008/6565 8011/8011/6566
f 8012/8012/6567 8013/8013/6568 8014/8014/6569
f 8015/8015/6570 8012/8012/6567 8014/8014/6569
f 8015/8015/6570 8014/8014/6569 8016/8016/6571
f 8016/8016/6571 8014/8014/6569 8017/8017/6572
f 8015/8015/6573 8018/8018/6574 8019/8019/6575
f 8020/8020/6576 8021/8021/6577 8022/8022/6576
f 8023/8023/6578 8024/8024/6579 8025/8025/6579
f 8026/8026/6580 8027/8027/6581 8028/8028/6582
f 8029/8029/6583 8030/8030/6584 8031/8031/6583
f 8032/8032/6585 8033/8033/6585 8034/8034/6585
f 8035/8035/6586 8036/8036/6586 8037/8037/6586
f 8038/8038/6587 8039/8039/6588 8040/8040/6589
f 8041/8041/6590 8042/8042/6591 8043/8043/6592
f 8044/8044/6593 8045/8045/6594 8046/8046/6595
f 8047/8047/6596 8048/8048/6597 8049/8049/6598
f 8047/8047/6596 8049/8049/6598 8050/8050/6599
f 8049/8049/6598 8051/8051/6600 8050/8050/6599
f 8049/8049/6598 8052/8052/6601 8051/8051/6600
f 8051/8051/6600 8052/8052/6601 8053/8053/6602
f 8051/8051/6600 8053/8053/6602 8054/8054/6603
f 8053/8053/6602 8055/8055/6604 8054/8054/6603
f 8054/8054/6603 8055/8055/6604 8056/8056/6605
f 8055/8055/6604 8057/8057/6606 8056/8056/6605
f 8058/8058/6607 8059/8059/6608 8060/8060/6609
f 8058/8058/6607 8061/8061/6610 8059/8059/6608
f 8059/8059/6608 8061/8061/6610 8062/8062/6611
f 8063/8063/6612 8064/8064/6613 8065/8065/6614
f 8065/8065/6614 8064/8064/6613 8066/8066/6615
f 8067/8067/6616 8068/8068/6617 8069/8069/6618
f 8067/8067/6616 8070/8070/6619 8068/8068/6617
f 8067/8067/6616 8071/8071/6620 8070/8070/6619
f 8071/8071/6620 8072/8072/6621 8070/8070/6619
f 8071/8071/6620 8073/8073/6622 8072/8072/6621
f 8074/8074/6623 8073/8073/6622 8071/8071/6620
f 8069/8069/6618 8068/8068/6617 8075/8075/6624
f 8069/8069/6618 8075/8075/6624 8076/8076/6625
f 8077/8077/6626 8078/8078/6627 8079/8079/6628
f 8077/8077/6626 8079/8079/6628 8080/8080/6629
f 8081/8081/6630 8077/8077/6626 8080/8080/6629
f 8082/8082/6631 8077/8077/6626 8081/8081/6630
f 8077/8077/6626 8082/8082/6631 8083/8083/6632
f 8078/8078/6627 8084/8084/6633 8079/8079/6628
f 8085/8085/6634 8084/8084/6633 8078/8078/6627
f 8085/8085/6634 8078/8078/6627 8086/8086/6635
f 8087/8087/6636 8085/8085/6634 8086/8086/6635
f 8087/8087/6636 8086/8086/6635 8088/8088/6637
f 8089/8089/6638 8088/8088/6637 8086/8086/6635
f 8090/8090/6639 8085/8085/6634 8087/8087/6636
f 8091/8091/6640 8077/8077/6626 8083/8083/6632
f 8092/8092/6641 8089/8089/6638 8086/8086/6635
f 8093/8093/6642 8094/8094/6643 8095/8095/6644
f 8093/8093/6642 8096/8096/6645 8094/8094/6643
f 8093/8093/6642 8097/8097/6646 8096/8096/6645
f 8097/8097/6646 8098/8098/6647 8096/8096/6645
f 8096/8096/6645 8098/8098/6647 8099/8099/6648
f 8098/8098/6647 8100/8100/6649 8099/8099/6648
f 8100/8100/6649 8101/8101/6650 8099/8099/6648
f 8100/8100/6649 8102/8102/6651 8101/8101/6650
f 8100/8100/6649 8103/8103/6652 8102/8102/6651
f 8103/8103/6652 8104/8104/6653 8102/8102/6651
f 8104/8104/6653 8105/8105/6654 8102/8102/6651
f 8106/8106/6655 8093/8093/6642 8095/8095/6644
f 8107/8107/6656 8106/8106/6655 8095/8095/6644
f 8107/8107/6656 8095/8095/6644 8108/8108/6657
f 8107/8107/6656 8108/8108/6657 8109/8109/6658
f 8110/8110/6659 8107/8107/6656 8109/8109/6658
f 8110/8110/6659 8109/8109/6658 8111/8111/6660
f 8112/8112/6661 8110/8110/6659 8111/8111/6660
f 8112/8112/6661 8111/8111/6660 8113/8113/6662
f 8104/8104/6653 8114/8114/6663 8105/8105/6654
f 8104/8104/6653 8115/8115/6664 8114/8114/6663
f 8114/8114/6663 8115/8115/6664 8116/8116/6665
f 8115/8115/6664 8117/8117/6666 8116/8116/6665
f 8117/8117/6666 8118/8118/6667 8116/8116/6665
f 8117/8117/6666 8119/8119/6668 8118/8118/6667
f 8119/8119/6668 8120/8120/6669 8118/8118/6667
f 8119/8119/6668 8121/8121/6670 8120/8120/6669
f 8120/8120/6669 8121/8121/6670 8122/8122/6671
f 8121/8121/6670 8123/8123/6672 8122/8122/6671
f 8121/8121/6670 8124/8124/6673 8123/8123/6672
f 8123/8123/6672 8124/8124/6673 8125/8125/6674
f 8124/8124/6673 8126/8126/6675 8125/8125/6674
f 8126/8126/6675 8127/8127/6676 8125/8125/6674
f 8126/8126/6675 8128/8128/6677 8127/8127/6676
f 8128/8128/6677 8129/8129/6678 8127/8127/6676
f 8128/8128/6677 8130/8130/6679 8129/8129/6678
f 8130/8130/6679 8131/8131/6680 8129/8129/6678
f 8131/8131/6680 8132/8132/6681 8129/8129/6678
f 8132/8132/6681 8133/8133/6682 8129/8129/6678
f 8134/8134/6683 8133/8133/6682 8132/8132/6681
f 8135/8135/6684 8133/8133/6682 8134/8134/6683
f 8135/8135/6684 8136/8136/6685 8133/8133/6682
f 8137/8137/6686 8136/8136/6685 8135/8135/6684
f 8138/8138/6687 8136/8136/6685 8137/8137/6686
f 8139/8139/6688 8136/8136/6685 8138/8138/6687
f 8139/8139/6688 8140/8140/6689 8136/8136/6685
f 8140/8140/6689 8141/8141/6690 8136/8136/6685
f 8141/8141/6690 8140/8140/6689 8142/8142/6691
f 8143/8143/6692 8141/8141/6690 8142/8142/6691
f 8144/8144/6693 8143/8143/6692 8142/8142/6691
f 8145/8145/6694 8143/8143/6692 8144/8144/6693
f 8146/8146/6695 8143/8143/6692 8145/8145/6694
f 8147/8147/6696 8143/8143/6692 8146/8146/6695
f 8145/8145/6694 8144/8144/6693 8148/8148/6697
f 8149/8149/6698 8147/8147/6696 8146/8146/6695
f 8147/8147/6696 8149/8149/6698 8150/8150/6699
f 8150/8150/6699 8149/8149/6698 8151/8151/6700
f 8150/8150/6699 8151/8151/6700 8152/8152/6701
f 8153/8153/6702 8150/8150/6699 8152/8152/6701
f 8150/8150/6699 8153/8153/6702 8154/8154/6703
f 8155/8155/6704 8150/8150/6699 8154/8154/6703
f 8156/8156/6705 8155/8155/6704 8154/8154/6703
f 8157/8157/6706 8155/8155/6704 8156/8156/6705
f 8157/8157/6706 8156/8156/6705 8158/8158/6707
f 8159/8159/6708 8157/8157/6706 8158/8158/6707
f 8160/8160/6709 8159/8159/6708 8158/8158/6707
f 8161/8161/6710 8159/8159/6708 8160/8160/6709
f 8162/8162/6711 8161/8161/6710 8160/8160/6709
f 8163/8163/6712 8161/8161/6710 8162/8162/6711
f 8163/8163/6712 8162/8162/6711 8164/8164/6713
f 8165/8165/6714 8163/8163/6712 8164/8164/6713
f 8165/8165/6714 8164/8164/6713 8166/8166/6715
f 8167/8167/6716 8165/8165/6714 8166/8166/6715
f 8167/8167/6716 8166/8166/6715 8168/8168/6717
f 8169/8169/6718 8167/8167/6716 8168/8168/6717
f 8170/8170/6719 8169/8169/6718 8168/8168/6717
f 8171/8171/6720 8169/8169/6718 8170/8170/6719
f 8171/8171/6720 8170/8170/6719 8172/8172/6721
f 8173/8173/6722 8171/8171/6720 8172/8172/6721
f 8164/8164/6713 8162/8162/6711 8174/8174/6723
f 8175/8175/6724 8164/8164/6713 8174/8174/6723
f 8176/8176/6725 8175/8175/6724 8174/8174/6723
f 8177/8177/6726 8175/8175/6724 8176/8176/6725
f 8178/8178/6727 8177/8177/6726 8176/8176/6725
f 8178/8178/6727 8176/8176/6725 8179/8179/6728
f 8179/8179/6728 8176/8176/6725 8180/8180/5078
f 8181/8181/6729 8177/8177/6726 8178/8178/6727
f 8172/8172/6721 8181/8181/6729 8178/8178/6727
f 8176/8176/6725 8182/8182/6730 8180/8180/5078
f 8176/8176/6725 8183/8183/6731 8182/8182/6730
f 8176/8176/6725 8174/8174/6723 8183/8183/6731
f 8182/8182/6730 8183/8183/6731 8184/8184/6732
f 8178/8178/6727 8179/8179/6728 8185/8185/6733
f 8178/8178/6727 8185/8185/6733 8186/8186/6734
f 8178/8178/6727 8186/8186/6734 8187/8187/6735
f 8178/8178/6727 8187/8187/6735 8188/8188/6736
f 8178/8178/6727 8188/8188/6736 8189/8189/6737
f 8190/8190/6738 8178/8178/6727 8189/8189/6737
f 8190/8190/6738 8191/8191/6739 8178/8178/6727
f 8192/8192/6740 8190/8190/6738 8189/8189/6737
f 8193/8193/6741 8190/8190/6738 8192/8192/6740
f 8194/8194/6742 8192/8192/6740 8189/8189/6737
f 8194/8194/6742 8189/8189/6737 8195/8195/6743
f 8189/8189/6737 8196/8196/6744 8195/8195/6743
f 8195/8195/6743 8196/8196/6744 8197/8197/6745
f 8198/8198/6746 8195/8195/6743 8197/8197/6745
f 8189/8189/6737 8199/8199/6747 8196/8196/6744
f 8189/8189/6737 8200/8200/6748 8199/8199/6747
f 8189/8189/6737 8188/8188/6736 8200/8200/6748
f 8201/8201/6749 8195/8195/6743 8198/8198/6746
f 8202/8202/6750 8195/8195/6743 8201/8201/6749
f 8202/8202/6750 8203/8203/6751 8195/8195/6743
f 8203/8203/6751 8194/8194/6742 8195/8195/6743
f 8204/8204/6752 8201/8201/6749 8198/8198/6746
f 8205/8205/6753 8191/8191/6739 8206/8206/6754
f 8207/8207/6755 8205/8205/6753 8206/8206/6754
f 8208/8208/6756 8207/8207/6755 8206/8206/6754
f 8209/8209/6757 8207/8207/6755 8208/8208/6756
f 8210/8210/6758 8209/8209/6757 8208/8208/6756
f 8211/8211/6759 8209/8209/6757 8210/8210/6758
f 8211/8211/6759 8210/8210/6758 8212/8212/6760
f 8213/8213/6761 8211/8211/6759 8212/8212/6760
f 8214/8214/6762 8213/8213/6761 8212/8212/6760
f 8215/8215/6763 8213/8213/6761 8214/8214/6762
f 8216/8216/6764 8215/8215/6763 8214/8214/6762
f 8217/8217/6765 8215/8215/6763 8216/8216/6764
f 8218/8218/6766 8217/8217/6765 8216/8216/6764
f 8218/8218/6766 8216/8216/6764 8219/8219/6767
f 8220/8220/6768 8218/8218/6766 8219/8219/6767
f 8220/8220/6768 8219/8219/6767 8221/8221/6769
f 8222/8222/6770 8220/8220/6768 8221/8221/6769
f 8223/8223/6771 8220/8220/6768 8222/8222/6770
f 8224/8224/6772 8220/8220/6768 8223/8223/6771
f 8224/8224/6772 8223/8223/6771 8225/8225/6773
f 8226/8226/6774 8224/8224/6772 8225/8225/6773
f 8226/8226/6774 8225/8225/6773 8227/8227/6775
f 8226/8226/6774 8227/8227/6775 8228/8228/6776
f 8226/8226/6774 8228/8228/6776 8229/8229/6777
f 8226/8226/6774 8229/8229/6777 8230/8230/6778
f 8231/8231/6779 8226/8226/6774 8230/8230/6778
f 8232/8232/6780 8231/8231/6779 8230/8230/6778
f 8232/8232/6780 8230/8230/6778 8233/8233/6781
f 8233/8233/6781 8234/8234/6782 8232/8232/6780
f 8233/8233/6781 8235/8235/6783 8234/8234/6782
f 8235/8235/6783 8236/8236/6784 8234/8234/6782
f 8236/8236/6784 8237/8237/6785 8234/8234/6782
f 8238/8238/6786 8236/8236/6784 8235/8235/6783
f 8234/8234/6782 8237/8237/6785 8239/8239/6787
f 8237/8237/6785 8240/8240/6788 8239/8239/6787
f 8241/8241/6789 8240/8240/6788 8237/8237/6785
f 8242/8242/6790 8240/8240/6788 8241/8241/6789
f 8243/8243/6791 8240/8240/6788 8242/8242/6790
f 8244/8244/6792 8243/8243/6791 8242/8242/6790
f 8240/8240/6788 8243/8243/6791 8113/8113/6662
f 8243/8243/6791 8112/8112/6661 8113/8113/6662
f 8245/8245/6793 8246/8246/6794 8247/8247/6795
f 8248/8248/6796 8245/8245/6793 8247/8247/6795
f 8249/8249/6797 8245/8245/6793 8248/8248/6796
f 8249/8249/6797 8250/8250/6797 8245/8245/6793
f 8251/8251/6797 8250/8250/6797 8249/8249/6797
f 8251/8251/6797 8252/8252/6798 8250/8250/6797
f 8253/8253/6799 8252/8252/6798 8251/8251/6797
f 8254/8254/6800 8252/8252/6798 8253/8253/6799
f 8254/8254/6800 8255/8255/6801 8252/8252/6798
f 8256/8256/6802 8255/8255/6801 8254/8254/6800
f 8256/8256/6802 8257/8257/6803 8255/8255/6801
f 8258/8258/6802 8257/8257/6803 8256/8256/6802
f 8259/8259/6803 8257/8257/6803 8258/8258/6802
f 8259/8259/6803 8260/8260/6804 8257/8257/6803
f 8259/8259/6803 8261/8261/6804 8260/8260/6804
f 8247/8247/6795 8246/8246/6794 8262/8262/6794
f 8262/8262/6794 8246/8246/6794 8263/8263/6805
f 8246/8246/6794 8264/8264/6806 8263/8263/6805
f 8263/8263/6805 8264/8264/6806 8265/8265/6807
f 8264/8264/6806 8266/8266/6808 8265/8265/6807
f 8266/8266/6808 8267/8267/6809 8265/8265/6807
f 8265/8265/6807 8267/8267/6809 8268/8268/6809
f 8268/8268/6809 8267/8267/6809 8269/8269/6810
f 8267/8267/6809 8270/8270/6802 8269/8269/6810
f 8269/8269/6810 8270/8270/6802 8271/8271/6803
f 8271/8271/6803 8270/8270/6802 8272/8272/6811
f 8270/8270/6802 8273/8273/6812 8272/8272/6811
f 8273/8273/6812 8274/8274/6813 8272/8272/6811
f 8275/8275/6814 8276/8276/6815 8277/8277/6816
f 8275/8275/6814 8277/8277/6816 8278/8278/6817
f 8276/8276/6815 8279/8279/6818 8277/8277/6816
f 8279/8279/6818 8280/8280/6819 8277/8277/6816
f 8280/8280/6819 8281/8281/6820 8277/8277/6816
f 8282/8282/6821 8275/8275/6814 8278/8278/6817
f 8282/8282/6821 8278/8278/6817 8283/8283/6822
f 8283/8283/6822 8284/8284/6823 8282/8282/6821
f 8283/8283/6822 8285/8285/6824 8284/8284/6823
f 8285/8285/6824 8286/8286/6825 8284/8284/6823
f 8287/8287/6826 8286/8286/6825 8285/8285/6824
f 8284/8284/6823 8286/8286/6825 8288/8288/6827
f 8285/8285/6824 8289/8289/6828 8287/8287/6826
f 8285/8285/6824 8290/8290/6829 8289/8289/6828
f 8291/8291/6830 8292/8292/6831 8293/8293/6832
f 8294/8294/6833 8291/8291/6830 8293/8293/6832
f 8291/8291/6830 8295/8295/6834 8292/8292/6831
f 8295/8295/6834 8296/8296/6835 8292/8292/6831
f 8292/8292/6831 8296/8296/6835 8297/8297/6836
f 8296/8296/6835 8298/8298/6837 8297/8297/6836
f 8297/8297/6836 8298/8298/6837 8299/8299/6838
f 8298/8298/6837 8300/8300/6839 8299/8299/6838
f 8299/8299/6838 8300/8300/6839 8301/8301/6840
f 8300/8300/6839 8302/8302/6841 8301/8301/6840
f 8301/8301/6840 8302/8302/6841 8303/8303/6842
f 8302/8302/6841 8304/8304/6843 8303/8303/6842
f 8303/8303/6842 8304/8304/6843 8305/8305/6844
f 8304/8304/6843 8306/8306/6845 8305/8305/6844
f 8304/8304/6843 8307/8307/6846 8306/8306/6845
f 8307/8307/6846 8308/8308/6847 8306/8306/6845
f 8307/8307/6846 8309/8309/6848 8308/8308/6847
f 8309/8309/6848 8310/8310/6849 8308/8308/6847
f 8310/8310/6849 8311/8311/6850 8308/8308/6847
f 8310/8310/6849 8312/8312/6851 8311/8311/6850
f 8312/8312/6851 8313/8313/6852 8311/8311/6850
f 8312/8312/6851 8314/8314/6853 8313/8313/6852
f 8314/8314/6853 8315/8315/6854 8313/8313/6852
f 8314/8314/6853 8316/8316/6855 8315/8315/6854
f 8316/8316/6855 8317/8317/6856 8315/8315/6854
f 8316/8316/6855 8318/8318/6857 8317/8317/6856
f 8318/8318/6857 8319/8319/6858 8317/8317/6856
f 8319/8319/6858 8320/8320/6859 8317/8317/6856
f 8320/8320/6859 8321/8321/6860 8317/8317/6856
f 8322/8322/6861 8323/8323/6862 8324/8324/6863
f 8323/8323/6862 8325/8325/6864 8324/8324/6863
f 8324/8324/6863 8325/8325/6864 8326/8326/6865
f 8325/8325/6864 8327/8327/6866 8326/8326/6865
f 8326/8326/6865 8327/8327/6866 8328/8328/6867
f 8327/8327/6866 8329/8329/6868 8328/8328/6867
f 8328/8328/6867 8329/8329/6868 8330/8330/6869
f 8329/8329/6868 8331/8331/5078 8330/8330/6869
f 8330/8330/6869 8331/8331/5078 8332/8332/5078
f 8331/8331/5078 8333/8333/5078 8332/8332/5078
f 8332/8332/5078 8333/8333/5078 8334/8334/5078
f 8334/8334/5078 8333/8333/5078 8335/8335/5078
f 8333/8333/5078 8336/8336/5078 8335/8335/5078
f 8335/8335/5078 8336/8336/5078 8337/8337/5078
f 8337/8337/5078 8336/8336/5078 8338/8338/5078
f 8336/8336/5078 8339/8339/5078 8338/8338/5078
f 8339/8339/5078 8340/8340/5078 8338/8338/5078
f 8339/8339/5078 8341/8341/5078 8340/8340/5078
f 8339/8339/5078 8342/8342/5078 8341/8341/5078
f 8342/8342/5078 8343/8343/5078 8341/8341/5078
f 8342/8342/5078 8344/8344/6870 8343/8343/5078
f 8345/8345/5078 8344/8344/6870 8342/8342/5078
f 8345/8345/5078 8346/8346/5078 8344/8344/6870
f 8345/8345/5078 8347/8347/5078 8346/8346/5078
f 8348/8348/5078 8347/8347/5078 8345/8345/5078
f 8348/8348/5078 8349/8349/5078 8347/8347/5078
f 8348/8348/5078 8350/8350/6871 8349/8349/5078
f 8351/8351/5078 8350/8350/6871 8348/8348/5078
f 8352/8352/6872 8350/8350/6871 8351/8351/5078
f 8353/8353/6873 8350/8350/6871 8352/8352/6872
f 8353/8353/6873 8354/8354/6874 8350/8350/6871
f 8353/8353/6873 8355/8355/6875 8354/8354/6874
f 8356/8356/6876 8355/8355/6875 8353/8353/6873
f 8357/8357/6877 8355/8355/6875 8356/8356/6876
f 8357/8357/6877 8358/8358/6878 8355/8355/6875
f 8359/8359/6879 8358/8358/6878 8357/8357/6877
f 8360/8360/6880 8359/8359/6879 8357/8357/6877
f 8361/8361/6881 8359/8359/6879 8360/8360/6880
f 8362/8362/6882 8359/8359/6879 8361/8361/6881
f 8363/8363/6883 8362/8362/6882 8361/8361/6881
f 8364/8364/5078 8363/8363/6883 8361/8361/6881
f 8365/8365/6884 8363/8363/6883 8364/8364/5078
f 8366/8366/5078 8365/8365/6884 8364/8364/5078
f 8367/8367/5078 8365/8365/6884 8366/8366/5078
f 8368/8368/5078 8367/8367/5078 8366/8366/5078
f 8369/8369/5078 8367/8367/5078 8368/8368/5078
f 8370/8370/5078 8369/8369/5078 8368/8368/5078
f 8371/8371/5078 8370/8370/5078 8368/8368/5078
f 8372/8372/5077 8370/8370/5078 8371/8371/5078
f 8373/8373/6870 8372/8372/5077 8371/8371/5078
f 8374/8374/5078 8373/8373/6870 8371/8371/5078
f 8374/8374/5078 8371/8371/5078 8375/8375/5078
f 8376/8376/5078 8374/8374/5078 8375/8375/5078
f 8376/8376/5078 8375/8375/5078 8377/8377/5078
f 8377/8377/5078 8375/8375/5078 8378/8378/5078
f 8377/8377/5078 8378/8378/5078 8379/8379/5078
f 8379/8379/5078 8378/8378/5078 8380/8380/5078
f 8379/8379/5078 8380/8380/5078 8381/8381/5078
f 8381/8381/5078 8380/8380/5078 8382/8382/5078
f 8382/8382/5078 8380/8380/5078 8383/8383/5078
f 8382/8382/5078 8383/8383/5078 8384/8384/6885
f 8384/8384/6885 8383/8383/5078 8385/8385/6886
f 8385/8385/6886 8383/8383/5078 8386/8386/6887
f 8385/8385/6886 8386/8386/6887 8387/8387/6888
f 8385/8385/6886 8387/8387/6888 8388/8388/6889
f 8385/8385/6886 8388/8388/6889 8389/8389/6890
f 8389/8389/6890 8388/8388/6889 8390/8390/6891
f 8390/8390/6891 8388/8388/6889 8391/8391/6892
f 8390/8390/6891 8391/8391/6892 8392/8392/6893
f 8392/8392/6893 8391/8391/6892 8323/8323/6862
f 8392/8392/6893 8323/8323/6862 8322/8322/6861
f 8393/8393/6894 8394/8394/6895 8395/8395/6896
f 8394/8394/6895 8396/8396/6897 8395/8395/6896
f 8396/8396/6897 8397/8397/6898 8395/8395/6896
f 8398/8398/6899 8394/8394/6895 8393/8393/6894
f 8393/8393/6894 8399/8399/6900 8398/8398/6899
f 8399/8399/6900 8400/8400/6901 8398/8398/6899
f 8399/8399/6900 8401/8401/6902 8400/8400/6901
f 8400/8400/6901 8401/8401/6902 8402/8402/6903
f 8401/8401/6902 8403/8403/6904 8402/8402/6903
f 8401/8401/6902 8404/8404/6905 8403/8403/6904
f 8405/8405/6906 8406/8406/6907 8407/8407/6908
f 8406/8406/6907 8408/8408/6909 8407/8407/6908
f 8407/8407/6908 8408/8408/6909 8409/8409/6910
f 8410/8410/6911 8406/8406/6907 8405/8405/6906
f 8407/8407/6908 8409/8409/6910 8411/8411/6802
f 8411/8411/6802 8409/8409/6910 8412/8412/6810
f 8412/8412/6810 8409/8409/6910 8413/8413/6912
f 8412/8412/6810 8413/8413/6912 8414/8414/6912
f 8412/8412/6810 8414/8414/6912 8415/8415/6913
f 8412/8412/6810 8415/8415/6913 8416/8416/6914
f 8416/8416/6914 8415/8415/6913 8417/8417/6915
f 8416/8416/6914 8417/8417/6915 8418/8418/6916
f 8418/8418/6916 8417/8417/6915 8419/8419/6917
f 8418/8418/6916 8419/8419/6917 8420/8420/6918
f 8420/8420/6918 8419/8419/6917 8421/8421/6919
f 8422/8422/6920 8410/8410/6911 8405/8405/6906
f 8423/8423/6921 8410/8410/6911 8422/8422/6920
f 8424/8424/6922 8423/8423/6921 8422/8422/6920
f 8425/8425/6923 8424/8424/6922 8422/8422/6920
f 8426/8426/6802 8424/8424/6922 8425/8425/6923
f 8427/8427/6802 8424/8424/6922 8426/8426/6802
f 8428/8428/6802 8427/8427/6802 8426/8426/6802
f 8429/8429/6802 8428/8428/6802 8426/8426/6802
f 8430/8430/6924 8428/8428/6802 8429/8429/6802
f 8431/8431/6925 8430/8430/6924 8429/8429/6802
f 8432/8432/6926 8430/8430/6924 8431/8431/6925
f 8433/8433/6927 8434/8434/6928 8435/8435/6929
f 8436/8436/6930 8433/8433/6927 8435/8435/6929
f 8436/8436/6930 8435/8435/6929 8437/8437/6931
f 8438/8438/6932 8436/8436/6930 8437/8437/6931
f 8439/8439/6933 8438/8438/6932 8437/8437/6931
f 8440/8440/6934 8439/8439/6933 8437/8437/6931
f 8441/8441/6935 8439/8439/6933 8440/8440/6934
f 8440/8440/6934 8437/8437/6931 8442/8442/6936
f 8442/8442/6936 8437/8437/6931 8443/8443/6937
f 8443/8443/6937 8437/8437/6931 8444/8444/6938
f 8437/8437/6931 8445/8445/6939 8444/8444/6938
f 8437/8437/6931 8446/8446/6940 8445/8445/6939
f 8446/8446/6940 8447/8447/6941 8445/8445/6939
f 8446/8446/6940 8448/8448/6942 8447/8447/6941
f 8449/8449/6943 8441/8441/6935 8440/8440/6934
f 8450/8450/6944 8449/8449/6943 8440/8440/6934
f 8451/8451/6945 8448/8448/6942 8446/8446/6940
f 8451/8451/6945 8452/8452/6946 8448/8448/6942
f 8451/8451/6945 8453/8453/6947 8452/8452/6946
f 8451/8451/6945 8454/8454/6948 8453/8453/6947
f 8455/8455/6949 8454/8454/6948 8451/8451/6945
f 8456/8456/6950 8454/8454/6948 8455/8455/6949
f 8454/8454/6948 8457/8457/6951 8453/8453/6947
f 8454/8454/6948 8458/8458/6952 8457/8457/6951
f 8454/8454/6948 8459/8459/6953 8458/8458/6952
f 8458/8458/6952 8459/8459/6953 8460/8460/6954
f 8459/8459/6953 8461/8461/6955 8460/8460/6954
f 8459/8459/6953 8462/8462/6956 8461/8461/6955
f 8462/8462/6956 8463/8463/6957 8461/8461/6955
f 8464/8464/6958 8454/8454/6948 8456/8456/6950
f 8464/8464/6958 8465/8465/6959 8454/8454/6948
f 8466/8466/6960 8465/8465/6959 8464/8464/6958
f 8467/8467/6961 8465/8465/6959 8466/8466/6960
f 8467/8467/6961 8468/8468/6962 8465/8465/6959
f 8455/8455/6949 8451/8451/6945 8469/8469/6963
f 8434/8434/6928 8469/8469/6963 8451/8451/6945
f 8434/8434/6928 8451/8451/6945 8435/8435/6929
f 8183/8183/6731 8470/8470/6964 8471/8471/6965
f 8183/8183/6731 8471/8471/6965 8472/8472/6966
f 8183/8183/6731 8472/8472/6966 8473/8473/6967
f 8474/8474/6968 8183/8183/6731 8473/8473/6967
f 8473/8473/6967 8472/8472/6966 8475/8475/6969
f 8471/8471/6965 8476/8476/6970 8472/8472/6966
f 8477/8477/6971 8470/8470/6964 8183/8183/6731
f 8476/8476/6970 8478/8478/6972 8472/8472/6966
f 8478/8478/6972 8479/8479/6973 8472/8472/6966
f 8478/8478/6972 8480/8480/6974 8479/8479/6973
f 8184/8184/6732 8183/8183/6731 8474/8474/6968
f 8475/8475/6969 8472/8472/6966 8481/8481/6975
f 8472/8472/6966 8482/8482/6976 8481/8481/6975
f 8481/8481/6975 8482/8482/6976 8483/8483/6977
f 8174/8174/6723 8477/8477/6971 8183/8183/6731
f 8162/8162/6711 8477/8477/6971 8174/8174/6723
f 8484/8484/6978 8485/8485/6979 8486/8486/6980
f 8486/8486/6980 8485/8485/6979 8487/8487/6981
f 8487/8487/6981 8485/8485/6979 8488/8488/6982
f 8489/8489/6983 8490/8490/6984 8491/8491/6985
f 8489/8489/6983 8491/8491/6985 8492/8492/6986
f 8492/8492/6986 8491/8491/6985 8493/8493/6987
f 8491/8491/6985 8494/8494/6988 8493/8493/6987
f 8493/8493/6987 8494/8494/6988 8495/8495/6989
f 8494/8494/6988 8496/8496/6990 8495/8495/6989
f 8497/8497/6991 8496/8496/6990 8494/8494/6988
f 8498/8498/6992 8499/8499/6993 8500/8500/6994
f 8499/8499/6993 8501/8501/6995 8500/8500/6994
f 8502/8502/6996 8499/8499/6993 8498/8498/6992
f 8503/8503/6997 8502/8502/6996 8498/8498/6992
f 8500/8500/6994 8501/8501/6995 8504/8504/6998
f 8505/8505/6999 8506/8506/7000 8507/8507/7001
f 8507/8507/7001 8506/8506/7000 8508/8508/7002
f 8507/8507/7001 8508/8508/7002 8509/8509/7003
f 8505/8505/6999 8510/8510/7004 8506/8506/7000
f 8511/8511/7005 8510/8510/7004 8505/8505/6999
f 8511/8511/7005 8512/8512/7006 8510/8510/7004
f 8513/8513/7007 8512/8512/7006 8511/8511/7005
f 8513/8513/7007 8514/8514/7008 8512/8512/7006
f 8515/8515/7009 8514/8514/7008 8513/8513/7007
f 8515/8515/7009 8516/8516/7010 8514/8514/7008
f 8517/8517/7011 8516/8516/7010 8515/8515/7009
f 8517/8517/7011 8518/8518/7012 8516/8516/7010
f 8518/8518/7012 8519/8519/7013 8516/8516/7010
f 8518/8518/7012 8520/8520/7014 8519/8519/7013
f 8520/8520/7014 8521/8521/7015 8519/8519/7013
f 8520/8520/7014 8522/8522/7016 8521/8521/7015
f 8522/8522/7016 8523/8523/7017 8521/8521/7015
f 8522/8522/7016 8524/8524/7018 8523/8523/7017
f 8524/8524/7018 8525/8525/7019 8523/8523/7017
f 8524/8524/7018 8526/8526/7020 8525/8525/7019
f 8525/8525/7019 8526/8526/7020 8527/8527/7021
f 8526/8526/7020 8528/8528/7022 8527/8527/7021
f 8526/8526/7020 8529/8529/7023 8528/8528/7022
f 8529/8529/7023 8530/8530/7024 8528/8528/7022
f 8529/8529/7023 8531/8531/7025 8530/8530/7024
f 8531/8531/7025 8532/8532/7026 8530/8530/7024
f 8531/8531/7025 8533/8533/7027 8532/8532/7026
f 8533/8533/7027 8534/8534/7028 8532/8532/7026
f 8533/8533/7027 8535/8535/7029 8534/8534/7028
f 8533/8533/7027 8536/8536/7030 8535/8535/7029
f 8533/8533/7027 8537/8537/7031 8536/8536/7030
f 8538/8538/7032 8539/8539/7033 8540/8540/7034
f 8541/8541/7035 8538/8538/7032 8540/8540/7034
f 8538/8538/7032 8542/8542/7036 8539/8539/7033
f 8541/8541/7035 8540/8540/7034 8543/8543/7037
f 8542/8542/7036 8544/8544/7038 8539/8539/7033
f 8542/8542/7036 8545/8545/7039 8544/8544/7038
f 8545/8545/7039 8546/8546/7040 8544/8544/7038
f 8545/8545/7039 8547/8547/7041 8546/8546/7040
f 8548/8548/7042 8546/8546/7040 8547/8547/7041
f 8548/8548/7042 8549/8549/7043 8546/8546/7040
f 8549/8549/7043 8550/8550/7044 8546/8546/7040
f 8550/8550/7044 8551/8551/7045 8546/8546/7040
f 8550/8550/7044 8552/8552/7046 8551/8551/7045
f 8552/8552/7046 8553/8553/7047 8551/8551/7045
f 8553/8553/7047 8554/8554/7048 8551/8551/7045
f 8553/8553/7047 8555/8555/7049 8554/8554/7048
f 8555/8555/7049 8556/8556/7050 8554/8554/7048
f 8555/8555/7049 8557/8557/7051 8556/8556/7050
f 8557/8557/7051 8558/8558/7052 8556/8556/7050
f 8559/8559/7053 8549/8549/7043 8548/8548/7042
f 8559/8559/7053 8560/8560/7054 8549/8549/7043
f 8561/8561/6803 8562/8562/7055 8563/8563/7056
f 8561/8561/6803 8563/8563/7056 8564/8564/7057
f 8563/8563/7056 8562/8562/7055 8565/8565/7058
f 8562/8562/7055 8566/8566/7059 8565/8565/7058
f 8567/8567/7060 8566/8566/7059 8562/8562/7055
f 8568/8568/7061 8562/8562/7055 8561/8561/6803
f 8569/8569/7062 8568/8568/7061 8561/8561/6803
f 8567/8567/7060 8562/8562/7055 8570/8570/7063
f 8571/8571/7064 8572/8572/7065 8573/8573/7066
f 8573/8573/7066 8572/8572/7065 8574/8574/7067
f 8571/8571/7064 8575/8575/7068 8572/8572/7065
f 8575/8575/7068 8576/8576/7069 8572/8572/7065
f 8575/8575/7068 8577/8577/7070 8576/8576/7069
f 8577/8577/7070 8578/8578/7071 8576/8576/7069
f 8579/8579/7072 8578/8578/7071 8577/8577/7070
f 8580/8580/7073 8578/8578/7071 8579/8579/7072
f 8581/8581/7074 8580/8580/7073 8579/8579/7072
f 8582/8582/7075 8580/8580/7073 8581/8581/7074
f 8583/8583/7076 8584/8584/7077 8585/8585/7078
f 8584/8584/7077 8586/8586/7079 8585/8585/7078
f 8587/8587/7080 8584/8584/7077 8583/8583/7076
f 8584/8584/7077 8588/8588/7081 8586/8586/7079
f 8588/8588/7081 8589/8589/7082 8586/8586/7079
f 8586/8586/7079 8589/8589/7082 8590/8590/7083
f 8591/8591/7084 8587/8587/7080 8583/8583/7076
f 8592/8592/7085 8587/8587/7080 8591/8591/7084
f 8362/8362/7086 8592/8592/7085 8591/8591/7084
f 8593/8593/7087 8592/8592/7085 8362/8362/7086
f 8594/8594/7088 8593/8593/7087 8362/8362/7086
f 8595/8595/7089 8596/8596/7090 8597/8597/7091
f 8595/8595/7089 8597/8597/7091 8598/8598/7092
f 8599/8599/7093 8596/8596/7090 8595/8595/7089
f 8599/8599/7093 8600/8600/7094 8596/8596/7090
f 8601/8601/7095 8600/8600/7094 8599/8599/7093
f 8601/8601/7095 8602/8602/7096 8600/8600/7094
f 8603/8603/7097 8602/8602/7096 8601/8601/7095
f 8604/8604/7098 8603/8603/7097 8601/8601/7095
f 8598/8598/7092 8597/8597/7091 8605/8605/7099
f 8598/8598/7092 8605/8605/7099 8606/8606/7100
f 8606/8606/7100 8605/8605/7099 8607/8607/7101
f 8606/8606/7100 8607/8607/7101 8608/8608/7102
f 8606/8606/7100 8608/8608/7102 8609/8609/7103
f 8609/8609/7103 8608/8608/7102 8610/8610/7104
f 8609/8609/7103 8610/8610/7104 8611/8611/7105
f 8609/8609/7103 8611/8611/7105 8612/8612/7106
f 8612/8612/7106 8611/8611/7105 8613/8613/7107
f 8612/8612/7106 8613/8613/7107 8614/8614/7108
f 8612/8612/7106 8614/8614/7108 8615/8615/7109
f 8616/8616/7110 8612/8612/7106 8615/8615/7109
f 8617/8617/7111 8616/8616/7110 8615/8615/7109
f 8618/8618/7112 8616/8616/7110 8617/8617/7111
f 8619/8619/7113 8618/8618/7112 8617/8617/7111
f 8620/8620/7114 8618/8618/7112 8619/8619/7113
f 8621/8621/7115 8620/8620/7114 8619/8619/7113
f 8622/8622/7116 8620/8620/7114 8621/8621/7115
f 8623/8623/7117 8620/8620/7114 8622/8622/7116
f 8624/8624/7118 8623/8623/7117 8622/8622/7116
f 8625/8625/7119 8623/8623/7117 8624/8624/7118
f 8626/8626/7120 8625/8625/7119 8624/8624/7118
f 8627/8627/7121 8625/8625/7119 8626/8626/7120
f 8628/8628/7122 8625/8625/7119 8627/8627/7121
f 8629/8629/7123 8628/8628/7122 8627/8627/7121
f 8630/8630/7124 8628/8628/7122 8629/8629/7123
f 8631/8631/7125 8630/8630/7124 8629/8629/7123
f 8632/8632/7126 8630/8630/7124 8631/8631/7125
f 8633/8633/7127 8630/8630/7124 8632/8632/7126
f 8634/8634/7128 8633/8633/7127 8632/8632/7126
f 8635/8635/7129 8633/8633/7127 8634/8634/7128
f 8636/8636/7130 8635/8635/7129 8634/8634/7128
f 8637/8637/7131 8635/8635/7129 8636/8636/7130
f 8638/8638/7132 8635/8635/7129 8637/8637/7131
f 8639/8639/7133 8638/8638/7132 8637/8637/7131
f 8640/8640/7134 8638/8638/7132 8639/8639/7133
f 8641/8641/7135 8640/8640/7134 8639/8639/7133
f 8642/8642/7136 8640/8640/7134 8641/8641/7135
f 8642/8642/7136 8643/8643/7137 8640/8640/7134
f 8644/8644/7138 8643/8643/7137 8642/8642/7136
f 8644/8644/7138 8645/8645/7139 8643/8643/7137
f 8646/8646/7140 8645/8645/7139 8644/8644/7138
f 8647/8647/7141 8645/8645/7139 8646/8646/7140
f 8647/8647/7141 8648/8648/7142 8645/8645/7139
f 8649/8649/7143 8648/8648/7142 8647/8647/7141
f 8650/8650/7144 8648/8648/7142 8649/8649/7143
f 8650/8650/7144 8651/8651/7145 8648/8648/7142
f 8652/8652/7146 8651/8651/7145 8650/8650/7144
f 8652/8652/7146 8653/8653/7147 8651/8651/7145
f 8652/8652/7146 8654/8654/7148 8653/8653/7147
f 8654/8654/7148 8655/8655/7149 8653/8653/7147
f 8655/8655/7149 8656/8656/7150 8653/8653/7147
f 8655/8655/7149 8657/8657/7151 8656/8656/7150
f 8657/8657/7151 8658/8658/7152 8656/8656/7150
f 8657/8657/7151 8659/8659/7153 8658/8658/7152
f 8659/8659/7153 8660/8660/7154 8658/8658/7152
f 8658/8658/7152 8660/8660/7154 8661/8661/7155
f 8660/8660/7154 8662/8662/7156 8661/8661/7155
f 8662/8662/7156 8663/8663/7157 8661/8661/7155
f 8662/8662/7156 8664/8664/7158 8663/8663/7157
f 8664/8664/7158 8665/8665/7159 8663/8663/7157
f 8663/8663/7157 8665/8665/7159 8666/8666/7160
f 8665/8665/7159 8667/8667/7161 8666/8666/7160
f 8666/8666/7160 8667/8667/7161 8668/8668/7162
f 8667/8667/7161 8669/8669/7163 8668/8668/7162
f 8669/8669/7163 8670/8670/7164 8668/8668/7162
f 8668/8668/7162 8670/8670/7164 8671/8671/7165
f 8670/8670/7164 8672/8672/7166 8671/8671/7165
f 8671/8671/7165 8672/8672/7166 8673/8673/7167
f 8672/8672/7166 8674/8674/7168 8673/8673/7167
f 8674/8674/7168 8675/8675/7169 8673/8673/7167
f 8675/8675/7169 8676/8676/7170 8673/8673/7167
f 8673/8673/7167 8676/8676/7170 8677/8677/7171
f 8677/8677/7171 8676/8676/7170 8678/8678/7172
f 8676/8676/7170 8679/8679/7173 8678/8678/7172
f 8678/8678/7172 8679/8679/7173 8604/8604/7098
f 8679/8679/7173 8680/8680/7174 8604/8604/7098
f 8680/8680/7174 8603/8603/7097 8604/8604/7098
f 8681/8681/7175 8682/8682/7176 8683/8683/7177
f 8684/8684/7178 8682/8682/7176 8681/8681/7175
f 8685/8685/7179 8682/8682/7176 8684/8684/7178
f 8686/8686/7180 8687/8687/7181 8688/8688/7182
f 8689/8689/7183 8687/8687/7181 8686/8686/7180
f 8690/8690/7184 8687/8687/7181 8689/8689/7183
f 8691/8691/7185 8692/8692/7186 8693/8693/7187
f 8692/8692/7186 8694/8694/7188 8693/8693/7187
f 8693/8693/7187 8694/8694/7188 8695/8695/7189
f 8694/8694/7188 8696/8696/7190 8695/8695/7189
f 8693/8693/7187 8695/8695/7189 8697/8697/7191
f 8693/8693/7187 8697/8697/7191 8698/8698/7192
f 8697/8697/7191 8695/8695/7189 8699/8699/7193
f 8695/8695/7189 8696/8696/7190 8440/8440/6934
f 8695/8695/7189 8700/8700/7194 8699/8699/7193
f 8699/8699/7193 8700/8700/7194 8701/8701/7195
f 8701/8701/7195 8700/8700/7194 8702/8702/7196
f 8700/8700/7194 8703/8703/7197 8702/8702/7196
f 8696/8696/7190 8450/8450/6944 8440/8440/6934
f 8704/8704/7198 8693/8693/7187 8698/8698/7192
f 8705/8705/7199 8693/8693/7187 8704/8704/7198
f 8706/8706/7200 8707/8707/7201 8708/8708/7202
f 8706/8706/7200 8709/8709/7203 8707/8707/7201
f 8710/8710/7204 8706/8706/7200 8708/8708/7202
f 8710/8710/7204 8708/8708/7202 8711/8711/7205
f 8712/8712/7206 8710/8710/7204 8711/8711/7205
f 8712/8712/7206 8711/8711/7205 8713/8713/7207
f 8714/8714/7208 8712/8712/7206 8713/8713/7207
f 8709/8709/7203 8715/8715/7209 8707/8707/7201
f 8715/8715/7209 8709/8709/7203 8716/8716/7210
f 8709/8709/7203 8717/8717/7211 8716/8716/7210
f 8715/8715/7209 8716/8716/7210 8718/8718/7212
f 8709/8709/7203 8719/8719/7213 8717/8717/7211
f 8719/8719/7213 8720/8720/7214 8717/8717/7211
f 8719/8719/7213 8721/8721/7215 8720/8720/7214
f 8719/8719/7213 8722/8722/7216 8721/8721/7215
f 8722/8722/7216 8723/8723/7217 8721/8721/7215
f 8722/8722/7216 8724/8724/7218 8723/8723/7217
f 8724/8724/7218 8725/8725/7219 8723/8723/7217
f 8723/8723/7217 8725/8725/7219 8726/8726/7220
f 8727/8727/7221 8728/8728/7222 8729/8729/7223
f 8727/8727/7221 8730/8730/7224 8728/8728/7222
f 8729/8729/7223 8728/8728/7222 8731/8731/7225
f 8727/8727/7221 8732/8732/7226 8730/8730/7224
f 8733/8733/7227 8729/8729/7223 8731/8731/7225
f 8733/8733/7227 8731/8731/7225 8734/8734/7228
f 8734/8734/7228 8731/8731/7225 8735/8735/7229
f 8736/8736/7230 8734/8734/7228 8735/8735/7229
f 8737/8737/7231 8738/8738/7232 8739/8739/7233
f 8737/8737/7231 8739/8739/7233 8740/8740/7234
f 8740/8740/7234 8739/8739/7233 8741/8741/7235
f 8740/8740/7234 8741/8741/7235 8742/8742/7236
f 8742/8742/7236 8741/8741/7235 8743/8743/7237
f 8744/8744/7238 8738/8738/7232 8737/8737/7231
f 8745/8745/7239 8746/8746/7240 8747/8747/7241
f 8746/8746/7240 8748/8748/7242 8747/8747/7241
f 8746/8746/7240 8749/8749/7243 8748/8748/7242
f 8747/8747/7241 8748/8748/7242 8750/8750/7244
f 8751/8751/7245 8746/8746/7240 8745/8745/7239
f 8751/8751/7245 8745/8745/7239 8752/8752/7246
f 8753/8753/7247 8747/8747/7241 8750/8750/7244
f 8754/8754/7248 8755/8755/7249 8756/8756/7250
f 8756/8756/7250 8755/8755/7249 8757/8757/7251
f 8758/8758/7252 8759/8759/7253 8760/8760/7254
f 8760/8760/7254 8759/8759/7253 8761/8761/7255
f 8762/8762/7256 8763/8763/7257 8764/8764/7258
f 8762/8762/7256 8764/8764/7258 8765/8765/7259
f 8766/8766/7260 8767/8767/7260 8768/8768/7260
f 8769/8769/7261 8770/8770/7262 8771/8771/7263
f 8770/8770/7262 8772/8772/7264 8771/8771/7263
f 8773/8773/7265 8774/8774/7266 8775/8775/7267
f 8774/8774/7266 8776/8776/7268 8775/8775/7267
f 8776/8776/7268 8294/8294/6833 8775/8775/7267
f 8775/8775/7267 8294/8294/6833 8777/8777/7269
f 8773/8773/7265 8775/8775/7267 8778/8778/7270
f 8294/8294/6833 8293/8293/6832 8777/8777/7269
f 8779/8779/7271 8780/8780/7271 8781/8781/7271
f 8782/8782/7272 8783/8783/7272 8784/8784/7272
f 8785/8785/7273 8786/8786/7274 8787/8787/7275
f 8788/8788/7276 8786/8786/7274 8785/8785/7273
f 8789/8789/7277 8790/8790/7278 8791/8791/7279
f 8792/8792/7280 8789/8789/7277 8791/8791/7279
f 8793/8793/7281 8794/8794/7282 8795/8795/7283
f 8796/8796/7284 8794/8794/7282 8793/8793/7281
f 8797/8797/7285 8798/8798/7286 8799/8799/7287
f 8799/8799/7287 8798/8798/7286 8800/8800/7288
f 8509/8509/7003 8801/8801/7289 8802/8802/7290
f 8803/8803/7291 8509/8509/7003 8802/8802/7290
f 8509/8509/7003 8508/8508/7002 8801/8801/7289
f 8804/8804/7292 8509/8509/7003 8803/8803/7291
f 8805/8805/7293 8509/8509/7003 8804/8804/7292
f 8806/8806/7294 8807/8807/7295 8808/8808/7296
f 8808/8808/7296 8807/8807/7295 8809/8809/7297
f 8810/8810/7298 8811/8811/7299 8812/8812/7300
f 8813/8813/7301 8812/8812/7300 8811/8811/7299
f 8812/8812/7300 8814/8814/7302 8810/8810/7298
f 8815/8815/7303 8816/8816/7304 8817/8817/7305
f 8817/8817/7305 8816/8816/7304 8818/8818/7306
f 8815/8815/7303 8817/8817/7305 8819/8819/7307
f 8820/8820/7308 8817/8817/7305 8818/8818/7306
f 8821/8821/7309 8822/8822/7310 8823/8823/7311
f 8821/8821/7309 8824/8824/7312 8822/8822/7310
f 8825/8825/7313 8826/8826/7314 8827/8827/7315
f 8826/8826/7314 8825/8825/7313 8828/8828/7316
f 8827/8827/7315 8829/8829/7317 8825/8825/7313
f 8830/8830/7318 8827/8827/7315 8826/8826/7314
f 8831/8831/7319 8827/8827/7315 8830/8830/7318
f 8832/8832/7320 8833/8833/7321 8834/8834/7322
f 8832/8832/7320 8834/8834/7322 8835/8835/7323
f 8834/8834/7322 8833/8833/7321 8836/8836/7324
f 8837/8837/7325 8838/8838/7326 8839/8839/7327
f 8837/8837/7325 8839/8839/7327 8840/8840/7328
f 8839/8839/7327 8838/8838/7326 8841/8841/7329
f 8837/8837/7325 8840/8840/7328 8842/8842/7330
f 8843/8843/7331 8844/8844/7332 8845/8845/7333
f 8846/8846/7334 8843/8843/7331 8845/8845/7333
f 8847/8847/7335 8848/8848/7336 8849/8849/7337
f 8849/8849/7337 8848/8848/7336 8850/8850/7338
f 8851/8851/7339 8848/8848/7336 8847/8847/7335
f 8852/8852/7340 8853/8853/7341 8854/8854/7342
f 8855/8855/7343 8852/8852/7340 8854/8854/7342
f 8856/8856/7344 8857/8857/7345 8858/8858/7346
f 8858/8858/7346 8857/8857/7345 8859/8859/7347
f 8860/8860/7348 8861/8861/7349 8862/8862/7350
f 8862/8862/7350 8861/8861/7349 8863/8863/7351
f 8860/8860/7348 8862/8862/7350 8864/8864/7352
f 8865/8865/7353 8860/8860/7348 8864/8864/7352
f 8865/8865/7353 8864/8864/7352 8866/8866/7354
f 8867/8867/7355 8868/8868/7356 7876/7876/6464
f 7876/7876/6464 8868/8868/7356 7862/7862/6450
f 8867/8867/7355 8869/8869/7357 8868/8868/7356
f 7396/7396/6025 8869/8869/7357 8867/8867/7355
f 8869/8869/7357 7396/7396/6025 7395/7395/6024
f 8870/8870/7358 8871/8871/7359 8872/8872/7360
f 8873/8873/7361 8871/8871/7359 8870/8870/7358
f 8874/8874/7362 8875/8875/7363 8876/8876/7364
f 8874/8874/7362 8877/8877/7365 8875/8875/7363
f 8878/8878/7366 8879/8879/7367 8880/8880/7368
f 8881/8881/7369 8878/8878/7366 8880/8880/7368
f 8882/8882/7370 8883/8883/7371 8884/8884/7372
f 8885/8885/7373 8882/8882/7370 8884/8884/7372
f 8886/8886/7374 8882/8882/7370 8885/8885/7373
f 8884/8884/7372 8883/8883/7371 8887/8887/7375
f 8883/8883/7371 8888/8888/7376 8887/8887/7375
f 8888/8888/7376 8883/8883/7371 8889/8889/7377
f 8890/8890/7378 8888/8888/7376 8889/8889/7377
f 8890/8890/7378 8889/8889/7377 8891/8891/7379
f 8892/8892/7380 8890/8890/7378 8891/8891/7379
f 8893/8893/7381 8894/8894/7382 8895/8895/7383
f 8894/8894/7382 8896/8896/7384 8895/8895/7383
f 8897/8897/7385 8894/8894/7382 8893/8893/7381
f 8898/8898/7386 8897/8897/7385 8893/8893/7381
f 8893/8893/7381 8899/8899/7387 8898/8898/7386
f 8899/8899/7387 8900/8900/7388 8898/8898/7386
f 8899/8899/7387 8901/8901/7389 8900/8900/7388
f 8901/8901/7389 8902/8902/7390 8900/8900/7388
f 8895/8895/7383 8896/8896/7384 8903/8903/7391
f 8904/8904/7392 8905/8905/7393 8906/8906/7394
f 8907/8907/7395 8905/8905/7393 8904/8904/7392
f 8904/8904/7392 8906/8906/7394 8908/8908/7396
f 8908/8908/7396 8906/8906/7394 8909/8909/7397
f 8906/8906/7394 8910/8910/7398 8909/8909/7397
f 8910/8910/7398 8911/8911/7399 8909/8909/7397
f 8912/8912/7400 8913/8913/7401 8914/8914/7402
f 8914/8914/7402 8913/8913/7401 8915/8915/7403
f 8912/8912/7400 8916/8916/7404 8913/8913/7401
f 8914/8914/7402 8915/8915/7403 8917/8917/7405
f 8918/8918/7406 8919/8919/7407 8920/8920/7408
f 8918/8918/7406 8920/8920/7408 8921/8921/7409
f 8922/8922/7410 8923/8923/7410 8924/8924/7410
f 8925/8925/7411 8926/8926/7412 8927/8927/7413
f 8928/8928/7414 8926/8926/7412 8925/8925/7411
f 8929/8929/7415 8930/8930/7416 8931/8931/7417
f 8931/8931/7417 8930/8930/7416 8932/8932/7418
f 8933/8933/7419 8934/8934/7420 8935/8935/7421
f 8934/8934/7420 8936/8936/7422 8935/8935/7421
f 8937/8937/7423 8934/8934/7420 8933/8933/7419
f 8938/8938/7424 8934/8934/7420 8937/8937/7423
f 8938/8938/7424 8937/8937/7423 8939/8939/7425
f 8938/8938/7424 8939/8939/7425 8940/8940/7426
f 8940/8940/7426 8939/8939/7425 8941/8941/7427
f 8942/8942/7428 8943/8943/7429 8944/8944/7430
f 8943/8943/7429 8945/8945/7431 8944/8944/7430
f 8946/8946/7432 8942/8942/7428 8944/8944/7430
f 8947/8947/7433 8942/8942/7428 8946/8946/7432
f 8948/8948/7434 8947/8947/7433 8946/8946/7432
f 8949/8949/7435 8948/8948/7434 8946/8946/7432
f 8943/8943/7429 8950/8950/7436 8945/8945/7431
f 8951/8951/7437 8952/8952/7438 8953/8953/7439
f 8952/8952/7438 8954/8954/7440 8953/8953/7439
f 8955/8955/7441 8956/8956/7442 8957/8957/7443
f 8958/8958/7444 8956/8956/7442 8955/8955/7441
f 8955/8955/7441 8957/8957/7443 8959/8959/7445
f 8957/8957/7443 8960/8960/7446 8959/8959/7445
f 8957/8957/7443 8961/8961/7447 8960/8960/7446
f 8961/8961/7447 8962/8962/7448 8960/8960/7446
f 8963/8963/7449 8964/8964/7450 8965/8965/7451
f 8963/8963/7449 8966/8966/7452 8964/8964/7450
f 8966/8966/7452 8967/8967/7453 8964/8964/7450
f 8966/8966/7452 8968/8968/7454 8967/8967/7453
f 8969/8969/7455 8968/8968/7454 8966/8966/7452
f 8969/8969/7455 8970/8970/7456 8968/8968/7454
f 8971/8971/7457 8972/8972/7458 8973/8973/7459
f 8972/8972/7458 8974/8974/7460 8973/8973/7459
f 8975/8975/7461 8976/8976/7462 8977/8977/7463
f 8975/8975/7461 8977/8977/7463 8978/8978/7464
f 8979/8979/7465 8980/8980/7466 8981/8981/7467
f 8981/8981/7467 8980/8980/7466 8982/8982/7468
f 8983/8983/7469 8984/8984/7469 8985/8985/7469
f 8986/8986/7470 8987/8987/7471 8988/8988/7472
f 8988/8988/7472 8987/8987/7471 8989/8989/7473
f 8990/8990/7474 8991/8991/7475 8992/8992/7476
f 8993/8993/7477 8990/8990/7474 8992/8992/7476
f 8990/8990/7474 8994/8994/7478 8991/8991/7475
f 8994/8994/7478 8995/8995/7479 8991/8991/7475
f 8996/8996/7480 8997/8997/7481 8998/8998/7482
f 8996/8996/7480 8998/8998/7482 8999/8999/7483
f 9000/9000/7484 9001/9001/7484 9002/9002/7484
f 9003/9003/7485 9004/9004/7485 9005/9005/7485
f 9006/9006/7486 9007/9007/7487 9008/9008/7488
f 9006/9006/7486 9009/9009/7489 9007/9007/7487
f 9010/9010/7490 9011/9011/7491 9012/9012/7492
f 9010/9010/7490 9012/9012/7492 9013/9013/7493
f 9014/9014/7494 9015/9015/7495 9016/9016/7496
f 9015/9015/7495 9014/9014/7494 9017/9017/7497
f 9016/9016/7496 9015/9015/7495 9018/9018/7498
f 9019/9019/7499 9015/9015/7495 9017/9017/7497
f 9020/9020/7500 9016/9016/7496 9018/9018/7498
f 9021/9021/7501 9022/9022/7502 9023/9023/7503
f 9021/9021/7501 9024/9024/7504 9022/9022/7502
f 9022/9022/7502 9025/9025/7505 9023/9023/7503
f 9025/9025/7505 9026/9026/7506 9023/9023/7503
f 9023/9023/7503 9026/9026/7506 9027/9027/7507
f 9028/9028/7508 9029/9029/7508 9030/9030/7508
f 9031/9031/7509 9032/9032/7510 9033/9033/7511
f 9031/9031/7509 9034/9034/7512 9032/9032/7510
f 9034/9034/7512 9035/9035/7513 9032/9032/7510
f 9036/9036/7514 9037/9037/7515 9038/9038/7516
f 9037/9037/7515 9039/9039/7517 9038/9038/7516
f 9040/9040/7518 9041/9041/7519 9042/9042/7520
f 9042/9042/7520 9041/9041/7519 9043/9043/7521
f 9041/9041/7519 9044/9044/7522 9043/9043/7521
f 9041/9041/7519 9045/9045/7523 9044/9044/7522
f 9046/9046/7524 9045/9045/7523 9041/9041/7519
f 9047/9047/7525 9048/9048/7526 9049/9049/7527
f 9048/9048/7526 9050/9050/7528 9049/9049/7527
f 9051/9051/7529 9052/9052/7529 9053/9053/7529
f 9054/9054/7530 9055/9055/7530 9056/9056/7530
f 9057/9057/7531 9058/9058/7532 9059/9059/7533
f 9059/9059/7533 9058/9058/7532 9060/9060/7534
f 9057/9057/7531 9061/9061/7535 9058/9058/7532
f 9062/9062/7536 9063/9063/7537 9064/9064/7538
f 9062/9062/7536 9065/9065/7539 9063/9063/7537
f 8205/8205/6753 8173/8173/6722 8191/8191/6739
f 8191/8191/6739 8173/8173/6722 8172/8172/6721
f 8172/8172/6721 8178/8178/6727 8191/8191/6739
f 9066/9066/7540 9067/9067/7540 9068/9068/7540
f 9069/9069/7541 9070/9070/7542 9071/9071/7543
f 9072/9072/7544 9069/9069/7541 9071/9071/7543
f 9073/9073/7545 9074/9074/7545 9075/9075/7545
f 9076/9076/7546 9077/9077/7547 9078/9078/7548
f 9079/9079/7549 9078/9078/7548 9077/9077/7547
