# Blender v2.93.5 OBJ File: ''
# www.blender.org
mtllib Zenith.mtl
o Mesh_0144out
v -0.245216 0.165648 0.050396
v -0.149425 0.174406 0.187268
v -0.227707 0.135479 0.049327
v -0.135696 0.143855 0.180740
v -0.132390 0.144428 0.192384
v -0.144317 0.174162 0.204166
v -0.137231 0.166465 -0.069715
v -0.121615 0.166465 -0.140728
v -0.108390 0.166465 -0.128389
v -0.145302 0.166465 -0.106940
v -0.090774 0.166465 -0.124303
v -0.145279 0.166465 -0.068509
v -0.156923 0.166465 -0.035644
v -0.153923 0.166465 0.000000
v -0.160848 0.166465 -0.004918
v -0.126915 0.166465 -0.158016
v -0.150280 0.166465 -0.154992
v -0.125510 0.166457 -0.179747
v -0.150234 0.166465 -0.112040
v -0.158802 0.166465 0.026000
v -0.150257 0.166465 0.058460
v -0.137231 0.166465 0.069715
v -0.149005 0.166465 0.079741
v -0.118011 0.166465 0.135925
v -0.105679 0.166465 0.127090
v -0.157023 0.166495 0.066172
v -0.090774 0.166465 0.124303
v -0.122593 0.166465 -0.176830
v -0.125441 0.166465 0.149143
v -0.153739 0.166465 0.083001
v -0.126579 0.166465 0.164261
v -0.195965 0.166465 0.082787
v -0.119783 0.166465 0.191590
v -0.191239 0.166465 0.073143
v -0.121211 0.166465 0.178449
v -0.109536 0.166465 0.189818
v -0.196485 0.166434 0.076167
v -0.110185 0.166495 0.193766
v 0.148631 0.140480 -0.009316
v 0.126190 0.140480 -0.079084
v 0.149402 0.161502 -0.006895
v 0.125342 0.161463 -0.080428
v 0.148509 0.161150 0.002543
v 0.137773 0.140480 0.056535
v 0.134971 0.161463 0.062934
v 0.099250 0.140480 0.111032
v 0.095730 0.161463 0.114087
v 0.040791 0.140480 0.143232
v 0.038546 0.161463 0.143851
v -0.025862 0.140480 0.146661
v -0.030024 0.161219 0.146546
v -0.069135 0.161799 0.132390
v -0.092691 0.140480 0.116568
v 0.148929 0.183455 0.000221
v 0.153617 0.183455 0.017501
v 0.153037 0.166465 0.016463
v 0.153396 0.183455 -0.017120
v 0.162910 0.166465 0.027977
v 0.167087 0.185623 0.030200
v 0.176716 0.166465 0.034239
v 0.183534 0.185447 0.034552
v -0.076289 0.161097 0.127419
v -0.128976 0.161463 0.074464
v -0.137070 0.140480 0.058238
v -0.074655 0.183455 0.128862
v -0.091966 0.183455 0.124288
v -0.090774 0.166465 0.124303
v -0.061873 0.183455 0.141407
v -0.105679 0.166465 0.127090
v -0.109268 0.183455 0.128869
v -0.118011 0.166465 0.135925
v -0.121699 0.185279 0.141652
v 0.191880 0.166465 0.034063
v 0.200852 0.183455 0.030604
v 0.205548 0.166465 0.027489
v 0.213772 0.183455 0.018211
v 0.215147 0.166465 0.015753
v 0.219056 0.185783 -0.000985
v -0.125441 0.166465 0.149143
v -0.126930 0.183455 0.158641
v -0.126579 0.166465 0.164261
v -0.122662 0.183455 0.176028
v -0.121211 0.166465 0.178449
v -0.108627 0.185814 0.190238
v -0.109536 0.166465 0.189818
v 0.219308 0.166465 -0.000512
v -0.123318 0.186662 0.166430
v 0.205793 0.186555 0.023770
v -0.068875 0.140480 -0.132039
v -0.123517 0.140480 -0.083200
v -0.074464 0.161463 -0.128969
v -0.128976 0.161463 -0.074465
v -0.116049 0.151468 -0.133909
v -0.155152 0.151430 -0.134115
v -0.148249 0.151468 -0.069944
v -0.124036 0.151468 -0.145332
v -0.152006 0.151453 -0.146783
v -0.155274 0.151468 -0.061247
v -0.165224 0.151468 -0.023694
v -0.163918 0.151468 0.000000
v -0.166231 0.151468 0.015142
v -0.158222 0.151468 0.053160
v -0.148249 0.151468 0.069944
v -0.203067 0.151499 0.041111
v -0.214406 0.151468 0.050900
v -0.126854 0.151468 0.161673
v -0.122730 0.151468 0.175906
v -0.104229 0.151468 -0.126510
v -0.120348 0.151468 0.185237
v -0.124716 0.151468 0.147005
v -0.116690 0.151468 0.134535
v -0.104229 0.151468 0.126510
v -0.113353 0.151270 0.186902
v 0.173990 0.151468 -0.033544
v 0.193721 0.151430 -0.067310
v 0.134696 0.151468 -0.093417
v 0.187879 0.151468 -0.034758
v 0.203120 0.151453 -0.058246
v 0.130679 0.151468 -0.103847
v 0.103129 0.151468 -0.131244
v 0.081963 0.151468 -0.141957
v 0.069998 0.151468 -0.151533
v 0.013554 0.151468 -0.163361
v 0.033071 0.151468 -0.163605
v 0.065928 0.151499 -0.196416
v 0.063125 0.151468 -0.211130
v -0.064950 0.151468 -0.181511
v -0.058162 0.151468 -0.168332
v -0.057444 0.151468 -0.153526
v 0.161681 0.151468 -0.027008
v -0.076579 0.151468 -0.190697
v -0.090973 0.151468 -0.194240
v -0.100243 0.151468 -0.196836
v -0.105183 0.151270 -0.191613
v -0.087460 0.174406 -0.223042
v -0.088682 0.143855 -0.207885
v 0.071135 0.135479 -0.221866
v 0.078962 0.165648 -0.237558
v -0.100418 0.144428 -0.210848
v -0.104656 0.174162 -0.227059
v -0.195965 0.166465 0.082787
v -0.119783 0.166465 0.191590
v -0.197080 0.191724 0.081176
v -0.119783 0.204377 0.191590
v 0.144378 0.135479 0.053351
v 0.158176 0.135479 0.015394
v 0.158642 0.135693 0.000229
v 0.133619 0.135479 0.086040
v 0.105260 0.135479 0.112307
v 0.079458 0.135479 0.137628
v 0.043906 0.135479 0.147531
v 0.007705 0.135479 0.158733
v -0.026725 0.135479 0.151586
v -0.065759 0.135479 0.144676
v 0.152999 0.135479 -0.016868
v 0.158176 0.135479 -0.015386
v 0.133619 0.135479 -0.086040
v 0.126884 0.135479 -0.087140
v 0.079458 0.135479 -0.137628
v 0.070670 0.135479 -0.136742
v 0.007705 0.135479 -0.158733
v -0.079519 0.135670 0.137261
v -0.095165 0.135479 0.120982
v -0.092416 0.135479 0.129289
v -0.141323 0.135479 0.072693
v -0.141026 0.135479 0.061674
v -0.158924 0.135479 -0.000000
v -0.153434 0.135479 -0.012263
v -0.141323 0.135479 -0.072693
v -0.129442 0.135479 -0.083292
v -0.092416 0.135479 -0.129290
v -0.074739 0.135479 -0.134558
v -0.079130 0.136349 -0.137590
v -0.070043 0.136311 -0.146867
v -0.092080 0.136601 0.134108
v -0.104778 0.136357 0.137582
v -0.115476 0.135364 0.139056
v -0.113896 0.136334 0.146898
v -0.117141 0.136326 0.159527
v -0.121417 0.135372 0.168942
v -0.113644 0.136334 0.172088
v -0.104381 0.136166 0.181159
v -0.100014 0.135372 0.189001
v -0.091828 0.136311 0.184451
v -0.071441 0.135379 0.182526
v -0.079237 0.136326 0.181007
v -0.070089 0.136326 0.171752
v -0.061972 0.135479 0.159634
v -0.066783 0.136357 0.159168
v -0.070234 0.136601 0.146577
v 0.029276 0.182454 0.164292
v 0.029276 0.166465 0.164292
v 0.090370 0.181652 0.128763
v 0.088606 0.166472 0.129770
v 0.104985 0.181454 0.116782
v 0.108352 0.166465 0.113514
v 0.118057 0.181454 0.103381
v 0.123723 0.166480 0.097532
v 0.123815 0.194679 0.097899
v 0.118057 0.192037 0.103381
v -0.081711 0.183455 -0.141522
v -0.091958 0.183455 -0.138781
v -0.081711 0.163464 -0.141522
v -0.091958 0.163464 -0.138781
v 0.134696 0.151468 0.093416
v 0.151281 0.151468 0.160230
v 0.203441 0.151468 0.029024
v 0.213704 0.151468 0.018333
v 0.125151 0.151468 0.110444
v 0.137109 0.151544 0.155312
v 0.081963 0.151468 0.141957
v 0.096227 0.151468 0.136383
v 0.062095 0.151468 0.154938
v 0.013554 0.151468 0.163360
v 0.024595 0.151468 0.165094
v -0.038561 0.151438 0.201417
v -0.057940 0.151468 0.167453
v -0.063843 0.151468 0.180083
v -0.057444 0.151468 0.153525
v 0.220331 0.150605 0.011629
v 0.189666 0.151468 0.034506
v 0.218537 0.151270 0.004711
v -0.074205 0.151468 0.189414
v -0.051114 0.151445 0.205052
v -0.087155 0.151430 0.193919
v 0.174860 0.151468 0.033788
v 0.161681 0.151468 0.027008
v -0.160276 0.166465 -0.125701
v -0.194163 0.166465 -0.067295
v -0.160276 0.166465 -0.062186
v -0.169813 0.166465 -0.026779
v -0.202990 0.166465 -0.052649
v -0.202990 0.166465 -0.011859
v -0.210870 0.166465 -0.066126
v -0.218178 0.166465 -0.051588
v -0.171630 0.166465 0.009850
v -0.202990 0.166465 0.002168
v -0.202990 0.166465 0.036155
v -0.165636 0.166465 0.046036
v -0.214635 0.166465 -0.011041
v -0.221942 0.166465 0.003497
v -0.176395 0.165854 -0.148181
v -0.217002 0.165465 -0.077725
v -0.173898 0.149002 -0.135604
v -0.198936 0.135479 -0.078985
v -0.175578 0.135479 -0.119241
v -0.167965 0.148597 -0.145424
v -0.039004 0.187456 -0.205396
v -0.106031 0.166465 -0.199531
v -0.106031 0.204377 -0.199531
v -0.039004 0.166465 -0.205396
v -0.035025 0.191449 -0.205739
v -0.028054 0.191449 -0.206350
v 0.028291 0.191701 -0.211230
v -0.024068 0.187456 -0.206702
v 0.026283 0.166465 -0.211107
v -0.024068 0.166465 -0.206702
v 0.201654 0.183455 0.010247
v 0.201654 0.163464 0.010247
v 0.204395 0.163464 0.000000
v 0.204395 0.183455 0.000000
v -0.068875 0.140480 -0.132039
v -0.074464 0.161463 -0.128969
v -0.002329 0.161463 -0.148906
v 0.002451 0.140480 -0.148906
v 0.127640 0.182454 -0.107505
v 0.127640 0.166465 -0.107505
v 0.066332 0.181652 -0.142645
v 0.068081 0.166465 -0.141621
v 0.048640 0.181454 -0.149303
v 0.044127 0.166465 -0.150586
v 0.030498 0.181454 -0.153930
v 0.022457 0.166488 -0.155984
v 0.022885 0.194664 -0.156160
v 0.030498 0.192037 -0.153930
v -0.161917 0.186455 -0.058849
v -0.161490 0.186448 0.008758
v -0.178075 0.186455 -0.025618
v -0.184886 0.186455 -0.003100
v -0.175379 0.186455 -0.058590
v -0.201646 0.186455 -0.056757
v -0.168576 0.186455 -0.081108
v -0.150280 0.186455 -0.070570
v -0.150280 0.186455 -0.104076
v -0.182626 0.186455 -0.104076
v -0.204960 0.186455 -0.078565
v -0.211122 0.186455 -0.040058
v -0.217987 0.186455 -0.022831
v -0.182626 0.186455 -0.117057
v -0.191766 0.186455 0.011759
v -0.204892 0.186455 -0.001703
v -0.217055 0.186608 0.015493
v -0.209664 0.186455 0.034392
v -0.217987 0.186455 0.032185
v -0.217987 0.186455 -0.039584
v 0.163422 0.183455 0.000000
v 0.166163 0.183455 -0.010247
v 0.163422 0.163464 0.000000
v 0.166163 0.163464 -0.010247
v 0.232808 0.144428 0.018463
v 0.248966 0.174162 0.022900
v 0.209687 0.148292 -0.066729
v 0.222531 0.179774 -0.076625
v 0.249767 0.189571 0.022907
v 0.222531 0.196359 -0.076625
v -0.019960 0.166465 0.179304
v 0.013309 0.166465 0.160069
v 0.013309 0.182454 0.160069
v -0.020105 0.182531 0.179419
v -0.092989 0.185753 0.198668
v -0.059093 0.166465 0.207640
v -0.059093 0.208866 0.207640
v -0.119783 0.204377 0.191590
v -0.092912 0.166457 0.198561
v -0.109849 0.185967 0.194140
v -0.119783 0.166465 0.191590
v -0.110185 0.166495 0.193766
v 0.070395 0.161463 -0.131237
v -0.062262 0.166465 -0.140766
v 0.008239 0.166465 -0.153701
v -0.057223 0.166465 -0.155068
v 0.005444 0.166465 -0.168912
v -0.025878 0.166465 -0.181458
v -0.032849 0.166465 -0.180847
v 0.022457 0.166488 -0.155984
v 0.023602 0.166480 -0.165835
v 0.044127 0.166465 -0.150586
v 0.004986 0.166465 -0.174646
v -0.058712 0.166465 -0.170164
v 0.018624 0.166465 -0.169347
v -0.022243 0.166465 -0.185787
v 0.032277 0.166465 -0.202189
v -0.024068 0.166465 -0.206702
v 0.026283 0.166465 -0.211107
v 0.032284 0.166434 -0.208236
v -0.037179 0.166465 -0.184481
v -0.066439 0.166465 -0.183206
v -0.039004 0.166465 -0.205396
v -0.078969 0.166465 -0.191751
v -0.093936 0.166465 -0.194194
v -0.106031 0.166465 -0.199531
v -0.112048 0.166472 -0.190399
v 0.068081 0.166465 -0.141621
v 0.076961 0.166465 -0.133298
v 0.127640 0.166465 -0.107505
v 0.128992 0.166465 -0.083986
v 0.131970 0.166465 -0.091561
v 0.165262 0.166465 -0.072365
v 0.165384 0.166465 -0.029673
v 0.153037 0.166465 -0.016463
v 0.182679 0.166465 -0.034964
v 0.172127 0.166465 -0.074098
v 0.209366 0.166465 -0.052649
v 0.200303 0.166465 -0.030902
v 0.218415 0.166457 -0.018822
v 0.214437 0.166465 -0.017753
v -0.245904 0.176628 0.049388
v -0.188658 0.191877 0.119913
v -0.149425 0.189197 0.187268
v -0.231647 0.192327 0.047182
v -0.125876 0.209584 0.198248
v -0.144721 0.189571 0.204853
v -0.156923 0.182454 -0.035644
v -0.160848 0.166465 -0.004918
v -0.161490 0.186448 0.008758
v -0.160260 0.181507 0.014554
v -0.156923 0.166465 -0.035644
v -0.158443 0.181454 0.029718
v -0.158802 0.166465 0.026000
v -0.150257 0.166465 0.058460
v -0.153174 0.181454 0.049327
v -0.150372 0.194740 0.058276
v -0.153182 0.191694 0.049327
v -0.156923 0.166465 -0.056795
v -0.156923 0.182454 -0.056795
v 0.216521 0.165854 -0.078672
v 0.175815 0.165465 -0.149066
v 0.204388 0.149002 -0.082795
v 0.167873 0.135479 -0.132787
v 0.191056 0.135479 -0.092432
v 0.209924 0.148597 -0.072746
v -0.132390 0.144428 0.192384
v -0.144317 0.174162 0.204166
v -0.047052 0.148292 0.214956
v -0.044906 0.179774 0.231029
v -0.144721 0.189571 0.204853
v -0.044906 0.196359 0.231029
v 0.001184 0.186455 0.210191
v 0.014042 0.186455 0.186543
v 0.034438 0.186455 0.216781
v -0.014997 0.186455 0.182183
v 0.014019 0.186455 0.165430
v 0.029994 0.186455 0.169652
v 0.036950 0.186455 0.181182
v 0.066852 0.186455 0.167033
v 0.088858 0.186455 0.135620
v 0.051672 0.186455 0.203006
v 0.089751 0.186455 0.161665
v 0.070868 0.186455 0.202868
v 0.089217 0.186455 0.200196
v -0.010064 0.186455 0.216681
v 0.106069 0.186455 0.160192
v 0.100968 0.186455 0.178296
v 0.121944 0.186608 0.180228
v 0.134612 0.186455 0.164384
v 0.136864 0.186455 0.172684
v 0.074717 0.186455 0.208572
v -0.040134 0.165854 0.226852
v 0.041188 0.165465 0.226791
v -0.030490 0.149002 0.218407
v 0.031063 0.135479 0.211779
v -0.015478 0.135479 0.211672
v -0.041959 0.148597 0.218178
v -0.109696 0.183455 0.149028
v -0.109696 0.163464 0.149028
v -0.112445 0.163464 0.159268
v -0.112445 0.183455 0.159268
v -0.112445 0.183455 -0.159268
v -0.109696 0.183455 -0.169515
v -0.112445 0.163464 -0.159268
v -0.109696 0.163464 -0.169515
v -0.109070 0.186432 -0.176616
v -0.115606 0.186463 -0.151968
v 0.189002 0.166465 -0.075946
v 0.155366 0.166465 -0.134505
v 0.133993 0.166465 -0.107703
v 0.108100 0.166465 -0.133673
v 0.147096 0.166465 -0.149471
v 0.111765 0.166465 -0.169866
v 0.162704 0.166465 -0.149555
v 0.153770 0.166465 -0.163154
v 0.077282 0.166465 -0.153564
v 0.099617 0.166465 -0.176884
v 0.070188 0.166465 -0.193873
v 0.042952 0.166465 -0.166461
v 0.116881 0.166465 -0.180358
v 0.107948 0.166465 -0.193957
v -0.204960 0.186455 -0.078565
v -0.217002 0.176460 -0.077725
v -0.182626 0.186455 -0.117057
v -0.177624 0.182454 -0.133634
v -0.177487 0.176284 -0.146066
v 0.166163 0.183455 0.010247
v 0.166163 0.163464 0.010247
v 0.173661 0.163464 0.017746
v 0.173661 0.183455 0.017746
v 0.160329 0.186425 0.006147
v 0.178403 0.186463 0.024137
v 0.194156 0.183455 0.017746
v 0.183909 0.183455 0.020487
v 0.194156 0.163464 0.017746
v 0.183909 0.163464 0.020487
v 0.158642 0.135693 0.000229
v 0.162177 0.136601 0.012691
v 0.158924 0.151468 0.000000
v 0.162269 0.151468 0.012492
v 0.161681 0.140480 -0.027008
v 0.161681 0.151468 -0.027008
v 0.134696 0.151468 -0.093417
v 0.134696 0.140480 -0.093417
v 0.223057 0.185959 -0.001940
v 0.225814 0.204377 0.007941
v 0.225814 0.166465 0.007941
v 0.218552 0.185753 -0.018799
v 0.209366 0.208866 -0.052649
v 0.209366 0.166465 -0.052649
v 0.218415 0.166457 -0.018822
v 0.222958 0.166511 -0.001397
v 0.090370 0.181652 0.128763
v 0.132764 0.181546 0.159390
v 0.108925 0.182454 0.155564
v 0.104985 0.181454 0.116782
v 0.118057 0.181454 0.103381
v -0.128976 0.161463 0.074464
v -0.076289 0.161097 0.127419
v -0.090774 0.166465 0.124303
v -0.137231 0.166465 0.069715
v -0.056978 0.183455 0.158626
v -0.056994 0.166465 0.158069
v -0.061063 0.166465 0.175685
v -0.061239 0.183455 0.176013
v 0.063072 0.140961 -0.211138
v -0.102755 0.144649 -0.201608
v -0.100464 0.149559 -0.196821
v 0.066875 0.135754 -0.216445
v -0.028726 0.166465 0.201654
v 0.038798 0.166465 0.201799
v 0.026275 0.166465 0.169897
v 0.061720 0.166465 0.160451
v 0.055894 0.166465 0.202120
v 0.091225 0.166465 0.181725
v 0.048167 0.166465 0.215681
v 0.064408 0.166465 0.214742
v 0.094348 0.166465 0.143713
v 0.103374 0.166465 0.174707
v 0.132802 0.166465 0.157718
v 0.122685 0.166465 0.120432
v 0.097754 0.166465 0.191399
v 0.114003 0.166465 0.190460
v 0.183909 0.183455 -0.020487
v 0.183909 0.163464 -0.020487
v 0.173661 0.163464 -0.017746
v 0.173661 0.183455 -0.017746
v -0.071463 0.183455 0.159268
v -0.074212 0.183455 0.169515
v -0.071463 0.163464 0.159268
v -0.074212 0.163464 0.169515
v -0.081711 0.183455 -0.177013
v -0.074212 0.183455 -0.169515
v -0.081711 0.163464 -0.177013
v -0.074212 0.163464 -0.169515
v -0.091958 0.183455 -0.179762
v -0.091958 0.163464 -0.179762
v -0.102198 0.163464 -0.177013
v -0.102198 0.183455 -0.177013
v 0.073021 0.186455 -0.144760
v 0.095127 0.186455 -0.158558
v 0.111231 0.186455 -0.141408
v 0.131924 0.186455 -0.110803
v 0.138430 0.186455 -0.122585
v 0.149975 0.186455 -0.146256
v 0.154534 0.186455 -0.105435
v 0.136254 0.186455 -0.094860
v 0.165270 0.186455 -0.078107
v 0.181442 0.186455 -0.106115
v 0.170515 0.186455 -0.138216
v 0.140255 0.186455 -0.162811
v 0.128763 0.186455 -0.177365
v 0.192690 0.186455 -0.099625
v 0.085697 0.186455 -0.171951
v 0.103923 0.186455 -0.176586
v 0.095112 0.186608 -0.195721
v 0.075052 0.186455 -0.198768
v 0.081115 0.186455 -0.204877
v 0.143271 0.186455 -0.168988
v -0.074273 0.183455 -0.129083
v -0.061713 0.185806 -0.142507
v -0.067508 0.162815 -0.134253
v -0.062262 0.166465 -0.140766
v -0.057223 0.166465 -0.155068
v -0.057383 0.185455 -0.159818
v -0.058712 0.166465 -0.170164
v -0.061850 0.185447 -0.176219
v -0.066439 0.166465 -0.183206
v -0.073922 0.183455 -0.189246
v -0.078969 0.166465 -0.191751
v -0.091118 0.183455 -0.194240
v -0.093936 0.166465 -0.194194
v -0.110536 0.185837 -0.189116
v -0.112048 0.166472 -0.190399
v -0.074464 0.161463 -0.128969
v -0.082299 0.186555 -0.190117
v -0.082520 0.162815 -0.125586
v -0.091523 0.183455 -0.124288
v -0.090774 0.166465 -0.124303
v -0.108390 0.166465 -0.128389
v -0.108887 0.183455 -0.128656
v -0.083276 0.186486 -0.128037
v -0.071463 0.163464 -0.159268
v -0.078931 0.163472 -0.155748
v -0.080703 0.163464 -0.165766
v -0.074212 0.163464 -0.149028
v -0.088117 0.163426 -0.146318
v -0.081711 0.163464 -0.141522
v -0.074212 0.163464 -0.169515
v -0.091958 0.163464 -0.138781
v -0.102198 0.163464 -0.141522
v -0.101090 0.163472 -0.149143
v -0.109696 0.163464 -0.149028
v -0.088797 0.163426 -0.172401
v -0.081711 0.163464 -0.177013
v -0.112445 0.163464 -0.159268
v -0.105000 0.163464 -0.162070
v -0.109696 0.163464 -0.169515
v -0.098448 0.163464 -0.170523
v -0.102198 0.163464 -0.177013
v -0.091958 0.163464 -0.179762
v 0.234626 0.209584 0.009888
v 0.156687 0.192327 0.177021
v 0.168881 0.191778 0.130007
v 0.225814 0.204377 0.007941
v 0.209366 0.208866 -0.052649
v 0.214208 0.215151 -0.065302
v 0.176555 0.209172 -0.071593
v 0.183229 0.215433 -0.083162
v 0.164033 0.189838 0.132229
v 0.236893 0.174406 0.035774
v 0.224371 0.143855 0.027145
v 0.156572 0.135479 0.172539
v 0.166255 0.165648 0.187161
v 0.232808 0.144428 0.018463
v 0.248966 0.174162 0.022900
v -0.233190 0.135471 0.010713
v -0.216483 0.135479 -0.022938
v -0.233877 0.165465 -0.021716
v -0.250645 0.167954 0.010331
v 0.156687 0.192327 0.177021
v 0.136666 0.197825 0.101694
v 0.158856 0.191480 0.128724
v 0.143011 0.195893 0.089698
v 0.148692 0.194252 0.091454
v 0.164033 0.189838 0.132229
v 0.162910 0.166465 0.027977
v 0.176716 0.166465 0.034239
v 0.128992 0.166465 0.083986
v 0.143576 0.166465 0.089148
v 0.123723 0.166480 0.097532
v 0.135322 0.166541 0.103274
v 0.108352 0.166465 0.113514
v 0.076961 0.166465 0.133298
v 0.153037 0.166465 0.016463
v 0.148753 0.166465 0.091645
v 0.191880 0.166465 0.034063
v 0.168981 0.166465 0.129786
v 0.205548 0.166465 0.027489
v 0.225814 0.166465 0.007941
v 0.158962 0.166465 0.129053
v 0.215147 0.166465 0.015753
v 0.219308 0.166465 -0.000512
v 0.163949 0.166465 0.132038
v 0.222958 0.166511 -0.001397
v 0.088606 0.166472 0.129770
v 0.029276 0.166465 0.164292
v 0.008239 0.166465 0.153701
v 0.013309 0.166465 0.160069
v -0.019960 0.166465 0.179304
v -0.056994 0.166465 0.158069
v -0.061063 0.166465 0.175685
v -0.062262 0.166465 0.140766
v -0.021915 0.166465 0.186130
v -0.073388 0.166465 0.188917
v -0.059093 0.166465 0.207640
v -0.092912 0.166457 0.198561
v -0.091843 0.166465 0.194583
v -0.009522 0.191877 -0.223340
v 0.080184 0.176628 -0.237657
v 0.074961 0.192327 -0.224210
v -0.087460 0.189197 -0.223042
v -0.108749 0.209584 -0.208137
v -0.105046 0.189571 -0.227761
v 0.070395 0.161463 -0.131237
v -0.002329 0.161463 -0.148906
v -0.062262 0.166465 -0.140766
v 0.133993 0.156470 -0.107703
v 0.189002 0.156470 -0.075946
v 0.133993 0.166465 -0.107703
v 0.108100 0.156470 -0.133673
v 0.108100 0.166465 -0.133673
v 0.077282 0.156470 -0.153564
v 0.077282 0.166465 -0.153564
v 0.042952 0.166465 -0.166461
v 0.042952 0.156470 -0.166461
v 0.189002 0.166465 -0.075946
v -0.125876 0.209584 0.198248
v -0.050549 0.215151 0.218163
v -0.144721 0.189571 0.204853
v -0.044906 0.196359 0.231029
v 0.061720 0.156470 0.160451
v 0.062095 0.151468 0.154938
v 0.024595 0.151468 0.165094
v 0.094348 0.156470 0.143713
v 0.026275 0.156470 0.169897
v -0.038561 0.151438 0.201417
v -0.028726 0.156470 0.201654
v 0.096227 0.151468 0.136383
v 0.122685 0.156470 0.120432
v 0.125151 0.151468 0.110444
v -0.106031 0.204377 -0.199531
v -0.125556 0.185761 -0.179869
v -0.150280 0.208866 -0.154992
v -0.150280 0.166465 -0.154992
v -0.125510 0.166457 -0.179747
v -0.113186 0.185929 -0.192255
v -0.106031 0.166465 -0.199531
v -0.112048 0.166472 -0.190399
v 0.165720 0.176628 0.188268
v 0.198180 0.191877 0.103427
v 0.236893 0.189197 0.035774
v 0.156687 0.192327 0.177021
v 0.234626 0.209584 0.009888
v 0.249767 0.189571 0.022907
v 0.234626 0.209584 0.009888
v 0.214208 0.215151 -0.065302
v 0.249767 0.189571 0.022907
v 0.222531 0.196359 -0.076625
v 0.108100 0.156470 -0.133673
v 0.103129 0.151468 -0.131244
v 0.130679 0.151468 -0.103847
v 0.077282 0.156470 -0.153564
v 0.133993 0.156470 -0.107703
v 0.193721 0.151430 -0.067310
v 0.189002 0.156470 -0.075946
v 0.069998 0.151468 -0.151533
v 0.042952 0.156470 -0.166461
v 0.033071 0.151468 -0.163605
v -0.166231 0.151468 0.015142
v -0.171630 0.156470 0.009850
v -0.165636 0.156470 0.046036
v -0.158222 0.151468 0.053160
v -0.165224 0.151468 -0.023694
v -0.169813 0.156470 -0.026779
v -0.155274 0.151468 -0.061247
v -0.160276 0.156470 -0.062194
v -0.155152 0.151430 -0.134115
v -0.160276 0.156470 -0.125701
v -0.160276 0.156470 -0.062194
v -0.160276 0.156470 -0.125701
v -0.160276 0.166465 -0.062186
v -0.169813 0.156470 -0.026779
v -0.169813 0.166465 -0.026779
v -0.171630 0.156470 0.009850
v -0.171630 0.166465 0.009850
v -0.165636 0.166465 0.046036
v -0.165636 0.156470 0.046036
v -0.160276 0.166465 -0.125701
v -0.214383 0.140961 0.050946
v -0.123219 0.144649 0.189796
v -0.120218 0.149559 0.185413
v -0.220889 0.135754 0.050312
v -0.120218 0.149559 0.185413
v -0.123219 0.144649 0.189796
v -0.103587 0.147658 0.192690
v -0.049297 0.147971 0.209183
v -0.051114 0.151445 0.205052
v -0.087155 0.151430 0.193919
v -0.038561 0.151438 0.201417
v -0.030390 0.148521 0.206724
v -0.026229 0.151491 0.201654
v -0.113353 0.151270 0.186902
v -0.231647 0.192327 0.047182
v -0.227982 0.186165 0.029543
v -0.150372 0.194740 0.058276
v -0.157313 0.197802 0.066126
v -0.153182 0.191694 0.049327
v -0.148249 0.140480 -0.014203
v -0.137070 0.140480 0.058238
v -0.148929 0.161463 0.000000
v -0.128976 0.161463 0.074464
v 0.175815 0.176460 -0.149066
v 0.215246 0.176284 -0.080672
v 0.204548 0.182454 -0.087010
v 0.192690 0.186455 -0.099625
v 0.170515 0.186455 -0.138216
v 0.165262 0.166465 -0.072365
v 0.131970 0.166465 -0.091561
v 0.131970 0.182454 -0.091561
v 0.167110 0.182691 -0.071761
v 0.158962 0.166465 0.129053
v 0.158856 0.191480 0.128724
v 0.148753 0.166465 0.091645
v 0.148692 0.194252 0.091454
v 0.225814 0.166465 0.007941
v 0.225814 0.204377 0.007941
v 0.168881 0.191778 0.130007
v 0.168981 0.166465 0.129786
v -0.108749 0.209584 -0.208137
v -0.163658 0.215151 -0.152854
v -0.105046 0.189571 -0.227761
v -0.177624 0.196359 -0.154404
v 0.109589 0.196451 -0.176807
v 0.107047 0.196451 -0.208068
v 0.124914 0.196451 -0.180870
v 0.099869 0.196451 -0.193362
v 0.109910 0.196451 -0.150113
v 0.101129 0.196451 -0.159466
v 0.107321 0.135471 -0.207305
v 0.135750 0.165465 -0.191682
v 0.115476 0.167740 -0.223286
v 0.128106 0.135479 -0.176013
v -0.153548 0.194252 0.083047
v -0.190910 0.191480 0.073212
v -0.149188 0.195893 0.078969
v -0.157313 0.197802 0.066126
v -0.231647 0.192327 0.047182
v -0.196515 0.189846 0.075946
v 0.181465 0.140480 -0.089064
v 0.187757 0.151491 -0.078114
v 0.194225 0.148521 -0.077045
v 0.186726 0.135479 -0.089942
v -0.013607 0.140480 0.201685
v -0.026229 0.151491 0.201654
v -0.030390 0.148521 0.206724
v -0.015470 0.135479 0.206678
v 0.190201 0.196435 -0.095287
v 0.222531 0.196359 -0.076625
v 0.214208 0.215151 -0.065302
v 0.183229 0.215433 -0.083162
v 0.176555 0.209172 -0.071593
v 0.209366 0.208866 -0.052649
v 0.209366 0.166465 -0.052649
v 0.172127 0.166465 -0.074098
v 0.169347 0.203353 -0.074151
v 0.088400 0.165465 -0.212207
v 0.084215 0.165518 -0.232663
v 0.071135 0.135479 -0.221866
v 0.075060 0.135479 -0.202601
v -0.108887 0.183455 -0.128656
v -0.108390 0.166465 -0.128389
v -0.121615 0.166465 -0.140728
v -0.121814 0.183455 -0.141041
v -0.121822 0.186043 -0.177983
v -0.126922 0.183455 -0.158206
v -0.122593 0.166465 -0.176830
v -0.126915 0.166465 -0.158016
v 0.065928 0.151499 -0.196416
v 0.099617 0.140480 -0.176884
v 0.066225 0.140549 -0.196141
v 0.070188 0.156470 -0.193873
v 0.099617 0.166465 -0.176884
v 0.070188 0.166465 -0.193873
v 0.088400 0.165465 -0.212207
v 0.075060 0.135479 -0.202601
v 0.093592 0.135479 -0.191896
v 0.100182 0.165465 -0.205403
v -0.160260 0.181507 0.014554
v -0.204250 0.181546 0.035323
v -0.189185 0.182454 0.016554
v -0.158443 0.181454 0.029718
v -0.153174 0.181454 0.049327
v 0.032277 0.166465 -0.202189
v 0.032055 0.191480 -0.201937
v 0.004986 0.166465 -0.174646
v 0.004856 0.194252 -0.174501
v -0.102198 0.183455 0.141522
v -0.091958 0.183455 0.138781
v -0.102198 0.163464 0.141522
v -0.091958 0.163464 0.138781
v -0.085490 0.186425 0.135772
v -0.110108 0.186463 0.142438
v -0.227982 0.165465 -0.038882
v -0.223500 0.135479 -0.039340
v -0.243071 0.166602 -0.038309
v -0.212986 0.135479 -0.039928
v -0.227982 0.176460 -0.038882
v -0.242315 0.179598 -0.038072
v -0.228272 0.191449 -0.038859
v -0.217987 0.186455 -0.039584
v -0.211122 0.191449 -0.040058
v -0.211122 0.186455 -0.040058
v 0.126190 0.140480 -0.079084
v 0.073182 0.140480 -0.129702
v 0.125342 0.161463 -0.080428
v 0.070395 0.161463 -0.131237
v -0.100418 0.144428 -0.210848
v -0.104656 0.174162 -0.227059
v -0.162635 0.148292 -0.148226
v -0.177624 0.179774 -0.154404
v -0.105046 0.189571 -0.227761
v -0.177624 0.196359 -0.154404
v 0.125869 0.135471 0.196591
v 0.088377 0.135479 0.198951
v 0.098128 0.165465 0.213406
v 0.134268 0.167954 0.211901
v 0.131970 0.166465 -0.091561
v 0.127640 0.166465 -0.107505
v 0.127640 0.182454 -0.107505
v 0.131970 0.182454 -0.091561
v -0.091958 0.183455 0.179762
v -0.091958 0.163464 0.179762
v -0.081711 0.163464 0.177013
v -0.081711 0.183455 0.177013
v -0.098418 0.186432 0.182771
v -0.073800 0.186463 0.176105
v 0.098326 0.196451 0.183313
v 0.126671 0.196451 0.196737
v 0.094180 0.196451 0.198615
v 0.117523 0.196451 0.183168
v 0.075045 0.196451 0.170240
v 0.087537 0.196451 0.167316
v -0.214383 0.140961 0.050946
v -0.214406 0.151468 0.050900
v -0.203067 0.151499 0.041111
v -0.202975 0.140549 0.040714
v -0.214406 0.151468 0.050900
v -0.214383 0.140961 0.050946
v -0.120218 0.149559 0.185413
v -0.120348 0.151468 0.185237
v -0.061850 0.185447 -0.176219
v -0.082299 0.186555 -0.190117
v -0.073922 0.183455 -0.189246
v 0.155366 0.140480 -0.134505
v 0.155366 0.166465 -0.134505
v 0.187757 0.151491 -0.078114
v 0.181465 0.140480 -0.089064
v 0.189002 0.156470 -0.075946
v 0.189002 0.166465 -0.075946
v 0.193721 0.151430 -0.067310
v 0.100182 0.165465 -0.205403
v 0.093592 0.135479 -0.191896
v 0.099938 0.135479 -0.204647
v 0.107772 0.165915 -0.220728
v 0.100182 0.176460 -0.205403
v 0.108253 0.179591 -0.221599
v 0.101969 0.191449 -0.209061
v 0.095112 0.186608 -0.195721
v 0.094203 0.191449 -0.193148
v 0.106283 0.135479 -0.201952
v 0.097471 0.135479 -0.183886
v 0.107948 0.140480 -0.193957
v 0.099617 0.140480 -0.176884
v -0.074212 0.183455 0.149028
v -0.074212 0.163464 0.149028
v -0.081711 0.163464 0.141522
v -0.081711 0.183455 0.141522
v -0.150280 0.209172 -0.117103
v -0.150280 0.208866 -0.154992
v -0.150280 0.166465 -0.154992
v -0.150234 0.166465 -0.112040
v -0.148868 0.202857 -0.109566
v -0.177624 0.196435 -0.117072
v -0.177624 0.196359 -0.154404
v -0.163658 0.215151 -0.152854
v -0.163635 0.215433 -0.117095
v -0.002314 0.135479 -0.153908
v -0.068875 0.140480 -0.132039
v -0.065759 0.135479 -0.144676
v -0.066752 0.136326 -0.159527
v -0.062690 0.135364 -0.169523
v -0.070265 0.136326 -0.172088
v -0.079550 0.136265 -0.181167
v -0.085613 0.135379 -0.189628
v -0.092149 0.136326 -0.184458
v -0.104694 0.136189 -0.181015
v -0.113674 0.135372 -0.181114
v -0.113789 0.136326 -0.171775
v -0.122348 0.135379 -0.153136
v -0.117141 0.136326 -0.159138
v -0.113697 0.136326 -0.146577
v -0.107268 0.135479 -0.133489
v -0.104450 0.136357 -0.137422
v -0.091782 0.136601 -0.134100
v 0.225974 0.144649 0.011812
v 0.205800 0.147971 -0.061904
v 0.218667 0.147658 -0.006636
v 0.220331 0.150605 0.011629
v 0.203120 0.151453 -0.058246
v 0.211512 0.151430 -0.021487
v 0.193721 0.151430 -0.067310
v 0.194225 0.148521 -0.077045
v 0.187757 0.151491 -0.078114
v 0.218537 0.151270 0.004711
v 0.205548 0.151468 0.012492
v 0.208893 0.151468 0.000000
v 0.192858 0.151468 0.009896
v 0.196905 0.151468 0.000000
v 0.196401 0.151468 0.021640
v 0.183909 0.151468 0.024984
v 0.179709 0.151468 0.012973
v 0.205548 0.151468 -0.012492
v 0.171416 0.151468 0.021640
v 0.170775 0.151499 0.003153
v 0.162269 0.151468 0.012492
v 0.158924 0.151468 0.000000
v 0.172653 0.151468 -0.006498
v 0.162269 0.151468 -0.012492
v 0.171416 0.151468 -0.021640
v 0.181396 0.151514 -0.013409
v 0.183909 0.151468 -0.024984
v 0.193705 0.151499 -0.009301
v 0.196401 0.151468 -0.021640
v -0.202990 0.166465 -0.011859
v -0.202990 0.166465 -0.052649
v -0.202990 0.140480 -0.052649
v -0.202990 0.140480 -0.011859
v -0.194163 0.140480 -0.067295
v -0.194163 0.166465 -0.067295
v -0.161528 0.151491 -0.123548
v -0.167866 0.140480 -0.112621
v -0.160276 0.156470 -0.125701
v -0.160276 0.166465 -0.125701
v -0.155152 0.151430 -0.134115
v 0.070670 0.135479 -0.136742
v -0.068875 0.140480 -0.132039
v 0.002451 0.140480 -0.148906
v 0.073182 0.140480 -0.129702
v 0.002451 0.140480 -0.148906
v 0.070395 0.161463 -0.131237
v -0.002329 0.161463 -0.148906
v 0.074961 0.192327 -0.224210
v 0.088400 0.186165 -0.212207
v 0.023786 0.196084 -0.164995
v 0.022885 0.194664 -0.156160
v 0.030498 0.192037 -0.153930
v 0.019662 0.197810 -0.169217
v 0.084254 0.178537 -0.232419
v 0.088400 0.186165 -0.212207
v 0.074961 0.192327 -0.224210
v 0.080184 0.176628 -0.237657
v -0.104229 0.140480 -0.126510
v -0.104229 0.151468 -0.126510
v -0.148249 0.151468 -0.069944
v -0.148249 0.140480 -0.069944
v -0.203067 0.151499 0.041111
v -0.202990 0.140480 0.002168
v -0.202975 0.140549 0.040714
v -0.202990 0.156470 0.036155
v -0.202990 0.166465 0.002168
v -0.202990 0.166465 0.036155
v -0.227982 0.165465 0.029543
v -0.212986 0.135479 0.036301
v -0.212986 0.135479 0.014890
v -0.227982 0.165465 0.015943
v 0.038798 0.140480 0.201799
v 0.038798 0.166465 0.201799
v -0.026229 0.151491 0.201654
v -0.013607 0.140480 0.201685
v -0.028726 0.156470 0.201654
v -0.028726 0.166465 0.201654
v -0.038561 0.151438 0.201417
v 0.091225 0.166465 0.181725
v 0.055894 0.166465 0.202120
v 0.055894 0.140480 0.202120
v 0.091225 0.140480 0.181725
v 0.080314 0.165465 0.216880
v 0.077679 0.135479 0.213230
v 0.088362 0.166602 0.229662
v 0.071914 0.135479 0.204418
v 0.080314 0.176460 0.216880
v 0.088186 0.179598 0.228883
v 0.080482 0.191449 0.217117
v 0.074717 0.186455 0.208572
v 0.070868 0.191449 0.202868
v 0.070868 0.186455 0.202868
v 0.054344 0.181454 0.237351
v 0.044593 0.196451 0.222897
v 0.077084 0.196451 0.221018
v 0.085911 0.182882 0.234106
v 0.039699 0.191449 0.224584
v 0.048541 0.177857 0.237687
v 0.004856 0.194252 -0.174501
v 0.032055 0.191480 -0.201937
v 0.006200 0.195893 -0.168690
v 0.019662 0.197810 -0.169217
v 0.074961 0.192327 -0.224210
v 0.032490 0.189846 -0.208160
v -0.153174 0.181454 0.049327
v -0.153182 0.191694 0.049327
v -0.204250 0.181546 0.035323
v -0.209664 0.186455 0.034392
v -0.217987 0.186455 0.032185
v -0.227982 0.186165 0.029543
v -0.227982 0.176460 0.029543
v 0.139575 0.165465 0.182664
v 0.159382 0.165518 0.189261
v 0.156572 0.135479 0.172539
v 0.137926 0.135479 0.166300
v 0.134696 0.140480 -0.093417
v 0.134696 0.151468 -0.093417
v 0.081963 0.151468 -0.141957
v 0.081963 0.140480 -0.141957
v -0.221942 0.140480 0.003497
v -0.221942 0.166465 0.003497
v -0.214635 0.140480 -0.011041
v -0.214635 0.166465 -0.011041
v -0.227982 0.165465 0.015943
v -0.212986 0.135479 0.014890
v -0.227196 0.135479 0.015775
v -0.246759 0.166633 0.016867
v -0.227982 0.176460 0.015943
v -0.246033 0.179591 0.017043
v -0.232037 0.191449 0.016226
v -0.217055 0.186608 0.015493
v -0.214368 0.191449 0.014989
v -0.102755 0.144649 -0.201608
v -0.156511 0.147971 -0.147280
v -0.115079 0.147658 -0.186054
v -0.100464 0.149559 -0.196821
v -0.152006 0.151453 -0.146783
v -0.124364 0.151430 -0.172432
v -0.155152 0.151430 -0.134115
v -0.163841 0.148521 -0.129679
v -0.161528 0.151491 -0.123548
v -0.105183 0.151270 -0.191613
v 0.137353 0.135586 0.160741
v 0.136750 0.140549 0.155419
v 0.103374 0.140480 0.174707
v 0.110513 0.135479 0.176357
v 0.139575 0.165465 0.182664
v 0.137926 0.135479 0.166300
v 0.119394 0.135479 0.177006
v 0.127793 0.165465 0.189467
v 0.023786 0.196084 -0.164995
v 0.022885 0.194664 -0.156160
v 0.022457 0.166488 -0.155984
v 0.023602 0.166480 -0.165835
v -0.148249 0.140480 -0.014203
v -0.148929 0.161463 0.000000
v -0.128976 0.161463 -0.074465
v -0.123517 0.140480 -0.083200
v -0.145279 0.166465 -0.068509
v -0.156923 0.166465 -0.056795
v -0.156923 0.182454 -0.056795
v -0.145279 0.182454 -0.068509
v 0.194156 0.183455 -0.017746
v 0.201654 0.183455 -0.010247
v 0.194156 0.163464 -0.017746
v 0.201654 0.163464 -0.010247
v 0.207496 0.186432 -0.006147
v 0.189414 0.186463 -0.024137
v 0.013309 0.166465 0.160069
v 0.029276 0.166465 0.164292
v 0.029276 0.182454 0.164292
v 0.013309 0.182454 0.160069
v 0.013554 0.140480 -0.163361
v 0.013554 0.151468 -0.163361
v -0.057444 0.151468 -0.153526
v -0.057444 0.140480 -0.153526
v 0.013554 0.140480 -0.163361
v 0.081963 0.140480 -0.141957
v 0.013554 0.151468 -0.163361
v 0.081963 0.151468 -0.141957
v 0.127793 0.165465 0.189467
v 0.119394 0.135479 0.177006
v 0.127266 0.135479 0.188872
v 0.137987 0.166633 0.205266
v 0.127793 0.176460 0.189467
v 0.137781 0.179591 0.204548
v 0.130069 0.191449 0.192835
v 0.121944 0.186608 0.180228
v 0.120165 0.191449 0.178151
v 0.114003 0.140480 0.190460
v 0.114003 0.166465 0.190460
v 0.097754 0.140480 0.191399
v 0.097754 0.166465 0.191399
v 0.106283 0.135479 -0.201952
v 0.107948 0.140480 -0.193957
v 0.125304 0.135173 -0.173409
v 0.116881 0.140480 -0.180358
v -0.227982 0.165465 0.029543
v -0.243598 0.165518 0.043402
v -0.227707 0.135479 0.049327
v -0.212986 0.135479 0.036301
v -0.243407 0.178537 0.043241
v -0.227982 0.186165 0.029543
v -0.231647 0.192327 0.047182
v -0.245904 0.176628 0.049388
v 0.175479 0.209172 -0.085796
v 0.167110 0.182691 -0.071761
v 0.183275 0.182454 -0.099289
v 0.169347 0.203353 -0.074151
v 0.183275 0.188005 -0.099289
v -0.236489 0.181454 -0.016524
v -0.233717 0.196451 0.011331
v -0.249462 0.182882 0.012431
v -0.219094 0.196451 -0.017746
v -0.218109 0.191449 -0.022824
v -0.233877 0.177857 -0.021716
v 0.118057 0.192037 0.103381
v 0.132764 0.181546 0.159390
v 0.118057 0.181454 0.103381
v 0.134612 0.186455 0.164384
v 0.136864 0.186455 0.172684
v 0.139575 0.186165 0.182664
v 0.139575 0.176460 0.182664
v 0.111765 0.166465 -0.169866
v 0.147096 0.166465 -0.149471
v 0.147096 0.140480 -0.149471
v 0.111765 0.140480 -0.169866
v -0.091958 0.186455 0.127289
v -0.085490 0.186425 0.135772
v -0.110108 0.186463 0.142438
v -0.076137 0.186455 0.131473
v -0.107787 0.186455 0.131481
v -0.121699 0.185279 0.141652
v -0.123318 0.186662 0.166430
v -0.114926 0.186425 0.166560
v -0.098418 0.186432 0.182771
v -0.108627 0.185814 0.190238
v -0.093225 0.186043 0.194492
v -0.073800 0.186463 0.176105
v -0.066592 0.186562 0.179808
v -0.059979 0.186455 0.158680
v -0.068982 0.186425 0.151975
v -0.064454 0.186455 0.142935
v -0.109849 0.185967 0.194140
v -0.092989 0.185753 0.198668
v 0.026275 0.156470 0.169897
v -0.028726 0.156470 0.201654
v 0.026275 0.166465 0.169897
v 0.061720 0.156470 0.160451
v 0.061720 0.166465 0.160451
v 0.094348 0.156470 0.143713
v 0.094348 0.166465 0.143713
v 0.122685 0.166465 0.120432
v 0.122685 0.156470 0.120432
v -0.028726 0.166465 0.201654
v 0.147096 0.140480 -0.149471
v 0.147096 0.166465 -0.149471
v 0.153770 0.140480 -0.163154
v 0.153770 0.166465 -0.163154
v 0.145821 0.135479 -0.173883
v 0.153152 0.135471 -0.176494
v 0.154709 0.166602 -0.191354
v 0.162200 0.167954 -0.191422
v -0.148249 0.140480 -0.069944
v -0.148249 0.151468 -0.069944
v -0.163918 0.151468 0.000000
v -0.163918 0.140480 0.000000
v 0.151319 0.140961 0.160192
v 0.151281 0.151468 0.160230
v 0.137109 0.151544 0.155312
v 0.136750 0.140549 0.155419
v 0.151281 0.151468 0.160230
v 0.151319 0.140961 0.160192
v 0.220331 0.150605 0.011629
v 0.205793 0.186555 0.023770
v 0.219056 0.185783 -0.000985
v 0.213772 0.183455 0.018211
v -0.164376 0.207874 -0.109169
v -0.145699 0.182691 -0.108841
v -0.177624 0.182454 -0.109070
v -0.148868 0.202857 -0.109566
v -0.012576 0.196435 0.212367
v -0.044906 0.196359 0.231029
v -0.050549 0.215151 0.218163
v -0.019593 0.215433 0.200264
v 0.041188 0.176460 0.226791
v -0.037751 0.176284 0.226745
v -0.026916 0.182454 0.220644
v -0.010064 0.186455 0.216681
v 0.034438 0.186455 0.216781
v 0.132802 0.156470 0.157718
v 0.103374 0.166465 0.174707
v 0.103374 0.140480 0.174707
v 0.132802 0.166465 0.157718
v 0.137109 0.151544 0.155312
v 0.136750 0.140549 0.155419
v 0.103374 0.140480 0.174707
v 0.103374 0.166465 0.174707
v 0.114003 0.140480 0.190460
v 0.114003 0.166465 0.190460
v -0.145302 0.166465 -0.106940
v -0.145279 0.166465 -0.068509
v -0.145279 0.182454 -0.068509
v -0.145699 0.182691 -0.108841
v 0.178380 0.181454 -0.165735
v 0.170737 0.196451 -0.150067
v 0.152869 0.196451 -0.177265
v 0.159787 0.182882 -0.191453
v 0.174646 0.191449 -0.146676
v 0.181572 0.177857 -0.160879
v 0.153152 0.135471 -0.176494
v 0.181572 0.165465 -0.160879
v 0.162200 0.167954 -0.191422
v 0.173929 0.135479 -0.145210
v -0.202990 0.140480 0.002168
v -0.202990 0.166465 0.002168
v -0.221942 0.140480 0.003497
v -0.221942 0.166465 0.003497
v 0.055894 0.140480 0.202120
v 0.055894 0.166465 0.202120
v 0.064408 0.140480 0.214742
v 0.064408 0.166465 0.214742
v 0.077679 0.135479 0.213230
v 0.076274 0.135471 0.220881
v 0.088362 0.166602 0.229662
v 0.084681 0.167954 0.236183
v 0.183053 0.183455 -0.034972
v 0.165865 0.183455 -0.029971
v 0.182679 0.166465 -0.034964
v 0.165384 0.166465 -0.029673
v 0.153037 0.166465 -0.016463
v 0.165384 0.166465 -0.029673
v 0.165865 0.183455 -0.029971
v 0.147661 0.165465 -0.177998
v 0.145821 0.135479 -0.173883
v 0.154709 0.166602 -0.191354
v 0.141072 0.135479 -0.164483
v 0.147661 0.176460 -0.177998
v 0.154129 0.179598 -0.190811
v 0.147791 0.191449 -0.178258
v 0.143271 0.186455 -0.168988
v 0.140255 0.191449 -0.162811
v 0.140255 0.186455 -0.162811
v 0.149975 0.186455 -0.146256
v 0.149975 0.191449 -0.146256
v 0.138430 0.186455 -0.122585
v 0.138430 0.191449 -0.122585
v -0.123318 0.186662 0.166430
v -0.108627 0.185814 0.190238
v -0.122662 0.183455 0.176028
v -0.201646 0.186455 -0.056757
v -0.201646 0.191449 -0.056757
v -0.175379 0.186455 -0.058590
v -0.175379 0.191449 -0.058590
v 0.076274 0.135471 0.220881
v 0.038790 0.135479 0.223233
v 0.048541 0.165465 0.237687
v 0.084681 0.167954 0.236183
v 0.064408 0.140480 0.214742
v 0.064408 0.166465 0.214742
v 0.048167 0.140480 0.215681
v 0.048167 0.166465 0.215681
v 0.170515 0.186455 -0.138216
v 0.154534 0.191449 -0.105435
v 0.174646 0.191449 -0.146676
v 0.175815 0.176460 -0.149066
v 0.181572 0.177857 -0.160879
v 0.181572 0.165465 -0.160879
v 0.175815 0.165465 -0.149066
v 0.173929 0.135479 -0.145210
v 0.167873 0.135479 -0.132787
v 0.154534 0.186455 -0.105435
v 0.144431 0.196451 -0.123494
v 0.155641 0.196451 -0.146470
v 0.153213 0.196451 -0.114140
v 0.170737 0.196451 -0.150067
v 0.145920 0.196451 -0.163025
v 0.152869 0.196451 -0.177265
v -0.102198 0.183455 -0.141522
v -0.102198 0.163464 -0.141522
v -0.091958 0.163464 -0.138781
v -0.091958 0.183455 -0.138781
v -0.091782 0.136601 -0.134100
v -0.091958 0.151468 -0.134283
v -0.104450 0.151468 -0.137628
v -0.104450 0.136357 -0.137422
v -0.026275 0.209172 0.188696
v -0.059093 0.208866 0.207640
v -0.059093 0.166465 0.207640
v -0.021915 0.166465 0.186130
v -0.020449 0.202857 0.183702
v -0.012355 0.207874 0.196935
v -0.020670 0.182454 0.182343
v -0.005650 0.182454 0.208366
v -0.020449 0.202857 0.183702
v -0.021915 0.166465 0.186130
v -0.020670 0.182454 0.182343
v -0.020449 0.202857 0.183702
v -0.019960 0.166465 0.179304
v -0.020105 0.182531 0.179419
v -0.002314 0.135479 -0.153908
v -0.074739 0.135479 -0.134558
v -0.068875 0.140480 -0.132039
v -0.123517 0.140480 -0.083200
v -0.129442 0.135479 -0.083292
v -0.148249 0.140480 -0.014203
v -0.153434 0.135479 -0.012263
v -0.137070 0.140480 0.058238
v -0.141026 0.135479 0.061674
v -0.092691 0.140480 0.116568
v -0.095165 0.135479 0.120982
v -0.025862 0.140480 0.146661
v -0.026725 0.135479 0.151586
v 0.040791 0.140480 0.143232
v 0.043906 0.135479 0.147531
v 0.099250 0.140480 0.111032
v 0.105260 0.135479 0.112307
v 0.137773 0.140480 0.056535
v 0.144378 0.135479 0.053351
v 0.148631 0.140480 -0.009316
v 0.152999 0.135479 -0.016868
v 0.154534 0.191449 -0.105435
v 0.138430 0.191449 -0.122585
v 0.153213 0.196451 -0.114140
v 0.144431 0.196451 -0.123494
v -0.202990 0.140480 -0.052649
v -0.202990 0.166465 -0.052649
v -0.218178 0.140480 -0.051588
v -0.218178 0.166465 -0.051588
v -0.223500 0.135479 -0.039340
v -0.229425 0.135471 -0.044387
v -0.243071 0.166602 -0.038309
v -0.246881 0.167954 -0.044761
v -0.148249 0.140480 0.069944
v -0.148249 0.151468 0.069944
v -0.104229 0.151468 0.126510
v -0.104229 0.140480 0.126510
v -0.148249 0.140480 0.069944
v -0.163918 0.140480 0.000000
v -0.148249 0.151468 0.069944
v -0.163918 0.151468 0.000000
v 0.081963 0.140480 0.141957
v 0.134696 0.151468 0.093416
v 0.134902 0.140480 0.093119
v 0.081963 0.151468 0.141957
v 0.134696 0.151468 0.093416
v 0.161681 0.151468 0.027008
v 0.134902 0.140480 0.093119
v 0.161681 0.140480 0.027008
v 0.132558 0.181454 -0.196538
v 0.107047 0.196451 -0.208068
v 0.113965 0.182882 -0.222256
v 0.124914 0.196451 -0.180870
v 0.128816 0.191449 -0.177479
v 0.135750 0.177857 -0.191682
v 0.148929 0.183455 0.000221
v 0.156015 0.186455 -0.015646
v 0.152617 0.186478 0.008491
v 0.153396 0.183455 -0.017120
v 0.167408 0.186455 -0.027397
v 0.165865 0.183455 -0.029971
v 0.183130 0.186455 -0.031971
v 0.183053 0.183455 -0.034972
v 0.199050 0.186455 -0.028176
v 0.200471 0.183455 -0.030818
v 0.215047 0.186089 -0.016486
v -0.074838 0.186425 -0.141919
v -0.083276 0.186486 -0.128037
v -0.097127 0.186425 -0.135727
v -0.061713 0.185806 -0.142507
v -0.068302 0.186463 -0.166575
v -0.057383 0.185455 -0.159818
v -0.107436 0.186455 -0.131283
v -0.115606 0.186463 -0.151968
v -0.122425 0.186562 -0.147570
v -0.121822 0.186043 -0.177983
v -0.109070 0.186432 -0.176616
v -0.110536 0.185837 -0.189116
v -0.082299 0.186555 -0.190117
v -0.061850 0.185447 -0.176219
v -0.086781 0.186425 -0.182809
v -0.113186 0.185929 -0.192255
v -0.125556 0.185761 -0.179869
v 0.153770 0.140480 -0.163154
v 0.153770 0.166465 -0.163154
v 0.162704 0.140480 -0.149555
v 0.162704 0.166465 -0.149555
v -0.066966 0.151468 -0.159268
v -0.080703 0.151468 -0.165766
v -0.079107 0.151514 -0.154663
v -0.070318 0.151468 -0.171760
v -0.070318 0.151468 -0.146776
v -0.089156 0.151468 -0.146218
v -0.079458 0.151468 -0.137628
v -0.091958 0.151468 -0.134283
v -0.104450 0.151468 -0.137628
v -0.102045 0.151522 -0.149799
v -0.113598 0.151468 -0.146776
v -0.104908 0.151499 -0.163109
v -0.116942 0.151468 -0.159268
v -0.113598 0.151468 -0.171760
v -0.098448 0.151468 -0.170523
v -0.104450 0.151468 -0.180908
v -0.087858 0.151468 -0.171966
v -0.091958 0.151468 -0.184260
v -0.079458 0.151468 -0.180908
v -0.079130 0.136349 -0.137590
v -0.070043 0.136311 -0.146867
v -0.079458 0.151468 -0.137628
v -0.070318 0.151468 -0.146776
v 0.125342 0.161463 -0.080428
v 0.070395 0.161463 -0.131237
v 0.076961 0.166465 -0.133298
v 0.008239 0.166465 -0.153701
v 0.128992 0.166465 -0.083986
v 0.153037 0.166465 -0.016463
v 0.149402 0.161502 -0.006895
v -0.177624 0.196359 -0.154404
v -0.177624 0.182454 -0.133634
v -0.177487 0.176284 -0.146066
v -0.177624 0.196435 -0.117072
v -0.177624 0.182454 -0.109070
v -0.177624 0.179774 -0.154404
v 0.151319 0.140961 0.160192
v 0.225974 0.144649 0.011812
v 0.220331 0.150605 0.011629
v 0.154014 0.135754 0.166140
v -0.137231 0.166465 -0.069715
v -0.148929 0.161463 0.000000
v -0.153923 0.166465 0.000000
v -0.137231 0.166465 0.069715
v -0.128976 0.161463 -0.074465
v -0.128976 0.161463 0.074464
v -0.118477 0.140480 -0.136460
v -0.124036 0.151468 -0.145332
v -0.116049 0.151468 -0.133909
v -0.104229 0.140480 -0.126510
v -0.126182 0.140480 -0.152044
v -0.104229 0.151468 -0.126510
v -0.126938 0.151468 -0.158962
v -0.125433 0.140480 -0.169408
v -0.124364 0.151430 -0.172432
v -0.116423 0.140480 -0.184267
v -0.115079 0.147658 -0.186054
v -0.108749 0.209584 -0.208137
v 0.074961 0.192327 -0.224210
v 0.028291 0.191701 -0.211230
v -0.106031 0.204377 -0.199531
v -0.150280 0.208866 -0.154992
v -0.163658 0.215151 -0.152854
v -0.150280 0.209172 -0.117103
v -0.163635 0.215433 -0.117095
v 0.032490 0.189846 -0.208160
v 0.034735 0.196451 0.186833
v 0.049030 0.196451 0.208022
v 0.022236 0.196451 0.189757
v 0.044593 0.196451 0.222897
v 0.068226 0.196451 0.207885
v 0.077084 0.196451 0.221018
v 0.034438 0.186455 0.216781
v 0.014042 0.191449 0.186543
v 0.039699 0.191449 0.224584
v 0.041188 0.176460 0.226791
v 0.048541 0.177857 0.237687
v 0.048541 0.165465 0.237687
v 0.041188 0.165465 0.226791
v 0.038790 0.135479 0.223233
v 0.031063 0.135479 0.211779
v 0.014042 0.186455 0.186543
v -0.229425 0.135471 -0.044387
v -0.212718 0.135479 -0.078023
v -0.230113 0.165465 -0.076809
v -0.246881 0.167954 -0.044761
v -0.218178 0.140480 -0.051588
v -0.218178 0.166465 -0.051588
v -0.210870 0.140480 -0.066126
v -0.210870 0.166465 -0.066126
v -0.125876 0.209584 0.198248
v -0.231647 0.192327 0.047182
v -0.197080 0.191724 0.081176
v -0.119783 0.204377 0.191590
v -0.059093 0.208866 0.207640
v -0.050549 0.215151 0.218163
v -0.026275 0.209172 0.188696
v -0.019593 0.215433 0.200264
v -0.196515 0.189846 0.075946
v 0.184168 0.136334 0.025190
v 0.196721 0.136326 0.021686
v 0.183909 0.151468 0.024984
v 0.196401 0.151468 0.021640
v 0.171539 0.136357 0.021953
v 0.171416 0.151468 0.021640
v 0.162269 0.151468 0.012492
v 0.162177 0.136601 0.012691
v 0.014042 0.191449 0.186543
v 0.036950 0.191449 0.181182
v 0.022236 0.196451 0.189757
v 0.034735 0.196451 0.186833
v -0.057444 0.140480 0.153525
v -0.058941 0.140480 0.170836
v -0.057940 0.151468 0.167453
v -0.063843 0.151468 0.180083
v -0.068585 0.140480 0.185298
v -0.057444 0.151468 0.153525
v -0.074205 0.151468 0.189414
v -0.083994 0.140480 0.193331
v -0.087155 0.151430 0.193919
v -0.101373 0.140480 0.192964
v -0.103587 0.147658 0.192690
v 0.013195 0.140480 0.163383
v -0.057444 0.140480 0.153525
v -0.057444 0.151468 0.153525
v 0.013554 0.151468 0.163360
v 0.219056 0.185783 -0.000985
v 0.205793 0.186555 0.023770
v 0.207496 0.186432 -0.006147
v 0.201708 0.186425 0.016249
v 0.178403 0.186463 0.024137
v 0.183534 0.185447 0.034552
v 0.215047 0.186089 -0.016486
v 0.189414 0.186463 -0.024137
v 0.199050 0.186455 -0.028176
v 0.167087 0.185623 0.030200
v 0.152617 0.186478 0.008491
v 0.160329 0.186425 0.006147
v 0.156015 0.186455 -0.015646
v 0.166110 0.186425 -0.016249
v 0.167408 0.186455 -0.027397
v 0.183130 0.186455 -0.031971
v 0.223057 0.185959 -0.001940
v 0.218552 0.185753 -0.018799
v 0.177418 0.140480 0.034376
v 0.161681 0.140480 0.027008
v 0.161681 0.151468 0.027008
v 0.174860 0.151468 0.033788
v 0.121944 0.186608 0.180228
v 0.120165 0.191449 0.178151
v 0.100968 0.186455 0.178296
v 0.100968 0.191449 0.178296
v -0.079550 0.136265 -0.181167
v -0.079458 0.151468 -0.180908
v -0.070318 0.151468 -0.171760
v -0.070265 0.136326 -0.172088
v -0.092149 0.136326 -0.184458
v -0.104694 0.136189 -0.181015
v -0.091958 0.151468 -0.184260
v -0.104450 0.151468 -0.180908
v 0.156687 0.192327 0.177021
v 0.139575 0.186165 0.182664
v 0.130763 0.195970 0.103068
v 0.123815 0.194679 0.097899
v 0.118057 0.192037 0.103381
v 0.136666 0.197825 0.101694
v 0.159153 0.178537 0.189177
v 0.139575 0.186165 0.182664
v 0.156687 0.192327 0.177021
v 0.165720 0.176628 0.188268
v -0.210870 0.140480 -0.066126
v -0.210870 0.166465 -0.066126
v -0.194163 0.140480 -0.067295
v -0.194163 0.166465 -0.067295
v -0.167866 0.140480 -0.112621
v -0.197157 0.135479 -0.072097
v -0.194163 0.140480 -0.067295
v -0.171256 0.135479 -0.116736
v 0.063072 0.140961 -0.211138
v 0.063125 0.151468 -0.211130
v 0.065928 0.151499 -0.196416
v 0.066225 0.140549 -0.196141
v 0.063125 0.151468 -0.211130
v 0.063072 0.140961 -0.211138
v -0.100464 0.149559 -0.196821
v -0.100243 0.151468 -0.196836
v 0.162704 0.140480 -0.149555
v 0.162704 0.166465 -0.149555
v 0.155366 0.140480 -0.134505
v 0.155366 0.166465 -0.134505
v 0.048167 0.140480 0.215681
v 0.048167 0.166465 0.215681
v 0.038798 0.140480 0.201799
v 0.038798 0.166465 0.201799
v -0.232724 0.181454 -0.071616
v -0.229952 0.196451 -0.043753
v -0.245697 0.182882 -0.042654
v -0.215330 0.196451 -0.072830
v -0.214345 0.191449 -0.077908
v -0.230113 0.177857 -0.076809
v 0.204548 0.182454 -0.087010
v 0.215246 0.176284 -0.080672
v 0.222531 0.196359 -0.076625
v 0.190201 0.196435 -0.095287
v 0.183275 0.188005 -0.099289
v 0.222531 0.179774 -0.076625
v 0.183275 0.182454 -0.099289
v 0.051672 0.186455 0.203006
v 0.051672 0.191449 0.203006
v 0.036950 0.186455 0.181182
v 0.036950 0.191449 0.181182
v -0.044906 0.196359 0.231029
v -0.026916 0.182454 0.220644
v -0.037751 0.176284 0.226745
v -0.012576 0.196435 0.212367
v -0.005650 0.182454 0.208366
v -0.044906 0.179774 0.231029
v 0.167110 0.182691 -0.071761
v 0.169347 0.203353 -0.074151
v 0.172127 0.166465 -0.074098
v 0.165262 0.166465 -0.072365
v -0.013607 0.140480 0.201685
v 0.036140 0.135479 0.206793
v 0.038798 0.140480 0.201799
v -0.015470 0.135479 0.206678
v -0.217002 0.176460 -0.077725
v -0.214345 0.191449 -0.077908
v -0.230113 0.177857 -0.076809
v -0.204960 0.186455 -0.078565
v -0.168576 0.191449 -0.081108
v -0.230113 0.165465 -0.076809
v -0.217002 0.165465 -0.077725
v -0.212718 0.135479 -0.078023
v -0.198936 0.135479 -0.078985
v -0.168576 0.186455 -0.081108
v 0.200471 0.183455 -0.030818
v 0.200303 0.166465 -0.030902
v 0.214437 0.166465 -0.017753
v 0.215047 0.186089 -0.016486
v -0.179167 0.196451 -0.063339
v -0.204670 0.196451 -0.061552
v -0.175456 0.196451 -0.075618
v -0.215330 0.196451 -0.072830
v -0.214146 0.196451 -0.044861
v -0.229952 0.196451 -0.043753
v -0.093225 0.186043 0.194492
v -0.073548 0.183455 0.189017
v -0.091843 0.166465 0.194583
v -0.073388 0.166465 0.188917
v -0.128976 0.161463 -0.074465
v -0.090774 0.166465 -0.124303
v -0.082520 0.162815 -0.125586
v -0.137231 0.166465 -0.069715
v -0.074464 0.161463 -0.128969
v 0.181465 0.140480 -0.089064
v 0.161016 0.135479 -0.134696
v 0.155366 0.140480 -0.134505
v 0.186726 0.135479 -0.089942
v 0.152999 0.135479 -0.016868
v 0.126190 0.140480 -0.079084
v 0.148631 0.140480 -0.009316
v 0.126884 0.135479 -0.087140
v -0.104381 0.136166 0.181159
v -0.091828 0.136311 0.184451
v -0.104450 0.151468 0.180908
v -0.091958 0.151468 0.184260
v 0.081963 0.140480 0.141957
v 0.013195 0.140480 0.163383
v 0.013554 0.151468 0.163360
v 0.081963 0.151468 0.141957
v -0.145699 0.182691 -0.108841
v -0.148868 0.202857 -0.109566
v -0.150234 0.166465 -0.112040
v -0.145302 0.166465 -0.106940
v 0.088400 0.165465 -0.212207
v 0.088400 0.176460 -0.212207
v 0.084215 0.165518 -0.232663
v 0.084254 0.178537 -0.232419
v 0.088400 0.186165 -0.212207
v -0.101373 0.140480 -0.192957
v -0.105183 0.151270 -0.191613
v -0.115079 0.147658 -0.186054
v -0.116423 0.140480 -0.184267
v -0.090973 0.151468 -0.194240
v -0.083994 0.140480 -0.193331
v -0.076579 0.151468 -0.190697
v -0.068585 0.140480 -0.185298
v -0.064950 0.151468 -0.181511
v -0.122348 0.135379 -0.153136
v -0.113674 0.135372 -0.181114
v -0.125433 0.140480 -0.169408
v -0.116423 0.140480 -0.184267
v -0.101373 0.140480 -0.192957
v -0.085613 0.135379 -0.189628
v -0.083994 0.140480 -0.193331
v -0.068585 0.140480 -0.185298
v -0.062690 0.135364 -0.169523
v -0.058941 0.140480 -0.170836
v -0.057444 0.140480 -0.153526
v -0.065759 0.135479 -0.144676
v -0.126182 0.140480 -0.152044
v -0.118477 0.140480 -0.136460
v -0.107268 0.135479 -0.133489
v -0.104229 0.140480 -0.126510
v -0.092416 0.135479 -0.129290
v -0.157313 0.197802 0.066126
v -0.150372 0.194740 0.058276
v -0.150257 0.166465 0.058460
v -0.157023 0.166495 0.066172
v 0.130763 0.195970 0.103068
v 0.123815 0.194679 0.097899
v 0.123723 0.166480 0.097532
v 0.135322 0.166541 0.103274
v 0.217796 0.140480 0.008689
v 0.209427 0.140480 0.023923
v 0.213704 0.151468 0.018333
v 0.203441 0.151468 0.029024
v 0.194767 0.140480 0.033254
v 0.189666 0.151468 0.034506
v 0.218537 0.151270 0.004711
v 0.218667 0.147658 -0.006636
v 0.217796 0.140480 -0.008690
v 0.194767 0.140480 0.033254
v 0.174860 0.151468 0.033788
v 0.189666 0.151468 0.034506
v 0.177418 0.140480 0.034376
v -0.116423 0.140480 0.184267
v -0.125433 0.140480 0.169408
v -0.122730 0.151468 0.175906
v -0.126854 0.151468 0.161673
v -0.126182 0.140480 0.152044
v -0.124716 0.151468 0.147005
v -0.113353 0.151270 0.186902
v -0.103587 0.147658 0.192690
v -0.101373 0.140480 0.192964
v 0.128992 0.166465 0.083986
v 0.095730 0.161463 0.114087
v 0.134971 0.161463 0.062934
v 0.153037 0.166465 0.016463
v 0.128992 0.166465 0.083986
v 0.134971 0.161463 0.062934
v 0.132802 0.156470 0.157718
v 0.122685 0.156470 0.120432
v 0.122685 0.166465 0.120432
v 0.132802 0.166465 0.157718
v 0.126884 0.135479 -0.087140
v 0.070670 0.135479 -0.136742
v 0.073182 0.140480 -0.129702
v 0.002451 0.140480 -0.148906
v 0.126190 0.140480 -0.079084
v 0.148509 0.161150 0.002543
v 0.153037 0.166465 0.016463
v 0.134971 0.161463 0.062934
v -0.113644 0.136334 0.172088
v -0.113598 0.151468 0.171760
v -0.116942 0.151468 0.159268
v -0.117141 0.136326 0.159527
v -0.113598 0.151468 0.146775
v -0.104946 0.151468 0.159268
v -0.100495 0.151468 0.148860
v -0.104450 0.151468 0.137628
v -0.088117 0.151499 0.146317
v -0.116942 0.151468 0.159268
v -0.091958 0.151468 0.134283
v -0.079458 0.151468 0.137628
v -0.078931 0.151468 0.155748
v -0.101732 0.151506 0.168950
v -0.113598 0.151468 0.171760
v -0.104450 0.151468 0.180908
v -0.091958 0.151468 0.184260
v -0.089156 0.151468 0.172317
v -0.079458 0.151468 0.180908
v -0.070318 0.151468 0.171760
v -0.066966 0.151468 0.159268
v -0.080703 0.151468 0.165766
v -0.070318 0.151468 0.146775
v 0.204388 0.149002 -0.082795
v 0.191056 0.135479 -0.092432
v 0.194225 0.148521 -0.077045
v 0.186726 0.135479 -0.089942
v -0.227982 0.176460 0.015943
v -0.217055 0.186608 0.015493
v -0.227982 0.176460 0.029543
v -0.217987 0.186455 0.032185
v -0.227982 0.165465 0.029543
v -0.227982 0.176460 0.029543
v -0.243598 0.165518 0.043402
v -0.243407 0.178537 0.043241
v -0.227982 0.186165 0.029543
v 0.162055 0.136601 -0.012462
v 0.162269 0.151468 -0.012492
v 0.171416 0.151468 -0.021640
v 0.171233 0.136357 -0.021747
v -0.092080 0.136601 0.134108
v -0.091958 0.151468 0.134283
v -0.079458 0.151468 0.137628
v -0.079519 0.135670 0.137261
v -0.092080 0.136601 0.134108
v -0.104778 0.136357 0.137582
v -0.091958 0.151468 0.134283
v -0.104450 0.151468 0.137628
v -0.207915 0.196451 -0.006506
v -0.233717 0.196451 0.011331
v -0.219094 0.196451 -0.017746
v -0.217391 0.196451 0.010194
v -0.184954 0.196451 -0.020128
v -0.188665 0.196451 -0.007850
v 0.161681 0.140480 -0.027008
v 0.177418 0.140480 -0.034377
v 0.173990 0.151468 -0.033544
v 0.187879 0.151468 -0.034758
v 0.194767 0.140480 -0.033254
v 0.161681 0.151468 -0.027008
v 0.201135 0.151468 -0.030444
v 0.209427 0.140480 -0.023923
v 0.211512 0.151430 -0.021487
v 0.217796 0.140480 -0.008690
v 0.218667 0.147658 -0.006636
v -0.118477 0.140480 0.136459
v -0.104229 0.140480 0.126510
v -0.104229 0.151468 0.126510
v -0.116690 0.151468 0.134535
v -0.068585 0.140480 -0.185298
v -0.058162 0.151468 -0.168332
v -0.064950 0.151468 -0.181511
v -0.058941 0.140480 -0.170836
v -0.030490 0.149002 0.218407
v -0.015478 0.135479 0.211672
v -0.030390 0.148521 0.206724
v -0.015470 0.135479 0.206678
v 0.103931 0.181454 0.213070
v 0.094180 0.196451 0.198615
v 0.126671 0.196451 0.196737
v 0.135498 0.182882 0.209817
v 0.089293 0.191449 0.200302
v 0.098128 0.177857 0.213406
v 0.205663 0.136326 -0.012660
v 0.196393 0.136326 -0.021877
v 0.205548 0.151468 -0.012492
v 0.196401 0.151468 -0.021640
v 0.209084 0.136151 -0.000176
v 0.208893 0.151468 0.000000
v 0.205548 0.151468 0.012492
v 0.205846 0.136334 0.012370
v -0.070089 0.136326 0.171752
v -0.066783 0.136357 0.159168
v -0.070318 0.151468 0.171760
v -0.066966 0.151468 0.159268
v -0.173898 0.149002 -0.135604
v -0.175578 0.135479 -0.119241
v -0.163841 0.148521 -0.129679
v -0.171256 0.135479 -0.116736
v -0.167866 0.140480 -0.112621
v -0.161528 0.151491 -0.123548
v -0.163841 0.148521 -0.129679
v -0.171256 0.135479 -0.116736
v 0.076961 0.166465 0.133298
v 0.008239 0.166465 0.153701
v 0.038546 0.161463 0.143851
v 0.008239 0.166465 0.153701
v -0.030024 0.161219 0.146546
v 0.038546 0.161463 0.143851
v 0.128816 0.191449 -0.177479
v 0.111231 0.191449 -0.141408
v 0.109910 0.196451 -0.150113
v 0.124914 0.196451 -0.180870
v 0.111231 0.191449 -0.141408
v 0.095127 0.191449 -0.158558
v 0.109910 0.196451 -0.150113
v 0.101129 0.196451 -0.159466
v 0.144951 0.135479 -0.156481
v 0.152105 0.135479 -0.171142
v 0.141072 0.135479 -0.164483
v 0.118302 0.135479 -0.171867
v 0.145821 0.135479 -0.173883
v 0.125304 0.135173 -0.173409
v 0.153152 0.135471 -0.176494
v 0.167423 0.135479 -0.147829
v 0.173929 0.135479 -0.145210
v 0.167873 0.135479 -0.132787
v 0.161016 0.135479 -0.134696
v 0.186726 0.135479 -0.089942
v 0.191056 0.135479 -0.092432
v 0.118302 0.135479 -0.171867
v 0.111765 0.140480 -0.169866
v 0.144951 0.135479 -0.156481
v 0.147096 0.140480 -0.149471
v 0.071914 0.135479 0.204418
v 0.063034 0.135479 0.203769
v 0.072166 0.135479 0.217300
v 0.089690 0.135479 0.188383
v 0.077679 0.135479 0.213230
v 0.086422 0.135479 0.196042
v 0.088377 0.135479 0.198951
v 0.093905 0.135479 0.194621
v 0.125869 0.135471 0.196591
v 0.121753 0.135479 0.193018
v 0.127266 0.135479 0.188872
v 0.119394 0.135479 0.177006
v 0.110513 0.135479 0.176357
v 0.137353 0.135586 0.160741
v 0.137926 0.135479 0.166300
v 0.154014 0.135754 0.166140
v 0.156572 0.135479 0.172539
v 0.224371 0.143855 0.027145
v 0.225974 0.144649 0.011812
v 0.232808 0.144428 0.018463
v 0.209687 0.148292 -0.066729
v 0.205800 0.147971 -0.061904
v 0.209924 0.148597 -0.072746
v 0.204388 0.149002 -0.082795
v 0.194225 0.148521 -0.077045
v 0.089690 0.135479 0.188383
v 0.091225 0.140480 0.181725
v 0.063034 0.135479 0.203769
v 0.055894 0.140480 0.202120
v 0.070188 0.156470 -0.193873
v 0.042952 0.156470 -0.166461
v 0.042952 0.166465 -0.166461
v 0.070188 0.166465 -0.193873
v -0.207992 0.135479 -0.047296
v -0.224271 0.135479 -0.046159
v -0.212986 0.135479 -0.039928
v -0.207992 0.135479 -0.016516
v -0.223500 0.135479 -0.039340
v -0.212825 0.135173 -0.021808
v -0.229425 0.135471 -0.044387
v -0.211733 0.135479 -0.071082
v -0.212718 0.135479 -0.078023
v -0.198936 0.135479 -0.078985
v -0.197157 0.135479 -0.072097
v -0.171256 0.135479 -0.116736
v -0.175578 0.135479 -0.119241
v -0.207992 0.135479 -0.016516
v -0.202990 0.140480 -0.011859
v -0.207992 0.135479 -0.047296
v -0.202990 0.140480 -0.052649
v 0.178166 0.135364 0.030474
v 0.196721 0.136326 0.021686
v 0.184168 0.136334 0.025190
v 0.207015 0.135372 0.020678
v 0.205846 0.136334 0.012370
v 0.209084 0.136151 -0.000176
v 0.213681 0.135372 -0.007896
v 0.205663 0.136326 -0.012660
v 0.193789 0.135379 -0.029390
v 0.196393 0.136326 -0.021877
v 0.171539 0.136357 0.021953
v 0.183786 0.136326 -0.025175
v 0.169233 0.135479 -0.026153
v 0.171233 0.136357 -0.021747
v 0.162177 0.136601 0.012691
v 0.162055 0.136601 -0.012462
v 0.139575 0.165465 0.182664
v 0.139575 0.176460 0.182664
v 0.159382 0.165518 0.189261
v 0.159153 0.178537 0.189177
v 0.139575 0.186165 0.182664
v 0.127793 0.176460 0.189467
v 0.139575 0.176460 0.182664
v 0.139575 0.165465 0.182664
v 0.127793 0.165465 0.189467
v -0.202990 0.156470 0.036155
v -0.165636 0.156470 0.046036
v -0.165636 0.166465 0.046036
v -0.202990 0.166465 0.036155
v -0.113697 0.136326 -0.146577
v -0.104450 0.136357 -0.137422
v -0.113598 0.151468 -0.146776
v -0.104450 0.151468 -0.137628
v -0.117141 0.136326 -0.159138
v -0.116942 0.151468 -0.159268
v -0.113598 0.151468 -0.171760
v -0.113789 0.136326 -0.171775
v 0.165720 0.176628 0.188268
v 0.236893 0.189197 0.035774
v 0.236893 0.174406 0.035774
v 0.248966 0.174162 0.022900
v 0.249767 0.189571 0.022907
v 0.166255 0.165648 0.187161
v -0.245904 0.176628 0.049388
v -0.149425 0.189197 0.187268
v -0.149425 0.174406 0.187268
v -0.144317 0.174162 0.204166
v -0.144721 0.189571 0.204853
v -0.245216 0.165648 0.050396
v 0.048640 0.181454 -0.149303
v 0.030498 0.181454 -0.153930
v 0.071655 0.181546 -0.194675
v 0.066332 0.181652 -0.142645
v 0.080260 0.182454 -0.172111
v 0.080184 0.176628 -0.237657
v -0.087460 0.189197 -0.223042
v -0.087460 0.174406 -0.223042
v -0.104656 0.174162 -0.227059
v -0.105046 0.189571 -0.227761
v 0.078962 0.165648 -0.237558
v 0.008239 0.166465 0.153701
v -0.062262 0.166465 0.140766
v -0.030024 0.161219 0.146546
v 0.128992 0.166465 0.083986
v 0.076961 0.166465 0.133298
v 0.095730 0.161463 0.114087
v 0.076961 0.166465 0.133298
v 0.038546 0.161463 0.143851
v 0.095730 0.161463 0.114087
v -0.168576 0.191449 -0.081108
v -0.175379 0.191449 -0.058590
v -0.175456 0.196451 -0.075618
v -0.179167 0.196451 -0.063339
v 0.100182 0.176460 -0.205403
v 0.095112 0.186608 -0.195721
v 0.088400 0.176460 -0.212207
v 0.081115 0.186455 -0.204877
v 0.135322 0.166541 0.103274
v 0.143576 0.166465 0.089148
v 0.143011 0.195893 0.089698
v 0.136666 0.197825 0.101694
v -0.058941 0.140480 -0.170836
v -0.057444 0.140480 -0.153526
v -0.057444 0.151468 -0.153526
v -0.058162 0.151468 -0.168332
v 0.038790 0.135479 0.223233
v 0.076274 0.135471 0.220881
v 0.044311 0.135479 0.218911
v 0.036140 0.135479 0.206793
v 0.031063 0.135479 0.211779
v -0.015470 0.135479 0.206678
v -0.015478 0.135479 0.211672
v 0.018624 0.166465 -0.169347
v 0.005444 0.166465 -0.168912
v 0.006200 0.195893 -0.168690
v 0.019662 0.197810 -0.169217
v 0.039699 0.191449 0.224584
v 0.014042 0.191449 0.186543
v 0.022236 0.196451 0.189757
v 0.044593 0.196451 0.222897
v -0.102198 0.183455 -0.141522
v -0.109696 0.183455 -0.149028
v -0.102198 0.163464 -0.141522
v -0.109696 0.163464 -0.149028
v 0.100182 0.176460 -0.205403
v 0.088400 0.176460 -0.212207
v 0.088400 0.165465 -0.212207
v 0.100182 0.165465 -0.205403
v 0.174646 0.191449 -0.146676
v 0.154534 0.191449 -0.105435
v 0.153213 0.196451 -0.114140
v 0.170737 0.196451 -0.150067
v -0.032780 0.191014 -0.181374
v -0.037179 0.187456 -0.184481
v -0.039004 0.187456 -0.205396
v -0.035025 0.191449 -0.205739
v -0.214345 0.191449 -0.077908
v -0.168576 0.191449 -0.081108
v -0.175456 0.196451 -0.075618
v -0.215330 0.196451 -0.072830
v 0.181396 0.151514 -0.013409
v 0.180419 0.163464 -0.013027
v 0.192858 0.163464 -0.009896
v 0.193705 0.151499 -0.009301
v 0.125304 0.135173 -0.173409
v 0.141072 0.135479 -0.164483
v 0.147661 0.165465 -0.177998
v 0.133153 0.165465 -0.186367
v -0.212825 0.135173 -0.021808
v -0.212986 0.135479 -0.039928
v -0.227982 0.165465 -0.038882
v -0.227982 0.165465 -0.022129
v -0.232037 0.191449 0.016226
v -0.246033 0.179591 0.017043
v -0.233717 0.196451 0.011331
v -0.249462 0.182882 0.012431
v -0.024068 0.187456 -0.206702
v -0.024068 0.166465 -0.206702
v -0.022243 0.187456 -0.185787
v -0.022243 0.166465 -0.185787
v 0.086422 0.135479 0.196042
v 0.071914 0.135479 0.204418
v 0.080314 0.165465 0.216880
v 0.094822 0.165465 0.208503
v -0.227982 0.176460 0.015943
v -0.227982 0.176460 0.029543
v -0.227982 0.165465 0.029543
v -0.227982 0.165465 0.015943
v -0.037179 0.166465 -0.184481
v -0.039004 0.166465 -0.205396
v -0.039004 0.187456 -0.205396
v -0.037179 0.187456 -0.184481
v 0.154014 0.135754 0.166140
v 0.151319 0.140961 0.160192
v 0.137353 0.135586 0.160741
v 0.136750 0.140549 0.155419
v -0.141323 0.135479 -0.072693
v -0.092416 0.135479 -0.129290
v -0.104229 0.140480 -0.126510
v -0.148249 0.140480 -0.069944
v -0.158924 0.135479 -0.000000
v -0.163918 0.140480 0.000000
v -0.148249 0.140480 0.069944
v -0.141323 0.135479 0.072693
v -0.220889 0.135754 0.050312
v -0.214383 0.140961 0.050946
v -0.207885 0.135586 0.038584
v -0.202975 0.140549 0.040714
v 0.030498 0.192037 -0.153930
v 0.071655 0.181546 -0.194675
v 0.030498 0.181454 -0.153930
v 0.075052 0.186455 -0.198768
v 0.081115 0.186455 -0.204877
v 0.088400 0.186165 -0.212207
v 0.088400 0.176460 -0.212207
v -0.228036 0.135479 0.008934
v -0.212986 0.135479 0.014890
v -0.207992 0.135479 0.007529
v -0.207885 0.135586 0.038584
v -0.227196 0.135479 0.015775
v -0.212986 0.135479 0.036301
v -0.220889 0.135754 0.050312
v -0.227707 0.135479 0.049327
v -0.135696 0.143855 0.180740
v -0.123219 0.144649 0.189796
v -0.132390 0.144428 0.192384
v -0.047052 0.148292 0.214956
v -0.049297 0.147971 0.209183
v -0.041959 0.148597 0.218178
v -0.030490 0.149002 0.218407
v -0.030390 0.148521 0.206724
v -0.233190 0.135471 0.010713
v -0.212825 0.135173 -0.021808
v -0.216483 0.135479 -0.022938
v 0.121753 0.135479 0.193018
v 0.110513 0.135479 0.176357
v 0.114003 0.140480 0.190460
v 0.103374 0.140480 0.174707
v 0.121753 0.135479 0.193018
v 0.114003 0.140480 0.190460
v 0.093905 0.135479 0.194621
v 0.097754 0.140480 0.191399
v -0.074212 0.183455 -0.149028
v -0.074212 0.163464 -0.149028
v -0.071463 0.163464 -0.159268
v -0.071463 0.183455 -0.159268
v -0.074838 0.186425 -0.141919
v -0.068302 0.186463 -0.166575
v 0.066875 0.135754 -0.216445
v 0.063072 0.140961 -0.211138
v 0.070532 0.135586 -0.199325
v 0.066225 0.140549 -0.196141
v -0.062262 0.166465 0.140766
v -0.069135 0.161799 0.132390
v -0.030024 0.161219 0.146546
v -0.062262 0.166465 0.140766
v -0.056994 0.166465 0.158069
v -0.056978 0.183455 0.158626
v 0.183786 0.136326 -0.025175
v 0.171233 0.136357 -0.021747
v 0.183909 0.151468 -0.024984
v 0.171416 0.151468 -0.021640
v 0.106283 0.135479 -0.201952
v 0.093592 0.135479 -0.191896
v 0.097471 0.135479 -0.183886
v 0.070532 0.135586 -0.199325
v 0.099938 0.135479 -0.204647
v 0.075060 0.135479 -0.202601
v 0.066875 0.135754 -0.216445
v 0.071135 0.135479 -0.221866
v -0.088682 0.143855 -0.207885
v -0.102755 0.144649 -0.201608
v -0.100418 0.144428 -0.210848
v -0.162635 0.148292 -0.148226
v -0.156511 0.147971 -0.147280
v 0.107321 0.135471 -0.207305
v 0.125304 0.135173 -0.173409
v 0.128106 0.135479 -0.176013
v -0.167965 0.148597 -0.145424
v -0.173898 0.149002 -0.135604
v -0.163841 0.148521 -0.129679
v 0.173661 0.163464 -0.017746
v 0.180419 0.163464 -0.013027
v 0.172653 0.163464 -0.006498
v 0.183909 0.163464 -0.020487
v 0.194156 0.163464 -0.017746
v 0.192858 0.163464 -0.009896
v 0.201654 0.163464 -0.010247
v 0.196905 0.163464 0.000000
v 0.204395 0.163464 0.000000
v 0.193705 0.163426 0.009300
v 0.201654 0.163464 0.010247
v 0.166163 0.163464 -0.010247
v 0.163422 0.163464 0.000000
v 0.171210 0.163464 0.004100
v 0.166163 0.163464 0.010247
v 0.180755 0.163403 0.013469
v 0.173661 0.163464 0.017746
v 0.183909 0.163464 0.020487
v 0.194156 0.163464 0.017746
v -0.218109 0.191449 -0.022824
v -0.178075 0.191449 -0.025618
v -0.184954 0.196451 -0.020128
v -0.219094 0.196451 -0.017746
v -0.102198 0.183455 0.177013
v -0.109696 0.183455 0.169515
v -0.102198 0.163464 0.177013
v -0.109696 0.163464 0.169515
v 0.170775 0.151499 0.003153
v 0.179709 0.151468 0.012973
v 0.171210 0.163464 0.004100
v 0.180755 0.163403 0.013469
v 0.172653 0.151468 -0.006498
v 0.172653 0.163464 -0.006498
v 0.180419 0.163464 -0.013027
v 0.181396 0.151514 -0.013409
v 0.089293 0.191449 0.200302
v 0.066852 0.191449 0.167033
v 0.075045 0.196451 0.170240
v 0.094180 0.196451 0.198615
v -0.228036 0.135479 0.008934
v -0.207992 0.135479 0.007529
v -0.221942 0.140480 0.003497
v -0.202990 0.140480 0.002168
v -0.228036 0.135479 0.008934
v -0.221942 0.140480 0.003497
v -0.212825 0.135173 -0.021808
v -0.214635 0.140480 -0.011041
v -0.126182 0.140480 0.152044
v -0.116690 0.151468 0.134535
v -0.124716 0.151468 0.147005
v -0.118477 0.140480 0.136459
v -0.025878 0.166465 -0.181458
v -0.032849 0.166465 -0.180847
v -0.032780 0.191014 -0.181374
v -0.025267 0.190426 -0.182465
v 0.099617 0.140480 -0.176884
v 0.099617 0.166465 -0.176884
v 0.107948 0.140480 -0.193957
v 0.107948 0.166465 -0.193957
v 0.107948 0.140480 -0.193957
v 0.107948 0.166465 -0.193957
v 0.116881 0.140480 -0.180358
v 0.116881 0.166465 -0.180358
v 0.147661 0.176460 -0.177998
v 0.143271 0.186455 -0.168988
v 0.128763 0.186455 -0.177365
v 0.133153 0.176460 -0.186367
v -0.113896 0.136334 0.146898
v -0.113598 0.151468 0.146775
v -0.104450 0.151468 0.137628
v -0.104778 0.136357 0.137582
v 0.133619 0.135479 -0.086040
v 0.158176 0.135479 -0.015386
v 0.161681 0.140480 -0.027008
v 0.134696 0.140480 -0.093417
v 0.079458 0.135479 -0.137628
v 0.081963 0.140480 -0.141957
v 0.013554 0.140480 -0.163361
v 0.007705 0.135479 -0.158733
v 0.130069 0.191449 0.192835
v 0.137781 0.179591 0.204548
v 0.126671 0.196451 0.196737
v 0.135498 0.182882 0.209817
v -0.091958 0.163464 0.179762
v -0.101052 0.163472 0.169416
v -0.088117 0.163403 0.172218
v -0.081711 0.163464 0.177013
v -0.080703 0.163464 0.165766
v -0.074212 0.163464 0.169515
v -0.079107 0.163426 0.154663
v -0.071463 0.163464 0.159268
v -0.102198 0.163464 0.177013
v -0.109696 0.163464 0.169515
v -0.074212 0.163464 0.149028
v -0.081711 0.163464 0.141522
v -0.089156 0.163464 0.146226
v -0.091958 0.163464 0.138781
v -0.098448 0.163464 0.148020
v -0.102198 0.163464 0.141522
v -0.105084 0.163495 0.156488
v -0.112445 0.163464 0.159268
v -0.109696 0.163464 0.149028
v -0.101052 0.163472 0.169416
v -0.101732 0.151506 0.168950
v -0.089156 0.151468 0.172317
v -0.088117 0.163403 0.172218
v -0.105084 0.163495 0.156488
v -0.100495 0.151468 0.148860
v -0.104946 0.151468 0.159268
v -0.098448 0.163464 0.148020
v -0.191239 0.166465 0.073143
v -0.190910 0.191480 0.073212
v -0.153739 0.166465 0.083001
v -0.153548 0.194252 0.083047
v -0.157023 0.166495 0.066172
v -0.149005 0.166465 0.079741
v -0.149188 0.195893 0.078969
v -0.157313 0.197802 0.066126
v -0.032780 0.191014 -0.181374
v -0.035025 0.191449 -0.205739
v -0.028054 0.191449 -0.206350
v -0.025267 0.190426 -0.182465
v -0.088117 0.151499 0.146317
v -0.100495 0.151468 0.148860
v -0.089156 0.163464 0.146226
v -0.098448 0.163464 0.148020
v -0.002329 0.161463 -0.148906
v -0.067508 0.162815 -0.134253
v -0.062262 0.166465 -0.140766
v -0.074464 0.161463 -0.128969
v 0.201135 0.151468 -0.030444
v 0.211512 0.151430 -0.021487
v -0.227982 0.176460 -0.038882
v -0.217987 0.186455 -0.039584
v -0.217987 0.186455 -0.022831
v -0.227982 0.176460 -0.022129
v 0.155366 0.140480 -0.134505
v 0.161016 0.135479 -0.134696
v 0.162704 0.140480 -0.149555
v 0.167423 0.135479 -0.147829
v -0.207915 0.196451 -0.006506
v -0.188665 0.196451 -0.007850
v -0.204892 0.191449 -0.001703
v -0.184886 0.191449 -0.003100
v -0.178075 0.191449 -0.025618
v -0.184886 0.191449 -0.003100
v -0.184954 0.196451 -0.020128
v -0.188665 0.196451 -0.007850
v -0.194163 0.140480 -0.067295
v -0.197157 0.135479 -0.072097
v -0.210870 0.140480 -0.066126
v -0.211733 0.135479 -0.071082
v 0.038798 0.140480 0.201799
v 0.036140 0.135479 0.206793
v 0.048167 0.140480 0.215681
v 0.044311 0.135479 0.218911
v 0.080314 0.176460 0.216880
v 0.074717 0.186455 0.208572
v 0.089217 0.186455 0.200196
v 0.094822 0.176460 0.208503
v 0.133153 0.176460 -0.186367
v 0.128763 0.186455 -0.177365
v 0.128816 0.191449 -0.177479
v 0.111231 0.191449 -0.141408
v 0.135750 0.177857 -0.191682
v 0.135750 0.165465 -0.191682
v 0.111231 0.186455 -0.141408
v 0.133153 0.165465 -0.186367
v 0.128106 0.135479 -0.176013
v 0.125304 0.135173 -0.173409
v -0.236489 0.181454 -0.016524
v -0.250645 0.167954 0.010331
v -0.233877 0.165465 -0.021716
v -0.249462 0.182882 0.012431
v -0.233877 0.177857 -0.021716
v -0.227982 0.176460 -0.022129
v -0.218109 0.191449 -0.022824
v -0.233877 0.177857 -0.021716
v -0.217987 0.186455 -0.022831
v -0.178075 0.191449 -0.025618
v -0.233877 0.165465 -0.021716
v -0.178075 0.186455 -0.025618
v -0.227982 0.165465 -0.022129
v -0.216483 0.135479 -0.022938
v -0.212825 0.135173 -0.021808
v 0.094822 0.176460 0.208503
v 0.089217 0.186455 0.200196
v 0.089293 0.191449 0.200302
v 0.066852 0.191449 0.167033
v 0.098128 0.177857 0.213406
v 0.098128 0.165465 0.213406
v 0.066852 0.186455 0.167033
v 0.094822 0.165465 0.208503
v 0.088377 0.135479 0.198951
v 0.086422 0.135479 0.196042
v -0.148249 0.140480 0.069944
v -0.092416 0.135479 0.129289
v -0.141323 0.135479 0.072693
v -0.104229 0.140480 0.126510
v 0.132558 0.181454 -0.196538
v 0.115476 0.167740 -0.223286
v 0.135750 0.165465 -0.191682
v 0.113965 0.182882 -0.222256
v 0.135750 0.177857 -0.191682
v -0.126938 0.151468 -0.158962
v -0.124364 0.151430 -0.172432
v 0.103931 0.181454 0.213070
v 0.134268 0.167954 0.211901
v 0.098128 0.165465 0.213406
v 0.135498 0.182882 0.209817
v 0.098128 0.177857 0.213406
v 0.193705 0.163426 0.009300
v 0.192858 0.151468 0.009896
v 0.196905 0.151468 0.000000
v 0.196905 0.163464 0.000000
v 0.066852 0.191449 0.167033
v 0.089751 0.191449 0.161665
v 0.075045 0.196451 0.170240
v 0.087537 0.196451 0.167316
v -0.078931 0.163472 -0.155748
v -0.079107 0.151514 -0.154663
v -0.080703 0.151468 -0.165766
v -0.080703 0.163464 -0.165766
v -0.089156 0.151468 -0.146218
v -0.088117 0.163426 -0.146318
v -0.101090 0.163472 -0.149143
v -0.102045 0.151522 -0.149799
v -0.088797 0.163426 -0.172401
v -0.087858 0.151468 -0.171966
v -0.098448 0.151468 -0.170523
v -0.098448 0.163464 -0.170523
v -0.211122 0.186455 -0.040058
v -0.211122 0.191449 -0.040058
v -0.201646 0.186455 -0.056757
v -0.201646 0.191449 -0.056757
v 0.070868 0.186455 0.202868
v 0.070868 0.191449 0.202868
v 0.051672 0.186455 0.203006
v 0.051672 0.191449 0.203006
v 0.140255 0.186455 -0.162811
v 0.140255 0.191449 -0.162811
v 0.149975 0.186455 -0.146256
v 0.149975 0.191449 -0.146256
v 0.097754 0.140480 0.191399
v 0.097754 0.166465 0.191399
v 0.091225 0.140480 0.181725
v 0.091225 0.166465 0.181725
v -0.224271 0.135479 -0.046159
v -0.207992 0.135479 -0.047296
v -0.218178 0.140480 -0.051588
v -0.202990 0.140480 -0.052649
v -0.224271 0.135479 -0.046159
v -0.218178 0.140480 -0.051588
v -0.211733 0.135479 -0.071082
v -0.210870 0.140480 -0.066126
v -0.081711 0.183455 -0.141522
v -0.081711 0.163464 -0.141522
v -0.074212 0.163464 -0.149028
v -0.074212 0.183455 -0.149028
v -0.070043 0.136311 -0.146867
v -0.066752 0.136326 -0.159527
v -0.070318 0.151468 -0.146776
v -0.066966 0.151468 -0.159268
v 0.152105 0.135479 -0.171142
v 0.144951 0.135479 -0.156481
v 0.153770 0.140480 -0.163154
v 0.147096 0.140480 -0.149471
v 0.152105 0.135479 -0.171142
v 0.153770 0.140480 -0.163154
v 0.167423 0.135479 -0.147829
v 0.162704 0.140480 -0.149555
v -0.214635 0.140480 -0.011041
v -0.214635 0.166465 -0.011041
v -0.202990 0.140480 -0.011859
v -0.202990 0.166465 -0.011859
v 0.116881 0.140480 -0.180358
v 0.116881 0.166465 -0.180358
v 0.111765 0.140480 -0.169866
v 0.111765 0.166465 -0.169866
v 0.072166 0.135479 0.217300
v 0.063034 0.135479 0.203769
v 0.064408 0.140480 0.214742
v 0.055894 0.140480 0.202120
v 0.072166 0.135479 0.217300
v 0.064408 0.140480 0.214742
v 0.044311 0.135479 0.218911
v 0.048167 0.140480 0.215681
v 0.070532 0.135586 -0.199325
v 0.066225 0.140549 -0.196141
v 0.099617 0.140480 -0.176884
v 0.097471 0.135479 -0.183886
v -0.196515 0.189846 0.075946
v -0.190910 0.191480 0.073212
v -0.191239 0.166465 0.073143
v -0.196485 0.166434 0.076167
v 0.013554 0.140480 -0.163361
v -0.065759 0.135479 -0.144676
v 0.007705 0.135479 -0.158733
v -0.057444 0.140480 -0.153526
v -0.207885 0.135586 0.038584
v -0.202975 0.140549 0.040714
v -0.202990 0.140480 0.002168
v -0.207992 0.135479 0.007529
v -0.070234 0.136601 0.146577
v -0.070318 0.151468 0.146775
v -0.066966 0.151468 0.159268
v -0.066783 0.136357 0.159168
v -0.102045 0.151522 -0.149799
v -0.101090 0.163472 -0.149143
v -0.105000 0.163464 -0.162070
v -0.104908 0.151499 -0.163109
v 0.164033 0.189838 0.132229
v 0.158856 0.191480 0.128724
v 0.158962 0.166465 0.129053
v 0.163949 0.166465 0.132038
v 0.109589 0.196451 -0.176807
v 0.103923 0.191449 -0.176586
v 0.099869 0.196451 -0.193362
v 0.094203 0.191449 -0.193148
v -0.080703 0.151468 0.165766
v -0.078931 0.151468 0.155748
v -0.080703 0.163464 0.165766
v -0.079107 0.163426 0.154663
v 0.032490 0.189846 -0.208160
v 0.032277 0.166465 -0.202189
v 0.032284 0.166434 -0.208236
v 0.032055 0.191480 -0.201937
v -0.115476 0.135364 0.139056
v -0.092416 0.135479 0.129289
v -0.104229 0.140480 0.126510
v -0.118477 0.140480 0.136459
v -0.126182 0.140480 0.152044
v -0.121417 0.135372 0.168942
v -0.125433 0.140480 0.169408
v -0.116423 0.140480 0.184267
v -0.100014 0.135372 0.189001
v -0.101373 0.140480 0.192964
v -0.083994 0.140480 0.193331
v -0.071441 0.135379 0.182526
v -0.068585 0.140480 0.185298
v -0.058941 0.140480 0.170836
v -0.061972 0.135479 0.159634
v -0.057444 0.140480 0.153525
v -0.065759 0.135479 0.144676
v 0.193789 0.135379 -0.029390
v 0.213681 0.135372 -0.007896
v 0.209427 0.140480 -0.023923
v 0.217796 0.140480 -0.008690
v 0.217796 0.140480 0.008689
v 0.207015 0.135372 0.020678
v 0.209427 0.140480 0.023923
v 0.194767 0.140480 0.033254
v 0.178166 0.135364 0.030474
v 0.177418 0.140480 0.034376
v 0.161681 0.140480 0.027008
v 0.158176 0.135479 0.015394
v 0.194767 0.140480 -0.033254
v 0.177418 0.140480 -0.034377
v 0.169233 0.135479 -0.026153
v 0.161681 0.140480 -0.027008
v 0.158176 0.135479 -0.015386
v -0.088117 0.151499 0.146317
v -0.089156 0.163464 0.146226
v -0.079107 0.163426 0.154663
v -0.078931 0.151468 0.155748
v 0.098326 0.196451 0.183313
v 0.100968 0.191449 0.178296
v 0.117523 0.196451 0.183168
v 0.120165 0.191449 0.178151
v 0.098326 0.196451 0.183313
v 0.087537 0.196451 0.167316
v 0.100968 0.191449 0.178296
v 0.089751 0.191449 0.161665
v -0.070265 0.136326 -0.172088
v -0.070318 0.151468 -0.171760
v -0.066966 0.151468 -0.159268
v -0.066752 0.136326 -0.159527
v -0.161490 0.186448 0.008758
v -0.160260 0.181507 0.014554
v -0.189185 0.182454 0.016554
v -0.191766 0.186455 0.011759
v 0.066332 0.181652 -0.142645
v 0.080260 0.182454 -0.172111
v 0.073021 0.186455 -0.144760
v 0.085697 0.186455 -0.171951
v 0.127640 0.182454 -0.107505
v 0.066332 0.181652 -0.142645
v 0.073021 0.186455 -0.144760
v 0.131924 0.186455 -0.110803
v 0.116881 0.140480 -0.180358
v 0.111765 0.140480 -0.169866
v 0.118302 0.135479 -0.171867
v -0.177624 0.182454 -0.109070
v -0.177624 0.196435 -0.117072
v -0.164376 0.207874 -0.109169
v -0.163635 0.215433 -0.117095
v -0.214635 0.140480 -0.011041
v -0.202990 0.140480 -0.011859
v -0.207992 0.135479 -0.016516
v -0.005650 0.182454 0.208366
v -0.012576 0.196435 0.212367
v -0.012355 0.207874 0.196935
v -0.019593 0.215433 0.200264
v 0.175479 0.209172 -0.085796
v 0.183275 0.188005 -0.099289
v 0.190201 0.196435 -0.095287
v 0.183229 0.215433 -0.083162
v 0.158176 0.135479 0.015394
v 0.133619 0.135479 0.086040
v 0.161681 0.140480 0.027008
v 0.134902 0.140480 0.093119
v 0.079458 0.135479 0.137628
v 0.081963 0.140480 0.141957
v 0.013195 0.140480 0.163383
v 0.007705 0.135479 0.158733
v -0.057444 0.140480 0.153525
v -0.065759 0.135479 0.144676
v 0.090370 0.181652 0.128763
v 0.108925 0.182454 0.155564
v 0.088858 0.186455 0.135620
v 0.106069 0.186455 0.160192
v 0.029276 0.182454 0.164292
v 0.090370 0.181652 0.128763
v 0.088858 0.186455 0.135620
v 0.029994 0.186455 0.169652
v 0.138430 0.186455 -0.122585
v 0.138430 0.191449 -0.122585
v 0.154534 0.186455 -0.105435
v 0.154534 0.191449 -0.105435
v 0.107321 0.135471 -0.207305
v 0.115476 0.167740 -0.223286
v 0.107772 0.165915 -0.220728
v 0.099938 0.135479 -0.204647
v 0.108253 0.179591 -0.221599
v 0.113965 0.182882 -0.222256
v 0.097754 0.140480 0.191399
v 0.091225 0.140480 0.181725
v 0.089690 0.135479 0.188383
v 0.093905 0.135479 0.194621
v -0.175379 0.186455 -0.058590
v -0.175379 0.191449 -0.058590
v -0.168576 0.186455 -0.081108
v -0.168576 0.191449 -0.081108
v 0.036950 0.186455 0.181182
v 0.036950 0.191449 0.181182
v 0.014042 0.186455 0.186543
v 0.014042 0.191449 0.186543
v -0.233190 0.135471 0.010713
v -0.250645 0.167954 0.010331
v -0.246759 0.166633 0.016867
v -0.227196 0.135479 0.015775
v -0.232724 0.181454 -0.071616
v -0.246881 0.167954 -0.044761
v -0.230113 0.165465 -0.076809
v -0.245697 0.182882 -0.042654
v -0.230113 0.177857 -0.076809
v 0.054344 0.181454 0.237351
v 0.084681 0.167954 0.236183
v 0.048541 0.165465 0.237687
v 0.085911 0.182882 0.234106
v 0.048541 0.177857 0.237687
v 0.178380 0.181454 -0.165735
v 0.162200 0.167954 -0.191422
v 0.181572 0.165465 -0.160879
v 0.159787 0.182882 -0.191453
v 0.181572 0.177857 -0.160879
v -0.207915 0.196451 -0.006506
v -0.204892 0.191449 -0.001703
v -0.217391 0.196451 0.010194
v -0.214368 0.191449 0.014989
v -0.079237 0.136326 0.181007
v -0.079458 0.151468 0.180908
v -0.091958 0.151468 0.184260
v -0.091828 0.136311 0.184451
v 0.134612 0.186455 0.164384
v 0.106069 0.186455 0.160192
v 0.132764 0.181546 0.159390
v 0.108925 0.182454 0.155564
v 0.125869 0.135471 0.196591
v 0.134268 0.167954 0.211901
v 0.137987 0.166633 0.205266
v 0.127266 0.135479 0.188872
v -0.217055 0.186608 0.015493
v -0.214368 0.191449 0.014989
v -0.204892 0.186455 -0.001703
v -0.204892 0.191449 -0.001703
v 0.109589 0.196451 -0.176807
v 0.101129 0.196451 -0.159466
v 0.103923 0.191449 -0.176586
v 0.095127 0.191449 -0.158558
v 0.222531 0.179774 -0.076625
v 0.218560 0.170466 -0.073838
v 0.209687 0.148292 -0.066729
v 0.215246 0.176284 -0.080672
v -0.209664 0.186455 0.034392
v -0.191766 0.186455 0.011759
v -0.204250 0.181546 0.035323
v -0.189185 0.182454 0.016554
v 0.103923 0.191449 -0.176586
v 0.095127 0.191449 -0.158558
v 0.095127 0.186455 -0.158558
v 0.103923 0.186455 -0.176586
v 0.095127 0.186455 -0.158558
v 0.095127 0.191449 -0.158558
v 0.111231 0.186455 -0.141408
v 0.111231 0.191449 -0.141408
v -0.177624 0.179774 -0.154404
v -0.173218 0.170466 -0.152357
v -0.162635 0.148292 -0.148226
v -0.177487 0.176284 -0.146066
v 0.100968 0.191449 0.178296
v 0.089751 0.191449 0.161665
v 0.089751 0.186455 0.161665
v 0.100968 0.186455 0.178296
v 0.089751 0.186455 0.161665
v 0.089751 0.191449 0.161665
v 0.066852 0.186455 0.167033
v 0.066852 0.191449 0.167033
v 0.075052 0.186455 -0.198768
v 0.085697 0.186455 -0.171951
v 0.071655 0.181546 -0.194675
v 0.080260 0.182454 -0.172111
v -0.044906 0.179774 0.231029
v -0.045334 0.170466 0.226195
v -0.047052 0.148292 0.214956
v -0.037751 0.176284 0.226745
v 0.127793 0.176460 0.189467
v 0.121944 0.186608 0.180228
v 0.139575 0.176460 0.182664
v 0.136864 0.186455 0.172684
v 0.095112 0.186608 -0.195721
v 0.094203 0.191449 -0.193148
v 0.103923 0.186455 -0.176586
v 0.103923 0.191449 -0.176586
v -0.204892 0.191449 -0.001703
v -0.184886 0.191449 -0.003100
v -0.184886 0.186455 -0.003100
v -0.204892 0.186455 -0.001703
v -0.184886 0.186455 -0.003100
v -0.184886 0.191449 -0.003100
v -0.178075 0.186455 -0.025618
v -0.178075 0.191449 -0.025618
v -0.113896 0.136334 0.146898
v -0.117141 0.136326 0.159527
v -0.113598 0.151468 0.146775
v -0.116942 0.151468 0.159268
v 0.175815 0.176460 -0.149066
v 0.175815 0.165465 -0.149066
v 0.215246 0.176284 -0.080672
v 0.216521 0.165854 -0.078672
v 0.218560 0.170466 -0.073838
v -0.217002 0.176460 -0.077725
v -0.217002 0.165465 -0.077725
v -0.177487 0.176284 -0.146066
v -0.176395 0.165854 -0.148181
v -0.173218 0.170466 -0.152357
v 0.041188 0.176460 0.226791
v 0.041188 0.165465 0.226791
v -0.037751 0.176284 0.226745
v -0.040134 0.165854 0.226852
v -0.045334 0.170466 0.226195
v 0.180755 0.163403 0.013469
v 0.179709 0.151468 0.012973
v 0.192858 0.151468 0.009896
v 0.193705 0.163426 0.009300
v -0.101052 0.163472 0.169416
v -0.105084 0.163495 0.156488
v -0.101732 0.151506 0.168950
v -0.104946 0.151468 0.159268
v -0.161917 0.186455 -0.058849
v -0.150280 0.186455 -0.070570
v -0.156923 0.182454 -0.056795
v -0.145279 0.182454 -0.068509
v -0.161490 0.186448 0.008758
v -0.161917 0.186455 -0.058849
v -0.156923 0.182454 -0.035644
v -0.156923 0.182454 -0.056795
v -0.061873 0.183455 0.141407
v -0.059979 0.186455 0.158680
v -0.064454 0.186455 0.142935
v -0.074655 0.183455 0.128862
v -0.056978 0.183455 0.158626
v -0.066592 0.186562 0.179808
v -0.061239 0.183455 0.176013
v -0.076137 0.186455 0.131473
v -0.091958 0.186455 0.127289
v -0.091966 0.183455 0.124288
v -0.107787 0.186455 0.131481
v -0.109268 0.183455 0.128869
v -0.121699 0.185279 0.141652
v -0.061239 0.183455 0.176013
v -0.061063 0.166465 0.175685
v -0.073388 0.166465 0.188917
v -0.073548 0.183455 0.189017
v -0.066592 0.186562 0.179808
v -0.091523 0.183455 -0.124288
v -0.107436 0.186455 -0.131283
v -0.083276 0.186486 -0.128037
v -0.108887 0.183455 -0.128656
v -0.122425 0.186562 -0.147570
v -0.121814 0.183455 -0.141041
v -0.073548 0.183455 0.189017
v -0.093225 0.186043 0.194492
v -0.066592 0.186562 0.179808
v 0.175479 0.209172 -0.085796
v 0.183229 0.215433 -0.083162
v 0.169347 0.203353 -0.074151
v 0.176555 0.209172 -0.071593
v 0.137109 0.151544 0.155312
v 0.125151 0.151468 0.110444
v 0.122685 0.156470 0.120432
v 0.132802 0.156470 0.157718
v 0.137987 0.166633 0.205266
v 0.134268 0.167954 0.211901
v 0.135498 0.182882 0.209817
v 0.137781 0.179591 0.204548
v 0.183053 0.183455 -0.034972
v 0.182679 0.166465 -0.034964
v 0.200303 0.166465 -0.030902
v 0.200471 0.183455 -0.030818
v -0.246759 0.166633 0.016867
v -0.250645 0.167954 0.010331
v -0.249462 0.182882 0.012431
v -0.246033 0.179591 0.017043
v -0.121814 0.183455 -0.141041
v -0.121615 0.166465 -0.140728
v -0.126915 0.166465 -0.158016
v -0.126922 0.183455 -0.158206
v -0.122425 0.186562 -0.147570
v -0.089156 0.151468 -0.146218
v -0.079107 0.151514 -0.154663
v -0.088117 0.163426 -0.146318
v -0.078931 0.163472 -0.155748
v -0.126922 0.183455 -0.158206
v -0.121822 0.186043 -0.177983
v -0.122425 0.186562 -0.147570
v -0.012355 0.207874 0.196935
v -0.019593 0.215433 0.200264
v -0.020449 0.202857 0.183702
v -0.026275 0.209172 0.188696
v 0.088362 0.166602 0.229662
v 0.084681 0.167954 0.236183
v 0.085911 0.182882 0.234106
v 0.088186 0.179598 0.228883
v 0.088186 0.179598 0.228883
v 0.085911 0.182882 0.234106
v 0.077084 0.196451 0.221018
v 0.080482 0.191449 0.217117
v -0.203067 0.151499 0.041111
v -0.158222 0.151468 0.053160
v -0.165636 0.156470 0.046036
v -0.202990 0.156470 0.036155
v -0.164376 0.207874 -0.109169
v -0.163635 0.215433 -0.117095
v -0.148868 0.202857 -0.109566
v -0.150280 0.209172 -0.117103
v 0.065928 0.151499 -0.196416
v 0.033071 0.151468 -0.163605
v 0.042952 0.156470 -0.166461
v 0.070188 0.156470 -0.193873
v 0.154709 0.166602 -0.191354
v 0.162200 0.167954 -0.191422
v 0.159787 0.182882 -0.191453
v 0.154129 0.179598 -0.190811
v 0.154129 0.179598 -0.190811
v 0.159787 0.182882 -0.191453
v 0.152869 0.196451 -0.177265
v 0.147791 0.191449 -0.178258
v -0.243071 0.166602 -0.038309
v -0.246881 0.167954 -0.044761
v -0.245697 0.182882 -0.042654
v -0.242315 0.179598 -0.038072
v -0.242315 0.179598 -0.038072
v -0.245697 0.182882 -0.042654
v -0.229952 0.196451 -0.043753
v -0.228272 0.191449 -0.038859
v 0.108253 0.179591 -0.221599
v 0.113965 0.182882 -0.222256
v 0.107047 0.196451 -0.208068
v 0.101969 0.191449 -0.209061
v 0.131924 0.186455 -0.110803
v 0.136254 0.186455 -0.094860
v 0.127640 0.182454 -0.107505
v 0.131970 0.182454 -0.091561
v 0.029994 0.186455 0.169652
v 0.014019 0.186455 0.165430
v 0.029276 0.182454 0.164292
v 0.013309 0.182454 0.160069
v 0.107047 0.196451 -0.208068
v 0.099869 0.196451 -0.193362
v 0.101969 0.191449 -0.209061
v 0.094203 0.191449 -0.193148
v 0.148692 0.194252 0.091454
v 0.143011 0.195893 0.089698
v 0.143576 0.166465 0.089148
v 0.148753 0.166465 0.091645
v -0.153548 0.194252 0.083047
v -0.149188 0.195893 0.078969
v -0.149005 0.166465 0.079741
v -0.153739 0.166465 0.083001
v 0.152869 0.196451 -0.177265
v 0.145920 0.196451 -0.163025
v 0.147791 0.191449 -0.178258
v 0.140255 0.191449 -0.162811
v -0.229952 0.196451 -0.043753
v -0.214146 0.196451 -0.044861
v -0.228272 0.191449 -0.038859
v -0.211122 0.191449 -0.040058
v 0.077084 0.196451 0.221018
v 0.068226 0.196451 0.207885
v 0.080482 0.191449 0.217117
v 0.070868 0.191449 0.202868
v 0.126671 0.196451 0.196737
v 0.117523 0.196451 0.183168
v 0.130069 0.191449 0.192835
v 0.120165 0.191449 0.178151
v 0.004856 0.194252 -0.174501
v 0.006200 0.195893 -0.168690
v 0.005444 0.166465 -0.168912
v 0.004986 0.166465 -0.174646
v -0.177624 0.182454 -0.109070
v -0.182626 0.186455 -0.104076
v -0.182626 0.186455 -0.117057
v -0.177624 0.182454 -0.133634
v -0.177624 0.182454 -0.109070
v -0.150280 0.186455 -0.104076
v -0.182626 0.186455 -0.104076
v -0.145699 0.182691 -0.108841
v -0.005650 0.182454 0.208366
v 0.001184 0.186455 0.210191
v -0.010064 0.186455 0.216681
v -0.026916 0.182454 0.220644
v -0.005650 0.182454 0.208366
v -0.014997 0.186455 0.182183
v 0.001184 0.186455 0.210191
v -0.020670 0.182454 0.182343
v -0.020105 0.182531 0.179419
v 0.014019 0.186455 0.165430
v -0.014997 0.186455 0.182183
v -0.020105 0.182531 0.179419
v 0.013309 0.182454 0.160069
v -0.150280 0.186455 -0.070570
v -0.150280 0.186455 -0.104076
v -0.145699 0.182691 -0.108841
v -0.145279 0.182454 -0.068509
v -0.233717 0.196451 0.011331
v -0.217391 0.196451 0.010194
v -0.232037 0.191449 0.016226
v -0.214368 0.191449 0.014989
v 0.196721 0.136326 0.021686
v 0.205846 0.136334 0.012370
v 0.196401 0.151468 0.021640
v 0.205548 0.151468 0.012492
v 0.165270 0.186455 -0.078107
v 0.183275 0.182454 -0.099289
v 0.167110 0.182691 -0.071761
v 0.181442 0.186455 -0.106115
v 0.136254 0.186455 -0.094860
v 0.165270 0.186455 -0.078107
v 0.167110 0.182691 -0.071761
v 0.131970 0.182454 -0.091561
v 0.165720 0.176628 0.188268
v 0.166255 0.165648 0.187161
v 0.159382 0.165518 0.189261
v 0.156572 0.135479 0.172539
v 0.159153 0.178537 0.189177
v -0.105000 0.163464 -0.162070
v -0.098448 0.163464 -0.170523
v -0.104908 0.151499 -0.163109
v -0.098448 0.151468 -0.170523
v -0.227707 0.135479 0.049327
v -0.243598 0.165518 0.043402
v -0.245216 0.165648 0.050396
v -0.245904 0.176628 0.049388
v -0.243407 0.178537 0.043241
v 0.183275 0.182454 -0.099289
v 0.181442 0.186455 -0.106115
v 0.192690 0.186455 -0.099625
v 0.204548 0.182454 -0.087010
v -0.104694 0.136189 -0.181015
v -0.113789 0.136326 -0.171775
v -0.104450 0.151468 -0.180908
v -0.113598 0.151468 -0.171760
v 0.136666 0.197825 0.101694
v 0.130763 0.195970 0.103068
v 0.135322 0.166541 0.103274
v 0.071135 0.135479 -0.221866
v 0.084215 0.165518 -0.232663
v 0.078962 0.165648 -0.237558
v 0.080184 0.176628 -0.237657
v 0.084254 0.178537 -0.232419
v 0.140255 0.191449 -0.162811
v 0.145920 0.196451 -0.163025
v 0.149975 0.191449 -0.146256
v 0.155641 0.196451 -0.146470
v 0.019662 0.197810 -0.169217
v 0.023786 0.196084 -0.164995
v 0.023602 0.166480 -0.165835
v 0.018624 0.166465 -0.169347
v 0.070868 0.191449 0.202868
v 0.068226 0.196451 0.207885
v 0.051672 0.191449 0.203006
v 0.049030 0.196451 0.208022
v -0.125510 0.166457 -0.179747
v -0.125556 0.185761 -0.179869
v -0.121822 0.186043 -0.177983
v -0.122593 0.166465 -0.176830
v -0.211122 0.191449 -0.040058
v -0.214146 0.196451 -0.044861
v -0.201646 0.191449 -0.056757
v -0.204670 0.196451 -0.061552
v 0.094822 0.165465 0.208503
v 0.080314 0.165465 0.216880
v 0.080314 0.176460 0.216880
v 0.094822 0.176460 0.208503
v 0.133153 0.165465 -0.186367
v 0.147661 0.165465 -0.177998
v 0.147661 0.176460 -0.177998
v 0.133153 0.176460 -0.186367
v -0.092912 0.166457 0.198561
v -0.092989 0.185753 0.198668
v -0.093225 0.186043 0.194492
v -0.091843 0.166465 0.194583
v -0.227982 0.165465 -0.022129
v -0.227982 0.165465 -0.038882
v -0.227982 0.176460 -0.038882
v -0.227982 0.176460 -0.022129
v 0.218415 0.166457 -0.018822
v 0.218552 0.185753 -0.018799
v 0.215047 0.186089 -0.016486
v 0.214437 0.166465 -0.017753
v -0.113644 0.136334 0.172088
v -0.104381 0.136166 0.181159
v -0.113598 0.151468 0.171760
v -0.104450 0.151468 0.180908
v -0.081711 0.183455 0.177013
v -0.081711 0.163464 0.177013
v -0.074212 0.163464 0.169515
v -0.074212 0.183455 0.169515
v 0.205663 0.136326 -0.012660
v 0.205548 0.151468 -0.012492
v 0.208893 0.151468 0.000000
v 0.209084 0.136151 -0.000176
v 0.184168 0.136334 0.025190
v 0.183909 0.151468 0.024984
v 0.171416 0.151468 0.021640
v 0.171539 0.136357 0.021953
v -0.201646 0.191449 -0.056757
v -0.204670 0.196451 -0.061552
v -0.179167 0.196451 -0.063339
v -0.175379 0.191449 -0.058590
v 0.051672 0.191449 0.203006
v 0.049030 0.196451 0.208022
v 0.034735 0.196451 0.186833
v 0.036950 0.191449 0.181182
v -0.079550 0.136265 -0.181167
v -0.092149 0.136326 -0.184458
v -0.079458 0.151468 -0.180908
v -0.091958 0.151468 -0.184260
v 0.149975 0.191449 -0.146256
v 0.155641 0.196451 -0.146470
v 0.144431 0.196451 -0.123494
v 0.138430 0.191449 -0.122585
v 0.170775 0.151499 0.003153
v 0.171210 0.163464 0.004100
v 0.172653 0.163464 -0.006498
v 0.172653 0.151468 -0.006498
v 0.183786 0.136326 -0.025175
v 0.183909 0.151468 -0.024984
v 0.196401 0.151468 -0.021640
v 0.196393 0.136326 -0.021877
v -0.110536 0.185837 -0.189116
v -0.113186 0.185929 -0.192255
v -0.112048 0.166472 -0.190399
v -0.113697 0.136326 -0.146577
v -0.113598 0.151468 -0.146776
v -0.116942 0.151468 -0.159268
v -0.117141 0.136326 -0.159138
v -0.070089 0.136326 0.171752
v -0.070318 0.151468 0.171760
v -0.079458 0.151468 0.180908
v -0.079237 0.136326 0.181007
v 0.168881 0.191778 0.130007
v 0.164033 0.189838 0.132229
v 0.163949 0.166465 0.132038
v 0.168981 0.166465 0.129786
v -0.108627 0.185814 0.190238
v -0.109849 0.185967 0.194140
v -0.110185 0.166495 0.193766
v -0.109536 0.166465 0.189818
v -0.197080 0.191724 0.081176
v -0.196515 0.189846 0.075946
v -0.196485 0.166434 0.076167
v -0.195965 0.166465 0.082787
v 0.219056 0.185783 -0.000985
v 0.223057 0.185959 -0.001940
v 0.222958 0.166511 -0.001397
v 0.219308 0.166465 -0.000512
v -0.102198 0.183455 0.141522
v -0.102198 0.163464 0.141522
v -0.109696 0.163464 0.149028
v -0.109696 0.183455 0.149028
v 0.173661 0.183455 0.017746
v 0.173661 0.163464 0.017746
v 0.183909 0.163464 0.020487
v 0.183909 0.183455 0.020487
v -0.071463 0.183455 -0.159268
v -0.071463 0.163464 -0.159268
v -0.074212 0.163464 -0.169515
v -0.074212 0.183455 -0.169515
v 0.194156 0.183455 -0.017746
v 0.194156 0.163464 -0.017746
v 0.183909 0.163464 -0.020487
v 0.183909 0.183455 -0.020487
v 0.192858 0.163464 -0.009896
v 0.196905 0.163464 0.000000
v 0.193705 0.151499 -0.009301
v 0.196905 0.151468 0.000000
v -0.089156 0.151468 0.172317
v -0.080703 0.151468 0.165766
v -0.088117 0.163403 0.172218
v -0.080703 0.163464 0.165766
v 0.158642 0.135693 0.000229
v 0.158924 0.151468 0.000000
v 0.162269 0.151468 -0.012492
v 0.162055 0.136601 -0.012462
v -0.102198 0.183455 -0.177013
v -0.102198 0.163464 -0.177013
v -0.109696 0.163464 -0.169515
v -0.109696 0.183455 -0.169515
v 0.125304 0.135173 -0.173409
v 0.116881 0.140480 -0.180358
v 0.118302 0.135479 -0.171867
v -0.068302 0.186463 -0.166575
v -0.074212 0.183455 -0.169515
v -0.081711 0.183455 -0.177013
v -0.086781 0.186425 -0.182809
v -0.068302 0.186463 -0.166575
v -0.071463 0.183455 -0.159268
v -0.074212 0.183455 -0.169515
v -0.212825 0.135173 -0.021808
v -0.214635 0.140480 -0.011041
v -0.207992 0.135479 -0.016516
v 0.028291 0.191701 -0.211230
v 0.032490 0.189846 -0.208160
v 0.032284 0.166434 -0.208236
v 0.026283 0.166465 -0.211107
v -0.109696 0.183455 -0.149028
v -0.112445 0.183455 -0.159268
v -0.109696 0.163464 -0.149028
v -0.112445 0.163464 -0.159268
v -0.115606 0.186463 -0.151968
v -0.112445 0.183455 -0.159268
v -0.109696 0.183455 -0.149028
v -0.115606 0.186463 -0.151968
v -0.109696 0.183455 -0.149028
v -0.102198 0.183455 -0.141522
v -0.097127 0.186425 -0.135727
v -0.081711 0.183455 0.141522
v -0.081711 0.163464 0.141522
v -0.091958 0.163464 0.138781
v -0.091958 0.183455 0.138781
v -0.156923 0.166465 -0.056795
v -0.088797 0.163426 -0.172401
v -0.080703 0.163464 -0.165766
v -0.087858 0.151468 -0.171966
v -0.080703 0.151468 -0.165766
v -0.079130 0.136349 -0.137590
v -0.079458 0.151468 -0.137628
v -0.091958 0.151468 -0.134283
v -0.091782 0.136601 -0.134100
v -0.079519 0.135670 0.137261
v -0.079458 0.151468 0.137628
v -0.070318 0.151468 0.146775
v -0.070234 0.136601 0.146577
v -0.097127 0.186425 -0.135727
v -0.091958 0.183455 -0.138781
v -0.081711 0.183455 -0.141522
v -0.074838 0.186425 -0.141919
v -0.097127 0.186425 -0.135727
v -0.102198 0.183455 -0.141522
v -0.091958 0.183455 -0.138781
v -0.061713 0.185806 -0.142507
v -0.074273 0.183455 -0.129083
v -0.083276 0.186486 -0.128037
v 0.204395 0.183455 0.000000
v 0.204395 0.163464 0.000000
v 0.201654 0.163464 -0.010247
v 0.201654 0.183455 -0.010247
v -0.024068 0.187456 -0.206702
v -0.022243 0.187456 -0.185787
v -0.028054 0.191449 -0.206350
v -0.025267 0.190426 -0.182465
v 0.163422 0.183455 0.000000
v 0.163422 0.163464 0.000000
v 0.166163 0.163464 0.010247
v 0.166163 0.183455 0.010247
v -0.025878 0.166465 -0.181458
v -0.025267 0.190426 -0.182465
v -0.022243 0.166465 -0.185787
v -0.022243 0.187456 -0.185787
v -0.102198 0.183455 0.177013
v -0.102198 0.163464 0.177013
v -0.091958 0.163464 0.179762
v -0.091958 0.183455 0.179762
v -0.110108 0.186463 0.142438
v -0.109696 0.183455 0.149028
v -0.112445 0.183455 0.159268
v -0.114926 0.186425 0.166560
v -0.110108 0.186463 0.142438
v -0.102198 0.183455 0.141522
v -0.109696 0.183455 0.149028
v 0.178403 0.186463 0.024137
v 0.173661 0.183455 0.017746
v 0.183909 0.183455 0.020487
v 0.178403 0.186463 0.024137
v 0.183909 0.183455 0.020487
v 0.194156 0.183455 0.017746
v 0.201708 0.186425 0.016249
v -0.071463 0.183455 0.159268
v -0.071463 0.163464 0.159268
v -0.074212 0.163464 0.149028
v -0.074212 0.183455 0.149028
v 0.173661 0.183455 -0.017746
v 0.173661 0.163464 -0.017746
v 0.166163 0.163464 -0.010247
v 0.166163 0.183455 -0.010247
v -0.109070 0.186432 -0.176616
v -0.086781 0.186425 -0.182809
v -0.102198 0.183455 -0.177013
v -0.091958 0.183455 -0.179762
v 0.189414 0.186463 -0.024137
v 0.194156 0.183455 -0.017746
v 0.183909 0.183455 -0.020487
v 0.189414 0.186463 -0.024137
v 0.183909 0.183455 -0.020487
v 0.173661 0.183455 -0.017746
v 0.166110 0.186425 -0.016249
v -0.109070 0.186432 -0.176616
v -0.102198 0.183455 -0.177013
v -0.109696 0.183455 -0.169515
v -0.073800 0.186463 0.176105
v -0.081711 0.183455 0.177013
v -0.074212 0.183455 0.169515
v -0.073800 0.186463 0.176105
v -0.074212 0.183455 0.169515
v -0.071463 0.183455 0.159268
v -0.068982 0.186425 0.151975
v -0.037179 0.187456 -0.184481
v -0.032780 0.191014 -0.181374
v -0.032849 0.166465 -0.180847
v -0.037179 0.166465 -0.184481
v -0.112445 0.183455 0.159268
v -0.112445 0.163464 0.159268
v -0.109696 0.163464 0.169515
v -0.109696 0.183455 0.169515
v 0.194156 0.183455 0.017746
v 0.194156 0.163464 0.017746
v 0.201654 0.163464 0.010247
v 0.201654 0.183455 0.010247
v -0.081711 0.183455 -0.177013
v -0.081711 0.163464 -0.177013
v -0.091958 0.163464 -0.179762
v -0.091958 0.183455 -0.179762
v -0.074838 0.186425 -0.141919
v -0.081711 0.183455 -0.141522
v -0.074212 0.183455 -0.149028
v 0.160329 0.186425 0.006147
v 0.166110 0.186425 -0.016249
v 0.163422 0.183455 0.000000
v 0.166163 0.183455 -0.010247
v 0.160329 0.186425 0.006147
v 0.163422 0.183455 0.000000
v 0.166163 0.183455 0.010247
v -0.082299 0.186555 -0.190117
v -0.110536 0.185837 -0.189116
v -0.091118 0.183455 -0.194240
v 0.207496 0.186432 -0.006147
v 0.201708 0.186425 0.016249
v 0.204395 0.183455 0.000000
v 0.201654 0.183455 0.010247
v 0.207496 0.186432 -0.006147
v 0.204395 0.183455 0.000000
v 0.201654 0.183455 -0.010247
v -0.098418 0.186432 0.182771
v -0.114926 0.186425 0.166560
v -0.102198 0.183455 0.177013
v -0.109696 0.183455 0.169515
v -0.098418 0.186432 0.182771
v -0.102198 0.183455 0.177013
v -0.091958 0.183455 0.179762
v -0.085490 0.186425 0.135772
v -0.068982 0.186425 0.151975
v -0.081711 0.183455 0.141522
v -0.074212 0.183455 0.149028
v -0.085490 0.186425 0.135772
v -0.081711 0.183455 0.141522
v -0.091958 0.183455 0.138781
v -0.047052 0.148292 0.214956
v -0.040134 0.165854 0.226852
v -0.041959 0.148597 0.218178
v -0.045334 0.170466 0.226195
v -0.121699 0.185279 0.141652
v -0.123318 0.186662 0.166430
v -0.126930 0.183455 0.158641
v 0.183534 0.185447 0.034552
v 0.205793 0.186555 0.023770
v 0.200852 0.183455 0.030604
v 0.152617 0.186478 0.008491
v 0.152617 0.186478 0.008491
v 0.167087 0.185623 0.030200
v 0.153617 0.183455 0.017501
v -0.086781 0.186425 -0.182809
v -0.081711 0.183455 -0.177013
v -0.091958 0.183455 -0.179762
v -0.114926 0.186425 0.166560
v -0.112445 0.183455 0.159268
v -0.109696 0.183455 0.169515
v 0.201708 0.186425 0.016249
v 0.194156 0.183455 0.017746
v 0.201654 0.183455 0.010247
v -0.068982 0.186425 0.151975
v -0.071463 0.183455 0.159268
v -0.074212 0.183455 0.149028
v 0.166110 0.186425 -0.016249
v 0.173661 0.183455 -0.017746
v 0.166163 0.183455 -0.010247
v -0.162635 0.148292 -0.148226
v -0.176395 0.165854 -0.148181
v -0.167965 0.148597 -0.145424
v -0.173218 0.170466 -0.152357
v 0.209687 0.148292 -0.066729
v 0.216521 0.165854 -0.078672
v 0.209924 0.148597 -0.072746
v 0.218560 0.170466 -0.073838
v -0.100243 0.151468 -0.196836
v -0.100464 0.149559 -0.196821
v -0.105183 0.151270 -0.191613
v -0.120348 0.151468 0.185237
v -0.120218 0.149559 0.185413
v -0.113353 0.151270 0.186902
vt 0.319340 0.201525
vt 0.319340 0.201525
vt 0.319340 0.201525
vt 0.319340 0.201525
vt 0.319340 0.201525
vt 0.319340 0.201525
vt 0.319340 0.201525
vt 0.319340 0.201525
vt 0.319340 0.201525
vt 0.319340 0.201525
vt 0.319340 0.201525
vt 0.319340 0.201525
vt 0.319340 0.201525
vt 0.319340 0.201525
vt 0.319340 0.201525
vt 0.319340 0.201525
vt 0.319340 0.201525
vt 0.319340 0.201525
vt 0.319340 0.201525
vt 0.319340 0.201525
vt 0.319340 0.201525
vt 0.319340 0.201525
vt 0.319340 0.201525
vt 0.319340 0.201525
vt 0.319340 0.201525
vt 0.319340 0.201525
vt 0.319340 0.201525
vt 0.319340 0.201525
vt 0.319340 0.201525
vt 0.319340 0.201525
vt 0.319340 0.201525
vt 0.319340 0.201525
vt 0.319340 0.201525
vt 0.319340 0.201525
vt 0.319340 0.201525
vt 0.319340 0.201525
vt 0.319340 0.201525
vt 0.319340 0.201525
vt 0.319340 0.201525
vt 0.319340 0.201525
vt 0.319340 0.201525
vt 0.319340 0.201525
vt 0.319340 0.201525
vt 0.319340 0.201525
vt 0.319340 0.201525
vt 0.319340 0.201525
vt 0.319340 0.201525
vt 0.319340 0.201525
vt 0.319340 0.201525
vt 0.319340 0.201525
vt 0.319340 0.201525
vt 0.319340 0.201525
vt 0.319340 0.201525
vt 0.319340 0.201525
vt 0.319340 0.201525
vt 0.319340 0.201525
vt 0.319340 0.201525
vt 0.319340 0.201525
vt 0.319340 0.201525
vt 0.319340 0.201525
vt 0.319340 0.201525
vt 0.319340 0.201525
vt 0.319340 0.201525
vt 0.319340 0.201525
vt 0.319340 0.201525
vt 0.319340 0.201525
vt 0.319340 0.201525
vt 0.319340 0.201525
vt 0.319340 0.201525
vt 0.319340 0.201525
vt 0.319340 0.201525
vt 0.319340 0.201525
vt 0.319340 0.201525
vt 0.319340 0.201525
vt 0.319340 0.201525
vt 0.319340 0.201525
vt 0.319340 0.201525
vt 0.319340 0.201525
vt 0.319340 0.201525
vt 0.319340 0.201525
vt 0.319340 0.201525
vt 0.319340 0.201525
vt 0.319340 0.201525
vt 0.319340 0.201525
vt 0.319340 0.201525
vt 0.319340 0.201525
vt 0.319340 0.201525
vt 0.319340 0.201525
vt 0.319340 0.201525
vt 0.319340 0.201525
vt 0.319340 0.201525
vt 0.319340 0.201525
vt 0.319340 0.201525
vt 0.319340 0.201525
vt 0.319340 0.201525
vt 0.319340 0.201525
vt 0.319340 0.201525
vt 0.319340 0.201525
vt 0.319340 0.201525
vt 0.319340 0.201525
vt 0.319340 0.201525
vt 0.319340 0.201525
vt 0.319340 0.201525
vt 0.319340 0.201525
vt 0.319340 0.201525
vt 0.319340 0.201525
vt 0.319340 0.201525
vt 0.319340 0.201525
vt 0.319340 0.201525
vt 0.319340 0.201525
vt 0.319340 0.201525
vt 0.319340 0.201525
vt 0.319340 0.201525
vt 0.319340 0.201525
vt 0.319340 0.201525
vt 0.319340 0.201525
vt 0.319340 0.201525
vt 0.319340 0.201525
vt 0.319340 0.201525
vt 0.319340 0.201525
vt 0.319340 0.201525
vt 0.319340 0.201525
vt 0.319340 0.201525
vt 0.319340 0.201525
vt 0.319340 0.201525
vt 0.319340 0.201525
vt 0.319340 0.201525
vt 0.319340 0.201525
vt 0.319340 0.201525
vt 0.319340 0.201525
vt 0.319340 0.201525
vt 0.319340 0.201525
vt 0.319340 0.201525
vt 0.319340 0.201525
vt 0.319340 0.201525
vt 0.319340 0.201525
vt 0.319340 0.201525
vt 0.319340 0.201525
vt 0.319340 0.201525
vt 0.319340 0.201525
vt 0.319340 0.201525
vt 0.319340 0.201525
vt 0.319340 0.201525
vt 0.319340 0.201525
vt 0.319340 0.201525
vt 0.319340 0.201525
vt 0.319340 0.201525
vt 0.319340 0.201525
vt 0.319340 0.201525
vt 0.319340 0.201525
vt 0.319340 0.201525
vt 0.319340 0.201525
vt 0.319340 0.201525
vt 0.319340 0.201525
vt 0.319340 0.201525
vt 0.319340 0.201525
vt 0.319340 0.201525
vt 0.319340 0.201525
vt 0.319340 0.201525
vt 0.319340 0.201525
vt 0.319340 0.201525
vt 0.319340 0.201525
vt 0.319340 0.201525
vt 0.319340 0.201525
vt 0.319340 0.201525
vt 0.319340 0.201525
vt 0.319340 0.201525
vt 0.319340 0.201525
vt 0.319340 0.201525
vt 0.319340 0.201525
vt 0.319340 0.201525
vt 0.319340 0.201525
vt 0.319340 0.201525
vt 0.319340 0.201525
vt 0.319340 0.201525
vt 0.319340 0.201525
vt 0.319340 0.201525
vt 0.319340 0.201525
vt 0.319340 0.201525
vt 0.319340 0.201525
vt 0.319340 0.201525
vt 0.319340 0.201525
vt 0.319340 0.201525
vt 0.319340 0.201525
vt 0.319340 0.201525
vt 0.319340 0.201525
vt 0.319340 0.201525
vt 0.319340 0.201525
vt 0.319340 0.201525
vt 0.319340 0.201525
vt 0.319340 0.201525
vt 0.319340 0.201525
vt 0.319340 0.201525
vt 0.319340 0.201525
vt 0.319340 0.201525
vt 0.319340 0.201525
vt 0.319340 0.201525
vt 0.319340 0.201525
vt 0.319340 0.201525
vt 0.319340 0.201525
vt 0.319340 0.201525
vt 0.319340 0.201525
vt 0.319340 0.201525
vt 0.319340 0.201525
vt 0.319340 0.201525
vt 0.319340 0.201525
vt 0.319340 0.201525
vt 0.319340 0.201525
vt 0.319340 0.201525
vt 0.319340 0.201525
vt 0.319340 0.201525
vt 0.319340 0.201525
vt 0.319340 0.201525
vt 0.319340 0.201525
vt 0.319340 0.201525
vt 0.319340 0.201525
vt 0.319340 0.201525
vt 0.319340 0.201525
vt 0.319340 0.201525
vt 0.319340 0.201525
vt 0.319340 0.201525
vt 0.319340 0.201525
vt 0.319340 0.201525
vt 0.319340 0.201525
vt 0.319340 0.201525
vt 0.319340 0.201525
vt 0.319340 0.201525
vt 0.319340 0.201525
vt 0.319340 0.201525
vt 0.319340 0.201525
vt 0.319340 0.201525
vt 0.319340 0.201525
vt 0.319340 0.201525
vt 0.319340 0.201525
vt 0.319340 0.201525
vt 0.319340 0.201525
vt 0.319340 0.201525
vt 0.319340 0.201525
vt 0.319340 0.201525
vt 0.319340 0.201525
vt 0.319340 0.201525
vt 0.319340 0.201525
vt 0.319340 0.201525
vt 0.319340 0.201525
vt 0.319340 0.201525
vt 0.319340 0.201525
vt 0.319340 0.201525
vt 0.319340 0.201525
vt 0.319340 0.201525
vt 0.319340 0.201525
vt 0.319340 0.201525
vt 0.319340 0.201525
vt 0.319340 0.201525
vt 0.319340 0.201525
vt 0.319340 0.201525
vt 0.319340 0.201525
vt 0.319340 0.201525
vt 0.319340 0.201525
vt 0.319340 0.201525
vt 0.319340 0.201525
vt 0.319340 0.201525
vt 0.319340 0.201525
vt 0.319340 0.201525
vt 0.319340 0.201525
vt 0.319340 0.201525
vt 0.319340 0.201525
vt 0.319340 0.201525
vt 0.319340 0.201525
vt 0.319340 0.201525
vt 0.319340 0.201525
vt 0.319340 0.201525
vt 0.319340 0.201525
vt 0.319340 0.201525
vt 0.319340 0.201525
vt 0.319340 0.201525
vt 0.319340 0.201525
vt 0.319340 0.201525
vt 0.319340 0.201525
vt 0.319340 0.201525
vt 0.319340 0.201525
vt 0.319340 0.201525
vt 0.319340 0.201525
vt 0.319340 0.201525
vt 0.319340 0.201525
vt 0.319340 0.201525
vt 0.319340 0.201525
vt 0.319340 0.201525
vt 0.319340 0.201525
vt 0.319340 0.201525
vt 0.319340 0.201525
vt 0.319340 0.201525
vt 0.319340 0.201525
vt 0.319340 0.201525
vt 0.319340 0.201525
vt 0.319340 0.201525
vt 0.319340 0.201525
vt 0.319340 0.201525
vt 0.319340 0.201525
vt 0.319340 0.201525
vt 0.319340 0.201525
vt 0.319340 0.201525
vt 0.319340 0.201525
vt 0.319340 0.201525
vt 0.319340 0.201525
vt 0.319340 0.201525
vt 0.319340 0.201525
vt 0.319340 0.201525
vt 0.319340 0.201525
vt 0.319340 0.201525
vt 0.319340 0.201525
vt 0.319340 0.201525
vt 0.319340 0.201525
vt 0.319340 0.201525
vt 0.319340 0.201525
vt 0.319340 0.201525
vt 0.319340 0.201525
vt 0.319340 0.201525
vt 0.319340 0.201525
vt 0.319340 0.201525
vt 0.319340 0.201525
vt 0.319340 0.201525
vt 0.319340 0.201525
vt 0.319340 0.201525
vt 0.319340 0.201525
vt 0.319340 0.201525
vt 0.319340 0.201525
vt 0.319340 0.201525
vt 0.319340 0.201525
vt 0.319340 0.201525
vt 0.319340 0.201525
vt 0.319340 0.201525
vt 0.319340 0.201525
vt 0.319340 0.201525
vt 0.319340 0.201525
vt 0.319340 0.201525
vt 0.319340 0.201525
vt 0.319340 0.201525
vt 0.319340 0.201525
vt 0.319340 0.201525
vt 0.319340 0.201525
vt 0.319340 0.201525
vt 0.319340 0.201525
vt 0.319340 0.201525
vt 0.319340 0.201525
vt 0.319340 0.201525
vt 0.319340 0.201525
vt 0.319340 0.201525
vt 0.319340 0.201525
vt 0.319340 0.201525
vt 0.319340 0.201525
vt 0.319340 0.201525
vt 0.319340 0.201525
vt 0.319340 0.201525
vt 0.319340 0.201525
vt 0.319340 0.201525
vt 0.319340 0.201525
vt 0.319340 0.201525
vt 0.319340 0.201525
vt 0.319340 0.201525
vt 0.319340 0.201525
vt 0.319340 0.201525
vt 0.319340 0.201525
vt 0.319340 0.201525
vt 0.319340 0.201525
vt 0.319340 0.201525
vt 0.319340 0.201525
vt 0.319340 0.201525
vt 0.319340 0.201525
vt 0.319340 0.201525
vt 0.319340 0.201525
vt 0.319340 0.201525
vt 0.319340 0.201525
vt 0.319340 0.201525
vt 0.319340 0.201525
vt 0.319340 0.201525
vt 0.319340 0.201525
vt 0.319340 0.201525
vt 0.319340 0.201525
vt 0.319340 0.201525
vt 0.319340 0.201525
vt 0.319340 0.201525
vt 0.319340 0.201525
vt 0.319340 0.201525
vt 0.319340 0.201525
vt 0.319340 0.201525
vt 0.319340 0.201525
vt 0.319340 0.201525
vt 0.319340 0.201525
vt 0.319340 0.201525
vt 0.319340 0.201525
vt 0.319340 0.201525
vt 0.319340 0.201525
vt 0.319340 0.201525
vt 0.319340 0.201525
vt 0.319340 0.201525
vt 0.319340 0.201525
vt 0.319340 0.201525
vt 0.319340 0.201525
vt 0.319340 0.201525
vt 0.319340 0.201525
vt 0.319340 0.201525
vt 0.319340 0.201525
vt 0.319340 0.201525
vt 0.319340 0.201525
vt 0.319340 0.201525
vt 0.319340 0.201525
vt 0.319340 0.201525
vt 0.319340 0.201525
vt 0.319340 0.201525
vt 0.319340 0.201525
vt 0.319340 0.201525
vt 0.319340 0.201525
vt 0.319340 0.201525
vt 0.319340 0.201525
vt 0.319340 0.201525
vt 0.319340 0.201525
vt 0.319340 0.201525
vt 0.319340 0.201525
vt 0.319340 0.201525
vt 0.319340 0.201525
vt 0.319340 0.201525
vt 0.319340 0.201525
vt 0.319340 0.201525
vt 0.319340 0.201525
vt 0.319340 0.201525
vt 0.319340 0.201525
vt 0.319340 0.201525
vt 0.319340 0.201525
vt 0.319340 0.201525
vt 0.319340 0.201525
vt 0.319340 0.201525
vt 0.319340 0.201525
vt 0.319340 0.201525
vt 0.319340 0.201525
vt 0.319340 0.201525
vt 0.319340 0.201525
vt 0.319340 0.201525
vt 0.319340 0.201525
vt 0.319340 0.201525
vt 0.319340 0.201525
vt 0.319340 0.201525
vt 0.319340 0.201525
vt 0.319340 0.201525
vt 0.319340 0.201525
vt 0.319340 0.201525
vt 0.319340 0.201525
vt 0.319340 0.201525
vt 0.319340 0.201525
vt 0.319340 0.201525
vt 0.319340 0.201525
vt 0.319340 0.201525
vt 0.319340 0.201525
vt 0.319340 0.201525
vt 0.319340 0.201525
vt 0.319340 0.201525
vt 0.319340 0.201525
vt 0.319340 0.201525
vt 0.319340 0.201525
vt 0.319340 0.201525
vt 0.319340 0.201525
vt 0.319340 0.201525
vt 0.319340 0.201525
vt 0.319340 0.201525
vt 0.319340 0.201525
vt 0.319340 0.201525
vt 0.319340 0.201525
vt 0.319340 0.201525
vt 0.319340 0.201525
vt 0.319340 0.201525
vt 0.319340 0.201525
vt 0.319340 0.201525
vt 0.319340 0.201525
vt 0.319340 0.201525
vt 0.319340 0.201525
vt 0.319340 0.201525
vt 0.319340 0.201525
vt 0.319340 0.201525
vt 0.319340 0.201525
vt 0.319340 0.201525
vt 0.319340 0.201525
vt 0.319340 0.201525
vt 0.319340 0.201525
vt 0.319340 0.201525
vt 0.319340 0.201525
vt 0.319340 0.201525
vt 0.319340 0.201525
vt 0.319340 0.201525
vt 0.319340 0.201525
vt 0.319340 0.201525
vt 0.319340 0.201525
vt 0.319340 0.201525
vt 0.319340 0.201525
vt 0.319340 0.201525
vt 0.319340 0.201525
vt 0.319340 0.201525
vt 0.319340 0.201525
vt 0.319340 0.201525
vt 0.319340 0.201525
vt 0.319340 0.201525
vt 0.319340 0.201525
vt 0.319340 0.201525
vt 0.319340 0.201525
vt 0.319340 0.201525
vt 0.319340 0.201525
vt 0.319340 0.201525
vt 0.319340 0.201525
vt 0.319340 0.201525
vt 0.319340 0.201525
vt 0.319340 0.201525
vt 0.319340 0.201525
vt 0.319340 0.201525
vt 0.319340 0.201525
vt 0.319340 0.201525
vt 0.319340 0.201525
vt 0.319340 0.201525
vt 0.319340 0.201525
vt 0.319340 0.201525
vt 0.319340 0.201525
vt 0.319340 0.201525
vt 0.319340 0.201525
vt 0.319340 0.201525
vt 0.319340 0.201525
vt 0.319340 0.201525
vt 0.319340 0.201525
vt 0.319340 0.201525
vt 0.319340 0.201525
vt 0.319340 0.201525
vt 0.319340 0.201525
vt 0.319340 0.201525
vt 0.319340 0.201525
vt 0.319340 0.201525
vt 0.319340 0.201525
vt 0.319340 0.201525
vt 0.319340 0.201525
vt 0.319340 0.201525
vt 0.319340 0.201525
vt 0.319340 0.201525
vt 0.319340 0.201525
vt 0.319340 0.201525
vt 0.319340 0.201525
vt 0.319340 0.201525
vt 0.319340 0.201525
vt 0.319340 0.201525
vt 0.319340 0.201525
vt 0.319340 0.201525
vt 0.319340 0.201525
vt 0.319340 0.201525
vt 0.319340 0.201525
vt 0.319340 0.201525
vt 0.319340 0.201525
vt 0.319340 0.201525
vt 0.319340 0.201525
vt 0.319340 0.201525
vt 0.319340 0.201525
vt 0.319340 0.201525
vt 0.319340 0.201525
vt 0.319340 0.201525
vt 0.319340 0.201525
vt 0.319340 0.201525
vt 0.319340 0.201525
vt 0.319340 0.201525
vt 0.319340 0.201525
vt 0.319340 0.201525
vt 0.319340 0.201525
vt 0.319340 0.201525
vt 0.319340 0.201525
vt 0.319340 0.201525
vt 0.319340 0.201525
vt 0.319340 0.201525
vt 0.319340 0.201525
vt 0.319340 0.201525
vt 0.319340 0.201525
vt 0.319340 0.201525
vt 0.319340 0.201525
vt 0.319340 0.201525
vt 0.319340 0.201525
vt 0.319340 0.201525
vt 0.319340 0.201525
vt 0.319340 0.201525
vt 0.319340 0.201525
vt 0.319340 0.201525
vt 0.319340 0.201525
vt 0.319340 0.201525
vt 0.319340 0.201525
vt 0.319340 0.201525
vt 0.319340 0.201525
vt 0.319340 0.201525
vt 0.319340 0.201525
vt 0.319340 0.201525
vt 0.319340 0.201525
vt 0.319340 0.201525
vt 0.319340 0.201525
vt 0.319340 0.201525
vt 0.319340 0.201525
vt 0.319340 0.201525
vt 0.319340 0.201525
vt 0.319340 0.201525
vt 0.319340 0.201525
vt 0.319340 0.201525
vt 0.319340 0.201525
vt 0.319340 0.201525
vt 0.319340 0.201525
vt 0.319340 0.201525
vt 0.319340 0.201525
vt 0.319340 0.201525
vt 0.319340 0.201525
vt 0.319340 0.201525
vt 0.319340 0.201525
vt 0.319340 0.201525
vt 0.319340 0.201525
vt 0.319340 0.201525
vt 0.319340 0.201525
vt 0.319340 0.201525
vt 0.319340 0.201525
vt 0.319340 0.201525
vt 0.319340 0.201525
vt 0.319340 0.201525
vt 0.319340 0.201525
vt 0.319340 0.201525
vt 0.319340 0.201525
vt 0.319340 0.201525
vt 0.319340 0.201525
vt 0.319340 0.201525
vt 0.319340 0.201525
vt 0.319340 0.201525
vt 0.319340 0.201525
vt 0.319340 0.201525
vt 0.319340 0.201525
vt 0.319340 0.201525
vt 0.319340 0.201525
vt 0.319340 0.201525
vt 0.319340 0.201525
vt 0.319340 0.201525
vt 0.319340 0.201525
vt 0.319340 0.201525
vt 0.319340 0.201525
vt 0.319340 0.201525
vt 0.319340 0.201525
vt 0.319340 0.201525
vt 0.319340 0.201525
vt 0.319340 0.201525
vt 0.319340 0.201525
vt 0.319340 0.201525
vt 0.319340 0.201525
vt 0.319340 0.201525
vt 0.319340 0.201525
vt 0.319340 0.201525
vt 0.319340 0.201525
vt 0.319340 0.201525
vt 0.319340 0.201525
vt 0.319340 0.201525
vt 0.319340 0.201525
vt 0.319340 0.201525
vt 0.319340 0.201525
vt 0.319340 0.201525
vt 0.319340 0.201525
vt 0.319340 0.201525
vt 0.319340 0.201525
vt 0.319340 0.201525
vt 0.319340 0.201525
vt 0.319340 0.201525
vt 0.319340 0.201525
vt 0.319340 0.201525
vt 0.319340 0.201525
vt 0.319340 0.201525
vt 0.319340 0.201525
vt 0.319340 0.201525
vt 0.319340 0.201525
vt 0.319340 0.201525
vt 0.319340 0.201525
vt 0.319340 0.201525
vt 0.319340 0.201525
vt 0.319340 0.201525
vt 0.319340 0.201525
vt 0.319340 0.201525
vt 0.319340 0.201525
vt 0.319340 0.201525
vt 0.319340 0.201525
vt 0.319340 0.201525
vt 0.319340 0.201525
vt 0.319340 0.201525
vt 0.319340 0.201525
vt 0.319340 0.201525
vt 0.319340 0.201525
vt 0.319340 0.201525
vt 0.319340 0.201525
vt 0.319340 0.201525
vt 0.319340 0.201525
vt 0.319340 0.201525
vt 0.319340 0.201525
vt 0.319340 0.201525
vt 0.319340 0.201525
vt 0.319340 0.201525
vt 0.319340 0.201525
vt 0.319340 0.201525
vt 0.319340 0.201525
vt 0.319340 0.201525
vt 0.319340 0.201525
vt 0.319340 0.201525
vt 0.319340 0.201525
vt 0.319340 0.201525
vt 0.319340 0.201525
vt 0.319340 0.201525
vt 0.319340 0.201525
vt 0.319340 0.201525
vt 0.319340 0.201525
vt 0.319340 0.201525
vt 0.319340 0.201525
vt 0.319340 0.201525
vt 0.319340 0.201525
vt 0.319340 0.201525
vt 0.319340 0.201525
vt 0.319340 0.201525
vt 0.319340 0.201525
vt 0.319340 0.201525
vt 0.319340 0.201525
vt 0.319340 0.201525
vt 0.319340 0.201525
vt 0.319340 0.201525
vt 0.319340 0.201525
vt 0.319340 0.201525
vt 0.319340 0.201525
vt 0.319340 0.201525
vt 0.319340 0.201525
vt 0.319340 0.201525
vt 0.319340 0.201525
vt 0.319340 0.201525
vt 0.319340 0.201525
vt 0.319340 0.201525
vt 0.319340 0.201525
vt 0.319340 0.201525
vt 0.319340 0.201525
vt 0.319340 0.201525
vt 0.319340 0.201525
vt 0.319340 0.201525
vt 0.319340 0.201525
vt 0.319340 0.201525
vt 0.319340 0.201525
vt 0.319340 0.201525
vt 0.319340 0.201525
vt 0.319340 0.201525
vt 0.319340 0.201525
vt 0.319340 0.201525
vt 0.319340 0.201525
vt 0.319340 0.201525
vt 0.319340 0.201525
vt 0.319340 0.201525
vt 0.319340 0.201525
vt 0.319340 0.201525
vt 0.319340 0.201525
vt 0.319340 0.201525
vt 0.319340 0.201525
vt 0.319340 0.201525
vt 0.319340 0.201525
vt 0.319340 0.201525
vt 0.319340 0.201525
vt 0.319340 0.201525
vt 0.319340 0.201525
vt 0.319340 0.201525
vt 0.319340 0.201525
vt 0.319340 0.201525
vt 0.319340 0.201525
vt 0.319340 0.201525
vt 0.319340 0.201525
vt 0.319340 0.201525
vt 0.319340 0.201525
vt 0.319340 0.201525
vt 0.319340 0.201525
vt 0.319340 0.201525
vt 0.319340 0.201525
vt 0.319340 0.201525
vt 0.319340 0.201525
vt 0.319340 0.201525
vt 0.319340 0.201525
vt 0.319340 0.201525
vt 0.319340 0.201525
vt 0.319340 0.201525
vt 0.319340 0.201525
vt 0.319340 0.201525
vt 0.319340 0.201525
vt 0.319340 0.201525
vt 0.319340 0.201525
vt 0.319340 0.201525
vt 0.319340 0.201525
vt 0.319340 0.201525
vt 0.319340 0.201525
vt 0.319340 0.201525
vt 0.319340 0.201525
vt 0.319340 0.201525
vt 0.319340 0.201525
vt 0.319340 0.201525
vt 0.319340 0.201525
vt 0.319340 0.201525
vt 0.319340 0.201525
vt 0.319340 0.201525
vt 0.319340 0.201525
vt 0.319340 0.201525
vt 0.319340 0.201525
vt 0.319340 0.201525
vt 0.319340 0.201525
vt 0.319340 0.201525
vt 0.319340 0.201525
vt 0.319340 0.201525
vt 0.319340 0.201525
vt 0.319340 0.201525
vt 0.319340 0.201525
vt 0.319340 0.201525
vt 0.319340 0.201525
vt 0.319340 0.201525
vt 0.319340 0.201525
vt 0.319340 0.201525
vt 0.319340 0.201525
vt 0.319340 0.201525
vt 0.319340 0.201525
vt 0.319340 0.201525
vt 0.319340 0.201525
vt 0.319340 0.201525
vt 0.319340 0.201525
vt 0.319340 0.201525
vt 0.319340 0.201525
vt 0.319340 0.201525
vt 0.319340 0.201525
vt 0.319340 0.201525
vt 0.319340 0.201525
vt 0.319340 0.201525
vt 0.319340 0.201525
vt 0.319340 0.201525
vt 0.319340 0.201525
vt 0.319340 0.201525
vt 0.319340 0.201525
vt 0.319340 0.201525
vt 0.319340 0.201525
vt 0.319340 0.201525
vt 0.319340 0.201525
vt 0.319340 0.201525
vt 0.319340 0.201525
vt 0.319340 0.201525
vt 0.319340 0.201525
vt 0.319340 0.201525
vt 0.319340 0.201525
vt 0.319340 0.201525
vt 0.319340 0.201525
vt 0.319340 0.201525
vt 0.319340 0.201525
vt 0.319340 0.201525
vt 0.319340 0.201525
vt 0.319340 0.201525
vt 0.319340 0.201525
vt 0.319340 0.201525
vt 0.319340 0.201525
vt 0.319340 0.201525
vt 0.319340 0.201525
vt 0.319340 0.201525
vt 0.319340 0.201525
vt 0.319340 0.201525
vt 0.319340 0.201525
vt 0.319340 0.201525
vt 0.319340 0.201525
vt 0.319340 0.201525
vt 0.319340 0.201525
vt 0.319340 0.201525
vt 0.319340 0.201525
vt 0.319340 0.201525
vt 0.319340 0.201525
vt 0.319340 0.201525
vt 0.319340 0.201525
vt 0.319340 0.201525
vt 0.319340 0.201525
vt 0.319340 0.201525
vt 0.319340 0.201525
vt 0.319340 0.201525
vt 0.319340 0.201525
vt 0.319340 0.201525
vt 0.319340 0.201525
vt 0.319340 0.201525
vt 0.319340 0.201525
vt 0.319340 0.201525
vt 0.319340 0.201525
vt 0.319340 0.201525
vt 0.319340 0.201525
vt 0.319340 0.201525
vt 0.319340 0.201525
vt 0.319340 0.201525
vt 0.319340 0.201525
vt 0.319340 0.201525
vt 0.319340 0.201525
vt 0.319340 0.201525
vt 0.319340 0.201525
vt 0.319340 0.201525
vt 0.319340 0.201525
vt 0.319340 0.201525
vt 0.319340 0.201525
vt 0.319340 0.201525
vt 0.319340 0.201525
vt 0.319340 0.201525
vt 0.319340 0.201525
vt 0.319340 0.201525
vt 0.319340 0.201525
vt 0.319340 0.201525
vt 0.319340 0.201525
vt 0.319340 0.201525
vt 0.319340 0.201525
vt 0.319340 0.201525
vt 0.319340 0.201525
vt 0.319340 0.201525
vt 0.319340 0.201525
vt 0.319340 0.201525
vt 0.319340 0.201525
vt 0.319340 0.201525
vt 0.319340 0.201525
vt 0.319340 0.201525
vt 0.319340 0.201525
vt 0.319340 0.201525
vt 0.319340 0.201525
vt 0.319340 0.201525
vt 0.319340 0.201525
vt 0.319340 0.201525
vt 0.319340 0.201525
vt 0.319340 0.201525
vt 0.319340 0.201525
vt 0.319340 0.201525
vt 0.319340 0.201525
vt 0.319340 0.201525
vt 0.319340 0.201525
vt 0.319340 0.201525
vt 0.319340 0.201525
vt 0.319340 0.201525
vt 0.319340 0.201525
vt 0.319340 0.201525
vt 0.319340 0.201525
vt 0.319340 0.201525
vt 0.319340 0.201525
vt 0.319340 0.201525
vt 0.319340 0.201525
vt 0.319340 0.201525
vt 0.319340 0.201525
vt 0.319340 0.201525
vt 0.319340 0.201525
vt 0.319340 0.201525
vt 0.319340 0.201525
vt 0.319340 0.201525
vt 0.319340 0.201525
vt 0.319340 0.201525
vt 0.319340 0.201525
vt 0.319340 0.201525
vt 0.319340 0.201525
vt 0.319340 0.201525
vt 0.319340 0.201525
vt 0.319340 0.201525
vt 0.319340 0.201525
vt 0.319340 0.201525
vt 0.319340 0.201525
vt 0.319340 0.201525
vt 0.319340 0.201525
vt 0.319340 0.201525
vt 0.319340 0.201525
vt 0.319340 0.201525
vt 0.319340 0.201525
vt 0.319340 0.201525
vt 0.319340 0.201525
vt 0.319340 0.201525
vt 0.319340 0.201525
vt 0.319340 0.201525
vt 0.319340 0.201525
vt 0.319340 0.201525
vt 0.319340 0.201525
vt 0.319340 0.201525
vt 0.319340 0.201525
vt 0.319340 0.201525
vt 0.319340 0.201525
vt 0.319340 0.201525
vt 0.319340 0.201525
vt 0.319340 0.201525
vt 0.319340 0.201525
vt 0.319340 0.201525
vt 0.319340 0.201525
vt 0.319340 0.201525
vt 0.319340 0.201525
vt 0.319340 0.201525
vt 0.319340 0.201525
vt 0.319340 0.201525
vt 0.319340 0.201525
vt 0.319340 0.201525
vt 0.319340 0.201525
vt 0.319340 0.201525
vt 0.319340 0.201525
vt 0.319340 0.201525
vt 0.319340 0.201525
vt 0.319340 0.201525
vt 0.319340 0.201525
vt 0.319340 0.201525
vt 0.319340 0.201525
vt 0.319340 0.201525
vt 0.319340 0.201525
vt 0.319340 0.201525
vt 0.319340 0.201525
vt 0.319340 0.201525
vt 0.319340 0.201525
vt 0.319340 0.201525
vt 0.319340 0.201525
vt 0.319340 0.201525
vt 0.319340 0.201525
vt 0.319340 0.201525
vt 0.319340 0.201525
vt 0.319340 0.201525
vt 0.319340 0.201525
vt 0.319340 0.201525
vt 0.319340 0.201525
vt 0.319340 0.201525
vt 0.319340 0.201525
vt 0.319340 0.201525
vt 0.319340 0.201525
vt 0.319340 0.201525
vt 0.319340 0.201525
vt 0.319340 0.201525
vt 0.319340 0.201525
vt 0.319340 0.201525
vt 0.319340 0.201525
vt 0.319340 0.201525
vt 0.319340 0.201525
vt 0.319340 0.201525
vt 0.319340 0.201525
vt 0.319340 0.201525
vt 0.319340 0.201525
vt 0.319340 0.201525
vt 0.319340 0.201525
vt 0.319340 0.201525
vt 0.319340 0.201525
vt 0.319340 0.201525
vt 0.319340 0.201525
vt 0.319340 0.201525
vt 0.319340 0.201525
vt 0.319340 0.201525
vt 0.319340 0.201525
vt 0.319340 0.201525
vt 0.319340 0.201525
vt 0.319340 0.201525
vt 0.319340 0.201525
vt 0.319340 0.201525
vt 0.319340 0.201525
vt 0.319340 0.201525
vt 0.319340 0.201525
vt 0.319340 0.201525
vt 0.319340 0.201525
vt 0.319340 0.201525
vt 0.319340 0.201525
vt 0.319340 0.201525
vt 0.319340 0.201525
vt 0.319340 0.201525
vt 0.319340 0.201525
vt 0.319340 0.201525
vt 0.319340 0.201525
vt 0.319340 0.201525
vt 0.319340 0.201525
vt 0.319340 0.201525
vt 0.319340 0.201525
vt 0.319340 0.201525
vt 0.319340 0.201525
vt 0.319340 0.201525
vt 0.319340 0.201525
vt 0.319340 0.201525
vt 0.319340 0.201525
vt 0.319340 0.201525
vt 0.319340 0.201525
vt 0.319340 0.201525
vt 0.319340 0.201525
vt 0.319340 0.201525
vt 0.319340 0.201525
vt 0.319340 0.201525
vt 0.319340 0.201525
vt 0.319340 0.201525
vt 0.319340 0.201525
vt 0.319340 0.201525
vt 0.319340 0.201525
vt 0.319340 0.201525
vt 0.319340 0.201525
vt 0.319340 0.201525
vt 0.319340 0.201525
vt 0.319340 0.201525
vt 0.319340 0.201525
vt 0.319340 0.201525
vt 0.319340 0.201525
vt 0.319340 0.201525
vt 0.319340 0.201525
vt 0.319340 0.201525
vt 0.319340 0.201525
vt 0.319340 0.201525
vt 0.319340 0.201525
vt 0.319340 0.201525
vt 0.319340 0.201525
vt 0.319340 0.201525
vt 0.319340 0.201525
vt 0.319340 0.201525
vt 0.319340 0.201525
vt 0.319340 0.201525
vt 0.319340 0.201525
vt 0.319340 0.201525
vt 0.319340 0.201525
vt 0.319340 0.201525
vt 0.319340 0.201525
vt 0.319340 0.201525
vt 0.319340 0.201525
vt 0.319340 0.201525
vt 0.319340 0.201525
vt 0.319340 0.201525
vt 0.319340 0.201525
vt 0.319340 0.201525
vt 0.319340 0.201525
vt 0.319340 0.201525
vt 0.319340 0.201525
vt 0.319340 0.201525
vt 0.319340 0.201525
vt 0.319340 0.201525
vt 0.319340 0.201525
vt 0.319340 0.201525
vt 0.319340 0.201525
vt 0.319340 0.201525
vt 0.319340 0.201525
vt 0.319340 0.201525
vt 0.319340 0.201525
vt 0.319340 0.201525
vt 0.319340 0.201525
vt 0.319340 0.201525
vt 0.319340 0.201525
vt 0.319340 0.201525
vt 0.319340 0.201525
vt 0.319340 0.201525
vt 0.319340 0.201525
vt 0.319340 0.201525
vt 0.319340 0.201525
vt 0.319340 0.201525
vt 0.319340 0.201525
vt 0.319340 0.201525
vt 0.319340 0.201525
vt 0.319340 0.201525
vt 0.319340 0.201525
vt 0.319340 0.201525
vt 0.319340 0.201525
vt 0.319340 0.201525
vt 0.319340 0.201525
vt 0.319340 0.201525
vt 0.319340 0.201525
vt 0.319340 0.201525
vt 0.319340 0.201525
vt 0.319340 0.201525
vt 0.319340 0.201525
vt 0.319340 0.201525
vt 0.319340 0.201525
vt 0.319340 0.201525
vt 0.319340 0.201525
vt 0.319340 0.201525
vt 0.319340 0.201525
vt 0.319340 0.201525
vt 0.319340 0.201525
vt 0.319340 0.201525
vt 0.319340 0.201525
vt 0.319340 0.201525
vt 0.319340 0.201525
vt 0.319340 0.201525
vt 0.319340 0.201525
vt 0.319340 0.201525
vt 0.319340 0.201525
vt 0.319340 0.201525
vt 0.319340 0.201525
vt 0.319340 0.201525
vt 0.319340 0.201525
vt 0.319340 0.201525
vt 0.319340 0.201525
vt 0.319340 0.201525
vt 0.319340 0.201525
vt 0.319340 0.201525
vt 0.319340 0.201525
vt 0.319340 0.201525
vt 0.319340 0.201525
vt 0.319340 0.201525
vt 0.319340 0.201525
vt 0.319340 0.201525
vt 0.319340 0.201525
vt 0.319340 0.201525
vt 0.319340 0.201525
vt 0.319340 0.201525
vt 0.319340 0.201525
vt 0.319340 0.201525
vt 0.319340 0.201525
vt 0.319340 0.201525
vt 0.319340 0.201525
vt 0.319340 0.201525
vt 0.319340 0.201525
vt 0.319340 0.201525
vt 0.319340 0.201525
vt 0.319340 0.201525
vt 0.319340 0.201525
vt 0.319340 0.201525
vt 0.319340 0.201525
vt 0.319340 0.201525
vt 0.319340 0.201525
vt 0.319340 0.201525
vt 0.319340 0.201525
vt 0.319340 0.201525
vt 0.319340 0.201525
vt 0.319340 0.201525
vt 0.319340 0.201525
vt 0.319340 0.201525
vt 0.319340 0.201525
vt 0.319340 0.201525
vt 0.319340 0.201525
vt 0.319340 0.201525
vt 0.319340 0.201525
vt 0.319340 0.201525
vt 0.319340 0.201525
vt 0.319340 0.201525
vt 0.319340 0.201525
vt 0.319340 0.201525
vt 0.319340 0.201525
vt 0.319340 0.201525
vt 0.319340 0.201525
vt 0.319340 0.201525
vt 0.319340 0.201525
vt 0.319340 0.201525
vt 0.319340 0.201525
vt 0.319340 0.201525
vt 0.319340 0.201525
vt 0.319340 0.201525
vt 0.319340 0.201525
vt 0.319340 0.201525
vt 0.319340 0.201525
vt 0.319340 0.201525
vt 0.319340 0.201525
vt 0.319340 0.201525
vt 0.319340 0.201525
vt 0.319340 0.201525
vt 0.319340 0.201525
vt 0.319340 0.201525
vt 0.319340 0.201525
vt 0.319340 0.201525
vt 0.319340 0.201525
vt 0.319340 0.201525
vt 0.319340 0.201525
vt 0.319340 0.201525
vt 0.319340 0.201525
vt 0.319340 0.201525
vt 0.319340 0.201525
vt 0.319340 0.201525
vt 0.319340 0.201525
vt 0.319340 0.201525
vt 0.319340 0.201525
vt 0.319340 0.201525
vt 0.319340 0.201525
vt 0.319340 0.201525
vt 0.319340 0.201525
vt 0.319340 0.201525
vt 0.319340 0.201525
vt 0.319340 0.201525
vt 0.319340 0.201525
vt 0.319340 0.201525
vt 0.319340 0.201525
vt 0.319340 0.201525
vt 0.319340 0.201525
vt 0.319340 0.201525
vt 0.319340 0.201525
vt 0.319340 0.201525
vt 0.319340 0.201525
vt 0.319340 0.201525
vt 0.319340 0.201525
vt 0.319340 0.201525
vt 0.319340 0.201525
vt 0.319340 0.201525
vt 0.319340 0.201525
vt 0.319340 0.201525
vt 0.319340 0.201525
vt 0.319340 0.201525
vt 0.319340 0.201525
vt 0.319340 0.201525
vt 0.319340 0.201525
vt 0.319340 0.201525
vt 0.319340 0.201525
vt 0.319340 0.201525
vt 0.319340 0.201525
vt 0.319340 0.201525
vt 0.319340 0.201525
vt 0.319340 0.201525
vt 0.319340 0.201525
vt 0.319340 0.201525
vt 0.319340 0.201525
vt 0.319340 0.201525
vt 0.319340 0.201525
vt 0.319340 0.201525
vt 0.319340 0.201525
vt 0.319340 0.201525
vt 0.319340 0.201525
vt 0.319340 0.201525
vt 0.319340 0.201525
vt 0.319340 0.201525
vt 0.319340 0.201525
vt 0.319340 0.201525
vt 0.319340 0.201525
vt 0.319340 0.201525
vt 0.319340 0.201525
vt 0.319340 0.201525
vt 0.319340 0.201525
vt 0.319340 0.201525
vt 0.319340 0.201525
vt 0.319340 0.201525
vt 0.319340 0.201525
vt 0.319340 0.201525
vt 0.319340 0.201525
vt 0.319340 0.201525
vt 0.319340 0.201525
vt 0.319340 0.201525
vt 0.319340 0.201525
vt 0.319340 0.201525
vt 0.319340 0.201525
vt 0.319340 0.201525
vt 0.319340 0.201525
vt 0.319340 0.201525
vt 0.319340 0.201525
vt 0.319340 0.201525
vt 0.319340 0.201525
vt 0.319340 0.201525
vt 0.319340 0.201525
vt 0.319340 0.201525
vt 0.319340 0.201525
vt 0.319340 0.201525
vt 0.319340 0.201525
vt 0.319340 0.201525
vt 0.319340 0.201525
vt 0.319340 0.201525
vt 0.319340 0.201525
vt 0.319340 0.201525
vt 0.319340 0.201525
vt 0.319340 0.201525
vt 0.319340 0.201525
vt 0.319340 0.201525
vt 0.319340 0.201525
vt 0.319340 0.201525
vt 0.319340 0.201525
vt 0.319340 0.201525
vt 0.319340 0.201525
vt 0.319340 0.201525
vt 0.319340 0.201525
vt 0.319340 0.201525
vt 0.319340 0.201525
vt 0.319340 0.201525
vt 0.319340 0.201525
vt 0.319340 0.201525
vt 0.319340 0.201525
vt 0.319340 0.201525
vt 0.319340 0.201525
vt 0.319340 0.201525
vt 0.319340 0.201525
vt 0.319340 0.201525
vt 0.319340 0.201525
vt 0.319340 0.201525
vt 0.319340 0.201525
vt 0.319340 0.201525
vt 0.319340 0.201525
vt 0.319340 0.201525
vt 0.319340 0.201525
vt 0.319340 0.201525
vt 0.319340 0.201525
vt 0.319340 0.201525
vt 0.319340 0.201525
vt 0.319340 0.201525
vt 0.319340 0.201525
vt 0.319340 0.201525
vt 0.319340 0.201525
vt 0.319340 0.201525
vt 0.319340 0.201525
vt 0.319340 0.201525
vt 0.319340 0.201525
vt 0.319340 0.201525
vt 0.319340 0.201525
vt 0.319340 0.201525
vt 0.319340 0.201525
vt 0.319340 0.201525
vt 0.319340 0.201525
vt 0.319340 0.201525
vt 0.319340 0.201525
vt 0.319340 0.201525
vt 0.319340 0.201525
vt 0.319340 0.201525
vt 0.319340 0.201525
vt 0.319340 0.201525
vt 0.319340 0.201525
vt 0.319340 0.201525
vt 0.319340 0.201525
vt 0.319340 0.201525
vt 0.319340 0.201525
vt 0.319340 0.201525
vt 0.319340 0.201525
vt 0.319340 0.201525
vt 0.319340 0.201525
vt 0.319340 0.201525
vt 0.319340 0.201525
vt 0.319340 0.201525
vt 0.319340 0.201525
vt 0.319340 0.201525
vt 0.319340 0.201525
vt 0.319340 0.201525
vt 0.319340 0.201525
vt 0.319340 0.201525
vt 0.319340 0.201525
vt 0.319340 0.201525
vt 0.319340 0.201525
vt 0.319340 0.201525
vt 0.319340 0.201525
vt 0.319340 0.201525
vt 0.319340 0.201525
vt 0.319340 0.201525
vt 0.319340 0.201525
vt 0.319340 0.201525
vt 0.319340 0.201525
vt 0.319340 0.201525
vt 0.319340 0.201525
vt 0.319340 0.201525
vt 0.319340 0.201525
vt 0.319340 0.201525
vt 0.319340 0.201525
vt 0.319340 0.201525
vt 0.319340 0.201525
vt 0.319340 0.201525
vt 0.319340 0.201525
vt 0.319340 0.201525
vt 0.319340 0.201525
vt 0.319340 0.201525
vt 0.319340 0.201525
vt 0.319340 0.201525
vt 0.319340 0.201525
vt 0.319340 0.201525
vt 0.319340 0.201525
vt 0.319340 0.201525
vt 0.319340 0.201525
vt 0.319340 0.201525
vt 0.319340 0.201525
vt 0.319340 0.201525
vt 0.319340 0.201525
vt 0.319340 0.201525
vt 0.319340 0.201525
vt 0.319340 0.201525
vt 0.319340 0.201525
vt 0.319340 0.201525
vt 0.319340 0.201525
vt 0.319340 0.201525
vt 0.319340 0.201525
vt 0.319340 0.201525
vt 0.319340 0.201525
vt 0.319340 0.201525
vt 0.319340 0.201525
vt 0.319340 0.201525
vt 0.319340 0.201525
vt 0.319340 0.201525
vt 0.319340 0.201525
vt 0.319340 0.201525
vt 0.319340 0.201525
vt 0.319340 0.201525
vt 0.319340 0.201525
vt 0.319340 0.201525
vt 0.319340 0.201525
vt 0.319340 0.201525
vt 0.319340 0.201525
vt 0.319340 0.201525
vt 0.319340 0.201525
vt 0.319340 0.201525
vt 0.319340 0.201525
vt 0.319340 0.201525
vt 0.319340 0.201525
vt 0.319340 0.201525
vt 0.319340 0.201525
vt 0.319340 0.201525
vt 0.319340 0.201525
vt 0.319340 0.201525
vt 0.319340 0.201525
vt 0.319340 0.201525
vt 0.319340 0.201525
vt 0.319340 0.201525
vt 0.319340 0.201525
vt 0.319340 0.201525
vt 0.319340 0.201525
vt 0.319340 0.201525
vt 0.319340 0.201525
vt 0.319340 0.201525
vt 0.319340 0.201525
vt 0.319340 0.201525
vt 0.319340 0.201525
vt 0.319340 0.201525
vt 0.319340 0.201525
vt 0.319340 0.201525
vt 0.319340 0.201525
vt 0.319340 0.201525
vt 0.319340 0.201525
vt 0.319340 0.201525
vt 0.319340 0.201525
vt 0.319340 0.201525
vt 0.319340 0.201525
vt 0.319340 0.201525
vt 0.319340 0.201525
vt 0.319340 0.201525
vt 0.319340 0.201525
vt 0.319340 0.201525
vt 0.319340 0.201525
vt 0.319340 0.201525
vt 0.319340 0.201525
vt 0.319340 0.201525
vt 0.319340 0.201525
vt 0.319340 0.201525
vt 0.319340 0.201525
vt 0.319340 0.201525
vt 0.319340 0.201525
vt 0.319340 0.201525
vt 0.319340 0.201525
vt 0.319340 0.201525
vt 0.319340 0.201525
vt 0.319340 0.201525
vt 0.319340 0.201525
vt 0.319340 0.201525
vt 0.319340 0.201525
vt 0.319340 0.201525
vt 0.319340 0.201525
vt 0.319340 0.201525
vt 0.319340 0.201525
vt 0.319340 0.201525
vt 0.319340 0.201525
vt 0.319340 0.201525
vt 0.319340 0.201525
vt 0.319340 0.201525
vt 0.319340 0.201525
vt 0.319340 0.201525
vt 0.319340 0.201525
vt 0.319340 0.201525
vt 0.319340 0.201525
vt 0.319340 0.201525
vt 0.319340 0.201525
vt 0.319340 0.201525
vt 0.319340 0.201525
vt 0.319340 0.201525
vt 0.319340 0.201525
vt 0.319340 0.201525
vt 0.319340 0.201525
vt 0.319340 0.201525
vt 0.319340 0.201525
vt 0.319340 0.201525
vt 0.319340 0.201525
vt 0.319340 0.201525
vt 0.319340 0.201525
vt 0.319340 0.201525
vt 0.319340 0.201525
vt 0.319340 0.201525
vt 0.319340 0.201525
vt 0.319340 0.201525
vt 0.319340 0.201525
vt 0.319340 0.201525
vt 0.319340 0.201525
vt 0.319340 0.201525
vt 0.319340 0.201525
vt 0.319340 0.201525
vt 0.319340 0.201525
vt 0.319340 0.201525
vt 0.319340 0.201525
vt 0.319340 0.201525
vt 0.319340 0.201525
vt 0.319340 0.201525
vt 0.319340 0.201525
vt 0.319340 0.201525
vt 0.319340 0.201525
vt 0.319340 0.201525
vt 0.319340 0.201525
vt 0.319340 0.201525
vt 0.319340 0.201525
vt 0.319340 0.201525
vt 0.319340 0.201525
vt 0.319340 0.201525
vt 0.319340 0.201525
vt 0.319340 0.201525
vt 0.319340 0.201525
vt 0.319340 0.201525
vt 0.319340 0.201525
vt 0.319340 0.201525
vt 0.319340 0.201525
vt 0.319340 0.201525
vt 0.319340 0.201525
vt 0.319340 0.201525
vt 0.319340 0.201525
vt 0.319340 0.201525
vt 0.319340 0.201525
vt 0.319340 0.201525
vt 0.319340 0.201525
vt 0.319340 0.201525
vt 0.319340 0.201525
vt 0.319340 0.201525
vt 0.319340 0.201525
vt 0.319340 0.201525
vt 0.319340 0.201525
vt 0.319340 0.201525
vt 0.319340 0.201525
vt 0.319340 0.201525
vt 0.319340 0.201525
vt 0.319340 0.201525
vt 0.319340 0.201525
vt 0.319340 0.201525
vt 0.319340 0.201525
vt 0.319340 0.201525
vt 0.319340 0.201525
vt 0.319340 0.201525
vt 0.319340 0.201525
vt 0.319340 0.201525
vt 0.319340 0.201525
vt 0.319340 0.201525
vt 0.319340 0.201525
vt 0.319340 0.201525
vt 0.319340 0.201525
vt 0.319340 0.201525
vt 0.319340 0.201525
vt 0.319340 0.201525
vt 0.319340 0.201525
vt 0.319340 0.201525
vt 0.319340 0.201525
vt 0.319340 0.201525
vt 0.319340 0.201525
vt 0.319340 0.201525
vt 0.319340 0.201525
vt 0.319340 0.201525
vt 0.319340 0.201525
vt 0.319340 0.201525
vt 0.319340 0.201525
vt 0.319340 0.201525
vt 0.319340 0.201525
vt 0.319340 0.201525
vt 0.319340 0.201525
vt 0.319340 0.201525
vt 0.319340 0.201525
vt 0.319340 0.201525
vt 0.319340 0.201525
vt 0.319340 0.201525
vt 0.319340 0.201525
vt 0.319340 0.201525
vt 0.319340 0.201525
vt 0.319340 0.201525
vt 0.319340 0.201525
vt 0.319340 0.201525
vt 0.319340 0.201525
vt 0.319340 0.201525
vt 0.319340 0.201525
vt 0.319340 0.201525
vt 0.319340 0.201525
vt 0.319340 0.201525
vt 0.319340 0.201525
vt 0.319340 0.201525
vt 0.319340 0.201525
vt 0.319340 0.201525
vt 0.319340 0.201525
vt 0.319340 0.201525
vt 0.319340 0.201525
vt 0.319340 0.201525
vt 0.319340 0.201525
vt 0.319340 0.201525
vt 0.319340 0.201525
vt 0.319340 0.201525
vt 0.319340 0.201525
vt 0.319340 0.201525
vt 0.319340 0.201525
vt 0.319340 0.201525
vt 0.319340 0.201525
vt 0.319340 0.201525
vt 0.319340 0.201525
vt 0.319340 0.201525
vt 0.319340 0.201525
vt 0.319340 0.201525
vt 0.319340 0.201525
vt 0.319340 0.201525
vt 0.319340 0.201525
vt 0.319340 0.201525
vt 0.319340 0.201525
vt 0.319340 0.201525
vt 0.319340 0.201525
vt 0.319340 0.201525
vt 0.319340 0.201525
vt 0.319340 0.201525
vt 0.319340 0.201525
vt 0.319340 0.201525
vt 0.319340 0.201525
vt 0.319340 0.201525
vt 0.319340 0.201525
vt 0.319340 0.201525
vt 0.319340 0.201525
vt 0.319340 0.201525
vt 0.319340 0.201525
vt 0.319340 0.201525
vt 0.319340 0.201525
vt 0.319340 0.201525
vt 0.319340 0.201525
vt 0.319340 0.201525
vt 0.319340 0.201525
vt 0.319340 0.201525
vt 0.319340 0.201525
vt 0.319340 0.201525
vt 0.319340 0.201525
vt 0.319340 0.201525
vt 0.319340 0.201525
vt 0.319340 0.201525
vt 0.319340 0.201525
vt 0.319340 0.201525
vt 0.319340 0.201525
vt 0.319340 0.201525
vt 0.319340 0.201525
vt 0.319340 0.201525
vt 0.319340 0.201525
vt 0.319340 0.201525
vt 0.319340 0.201525
vt 0.319340 0.201525
vt 0.319340 0.201525
vt 0.319340 0.201525
vt 0.319340 0.201525
vt 0.319340 0.201525
vt 0.319340 0.201525
vt 0.319340 0.201525
vt 0.319340 0.201525
vt 0.319340 0.201525
vt 0.319340 0.201525
vt 0.319340 0.201525
vt 0.319340 0.201525
vt 0.319340 0.201525
vt 0.319340 0.201525
vt 0.319340 0.201525
vt 0.319340 0.201525
vt 0.319340 0.201525
vt 0.319340 0.201525
vt 0.319340 0.201525
vt 0.319340 0.201525
vt 0.319340 0.201525
vt 0.319340 0.201525
vt 0.319340 0.201525
vt 0.319340 0.201525
vt 0.319340 0.201525
vt 0.319340 0.201525
vt 0.319340 0.201525
vt 0.319340 0.201525
vt 0.319340 0.201525
vt 0.319340 0.201525
vt 0.319340 0.201525
vt 0.319340 0.201525
vt 0.319340 0.201525
vt 0.319340 0.201525
vt 0.319340 0.201525
vt 0.319340 0.201525
vt 0.319340 0.201525
vt 0.319340 0.201525
vt 0.319340 0.201525
vt 0.319340 0.201525
vt 0.319340 0.201525
vt 0.319340 0.201525
vt 0.319340 0.201525
vt 0.319340 0.201525
vt 0.319340 0.201525
vt 0.319340 0.201525
vt 0.319340 0.201525
vt 0.319340 0.201525
vt 0.319340 0.201525
vt 0.319340 0.201525
vt 0.319340 0.201525
vt 0.319340 0.201525
vt 0.319340 0.201525
vt 0.319340 0.201525
vt 0.319340 0.201525
vt 0.319340 0.201525
vt 0.319340 0.201525
vt 0.319340 0.201525
vt 0.319340 0.201525
vt 0.319340 0.201525
vt 0.319340 0.201525
vt 0.319340 0.201525
vt 0.319340 0.201525
vt 0.319340 0.201525
vt 0.319340 0.201525
vt 0.319340 0.201525
vt 0.319340 0.201525
vt 0.319340 0.201525
vt 0.319340 0.201525
vt 0.319340 0.201525
vt 0.319340 0.201525
vt 0.319340 0.201525
vt 0.319340 0.201525
vt 0.319340 0.201525
vt 0.319340 0.201525
vt 0.319340 0.201525
vt 0.319340 0.201525
vt 0.319340 0.201525
vt 0.319340 0.201525
vt 0.319340 0.201525
vt 0.319340 0.201525
vt 0.319340 0.201525
vt 0.319340 0.201525
vt 0.319340 0.201525
vt 0.319340 0.201525
vt 0.319340 0.201525
vt 0.319340 0.201525
vt 0.319340 0.201525
vt 0.319340 0.201525
vt 0.319340 0.201525
vt 0.319340 0.201525
vt 0.319340 0.201525
vt 0.319340 0.201525
vt 0.319340 0.201525
vt 0.319340 0.201525
vt 0.319340 0.201525
vt 0.319340 0.201525
vt 0.319340 0.201525
vt 0.319340 0.201525
vt 0.319340 0.201525
vt 0.319340 0.201525
vt 0.319340 0.201525
vt 0.319340 0.201525
vt 0.319340 0.201525
vt 0.319340 0.201525
vt 0.319340 0.201525
vt 0.319340 0.201525
vt 0.319340 0.201525
vt 0.319340 0.201525
vt 0.319340 0.201525
vt 0.319340 0.201525
vt 0.319340 0.201525
vt 0.319340 0.201525
vt 0.319340 0.201525
vt 0.319340 0.201525
vt 0.319340 0.201525
vt 0.319340 0.201525
vt 0.319340 0.201525
vt 0.319340 0.201525
vt 0.319340 0.201525
vt 0.319340 0.201525
vt 0.319340 0.201525
vt 0.319340 0.201525
vt 0.319340 0.201525
vt 0.319340 0.201525
vt 0.319340 0.201525
vt 0.319340 0.201525
vt 0.319340 0.201525
vt 0.319340 0.201525
vt 0.319340 0.201525
vt 0.319340 0.201525
vt 0.319340 0.201525
vt 0.319340 0.201525
vt 0.319340 0.201525
vt 0.319340 0.201525
vt 0.319340 0.201525
vt 0.319340 0.201525
vt 0.319340 0.201525
vt 0.319340 0.201525
vt 0.319340 0.201525
vt 0.319340 0.201525
vt 0.319340 0.201525
vt 0.319340 0.201525
vt 0.319340 0.201525
vt 0.319340 0.201525
vt 0.319340 0.201525
vt 0.319340 0.201525
vt 0.319340 0.201525
vt 0.319340 0.201525
vt 0.319340 0.201525
vt 0.319340 0.201525
vt 0.319340 0.201525
vt 0.319340 0.201525
vt 0.319340 0.201525
vt 0.319340 0.201525
vt 0.319340 0.201525
vt 0.319340 0.201525
vt 0.319340 0.201525
vt 0.319340 0.201525
vt 0.319340 0.201525
vt 0.319340 0.201525
vt 0.319340 0.201525
vt 0.319340 0.201525
vt 0.319340 0.201525
vt 0.319340 0.201525
vt 0.319340 0.201525
vt 0.319340 0.201525
vt 0.319340 0.201525
vt 0.319340 0.201525
vt 0.319340 0.201525
vt 0.319340 0.201525
vt 0.319340 0.201525
vt 0.319340 0.201525
vt 0.319340 0.201525
vt 0.319340 0.201525
vt 0.319340 0.201525
vt 0.319340 0.201525
vt 0.319340 0.201525
vt 0.319340 0.201525
vt 0.319340 0.201525
vt 0.319340 0.201525
vt 0.319340 0.201525
vt 0.319340 0.201525
vt 0.319340 0.201525
vt 0.319340 0.201525
vt 0.319340 0.201525
vt 0.319340 0.201525
vt 0.319340 0.201525
vt 0.319340 0.201525
vt 0.319340 0.201525
vt 0.319340 0.201525
vt 0.319340 0.201525
vt 0.319340 0.201525
vt 0.319340 0.201525
vt 0.319340 0.201525
vt 0.319340 0.201525
vt 0.319340 0.201525
vt 0.319340 0.201525
vt 0.319340 0.201525
vt 0.319340 0.201525
vt 0.319340 0.201525
vt 0.319340 0.201525
vt 0.319340 0.201525
vt 0.319340 0.201525
vt 0.319340 0.201525
vt 0.319340 0.201525
vt 0.319340 0.201525
vt 0.319340 0.201525
vt 0.319340 0.201525
vt 0.319340 0.201525
vt 0.319340 0.201525
vt 0.319340 0.201525
vt 0.319340 0.201525
vt 0.319340 0.201525
vt 0.319340 0.201525
vt 0.319340 0.201525
vt 0.319340 0.201525
vt 0.319340 0.201525
vt 0.319340 0.201525
vt 0.319340 0.201525
vt 0.319340 0.201525
vt 0.319340 0.201525
vt 0.319340 0.201525
vt 0.319340 0.201525
vt 0.319340 0.201525
vt 0.319340 0.201525
vt 0.319340 0.201525
vt 0.319340 0.201525
vt 0.319340 0.201525
vt 0.319340 0.201525
vt 0.319340 0.201525
vt 0.319340 0.201525
vt 0.319340 0.201525
vt 0.319340 0.201525
vt 0.319340 0.201525
vt 0.319340 0.201525
vt 0.319340 0.201525
vt 0.319340 0.201525
vt 0.319340 0.201525
vt 0.319340 0.201525
vt 0.319340 0.201525
vt 0.319340 0.201525
vt 0.319340 0.201525
vt 0.319340 0.201525
vt 0.319340 0.201525
vt 0.319340 0.201525
vt 0.319340 0.201525
vt 0.319340 0.201525
vt 0.319340 0.201525
vt 0.319340 0.201525
vt 0.319340 0.201525
vt 0.319340 0.201525
vt 0.319340 0.201525
vt 0.319340 0.201525
vt 0.319340 0.201525
vt 0.319340 0.201525
vt 0.319340 0.201525
vt 0.319340 0.201525
vt 0.319340 0.201525
vt 0.319340 0.201525
vt 0.319340 0.201525
vt 0.319340 0.201525
vt 0.319340 0.201525
vt 0.319340 0.201525
vt 0.319340 0.201525
vt 0.319340 0.201525
vt 0.319340 0.201525
vt 0.319340 0.201525
vt 0.319340 0.201525
vt 0.319340 0.201525
vt 0.319340 0.201525
vt 0.319340 0.201525
vt 0.319340 0.201525
vt 0.319340 0.201525
vt 0.319340 0.201525
vt 0.319340 0.201525
vt 0.319340 0.201525
vt 0.319340 0.201525
vt 0.319340 0.201525
vt 0.319340 0.201525
vt 0.319340 0.201525
vt 0.319340 0.201525
vt 0.319340 0.201525
vt 0.319340 0.201525
vt 0.319340 0.201525
vt 0.319340 0.201525
vt 0.319340 0.201525
vt 0.319340 0.201525
vt 0.319340 0.201525
vt 0.319340 0.201525
vt 0.319340 0.201525
vt 0.319340 0.201525
vt 0.319340 0.201525
vt 0.319340 0.201525
vt 0.319340 0.201525
vt 0.319340 0.201525
vt 0.319340 0.201525
vt 0.319340 0.201525
vt 0.319340 0.201525
vt 0.319340 0.201525
vt 0.319340 0.201525
vt 0.319340 0.201525
vt 0.319340 0.201525
vt 0.319340 0.201525
vt 0.319340 0.201525
vt 0.319340 0.201525
vt 0.319340 0.201525
vt 0.319340 0.201525
vt 0.319340 0.201525
vt 0.319340 0.201525
vt 0.319340 0.201525
vt 0.319340 0.201525
vt 0.319340 0.201525
vt 0.319340 0.201525
vt 0.319340 0.201525
vt 0.319340 0.201525
vt 0.319340 0.201525
vt 0.319340 0.201525
vt 0.319340 0.201525
vt 0.319340 0.201525
vt 0.319340 0.201525
vt 0.319340 0.201525
vt 0.319340 0.201525
vt 0.319340 0.201525
vt 0.319340 0.201525
vt 0.319340 0.201525
vt 0.319340 0.201525
vt 0.319340 0.201525
vt 0.319340 0.201525
vt 0.319340 0.201525
vt 0.319340 0.201525
vt 0.319340 0.201525
vt 0.319340 0.201525
vt 0.319340 0.201525
vt 0.319340 0.201525
vt 0.319340 0.201525
vt 0.319340 0.201525
vt 0.319340 0.201525
vt 0.319340 0.201525
vt 0.319340 0.201525
vt 0.319340 0.201525
vt 0.319340 0.201525
vt 0.319340 0.201525
vt 0.319340 0.201525
vt 0.319340 0.201525
vt 0.319340 0.201525
vt 0.319340 0.201525
vt 0.319340 0.201525
vt 0.319340 0.201525
vt 0.319340 0.201525
vt 0.319340 0.201525
vt 0.319340 0.201525
vt 0.319340 0.201525
vt 0.319340 0.201525
vt 0.319340 0.201525
vt 0.319340 0.201525
vt 0.319340 0.201525
vt 0.319340 0.201525
vt 0.319340 0.201525
vt 0.319340 0.201525
vt 0.319340 0.201525
vt 0.319340 0.201525
vt 0.319340 0.201525
vt 0.319340 0.201525
vt 0.319340 0.201525
vt 0.319340 0.201525
vt 0.319340 0.201525
vt 0.319340 0.201525
vt 0.319340 0.201525
vt 0.319340 0.201525
vt 0.319340 0.201525
vt 0.319340 0.201525
vt 0.319340 0.201525
vt 0.319340 0.201525
vt 0.319340 0.201525
vt 0.319340 0.201525
vt 0.319340 0.201525
vt 0.319340 0.201525
vt 0.319340 0.201525
vt 0.319340 0.201525
vt 0.319340 0.201525
vt 0.319340 0.201525
vt 0.319340 0.201525
vt 0.319340 0.201525
vt 0.319340 0.201525
vt 0.319340 0.201525
vt 0.319340 0.201525
vt 0.319340 0.201525
vt 0.319340 0.201525
vt 0.319340 0.201525
vt 0.319340 0.201525
vt 0.319340 0.201525
vt 0.319340 0.201525
vt 0.319340 0.201525
vt 0.319340 0.201525
vt 0.319340 0.201525
vt 0.319340 0.201525
vt 0.319340 0.201525
vt 0.319340 0.201525
vt 0.319340 0.201525
vt 0.319340 0.201525
vt 0.319340 0.201525
vt 0.319340 0.201525
vt 0.319340 0.201525
vt 0.319340 0.201525
vt 0.319340 0.201525
vt 0.319340 0.201525
vt 0.319340 0.201525
vt 0.319340 0.201525
vt 0.319340 0.201525
vt 0.319340 0.201525
vt 0.319340 0.201525
vt 0.319340 0.201525
vt 0.319340 0.201525
vt 0.319340 0.201525
vt 0.319340 0.201525
vt 0.319340 0.201525
vt 0.319340 0.201525
vt 0.319340 0.201525
vt 0.319340 0.201525
vt 0.319340 0.201525
vt 0.319340 0.201525
vt 0.319340 0.201525
vt 0.319340 0.201525
vt 0.319340 0.201525
vt 0.319340 0.201525
vt 0.319340 0.201525
vt 0.319340 0.201525
vt 0.319340 0.201525
vt 0.319340 0.201525
vt 0.319340 0.201525
vt 0.319340 0.201525
vt 0.319340 0.201525
vt 0.319340 0.201525
vt 0.319340 0.201525
vt 0.319340 0.201525
vt 0.319340 0.201525
vt 0.319340 0.201525
vt 0.319340 0.201525
vt 0.319340 0.201525
vt 0.319340 0.201525
vt 0.319340 0.201525
vt 0.319340 0.201525
vt 0.319340 0.201525
vt 0.319340 0.201525
vt 0.319340 0.201525
vt 0.319340 0.201525
vt 0.319340 0.201525
vt 0.319340 0.201525
vt 0.319340 0.201525
vt 0.319340 0.201525
vt 0.319340 0.201525
vt 0.319340 0.201525
vt 0.319340 0.201525
vt 0.319340 0.201525
vt 0.319340 0.201525
vt 0.319340 0.201525
vt 0.319340 0.201525
vt 0.319340 0.201525
vt 0.319340 0.201525
vt 0.319340 0.201525
vt 0.319340 0.201525
vt 0.319340 0.201525
vt 0.319340 0.201525
vt 0.319340 0.201525
vt 0.319340 0.201525
vt 0.319340 0.201525
vt 0.319340 0.201525
vt 0.319340 0.201525
vt 0.319340 0.201525
vt 0.319340 0.201525
vt 0.319340 0.201525
vt 0.319340 0.201525
vt 0.319340 0.201525
vt 0.319340 0.201525
vt 0.319340 0.201525
vt 0.319340 0.201525
vt 0.319340 0.201525
vt 0.319340 0.201525
vt 0.319340 0.201525
vt 0.319340 0.201525
vt 0.319340 0.201525
vt 0.319340 0.201525
vt 0.319340 0.201525
vt 0.319340 0.201525
vt 0.319340 0.201525
vt 0.319340 0.201525
vt 0.319340 0.201525
vt 0.319340 0.201525
vt 0.319340 0.201525
vt 0.319340 0.201525
vt 0.319340 0.201525
vt 0.319340 0.201525
vt 0.319340 0.201525
vt 0.319340 0.201525
vt 0.319340 0.201525
vt 0.319340 0.201525
vt 0.319340 0.201525
vt 0.319340 0.201525
vt 0.319340 0.201525
vt 0.319340 0.201525
vt 0.319340 0.201525
vt 0.319340 0.201525
vt 0.319340 0.201525
vt 0.319340 0.201525
vt 0.319340 0.201525
vt 0.319340 0.201525
vt 0.319340 0.201525
vt 0.319340 0.201525
vt 0.319340 0.201525
vt 0.319340 0.201525
vt 0.319340 0.201525
vt 0.319340 0.201525
vt 0.319340 0.201525
vt 0.319340 0.201525
vt 0.319340 0.201525
vt 0.319340 0.201525
vt 0.319340 0.201525
vt 0.319340 0.201525
vt 0.319340 0.201525
vt 0.319340 0.201525
vt 0.319340 0.201525
vt 0.319340 0.201525
vt 0.319340 0.201525
vt 0.319340 0.201525
vt 0.319340 0.201525
vt 0.319340 0.201525
vt 0.319340 0.201525
vt 0.319340 0.201525
vt 0.319340 0.201525
vt 0.319340 0.201525
vt 0.319340 0.201525
vt 0.319340 0.201525
vt 0.319340 0.201525
vt 0.319340 0.201525
vt 0.319340 0.201525
vt 0.319340 0.201525
vt 0.319340 0.201525
vt 0.319340 0.201525
vt 0.319340 0.201525
vt 0.319340 0.201525
vt 0.319340 0.201525
vt 0.319340 0.201525
vt 0.319340 0.201525
vt 0.319340 0.201525
vt 0.319340 0.201525
vt 0.319340 0.201525
vt 0.319340 0.201525
vt 0.319340 0.201525
vt 0.319340 0.201525
vt 0.319340 0.201525
vt 0.319340 0.201525
vt 0.319340 0.201525
vt 0.319340 0.201525
vt 0.319340 0.201525
vt 0.319340 0.201525
vt 0.319340 0.201525
vt 0.319340 0.201525
vt 0.319340 0.201525
vt 0.319340 0.201525
vt 0.319340 0.201525
vt 0.319340 0.201525
vt 0.319340 0.201525
vt 0.319340 0.201525
vt 0.319340 0.201525
vt 0.319340 0.201525
vt 0.319340 0.201525
vt 0.319340 0.201525
vt 0.319340 0.201525
vt 0.319340 0.201525
vt 0.319340 0.201525
vt 0.319340 0.201525
vt 0.319340 0.201525
vt 0.319340 0.201525
vt 0.319340 0.201525
vt 0.319340 0.201525
vt 0.319340 0.201525
vt 0.319340 0.201525
vt 0.319340 0.201525
vt 0.319340 0.201525
vt 0.319340 0.201525
vt 0.319340 0.201525
vt 0.319340 0.201525
vt 0.319340 0.201525
vt 0.319340 0.201525
vt 0.319340 0.201525
vt 0.319340 0.201525
vt 0.319340 0.201525
vt 0.319340 0.201525
vt 0.319340 0.201525
vt 0.319340 0.201525
vt 0.319340 0.201525
vt 0.319340 0.201525
vt 0.319340 0.201525
vt 0.319340 0.201525
vt 0.319340 0.201525
vt 0.319340 0.201525
vt 0.319340 0.201525
vt 0.319340 0.201525
vt 0.319340 0.201525
vt 0.319340 0.201525
vt 0.319340 0.201525
vt 0.319340 0.201525
vt 0.319340 0.201525
vt 0.319340 0.201525
vt 0.319340 0.201525
vt 0.319340 0.201525
vt 0.319340 0.201525
vt 0.319340 0.201525
vt 0.319340 0.201525
vt 0.319340 0.201525
vt 0.319340 0.201525
vt 0.319340 0.201525
vt 0.319340 0.201525
vt 0.319340 0.201525
vt 0.319340 0.201525
vt 0.319340 0.201525
vt 0.319340 0.201525
vt 0.319340 0.201525
vt 0.319340 0.201525
vt 0.319340 0.201525
vt 0.319340 0.201525
vt 0.319340 0.201525
vt 0.319340 0.201525
vt 0.319340 0.201525
vt 0.319340 0.201525
vt 0.319340 0.201525
vt 0.319340 0.201525
vt 0.319340 0.201525
vt 0.319340 0.201525
vt 0.319340 0.201525
vt 0.319340 0.201525
vt 0.319340 0.201525
vt 0.319340 0.201525
vt 0.319340 0.201525
vt 0.319340 0.201525
vt 0.319340 0.201525
vt 0.319340 0.201525
vt 0.319340 0.201525
vt 0.319340 0.201525
vt 0.319340 0.201525
vt 0.319340 0.201525
vt 0.319340 0.201525
vt 0.319340 0.201525
vt 0.319340 0.201525
vt 0.319340 0.201525
vt 0.319340 0.201525
vt 0.319340 0.201525
vt 0.319340 0.201525
vt 0.319340 0.201525
vt 0.319340 0.201525
vt 0.319340 0.201525
vt 0.319340 0.201525
vt 0.319340 0.201525
vt 0.319340 0.201525
vt 0.319340 0.201525
vt 0.319340 0.201525
vt 0.319340 0.201525
vt 0.319340 0.201525
vt 0.319340 0.201525
vt 0.319340 0.201525
vt 0.319340 0.201525
vt 0.319340 0.201525
vt 0.319340 0.201525
vt 0.319340 0.201525
vt 0.319340 0.201525
vt 0.319340 0.201525
vt 0.319340 0.201525
vt 0.319340 0.201525
vt 0.319340 0.201525
vt 0.319340 0.201525
vt 0.319340 0.201525
vt 0.319340 0.201525
vt 0.319340 0.201525
vt 0.319340 0.201525
vt 0.319340 0.201525
vt 0.319340 0.201525
vt 0.319340 0.201525
vt 0.319340 0.201525
vt 0.319340 0.201525
vt 0.319340 0.201525
vt 0.319340 0.201525
vt 0.319340 0.201525
vt 0.319340 0.201525
vt 0.319340 0.201525
vt 0.319340 0.201525
vt 0.319340 0.201525
vt 0.319340 0.201525
vt 0.319340 0.201525
vt 0.319340 0.201525
vt 0.319340 0.201525
vt 0.319340 0.201525
vt 0.319340 0.201525
vt 0.319340 0.201525
vt 0.319340 0.201525
vt 0.319340 0.201525
vt 0.319340 0.201525
vt 0.319340 0.201525
vt 0.319340 0.201525
vt 0.319340 0.201525
vt 0.319340 0.201525
vt 0.319340 0.201525
vt 0.319340 0.201525
vt 0.319340 0.201525
vt 0.319340 0.201525
vt 0.319340 0.201525
vt 0.319340 0.201525
vt 0.319340 0.201525
vt 0.319340 0.201525
vt 0.319340 0.201525
vt 0.319340 0.201525
vt 0.319340 0.201525
vt 0.319340 0.201525
vt 0.319340 0.201525
vt 0.319340 0.201525
vt 0.319340 0.201525
vt 0.319340 0.201525
vt 0.319340 0.201525
vt 0.319340 0.201525
vt 0.319340 0.201525
vt 0.319340 0.201525
vt 0.319340 0.201525
vt 0.319340 0.201525
vt 0.319340 0.201525
vt 0.319340 0.201525
vt 0.319340 0.201525
vt 0.319340 0.201525
vt 0.319340 0.201525
vt 0.319340 0.201525
vt 0.319340 0.201525
vt 0.319340 0.201525
vt 0.319340 0.201525
vt 0.319340 0.201525
vt 0.319340 0.201525
vt 0.319340 0.201525
vt 0.319340 0.201525
vt 0.319340 0.201525
vt 0.319340 0.201525
vt 0.319340 0.201525
vt 0.319340 0.201525
vt 0.319340 0.201525
vt 0.319340 0.201525
vt 0.319340 0.201525
vt 0.319340 0.201525
vt 0.319340 0.201525
vt 0.319340 0.201525
vt 0.319340 0.201525
vt 0.319340 0.201525
vt 0.319340 0.201525
vt 0.319340 0.201525
vt 0.319340 0.201525
vt 0.319340 0.201525
vt 0.319340 0.201525
vt 0.319340 0.201525
vt 0.319340 0.201525
vt 0.319340 0.201525
vt 0.319340 0.201525
vt 0.319340 0.201525
vt 0.319340 0.201525
vt 0.319340 0.201525
vt 0.319340 0.201525
vt 0.319340 0.201525
vt 0.319340 0.201525
vt 0.319340 0.201525
vt 0.319340 0.201525
vt 0.319340 0.201525
vt 0.319340 0.201525
vt 0.319340 0.201525
vt 0.319340 0.201525
vt 0.319340 0.201525
vt 0.319340 0.201525
vt 0.319340 0.201525
vt 0.319340 0.201525
vt 0.319340 0.201525
vt 0.319340 0.201525
vt 0.319340 0.201525
vt 0.319340 0.201525
vt 0.319340 0.201525
vt 0.319340 0.201525
vt 0.319340 0.201525
vt 0.319340 0.201525
vt 0.319340 0.201525
vt 0.319340 0.201525
vt 0.319340 0.201525
vt 0.319340 0.201525
vt 0.319340 0.201525
vt 0.319340 0.201525
vt 0.319340 0.201525
vt 0.319340 0.201525
vt 0.319340 0.201525
vt 0.319340 0.201525
vt 0.319340 0.201525
vt 0.319340 0.201525
vt 0.319340 0.201525
vt 0.319340 0.201525
vt 0.319340 0.201525
vt 0.319340 0.201525
vt 0.319340 0.201525
vt 0.319340 0.201525
vt 0.319340 0.201525
vt 0.319340 0.201525
vt 0.319340 0.201525
vt 0.319340 0.201525
vt 0.319340 0.201525
vt 0.319340 0.201525
vt 0.319340 0.201525
vt 0.319340 0.201525
vt 0.319340 0.201525
vt 0.319340 0.201525
vt 0.319340 0.201525
vt 0.319340 0.201525
vt 0.319340 0.201525
vt 0.319340 0.201525
vt 0.319340 0.201525
vt 0.319340 0.201525
vt 0.319340 0.201525
vt 0.319340 0.201525
vt 0.319340 0.201525
vt 0.319340 0.201525
vt 0.319340 0.201525
vt 0.319340 0.201525
vt 0.319340 0.201525
vt 0.319340 0.201525
vt 0.319340 0.201525
vt 0.319340 0.201525
vt 0.319340 0.201525
vt 0.319340 0.201525
vt 0.319340 0.201525
vt 0.319340 0.201525
vt 0.319340 0.201525
vt 0.319340 0.201525
vt 0.319340 0.201525
vt 0.319340 0.201525
vt 0.319340 0.201525
vt 0.319340 0.201525
vt 0.319340 0.201525
vt 0.319340 0.201525
vt 0.319340 0.201525
vt 0.319340 0.201525
vt 0.319340 0.201525
vt 0.319340 0.201525
vt 0.319340 0.201525
vt 0.319340 0.201525
vt 0.319340 0.201525
vt 0.319340 0.201525
vt 0.319340 0.201525
vt 0.319340 0.201525
vt 0.319340 0.201525
vt 0.319340 0.201525
vt 0.319340 0.201525
vt 0.319340 0.201525
vt 0.319340 0.201525
vt 0.319340 0.201525
vt 0.319340 0.201525
vt 0.319340 0.201525
vt 0.319340 0.201525
vt 0.319340 0.201525
vt 0.319340 0.201525
vt 0.319340 0.201525
vt 0.319340 0.201525
vt 0.319340 0.201525
vt 0.319340 0.201525
vt 0.319340 0.201525
vt 0.319340 0.201525
vt 0.319340 0.201525
vt 0.319340 0.201525
vt 0.319340 0.201525
vt 0.319340 0.201525
vt 0.319340 0.201525
vt 0.319340 0.201525
vt 0.319340 0.201525
vt 0.319340 0.201525
vt 0.319340 0.201525
vt 0.319340 0.201525
vt 0.319340 0.201525
vt 0.319340 0.201525
vt 0.319340 0.201525
vt 0.319340 0.201525
vt 0.319340 0.201525
vt 0.319340 0.201525
vt 0.319340 0.201525
vt 0.319340 0.201525
vt 0.319340 0.201525
vt 0.319340 0.201525
vt 0.319340 0.201525
vt 0.319340 0.201525
vt 0.319340 0.201525
vt 0.319340 0.201525
vt 0.319340 0.201525
vt 0.319340 0.201525
vt 0.319340 0.201525
vt 0.319340 0.201525
vt 0.319340 0.201525
vt 0.319340 0.201525
vt 0.319340 0.201525
vt 0.319340 0.201525
vt 0.319340 0.201525
vt 0.319340 0.201525
vt 0.319340 0.201525
vt 0.319340 0.201525
vt 0.319340 0.201525
vt 0.319340 0.201525
vt 0.319340 0.201525
vt 0.319340 0.201525
vt 0.319340 0.201525
vt 0.319340 0.201525
vt 0.319340 0.201525
vt 0.319340 0.201525
vt 0.319340 0.201525
vt 0.319340 0.201525
vt 0.319340 0.201525
vt 0.319340 0.201525
vt 0.319340 0.201525
vt 0.319340 0.201525
vt 0.319340 0.201525
vt 0.319340 0.201525
vt 0.319340 0.201525
vt 0.319340 0.201525
vt 0.319340 0.201525
vt 0.319340 0.201525
vt 0.319340 0.201525
vt 0.319340 0.201525
vt 0.319340 0.201525
vt 0.319340 0.201525
vt 0.319340 0.201525
vt 0.319340 0.201525
vt 0.319340 0.201525
vt 0.319340 0.201525
vt 0.319340 0.201525
vt 0.319340 0.201525
vt 0.319340 0.201525
vt 0.319340 0.201525
vt 0.319340 0.201525
vt 0.319340 0.201525
vt 0.319340 0.201525
vt 0.319340 0.201525
vt 0.319340 0.201525
vt 0.319340 0.201525
vt 0.319340 0.201525
vt 0.319340 0.201525
vt 0.319340 0.201525
vt 0.319340 0.201525
vt 0.319340 0.201525
vt 0.319340 0.201525
vt 0.319340 0.201525
vt 0.319340 0.201525
vt 0.319340 0.201525
vt 0.319340 0.201525
vt 0.319340 0.201525
vt 0.319340 0.201525
vt 0.319340 0.201525
vt 0.319340 0.201525
vt 0.319340 0.201525
vt 0.319340 0.201525
vt 0.319340 0.201525
vt 0.319340 0.201525
vt 0.319340 0.201525
vt 0.319340 0.201525
vt 0.319340 0.201525
vt 0.319340 0.201525
vt 0.319340 0.201525
vt 0.319340 0.201525
vt 0.319340 0.201525
vt 0.319340 0.201525
vt 0.319340 0.201525
vt 0.319340 0.201525
vt 0.319340 0.201525
vt 0.319340 0.201525
vt 0.319340 0.201525
vt 0.319340 0.201525
vt 0.319340 0.201525
vt 0.319340 0.201525
vt 0.319340 0.201525
vt 0.319340 0.201525
vt 0.319340 0.201525
vt 0.319340 0.201525
vt 0.319340 0.201525
vt 0.319340 0.201525
vt 0.319340 0.201525
vt 0.319340 0.201525
vt 0.319340 0.201525
vt 0.319340 0.201525
vt 0.319340 0.201525
vt 0.319340 0.201525
vt 0.319340 0.201525
vt 0.319340 0.201525
vt 0.319340 0.201525
vt 0.319340 0.201525
vt 0.319340 0.201525
vt 0.319340 0.201525
vt 0.319340 0.201525
vt 0.319340 0.201525
vt 0.319340 0.201525
vt 0.319340 0.201525
vt 0.319340 0.201525
vt 0.319340 0.201525
vt 0.319340 0.201525
vt 0.319340 0.201525
vt 0.319340 0.201525
vt 0.319340 0.201525
vt 0.319340 0.201525
vt 0.319340 0.201525
vt 0.319340 0.201525
vt 0.319340 0.201525
vt 0.319340 0.201525
vt 0.319340 0.201525
vt 0.319340 0.201525
vt 0.319340 0.201525
vt 0.319340 0.201525
vt 0.319340 0.201525
vt 0.319340 0.201525
vt 0.319340 0.201525
vt 0.319340 0.201525
vt 0.319340 0.201525
vt 0.319340 0.201525
vt 0.319340 0.201525
vt 0.319340 0.201525
vt 0.319340 0.201525
vt 0.319340 0.201525
vt 0.319340 0.201525
vt 0.319340 0.201525
vt 0.319340 0.201525
vt 0.319340 0.201525
vt 0.319340 0.201525
vt 0.319340 0.201525
vt 0.319340 0.201525
vt 0.319340 0.201525
vt 0.319340 0.201525
vt 0.319340 0.201525
vt 0.319340 0.201525
vt 0.319340 0.201525
vt 0.319340 0.201525
vt 0.319340 0.201525
vt 0.319340 0.201525
vt 0.319340 0.201525
vt 0.319340 0.201525
vt 0.319340 0.201525
vt 0.319340 0.201525
vt 0.319340 0.201525
vt 0.319340 0.201525
vt 0.319340 0.201525
vt 0.319340 0.201525
vt 0.319340 0.201525
vt 0.319340 0.201525
vt 0.319340 0.201525
vt 0.319340 0.201525
vt 0.319340 0.201525
vt 0.319340 0.201525
vt 0.319340 0.201525
vt 0.319340 0.201525
vt 0.319340 0.201525
vt 0.319340 0.201525
vt 0.319340 0.201525
vt 0.319340 0.201525
vt 0.319340 0.201525
vt 0.319340 0.201525
vt 0.319340 0.201525
vt 0.319340 0.201525
vt 0.319340 0.201525
vt 0.319340 0.201525
vt 0.319340 0.201525
vt 0.319340 0.201525
vt 0.319340 0.201525
vt 0.319340 0.201525
vt 0.319340 0.201525
vt 0.319340 0.201525
vt 0.319340 0.201525
vt 0.319340 0.201525
vt 0.319340 0.201525
vt 0.319340 0.201525
vt 0.319340 0.201525
vt 0.319340 0.201525
vt 0.319340 0.201525
vt 0.319340 0.201525
vt 0.319340 0.201525
vt 0.319340 0.201525
vt 0.319340 0.201525
vt 0.319340 0.201525
vt 0.319340 0.201525
vt 0.319340 0.201525
vt 0.319340 0.201525
vt 0.319340 0.201525
vt 0.319340 0.201525
vt 0.319340 0.201525
vt 0.319340 0.201525
vt 0.319340 0.201525
vt 0.319340 0.201525
vt 0.319340 0.201525
vt 0.319340 0.201525
vt 0.319340 0.201525
vt 0.319340 0.201525
vt 0.319340 0.201525
vt 0.319340 0.201525
vt 0.319340 0.201525
vt 0.319340 0.201525
vt 0.319340 0.201525
vt 0.319340 0.201525
vt 0.319340 0.201525
vt 0.319340 0.201525
vt 0.319340 0.201525
vt 0.319340 0.201525
vt 0.319340 0.201525
vt 0.319340 0.201525
vt 0.319340 0.201525
vt 0.319340 0.201525
vt 0.319340 0.201525
vt 0.319340 0.201525
vt 0.319340 0.201525
vt 0.319340 0.201525
vt 0.319340 0.201525
vt 0.319340 0.201525
vt 0.319340 0.201525
vt 0.319340 0.201525
vt 0.319340 0.201525
vt 0.319340 0.201525
vt 0.319340 0.201525
vt 0.319340 0.201525
vt 0.319340 0.201525
vt 0.319340 0.201525
vt 0.319340 0.201525
vt 0.319340 0.201525
vt 0.319340 0.201525
vt 0.319340 0.201525
vt 0.319340 0.201525
vt 0.319340 0.201525
vt 0.319340 0.201525
vt 0.319340 0.201525
vt 0.319340 0.201525
vt 0.319340 0.201525
vt 0.319340 0.201525
vt 0.319340 0.201525
vt 0.319340 0.201525
vt 0.319340 0.201525
vt 0.319340 0.201525
vt 0.319340 0.201525
vt 0.319340 0.201525
vt 0.319340 0.201525
vt 0.319340 0.201525
vt 0.319340 0.201525
vt 0.319340 0.201525
vt 0.319340 0.201525
vt 0.319340 0.201525
vt 0.319340 0.201525
vt 0.319340 0.201525
vt 0.319340 0.201525
vt 0.319340 0.201525
vt 0.319340 0.201525
vt 0.319340 0.201525
vt 0.319340 0.201525
vt 0.319340 0.201525
vt 0.319340 0.201525
vt 0.319340 0.201525
vt 0.319340 0.201525
vt 0.319340 0.201525
vt 0.319340 0.201525
vt 0.319340 0.201525
vt 0.319340 0.201525
vt 0.319340 0.201525
vt 0.319340 0.201525
vt 0.319340 0.201525
vt 0.319340 0.201525
vt 0.319340 0.201525
vt 0.319340 0.201525
vt 0.319340 0.201525
vt 0.319340 0.201525
vt 0.319340 0.201525
vt 0.319340 0.201525
vt 0.319340 0.201525
vt 0.319340 0.201525
vt 0.319340 0.201525
vt 0.319340 0.201525
vt 0.319340 0.201525
vt 0.319340 0.201525
vt 0.319340 0.201525
vt 0.319340 0.201525
vt 0.319340 0.201525
vt 0.319340 0.201525
vt 0.319340 0.201525
vt 0.319340 0.201525
vt 0.319340 0.201525
vt 0.319340 0.201525
vt 0.319340 0.201525
vt 0.319340 0.201525
vt 0.319340 0.201525
vt 0.319340 0.201525
vt 0.319340 0.201525
vt 0.319340 0.201525
vt 0.319340 0.201525
vt 0.319340 0.201525
vt 0.319340 0.201525
vt 0.319340 0.201525
vt 0.319340 0.201525
vt 0.319340 0.201525
vt 0.319340 0.201525
vt 0.319340 0.201525
vt 0.319340 0.201525
vt 0.319340 0.201525
vt 0.319340 0.201525
vt 0.319340 0.201525
vt 0.319340 0.201525
vt 0.319340 0.201525
vt 0.319340 0.201525
vt 0.319340 0.201525
vt 0.319340 0.201525
vt 0.319340 0.201525
vt 0.319340 0.201525
vt 0.319340 0.201525
vt 0.319340 0.201525
vt 0.319340 0.201525
vt 0.319340 0.201525
vt 0.319340 0.201525
vt 0.319340 0.201525
vt 0.319340 0.201525
vt 0.319340 0.201525
vt 0.319340 0.201525
vt 0.319340 0.201525
vt 0.319340 0.201525
vt 0.319340 0.201525
vt 0.319340 0.201525
vt 0.319340 0.201525
vt 0.319340 0.201525
vt 0.319340 0.201525
vt 0.319340 0.201525
vt 0.319340 0.201525
vt 0.319340 0.201525
vt 0.319340 0.201525
vt 0.319340 0.201525
vt 0.319340 0.201525
vt 0.319340 0.201525
vt 0.319340 0.201525
vt 0.319340 0.201525
vt 0.319340 0.201525
vt 0.319340 0.201525
vt 0.319340 0.201525
vt 0.319340 0.201525
vt 0.319340 0.201525
vt 0.319340 0.201525
vt 0.319340 0.201525
vt 0.319340 0.201525
vt 0.319340 0.201525
vt 0.319340 0.201525
vt 0.319340 0.201525
vt 0.319340 0.201525
vt 0.319340 0.201525
vt 0.319340 0.201525
vt 0.319340 0.201525
vt 0.319340 0.201525
vt 0.319340 0.201525
vt 0.319340 0.201525
vt 0.319340 0.201525
vt 0.319340 0.201525
vt 0.319340 0.201525
vt 0.319340 0.201525
vt 0.319340 0.201525
vt 0.319340 0.201525
vt 0.319340 0.201525
vt 0.319340 0.201525
vt 0.319340 0.201525
vt 0.319340 0.201525
vt 0.319340 0.201525
vt 0.319340 0.201525
vt 0.319340 0.201525
vt 0.319340 0.201525
vt 0.319340 0.201525
vt 0.319340 0.201525
vt 0.319340 0.201525
vt 0.319340 0.201525
vt 0.319340 0.201525
vt 0.319340 0.201525
vt 0.319340 0.201525
vt 0.319340 0.201525
vt 0.319340 0.201525
vt 0.319340 0.201525
vt 0.319340 0.201525
vt 0.319340 0.201525
vt 0.319340 0.201525
vt 0.319340 0.201525
vt 0.319340 0.201525
vt 0.319340 0.201525
vt 0.319340 0.201525
vt 0.319340 0.201525
vt 0.319340 0.201525
vt 0.319340 0.201525
vt 0.319340 0.201525
vt 0.319340 0.201525
vt 0.319340 0.201525
vt 0.319340 0.201525
vt 0.319340 0.201525
vt 0.319340 0.201525
vt 0.319340 0.201525
vt 0.319340 0.201525
vt 0.319340 0.201525
vt 0.319340 0.201525
vt 0.319340 0.201525
vt 0.319340 0.201525
vt 0.319340 0.201525
vt 0.319340 0.201525
vt 0.319340 0.201525
vt 0.319340 0.201525
vt 0.319340 0.201525
vt 0.319340 0.201525
vt 0.319340 0.201525
vt 0.319340 0.201525
vt 0.319340 0.201525
vt 0.319340 0.201525
vt 0.319340 0.201525
vt 0.319340 0.201525
vt 0.319340 0.201525
vt 0.319340 0.201525
vt 0.319340 0.201525
vt 0.319340 0.201525
vt 0.319340 0.201525
vt 0.319340 0.201525
vt 0.319340 0.201525
vt 0.319340 0.201525
vt 0.319340 0.201525
vt 0.319340 0.201525
vt 0.319340 0.201525
vt 0.319340 0.201525
vt 0.319340 0.201525
vt 0.319340 0.201525
vt 0.319340 0.201525
vt 0.319340 0.201525
vt 0.319340 0.201525
vt 0.319340 0.201525
vt 0.319340 0.201525
vt 0.319340 0.201525
vt 0.319340 0.201525
vt 0.319340 0.201525
vt 0.319340 0.201525
vt 0.319340 0.201525
vt 0.319340 0.201525
vt 0.319340 0.201525
vt 0.319340 0.201525
vt 0.319340 0.201525
vt 0.319340 0.201525
vt 0.319340 0.201525
vt 0.319340 0.201525
vt 0.319340 0.201525
vt 0.319340 0.201525
vt 0.319340 0.201525
vt 0.319340 0.201525
vt 0.319340 0.201525
vt 0.319340 0.201525
vt 0.319340 0.201525
vt 0.319340 0.201525
vt 0.319340 0.201525
vt 0.319340 0.201525
vt 0.319340 0.201525
vt 0.319340 0.201525
vt 0.319340 0.201525
vt 0.319340 0.201525
vt 0.319340 0.201525
vt 0.319340 0.201525
vt 0.319340 0.201525
vt 0.319340 0.201525
vt 0.319340 0.201525
vt 0.319340 0.201525
vt 0.319340 0.201525
vt 0.319340 0.201525
vt 0.319340 0.201525
vt 0.319340 0.201525
vt 0.319340 0.201525
vt 0.319340 0.201525
vt 0.319340 0.201525
vt 0.319340 0.201525
vt 0.319340 0.201525
vt 0.319340 0.201525
vt 0.319340 0.201525
vt 0.319340 0.201525
vt 0.319340 0.201525
vt 0.319340 0.201525
vt 0.319340 0.201525
vt 0.319340 0.201525
vt 0.319340 0.201525
vt 0.319340 0.201525
vt 0.319340 0.201525
vt 0.319340 0.201525
vt 0.319340 0.201525
vt 0.319340 0.201525
vt 0.319340 0.201525
vt 0.319340 0.201525
vt 0.319340 0.201525
vt 0.319340 0.201525
vt 0.319340 0.201525
vt 0.319340 0.201525
vt 0.319340 0.201525
vt 0.319340 0.201525
vt 0.319340 0.201525
vt 0.319340 0.201525
vt 0.319340 0.201525
vt 0.319340 0.201525
vt 0.319340 0.201525
vt 0.319340 0.201525
vt 0.319340 0.201525
vt 0.319340 0.201525
vt 0.319340 0.201525
vt 0.319340 0.201525
vt 0.319340 0.201525
vt 0.319340 0.201525
vt 0.319340 0.201525
vt 0.319340 0.201525
vt 0.319340 0.201525
vt 0.319340 0.201525
vt 0.319340 0.201525
vt 0.319340 0.201525
vt 0.319340 0.201525
vt 0.319340 0.201525
vt 0.319340 0.201525
vt 0.319340 0.201525
vt 0.319340 0.201525
vt 0.319340 0.201525
vt 0.319340 0.201525
vt 0.319340 0.201525
vt 0.319340 0.201525
vt 0.319340 0.201525
vt 0.319340 0.201525
vt 0.319340 0.201525
vt 0.319340 0.201525
vt 0.319340 0.201525
vt 0.319340 0.201525
vt 0.319340 0.201525
vt 0.319340 0.201525
vt 0.319340 0.201525
vt 0.319340 0.201525
vt 0.319340 0.201525
vt 0.319340 0.201525
vt 0.319340 0.201525
vt 0.319340 0.201525
vt 0.319340 0.201525
vt 0.319340 0.201525
vt 0.319340 0.201525
vt 0.319340 0.201525
vt 0.319340 0.201525
vt 0.319340 0.201525
vt 0.319340 0.201525
vt 0.319340 0.201525
vt 0.319340 0.201525
vt 0.319340 0.201525
vt 0.319340 0.201525
vt 0.319340 0.201525
vt 0.319340 0.201525
vt 0.319340 0.201525
vt 0.319340 0.201525
vt 0.319340 0.201525
vt 0.319340 0.201525
vt 0.319340 0.201525
vt 0.319340 0.201525
vt 0.319340 0.201525
vt 0.319340 0.201525
vt 0.319340 0.201525
vt 0.319340 0.201525
vt 0.319340 0.201525
vt 0.319340 0.201525
vt 0.319340 0.201525
vt 0.319340 0.201525
vt 0.319340 0.201525
vt 0.319340 0.201525
vt 0.319340 0.201525
vt 0.319340 0.201525
vt 0.319340 0.201525
vt 0.319340 0.201525
vt 0.319340 0.201525
vt 0.319340 0.201525
vt 0.319340 0.201525
vt 0.319340 0.201525
vt 0.319340 0.201525
vt 0.319340 0.201525
vt 0.319340 0.201525
vt 0.319340 0.201525
vt 0.319340 0.201525
vt 0.319340 0.201525
vt 0.319340 0.201525
vt 0.319340 0.201525
vt 0.319340 0.201525
vt 0.319340 0.201525
vt 0.319340 0.201525
vt 0.319340 0.201525
vt 0.319340 0.201525
vt 0.319340 0.201525
vt 0.319340 0.201525
vt 0.319340 0.201525
vt 0.319340 0.201525
vt 0.319340 0.201525
vt 0.319340 0.201525
vt 0.319340 0.201525
vt 0.319340 0.201525
vt 0.319340 0.201525
vt 0.319340 0.201525
vt 0.319340 0.201525
vt 0.319340 0.201525
vt 0.319340 0.201525
vt 0.319340 0.201525
vt 0.319340 0.201525
vt 0.319340 0.201525
vt 0.319340 0.201525
vt 0.319340 0.201525
vt 0.319340 0.201525
vt 0.319340 0.201525
vt 0.319340 0.201525
vt 0.319340 0.201525
vt 0.319340 0.201525
vt 0.319340 0.201525
vt 0.319340 0.201525
vt 0.319340 0.201525
vt 0.319340 0.201525
vt 0.319340 0.201525
vt 0.319340 0.201525
vt 0.319340 0.201525
vt 0.319340 0.201525
vt 0.319340 0.201525
vt 0.319340 0.201525
vt 0.319340 0.201525
vt 0.319340 0.201525
vt 0.319340 0.201525
vt 0.319340 0.201525
vt 0.319340 0.201525
vt 0.319340 0.201525
vt 0.319340 0.201525
vt 0.319340 0.201525
vt 0.319340 0.201525
vt 0.319340 0.201525
vt 0.319340 0.201525
vt 0.319340 0.201525
vt 0.319340 0.201525
vt 0.319340 0.201525
vt 0.319340 0.201525
vt 0.319340 0.201525
vt 0.319340 0.201525
vt 0.319340 0.201525
vt 0.319340 0.201525
vt 0.319340 0.201525
vt 0.319340 0.201525
vt 0.319340 0.201525
vt 0.319340 0.201525
vt 0.319340 0.201525
vt 0.319340 0.201525
vt 0.319340 0.201525
vt 0.319340 0.201525
vt 0.319340 0.201525
vt 0.319340 0.201525
vt 0.319340 0.201525
vt 0.319340 0.201525
vt 0.319340 0.201525
vt 0.319340 0.201525
vt 0.319340 0.201525
vt 0.319340 0.201525
vt 0.319340 0.201525
vt 0.319340 0.201525
vt 0.319340 0.201525
vt 0.319340 0.201525
vt 0.319340 0.201525
vt 0.319340 0.201525
vt 0.319340 0.201525
vt 0.319340 0.201525
vt 0.319340 0.201525
vt 0.319340 0.201525
vt 0.319340 0.201525
vt 0.319340 0.201525
vt 0.319340 0.201525
vt 0.319340 0.201525
vt 0.319340 0.201525
vt 0.319340 0.201525
vt 0.319340 0.201525
vt 0.319340 0.201525
vt 0.319340 0.201525
vt 0.319340 0.201525
vt 0.319340 0.201525
vt 0.319340 0.201525
vt 0.319340 0.201525
vt 0.319340 0.201525
vt 0.319340 0.201525
vt 0.319340 0.201525
vt 0.319340 0.201525
vt 0.319340 0.201525
vt 0.319340 0.201525
vt 0.319340 0.201525
vt 0.319340 0.201525
vt 0.319340 0.201525
vt 0.319340 0.201525
vt 0.319340 0.201525
vt 0.319340 0.201525
vt 0.319340 0.201525
vt 0.319340 0.201525
vt 0.319340 0.201525
vt 0.319340 0.201525
vt 0.319340 0.201525
vt 0.319340 0.201525
vt 0.319340 0.201525
vt 0.319340 0.201525
vt 0.319340 0.201525
vt 0.319340 0.201525
vt 0.319340 0.201525
vt 0.319340 0.201525
vt 0.319340 0.201525
vt 0.319340 0.201525
vt 0.319340 0.201525
vt 0.319340 0.201525
vt 0.319340 0.201525
vt 0.319340 0.201525
vt 0.319340 0.201525
vt 0.319340 0.201525
vt 0.319340 0.201525
vt 0.319340 0.201525
vt 0.319340 0.201525
vt 0.319340 0.201525
vt 0.319340 0.201525
vt 0.319340 0.201525
vt 0.319340 0.201525
vt 0.319340 0.201525
vt 0.319340 0.201525
vt 0.319340 0.201525
vt 0.319340 0.201525
vt 0.319340 0.201525
vt 0.319340 0.201525
vt 0.319340 0.201525
vt 0.319340 0.201525
vt 0.319340 0.201525
vt 0.319340 0.201525
vt 0.319340 0.201525
vt 0.319340 0.201525
vt 0.319340 0.201525
vt 0.319340 0.201525
vt 0.319340 0.201525
vt 0.319340 0.201525
vt 0.319340 0.201525
vt 0.319340 0.201525
vt 0.319340 0.201525
vt 0.319340 0.201525
vn -0.7257 -0.4376 0.5310
vn -0.7201 -0.4394 0.5370
vn -0.8471 -0.4479 0.2861
vn -0.8407 -0.4561 0.2917
vn -0.8592 -0.4384 0.2637
vn -0.8595 -0.4422 0.2563
vn 0.0023 1.0000 0.0031
vn 0.0022 1.0000 0.0032
vn 0.0017 1.0000 -0.0035
vn 0.0028 1.0000 -0.0027
vn -0.0031 1.0000 0.0023
vn -0.0028 1.0000 -0.0027
vn -0.0039 1.0000 -0.0005
vn 0.0039 1.0000 0.0000
vn -0.0039 1.0000 -0.0002
vn -0.0040 1.0000 -0.0001
vn 0.0028 1.0000 0.0026
vn 0.0014 1.0000 -0.0000
vn -0.0037 1.0000 0.0012
vn 0.0036 1.0000 0.0013
vn 0.0023 1.0000 -0.0031
vn 0.0036 1.0000 0.0014
vn 0.0004 1.0000 0.0039
vn 0.0027 1.0000 -0.0028
vn 0.0042 1.0000 -0.0002
vn -0.0031 1.0000 -0.0025
vn -0.0039 1.0000 -0.0000
vn 0.0032 1.0000 0.0022
vn 0.0037 1.0000 -0.0013
vn -0.0037 1.0000 0.0011
vn -0.0039 1.0000 -0.0001
vn -0.0000 1.0000 0.0026
vn -0.0001 1.0000 -0.0005
vn -0.0015 1.0000 0.0036
vn -0.0060 1.0000 -0.0061
vn -0.0069 0.9999 -0.0092
vn 0.0069 1.0000 -0.0073
vn -0.9961 0.0353 0.0811
vn -0.9853 -0.0660 0.1574
vn -0.9515 -0.0237 0.3068
vn -0.9502 -0.0096 0.3114
vn -0.9945 0.0010 -0.1047
vn -0.9343 0.0118 -0.3564
vn -0.8996 0.0040 -0.4367
vn -0.6818 0.0039 -0.7315
vn -0.6325 0.0039 -0.7746
vn -0.2801 0.0039 -0.9599
vn -0.2472 -0.0039 -0.9690
vn 0.1638 0.0511 -0.9852
vn 0.2259 0.0190 -0.9740
vn 0.4900 -0.0318 -0.8711
vn 0.6499 -0.0589 -0.7577
vn -0.9944 0.0723 0.0768
vn -0.8740 0.0449 0.4838
vn -0.8907 0.0007 0.4546
vn -0.8522 0.0274 -0.5226
vn -0.6073 0.0118 0.7944
vn -0.4720 0.0521 0.8800
vn -0.2089 0.0118 0.9779
vn -0.0161 0.0581 0.9982
vn 0.6107 0.0088 -0.7918
vn 0.7767 0.1030 -0.6214
vn 0.7879 0.1616 -0.5942
vn 0.4956 0.0510 -0.8671
vn -0.0218 0.0274 -0.9994
vn 0.0461 0.0034 -0.9989
vn 0.8772 0.0274 -0.4793
vn -0.3853 -0.0039 -0.9228
vn -0.5018 0.0429 -0.8639
vn -0.7435 0.0039 -0.6687
vn -0.8594 0.0510 -0.5087
vn 0.2281 0.0039 0.9736
vn 0.5237 0.0588 0.8499
vn 0.6179 -0.0039 0.7863
vn 0.8219 0.0540 0.5671
vn 0.8845 0.0039 0.4665
vn 0.9644 0.0410 0.2613
vn -0.9579 0.0039 -0.2870
vn -0.9982 0.0591 0.0027
vn -0.9922 -0.0039 0.1244
vn -0.9006 0.0537 0.4313
vn -0.8427 0.0039 0.5384
vn -0.7066 0.0231 0.7072
vn -0.6995 0.0126 0.7145
vn 0.9684 0.0187 0.2486
vn -0.8586 0.4594 0.2275
vn 0.6230 0.4353 0.6499
vn 0.6652 0.0715 0.7432
vn 0.6707 0.0352 0.7409
vn 0.6979 -0.0786 0.7118
vn 0.7053 -0.1074 0.7007
vn 0.0004 -1.0000 -0.0033
vn 0.0024 -1.0000 0.0033
vn 0.0039 -1.0000 -0.0000
vn 0.0025 -1.0000 -0.0032
vn 0.0030 -1.0000 0.0016
vn 0.0038 -1.0000 0.0012
vn -0.0037 -1.0000 -0.0011
vn -0.0039 -1.0000 -0.0000
vn -0.0038 -1.0000 0.0007
vn -0.0004 -1.0000 -0.0033
vn -0.0025 -1.0000 0.0028
vn -0.0016 -1.0000 0.0013
vn 0.0042 -1.0000 -0.0019
vn -0.0038 -1.0000 0.0005
vn -0.0031 -1.0000 0.0015
vn -0.0036 -1.0000 0.0013
vn -0.0246 -0.9997 -0.0088
vn -0.0029 -1.0000 -0.0026
vn -0.0000 -1.0000 -0.0039
vn -0.0037 -1.0000 -0.0013
vn -0.0357 -0.9993 0.0136
vn 0.0025 -1.0000 -0.0019
vn -0.0015 -1.0000 0.0034
vn 0.0018 -1.0000 0.0043
vn -0.0034 -1.0000 -0.0008
vn 0.0031 -1.0000 -0.0015
vn 0.0009 -1.0000 0.0037
vn 0.0009 -1.0000 0.0038
vn 0.0019 -1.0000 0.0034
vn 0.0025 -1.0000 0.0030
vn -0.0037 -1.0000 -0.0006
vn -0.0037 -1.0000 0.0009
vn 0.0027 -1.0000 0.0041
vn 0.0012 -1.0000 -0.0020
vn -0.0007 -1.0000 0.0038
vn -0.0034 -1.0000 0.0020
vn 0.0007 -1.0000 0.0038
vn 0.0030 -1.0000 0.0025
vn 0.0024 -1.0000 0.0031
vn -0.0020 -1.0000 -0.0002
vn 0.0291 -0.9995 -0.0122
vn -0.0149 -0.9987 -0.0490
vn 0.1835 -0.4482 -0.8749
vn -0.1052 -0.4401 -0.8918
vn 0.1704 -0.4564 -0.8733
vn -0.0969 -0.4367 -0.8944
vn 0.2019 -0.4447 -0.8726
vn 0.2076 -0.4434 -0.8719
vn 0.8171 0.0001 -0.5765
vn 0.8213 -0.0005 -0.5705
vn 0.8214 -0.0008 -0.5703
vn 0.8214 0.0011 -0.5704
vn 0.0031 -1.0000 0.0021
vn 0.0275 -0.9996 0.0053
vn 0.1444 -0.9887 -0.0401
vn -0.0016 -1.0000 -0.0036
vn 0.0003 -1.0000 -0.0039
vn 0.0020 -1.0000 -0.0034
vn 0.0033 -1.0000 -0.0021
vn 0.0039 -1.0000 -0.0004
vn 0.0032 -1.0000 0.0013
vn -0.1116 -0.9904 0.0811
vn 0.0048 -1.0000 0.0078
vn 0.1508 -0.9882 0.0254
vn -0.0016 -1.0000 0.0035
vn -0.0014 -1.0000 0.0036
vn 0.0110 -0.9999 0.0082
vn 0.0039 -1.0000 0.0004
vn 0.0084 -0.9999 0.0114
vn 0.0039 -1.0000 0.0062
vn -0.0401 -0.9814 0.1879
vn -0.0023 -1.0000 0.0032
vn -0.0027 -1.0000 0.0029
vn -0.0038 -1.0000 -0.0006
vn -0.0023 -1.0000 -0.0032
vn -0.0016 -1.0000 -0.0035
vn -0.0568 -0.9778 -0.2016
vn -0.0119 -0.9999 -0.0043
vn -0.0743 -0.9842 -0.1608
vn -0.1631 -0.9842 -0.0686
vn -0.0301 -0.9764 0.2140
vn 0.1175 -0.9607 0.2516
vn 0.1346 -0.9843 0.1141
vn 0.2136 -0.9753 0.0561
vn 0.3180 -0.9477 0.0273
vn 0.1665 -0.9843 -0.0587
vn 0.1727 -0.9673 -0.1858
vn 0.1603 -0.9687 -0.1898
vn 0.0505 -0.9843 -0.1691
vn -0.0470 -0.9609 -0.2727
vn -0.1159 -0.9843 -0.1331
vn -0.0634 -0.9756 -0.2102
vn -0.2182 -0.9692 -0.1143
vn -0.1905 -0.9816 -0.0158
vn -0.1840 -0.9829 0.0027
vn -0.2006 -0.9698 0.1388
vn -0.4993 0.0036 -0.8664
vn -0.6121 0.0049 -0.7908
vn -0.4995 -0.0035 -0.8663
vn -0.5996 0.0039 -0.8003
vn -0.6741 0.0118 -0.7386
vn -0.6929 0.0118 -0.7209
vn -0.7092 0.0049 -0.7050
vn -0.7165 0.0056 -0.6976
vn -0.6943 -0.0038 -0.7197
vn -0.6912 -0.0055 -0.7227
vn -0.2546 0.0036 -0.9670
vn -0.2622 -0.0036 -0.9650
vn -0.0014 -1.0000 -0.0036
vn 0.0015 -1.0000 -0.0036
vn -0.0073 -1.0000 0.0014
vn -0.2084 -0.9754 -0.0713
vn 0.0028 -1.0000 0.0020
vn -0.0029 -1.0000 0.0011
vn 0.0019 -1.0000 -0.0034
vn 0.0013 -1.0000 -0.0037
vn 0.0028 -1.0000 -0.0027
vn -0.0036 -1.0000 0.0006
vn -0.0026 -1.0000 0.0027
vn 0.0026 -1.0000 -0.0028
vn -0.0033 -1.0000 -0.0024
vn -0.0012 -1.0000 -0.0037
vn 0.0007 -1.0000 -0.0038
vn -0.2078 -0.9764 -0.0583
vn 0.0037 -1.0000 -0.0013
vn -0.1817 -0.9834 -0.0002
vn 0.0016 -1.0000 0.0014
vn 0.0031 -1.0000 0.0001
vn 0.0038 -1.0000 -0.0077
vn 0.0034 -1.0000 0.0019
vn 0.0029 -1.0000 -0.0025
vn -0.0038 -1.0000 -0.0010
vn 0.0017 -1.0000 -0.0035
vn -0.0037 -1.0000 -0.0012
vn 0.0003 -1.0000 0.0039
vn -0.0003 -1.0000 -0.0039
vn -0.0015 -1.0000 0.0036
vn -0.0039 -1.0000 0.0004
vn -0.0010 -1.0000 0.0038
vn 0.0004 -1.0000 -0.0039
vn -0.7737 -0.4499 -0.4461
vn -0.7714 -0.4498 -0.4502
vn -0.7727 -0.4457 -0.4520
vn -0.7746 -0.4493 -0.4452
vn -0.7708 -0.4491 -0.4518
vn -0.7723 -0.4481 -0.4503
vn 0.0861 -0.0059 0.9963
vn 0.0905 -0.0037 0.9959
vn 0.0911 0.0030 0.9958
vn 0.0833 -0.0030 0.9965
vn 0.0883 -0.0047 0.9961
vn 0.0837 -0.0012 0.9965
vn 0.0853 0.0020 0.9964
vn 0.0872 0.0032 0.9962
vn 0.0886 -0.0054 0.9961
vn 0.0910 0.0030 0.9958
vn -0.9670 0.0102 -0.2546
vn -0.9650 -0.0102 -0.2622
vn 0.2591 -0.0481 0.9647
vn 0.2384 0.0360 0.9705
vn 0.2619 -0.0678 0.9627
vn 0.2314 0.0511 0.9715
vn -0.5007 -0.0009 0.8656
vn -0.3731 0.0050 0.9278
vn -0.5005 0.0011 0.8658
vn -0.3963 0.0039 0.9181
vn -0.3018 0.0119 0.9533
vn -0.2816 0.0118 0.9595
vn -0.2558 0.0048 0.9667
vn -0.2538 0.0031 0.9673
vn -0.2748 0.0008 0.9615
vn -0.2767 0.0014 0.9610
vn 0.0028 1.0000 0.0027
vn 0.0010 1.0000 -0.0036
vn 0.0005 1.0000 0.0038
vn -0.0007 1.0000 0.0037
vn 0.0009 1.0000 -0.0038
vn -0.0009 1.0000 0.0038
vn -0.0000 1.0000 0.0039
vn -0.0017 1.0000 0.0035
vn 0.0003 1.0000 0.0039
vn 0.0034 1.0000 0.0019
vn 0.0021 1.0000 0.0009
vn 0.0056 1.0000 -0.0010
vn 0.0024 1.0000 0.0043
vn -0.0029 1.0000 0.0023
vn 0.0057 0.9999 0.0133
vn -0.0003 1.0000 -0.0039
vn 0.9650 -0.0102 0.2622
vn 0.9670 0.0102 0.2546
vn 0.8605 -0.4422 -0.2530
vn 0.8679 -0.4236 -0.2594
vn 0.9565 -0.1734 -0.2347
vn 0.9476 -0.1299 -0.2918
vn 0.9641 -0.0601 -0.2586
vn 0.9636 0.0141 -0.2668
vn -0.4987 0.0047 -0.8668
vn -0.4976 0.0035 -0.8674
vn -0.5039 -0.0029 -0.8638
vn -0.5030 -0.0019 -0.8643
vn 0.2585 0.0002 -0.9660
vn 0.2595 -0.0005 -0.9657
vn 0.2552 0.0042 -0.9669
vn 0.2527 0.0015 -0.9675
vn 0.2569 0.0100 -0.9664
vn 0.2509 -0.0001 -0.9680
vn 0.2310 0.0122 -0.9729
vn 0.2240 0.0123 -0.9745
vn 0.0173 0.9856 0.1681
vn 0.0548 0.9983 0.0171
vn 0.0341 0.9988 0.0341
vn -0.0038 1.0000 -0.0009
vn -0.0001 1.0000 0.0034
vn 0.0022 1.0000 -0.0032
vn 0.0032 1.0000 0.0023
vn 0.0016 1.0000 0.0080
vn -0.0031 1.0000 -0.0022
vn 0.0030 1.0000 0.0025
vn 0.0008 1.0000 0.0014
vn -0.0032 1.0000 -0.0022
vn 0.0042 1.0000 -0.0008
vn -0.0007 1.0000 -0.0039
vn -0.0010 1.0000 -0.0009
vn 0.0014 1.0000 -0.0040
vn -0.0022 1.0000 0.0032
vn -0.0002 1.0000 0.0039
vn 0.0007 1.0000 0.0038
vn -0.0038 1.0000 0.0002
vn -0.0012 1.0000 0.0030
vn 0.0011 1.0000 -0.0042
vn 0.0025 1.0000 0.0030
vn 0.0019 1.0000 0.0034
vn -0.0010 1.0000 0.0038
vn -0.0016 1.0000 0.0036
vn 0.0037 1.0000 0.0011
vn 0.0036 1.0000 0.0015
vn -0.0039 1.0000 0.0003
vn 0.0038 1.0000 0.0011
vn 0.0011 1.0000 -0.0037
vn -0.0018 1.0000 -0.0031
vn 0.0032 1.0000 0.0013
vn -0.0013 1.0000 -0.0013
vn -0.6555 0.6427 0.3965
vn -0.7419 0.5907 0.3171
vn -0.6788 0.6078 0.4122
vn -0.6553 0.6468 0.3901
vn -0.6825 0.6850 0.2547
vn -0.7017 0.6898 0.1783
vn 0.9924 -0.0062 0.1231
vn 0.9957 0.0315 -0.0876
vn 0.9954 -0.0196 0.0935
vn 0.9895 0.1018 -0.1026
vn 0.9919 0.0039 0.1267
vn 0.9811 0.0275 -0.1916
vn 0.9857 0.0118 -0.1682
vn 0.9604 0.0258 -0.2775
vn 0.9578 0.0087 -0.2872
vn 0.9547 -0.0004 -0.2974
vn 0.9528 0.0031 -0.3037
vn 1.0000 -0.0000 0.0039
vn 1.0000 -0.0000 -0.0039
vn 0.7726 -0.4513 -0.4465
vn 0.7768 -0.4487 -0.4419
vn 0.7782 -0.4442 -0.4438
vn 0.7725 -0.4507 -0.4474
vn 0.7777 -0.4481 -0.4410
vn 0.7770 -0.4463 -0.4439
vn -0.2136 -0.4366 0.8739
vn -0.2095 -0.4296 0.8784
vn -0.2579 -0.1685 0.9514
vn -0.2259 -0.1291 0.9656
vn -0.2589 -0.0477 0.9647
vn -0.2498 -0.0010 0.9683
vn -0.0034 1.0000 -0.0019
vn -0.0022 1.0000 -0.0032
vn -0.0028 1.0000 -0.0026
vn -0.0034 1.0000 -0.0020
vn 0.0037 1.0000 -0.0010
vn -0.0037 1.0000 0.0010
vn -0.0035 1.0000 -0.0016
vn -0.0035 1.0000 -0.0017
vn -0.0034 1.0000 0.0019
vn -0.0023 1.0000 0.0010
vn -0.0056 1.0000 -0.0010
vn 0.0055 1.0000 -0.0018
vn -0.0006 1.0000 -0.0040
vn 0.0127 0.9999 -0.0020
vn 0.0035 1.0000 0.0017
vn 0.0011 -0.4469 0.8946
vn -0.0021 -0.4516 0.8922
vn -0.0062 -0.4482 0.8939
vn 0.0027 -0.4466 0.8947
vn -0.0034 -0.4512 0.8924
vn -0.0044 -0.4505 0.8928
vn 0.9668 0.0111 0.2555
vn 0.9647 -0.0111 0.2630
vn 0.9047 0.2613 0.3366
vn 0.9668 0.0110 0.2553
vn 0.9434 0.3164 0.0991
vn 0.9648 -0.0110 0.2629
vn 0.8936 0.3824 0.2352
vn 0.9017 0.3613 0.2374
vn 0.0010 -1.0000 0.0038
vn -0.0039 -1.0000 0.0003
vn 0.0008 -1.0000 0.0038
vn 0.0033 -1.0000 -0.0022
vn -0.0032 -1.0000 0.0022
vn -0.0039 -1.0000 0.0005
vn 0.0039 -1.0000 -0.0005
vn 0.0023 -1.0000 0.0032
vn 0.0032 -1.0000 -0.0022
vn 0.0038 -1.0000 -0.0010
vn -0.0035 -1.0000 0.0016
vn -0.6145 0.7064 -0.3511
vn -0.6094 0.7103 -0.3524
vn -0.6210 0.6970 -0.3584
vn -0.6164 0.7035 -0.3538
vn -0.6104 0.7067 -0.3577
vn 0.5570 0.3054 -0.7724
vn 0.7044 -0.0038 -0.7098
vn 0.7099 0.0037 -0.7043
vn 0.7409 0.2678 -0.6159
vn 0.6541 0.3790 -0.6546
vn 0.6528 0.3695 -0.6613
vn 0.9626 -0.0264 -0.2695
vn 0.9635 -0.0017 -0.2675
vn 0.9647 -0.0046 -0.2633
vn 0.9653 0.0013 -0.2610
vn 0.9249 -0.0080 -0.3801
vn 0.9279 0.0080 -0.3728
vn -0.9639 0.0154 0.2658
vn -0.9569 0.0172 0.2901
vn -0.9644 -0.0133 0.2639
vn -0.9658 0.0149 0.2590
vn -0.9657 0.0142 0.2591
vn -0.9649 -0.0106 0.2625
vn -0.9652 0.0168 0.2610
vn -0.9564 0.0240 0.2910
vn 0.0171 0.9991 -0.0379
vn -0.0100 0.9992 -0.0384
vn 0.0494 0.9982 -0.0329
vn 0.0065 1.0000 -0.0024
vn 0.0003 1.0000 0.0011
vn 0.6268 0.5753 -0.5254
vn 0.4118 0.8243 -0.3886
vn 0.3969 0.8340 -0.3833
vn 0.6374 0.5444 -0.5453
vn 0.9721 0.0143 0.2339
vn 0.9719 0.0153 0.2347
vn 0.9750 -0.0181 0.2213
vn 0.9714 0.0163 0.2367
vn 0.0275 -0.7020 0.7117
vn 0.0218 -0.7046 0.7092
vn 0.0285 -0.7031 0.7105
vn 0.0226 -0.7070 0.7068
vn -0.0034 -1.0000 0.0019
vn 0.0027 -1.0000 -0.0027
vn 0.0022 -1.0000 0.0032
vn 0.0029 -1.0000 -0.0026
vn -0.0035 -1.0000 -0.0017
vn 0.0035 -1.0000 0.0017
vn -0.0024 -1.0000 -0.0031
vn 0.0016 -1.0000 -0.0036
vn -0.0028 -1.0000 -0.0028
vn 0.0032 -1.0000 0.0023
vn 0.2622 -0.0036 0.9650
vn 0.2546 0.0036 0.9670
vn -0.9648 -0.0110 -0.2629
vn -0.9668 0.0110 -0.2553
vn -0.7098 0.0039 0.7044
vn -0.7043 -0.0039 0.7099
vn 0.2631 -0.0045 0.9648
vn 0.2555 0.0045 0.9668
vn 0.0032 1.0000 -0.0022
vn 0.0037 1.0000 -0.0011
vn 0.0010 1.0000 -0.0038
vn 0.0034 1.0000 -0.0019
vn 0.0039 1.0000 -0.0003
vn 0.0000 1.0000 -0.0039
vn -0.0040 1.0000 0.0045
vn 0.0038 1.0000 0.0088
vn -0.0019 1.0000 0.0024
vn -0.0108 0.9999 -0.0044
vn -0.0079 1.0000 0.0004
vn -0.0032 1.0000 0.0022
vn 0.4631 0.0673 0.8837
vn 0.6780 0.0319 0.7344
vn 0.8859 0.0523 0.4609
vn 0.8272 -0.0030 0.5618
vn 0.9912 0.0118 0.1315
vn 0.9985 0.0507 -0.0183
vn 0.9491 0.0117 -0.3147
vn 0.8753 0.0589 -0.4800
vn 0.7259 0.0039 -0.6878
vn 0.4765 0.0581 -0.8773
vn 0.3707 -0.0039 -0.9287
vn 0.0703 0.0521 -0.9962
vn -0.0269 0.0275 -0.9993
vn -0.2253 0.0573 -0.9726
vn -0.2029 0.0769 -0.9762
vn 0.5007 0.0039 0.8656
vn 0.2472 0.4355 -0.8656
vn 0.3004 0.0255 0.9535
vn 0.0427 0.0408 0.9983
vn 0.0585 -0.0337 0.9977
vn -0.2382 0.0029 0.9712
vn -0.2476 0.0112 0.9688
vn 0.2470 0.4196 0.8735
vn 0.0039 1.0000 -0.0005
vn -0.0037 1.0000 -0.0008
vn -0.0031 1.0000 -0.0014
vn 0.0015 1.0000 -0.0031
vn -0.0027 1.0000 0.0020
vn -0.0033 1.0000 -0.0000
vn -0.0000 1.0000 -0.0023
vn 0.0012 1.0000 -0.0025
vn -0.0020 1.0000 0.0033
vn 0.0035 1.0000 0.0019
vn 0.0014 1.0000 0.0031
vn -0.0039 1.0000 -0.0003
vn -0.0036 1.0000 -0.0018
vn -0.0019 1.0000 -0.0034
vn 0.0017 1.0000 0.0014
vn -0.0005 1.0000 0.0025
vn -0.0034 1.0000 0.0000
vn -0.5080 0.8573 0.0837
vn -0.4607 0.8748 -0.1498
vn -0.4337 0.8899 -0.1410
vn -0.5110 0.8553 0.0854
vn -0.4226 0.8594 0.2878
vn -0.3017 0.8873 0.3487
vn -0.2063 0.9042 0.3739
vn -0.2054 0.9067 0.3685
vn -0.3972 0.9100 -0.1190
vn 0.6644 -0.4483 0.5980
vn 0.8270 -0.4329 0.3586
vn 0.6751 -0.4558 0.5801
vn 0.8208 -0.4441 0.3594
vn 0.6557 -0.4425 0.6118
vn 0.6483 -0.4485 0.6152
vn 0.2952 0.9554 -0.0009
vn 0.2803 0.9599 0.0029
vn 0.2796 0.9600 -0.0114
vn 0.2849 0.9586 -0.0028
vn 0.2744 0.9616 -0.0042
vn 0.3196 0.9474 0.0149
vn 0.0011 1.0000 0.0037
vn -0.0011 1.0000 -0.0043
vn 0.0036 1.0000 0.0016
vn 0.0034 1.0000 -0.0022
vn -0.0003 1.0000 -0.0006
vn 0.0032 1.0000 -0.0021
vn 0.0003 1.0000 -0.0039
vn 0.0018 1.0000 -0.0033
vn 0.0036 1.0000 -0.0014
vn 0.0007 1.0000 -0.0038
vn 0.0035 1.0000 -0.0017
vn -0.0001 1.0000 0.0039
vn -0.0040 1.0000 0.0021
vn 0.0010 1.0000 -0.0037
vn -0.0105 0.9999 0.0065
vn -0.0030 1.0000 0.0050
vn 0.0015 1.0000 -0.0038
vn 0.0039 1.0000 -0.0004
vn -0.0009 1.0000 -0.0038
vn -0.0004 1.0000 -0.0039
vn 0.0014 1.0000 -0.0033
vn 0.0036 1.0000 -0.0010
vn -0.0007 1.0000 0.0055
vn -0.0014 1.0000 0.0055
vn -0.0190 0.6123 -0.7904
vn -0.0101 0.6459 -0.7633
vn -0.0159 0.6434 -0.7653
vn 0.0928 0.5908 -0.8014
vn 0.1207 0.6860 -0.7175
vn 0.1939 0.7060 -0.6811
vn -0.0526 -0.9740 0.2203
vn -0.0505 -0.9742 0.2201
vn -0.0530 -0.9764 0.2094
vn 0.6338 0.0039 -0.7735
vn 0.6338 -0.0039 -0.7735
vn 0.5034 0.0022 -0.8641
vn 0.6263 0.0039 -0.7796
vn 0.4481 0.0039 -0.8940
vn 0.3480 0.0028 -0.9375
vn 0.3553 -0.0028 -0.9347
vn 0.5034 -0.0022 -0.8641
vn -0.2569 0.5127 0.8192
vn -0.2551 0.5064 0.8237
vn -0.2491 0.4945 0.8327
vn -0.2572 0.4953 0.8298
vn 0.2426 -0.7098 0.6613
vn 0.2394 -0.7097 0.6626
vn 0.2697 -0.7098 0.6507
vn 0.3656 -0.7256 0.5829
vn 0.2476 -0.7099 0.6594
vn 0.3487 -0.7162 0.6045
vn 0.3522 -0.7090 0.6110
vn 0.4301 -0.7018 0.5679
vn 0.4392 -0.7473 0.4986
vn 0.4364 -0.7559 0.4879
vn 0.7117 0.0009 0.7024
vn 0.7066 -0.0003 0.7076
vn 0.7073 0.0003 0.7069
vn 0.7099 0.0038 0.7043
vn 0.7085 0.0020 0.7057
vn 0.7243 0.0020 0.6895
vn 0.8035 0.1015 0.5866
vn 0.8296 0.0944 0.5503
vn 0.6663 0.6504 0.3648
vn 0.6452 0.5907 0.4846
vn 0.6982 0.6085 0.3771
vn 0.6706 0.6388 0.3770
vn 0.5649 0.6813 0.4654
vn 0.4916 0.7078 0.5074
vn 0.8418 0.5073 -0.1842
vn 0.8459 0.4994 -0.1873
vn 0.8427 0.5017 -0.1954
vn 0.8501 0.4882 -0.1973
vn 0.4546 -0.7098 -0.5382
vn 0.4572 -0.7097 -0.5360
vn 0.4212 -0.7097 -0.5648
vn 0.3201 -0.7257 -0.6090
vn 0.4504 -0.7099 -0.5415
vn 0.3472 -0.7116 -0.6107
vn 0.3556 -0.7121 -0.6053
vn 0.2791 -0.7019 -0.6554
vn 0.2098 -0.7486 -0.6290
vn 0.2001 -0.7575 -0.6213
vn -0.7050 -0.7014 0.1054
vn -0.6546 -0.7451 0.1277
vn -0.6896 -0.7231 0.0400
vn -0.6391 -0.7570 0.1362
vn -0.6931 -0.7102 -0.1236
vn -0.6934 -0.7098 -0.1245
vn -0.6924 -0.7096 -0.1304
vn -0.6937 -0.7099 -0.1217
vn -0.6729 -0.7385 -0.0436
vn -0.7287 -0.6835 0.0429
vn -0.9905 0.0039 -0.1371
vn -0.9905 0.0039 -0.1374
vn -1.0000 0.0000 -0.0039
vn -0.9909 0.0039 -0.1349
vn -0.9934 0.0039 0.1143
vn -0.9934 0.0040 0.1143
vn -0.9858 0.0132 0.1673
vn -0.9871 -0.0132 0.1595
vn 0.6055 -0.6992 -0.3801
vn 0.6015 -0.7081 -0.3699
vn 0.6024 -0.7002 -0.3833
vn 0.5966 -0.7113 -0.3717
vn 0.2576 -0.6747 -0.6917
vn 0.2140 -0.7099 -0.6710
vn 0.2085 -0.7184 -0.6636
vn -0.0967 -0.7612 -0.6413
vn -0.0414 -0.7331 -0.6789
vn 0.2158 -0.6932 -0.6877
vn -0.0474 -0.8826 -0.4678
vn 0.0088 -0.8787 -0.4773
vn 0.0138 -0.8686 -0.4954
vn 0.2970 -0.4978 -0.8148
vn 0.0161 0.9433 -0.3316
vn 0.0239 0.9379 -0.3461
vn 0.0156 0.9460 -0.3239
vn 0.0197 0.9372 -0.3482
vn 0.0159 0.9440 -0.3297
vn 0.9803 0.1194 -0.1571
vn 0.9822 0.0731 -0.1733
vn 0.9641 -0.1243 -0.2346
vn 0.9530 -0.1683 -0.2521
vn 0.6128 0.7120 -0.3428
vn 0.6181 0.7009 -0.3561
vn 0.6117 0.7085 -0.3520
vn 0.6049 0.7119 -0.3568
vn 0.6137 0.7020 -0.3614
vn -0.4947 0.0151 0.8690
vn -0.4956 0.0067 0.8685
vn -0.4961 0.0017 0.8683
vn -0.4941 0.0248 0.8690
vn 0.9637 0.0151 -0.2666
vn 0.9655 0.0156 -0.2599
vn 0.9657 0.0155 -0.2590
vn 0.9635 -0.0145 -0.2675
vn -0.9079 -0.0009 -0.4192
vn -0.9078 -0.0012 -0.4193
vn -0.9079 0.0005 -0.4191
vn -0.9047 0.0010 -0.4261
vn -0.5808 0.5105 -0.6341
vn -0.5855 0.5045 -0.6345
vn -0.5948 0.4965 -0.6322
vn -0.5916 0.4936 -0.6374
vn -0.1338 0.9615 0.2401
vn -0.1358 0.9641 0.2283
vn -0.1427 0.9586 0.2465
vn -0.1492 0.9615 0.2309
vn -0.1312 0.9596 0.2488
vn -0.1447 0.9539 0.2628
vn -0.3786 -0.5364 0.7543
vn -0.3732 -0.5360 0.7572
vn -0.3734 -0.5375 0.7561
vn -0.3782 -0.5295 0.7594
vn -0.4640 -0.5367 -0.7047
vn -0.4667 -0.5372 -0.7026
vn -0.4708 -0.5365 -0.7004
vn -0.4687 -0.5295 -0.7071
vn 0.4031 0.5927 -0.6973
vn 0.4008 0.5942 -0.6973
vn 0.3999 0.5937 -0.6983
vn 0.4062 0.5953 -0.6933
vn -0.4056 0.0277 0.9136
vn -0.5025 -0.0012 0.8646
vn -0.4966 0.0022 0.8680
vn -0.4729 -0.0228 0.8808
vn -0.3199 -0.0250 0.9471
vn 0.8706 -0.4612 -0.1713
vn 0.8707 -0.4616 -0.1697
vn 0.8816 -0.4326 -0.1891
vn 0.8778 -0.4461 -0.1746
vn -0.6883 -0.0012 0.7254
vn -0.6890 -0.0002 0.7248
vn -0.6796 -0.0134 0.7335
vn -0.6909 0.0084 0.7229
vn -0.9678 0.0242 -0.2504
vn -0.9718 -0.0001 -0.2360
vn -0.9719 -0.0031 -0.2355
vn -0.9748 -0.0113 -0.2228
vn -0.5014 -0.0058 0.8652
vn -0.4965 0.0100 0.8680
vn -0.5033 -0.0022 0.8641
vn -0.4997 -0.0087 0.8661
vn -0.5034 -0.0022 0.8641
vn 0.4487 -0.4526 -0.7706
vn 0.4501 -0.4518 -0.7703
vn 0.4460 -0.4418 -0.7784
vn 0.4447 -0.4425 -0.7787
vn 0.0306 0.9994 0.0156
vn -0.0250 0.9992 0.0315
vn 0.0311 0.9977 0.0596
vn 0.0043 1.0000 0.0018
vn 0.0024 1.0000 0.0014
vn -0.7126 -0.0000 -0.7016
vn -0.7078 0.0011 -0.7064
vn -0.7079 0.0011 -0.7063
vn -0.7127 0.0001 -0.7015
vn 0.1637 0.2695 0.9490
vn 0.2624 -0.0038 0.9650
vn 0.3881 0.3132 0.8668
vn 0.2548 0.0038 0.9670
vn 0.2368 0.3799 0.8942
vn 0.2475 0.3685 0.8961
vn -0.6916 0.0233 0.7219
vn -0.6867 0.0123 0.7269
vn -0.6811 -0.0244 0.7318
vn -0.6793 -0.0367 0.7330
vn -0.6507 -0.4293 -0.6263
vn -0.6527 -0.4370 -0.6188
vn -0.6960 -0.1681 -0.6980
vn -0.7182 -0.1277 -0.6840
vn -0.7058 -0.0489 -0.7067
vn -0.7137 -0.0013 -0.7005
vn -0.9660 0.0140 0.2583
vn -0.9639 -0.0140 0.2658
vn -0.3876 0.3127 -0.8672
vn -0.2629 -0.0043 -0.9648
vn -0.2553 0.0043 -0.9668
vn -0.1627 0.2709 -0.9488
vn -0.2368 0.3800 -0.8942
vn -0.2462 0.3647 -0.8980
vn 0.6605 -0.0008 0.7508
vn 0.6617 -0.0104 0.7497
vn 0.6541 0.0029 0.7564
vn 0.6657 -0.0260 0.7457
vn 0.8210 -0.0015 -0.5710
vn 0.8186 0.0018 -0.5744
vn 0.8173 -0.0001 -0.5762
vn 0.8197 0.0039 -0.5727
vn 0.3466 0.8222 -0.4516
vn 0.3543 0.8188 -0.4516
vn 0.3476 0.8235 -0.4484
vn -0.8691 0.0010 0.4947
vn -0.8722 -0.0002 0.4892
vn -0.8691 -0.0009 0.4947
vn -0.8661 -0.0035 0.4998
vn -0.8682 0.0091 0.4961
vn -0.8652 0.0009 0.5015
vn -0.8754 0.0047 0.4834
vn 0.6359 -0.7127 0.2963
vn 0.6350 -0.7015 0.3236
vn 0.6360 -0.7006 0.3235
vn 0.6351 -0.7132 0.2966
vn -0.7046 -0.0034 0.7096
vn -0.7046 -0.0034 0.7095
vn -0.7102 0.0034 0.7040
vn 0.9931 0.0359 -0.1117
vn 1.0000 0.0011 0.0028
vn 0.9992 -0.0258 -0.0318
vn 0.9774 -0.0342 -0.2086
vn -0.7720 0.6356 -0.0017
vn -0.7709 0.6370 0.0036
vn -0.8019 0.5974 0.0008
vn -0.8346 0.5508 -0.0036
vn -0.0620 -0.9981 0.0068
vn -0.0241 -0.9898 0.1402
vn -0.1264 -0.9869 -0.1001
vn -0.2623 -0.9639 0.0457
vn -0.1618 -0.9843 0.0700
vn -0.1520 -0.9750 0.1619
vn -0.1935 -0.9528 0.2338
vn -0.0323 -0.9843 0.1735
vn 0.0780 -0.9742 0.2120
vn 0.0833 -0.9687 0.2339
vn 0.1215 -0.9843 0.1280
vn 0.2382 -0.9638 0.1194
vn 0.1757 -0.9844 -0.0125
vn 0.2080 -0.9779 0.0204
vn 0.1983 -0.9682 -0.1525
vn 0.0903 -0.9843 -0.1520
vn 0.0838 -0.9843 -0.1553
vn -0.0167 -0.9764 -0.2155
vn -0.7016 -0.6917 0.1712
vn -0.6872 -0.7099 0.1541
vn -0.5081 -0.7612 0.4030
vn -0.7306 -0.6662 0.1496
vn -0.5562 -0.7344 0.3890
vn -0.7012 -0.6944 0.1617
vn -0.3906 -0.8820 0.2634
vn -0.4211 -0.8772 0.2307
vn -0.4308 -0.8710 0.2359
vn -0.8277 -0.5375 0.1611
vn -0.0020 -1.0000 -0.0034
vn -0.0006 -1.0000 0.0038
vn -0.0039 -1.0000 -0.0013
vn 0.0017 -1.0000 0.0017
vn -0.0026 -1.0000 0.0022
vn 0.0011 -1.0000 0.0029
vn 0.0038 -1.0000 -0.0004
vn 0.0019 -1.0000 -0.0036
vn 0.0039 -1.0000 0.0013
vn 0.0020 -1.0000 0.0031
vn -0.0003 -1.0000 0.0024
vn -0.0026 -1.0000 0.0012
vn 0.0031 -1.0000 0.0000
vn -0.0015 -1.0000 0.0024
vn 0.0021 -1.0000 0.0035
vn 0.8669 0.0034 0.4985
vn 0.8586 -0.0020 0.5126
vn 0.8669 -0.0034 0.4985
vn 0.8650 -0.0051 0.5017
vn 0.8644 0.0110 0.5026
vn 0.8577 0.0024 0.5141
vn 0.0427 0.9833 0.1769
vn 0.0390 0.9845 0.1712
vn 0.0438 0.9834 0.1760
vn -0.2616 0.0366 0.9645
vn -0.2589 0.0232 0.9656
vn -0.2441 -0.0392 0.9690
vn -0.2391 -0.0509 0.9697
vn 0.2762 0.9435 0.1830
vn 0.2607 0.9530 0.1543
vn 0.2785 0.9427 0.1837
vn 0.2829 0.9425 0.1780
vn 0.2680 0.9476 0.1739
vn 0.2457 0.9531 0.1769
vn 0.5169 0.6217 -0.5884
vn 0.6129 0.6462 -0.4548
vn 0.6481 0.6614 -0.3776
vn 0.4545 0.6651 -0.5925
vn -0.7868 -0.0016 -0.6172
vn -0.7916 0.0016 -0.6110
vn -0.7868 0.0016 -0.6172
vn 1.0000 -0.0047 0.0034
vn 1.0000 0.0081 -0.0037
vn 1.0000 -0.0001 0.0040
vn 1.0000 -0.0077 0.0016
vn -0.8637 -0.5039 0.0077
vn -0.8637 -0.5040 -0.0072
vn -0.9213 -0.3887 -0.0077
vn -0.9213 -0.3887 0.0072
vn -0.0017 -0.0017 -1.0000
vn 0.0097 0.0018 -1.0000
vn 0.0061 0.0018 -1.0000
vn -0.0015 -0.0019 -1.0000
vn 0.0063 0.0078 -1.0000
vn -0.0018 -0.0018 -1.0000
vn 0.0206 0.0079 -0.9998
vn -0.4966 0.0022 -0.8680
vn -0.5033 -0.0022 -0.8641
vn -0.1436 0.9598 -0.2413
vn -0.1474 0.9600 -0.2381
vn -0.1383 0.9580 -0.2512
vn -0.1428 0.9609 -0.2374
vn -0.1548 0.9554 -0.2513
vn -0.1546 0.9533 -0.2596
vn 0.2608 0.0020 -0.9654
vn 0.2445 0.0755 -0.9667
vn 0.2612 0.0055 -0.9653
vn 0.2891 0.0422 -0.9564
vn 0.2603 -0.0017 -0.9655
vn 0.2594 0.0011 -0.9658
vn 0.2587 0.0022 -0.9659
vn -0.2860 -0.4429 0.8497
vn -0.2870 -0.4437 0.8490
vn -0.2778 -0.4437 0.8520
vn -0.2879 -0.4494 0.8457
vn 0.6744 -0.0016 -0.7384
vn 0.6801 0.0016 -0.7331
vn 0.8952 -0.0073 0.4456
vn 0.8917 0.0073 0.4526
vn 0.4697 -0.7206 0.5100
vn 0.4706 -0.7101 0.5237
vn 0.6014 -0.7613 0.2421
vn 0.4717 -0.6723 0.5705
vn 0.6080 -0.7329 0.3054
vn 0.4899 -0.6941 0.5275
vn 0.4321 -0.8829 0.1836
vn 0.4109 -0.8766 0.2504
vn 0.4252 -0.8639 0.2699
vn 0.5577 -0.4978 0.6642
vn -0.3571 -0.7022 -0.6160
vn -0.3559 -0.7008 -0.6182
vn -0.3523 -0.7052 -0.6153
vn -0.3511 -0.7117 -0.6084
vn 0.4438 -0.4433 0.7788
vn 0.4451 -0.4424 0.7786
vn 0.4509 -0.4511 0.7702
vn 0.4496 -0.4521 0.7704
vn -0.9947 0.0345 -0.0972
vn -0.9932 0.0225 -0.1139
vn -0.9944 -0.0104 -0.1056
vn -0.9935 0.0003 -0.1134
vn 0.9563 -0.0948 0.2766
vn 0.9415 0.0650 0.3306
vn 0.9565 -0.1323 0.2599
vn 0.9365 0.0998 0.3360
vn 0.7064 -0.0008 0.7078
vn 0.7120 0.0008 0.7022
vn -0.7410 0.2680 0.6158
vn -0.7044 -0.0038 0.7098
vn -0.5565 0.3061 0.7724
vn -0.7099 0.0037 0.7043
vn -0.6540 0.3800 0.6541
vn -0.6587 0.3638 0.6586
vn 0.2595 -0.0008 -0.9658
vn 0.2519 0.0008 -0.9677
vn -0.1411 0.0000 -0.9900
vn -0.1334 -0.0000 -0.9911
vn 0.2949 0.0035 -0.9555
vn 0.3023 -0.0035 -0.9532
vn 0.2949 -0.0035 -0.9555
vn 0.3023 0.0035 -0.9532
vn -0.0616 0.0011 -0.9981
vn -0.0538 -0.0011 -0.9985
vn -0.0538 -0.0011 -0.9986
vn -0.7148 -0.5177 0.4702
vn -0.7155 -0.5203 0.4662
vn -0.7168 -0.5131 0.4722
vn -0.7082 -0.5249 0.4721
vn -0.5932 -0.4424 -0.6726
vn -0.5920 -0.4432 -0.6731
vn -0.5950 -0.4516 -0.6649
vn -0.5903 -0.4458 -0.6728
vn -0.7658 0.6241 -0.1550
vn -0.7031 0.6441 -0.3012
vn -0.6560 0.6613 -0.3638
vn -0.7365 0.6697 -0.0951
vn -0.8806 0.0194 -0.4735
vn -0.8641 -0.0065 -0.5032
vn -0.8724 0.0258 -0.4882
vn -0.8917 0.0392 -0.4509
vn -0.8653 -0.0041 -0.5012
vn -0.9664 0.0119 0.2569
vn -0.9662 -0.0056 0.2578
vn -0.9591 0.0766 0.2723
vn -0.9721 0.0425 0.2308
vn -0.9623 -0.0059 0.2721
vn -0.9642 -0.0142 0.2648
vn -0.9631 0.0129 0.2688
vn -0.0022 1.0000 0.0000
vn -0.0396 0.9988 -0.0288
vn 0.0039 1.0000 0.0021
vn 0.0015 1.0000 0.0031
vn -0.0262 0.9997 0.0031
vn -0.1218 0.9920 -0.0343
vn -0.0134 0.9999 -0.0063
vn 0.0197 0.9995 -0.0250
vn 0.0063 1.0000 0.0047
vn -0.0164 0.9995 0.0258
vn -0.0419 0.9968 0.0685
vn -0.0131 0.9999 0.0015
vn -0.0098 0.9999 -0.0024
vn -0.0039 1.0000 -0.0040
vn -0.0034 1.0000 0.0017
vn -0.0016 1.0000 0.0038
vn -0.0234 0.9991 -0.0354
vn -0.0746 0.9956 0.0572
vn 0.3520 -0.0039 0.9360
vn 0.4967 -0.0023 0.8679
vn 0.3612 0.0039 0.9325
vn 0.5524 0.0039 0.8336
vn 0.6378 -0.0044 0.7702
vn 0.6318 0.0044 0.7751
vn 0.4967 0.0023 0.8679
vn 0.9005 -0.0017 0.4349
vn 0.8971 0.0017 0.4419
vn -0.9767 0.0030 -0.2148
vn -0.9749 -0.0030 -0.2224
vn 0.3203 -0.0011 -0.9473
vn 0.3195 -0.0100 -0.9475
vn 0.3272 0.0022 -0.9449
vn 0.3116 -0.0215 -0.9500
vn -0.9060 -0.0041 -0.4234
vn -0.9059 0.0005 -0.4234
vn -0.9079 0.0005 -0.4193
vn 0.4797 0.8446 0.2376
vn 0.5015 0.8333 0.2327
vn 0.4825 0.8406 0.2462
vn 0.0189 0.0179 0.9997
vn -0.0090 0.0123 0.9999
vn 0.0152 0.0251 0.9996
vn 0.0409 0.0458 0.9981
vn 0.4003 0.5981 0.6943
vn 0.4018 0.5995 0.6922
vn 0.4026 0.6009 0.6905
vn 0.3993 0.5900 0.7018
vn -0.0064 0.7070 0.7072
vn 0.0030 0.7047 0.7095
vn -0.0061 0.7063 0.7079
vn -0.0006 0.7102 0.7040
vn 0.0028 0.7068 0.7074
vn -0.4976 -0.0052 -0.8674
vn -0.5034 -0.0022 -0.8641
vn -0.4958 -0.0027 -0.8685
vn -0.5037 0.0054 -0.8638
vn -0.8268 0.0027 0.5626
vn -0.8312 -0.0027 0.5560
vn -0.8311 -0.0027 0.5561
vn 0.9996 0.0260 -0.0072
vn 0.9999 0.0089 -0.0050
vn 1.0000 -0.0006 -0.0045
vn 0.9999 0.0135 -0.0055
vn -0.0739 -0.0033 -0.9973
vn -0.0660 0.0033 -0.9978
vn -0.8312 0.0028 0.5559
vn -0.8268 -0.0028 0.5625
vn -0.8268 0.0028 0.5625
vn -0.2810 0.0067 -0.9597
vn -0.2831 -0.0007 -0.9591
vn -0.2841 -0.0017 -0.9588
vn -0.2957 -0.0101 -0.9552
vn -0.7219 0.0010 -0.6919
vn -0.8879 -0.0283 -0.4591
vn -0.7151 0.0080 -0.6989
vn -0.4545 0.8331 0.3152
vn -0.4554 0.8364 0.3049
vn -0.4508 0.8354 0.3144
vn 0.2548 0.0038 -0.9670
vn 0.2624 -0.0038 -0.9650
vn 0.2565 -0.0100 -0.9665
vn 0.2574 -0.0092 -0.9663
vn 0.2559 -0.0127 -0.9666
vn 0.2552 -0.0121 -0.9668
vn -0.5833 0.0258 -0.8118
vn -0.4974 0.0032 -0.8675
vn -0.5268 -0.0189 -0.8498
vn -0.6615 -0.0232 -0.7496
vn 0.8596 0.0112 -0.5109
vn 0.8662 0.0026 -0.4996
vn 0.8565 0.0247 -0.5155
vn 0.8484 0.0209 -0.5289
vn -0.9628 0.0201 -0.2696
vn -0.9757 0.0274 -0.2173
vn -0.9756 0.0156 -0.2191
vn -0.9652 -0.0046 -0.2615
vn -0.9808 -0.0211 -0.1938
vn 0.2021 -0.6155 0.7618
vn 0.2791 -0.6843 0.6737
vn 0.3526 -0.7264 0.5900
vn 0.5649 -0.6935 0.4472
vn 0.5965 -0.7182 0.3585
vn 0.6992 -0.6997 0.1470
vn 0.7055 -0.7087 0.0026
vn 0.6664 -0.7018 -0.2519
vn 0.6369 -0.7097 -0.3012
vn 0.4442 -0.7099 -0.5466
vn 0.4284 -0.7098 -0.5592
vn 0.1233 -0.7098 -0.6935
vn 0.1195 -0.7098 -0.6942
vn -0.1687 -0.7018 -0.6921
vn -0.2166 -0.7098 -0.6703
vn -0.4351 -0.6934 -0.5744
vn -0.4891 -0.7182 -0.4950
vn -0.6569 -0.6700 -0.3459
vn -0.6446 -0.7343 -0.2130
vn -0.8078 -0.5799 -0.1053
vn -0.8109 -0.5746 -0.1107
vn -0.0736 -0.0030 -0.9973
vn -0.0658 0.0030 -0.9978
vn -0.7916 0.0016 0.6110
vn -0.7868 -0.0016 0.6172
vn -0.9767 0.0030 0.2148
vn -0.9749 -0.0030 0.2224
vn 0.6750 0.0008 0.7378
vn 0.6757 -0.0077 0.7371
vn 0.6798 -0.0058 0.7334
vn 0.6744 -0.0016 0.7384
vn 0.9278 -0.0007 0.3732
vn 0.9253 0.0143 0.3789
vn 0.9280 0.0077 0.3725
vn 0.9254 -0.0069 0.3790
vn -0.5479 0.8232 -0.1487
vn -0.5024 0.8646 -0.0061
vn -0.5912 0.7328 -0.3368
vn -0.6047 0.7098 -0.3613
vn -0.3542 0.7098 -0.6089
vn -0.3537 0.7098 -0.6092
vn -0.0069 0.7098 -0.7044
vn -0.0073 0.7098 -0.7044
vn 0.2832 0.7100 -0.6448
vn 0.2877 0.7087 -0.6442
vn 0.4266 0.7031 -0.5689
vn 0.0229 0.9997 0.0126
vn -0.0052 1.0000 -0.0021
vn 0.0110 0.9999 -0.0017
vn 0.0443 0.9988 0.0205
vn 0.0709 0.9968 -0.0368
vn 0.0995 0.9930 0.0635
vn 0.0008 1.0000 -0.0016
vn -0.0020 0.9998 -0.0195
vn 0.0046 0.9998 -0.0189
vn -0.0555 0.9974 -0.0467
vn 0.0035 0.9995 -0.0313
vn -0.0128 0.9999 0.0030
vn -0.0008 1.0000 -0.0036
vn 0.1360 0.9905 -0.0225
vn 0.0087 1.0000 0.0029
vn 0.0135 0.9999 0.0001
vn -0.0638 0.9947 -0.0811
vn -0.8336 0.0009 0.5524
vn -0.8379 -0.0009 0.5458
vn -0.0039 -1.0000 0.0019
vn -0.0026 -1.0000 -0.0034
vn -0.0014 -1.0000 0.0046
vn -0.0019 -1.0000 0.0034
vn -0.0010 -1.0000 -0.0050
vn 0.0032 -1.0000 -0.0016
vn -0.0038 -1.0000 -0.0045
vn -0.0005 -1.0000 -0.0047
vn 0.0026 -1.0000 -0.0024
vn 0.0029 -1.0000 0.0040
vn 0.0039 -1.0000 -0.0002
vn 0.0013 -1.0000 0.0045
vn 0.0012 -1.0000 -0.0028
vn 0.0033 -1.0000 0.0021
vn -0.7159 -0.0221 -0.6979
vn -0.7110 -0.0136 -0.7030
vn -0.7123 -0.0154 -0.7017
vn -0.7096 -0.0121 -0.7045
vn -0.6071 0.7095 0.3578
vn -0.3698 0.7341 0.5695
vn -0.2786 0.6825 0.6757
vn -0.2227 0.6108 0.7599
vn -0.5823 0.7098 0.3964
vn -0.5843 0.7885 0.1919
vn -0.5780 0.7926 0.1942
vn -1.0000 -0.0018 0.0021
vn -1.0000 -0.0038 0.0027
vn -1.0000 -0.0046 -0.0030
vn -1.0000 0.0019 0.0034
vn -1.0000 -0.0019 -0.0034
vn -0.9998 -0.0167 0.0137
vn -0.6310 -0.6996 -0.3353
vn -0.6785 -0.6423 -0.3565
vn -0.6670 -0.6576 -0.3502
vn -0.6285 -0.6981 -0.3429
vn 0.5733 0.8054 0.1508
vn 0.7072 0.7070 0.0000
vn 0.6941 0.7176 0.0566
vn 0.5733 0.8054 -0.1508
vn 0.5818 0.7991 0.1518
vn 0.5818 0.7991 -0.1518
vn -0.7633 -0.0431 0.6446
vn -0.6856 -0.0118 0.7279
vn -0.9133 -0.0196 0.4068
vn -0.5482 -0.0217 0.8361
vn -0.9778 -0.0510 0.2033
vn -0.5273 0.0014 0.8497
vn -0.9998 -0.0196 0.0016
vn -0.9574 -0.0431 -0.2855
vn -0.9245 -0.0109 -0.3811
vn -0.8315 -0.0145 -0.5553
vn -0.8269 0.0099 -0.5623
vn 0.3346 0.8558 0.3945
vn 0.1047 0.8712 0.4796
vn 0.1122 0.8905 0.4408
vn 0.3472 0.8542 0.3871
vn 0.4663 0.8603 0.2059
vn 0.4585 0.8855 0.0759
vn 0.4311 0.9023 -0.0048
vn 0.4177 0.9085 -0.0099
vn 0.1039 0.9049 0.4128
vn 0.8952 -0.0072 0.4456
vn 0.8917 0.0072 0.4526
vn 0.1699 0.8549 -0.4902
vn 0.3623 0.8720 -0.3292
vn 0.3246 0.8903 -0.3194
vn 0.1584 0.8534 -0.4966
vn -0.0499 0.8601 -0.5077
vn -0.1507 0.8874 -0.4357
vn -0.2206 0.9043 -0.3656
vn -0.2165 0.9067 -0.3620
vn 0.3056 0.9074 -0.2885
vn -0.2706 -0.0195 -0.9625
vn -0.2640 -0.0131 -0.9644
vn -0.2659 -0.0151 -0.9639
vn -0.2619 -0.0047 -0.9651
vn 0.7051 -0.0074 -0.7091
vn 0.7057 -0.0065 -0.7085
vn 0.7050 -0.0051 -0.7091
vn 0.7045 -0.0155 -0.7095
vn 0.9948 -0.0843 0.0567
vn 0.9767 -0.0117 0.2142
vn 0.9418 -0.0431 0.3334
vn 0.8053 -0.0196 0.5925
vn 0.6640 -0.0510 0.7460
vn 0.9989 0.0356 0.0316
vn 0.5030 -0.0196 0.8641
vn 0.2329 -0.0431 0.9716
vn 0.1430 -0.0083 0.9897
vn -0.0675 -0.0074 0.9977
vn -0.0742 0.0124 0.9972
vn -0.1354 0.0058 0.9908
vn -0.1413 -0.0002 0.9900
vn -0.1421 0.0010 0.9899
vn -0.1398 0.0066 0.9902
vn 0.0000 0.9994 0.0332
vn 0.0401 0.9991 -0.0109
vn -0.0065 0.9998 0.0175
vn -0.0045 1.0000 -0.0078
vn 0.0213 0.9997 0.0095
vn -0.0061 0.9921 0.1252
vn 0.0507 0.9987 0.0004
vn 0.0039 1.0000 0.0001
vn 0.0198 0.9998 0.0074
vn 0.0424 0.9976 0.0556
vn 0.0003 0.9998 0.0187
vn 0.0024 1.0000 -0.0054
vn 0.0028 1.0000 0.0024
vn -0.0000 1.0000 0.0042
vn 0.0004 1.0000 -0.0026
vn 0.0038 1.0000 -0.0002
vn -0.0368 0.9989 0.0289
vn 0.0532 0.9986 -0.0081
vn -0.4422 -0.0340 0.8963
vn -0.4374 -0.0219 0.8990
vn -0.4276 -0.0038 0.9040
vn -0.4561 -0.0611 0.8878
vn -0.7017 -0.0122 0.7124
vn -0.7032 -0.0100 0.7109
vn -0.7101 -0.0043 0.7041
vn -0.6978 -0.0138 0.7162
vn 0.2683 -0.0138 0.9632
vn 0.2631 -0.0121 0.9647
vn 0.2641 -0.0132 0.9644
vn 0.2601 -0.0065 0.9656
vn -0.2968 0.9434 0.1478
vn -0.2883 0.9425 0.1690
vn -0.2845 0.9472 0.1480
vn -0.2906 0.9437 0.1578
vn -0.2969 0.9425 0.1532
vn -0.2620 0.9545 0.1422
vn 0.2477 0.6249 0.7403
vn 0.0860 0.6473 0.7574
vn 0.0117 0.6614 0.7499
vn 0.2867 0.6631 0.6914
vn 0.0737 -0.0031 0.9973
vn 0.0659 0.0031 0.9978
vn 0.6078 -0.7095 0.3565
vn 0.6156 -0.7041 0.3540
vn 0.6079 -0.7099 0.3558
vn 0.6158 -0.7041 0.3535
vn -0.9804 -0.0240 0.1955
vn -0.9803 0.0061 0.1974
vn -0.9820 0.0157 0.1880
vn -0.9786 -0.0313 0.2034
vn 0.0845 0.0019 0.9964
vn 0.0937 -0.0002 0.9956
vn 0.0897 -0.0044 0.9960
vn 0.0807 -0.0046 0.9967
vn -0.9006 -0.0018 -0.4347
vn -0.8971 0.0018 -0.4418
vn 0.8267 0.0026 -0.5627
vn 0.8311 -0.0026 -0.5562
vn 0.8267 0.0025 -0.5626
vn 0.5042 -0.0056 -0.8636
vn 0.4981 -0.0040 -0.8671
vn 0.4992 -0.0118 -0.8664
vn 0.5039 -0.0010 -0.8637
vn 0.4963 -0.0011 -0.8681
vn 0.4812 0.0019 -0.8766
vn 0.5033 -0.0021 -0.8641
vn 0.5018 0.0005 0.8650
vn 0.5041 -0.0037 0.8636
vn 0.4991 -0.0036 0.8665
vn 0.5040 -0.0000 0.8637
vn 0.4960 -0.0002 0.8683
vn 0.5168 -0.0015 0.8561
vn 0.5054 0.0225 0.8626
vn 0.2940 -0.0606 0.9539
vn 0.5263 0.0432 0.8492
vn 0.2419 -0.0606 0.9684
vn 0.0050 -0.7092 -0.7050
vn -0.0013 -0.7044 -0.7098
vn 0.0044 -0.7096 -0.7046
vn -0.0019 -0.7045 -0.7098
vn 0.6897 0.0049 -0.7240
vn 0.6912 0.0079 -0.7227
vn 0.6805 -0.0068 -0.7327
vn 0.7005 0.0293 -0.7131
vn 0.2672 0.0241 0.9633
vn 0.2810 0.0093 0.9597
vn 0.2832 0.0063 0.9591
vn 0.2945 -0.0035 0.9557
vn 0.6263 0.5625 0.5398
vn 0.2934 0.9041 0.3108
vn 0.4357 0.8019 0.4088
vn 0.6374 0.5442 0.5454
vn 0.2838 0.9195 0.2719
vn -0.6074 -0.7144 0.3473
vn -0.6198 -0.6990 0.3568
vn -0.6072 -0.7143 0.3479
vn -0.6190 -0.6994 0.3572
vn -0.5948 -0.7747 0.2146
vn -0.5809 -0.7905 0.1940
vn -0.7617 -0.5779 0.2931
vn -0.7708 -0.5708 0.2830
vn 0.2566 -0.0135 -0.9664
vn 0.2564 -0.0102 -0.9665
vn 0.2554 -0.0113 -0.9668
vn 0.2574 -0.0144 -0.9662
vn 0.3015 -0.0044 0.9535
vn 0.2948 -0.0033 0.9556
vn 0.3010 -0.0114 0.9536
vn 0.3023 0.0035 0.9532
vn 0.5000 0.0181 -0.8658
vn 0.6805 -0.0584 -0.7304
vn 0.4742 0.0435 -0.8793
vn 0.7194 -0.0640 -0.6916
vn 0.9788 0.0156 -0.2042
vn 0.9801 -0.0148 -0.1977
vn 0.9765 -0.0036 -0.2156
vn 0.9779 0.0138 -0.2087
vn 0.9813 -0.0127 -0.1922
vn -0.2933 -0.0353 -0.9554
vn -0.4895 -0.0973 -0.8665
vn -0.3633 -0.0078 -0.9316
vn -0.4971 -0.1228 -0.8589
vn 0.0236 -0.0117 -0.9997
vn 0.2317 -0.0431 -0.9718
vn 0.4431 -0.0118 -0.8964
vn 0.5619 -0.0049 -0.8272
vn 0.6185 0.0614 -0.7834
vn -0.6545 -0.7407 0.1515
vn -0.5555 -0.8117 -0.1803
vn -0.4643 -0.7569 -0.4600
vn -0.5420 -0.6314 -0.5546
vn -0.1599 -0.8118 -0.5616
vn 0.1240 -0.7568 -0.6418
vn 0.1903 -0.6157 -0.7647
vn 0.3794 -0.8196 -0.4293
vn 0.6253 -0.7489 -0.2193
vn 0.7379 -0.6157 -0.2765
vn 0.6009 -0.7988 0.0302
vn 0.5750 -0.8148 0.0742
vn -0.7674 -0.6156 0.1793
vn -0.4770 -0.7804 0.4042
vn -0.3509 -0.7328 0.5830
vn -0.2730 -0.7250 0.6324
vn -0.1757 -0.7598 0.6260
vn 0.7536 0.0092 0.6573
vn 0.7540 0.0115 0.6567
vn 0.7479 0.0061 0.6638
vn 0.7491 0.0039 0.6625
vn 0.5639 0.0036 -0.8258
vn 0.4774 0.0383 -0.8779
vn 0.5927 0.0126 -0.8053
vn 0.4457 0.0622 -0.8930
vn 0.9714 -0.0353 0.2347
vn 0.8509 -0.0117 0.5252
vn 0.7317 -0.0431 0.6802
vn 0.5568 -0.0118 0.8306
vn 0.4327 0.0012 0.9015
vn 0.3697 0.0617 0.9271
vn 0.9888 -0.0085 0.1491
vn 0.9861 -0.1655 0.0119
vn 0.9889 -0.1481 -0.0091
vn -0.0064 -0.0513 0.9987
vn -0.0488 -0.1387 0.9891
vn 0.0189 -0.0147 0.9997
vn 0.0623 0.0701 0.9956
vn -0.6818 -0.0353 0.7306
vn -0.8787 -0.0117 0.4772
vn -0.9595 -0.0431 0.2782
vn -0.9916 -0.0118 0.1288
vn -0.9937 0.0517 -0.0994
vn -0.9847 0.0831 -0.1529
vn -0.6292 -0.0061 0.7773
vn -0.5060 -0.0978 0.8569
vn -0.4962 -0.1186 0.8601
vn -0.4143 0.8504 -0.3243
vn -0.4210 0.8501 -0.3164
vn -0.4226 0.8484 -0.3188
vn -0.9037 0.2793 -0.3246
vn -0.9080 0.2710 -0.3195
vn -0.9035 0.2783 -0.3260
vn -0.9660 0.0138 0.2581
vn -0.9640 -0.0138 0.2656
vn -0.4287 -0.7753 0.4638
vn -0.4281 -0.6775 0.5981
vn -0.2874 -0.7412 0.6066
vn -0.1675 -0.7776 0.6061
vn -0.4251 -0.7819 0.4559
vn -0.5594 0.8205 -0.1176
vn -0.5673 0.8148 -0.1196
vn -0.5598 0.8163 -0.1424
vn 0.9641 0.0003 -0.2656
vn 0.9646 0.0022 -0.2638
vn 0.9651 0.0020 -0.2619
vn 0.9624 -0.0261 -0.2703
vn -0.0019 -1.0000 -0.0034
vn 0.0007 -1.0000 0.0026
vn -0.0041 -1.0000 0.0035
vn -0.0011 -1.0000 0.0029
vn 0.0020 -1.0000 0.0018
vn 0.0039 -1.0000 0.0012
vn -0.0037 -1.0000 0.0000
vn 0.0009 -1.0000 0.0028
vn -0.0033 -1.0000 0.0019
vn -0.0001 -1.0000 -0.0038
vn 0.0021 -1.0000 -0.0032
vn -0.0022 -1.0000 -0.0035
vn 0.0026 -1.0000 0.0000
vn 0.0015 -1.0000 -0.0011
vn 0.0020 -1.0000 0.0034
vn -0.0018 -1.0000 -0.0034
vn 0.3552 -0.7450 0.5647
vn 0.3493 -0.7491 0.5630
vn 0.3299 -0.7538 0.5683
vn 0.3310 -0.7565 0.5640
vn -0.6473 0.7622 0.0006
vn -0.6648 0.7470 -0.0066
vn -0.6628 0.7487 -0.0118
vn -0.7199 0.6929 -0.0392
vn -0.6667 -0.0014 -0.7453
vn -0.6612 0.0018 -0.7502
vn -0.6627 -0.0037 -0.7488
vn -0.6661 -0.0023 -0.7459
vn -0.6617 0.0029 -0.7498
vn 0.7090 -0.0106 0.7051
vn 0.7083 -0.0097 0.7058
vn 0.7092 -0.0126 0.7049
vn 0.7097 -0.0119 0.7044
vn -0.2538 -0.0120 0.9672
vn -0.2493 -0.0176 0.9683
vn -0.2561 -0.0130 0.9666
vn -0.2466 -0.0192 0.9689
vn 0.2624 -0.0121 0.9649
vn 0.2603 -0.0092 0.9655
vn 0.2611 -0.0101 0.9653
vn 0.2618 -0.0047 0.9651
vn -0.4502 -0.0283 -0.8925
vn -0.2959 -0.0118 -0.9552
vn -0.1830 -0.0431 -0.9822
vn 0.1120 -0.0196 -0.9935
vn 0.3105 -0.0510 -0.9492
vn -0.4724 -0.0026 -0.8814
vn 0.4929 -0.0196 -0.8698
vn 0.7288 -0.0431 -0.6834
vn 0.7849 -0.0081 -0.6195
vn 0.8977 -0.0074 -0.4405
vn 0.9031 0.0224 -0.4288
vn -0.5548 -0.0325 -0.8313
vn -0.5600 -0.0206 -0.8282
vn -0.5757 0.0048 -0.8176
vn -0.5413 -0.0627 -0.8385
vn 0.8658 -0.0601 -0.4967
vn 0.8805 -0.1394 -0.4530
vn 0.8563 -0.0171 -0.5162
vn 0.8308 0.0718 -0.5520
vn -0.6448 -0.7641 0.0175
vn -0.6778 -0.7350 0.0200
vn -0.6654 -0.7465 0.0051
vn -0.5800 -0.8146 -0.0010
vn -0.7060 -0.0175 0.7080
vn -0.7061 -0.0170 0.7079
vn -0.7057 -0.0175 0.7083
vn -0.7063 -0.0069 0.7078
vn -0.9677 -0.0078 -0.2521
vn -0.9673 -0.0061 -0.2537
vn -0.9664 -0.0199 -0.2562
vn -0.9688 -0.0189 -0.2472
vn -0.9663 -0.0205 -0.2567
vn -0.9665 -0.0031 -0.2566
vn -0.9668 -0.0041 -0.2556
vn -0.9660 -0.0213 -0.2575
vn 0.3108 -0.7484 -0.5859
vn 0.3114 -0.7514 -0.5818
vn 0.3267 -0.7564 -0.5667
vn 0.3246 -0.7537 -0.5715
vn 0.8383 -0.5372 -0.0936
vn 0.8371 -0.5465 -0.0239
vn 0.8456 -0.5267 -0.0869
vn 0.8495 -0.5276 -0.0080
vn -0.2785 0.1619 -0.9467
vn -0.2834 0.1609 -0.9454
vn -0.2784 0.1612 -0.9468
vn -0.0270 0.8589 -0.5114
vn -0.0182 0.8625 -0.5057
vn -0.0205 0.8636 -0.5038
vn -0.0292 -0.9931 0.1140
vn -0.0006 -1.0000 -0.0010
vn -0.0011 -1.0000 0.0040
vn 0.0034 -1.0000 0.0020
vn -0.0034 -1.0000 -0.0020
vn -0.3514 -0.7118 0.6082
vn -0.3486 -0.7056 0.6169
vn -0.3557 -0.7024 0.6165
vn -0.3586 -0.7083 0.6081
vn 0.0035 -1.0000 0.0018
vn 0.0085 -1.0000 -0.0005
vn -0.0019 -1.0000 -0.0088
vn 0.0046 -1.0000 -0.0030
vn 0.0068 -1.0000 -0.0003
vn 0.0496 -0.9987 -0.0131
vn 0.0507 -0.9986 -0.0133
vn 0.0641 -0.9959 -0.0645
vn 0.0279 -0.9948 -0.0981
vn 0.0433 -0.9948 -0.0918
vn 0.0085 -0.9951 -0.0984
vn -0.0205 -0.9965 -0.0809
vn -0.0030 -0.9954 -0.0958
vn -0.0086 -0.9999 -0.0080
vn 0.0393 -0.9946 -0.0965
vn -0.3489 -0.7053 -0.6172
vn -0.3512 -0.7117 -0.6084
vn -0.3583 -0.7086 -0.6079
vn -0.3560 -0.7020 -0.6168
vn 0.7066 -0.0006 0.7076
vn 0.7121 0.0006 0.7020
vn 0.0735 -0.9973 -0.0088
vn 0.0028 -1.0000 -0.0011
vn 0.0702 -0.9971 -0.0302
vn 0.0034 -1.0000 -0.0019
vn 0.7070 -0.7072 0.0000
vn 0.0236 -0.9843 -0.1748
vn -0.0610 -0.9751 -0.2133
vn -0.1183 -0.9454 -0.3038
vn -0.1342 -0.9843 -0.1147
vn -0.2681 -0.9630 -0.0272
vn -0.2394 -0.9707 -0.0206
vn -0.1751 -0.9842 0.0275
vn -0.2044 -0.9591 0.1959
vn -0.0659 -0.9843 0.1636
vn -0.1609 -0.9747 0.1552
vn 0.1614 -0.9606 -0.2265
vn 0.0274 -0.9684 0.2477
vn 0.0738 -0.9844 0.1596
vn 0.0806 -0.9843 0.1570
vn 0.1817 -0.9781 -0.1020
vn 0.1438 -0.9816 0.1257
vn -0.3122 -0.0017 0.9500
vn -0.3192 0.0023 0.9477
vn -0.3177 -0.0037 0.9482
vn -0.3132 -0.0026 0.9497
vn -0.3185 0.0033 0.9479
vn 0.4966 0.0023 0.8680
vn 0.5034 -0.0023 0.8641
vn 0.2595 -0.0008 -0.9657
vn 0.2595 -0.0009 -0.9657
vn 0.2519 0.0009 -0.9677
vn 0.2520 0.0008 -0.9677
vn 0.7050 -0.0161 -0.7090
vn 0.7056 -0.0066 -0.7086
vn 0.7049 -0.0076 -0.7092
vn 0.7056 -0.0058 -0.7086
vn 0.9663 -0.0022 0.2575
vn 0.9662 -0.0018 0.2580
vn 0.9661 -0.0211 0.2574
vn 0.9662 -0.0208 0.2570
vn 0.9051 0.0016 0.4252
vn 0.7563 -0.0007 0.6542
vn 0.7374 -0.0187 0.6752
vn 0.7160 -0.0219 0.6978
vn 0.7084 -0.0331 0.7051
vn 0.9072 0.0012 0.4207
vn -0.8209 0.0012 0.5711
vn -0.9474 -0.0011 0.3200
vn -0.9559 -0.0192 0.2932
vn -0.9623 -0.0253 0.2708
vn -0.9643 -0.0502 0.2601
vn -0.8178 0.0012 0.5755
vn -0.0057 1.0000 -0.0005
vn -0.0441 0.9990 -0.0036
vn -0.0025 1.0000 0.0051
vn -0.0244 0.9997 0.0019
vn -0.0813 0.9965 -0.0204
vn -0.0843 -0.0032 -0.9964
vn 0.1963 -0.0011 -0.9805
vn 0.2165 -0.0169 -0.9761
vn 0.2464 -0.0190 -0.9690
vn 0.2562 -0.0340 -0.9660
vn -0.0895 0.0045 -0.9960
vn 0.1768 0.0226 -0.9840
vn 0.1843 0.0273 -0.9825
vn 0.1762 0.0237 -0.9841
vn -0.6701 0.2049 -0.7134
vn -0.6774 0.2004 -0.7078
vn -0.6699 0.2035 -0.7141
vn -0.2339 0.8586 -0.4561
vn -0.2392 0.8588 -0.4530
vn -0.2397 0.8579 -0.4545
vn 0.3398 0.7316 -0.5910
vn 0.3568 0.7217 -0.5932
vn 0.3549 0.7232 -0.5924
vn 0.3809 0.7108 -0.5913
vn -0.8703 0.0038 -0.4926
vn -0.8788 0.0142 -0.4769
vn -0.8651 -0.0008 -0.5016
vn -0.8819 0.0125 -0.4712
vn 0.9984 0.0280 -0.0498
vn 0.9962 0.0512 -0.0707
vn 0.9922 -0.0861 -0.0897
vn 0.9925 -0.1064 -0.0599
vn -0.0000 -1.0000 0.0039
vn 0.0312 -0.0079 0.9995
vn 0.0356 -0.0035 0.9994
vn 0.0297 -0.0060 0.9995
vn 0.0411 -0.0021 0.9992
vn 0.7103 0.0033 -0.7039
vn 0.7047 -0.0033 -0.7095
vn 0.5035 -0.0024 -0.8640
vn 0.4967 0.0024 -0.8679
vn -0.6308 0.7719 0.0791
vn -0.6634 0.7453 0.0672
vn -0.6114 0.7870 0.0826
vn -0.6900 0.7201 0.0727
vn -0.2761 -0.0140 0.9610
vn -0.2826 -0.0152 0.9591
vn -0.2440 -0.0475 0.9686
vn -0.3191 0.0258 0.9474
vn 0.4428 -0.4505 -0.7753
vn 0.4445 -0.4423 -0.7790
vn 0.4513 -0.4440 -0.7741
vn 0.4492 -0.4524 -0.7704
vn -0.9215 -0.3884 0.0060
vn -0.8635 -0.5043 -0.0080
vn -0.8635 -0.5044 -0.0044
vn 0.9921 -0.0869 -0.0905
vn 0.9921 0.0869 -0.0905
vn 0.9928 -0.0869 -0.0827
vn 0.4495 -0.4522 0.7704
vn 0.4449 -0.4422 0.7788
vn -1.0000 0.0000 0.0039
vn -0.9928 0.0869 0.0827
vn -0.9921 -0.0869 0.0905
vn 0.2345 -0.6753 -0.6993
vn 0.2348 -0.6912 -0.6834
vn 0.2402 -0.6826 -0.6902
vn 0.2385 -0.6947 -0.6786
vn -0.6148 -0.6856 -0.3899
vn -0.4432 -0.8118 -0.3802
vn -0.4374 -0.8163 -0.3772
vn -0.6187 -0.7423 -0.2573
vn -0.7020 -0.7098 0.0587
vn -0.7072 -0.7070 0.0000
vn -0.5974 -0.7871 0.1537
vn -0.6125 -0.7759 0.1513
vn 0.4904 -0.6737 0.5528
vn 0.4698 -0.6963 0.5426
vn 0.4840 -0.6778 0.5535
vn 0.4668 -0.6959 0.5457
vn 0.7055 0.0086 0.7087
vn 0.7063 -0.0022 0.7079
vn 0.7167 0.0785 0.6930
vn 0.6932 0.0494 0.7191
vn 0.7081 -0.0030 0.7061
vn 0.7066 0.0009 0.7076
vn 0.7069 0.0022 0.7073
vn 0.0050 -1.0000 0.0011
vn 0.0032 -1.0000 -0.0006
vn 0.0029 -0.9998 0.0200
vn 0.0086 -0.9997 0.0245
vn 0.0266 -0.9967 0.0761
vn 0.0260 -0.9966 0.0776
vn 0.0655 -0.9958 0.0636
vn 0.0714 -0.9971 0.0251
vn 0.0741 -0.9965 0.0381
vn 0.0628 -0.9980 0.0120
vn 0.0379 -0.9993 0.0002
vn 0.0563 -0.9984 0.0063
vn -0.0070 -0.9992 0.0405
vn 0.0754 -0.9965 0.0355
vn -0.5870 -0.7041 0.3995
vn -0.5861 -0.7091 0.3919
vn -0.5864 -0.7090 0.3919
vn -0.5867 -0.7044 0.3996
vn -0.0511 -0.5139 -0.8563
vn -0.0501 -0.5151 -0.8557
vn -0.0477 -0.5147 -0.8561
vn -0.0487 -0.5127 -0.8572
vn -0.9432 0.3176 -0.0980
vn -0.9668 0.0111 -0.2555
vn -0.9647 -0.0111 -0.2630
vn -0.9047 0.2612 -0.3366
vn -0.8928 0.3841 -0.2354
vn -0.8954 0.3726 -0.2436
vn -0.7268 -0.6697 0.1525
vn -0.7164 -0.6826 0.1444
vn -0.7137 -0.6881 0.1313
vn -0.6996 -0.7032 0.1269
vn 0.2325 0.7570 -0.6107
vn 0.2318 0.7550 -0.6133
vn 0.2333 0.7547 -0.6132
vn 0.8455 -0.0227 -0.5334
vn 0.9601 -0.0062 -0.2795
vn 0.9628 0.0042 -0.2700
vn 0.2610 -0.0136 0.9653
vn 0.2609 -0.0099 0.9653
vn 0.2618 -0.0108 0.9651
vn 0.2603 -0.0062 0.9655
vn -0.0037 -1.0000 -0.0001
vn -0.0014 -1.0000 -0.0008
vn -0.0133 -0.9999 0.0087
vn -0.0125 -0.9999 0.0099
vn -0.0403 -0.9992 0.0079
vn -0.0415 -0.9991 0.0070
vn -0.0502 -0.9987 0.0001
vn -0.0597 -0.9982 0.0041
vn -0.0573 -0.9984 0.0018
vn -0.0612 -0.9981 0.0076
vn -0.0601 -0.9981 0.0137
vn -0.0621 -0.9980 0.0105
vn -0.0469 -0.9988 0.0160
vn -0.0603 -0.9982 0.0031
vn 0.0019 1.0000 -0.0034
vn -0.0021 1.0000 -0.0033
vn 0.0020 1.0000 0.0034
vn -0.0020 1.0000 0.0034
vn -0.0038 1.0000 0.0042
vn -0.0039 1.0000 0.0017
vn -0.0002 1.0000 -0.0036
vn -0.0023 1.0000 -0.0029
vn 0.0040 1.0000 0.0003
vn 0.0033 1.0000 -0.0010
vn -0.0045 1.0000 -0.0020
vn -0.0010 1.0000 -0.0029
vn 0.0017 1.0000 -0.0000
vn 0.0025 1.0000 -0.0037
vn 0.7099 0.0038 -0.7043
vn 0.7043 -0.0038 -0.7099
vn 0.7403 0.0288 -0.6717
vn 0.7235 -0.0065 -0.6903
vn 0.7185 -0.0028 -0.6955
vn 0.6977 -0.0286 -0.7158
vn 0.6287 0.0151 0.7775
vn 0.6322 0.0108 0.7747
vn 0.6405 -0.0046 0.7679
vn 0.6188 0.0207 0.7853
vn -0.0538 -0.7058 -0.7064
vn -0.0452 -0.7079 -0.7048
vn -0.0451 -0.7077 -0.7051
vn -0.0538 -0.7061 -0.7061
vn 0.7625 -0.5198 0.3853
vn 0.7615 -0.5184 0.3891
vn 0.7690 -0.5116 0.3832
vn 0.7609 -0.5188 0.3896
vn -0.8614 -0.0498 -0.5054
vn -0.8313 -0.1319 -0.5399
vn -0.8758 -0.0208 -0.4823
vn -0.8925 0.0757 -0.4447
vn 0.0954 0.0249 0.9951
vn 0.1349 0.0330 0.9903
vn 0.0858 0.0241 0.9960
vn 0.1439 0.0367 0.9889
vn 0.9004 -0.0015 0.4350
vn 0.8970 0.0015 0.4421
vn -0.8336 0.0009 0.5523
vn -0.8379 -0.0009 0.5457
vn 0.3518 0.7034 -0.6177
vn 0.3518 0.7033 -0.6178
vn 0.3551 0.7109 -0.6071
vn 0.3552 0.7108 -0.6072
vn 0.7123 -0.0154 0.7017
vn 0.7109 -0.0134 0.7032
vn 0.7095 -0.0122 0.7046
vn 0.7158 -0.0221 0.6979
vn 0.6501 -0.6848 -0.3292
vn 0.5469 -0.8180 -0.1781
vn 0.5408 -0.8223 -0.1769
vn 0.5316 -0.7422 -0.4080
vn 0.3553 -0.7098 -0.6082
vn 0.3477 -0.7098 -0.6126
vn 0.1811 -0.7736 -0.6072
vn 0.1776 -0.7745 -0.6071
vn 0.0002 1.0000 0.0000
vn 0.0025 1.0000 -0.0016
vn -0.0001 1.0000 -0.0037
vn -0.0015 1.0000 -0.0014
vn -0.0010 1.0000 -0.0053
vn -0.0012 1.0000 -0.0047
vn -0.0029 1.0000 0.0026
vn -0.0041 1.0000 -0.0006
vn -0.0018 1.0000 0.0038
vn -0.0003 1.0000 -0.0025
vn -0.0021 1.0000 -0.0016
vn 0.0009 1.0000 0.0018
vn -0.0009 1.0000 0.0027
vn -0.0038 1.0000 -0.0004
vn -0.0039 1.0000 0.0015
vn -0.0017 1.0000 -0.0038
vn 0.2397 -0.0035 -0.9708
vn 0.2344 -0.0010 -0.9721
vn 0.2552 0.0193 -0.9667
vn 0.2110 -0.0222 -0.9772
vn 0.8540 -0.0038 0.5203
vn 0.9136 0.0983 0.3945
vn 0.8631 0.0133 0.5049
vn 0.7831 -0.0961 0.6145
vn -0.2511 -0.0000 0.9680
vn -0.2579 0.0008 0.9662
vn -0.2577 0.0008 0.9662
vn -0.2509 0.0001 0.9680
vn 0.8561 0.0014 -0.5168
vn 0.8508 0.0043 -0.5255
vn 0.8588 -0.0040 -0.5123
vn 0.8474 0.0111 -0.5308
vn 0.0975 0.9949 0.0245
vn 0.0366 0.9992 0.0139
vn -0.0155 0.9996 0.0232
vn 0.1415 0.9898 0.0170
vn 0.1985 0.0258 0.9798
vn 0.1921 0.0348 0.9808
vn 0.1945 0.0341 0.9803
vn 0.1900 0.0335 0.9812
vn 0.1325 0.8598 0.4931
vn 0.1404 0.8108 0.5682
vn 0.1381 0.8985 0.4166
vn 0.1025 0.9244 0.3673
vn -0.0014 -1.0000 0.0014
vn -0.7071 0.7071 0.0000
vn -0.6456 -0.6961 -0.3140
vn -0.6279 -0.7170 -0.3027
vn -0.6261 -0.7171 -0.3062
vn -0.6435 -0.6965 -0.3174
vn 0.0464 -0.7048 0.7079
vn 0.0525 -0.7088 0.7035
vn 0.0521 -0.7092 0.7030
vn 0.0459 -0.7057 0.7070
vn 0.5892 -0.7063 -0.3925
vn 0.5842 -0.7069 -0.3987
vn 0.5836 -0.7075 -0.3987
vn 0.5881 -0.7074 -0.3921
vn 0.3548 0.7110 0.6072
vn 0.3547 0.7110 0.6072
vn 0.3525 0.7032 0.6175
vn 0.3525 0.7032 0.6174
vn -0.5978 -0.6034 0.5278
vn -0.6221 -0.5692 0.5376
vn -0.4578 -0.8091 0.3684
vn -0.4312 -0.8363 0.3386
vn 0.0040 -1.0000 0.0039
vn 0.0040 -1.0000 0.0001
vn -0.9358 0.0234 -0.3519
vn -0.9346 0.0344 -0.3540
vn -0.9253 0.0551 -0.3753
vn -0.9443 0.0015 -0.3290
vn -0.9873 0.0303 0.1561
vn -0.9864 0.0343 0.1608
vn -0.9890 0.0476 0.1403
vn -0.9854 -0.0023 0.1703
vn 0.2351 0.0001 -0.9720
vn 0.2431 0.0076 -0.9700
vn 0.2121 -0.0234 -0.9770
vn 0.2716 0.0341 -0.9618
vn 0.1637 0.0169 0.9864
vn 0.1607 0.0274 0.9866
vn 0.1384 0.0445 0.9894
vn 0.1872 -0.0011 0.9823
vn 0.8311 -0.0025 -0.5562
vn -0.0542 -0.7051 -0.7070
vn -0.0444 -0.7077 -0.7051
vn -0.0443 -0.7074 -0.7054
vn -0.0543 -0.7054 -0.7067
vn 0.7633 -0.5177 0.3865
vn 0.7663 -0.5117 0.3885
vn 0.7685 -0.5119 0.3839
vn 0.7661 -0.5167 0.3822
vn -0.7102 0.0034 -0.7040
vn -0.7046 -0.0034 -0.7096
vn -0.7046 -0.0034 -0.7095
vn -0.9685 -0.0200 -0.2482
vn -0.9669 -0.0046 -0.2551
vn -0.9673 -0.0060 -0.2537
vn -0.9662 -0.0205 -0.2569
vn 0.6361 -0.7125 0.2963
vn 0.6350 -0.7014 0.3238
vn 0.6360 -0.7007 0.3234
vn 0.6349 -0.7134 0.2967
vn -0.7171 -0.5144 0.4702
vn -0.7177 -0.5132 0.4706
vn -0.7169 -0.5132 0.4720
vn -0.7162 -0.5146 0.4715
vn 0.0740 -0.0034 0.9973
vn 0.0662 0.0034 0.9978
vn -0.9005 -0.0018 -0.4348
vn -0.5868 -0.7047 0.3989
vn -0.5857 -0.7093 0.3922
vn -0.5862 -0.7090 0.3920
vn -0.5865 -0.7047 0.3993
vn -0.0513 -0.5146 -0.8559
vn -0.0494 -0.5162 -0.8551
vn -0.0496 -0.5131 -0.8569
vn -0.3540 -0.7033 0.6164
vn -0.3609 -0.7061 0.6092
vn -0.3577 -0.7041 0.6134
vn -0.3483 -0.7055 0.6172
vn 0.4475 -0.0089 0.8942
vn 0.4916 0.0056 0.8708
vn 0.4366 -0.0061 0.8996
vn 0.5019 0.0073 0.8649
vn -0.1519 -0.5995 -0.7859
vn -0.1548 -0.5693 -0.8074
vn -0.0908 -0.8104 -0.5788
vn -0.0770 -0.8359 -0.5434
vn 0.6704 -0.7418 -0.0167
vn 0.7083 -0.7059 0.0008
vn 0.7482 -0.6632 0.0182
vn -0.9650 -0.0254 0.2610
vn -0.9652 -0.0245 0.2605
vn -0.9651 0.0023 0.2620
vn -0.9647 -0.0269 0.2621
vn 0.9667 -0.0261 -0.2545
vn 0.9685 -0.0122 -0.2487
vn 0.9552 -0.0694 -0.2878
vn 0.9777 0.0219 -0.2090
vn 0.5551 -0.0073 -0.8317
vn 0.5220 0.0034 -0.8529
vn 0.5608 -0.0117 -0.8278
vn 0.5147 0.0050 -0.8574
vn -0.9840 0.0023 -0.1780
vn -0.9864 -0.0343 -0.1608
vn -0.9873 -0.0303 -0.1561
vn -0.9890 -0.0477 -0.1403
vn -0.9970 -0.0628 -0.0455
vn -0.9999 0.0100 0.0018
vn -0.9999 -0.0061 -0.0101
vn -0.9946 0.0565 -0.0874
vn -0.4866 -0.7483 -0.4508
vn -0.2752 -0.7984 -0.5356
vn -0.2233 -0.8147 -0.5352
vn -0.5947 -0.6157 -0.5170
vn -0.5619 -0.8196 -0.1118
vn -0.6239 -0.7570 0.1940
vn -0.7583 -0.6156 0.2143
vn -0.4026 -0.8118 0.4231
vn -0.1713 -0.7569 0.6307
vn -0.2093 -0.6314 0.7467
vn 0.1314 -0.8118 0.5690
vn 0.4552 -0.7408 0.4939
vn 0.5303 -0.6157 0.5828
vn 0.5899 -0.7805 0.2069
vn 0.6805 -0.7315 -0.0429
vn 0.6689 -0.7362 -0.1029
vn 0.6263 -0.7620 -0.1647
vn 0.1955 -0.7407 -0.6427
vn 0.4280 -0.8118 -0.3973
vn 0.6315 -0.7569 -0.1685
vn 0.7552 -0.6313 -0.1766
vn 0.5662 -0.8118 0.1427
vn 0.4956 -0.7567 0.4263
vn 0.5722 -0.6158 0.5416
vn 0.1786 -0.8196 0.5444
vn -0.1423 -0.7484 0.6478
vn -0.1477 -0.6157 0.7740
vn -0.3240 -0.7965 0.5105
vn -0.3536 -0.8163 0.4568
vn 0.2415 -0.6157 -0.7501
vn -0.1169 -0.7805 -0.6141
vn -0.3405 -0.7325 -0.5895
vn -0.4074 -0.7218 -0.5595
vn -0.4563 -0.7602 -0.4625
vn -0.6801 -0.0018 0.7332
vn -0.6829 -0.0004 0.7305
vn -0.6412 -0.0539 0.7655
vn -0.7141 0.0561 0.6978
vn -0.9636 -0.0013 0.2672
vn -0.9642 0.0006 0.2653
vn -0.9651 0.0022 0.2620
vn -0.9624 -0.0258 0.2705
vn 0.0626 0.7670 0.6386
vn 0.0615 0.7827 0.6193
vn 0.0715 0.7682 0.6362
vn 0.0634 0.7848 0.6164
vn -0.6189 0.7363 -0.2735
vn -0.6079 0.7448 -0.2750
vn -0.5719 0.7748 -0.2694
vn -0.5702 0.7779 -0.2641
vn -0.3128 0.7823 0.5386
vn -0.3447 0.7400 0.5776
vn -0.3421 0.7399 0.5792
vn -0.3106 0.7823 0.5399
vn -0.6368 -0.7119 -0.2962
vn -0.6256 -0.7117 -0.3195
vn -0.6465 -0.6969 -0.3104
vn -0.6907 0.3567 0.6290
vn -0.7088 0.5070 0.4905
vn -0.6880 0.4067 0.6011
vn -0.7224 0.5301 0.4439
vn 0.0539 -0.7054 0.7067
vn 0.0486 -0.7100 0.7026
vn 0.0471 -0.7041 0.7085
vn 0.8919 0.3570 0.2775
vn 0.7806 0.5083 0.3637
vn 0.8671 0.4064 0.2880
vn 0.7473 0.5314 0.3988
vn -0.1154 0.5005 -0.8580
vn -0.1150 0.4997 -0.8586
vn -0.1192 0.5064 -0.8540
vn -0.1168 0.5065 -0.8543
vn 0.5410 -0.8222 0.1768
vn 0.5468 -0.8181 0.1780
vn 0.6422 -0.6927 0.3282
vn 0.5280 -0.7415 0.4139
vn 0.3552 -0.7098 0.6083
vn 0.3476 -0.7098 0.6127
vn 0.0859 -0.7421 0.6647
vn -0.0331 -0.6930 0.7202
vn -0.1096 -0.8126 0.5725
vn -0.1081 -0.8172 0.5661
vn 0.5440 0.7420 -0.3918
vn 0.5414 0.7471 -0.3856
vn 0.5155 0.7800 -0.3549
vn 0.5109 0.7821 -0.3569
vn -0.3115 0.7755 -0.5492
vn -0.3276 0.7381 -0.5899
vn -0.3287 0.7371 -0.5905
vn -0.3125 0.7787 -0.5440
vn 0.5842 -0.7062 -0.3999
vn 0.5831 -0.7079 -0.3987
vn 0.5895 -0.7056 -0.3931
vn 0.5885 -0.7071 -0.3920
vn -0.2624 -0.0113 -0.9649
vn -0.2615 -0.0104 -0.9652
vn -0.2607 -0.0059 -0.9654
vn -0.2612 -0.0133 -0.9652
vn 0.1011 0.6907 -0.7161
vn 0.1093 0.7037 -0.7020
vn 0.1283 0.7718 -0.6228
vn 0.1264 0.7895 -0.6005
vn 0.5888 -0.4561 -0.6673
vn 0.5810 -0.4486 -0.6792
vn 0.5764 -0.4379 -0.6899
vn 0.5843 -0.4510 -0.6747
vn 0.5614 0.6982 0.4441
vn 0.5429 0.7145 0.4413
vn 0.4737 0.7744 0.4195
vn 0.4593 0.7894 0.4074
vn -0.8772 -0.4477 -0.1736
vn -0.8908 -0.4427 -0.1018
vn -0.8917 -0.4340 -0.1289
vn -0.8728 -0.4547 -0.1775
vn -0.6782 0.6801 0.2784
vn -0.6625 0.7038 0.2566
vn -0.6012 0.7736 0.2002
vn -0.5868 0.7869 0.1910
vn 0.2856 -0.4513 0.8454
vn 0.3023 -0.4487 0.8410
vn 0.3107 -0.4355 0.8449
vn 0.2863 -0.4529 0.8443
vn 0.3405 0.7337 0.5880
vn 0.3361 0.7205 0.6066
vn 0.3366 0.7220 0.6045
vn 0.3209 0.7128 0.6237
vn 0.9690 -0.0181 0.2463
vn 0.9673 -0.0062 0.2536
vn 0.9677 -0.0080 0.2518
vn 0.9667 -0.0189 0.2554
vn 0.8644 -0.0006 -0.5028
vn 0.8872 -0.0028 -0.4614
vn 0.8678 0.0016 -0.4969
vn 0.9015 0.0409 -0.4307
vn 0.9140 0.0290 -0.4047
vn -0.8677 0.0019 -0.4972
vn -0.8419 -0.0045 -0.5396
vn -0.8643 -0.0009 -0.5031
vn -0.8216 0.0433 -0.5684
vn -0.8118 0.0306 -0.5831
vn 0.0034 -0.0033 1.0000
vn -0.0421 -0.0012 0.9991
vn -0.0035 0.0043 1.0000
vn -0.0767 0.0395 0.9963
vn -0.0983 0.0295 0.9947
vn -0.2634 0.0190 -0.9645
vn -0.2686 0.0136 -0.9631
vn -0.2285 0.0645 -0.9714
vn -0.3082 -0.0293 -0.9509
vn 0.9534 -0.0453 -0.2981
vn 0.9503 -0.0582 -0.3060
vn 0.9510 -0.0575 -0.3037
vn 0.9483 -0.0685 -0.3098
vn 0.4431 0.7807 0.4406
vn 0.4444 0.7799 0.4409
vn 0.4435 0.7802 0.4411
vn 0.4431 0.7811 0.4400
vn 0.6348 0.7727 -0.0002
vn 0.6378 0.7701 -0.0068
vn 0.6278 0.7784 0.0011
vn 0.6592 0.7518 0.0156
vn 0.6036 0.7098 -0.3631
vn 0.6034 0.7098 -0.3635
vn 0.7068 0.7071 0.0226
vn 0.3474 0.7098 -0.6128
vn 0.6933 0.7189 -0.0511
vn 0.6157 0.7731 0.1522
vn 0.5638 0.8139 0.1405
vn 0.3477 0.7098 -0.6126
vn -0.0038 0.7098 -0.7044
vn -0.0046 0.7098 -0.7044
vn -0.3181 0.7098 -0.6285
vn -0.3200 0.7100 -0.6274
vn -0.4595 0.7010 -0.5454
vn 0.6784 0.1137 0.7258
vn 0.7271 -0.0062 0.6865
vn 0.7306 -0.0079 0.6827
vn 0.7513 0.0742 0.6557
vn 0.6727 0.3801 0.6348
vn -0.0945 0.8400 0.5343
vn -0.0770 0.8495 0.5220
vn -0.3414 0.7336 0.5876
vn -0.3357 0.7180 0.6097
vn -0.4415 0.7838 0.4367
vn -0.4030 0.8113 0.4236
vn 0.2415 0.8511 0.4661
vn 0.2442 0.8469 0.4724
vn 0.2413 0.8474 0.4730
vn -0.6623 0.7492 0.0116
vn -0.6118 0.7864 0.0851
vn -0.6127 0.7856 0.0862
vn -0.6609 0.7504 0.0101
vn -0.6916 -0.6990 0.1818
vn -0.6866 -0.7051 0.1774
vn -0.6837 -0.7043 0.1910
vn -0.6922 -0.6957 0.1922
vn 0.2303 -0.0050 -0.9731
vn 0.2309 -0.0044 -0.9730
vn 0.2260 -0.0065 -0.9741
vn 0.2333 0.0019 -0.9724
vn -0.9693 0.1061 0.2218
vn -0.9579 -0.0136 0.2867
vn -0.9564 -0.0164 0.2915
vn -0.9437 0.0817 0.3204
vn -0.8835 0.3779 0.2769
vn -0.6412 0.0538 -0.7655
vn -0.6804 0.0014 -0.7328
vn -0.6832 -0.0001 -0.7302
vn -0.7140 -0.0562 -0.6979
vn -0.5317 0.8455 -0.0493
vn -0.5178 0.8555 -0.0029
vn -0.5337 0.8457 -0.0010
vn 0.4673 0.6902 -0.5525
vn 0.3665 0.7344 -0.5713
vn 0.4074 0.7146 -0.5686
vn 0.3097 0.7498 -0.5847
vn 0.1869 -0.6960 -0.6933
vn 0.1854 -0.7023 -0.6874
vn 0.1813 -0.7061 -0.6845
vn 0.1820 -0.6958 -0.6948
vn 0.2443 0.6884 0.6830
vn 0.3095 0.7317 0.6073
vn 0.2888 0.7148 0.6369
vn 0.3501 0.7479 0.5640
vn 0.5105 -0.6916 0.5109
vn 0.5091 -0.6989 0.5024
vn 0.4951 -0.7101 0.5006
vn 0.5068 -0.7007 0.5021
vn -0.6109 0.7732 0.1703
vn -0.5951 0.7881 0.1572
vn -0.6109 0.7732 0.1704
vn 0.1593 0.7814 -0.6034
vn 0.1601 0.7801 -0.6049
vn 0.1603 0.7801 -0.6047
vn 0.1591 0.7816 -0.6032
vn 0.3160 0.0218 -0.9485
vn 0.4149 0.0012 -0.9099
vn 0.2978 0.0240 -0.9543
vn 0.4332 -0.0062 -0.9013
vn 0.6682 0.0153 0.7438
vn 0.5847 -0.0034 0.8112
vn 0.6754 0.0228 0.7371
vn 0.5683 -0.0035 0.8228
vn -0.9782 0.0096 0.2073
vn -0.9945 -0.0281 0.1007
vn -0.9761 0.0183 0.2165
vn -0.9932 -0.0847 0.0801
vn 0.5947 0.8034 0.0285
vn 0.6103 0.7910 0.0437
vn 0.6529 0.7569 -0.0289
vn 0.6376 0.7691 -0.0437
vn 0.0017 0.7787 -0.6274
vn -0.0024 0.7824 -0.6228
vn -0.0038 0.7804 -0.6253
vn 0.0017 0.7875 -0.6163
vn -0.3150 0.7789 -0.5423
vn -0.3156 0.7797 -0.5408
vn -0.3099 0.7822 -0.5405
vn -0.3095 0.7812 -0.5422
vn -0.5478 0.7765 0.3114
vn -0.5337 0.7855 0.3133
vn -0.6063 0.7561 0.2466
vn -0.6087 0.7900 -0.0731
vn -0.5775 0.8111 -0.0928
vn -0.3124 0.7824 -0.5388
vn -0.3112 0.7860 -0.5342
vn -0.3101 0.7803 -0.5431
vn -0.3114 0.7794 -0.5436
vn 0.6584 0.7525 0.0143
vn 0.6719 0.7394 -0.0427
vn 0.5915 0.8053 0.0402
vn 0.5912 0.8064 -0.0164
vn -0.7158 -0.0221 -0.6979
vn -0.7108 -0.0132 -0.7033
vn -0.7120 -0.0150 -0.7020
vn -0.7095 -0.0121 -0.7046
vn 0.5404 0.7865 0.2990
vn 0.5415 0.7854 0.3000
vn 0.5398 0.7848 0.3043
vn 0.5424 0.7769 0.3197
vn -0.3132 0.7790 0.5431
vn -0.3148 0.7748 0.5482
vn -0.3172 0.7724 0.5503
vn -0.3101 0.7811 0.5420
vn 0.1865 -0.0223 0.9822
vn 0.2725 -0.1537 0.9498
vn 0.3040 -0.1774 0.9360
vn 0.2633 -0.4902 0.8309
vn 0.1374 0.0119 0.9904
vn 0.7871 -0.0451 0.6152
vn 0.7722 -0.0191 0.6351
vn 0.7738 -0.0295 0.6328
vn 0.7513 -0.0044 0.6599
vn -0.8512 -0.4902 -0.1873
vn -0.9609 -0.1763 -0.2135
vn -0.9607 -0.1529 -0.2318
vn -0.9443 -0.0165 -0.3287
vn -0.9259 0.0045 -0.3777
vn -0.3134 0.7820 0.5388
vn -0.3148 0.7811 0.5392
vn -0.3114 0.7791 0.5440
vn -0.3100 0.7802 0.5434
vn 0.7149 -0.0126 0.6992
vn 0.7101 -0.0122 0.7040
vn 0.7111 -0.0137 0.7029
vn 0.7085 -0.0135 0.7055
vn -0.2172 -0.0420 -0.9752
vn -0.2131 -0.0430 -0.9761
vn -0.2124 -0.0377 -0.9765
vn 0.5833 -0.4905 -0.6474
vn 0.6605 -0.1775 -0.7295
vn 0.6841 -0.1536 -0.7131
vn 0.7573 -0.0190 -0.6528
vn 0.7895 0.0103 -0.6137
vn -0.6999 -0.0177 0.7140
vn -0.5941 0.0095 0.8044
vn -0.7159 -0.0153 0.6981
vn -0.5796 0.0158 0.8147
vn -0.6775 0.0576 0.7332
vn -0.4908 0.0124 0.8712
vn -0.4506 0.0045 0.8927
vn -0.7038 0.0642 0.7075
vn 0.5034 -0.0023 0.8640
vn 0.5030 -0.0019 -0.8643
vn 0.4963 0.0019 -0.8682
vn 0.9727 0.0722 0.2205
vn 0.9999 0.0005 -0.0120
vn 0.9968 0.0603 -0.0522
vn 0.9632 0.0797 0.2565
vn -0.2964 0.0645 -0.9529
vn -0.5113 0.0144 -0.8593
vn -0.5515 0.0020 -0.8342
vn -0.2620 0.0743 -0.9622
vn 0.6980 -0.0140 -0.7160
vn 0.7031 -0.0101 -0.7110
vn 0.7017 -0.0122 -0.7124
vn 0.7047 -0.0046 -0.7095
vn -0.7098 0.0039 -0.7044
vn -0.7043 -0.0039 -0.7099
vn -0.9646 -0.0267 0.2624
vn -0.9649 -0.0256 0.2615
vn -0.9655 0.0005 0.2603
vn -0.9650 -0.0285 0.2605
vn 0.2509 -0.0159 -0.9679
vn 0.2527 -0.0140 -0.9674
vn 0.2557 -0.0126 -0.9667
vn 0.2467 -0.0192 -0.9689
vn -0.2558 -0.0127 0.9666
vn -0.2561 -0.0106 0.9666
vn -0.2550 -0.0118 0.9669
vn -0.2567 -0.0137 0.9664
vn 0.9862 -0.0317 0.1625
vn 0.9862 -0.0413 0.1606
vn 0.9885 -0.0644 0.1368
vn 0.9807 -0.0148 0.1949
vn -0.2545 -0.0121 0.9670
vn -0.2556 -0.0112 0.9667
vn -0.2570 -0.0139 0.9663
vn -0.2562 -0.0131 0.9665
vn 0.7622 -0.0150 -0.6472
vn 0.7628 -0.0196 -0.6464
vn 0.7656 -0.0181 -0.6431
vn 0.9646 -0.0266 -0.2624
vn 0.9649 -0.0255 -0.2614
vn 0.9654 0.0009 -0.2607
vn 0.9649 -0.0281 -0.2612
vn -0.7103 -0.0124 -0.7038
vn -0.7096 -0.0114 -0.7046
vn -0.7083 -0.0138 -0.7057
vn -0.7089 -0.0130 -0.7052
vn -0.4142 0.0076 -0.9101
vn -0.4125 0.0047 -0.9109
vn -0.4220 0.0080 -0.9066
vn -0.4062 0.0014 -0.9138
vn -0.9586 0.0189 -0.2840
vn -0.9834 0.0366 -0.1776
vn -0.9531 0.0191 -0.3020
vn -0.9860 0.0432 -0.1613
vn 0.9937 -0.0535 0.0986
vn 0.9946 0.0885 -0.0539
vn 0.9937 -0.0157 0.1114
vn 0.9968 -0.0391 -0.0693
vn 0.2302 0.0262 0.9728
vn 0.2340 0.0301 0.9718
vn 0.2325 0.0264 0.9722
vn 0.2359 0.0229 0.9715
vn 0.7103 0.0033 0.7039
vn 0.7047 -0.0033 0.7095
vn 0.2546 0.0036 -0.9670
vn 0.2622 -0.0036 -0.9650
vn -0.9648 -0.0110 0.2629
vn -0.9668 0.0110 0.2553
vn -0.2546 0.0036 0.9670
vn -0.2622 -0.0036 0.9650
vn -0.9253 -0.0552 0.3753
vn -0.9358 -0.0234 0.3518
vn -0.9346 -0.0345 0.3540
vn -0.9469 -0.0015 0.3216
vn -0.6151 0.0423 -0.7873
vn -0.6346 0.0252 -0.7725
vn -0.6327 0.0257 -0.7740
vn -0.6535 0.0021 -0.7569
vn 0.9662 -0.0026 0.2577
vn 0.9664 -0.0027 0.2570
vn 0.9652 -0.0242 0.2605
vn 0.9654 -0.0243 0.2596
vn 0.7043 -0.0038 0.7099
vn -0.1405 -0.8602 -0.4903
vn -0.1514 -0.8636 -0.4809
vn -0.1378 -0.8658 -0.4811
vn -0.5952 0.5248 0.6085
vn -0.6296 0.3350 0.7010
vn -0.5813 0.5751 0.5756
vn -0.6221 0.3215 0.7139
vn -0.5188 0.8481 0.1076
vn -0.4739 0.8690 0.1423
vn -0.5090 0.8449 0.1649
vn -0.3520 -0.8652 0.3570
vn -0.3489 -0.8580 0.3770
vn -0.3377 -0.8681 0.3639
vn -0.5630 0.0038 0.8264
vn -0.4538 0.0237 0.8908
vn -0.5894 -0.0010 0.8079
vn -0.4338 0.0430 0.9000
vn 0.9668 0.0111 -0.2555
vn 0.9647 -0.0111 -0.2630
vn 0.5187 0.8481 -0.1078
vn 0.4740 0.8689 -0.1424
vn 0.5090 0.8448 -0.1649
vn 0.5951 0.5255 -0.6081
vn 0.6296 0.3350 -0.7009
vn 0.5817 0.5750 -0.5753
vn 0.6227 0.3197 -0.7141
vn -0.6351 -0.0249 0.7721
vn -0.6467 -0.0122 0.7627
vn -0.6424 -0.0076 0.7663
vn -0.6578 0.0000 0.7532
vn -0.2627 -0.0118 -0.9648
vn -0.2622 -0.0044 -0.9650
vn -0.2630 -0.0115 -0.9647
vn -0.7060 -0.0167 0.7080
vn -0.7086 -0.0102 0.7055
vn -0.7089 -0.0104 0.7053
vn -0.2278 0.4671 -0.8544
vn -0.2393 0.4433 -0.8638
vn -0.2260 0.4731 -0.8515
vn -0.2387 0.4384 -0.8665
vn 0.1504 0.8193 -0.5533
vn 0.1474 0.8249 -0.5458
vn 0.1421 0.8227 -0.5505
vn 0.3343 0.8265 0.4530
vn 0.3342 0.8251 0.4555
vn 0.3279 0.8281 0.4547
vn -0.9650 -0.0102 0.2622
vn -0.9670 0.0102 0.2546
vn 0.7021 0.7096 -0.0585
vn 0.7005 0.7114 -0.0562
vn 0.6802 0.7313 -0.0502
vn 0.6675 0.7439 -0.0331
vn 0.9650 -0.0102 -0.2622
vn 0.9670 0.0102 -0.2546
vn 0.7635 0.0059 0.6458
vn 0.7645 0.0036 0.6446
vn 0.7423 -0.0012 0.6701
vn 0.7382 0.0042 0.6746
vn 0.2555 0.0045 -0.9668
vn 0.2631 -0.0045 -0.9648
vn 0.2630 -0.0045 -0.9648
vn 0.8238 0.5259 0.2117
vn 0.9260 0.3301 0.1830
vn 0.7888 0.5776 0.2103
vn 0.9283 0.3215 0.1869
vn 0.3780 0.8519 0.3625
vn 0.3617 0.8526 0.3771
vn 0.3587 0.8604 0.3619
vn 0.1330 0.8512 -0.5077
vn 0.1397 0.8560 -0.4978
vn 0.1296 0.8576 -0.4977
vn -0.2262 0.5231 -0.8217
vn -0.2915 0.3354 -0.8958
vn -0.2056 0.5741 -0.7926
vn -0.3022 0.3206 -0.8977
vn -0.9647 -0.0111 0.2630
vn -0.9668 0.0111 0.2555
vn 0.7044 -0.0037 0.7098
vn 0.7044 -0.0038 0.7098
vn 0.2385 0.4373 0.8671
vn 0.2401 0.4429 0.8638
vn 0.2297 0.4626 0.8563
vn 0.2257 0.4730 0.8517
vn -0.1330 0.8512 0.5077
vn -0.1397 0.8560 0.4978
vn -0.1296 0.8576 0.4977
vn 0.2261 0.5232 0.8217
vn 0.2916 0.3354 0.8958
vn 0.2057 0.5740 0.7926
vn 0.3022 0.3205 0.8977
vn 0.3892 0.8353 0.3884
vn 0.3802 0.8402 0.3866
vn 0.3854 0.8408 0.3803
vn -0.3776 0.8519 -0.3629
vn -0.3611 0.8529 -0.3770
vn -0.3587 0.8605 -0.3617
vn -0.8239 0.5257 -0.2116
vn -0.9260 0.3301 -0.1829
vn -0.7888 0.5776 -0.2102
vn -0.9282 0.3217 -0.1868
vn -0.5950 0.0132 0.8036
vn -0.6347 -0.0004 0.7728
vn -0.5881 0.0221 0.8085
vn -0.6398 0.0048 0.7685
vn 0.9648 -0.0110 -0.2629
vn 0.9668 0.0110 -0.2553
vn -0.7099 0.0038 -0.7043
vn -0.7044 -0.0037 -0.7098
vn -0.7044 -0.0038 -0.7098
vn -0.2553 0.0043 0.9668
vn -0.2629 -0.0043 0.9648
vn -0.3896 0.8353 -0.3881
vn -0.3783 0.8414 -0.3860
vn -0.3846 0.8421 -0.3780
vn 0.8676 0.4408 0.2300
vn 0.8698 0.4413 0.2209
vn 0.8557 0.4641 0.2287
vn 0.8504 0.4735 0.2294
vn 0.5327 0.8354 -0.1355
vn 0.5184 0.8438 -0.1388
vn 0.5238 0.8386 -0.1496
vn -0.0455 0.8402 -0.5404
vn -0.0368 0.8359 -0.5476
vn -0.0414 0.8416 -0.5385
vn -0.8670 0.4423 -0.2295
vn -0.8696 0.4414 -0.2214
vn -0.8553 0.4649 -0.2288
vn -0.8504 0.4735 -0.2293
vn -0.5327 0.8354 0.1355
vn -0.5188 0.8435 0.1391
vn -0.5243 0.8383 0.1495
vn 0.6330 0.4401 -0.6369
vn 0.6264 0.4415 -0.6424
vn 0.6222 0.4678 -0.6278
vn 0.6204 0.4754 -0.6237
vn 0.1480 0.8354 -0.5294
vn 0.1398 0.8428 -0.5197
vn 0.1335 0.8385 -0.5283
vn -0.6332 0.4396 0.6370
vn -0.6264 0.4415 0.6424
vn -0.6218 0.4700 0.6264
vn -0.6202 0.4755 0.6239
vn -0.1470 0.8354 0.5296
vn -0.1400 0.8434 0.5188
vn -0.1325 0.8394 0.5271
vn -0.4745 -0.3569 0.8047
vn -0.4876 -0.3543 0.7979
vn -0.4412 -0.3771 0.8143
vn -0.4407 -0.3819 0.8123
vn -0.5537 0.8269 -0.0981
vn -0.5513 0.8315 -0.0682
vn -0.5643 0.8201 -0.0943
vn 0.2139 0.8235 0.5254
vn 0.2174 0.8199 0.5296
vn 0.2118 0.8229 0.5272
vn -0.8775 0.4196 0.2320
vn -0.4474 0.8326 0.3265
vn -0.4406 0.8347 0.3304
vn -0.4477 0.8313 0.3295
vn -0.1511 0.8192 0.5532
vn -0.1474 0.8248 0.5459
vn -0.1425 0.8223 0.5509
vn 0.5537 0.8195 -0.1478
vn 0.5477 0.8241 -0.1447
vn 0.5475 0.8231 -0.1508
vn -0.4066 0.8199 -0.4031
vn -0.3997 0.8222 -0.4052
vn -0.4014 0.8239 -0.4000
vn -0.5537 0.8195 0.1480
vn -0.5475 0.8242 0.1446
vn -0.5472 0.8233 0.1509
vn 0.4066 0.8199 0.4031
vn 0.3998 0.8221 0.4052
vn 0.4015 0.8238 0.4001
vn -0.4597 -0.3585 -0.8125
vn -0.4495 -0.3500 -0.8218
vn -0.4824 -0.3778 -0.7903
vn -0.4816 -0.3826 -0.7885
vn 0.9004 -0.4342 0.0285
vn 0.9295 -0.3679 0.0262
vn 0.9215 -0.3885 -0.0041
vn 0.9155 -0.4020 0.0145
vn 0.7285 -0.0796 0.6804
vn 0.7244 -0.0825 0.6844
vn 0.7233 -0.0766 0.6863
vn 0.2296 -0.0763 -0.9703
vn 0.2312 -0.0728 -0.9702
vn 0.2277 -0.0718 -0.9711
vn -0.8066 -0.4406 -0.3941
vn -0.8062 -0.4410 -0.3945
vn -0.8047 -0.4386 -0.4001
vn -0.8119 -0.4309 -0.3938
vn -0.0039 1.0000 0.0005
vn 0.7424 -0.4464 -0.4996
vn 0.7402 -0.4363 -0.5116
vn 0.7425 -0.4470 -0.4988
vn 0.7475 -0.4439 -0.4941
vn 0.0364 -0.0085 0.9993
vn 0.0430 -0.0110 0.9990
vn 0.0559 -0.0066 0.9984
vn 0.0545 -0.0109 0.9985
vn 0.0514 -0.0030 0.9987
vn 0.0510 -0.0118 0.9986
vn 0.0661 -0.0042 0.9978
vn 0.0687 0.0048 0.9976
vn 0.0658 -0.0031 0.9978
vn 0.0650 0.0022 0.9979
vn 0.0619 -0.4409 0.8954
vn 0.0614 -0.4413 0.8953
vn 0.0540 -0.4452 0.8938
vn 0.0636 -0.4399 0.8958
vn 0.0024 1.0000 0.0031
vn -0.0024 1.0000 -0.0031
vn -0.8975 0.0013 -0.4411
vn -0.8941 0.0011 -0.4478
vn -0.8965 -0.0096 -0.4430
vn -0.8967 0.0058 -0.4426
vn -0.8920 0.0052 -0.4521
vn -0.8962 -0.0058 -0.4436
vn -0.8972 0.0018 -0.4416
vn -0.9005 0.0520 -0.4318
vn -0.8983 0.0657 -0.4344
vn 0.8431 -0.0046 -0.5378
vn 0.8433 -0.0108 -0.5374
vn 0.8347 -0.0124 -0.5506
vn 0.8375 -0.0107 -0.5463
vn 0.8363 -0.0085 -0.5482
vn 0.8368 -0.0176 -0.5472
vn 0.8277 0.0011 -0.5612
vn 0.8286 -0.0047 -0.5599
vn 0.8267 0.0027 -0.5626
vn 0.8311 -0.0027 -0.5561
vn -0.2252 0.6235 0.7487
vn 0.0430 0.7099 0.7030
vn -0.2503 0.5934 0.7650
vn 0.0387 0.7043 0.7088
vn -0.3014 0.5556 0.7749
vn -0.2968 0.5524 0.7790
vn 0.0503 -0.0011 0.9987
vn 0.0591 -0.0039 0.9982
vn 0.0607 -0.0010 0.9982
vn 0.0534 -0.0133 0.9985
vn 0.0508 -0.0044 0.9987
vn 0.0591 -0.0112 0.9982
vn 0.0595 -0.0037 0.9982
vn 0.0787 0.0450 0.9959
vn 0.0697 0.0615 0.9957
vn 0.8431 -0.0039 -0.5377
vn 0.8351 -0.0042 -0.5502
vn 0.8341 -0.0004 -0.5517
vn 0.8344 -0.0099 -0.5510
vn 0.8367 -0.0100 -0.5475
vn 0.8351 -0.0110 -0.5500
vn 0.8345 -0.0034 -0.5510
vn 0.8234 0.0451 -0.5657
vn 0.8265 0.0633 -0.5593
vn -0.5358 0.6238 -0.5689
vn -0.6348 0.7029 -0.3209
vn -0.6287 0.7112 -0.3144
vn -0.5372 0.5933 -0.5995
vn -0.5205 0.5552 -0.6487
vn -0.5260 0.5525 -0.6466
vn -0.3075 -0.3988 -0.8639
vn 0.0343 -0.4295 -0.9024
vn -0.2707 -0.4040 -0.8738
vn 0.0668 -0.4354 -0.8978
vn 0.7662 0.6187 -0.1738
vn 0.5903 0.7041 -0.3948
vn 0.7825 0.5993 -0.1692
vn 0.5922 0.7097 -0.3815
vn 0.8168 0.5572 -0.1494
vn 0.8235 0.5566 -0.1093
vn 0.7426 -0.4473 -0.4984
vn 0.7441 -0.4401 -0.5027
vn 0.7427 -0.4477 -0.4980
vn 0.7476 -0.4438 -0.4941
vn 0.8977 -0.4107 0.1593
vn 0.7639 -0.4313 0.4801
vn 0.8896 -0.4111 0.1992
vn 0.7465 -0.4300 0.5078
vn -0.8829 -0.0095 -0.4694
vn -0.8827 -0.0154 -0.4696
vn -0.8927 -0.0070 -0.4506
vn -0.8902 -0.0039 -0.4555
vn -0.8905 -0.0023 -0.4550
vn -0.8904 -0.0110 -0.4551
vn -0.8966 -0.0051 -0.4427
vn -0.9004 -0.0016 -0.4350
vn -0.8970 -0.0016 -0.4420
vn -0.8969 0.0013 -0.4423
vn -0.9005 -0.0017 -0.4349
vn -0.8971 0.0017 -0.4419
vn 0.0735 -0.0029 0.9973
vn 0.0657 0.0030 0.9978
vn 0.0538 -0.4449 0.8940
vn 0.0634 -0.4396 0.8959
vn 0.8983 -0.0042 0.4393
vn 0.8981 -0.0040 0.4397
vn 0.8971 0.0018 0.4418
vn 0.8970 0.0013 0.4421
vn 0.8970 0.0012 0.4420
vn 0.8973 -0.0025 0.4414
vn 0.8990 0.0041 0.4379
vn 0.9007 -0.0004 0.4344
vn 0.8971 0.0001 0.4419
vn 0.9006 -0.0019 0.4347
vn -0.5196 0.7046 0.4833
vn -0.5120 0.7088 0.4853
vn -0.5143 0.7052 0.4881
vn -0.5172 0.7082 0.4805
vn -0.5934 -0.4009 0.6979
vn -0.7957 -0.4357 0.4208
vn -0.6205 -0.4060 0.6709
vn -0.8117 -0.4328 0.3923
vn 0.7663 0.6186 -0.1736
vn 0.5922 0.7098 -0.3815
vn 0.7829 0.5989 -0.1686
vn 0.8172 0.5566 -0.1494
vn 0.8236 0.5567 -0.1089
vn -0.8316 -0.0012 0.5553
vn -0.8317 -0.0011 0.5553
vn -0.8269 -0.0028 0.5624
vn -0.8297 0.0046 0.5582
vn -0.8296 0.0045 0.5583
vn -0.8288 -0.0047 0.5596
vn -0.8288 -0.0048 0.5595
vn -0.8317 -0.0004 0.5553
vn -0.8263 0.0002 0.5633
vn -0.8269 0.0028 0.5624
vn -0.8065 -0.4406 -0.3942
vn -0.8061 -0.4410 -0.3946
vn -0.8047 -0.4385 -0.4001
vn -0.8119 -0.4309 -0.3939
vn -0.1590 0.7044 -0.6918
vn -0.1634 0.7091 -0.6859
vn -0.1653 0.7057 -0.6890
vn -0.1570 0.7079 -0.6886
vn 0.0882 -0.3673 -0.9259
vn 0.0040 -0.0589 -0.9983
vn 0.0704 -0.3228 -0.9438
vn -0.0115 -0.0036 -0.9999
vn -0.5359 0.6238 -0.5689
vn -0.6348 0.7030 -0.3208
vn -0.6288 0.7112 -0.3144
vn -0.5204 0.5555 -0.6486
vn -0.5259 0.5525 -0.6467
vn 0.8268 0.0028 -0.5625
vn 0.8312 -0.0028 -0.5560
vn -0.0707 -0.0047 -0.9975
vn -0.0706 -0.0048 -0.9975
vn -0.0745 0.0010 -0.9972
vn -0.0695 -0.0050 -0.9976
vn -0.0736 0.0031 -0.9973
vn -0.0690 0.0049 -0.9976
vn -0.0691 0.0049 -0.9976
vn -0.0745 0.0006 -0.9972
vn -0.0648 -0.0006 -0.9979
vn -0.0736 -0.0031 -0.9973
vn 0.0015 1.0000 -0.0036
vn -0.2253 0.6235 0.7487
vn 0.0432 0.7098 0.7031
vn -0.2505 0.5933 0.7650
vn 0.0386 0.7042 0.7089
vn -0.3015 0.5554 0.7750
vn -0.2970 0.5525 0.7789
vn 0.6411 0.6972 0.3207
vn 0.6344 0.7020 0.3236
vn 0.6367 0.7120 0.2961
vn 0.6309 0.7157 0.2996
vn -0.5172 0.7083 0.4804
vn 0.0019 -1.0000 -0.0004
vn -0.0002 -1.0000 -0.0033
vn 0.0021 -1.0000 0.0020
vn -0.0039 -1.0000 0.0009
vn -0.0039 -1.0000 0.0007
vn -0.0015 -1.0000 -0.0049
vn 0.0022 -1.0000 0.0030
vn 0.0020 -1.0000 0.0029
vn 0.0013 -1.0000 -0.0046
vn 0.0026 -1.0000 -0.0019
vn -0.0023 -1.0000 -0.0021
vn 0.0038 -1.0000 -0.0005
vn -0.0011 -1.0000 0.0034
vn -0.0013 -1.0000 0.0035
vn 0.6883 0.6973 0.2000
vn 0.6658 0.7162 0.2091
vn 0.6722 0.7149 0.1924
vn 0.6818 0.6987 0.2167
vn -0.5876 0.7079 0.3918
vn -0.5860 0.7092 0.3920
vn -0.5872 0.7042 0.3992
vn -0.5850 0.7060 0.3992
vn 0.6410 0.6976 0.3201
vn 0.6365 0.7122 0.2962
vn 0.6301 0.7162 0.2999
vn -0.0448 0.7060 -0.7068
vn -0.0449 0.7080 -0.7048
vn -0.0538 0.7055 -0.7067
vn -0.0539 0.7075 -0.7047
vn -0.4263 0.5559 0.7136
vn -0.4299 0.5531 0.7137
vn -0.4292 0.5528 0.7143
vn -0.4268 0.5561 0.7132
vn 0.0088 -0.9999 0.0072
vn -0.0026 -1.0000 0.0065
vn -0.0901 -0.9944 -0.0552
vn -0.0447 -0.9989 -0.0128
vn -0.0014 -1.0000 -0.0007
vn -0.0017 -1.0000 0.0007
vn 0.0549 -0.9985 -0.0005
vn 0.0768 -0.9932 -0.0880
vn -0.0447 0.7060 -0.7068
vn -0.0448 0.7080 -0.7048
vn -0.0537 0.7056 -0.7066
vn -0.0538 0.7076 -0.7046
vn -0.5882 0.7076 0.3915
vn -0.5858 0.7093 0.3921
vn -0.5870 0.7045 0.3989
vn -0.5850 0.7056 0.3998
vn 0.8312 0.5559 -0.0003
vn 0.8327 0.5530 0.0277
vn 0.8353 0.5492 0.0268
vn 0.8284 0.5602 0.0012
vn 0.0465 0.7049 0.7078
vn 0.0520 0.7093 0.7030
vn 0.0517 0.7095 0.7028
vn 0.0468 0.7047 0.7080
vn 0.6887 0.6968 0.2005
vn 0.6729 0.7144 0.1921
vn 0.6819 0.6984 0.2176
vn 0.8994 -0.0037 0.4371
vn 0.9005 0.0018 0.4349
vn 0.9007 0.0014 0.4345
vn 0.8971 0.0019 0.4418
vn 0.8995 -0.0035 0.4368
vn 0.8973 -0.0026 0.4415
vn 0.9006 -0.0018 0.4347
vn 0.8977 0.0003 0.4407
vn 0.6859 0.1214 0.7175
vn 0.6621 0.1383 0.7365
vn -0.8929 0.0294 -0.4492
vn -0.8876 -0.0067 -0.4605
vn -0.9011 0.0989 -0.4221
vn -0.9018 0.1374 -0.4098
vn -0.8902 0.0038 -0.4556
vn -0.0649 0.0003 -0.9979
vn -0.0649 -0.0000 -0.9979
vn -0.0696 -0.0050 -0.9976
vn -0.0693 -0.0050 -0.9976
vn -0.0657 0.0030 -0.9978
vn -0.0651 -0.0017 -0.9979
vn -0.0591 0.0044 -0.9982
vn 0.2809 0.1175 -0.9525
vn 0.3063 0.1443 -0.9409
vn -0.8264 -0.0006 0.5631
vn -0.8288 0.0048 0.5595
vn -0.8284 0.0046 0.5601
vn -0.8312 -0.0028 0.5559
vn -0.8264 -0.0003 0.5631
vn -0.8265 0.0020 0.5629
vn -0.8269 0.0029 0.5624
vn -0.8266 0.0023 0.5627
vn -0.8327 -0.0015 0.5537
vn -0.8272 0.0033 0.5619
vn 0.8365 0.0268 -0.5473
vn 0.8398 -0.0018 -0.5428
vn 0.8162 0.0878 -0.5710
vn 0.8062 0.1261 -0.5780
vn 0.8373 -0.0026 -0.5468
vn 0.0581 0.0296 0.9979
vn 0.0445 0.0027 0.9990
vn 0.0856 0.0933 0.9920
vn 0.0954 0.1321 0.9866
vn 0.0550 -0.0029 0.9985
vn -0.1588 0.7040 -0.6922
vn -0.1641 0.7089 -0.6860
vn -0.1656 0.7054 -0.6892
vn -0.1571 0.7080 -0.6886
vn 0.8716 -0.0061 0.4901
vn 0.8678 0.0061 0.4969
vn -0.0111 -0.0033 -0.9999
vn -0.0032 0.0033 -1.0000
vn -0.8603 0.0069 0.5097
vn -0.8643 -0.0069 0.5029
vn -0.6095 0.7052 0.3621
vn -0.6108 0.7082 0.3540
vn -0.6106 0.7083 0.3541
vn -0.6096 0.7050 0.3624
vn -0.0089 0.7047 -0.7094
vn -0.0018 0.7088 -0.7055
vn -0.0090 0.7047 -0.7094
vn 0.5897 0.7059 -0.3924
vn 0.5835 0.7074 -0.3988
vn 0.5834 0.7077 -0.3986
vn 0.5898 0.7056 -0.3927
vn -0.7263 0.0051 0.6874
vn -0.7263 -0.0051 0.6874
vn -0.7317 0.0051 0.6817
vn -0.3024 -0.3807 -0.8738
vn -0.2250 -0.2142 -0.9505
vn -0.2205 -0.0850 -0.9717
vn -0.3141 -0.3752 -0.8721
vn -0.1911 0.0343 -0.9810
vn -0.1450 0.0509 -0.9881
vn 0.9583 0.0124 0.2854
vn 0.9561 -0.0124 0.2929
vn -0.2317 0.0036 -0.9728
vn -0.2240 -0.0036 -0.9746
vn -0.6223 -0.3993 0.6733
vn -0.7904 -0.4332 0.4331
vn -0.8120 -0.4333 0.3910
vn -0.5921 -0.3964 0.7017
vn -0.8930 0.0294 -0.4491
vn -0.9012 0.0991 -0.4219
vn -0.9017 0.1376 -0.4100
vn -0.8902 0.0040 -0.4555
vn 0.0579 0.0296 0.9979
vn 0.0444 0.0027 0.9990
vn 0.0851 0.0929 0.9920
vn 0.0957 0.1319 0.9866
vn 0.8384 0.0257 -0.5444
vn 0.8429 0.0037 -0.5380
vn 0.8165 0.0949 -0.5695
vn 0.8062 0.1344 -0.5762
vn 0.6154 0.7100 0.3423
vn 0.6148 0.7036 0.3562
vn 0.6148 0.7038 0.3559
vn 0.6157 0.7098 0.3422
vn 0.8894 -0.4125 0.1968
vn 0.7725 -0.4272 0.4699
vn 0.7453 -0.4311 0.5085
vn 0.8992 -0.4081 0.1577
vn 0.7572 -0.3676 0.5400
vn 0.8623 -0.0604 0.5027
vn 0.7812 -0.3248 0.5331
vn 0.8715 -0.0060 0.4903
vn -0.6457 0.6960 -0.3141
vn -0.6260 0.7172 -0.3063
vn -0.6254 0.7171 -0.3076
vn -0.6462 0.6961 -0.3128
vn -0.8970 0.0016 -0.4420
vn 0.8312 -0.0029 -0.5559
vn 0.8269 0.0029 -0.5624
vn -0.2244 0.0032 -0.9745
vn -0.2321 -0.0032 -0.9727
vn -0.2321 0.0032 -0.9727
vn -0.8482 -0.3570 0.3912
vn -0.8663 -0.0658 0.4952
vn -0.8538 -0.3119 0.4168
vn -0.8604 0.0071 0.5095
vn 0.0736 -0.0030 0.9973
vn 0.9582 0.0127 0.2857
vn 0.9560 -0.0127 0.2932
vn 0.8880 0.0139 0.4596
vn 0.9112 0.0348 0.4106
vn 0.8726 0.0014 0.4884
vn 0.9232 0.0284 0.3832
vn -0.8413 0.0184 0.5403
vn -0.8119 0.0323 0.5829
vn -0.8597 -0.0017 0.5109
vn -0.7891 0.0380 0.6131
vn 0.8865 0.0111 0.4626
vn 0.9101 0.0334 0.4132
vn 0.8689 -0.0104 0.4949
vn 0.9229 0.0296 0.3838
vn 0.8352 0.5493 0.0265
vn 0.8286 0.5598 0.0011
vn 0.8313 0.5558 -0.0003
vn -0.0434 0.0166 -0.9989
vn -0.0932 0.0286 -0.9952
vn -0.0091 -0.0002 -1.0000
vn -0.1309 0.0325 -0.9909
vn -0.4059 0.5532 -0.7275
vn -0.4051 0.5529 -0.7281
vn -0.4027 0.5557 -0.7274
vn -0.4030 0.5562 -0.7268
vn -0.8435 0.0150 0.5369
vn -0.8149 0.0299 0.5788
vn -0.8608 0.0015 0.5089
vn -0.7896 0.0398 0.6123
vn -0.4295 0.5527 0.7141
vn -0.4298 0.5530 0.7138
vn -0.4267 0.5565 0.7129
vn -0.4263 0.5560 0.7136
vn -0.4050 0.5531 -0.7281
vn -0.4052 0.5529 -0.7281
vn -0.4021 0.5569 -0.7268
vn -0.4029 0.5566 -0.7265
vn -0.6444 0.6963 -0.3162
vn -0.6268 0.7174 -0.3042
vn -0.6256 0.7174 -0.3065
vn -0.6456 0.6962 -0.3139
vn -0.6444 0.6963 -0.3161
vn -0.6268 0.7173 -0.3042
vn -0.6258 0.7173 -0.3064
vn 0.0459 0.7052 0.7075
vn 0.0529 0.7087 0.7035
vn 0.0521 0.7092 0.7030
vn 0.0466 0.7049 0.7077
vn 0.5889 0.7067 -0.3921
vn 0.5840 0.7069 -0.3990
vn 0.5835 0.7074 -0.3989
vn 0.5895 0.7060 -0.3925
vn 0.5890 0.7066 -0.3921
vn 0.5840 0.7070 -0.3988
vn 0.5836 0.7074 -0.3987
vn 0.0457 0.7050 0.7077
vn 0.0528 0.7088 0.7035
vn 0.0527 0.7090 0.7033
vn 0.0460 0.7042 0.7085
vn -0.6097 0.7048 0.3627
vn -0.6109 0.7082 0.3540
vn -0.6097 0.7049 0.3626
vn -0.0086 0.7050 -0.7092
vn -0.0014 0.7086 -0.7056
vn -0.0015 0.7086 -0.7056
vn -0.0087 0.7049 -0.7092
vn 0.6153 0.7101 0.3423
vn 0.6148 0.7037 0.3562
vn 0.6148 0.7038 0.3558
vn 0.6156 0.7099 0.3423
vn 0.0528 0.7089 0.7033
vn 0.0518 0.7094 0.7029
vn 0.0460 0.7043 0.7084
vn 0.0468 0.7046 0.7081
vn 0.5835 0.7073 -0.3990
vn 0.5896 0.7060 -0.3925
vn 0.5897 0.7058 -0.3927
vn -0.6256 0.7170 -0.3075
vn -0.6456 0.6963 -0.3138
usemtl red
s 1
f 1/1/1 3/2/2 2/3/3
f 2/3/3 3/2/2 4/4/4
f 5/5/5 2/3/3 4/4/4
f 5/5/5 6/6/6 2/3/3
f 7/7/7 9/8/8 8/9/9
f 10/10/10 7/7/7 8/9/9
f 11/11/11 9/8/8 7/7/7
f 12/12/12 7/7/7 10/10/10
f 13/13/13 7/7/7 12/12/12
f 14/14/14 7/7/7 13/13/13
f 14/14/14 13/13/13 15/15/15
f 16/16/16 10/10/10 8/9/9
f 16/16/16 17/17/17 10/10/10
f 18/18/18 17/17/17 16/16/16
f 19/19/10 10/10/10 17/17/17
f 15/15/15 20/20/19 14/14/14
f 14/14/14 20/20/19 21/21/20
f 14/14/14 21/21/20 22/22/21
f 22/22/21 21/21/20 23/23/22
f 22/22/21 23/23/22 24/24/23
f 22/22/21 24/24/23 25/25/24
f 26/26/25 23/23/22 21/21/20
f 25/25/24 27/27/26 22/22/21
f 16/16/16 28/28/27 18/18/18
f 24/24/23 23/23/22 29/29/28
f 23/23/22 30/30/29 29/29/28
f 29/29/28 30/30/29 31/31/30
f 31/31/30 30/30/29 32/32/31
f 31/31/30 32/32/31 33/33/32
f 30/30/29 34/34/33 32/32/31
f 33/33/32 35/35/34 31/31/30
f 33/33/32 36/36/35 35/35/34
f 32/32/31 34/34/33 37/37/36
f 38/38/37 36/36/35 33/33/32
f 39/39/38 41/40/39 40/41/40
f 40/41/40 41/40/39 42/42/41
f 41/40/39 39/39/38 43/43/42
f 43/43/42 39/39/38 44/44/43
f 43/43/42 44/44/43 45/45/44
f 45/45/44 44/44/43 46/46/45
f 45/45/44 46/46/45 47/47/46
f 47/47/46 46/46/45 48/48/47
f 47/47/46 48/48/47 49/49/48
f 49/49/48 48/48/47 50/50/49
f 49/49/48 50/50/49 51/51/50
f 51/51/50 50/50/49 52/52/51
f 50/50/49 53/53/52 52/52/51
f 41/40/39 43/43/42 54/54/53
f 54/54/53 43/43/42 55/55/54
f 55/55/54 43/43/42 56/56/55
f 54/54/53 57/57/56 41/40/39
f 55/55/54 56/56/55 58/58/57
f 58/58/57 59/59/58 55/55/54
f 60/60/59 59/59/58 58/58/57
f 60/60/59 61/61/60 59/59/58
f 53/53/52 62/62/61 52/52/51
f 53/53/52 63/63/62 62/62/61
f 64/64/63 63/63/62 53/53/52
f 52/52/51 62/62/61 65/65/64
f 65/65/64 62/62/61 66/66/65
f 66/66/65 62/62/61 67/67/66
f 65/65/64 68/68/67 52/52/51
f 66/66/65 67/67/66 69/69/68
f 69/69/68 70/70/69 66/66/65
f 71/71/70 70/70/69 69/69/68
f 71/71/70 72/72/71 70/70/69
f 73/73/72 61/61/60 60/60/59
f 73/73/72 74/74/73 61/61/60
f 75/75/74 74/74/73 73/73/72
f 75/75/74 76/76/75 74/74/73
f 77/77/76 76/76/75 75/75/74
f 77/77/76 78/78/77 76/76/75
f 79/79/78 72/72/71 71/71/70
f 79/79/78 80/80/79 72/72/71
f 81/81/80 80/80/79 79/79/78
f 81/81/80 82/82/81 80/80/79
f 83/83/82 82/82/81 81/81/80
f 83/83/82 84/84/83 82/82/81
f 85/85/84 84/84/83 83/83/82
f 86/86/85 78/78/77 77/77/76
f 87/87/86 80/80/79 82/82/81
f 88/88/87 74/74/73 76/76/75
f 89/89/88 91/90/89 90/91/90
f 90/91/90 91/90/89 92/92/91
f 93/93/92 95/94/93 94/95/94
f 93/93/92 94/95/94 96/96/95
f 96/96/95 94/95/94 97/97/96
f 95/94/93 98/98/97 94/95/94
f 95/94/93 99/99/98 98/98/97
f 100/100/99 99/99/98 95/94/93
f 100/100/99 101/101/100 99/99/98
f 102/102/101 101/101/100 100/100/99
f 100/100/99 103/103/102 102/102/101
f 102/102/101 103/103/102 104/104/103
f 103/103/102 105/105/104 104/104/103
f 106/106/105 105/105/104 103/103/102
f 107/107/106 105/105/104 106/106/105
f 108/108/107 95/94/93 93/93/92
f 107/107/106 109/109/108 105/105/104
f 106/106/105 103/103/102 110/110/109
f 110/110/109 103/103/102 111/111/110
f 111/111/110 103/103/102 112/112/111
f 113/113/112 109/109/108 107/107/106
f 114/114/113 116/115/114 115/116/115
f 114/114/113 115/116/115 117/117/116
f 117/117/116 115/116/115 118/118/117
f 116/115/114 119/119/118 115/116/115
f 116/115/114 120/120/119 119/119/118
f 121/121/120 120/120/119 116/115/114
f 121/121/120 122/122/121 120/120/119
f 123/123/122 122/122/121 121/121/120
f 123/123/122 124/124/123 122/122/121
f 125/125/124 124/124/123 123/123/122
f 123/123/122 126/126/125 125/125/124
f 123/123/122 127/127/126 126/126/125
f 123/123/122 128/128/127 127/127/126
f 129/129/128 128/128/127 123/123/122
f 130/130/129 116/115/114 114/114/113
f 126/126/125 127/127/126 131/131/130
f 126/126/125 131/131/130 132/132/131
f 132/132/131 133/133/132 126/126/125
f 134/134/133 133/133/132 132/132/131
f 135/135/134 137/136/135 136/137/136
f 138/138/137 137/136/135 135/135/134
f 139/139/138 135/135/134 136/137/136
f 139/139/138 140/140/139 135/135/134
f 141/141/140 143/142/141 142/143/142
f 142/143/142 143/142/141 144/144/143
f 145/145/144 147/146/145 146/147/146
f 148/148/147 145/145/144 146/147/146
f 148/148/147 149/149/148 145/145/144
f 150/150/149 149/149/148 148/148/147
f 150/150/149 151/151/150 149/149/148
f 152/152/151 151/151/150 150/150/149
f 152/152/151 153/153/152 151/151/150
f 152/152/151 154/154/153 153/153/152
f 155/155/154 147/146/145 145/145/144
f 155/155/154 156/156/155 147/146/145
f 157/157/156 156/156/155 155/155/154
f 158/158/157 157/157/156 155/155/154
f 158/158/157 159/159/120 157/157/156
f 160/160/158 159/159/120 158/158/157
f 160/160/158 161/161/159 159/159/120
f 153/153/152 154/154/153 162/162/160
f 153/153/152 162/162/160 163/163/161
f 163/163/161 162/162/160 164/164/162
f 165/165/163 163/163/161 164/164/162
f 165/165/163 166/166/164 163/163/161
f 167/167/99 166/166/164 165/165/163
f 167/167/99 168/168/165 166/166/164
f 169/169/166 168/168/165 167/167/99
f 169/169/166 170/170/167 168/168/165
f 171/171/168 170/170/167 169/169/166
f 171/171/168 172/172/169 170/170/167
f 171/171/168 173/173/170 172/172/169
f 172/172/169 173/173/170 174/174/171
f 164/164/162 162/162/160 175/175/172
f 164/164/162 175/175/172 176/176/173
f 164/164/162 176/176/173 177/177/174
f 177/177/174 176/176/173 178/178/175
f 177/177/174 178/178/175 179/179/176
f 177/177/174 179/179/176 180/180/177
f 180/180/177 179/179/176 181/181/178
f 180/180/177 181/181/178 182/182/179
f 180/180/177 182/182/179 183/183/180
f 183/183/180 182/182/179 184/184/181
f 183/183/180 184/184/181 185/185/182
f 185/185/182 184/184/181 186/186/183
f 185/185/182 186/186/183 187/187/184
f 185/185/182 187/187/184 188/188/185
f 188/188/185 187/187/184 189/189/186
f 188/188/185 189/189/186 154/154/153
f 154/154/153 189/189/186 190/190/187
f 154/154/153 190/190/187 162/162/160
f 191/191/188 193/192/189 192/193/190
f 192/193/190 193/192/189 194/194/191
f 194/194/191 193/192/189 195/195/192
f 195/195/192 196/196/193 194/194/191
f 197/197/194 196/196/193 195/195/192
f 198/198/195 196/196/193 197/197/194
f 197/197/194 199/199/196 198/198/195
f 200/200/197 199/199/196 197/197/194
f 201/201/198 203/202/199 202/203/199
f 202/203/199 203/202/199 204/204/198
f 205/205/200 207/206/201 206/207/202
f 206/207/202 207/206/201 208/208/203
f 209/209/204 205/205/200 206/207/202
f 209/209/204 206/207/202 210/210/205
f 211/211/206 205/205/200 209/209/204
f 209/209/204 212/212/207 211/211/206
f 211/211/206 212/212/207 213/213/208
f 211/211/206 213/213/208 214/214/209
f 214/214/209 213/213/208 215/215/210
f 214/214/209 215/215/210 216/216/211
f 217/217/212 214/214/209 216/216/211
f 217/217/212 216/216/211 218/218/213
f 219/219/214 214/214/209 217/217/212
f 206/207/202 208/208/203 220/220/215
f 205/205/200 221/221/216 207/206/201
f 220/220/215 208/208/203 222/222/217
f 218/218/213 216/216/211 223/223/218
f 223/223/218 216/216/211 224/224/219
f 225/225/220 223/223/218 224/224/219
f 226/226/221 221/221/216 205/205/200
f 226/226/221 205/205/200 227/227/222
f 228/228/221 230/229/223 229/230/224
f 229/230/224 230/229/223 231/231/225
f 231/231/225 232/232/226 229/230/224
f 231/231/225 233/233/227 232/232/226
f 229/230/224 232/232/226 234/234/201
f 234/234/201 232/232/226 235/235/228
f 236/236/229 233/233/227 231/231/225
f 236/236/229 237/237/226 233/233/227
f 238/238/230 237/237/226 236/236/229
f 236/236/229 239/239/231 238/238/230
f 237/237/226 240/240/201 233/233/227
f 241/241/228 240/240/201 237/237/226
f 242/242/232 244/243/233 243/244/234
f 243/244/234 244/243/233 245/245/235
f 245/245/235 244/243/233 246/246/236
f 242/242/232 247/247/237 244/243/233
f 248/248/238 250/249/239 249/250/240
f 248/248/238 249/250/240 251/251/241
f 252/252/242 250/249/239 248/248/238
f 253/253/243 250/249/239 252/252/242
f 253/253/243 254/254/244 250/249/239
f 255/255/245 254/254/244 253/253/243
f 255/255/245 256/256/246 254/254/244
f 257/257/247 256/256/246 255/255/245
f 258/258/248 260/259/248 259/260/249
f 261/261/249 260/259/248 258/258/248
f 262/262/250 264/263/251 263/264/252
f 265/265/253 264/263/251 262/262/250
f 266/266/254 268/267/255 267/268/256
f 267/268/256 268/267/255 269/269/257
f 269/269/257 268/267/255 270/270/258
f 270/270/258 271/271/259 269/269/257
f 272/272/260 271/271/259 270/270/258
f 273/273/261 271/271/259 272/272/260
f 272/272/260 274/274/262 273/273/261
f 275/275/263 274/274/262 272/272/260
f 276/276/264 278/277/265 277/278/266
f 277/278/266 278/277/265 279/279/267
f 276/276/264 280/280/268 278/277/265
f 281/281/9 278/277/265 280/280/268
f 282/282/269 280/280/268 276/276/264
f 276/276/264 283/283/12 282/282/269
f 284/284/270 282/282/269 283/283/12
f 285/285/270 282/282/269 284/284/270
f 285/285/270 286/286/271 282/282/269
f 287/287/9 278/277/265 281/281/9
f 287/287/9 288/288/272 278/277/265
f 289/289/273 286/286/271 285/285/270
f 277/278/266 279/279/267 290/290/274
f 290/290/274 279/279/267 291/291/275
f 290/290/274 291/291/275 292/292/276
f 292/292/276 293/293/277 290/290/274
f 292/292/276 294/294/278 293/293/277
f 295/295/279 288/288/272 287/287/9
f 296/296/280 298/297/281 297/298/281
f 297/298/281 298/297/281 299/299/280
f 300/300/282 302/301/283 301/302/284
f 301/302/284 302/301/283 303/303/285
f 301/302/284 303/303/285 304/304/286
f 304/304/286 303/303/285 305/305/287
f 306/306/288 308/307/289 307/308/290
f 309/309/291 308/307/289 306/306/288
f 310/310/292 312/311/293 311/312/294
f 313/313/295 312/311/293 310/310/292
f 310/310/292 311/312/294 314/314/296
f 315/315/297 313/313/295 310/310/292
f 315/315/297 316/316/298 313/313/295
f 317/317/299 316/316/298 315/315/297
f 318/318/300 320/319/301 319/320/302
f 320/319/301 321/321/303 319/320/302
f 320/319/301 322/322/304 321/321/303
f 321/321/303 322/322/304 323/323/305
f 321/321/303 323/323/305 324/324/306
f 320/319/301 325/325/307 322/322/304
f 325/325/307 326/326/16 322/322/304
f 327/327/308 325/325/307 320/319/301
f 323/323/305 322/322/304 328/328/309
f 324/324/306 329/329/11 321/321/303
f 322/322/304 326/326/16 330/330/310
f 323/323/305 328/328/309 331/331/311
f 331/331/311 328/328/309 332/332/312
f 331/331/311 332/332/312 333/333/313
f 333/333/313 332/332/312 334/334/314
f 334/334/314 332/332/312 335/335/315
f 336/336/316 329/329/11 324/324/306
f 336/336/316 337/337/317 329/329/11
f 338/338/318 337/337/317 336/336/316
f 338/338/318 339/339/264 337/337/317
f 340/340/319 339/339/264 338/338/318
f 338/338/318 341/341/320 340/340/319
f 340/340/319 341/341/320 342/342/321
f 320/319/301 343/343/322 327/327/308
f 344/344/323 343/343/322 320/319/301
f 345/345/324 343/343/322 344/344/323
f 345/345/324 344/344/323 346/346/325
f 346/346/325 347/347/324 345/345/324
f 346/346/325 348/348/326 347/347/324
f 349/349/9 348/348/326 346/346/325
f 349/349/9 346/346/325 350/350/327
f 351/351/328 348/348/326 349/349/9
f 352/352/329 348/348/326 351/351/328
f 352/352/329 351/351/328 353/353/330
f 353/353/330 351/351/328 354/354/331
f 353/353/330 354/354/331 355/355/332
f 355/355/332 354/354/331 356/356/333
f 357/357/334 359/358/335 358/359/336
f 358/359/336 360/360/337 357/357/334
f 359/358/335 361/361/338 358/359/336
f 358/359/336 361/361/338 360/360/337
f 362/362/339 361/361/338 359/358/335
f 363/363/340 365/364/341 364/365/342
f 364/365/342 365/364/341 366/366/343
f 363/363/340 364/365/342 367/367/344
f 368/368/345 364/365/342 366/366/343
f 368/368/345 369/369/346 364/365/342
f 368/368/345 370/370/347 369/369/346
f 371/371/348 370/370/347 368/368/345
f 371/371/348 372/372/349 370/370/347
f 373/373/350 372/372/349 371/371/348
f 367/367/344 374/374/351 363/363/340
f 363/363/340 374/374/351 375/375/352
f 376/376/353 378/377/354 377/378/355
f 377/378/355 378/377/354 379/379/356
f 379/379/356 378/377/354 380/380/357
f 376/376/353 381/381/358 378/377/354
f 382/382/359 384/383/360 383/384/361
f 383/384/361 384/383/360 385/385/362
f 383/384/361 385/385/362 386/386/363
f 386/386/363 385/385/362 387/387/364
f 388/388/365 390/389/366 389/390/367
f 388/388/365 389/390/367 391/391/368
f 391/391/368 389/390/367 392/392/369
f 393/393/370 392/392/369 389/390/367
f 389/390/367 394/394/17 393/393/370
f 393/393/370 394/394/17 395/395/17
f 393/393/370 395/395/17 396/396/371
f 397/397/8 395/395/17 394/394/17
f 396/396/371 395/395/17 398/398/367
f 399/399/8 395/395/17 397/397/8
f 399/399/8 400/400/372 395/395/17
f 401/401/373 390/389/366 388/388/365
f 396/396/371 398/398/367 402/402/374
f 402/402/374 398/398/367 403/403/375
f 402/402/374 403/403/375 404/404/376
f 404/404/376 405/405/377 402/402/374
f 404/404/376 406/406/378 405/405/377
f 407/407/379 400/400/372 399/399/8
f 408/408/380 410/409/381 409/410/382
f 409/410/382 410/409/381 411/411/383
f 411/411/383 410/409/381 412/412/384
f 408/408/380 413/413/385 410/409/381
f 414/414/386 416/415/386 415/416/387
f 417/417/387 416/415/386 414/414/386
f 418/418/388 420/419/389 419/420/390
f 419/420/390 420/419/389 421/421/391
f 422/422/392 418/418/388 419/420/390
f 423/423/393 418/418/388 422/422/392
f 424/424/110 426/425/394 425/426/395
f 425/426/395 426/425/394 427/427/396
f 427/427/396 428/428/397 425/426/395
f 427/427/396 429/429/398 428/428/397
f 425/426/395 428/428/397 430/430/399
f 430/430/399 428/428/397 431/431/400
f 432/432/401 429/429/398 427/427/396
f 432/432/401 433/433/402 429/429/398
f 434/434/403 433/433/402 432/432/401
f 432/432/401 435/435/404 434/434/403
f 433/433/402 436/436/399 429/429/398
f 437/437/400 436/436/399 433/433/402
f 438/438/405 440/439/406 439/440/407
f 439/440/407 440/439/406 441/441/408
f 439/440/407 441/441/408 442/442/409
f 443/443/410 445/444/411 444/445/412
f 446/446/413 445/444/411 443/443/410
f 447/447/414 446/446/413 443/443/410
f 448/448/415 446/446/413 447/447/414
f 449/449/198 451/450/199 450/451/199
f 450/451/199 451/450/199 452/452/198
f 453/453/416 455/454/417 454/455/418
f 454/455/418 455/454/417 456/456/419
f 457/457/420 459/458/420 458/459/421
f 460/460/421 459/458/420 457/457/420
f 461/461/422 463/462/423 462/463/424
f 461/461/422 462/463/424 464/464/425
f 462/463/424 465/465/426 464/464/425
f 464/464/425 465/465/426 466/466/427
f 464/464/425 466/466/427 467/467/428
f 468/468/429 463/462/423 461/461/422
f 469/469/430 471/470/431 470/471/432
f 470/471/432 472/472/433 469/469/430
f 472/472/433 470/471/432 473/473/434
f 474/474/435 476/475/436 475/476/437
f 474/474/435 477/477/438 476/475/436
f 478/478/439 480/479/440 479/480/441
f 481/481/442 480/479/440 478/478/439
f 482/482/443 484/483/444 483/484/445
f 482/482/443 483/484/445 485/485/446
f 486/486/447 488/487/448 487/488/449
f 487/488/449 488/487/448 489/489/450
f 489/489/450 490/490/451 487/488/449
f 489/489/450 491/491/452 490/490/451
f 487/488/449 490/490/451 492/492/130
f 492/492/130 490/490/451 493/493/453
f 494/494/454 491/491/452 489/489/450
f 494/494/454 495/495/451 491/491/452
f 496/496/455 495/495/451 494/494/454
f 494/494/454 497/497/456 496/496/455
f 495/495/451 498/498/130 491/491/452
f 499/499/453 498/498/130 495/495/451
f 500/500/457 502/501/457 501/502/458
f 503/503/458 502/501/457 500/500/457
f 504/504/459 506/505/460 505/506/460
f 505/506/460 506/505/460 507/507/459
f 508/508/461 510/509/462 509/510/462
f 509/510/462 510/509/462 511/511/461
f 512/512/463 514/513/463 513/514/464
f 515/515/464 514/513/463 512/512/463
f 516/516/465 518/517/30 517/518/466
f 519/519/467 518/517/30 516/516/465
f 519/519/467 520/520/30 518/517/30
f 521/521/328 518/517/30 520/520/30
f 522/522/466 520/520/30 519/519/467
f 519/519/467 523/523/324 522/522/466
f 524/524/468 522/522/466 523/523/324
f 525/525/468 522/522/466 524/524/468
f 525/525/468 526/526/469 522/522/466
f 527/527/328 518/517/30 521/521/328
f 527/527/328 528/528/465 518/517/30
f 529/529/470 526/526/469 525/525/468
f 516/516/465 517/518/466 530/530/471
f 530/530/471 517/518/466 531/531/472
f 530/530/471 531/531/472 532/532/473
f 532/532/473 533/533/474 530/530/471
f 532/532/473 534/534/475 533/533/474
f 535/535/476 528/528/465 527/527/328
f 536/536/477 538/537/478 537/538/479
f 537/538/479 538/537/478 539/539/480
f 537/538/479 539/539/480 540/540/481
f 540/540/481 541/541/482 537/538/479
f 542/542/483 541/541/482 540/540/481
f 542/542/483 543/543/484 541/541/482
f 544/544/485 543/543/484 542/542/483
f 544/544/485 545/545/486 543/543/484
f 546/546/487 545/545/486 544/544/485
f 546/546/487 547/547/488 545/545/486
f 548/548/489 547/547/488 546/546/487
f 548/548/489 549/549/490 547/547/488
f 550/550/491 549/549/490 548/548/489
f 536/536/477 551/551/492 538/537/478
f 552/552/493 545/545/486 547/547/488
f 553/553/494 551/551/492 536/536/477
f 536/536/477 554/554/495 553/553/494
f 554/554/495 555/555/496 553/553/494
f 554/554/495 556/556/497 555/555/496
f 557/557/498 556/556/497 554/554/495
f 536/536/477 558/558/499 554/554/495
f 559/559/500 561/560/16 560/561/501
f 559/559/500 560/561/501 562/562/502
f 562/562/502 560/561/501 563/563/465
f 562/562/502 563/563/465 564/564/503
f 565/565/504 561/560/16 559/559/500
f 564/564/503 563/563/465 566/566/505
f 566/566/505 563/563/465 567/567/506
f 567/567/506 563/563/465 568/568/507
f 567/567/506 568/568/507 569/569/508
f 565/565/504 570/570/509 561/560/16
f 571/571/510 570/570/509 565/565/504
f 569/569/508 568/568/507 572/572/511
f 572/572/511 568/568/507 573/573/512
f 572/572/511 573/573/512 574/574/513
f 574/574/513 573/573/512 575/575/514
f 576/576/515 575/575/514 570/570/509
f 574/574/513 575/575/514 576/576/515
f 576/576/515 570/570/509 577/577/516
f 577/577/516 570/570/509 571/571/510
f 578/578/517 580/579/518 579/580/519
f 578/578/517 581/581/520 580/579/518
f 581/581/520 578/578/517 582/582/521
f 582/582/521 578/578/517 583/583/522
f 583/583/522 584/584/523 582/582/521
f 585/585/524 584/584/523 583/583/522
f 579/580/519 580/579/518 586/586/525
f 587/587/526 589/588/527 588/589/528
f 590/590/529 589/588/527 587/587/526
f 591/591/530 587/587/526 588/589/528
f 591/591/530 592/592/531 587/587/526
f 597/593/532 599/594/533 598/595/534
f 599/594/533 600/596/535 598/595/534
f 601/597/536 600/596/535 599/594/533
f 597/593/532 602/598/537 599/594/533
f 603/599/538 605/600/539 604/601/540
f 606/602/541 604/601/540 605/600/539
f 607/603/542 606/602/541 605/600/539
f 607/603/542 608/604/543 606/602/541
f 605/600/539 609/605/544 607/603/542
f 610/606/545 609/605/544 605/600/539
f 611/607/546 605/600/539 603/599/538
f 612/608/547 604/601/540 606/602/541
f 612/608/547 613/609/548 604/601/540
f 614/610/549 613/609/548 612/608/547
f 614/610/549 615/611/268 613/609/548
f 616/612/550 615/611/268 614/610/549
f 612/608/547 617/613/551 614/610/549
f 616/612/550 618/614/7 615/611/268
f 619/615/552 618/614/7 616/612/550
f 614/610/549 617/613/551 620/616/13
f 616/612/550 621/617/553 619/615/552
f 610/606/545 622/618/554 609/605/544
f 610/606/545 623/619/369 622/618/554
f 624/620/555 623/619/369 610/606/545
f 624/620/555 625/621/370 623/619/369
f 624/620/555 626/622/556 625/621/370
f 627/623/328 626/622/556 624/620/555
f 628/624/366 626/622/556 627/623/328
f 627/623/328 624/620/555 629/625/557
f 630/626/556 626/622/556 628/624/366
f 631/627/558 630/626/556 628/624/366
f 631/627/558 632/628/559 630/626/556
f 631/627/558 633/629/560 632/628/559
f 634/630/561 633/629/560 631/627/558
f 635/631/562 637/632/563 636/633/564
f 636/633/564 638/634/565 635/631/562
f 638/634/565 639/635/566 635/631/562
f 635/631/562 639/635/566 637/632/563
f 640/636/567 639/635/566 638/634/565
f 641/637/568 643/638/569 642/639/570
f 644/640/571 646/641/572 645/642/573
f 647/643/574 646/641/572 644/640/571
f 647/643/574 648/644/574 646/641/572
f 649/645/575 648/644/574 647/643/574
f 649/645/575 650/646/575 648/644/574
f 651/647/576 650/646/575 649/645/575
f 649/645/575 652/648/577 651/647/576
f 645/642/573 646/641/572 653/649/578
f 654/650/579 656/651/580 655/652/581
f 655/652/581 656/651/580 657/653/582
f 658/654/583 660/655/584 659/656/585
f 659/656/585 661/657/586 658/654/583
f 658/654/583 662/658/587 660/655/584
f 663/659/588 660/655/584 662/658/587
f 663/659/588 662/658/587 664/660/589
f 665/661/590 661/657/586 659/656/585
f 665/661/590 666/662/591 661/657/586
f 667/663/592 666/662/591 665/661/590
f 668/664/593 670/665/594 669/666/595
f 669/666/595 670/665/594 671/667/596
f 669/666/595 671/667/596 672/668/597
f 673/669/598 668/664/593 669/666/595
f 673/669/598 674/670/599 668/664/593
f 675/671/600 674/670/599 673/669/598
f 676/672/601 678/673/602 677/674/603
f 677/674/603 679/675/604 676/672/601
f 678/673/602 680/676/605 677/674/603
f 677/674/603 680/676/605 679/675/604
f 681/677/606 680/676/605 678/673/602
f 682/678/607 684/679/608 683/680/609
f 683/680/609 684/679/608 685/681/610
f 686/682/611 688/683/612 687/684/613
f 687/684/613 689/685/614 686/682/611
f 686/682/611 690/686/615 688/683/612
f 691/687/616 688/683/612 690/686/615
f 691/687/616 690/686/615 692/688/617
f 693/689/618 689/685/614 687/684/613
f 693/689/618 694/690/619 689/685/614
f 695/691/620 694/690/619 693/689/618
f 696/692/621 698/693/622 697/694/623
f 699/695/624 698/693/622 696/692/621
f 696/692/621 697/694/623 700/696/625
f 700/696/625 697/694/623 701/697/626
f 701/697/626 702/698/627 700/696/625
f 701/697/626 703/699/628 702/698/627
f 704/700/629 702/698/627 703/699/628
f 704/700/629 703/699/628 705/701/630
f 706/702/631 708/703/632 707/704/633
f 709/705/634 708/703/632 706/702/631
f 709/705/634 710/706/634 708/703/632
f 711/707/635 710/706/634 709/705/634
f 711/707/635 712/708/636 710/706/634
f 713/709/637 712/708/636 711/707/635
f 711/707/635 714/710/638 713/709/637
f 707/704/633 708/703/632 715/711/633
f 716/712/639 718/713/640 717/714/641
f 716/712/639 717/714/641 719/715/642
f 720/716/643 722/717/644 721/718/645
f 721/718/645 722/717/644 723/719/646
f 722/717/644 724/720/647 723/719/646
f 725/721/648 724/720/647 722/717/644
f 723/719/646 724/720/647 726/722/649
f 727/723/650 723/719/646 726/722/649
f 727/723/650 726/722/649 728/724/651
f 720/716/643 729/725/652 722/717/644
f 730/726/653 732/727/654 731/728/655
f 730/726/653 733/729/656 732/727/654
f 732/727/654 734/730/657 731/728/655
f 735/731/658 737/732/659 736/733/660
f 736/733/660 737/732/659 738/734/661
f 739/735/662 741/736/663 740/737/664
f 739/735/662 742/738/665 741/736/663
f 743/739/666 742/738/665 739/735/662
f 744/740/667 746/741/668 745/742/669
f 747/743/670 746/741/668 744/740/667
f 748/744/671 750/745/672 749/746/673
f 749/746/673 750/745/672 751/747/674
f 752/748/675 754/749/676 753/750/677
f 755/751/678 754/749/676 752/748/675
f 756/752/679 758/753/680 757/754/681
f 757/754/681 758/753/680 759/755/682
f 770/756/683 772/757/684 771/758/685
f 771/758/685 772/757/684 773/759/686
f 774/760/687 771/758/685 773/759/686
f 774/760/687 775/761/688 771/758/685
f 776/762/689 778/763/690 777/764/691
f 779/765/692 778/763/690 776/762/689
f 780/766/693 782/767/694 781/768/695
f 783/769/696 782/767/694 780/766/693
f 784/770/697 786/771/698 785/772/699
f 784/770/697 787/773/700 786/771/698
f 788/774/701 790/775/702 789/776/703
f 788/774/701 791/777/704 790/775/702
f 792/778/705 791/777/704 788/774/701
f 793/779/706 795/780/707 794/781/708
f 796/782/709 795/780/707 793/779/706
f 797/783/710 799/784/711 798/785/712
f 800/786/713 799/784/711 797/783/710
f 801/787/714 803/788/715 802/789/716
f 802/789/716 803/788/715 804/790/717
f 805/791/718 807/792/719 806/793/720
f 805/791/718 806/793/720 808/794/721
f 808/794/721 806/793/720 809/795/703
f 808/794/721 809/795/703 810/796/722
f 811/797/723 813/798/724 812/799/725
f 814/800/726 813/798/724 811/797/723
f 815/801/727 817/802/728 816/803/729
f 816/803/729 818/804/730 815/801/727
f 819/805/731 818/804/730 816/803/729
f 820/806/732 822/807/733 821/808/734
f 821/808/734 822/807/733 823/809/735
f 824/810/736 826/811/737 825/812/738
f 825/812/738 826/811/737 827/813/739
f 828/814/740 824/810/736 825/812/738
f 829/815/741 824/810/736 828/814/740
f 840/816/742 842/817/743 841/818/744
f 841/818/744 842/817/743 843/819/745
f 844/820/746 846/821/747 845/822/748
f 845/822/748 846/821/747 847/823/749
f 845/822/748 847/823/749 848/824/750
f 848/824/750 847/823/749 849/825/751
f 854/826/752 856/827/752 855/828/753
f 857/829/753 856/827/752 854/826/752
f 858/830/754 860/831/755 859/832/756
f 861/833/757 860/831/755 858/830/754
f 862/834/758 861/833/757 858/830/754
f 863/835/759 861/833/757 862/834/758
f 870/836/760 872/837/761 871/838/762
f 870/836/760 873/839/763 872/837/761
f 874/840/764 876/841/765 875/842/766
f 877/843/767 876/841/765 874/840/764
f 878/844/768 880/845/769 879/846/770
f 881/847/771 883/848/772 882/849/773
f 883/848/772 881/847/771 884/850/774
f 882/849/773 883/848/772 885/851/775
f 882/849/773 885/851/775 886/852/776
f 885/851/775 883/848/772 887/853/777
f 897/854/778 899/855/779 898/856/780
f 898/856/780 899/855/779 900/857/781
f 901/858/782 903/859/783 902/860/784
f 904/861/784 903/859/783 901/858/782
f 905/862/785 907/863/786 906/864/352
f 905/862/785 908/865/787 907/863/786
f 909/866/788 908/865/787 905/862/785
f 910/867/789 912/868/790 911/869/791
f 910/867/789 913/870/792 912/868/790
f 914/871/793 160/160/158 915/872/794
f 914/871/793 161/161/159 160/160/158
f 914/871/793 916/873/795 161/161/159
f 172/172/169 916/873/795 914/871/793
f 172/172/169 174/174/171 916/873/795
f 916/873/795 174/174/171 917/874/796
f 916/873/795 917/874/796 918/875/797
f 918/875/797 917/874/796 919/876/798
f 918/875/797 919/876/798 920/877/799
f 918/875/797 920/877/799 921/878/800
f 921/878/800 920/877/799 922/879/801
f 921/878/800 922/879/801 923/880/802
f 921/878/800 923/880/802 924/881/803
f 924/881/803 923/880/802 925/882/804
f 924/881/803 925/882/804 926/883/805
f 926/883/805 925/882/804 927/884/806
f 926/883/805 927/884/806 928/885/807
f 926/883/805 928/885/807 929/886/808
f 930/887/809 929/886/808 928/885/807
f 171/171/168 929/886/808 930/887/809
f 930/887/809 931/888/810 171/171/168
f 171/171/168 931/888/810 173/173/170
f 932/889/811 934/890/812 933/891/813
f 935/892/814 934/890/812 932/889/811
f 934/890/812 936/893/815 933/891/813
f 937/894/816 936/893/815 934/890/812
f 933/891/813 936/893/815 938/895/817
f 939/896/818 933/891/813 938/895/817
f 939/896/818 938/895/817 940/897/819
f 935/892/814 941/898/820 934/890/812
f 942/899/821 944/900/822 943/901/99
f 943/901/99 944/900/822 945/902/823
f 946/903/206 944/900/822 942/899/821
f 947/904/99 944/900/822 946/903/206
f 947/904/99 948/905/824 944/900/822
f 943/901/99 945/902/823 949/906/825
f 950/907/826 948/905/824 947/904/99
f 951/908/827 948/905/824 950/907/826
f 951/908/827 950/907/826 952/909/828
f 951/908/827 952/909/828 953/910/829
f 951/908/827 953/910/829 954/911/830
f 955/912/821 954/911/830 953/910/829
f 956/913/831 954/911/830 955/912/821
f 956/913/831 957/914/832 954/911/830
f 958/915/833 957/914/832 956/913/831
f 958/915/833 959/916/834 957/914/832
f 949/906/825 945/902/823 959/916/834
f 949/906/825 959/916/834 960/917/835
f 960/917/835 959/916/834 958/915/833
f 961/918/351 963/919/351 962/920/352
f 964/921/352 963/919/351 961/918/351
f 965/922/836 967/923/837 966/924/838
f 967/923/837 965/922/836 968/925/839
f 966/924/838 967/923/837 969/926/840
f 966/924/838 969/926/840 970/927/836
f 969/926/840 967/923/837 971/928/841
f 972/929/842 974/930/843 973/931/844
f 975/932/845 977/933/846 976/934/847
f 976/934/847 977/933/846 978/935/848
f 979/936/849 981/937/850 980/938/851
f 980/938/851 981/937/850 982/939/852
f 980/938/851 982/939/852 983/940/853
f 979/936/849 984/941/854 981/937/850
f 985/942/855 987/943/856 986/944/857
f 985/942/855 988/945/858 987/943/856
f 989/946/859 991/947/859 990/948/860
f 992/949/861 991/947/859 989/946/859
f 993/950/862 995/951/863 994/952/864
f 993/950/862 994/952/864 996/953/865
f 996/953/865 994/952/864 997/954/352
f 996/953/865 997/954/352 998/955/351
f 999/956/866 1001/957/867 1000/958/868
f 1002/959/869 1001/957/867 999/956/866
f 1003/960/870 1005/961/871 1004/962/872
f 1005/961/871 1003/960/870 1006/963/873
f 1004/962/872 1005/961/871 1007/964/874
f 1004/962/872 1007/964/874 1008/965/875
f 1007/964/874 1005/961/871 1009/966/876
f 1010/967/877 1012/968/877 1011/969/878
f 1013/970/878 1012/968/877 1010/967/877
f 1030/971/879 1032/972/880 1031/973/881
f 1031/973/881 1032/972/880 1033/974/882
f 1034/975/883 1031/973/881 1033/974/882
f 1034/975/883 1035/976/884 1031/973/881
f 1036/977/885 1038/978/886 1037/979/887
f 1037/979/887 1038/978/886 1039/980/888
f 1037/979/887 1039/980/888 1040/981/889
f 1040/981/889 1041/982/890 1037/979/887
f 1042/983/891 1041/982/890 1040/981/889
f 1043/984/892 1045/985/893 1044/986/894
f 1046/987/895 1045/985/893 1043/984/892
f 1047/988/896 1049/989/896 1048/990/897
f 1050/991/897 1049/989/896 1047/988/896
f 1051/992/898 1053/993/899 1052/994/899
f 1052/994/899 1053/993/899 1054/995/898
f 1064/996/900 1066/997/901 1065/998/902
f 1067/999/903 1066/997/901 1064/996/900
f 1066/997/901 1068/1000/904 1065/998/902
f 1069/1001/905 1068/1000/904 1066/997/901
f 1065/998/902 1068/1000/904 1070/1002/906
f 1071/1003/907 1065/998/902 1070/1002/906
f 1071/1003/907 1070/1002/906 1072/1004/908
f 1067/999/903 1073/1005/909 1066/997/901
f 1074/1006/910 1076/1007/911 1075/1008/912
f 1077/1009/913 1076/1007/911 1074/1006/910
f 1078/1010/914 1080/1011/915 1079/1012/916
f 1081/1013/917 1080/1011/915 1078/1010/914
f 1082/1014/918 1084/1015/919 1083/1016/920
f 1082/1014/918 1085/1017/921 1084/1015/919
f 1086/1018/922 1088/1019/923 1087/1020/924
f 1089/1021/925 1088/1019/923 1086/1018/922
f 1090/1022/926 1092/1023/926 1091/1024/927
f 1093/1025/927 1092/1023/926 1090/1022/926
f 1094/1026/928 1096/1027/929 1095/1028/930
f 1095/1028/930 1096/1027/929 1097/1029/931
f 1098/1030/932 1094/1026/928 1095/1028/930
f 1099/1031/933 1094/1026/928 1098/1030/932
f 1100/1032/934 1102/1033/934 1101/1034/935
f 1103/1035/935 1102/1033/934 1100/1032/934
f 1104/1036/936 1106/1037/936 1105/1038/937
f 1107/1039/936 1106/1037/936 1104/1036/936
f 1108/1040/938 1110/1041/939 1109/1042/940
f 1109/1042/940 1110/1041/939 1111/1043/941
f 1121/1044/942 1123/1045/943 1122/1046/944
f 1122/1046/944 1123/1045/943 1124/1047/942
f 1125/1048/945 1127/1049/946 1126/1050/947
f 1126/1050/947 1127/1049/946 1128/1051/948
f 1129/1052/949 1131/1053/950 1130/1054/951
f 1132/1055/952 1131/1053/950 1129/1052/949
f 1133/1056/953 1135/1057/954 1134/1058/955
f 1133/1056/953 1136/1059/956 1135/1057/954
f 1137/1060/957 1139/1061/958 1138/1062/959
f 1137/1060/957 1138/1062/959 1140/1063/960
f 1141/1064/961 1139/1061/958 1137/1060/957
f 1148/1065/962 1150/1066/963 1149/1067/964
f 1151/1068/965 1148/1065/962 1149/1067/964
f 1152/1069/966 1148/1065/962 1151/1068/965
f 1152/1069/966 1153/1070/967 1148/1065/962
f 1154/1071/968 1153/1070/967 1152/1069/966
f 1155/1072/720 1157/1073/720 1156/1074/703
f 1158/1075/703 1157/1073/720 1155/1072/720
f 1159/1076/969 1161/1077/970 1160/1078/971
f 1159/1076/969 1160/1078/971 1162/1079/972
f 1163/1080/973 1161/1077/970 1159/1076/969
f 1164/1081/974 1161/1077/970 1163/1080/973
f 1165/1082/975 1161/1077/970 1164/1081/974
f 1165/1082/975 1166/1083/976 1161/1077/970
f 1165/1082/975 1167/1084/977 1166/1083/976
f 1168/1085/978 1167/1084/977 1165/1082/975
f 1169/1086/979 1167/1084/977 1168/1085/978
f 1169/1086/979 1170/1087/980 1167/1084/977
f 1171/1088/981 1170/1087/980 1169/1086/979
f 1172/1089/982 1170/1087/980 1171/1088/981
f 1172/1089/982 1173/1090/983 1170/1087/980
f 1160/1078/971 1173/1090/983 1174/1091/984
f 1174/1091/984 1173/1090/983 1172/1089/982
f 1162/1079/972 1160/1078/971 1174/1091/984
f 1169/1086/979 1168/1085/978 1175/1092/985
f 1169/1086/979 1175/1092/985 1176/1093/986
f 1177/1094/987 1179/1095/987 1178/1096/988
f 1180/1097/989 1179/1095/987 1177/1094/987
f 1180/1097/989 1181/1098/989 1179/1095/987
f 1182/1099/990 1181/1098/989 1180/1097/989
f 1182/1099/990 1183/1100/990 1181/1098/989
f 1184/1101/991 1183/1100/990 1182/1099/990
f 1182/1099/990 1185/1102/992 1184/1101/991
f 1178/1096/988 1179/1095/987 1186/1103/993
f 1187/1104/994 1189/1105/995 1188/1106/995
f 1188/1106/995 1189/1105/995 1190/1107/994
f 1195/1108/996 1197/1109/996 1196/1110/997
f 1198/1111/997 1197/1109/996 1195/1108/996
f 1199/1112/998 1201/1113/999 1200/1114/1000
f 1199/1112/998 1202/1115/1001 1201/1113/999
f 1203/1116/1002 1205/1117/1003 1204/1118/1004
f 1206/1119/1005 1208/1120/1006 1207/1121/1007
f 1209/1122/1008 1211/1123/1009 1210/1124/1010
f 1209/1122/1008 1210/1124/1010 1212/1125/1011
f 1213/1126/1012 1215/1127/1013 1214/1128/1014
f 1213/1126/1012 1216/1129/1015 1215/1127/1013
f 1217/1130/1016 1219/1131/1017 1218/1132/1018
f 1217/1130/1016 1220/1133/1019 1219/1131/1017
f 1221/1134/1020 1220/1133/1019 1217/1130/1016
f 1222/1135/1021 1224/1136/877 1223/1137/1022
f 1222/1135/1021 1223/1137/1022 1225/1138/877
f 1226/1139/1023 1224/1136/877 1222/1135/1021
f 1226/1139/1023 1227/1140/1024 1224/1136/877
f 1228/1141/1025 1230/1142/1026 1229/1143/1027
f 1229/1143/1027 1230/1142/1026 1231/1144/1025
f 1232/1145/1028 1234/1146/1029 1233/1147/1030
f 1235/1148/1031 1234/1146/1029 1232/1145/1028
f 1246/1149/1032 1248/1150/1033 1247/1151/1033
f 1247/1151/1033 1248/1150/1033 1249/1152/1032
f 1250/1153/1034 1252/1154/1035 1251/1155/1035
f 1251/1155/1035 1252/1154/1035 1253/1156/1036
f 1258/1157/1037 1260/1158/1038 1259/1159/1039
f 1259/1159/1039 1260/1158/1038 1261/1160/1040
f 57/57/56 1263/1161/1041 1262/1162/1042
f 1264/1163/1043 1263/1161/1041 57/57/56
f 57/57/56 1262/1162/1042 41/40/39
f 1279/1164/1044 1281/1165/1045 1280/1166/1046
f 1290/1167/942 1292/1168/944 1291/1169/944
f 1291/1169/944 1292/1168/944 1293/1170/942
f 1310/1171/1047 1312/1172/1047 1311/1173/1048
f 1313/1174/1048 1312/1172/1047 1310/1171/1047
f 1314/1175/1049 1316/1176/1050 1315/1177/1051
f 1317/1178/1052 1316/1176/1050 1314/1175/1049
f 1318/1179/1053 1320/1180/1054 1319/1181/878
f 1318/1179/1053 1321/1182/1055 1320/1180/1054
f 1322/1183/1056 1321/1182/1055 1318/1179/1053
f 1323/1184/1057 1325/1185/1058 1324/1186/1059
f 1323/1184/1057 1324/1186/1059 1326/1187/1060
f 1327/1188/1061 1329/1189/1062 1328/1190/1063
f 1328/1190/1063 1330/1191/1064 1327/1188/1061
f 1331/1192/1065 1330/1191/1064 1328/1190/1063
f 1332/1193/1066 1334/1194/1067 1333/1195/1068
f 1333/1195/1068 1334/1194/1067 1335/1196/1069
f 1333/1195/1068 1335/1196/1069 1336/1197/1070
f 1336/1197/1070 1335/1196/1069 1337/1198/1071
f 1336/1197/1070 1337/1198/1071 1338/1199/1072
f 1338/1199/1072 1337/1198/1071 1339/1200/1073
f 1338/1199/1072 1339/1200/1073 1340/1201/1074
f 1340/1201/1074 1339/1200/1073 1341/1202/1075
f 1340/1201/1074 1341/1202/1075 1342/1203/1076
f 1342/1203/1076 1341/1202/1075 1343/1204/1077
f 1342/1203/1076 1343/1204/1077 1344/1205/1078
f 1345/1206/1079 1344/1205/1078 1343/1204/1077
f 1344/1205/1078 1345/1206/1079 1346/1207/1080
f 1346/1207/1080 1345/1206/1079 1347/1208/1081
f 1346/1207/1080 1347/1208/1081 1348/1209/1082
f 1348/1209/1082 1347/1208/1081 1349/1210/1083
f 1348/1209/1082 1349/1210/1083 1350/1211/1084
f 1350/1211/1084 1349/1210/1083 1351/1212/1085
f 1350/1211/1084 1351/1212/1085 1352/1213/1086
f 1357/1214/1087 1359/1215/1088 1358/1216/1088
f 1358/1216/1088 1359/1215/1088 1360/1217/1087
f 1365/1218/1089 1367/1219/1089 1366/1220/1090
f 1368/1221/1090 1367/1219/1089 1365/1218/1089
f 1369/1222/1091 1371/1223/1092 1370/1224/1092
f 1370/1224/1092 1371/1223/1092 1372/1225/1091
f 1373/1226/1093 1375/1227/1094 1374/1228/1095
f 1374/1228/1095 1376/1229/1096 1373/1226/1093
f 1377/1230/1097 1379/1231/1098 1378/1232/1099
f 1379/1231/1098 1380/1233/1100 1378/1232/1099
f 1387/1234/1101 1389/1235/1102 1388/1236/1103
f 1387/1234/1101 1388/1236/1103 1390/1237/1104
f 1390/1237/1104 1388/1236/1103 1391/1238/1105
f 1390/1237/1104 1391/1238/1105 1392/1239/1106
f 1392/1239/1106 1391/1238/1105 1393/1240/1107
f 1392/1239/1106 1393/1240/1107 1394/1241/1108
f 1394/1241/1108 1393/1240/1107 1395/1242/1109
f 1394/1241/1108 1395/1242/1109 1396/1243/1110
f 1396/1243/1110 1395/1242/1109 1397/1244/1111
f 1398/1245/1112 1400/1246/1113 1399/1247/1114
f 1401/1248/1115 1398/1245/1112 1399/1247/1114
f 1401/1248/1115 1402/1249/1116 1398/1245/1112
f 1403/1250/1117 1402/1249/1116 1401/1248/1115
f 1399/1247/1114 1400/1246/1113 1404/1251/1118
f 1404/1251/1118 1400/1246/1113 1405/1252/1119
f 1404/1251/1118 1405/1252/1119 1406/1253/1120
f 1406/1253/1120 1405/1252/1119 1407/1254/1121
f 1407/1254/1121 1405/1252/1119 1408/1255/1122
f 1407/1254/1121 1408/1255/1122 1409/1256/1123
f 1409/1256/1123 1408/1255/1122 1410/1257/1124
f 1410/1257/1124 1402/1249/1116 1411/1258/1125
f 1411/1258/1125 1402/1249/1116 1403/1250/1117
f 1410/1257/1124 1412/1259/1126 1402/1249/1116
f 1410/1257/1124 1408/1255/1122 1412/1259/1126
f 1407/1254/1121 1409/1256/1123 1413/1260/1127
f 1407/1254/1121 1413/1260/1127 1414/1261/1128
f 1415/1262/1129 1417/1263/1130 1416/1264/1130
f 1416/1264/1130 1417/1263/1130 1418/1265/1129
f 1419/1266/1131 1421/1267/1132 1420/1268/1133
f 1419/1266/1131 1420/1268/1133 1422/1269/1134
f 1421/1267/1132 1419/1266/1131 1423/1270/1135
f 1421/1267/1132 1423/1270/1135 1424/1271/1136
f 1424/1271/1136 1423/1270/1135 1425/1272/206
f 1426/1273/94 1424/1271/1136 1425/1272/206
f 1427/1274/1137 1424/1271/1136 1426/1273/94
f 1427/1274/1137 1428/1275/1138 1424/1271/1136
f 1429/1276/1139 1428/1275/1138 1427/1274/1137
f 1429/1276/1139 1430/1277/1140 1428/1275/1138
f 1431/1278/1141 1430/1277/1140 1429/1276/1139
f 1432/1279/1142 1430/1277/1140 1431/1278/1141
f 1432/1279/1142 1433/1280/1143 1430/1277/1140
f 1434/1281/206 1433/1280/1143 1432/1279/1142
f 1434/1281/206 1435/1282/1144 1433/1280/1143
f 1422/1269/1134 1420/1268/1133 1435/1282/1144
f 1436/1283/94 1435/1282/1144 1434/1281/206
f 1422/1269/1134 1435/1282/1144 1437/1284/120
f 1437/1284/120 1435/1282/1144 1436/1283/94
f 1438/1285/1145 1440/1286/1146 1439/1287/1147
f 1439/1287/1147 1440/1286/1146 1441/1288/1148
f 1442/1289/1149 1444/1290/1150 1443/1291/1151
f 1444/1290/1150 1445/1292/1152 1443/1291/1151
f 1442/1289/1149 1446/1293/1153 1444/1290/1150
f 1447/1294/1154 1446/1293/1153 1442/1289/1149
f 1442/1289/1149 1448/1295/1155 1447/1294/1154
f 1449/1296/1156 1451/1297/1157 1450/1298/1158
f 1450/1298/1158 1452/1299/1159 1449/1296/1156
f 1453/1300/1160 1452/1299/1159 1450/1298/1158
f 1454/1301/1161 1451/1297/1157 1449/1296/1156
f 1455/1302/1162 1457/1303/1163 1456/1304/1164
f 1455/1302/1162 1456/1304/1164 1458/1305/1165
f 1459/1306/1166 1461/1307/1167 1460/1308/1168
f 1460/1308/1168 1461/1307/1167 1462/1309/1169
f 1459/1306/1166 1460/1308/1168 1463/1310/1170
f 1460/1308/1168 1462/1309/1169 1464/1311/1171
f 1465/1312/1172 1467/1313/1173 1466/1314/1174
f 1468/1315/1175 1467/1313/1173 1465/1312/1172
f 1465/1312/1172 1466/1314/1174 1469/1316/1176
f 1468/1315/1175 1470/1317/1177 1467/1313/1173
f 1469/1316/1176 1466/1314/1174 1471/1318/1178
f 1469/1316/1176 1471/1318/1178 1472/1319/1179
f 1472/1319/1179 1471/1318/1178 1473/1320/1180
f 1474/1321/1181 1472/1319/1179 1473/1320/1180
f 1473/1320/1180 1475/1322/1182 1474/1321/1181
f 1476/1323/1183 1478/1324/1184 1477/1325/1185
f 1476/1323/1183 1479/1326/1186 1478/1324/1184
f 1479/1326/1186 1476/1323/1183 1480/1327/1187
f 1480/1327/1187 1476/1323/1183 1481/1328/1188
f 1481/1328/1188 1482/1329/1189 1480/1327/1187
f 1483/1330/1190 1482/1329/1189 1481/1328/1188
f 1477/1325/1185 1478/1324/1184 1484/1331/1191
f 1505/1332/1192 1507/1333/1193 1506/1334/1193
f 1506/1334/1193 1507/1333/1193 1508/1335/1192
f 1509/1336/1194 1511/1337/1195 1510/1338/1196
f 1509/1336/1194 1512/1339/1197 1511/1337/1195
f 1512/1339/1197 1509/1336/1194 1513/1340/1198
f 1513/1340/1198 1509/1336/1194 1514/1341/1199
f 1514/1341/1199 1515/1342/1200 1513/1340/1198
f 1516/1343/1201 1515/1342/1200 1514/1341/1199
f 1510/1338/1196 1511/1337/1195 1517/1344/1202
f 1518/1345/1203 1520/1346/1204 1519/1347/1205
f 1519/1347/1205 1520/1346/1204 1521/1348/1206
f 1522/1349/1207 1524/1350/1208 1523/1351/1209
f 1525/1352/1210 1524/1350/1208 1522/1349/1207
f 1530/1353/1211 1532/1354/1212 1531/1355/1213
f 1531/1355/1213 1532/1354/1212 1533/1356/1214
f 1531/1355/1213 1533/1356/1214 1534/1357/1215
f 1530/1353/1211 1535/1358/1216 1532/1354/1212
f 1534/1357/1215 1533/1356/1214 1536/1359/1217
f 1534/1357/1215 1536/1359/1217 1537/1360/1218
f 1537/1360/1218 1536/1359/1217 1538/1361/1219
f 1539/1362/1220 1537/1360/1218 1538/1361/1219
f 1538/1361/1219 1540/1363/1221 1539/1362/1220
f 1541/1364/1222 1543/1365/1223 1542/1366/1224
f 1541/1364/1222 1544/1367/1225 1543/1365/1223
f 1545/1368/1226 1547/1369/1227 1546/1370/1228
f 1546/1370/1228 1547/1369/1227 1548/1371/1229
f 1546/1370/1228 1548/1371/1229 1549/1372/1230
f 1546/1370/1228 1549/1372/1230 1550/1373/1231
f 1551/1374/1232 1547/1369/1227 1545/1368/1226
f 1551/1374/1232 1552/1375/1233 1547/1369/1227
f 1553/1376/1234 1552/1375/1233 1551/1374/1232
f 1550/1373/1231 1549/1372/1230 1554/1377/1235
f 1554/1377/1235 1549/1372/1230 1555/1378/1236
f 1555/1378/1236 1549/1372/1230 1556/1379/1237
f 1555/1378/1236 1556/1379/1237 1557/1380/1238
f 1556/1379/1237 1558/1381/1239 1557/1380/1238
f 1559/1382/1240 1558/1381/1239 1552/1375/1233
f 1557/1380/1238 1558/1381/1239 1559/1382/1240
f 1559/1382/1240 1552/1375/1233 1560/1383/1241
f 1560/1383/1241 1552/1375/1233 1553/1376/1234
f 1551/1374/1232 1545/1368/1226 1561/1384/1242
f 1551/1374/1232 1561/1384/1242 1562/1385/1243
f 1563/1386/1244 1565/1387/1245 1564/1388/1246
f 1563/1386/1244 1566/1389/1247 1565/1387/1245
f 1571/1390/1248 1573/1391/1249 1572/1392/1250
f 1574/1393/1251 1573/1391/1249 1571/1390/1248
f 1575/1394/1252 1577/1395/1253 1576/1396/1254
f 1576/1396/1254 1577/1395/1253 1578/1397/1255
f 1579/1398/1256 1581/1399/1257 1580/1400/1258
f 1580/1400/1258 1581/1399/1257 1582/1401/1259
f 1580/1400/1258 1582/1401/1259 1583/1402/1260
f 1579/1398/1256 1584/1403/1261 1581/1399/1257
f 1585/1404/1262 1587/1405/1263 1586/1406/1264
f 1585/1404/1262 1588/1407/1265 1587/1405/1263
f 1589/1408/1266 1591/1409/1267 1590/1410/1267
f 1590/1410/1267 1591/1409/1267 1592/1411/1266
f 1593/1412/1268 1595/1413/1269 1594/1414/1270
f 1593/1412/1268 1594/1414/1270 1596/1415/1271
f 1597/1416/1272 1599/1417/1273 1598/1418/1274
f 1597/1416/1272 1600/1419/1275 1599/1417/1273
f 1601/1420/1276 1603/1421/1277 1602/1422/1278
f 1604/1423/1279 1603/1421/1277 1601/1420/1276
f 1605/1424/1280 1607/1425/1281 1606/1426/1281
f 1606/1426/1281 1607/1425/1281 1608/1427/1280
f 1609/1428/1282 1611/1429/1283 1610/1430/1283
f 1610/1430/1283 1611/1429/1283 1612/1431/1284
f 1619/1432/1285 1621/1433/1286 1620/1434/1287
f 1619/1432/1285 1622/1435/1288 1621/1433/1286
f 1622/1435/1288 1619/1432/1285 1623/1436/1289
f 1620/1434/1287 1621/1433/1286 1624/1437/1290
f 1619/1432/1285 1625/1438/1291 1623/1436/1289
f 1630/1439/1292 1632/1440/1293 1631/1441/1294
f 1631/1441/1294 1633/1442/1295 1630/1439/1292
f 1634/1443/1296 1633/1442/1295 1631/1441/1294
f 1635/1444/1297 1632/1440/1293 1630/1439/1292
f 1636/1445/1298 1638/1446/1299 1637/1447/1300
f 1636/1445/1298 1639/1448/1301 1638/1446/1299
f 1640/1449/1302 1642/1450/1303 1641/1451/1304
f 1640/1449/1302 1641/1451/1304 1643/1452/1305
f 1654/1453/1306 1656/1454/1307 1655/1455/1308
f 1657/1456/1309 1656/1454/1307 1654/1453/1306
f 1664/1457/1310 1666/1458/1311 1665/1459/1312
f 1665/1459/1312 1666/1458/1311 1667/1460/1313
f 1668/1461/1314 1670/1462/1315 1669/1463/1316
f 1668/1461/1314 1669/1463/1316 1671/1464/1317
f 1672/1465/1318 1670/1462/1315 1668/1461/1314
f 1673/1466/1319 1675/1467/1320 1674/1468/1321
f 1673/1466/1319 1674/1468/1321 1676/1469/1322
f 1677/1470/1323 1679/1471/1324 1678/1472/1325
f 1677/1470/1323 1678/1472/1325 1680/1473/1326
f 1681/1474/1327 1683/1475/1328 1682/1476/1329
f 1682/1476/1329 1683/1475/1328 1684/1477/1330
f 1685/1478/1331 1687/1479/1332 1686/1480/1333
f 1685/1478/1331 1688/1481/1334 1687/1479/1332
f 1689/1482/1335 1691/1483/1336 1690/1484/1337
f 1689/1482/1335 1692/1485/1338 1691/1483/1336
f 1693/1486/1339 1695/1487/1340 1694/1488/1341
f 1694/1488/1341 1695/1487/1340 1696/1489/1342
f 1694/1488/1341 1696/1489/1342 1697/1490/1343
f 1698/1491/1344 1700/1492/1345 1699/1493/1346
f 1701/1494/1347 1700/1492/1345 1698/1491/1344
f 1698/1491/1344 1699/1493/1346 1702/1495/1348
f 1698/1491/1344 1702/1495/1348 1703/1496/1349
f 1703/1496/1349 1702/1495/1348 1704/1497/1350
f 1703/1496/1349 1704/1497/1350 1705/1498/1351
f 1705/1498/1351 1704/1497/1350 1706/1499/1352
f 1707/1500/1353 1709/1501/1354 1708/1502/1355
f 1708/1502/1355 1709/1501/1354 1710/1503/1356
f 1708/1502/1355 1710/1503/1356 1711/1504/1357
f 1708/1502/1355 1711/1504/1357 1712/1505/1358
f 1712/1505/1358 1711/1504/1357 1713/1506/1359
f 1712/1505/1358 1713/1506/1359 1714/1507/1360
f 1712/1505/1358 1714/1507/1360 1715/1508/1361
f 1715/1508/1361 1714/1507/1360 1716/1509/1362
f 1715/1508/1361 1716/1509/1362 1717/1510/1363
f 1715/1508/1361 1717/1510/1363 1718/1511/1364
f 1707/1500/1353 1719/1512/1365 1709/1501/1354
f 1707/1500/1353 1720/1513/1366 1719/1512/1365
f 1721/1514/1367 1720/1513/1366 1707/1500/1353
f 1721/1514/1367 1722/1515/1368 1720/1513/1366
f 1723/1516/1369 1722/1515/1368 1721/1514/1367
f 1724/1517/1370 1726/1518/1371 1725/1519/1372
f 1724/1517/1370 1727/1520/1373 1726/1518/1371
f 1728/1521/1374 1730/1522/1375 1729/1523/1376
f 1728/1521/1374 1731/1524/1377 1730/1522/1375
f 1732/1525/1378 1734/1526/1379 1733/1527/1380
f 1733/1527/1380 1734/1526/1379 1735/1528/1381
f 1733/1527/1380 1735/1528/1381 1736/1529/1382
f 1736/1529/1382 1735/1528/1381 1737/1530/1383
f 1732/1525/1378 1738/1531/1384 1734/1526/1379
f 1732/1525/1378 1739/1532/1385 1738/1531/1384
f 1740/1533/1386 1739/1532/1385 1732/1525/1378
f 1741/1534/1387 1743/1535/1388 1742/1536/1389
f 1741/1534/1387 1742/1536/1389 1744/1537/1390
f 1745/1538/1391 1747/1539/1392 1746/1540/1393
f 1746/1540/1393 1747/1539/1392 1748/1541/1394
f 1746/1540/1393 1748/1541/1394 1749/1542/1395
f 1749/1542/1395 1748/1541/1394 1750/1543/1396
f 1745/1538/1391 1751/1544/1397 1747/1539/1392
f 1745/1538/1391 1752/1545/1398 1751/1544/1397
f 1753/1546/1399 1752/1545/1398 1745/1538/1391
f 1754/1547/1400 1756/1548/1401 1755/1549/1402
f 1757/1550/1403 1759/1551/1404 1758/1552/1405
f 1760/1553/1406 1762/1554/1406 1761/1555/1407
f 1763/1556/1407 1762/1554/1406 1760/1553/1406
f 1764/1557/1408 1766/1558/1409 1765/1559/1410
f 1765/1559/1410 1766/1558/1409 1767/1560/1411
f 1764/1557/1408 1768/1561/1412 1766/1558/1409
f 1769/1562/1413 1771/1563/1414 1770/1564/1415
f 1772/1565/1416 1774/1566/1417 1773/1567/1418
f 1775/1568/1419 1774/1566/1417 1772/1565/1416
f 1776/1569/1420 1778/1570/1421 1777/1571/1422
f 1779/1572/1423 1778/1570/1421 1776/1569/1420
f 1780/1573/1424 1778/1570/1421 1779/1572/1423
f 1776/1569/1420 1777/1571/1422 1781/1574/1425
f 1780/1573/1424 1779/1572/1423 1782/1575/1426
f 1780/1573/1424 1782/1575/1426 1783/1576/1427
f 1780/1573/1424 1783/1576/1427 1784/1577/1428
f 1781/1574/1425 1777/1571/1422 1785/1578/1429
f 1781/1574/1425 1785/1578/1429 1786/1579/1430
f 1786/1579/1430 1785/1578/1429 1787/1580/1431
f 1787/1580/1431 1785/1578/1429 1788/1581/1432
f 1788/1581/1432 1785/1578/1429 1789/1582/1433
f 1788/1581/1432 1789/1582/1433 1790/1583/206
f 1790/1583/206 1789/1582/1433 1791/1584/1434
f 1791/1584/1434 1784/1577/1428 1792/1585/94
f 1791/1584/1434 1793/1586/1435 1784/1577/1428
f 1791/1584/1434 1789/1582/1433 1793/1586/1435
f 1792/1585/94 1784/1577/1428 1794/1587/206
f 1794/1587/206 1784/1577/1428 1783/1576/1427
f 1795/1588/1436 1797/1589/1437 1796/1590/1438
f 1797/1589/1437 1798/1591/1439 1796/1590/1438
f 1799/1592/1440 1801/1593/1441 1800/1594/1442
f 1800/1594/1442 1801/1593/1441 1802/1595/1443
f 1803/1596/1444 1805/1597/1445 1804/1598/1446
f 1804/1598/1446 1805/1597/1445 1806/1599/1447
f 1804/1598/1446 1806/1599/1447 1807/1600/1448
f 1808/1601/1449 1810/1602/1450 1809/1603/1451
f 1811/1604/1452 1810/1602/1450 1808/1601/1449
f 1812/1605/1453 1814/1606/1454 1813/1607/1455
f 1815/1608/1456 1814/1606/1454 1812/1605/1453
f 1816/1609/1457 1818/1610/1458 1817/1611/1459
f 1817/1611/1459 1818/1610/1458 1819/1612/1460
f 1826/1613/1461 1828/1614/1462 1827/1615/1463
f 1827/1615/1463 1828/1614/1462 1829/1616/1464
f 1827/1615/1463 1829/1616/1464 1830/1617/1465
f 1826/1613/1461 1831/1618/1466 1828/1614/1462
f 1830/1617/1465 1829/1616/1464 1832/1619/1467
f 1830/1617/1465 1832/1619/1467 1833/1620/1468
f 1833/1620/1468 1832/1619/1467 1834/1621/1469
f 1835/1622/1470 1833/1620/1468 1834/1621/1469
f 1834/1621/1469 1836/1623/1471 1835/1622/1470
f 1837/1624/1472 1839/1625/1473 1838/1626/1474
f 1837/1624/1472 1840/1627/1475 1839/1625/1473
f 1841/1628/1476 1843/1629/1477 1842/1630/1478
f 1841/1628/1476 1842/1630/1478 1844/1631/1479
f 1845/1632/1480 1847/1633/1481 1846/1634/1482
f 1847/1633/1481 1848/1635/1483 1846/1634/1482
f 1855/1636/1484 1857/1637/1485 1856/1638/1486
f 1856/1638/1486 1857/1637/1485 1858/1639/1487
f 1859/1640/1488 1861/1641/1489 1860/1642/1490
f 1862/1643/1491 1861/1641/1489 1859/1640/1488
f 1863/1644/1492 1865/1645/1493 1864/1646/1494
f 1864/1646/1494 1865/1645/1493 1866/1647/1495
f 1867/1648/1496 1869/1649/1497 1868/1650/1498
f 1869/1649/1497 1870/1651/1499 1868/1650/1498
f 1871/1652/1500 1873/1653/1501 1872/1654/1502
f 1874/1655/1503 1873/1653/1501 1871/1652/1500
f 1875/1656/1504 1877/1657/1505 1876/1658/1506
f 1878/1659/1507 1880/1660/1508 1879/1661/1509
f 1892/1662/1510 1891/1663/1511 1889/1664/402
f 1892/1662/1510 1894/1665/1512 1891/1663/1511
f 1899/1666/395 1898/1667/395 1900/1668/1513
f 1900/1668/1513 1898/1667/395 1901/1669/1514
f 1902/1670/1515 1904/1671/1516 1903/1672/1517
f 1903/1672/1517 1904/1671/1516 1905/1673/1518
f 1906/1674/1519 1907/1675/451 1909/1676/452
f 1909/1676/452 1911/1677/452 1906/1674/1519
f 1919/1678/1520 1917/1679/1521 1918/1680/1522
f 1920/1681/1523 1917/1679/1521 1919/1678/1520
f 1920/1681/1523 1919/1678/1520 1921/1682/1524
f 1921/1682/1524 1922/1683/1525 1920/1681/1523
f 1921/1682/1524 1923/1684/1526 1922/1683/1525
f 1924/1685/1527 1923/1684/1526 1921/1682/1524
f 1924/1685/1527 1925/1686/1528 1923/1684/1526
f 1924/1685/1527 1926/1687/1529 1925/1686/1528
f 1927/1688/1530 1926/1687/1529 1924/1685/1527
f 1927/1688/1530 1928/1689/1531 1926/1687/1529
f 1927/1688/1530 1929/1690/1532 1928/1689/1531
f 1930/1691/1533 1929/1690/1532 1927/1688/1530
f 1931/1692/1534 1933/1693/1535 1932/1694/1536
f 1932/1694/1536 1933/1693/1535 1934/1695/1537
f 1935/1696/1538 1937/1697/1538 1936/1698/1539
f 1938/1699/1539 1937/1697/1538 1935/1696/1538
f 1942/1700/1540 1941/1701/1541 1939/1702/226
f 1942/1700/1540 1944/1703/1542 1941/1701/1541
f 1949/1704/224 1948/1705/224 1950/1706/127
f 1950/1706/127 1948/1705/224 1951/1707/1543
f 1952/1708/1544 1954/1709/1544 1953/1710/1544
f 1953/1710/1544 1954/1709/1544 1955/1711/1544
f 1956/1712/1545 1958/1713/1546 1957/1714/1547
f 1956/1712/1545 1957/1714/1547 1959/1715/1548
f 1959/1715/1548 1957/1714/1547 1960/1716/1549
f 1959/1715/1548 1960/1716/1549 1961/1717/1550
f 1961/1717/1550 1962/1718/1551 1959/1715/1548
f 1963/1719/1552 1962/1718/1551 1961/1717/1550
f 1963/1719/1552 1964/1720/1553 1962/1718/1551
f 1965/1721/1554 1964/1720/1553 1963/1719/1552
f 1956/1712/1545 1966/1722/1555 1958/1713/1546
f 146/147/146 1966/1722/1555 1956/1712/1545
f 1967/1723/1556 1964/1720/1553 1965/1721/1554
f 1967/1723/1556 1968/1724/1557 1964/1720/1553
f 1969/1725/1558 1968/1724/1557 1967/1723/1556
f 1969/1725/1558 156/156/155 1968/1724/1557
f 146/147/146 1970/1726/1559 1966/1722/1555
f 146/147/146 147/146/145 1970/1726/1559
f 156/156/155 1971/1727/1560 147/146/145
f 1971/1727/1560 156/156/155 1969/1725/1558
f 1972/1728/1561 1974/1729/1562 1973/1730/1563
f 1973/1730/1563 1974/1729/1562 1975/1731/1564
f 1973/1730/1563 1975/1731/1564 1976/1732/1565
f 1977/1733/1566 1979/1734/1566 1978/1735/1567
f 1980/1736/1567 1979/1734/1566 1977/1733/1566
f 1981/1737/1568 1983/1738/1569 1982/1739/1570
f 1984/1740/1571 1983/1738/1569 1981/1737/1568
f 1985/1741/1572 1987/1742/1573 1986/1743/1574
f 1986/1743/1574 1987/1742/1573 1988/1744/1575
f 1989/1745/1576 1991/1746/1577 1990/1747/1578
f 1992/1748/1579 1991/1746/1577 1989/1745/1576
f 1993/1749/1580 1995/1750/1581 1994/1751/1582
f 1996/1752/1583 1994/1751/1582 1995/1750/1581
f 1997/1753/1584 1994/1751/1582 1996/1752/1583
f 1998/1754/1585 1995/1750/1581 1993/1749/1580
f 1999/1755/1586 2001/1756/1587 2000/1757/1588
f 2002/1758/1589 2000/1757/1588 2001/1756/1587
f 2003/1759/1590 2000/1757/1588 2002/1758/1589
f 2004/1760/1591 2001/1756/1587 1999/1755/1586
f 2005/1761/1592 2007/1762/1593 2006/1763/1594
f 2007/1762/1593 2005/1761/1592 2008/1764/1595
f 2008/1764/1595 2009/1765/1596 2007/1762/1593
f 2010/1766/1597 2012/1767/1598 2011/1768/1599
f 2013/1769/1600 2011/1768/1599 2012/1767/1598
f 2014/1770/1601 2011/1768/1599 2013/1769/1600
f 2015/1771/1602 2012/1767/1598 2010/1766/1597
f 2016/1772/1603 2018/1773/1604 2017/1774/1605
f 2019/1775/1606 2021/1776/1607 2020/1777/1608
f 2022/1778/1609 2024/1779/1610 2023/1780/1611
f 2029/1781/1612 2031/1782/1613 2030/1783/1614
f 2030/1783/1614 2031/1782/1613 2032/1784/1615
f 2033/1785/1616 2035/1786/1617 2034/1787/1618
f 2036/1788/1619 2035/1786/1617 2033/1785/1616
f 2037/1789/1620 2039/1790/1621 2038/1791/1622
f 2037/1789/1620 2040/1792/1623 2039/1790/1621
f 2045/1793/449 2046/1794/110 2044/1795/449
f 2047/1796/1624 2046/1794/110 2045/1793/449
f 2048/1797/1625 2050/1798/1626 2049/1799/1627
f 2051/1800/1628 2050/1798/1626 2048/1797/1625
f 2056/1801/1629 2058/1802/1630 2057/1803/1630
f 2057/1803/1630 2058/1802/1630 2059/1804/1629
f 2060/1805/1631 2062/1806/1631 2061/1807/1632
f 2063/1808/1632 2062/1806/1631 2060/1805/1631
f 2068/1809/1633 2070/1810/1634 2069/1811/1635
f 2071/1812/1636 2070/1810/1634 2068/1809/1633
f 2076/1813/1637 2078/1814/1638 2077/1815/1639
f 2079/1816/1640 2078/1814/1638 2076/1813/1637
f 2080/1817/1641 2082/1818/1642 2081/1819/1643
f 2083/1820/1644 2082/1818/1642 2080/1817/1641
f 2084/1821/1645 2086/1822/869 2085/1823/1646
f 2087/1824/1647 2086/1822/869 2084/1821/1645
f 2092/1825/1648 2094/1826/1649 2093/1827/1649
f 2093/1827/1649 2094/1826/1649 2095/1828/1650
f 2096/1829/1651 2098/1830/1651 2097/1831/1652
f 2099/1832/1652 2098/1830/1651 2096/1829/1651
f 2100/1833/633 2102/1834/633 2101/1835/1653
f 2103/1836/1653 2102/1834/633 2100/1833/633
f 2104/1837/1654 2106/1838/1654 2105/1839/1655
f 2107/1840/1655 2106/1838/1654 2104/1837/1654
f 2108/1841/1656 2110/1842/1657 2109/1843/1658
f 2109/1843/1658 2110/1842/1657 2111/1844/1659
f 2112/1845/1660 2114/1846/1661 2113/1847/1662
f 2112/1845/1660 2115/1848/1663 2114/1846/1661
f 2116/1849/1664 2115/1848/1663 2112/1845/1660
f 2117/1850/1665 2115/1848/1663 2116/1849/1664
f 2117/1850/1665 2116/1849/1664 2118/1851/1666
f 2118/1851/1666 2116/1849/1664 2119/1852/1667
f 2120/1853/1668 2122/1854/1669 2121/1855/1670
f 2121/1855/1670 2122/1854/1669 2123/1856/1671
f 2124/1857/1672 2126/1858/1673 2125/1859/1674
f 2127/1860/1675 2124/1857/1672 2125/1859/1674
f 2128/1861/1676 2124/1857/1672 2127/1860/1675
f 2128/1861/1676 2129/1862/1677 2124/1857/1672
f 2130/1863/1678 2129/1862/1677 2128/1861/1676
f 2132/1864/1679 2133/1865/1680 2134/1866/1681
f 2132/1864/1679 2134/1866/1681 2136/1867/1682
f 2136/1867/1682 2134/1866/1681 2137/1868/1683
f 2137/1868/1683 2138/1869/1684 2136/1867/1682
f 2137/1868/1683 2139/1870/1685 2138/1869/1684
f 2140/1871/1686 2139/1870/1685 2137/1868/1683
f 2140/1871/1686 2141/1872/1687 2139/1870/1685
f 2140/1871/1686 2142/1873/1688 2141/1872/1687
f 2143/1874/1689 2142/1873/1688 2140/1871/1686
f 2143/1874/1689 2144/1875/1690 2142/1873/1688
f 2143/1874/1689 2145/1876/1691 2144/1875/1690
f 2146/1877/1692 2145/1876/1691 2143/1874/1689
f 2150/1878/1693 2152/1879/1694 2151/1880/1695
f 2151/1880/1695 2152/1879/1694 2153/1881/1696
f 2154/1882/1697 2156/1883/1698 2155/1884/1699
f 2155/1884/1699 2156/1883/1698 2157/1885/1700
f 2158/1886/1701 2160/1887/1702 2159/1888/1703
f 2161/1889/1704 2160/1887/1702 2158/1886/1701
f 2162/1890/1705 2161/1889/1704 2158/1886/1701
f 2163/1891/1706 2161/1889/1704 2162/1890/1705
f 2164/1892/1707 2166/1893/1708 2165/1894/1709
f 2165/1894/1709 2166/1893/1708 2167/1895/1710
f 2168/1896/1711 2170/1897/1712 2169/1898/1713
f 68/68/67 2171/1899/1714 52/52/51
f 68/68/67 2172/1900/1715 2171/1899/1714
f 2173/1901/1716 2172/1900/1715 68/68/67
f 2174/1902/1717 2176/1903/1718 2175/1904/1719
f 2175/1904/1719 2176/1903/1718 2177/1905/1720
f 2179/1906/1721 2180/1907/1722 2181/1908/1723
f 2179/1906/1721 2181/1908/1723 2183/1909/1724
f 2183/1909/1724 2181/1908/1723 2184/1910/1725
f 2184/1910/1725 2185/1911/1726 2183/1909/1724
f 2184/1910/1725 2186/1912/1727 2185/1911/1726
f 2187/1913/1728 2186/1912/1727 2184/1910/1725
f 2187/1913/1728 2188/1914/1729 2186/1912/1727
f 2187/1913/1728 2189/1915/1730 2188/1914/1729
f 2190/1916/1731 2189/1915/1730 2187/1913/1728
f 2190/1916/1731 2194/1917/1732 2189/1915/1730
f 2190/1916/1731 2195/1918/1733 2194/1917/1732
f 2196/1919/1734 2195/1918/1733 2190/1916/1731
f 2197/1920/1735 2199/1921/1736 2198/1922/548
f 2197/1920/1735 2198/1922/548 2200/1923/14
f 2200/1923/14 2198/1922/548 2201/1924/1737
f 2201/1924/1737 2198/1922/548 2202/1925/266
f 2201/1924/1737 2202/1925/266 2203/1926/1738
f 2203/1926/1738 2202/1925/266 2204/1927/1739
f 2203/1926/1738 2204/1927/1739 2205/1928/1740
f 2205/1928/1740 2204/1927/1739 2206/1929/1741
f 2205/1928/1740 2206/1929/1741 2207/1930/1742
f 2208/1931/513 2199/1921/1736 2197/1920/1735
f 2209/1932/27 2199/1921/1736 2208/1931/513
f 2209/1932/27 2210/1933/1743 2199/1921/1736
f 2211/1934/1744 2210/1933/1743 2209/1932/27
f 2211/1934/1744 2212/1935/1745 2210/1933/1743
f 2213/1936/1746 2212/1935/1745 2211/1934/1744
f 2214/1937/1747 2206/1929/1741 2212/1935/1745
f 2214/1937/1747 2212/1935/1745 2213/1936/1746
f 2215/1938/1748 2206/1929/1741 2214/1937/1747
f 2207/1930/1742 2206/1929/1741 2215/1938/1748
f 2220/1939/1749 2222/1940/1750 2221/1941/1750
f 2221/1941/1750 2222/1940/1750 2223/1942/1749
f 2224/1943/1751 2226/1944/1752 2225/1945/1753
f 2225/1945/1753 2226/1944/1752 2227/1946/1754
f 2228/1947/1755 2230/1948/1756 2229/1949/1757
f 2231/1950/1758 2230/1948/1756 2228/1947/1755
f 2236/1951/1759 2238/1952/1760 2237/1953/1761
f 2237/1953/1761 2238/1952/1760 2239/1954/1762
f 2240/1955/1763 2242/1956/1764 2241/1957/1765
f 2241/1957/1765 2242/1956/1764 2243/1958/1766
f 2244/1959/1767 2246/1960/1768 2245/1961/1769
f 2244/1959/1767 2245/1961/1769 2247/1962/1770
f 2248/1963/1771 2250/1964/1772 2249/1965/1773
f 2251/1966/1774 2250/1964/1772 2248/1963/1771
f 2252/1967/1775 2254/1968/1776 2253/1969/1776
f 2253/1969/1776 2254/1968/1776 2255/1970/1775
f 2256/1971/1777 2258/1972/1778 2257/1973/1778
f 2257/1973/1778 2258/1972/1778 2259/1974/1777
f 2260/1975/1779 2262/1976/1780 2261/1977/1781
f 2263/1978/1782 2262/1976/1780 2260/1975/1779
f 2264/1979/1783 2266/1980/1784 2265/1981/1785
f 2267/1982/1786 2266/1980/1784 2264/1979/1783
f 2268/1983/1787 2270/1984/1788 2269/1985/1789
f 2268/1983/1787 2271/1986/1790 2270/1984/1788
f 2272/1987/1791 2271/1986/1790 2268/1983/1787
f 2273/1988/1792 2271/1986/1790 2272/1987/1791
f 2273/1988/1792 2272/1987/1791 2274/1989/1793
f 2274/1989/1793 2272/1987/1791 2275/1990/1794
f 2280/1991/1795 2282/1992/1796 2281/1993/1797
f 2283/1994/1798 2282/1992/1796 2280/1991/1795
f 2283/1994/1798 2284/1995/1799 2282/1992/1796
f 2285/1996/1800 2284/1995/1799 2283/1994/1798
f 2285/1996/1800 2286/1997/1801 2284/1995/1799
f 2287/1998/1802 2286/1997/1801 2285/1996/1800
f 2280/1991/1795 2281/1993/1797 2288/1999/1737
f 2288/1999/1737 2281/1993/1797 2289/2000/508
f 2290/2001/1803 2286/1997/1801 2287/1998/1802
f 2291/2002/1804 2286/1997/1801 2290/2001/1803
f 2291/2002/1804 2292/2003/1805 2286/1997/1801
f 2293/2004/14 2292/2003/1805 2291/2002/1804
f 2293/2004/14 2294/2005/1806 2292/2003/1805
f 2295/2006/1807 2294/2005/1806 2293/2004/14
f 2295/2006/1807 2296/2007/1808 2294/2005/1806
f 2297/2008/1809 2281/1993/1797 2296/2007/1808
f 2289/2000/508 2281/1993/1797 2297/2008/1809
f 2297/2008/1809 2296/2007/1808 2298/2009/1810
f 2298/2009/1810 2296/2007/1808 2295/2006/1807
f 2299/2010/1811 2301/2011/1812 2300/2012/1813
f 2302/2013/1814 2301/2011/1812 2299/2010/1811
f 2303/2014/1815 2305/2015/1816 2304/2016/1817
f 2303/2014/1815 2304/2016/1817 2306/2017/1818
f 2307/2018/1819 2309/2019/1820 2308/2020/1821
f 2308/2020/1821 2309/2019/1820 2310/2021/1822
f 2311/2022/1823 2313/2023/1824 2312/2024/1825
f 2314/2025/1826 2313/2023/1824 2311/2022/1823
f 2315/2026/1827 2317/2027/1828 2316/2028/1829
f 2318/2029/1830 2317/2027/1828 2315/2026/1827
f 2319/2030/1831 2321/2031/1832 2320/2032/1833
f 2320/2032/1833 2321/2031/1832 2322/2033/1834
f 2323/2034/1835 2325/2035/1836 2324/2036/1837
f 2323/2034/1835 2324/2036/1837 2326/2037/1838
f 2327/2038/1839 118/118/117 2328/2039/395
f 117/117/116 118/118/117 2327/2038/1839
f 2329/2040/1840 2331/2041/1840 2330/2042/1840
f 2332/2043/1840 2331/2041/1840 2329/2040/1840
f 2333/2044/1841 2335/2045/1842 2334/2046/1843
f 2334/2046/1843 2335/2045/1842 2336/2047/1844
f 2345/2048/1845 2347/2049/1846 2346/2050/1847
f 2346/2050/1847 2347/2049/1846 2348/2051/1848
f 2349/2052/1849 2351/2053/1850 2350/2054/1851
f 2350/2054/1851 2351/2053/1850 2352/2055/1852
f 2353/2056/1853 2355/2057/1854 2354/2058/1855
f 2356/2059/1856 2355/2057/1854 2353/2056/1853
f 2392/2060/1857 2394/2061/1858 2393/2062/1859
f 2392/2060/1857 2393/2062/1859 2395/2063/1860
f 2401/2064/1861 97/97/96 2402/2065/1862
f 96/96/95 97/97/96 2401/2064/1861
f 2408/2066/1863 2410/2067/1864 2409/2068/1865
f 2411/2069/1866 2410/2067/1864 2408/2066/1863
f 2416/2070/1867 2418/2071/1868 2417/2072/1869
f 2419/2073/1870 2418/2071/1868 2416/2070/1867
f 2420/2074/1871 2422/2075/1872 2421/2076/1873
f 2423/2077/1874 2422/2075/1872 2420/2074/1871
f 2424/2078/1875 2426/2079/1876 2425/2080/1877
f 2427/2081/1878 2426/2079/1876 2424/2078/1875
f 2440/2082/1282 2442/2083/1283 2441/2084/1879
f 2441/2084/1879 2442/2083/1283 2443/2085/1282
f 2444/2086/1880 2446/2087/1881 2445/2088/1882
f 2445/2088/1882 2446/2087/1881 2447/2089/1883
f 2448/2090/1884 2450/2091/1885 2449/2092/1886
f 2449/2092/1886 2450/2091/1885 2451/2093/1887
f 2452/2094/1888 2454/2095/1888 2453/2096/1889
f 2455/2097/1890 2454/2095/1888 2452/2094/1888
f 2456/2098/1891 2458/2099/1892 2457/2100/1893
f 2457/2100/1893 2458/2099/1892 2459/2101/1894
f 2460/2102/1895 2462/2103/1896 2461/2104/1897
f 2461/2104/1897 2462/2103/1896 2463/2105/1898
f 2464/2106/1899 2466/2107/1900 2465/2108/1901
f 2465/2108/1901 2466/2107/1900 2467/2109/1902
f 2468/2110/1903 2470/2111/1904 2469/2112/1904
f 2469/2112/1904 2470/2111/1904 2471/2113/1903
f 2472/2114/1905 2474/2115/1281 2473/2116/1281
f 2473/2116/1281 2474/2115/1281 2475/2117/1905
f 2476/2118/1906 2478/2119/1907 2477/2120/1908
f 2477/2120/1908 2478/2119/1907 2479/2121/1909
f 2480/2122/1910 2482/2123/1911 2481/2124/1699
f 2481/2124/1699 2482/2123/1911 2483/2125/1912
f 2484/2126/1913 2486/2127/1914 2485/2128/1915
f 2487/2129/1916 2486/2127/1914 2484/2126/1913
f 2488/2130/1917 2490/2131/1918 2489/2132/1919
f 2488/2130/1917 2491/2133/1920 2490/2131/1918
f 2492/2134/1921 2494/2135/1922 2493/2136/1923
f 2492/2134/1921 2493/2136/1923 2495/2137/1924
f 2496/2138/1925 2498/2139/1926 2497/2140/1927
f 2499/2141/1544 2498/2139/1926 2496/2138/1925
f 2500/2142/1928 2502/2143/1929 2501/2144/1930
f 2503/2145/1931 2502/2143/1929 2500/2142/1928
f 2504/2146/1932 2506/2147/1933 2505/2148/1934
f 2507/2149/1935 2506/2147/1933 2504/2146/1932
f 2508/2150/1936 2510/2151/1937 2509/2152/1938
f 2508/2150/1936 2511/2153/1939 2510/2151/1937
f 2516/2154/1940 2518/2155/1941 2517/2156/1942
f 2517/2156/1942 2518/2155/1941 2519/2157/1943
f 2520/2158/1944 2522/2159/1945 2521/2160/1946
f 2520/2158/1944 2521/2160/1946 2523/2161/1947
f 2524/2162/1948 2526/2163/1949 2525/2164/1950
f 2524/2162/1948 2527/2165/1951 2526/2163/1949
f 2524/2162/1948 2528/2166/1952 2527/2165/1951
f 2529/2167/1953 2528/2166/1952 2524/2162/1948
f 2529/2167/1953 2530/2168/1954 2528/2166/1952
f 2529/2167/1953 2531/2169/1955 2530/2168/1954
f 2532/2170/1956 2531/2169/1955 2529/2167/1953
f 2532/2170/1956 2533/2171/1957 2531/2169/1955
f 2532/2170/1956 2534/2172/1958 2533/2171/1957
f 2535/2173/1959 2534/2172/1958 2532/2170/1956
f 2535/2173/1959 2536/2174/1960 2534/2172/1958
f 2535/2173/1959 2537/2175/1961 2536/2174/1960
f 2538/2176/1962 2537/2175/1961 2535/2173/1959
f 2538/2176/1962 2539/2177/1963 2537/2175/1961
f 2540/2178/1964 2539/2177/1963 2538/2176/1962
f 2541/2179/1965 2543/2180/1966 2542/2181/1967
f 2542/2181/1967 2543/2180/1966 2544/2182/1968
f 2542/2181/1967 2544/2182/1968 2545/2183/1969
f 2542/2181/1967 2545/2183/1969 2546/2184/1970
f 2546/2184/1970 2545/2183/1969 2547/2185/1971
f 2546/2184/1970 2547/2185/1971 2548/2186/1972
f 2546/2184/1970 2548/2186/1972 2549/2187/1973
f 2549/2187/1973 2548/2186/1972 2550/2188/1974
f 2549/2187/1973 2550/2188/1974 2551/2189/1975
f 2549/2187/1973 2551/2189/1975 2552/2190/1976
f 2541/2179/1965 2553/2191/1977 2543/2180/1966
f 2541/2179/1965 2554/2192/1978 2553/2191/1977
f 2555/2193/1979 2554/2192/1978 2541/2179/1965
f 2555/2193/1979 2556/2194/1980 2554/2192/1978
f 2557/2195/1981 2556/2194/1980 2555/2193/1979
f 2558/2196/1982 2560/2197/1983 2559/2198/1984
f 2561/2199/1985 2560/2197/1983 2558/2196/1982
f 2570/2200/1986 2572/2201/1987 2571/2202/1988
f 2573/2203/1989 2572/2201/1987 2570/2200/1986
f 2574/2204/1990 2576/2205/1991 2575/2206/1992
f 2574/2204/1990 2577/2207/1993 2576/2205/1991
f 2578/2208/1994 2580/2209/1995 2579/2210/1996
f 2579/2210/1996 2580/2209/1995 2581/2211/1997
f 2582/2212/1998 2584/2213/1999 2583/2214/2000
f 2585/2215/2001 2584/2213/1999 2582/2212/1998
f 2586/2216/2002 2588/2217/2003 2587/2218/2004
f 2589/2219/2005 2591/2220/2006 2590/2221/2007
f 2592/2222/2008 2590/2221/2007 2591/2220/2006
f 2593/2223/2009 2595/2224/2010 2594/2225/2011
f 2596/2226/2012 2598/2227/2013 2597/2228/2014
f 2599/2229/2015 2597/2228/2014 2598/2227/2013
f 2600/2230/2016 2602/2231/2017 2601/2232/2018
f 2603/2233/2019 2602/2231/2017 2600/2230/2016
f 2604/2234/2020 2606/2235/2021 2605/2236/2022
f 2605/2236/2022 2606/2235/2021 2607/2237/2023
f 2605/2236/2022 2607/2237/2023 2608/2238/2024
f 2608/2238/2024 2607/2237/2023 2609/2239/2025
f 2608/2238/2024 2609/2239/2025 2610/2240/2026
f 2608/2238/2024 2610/2240/2026 2611/2241/2027
f 2611/2241/2027 2610/2240/2026 2612/2242/2028
f 2611/2241/2027 2612/2242/2028 2613/2243/2029
f 2614/2244/2030 2616/2245/2031 2615/2246/2032
f 2615/2246/2032 2616/2245/2031 2617/2247/2033
f 2618/2248/2034 2620/2249/2035 2619/2250/2036
f 2621/2251/2037 2620/2249/2035 2618/2248/2034
f 2632/2252/2038 2634/2253/2039 2633/2254/2040
f 2635/2255/2041 2634/2253/2039 2632/2252/2038
f 2667/2256/2042 2669/2257/2043 2668/2258/2044
f 2670/2259/2045 2669/2257/2043 2667/2256/2042
f 2671/2260/2046 2673/2261/2047 2672/2262/2048
f 2672/2262/2048 2673/2261/2047 2674/2263/2049
f 2687/2264/2050 2689/2265/2051 2688/2266/2052
f 2687/2264/2050 2688/2266/2052 2690/2267/2053
f 2691/2268/2054 2693/2269/2055 2692/2270/2056
f 2692/2270/2056 2693/2269/2055 2694/2271/2057
f 2703/2272/2058 2705/2273/2059 2704/2274/2060
f 2703/2272/2058 2704/2274/2060 2706/2275/2061
f 2715/2276/2062 2717/2277/2063 2716/2278/2064
f 2716/2278/2064 2717/2277/2063 2718/2279/2065
f 2719/2280/2066 2721/2281/2067 2720/2282/2068
f 2719/2280/2066 2720/2282/2068 2722/2283/2069
f 2723/2284/2070 2725/2285/2071 2724/2286/2072
f 2724/2286/2072 2725/2285/2071 2726/2287/2073
f 2739/2288/2074 2741/2289/2075 2740/2290/2076
f 2740/2290/2076 2741/2289/2075 2742/2291/2077
f 2743/2292/2078 2745/2293/2079 2744/2294/2080
f 2744/2294/2080 2745/2293/2079 2746/2295/2081
f 2747/2296/2082 2746/2295/2081 2745/2293/2079
f 2748/2297/2083 2750/2298/2084 2749/2299/2085
f 2749/2299/2085 2750/2298/2084 2751/2300/2086
f 2752/2301/2087 2751/2300/2086 2750/2298/2084
f 2753/2302/2088 2755/2303/2089 2754/2304/2090
f 2754/2304/2090 2755/2303/2089 2756/2305/2091
f 2757/2306/2092 2756/2305/2091 2755/2303/2089
f 2758/2307/2093 2760/2308/2094 2759/2309/2095
f 2761/2310/2096 2760/2308/2094 2758/2307/2093
f 2762/2311/2097 2764/2312/2098 2763/2313/2099
f 2763/2313/2099 2764/2312/2098 2765/2314/2100
f 2766/2315/2101 2768/2316/2102 2767/2317/2103
f 2767/2317/2103 2768/2316/2102 2769/2318/2104
f 2770/2319/2105 2772/2320/2106 2771/2321/2107
f 2772/2320/2106 2773/2322/2108 2771/2321/2107
f 2774/2323/2109 2776/2324/2110 2775/2325/2111
f 2777/2326/2112 2776/2324/2110 2774/2323/2109
f 2774/2323/2109 2775/2325/2111 2778/2327/2113
f 2778/2327/2113 2775/2325/2111 2779/2328/2114
f 2778/2327/2113 2779/2328/2114 2780/2329/2115
f 2777/2326/2112 2781/2330/2116 2776/2324/2110
f 2782/2331/2117 2781/2330/2116 2777/2326/2112
f 2782/2331/2117 2777/2326/2112 2783/2332/2118
f 2782/2331/2117 2783/2332/2118 2784/2333/2119
f 2784/2333/2119 2783/2332/2118 2785/2334/2120
f 2784/2333/2119 2785/2334/2120 2786/2335/2121
f 2787/2336/2122 2789/2337/2123 2788/2338/2124
f 2790/2339/2125 2789/2337/2123 2787/2336/2122
f 2787/2336/2122 2791/2340/2126 2790/2339/2125
f 2792/2341/2127 2794/2342/2128 2793/2343/2129
f 2792/2341/2127 2793/2343/2129 2795/2344/2130
f 2795/2344/2130 2793/2343/2129 2796/2345/2131
f 2795/2344/2130 2796/2345/2131 2797/2346/2132
f 2798/2347/2133 2800/2348/2134 2799/2349/2135
f 2801/2350/2136 2803/2351/2137 2802/2352/2138
f 2802/2352/2138 2803/2351/2137 2804/2353/2139
f 2805/2354/2140 2807/2355/2141 2806/2356/2142
f 2808/2357/2143 2807/2355/2141 2805/2354/2140
f 2813/2358/2144 2815/2359/2145 2814/2360/2146
f 2816/2361/2147 2815/2359/2145 2813/2358/2144
f 2821/2362/2148 2823/2363/2149 2822/2364/2150
f 2824/2365/2151 2823/2363/2149 2821/2362/2148
f 2821/2362/2148 2825/2366/2152 2824/2365/2151
f 2826/2367/2153 2828/2368/2154 2827/2369/2155
f 2827/2369/2155 2828/2368/2154 2829/2370/2156
f 2830/2371/2157 2832/2372/2158 2831/2373/2159
f 2833/2374/2160 2835/2375/2161 2834/2376/2162
f 2834/2376/2162 2835/2375/2161 2836/2377/2163
f 2845/2378/2164 2847/2379/2165 2846/2380/2166
f 2848/2381/2167 2847/2379/2165 2845/2378/2164
f 2849/2382/2168 2851/2383/2169 2850/2384/2170
f 2850/2384/2170 2851/2383/2169 2852/2385/2171
f 2853/2386/2172 2855/2387/2173 2854/2388/2174
f 2856/2389/2175 2855/2387/2173 2853/2386/2172
f 2877/2390/2176 2879/2391/2177 2878/2392/2177
f 2878/2392/2177 2879/2391/2177 2880/2393/2178
f 2881/2394/2179 2883/2395/2180 2882/2396/2181
f 2882/2396/2181 2883/2395/2180 2884/2397/2182
f 2889/2398/2183 2891/2399/2184 2890/2400/2185
f 2889/2398/2183 2892/2401/2186 2891/2399/2184
f 2893/2402/2187 2895/2403/2188 2894/2404/2189
f 2893/2402/2187 2896/2405/2190 2895/2403/2188
f 2913/2406/2191 2915/2407/2192 2914/2408/2193
f 2913/2406/2191 2916/2409/2194 2915/2407/2192
f 2917/2410/2195 2919/2411/2196 2918/2412/2197
f 2920/2413/2198 2919/2411/2196 2917/2410/2195
f 2921/2414/2199 2923/2415/2200 2922/2416/2201
f 2922/2416/2201 2924/2417/2202 2921/2414/2199
f 2925/2418/2203 2927/2419/2204 2926/2420/2205
f 2928/2421/2206 2927/2419/2204 2925/2418/2203
f 2929/2422/2207 2931/2423/2208 2930/2424/2209
f 2930/2424/2209 2932/2425/2210 2929/2422/2207
f 2933/2426/2211 2932/2425/2210 2930/2424/2209
f 2934/2427/2212 2936/2428/2213 2935/2429/2214
f 2937/2430/2215 2936/2428/2213 2934/2427/2212
f 2938/2431/2216 2940/2432/2217 2939/2433/2218
f 2941/2434/2219 2940/2432/2217 2938/2431/2216
f 2946/2435/2220 2948/2436/2221 2947/2437/2222
f 2947/2437/2222 2948/2436/2221 2949/2438/2223
f 2950/2439/2224 2952/2440/2225 2951/2441/2226
f 2951/2441/2226 2953/2442/2227 2950/2439/2224
f 2954/2443/2228 2956/2444/2229 2955/2445/2230
f 2957/2446/2231 2956/2444/2229 2954/2443/2228
f 2958/2447/2232 2960/2448/2233 2959/2449/2234
f 2961/2450/2235 2959/2449/2234 2960/2448/2233
f 2962/2451/2236 2960/2448/2233 2958/2447/2232
f 2963/2452/2237 2965/2453/2238 2964/2454/2239
f 2964/2454/2239 2965/2453/2238 2966/2455/2240
f 2967/2456/2241 2969/2457/2242 2968/2458/2243
f 2970/2459/2244 2968/2458/2243 2969/2457/2242
f 2971/2460/2245 2968/2458/2243 2970/2459/2244
f 2972/2461/2246 2974/2462/2247 2973/2463/2248
f 2975/2464/2249 2974/2462/2247 2972/2461/2246
f 2976/2465/2250 2978/2466/2251 2977/2467/2252
f 2977/2467/2252 2978/2466/2251 2979/2468/2253
f 2980/2469/2254 2982/2470/2255 2981/2471/2256
f 2983/2472/2257 2985/2473/2258 2984/2474/2259
f 2986/2475/2260 2984/2474/2259 2985/2473/2258
f 2987/2476/2261 2984/2474/2259 2986/2475/2260
f 2992/2477/2262 2994/2478/2263 2993/2479/2264
f 2992/2477/2262 2995/2480/2265 2994/2478/2263
f 3000/2481/2266 3002/2482/2267 3001/2483/2268
f 3003/2484/2269 3002/2482/2267 3000/2481/2266
f 3008/2485/993 3010/2486/993 3009/2487/2270
f 3011/2488/2270 3010/2486/993 3008/2485/993
f 3012/2489/2271 3014/2490/2271 3013/2491/2272
f 3015/2492/2272 3014/2490/2271 3012/2489/2271
f 3016/2493/2273 3018/2494/2274 3017/2495/2275
f 3019/2496/2276 3018/2494/2274 3016/2493/2273
f 3020/2497/633 3022/2498/633 3021/2499/1653
f 3023/2500/1653 3022/2498/633 3020/2497/633
f 3024/2501/2277 3026/2502/2278 3025/2503/2279
f 3027/2504/2280 3026/2502/2278 3024/2501/2277
f 3028/2505/2281 3030/2506/2282 3029/2507/2283
f 3029/2507/2283 3030/2506/2282 3031/2508/2284
f 3032/2509/2285 3034/2510/2285 3033/2511/2286
f 3035/2512/2286 3034/2510/2285 3032/2509/2285
f 3036/2513/2287 3038/2514/2288 3037/2515/2289
f 3039/2516/2290 3038/2514/2288 3036/2513/2287
f 3040/2517/2291 3042/2518/2292 3041/2519/2293
f 3043/2520/2294 3042/2518/2292 3040/2517/2291
f 3052/2521/2295 3054/2522/2296 3053/2523/2297
f 3053/2523/2297 3054/2522/2296 3055/2524/2298
f 3060/2525/2299 3062/2526/2300 3061/2527/2301
f 3063/2528/2302 3062/2526/2300 3060/2525/2299
f 3064/2529/2303 3066/2530/2304 3065/2531/2305
f 3067/2532/2306 3066/2530/2304 3064/2529/2303
f 3068/2533/2307 3070/2534/2308 3069/2535/2309
f 3071/2536/2310 3073/2537/2311 3072/2538/2312
f 3074/2539/2313 3073/2537/2311 3071/2536/2310
f 3075/2540/2314 3077/2541/2315 3076/2542/2316
f 3078/2543/2317 3077/2541/2315 3075/2540/2314
f 3079/2544/2318 3081/2545/2319 3080/2546/2320
f 3079/2544/2318 3082/2547/2321 3081/2545/2319
f 3083/2548/2322 3085/2549/2323 3084/2550/2324
f 3086/2551/2325 3085/2549/2323 3083/2548/2322
f 3087/2552/2326 3089/2553/2327 3088/2554/2328
f 3090/2555/2329 3089/2553/2327 3087/2552/2326
f 3091/2556/2330 3093/2557/2331 3092/2558/2332
f 3091/2556/2330 3094/2559/2333 3093/2557/2331
f 3095/2560/2334 3097/2561/2334 3096/2562/2335
f 3098/2563/2335 3097/2561/2334 3095/2560/2334
f 3099/2564/2336 3101/2565/2336 3100/2566/2337
f 3102/2567/2337 3101/2565/2336 3099/2564/2336
f 3103/2568/2338 3105/2569/2338 3104/2570/2339
f 3106/2571/2339 3105/2569/2338 3103/2568/2338
f 3107/2572/2340 3109/2573/2340 3108/2574/2341
f 3110/2575/2341 3109/2573/2340 3107/2572/2340
f 3111/2576/2342 3113/2577/2343 3112/2578/2344
f 3112/2578/2344 3113/2577/2343 3114/2579/2345
f 3115/2580/2346 3117/2581/2347 3116/2582/2348
f 3116/2582/2348 3117/2581/2347 3118/2583/2349
f 3119/2584/2350 3121/2585/2351 3120/2586/2352
f 3122/2587/2353 3121/2585/2351 3119/2584/2350
f 3123/2588/596 3125/2589/596 3124/2590/2354
f 3126/2591/2354 3125/2589/596 3123/2588/596
f 3127/2592/2355 3129/2593/2356 3128/2594/2357
f 3130/2595/2358 3132/2596/2359 3131/2597/2360
f 3133/2598/2361 3132/2596/2359 3130/2595/2358
f 3134/2599/2362 3136/2600/2363 3135/2601/2364
f 3137/2602/2365 3139/2603/2366 3138/2604/2367
f 3140/2605/2368 3142/2606/2369 3141/2607/2370
f 3142/2606/2369 3140/2605/2368 3143/2608/2371
f 3144/2609/2372 3146/2610/2373 3145/2611/2373
f 3145/2611/2373 3146/2610/2373 3147/2612/2372
f 3148/2613/2374 3150/2614/2375 3149/2615/2376
f 3151/2616/2377 3153/2617/2378 3152/2618/2379
f 3154/2619/2380 3153/2617/2378 3151/2616/2377
f 3155/2620/2340 3157/2621/2340 3156/2622/2341
f 3158/2623/2341 3157/2621/2340 3155/2620/2340
f 13/13/13 12/12/12 3159/2624/12
f 3160/2625/2381 3162/2626/2382 3161/2627/2383
f 3161/2627/2383 3162/2626/2382 3163/2628/2384
f 3164/2629/2385 3166/2630/2043 3165/2631/2386
f 3167/2632/2387 3166/2630/2043 3164/2629/2385
f 3168/2633/2388 3170/2634/1485 3169/2635/2389
f 3171/2636/2390 3170/2634/1485 3168/2633/2388
f 3172/2637/2391 3174/2638/2392 3173/2639/2393
f 3175/2640/2394 3174/2638/2392 3172/2637/2391
f 3176/2641/2395 3178/2642/2396 3177/2643/2397
f 3179/2644/2398 3181/2645/2399 3180/2646/2400
f 3182/2647/2401 3184/2648/2401 3183/2649/2402
f 3185/2650/2402 3184/2648/2401 3182/2647/2401
f 3186/2651/2403 3188/2652/2404 3187/2653/2405
f 3187/2653/2405 3188/2652/2404 3189/2654/2406
f 3190/2655/2407 3192/2656/2407 3191/2657/2408
f 3193/2658/2408 3192/2656/2407 3190/2655/2407
f 3194/2659/2409 3196/2660/2410 3195/2661/2411
f 3195/2661/2411 3196/2660/2410 3197/2662/2412
f 3198/2663/2413 3200/2664/2413 3199/2665/2414
f 3201/2666/2415 3200/2664/2413 3198/2663/2413
f 3202/2667/2416 3204/2668/2417 3203/2669/2418
f 3205/2670/2419 3204/2668/2417 3202/2667/2416
f 3206/2671/2420 3208/2672/2421 3207/2673/2422
f 3209/2674/2423 3211/2675/2424 3210/2676/2425
f 3212/2677/2426 3214/2678/2427 3213/2679/2428
f 3215/2680/2429 3214/2678/2427 3212/2677/2426
f 3216/2681/2430 3218/2682/2430 3217/2683/2431
f 3219/2684/2431 3218/2682/2430 3216/2681/2430
f 3220/2685/596 3222/2686/596 3221/2687/2432
f 3223/2688/2433 3222/2686/596 3220/2685/596
f 3224/2689/2434 3226/2690/2435 3225/2691/2436
f 3225/2691/2436 3226/2690/2435 3227/2692/2437
f 3228/2693/2438 3230/2694/2439 3229/2695/2440
f 3231/2696/2441 3233/2697/2442 3232/2698/2443
f 3234/2699/2444 3233/2697/2442 3231/2696/2441
f 3235/2700/2445 3237/2701/2446 3236/2702/2447
f 3238/2703/2448 3240/2704/2449 3239/2705/2450
f 3241/2706/2451 3243/2707/2452 3242/2708/2453
f 3244/2709/2454 3243/2707/2452 3241/2706/2451
f 3245/2710/2455 3247/2711/2456 3246/2712/2457
f 3248/2713/2458 3247/2711/2456 3245/2710/2455
f 3249/2714/2459 3251/2715/2459 3250/2716/2460
f 3252/2717/2460 3251/2715/2459 3249/2714/2459
f 3253/2718/2461 3255/2719/2461 3254/2720/2462
f 3256/2721/2463 3255/2719/2461 3253/2718/2461
f 3257/2722/2464 3259/2723/2464 3258/2724/2465
f 3260/2725/2465 3259/2723/2464 3257/2722/2464
f 3261/2726/2466 3263/2727/2467 3262/2728/2468
f 3264/2729/2469 3266/2730/2470 3265/2731/2471
f 3265/2731/2471 3266/2730/2470 3267/2732/2472
f 3268/2733/2473 3270/2734/2474 3269/2735/2475
f 3271/2736/2476 3273/2737/2477 3272/2738/2478
f 3274/2739/2479 3276/2740/2480 3275/2741/2481
f 3275/2741/2481 3276/2740/2480 3277/2742/2482
f 3278/2743/2483 3280/2744/2484 3279/2745/2485
f 3281/2746/2486 3283/2747/2487 3282/2748/2488
f 3282/2748/2488 3283/2747/2487 3284/2749/2489
f 3285/2750/2490 3287/2751/2491 3286/2752/2492
f 3288/2753/2493 3290/2754/2494 3289/2755/2495
f 3289/2755/2495 3290/2754/2494 3291/2756/2496
f 3292/2757/2497 3294/2758/2498 3293/2759/2499
f 3295/2760/2500 3297/2761/2501 3296/2762/2502
f 3295/2760/2500 3296/2762/2502 3298/2763/2503
f 3299/2764/2504 3301/2765/2505 3300/2766/2506
f 3302/2767/2507 3304/2768/2508 3303/2769/2509
f 3305/2770/2510 54/54/53 55/55/54
f 3306/2771/2511 3308/2772/2512 3307/2773/2513
f 3309/2774/2514 3311/2775/2515 3310/2776/2516
f 3312/2777/2517 3314/2778/2518 3313/2779/2519
f 3315/2780/2520 3317/2781/2521 3316/2782/2522
f 3318/2783/2523 3320/2784/2524 3319/2785/2525
f 3321/2786/2526 3323/2787/2527 3322/2788/2528
f 3324/2789/2529 3326/2790/2530 3325/2791/2531
f 3324/2789/2529 3325/2791/2531 3327/2792/2532
f 3328/2793/2533 3330/2794/2534 3329/2795/2535
f 3328/2793/2533 3329/2795/2535 3331/2796/2536
f 3332/2797/2537 3334/2798/2538 3333/2799/2539
f 3335/2800/2540 3337/2801/2541 3336/2802/2542
usemtl white
f 593/2803/2543 595/2804/2544 594/2805/2545
f 593/2803/2543 596/2806/2546 595/2804/2544
f 760/2807/328 762/2808/2547 761/2809/500
f 760/2807/328 761/2809/500 763/2810/328
f 764/2811/466 762/2808/2547 760/2807/328
f 764/2811/466 760/2807/328 765/2812/30
f 766/2813/2548 768/2814/2549 767/2815/2550
f 766/2813/2548 767/2815/2550 769/2816/2551
f 830/2817/2552 832/2818/2553 831/2819/2554
f 830/2817/2552 831/2819/2554 833/2820/2555
f 834/2821/2556 832/2818/2553 830/2817/2552
f 834/2821/2556 835/2822/2557 832/2818/2553
f 836/2823/2558 835/2822/2557 834/2821/2556
f 837/2824/2559 836/2823/2558 834/2821/2556
f 837/2824/2559 838/2825/2560 836/2823/2558
f 839/2826/2561 838/2825/2560 837/2824/2559
f 850/2827/2562 852/2828/2563 851/2829/2564
f 850/2827/2562 853/2830/2565 852/2828/2563
f 864/2831/8 866/2832/2566 865/2833/2567
f 864/2831/8 865/2833/2567 867/2834/8
f 868/2835/367 866/2832/2566 864/2831/8
f 868/2835/367 864/2831/8 869/2836/17
f 888/2837/2568 890/2838/2569 889/2839/2570
f 888/2837/2568 891/2840/2571 890/2838/2569
f 892/2841/2572 891/2840/2571 888/2837/2568
f 892/2841/2572 893/2842/2573 891/2840/2571
f 894/2843/2574 893/2842/2573 892/2841/2572
f 895/2844/2575 894/2843/2574 892/2841/2572
f 895/2844/2575 896/2845/2576 894/2843/2574
f 1014/2846/2577 1016/2847/2578 1015/2848/2579
f 1014/2846/2577 1015/2848/2579 1017/2849/2580
f 1018/2850/2581 1016/2847/2578 1014/2846/2577
f 1018/2850/2581 1019/2851/2582 1016/2847/2578
f 1020/2852/2583 1019/2851/2582 1018/2850/2581
f 1021/2853/2584 1020/2852/2583 1018/2850/2581
f 1021/2853/2584 1022/2854/2585 1020/2852/2583
f 1023/2855/2586 1022/2854/2585 1021/2853/2584
f 1024/2856/2587 1026/2857/2588 1025/2858/2589
f 1024/2856/2587 1027/2859/2590 1026/2857/2588
f 1025/2858/2589 1028/2860/2591 1024/2856/2587
f 1024/2856/2587 1028/2860/2591 1029/2861/2592
f 1055/2862/2593 1057/2863/2594 1056/2864/2595
f 1055/2862/2593 1058/2865/2596 1057/2863/2594
f 1059/2866/2597 1058/2865/2596 1055/2862/2593
f 1059/2866/2597 1060/2867/2598 1058/2865/2596
f 1061/2868/2599 1060/2867/2598 1059/2866/2597
f 1062/2869/2600 1061/2868/2599 1059/2866/2597
f 1062/2869/2600 1063/2870/2601 1061/2868/2599
f 1112/2871/2602 1114/2872/2603 1113/2873/2604
f 1112/2871/2602 1115/2874/2605 1114/2872/2603
f 1116/2875/2606 1115/2874/2605 1112/2871/2602
f 1116/2875/2606 1117/2876/2607 1115/2874/2605
f 1118/2877/2608 1117/2876/2607 1116/2875/2606
f 1119/2878/2609 1118/2877/2608 1116/2875/2606
f 1119/2878/2609 1120/2879/2610 1118/2877/2608
f 1142/2880/2611 1144/2881/2612 1143/2882/2613
f 1142/2880/2611 1143/2882/2613 1145/2883/2614
f 1145/2883/2614 1146/2884/2615 1142/2880/2611
f 1142/2880/2611 1146/2884/2615 1147/2885/2616
f 1191/2886/2617 1193/2887/2618 1192/2888/2619
f 1192/2888/2619 1193/2887/2618 1194/2889/2620
f 1236/2890/2621 1238/2891/2622 1237/2892/2623
f 1236/2890/2621 1239/2893/2624 1238/2891/2622
f 1237/2892/2623 1240/2894/2625 1236/2890/2621
f 1236/2890/2621 1240/2894/2625 1241/2895/2626
f 1242/2896/2627 1244/2897/2628 1243/2898/2629
f 1242/2896/2627 1243/2898/2629 1245/2899/2630
f 1254/2900/2631 1256/2901/2632 1255/2902/2633
f 1255/2902/2633 1256/2901/2632 1257/2903/2634
f 1265/2904/2635 1267/2905/2636 1266/2906/2637
f 1265/2904/2635 1266/2906/2637 1268/2907/2638
f 1269/2908/2639 1267/2905/2636 1265/2904/2635
f 1269/2908/2639 1270/2909/2640 1267/2905/2636
f 1271/2910/2641 1270/2909/2640 1269/2908/2639
f 1272/2911/2642 1271/2910/2641 1269/2908/2639
f 1272/2911/2642 1273/2912/2643 1271/2910/2641
f 1274/2913/2644 1273/2912/2643 1272/2911/2642
f 1275/2914/2645 1277/2915/2646 1276/2916/2646
f 1276/2916/2646 1277/2915/2646 1278/2917/2645
f 1282/2918/2647 1284/2919/2648 1283/2920/2648
f 1283/2920/2648 1284/2919/2648 1285/2921/2647
f 1286/2922/2562 1288/2923/2563 1287/2924/2649
f 1286/2922/2562 1289/2925/2650 1288/2923/2563
f 1294/2926/2651 1296/2927/2652 1295/2928/2653
f 1297/2929/2654 1296/2927/2652 1294/2926/2651
f 1297/2929/2654 1298/2930/2655 1296/2927/2652
f 1299/2931/2656 1298/2930/2655 1297/2929/2654
f 1297/2929/2654 1300/2932/2657 1299/2931/2656
f 1299/2931/2656 1300/2932/2657 1301/2933/2658
f 1300/2932/2657 1302/2934/2659 1301/2933/2658
f 1294/2926/2651 1295/2928/2653 1303/2935/2660
f 1304/2936/30 1306/2937/466 1305/2938/328
f 1305/2938/328 1306/2937/466 1307/2939/2547
f 1305/2938/328 1307/2939/2547 1308/2940/328
f 1308/2940/328 1307/2939/2547 1309/2941/500
f 1353/2942/2661 1355/2943/2662 1354/2944/2663
f 1354/2944/2663 1355/2943/2662 1356/2945/2664
f 1361/2946/2665 1363/2947/2666 1362/2948/2667
f 1362/2948/2667 1363/2947/2666 1364/2949/2668
f 1381/2950/2669 1383/2951/2670 1382/2952/2622
f 1381/2950/2669 1382/2952/2622 1384/2953/2671
f 1384/2953/2671 1385/2954/2672 1381/2950/2669
f 1381/2950/2669 1385/2954/2672 1386/2955/2673
f 1485/2956/17 1487/2957/367 1486/2958/8
f 1486/2958/8 1487/2957/367 1488/2959/2566
f 1486/2958/8 1488/2959/2566 1489/2960/8
f 1489/2960/8 1488/2959/2566 1490/2961/2567
f 1491/2962/2674 1493/2963/2675 1492/2964/2676
f 1494/2965/2677 1493/2963/2675 1491/2962/2674
f 1494/2965/2677 1495/2966/2678 1493/2963/2675
f 1496/2967/2679 1495/2966/2678 1494/2965/2677
f 1494/2965/2677 1497/2968/2680 1496/2967/2679
f 1496/2967/2679 1497/2968/2680 1498/2969/2681
f 1497/2968/2680 1499/2970/2682 1498/2969/2681
f 1491/2962/2674 1492/2964/2676 1500/2971/2683
f 1501/2972/2684 1503/2973/2685 1502/2974/2686
f 1501/2972/2684 1504/2975/2687 1503/2973/2685
f 1526/2976/2688 1528/2977/2689 1527/2978/2690
f 1527/2978/2690 1528/2977/2689 1529/2979/2691
f 1567/2980/2692 1569/2981/2693 1568/2982/2694
f 1568/2982/2694 1569/2981/2693 1570/2983/2695
f 1613/2984/2696 1615/2985/2697 1614/2986/2698
f 1613/2984/2696 1614/2986/2698 1616/2987/2614
f 1616/2987/2614 1617/2988/2699 1613/2984/2696
f 1613/2984/2696 1617/2988/2699 1618/2989/2700
f 1626/2990/2701 1628/2991/2702 1627/2992/2702
f 1627/2992/2702 1628/2991/2702 1629/2993/2701
f 1644/2994/2703 1646/2995/2704 1645/2996/2705
f 1644/2994/2703 1645/2996/2705 1647/2997/2706
f 1647/2997/2706 1645/2996/2705 1648/2998/2707
f 1649/2999/2708 1646/2995/2704 1644/2994/2703
f 1644/2994/2703 1650/3000/2709 1649/2999/2708
f 1649/2999/2708 1650/3000/2709 1651/3001/2710
f 1650/3000/2709 1652/3002/2711 1651/3001/2710
f 1647/2997/2706 1648/2998/2707 1653/3003/2712
f 1658/3004/268 1660/3005/269 1659/3006/9
f 1659/3006/9 1660/3005/269 1661/3007/2713
f 1659/3006/9 1661/3007/2713 1662/3008/9
f 1662/3008/9 1661/3007/2713 1663/3009/34
f 1820/3010/9 1822/3011/2713 1821/3012/34
f 1820/3010/9 1821/3012/34 1823/3013/9
f 1824/3014/269 1822/3011/2713 1820/3010/9
f 1824/3014/269 1820/3010/9 1825/3015/268
f 1849/3016/2714 1851/3017/2715 1850/3018/2716
f 1849/3016/2714 1852/3019/2717 1851/3017/2715
f 1850/3018/2716 1853/3020/2718 1849/3016/2714
f 1849/3016/2714 1853/3020/2718 1854/3021/2719
f 1881/3022/2720 1883/3023/2721 1882/3024/2722
f 1884/3025/2723 1883/3023/2721 1881/3022/2720
f 1885/3026/2661 1887/3027/2662 1886/3028/2663
f 1886/3028/2663 1887/3027/2662 1888/3029/2724
f 1889/1664/402 1891/1663/1511 1890/3030/2725
f 1890/3030/2725 1891/1663/1511 1893/3031/2726
f 1895/3032/2727 1890/3030/2725 1893/3031/2726
f 1896/3033/2728 1890/3030/2725 1895/3032/2727
f 1895/3032/2727 1897/3034/2729 1896/3033/2728
f 1896/3033/2728 1897/3034/2729 1898/1667/395
f 1896/3033/2728 1898/1667/395 1899/1666/395
f 1906/1674/1519 1908/3035/2730 1907/1675/451
f 1910/3036/100 1908/3035/2730 1906/1674/1519
f 1909/1676/452 1912/3037/2731 1911/1677/452
f 1913/3038/2732 1912/3037/2731 1909/1676/452
f 1913/3038/2732 1914/3039/2733 1912/3037/2731
f 1915/3040/2730 1914/3039/2733 1913/3038/2732
f 1916/3041/100 1914/3039/2733 1915/3040/2730
f 1915/3040/2730 1917/1679/1521 1916/3041/100
f 1918/1680/1522 1917/1679/1521 1915/3040/2730
f 1939/1702/226 1941/1701/1541 1940/3042/2734
f 1940/3042/2734 1941/1701/1541 1943/3043/2735
f 1945/3044/2736 1940/3042/2734 1943/3043/2735
f 1946/3045/2737 1940/3042/2734 1945/3044/2736
f 1945/3044/2736 1947/3046/2738 1946/3045/2737
f 1946/3045/2737 1947/3046/2738 1948/1705/224
f 1946/3045/2737 1948/1705/224 1949/1704/224
f 2025/3047/2739 2027/3048/2740 2026/3049/2741
f 2026/3049/2741 2027/3048/2740 2028/3050/2742
f 2041/3051/2731 2043/3052/2732 2042/3053/2733
f 2041/3051/2731 2044/1795/449 2043/3052/2732
f 2045/1793/449 2044/1795/449 2041/3051/2731
f 2042/3053/2733 2043/3052/2732 1908/3035/2730
f 1908/3035/2730 1910/3036/100 2042/3053/2733
f 2052/3054/2743 2054/3055/2744 2053/3056/2745
f 2055/3057/2746 2054/3055/2744 2052/3054/2743
f 2064/3058/2747 2066/3059/2721 2065/3060/2748
f 2067/3061/2749 2066/3059/2721 2064/3058/2747
f 2072/3062/2750 2074/3063/2751 2073/3064/2752
f 2075/3065/2753 2074/3063/2751 2072/3062/2750
f 2088/3066/2754 2090/3067/2755 2089/3068/2756
f 2089/3068/2756 2090/3067/2755 2091/3069/2757
f 2131/3070/2758 2133/1865/1680 2132/1864/1679
f 2135/3071/2735 2131/3070/2758 2132/1864/1679
f 2147/3072/2759 2131/3070/2758 2135/3071/2735
f 2148/3073/2760 2131/3070/2758 2147/3072/2759
f 2147/3072/2759 2149/3074/2761 2148/3073/2760
f 2178/3075/2762 2180/1907/1722 2179/1906/1721
f 2182/3076/2726 2178/3075/2762 2179/1906/1721
f 2191/3077/2763 2178/3075/2762 2182/3076/2726
f 2192/3078/2764 2178/3075/2762 2191/3077/2763
f 2191/3077/2763 2193/3079/2765 2192/3078/2764
f 2216/3080/2766 2218/3081/2767 2217/3082/2768
f 2219/3083/2769 2218/3081/2767 2216/3080/2766
f 2232/3084/2770 2234/3085/2771 2233/3086/2772
f 2235/3087/2773 2234/3085/2771 2232/3084/2770
f 2276/3088/2774 2278/3089/2775 2277/3090/2776
f 2277/3090/2776 2278/3089/2775 2279/3091/2777
f 2337/3092/2778 2339/3093/2779 2338/3094/2780
f 2338/3094/2780 2339/3093/2779 2340/3095/2781
f 2341/3096/2782 2343/3097/2740 2342/3098/2783
f 2342/3098/2783 2343/3097/2740 2344/3099/2784
f 2357/3100/2785 2359/3101/2786 2358/3102/2787
f 2358/3102/2787 2359/3101/2786 2360/3103/2788
f 2357/3100/2785 2361/3104/2789 2359/3101/2786
f 2362/3105/2790 2361/3104/2789 2357/3100/2785
f 2358/3102/2787 2360/3103/2788 2363/3106/2791
f 2357/3100/2785 2364/3107/2792 2362/3105/2790
f 2362/3105/2790 2364/3107/2792 2365/3108/2793
f 2364/3107/2792 2366/3109/2794 2365/3108/2793
f 2367/3110/2795 2369/3111/2796 2368/3112/2797
f 2368/3112/2797 2370/3113/2798 2367/3110/2795
f 2371/3114/2799 2369/3111/2796 2367/3110/2795
f 2372/3115/2800 2374/3116/2801 2373/3117/2802
f 2372/3115/2800 2373/3117/2802 2375/3118/2803
f 2375/3118/2803 2373/3117/2802 2376/3119/2804
f 2377/3120/2805 2374/3116/2801 2372/3115/2800
f 2375/3118/2803 2376/3119/2804 2378/3121/1087
f 2372/3115/2800 2379/3122/2806 2377/3120/2805
f 2377/3120/2805 2379/3122/2806 2380/3123/2807
f 2379/3122/2806 2381/3124/2808 2380/3123/2807
f 2382/3125/2809 2384/3126/2810 2383/3127/2811
f 2383/3127/2811 2384/3126/2810 2385/3128/2812
f 2382/3125/2809 2386/3129/2813 2384/3126/2810
f 2387/3130/2814 2386/3129/2813 2382/3125/2809
f 2383/3127/2811 2385/3128/2812 2388/3131/2815
f 2382/3125/2809 2389/3132/2816 2387/3130/2814
f 2387/3130/2814 2389/3132/2816 2390/3133/2817
f 2389/3132/2816 2391/3134/2818 2390/3133/2817
f 2396/3135/2819 2398/3136/2820 2397/3137/2821
f 2397/3137/2821 2399/3138/2822 2396/3135/2819
f 2400/3139/2823 2398/3136/2820 2396/3135/2819
f 2403/3140/2824 2405/3141/2825 2404/3142/2826
f 2404/3142/2826 2406/3143/2827 2403/3140/2824
f 2407/3144/2828 2405/3141/2825 2403/3140/2824
f 2412/3145/2829 2414/3146/2830 2413/3147/2831
f 2413/3147/2831 2414/3146/2830 2415/3148/2832
f 2428/3149/2833 2430/3150/2834 2429/3151/2834
f 2429/3151/2834 2430/3150/2834 2431/3152/2833
f 2432/3153/2835 2434/3154/2836 2433/3155/2836
f 2433/3155/2836 2434/3154/2836 2435/3156/2835
f 2436/3157/2837 2438/3158/2838 2437/3159/2838
f 2437/3159/2838 2438/3158/2838 2439/3160/2837
f 2512/3161/2839 2514/3162/2840 2513/3163/2841
f 2513/3163/2841 2514/3162/2840 2515/3164/2842
f 2562/3165/2843 2564/3166/2844 2563/3167/2844
f 2563/3167/2844 2564/3166/2844 2565/3168/2845
f 2566/3169/2846 2568/3170/2847 2567/3171/2848
f 2567/3171/2848 2568/3170/2847 2569/3172/2849
f 2622/3173/2850 2624/3174/2851 2623/3175/2851
f 2623/3175/2851 2624/3174/2851 2625/3176/2852
f 2626/3177/2853 2628/3178/2854 2627/3179/2855
f 2629/3180/2856 2628/3178/2854 2626/3177/2853
f 2628/3178/2854 2630/3181/2857 2627/3179/2855
f 2627/3179/2855 2630/3181/2857 2631/3182/2858
f 2636/3183/2859 2638/3184/2860 2637/3185/2860
f 2637/3185/2860 2638/3184/2860 2639/3186/2859
f 2640/3187/2861 2642/3188/2862 2641/3189/2862
f 2641/3189/2862 2642/3188/2862 2643/3190/2861
f 2644/3191/2863 2646/3192/2864 2645/3193/2865
f 2647/3194/2866 2646/3192/2864 2644/3191/2863
f 2648/3195/2867 2650/3196/2796 2649/3197/2868
f 2649/3197/2868 2651/3198/2869 2648/3195/2867
f 2652/3199/2870 2650/3196/2796 2648/3195/2867
f 2653/3200/2871 2655/3201/2872 2654/3202/2873
f 2654/3202/2873 2656/3203/2874 2653/3200/2871
f 2657/3204/2828 2655/3201/2872 2653/3200/2871
f 2658/3205/2875 2660/3206/2876 2659/3207/2877
f 2659/3207/2877 2661/3208/2878 2658/3205/2875
f 2662/3209/2823 2660/3206/2876 2658/3205/2875
f 2663/3210/2879 2665/3211/2880 2664/3212/2881
f 2664/3212/2881 2665/3211/2880 2666/3213/2882
f 2675/3214/2883 2677/3215/2884 2676/3216/2885
f 2678/3217/2886 2677/3215/2884 2675/3214/2883
f 2679/3218/2887 2681/3219/2888 2680/3220/2889
f 2680/3220/2889 2681/3219/2888 2682/3221/2890
f 2683/3222/2891 2685/3223/2892 2684/3224/2893
f 2684/3224/2893 2685/3223/2892 2686/3225/2894
f 2695/3226/2895 2697/3227/2895 2696/3228/2642
f 2698/3229/2642 2697/3227/2895 2695/3226/2895
f 2699/3230/2852 2701/3231/2851 2700/3232/2851
f 2700/3232/2851 2701/3231/2851 2702/3233/2850
f 2707/3234/2896 2709/3235/2896 2708/3236/2897
f 2710/3237/2897 2709/3235/2896 2707/3234/2896
f 2711/3238/2898 2713/3239/2899 2712/3240/2899
f 2712/3240/2899 2713/3239/2899 2714/3241/2900
f 2727/3242/2901 2729/3243/2902 2728/3244/2903
f 2728/3244/2903 2729/3243/2902 2730/3245/2904
f 2731/3246/2648 2733/3247/2648 2732/3248/2905
f 2734/3249/2905 2733/3247/2648 2731/3246/2648
f 2735/3250/2906 2737/3251/2907 2736/3252/2907
f 2736/3252/2907 2737/3251/2907 2738/3253/2906
f 2809/3254/2908 2811/3255/2909 2810/3256/2910
f 2809/3254/2908 2812/3257/2911 2811/3255/2909
f 2817/3258/2912 2819/3259/2913 2818/3260/2914
f 2817/3258/2912 2820/3261/2915 2819/3259/2913
f 2837/3262/2916 2839/3263/2917 2838/3264/2918
f 2837/3262/2916 2840/3265/2919 2839/3263/2917
f 2841/3266/2920 2843/3267/2775 2842/3268/2921
f 2844/3269/2922 2843/3267/2775 2841/3266/2920
f 2857/3270/2923 2859/3271/2924 2858/3272/2925
f 2857/3270/2923 2860/3273/2926 2859/3271/2924
f 2861/3274/2927 2863/3275/2928 2862/3276/2929
f 2864/3277/2930 2863/3275/2928 2861/3274/2927
f 2865/3278/2931 2867/3279/2932 2866/3280/2933
f 2865/3278/2931 2868/3281/2934 2867/3279/2932
f 2869/3282/2935 2871/3283/2936 2870/3284/2937
f 2872/3285/2938 2871/3283/2936 2869/3282/2935
f 2873/3286/2939 2875/3287/2940 2874/3288/2941
f 2876/3289/2942 2875/3287/2940 2873/3286/2939
f 2885/3290/2943 2887/3291/2944 2886/3292/2945
f 2886/3292/2945 2887/3291/2944 2888/3293/2946
f 2897/3294/2947 2899/3295/2948 2898/3296/2949
f 2898/3296/2949 2899/3295/2948 2900/3297/2946
f 2901/3298/2950 2903/3299/2951 2902/3300/2952
f 2902/3300/2952 2903/3299/2951 2904/3301/2953
f 2905/3302/2954 2907/3303/2955 2906/3304/2956
f 2906/3304/2956 2907/3303/2955 2908/3305/2957
f 2909/3306/2958 2911/3307/2959 2910/3308/2960
f 2910/3308/2960 2911/3307/2959 2912/3309/2846
f 2942/3310/2961 2944/3311/2962 2943/3312/2963
f 2943/3312/2963 2944/3311/2962 2945/3313/2964
f 2988/3314/2965 2990/3315/2840 2989/3316/2966
f 2989/3316/2966 2990/3315/2840 2991/3317/2967
f 2996/3318/2968 2998/3319/2969 2997/3320/2970
f 2997/3320/2970 2998/3319/2969 2999/3321/2971
f 3004/3322/2972 3006/3323/2973 3005/3324/2974
f 3005/3324/2974 3006/3323/2973 3007/3325/2975
f 3044/3326/2976 3046/3327/2977 3045/3328/2978
f 3047/3329/2979 3046/3327/2977 3044/3326/2976
f 3048/3330/2980 3050/3331/2848 3049/3332/2981
f 3051/3333/2982 3050/3331/2848 3048/3330/2980
f 3056/3334/2949 3058/3335/2983 3057/3336/2984
f 3059/3337/2894 3058/3335/2983 3056/3334/2949
o Mesh_0056out
v 0.107289 0.171464 0.113155
v 0.107289 0.206445 0.113155
v 0.120321 0.206445 0.099189
v 0.120321 0.171464 0.099189
v 0.092645 0.171464 0.125423
v 0.092645 0.206445 0.125423
v 0.076613 0.206445 0.135809
v 0.076613 0.171464 0.135809
v 0.071703 0.211441 0.138645
v 0.029133 0.171464 0.163221
v 0.034049 0.211441 0.160384
v 0.029133 0.208986 0.163221
v 0.076613 0.207545 0.135809
v 0.122177 0.206445 0.097780
v 0.122177 0.171464 0.097780
v 0.126784 0.171464 -0.106842
v 0.084221 0.211441 -0.131417
v 0.079311 0.171464 -0.134254
v 0.121874 0.211441 -0.109678
v 0.079311 0.206445 -0.134254
v 0.062298 0.171464 -0.142948
v 0.062298 0.206445 -0.142948
v 0.044350 0.206445 -0.149491
v 0.044350 0.171464 -0.149491
v 0.025737 0.206445 -0.153788
v 0.025737 0.171464 -0.153788
v 0.126784 0.208986 -0.106842
v 0.079311 0.207545 -0.134254
v 0.023591 0.206445 -0.154703
v 0.023591 0.171464 -0.154703
v -0.096115 0.221438 -0.091020
v -0.072671 0.221438 -0.075717
v -0.091909 0.221438 -0.050668
v -0.114747 0.221438 -0.048667
v -0.145925 0.221438 -0.060764
v -0.096332 0.221438 -0.110685
v -0.071243 0.221438 -0.116049
v -0.078055 0.221438 -0.129081
v -0.100044 0.221438 -0.127153
v -0.057191 0.221438 -0.130200
v -0.054427 0.221438 -0.152860
v -0.032787 0.221438 -0.154756
v -0.071039 0.217206 -0.173527
v 0.022933 0.205280 -0.202249
v -0.101808 0.216871 -0.191560
v -0.108640 0.220826 -0.154414
v -0.054335 0.221438 -0.117530
v -0.024376 0.221438 -0.155493
v -0.144069 0.221438 -0.056749
v -0.109081 0.221438 -0.148082
v -0.141252 0.221458 -0.151373
v -0.107725 0.217858 -0.185163
v -0.141284 0.221438 -0.115668
v 0.022749 0.204853 -0.203841
v -0.119256 0.221438 -0.046976
v -0.116432 0.221438 -0.046976
v -0.145925 0.221438 -0.055907
v 0.126830 0.166462 -0.087604
v 0.104644 0.166462 -0.095883
v 0.135900 0.166462 -0.059408
v 0.122506 0.166462 -0.103544
v 0.076790 0.166462 -0.129937
v 0.048542 0.166462 -0.133372
v 0.137696 0.166462 -0.064845
v 0.137091 0.166462 -0.036735
v 0.142804 0.166475 -0.039617
v 0.147562 0.166462 -0.036280
v 0.149181 0.166462 -0.009421
v 0.157645 0.166462 -0.024598
v 0.148819 0.166462 0.007954
v 0.138565 0.166462 0.030720
v 0.156638 0.166462 0.023474
v 0.147562 0.166462 0.036282
v 0.152419 0.166462 -0.035984
v 0.172237 0.166462 -0.034036
v 0.166905 0.166469 -0.044369
v 0.142975 0.166469 0.039454
v 0.136117 0.166469 0.058587
v 0.108724 0.166462 0.091231
v 0.137999 0.166462 0.064418
v 0.120183 0.166462 0.093199
v 0.124770 0.166462 0.092390
v 0.139144 0.166462 0.085677
v 0.169189 0.166462 -0.048489
v 0.189553 0.166462 -0.035537
v 0.152643 0.166469 0.035979
v 0.170822 0.166462 0.033517
v 0.163496 0.166462 0.042310
v 0.171967 0.166462 0.045437
v 0.184366 0.166469 0.047681
v 0.188059 0.166462 0.035742
v 0.188046 0.166462 0.051268
v 0.206895 0.166462 0.028739
v 0.189289 0.166462 0.055414
v 0.209271 0.166462 0.029213
v 0.141487 0.166462 0.067353
v 0.143593 0.166462 0.083781
v 0.148405 0.166462 0.084196
v 0.150682 0.166462 0.069032
v 0.154690 0.166462 0.071921
v 0.157020 0.166462 0.076278
v 0.152459 0.166462 0.086815
v 0.160199 0.166475 0.087230
v 0.154815 0.166462 0.091034
v 0.165063 0.166462 0.090810
v 0.164246 0.166462 0.125778
v 0.176133 0.166462 0.086098
v 0.188460 0.166462 0.059659
v 0.169393 0.166462 0.091179
v 0.173395 0.166462 0.089481
v 0.043619 0.216436 0.095457
v 0.085083 0.216436 0.118565
v 0.064983 0.216436 0.130668
v 0.018879 0.216436 0.118473
v 0.009131 0.216436 0.104553
v 0.073072 0.216436 0.075330
v 0.102978 0.216436 0.103407
v 0.118215 0.216436 0.085571
v 0.094067 0.216443 0.046588
v 0.096680 0.216443 0.046983
v -0.013259 0.171464 0.136289
v 0.051787 0.171464 0.126759
v 0.003149 0.201450 0.136895
v -0.053558 0.201450 0.126022
v -0.075245 0.171464 0.114405
v -0.100742 0.201450 0.092745
v -0.119894 0.171464 0.066156
v -0.130010 0.201450 0.042982
v 0.059290 0.201450 0.123429
v -0.131234 0.202233 0.039085
v -0.136908 0.171464 0.002656
v -0.132156 0.204438 0.035847
v -0.132715 0.207670 0.033721
v -0.132900 0.211441 0.032984
v -0.136480 0.234430 0.011094
v -0.132900 0.234430 0.032984
v -0.136480 0.234430 -0.011093
v -0.132156 0.204438 -0.035846
v -0.122369 0.171464 -0.061455
v -0.131234 0.202233 -0.039084
v -0.132715 0.207670 -0.033720
v -0.130010 0.201450 -0.042981
v -0.102999 0.201450 -0.090230
v -0.079628 0.171464 -0.111403
v -0.059712 0.201450 -0.123223
v -0.018531 0.171464 -0.135669
v -0.006994 0.201450 -0.136755
v 0.046831 0.171464 -0.128673
v 0.046831 0.201450 -0.128673
v -0.132900 0.211441 -0.032983
v -0.132900 0.234430 -0.032983
v 0.012448 0.166462 0.153638
v 0.053676 0.166462 0.131386
v -0.013740 0.166462 0.141265
v 0.028422 0.166462 0.157864
v 0.074138 0.166462 0.131471
v -0.012693 0.166462 0.151670
v -0.016504 0.166475 0.147405
v -0.037091 0.166462 0.143476
v -0.077989 0.166462 0.118578
v -0.066432 0.166462 0.133907
v -0.081300 0.166462 0.124903
v -0.098649 0.166462 0.123916
v -0.105198 0.166462 0.109647
v -0.105645 0.166469 0.104092
v -0.124264 0.166462 0.068571
v -0.118802 0.166469 0.088592
v -0.124791 0.166462 0.087302
v -0.042356 0.166462 0.145931
v -0.057520 0.166462 0.148827
v -0.045048 0.166462 0.149992
v -0.056645 0.166462 0.166183
v -0.045022 0.166469 0.166729
v -0.042600 0.166462 0.170770
v -0.064003 0.166462 0.181926
v -0.107481 0.166469 0.114201
v -0.114438 0.166462 0.131175
v -0.118387 0.166462 0.120434
v -0.125331 0.166462 0.126213
v -0.133472 0.166469 0.135828
v -0.124982 0.166462 0.144990
v -0.138421 0.166462 0.137217
v -0.128338 0.166462 0.164807
v -0.142634 0.166462 0.136223
v -0.129938 0.166462 0.166630
v -0.039316 0.166462 0.172876
v -0.059949 0.166462 0.201210
v -0.026646 0.166462 0.181985
v -0.079865 0.166462 0.193865
v -0.033860 0.166469 0.173297
v -0.026047 0.166462 0.178569
v -0.080760 0.166462 0.195708
v -0.023408 0.166462 0.174377
v -0.016320 0.166462 0.163326
v -0.013147 0.166462 0.160239
v -0.011831 0.166462 0.156014
v -0.145898 0.166462 0.133380
v -0.162629 0.166462 0.109482
v -0.191048 0.166462 0.079352
v -0.164188 0.166462 0.105428
v -0.163662 0.166462 0.101110
v -0.161174 0.166462 0.097543
v -0.156244 0.166462 0.088553
v -0.155639 0.166475 0.095121
v -0.151414 0.166462 0.088625
v -0.144569 0.166462 0.097846
v -0.147116 0.166462 0.086420
v -0.139633 0.166462 0.098004
v -0.135124 0.166462 0.095983
v -0.129069 0.166462 0.088855
v -0.144352 0.166462 0.082465
v -0.143772 0.166462 0.077667
v -0.145503 0.166462 0.073158
v -0.146543 0.166462 0.063220
v -0.150275 0.166462 0.066340
v -0.144727 0.166462 0.058705
v -0.145260 0.166462 0.053868
v -0.141903 0.166462 0.002755
v -0.152921 0.166462 0.024810
v -0.154836 0.166462 -0.005176
v -0.150927 0.166462 -0.034971
v -0.126831 0.166462 -0.063699
v -0.150927 0.166462 -0.054321
v -0.139284 0.166462 -0.066036
v -0.125008 0.166462 -0.086827
v -0.119401 0.166469 -0.087986
v -0.082531 0.166462 -0.115464
v -0.105711 0.166469 -0.103860
v -0.105198 0.166462 -0.109652
v -0.100123 0.166462 -0.124230
v -0.082748 0.166462 -0.124487
v -0.067518 0.166462 -0.132859
v -0.037322 0.166462 -0.143541
v -0.019209 0.166462 -0.140625
v -0.017353 0.166469 -0.147154
v 0.020623 0.166462 -0.150682
v -0.107370 0.166462 -0.114009
v -0.115597 0.166462 -0.132141
v -0.121882 0.166469 -0.122355
v -0.042356 0.166462 -0.145930
v -0.057988 0.166462 -0.147391
v -0.013213 0.166462 -0.151722
v 0.017622 0.166462 -0.154249
v 0.004623 0.166462 -0.163345
v -0.126594 0.166462 -0.122276
v -0.125554 0.166462 -0.146391
v -0.045180 0.166462 -0.150254
v -0.056382 0.166462 -0.164694
v -0.044976 0.166462 -0.159468
v -0.012423 0.166462 -0.156131
v 0.000760 0.166462 -0.166247
v -0.016563 0.166462 -0.166195
v -0.001287 0.166462 -0.170617
v -0.016478 0.166462 -0.177265
v -0.001044 0.166462 -0.175442
v -0.021973 0.166469 -0.169564
v -0.041369 0.166462 -0.175086
v -0.036769 0.166462 -0.168465
v -0.043910 0.166462 -0.163753
v -0.063075 0.166462 -0.180733
v -0.043462 0.166462 -0.198984
v -0.078522 0.166462 -0.193416
v -0.040935 0.166462 -0.167011
v -0.079338 0.166462 -0.195845
v 0.001431 0.166462 -0.179588
v -0.018571 0.166462 -0.201163
v 0.026803 0.166462 -0.205131
v 0.132267 0.171464 -0.035438
v 0.132898 0.211441 -0.032983
v 0.136479 0.234430 -0.011093
v 0.133688 0.171464 0.029634
v 0.132898 0.234430 -0.032983
v 0.136479 0.234430 0.011094
v 0.132898 0.234430 0.032984
v 0.132898 0.211441 0.032984
v 0.132714 0.207670 0.033721
v 0.132155 0.204438 0.035847
v 0.131233 0.202233 0.039085
v 0.130009 0.201450 0.042982
v 0.123566 0.201450 0.059015
v 0.104894 0.171464 0.088020
v 0.115148 0.201450 0.074106
v 0.104894 0.201450 0.088020
v 0.051787 0.171464 0.126759
v 0.059290 0.201450 0.123429
v -0.155922 0.171464 -0.035537
v -0.155922 0.211441 -0.035537
v -0.156297 0.291401 -0.033845
v -0.152256 0.271412 -0.048917
v -0.155922 0.211441 -0.050707
v -0.155922 0.171464 -0.056381
v -0.150604 0.216759 -0.053781
v -0.157989 0.298739 -0.024776
v -0.159845 0.171464 -0.004959
v -0.159397 0.301398 -0.012889
v -0.159864 0.301398 -0.004300
v -0.157824 0.171464 0.025804
v -0.159864 0.301398 0.004302
v -0.155922 0.208986 -0.056381
v -0.159397 0.301398 0.012891
v -0.157989 0.298739 0.024770
v -0.156297 0.291401 0.033846
v -0.152249 0.271333 0.048951
v -0.150604 0.206445 0.053782
v -0.149939 0.171464 0.055605
v -0.149939 0.206445 0.055612
v -0.151137 0.265463 0.052249
v -0.150571 0.258308 0.053789
v -0.149676 0.206445 0.058021
v -0.149676 0.171464 0.058021
v 0.111436 0.201450 -0.079574
v 0.130009 0.201450 -0.042981
v 0.100958 0.171464 -0.092507
v 0.082858 0.201450 -0.109020
v 0.046831 0.201450 -0.128673
v 0.046831 0.171464 -0.128673
v 0.131233 0.202233 -0.039084
v 0.132155 0.204438 -0.035846
v 0.132714 0.207670 -0.033720
v -0.081320 0.221438 0.066346
v -0.054921 0.221438 0.094252
v -0.135986 0.221438 0.072816
v -0.141120 0.221438 0.065471
v -0.057896 0.221438 0.087533
v -0.029233 0.221438 0.100794
v -0.030766 0.221438 0.128747
v 0.002076 0.221438 0.104928
v 0.015226 0.221438 0.123712
v 0.020340 0.221438 0.156758
v -0.047688 0.221438 0.138770
v -0.064879 0.221438 0.119723
v 0.057993 0.221438 0.135019
v -0.072757 0.221438 0.132136
v -0.060100 0.221438 0.150216
v -0.084163 0.221438 0.114622
v -0.105165 0.221438 0.123567
v -0.117624 0.221438 0.105777
v -0.114761 0.217206 0.148287
v -0.186619 0.205280 0.081267
v -0.114991 0.216871 0.183946
v -0.079404 0.220826 0.171290
v -0.074613 0.221438 0.105823
v -0.122474 0.221438 0.098853
v -0.073698 0.221438 0.168506
v -0.060462 0.221458 0.198011
v -0.029536 0.221438 0.180188
v -0.106494 0.217858 0.185875
v -0.187909 0.204853 0.082221
v -0.119256 0.216436 0.046977
v -0.119256 0.256419 0.046977
v -0.095549 0.216436 0.046977
v -0.096187 0.260415 0.046977
v -0.135802 0.216436 0.053493
v -0.144069 0.256419 0.056750
v -0.144069 0.207531 0.056750
v -0.093811 0.260415 0.046378
v -0.094081 0.216436 0.046509
v -0.092699 0.214784 0.045562
v -0.092008 0.260415 0.044719
v -0.119644 0.260566 0.046878
v -0.137691 0.260730 0.053901
v -0.144588 0.265904 0.055302
v -0.139567 0.274414 0.048530
v -0.146063 0.274453 0.051057
v -0.149992 0.294389 0.036538
v -0.143489 0.294408 0.033952
v -0.145648 0.303201 0.023500
v -0.152256 0.303274 0.025955
v -0.091659 0.213205 0.044094
v -0.091205 0.260415 0.042396
v -0.091139 0.211526 0.041238
v -0.091607 0.260415 0.039981
v -0.093173 0.254419 0.036170
v -0.092429 0.207294 0.038039
v -0.099011 0.260415 0.013667
v -0.099189 0.254419 0.012305
v -0.099189 0.254419 -0.012304
v -0.099011 0.260415 -0.013666
v -0.093173 0.254419 -0.036175
v -0.091607 0.260415 -0.039979
v -0.093173 0.210421 -0.036175
v -0.091179 0.206445 0.040948
v -0.084847 0.211467 0.053012
v -0.069282 0.206445 0.072039
v -0.078081 0.211441 0.062391
v -0.078081 0.216436 0.062391
v -0.055302 0.216436 0.083255
v -0.037348 0.206445 0.092712
v -0.027239 0.216436 0.096168
v 0.000003 0.206445 0.099952
v -0.092429 0.207294 -0.038038
v -0.091245 0.211553 -0.041078
v -0.091179 0.206445 -0.040947
v -0.088263 0.211434 -0.046929
v -0.069282 0.206445 -0.072038
v -0.069664 0.216436 -0.071670
v -0.044449 0.216436 -0.089519
v -0.037348 0.206445 -0.092711
v -0.014990 0.216436 -0.098819
v -0.014990 0.211441 -0.098819
v 0.000003 0.206445 -0.099951
v -0.088224 0.216436 -0.046976
v 0.000003 0.208446 -0.099951
v 0.037347 0.206445 -0.092711
v 0.037669 0.208446 -0.092579
v 0.069287 0.206445 -0.072038
v 0.069781 0.208446 -0.071558
v 0.091171 0.206445 -0.040953
v 0.091605 0.208446 -0.039979
v 0.092428 0.207294 -0.038038
v 0.091138 0.216515 -0.041230
v 0.093178 0.254419 -0.036175
v 0.091605 0.260415 -0.039979
v 0.099010 0.260415 -0.013666
v 0.088440 0.216423 -0.046574
v 0.099187 0.254419 -0.012304
v 0.099187 0.254419 0.012305
v 0.084793 0.211441 -0.052912
v 0.099010 0.260415 0.013667
v 0.093178 0.254419 0.036170
v 0.091605 0.260415 0.039981
v 0.093178 0.210421 0.036176
v 0.092428 0.207294 0.038039
v 0.091605 0.211441 0.039981
v 0.091145 0.211763 0.041810
v 0.091204 0.260415 0.042396
v 0.091908 0.213725 0.044759
v 0.092007 0.260415 0.044719
v 0.091204 0.206597 0.040665
v 0.070597 0.211441 0.070756
v 0.069781 0.208446 0.071559
v 0.039775 0.211441 0.091692
v 0.037669 0.208446 0.092581
v 0.069287 0.206445 0.072039
v 0.037347 0.206445 0.092712
v 0.000003 0.208446 0.099952
v 0.003425 0.211441 0.099893
v 0.039775 0.211441 0.091692
v 0.003425 0.216436 0.099893
v 0.168505 0.216436 -0.057776
v 0.178542 0.216436 -0.020787
v 0.165694 0.216436 -0.025520
v 0.159462 0.216436 -0.012139
v 0.159876 0.216436 -0.003688
v 0.155631 0.216436 -0.036781
v 0.157435 0.216436 -0.028093
v 0.159850 0.216436 0.004769
v 0.159462 0.216469 0.012279
v 0.160594 0.216436 0.017702
v 0.153354 0.216436 -0.045350
v 0.150603 0.216436 -0.053781
v 0.134827 0.216436 -0.077218
v 0.144067 0.216436 -0.056749
v 0.140737 0.216436 -0.055440
v 0.156546 0.221438 0.032879
v 0.152261 0.271412 0.048892
v 0.156296 0.291401 0.033846
v 0.157987 0.298739 0.024770
v 0.158126 0.221438 0.023882
v 0.159402 0.301398 0.012891
v 0.159462 0.216469 0.012279
v 0.159850 0.216436 0.004769
v 0.159863 0.301398 0.004302
v 0.155118 0.221438 0.038901
v 0.150603 0.220668 0.053782
v 0.159876 0.216436 -0.003688
v 0.159863 0.301398 -0.004300
v 0.159462 0.217437 -0.012139
v 0.159402 0.301398 -0.012889
v 0.158402 0.222458 -0.022314
v 0.157987 0.298739 -0.024776
v 0.157435 0.217437 -0.028093
v 0.156296 0.291401 -0.033845
v 0.159462 0.216436 -0.012139
v 0.157435 0.216436 -0.028093
v 0.155631 0.216436 -0.036781
v 0.153354 0.216436 -0.045350
v 0.152248 0.271333 -0.048950
v 0.151136 0.265463 -0.052247
v 0.150603 0.216436 -0.053781
v 0.150563 0.258368 -0.053781
v -0.066748 0.201450 0.080984
v -0.095746 0.201450 0.042982
v -0.100742 0.201450 0.092745
v -0.130010 0.201450 0.042982
v -0.053558 0.201450 0.126022
v -0.023902 0.201450 0.102190
v 0.003149 0.201450 0.136895
v 0.023900 0.201450 0.102190
v 0.059290 0.201450 0.123429
v 0.066747 0.201450 0.080984
v 0.104894 0.201450 0.088020
v 0.115148 0.201450 0.074106
v 0.095745 0.201450 0.042982
v 0.123566 0.201450 0.059015
v 0.130009 0.201450 0.042982
v -0.096569 0.202194 0.039191
v -0.131234 0.202233 0.039085
v -0.097247 0.204333 0.035953
v -0.132156 0.204438 0.035847
v -0.097681 0.207577 0.033761
v -0.132715 0.207670 0.033721
v 0.096574 0.202194 0.039191
v 0.131233 0.202233 0.039085
v 0.097246 0.204333 0.035953
v 0.132155 0.204438 0.035847
v 0.097680 0.207577 0.033761
v 0.132714 0.207670 0.033721
v 0.097832 0.211441 0.032984
v -0.097833 0.211441 0.032984
v 0.132898 0.211441 0.032984
v 0.132898 0.234430 0.032984
v 0.118379 0.248482 0.032984
v 0.112588 0.251398 0.032984
v 0.097693 0.251378 0.033017
v -0.132900 0.211441 0.032984
v -0.132900 0.234430 0.032984
v -0.117012 0.249746 0.032984
v -0.112582 0.251398 0.032984
v -0.097695 0.251378 0.033017
v 0.116207 0.250081 0.032984
v 0.111436 0.201450 -0.079574
v 0.066747 0.201450 -0.080989
v 0.095745 0.201450 -0.042981
v 0.130009 0.201450 -0.042981
v 0.082858 0.201450 -0.109020
v 0.023900 0.201450 -0.102189
v 0.046831 0.201450 -0.128673
v -0.006994 0.201450 -0.136755
v -0.023902 0.201450 -0.102189
v -0.059712 0.201450 -0.123223
v -0.066748 0.201450 -0.080989
v -0.102999 0.201450 -0.090230
v -0.095746 0.201450 -0.042981
v -0.130010 0.201450 -0.042981
v 0.096574 0.202194 -0.039190
v 0.131233 0.202233 -0.039084
v 0.097246 0.204333 -0.035951
v 0.132155 0.204438 -0.035846
v 0.097680 0.207577 -0.033760
v 0.132714 0.207670 -0.033720
v -0.096569 0.202194 -0.039190
v -0.131234 0.202233 -0.039084
v -0.097247 0.204333 -0.035951
v -0.132156 0.204438 -0.035846
v -0.097681 0.207577 -0.033760
v -0.132715 0.207670 -0.033720
v -0.097833 0.211441 -0.032983
v 0.097832 0.211441 -0.032983
v -0.132900 0.211441 -0.032983
v -0.132900 0.234430 -0.032983
v -0.118381 0.248482 -0.032983
v -0.112582 0.251398 -0.032983
v -0.097695 0.251378 -0.033016
v 0.132898 0.211441 -0.032983
v 0.132898 0.234430 -0.032983
v 0.117010 0.249746 -0.032983
v 0.112588 0.251398 -0.032983
v 0.097693 0.251378 -0.033016
v -0.116209 0.250081 -0.032983
v 0.060178 0.216436 -0.085985
v 0.080667 0.216436 -0.121611
v 0.093159 0.216436 -0.075586
v 0.060145 0.216436 -0.132964
v 0.085978 0.216436 -0.060185
v 0.027099 0.216436 -0.101386
v 0.038064 0.216436 -0.140882
v 0.015002 0.216436 -0.145160
v -0.009251 0.216436 -0.104538
v -0.057988 0.186457 -0.147391
v -0.067518 0.166462 -0.132859
v -0.057988 0.166462 -0.147391
v -0.067518 0.186457 -0.132859
v 0.210805 0.186457 -0.028277
v 0.201222 0.186457 -0.009994
v 0.220513 0.186457 0.007487
v 0.203901 0.186457 -0.000003
v 0.201222 0.186457 0.009995
v 0.210140 0.186457 0.029726
v 0.207053 0.186424 0.028601
v 0.193903 0.186457 0.017313
v 0.183906 0.186457 0.019992
v 0.188059 0.186457 0.035742
v 0.170822 0.186457 0.033517
v 0.173915 0.186457 0.017313
v 0.156638 0.186457 0.023474
v 0.166596 0.186457 0.009995
v 0.148819 0.186457 0.007954
v 0.163917 0.186457 -0.000003
v 0.149181 0.186457 -0.009421
v 0.166596 0.186457 -0.009994
v 0.157645 0.186457 -0.024598
v 0.173915 0.186457 -0.017312
v 0.172237 0.186457 -0.034036
v 0.183906 0.186457 -0.019991
v 0.189553 0.186457 -0.035537
v 0.193903 0.186457 -0.017312
v 0.208040 0.186431 -0.027672
v 0.164312 0.206439 -0.071742
v 0.131115 0.206445 -0.090901
v 0.131115 0.171464 -0.090901
v 0.164398 0.171458 -0.071696
v 0.212108 0.212724 -0.038735
v 0.213608 0.190446 -0.033187
v 0.224751 0.190452 0.007849
v 0.224738 0.209098 0.007902
v 0.208521 0.213481 -0.051978
v 0.208508 0.171464 -0.051984
v 0.213668 0.171444 -0.032911
v -0.195517 0.196613 0.081682
v -0.119210 0.209098 0.190679
v -0.136388 0.190452 0.166130
v -0.195142 0.171464 0.082215
v -0.119170 0.190452 0.190719
v -0.136236 0.171458 0.166341
v -0.196010 0.171464 0.079964
v -0.196050 0.196764 0.079477
v -0.195721 0.171464 0.077568
v -0.195629 0.197126 0.077199
v -0.194339 0.171464 0.075587
v -0.193714 0.197797 0.075054
v -0.192187 0.171464 0.074481
v -0.191311 0.198442 0.074356
v -0.189771 0.171464 0.074521
v -0.189166 0.199140 0.074679
v -0.154968 0.171464 0.083722
v -0.154968 0.203444 0.083722
v -0.123093 0.215903 0.092153
v -0.141758 0.203444 0.087217
v -0.152552 0.171464 0.083761
v -0.152552 0.203444 0.083761
v 0.004978 0.203444 -0.176067
v 0.029909 0.199140 -0.201156
v 0.004978 0.171464 -0.176067
v -0.018261 0.215903 -0.152683
v -0.004650 0.203444 -0.166379
v 0.030350 0.171464 -0.201610
v 0.003741 0.171464 -0.173994
v 0.003741 0.203444 -0.173994
v 0.031259 0.198442 -0.202861
v 0.031588 0.171464 -0.203683
v 0.031851 0.197797 -0.205289
v 0.031713 0.171464 -0.206092
v 0.030956 0.197126 -0.208021
v 0.030686 0.171464 -0.208277
v 0.029192 0.196764 -0.209521
v 0.028758 0.171464 -0.209732
v 0.027020 0.196619 -0.210166
v 0.026369 0.171464 -0.210107
v -0.019005 0.195448 -0.206138
v -0.105527 0.209098 -0.198576
v -0.019005 0.171464 -0.206138
v -0.043897 0.195448 -0.203960
v -0.075732 0.190446 -0.201176
v -0.043897 0.171464 -0.203960
v -0.105579 0.190452 -0.198563
v -0.075962 0.171444 -0.201143
v -0.112582 0.251398 0.032984
v -0.097695 0.251378 0.033017
v -0.102328 0.251424 0.011265
v -0.115261 0.251424 0.011133
v -0.117012 0.249746 0.032984
v -0.120796 0.250081 -0.000279
v -0.122362 0.248495 0.011114
v -0.132900 0.234430 0.032984
v -0.136480 0.234430 0.011094
v -0.122362 0.248495 -0.011119
v -0.136480 0.234430 -0.011093
v -0.132900 0.234430 -0.032983
v -0.118381 0.248482 -0.032983
v -0.116209 0.250081 -0.032983
v -0.115261 0.251424 -0.011132
v -0.112582 0.251398 -0.032983
v -0.102328 0.251424 -0.011270
v -0.097695 0.251378 -0.033016
v -0.125554 0.186457 -0.146391
v -0.127996 0.166462 -0.166149
v -0.125554 0.166462 -0.146391
v -0.127983 0.186431 -0.166333
v -0.149275 0.213481 -0.154598
v -0.149268 0.213448 -0.112877
v -0.149275 0.171458 -0.113147
v -0.149275 0.171464 -0.154578
v 0.149991 0.203444 0.092344
v 0.159258 0.199140 0.126482
v 0.149991 0.171464 0.092344
v 0.141336 0.215943 0.060462
v 0.159422 0.171464 0.127088
v 0.146410 0.203444 0.079161
v 0.148813 0.171464 0.090238
v 0.148813 0.203444 0.090238
v 0.160054 0.198442 0.128496
v 0.160600 0.171464 0.129201
v 0.161857 0.197797 0.130227
v 0.162627 0.171464 0.130510
v 0.164674 0.197126 0.130820
v 0.165030 0.171464 0.130714
v 0.166853 0.196764 0.130043
v 0.167254 0.171464 0.129767
v 0.168498 0.196613 0.128483
v 0.168775 0.171464 0.127891
v 0.212062 0.190452 0.035051
v 0.212174 0.171458 0.034814
v 0.224738 0.209098 0.007902
v 0.224751 0.190452 0.007849
v 0.216801 0.216871 0.007612
v 0.163687 0.205280 0.120980
v 0.185801 0.217206 0.025244
v 0.150603 0.220668 0.053782
v 0.155118 0.221438 0.038901
v 0.188046 0.220826 -0.016878
v 0.159593 0.221438 0.029292
v 0.146595 0.221682 0.055618
v 0.182780 0.221438 -0.020425
v 0.201716 0.221458 -0.046640
v 0.214221 0.217858 -0.000714
v 0.170815 0.221438 -0.064516
v 0.165155 0.204853 0.121625
v 0.156546 0.221438 0.032879
v 0.158126 0.221438 0.023882
v -0.139600 0.212724 -0.164325
v -0.135545 0.190446 -0.168399
v -0.105579 0.190452 -0.198563
v -0.105527 0.209098 -0.198576
v -0.149275 0.213481 -0.154598
v -0.149275 0.171464 -0.154578
v -0.135335 0.171444 -0.168590
v -0.119256 0.221438 -0.046976
v -0.119256 0.256419 -0.046976
v -0.144069 0.221438 -0.056749
v -0.144069 0.256419 -0.056749
v -0.119644 0.260566 -0.046877
v -0.137691 0.260730 -0.053906
v -0.144588 0.265904 -0.055301
v -0.139567 0.274414 -0.048529
v -0.146043 0.274414 -0.051082
v -0.149992 0.294389 -0.036531
v -0.143489 0.294408 -0.033951
v -0.145648 0.303201 -0.023499
v -0.152256 0.303274 -0.025954
v -0.096187 0.260415 -0.046976
v -0.113958 0.219681 -0.046976
v -0.095542 0.218069 -0.046969
v -0.093811 0.260415 -0.046377
v -0.093430 0.215877 -0.046278
v -0.092008 0.260415 -0.044718
v -0.091403 0.212678 -0.043421
v -0.091205 0.260415 -0.042401
v -0.116432 0.221438 -0.046976
v 0.136117 0.166469 0.058587
v 0.140520 0.170398 0.058962
v 0.143712 0.170444 0.050406
v 0.142975 0.166469 0.039454
v 0.146502 0.170444 0.042073
v 0.156638 0.186457 0.023474
v 0.148819 0.186457 0.007954
v 0.148819 0.166462 0.007954
v 0.156638 0.166462 0.023474
v 0.189553 0.186457 -0.035537
v 0.207889 0.166462 -0.027770
v 0.189553 0.166462 -0.035537
v 0.208040 0.186431 -0.027672
v 0.119255 0.221438 -0.046976
v 0.136999 0.221438 -0.053965
v 0.119255 0.256419 -0.046976
v 0.144067 0.256419 -0.056749
v 0.095548 0.221438 -0.046976
v 0.096186 0.260415 -0.046976
v 0.140737 0.217437 -0.055440
v 0.144067 0.216436 -0.056749
v 0.093810 0.260415 -0.046377
v 0.140737 0.216436 -0.055440
v 0.094126 0.221438 -0.046535
v 0.091888 0.218700 -0.044758
v 0.092007 0.260415 -0.044718
v 0.119643 0.260566 -0.046877
v 0.137690 0.260730 -0.053906
v 0.144587 0.265904 -0.055301
v 0.139565 0.274414 -0.048529
v 0.146068 0.274453 -0.051056
v 0.149991 0.294389 -0.036537
v 0.143488 0.294408 -0.033951
v 0.145647 0.303201 -0.023499
v 0.152255 0.303274 -0.025954
v 0.136999 0.221438 -0.053965
v 0.119255 0.221438 -0.046976
v 0.125593 0.221438 -0.095995
v 0.099523 0.221438 -0.075039
v 0.087933 0.221438 -0.117734
v 0.095548 0.221438 -0.046976
v 0.094126 0.221438 -0.046535
v 0.089835 0.221438 -0.054261
v -0.109265 0.186457 0.149275
v -0.101946 0.186457 0.141956
v -0.114438 0.186457 0.131175
v -0.124982 0.186457 0.144990
v -0.128299 0.186424 0.165011
v -0.098649 0.186457 0.123916
v -0.091955 0.186457 0.139277
v -0.081300 0.186457 0.124903
v -0.081958 0.186457 0.141956
v -0.066432 0.186457 0.133907
v -0.074639 0.186457 0.149275
v -0.057520 0.186457 0.148827
v -0.071967 0.186457 0.159272
v -0.056645 0.186457 0.166183
v -0.074639 0.186457 0.169263
v -0.064003 0.186457 0.181926
v -0.081958 0.186457 0.176582
v -0.080056 0.186457 0.194003
v -0.091955 0.186457 0.179260
v -0.080918 0.186457 0.196702
v -0.116735 0.186457 0.187224
v -0.101946 0.186457 0.176582
v -0.109265 0.186457 0.169263
v -0.130813 0.186457 0.167117
v -0.111944 0.186457 0.159272
v -0.072507 0.212724 0.203059
v -0.078068 0.190446 0.201585
v -0.119170 0.190452 0.190719
v -0.119210 0.209098 0.190679
v -0.059245 0.213481 0.206574
v -0.059232 0.171464 0.206567
v -0.078338 0.171444 0.201500
v -0.110318 0.265417 -0.029916
v -0.131017 0.265482 -0.015588
v -0.130761 0.265417 -0.029916
v -0.116044 0.265410 -0.012547
v -0.115294 0.265022 0.005322
v -0.135716 0.265403 -0.029199
v -0.139238 0.265351 -0.018346
v -0.143022 0.265417 -0.016147
v -0.139126 0.265344 0.013562
v -0.143022 0.265417 0.016149
v -0.131721 0.265410 0.015642
v -0.137480 0.265410 -0.034201
v -0.135940 0.265417 -0.047930
v -0.135104 0.265403 0.028956
v -0.130563 0.265417 0.029904
v -0.113977 0.265397 0.018617
v -0.108554 0.265417 0.028970
v -0.132972 0.265364 -0.003287
v -0.111641 0.265417 0.031819
v -0.109232 0.265357 0.019012
v -0.104428 0.265417 0.030115
v -0.103960 0.265417 0.014352
v -0.109364 0.265364 -0.010849
v -0.103960 0.265417 -0.014351
v -0.106402 0.265410 -0.028850
v -0.096187 0.265417 0.041981
v -0.103493 0.265417 -0.031812
v -0.096187 0.265417 -0.041980
v -0.129365 0.265417 0.033169
v -0.110318 0.265417 0.036051
v -0.103493 0.265410 0.034156
v -0.106402 0.265410 0.037118
v -0.120204 0.265417 0.041981
v -0.130761 0.265417 0.036051
v -0.135703 0.265417 0.036788
v -0.135940 0.265417 0.047931
v -0.137487 0.265410 0.031773
v -0.104434 0.265417 -0.035866
v -0.108620 0.265417 -0.036991
v -0.120204 0.265417 -0.041980
v -0.111582 0.265417 -0.034207
v -0.130497 0.265417 -0.035978
v -0.135071 0.265403 -0.037031
v -0.129365 0.265417 -0.032799
v 0.131049 0.221438 0.081359
v 0.103544 0.221438 0.046977
v 0.119255 0.221438 0.046977
v 0.127264 0.221438 0.089481
v 0.122012 0.221438 0.048063
v -0.059245 0.213481 0.206574
v -0.023118 0.213448 0.185704
v -0.023355 0.171458 0.185848
v -0.059232 0.171464 0.206567
v 0.060145 0.216436 -0.132964
v 0.079311 0.206445 -0.134254
v 0.080667 0.216436 -0.121611
v 0.062298 0.206445 -0.142948
v 0.044350 0.206445 -0.149491
v 0.038064 0.216436 -0.140882
v 0.025737 0.206445 -0.153788
v 0.015002 0.216436 -0.145160
v 0.018464 0.206445 -0.154861
v 0.013936 0.214442 -0.147279
v 0.082385 0.214442 -0.122927
v 0.119255 0.221438 0.046977
v 0.103544 0.221438 0.046977
v 0.119255 0.256419 0.046977
v 0.096186 0.260415 0.046977
v 0.098964 0.217437 0.046977
v 0.122012 0.221438 0.048063
v 0.144067 0.256419 0.056750
v 0.126652 0.217437 0.049892
v 0.142521 0.216449 0.056145
v 0.144067 0.218964 0.056750
v 0.096680 0.216443 0.046983
v 0.094067 0.216443 0.046588
v 0.098964 0.214442 0.046977
v 0.126652 0.216436 0.049892
v 0.093810 0.260415 0.046378
v 0.119643 0.260566 0.046878
v 0.137690 0.260730 0.053901
v 0.144587 0.265904 0.055302
v 0.139565 0.274414 0.048530
v 0.146062 0.274407 0.051090
v 0.149997 0.294382 0.036538
v 0.143488 0.294408 0.033952
v 0.145647 0.303201 0.023500
v 0.152255 0.303274 0.025955
v 0.115266 0.251424 0.011133
v 0.116207 0.250081 0.032984
v 0.120795 0.250081 0.000280
v 0.112588 0.251398 0.032984
v 0.102333 0.251424 0.011265
v 0.097693 0.251378 0.033017
v 0.102333 0.251424 -0.011270
v 0.118379 0.248482 0.032984
v 0.122361 0.248495 0.011114
v 0.132898 0.234430 0.032984
v 0.136479 0.234430 0.011094
v 0.136479 0.234430 -0.011093
v 0.122361 0.248495 -0.011119
v 0.132898 0.234430 -0.032983
v 0.117010 0.249746 -0.032983
v 0.115266 0.251424 -0.011132
v 0.112588 0.251398 -0.032983
v 0.097693 0.251378 -0.033016
v -0.154369 0.207854 0.069209
v -0.151894 0.203444 0.072744
v -0.154369 0.171464 0.069209
v -0.149597 0.171464 0.076028
v -0.149597 0.203444 0.076028
v -0.151894 0.206491 0.072744
v -0.148728 0.171464 0.078279
v -0.148728 0.203444 0.078279
v -0.155257 0.208835 0.067301
v -0.155198 0.171464 0.067228
v -0.155112 0.171464 0.065083
v -0.155159 0.210059 0.065267
v -0.154184 0.209045 0.063121
v -0.154086 0.171471 0.063128
v -0.132432 0.216436 0.077891
v -0.073961 0.216436 0.099781
v -0.121941 0.216436 0.092732
v -0.085262 0.216436 0.110200
v -0.115188 0.216436 0.102282
v -0.057356 0.216436 0.097747
v -0.062444 0.216436 0.116235
v -0.040310 0.216436 0.122086
v -0.066432 0.186457 0.133907
v -0.057520 0.186457 0.148827
v -0.057520 0.166462 0.148827
v -0.066432 0.166462 0.133907
v -0.013259 0.171464 0.136289
v -0.077989 0.166462 0.118578
v -0.013740 0.166462 0.141265
v 0.053676 0.166462 0.131386
v -0.075245 0.171464 0.114405
v -0.124264 0.166462 0.068571
v -0.119894 0.171464 0.066156
v -0.136908 0.171464 0.002656
v -0.141903 0.166462 0.002755
v -0.122369 0.171464 -0.061455
v -0.126831 0.166462 -0.063699
v -0.079628 0.171464 -0.111403
v -0.082531 0.166462 -0.115464
v -0.018531 0.171464 -0.135669
v -0.019209 0.166462 -0.140625
v 0.048542 0.166462 -0.133372
v 0.051787 0.171464 0.126759
v 0.108724 0.166462 0.091231
v 0.104894 0.171464 0.088020
v 0.133688 0.171464 0.029634
v 0.138565 0.166462 0.030720
v 0.137091 0.166462 -0.036735
v 0.132267 0.171464 -0.035438
v 0.104644 0.166462 -0.095883
v 0.100958 0.171464 -0.092507
v 0.046831 0.171464 -0.128673
v -0.143022 0.265417 -0.016147
v -0.140738 0.292000 -0.030146
v -0.135940 0.265417 -0.047930
v -0.142351 0.299634 -0.021235
v -0.143614 0.302399 -0.009533
v -0.143963 0.302372 -0.000009
v -0.143614 0.302399 0.009534
v -0.143022 0.265417 0.016149
v -0.142351 0.299634 0.021236
v -0.140738 0.292000 0.030141
v -0.136098 0.267529 0.047470
v -0.136230 0.267720 -0.047581
v -0.135940 0.265417 0.047931
v -0.078759 0.186457 -0.193614
v -0.063075 0.186457 -0.180733
v -0.063075 0.166462 -0.180733
v -0.078522 0.166462 -0.193416
v -0.111944 0.186457 -0.159271
v -0.127983 0.186431 -0.166333
v -0.125554 0.186457 -0.146391
v -0.109265 0.186457 -0.149273
v -0.115597 0.186457 -0.132141
v -0.101946 0.186457 -0.141955
v -0.100123 0.186457 -0.124230
v -0.091955 0.186457 -0.139282
v -0.082748 0.186457 -0.124487
v -0.081958 0.186457 -0.141955
v -0.067518 0.186457 -0.132859
v -0.074639 0.186457 -0.149273
v -0.057988 0.186457 -0.147391
v -0.071967 0.186457 -0.159271
v -0.056382 0.186457 -0.164694
v -0.074639 0.186457 -0.169262
v -0.063075 0.186457 -0.180733
v -0.078759 0.186457 -0.193614
v -0.081958 0.186457 -0.176580
v -0.091955 0.186457 -0.179259
v -0.079325 0.186457 -0.196845
v -0.103776 0.186457 -0.194706
v -0.101946 0.186457 -0.176580
v -0.109265 0.186457 -0.169262
v -0.129892 0.186457 -0.168426
v 0.192903 0.163468 -0.015581
v 0.183906 0.163468 -0.017990
v 0.174915 0.163468 -0.015581
v 0.183906 0.163468 -0.008493
v 0.199491 0.163468 -0.008993
v 0.188157 0.163468 -0.007354
v 0.191264 0.163468 -0.004248
v 0.168327 0.163468 -0.008993
v 0.179661 0.163468 -0.007354
v 0.176554 0.163468 -0.004248
v 0.165918 0.163468 -0.000003
v 0.175415 0.163468 -0.000003
v 0.176554 0.163468 0.004249
v 0.201900 0.163468 -0.000003
v 0.192403 0.163468 -0.000003
v 0.191264 0.163468 0.004249
v 0.199491 0.163468 0.008994
v 0.188157 0.163468 0.007356
v 0.183906 0.163468 0.008494
v 0.192903 0.163468 0.015583
v 0.174915 0.163468 0.015583
v 0.168327 0.163468 0.008994
v 0.179661 0.163468 0.007356
v 0.183906 0.163468 0.017991
v 0.173915 0.186457 -0.017312
v 0.166596 0.186457 -0.009994
v 0.173915 0.165462 -0.017312
v 0.166596 0.165462 -0.009994
v 0.131299 0.265476 0.015793
v 0.110429 0.265417 0.030016
v 0.116010 0.265410 0.012535
v 0.115306 0.265055 -0.005314
v 0.105993 0.265397 0.028825
v 0.103959 0.265417 0.014352
v 0.109363 0.265364 0.010844
v 0.103959 0.265417 -0.014351
v 0.109231 0.265364 -0.019010
v 0.105183 0.265423 -0.029199
v 0.132293 0.265417 0.028976
v 0.110152 0.265417 -0.029916
v 0.139243 0.265357 0.018347
v 0.096186 0.265417 -0.041980
v 0.136479 0.265417 0.030102
v 0.143021 0.265417 0.016149
v 0.139125 0.265344 -0.013561
v 0.143021 0.265417 -0.016147
v 0.131641 0.265410 -0.015667
v 0.131102 0.265417 -0.029199
v 0.113976 0.265397 -0.018615
v 0.133010 0.265364 0.003308
v 0.136071 0.265417 -0.029916
v 0.103433 0.265410 -0.034280
v 0.105993 0.265390 -0.037136
v 0.120209 0.265417 -0.041980
v 0.110429 0.265417 -0.035951
v 0.129351 0.265417 -0.034280
v 0.111548 0.265417 -0.032799
v 0.131911 0.265397 -0.037143
v 0.135939 0.265417 -0.047930
v 0.137459 0.265417 -0.032799
v 0.136347 0.265417 -0.035951
v 0.023492 0.211441 -0.097154
v -0.014990 0.211441 -0.098819
v -0.009251 0.216436 -0.104538
v 0.027099 0.216436 -0.101386
v 0.058487 0.211441 -0.081055
v 0.060178 0.216436 -0.085985
v 0.085978 0.216436 -0.060185
v 0.084793 0.211441 -0.052912
v -0.013022 0.214442 -0.102123
v 0.086301 0.214442 -0.056137
v -0.136098 0.267529 0.047470
v -0.139567 0.274414 0.048530
v -0.143489 0.294408 0.033952
v -0.137691 0.260730 0.053901
v -0.140738 0.292000 0.030141
v -0.135940 0.265417 0.047931
v -0.142443 0.295113 0.030516
v -0.142351 0.299634 0.021236
v -0.144654 0.303142 0.019084
v -0.143614 0.302399 0.009534
v -0.147590 0.306394 0.009797
v -0.143963 0.302372 -0.000009
v -0.147952 0.306394 -0.000003
v -0.145648 0.303201 0.023500
v -0.145648 0.303201 0.023500
v -0.147590 0.306394 -0.009796
v -0.143614 0.302399 -0.009533
v -0.144654 0.303142 -0.019083
v -0.142351 0.299634 -0.021235
v -0.142443 0.295113 -0.030515
v -0.140738 0.292000 -0.030146
v -0.145648 0.303201 -0.023499
v -0.145648 0.303201 -0.023499
v -0.143489 0.294408 -0.033951
v -0.136230 0.267720 -0.047581
v -0.139567 0.274414 -0.048529
v -0.137691 0.260730 -0.053906
v -0.135940 0.265417 -0.047930
v -0.130056 0.166462 -0.120485
v -0.144279 0.166462 -0.152518
v -0.144279 0.166462 -0.114068
v -0.127996 0.166462 -0.166149
v -0.133156 0.166469 -0.115970
v -0.141620 0.166462 -0.111837
v -0.129109 0.166462 -0.167794
v -0.139310 0.166462 -0.107460
v -0.133288 0.166462 -0.095791
v -0.132195 0.166462 -0.091507
v -0.129194 0.166462 -0.088255
v 0.168597 0.176460 0.012851
v 0.166596 0.186457 0.009995
v 0.173915 0.186457 0.017313
v 0.173915 0.165462 0.017313
v 0.166596 0.165462 0.009995
v 0.165122 0.176460 0.006836
v 0.163917 0.165462 -0.000003
v 0.163917 0.186457 -0.000003
v 0.193903 0.186457 0.017313
v 0.193903 0.165462 0.017313
v 0.183906 0.165462 0.019992
v 0.183906 0.186457 0.019992
v -0.147590 0.306394 0.009797
v -0.154954 0.306394 -0.000003
v -0.147952 0.306394 -0.000003
v -0.154421 0.306394 0.012489
v -0.152256 0.303274 0.025955
v -0.145648 0.303201 0.023500
v -0.147590 0.306394 -0.009796
v -0.154421 0.306394 -0.012488
v -0.152256 0.303274 -0.025954
v -0.145648 0.303201 -0.023499
v 0.070597 0.211441 0.070756
v 0.094067 0.216443 0.046588
v 0.073072 0.216436 0.075330
v 0.043619 0.216436 0.095457
v 0.039775 0.211441 0.091692
v 0.009131 0.216436 0.104553
v 0.003425 0.211441 0.099893
v 0.091908 0.213725 0.044759
v 0.091145 0.211763 0.041810
v 0.005472 0.214442 0.102808
v 0.091605 0.211441 0.039981
v 0.000003 0.206445 0.099952
v -0.023902 0.201450 0.102190
v 0.023900 0.201450 0.102190
v 0.091605 0.208446 -0.039979
v 0.069781 0.208446 -0.071558
v 0.084793 0.211441 -0.052912
v -0.098649 0.186457 0.123916
v -0.081300 0.166462 0.124903
v -0.098649 0.166462 0.123916
v -0.081300 0.186457 0.124903
v 0.207053 0.186424 0.028601
v 0.188059 0.186457 0.035742
v 0.188059 0.166462 0.035742
v 0.206895 0.166462 0.028739
v 0.170822 0.186457 0.033517
v 0.156638 0.166462 0.023474
v 0.170822 0.166462 0.033517
v 0.156638 0.186457 0.023474
v -0.134282 0.216436 -0.117037
v -0.104947 0.216436 -0.130740
v -0.100716 0.216436 -0.111943
v -0.134282 0.216436 -0.078159
v -0.107277 0.216436 -0.144225
v -0.079865 0.216436 -0.132931
v -0.064971 0.216436 -0.147924
v 0.204230 0.166462 -0.048687
v 0.170927 0.166462 -0.067918
v 0.169374 0.166462 -0.052392
v 0.207889 0.166462 -0.027770
v 0.167011 0.166469 -0.057328
v 0.167662 0.166462 -0.066727
v 0.209864 0.166462 -0.027915
v 0.162720 0.166462 -0.066911
v 0.149602 0.166462 -0.067530
v 0.145344 0.166462 -0.068734
v 0.141027 0.166462 -0.067760
v 0.208508 0.171464 -0.051984
v 0.208521 0.213481 -0.051978
v 0.172625 0.171458 -0.072696
v 0.172388 0.213448 -0.072835
v 0.136097 0.267529 -0.047469
v 0.140737 0.292000 -0.030146
v 0.143021 0.265417 -0.016147
v 0.142356 0.299634 -0.021235
v 0.143613 0.302399 -0.009533
v 0.143021 0.265417 0.016149
v 0.143962 0.302372 0.000010
v 0.143613 0.302399 0.009534
v 0.142356 0.299634 0.021236
v 0.140737 0.292000 0.030141
v 0.135939 0.265417 0.047931
v 0.136229 0.267720 0.047582
v 0.135939 0.265417 -0.047930
v -0.081958 0.165462 -0.176580
v -0.081958 0.186457 -0.176580
v -0.091955 0.186457 -0.179259
v -0.091955 0.165462 -0.179259
v 0.131115 0.206445 -0.090901
v 0.126784 0.171464 -0.106842
v 0.131115 0.171464 -0.090901
v 0.126784 0.208986 -0.106842
v 0.129930 0.217437 -0.095271
v 0.134827 0.216436 -0.077218
v 0.140737 0.217437 -0.055440
v 0.140737 0.216436 -0.055440
v 0.013166 0.206445 0.158996
v 0.029133 0.208986 0.163221
v 0.029133 0.171464 0.163221
v 0.013166 0.171464 0.158996
v 0.017543 0.217437 0.160154
v -0.000544 0.216436 0.155376
v -0.046588 0.217437 0.143193
v -0.046588 0.216436 0.143193
v 0.017543 0.217437 0.160154
v -0.046588 0.217437 0.143193
v 0.020340 0.221438 0.156758
v 0.029133 0.208986 0.163221
v -0.047688 0.221438 0.138770
v 0.034049 0.211441 0.160384
v 0.057993 0.221438 0.135019
v 0.071703 0.211441 0.138645
v -0.111944 0.165462 -0.159271
v -0.111944 0.186457 -0.159271
v -0.109265 0.186457 -0.149273
v -0.109265 0.165462 -0.149273
v -0.074639 0.165462 -0.149273
v -0.074639 0.186457 -0.149273
v -0.071967 0.186457 -0.159271
v -0.071967 0.165462 -0.159271
v 0.154953 0.306394 -0.000003
v 0.154420 0.306394 0.012489
v 0.147588 0.306394 0.009797
v 0.152255 0.303274 0.025955
v 0.145647 0.303201 0.023500
v 0.147950 0.306394 -0.000003
v 0.147588 0.306394 -0.009796
v 0.154420 0.306394 -0.012488
v 0.152255 0.303274 -0.025954
v 0.145647 0.303201 -0.023499
v -0.144279 0.206445 -0.068096
v -0.155922 0.208986 -0.056381
v -0.155922 0.171464 -0.056381
v -0.144279 0.171464 -0.068096
v -0.147471 0.217437 -0.064884
v -0.134282 0.216436 -0.078159
v -0.100716 0.217437 -0.111943
v -0.100716 0.216436 -0.111943
v -0.147471 0.217437 -0.064884
v -0.100716 0.217437 -0.111943
v -0.145925 0.221438 -0.060764
v -0.155922 0.208986 -0.056381
v -0.096332 0.221438 -0.110685
v -0.155922 0.211441 -0.050707
v -0.150604 0.216759 -0.053781
v -0.155922 0.211441 -0.035537
v -0.145925 0.221438 -0.055907
v -0.101946 0.165462 -0.141955
v -0.101946 0.186457 -0.141955
v -0.091955 0.186457 -0.139282
v -0.091955 0.165462 -0.139282
v -0.082748 0.186457 -0.124487
v -0.100123 0.186457 -0.124230
v -0.100123 0.166462 -0.124230
v -0.082748 0.166462 -0.124487
v 0.149181 0.186457 -0.009421
v 0.157645 0.166462 -0.024598
v 0.149181 0.166462 -0.009421
v 0.157645 0.186457 -0.024598
v 0.157645 0.186457 -0.024598
v 0.172237 0.186457 -0.034036
v 0.172237 0.166462 -0.034036
v 0.157645 0.166462 -0.024598
v 0.024914 0.166462 -0.148865
v 0.042934 0.166462 -0.144699
v 0.060316 0.166462 -0.138354
v 0.103959 0.265417 0.014352
v 0.096186 0.265417 0.041981
v 0.099010 0.260415 0.013667
v 0.091605 0.260415 0.039981
v 0.103959 0.265417 -0.014351
v 0.099010 0.260415 -0.013666
v 0.091605 0.260415 -0.039979
v 0.096186 0.265417 -0.041980
v 0.091204 0.260415 0.042396
v 0.092007 0.260415 0.044719
v 0.093810 0.260415 0.046378
v 0.096186 0.260415 0.046977
v 0.119643 0.260566 0.046878
v 0.120209 0.265417 0.041981
v 0.135939 0.265417 0.047931
v 0.137690 0.260730 0.053901
v 0.091204 0.260415 -0.042401
v 0.092007 0.260415 -0.044718
v 0.093810 0.260415 -0.046377
v 0.096186 0.260415 -0.046976
v 0.119643 0.260566 -0.046877
v 0.120209 0.265417 -0.041980
v 0.135939 0.265417 -0.047930
v 0.137690 0.260730 -0.053906
v -0.109265 0.165462 -0.169262
v -0.101946 0.165462 -0.176580
v -0.109265 0.186457 -0.169262
v -0.101946 0.186457 -0.176580
v -0.081958 0.165462 -0.141955
v -0.091955 0.165462 -0.139282
v -0.081958 0.186457 -0.141955
v -0.091955 0.186457 -0.139282
v 0.089664 0.166462 0.121415
v 0.103841 0.166462 0.109535
v 0.116464 0.166462 0.096010
v -0.124982 0.186457 0.144990
v -0.114438 0.186457 0.131175
v -0.114438 0.166462 0.131175
v -0.124982 0.166462 0.144990
v -0.037736 0.191453 -0.179417
v -0.039566 0.191453 -0.200327
v -0.039566 0.170464 -0.200327
v -0.037736 0.170464 -0.179417
v -0.020808 0.191453 -0.180898
v -0.020808 0.170464 -0.180898
v -0.022638 0.191453 -0.201808
v -0.022638 0.170464 -0.201808
v 0.085083 0.216436 0.118565
v 0.076613 0.206445 0.135809
v 0.064983 0.216436 0.130668
v 0.092645 0.206445 0.125423
v 0.107289 0.206445 0.113155
v 0.102978 0.216436 0.103407
v 0.120321 0.206445 0.099189
v 0.118215 0.216436 0.085571
v 0.124882 0.206445 0.093417
v 0.120578 0.214442 0.085703
v 0.065266 0.214442 0.132807
v -0.064003 0.186457 0.181926
v -0.079865 0.166462 0.193865
v -0.064003 0.166462 0.181926
v -0.080056 0.186457 0.194003
v 0.139565 0.274414 -0.048529
v 0.143488 0.294408 -0.033951
v 0.136097 0.267529 -0.047469
v 0.137690 0.260730 -0.053906
v 0.140737 0.292000 -0.030146
v 0.135939 0.265417 -0.047930
v 0.142442 0.295113 -0.030515
v 0.142356 0.299634 -0.021235
v 0.144653 0.303142 -0.019083
v 0.143613 0.302399 -0.009533
v 0.147588 0.306394 -0.009796
v 0.143962 0.302372 0.000010
v 0.147950 0.306394 -0.000003
v 0.145647 0.303201 -0.023499
v 0.145647 0.303201 -0.023499
v 0.147588 0.306394 0.009797
v 0.143613 0.302399 0.009534
v 0.144653 0.303142 0.019084
v 0.142356 0.299634 0.021236
v 0.142442 0.295113 0.030516
v 0.140737 0.292000 0.030141
v 0.145647 0.303201 0.023500
v 0.145647 0.303201 0.023500
v 0.143488 0.294408 0.033952
v 0.136229 0.267720 0.047582
v 0.139565 0.274414 0.048530
v 0.137690 0.260730 0.053901
v 0.135939 0.265417 0.047931
v -0.020907 0.181455 -0.162825
v -0.016747 0.170411 -0.156230
v -0.020374 0.170444 -0.163740
v -0.017708 0.181462 -0.156033
v -0.037736 0.170464 -0.179417
v -0.020808 0.170464 -0.180898
v -0.020808 0.191453 -0.180898
v -0.037736 0.191453 -0.179417
v 0.110152 0.265417 0.036051
v 0.130595 0.265417 0.036051
v 0.120209 0.265417 0.041981
v 0.105183 0.265417 0.036775
v 0.096186 0.265417 0.041981
v 0.103433 0.265410 0.031688
v 0.134511 0.265410 0.037118
v 0.135939 0.265417 0.047931
v 0.137420 0.265417 0.034156
v 0.111548 0.265417 0.033169
v 0.129331 0.265417 0.031760
v 0.202696 0.176460 -0.006834
v 0.203901 0.186457 -0.000003
v 0.201222 0.186457 -0.009994
v 0.203901 0.165462 -0.000003
v 0.201222 0.165462 -0.009994
v 0.199221 0.176460 -0.012850
v 0.193903 0.165462 -0.017312
v 0.193903 0.186457 -0.017312
v 0.193903 0.186457 0.017313
v 0.201222 0.186457 0.009995
v 0.193903 0.165462 0.017313
v 0.201222 0.165462 0.009995
v -0.101946 0.186457 0.141956
v -0.109265 0.186457 0.149275
v -0.107271 0.176460 0.146418
v -0.101946 0.165462 0.141956
v -0.109265 0.165462 0.149275
v -0.110739 0.176460 0.152434
v -0.111944 0.165462 0.159272
v -0.111944 0.186457 0.159272
v 0.012955 0.203444 -0.167919
v 0.008960 0.171464 -0.167564
v 0.017253 0.171464 -0.168294
v 0.008960 0.203444 -0.167564
v 0.017253 0.207854 -0.168294
v 0.012955 0.206491 -0.167919
v 0.006571 0.171464 -0.167945
v 0.006571 0.203444 -0.167945
v 0.019333 0.208835 -0.168103
v 0.019353 0.171464 -0.168024
v 0.021156 0.171464 -0.166912
v 0.021057 0.210059 -0.167004
v 0.022532 0.208966 -0.164898
v 0.022334 0.171464 -0.165155
v -0.107534 0.163468 -0.150274
v -0.109943 0.163468 -0.159271
v -0.109265 0.165462 -0.149273
v -0.111944 0.165462 -0.159271
v -0.101946 0.165462 -0.141955
v -0.100952 0.163468 -0.143686
v -0.091955 0.165462 -0.139282
v -0.091955 0.163468 -0.141277
v -0.081958 0.165462 -0.141955
v -0.082958 0.163468 -0.143686
v -0.074639 0.165462 -0.149273
v -0.107534 0.163468 -0.168268
v -0.109265 0.165462 -0.169262
v -0.100952 0.163468 -0.174849
v -0.101946 0.165462 -0.176580
v -0.091955 0.163468 -0.177258
v -0.091955 0.165462 -0.179259
v -0.082958 0.163468 -0.174849
v -0.081958 0.165462 -0.176580
v -0.076377 0.163468 -0.168268
v -0.074639 0.165462 -0.169262
v -0.076377 0.163468 -0.150274
v -0.071967 0.165462 -0.159271
v -0.073961 0.163468 -0.159271
v -0.091955 0.163468 -0.150774
v -0.096201 0.163468 -0.151913
v -0.091955 0.163468 -0.141277
v -0.100952 0.163468 -0.143686
v -0.099314 0.163468 -0.155019
v -0.087704 0.163468 -0.151913
v -0.082958 0.163468 -0.143686
v -0.084597 0.163468 -0.155019
v -0.107534 0.163468 -0.150274
v -0.100452 0.163468 -0.159271
v -0.109943 0.163468 -0.159271
v -0.107534 0.163468 -0.168268
v -0.099314 0.163468 -0.163516
v -0.100952 0.163468 -0.174849
v -0.096201 0.163468 -0.166629
v -0.091955 0.163468 -0.177258
v -0.091955 0.163468 -0.167768
v -0.087704 0.163468 -0.166629
v -0.082958 0.163468 -0.174849
v -0.084597 0.163468 -0.163516
v -0.076377 0.163468 -0.168268
v -0.083459 0.163468 -0.159271
v -0.076377 0.163468 -0.150274
v -0.073961 0.163468 -0.159271
v -0.019768 0.181455 -0.152156
v -0.036946 0.170398 -0.147977
v -0.019202 0.170398 -0.151175
v -0.036683 0.181455 -0.148872
v -0.022928 0.170444 -0.165280
v -0.037809 0.170405 -0.163950
v -0.037243 0.181455 -0.163062
v -0.022980 0.181455 -0.164279
v -0.101946 0.186457 0.176582
v -0.091955 0.186457 0.179260
v -0.101946 0.165462 0.176582
v -0.091955 0.165462 0.179260
v -0.076640 0.176460 0.172119
v -0.074639 0.165462 0.169263
v -0.081958 0.165462 0.176582
v -0.081958 0.186457 0.176582
v -0.073172 0.176460 0.166104
v -0.071967 0.165462 0.159272
v -0.071967 0.186457 0.159272
v -0.074639 0.186457 0.169263
v -0.054164 0.221438 -0.094686
v -0.055974 0.217437 -0.098542
v 0.000997 0.217437 -0.155881
v 0.004932 0.221438 -0.154170
v 0.012955 0.206491 -0.167919
v 0.017253 0.207854 -0.168294
v 0.019333 0.208835 -0.168103
v 0.013857 0.221438 -0.154953
v 0.021057 0.210059 -0.167004
v 0.013936 0.214442 -0.147279
v -0.014332 0.217437 -0.099931
v 0.017727 0.217437 -0.153630
v 0.022512 0.209855 -0.161713
v 0.018464 0.206445 -0.154861
v -0.013022 0.214442 -0.102123
v 0.022051 0.206445 -0.160883
v 0.022676 0.171504 -0.162950
v 0.021564 0.171464 -0.158757
v -0.014990 0.216436 -0.098819
v -0.014990 0.211441 -0.098819
v 0.021564 0.206445 -0.158757
v -0.056382 0.186457 -0.164694
v -0.057988 0.166462 -0.147391
v -0.056382 0.166462 -0.164694
v -0.057988 0.186457 -0.147391
v -0.040033 0.181462 -0.151919
v -0.040415 0.171096 -0.159738
v -0.041014 0.170339 -0.151551
v -0.039230 0.181455 -0.161245
v -0.040079 0.170444 -0.161699
v -0.016800 0.221438 -0.103597
v -0.054164 0.221438 -0.094686
v 0.004932 0.221438 -0.154170
v 0.013857 0.221438 -0.154953
v -0.046858 0.221438 -0.093909
v -0.118802 0.166469 0.088592
v -0.121322 0.170398 0.092219
v -0.109686 0.170391 0.105941
v -0.105645 0.166469 0.104092
v -0.105198 0.166462 0.109647
v -0.109456 0.170444 0.108765
v -0.107481 0.166469 0.114201
v -0.110700 0.170444 0.111220
v -0.118387 0.166462 0.120434
v -0.120835 0.170444 0.116840
v -0.125331 0.166462 0.126213
v -0.128417 0.170444 0.123152
v -0.135802 0.170444 0.132103
v -0.133472 0.166469 0.135828
v -0.138474 0.170444 0.132873
v -0.138421 0.166462 0.137217
v -0.141508 0.170437 0.132011
v -0.142634 0.166462 0.136223
v -0.145898 0.166462 0.133380
v -0.159812 0.170444 0.105902
v -0.162629 0.166462 0.109482
v -0.164188 0.166462 0.105428
v -0.163662 0.166462 0.101110
v -0.159601 0.170444 0.102664
v -0.158318 0.170444 0.100821
v -0.161174 0.166462 0.097543
v -0.155606 0.170418 0.099531
v -0.155639 0.166475 0.095121
v -0.109943 0.163468 0.159272
v -0.107534 0.163468 0.150275
v -0.111944 0.165462 0.159272
v -0.109265 0.165462 0.149275
v -0.109265 0.165462 0.169263
v -0.100952 0.163468 0.143687
v -0.101946 0.165462 0.141956
v -0.091955 0.163468 0.141278
v -0.091955 0.165462 0.139277
v -0.082958 0.163468 0.143687
v -0.081958 0.165462 0.141956
v -0.076377 0.163468 0.150275
v -0.074639 0.165462 0.149275
v -0.073961 0.163468 0.159272
v -0.071967 0.165462 0.159272
v -0.076377 0.163468 0.168262
v -0.074639 0.165462 0.169263
v -0.082958 0.163468 0.174851
v -0.081958 0.165462 0.176582
v -0.091955 0.163468 0.177260
v -0.091955 0.165462 0.179260
v -0.100952 0.163468 0.174851
v -0.101946 0.165462 0.176582
v -0.107534 0.163468 0.168262
v -0.096201 0.163468 0.166630
v -0.091955 0.163468 0.167762
v -0.096201 0.213442 0.166630
v -0.091955 0.213442 0.167762
v -0.096201 0.163468 0.166630
v -0.100952 0.163468 0.174851
v -0.091955 0.163468 0.177260
v -0.091955 0.163468 0.167762
v -0.087704 0.163468 0.166630
v -0.099314 0.163468 0.163517
v -0.107534 0.163468 0.168262
v -0.100452 0.163468 0.159272
v -0.082958 0.163468 0.174851
v -0.084597 0.163468 0.163517
v -0.076377 0.163468 0.168262
v -0.083459 0.163468 0.159272
v -0.073961 0.163468 0.159272
v -0.076377 0.163468 0.150275
v -0.084597 0.163468 0.155020
v -0.082958 0.163468 0.143687
v -0.087704 0.163468 0.151914
v -0.091955 0.163468 0.141278
v -0.091955 0.163468 0.150775
v -0.096201 0.163468 0.151914
v -0.100952 0.163468 0.143687
v -0.099314 0.163468 0.155020
v -0.107534 0.163468 0.150275
v -0.109943 0.163468 0.159272
v 0.138940 0.203444 0.095174
v 0.140638 0.171464 0.091541
v 0.137117 0.171464 0.099083
v 0.140638 0.203444 0.091541
v 0.137117 0.207854 0.099083
v 0.138940 0.206491 0.095174
v 0.142159 0.171464 0.089665
v 0.142159 0.203444 0.089665
v 0.135919 0.208835 0.100801
v 0.135840 0.171464 0.100775
v 0.133971 0.171464 0.101775
v 0.134103 0.210059 0.101736
v 0.131543 0.208966 0.101959
v 0.131858 0.171464 0.101920
v -0.091955 0.186457 0.139277
v -0.091955 0.165462 0.139277
v -0.081958 0.165462 0.141956
v -0.081958 0.186457 0.141956
v 0.138940 0.203444 0.095174
v 0.133668 0.216436 0.075745
v 0.140638 0.203444 0.091541
v 0.146410 0.203444 0.079161
v 0.141336 0.215943 0.060462
v 0.142521 0.216449 0.056145
v 0.128791 0.209855 0.100347
v 0.129779 0.171504 0.101110
v 0.128304 0.206445 0.099537
v 0.126705 0.171464 0.098057
v 0.124882 0.206445 0.093417
v 0.120578 0.214442 0.085703
v 0.124184 0.217437 0.092166
v 0.098964 0.217437 0.046977
v 0.098964 0.214442 0.046977
v 0.126705 0.206445 0.098057
v -0.110700 0.170444 0.111220
v -0.111490 0.181462 0.110588
v -0.120835 0.170444 0.116840
v -0.121375 0.181455 0.116044
v -0.129102 0.181455 0.122474
v -0.128417 0.170444 0.123152
v -0.136276 0.181455 0.131208
v -0.135802 0.170444 0.132103
v -0.129069 0.166462 0.088855
v -0.135124 0.166462 0.095983
v -0.126634 0.170444 0.092449
v -0.132498 0.170444 0.099445
v -0.139633 0.166462 0.098004
v -0.138790 0.170444 0.102269
v -0.124376 0.170444 0.091633
v -0.124791 0.166462 0.087302
v -0.121322 0.170398 0.092219
v -0.118802 0.166469 0.088592
v -0.144569 0.166462 0.097846
v -0.145681 0.170444 0.102045
v -0.155639 0.166475 0.095121
v -0.155606 0.170418 0.099531
v 0.176554 0.163468 -0.004248
v 0.175415 0.163468 -0.000003
v 0.176554 0.213442 -0.004248
v 0.175415 0.213442 -0.000003
v 0.163917 0.165462 -0.000003
v 0.166596 0.165462 -0.009994
v 0.166596 0.186457 -0.009994
v 0.163917 0.186457 -0.000003
v -0.084597 0.163468 0.163517
v -0.083459 0.163468 0.159272
v -0.084597 0.213442 0.163517
v -0.083459 0.213442 0.159272
v -0.091955 0.163468 0.150775
v -0.096201 0.163468 0.151914
v -0.091955 0.213442 0.150775
v -0.096201 0.213442 0.151914
v 0.151669 0.170444 0.040264
v 0.151518 0.181462 0.041257
v 0.161607 0.170444 0.046226
v 0.161186 0.181455 0.047089
v 0.170617 0.181455 0.050570
v 0.170868 0.170444 0.049636
v 0.181767 0.181455 0.052413
v 0.182306 0.170444 0.051558
v 0.141487 0.166462 0.067353
v 0.150682 0.166462 0.069032
v 0.143383 0.170444 0.063444
v 0.152373 0.170444 0.065024
v 0.154690 0.166462 0.071921
v 0.157961 0.170444 0.069065
v 0.141540 0.170444 0.061897
v 0.137999 0.166462 0.064418
v 0.140520 0.170398 0.058962
v 0.136117 0.166469 0.058587
v 0.157020 0.166462 0.076278
v 0.161219 0.170444 0.075139
v 0.160199 0.166475 0.087230
v 0.164003 0.170418 0.084992
v -0.159812 0.170444 0.105902
v -0.141508 0.170437 0.132011
v -0.141021 0.181455 0.131070
v -0.158884 0.181455 0.105520
v 0.079311 0.171464 -0.134254
v 0.076790 0.166462 -0.129937
v 0.122506 0.166462 -0.103544
v 0.126784 0.171464 -0.106842
v 0.060316 0.166462 -0.138354
v 0.062298 0.171464 -0.142948
v 0.042934 0.166462 -0.144699
v 0.044350 0.171464 -0.149491
v 0.024914 0.166462 -0.148865
v 0.025737 0.171464 -0.153788
v 0.020623 0.166462 -0.150682
v 0.023591 0.171464 -0.154703
v 0.017622 0.166462 -0.154249
v 0.022091 0.171464 -0.156487
v 0.016569 0.166462 -0.158790
v 0.021564 0.171464 -0.158757
v 0.022676 0.171504 -0.162950
v 0.017687 0.166462 -0.163312
v 0.022334 0.171464 -0.165155
v 0.021156 0.171464 -0.166912
v 0.019353 0.171464 -0.168024
v 0.017253 0.171464 -0.168294
v 0.008960 0.171464 -0.167564
v 0.009395 0.166462 -0.162588
v 0.006571 0.171464 -0.167945
v 0.004623 0.166462 -0.163345
v 0.000760 0.166462 -0.166247
v 0.004643 0.171464 -0.169393
v -0.001287 0.166462 -0.170617
v 0.003616 0.171464 -0.171585
v -0.001044 0.166462 -0.175442
v 0.003741 0.171464 -0.173994
v 0.001431 0.166462 -0.179588
v 0.004978 0.171464 -0.176067
v 0.030350 0.171464 -0.201610
v 0.026803 0.166462 -0.205131
v 0.031588 0.171464 -0.203683
v 0.031713 0.171464 -0.206092
v 0.030686 0.171464 -0.208277
v 0.028758 0.171464 -0.209732
v 0.026369 0.171464 -0.210107
v -0.019005 0.171464 -0.206138
v -0.018571 0.166462 -0.201163
v -0.074639 0.186457 0.149275
v -0.081958 0.186457 0.141956
v -0.074639 0.165462 0.149275
v -0.081958 0.165462 0.141956
v -0.084597 0.163468 0.155020
v -0.084597 0.213442 0.155020
v -0.083459 0.213442 0.159272
v -0.083459 0.163468 0.159272
v -0.099314 0.213442 0.163517
v -0.099314 0.213442 0.155020
v -0.100452 0.213442 0.159272
v -0.096201 0.213442 0.166630
v -0.096201 0.213442 0.151914
v -0.091955 0.213442 0.167762
v -0.091955 0.213442 0.150775
v -0.087704 0.213442 0.151914
v -0.087704 0.213442 0.166630
v -0.084597 0.213442 0.155020
v -0.084597 0.213442 0.163517
v -0.083459 0.213442 0.159272
v 0.188157 0.163468 -0.007354
v 0.183906 0.163468 -0.008493
v 0.188157 0.213442 -0.007354
v 0.183906 0.213442 -0.008493
v 0.188157 0.163468 0.007356
v 0.191264 0.163468 0.004249
v 0.188157 0.213442 0.007356
v 0.191264 0.213442 0.004249
v -0.087704 0.163468 0.166630
v -0.087704 0.213442 0.166630
v -0.091955 0.213442 0.167762
v -0.091955 0.163468 0.167762
v -0.132432 0.216436 0.077891
v -0.123093 0.215903 0.092153
v -0.141758 0.203444 0.087217
v -0.149597 0.203444 0.076028
v -0.151894 0.203444 0.072744
v -0.121941 0.216436 0.092732
v 0.147345 0.181455 -0.042777
v 0.151511 0.181455 -0.041223
v 0.157435 0.181455 -0.045120
v 0.163207 0.181455 -0.053505
v 0.146127 0.181455 -0.063383
v 0.141316 0.181455 -0.059494
v 0.142758 0.181475 -0.062771
v 0.149227 0.181455 -0.041322
v 0.162996 0.181455 -0.048075
v 0.164293 0.181468 -0.050523
v -0.001241 0.216436 -0.153630
v -0.018261 0.215903 -0.152683
v -0.004650 0.203444 -0.166379
v 0.008960 0.203444 -0.167564
v 0.012955 0.203444 -0.167919
v -0.019341 0.216436 -0.151972
v 0.171618 0.170444 0.085446
v 0.185077 0.170437 0.056546
v 0.184018 0.181455 0.056592
v 0.170822 0.181455 0.084841
v -0.001241 0.216436 -0.153630
v -0.049432 0.216436 -0.113943
v -0.019341 0.216436 -0.151972
v -0.052808 0.216436 -0.128936
v -0.030983 0.216436 -0.150899
v -0.055974 0.216436 -0.098542
v -0.069440 0.216436 -0.112193
v -0.085578 0.216436 -0.095949
v 0.057993 0.221438 0.135019
v 0.015226 0.221438 0.123712
v 0.017661 0.217437 0.120217
v 0.063048 0.217437 0.132222
v -0.054164 0.221438 -0.094686
v -0.096115 0.221438 -0.091020
v -0.085578 0.217437 -0.095949
v -0.055974 0.217437 -0.098542
v -0.085578 0.217437 -0.095949
v -0.096115 0.221438 -0.091020
v -0.071243 0.221438 -0.116049
v -0.069440 0.217437 -0.112193
v 0.037347 0.206445 0.092712
v 0.000003 0.206445 0.099952
v 0.023900 0.201450 0.102190
v 0.179661 0.163468 0.007356
v 0.179661 0.213442 0.007356
v 0.176554 0.213442 0.004249
v 0.176554 0.163468 0.004249
v -0.133215 0.216436 0.059594
v -0.119256 0.216436 0.046977
v -0.095549 0.216436 0.046977
v -0.086164 0.216443 0.060265
v -0.135802 0.216436 0.053493
v -0.094081 0.216436 0.046509
v -0.039566 0.191453 -0.200327
v -0.037736 0.191453 -0.179417
v -0.022638 0.191453 -0.201808
v -0.020808 0.191453 -0.180898
v 0.076613 0.171464 0.135809
v 0.074138 0.166462 0.131471
v 0.028422 0.166462 0.157864
v 0.029133 0.171464 0.163221
v 0.089664 0.166462 0.121415
v 0.092645 0.171464 0.125423
v 0.103841 0.166462 0.109535
v 0.107289 0.171464 0.113155
v 0.116464 0.166462 0.096010
v 0.120321 0.171464 0.099189
v 0.120183 0.166462 0.093199
v 0.122177 0.171464 0.097780
v 0.124770 0.166462 0.092390
v 0.124474 0.171464 0.097379
v 0.129232 0.166462 0.093746
v 0.126705 0.171464 0.098057
v 0.129779 0.171504 0.101110
v 0.132589 0.166462 0.096971
v 0.131858 0.171464 0.101920
v 0.133971 0.171464 0.101775
v 0.135840 0.171464 0.100775
v 0.137117 0.171464 0.099083
v 0.140638 0.171464 0.091541
v 0.136110 0.166462 0.089428
v 0.142159 0.171464 0.089665
v 0.139144 0.166462 0.085677
v 0.143593 0.166462 0.083781
v 0.144377 0.171464 0.088717
v 0.148405 0.166462 0.084196
v 0.146786 0.171464 0.088921
v 0.152459 0.166462 0.086815
v 0.148813 0.171464 0.090238
v 0.154815 0.166462 0.091034
v 0.149991 0.171464 0.092344
v 0.159422 0.171464 0.127088
v 0.164246 0.166462 0.125778
v 0.160600 0.171464 0.129201
v 0.162627 0.171464 0.130510
v 0.165030 0.171464 0.130714
v 0.167254 0.171464 0.129767
v 0.168775 0.171464 0.127891
v 0.211614 0.169444 0.031253
v 0.209271 0.166462 0.029213
v 0.212174 0.171458 0.034814
v 0.163687 0.205280 0.120980
v 0.141560 0.217160 0.058060
v 0.146595 0.221682 0.055618
v 0.159258 0.199140 0.126482
v 0.163753 0.200002 0.127654
v 0.165155 0.204853 0.121625
v 0.141336 0.215943 0.060462
v 0.160054 0.198442 0.128496
v 0.161857 0.197797 0.130227
v 0.164674 0.197126 0.130820
v 0.166853 0.196764 0.130043
v 0.168498 0.196613 0.128483
v 0.167662 0.199436 0.125620
v 0.165155 0.204853 0.121625
v 0.206704 0.210046 0.038085
v 0.216801 0.216871 0.007612
v 0.224738 0.209098 0.007902
v 0.176554 0.213442 0.004249
v 0.179661 0.213442 0.007356
v 0.191264 0.213442 0.004249
v 0.188157 0.213442 0.007356
v 0.192403 0.213442 -0.000003
v 0.175415 0.213442 -0.000003
v 0.191264 0.213442 -0.004248
v 0.176554 0.213442 -0.004248
v 0.188157 0.213442 -0.007354
v 0.179661 0.213442 -0.007354
v 0.183906 0.213442 0.008494
v 0.183906 0.213442 -0.008493
v -0.141021 0.181455 0.131070
v -0.138606 0.181455 0.103210
v -0.158884 0.181455 0.105520
v -0.110594 0.181455 0.106415
v -0.129102 0.181455 0.122474
v -0.136276 0.181455 0.131208
v -0.131919 0.181455 0.100215
v -0.121829 0.181455 0.093160
v -0.126061 0.181455 0.093232
v -0.145931 0.181455 0.102980
v -0.155264 0.181455 0.100558
v -0.158304 0.181481 0.102012
v -0.121375 0.181455 0.116044
v -0.110397 0.181455 0.108574
v -0.138487 0.181455 0.131906
v -0.111490 0.181462 0.110588
v -0.124284 0.181455 0.092587
v 0.087933 0.221438 -0.117734
v 0.084221 0.211441 -0.131417
v 0.121874 0.211441 -0.109678
v 0.125593 0.221438 -0.095995
v 0.126784 0.208986 -0.106842
v 0.129930 0.217437 -0.095271
v 0.136999 0.221438 -0.053965
v 0.140737 0.217437 -0.055440
v -0.096201 0.163468 -0.151913
v -0.091955 0.163468 -0.150774
v -0.096201 0.213442 -0.151913
v -0.091955 0.213442 -0.150774
v -0.110594 0.181455 0.106415
v -0.109686 0.170391 0.105941
v -0.121322 0.170398 0.092219
v -0.121829 0.181455 0.093160
v 0.087933 0.221438 -0.117734
v 0.099523 0.221438 -0.075039
v 0.095284 0.217437 -0.075408
v 0.082983 0.217437 -0.120709
v 0.136110 0.166462 0.089428
v 0.129232 0.166462 0.093746
v 0.132589 0.166462 0.096971
v -0.135986 0.221438 0.072816
v -0.151894 0.206491 0.072744
v -0.154369 0.207854 0.069209
v -0.135499 0.217437 0.077081
v -0.054921 0.221438 0.094252
v -0.057356 0.217437 0.097747
v -0.155257 0.208835 0.067301
v -0.141120 0.221438 0.065471
v -0.155159 0.210059 0.065267
v -0.143325 0.206445 0.061443
v -0.135802 0.216436 0.053493
v -0.133215 0.216436 0.059594
v -0.144069 0.207531 0.056750
v -0.134512 0.214442 0.061575
v -0.145490 0.206445 0.056105
v 0.017687 0.166462 -0.163312
v 0.009395 0.166462 -0.162588
v 0.016569 0.166462 -0.158790
v -0.063075 0.186457 -0.180733
v -0.056382 0.186457 -0.164694
v -0.056382 0.166462 -0.164694
v -0.063075 0.166462 -0.180733
v 0.184018 0.181455 0.056592
v 0.158685 0.181455 0.068426
v 0.170822 0.181455 0.084841
v 0.144423 0.181455 0.051268
v 0.170617 0.181455 0.050570
v 0.181767 0.181455 0.052413
v 0.152748 0.181455 0.064135
v 0.141593 0.181455 0.058922
v 0.143771 0.181455 0.062555
v 0.162147 0.181455 0.074889
v 0.164714 0.181455 0.084183
v 0.167498 0.181481 0.086091
v 0.161186 0.181455 0.047089
v 0.183478 0.181455 0.053980
v 0.142323 0.181455 0.061338
v 0.147266 0.181455 0.042666
v 0.149227 0.181455 0.041323
v 0.151518 0.181462 0.041257
v -0.151052 0.210032 0.061338
v -0.141120 0.221438 0.065471
v -0.155159 0.210059 0.065267
v -0.141910 0.217437 0.061463
v -0.154184 0.209045 0.063121
v 0.144423 0.181455 0.051268
v 0.143712 0.170444 0.050406
v 0.140520 0.170398 0.058962
v 0.141593 0.181455 0.058922
v 0.147266 0.181455 0.042666
v 0.146502 0.170444 0.042073
v -0.081958 0.165462 -0.176580
v -0.074639 0.165462 -0.169262
v -0.081958 0.186457 -0.176580
v -0.074639 0.186457 -0.169262
v -0.074639 0.186457 0.149275
v -0.074639 0.165462 0.149275
v -0.071967 0.165462 0.159272
v -0.071967 0.186457 0.159272
v -0.027239 0.216436 0.096168
v 0.003425 0.216436 0.099893
v 0.002076 0.221438 0.104928
v -0.029233 0.221438 0.100794
v -0.055302 0.216436 0.083255
v -0.057896 0.221438 0.087533
v -0.081320 0.221438 0.066346
v -0.078081 0.216436 0.062391
v -0.079378 0.217437 0.062378
v 0.004116 0.217437 0.100867
v -0.155922 0.171464 -0.035537
v -0.154836 0.166462 -0.005176
v -0.150927 0.166462 -0.034971
v -0.159845 0.171464 -0.004959
v -0.152921 0.166462 0.024810
v -0.157824 0.171464 0.025804
v -0.145260 0.166462 0.053868
v -0.149939 0.171464 0.055605
v -0.150927 0.166462 -0.054321
v -0.155922 0.171464 -0.056381
v -0.149676 0.171464 0.058021
v -0.144727 0.166462 0.058705
v -0.146543 0.166462 0.063220
v -0.150584 0.171464 0.060278
v -0.150275 0.166462 0.066340
v -0.154086 0.171471 0.063128
v -0.155112 0.171464 0.065083
v -0.155198 0.171464 0.067228
v -0.154369 0.171464 0.069209
v -0.149597 0.171464 0.076028
v -0.145503 0.166462 0.073158
v -0.148728 0.171464 0.078279
v -0.143772 0.166462 0.077667
v -0.144352 0.166462 0.082465
v -0.149024 0.171464 0.080675
v -0.147116 0.166462 0.086420
v -0.150407 0.171464 0.082656
v -0.151414 0.166462 0.088625
v -0.152552 0.171464 0.083761
v -0.156244 0.166462 0.088553
v -0.154968 0.171464 0.083722
v -0.189771 0.171464 0.074521
v -0.191048 0.166462 0.079352
v -0.192187 0.171464 0.074481
v -0.194339 0.171464 0.075587
v -0.195721 0.171464 0.077568
v -0.196010 0.171464 0.079964
v -0.195142 0.171464 0.082215
v -0.132873 0.169444 0.167637
v -0.129938 0.166462 0.166630
v -0.136236 0.171458 0.166341
v -0.083459 0.163468 -0.159271
v -0.084597 0.163468 -0.163516
v -0.083459 0.213442 -0.159271
v -0.084597 0.213442 -0.163516
v -0.099314 0.163468 -0.163516
v -0.100452 0.163468 -0.159271
v -0.099314 0.213442 -0.163516
v -0.100452 0.213442 -0.159271
v -0.070368 0.210046 -0.198050
v 0.022749 0.204853 -0.203841
v -0.101808 0.216871 -0.191560
v 0.024960 0.199436 -0.208008
v 0.028672 0.200002 -0.205638
v -0.105527 0.209098 -0.198576
v 0.027020 0.196619 -0.210166
v 0.029192 0.196764 -0.209521
v 0.030956 0.197126 -0.208021
v 0.031851 0.197797 -0.205289
v 0.031259 0.198442 -0.202861
v 0.029909 0.199140 -0.201156
v 0.022933 0.205280 -0.202249
v -0.018261 0.215903 -0.152683
v -0.024376 0.221438 -0.155493
v 0.022749 0.204853 -0.203841
v -0.020802 0.217450 -0.151801
v -0.019341 0.216436 -0.151972
v -0.105527 0.209098 -0.198576
v -0.101808 0.216871 -0.191560
v -0.139600 0.212724 -0.164325
v -0.107725 0.217858 -0.185163
v -0.141252 0.221458 -0.151373
v -0.149275 0.213481 -0.154598
v -0.119210 0.209098 0.190679
v -0.114991 0.216871 0.183946
v -0.072507 0.212724 0.203059
v -0.106494 0.217858 0.185875
v -0.060462 0.221458 0.198011
v -0.059245 0.213481 0.206574
v -0.136335 0.210046 0.159970
v -0.187909 0.204853 0.082221
v -0.114991 0.216871 0.183946
v -0.192621 0.199436 0.082392
v -0.192424 0.200002 0.077989
v -0.119210 0.209098 0.190679
v -0.195517 0.196613 0.081682
v -0.196050 0.196764 0.079477
v -0.195629 0.197126 0.077199
v -0.193714 0.197797 0.075054
v -0.191311 0.198442 0.074356
v -0.189166 0.199140 0.074679
v -0.186619 0.205280 0.081267
v -0.123093 0.215903 0.092153
v -0.122474 0.221438 0.098853
v -0.187909 0.204853 0.082221
v -0.121059 0.217450 0.093917
v -0.121941 0.216436 0.092732
v 0.131049 0.221438 0.081359
v 0.134498 0.217437 0.078805
v 0.138940 0.206491 0.095174
v 0.126652 0.217437 0.049892
v 0.122012 0.221438 0.048063
v 0.137117 0.207854 0.099083
v 0.135919 0.208835 0.100801
v 0.127264 0.221438 0.089481
v 0.134103 0.210059 0.101736
v -0.020025 0.206439 0.178168
v 0.013166 0.206445 0.158996
v 0.013166 0.171464 0.158996
v -0.020111 0.171458 0.178220
v -0.000544 0.216436 0.155376
v -0.034215 0.216436 0.174811
v -0.046588 0.216436 0.143193
v -0.060752 0.216436 0.156258
v -0.071263 0.216436 0.165018
v -0.075192 0.216436 0.135631
v -0.095621 0.216436 0.130227
v -0.091955 0.213442 -0.150774
v -0.087704 0.213442 -0.166629
v -0.091955 0.213442 -0.167768
v -0.087704 0.213442 -0.151913
v -0.096201 0.213442 -0.166629
v -0.096201 0.213442 -0.151913
v -0.099314 0.213442 -0.163516
v -0.099314 0.213442 -0.155019
v -0.084597 0.213442 -0.163516
v -0.084597 0.213442 -0.155019
v -0.100452 0.213442 -0.159271
v -0.083459 0.213442 -0.159271
v 0.169018 0.215350 -0.072585
v 0.167465 0.206445 -0.071729
v 0.166853 0.171458 -0.071657
v 0.170058 0.171464 -0.072835
v 0.166464 0.218720 -0.070169
v 0.172388 0.213448 -0.072835
v 0.172625 0.171458 -0.072696
v 0.166596 0.206445 -0.070413
v 0.165826 0.209052 -0.067852
v 0.165866 0.217476 -0.067622
v 0.165866 0.217476 -0.067622
v 0.178542 0.217437 -0.020787
v 0.168505 0.216436 -0.057776
v 0.165826 0.209052 -0.067852
v 0.178542 0.216436 -0.020787
v 0.224738 0.209098 0.007902
v 0.216801 0.216871 0.007612
v 0.212108 0.212724 -0.038735
v 0.214221 0.217858 -0.000714
v 0.201716 0.221458 -0.046640
v 0.208521 0.213481 -0.051978
v -0.057520 0.186457 0.148827
v -0.056645 0.166462 0.166183
v -0.057520 0.166462 0.148827
v -0.056645 0.186457 0.166183
v -0.144292 0.171458 -0.106526
v -0.144286 0.206439 -0.106427
v -0.144279 0.171464 -0.068096
v -0.144279 0.206445 -0.068096
v 0.188059 0.186457 0.035742
v 0.170822 0.186457 0.033517
v 0.170822 0.166462 0.033517
v 0.188059 0.166462 0.035742
v -0.150584 0.206445 0.060278
v -0.154086 0.171471 0.063128
v -0.150584 0.171464 0.060278
v -0.152355 0.206445 0.061766
v -0.154184 0.209045 0.063121
v -0.151052 0.210032 0.061338
v -0.150657 0.206445 0.061344
v -0.143325 0.206445 0.061443
v -0.134512 0.214442 0.061575
v -0.141910 0.217437 0.061463
v -0.079378 0.217437 0.062378
v -0.081932 0.214442 0.062338
v -0.078081 0.216436 0.062391
v -0.078081 0.211441 0.062391
v -0.145931 0.181455 0.102980
v -0.145681 0.170444 0.102045
v -0.155264 0.181455 0.100558
v -0.155606 0.170418 0.099531
v -0.138790 0.170444 0.102269
v -0.138606 0.181455 0.103210
v -0.159864 0.301398 -0.004300
v -0.154421 0.306394 -0.012488
v -0.154954 0.306394 -0.000003
v -0.159864 0.301398 0.004302
v -0.159397 0.301398 -0.012889
v -0.154421 0.306394 0.012489
v -0.159397 0.301398 0.012891
v -0.156620 0.303787 -0.015246
v -0.157989 0.298739 -0.024776
v -0.154698 0.299720 -0.027705
v -0.152256 0.303274 -0.025954
v -0.156620 0.303787 0.015247
v -0.157989 0.298739 0.024770
v -0.154698 0.299720 0.027706
v -0.152256 0.303274 0.025955
v -0.153869 0.296607 -0.031818
v -0.156297 0.291401 -0.033845
v -0.149992 0.294389 -0.036531
v -0.152256 0.271412 -0.048917
v -0.146043 0.274414 -0.051082
v -0.151150 0.265581 -0.052195
v -0.144588 0.265904 -0.055301
v -0.150565 0.258447 -0.053788
v -0.144069 0.256419 -0.056749
v -0.145925 0.221438 -0.055907
v -0.150604 0.216759 -0.053781
v -0.144069 0.221438 -0.056749
v -0.153869 0.296607 0.031819
v -0.156297 0.291401 0.033846
v -0.149992 0.294389 0.036538
v -0.152249 0.271333 0.048951
v -0.146063 0.274453 0.051057
v -0.151137 0.265463 0.052249
v -0.144588 0.265904 0.055302
v -0.150571 0.258308 0.053789
v -0.144069 0.256419 0.056750
v -0.145490 0.206445 0.056105
v -0.150604 0.206445 0.053782
v -0.144069 0.207531 0.056750
v 0.201716 0.221458 -0.046640
v 0.172388 0.213448 -0.072835
v 0.208521 0.213481 -0.051978
v 0.169018 0.215350 -0.072585
v 0.166464 0.218720 -0.070169
v 0.170815 0.221438 -0.064516
v -0.021651 0.215350 0.182670
v -0.021611 0.206445 0.180893
v -0.021374 0.171458 0.180327
v -0.021954 0.171464 0.183696
v -0.022467 0.218720 0.179247
v -0.023118 0.213448 0.185704
v -0.023355 0.171458 0.185848
v -0.022322 0.206445 0.179484
v -0.024152 0.209052 0.177536
v -0.024369 0.217476 0.177457
v -0.024369 0.217476 0.177457
v -0.071263 0.217437 0.165018
v -0.034215 0.216436 0.174811
v -0.024152 0.209052 0.177536
v -0.071263 0.216436 0.165018
v -0.128299 0.186424 0.165011
v -0.124982 0.186457 0.144990
v -0.124982 0.166462 0.144990
v -0.128338 0.166462 0.164807
v -0.062444 0.217437 0.116235
v -0.064879 0.221438 0.119723
v -0.074613 0.221438 0.105823
v -0.073961 0.217437 0.099781
v -0.057356 0.217437 0.097747
v -0.054921 0.221438 0.094252
v -0.040310 0.217437 0.122086
v -0.030766 0.221438 0.128747
v -0.069440 0.217437 -0.112193
v -0.071243 0.221438 -0.116049
v -0.054335 0.221438 -0.117530
v -0.049432 0.217437 -0.113943
v -0.147366 0.215350 -0.110087
v -0.145852 0.206445 -0.109165
v -0.145484 0.171458 -0.108671
v -0.148110 0.171464 -0.110857
v -0.143996 0.218720 -0.109080
v -0.149268 0.213448 -0.112877
v -0.149275 0.171458 -0.113147
v -0.144279 0.206445 -0.109073
v -0.141673 0.209052 -0.109685
v -0.141502 0.217476 -0.109836
v -0.141502 0.217476 -0.109836
v -0.107277 0.217437 -0.144225
v -0.134282 0.216436 -0.117037
v -0.141673 0.209052 -0.109685
v -0.107277 0.216436 -0.144225
v -0.040310 0.217437 0.122086
v -0.030766 0.221438 0.128747
v -0.064879 0.221438 0.119723
v -0.062444 0.217437 0.116235
v -0.091955 0.163468 -0.167768
v -0.091955 0.213442 -0.167768
v -0.087704 0.213442 -0.166629
v -0.087704 0.163468 -0.166629
v -0.036624 0.181455 0.148992
v -0.040059 0.181455 0.151822
v -0.039638 0.181455 0.158903
v -0.035268 0.181455 0.168091
v -0.018176 0.181455 0.158239
v -0.019137 0.181455 0.152131
v -0.017017 0.181475 0.155020
v -0.038829 0.181455 0.149893
v -0.039862 0.181455 0.165195
v -0.038394 0.181468 0.167545
v -0.016504 0.166475 0.147405
v -0.037091 0.166462 0.143476
v -0.027647 0.170444 0.149768
v -0.036795 0.170405 0.147866
v -0.042356 0.166462 0.145931
v -0.039467 0.170444 0.149176
v -0.045048 0.166462 0.149992
v -0.040988 0.170444 0.151637
v -0.040599 0.170457 0.158456
v -0.040862 0.170411 0.165432
v -0.045022 0.166469 0.166729
v -0.038783 0.170451 0.168526
v -0.042600 0.166462 0.170770
v -0.039316 0.166462 0.172876
v -0.034939 0.170444 0.169033
v -0.033860 0.166469 0.173297
v -0.016320 0.166462 0.163326
v -0.017261 0.170431 0.158785
v -0.013147 0.166462 0.160239
v -0.011831 0.166462 0.156014
v -0.016175 0.170444 0.155784
v -0.012693 0.166462 0.151670
v -0.016616 0.170444 0.153539
v -0.018722 0.170405 0.151262
v -0.034939 0.170444 0.169033
v -0.017261 0.170431 0.158785
v -0.018176 0.181455 0.158239
v -0.035268 0.181455 0.168091
v 0.162147 0.181455 0.074889
v 0.161219 0.170444 0.075139
v 0.164714 0.181455 0.084183
v 0.164003 0.170418 0.084992
v 0.157961 0.170444 0.069065
v 0.158685 0.181455 0.068426
v -0.141252 0.221458 -0.151373
v -0.149268 0.213448 -0.112877
v -0.149275 0.213481 -0.154598
v -0.147366 0.215350 -0.110087
v -0.143996 0.218720 -0.109080
v -0.141284 0.221438 -0.115668
v -0.100123 0.186457 -0.124230
v -0.115597 0.166462 -0.132141
v -0.100123 0.166462 -0.124230
v -0.115597 0.186457 -0.132141
v -0.060462 0.221458 0.198011
v -0.023118 0.213448 0.185704
v -0.059245 0.213481 0.206574
v -0.021651 0.215350 0.182670
v -0.022467 0.218720 0.179247
v -0.029536 0.221438 0.180188
v 0.069287 0.206445 0.072039
v 0.066747 0.201450 0.080984
v 0.095745 0.201450 0.042982
v 0.037347 0.206445 0.092712
v 0.023900 0.201450 0.102190
v 0.091204 0.206597 0.040665
v 0.096574 0.202194 0.039191
v 0.092428 0.207294 0.038039
v 0.097246 0.204333 0.035953
v 0.097680 0.207577 0.033761
v 0.093178 0.210421 0.036176
v 0.097832 0.211441 0.032984
v 0.097693 0.251378 0.033017
v 0.093178 0.254419 0.036170
v 0.135900 0.166462 -0.059408
v 0.142804 0.166475 -0.039617
v 0.143528 0.170444 -0.050938
v 0.146456 0.170405 -0.042066
v 0.147562 0.166462 -0.036280
v 0.148925 0.170444 -0.040407
v 0.152419 0.166462 -0.035984
v 0.151814 0.170444 -0.040322
v 0.157527 0.170457 -0.044066
v 0.163700 0.170411 -0.047331
v 0.166905 0.166469 -0.044369
v 0.165339 0.170451 -0.050681
v 0.169189 0.166462 -0.048489
v 0.169374 0.166462 -0.052392
v 0.163858 0.170444 -0.054261
v 0.167011 0.166469 -0.057328
v 0.149602 0.166462 -0.067530
v 0.146141 0.170431 -0.064450
v 0.145344 0.166462 -0.068734
v 0.141027 0.166462 -0.067760
v 0.143001 0.170444 -0.063884
v 0.137696 0.166462 -0.064845
v 0.141277 0.170444 -0.062377
v 0.140362 0.170405 -0.059421
v 0.163858 0.170444 -0.054261
v 0.146141 0.170431 -0.064450
v 0.146127 0.181455 -0.063383
v 0.163207 0.181455 -0.053505
v -0.064971 0.217437 -0.147924
v -0.107277 0.217437 -0.144225
v -0.109081 0.221438 -0.148082
v -0.054427 0.221438 -0.152860
v -0.141284 0.221438 -0.115668
v -0.109081 0.221438 -0.148082
v -0.107277 0.217437 -0.144225
v -0.141502 0.217476 -0.109836
v -0.143996 0.218720 -0.109080
v -0.095621 0.217437 0.130227
v -0.071263 0.217437 0.165018
v -0.073698 0.221438 0.168506
v -0.105165 0.221438 0.123567
v -0.029536 0.221438 0.180188
v -0.073698 0.221438 0.168506
v -0.071263 0.217437 0.165018
v -0.024369 0.217476 0.177457
v -0.022467 0.218720 0.179247
v -0.016800 0.221438 -0.103597
v -0.044449 0.216436 -0.089519
v -0.046858 0.221438 -0.093909
v -0.014990 0.216436 -0.098819
v -0.072671 0.221438 -0.075717
v -0.069664 0.216436 -0.071670
v -0.091909 0.221438 -0.050668
v -0.088224 0.216436 -0.046976
v -0.014332 0.217437 -0.099931
v -0.089415 0.217437 -0.046870
v 0.172625 0.171458 -0.072696
v 0.170927 0.166462 -0.067918
v 0.204230 0.166462 -0.048687
v 0.208508 0.171464 -0.051984
v 0.170058 0.171464 -0.072835
v 0.166853 0.171458 -0.071657
v 0.167662 0.166462 -0.066727
v 0.162720 0.166462 -0.066911
v 0.164398 0.171458 -0.071696
v 0.131115 0.171464 -0.090901
v 0.126830 0.166462 -0.087604
v 0.095284 0.217437 -0.075408
v 0.099523 0.221438 -0.075039
v 0.089835 0.221438 -0.054261
v 0.085300 0.217437 -0.053992
v -0.079865 0.217437 -0.132931
v -0.078055 0.221438 -0.129081
v -0.100044 0.221438 -0.127153
v -0.104947 0.217437 -0.130740
v 0.159863 0.301398 0.004302
v 0.154420 0.306394 0.012489
v 0.154953 0.306394 -0.000003
v 0.159402 0.301398 0.012891
v 0.159863 0.301398 -0.004300
v 0.154420 0.306394 -0.012488
v 0.159402 0.301398 -0.012889
v 0.156618 0.303787 0.015247
v 0.157987 0.298739 0.024770
v 0.154697 0.299720 0.027706
v 0.152255 0.303274 0.025955
v 0.156618 0.303787 -0.015246
v 0.157987 0.298739 -0.024776
v 0.154697 0.299720 -0.027705
v 0.152255 0.303274 -0.025954
v 0.153867 0.296607 -0.031818
v 0.156296 0.291401 -0.033845
v 0.149991 0.294389 -0.036537
v 0.152248 0.271333 -0.048950
v 0.146068 0.274453 -0.051056
v 0.151136 0.265463 -0.052247
v 0.144587 0.265904 -0.055301
v 0.150563 0.258368 -0.053781
v 0.144067 0.256419 -0.056749
v 0.150603 0.216436 -0.053781
v 0.144067 0.216436 -0.056749
v 0.153867 0.296607 0.031819
v 0.149997 0.294382 0.036538
v 0.156296 0.291401 0.033846
v 0.152261 0.271412 0.048892
v 0.146062 0.274407 0.051090
v 0.151129 0.265417 0.052262
v 0.144587 0.265904 0.055302
v 0.150557 0.258348 0.053789
v 0.144067 0.256419 0.056750
v 0.146595 0.221682 0.055618
v 0.150603 0.220668 0.053782
v 0.144067 0.218964 0.056750
v -0.075192 0.217437 0.135631
v -0.072757 0.221438 0.132136
v -0.060100 0.221438 0.150216
v -0.060752 0.217437 0.156258
v -0.054427 0.221438 -0.152860
v -0.078055 0.221438 -0.129081
v -0.064971 0.217437 -0.147924
v -0.079865 0.217437 -0.132931
v -0.109265 0.186457 0.169263
v -0.109265 0.165462 0.169263
v -0.111944 0.186457 0.159272
v -0.111944 0.165462 0.159272
v -0.105165 0.221438 0.123567
v -0.072757 0.221438 0.132136
v -0.095621 0.217437 0.130227
v -0.075192 0.217437 0.135631
v 0.069287 0.206445 -0.072038
v 0.095745 0.201450 -0.042981
v 0.066747 0.201450 -0.080989
v 0.037347 0.206445 -0.092711
v 0.023900 0.201450 -0.102189
v 0.091171 0.206445 -0.040953
v 0.096574 0.202194 -0.039190
v 0.092428 0.207294 -0.038038
v 0.097246 0.204333 -0.035951
v 0.097680 0.207577 -0.033760
v 0.093178 0.210421 -0.036169
v 0.097832 0.211441 -0.032983
v 0.097693 0.251378 -0.033016
v 0.093178 0.254419 -0.036175
v 0.000003 0.206445 -0.099951
v 0.037347 0.206445 -0.092711
v 0.023900 0.201450 -0.102189
v -0.149275 0.171458 -0.113147
v -0.144279 0.166462 -0.114068
v -0.144279 0.166462 -0.152518
v -0.149275 0.171464 -0.154578
v -0.148110 0.171464 -0.110857
v -0.145484 0.171458 -0.108671
v -0.141620 0.166462 -0.111837
v -0.139310 0.166462 -0.107460
v -0.144292 0.171458 -0.106526
v -0.144279 0.171464 -0.068096
v -0.139284 0.166462 -0.066036
v 0.017661 0.217437 0.120217
v 0.002076 0.221438 0.104928
v 0.004116 0.217437 0.100867
v 0.015226 0.221438 0.123712
v 0.193903 0.186457 -0.017312
v 0.183906 0.186457 -0.019991
v 0.193903 0.165462 -0.017312
v 0.183906 0.165462 -0.019991
v -0.023355 0.171458 0.185848
v -0.026646 0.166462 0.181985
v -0.059949 0.166462 0.201210
v -0.059232 0.171464 0.206567
v -0.021954 0.171464 0.183696
v -0.021374 0.171458 0.180327
v -0.026047 0.166462 0.178569
v -0.023408 0.166462 0.174377
v -0.020111 0.171458 0.178220
v 0.013166 0.171464 0.158996
v 0.012448 0.166462 0.153638
v -0.024152 0.209052 0.177536
v -0.034215 0.216436 0.174811
v -0.000544 0.216436 0.155376
v 0.013166 0.206445 0.158996
v -0.020025 0.206439 0.178168
v -0.022322 0.206445 0.179484
v -0.100044 0.221438 -0.127153
v -0.096332 0.221438 -0.110685
v -0.100716 0.217437 -0.111943
v -0.104947 0.217437 -0.130740
v -0.141673 0.209052 -0.109685
v -0.134282 0.216436 -0.117037
v -0.134282 0.216436 -0.078159
v -0.144279 0.206445 -0.068096
v -0.144286 0.206439 -0.106427
v -0.144279 0.206445 -0.109073
v -0.060100 0.221438 0.150216
v -0.047688 0.221438 0.138770
v -0.046588 0.217437 0.143193
v -0.060752 0.217437 0.156258
v 0.165826 0.209052 -0.067852
v 0.168505 0.216436 -0.057776
v 0.134827 0.216436 -0.077218
v 0.131115 0.206445 -0.090901
v 0.164312 0.206439 -0.071742
v 0.166596 0.206445 -0.070413
v -0.084847 0.211467 0.053012
v -0.086164 0.216443 0.060265
v -0.094081 0.216436 0.046509
v -0.092699 0.214784 0.045562
v -0.081932 0.214442 0.062338
v -0.078081 0.211441 0.062391
v -0.091659 0.213205 0.044094
v -0.091139 0.211526 0.041238
v -0.016800 0.221438 -0.103597
v 0.013857 0.221438 -0.154953
v -0.014332 0.217437 -0.099931
v 0.017727 0.217437 -0.153630
v 0.071703 0.211441 0.138645
v 0.057993 0.221438 0.135019
v 0.063048 0.217437 0.132222
v 0.076613 0.207545 0.135809
v -0.099314 0.163468 0.155020
v -0.100452 0.163468 0.159272
v -0.099314 0.213442 0.155020
v -0.100452 0.213442 0.159272
v -0.120204 0.265417 -0.041980
v -0.119644 0.260566 -0.046877
v -0.096187 0.265417 -0.041980
v -0.096187 0.260415 -0.046976
v -0.135940 0.265417 -0.047930
v -0.137691 0.260730 -0.053906
v -0.093811 0.260415 -0.046377
v -0.092008 0.260415 -0.044718
v -0.091205 0.260415 -0.042401
v -0.091607 0.260415 -0.039979
v -0.099011 0.260415 -0.013666
v -0.103960 0.265417 -0.014351
v -0.103960 0.265417 0.014352
v -0.099011 0.260415 0.013667
v -0.091607 0.260415 0.039981
v -0.096187 0.265417 0.041981
v -0.091205 0.260415 0.042396
v -0.092008 0.260415 0.044719
v -0.093811 0.260415 0.046378
v -0.096187 0.260415 0.046977
v -0.119644 0.260566 0.046878
v -0.120204 0.265417 0.041981
v -0.135940 0.265417 0.047931
v -0.137691 0.260730 0.053901
v 0.098964 0.217437 0.046977
v 0.103544 0.221438 0.046977
v 0.124184 0.217437 0.092166
v 0.127264 0.221438 0.089481
v 0.084221 0.211441 -0.131417
v 0.087933 0.221438 -0.117734
v 0.082983 0.217437 -0.120709
v 0.079311 0.207545 -0.134254
v -0.019768 0.181455 -0.152156
v -0.037243 0.181455 -0.163062
v -0.036683 0.181455 -0.148872
v -0.022980 0.181455 -0.164279
v -0.038829 0.181455 -0.149899
v -0.020907 0.181455 -0.162825
v -0.017708 0.181462 -0.156033
v -0.018044 0.181455 -0.153927
v -0.040033 0.181462 -0.151919
v -0.039230 0.181455 -0.161245
v 0.160594 0.217437 0.017702
v 0.178542 0.217437 -0.020787
v 0.182780 0.221438 -0.020425
v 0.159593 0.221438 0.029292
v 0.170815 0.221438 -0.064516
v 0.182780 0.221438 -0.020425
v 0.178542 0.217437 -0.020787
v 0.165866 0.217476 -0.067622
v 0.166464 0.218720 -0.070169
v 0.152748 0.181455 0.064135
v 0.143383 0.170444 0.063444
v 0.152373 0.170444 0.065024
v 0.143771 0.181455 0.062555
v -0.131919 0.181455 0.100215
v -0.126634 0.170444 0.092449
v -0.132498 0.170444 0.099445
v -0.126061 0.181455 0.093232
v 0.003616 0.171464 -0.171585
v 0.003741 0.203444 -0.173994
v 0.003741 0.171464 -0.173994
v 0.003616 0.203444 -0.171585
v 0.209271 0.166462 0.029213
v 0.211614 0.169444 0.031253
v 0.210140 0.186457 0.029726
v 0.211904 0.188965 0.031879
v 0.207053 0.186424 0.028601
v 0.206895 0.166462 0.028739
v -0.101946 0.186457 0.141956
v -0.101946 0.165462 0.141956
v -0.091955 0.186457 0.139277
v -0.091955 0.165462 0.139277
v -0.091179 0.206445 -0.040947
v -0.069282 0.206445 -0.072038
v -0.095746 0.201450 -0.042981
v -0.066748 0.201450 -0.080989
v -0.037348 0.206445 -0.092711
v -0.023902 0.201450 -0.102189
v -0.096569 0.202194 -0.039190
v -0.092429 0.207294 -0.038038
v -0.097247 0.204333 -0.035951
v -0.097681 0.207577 -0.033760
v -0.093173 0.210421 -0.036175
v -0.097833 0.211441 -0.032983
v -0.097695 0.251378 -0.033016
v -0.093173 0.254419 -0.036175
v -0.069282 0.206445 0.072039
v -0.091179 0.206445 0.040948
v -0.095746 0.201450 0.042982
v -0.066748 0.201450 0.080984
v -0.037348 0.206445 0.092712
v -0.023902 0.201450 0.102190
v -0.096569 0.202194 0.039191
v -0.092429 0.207294 0.038039
v -0.097247 0.204333 0.035953
v -0.097681 0.207577 0.033761
v -0.093180 0.210421 0.036170
v -0.097833 0.211441 0.032984
v -0.097695 0.251378 0.033017
v -0.093173 0.254419 0.036170
v -0.084163 0.221438 0.114622
v -0.117624 0.221438 0.105777
v -0.085262 0.217437 0.110200
v -0.115188 0.217437 0.102282
v -0.074613 0.221438 0.105823
v -0.084163 0.221438 0.114622
v -0.085262 0.217437 0.110200
v -0.073961 0.217437 0.099781
v -0.129938 0.166462 0.166630
v -0.132873 0.169444 0.167637
v -0.130813 0.186457 0.167117
v -0.133558 0.188965 0.167571
v -0.128299 0.186424 0.165011
v -0.128338 0.166462 0.164807
v -0.081320 0.221438 0.066346
v -0.141120 0.221438 0.065471
v -0.079378 0.217437 0.062378
v -0.141910 0.217437 0.061463
v 0.146786 0.171464 0.088921
v 0.148813 0.203444 0.090238
v 0.148813 0.171464 0.090238
v 0.146786 0.203444 0.088921
v 0.000003 0.206445 -0.099951
v 0.023900 0.201450 -0.102189
v -0.023902 0.201450 -0.102189
v -0.057191 0.221438 -0.130200
v -0.032787 0.221438 -0.154756
v -0.052808 0.217437 -0.128936
v -0.030983 0.217437 -0.150899
v -0.054335 0.221438 -0.117530
v -0.057191 0.221438 -0.130200
v -0.052808 0.217437 -0.128936
v -0.049432 0.217437 -0.113943
v -0.091955 0.186457 0.179260
v -0.081958 0.186457 0.176582
v -0.091955 0.165462 0.179260
v -0.081958 0.165462 0.176582
v 0.210140 0.186457 0.029726
v 0.211904 0.188965 0.031879
v 0.220513 0.186457 0.007487
v 0.224751 0.190452 0.007849
v 0.212062 0.190452 0.035051
v -0.130813 0.186457 0.167117
v -0.133558 0.188965 0.167571
v -0.116735 0.186457 0.187224
v -0.119170 0.190452 0.190719
v -0.136388 0.190452 0.166130
v -0.110720 0.181455 -0.106217
v -0.111450 0.181455 -0.110600
v -0.117795 0.181455 -0.113779
v -0.127937 0.181455 -0.114588
v -0.127950 0.181455 -0.094857
v -0.122178 0.181455 -0.092639
v -0.125693 0.181481 -0.092244
v -0.110397 0.181455 -0.108573
v -0.123132 0.181455 -0.117122
v -0.125903 0.181468 -0.117024
v -0.101946 0.165462 -0.176580
v -0.091955 0.165462 -0.179259
v -0.101946 0.186457 -0.176580
v -0.091955 0.186457 -0.179259
v -0.128918 0.170444 -0.114773
v -0.128937 0.170444 -0.095791
v -0.127950 0.181455 -0.094857
v -0.127937 0.181455 -0.114588
v -0.128378 0.170444 -0.093580
v -0.119401 0.166469 -0.087986
v -0.105711 0.166469 -0.103860
v -0.115880 0.170444 -0.098825
v -0.109660 0.170405 -0.105802
v -0.105198 0.166462 -0.109652
v -0.109456 0.170444 -0.108770
v -0.107370 0.166462 -0.114009
v -0.110825 0.170444 -0.111317
v -0.116926 0.170457 -0.114384
v -0.122836 0.170411 -0.118103
v -0.121882 0.166469 -0.122355
v -0.125482 0.170444 -0.118077
v -0.126594 0.166462 -0.122276
v -0.121638 0.170405 -0.091842
v -0.124659 0.170444 -0.091158
v -0.125008 0.166462 -0.086827
v -0.126825 0.170444 -0.091895
v -0.129194 0.166462 -0.088255
v -0.128378 0.170444 -0.093580
v -0.132195 0.166462 -0.091507
v -0.128937 0.170444 -0.095791
v -0.133288 0.166462 -0.095791
v -0.128918 0.170444 -0.114773
v -0.133156 0.166469 -0.115970
v -0.130056 0.166462 -0.120485
v -0.127272 0.170444 -0.117149
v 0.192403 0.163468 -0.000003
v 0.191264 0.163468 -0.004248
v 0.192403 0.213442 -0.000003
v 0.191264 0.213442 -0.004248
v -0.149024 0.171464 0.080675
v -0.148728 0.203444 0.078279
v -0.149024 0.203444 0.080675
v -0.148728 0.171464 0.078279
v -0.037348 0.206445 -0.092711
v 0.000003 0.206445 -0.099951
v -0.023902 0.201450 -0.102189
v 0.000003 0.206445 0.099952
v -0.037348 0.206445 0.092712
v -0.023902 0.201450 0.102190
v 0.099187 0.254419 0.012305
v 0.097693 0.251378 0.033017
v 0.102333 0.251424 0.011265
v 0.093178 0.254419 0.036170
v 0.102333 0.251424 -0.011270
v 0.099187 0.254419 -0.012304
v 0.097693 0.251378 -0.033016
v 0.093178 0.254419 -0.036175
v -0.071967 0.165462 -0.159271
v -0.071967 0.186457 -0.159271
v -0.074639 0.186457 -0.169262
v -0.074639 0.165462 -0.169262
v -0.150407 0.171464 0.082656
v -0.152552 0.203444 0.083761
v -0.152552 0.171464 0.083761
v -0.150407 0.203444 0.082656
v 0.142521 0.216449 0.056145
v 0.133668 0.216436 0.075745
v 0.126652 0.216436 0.049892
v 0.126784 0.171464 -0.106842
v 0.122506 0.166462 -0.103544
v 0.131115 0.171464 -0.090901
v 0.126830 0.166462 -0.087604
v -0.079325 0.186457 -0.196845
v -0.078351 0.188958 -0.199445
v -0.103776 0.186457 -0.194706
v -0.105579 0.190452 -0.198563
v -0.075732 0.190446 -0.201176
v -0.078746 0.169444 -0.198885
v -0.078351 0.188958 -0.199445
v -0.079325 0.186457 -0.196845
v -0.079338 0.166462 -0.195845
v -0.078759 0.186457 -0.193614
v -0.078522 0.166462 -0.193416
v 0.029133 0.171464 0.163221
v 0.028422 0.166462 0.157864
v 0.013166 0.171464 0.158996
v 0.012448 0.166462 0.153638
v 0.092007 0.260415 0.044719
v 0.093810 0.260415 0.046378
v 0.091908 0.213725 0.044759
v 0.094067 0.216443 0.046588
v -0.087704 0.163468 -0.151913
v -0.084597 0.163468 -0.155019
v -0.087704 0.213442 -0.151913
v -0.084597 0.213442 -0.155019
v -0.149275 0.171464 -0.154578
v -0.144279 0.166462 -0.152518
v -0.135335 0.171444 -0.168590
v -0.131827 0.169444 -0.169281
v -0.129109 0.166462 -0.167794
v 0.192903 0.163468 0.015583
v 0.183906 0.163468 0.017991
v 0.193903 0.165462 0.017313
v 0.201222 0.165462 0.009995
v 0.199491 0.163468 0.008994
v 0.203901 0.165462 -0.000003
v 0.201900 0.163468 -0.000003
v 0.201222 0.165462 -0.009994
v 0.199491 0.163468 -0.008993
v 0.193903 0.165462 -0.017312
v 0.192903 0.163468 -0.015581
v 0.183906 0.165462 -0.019991
v 0.183906 0.163468 -0.017990
v 0.173915 0.165462 -0.017312
v 0.174915 0.163468 -0.015581
v 0.166596 0.165462 -0.009994
v 0.168327 0.163468 -0.008993
v 0.163917 0.165462 -0.000003
v 0.165918 0.163468 -0.000003
v 0.166596 0.165462 0.009995
v 0.168327 0.163468 0.008994
v 0.173915 0.165462 0.017313
v 0.174915 0.163468 0.015583
v 0.183906 0.165462 0.019992
v 0.208508 0.171464 -0.051984
v 0.204230 0.166462 -0.048687
v 0.213668 0.171444 -0.032911
v 0.212516 0.169444 -0.029521
v 0.209864 0.166462 -0.027915
v -0.059232 0.171464 0.206567
v -0.059949 0.166462 0.201210
v -0.078338 0.171444 0.201500
v -0.080694 0.169444 0.198808
v -0.080760 0.166462 0.195708
v -0.155922 0.171464 -0.056381
v -0.150927 0.166462 -0.054321
v -0.144279 0.171464 -0.068096
v -0.139284 0.166462 -0.066036
v -0.079338 0.166462 -0.195845
v -0.043462 0.166462 -0.198984
v -0.078746 0.169444 -0.198885
v -0.075962 0.171444 -0.201143
v -0.043897 0.171464 -0.203960
v -0.067518 0.186457 -0.132859
v -0.082748 0.186457 -0.124487
v -0.082748 0.166462 -0.124487
v -0.067518 0.166462 -0.132859
v -0.114438 0.186457 0.131175
v -0.098649 0.186457 0.123916
v -0.098649 0.166462 0.123916
v -0.114438 0.166462 0.131175
v 0.148819 0.186457 0.007954
v 0.149181 0.166462 -0.009421
v 0.148819 0.166462 0.007954
v 0.149181 0.186457 -0.009421
v -0.081300 0.186457 0.124903
v -0.066432 0.186457 0.133907
v -0.066432 0.166462 0.133907
v -0.081300 0.166462 0.124903
v 0.182306 0.170444 0.051558
v 0.171967 0.166462 0.045437
v 0.170868 0.170444 0.049636
v 0.184366 0.166469 0.047681
v 0.161607 0.170444 0.046226
v 0.184307 0.170444 0.053486
v 0.188046 0.166462 0.051268
v 0.185077 0.170437 0.056546
v 0.189289 0.166462 0.055414
v 0.163496 0.166462 0.042310
v 0.151669 0.170444 0.040264
v 0.152643 0.166469 0.035979
v 0.148925 0.170444 0.040408
v 0.147562 0.166462 0.036282
v 0.146502 0.170444 0.042073
v 0.142975 0.166469 0.039454
v 0.188460 0.166462 0.059659
v 0.171618 0.170444 0.085446
v 0.176133 0.166462 0.086098
v 0.173395 0.166462 0.089481
v 0.169393 0.166462 0.091179
v 0.168709 0.170444 0.086888
v 0.166471 0.170444 0.086697
v 0.165063 0.166462 0.090810
v 0.164003 0.170418 0.084992
v 0.160199 0.166475 0.087230
v -0.115597 0.186457 -0.132141
v -0.125554 0.166462 -0.146391
v -0.115597 0.166462 -0.132141
v -0.125554 0.186457 -0.146391
v 0.172237 0.186457 -0.034036
v 0.189553 0.166462 -0.035537
v 0.172237 0.166462 -0.034036
v 0.189553 0.186457 -0.035537
v -0.056645 0.186457 0.166183
v -0.064003 0.166462 0.181926
v -0.056645 0.166462 0.166183
v -0.064003 0.186457 0.181926
v 0.168709 0.170444 0.086888
v 0.171618 0.170444 0.085446
v 0.170822 0.181455 0.084841
v 0.167498 0.181481 0.086091
v -0.080918 0.186457 0.196702
v -0.116735 0.186457 0.187224
v -0.080392 0.188965 0.199433
v -0.119170 0.190452 0.190719
v -0.078068 0.190446 0.201585
v -0.080694 0.169444 0.198808
v -0.080918 0.186457 0.196702
v -0.080392 0.188965 0.199433
v -0.080760 0.166462 0.195708
v -0.080056 0.186457 0.194003
v -0.079865 0.166462 0.193865
v -0.159601 0.170444 0.102664
v -0.159812 0.170444 0.105902
v -0.158884 0.181455 0.105520
v -0.158304 0.181481 0.102012
v 0.210805 0.186457 -0.028277
v 0.220513 0.186457 0.007487
v 0.212911 0.188965 -0.030094
v 0.224751 0.190452 0.007849
v 0.213608 0.190446 -0.033187
v 0.212516 0.169444 -0.029521
v 0.210805 0.186457 -0.028277
v 0.212911 0.188965 -0.030094
v 0.209864 0.166462 -0.027915
v 0.208040 0.186431 -0.027672
v 0.207889 0.166462 -0.027770
v -0.131827 0.169444 -0.169281
v -0.129892 0.186457 -0.168426
v -0.132518 0.188965 -0.169341
v -0.129109 0.166462 -0.167794
v -0.127983 0.186431 -0.166333
v -0.127996 0.166462 -0.166149
v -0.129892 0.186457 -0.168426
v -0.103776 0.186457 -0.194706
v -0.132518 0.188965 -0.169341
v -0.105579 0.190452 -0.198563
v -0.135545 0.190446 -0.168399
v -0.096201 0.163468 -0.166629
v -0.099314 0.163468 -0.163516
v -0.096201 0.213442 -0.166629
v -0.099314 0.213442 -0.163516
v 0.088440 0.216423 -0.046574
v 0.094126 0.221438 -0.046535
v 0.091888 0.218700 -0.044758
v 0.089835 0.221438 -0.054261
v 0.091138 0.216515 -0.041230
v 0.084793 0.216436 -0.052912
v 0.085300 0.217437 -0.053992
v -0.022638 0.170464 -0.201808
v -0.020808 0.170464 -0.180898
v -0.018571 0.166462 -0.201163
v -0.016478 0.166462 -0.177265
v -0.039566 0.170464 -0.200327
v -0.039566 0.191453 -0.200327
v -0.043897 0.171464 -0.203960
v -0.043897 0.195448 -0.203960
v -0.149939 0.206445 0.055612
v -0.150604 0.206445 0.053782
v -0.145490 0.206445 0.056105
v -0.149676 0.206445 0.058021
v -0.143325 0.206445 0.061443
v -0.150657 0.206445 0.061344
v -0.150584 0.206445 0.060278
v -0.152355 0.206445 0.061766
v 0.139243 0.265357 0.018347
v 0.138934 0.263416 0.017991
v 0.139125 0.265344 -0.013561
v 0.138934 0.263416 -0.013337
v 0.159462 0.217437 -0.012139
v 0.158402 0.222458 -0.022314
v 0.165694 0.217437 -0.025520
v -0.139238 0.265351 -0.018346
v -0.138928 0.263416 -0.017990
v -0.139126 0.265344 0.013562
v -0.138928 0.263416 0.013338
v 0.158402 0.222458 -0.022314
v 0.157435 0.217437 -0.028093
v 0.165694 0.217437 -0.025520
v 0.086301 0.214442 -0.056137
v 0.095284 0.217437 -0.075408
v 0.085300 0.217437 -0.053992
v 0.095284 0.214442 -0.075408
v 0.084793 0.216436 -0.052912
v 0.084793 0.211441 -0.052912
v 0.069781 0.208446 -0.071558
v 0.058487 0.211441 -0.081055
v 0.084793 0.211441 -0.052912
v 0.069781 0.208446 -0.071558
v 0.037669 0.208446 -0.092579
v 0.058487 0.211441 -0.081055
v -0.115188 0.217437 0.102282
v -0.122474 0.221438 0.098853
v -0.121059 0.217450 0.093917
v -0.117624 0.221438 0.105777
v 0.037669 0.208446 -0.092579
v 0.023492 0.211441 -0.097154
v 0.058487 0.211441 -0.081055
v 0.037669 0.208446 -0.092579
v 0.000003 0.208446 -0.099951
v 0.023492 0.211441 -0.097154
v -0.122836 0.170411 -0.118103
v -0.117795 0.181455 -0.113779
v -0.116926 0.170457 -0.114384
v -0.111450 0.181455 -0.110600
v -0.110825 0.170444 -0.111317
v -0.123132 0.181455 -0.117122
v -0.040862 0.170411 0.165432
v -0.039638 0.181455 0.158903
v -0.040599 0.170457 0.158456
v -0.040059 0.181455 0.151822
v -0.040988 0.170444 0.151637
v -0.039862 0.181455 0.165195
v -0.127937 0.181455 -0.114588
v -0.127272 0.170444 -0.117149
v -0.128918 0.170444 -0.114773
v -0.125903 0.181468 -0.117024
v -0.125482 0.170444 -0.118077
v 0.163700 0.170411 -0.047331
v 0.157435 0.181455 -0.045120
v 0.157527 0.170457 -0.044066
v 0.151511 0.181455 -0.041223
v 0.151814 0.170444 -0.040322
v 0.162996 0.181455 -0.048075
v -0.035268 0.181455 0.168091
v -0.038783 0.170451 0.168526
v -0.034939 0.170444 0.169033
v -0.038394 0.181468 0.167545
v -0.030983 0.217437 -0.150899
v -0.024376 0.221438 -0.155493
v -0.020802 0.217450 -0.151801
v -0.032787 0.221438 -0.154756
v 0.163207 0.181455 -0.053505
v 0.165339 0.170451 -0.050681
v 0.163858 0.170444 -0.054261
v 0.164293 0.181468 -0.050523
v 0.148813 0.203444 0.090238
v 0.146786 0.203444 0.088921
v 0.146410 0.203444 0.079161
v 0.144377 0.203444 0.088717
v 0.142159 0.203444 0.089665
v 0.149991 0.203444 0.092344
v 0.140638 0.203444 0.091541
v -0.101946 0.186457 0.176582
v -0.101946 0.165462 0.176582
v -0.109265 0.165462 0.169263
v -0.109265 0.186457 0.169263
v 0.000003 0.208446 -0.099951
v -0.014990 0.211441 -0.098819
v 0.023492 0.211441 -0.097154
v 0.003741 0.203444 -0.173994
v 0.003616 0.203444 -0.171585
v -0.004650 0.203444 -0.166379
v 0.004643 0.203444 -0.169393
v 0.006571 0.203444 -0.167945
v 0.004978 0.203444 -0.176067
v 0.008960 0.203444 -0.167564
v -0.043897 0.195448 -0.203960
v -0.039566 0.191453 -0.200327
v -0.019005 0.195448 -0.206138
v -0.022638 0.191453 -0.201808
v -0.149024 0.203444 0.080675
v -0.148728 0.203444 0.078279
v -0.141758 0.203444 0.087217
v -0.150407 0.203444 0.082656
v -0.152552 0.203444 0.083761
v -0.154968 0.203444 0.083722
v -0.149597 0.203444 0.076028
v -0.019005 0.171464 -0.206138
v -0.019005 0.195448 -0.206138
v -0.022638 0.191453 -0.201808
v -0.022638 0.170464 -0.201808
v 0.179661 0.163468 -0.007354
v 0.176554 0.163468 -0.004248
v 0.179661 0.213442 -0.007354
v 0.176554 0.213442 -0.004248
v -0.041369 0.166462 -0.175086
v -0.016478 0.166462 -0.177265
v -0.020808 0.170464 -0.180898
v -0.037736 0.170464 -0.179417
v -0.036624 0.181455 0.148992
v -0.027647 0.170444 0.149768
v -0.036795 0.170405 0.147866
v -0.019137 0.181455 0.152131
v -0.018722 0.170405 0.151262
v -0.041369 0.166462 -0.175086
v -0.037736 0.170464 -0.179417
v -0.043462 0.166462 -0.198984
v -0.039566 0.170464 -0.200327
v 0.183906 0.163468 0.008494
v 0.188157 0.163468 0.007356
v 0.183906 0.213442 0.008494
v 0.188157 0.213442 0.007356
v -0.017261 0.170431 0.158785
v -0.016175 0.170444 0.155784
v -0.017017 0.181475 0.155020
v -0.018176 0.181455 0.158239
v -0.093173 0.254419 0.036170
v -0.099189 0.254419 0.012305
v -0.097695 0.251378 0.033017
v -0.102328 0.251424 0.011265
v -0.099189 0.254419 -0.012304
v -0.102328 0.251424 -0.011270
v -0.097695 0.251378 -0.033016
v -0.093173 0.254419 -0.036175
v -0.110720 0.181455 -0.106217
v -0.115880 0.170444 -0.098825
v -0.109660 0.170405 -0.105802
v -0.122178 0.181455 -0.092639
v -0.121638 0.170405 -0.091842
v 0.173915 0.186457 0.017313
v 0.183906 0.186457 0.019992
v 0.173915 0.165462 0.017313
v 0.183906 0.165462 0.019992
v -0.128378 0.170444 -0.093580
v -0.126825 0.170444 -0.091895
v -0.125693 0.181481 -0.092244
v -0.127950 0.181455 -0.094857
v 0.147345 0.181455 -0.042777
v 0.143528 0.170444 -0.050938
v 0.146456 0.170405 -0.042066
v 0.141316 0.181455 -0.059494
v 0.140362 0.170405 -0.059421
v 0.146141 0.170431 -0.064450
v 0.143001 0.170444 -0.063884
v 0.142758 0.181475 -0.062771
v 0.146127 0.181455 -0.063383
v 0.005472 0.214442 0.102808
v 0.009131 0.216436 0.104553
v 0.017661 0.214442 0.120217
v 0.018879 0.216436 0.118473
v -0.099314 0.163468 -0.155019
v -0.096201 0.163468 -0.151913
v -0.099314 0.213442 -0.155019
v -0.096201 0.213442 -0.151913
v -0.110594 0.181455 0.106415
v -0.110397 0.181455 0.108574
v -0.109456 0.170444 0.108765
v -0.109686 0.170391 0.105941
v 0.147266 0.181455 0.042666
v 0.149227 0.181455 0.041323
v 0.148925 0.170444 0.040408
v 0.146502 0.170444 0.042073
v -0.138487 0.181455 0.131906
v -0.141021 0.181455 0.131070
v -0.141508 0.170437 0.132011
v -0.138474 0.170444 0.132873
v 0.183478 0.181455 0.053980
v 0.184018 0.181455 0.056592
v 0.185077 0.170437 0.056546
v 0.184307 0.170444 0.053486
v -0.087704 0.163468 0.151914
v -0.091955 0.163468 0.150775
v -0.087704 0.213442 0.151914
v -0.091955 0.213442 0.150775
v 0.173915 0.186457 -0.017312
v 0.173915 0.165462 -0.017312
v 0.183906 0.165462 -0.019991
v 0.183906 0.186457 -0.019991
v -0.101946 0.165462 -0.141955
v -0.109265 0.165462 -0.149273
v -0.101946 0.186457 -0.141955
v -0.109265 0.186457 -0.149273
v -0.039566 0.170464 -0.200327
v -0.043897 0.171464 -0.203960
v -0.043462 0.166462 -0.198984
v -0.081958 0.165462 -0.141955
v -0.081958 0.186457 -0.141955
v -0.074639 0.186457 -0.149273
v -0.074639 0.165462 -0.149273
v -0.109265 0.165462 -0.169262
v -0.109265 0.186457 -0.169262
v -0.111944 0.186457 -0.159271
v -0.111944 0.165462 -0.159271
v -0.099314 0.163468 0.163517
v -0.099314 0.213442 0.163517
v -0.100452 0.213442 0.159272
v -0.100452 0.163468 0.159272
v -0.037322 0.166462 -0.143541
v -0.017353 0.166469 -0.147154
v -0.036946 0.170398 -0.147977
v -0.019202 0.170398 -0.151175
v -0.042356 0.166462 -0.145930
v -0.039467 0.170444 -0.149175
v -0.045180 0.166462 -0.150254
v -0.041014 0.170339 -0.151551
v -0.040415 0.171096 -0.159738
v -0.044976 0.166462 -0.159468
v -0.040079 0.170444 -0.161699
v -0.043910 0.166462 -0.163753
v -0.040935 0.166462 -0.167011
v -0.037809 0.170405 -0.163950
v -0.036769 0.166462 -0.168465
v -0.022928 0.170444 -0.165280
v -0.021973 0.166469 -0.169564
v -0.016563 0.166462 -0.166195
v -0.020374 0.170444 -0.163740
v -0.016747 0.170411 -0.156230
v -0.012423 0.166462 -0.156131
v -0.017169 0.170444 -0.153525
v -0.013213 0.166462 -0.151722
v -0.019202 0.170398 -0.151175
v -0.017353 0.166469 -0.147154
v 0.203901 0.186457 -0.000003
v 0.201222 0.165462 0.009995
v 0.201222 0.186457 0.009995
v 0.203901 0.165462 -0.000003
v -0.095542 0.218069 -0.046969
v -0.091909 0.221438 -0.050668
v -0.089415 0.217437 -0.046870
v -0.114747 0.221438 -0.048667
v -0.113958 0.219681 -0.046976
v -0.018571 0.166462 -0.201163
v -0.019005 0.171464 -0.206138
v -0.022638 0.170464 -0.201808
v 0.005472 0.214442 0.102808
v 0.017661 0.217437 0.120217
v 0.004116 0.217437 0.100867
v 0.017661 0.214442 0.120217
v 0.003425 0.216436 0.099893
v 0.003425 0.211441 0.099893
v 0.159462 0.216469 0.012279
v 0.160594 0.217437 0.017702
v 0.158126 0.221438 0.023882
v 0.159593 0.221438 0.029292
v 0.022512 0.209855 -0.161713
v 0.017727 0.217437 -0.153630
v 0.013857 0.221438 -0.154953
v 0.021057 0.210059 -0.167004
v 0.022532 0.208966 -0.164898
v 0.023591 0.171464 -0.154703
v 0.023591 0.206445 -0.154703
v 0.022091 0.206445 -0.156487
v 0.022091 0.171464 -0.156487
v -0.124528 0.264416 -0.005373
v -0.133933 0.263416 -0.017266
v -0.131017 0.265482 -0.015588
v -0.115294 0.265022 0.005322
v -0.138928 0.263416 -0.017990
v -0.133222 0.263416 -0.004340
v -0.138928 0.263416 0.013338
v -0.132695 0.263521 0.014589
v -0.133933 0.263416 -0.017266
v -0.115261 0.263416 0.005480
v -0.113964 0.263422 0.018255
v -0.109555 0.263416 0.018761
v -0.109555 0.263416 -0.010560
v -0.115379 0.263462 -0.011764
v 0.004643 0.171464 -0.169393
v 0.006571 0.171464 -0.167945
v 0.006571 0.203444 -0.167945
v 0.004643 0.203444 -0.169393
v 0.122177 0.171464 0.097780
v 0.122177 0.206445 0.097780
v 0.124474 0.206445 0.097379
v 0.124474 0.171464 0.097379
v -0.138606 0.181455 0.103210
v -0.132498 0.170444 0.099445
v -0.138790 0.170444 0.102269
v -0.131919 0.181455 0.100215
v 0.124527 0.264416 0.005374
v 0.133932 0.263416 0.017267
v 0.131299 0.265476 0.015793
v 0.115306 0.265055 -0.005314
v 0.138934 0.263416 0.017991
v 0.133227 0.263416 0.004341
v 0.138934 0.263416 -0.013337
v 0.132701 0.263541 -0.014594
v 0.133932 0.263416 0.017267
v 0.115260 0.263416 -0.005479
v 0.113950 0.263422 -0.018260
v 0.109553 0.263416 -0.018760
v 0.109553 0.263416 0.010554
v 0.115372 0.263468 0.011765
v 0.158685 0.181455 0.068426
v 0.152373 0.170444 0.065024
v 0.157961 0.170444 0.069065
v 0.152748 0.181455 0.064135
v -0.109232 0.265357 0.019012
v -0.109555 0.263416 0.018761
v -0.109364 0.265364 -0.010849
v -0.109555 0.263416 -0.010560
v -0.113977 0.265397 0.018617
v -0.132972 0.265364 -0.003287
v -0.113964 0.263422 0.018255
v -0.133222 0.263416 -0.004340
v 0.128791 0.209855 0.100347
v 0.124184 0.217437 0.092166
v 0.127264 0.221438 0.089481
v 0.134103 0.210059 0.101736
v 0.131543 0.208966 0.101959
v 0.144377 0.171464 0.088717
v 0.142159 0.171464 0.089665
v 0.142159 0.203444 0.089665
v 0.144377 0.203444 0.088717
v 0.113976 0.265397 -0.018615
v 0.133010 0.265364 0.003308
v 0.113950 0.263422 -0.018260
v 0.133227 0.263416 0.004341
v 0.109231 0.265364 -0.019010
v 0.109553 0.263416 -0.018760
v 0.109363 0.265364 0.010844
v 0.109553 0.263416 0.010554
v -0.038829 0.181455 0.149893
v -0.036795 0.170405 0.147866
v -0.039467 0.170444 0.149176
v -0.036624 0.181455 0.148992
v -0.132972 0.265364 -0.003287
v -0.132695 0.263521 0.014589
v -0.133222 0.263416 -0.004340
v -0.131721 0.265410 0.015642
v 0.133010 0.265364 0.003308
v 0.132701 0.263541 -0.014594
v 0.133227 0.263416 0.004341
v 0.131641 0.265410 -0.015667
v -0.110397 0.181455 -0.108573
v -0.109660 0.170405 -0.105802
v -0.109456 0.170444 -0.108770
v -0.110720 0.181455 -0.106217
v 0.149227 0.181455 -0.041322
v 0.146456 0.170405 -0.042066
v 0.148925 0.170444 -0.040407
v 0.147345 0.181455 -0.042777
v 0.142521 0.216449 0.056145
v 0.144067 0.218964 0.056750
v 0.141560 0.217160 0.058060
v -0.018044 0.181455 -0.153927
v -0.019202 0.170398 -0.151175
v -0.017169 0.170444 -0.153525
v -0.019768 0.181455 -0.152156
v -0.036683 0.181455 -0.148872
v -0.039467 0.170444 -0.149175
v -0.036946 0.170398 -0.147977
v -0.038829 0.181455 -0.149899
v 0.115372 0.263468 0.011765
v 0.115260 0.263416 -0.005479
v 0.115306 0.265055 -0.005314
v 0.116010 0.265410 0.012535
v 0.115260 0.263416 -0.005479
v 0.133932 0.263416 0.017267
v 0.124527 0.264416 0.005374
v 0.115306 0.265055 -0.005314
v 0.022676 0.171504 -0.162950
v 0.022512 0.209855 -0.161713
v 0.022532 0.208966 -0.164898
v 0.022334 0.171464 -0.165155
v -0.115261 0.263416 0.005480
v -0.133933 0.263416 -0.017266
v -0.124528 0.264416 -0.005373
v -0.115294 0.265022 0.005322
v -0.115379 0.263462 -0.011764
v -0.115261 0.263416 0.005480
v -0.115294 0.265022 0.005322
v -0.116044 0.265410 -0.012547
v 0.129779 0.171504 0.101110
v 0.128791 0.209855 0.100347
v 0.131543 0.208966 0.101959
v 0.131858 0.171464 0.101920
v -0.109364 0.265364 -0.010849
v -0.109555 0.263416 -0.010560
v -0.115379 0.263462 -0.011764
v -0.116044 0.265410 -0.012547
v 0.109363 0.265364 0.010844
v 0.109553 0.263416 0.010554
v 0.115372 0.263468 0.011765
v 0.116010 0.265410 0.012535
v 0.142323 0.181455 0.061338
v 0.140520 0.170398 0.058962
v 0.141540 0.170444 0.061897
v 0.141593 0.181455 0.058922
v 0.139125 0.265344 -0.013561
v 0.138934 0.263416 -0.013337
v 0.132701 0.263541 -0.014594
v 0.131641 0.265410 -0.015667
v 0.013936 0.214442 -0.147279
v 0.015002 0.216436 -0.145160
v -0.009251 0.216436 -0.104538
v -0.013022 0.214442 -0.102123
v -0.135071 0.265403 -0.037031
v -0.130497 0.265417 -0.035978
v -0.132011 0.262744 -0.035997
v -0.088224 0.216436 -0.046976
v -0.088263 0.211434 -0.046929
v -0.093430 0.215877 -0.046278
v -0.089415 0.217437 -0.046870
v -0.095542 0.218069 -0.046969
v 0.191264 0.163468 -0.004248
v 0.188157 0.163468 -0.007354
v 0.191264 0.213442 -0.004248
v 0.188157 0.213442 -0.007354
v -0.135716 0.265403 -0.029199
v -0.137480 0.265410 -0.034201
v -0.137020 0.263561 -0.032410
v -0.131866 0.263435 -0.029732
v -0.130761 0.265417 -0.029916
v -0.135716 0.265403 -0.029199
v -0.134683 0.262382 -0.030291
v -0.124284 0.181455 0.092587
v -0.121322 0.170398 0.092219
v -0.124376 0.170444 0.091633
v -0.121829 0.181455 0.093160
v -0.134512 0.214442 0.061575
v -0.133215 0.216436 0.059594
v -0.086164 0.216443 0.060265
v -0.081932 0.214442 0.062338
v 0.105993 0.265397 0.028825
v 0.110429 0.265417 0.030016
v 0.109080 0.262731 0.030095
v 0.131102 0.265417 -0.029199
v 0.129351 0.265417 -0.034280
v 0.129812 0.263561 -0.032410
v -0.135104 0.265403 0.028956
v -0.130563 0.265417 0.029904
v -0.132116 0.262771 0.029838
v 0.134965 0.263435 -0.029732
v 0.136071 0.265417 -0.029916
v 0.131102 0.265417 -0.029199
v 0.132141 0.262382 -0.030291
v 0.131911 0.265397 -0.037143
v 0.136347 0.265417 -0.035951
v 0.134998 0.262731 -0.035872
v -0.131800 0.263337 0.036176
v -0.130761 0.265417 0.036051
v -0.135703 0.265417 0.036788
v -0.134683 0.262382 0.035676
v -0.135703 0.265417 0.036788
v -0.137487 0.265410 0.031773
v -0.137020 0.263561 0.033557
v 0.109047 0.263435 0.036236
v 0.110152 0.265417 0.036051
v 0.105183 0.265417 0.036775
v 0.106230 0.262382 0.035676
v 0.105183 0.265417 0.036775
v 0.103433 0.265410 0.031688
v 0.103893 0.263561 0.033557
v -0.088263 0.211434 -0.046929
v -0.091403 0.212678 -0.043421
v -0.093430 0.215877 -0.046278
v -0.091245 0.211553 -0.041078
v 0.175415 0.163468 -0.000003
v 0.176554 0.163468 0.004249
v 0.175415 0.213442 -0.000003
v 0.176554 0.213442 0.004249
v -0.139126 0.265344 0.013562
v -0.138928 0.263416 0.013338
v -0.132695 0.263521 0.014589
v -0.131721 0.265410 0.015642
v -0.139238 0.265351 -0.018346
v -0.131017 0.265482 -0.015588
v -0.138928 0.263416 -0.017990
v -0.087704 0.163468 -0.151913
v -0.087704 0.213442 -0.151913
v -0.091955 0.213442 -0.150774
v -0.091955 0.163468 -0.150774
v 0.191264 0.163468 0.004249
v 0.192403 0.163468 -0.000003
v 0.191264 0.213442 0.004249
v 0.192403 0.213442 -0.000003
v -0.055974 0.217437 -0.098542
v -0.001241 0.216436 -0.153630
v 0.000997 0.217437 -0.155881
v 0.012955 0.206491 -0.167919
v 0.012955 0.203444 -0.167919
v -0.055974 0.216436 -0.098542
v -0.057356 0.217437 0.097747
v -0.132432 0.216436 0.077891
v -0.135499 0.217437 0.077081
v -0.151894 0.206491 0.072744
v -0.151894 0.203444 0.072744
v -0.057356 0.216436 0.097747
v 0.139243 0.265357 0.018347
v 0.131299 0.265476 0.015793
v 0.138934 0.263416 0.017991
v -0.091955 0.163468 -0.167768
v -0.096201 0.163468 -0.166629
v -0.091955 0.213442 -0.167768
v -0.096201 0.213442 -0.166629
v 0.183906 0.163468 -0.008493
v 0.179661 0.163468 -0.007354
v 0.183906 0.213442 -0.008493
v 0.179661 0.213442 -0.007354
v 0.183906 0.163468 0.008494
v 0.183906 0.213442 0.008494
v 0.179661 0.213442 0.007356
v 0.179661 0.163468 0.007356
v -0.084597 0.163468 -0.163516
v -0.087704 0.163468 -0.166629
v -0.084597 0.213442 -0.163516
v -0.087704 0.213442 -0.166629
v -0.100452 0.163468 -0.159271
v -0.099314 0.163468 -0.155019
v -0.100452 0.213442 -0.159271
v -0.099314 0.213442 -0.155019
v -0.096201 0.163468 0.151914
v -0.099314 0.163468 0.155020
v -0.096201 0.213442 0.151914
v -0.099314 0.213442 0.155020
v -0.099314 0.163468 0.163517
v -0.096201 0.163468 0.166630
v -0.099314 0.213442 0.163517
v -0.096201 0.213442 0.166630
v -0.103493 0.265410 0.034156
v -0.106402 0.265410 0.037118
v -0.105342 0.262955 0.035426
v -0.084597 0.163468 0.155020
v -0.087704 0.163468 0.151914
v -0.084597 0.213442 0.155020
v -0.087704 0.213442 0.151914
v -0.108778 0.262600 0.035920
v -0.106402 0.265410 0.037118
v -0.110318 0.265417 0.036051
v -0.108554 0.265417 0.028970
v -0.104428 0.265417 0.030115
v -0.105691 0.263027 0.030082
v -0.108824 0.262863 0.029996
v -0.084597 0.163468 -0.155019
v -0.083459 0.163468 -0.159271
v -0.084597 0.213442 -0.155019
v -0.083459 0.213442 -0.159271
v 0.137420 0.265417 0.034156
v 0.134511 0.265410 0.037118
v 0.135603 0.262955 0.035387
v -0.103493 0.265417 -0.031812
v -0.106402 0.265410 -0.028850
v -0.105309 0.262955 -0.030581
v 0.132135 0.262600 0.035933
v 0.134511 0.265410 0.037118
v 0.130595 0.265417 0.036051
v 0.132293 0.265417 0.028976
v 0.136479 0.265417 0.030102
v 0.135215 0.263027 0.030069
v 0.132095 0.262837 0.030016
v -0.087704 0.163468 0.166630
v -0.084597 0.163468 0.163517
v -0.087704 0.213442 0.166630
v -0.084597 0.213442 0.163517
v -0.108771 0.262600 -0.030035
v -0.106402 0.265410 -0.028850
v -0.110318 0.265417 -0.029916
v -0.108620 0.265417 -0.036991
v -0.104434 0.265417 -0.035866
v -0.105698 0.263027 -0.035899
v -0.108817 0.262837 -0.035951
v -0.111582 0.265417 -0.034207
v -0.108620 0.265417 -0.036991
v -0.108817 0.262837 -0.035951
v -0.109706 0.261862 -0.033681
v -0.111253 0.263870 -0.032292
v 0.129331 0.265417 0.031760
v 0.132293 0.265417 0.028976
v 0.132095 0.262837 0.030016
v 0.131207 0.261862 0.032287
v 0.129660 0.263870 0.033675
v 0.017661 0.214442 0.120217
v 0.063048 0.217437 0.132222
v 0.017661 0.217437 0.120217
v 0.065266 0.214442 0.132807
v 0.076613 0.207545 0.135809
v 0.076613 0.206445 0.135809
v -0.111641 0.265417 0.031819
v -0.108554 0.265417 0.028970
v -0.108824 0.262863 0.029996
v -0.109686 0.261856 0.032287
v -0.111193 0.263778 0.033735
v 0.017661 0.214442 0.120217
v 0.018879 0.216436 0.118473
v 0.064983 0.216436 0.130668
v 0.065266 0.214442 0.132807
v 0.133668 0.216436 0.075745
v 0.134498 0.217437 0.078805
v 0.126652 0.217437 0.049892
v 0.138940 0.206491 0.095174
v 0.138940 0.203444 0.095174
v 0.126652 0.216436 0.049892
v 0.095284 0.214442 -0.075408
v 0.082983 0.217437 -0.120709
v 0.095284 0.217437 -0.075408
v 0.082385 0.214442 -0.122927
v 0.079311 0.207545 -0.134254
v 0.079311 0.206445 -0.134254
v 0.085978 0.216436 -0.060185
v 0.093159 0.216436 -0.075586
v 0.095284 0.214442 -0.075408
v 0.086301 0.214442 -0.056137
v 0.095284 0.214442 -0.075408
v 0.093159 0.216436 -0.075586
v 0.080667 0.216436 -0.121611
v 0.082385 0.214442 -0.122927
v 0.098964 0.214442 0.046977
v 0.120578 0.214442 0.085703
v 0.118215 0.216436 0.085571
v 0.096680 0.216443 0.046983
v -0.131017 0.265482 -0.015588
v -0.133933 0.263416 -0.017266
v -0.138928 0.263416 -0.017990
v 0.131299 0.265476 0.015793
v 0.133932 0.263416 0.017267
v 0.138934 0.263416 0.017991
v 0.129660 0.263870 0.033675
v 0.131207 0.261862 0.032287
v 0.132135 0.262600 0.035933
v 0.130595 0.265417 0.036051
v 0.134175 0.261329 0.033063
v 0.135215 0.263027 0.030069
v 0.136959 0.263488 0.032820
v 0.135603 0.262955 0.035387
v -0.111193 0.263778 0.033735
v -0.109686 0.261856 0.032287
v -0.108778 0.262600 0.035920
v -0.110318 0.265417 0.036051
v -0.106731 0.261329 0.033070
v -0.105691 0.263027 0.030082
v -0.103954 0.263488 0.032820
v -0.105342 0.262955 0.035426
v -0.103493 0.265410 0.034156
v 0.105183 0.265423 -0.029199
v 0.103433 0.265410 -0.034280
v 0.103893 0.263561 -0.032410
v 0.105993 0.265390 -0.037136
v 0.110429 0.265417 -0.035951
v 0.109080 0.262731 -0.035872
v 0.109047 0.263435 -0.029732
v 0.110152 0.265417 -0.029916
v 0.105183 0.265423 -0.029199
v 0.106230 0.262382 -0.030291
v -0.111253 0.263870 -0.032292
v -0.109706 0.261862 -0.033681
v -0.108771 0.262600 -0.030035
v -0.110318 0.265417 -0.029916
v -0.106738 0.261329 -0.032904
v -0.105698 0.263027 -0.035899
v -0.103954 0.263488 -0.033148
v -0.105309 0.262955 -0.030581
v 0.124474 0.206445 0.097379
v 0.122177 0.206445 0.097780
v 0.124882 0.206445 0.093417
v 0.126705 0.206445 0.098057
v 0.120321 0.206445 0.099189
v 0.128304 0.206445 0.099537
v -0.155606 0.170418 0.099531
v -0.158318 0.170444 0.100821
v -0.158304 0.181481 0.102012
v -0.155264 0.181455 0.100558
v 0.164003 0.170418 0.084992
v 0.166471 0.170444 0.086697
v 0.167498 0.181481 0.086091
v 0.164714 0.181455 0.084183
v 0.091204 0.260415 -0.042401
v 0.091888 0.218700 -0.044758
v 0.092007 0.260415 -0.044718
v 0.022091 0.206445 -0.156487
v 0.023591 0.206445 -0.154703
v 0.018464 0.206445 -0.154861
v 0.021564 0.206445 -0.158757
v 0.025737 0.206445 -0.153788
v 0.022051 0.206445 -0.160883
v 0.141277 0.170444 -0.062377
v 0.141316 0.181455 -0.059494
v 0.142758 0.181475 -0.062771
v 0.140362 0.170405 -0.059421
v 0.109080 0.262731 -0.035872
v 0.110429 0.265417 -0.035951
v 0.111251 0.263574 -0.032628
v 0.111548 0.265417 -0.032799
v -0.124659 0.170444 -0.091158
v -0.122178 0.181455 -0.092639
v -0.125693 0.181481 -0.092244
v -0.121638 0.170405 -0.091842
v -0.016616 0.170444 0.153539
v -0.019137 0.181455 0.152131
v -0.017017 0.181475 0.155020
v -0.018722 0.170405 0.151262
v 0.113950 0.263422 -0.018260
v 0.109553 0.263416 -0.018760
v 0.109231 0.265364 -0.019010
v 0.113976 0.265397 -0.018615
v -0.150565 0.258447 -0.053788
v -0.151150 0.265581 -0.052195
v -0.113964 0.263422 0.018255
v -0.109555 0.263416 0.018761
v -0.109232 0.265357 0.019012
v -0.113977 0.265397 0.018617
v 0.151129 0.265417 0.052262
v 0.150557 0.258348 0.053789
v -0.039230 0.181455 -0.161245
v -0.037809 0.170405 -0.163950
v -0.040079 0.170444 -0.161699
v -0.037243 0.181455 -0.163062
v -0.129602 0.263712 0.033366
v -0.131800 0.263337 0.036176
v -0.132485 0.261369 0.033076
v -0.134683 0.262382 0.035676
v -0.132116 0.262771 0.029838
v -0.135644 0.261915 0.032083
v -0.135104 0.265403 0.028956
v 0.111251 0.263574 -0.032628
v 0.109047 0.263435 -0.029732
v 0.108329 0.261369 -0.032832
v 0.106230 0.262382 -0.030291
v 0.109080 0.262731 -0.035872
v 0.105282 0.261909 -0.033905
v 0.105993 0.265390 -0.037136
v 0.144067 0.218964 0.056750
v 0.146595 0.221682 0.055618
v 0.141560 0.217160 0.058060
v 0.111251 0.263574 0.033340
v 0.109047 0.263435 0.036236
v 0.108329 0.261369 0.033136
v 0.106230 0.262382 0.035676
v 0.109080 0.262731 0.030095
v 0.105282 0.261909 0.032063
v 0.105993 0.265397 0.028825
v 0.137170 0.263574 -0.032628
v 0.134965 0.263435 -0.029732
v 0.134241 0.261369 -0.032832
v 0.132141 0.262382 -0.030291
v 0.134998 0.262731 -0.035872
v 0.131200 0.261909 -0.033905
v 0.131911 0.265397 -0.037143
v 0.105183 0.265417 0.036775
v 0.103893 0.263561 0.033557
v 0.106230 0.262382 0.035676
v 0.105282 0.261909 0.032063
v 0.108329 0.261369 0.033136
v 0.106230 0.262382 0.035676
v 0.105282 0.261909 0.032063
v 0.131102 0.265417 -0.029199
v 0.129812 0.263561 -0.032410
v 0.132141 0.262382 -0.030291
v 0.131200 0.261909 -0.033905
v 0.134241 0.261369 -0.032832
v 0.132141 0.262382 -0.030291
v 0.131200 0.261909 -0.033905
v 0.105183 0.265423 -0.029199
v 0.103893 0.263561 -0.032410
v 0.106230 0.262382 -0.030291
v 0.105282 0.261909 -0.033905
v 0.108329 0.261369 -0.032832
v 0.106230 0.262382 -0.030291
v 0.105282 0.261909 -0.033905
v -0.135703 0.265417 0.036788
v -0.137020 0.263561 0.033557
v -0.134683 0.262382 0.035676
v -0.135644 0.261915 0.032083
v -0.132485 0.261369 0.033076
v -0.134683 0.262382 0.035676
v -0.135644 0.261915 0.032083
v -0.129661 0.263574 -0.032628
v -0.131866 0.263435 -0.029732
v -0.132590 0.261369 -0.032838
v -0.134683 0.262382 -0.030291
v -0.132011 0.262744 -0.035997
v -0.135637 0.261915 -0.033911
v -0.135071 0.265403 -0.037031
v -0.135716 0.265403 -0.029199
v -0.137020 0.263561 -0.032410
v -0.134683 0.262382 -0.030291
v -0.135637 0.261915 -0.033911
v -0.132590 0.261369 -0.032838
v -0.134683 0.262382 -0.030291
v -0.135637 0.261915 -0.033911
v -0.132116 0.262771 0.029838
v -0.130563 0.265417 0.029904
v -0.129602 0.263712 0.033366
v -0.132485 0.261369 0.033076
v -0.129365 0.265417 0.033169
v 0.134998 0.262731 -0.035872
v 0.136347 0.265417 -0.035951
v 0.137170 0.263574 -0.032628
v 0.137459 0.265417 -0.032799
v 0.109080 0.262731 0.030095
v 0.110429 0.265417 0.030016
v 0.111251 0.263574 0.033340
v 0.111548 0.265417 0.033169
v 0.164398 0.171458 -0.071696
v 0.167465 0.206445 -0.071729
v 0.164312 0.206439 -0.071742
v 0.166853 0.171458 -0.071657
v -0.020111 0.171458 0.178220
v -0.021611 0.206445 0.180893
v -0.020025 0.206439 0.178168
v -0.021374 0.171458 0.180327
v -0.144292 0.171458 -0.106526
v -0.145852 0.206445 -0.109165
v -0.144286 0.206439 -0.106427
v -0.145484 0.171458 -0.108671
v -0.132011 0.262744 -0.035997
v -0.130497 0.265417 -0.035978
v -0.129661 0.263574 -0.032628
v -0.132590 0.261369 -0.032838
v -0.129365 0.265417 -0.032799
v -0.038394 0.181468 0.167545
v -0.040862 0.170411 0.165432
v -0.038783 0.170451 0.168526
v -0.039862 0.181455 0.165195
v 0.164293 0.181468 -0.050523
v 0.163700 0.170411 -0.047331
v 0.165339 0.170451 -0.050681
v 0.162996 0.181455 -0.048075
v -0.125903 0.181468 -0.117024
v -0.122836 0.170411 -0.118103
v -0.125482 0.170444 -0.118077
v -0.123132 0.181455 -0.117122
v -0.149676 0.206445 0.058021
v -0.150584 0.171464 0.060278
v -0.149676 0.171464 0.058021
v -0.150584 0.206445 0.060278
v -0.078338 0.171444 0.201500
v -0.080694 0.169444 0.198808
v -0.080392 0.188965 0.199433
v -0.078068 0.190446 0.201585
v 0.213668 0.171444 -0.032911
v 0.212516 0.169444 -0.029521
v 0.212911 0.188965 -0.030094
v 0.213608 0.190446 -0.033187
v -0.135335 0.171444 -0.168590
v -0.131827 0.169444 -0.169281
v -0.132518 0.188965 -0.169341
v -0.135545 0.190446 -0.168399
v 0.211614 0.169444 0.031253
v 0.212174 0.171458 0.034814
v 0.211904 0.188965 0.031879
v 0.212062 0.190452 0.035051
v -0.132873 0.169444 0.167637
v -0.136236 0.171458 0.166341
v -0.133558 0.188965 0.167571
v -0.136388 0.190452 0.166130
v -0.104947 0.217437 -0.130740
v -0.100716 0.217437 -0.111943
v -0.100716 0.216436 -0.111943
v -0.104947 0.216436 -0.130740
v -0.055974 0.216436 -0.098542
v -0.055974 0.217437 -0.098542
v -0.085578 0.216436 -0.095949
v -0.085578 0.217437 -0.095949
v -0.057356 0.216436 0.097747
v -0.057356 0.217437 0.097747
v -0.040310 0.216436 0.122086
v -0.040310 0.217437 0.122086
v -0.078746 0.169444 -0.198885
v -0.075962 0.171444 -0.201143
v -0.078351 0.188958 -0.199445
v -0.075732 0.190446 -0.201176
v -0.060752 0.217437 0.156258
v -0.046588 0.217437 0.143193
v -0.046588 0.216436 0.143193
v -0.060752 0.216436 0.156258
v 0.178542 0.216436 -0.020787
v 0.178542 0.217437 -0.020787
v 0.160594 0.216436 0.017702
v 0.160594 0.217437 0.017702
v -0.106738 0.261329 -0.032904
v -0.109706 0.261862 -0.033681
v -0.105698 0.263027 -0.035899
v -0.108817 0.262837 -0.035951
v -0.071263 0.216436 0.165018
v -0.071263 0.217437 0.165018
v -0.095621 0.216436 0.130227
v -0.095621 0.217437 0.130227
v 0.134175 0.261329 0.033063
v 0.131207 0.261862 0.032287
v 0.135215 0.263027 0.030069
v 0.132095 0.262837 0.030016
v -0.107277 0.216436 -0.144225
v -0.107277 0.217437 -0.144225
v -0.064971 0.216436 -0.147924
v -0.064971 0.217437 -0.147924
v -0.106731 0.261329 0.033070
v -0.109686 0.261856 0.032287
v -0.105691 0.263027 0.030082
v -0.108824 0.262863 0.029996
v -0.095621 0.216436 0.130227
v -0.095621 0.217437 0.130227
v -0.075192 0.216436 0.135631
v -0.075192 0.217437 0.135631
v -0.064971 0.216436 -0.147924
v -0.064971 0.217437 -0.147924
v -0.079865 0.216436 -0.132931
v -0.079865 0.217437 -0.132931
v 0.022091 0.171464 -0.156487
v 0.022091 0.206445 -0.156487
v 0.021564 0.206445 -0.158757
v 0.021564 0.171464 -0.158757
v 0.124474 0.171464 0.097379
v 0.124474 0.206445 0.097379
v 0.126705 0.206445 0.098057
v 0.126705 0.171464 0.098057
v -0.022980 0.181455 -0.164279
v -0.020374 0.170444 -0.163740
v -0.022928 0.170444 -0.165280
v -0.020907 0.181455 -0.162825
v -0.040310 0.216436 0.122086
v -0.040310 0.217437 0.122086
v -0.062444 0.216436 0.116235
v -0.062444 0.217437 0.116235
v -0.085578 0.216436 -0.095949
v -0.085578 0.217437 -0.095949
v -0.069440 0.216436 -0.112193
v -0.069440 0.217437 -0.112193
v 0.129351 0.265417 -0.034280
v 0.131911 0.265397 -0.037143
v 0.131200 0.261909 -0.033905
v 0.129812 0.263561 -0.032410
v -0.079865 0.216436 -0.132931
v -0.079865 0.217437 -0.132931
v -0.104947 0.216436 -0.130740
v -0.104947 0.217437 -0.130740
v -0.137480 0.265410 -0.034201
v -0.135071 0.265403 -0.037031
v -0.135637 0.261915 -0.033911
v -0.137020 0.263561 -0.032410
v 0.103433 0.265410 0.031688
v 0.105993 0.265397 0.028825
v 0.105282 0.261909 0.032063
v 0.103893 0.263561 0.033557
v 0.103433 0.265410 -0.034280
v 0.105993 0.265390 -0.037136
v 0.105282 0.261909 -0.033905
v 0.103893 0.263561 -0.032410
v -0.075192 0.216436 0.135631
v -0.075192 0.217437 0.135631
v -0.060752 0.216436 0.156258
v -0.060752 0.217437 0.156258
v -0.073961 0.217437 0.099781
v -0.085262 0.217437 0.110200
v -0.085262 0.216436 0.110200
v -0.073961 0.216436 0.099781
v -0.085262 0.216436 0.110200
v -0.085262 0.217437 0.110200
v -0.115188 0.216436 0.102282
v -0.115188 0.217437 0.102282
v 0.159462 0.216469 0.012279
v 0.160594 0.216436 0.017702
v 0.160594 0.217437 0.017702
v -0.052808 0.216436 -0.128936
v -0.052808 0.217437 -0.128936
v -0.030983 0.216436 -0.150899
v -0.030983 0.217437 -0.150899
v -0.049432 0.217437 -0.113943
v -0.052808 0.217437 -0.128936
v -0.052808 0.216436 -0.128936
v -0.049432 0.216436 -0.113943
v -0.137487 0.265410 0.031773
v -0.135104 0.265403 0.028956
v -0.135644 0.261915 0.032083
v -0.137020 0.263561 0.033557
v 0.003616 0.171464 -0.171585
v 0.004643 0.171464 -0.169393
v 0.004643 0.203444 -0.169393
v 0.003616 0.203444 -0.171585
v -0.069440 0.216436 -0.112193
v -0.069440 0.217437 -0.112193
v -0.049432 0.216436 -0.113943
v -0.049432 0.217437 -0.113943
v -0.062444 0.216436 0.116235
v -0.062444 0.217437 0.116235
v -0.073961 0.216436 0.099781
v -0.073961 0.217437 0.099781
v -0.132485 0.261369 0.033076
v -0.135644 0.261915 0.032083
v -0.132116 0.262771 0.029838
v 0.146786 0.171464 0.088921
v 0.144377 0.171464 0.088717
v 0.144377 0.203444 0.088717
v 0.146786 0.203444 0.088921
v -0.150407 0.171464 0.082656
v -0.149024 0.171464 0.080675
v -0.149024 0.203444 0.080675
v -0.150407 0.203444 0.082656
v -0.106731 0.261329 0.033070
v -0.108778 0.262600 0.035920
v -0.109686 0.261856 0.032287
v -0.108778 0.262600 0.035920
v -0.105342 0.262955 0.035426
v -0.106402 0.265410 0.037118
v -0.108771 0.262600 -0.030035
v -0.105309 0.262955 -0.030581
v -0.106402 0.265410 -0.028850
v -0.106738 0.261329 -0.032904
v -0.108771 0.262600 -0.030035
v -0.109706 0.261862 -0.033681
v 0.132135 0.262600 0.035933
v 0.135603 0.262955 0.035387
v 0.134511 0.265410 0.037118
v 0.134175 0.261329 0.033063
v 0.132135 0.262600 0.035933
v 0.131207 0.261862 0.032287
v -0.132590 0.261369 -0.032838
v -0.135637 0.261915 -0.033911
v -0.132011 0.262744 -0.035997
v -0.131866 0.263435 -0.029732
v -0.129661 0.263574 -0.032628
v -0.130761 0.265417 -0.029916
v -0.129365 0.265417 -0.032799
v -0.030983 0.216436 -0.150899
v -0.030983 0.217437 -0.150899
v -0.020802 0.217450 -0.151801
v -0.019341 0.216436 -0.151972
v -0.115188 0.216436 0.102282
v -0.115188 0.217437 0.102282
v -0.121059 0.217450 0.093917
v -0.121941 0.216436 0.092732
v 0.134965 0.263435 -0.029732
v 0.137170 0.263574 -0.032628
v 0.136071 0.265417 -0.029916
v 0.137459 0.265417 -0.032799
v 0.134241 0.261369 -0.032832
v 0.131200 0.261909 -0.033905
v 0.134998 0.262731 -0.035872
v 0.134241 0.261369 -0.032832
v 0.134998 0.262731 -0.035872
v 0.137170 0.263574 -0.032628
v -0.131800 0.263337 0.036176
v -0.129602 0.263712 0.033366
v -0.130761 0.265417 0.036051
v -0.129365 0.265417 0.033169
v 0.109047 0.263435 -0.029732
v 0.111251 0.263574 -0.032628
v 0.110152 0.265417 -0.029916
v 0.111548 0.265417 -0.032799
v 0.109047 0.263435 0.036236
v 0.111251 0.263574 0.033340
v 0.110152 0.265417 0.036051
v 0.111548 0.265417 0.033169
v 0.108329 0.261369 0.033136
v 0.109080 0.262731 0.030095
v 0.111251 0.263574 0.033340
v 0.108329 0.261369 0.033136
v 0.105282 0.261909 0.032063
v 0.109080 0.262731 0.030095
v 0.108329 0.261369 -0.032832
v 0.105282 0.261909 -0.033905
v 0.109080 0.262731 -0.035872
v 0.108329 0.261369 -0.032832
v 0.109080 0.262731 -0.035872
v 0.111251 0.263574 -0.032628
v -0.105691 0.263027 0.030082
v -0.104428 0.265417 0.030115
v -0.103954 0.263488 0.032820
v -0.038829 0.181455 -0.149899
v -0.041014 0.170339 -0.151551
v -0.039467 0.170444 -0.149175
v -0.040033 0.181462 -0.151919
v -0.105698 0.263027 -0.035899
v -0.104434 0.265417 -0.035866
v -0.103954 0.263488 -0.033148
v 0.135215 0.263027 0.030069
v 0.136479 0.265417 0.030102
v 0.136959 0.263488 0.032820
v -0.017708 0.181462 -0.156033
v -0.017169 0.170444 -0.153525
v -0.016747 0.170411 -0.156230
v -0.018044 0.181455 -0.153927
v 0.182306 0.170444 0.051558
v 0.183478 0.181455 0.053980
v 0.184307 0.170444 0.053486
v 0.181767 0.181455 0.052413
v -0.111450 0.181455 -0.110600
v -0.110397 0.181455 -0.108573
v -0.109456 0.170444 -0.108770
v -0.110825 0.170444 -0.111317
v -0.135802 0.170444 0.132103
v -0.138487 0.181455 0.131906
v -0.138474 0.170444 0.132873
v -0.136276 0.181455 0.131208
v -0.040059 0.181455 0.151822
v -0.038829 0.181455 0.149893
v -0.039467 0.170444 0.149176
v -0.040988 0.170444 0.151637
v 0.151511 0.181455 -0.041223
v 0.149227 0.181455 -0.041322
v 0.148925 0.170444 -0.040407
v 0.151814 0.170444 -0.040322
v -0.110397 0.181455 0.108574
v -0.110700 0.170444 0.111220
v -0.109456 0.170444 0.108765
v -0.111490 0.181462 0.110588
v 0.149227 0.181455 0.041323
v 0.151669 0.170444 0.040264
v 0.148925 0.170444 0.040408
v 0.151518 0.181462 0.041257
v 0.157435 0.216436 -0.028093
v 0.165694 0.216436 -0.025520
v 0.165694 0.217437 -0.025520
v 0.157435 0.217437 -0.028093
v 0.159462 0.217437 -0.012139
v 0.165694 0.217437 -0.025520
v 0.165694 0.216436 -0.025520
v 0.159462 0.216436 -0.012139
v -0.105309 0.262955 -0.030581
v -0.108771 0.262600 -0.030035
v -0.106738 0.261329 -0.032904
v -0.113958 0.219681 -0.046976
v -0.116432 0.221438 -0.046976
v -0.114747 0.221438 -0.048667
v -0.105342 0.262955 0.035426
v -0.108778 0.262600 0.035920
v -0.106731 0.261329 0.033070
v 0.135603 0.262955 0.035387
v 0.132135 0.262600 0.035933
v 0.134175 0.261329 0.033063
v 0.141336 0.215943 0.060462
v 0.142521 0.216449 0.056145
v 0.141560 0.217160 0.058060
v 0.130595 0.265417 0.036051
v 0.129331 0.265417 0.031760
v 0.129660 0.263870 0.033675
v -0.126061 0.181455 0.093232
v -0.124376 0.170444 0.091633
v -0.126634 0.170444 0.092449
v -0.124284 0.181455 0.092587
v 0.143771 0.181455 0.062555
v 0.141540 0.170444 0.061897
v 0.143383 0.170444 0.063444
v 0.142323 0.181455 0.061338
v -0.110318 0.265417 -0.029916
v -0.111582 0.265417 -0.034207
v -0.111253 0.263870 -0.032292
v -0.110318 0.265417 0.036051
v -0.111641 0.265417 0.031819
v -0.111193 0.263778 0.033735
v 0.093178 0.210421 -0.036169
v -0.093180 0.210421 0.036170
v -0.104434 0.265417 -0.035866
v -0.103493 0.265417 -0.031812
v -0.103954 0.263488 -0.033148
v -0.103493 0.265417 -0.031812
v -0.105309 0.262955 -0.030581
v -0.103954 0.263488 -0.033148
v -0.104428 0.265417 0.030115
v -0.103493 0.265410 0.034156
v -0.103954 0.263488 0.032820
v 0.136479 0.265417 0.030102
v 0.137420 0.265417 0.034156
v 0.136959 0.263488 0.032820
v 0.137420 0.265417 0.034156
v 0.135603 0.262955 0.035387
v 0.136959 0.263488 0.032820
v 0.143001 0.170444 -0.063884
v 0.141277 0.170444 -0.062377
v 0.142758 0.181475 -0.062771
v -0.016175 0.170444 0.155784
v -0.016616 0.170444 0.153539
v -0.017017 0.181475 0.155020
v -0.126825 0.170444 -0.091895
v -0.124659 0.170444 -0.091158
v -0.125693 0.181481 -0.092244
v -0.158318 0.170444 0.100821
v -0.159601 0.170444 0.102664
v -0.158304 0.181481 0.102012
v 0.166471 0.170444 0.086697
v 0.168709 0.170444 0.086888
v 0.167498 0.181481 0.086091
v 0.084793 0.216436 -0.052912
v -0.145852 0.206445 -0.109165
v -0.144279 0.206445 -0.109073
v -0.144286 0.206439 -0.106427
v -0.021611 0.206445 0.180893
v -0.022322 0.206445 0.179484
v -0.020025 0.206439 0.178168
v 0.167465 0.206445 -0.071729
v 0.166596 0.206445 -0.070413
v 0.164312 0.206439 -0.071742
vt 0.319340 0.201525
vt 0.319340 0.201525
vt 0.319340 0.201525
vt 0.319340 0.201525
vt 0.319340 0.201525
vt 0.319340 0.201525
vt 0.319340 0.201525
vt 0.319340 0.201525
vt 0.319340 0.201525
vt 0.319340 0.201525
vt 0.319340 0.201525
vt 0.319340 0.201525
vt 0.319340 0.201525
vt 0.319340 0.201525
vt 0.319340 0.201525
vt 0.319340 0.201525
vt 0.319340 0.201525
vt 0.319340 0.201525
vt 0.319340 0.201525
vt 0.319340 0.201525
vt 0.319340 0.201525
vt 0.319340 0.201525
vt 0.319340 0.201525
vt 0.319340 0.201525
vt 0.319340 0.201525
vt 0.319340 0.201525
vt 0.319340 0.201525
vt 0.319340 0.201525
vt 0.319340 0.201525
vt 0.319340 0.201525
vt 0.319340 0.201525
vt 0.319340 0.201525
vt 0.319340 0.201525
vt 0.319340 0.201525
vt 0.319340 0.201525
vt 0.319340 0.201525
vt 0.319340 0.201525
vt 0.319340 0.201525
vt 0.319340 0.201525
vt 0.319340 0.201525
vt 0.319340 0.201525
vt 0.319340 0.201525
vt 0.319340 0.201525
vt 0.319340 0.201525
vt 0.319340 0.201525
vt 0.319340 0.201525
vt 0.319340 0.201525
vt 0.319340 0.201525
vt 0.319340 0.201525
vt 0.319340 0.201525
vt 0.319340 0.201525
vt 0.319340 0.201525
vt 0.319340 0.201525
vt 0.319340 0.201525
vt 0.319340 0.201525
vt 0.319340 0.201525
vt 0.319340 0.201525
vt 0.319340 0.201525
vt 0.319340 0.201525
vt 0.319340 0.201525
vt 0.319340 0.201525
vt 0.319340 0.201525
vt 0.319340 0.201525
vt 0.319340 0.201525
vt 0.319340 0.201525
vt 0.319340 0.201525
vt 0.319340 0.201525
vt 0.319340 0.201525
vt 0.319340 0.201525
vt 0.319340 0.201525
vt 0.319340 0.201525
vt 0.319340 0.201525
vt 0.319340 0.201525
vt 0.319340 0.201525
vt 0.319340 0.201525
vt 0.319340 0.201525
vt 0.319340 0.201525
vt 0.319340 0.201525
vt 0.319340 0.201525
vt 0.319340 0.201525
vt 0.319340 0.201525
vt 0.319340 0.201525
vt 0.319340 0.201525
vt 0.319340 0.201525
vt 0.319340 0.201525
vt 0.319340 0.201525
vt 0.319340 0.201525
vt 0.319340 0.201525
vt 0.319340 0.201525
vt 0.319340 0.201525
vt 0.319340 0.201525
vt 0.319340 0.201525
vt 0.319340 0.201525
vt 0.319340 0.201525
vt 0.319340 0.201525
vt 0.319340 0.201525
vt 0.319340 0.201525
vt 0.319340 0.201525
vt 0.319340 0.201525
vt 0.319340 0.201525
vt 0.319340 0.201525
vt 0.319340 0.201525
vt 0.319340 0.201525
vt 0.319340 0.201525
vt 0.319340 0.201525
vt 0.319340 0.201525
vt 0.319340 0.201525
vt 0.319340 0.201525
vt 0.319340 0.201525
vt 0.319340 0.201525
vt 0.319340 0.201525
vt 0.319340 0.201525
vt 0.319340 0.201525
vt 0.319340 0.201525
vt 0.319340 0.201525
vt 0.319340 0.201525
vt 0.319340 0.201525
vt 0.319340 0.201525
vt 0.319340 0.201525
vt 0.319340 0.201525
vt 0.319340 0.201525
vt 0.319340 0.201525
vt 0.319340 0.201525
vt 0.319340 0.201525
vt 0.319340 0.201525
vt 0.319340 0.201525
vt 0.319340 0.201525
vt 0.319340 0.201525
vt 0.319340 0.201525
vt 0.319340 0.201525
vt 0.319340 0.201525
vt 0.319340 0.201525
vt 0.319340 0.201525
vt 0.319340 0.201525
vt 0.319340 0.201525
vt 0.319340 0.201525
vt 0.319340 0.201525
vt 0.319340 0.201525
vt 0.319340 0.201525
vt 0.319340 0.201525
vt 0.319340 0.201525
vt 0.319340 0.201525
vt 0.319340 0.201525
vt 0.319340 0.201525
vt 0.319340 0.201525
vt 0.319340 0.201525
vt 0.319340 0.201525
vt 0.319340 0.201525
vt 0.319340 0.201525
vt 0.319340 0.201525
vt 0.319340 0.201525
vt 0.319340 0.201525
vt 0.319340 0.201525
vt 0.319340 0.201525
vt 0.319340 0.201525
vt 0.319340 0.201525
vt 0.319340 0.201525
vt 0.319340 0.201525
vt 0.319340 0.201525
vt 0.319340 0.201525
vt 0.319340 0.201525
vt 0.319340 0.201525
vt 0.319340 0.201525
vt 0.319340 0.201525
vt 0.319340 0.201525
vt 0.319340 0.201525
vt 0.319340 0.201525
vt 0.319340 0.201525
vt 0.319340 0.201525
vt 0.319340 0.201525
vt 0.319340 0.201525
vt 0.319340 0.201525
vt 0.319340 0.201525
vt 0.319340 0.201525
vt 0.319340 0.201525
vt 0.319340 0.201525
vt 0.319340 0.201525
vt 0.319340 0.201525
vt 0.319340 0.201525
vt 0.319340 0.201525
vt 0.319340 0.201525
vt 0.319340 0.201525
vt 0.319340 0.201525
vt 0.319340 0.201525
vt 0.319340 0.201525
vt 0.319340 0.201525
vt 0.319340 0.201525
vt 0.319340 0.201525
vt 0.319340 0.201525
vt 0.319340 0.201525
vt 0.319340 0.201525
vt 0.319340 0.201525
vt 0.319340 0.201525
vt 0.319340 0.201525
vt 0.319340 0.201525
vt 0.319340 0.201525
vt 0.319340 0.201525
vt 0.319340 0.201525
vt 0.319340 0.201525
vt 0.319340 0.201525
vt 0.319340 0.201525
vt 0.319340 0.201525
vt 0.319340 0.201525
vt 0.319340 0.201525
vt 0.319340 0.201525
vt 0.319340 0.201525
vt 0.319340 0.201525
vt 0.319340 0.201525
vt 0.319340 0.201525
vt 0.319340 0.201525
vt 0.319340 0.201525
vt 0.319340 0.201525
vt 0.319340 0.201525
vt 0.319340 0.201525
vt 0.319340 0.201525
vt 0.319340 0.201525
vt 0.319340 0.201525
vt 0.319340 0.201525
vt 0.319340 0.201525
vt 0.319340 0.201525
vt 0.319340 0.201525
vt 0.319340 0.201525
vt 0.319340 0.201525
vt 0.319340 0.201525
vt 0.319340 0.201525
vt 0.319340 0.201525
vt 0.319340 0.201525
vt 0.319340 0.201525
vt 0.319340 0.201525
vt 0.319340 0.201525
vt 0.319340 0.201525
vt 0.319340 0.201525
vt 0.319340 0.201525
vt 0.319340 0.201525
vt 0.319340 0.201525
vt 0.319340 0.201525
vt 0.319340 0.201525
vt 0.319340 0.201525
vt 0.319340 0.201525
vt 0.319340 0.201525
vt 0.319340 0.201525
vt 0.319340 0.201525
vt 0.319340 0.201525
vt 0.319340 0.201525
vt 0.319340 0.201525
vt 0.319340 0.201525
vt 0.319340 0.201525
vt 0.319340 0.201525
vt 0.319340 0.201525
vt 0.319340 0.201525
vt 0.319340 0.201525
vt 0.319340 0.201525
vt 0.319340 0.201525
vt 0.319340 0.201525
vt 0.319340 0.201525
vt 0.319340 0.201525
vt 0.319340 0.201525
vt 0.319340 0.201525
vt 0.319340 0.201525
vt 0.319340 0.201525
vt 0.319340 0.201525
vt 0.319340 0.201525
vt 0.319340 0.201525
vt 0.319340 0.201525
vt 0.319340 0.201525
vt 0.319340 0.201525
vt 0.319340 0.201525
vt 0.319340 0.201525
vt 0.319340 0.201525
vt 0.319340 0.201525
vt 0.319340 0.201525
vt 0.319340 0.201525
vt 0.319340 0.201525
vt 0.319340 0.201525
vt 0.319340 0.201525
vt 0.319340 0.201525
vt 0.319340 0.201525
vt 0.319340 0.201525
vt 0.319340 0.201525
vt 0.319340 0.201525
vt 0.319340 0.201525
vt 0.319340 0.201525
vt 0.319340 0.201525
vt 0.319340 0.201525
vt 0.319340 0.201525
vt 0.319340 0.201525
vt 0.319340 0.201525
vt 0.319340 0.201525
vt 0.319340 0.201525
vt 0.319340 0.201525
vt 0.319340 0.201525
vt 0.319340 0.201525
vt 0.319340 0.201525
vt 0.319340 0.201525
vt 0.319340 0.201525
vt 0.319340 0.201525
vt 0.319340 0.201525
vt 0.319340 0.201525
vt 0.319340 0.201525
vt 0.319340 0.201525
vt 0.319340 0.201525
vt 0.319340 0.201525
vt 0.319340 0.201525
vt 0.319340 0.201525
vt 0.319340 0.201525
vt 0.319340 0.201525
vt 0.319340 0.201525
vt 0.319340 0.201525
vt 0.319340 0.201525
vt 0.319340 0.201525
vt 0.319340 0.201525
vt 0.319340 0.201525
vt 0.319340 0.201525
vt 0.319340 0.201525
vt 0.319340 0.201525
vt 0.319340 0.201525
vt 0.319340 0.201525
vt 0.319340 0.201525
vt 0.319340 0.201525
vt 0.319340 0.201525
vt 0.319340 0.201525
vt 0.319340 0.201525
vt 0.319340 0.201525
vt 0.319340 0.201525
vt 0.319340 0.201525
vt 0.319340 0.201525
vt 0.319340 0.201525
vt 0.319340 0.201525
vt 0.319340 0.201525
vt 0.319340 0.201525
vt 0.319340 0.201525
vt 0.319340 0.201525
vt 0.319340 0.201525
vt 0.319340 0.201525
vt 0.319340 0.201525
vt 0.319340 0.201525
vt 0.319340 0.201525
vt 0.319340 0.201525
vt 0.319340 0.201525
vt 0.319340 0.201525
vt 0.319340 0.201525
vt 0.319340 0.201525
vt 0.319340 0.201525
vt 0.319340 0.201525
vt 0.319340 0.201525
vt 0.319340 0.201525
vt 0.319340 0.201525
vt 0.319340 0.201525
vt 0.319340 0.201525
vt 0.319340 0.201525
vt 0.319340 0.201525
vt 0.319340 0.201525
vt 0.319340 0.201525
vt 0.319340 0.201525
vt 0.319340 0.201525
vt 0.319340 0.201525
vt 0.319340 0.201525
vt 0.319340 0.201525
vt 0.319340 0.201525
vt 0.319340 0.201525
vt 0.319340 0.201525
vt 0.319340 0.201525
vt 0.319340 0.201525
vt 0.319340 0.201525
vt 0.319340 0.201525
vt 0.319340 0.201525
vt 0.319340 0.201525
vt 0.319340 0.201525
vt 0.319340 0.201525
vt 0.319340 0.201525
vt 0.319340 0.201525
vt 0.319340 0.201525
vt 0.319340 0.201525
vt 0.319340 0.201525
vt 0.319340 0.201525
vt 0.319340 0.201525
vt 0.319340 0.201525
vt 0.319340 0.201525
vt 0.319340 0.201525
vt 0.319340 0.201525
vt 0.319340 0.201525
vt 0.319340 0.201525
vt 0.319340 0.201525
vt 0.319340 0.201525
vt 0.319340 0.201525
vt 0.319340 0.201525
vt 0.319340 0.201525
vt 0.319340 0.201525
vt 0.319340 0.201525
vt 0.319340 0.201525
vt 0.319340 0.201525
vt 0.319340 0.201525
vt 0.319340 0.201525
vt 0.319340 0.201525
vt 0.319340 0.201525
vt 0.319340 0.201525
vt 0.319340 0.201525
vt 0.319340 0.201525
vt 0.319340 0.201525
vt 0.319340 0.201525
vt 0.319340 0.201525
vt 0.319340 0.201525
vt 0.319340 0.201525
vt 0.319340 0.201525
vt 0.319340 0.201525
vt 0.319340 0.201525
vt 0.319340 0.201525
vt 0.319340 0.201525
vt 0.319340 0.201525
vt 0.319340 0.201525
vt 0.319340 0.201525
vt 0.319340 0.201525
vt 0.319340 0.201525
vt 0.319340 0.201525
vt 0.319340 0.201525
vt 0.319340 0.201525
vt 0.319340 0.201525
vt 0.319340 0.201525
vt 0.319340 0.201525
vt 0.319340 0.201525
vt 0.319340 0.201525
vt 0.319340 0.201525
vt 0.319340 0.201525
vt 0.319340 0.201525
vt 0.319340 0.201525
vt 0.319340 0.201525
vt 0.319340 0.201525
vt 0.319340 0.201525
vt 0.319340 0.201525
vt 0.319340 0.201525
vt 0.319340 0.201525
vt 0.319340 0.201525
vt 0.319340 0.201525
vt 0.319340 0.201525
vt 0.319340 0.201525
vt 0.319340 0.201525
vt 0.319340 0.201525
vt 0.319340 0.201525
vt 0.319340 0.201525
vt 0.319340 0.201525
vt 0.319340 0.201525
vt 0.319340 0.201525
vt 0.319340 0.201525
vt 0.319340 0.201525
vt 0.319340 0.201525
vt 0.319340 0.201525
vt 0.319340 0.201525
vt 0.319340 0.201525
vt 0.319340 0.201525
vt 0.319340 0.201525
vt 0.319340 0.201525
vt 0.319340 0.201525
vt 0.319340 0.201525
vt 0.319340 0.201525
vt 0.319340 0.201525
vt 0.319340 0.201525
vt 0.319340 0.201525
vt 0.319340 0.201525
vt 0.319340 0.201525
vt 0.319340 0.201525
vt 0.319340 0.201525
vt 0.319340 0.201525
vt 0.319340 0.201525
vt 0.319340 0.201525
vt 0.319340 0.201525
vt 0.319340 0.201525
vt 0.319340 0.201525
vt 0.319340 0.201525
vt 0.319340 0.201525
vt 0.319340 0.201525
vt 0.319340 0.201525
vt 0.319340 0.201525
vt 0.319340 0.201525
vt 0.319340 0.201525
vt 0.319340 0.201525
vt 0.319340 0.201525
vt 0.319340 0.201525
vt 0.319340 0.201525
vt 0.319340 0.201525
vt 0.319340 0.201525
vt 0.319340 0.201525
vt 0.319340 0.201525
vt 0.319340 0.201525
vt 0.319340 0.201525
vt 0.319340 0.201525
vt 0.319340 0.201525
vt 0.319340 0.201525
vt 0.319340 0.201525
vt 0.319340 0.201525
vt 0.319340 0.201525
vt 0.319340 0.201525
vt 0.319340 0.201525
vt 0.319340 0.201525
vt 0.319340 0.201525
vt 0.319340 0.201525
vt 0.319340 0.201525
vt 0.319340 0.201525
vt 0.319340 0.201525
vt 0.319340 0.201525
vt 0.319340 0.201525
vt 0.319340 0.201525
vt 0.319340 0.201525
vt 0.319340 0.201525
vt 0.319340 0.201525
vt 0.319340 0.201525
vt 0.319340 0.201525
vt 0.319340 0.201525
vt 0.319340 0.201525
vt 0.319340 0.201525
vt 0.319340 0.201525
vt 0.319340 0.201525
vt 0.319340 0.201525
vt 0.319340 0.201525
vt 0.319340 0.201525
vt 0.319340 0.201525
vt 0.319340 0.201525
vt 0.319340 0.201525
vt 0.319340 0.201525
vt 0.319340 0.201525
vt 0.319340 0.201525
vt 0.319340 0.201525
vt 0.319340 0.201525
vt 0.319340 0.201525
vt 0.319340 0.201525
vt 0.319340 0.201525
vt 0.319340 0.201525
vt 0.319340 0.201525
vt 0.319340 0.201525
vt 0.319340 0.201525
vt 0.319340 0.201525
vt 0.319340 0.201525
vt 0.319340 0.201525
vt 0.319340 0.201525
vt 0.319340 0.201525
vt 0.319340 0.201525
vt 0.319340 0.201525
vt 0.319340 0.201525
vt 0.319340 0.201525
vt 0.319340 0.201525
vt 0.319340 0.201525
vt 0.319340 0.201525
vt 0.319340 0.201525
vt 0.319340 0.201525
vt 0.319340 0.201525
vt 0.319340 0.201525
vt 0.319340 0.201525
vt 0.319340 0.201525
vt 0.319340 0.201525
vt 0.319340 0.201525
vt 0.319340 0.201525
vt 0.319340 0.201525
vt 0.319340 0.201525
vt 0.319340 0.201525
vt 0.319340 0.201525
vt 0.319340 0.201525
vt 0.319340 0.201525
vt 0.319340 0.201525
vt 0.319340 0.201525
vt 0.319340 0.201525
vt 0.319340 0.201525
vt 0.319340 0.201525
vt 0.319340 0.201525
vt 0.319340 0.201525
vt 0.319340 0.201525
vt 0.319340 0.201525
vt 0.319340 0.201525
vt 0.319340 0.201525
vt 0.319340 0.201525
vt 0.319340 0.201525
vt 0.319340 0.201525
vt 0.319340 0.201525
vt 0.319340 0.201525
vt 0.319340 0.201525
vt 0.319340 0.201525
vt 0.319340 0.201525
vt 0.319340 0.201525
vt 0.319340 0.201525
vt 0.319340 0.201525
vt 0.319340 0.201525
vt 0.319340 0.201525
vt 0.319340 0.201525
vt 0.319340 0.201525
vt 0.319340 0.201525
vt 0.319340 0.201525
vt 0.319340 0.201525
vt 0.319340 0.201525
vt 0.319340 0.201525
vt 0.319340 0.201525
vt 0.319340 0.201525
vt 0.319340 0.201525
vt 0.319340 0.201525
vt 0.319340 0.201525
vt 0.319340 0.201525
vt 0.319340 0.201525
vt 0.319340 0.201525
vt 0.319340 0.201525
vt 0.319340 0.201525
vt 0.319340 0.201525
vt 0.319340 0.201525
vt 0.319340 0.201525
vt 0.319340 0.201525
vt 0.319340 0.201525
vt 0.319340 0.201525
vt 0.319340 0.201525
vt 0.319340 0.201525
vt 0.319340 0.201525
vt 0.319340 0.201525
vt 0.319340 0.201525
vt 0.319340 0.201525
vt 0.319340 0.201525
vt 0.319340 0.201525
vt 0.319340 0.201525
vt 0.319340 0.201525
vt 0.319340 0.201525
vt 0.319340 0.201525
vt 0.319340 0.201525
vt 0.319340 0.201525
vt 0.319340 0.201525
vt 0.319340 0.201525
vt 0.319340 0.201525
vt 0.319340 0.201525
vt 0.319340 0.201525
vt 0.319340 0.201525
vt 0.319340 0.201525
vt 0.319340 0.201525
vt 0.319340 0.201525
vt 0.319340 0.201525
vt 0.319340 0.201525
vt 0.319340 0.201525
vt 0.319340 0.201525
vt 0.319340 0.201525
vt 0.319340 0.201525
vt 0.319340 0.201525
vt 0.319340 0.201525
vt 0.319340 0.201525
vt 0.319340 0.201525
vt 0.319340 0.201525
vt 0.319340 0.201525
vt 0.319340 0.201525
vt 0.319340 0.201525
vt 0.319340 0.201525
vt 0.319340 0.201525
vt 0.319340 0.201525
vt 0.319340 0.201525
vt 0.319340 0.201525
vt 0.319340 0.201525
vt 0.319340 0.201525
vt 0.319340 0.201525
vt 0.319340 0.201525
vt 0.319340 0.201525
vt 0.319340 0.201525
vt 0.319340 0.201525
vt 0.319340 0.201525
vt 0.319340 0.201525
vt 0.319340 0.201525
vt 0.319340 0.201525
vt 0.319340 0.201525
vt 0.319340 0.201525
vt 0.319340 0.201525
vt 0.319340 0.201525
vt 0.319340 0.201525
vt 0.319340 0.201525
vt 0.319340 0.201525
vt 0.319340 0.201525
vt 0.319340 0.201525
vt 0.319340 0.201525
vt 0.319340 0.201525
vt 0.319340 0.201525
vt 0.319340 0.201525
vt 0.319340 0.201525
vt 0.319340 0.201525
vt 0.319340 0.201525
vt 0.319340 0.201525
vt 0.319340 0.201525
vt 0.319340 0.201525
vt 0.319340 0.201525
vt 0.319340 0.201525
vt 0.319340 0.201525
vt 0.319340 0.201525
vt 0.319340 0.201525
vt 0.319340 0.201525
vt 0.319340 0.201525
vt 0.319340 0.201525
vt 0.319340 0.201525
vt 0.319340 0.201525
vt 0.319340 0.201525
vt 0.319340 0.201525
vt 0.319340 0.201525
vt 0.319340 0.201525
vt 0.319340 0.201525
vt 0.319340 0.201525
vt 0.319340 0.201525
vt 0.319340 0.201525
vt 0.319340 0.201525
vt 0.319340 0.201525
vt 0.319340 0.201525
vt 0.319340 0.201525
vt 0.319340 0.201525
vt 0.319340 0.201525
vt 0.319340 0.201525
vt 0.319340 0.201525
vt 0.319340 0.201525
vt 0.319340 0.201525
vt 0.319340 0.201525
vt 0.319340 0.201525
vt 0.319340 0.201525
vt 0.319340 0.201525
vt 0.319340 0.201525
vt 0.319340 0.201525
vt 0.319340 0.201525
vt 0.319340 0.201525
vt 0.319340 0.201525
vt 0.319340 0.201525
vt 0.319340 0.201525
vt 0.319340 0.201525
vt 0.319340 0.201525
vt 0.319340 0.201525
vt 0.319340 0.201525
vt 0.319340 0.201525
vt 0.319340 0.201525
vt 0.319340 0.201525
vt 0.319340 0.201525
vt 0.319340 0.201525
vt 0.319340 0.201525
vt 0.319340 0.201525
vt 0.319340 0.201525
vt 0.319340 0.201525
vt 0.319340 0.201525
vt 0.319340 0.201525
vt 0.319340 0.201525
vt 0.319340 0.201525
vt 0.319340 0.201525
vt 0.319340 0.201525
vt 0.319340 0.201525
vt 0.319340 0.201525
vt 0.319340 0.201525
vt 0.319340 0.201525
vt 0.319340 0.201525
vt 0.319340 0.201525
vt 0.319340 0.201525
vt 0.319340 0.201525
vt 0.319340 0.201525
vt 0.319340 0.201525
vt 0.319340 0.201525
vt 0.319340 0.201525
vt 0.319340 0.201525
vt 0.319340 0.201525
vt 0.319340 0.201525
vt 0.319340 0.201525
vt 0.319340 0.201525
vt 0.319340 0.201525
vt 0.319340 0.201525
vt 0.319340 0.201525
vt 0.319340 0.201525
vt 0.319340 0.201525
vt 0.319340 0.201525
vt 0.319340 0.201525
vt 0.319340 0.201525
vt 0.319340 0.201525
vt 0.319340 0.201525
vt 0.319340 0.201525
vt 0.319340 0.201525
vt 0.319340 0.201525
vt 0.319340 0.201525
vt 0.319340 0.201525
vt 0.319340 0.201525
vt 0.319340 0.201525
vt 0.319340 0.201525
vt 0.319340 0.201525
vt 0.319340 0.201525
vt 0.319340 0.201525
vt 0.319340 0.201525
vt 0.319340 0.201525
vt 0.319340 0.201525
vt 0.319340 0.201525
vt 0.319340 0.201525
vt 0.319340 0.201525
vt 0.319340 0.201525
vt 0.319340 0.201525
vt 0.319340 0.201525
vt 0.319340 0.201525
vt 0.319340 0.201525
vt 0.319340 0.201525
vt 0.319340 0.201525
vt 0.319340 0.201525
vt 0.319340 0.201525
vt 0.319340 0.201525
vt 0.319340 0.201525
vt 0.319340 0.201525
vt 0.319340 0.201525
vt 0.319340 0.201525
vt 0.319340 0.201525
vt 0.319340 0.201525
vt 0.319340 0.201525
vt 0.319340 0.201525
vt 0.319340 0.201525
vt 0.319340 0.201525
vt 0.319340 0.201525
vt 0.319340 0.201525
vt 0.319340 0.201525
vt 0.319340 0.201525
vt 0.319340 0.201525
vt 0.319340 0.201525
vt 0.319340 0.201525
vt 0.319340 0.201525
vt 0.319340 0.201525
vt 0.319340 0.201525
vt 0.319340 0.201525
vt 0.319340 0.201525
vt 0.319340 0.201525
vt 0.319340 0.201525
vt 0.319340 0.201525
vt 0.319340 0.201525
vt 0.319340 0.201525
vt 0.319340 0.201525
vt 0.319340 0.201525
vt 0.319340 0.201525
vt 0.319340 0.201525
vt 0.319340 0.201525
vt 0.319340 0.201525
vt 0.319340 0.201525
vt 0.319340 0.201525
vt 0.319340 0.201525
vt 0.319340 0.201525
vt 0.319340 0.201525
vt 0.319340 0.201525
vt 0.319340 0.201525
vt 0.319340 0.201525
vt 0.319340 0.201525
vt 0.319340 0.201525
vt 0.319340 0.201525
vt 0.319340 0.201525
vt 0.319340 0.201525
vt 0.319340 0.201525
vt 0.319340 0.201525
vt 0.319340 0.201525
vt 0.319340 0.201525
vt 0.319340 0.201525
vt 0.319340 0.201525
vt 0.319340 0.201525
vt 0.319340 0.201525
vt 0.319340 0.201525
vt 0.319340 0.201525
vt 0.319340 0.201525
vt 0.319340 0.201525
vt 0.319340 0.201525
vt 0.319340 0.201525
vt 0.319340 0.201525
vt 0.319340 0.201525
vt 0.319340 0.201525
vt 0.319340 0.201525
vt 0.319340 0.201525
vt 0.319340 0.201525
vt 0.319340 0.201525
vt 0.319340 0.201525
vt 0.319340 0.201525
vt 0.319340 0.201525
vt 0.319340 0.201525
vt 0.319340 0.201525
vt 0.319340 0.201525
vt 0.319340 0.201525
vt 0.319340 0.201525
vt 0.319340 0.201525
vt 0.319340 0.201525
vt 0.319340 0.201525
vt 0.319340 0.201525
vt 0.319340 0.201525
vt 0.319340 0.201525
vt 0.319340 0.201525
vt 0.319340 0.201525
vt 0.319340 0.201525
vt 0.319340 0.201525
vt 0.319340 0.201525
vt 0.319340 0.201525
vt 0.319340 0.201525
vt 0.319340 0.201525
vt 0.319340 0.201525
vt 0.319340 0.201525
vt 0.319340 0.201525
vt 0.319340 0.201525
vt 0.319340 0.201525
vt 0.319340 0.201525
vt 0.319340 0.201525
vt 0.319340 0.201525
vt 0.319340 0.201525
vt 0.319340 0.201525
vt 0.319340 0.201525
vt 0.319340 0.201525
vt 0.319340 0.201525
vt 0.319340 0.201525
vt 0.319340 0.201525
vt 0.319340 0.201525
vt 0.319340 0.201525
vt 0.319340 0.201525
vt 0.319340 0.201525
vt 0.319340 0.201525
vt 0.319340 0.201525
vt 0.319340 0.201525
vt 0.319340 0.201525
vt 0.319340 0.201525
vt 0.319340 0.201525
vt 0.319340 0.201525
vt 0.319340 0.201525
vt 0.319340 0.201525
vt 0.319340 0.201525
vt 0.319340 0.201525
vt 0.319340 0.201525
vt 0.319340 0.201525
vt 0.319340 0.201525
vt 0.319340 0.201525
vt 0.319340 0.201525
vt 0.319340 0.201525
vt 0.319340 0.201525
vt 0.319340 0.201525
vt 0.319340 0.201525
vt 0.319340 0.201525
vt 0.319340 0.201525
vt 0.319340 0.201525
vt 0.319340 0.201525
vt 0.319340 0.201525
vt 0.319340 0.201525
vt 0.319340 0.201525
vt 0.319340 0.201525
vt 0.319340 0.201525
vt 0.319340 0.201525
vt 0.319340 0.201525
vt 0.319340 0.201525
vt 0.319340 0.201525
vt 0.319340 0.201525
vt 0.319340 0.201525
vt 0.319340 0.201525
vt 0.319340 0.201525
vt 0.319340 0.201525
vt 0.319340 0.201525
vt 0.319340 0.201525
vt 0.319340 0.201525
vt 0.319340 0.201525
vt 0.319340 0.201525
vt 0.319340 0.201525
vt 0.319340 0.201525
vt 0.319340 0.201525
vt 0.319340 0.201525
vt 0.319340 0.201525
vt 0.319340 0.201525
vt 0.319340 0.201525
vt 0.319340 0.201525
vt 0.319340 0.201525
vt 0.319340 0.201525
vt 0.319340 0.201525
vt 0.319340 0.201525
vt 0.319340 0.201525
vt 0.319340 0.201525
vt 0.319340 0.201525
vt 0.319340 0.201525
vt 0.319340 0.201525
vt 0.319340 0.201525
vt 0.319340 0.201525
vt 0.319340 0.201525
vt 0.319340 0.201525
vt 0.319340 0.201525
vt 0.319340 0.201525
vt 0.319340 0.201525
vt 0.319340 0.201525
vt 0.319340 0.201525
vt 0.319340 0.201525
vt 0.319340 0.201525
vt 0.319340 0.201525
vt 0.319340 0.201525
vt 0.319340 0.201525
vt 0.319340 0.201525
vt 0.319340 0.201525
vt 0.319340 0.201525
vt 0.319340 0.201525
vt 0.319340 0.201525
vt 0.319340 0.201525
vt 0.319340 0.201525
vt 0.319340 0.201525
vt 0.319340 0.201525
vt 0.319340 0.201525
vt 0.319340 0.201525
vt 0.319340 0.201525
vt 0.319340 0.201525
vt 0.319340 0.201525
vt 0.319340 0.201525
vt 0.319340 0.201525
vt 0.319340 0.201525
vt 0.319340 0.201525
vt 0.319340 0.201525
vt 0.319340 0.201525
vt 0.319340 0.201525
vt 0.319340 0.201525
vt 0.319340 0.201525
vt 0.319340 0.201525
vt 0.319340 0.201525
vt 0.319340 0.201525
vt 0.319340 0.201525
vt 0.319340 0.201525
vt 0.319340 0.201525
vt 0.319340 0.201525
vt 0.319340 0.201525
vt 0.319340 0.201525
vt 0.319340 0.201525
vt 0.319340 0.201525
vt 0.319340 0.201525
vt 0.319340 0.201525
vt 0.319340 0.201525
vt 0.319340 0.201525
vt 0.319340 0.201525
vt 0.319340 0.201525
vt 0.319340 0.201525
vt 0.319340 0.201525
vt 0.319340 0.201525
vt 0.319340 0.201525
vt 0.319340 0.201525
vt 0.319340 0.201525
vt 0.319340 0.201525
vt 0.319340 0.201525
vt 0.319340 0.201525
vt 0.319340 0.201525
vt 0.319340 0.201525
vt 0.319340 0.201525
vt 0.319340 0.201525
vt 0.319340 0.201525
vt 0.319340 0.201525
vt 0.319340 0.201525
vt 0.319340 0.201525
vt 0.319340 0.201525
vt 0.319340 0.201525
vt 0.319340 0.201525
vt 0.319340 0.201525
vt 0.319340 0.201525
vt 0.319340 0.201525
vt 0.319340 0.201525
vt 0.319340 0.201525
vt 0.319340 0.201525
vt 0.319340 0.201525
vt 0.319340 0.201525
vt 0.319340 0.201525
vt 0.319340 0.201525
vt 0.319340 0.201525
vt 0.319340 0.201525
vt 0.319340 0.201525
vt 0.319340 0.201525
vt 0.319340 0.201525
vt 0.319340 0.201525
vt 0.319340 0.201525
vt 0.319340 0.201525
vt 0.319340 0.201525
vt 0.319340 0.201525
vt 0.319340 0.201525
vt 0.319340 0.201525
vt 0.319340 0.201525
vt 0.319340 0.201525
vt 0.319340 0.201525
vt 0.319340 0.201525
vt 0.319340 0.201525
vt 0.319340 0.201525
vt 0.319340 0.201525
vt 0.319340 0.201525
vt 0.319340 0.201525
vt 0.319340 0.201525
vt 0.319340 0.201525
vt 0.319340 0.201525
vt 0.319340 0.201525
vt 0.319340 0.201525
vt 0.319340 0.201525
vt 0.319340 0.201525
vt 0.319340 0.201525
vt 0.319340 0.201525
vt 0.319340 0.201525
vt 0.319340 0.201525
vt 0.319340 0.201525
vt 0.319340 0.201525
vt 0.319340 0.201525
vt 0.319340 0.201525
vt 0.319340 0.201525
vt 0.319340 0.201525
vt 0.319340 0.201525
vt 0.319340 0.201525
vt 0.319340 0.201525
vt 0.319340 0.201525
vt 0.319340 0.201525
vt 0.319340 0.201525
vt 0.319340 0.201525
vt 0.319340 0.201525
vt 0.319340 0.201525
vt 0.319340 0.201525
vt 0.319340 0.201525
vt 0.319340 0.201525
vt 0.319340 0.201525
vt 0.319340 0.201525
vt 0.319340 0.201525
vt 0.319340 0.201525
vt 0.319340 0.201525
vt 0.319340 0.201525
vt 0.319340 0.201525
vt 0.319340 0.201525
vt 0.319340 0.201525
vt 0.319340 0.201525
vt 0.319340 0.201525
vt 0.319340 0.201525
vt 0.319340 0.201525
vt 0.319340 0.201525
vt 0.319340 0.201525
vt 0.319340 0.201525
vt 0.319340 0.201525
vt 0.319340 0.201525
vt 0.319340 0.201525
vt 0.319340 0.201525
vt 0.319340 0.201525
vt 0.319340 0.201525
vt 0.319340 0.201525
vt 0.319340 0.201525
vt 0.319340 0.201525
vt 0.319340 0.201525
vt 0.319340 0.201525
vt 0.319340 0.201525
vt 0.319340 0.201525
vt 0.319340 0.201525
vt 0.319340 0.201525
vt 0.319340 0.201525
vt 0.319340 0.201525
vt 0.319340 0.201525
vt 0.319340 0.201525
vt 0.319340 0.201525
vt 0.319340 0.201525
vt 0.319340 0.201525
vt 0.319340 0.201525
vt 0.319340 0.201525
vt 0.319340 0.201525
vt 0.319340 0.201525
vt 0.319340 0.201525
vt 0.319340 0.201525
vt 0.319340 0.201525
vt 0.319340 0.201525
vt 0.319340 0.201525
vt 0.319340 0.201525
vt 0.319340 0.201525
vt 0.319340 0.201525
vt 0.319340 0.201525
vt 0.319340 0.201525
vt 0.319340 0.201525
vt 0.319340 0.201525
vt 0.319340 0.201525
vt 0.319340 0.201525
vt 0.319340 0.201525
vt 0.319340 0.201525
vt 0.319340 0.201525
vt 0.319340 0.201525
vt 0.319340 0.201525
vt 0.319340 0.201525
vt 0.319340 0.201525
vt 0.319340 0.201525
vt 0.319340 0.201525
vt 0.319340 0.201525
vt 0.319340 0.201525
vt 0.319340 0.201525
vt 0.319340 0.201525
vt 0.319340 0.201525
vt 0.319340 0.201525
vt 0.319340 0.201525
vt 0.319340 0.201525
vt 0.319340 0.201525
vt 0.319340 0.201525
vt 0.319340 0.201525
vt 0.319340 0.201525
vt 0.319340 0.201525
vt 0.319340 0.201525
vt 0.319340 0.201525
vt 0.319340 0.201525
vt 0.319340 0.201525
vt 0.319340 0.201525
vt 0.319340 0.201525
vt 0.319340 0.201525
vt 0.319340 0.201525
vt 0.319340 0.201525
vt 0.319340 0.201525
vt 0.319340 0.201525
vt 0.319340 0.201525
vt 0.319340 0.201525
vt 0.319340 0.201525
vt 0.319340 0.201525
vt 0.319340 0.201525
vt 0.319340 0.201525
vt 0.319340 0.201525
vt 0.319340 0.201525
vt 0.319340 0.201525
vt 0.319340 0.201525
vt 0.319340 0.201525
vt 0.319340 0.201525
vt 0.319340 0.201525
vt 0.319340 0.201525
vt 0.319340 0.201525
vt 0.319340 0.201525
vt 0.319340 0.201525
vt 0.319340 0.201525
vt 0.319340 0.201525
vt 0.319340 0.201525
vt 0.319340 0.201525
vt 0.319340 0.201525
vt 0.319340 0.201525
vt 0.319340 0.201525
vt 0.319340 0.201525
vt 0.319340 0.201525
vt 0.319340 0.201525
vt 0.319340 0.201525
vt 0.319340 0.201525
vt 0.319340 0.201525
vt 0.319340 0.201525
vt 0.319340 0.201525
vt 0.319340 0.201525
vt 0.319340 0.201525
vt 0.319340 0.201525
vt 0.319340 0.201525
vt 0.319340 0.201525
vt 0.319340 0.201525
vt 0.319340 0.201525
vt 0.319340 0.201525
vt 0.319340 0.201525
vt 0.319340 0.201525
vt 0.319340 0.201525
vt 0.319340 0.201525
vt 0.319340 0.201525
vt 0.319340 0.201525
vt 0.319340 0.201525
vt 0.319340 0.201525
vt 0.319340 0.201525
vt 0.319340 0.201525
vt 0.319340 0.201525
vt 0.319340 0.201525
vt 0.319340 0.201525
vt 0.319340 0.201525
vt 0.319340 0.201525
vt 0.319340 0.201525
vt 0.319340 0.201525
vt 0.319340 0.201525
vt 0.319340 0.201525
vt 0.319340 0.201525
vt 0.319340 0.201525
vt 0.319340 0.201525
vt 0.319340 0.201525
vt 0.319340 0.201525
vt 0.319340 0.201525
vt 0.319340 0.201525
vt 0.319340 0.201525
vt 0.319340 0.201525
vt 0.319340 0.201525
vt 0.319340 0.201525
vt 0.319340 0.201525
vt 0.319340 0.201525
vt 0.319340 0.201525
vt 0.319340 0.201525
vt 0.319340 0.201525
vt 0.319340 0.201525
vt 0.319340 0.201525
vt 0.319340 0.201525
vt 0.319340 0.201525
vt 0.319340 0.201525
vt 0.319340 0.201525
vt 0.319340 0.201525
vt 0.319340 0.201525
vt 0.319340 0.201525
vt 0.319340 0.201525
vt 0.319340 0.201525
vt 0.319340 0.201525
vt 0.319340 0.201525
vt 0.319340 0.201525
vt 0.319340 0.201525
vt 0.319340 0.201525
vt 0.319340 0.201525
vt 0.319340 0.201525
vt 0.319340 0.201525
vt 0.319340 0.201525
vt 0.319340 0.201525
vt 0.319340 0.201525
vt 0.319340 0.201525
vt 0.319340 0.201525
vt 0.319340 0.201525
vt 0.319340 0.201525
vt 0.319340 0.201525
vt 0.319340 0.201525
vt 0.319340 0.201525
vt 0.319340 0.201525
vt 0.319340 0.201525
vt 0.319340 0.201525
vt 0.319340 0.201525
vt 0.319340 0.201525
vt 0.319340 0.201525
vt 0.319340 0.201525
vt 0.319340 0.201525
vt 0.319340 0.201525
vt 0.319340 0.201525
vt 0.319340 0.201525
vt 0.319340 0.201525
vt 0.319340 0.201525
vt 0.319340 0.201525
vt 0.319340 0.201525
vt 0.319340 0.201525
vt 0.319340 0.201525
vt 0.319340 0.201525
vt 0.319340 0.201525
vt 0.319340 0.201525
vt 0.319340 0.201525
vt 0.319340 0.201525
vt 0.319340 0.201525
vt 0.319340 0.201525
vt 0.319340 0.201525
vt 0.319340 0.201525
vt 0.319340 0.201525
vt 0.319340 0.201525
vt 0.319340 0.201525
vt 0.319340 0.201525
vt 0.319340 0.201525
vt 0.319340 0.201525
vt 0.319340 0.201525
vt 0.319340 0.201525
vt 0.319340 0.201525
vt 0.319340 0.201525
vt 0.319340 0.201525
vt 0.319340 0.201525
vt 0.319340 0.201525
vt 0.319340 0.201525
vt 0.319340 0.201525
vt 0.319340 0.201525
vt 0.319340 0.201525
vt 0.319340 0.201525
vt 0.319340 0.201525
vt 0.319340 0.201525
vt 0.319340 0.201525
vt 0.319340 0.201525
vt 0.319340 0.201525
vt 0.319340 0.201525
vt 0.319340 0.201525
vt 0.319340 0.201525
vt 0.319340 0.201525
vt 0.319340 0.201525
vt 0.319340 0.201525
vt 0.319340 0.201525
vt 0.319340 0.201525
vt 0.319340 0.201525
vt 0.319340 0.201525
vt 0.319340 0.201525
vt 0.319340 0.201525
vt 0.319340 0.201525
vt 0.319340 0.201525
vt 0.319340 0.201525
vt 0.319340 0.201525
vt 0.319340 0.201525
vt 0.319340 0.201525
vt 0.319340 0.201525
vt 0.319340 0.201525
vt 0.319340 0.201525
vt 0.319340 0.201525
vt 0.319340 0.201525
vt 0.319340 0.201525
vt 0.319340 0.201525
vt 0.319340 0.201525
vt 0.319340 0.201525
vt 0.319340 0.201525
vt 0.319340 0.201525
vt 0.319340 0.201525
vt 0.319340 0.201525
vt 0.319340 0.201525
vt 0.319340 0.201525
vt 0.319340 0.201525
vt 0.319340 0.201525
vt 0.319340 0.201525
vt 0.319340 0.201525
vt 0.319340 0.201525
vt 0.319340 0.201525
vt 0.319340 0.201525
vt 0.319340 0.201525
vt 0.319340 0.201525
vt 0.319340 0.201525
vt 0.319340 0.201525
vt 0.319340 0.201525
vt 0.319340 0.201525
vt 0.319340 0.201525
vt 0.319340 0.201525
vt 0.319340 0.201525
vt 0.319340 0.201525
vt 0.319340 0.201525
vt 0.319340 0.201525
vt 0.319340 0.201525
vt 0.319340 0.201525
vt 0.319340 0.201525
vt 0.319340 0.201525
vt 0.319340 0.201525
vt 0.319340 0.201525
vt 0.319340 0.201525
vt 0.319340 0.201525
vt 0.319340 0.201525
vt 0.319340 0.201525
vt 0.319340 0.201525
vt 0.319340 0.201525
vt 0.319340 0.201525
vt 0.319340 0.201525
vt 0.319340 0.201525
vt 0.319340 0.201525
vt 0.319340 0.201525
vt 0.319340 0.201525
vt 0.319340 0.201525
vt 0.319340 0.201525
vt 0.319340 0.201525
vt 0.319340 0.201525
vt 0.319340 0.201525
vt 0.319340 0.201525
vt 0.319340 0.201525
vt 0.319340 0.201525
vt 0.319340 0.201525
vt 0.319340 0.201525
vt 0.319340 0.201525
vt 0.319340 0.201525
vt 0.319340 0.201525
vt 0.319340 0.201525
vt 0.319340 0.201525
vt 0.319340 0.201525
vt 0.319340 0.201525
vt 0.319340 0.201525
vt 0.319340 0.201525
vt 0.319340 0.201525
vt 0.319340 0.201525
vt 0.319340 0.201525
vt 0.319340 0.201525
vt 0.319340 0.201525
vt 0.319340 0.201525
vt 0.319340 0.201525
vt 0.319340 0.201525
vt 0.319340 0.201525
vt 0.319340 0.201525
vt 0.319340 0.201525
vt 0.319340 0.201525
vt 0.319340 0.201525
vt 0.319340 0.201525
vt 0.319340 0.201525
vt 0.319340 0.201525
vt 0.319340 0.201525
vt 0.319340 0.201525
vt 0.319340 0.201525
vt 0.319340 0.201525
vt 0.319340 0.201525
vt 0.319340 0.201525
vt 0.319340 0.201525
vt 0.319340 0.201525
vt 0.319340 0.201525
vt 0.319340 0.201525
vt 0.319340 0.201525
vt 0.319340 0.201525
vt 0.319340 0.201525
vt 0.319340 0.201525
vt 0.319340 0.201525
vt 0.319340 0.201525
vt 0.319340 0.201525
vt 0.319340 0.201525
vt 0.319340 0.201525
vt 0.319340 0.201525
vt 0.319340 0.201525
vt 0.319340 0.201525
vt 0.319340 0.201525
vt 0.319340 0.201525
vt 0.319340 0.201525
vt 0.319340 0.201525
vt 0.319340 0.201525
vt 0.319340 0.201525
vt 0.319340 0.201525
vt 0.319340 0.201525
vt 0.319340 0.201525
vt 0.319340 0.201525
vt 0.319340 0.201525
vt 0.319340 0.201525
vt 0.319340 0.201525
vt 0.319340 0.201525
vt 0.319340 0.201525
vt 0.319340 0.201525
vt 0.319340 0.201525
vt 0.319340 0.201525
vt 0.319340 0.201525
vt 0.319340 0.201525
vt 0.319340 0.201525
vt 0.319340 0.201525
vt 0.319340 0.201525
vt 0.319340 0.201525
vt 0.319340 0.201525
vt 0.319340 0.201525
vt 0.319340 0.201525
vt 0.319340 0.201525
vt 0.319340 0.201525
vt 0.319340 0.201525
vt 0.319340 0.201525
vt 0.319340 0.201525
vt 0.319340 0.201525
vt 0.319340 0.201525
vt 0.319340 0.201525
vt 0.319340 0.201525
vt 0.319340 0.201525
vt 0.319340 0.201525
vt 0.319340 0.201525
vt 0.319340 0.201525
vt 0.319340 0.201525
vt 0.319340 0.201525
vt 0.319340 0.201525
vt 0.319340 0.201525
vt 0.319340 0.201525
vt 0.319340 0.201525
vt 0.319340 0.201525
vt 0.319340 0.201525
vt 0.319340 0.201525
vt 0.319340 0.201525
vt 0.319340 0.201525
vt 0.319340 0.201525
vt 0.319340 0.201525
vt 0.319340 0.201525
vt 0.319340 0.201525
vt 0.319340 0.201525
vt 0.319340 0.201525
vt 0.319340 0.201525
vt 0.319340 0.201525
vt 0.319340 0.201525
vt 0.319340 0.201525
vt 0.319340 0.201525
vt 0.319340 0.201525
vt 0.319340 0.201525
vt 0.319340 0.201525
vt 0.319340 0.201525
vt 0.319340 0.201525
vt 0.319340 0.201525
vt 0.319340 0.201525
vt 0.319340 0.201525
vt 0.319340 0.201525
vt 0.319340 0.201525
vt 0.319340 0.201525
vt 0.319340 0.201525
vt 0.319340 0.201525
vt 0.319340 0.201525
vt 0.319340 0.201525
vt 0.319340 0.201525
vt 0.319340 0.201525
vt 0.319340 0.201525
vt 0.319340 0.201525
vt 0.319340 0.201525
vt 0.319340 0.201525
vt 0.319340 0.201525
vt 0.319340 0.201525
vt 0.319340 0.201525
vt 0.319340 0.201525
vt 0.319340 0.201525
vt 0.319340 0.201525
vt 0.319340 0.201525
vt 0.319340 0.201525
vt 0.319340 0.201525
vt 0.319340 0.201525
vt 0.319340 0.201525
vt 0.319340 0.201525
vt 0.319340 0.201525
vt 0.319340 0.201525
vt 0.319340 0.201525
vt 0.319340 0.201525
vt 0.319340 0.201525
vt 0.319340 0.201525
vt 0.319340 0.201525
vt 0.319340 0.201525
vt 0.319340 0.201525
vt 0.319340 0.201525
vt 0.319340 0.201525
vt 0.319340 0.201525
vt 0.319340 0.201525
vt 0.319340 0.201525
vt 0.319340 0.201525
vt 0.319340 0.201525
vt 0.319340 0.201525
vt 0.319340 0.201525
vt 0.319340 0.201525
vt 0.319340 0.201525
vt 0.319340 0.201525
vt 0.319340 0.201525
vt 0.319340 0.201525
vt 0.319340 0.201525
vt 0.319340 0.201525
vt 0.319340 0.201525
vt 0.319340 0.201525
vt 0.319340 0.201525
vt 0.319340 0.201525
vt 0.319340 0.201525
vt 0.319340 0.201525
vt 0.319340 0.201525
vt 0.319340 0.201525
vt 0.319340 0.201525
vt 0.319340 0.201525
vt 0.319340 0.201525
vt 0.319340 0.201525
vt 0.319340 0.201525
vt 0.319340 0.201525
vt 0.319340 0.201525
vt 0.319340 0.201525
vt 0.319340 0.201525
vt 0.319340 0.201525
vt 0.319340 0.201525
vt 0.319340 0.201525
vt 0.319340 0.201525
vt 0.319340 0.201525
vt 0.319340 0.201525
vt 0.319340 0.201525
vt 0.319340 0.201525
vt 0.319340 0.201525
vt 0.319340 0.201525
vt 0.319340 0.201525
vt 0.319340 0.201525
vt 0.319340 0.201525
vt 0.319340 0.201525
vt 0.319340 0.201525
vt 0.319340 0.201525
vt 0.319340 0.201525
vt 0.319340 0.201525
vt 0.319340 0.201525
vt 0.319340 0.201525
vt 0.319340 0.201525
vt 0.319340 0.201525
vt 0.319340 0.201525
vt 0.319340 0.201525
vt 0.319340 0.201525
vt 0.319340 0.201525
vt 0.319340 0.201525
vt 0.319340 0.201525
vt 0.319340 0.201525
vt 0.319340 0.201525
vt 0.319340 0.201525
vt 0.319340 0.201525
vt 0.319340 0.201525
vt 0.319340 0.201525
vt 0.319340 0.201525
vt 0.319340 0.201525
vt 0.319340 0.201525
vt 0.319340 0.201525
vt 0.319340 0.201525
vt 0.319340 0.201525
vt 0.319340 0.201525
vt 0.319340 0.201525
vt 0.319340 0.201525
vt 0.319340 0.201525
vt 0.319340 0.201525
vt 0.319340 0.201525
vt 0.319340 0.201525
vt 0.319340 0.201525
vt 0.319340 0.201525
vt 0.319340 0.201525
vt 0.319340 0.201525
vt 0.319340 0.201525
vt 0.319340 0.201525
vt 0.319340 0.201525
vt 0.319340 0.201525
vt 0.319340 0.201525
vt 0.319340 0.201525
vt 0.319340 0.201525
vt 0.319340 0.201525
vt 0.319340 0.201525
vt 0.319340 0.201525
vt 0.319340 0.201525
vt 0.319340 0.201525
vt 0.319340 0.201525
vt 0.319340 0.201525
vt 0.319340 0.201525
vt 0.319340 0.201525
vt 0.319340 0.201525
vt 0.319340 0.201525
vt 0.319340 0.201525
vt 0.319340 0.201525
vt 0.319340 0.201525
vt 0.319340 0.201525
vt 0.319340 0.201525
vt 0.319340 0.201525
vt 0.319340 0.201525
vt 0.319340 0.201525
vt 0.319340 0.201525
vt 0.319340 0.201525
vt 0.319340 0.201525
vt 0.319340 0.201525
vt 0.319340 0.201525
vt 0.319340 0.201525
vt 0.319340 0.201525
vt 0.319340 0.201525
vt 0.319340 0.201525
vt 0.319340 0.201525
vt 0.319340 0.201525
vt 0.319340 0.201525
vt 0.319340 0.201525
vt 0.319340 0.201525
vt 0.319340 0.201525
vt 0.319340 0.201525
vt 0.319340 0.201525
vt 0.319340 0.201525
vt 0.319340 0.201525
vt 0.319340 0.201525
vt 0.319340 0.201525
vt 0.319340 0.201525
vt 0.319340 0.201525
vt 0.319340 0.201525
vt 0.319340 0.201525
vt 0.319340 0.201525
vt 0.319340 0.201525
vt 0.319340 0.201525
vt 0.319340 0.201525
vt 0.319340 0.201525
vt 0.319340 0.201525
vt 0.319340 0.201525
vt 0.319340 0.201525
vt 0.319340 0.201525
vt 0.319340 0.201525
vt 0.319340 0.201525
vt 0.319340 0.201525
vt 0.319340 0.201525
vt 0.319340 0.201525
vt 0.319340 0.201525
vt 0.319340 0.201525
vt 0.319340 0.201525
vt 0.319340 0.201525
vt 0.319340 0.201525
vt 0.319340 0.201525
vt 0.319340 0.201525
vt 0.319340 0.201525
vt 0.319340 0.201525
vt 0.319340 0.201525
vt 0.319340 0.201525
vt 0.319340 0.201525
vt 0.319340 0.201525
vt 0.319340 0.201525
vt 0.319340 0.201525
vt 0.319340 0.201525
vt 0.319340 0.201525
vt 0.319340 0.201525
vt 0.319340 0.201525
vt 0.319340 0.201525
vt 0.319340 0.201525
vt 0.319340 0.201525
vt 0.319340 0.201525
vt 0.319340 0.201525
vt 0.319340 0.201525
vt 0.319340 0.201525
vt 0.319340 0.201525
vt 0.319340 0.201525
vt 0.319340 0.201525
vt 0.319340 0.201525
vt 0.319340 0.201525
vt 0.319340 0.201525
vt 0.319340 0.201525
vt 0.319340 0.201525
vt 0.319340 0.201525
vt 0.319340 0.201525
vt 0.319340 0.201525
vt 0.319340 0.201525
vt 0.319340 0.201525
vt 0.319340 0.201525
vt 0.319340 0.201525
vt 0.319340 0.201525
vt 0.319340 0.201525
vt 0.319340 0.201525
vt 0.319340 0.201525
vt 0.319340 0.201525
vt 0.319340 0.201525
vt 0.319340 0.201525
vt 0.319340 0.201525
vt 0.319340 0.201525
vt 0.319340 0.201525
vt 0.319340 0.201525
vt 0.319340 0.201525
vt 0.319340 0.201525
vt 0.319340 0.201525
vt 0.319340 0.201525
vt 0.319340 0.201525
vt 0.319340 0.201525
vt 0.319340 0.201525
vt 0.319340 0.201525
vt 0.319340 0.201525
vt 0.319340 0.201525
vt 0.319340 0.201525
vt 0.319340 0.201525
vt 0.319340 0.201525
vt 0.319340 0.201525
vt 0.319340 0.201525
vt 0.319340 0.201525
vt 0.319340 0.201525
vt 0.319340 0.201525
vt 0.319340 0.201525
vt 0.319340 0.201525
vt 0.319340 0.201525
vt 0.319340 0.201525
vt 0.319340 0.201525
vt 0.319340 0.201525
vt 0.319340 0.201525
vt 0.319340 0.201525
vt 0.319340 0.201525
vt 0.319340 0.201525
vt 0.319340 0.201525
vt 0.319340 0.201525
vt 0.319340 0.201525
vt 0.319340 0.201525
vt 0.319340 0.201525
vt 0.319340 0.201525
vt 0.319340 0.201525
vt 0.319340 0.201525
vt 0.319340 0.201525
vt 0.319340 0.201525
vt 0.319340 0.201525
vt 0.319340 0.201525
vt 0.319340 0.201525
vt 0.319340 0.201525
vt 0.319340 0.201525
vt 0.319340 0.201525
vt 0.319340 0.201525
vt 0.319340 0.201525
vt 0.319340 0.201525
vt 0.319340 0.201525
vt 0.319340 0.201525
vt 0.319340 0.201525
vt 0.319340 0.201525
vt 0.319340 0.201525
vt 0.319340 0.201525
vt 0.319340 0.201525
vt 0.319340 0.201525
vt 0.319340 0.201525
vt 0.319340 0.201525
vt 0.319340 0.201525
vt 0.319340 0.201525
vt 0.319340 0.201525
vt 0.319340 0.201525
vt 0.319340 0.201525
vt 0.319340 0.201525
vt 0.319340 0.201525
vt 0.319340 0.201525
vt 0.319340 0.201525
vt 0.319340 0.201525
vt 0.319340 0.201525
vt 0.319340 0.201525
vt 0.319340 0.201525
vt 0.319340 0.201525
vt 0.319340 0.201525
vt 0.319340 0.201525
vt 0.319340 0.201525
vt 0.319340 0.201525
vt 0.319340 0.201525
vt 0.319340 0.201525
vt 0.319340 0.201525
vt 0.319340 0.201525
vt 0.319340 0.201525
vt 0.319340 0.201525
vt 0.319340 0.201525
vt 0.319340 0.201525
vt 0.319340 0.201525
vt 0.319340 0.201525
vt 0.319340 0.201525
vt 0.319340 0.201525
vt 0.319340 0.201525
vt 0.319340 0.201525
vt 0.319340 0.201525
vt 0.319340 0.201525
vt 0.319340 0.201525
vt 0.319340 0.201525
vt 0.319340 0.201525
vt 0.319340 0.201525
vt 0.319340 0.201525
vt 0.319340 0.201525
vt 0.319340 0.201525
vt 0.319340 0.201525
vt 0.319340 0.201525
vt 0.319340 0.201525
vt 0.319340 0.201525
vt 0.319340 0.201525
vt 0.319340 0.201525
vt 0.319340 0.201525
vt 0.319340 0.201525
vt 0.319340 0.201525
vt 0.319340 0.201525
vt 0.319340 0.201525
vt 0.319340 0.201525
vt 0.319340 0.201525
vt 0.319340 0.201525
vt 0.319340 0.201525
vt 0.319340 0.201525
vt 0.319340 0.201525
vt 0.319340 0.201525
vt 0.319340 0.201525
vt 0.319340 0.201525
vt 0.319340 0.201525
vt 0.319340 0.201525
vt 0.319340 0.201525
vt 0.319340 0.201525
vt 0.319340 0.201525
vt 0.319340 0.201525
vt 0.319340 0.201525
vt 0.319340 0.201525
vt 0.319340 0.201525
vt 0.319340 0.201525
vt 0.319340 0.201525
vt 0.319340 0.201525
vt 0.319340 0.201525
vt 0.319340 0.201525
vt 0.319340 0.201525
vt 0.319340 0.201525
vt 0.319340 0.201525
vt 0.319340 0.201525
vt 0.319340 0.201525
vt 0.319340 0.201525
vt 0.319340 0.201525
vt 0.319340 0.201525
vt 0.319340 0.201525
vt 0.319340 0.201525
vt 0.319340 0.201525
vt 0.319340 0.201525
vt 0.319340 0.201525
vt 0.319340 0.201525
vt 0.319340 0.201525
vt 0.319340 0.201525
vt 0.319340 0.201525
vt 0.319340 0.201525
vt 0.319340 0.201525
vt 0.319340 0.201525
vt 0.319340 0.201525
vt 0.319340 0.201525
vt 0.319340 0.201525
vt 0.319340 0.201525
vt 0.319340 0.201525
vt 0.319340 0.201525
vt 0.319340 0.201525
vt 0.319340 0.201525
vt 0.319340 0.201525
vt 0.319340 0.201525
vt 0.319340 0.201525
vt 0.319340 0.201525
vt 0.319340 0.201525
vt 0.319340 0.201525
vt 0.319340 0.201525
vt 0.319340 0.201525
vt 0.319340 0.201525
vt 0.319340 0.201525
vt 0.319340 0.201525
vt 0.319340 0.201525
vt 0.319340 0.201525
vt 0.319340 0.201525
vt 0.319340 0.201525
vt 0.319340 0.201525
vt 0.319340 0.201525
vt 0.319340 0.201525
vt 0.319340 0.201525
vt 0.319340 0.201525
vt 0.319340 0.201525
vt 0.319340 0.201525
vt 0.319340 0.201525
vt 0.319340 0.201525
vt 0.319340 0.201525
vt 0.319340 0.201525
vt 0.319340 0.201525
vt 0.319340 0.201525
vt 0.319340 0.201525
vt 0.319340 0.201525
vt 0.319340 0.201525
vt 0.319340 0.201525
vt 0.319340 0.201525
vt 0.319340 0.201525
vt 0.319340 0.201525
vt 0.319340 0.201525
vt 0.319340 0.201525
vt 0.319340 0.201525
vt 0.319340 0.201525
vt 0.319340 0.201525
vt 0.319340 0.201525
vt 0.319340 0.201525
vt 0.319340 0.201525
vt 0.319340 0.201525
vt 0.319340 0.201525
vt 0.319340 0.201525
vt 0.319340 0.201525
vt 0.319340 0.201525
vt 0.319340 0.201525
vt 0.319340 0.201525
vt 0.319340 0.201525
vt 0.319340 0.201525
vt 0.319340 0.201525
vt 0.319340 0.201525
vt 0.319340 0.201525
vt 0.319340 0.201525
vt 0.319340 0.201525
vt 0.319340 0.201525
vt 0.319340 0.201525
vt 0.319340 0.201525
vt 0.319340 0.201525
vt 0.319340 0.201525
vt 0.319340 0.201525
vt 0.319340 0.201525
vt 0.319340 0.201525
vt 0.319340 0.201525
vt 0.319340 0.201525
vt 0.319340 0.201525
vt 0.319340 0.201525
vt 0.319340 0.201525
vt 0.319340 0.201525
vt 0.319340 0.201525
vt 0.319340 0.201525
vt 0.319340 0.201525
vt 0.319340 0.201525
vt 0.319340 0.201525
vt 0.319340 0.201525
vt 0.319340 0.201525
vt 0.319340 0.201525
vt 0.319340 0.201525
vt 0.319340 0.201525
vt 0.319340 0.201525
vt 0.319340 0.201525
vt 0.319340 0.201525
vt 0.319340 0.201525
vt 0.319340 0.201525
vt 0.319340 0.201525
vt 0.319340 0.201525
vt 0.319340 0.201525
vt 0.319340 0.201525
vt 0.319340 0.201525
vt 0.319340 0.201525
vt 0.319340 0.201525
vt 0.319340 0.201525
vt 0.319340 0.201525
vt 0.319340 0.201525
vt 0.319340 0.201525
vt 0.319340 0.201525
vt 0.319340 0.201525
vt 0.319340 0.201525
vt 0.319340 0.201525
vt 0.319340 0.201525
vt 0.319340 0.201525
vt 0.319340 0.201525
vt 0.319340 0.201525
vt 0.319340 0.201525
vt 0.319340 0.201525
vt 0.319340 0.201525
vt 0.319340 0.201525
vt 0.319340 0.201525
vt 0.319340 0.201525
vt 0.319340 0.201525
vt 0.319340 0.201525
vt 0.319340 0.201525
vt 0.319340 0.201525
vt 0.319340 0.201525
vt 0.319340 0.201525
vt 0.319340 0.201525
vt 0.319340 0.201525
vt 0.319340 0.201525
vt 0.319340 0.201525
vt 0.319340 0.201525
vt 0.319340 0.201525
vt 0.319340 0.201525
vt 0.319340 0.201525
vt 0.319340 0.201525
vt 0.319340 0.201525
vt 0.319340 0.201525
vt 0.319340 0.201525
vt 0.319340 0.201525
vt 0.319340 0.201525
vt 0.319340 0.201525
vt 0.319340 0.201525
vt 0.319340 0.201525
vt 0.319340 0.201525
vt 0.319340 0.201525
vt 0.319340 0.201525
vt 0.319340 0.201525
vt 0.319340 0.201525
vt 0.319340 0.201525
vt 0.319340 0.201525
vt 0.319340 0.201525
vt 0.319340 0.201525
vt 0.319340 0.201525
vt 0.319340 0.201525
vt 0.319340 0.201525
vt 0.319340 0.201525
vt 0.319340 0.201525
vt 0.319340 0.201525
vt 0.319340 0.201525
vt 0.319340 0.201525
vt 0.319340 0.201525
vt 0.319340 0.201525
vt 0.319340 0.201525
vt 0.319340 0.201525
vt 0.319340 0.201525
vt 0.319340 0.201525
vt 0.319340 0.201525
vt 0.319340 0.201525
vt 0.319340 0.201525
vt 0.319340 0.201525
vt 0.319340 0.201525
vt 0.319340 0.201525
vt 0.319340 0.201525
vt 0.319340 0.201525
vt 0.319340 0.201525
vt 0.319340 0.201525
vt 0.319340 0.201525
vt 0.319340 0.201525
vt 0.319340 0.201525
vt 0.319340 0.201525
vt 0.319340 0.201525
vt 0.319340 0.201525
vt 0.319340 0.201525
vt 0.319340 0.201525
vt 0.319340 0.201525
vt 0.319340 0.201525
vt 0.319340 0.201525
vt 0.319340 0.201525
vt 0.319340 0.201525
vt 0.319340 0.201525
vt 0.319340 0.201525
vt 0.319340 0.201525
vt 0.319340 0.201525
vt 0.319340 0.201525
vt 0.319340 0.201525
vt 0.319340 0.201525
vt 0.319340 0.201525
vt 0.319340 0.201525
vt 0.319340 0.201525
vt 0.319340 0.201525
vt 0.319340 0.201525
vt 0.319340 0.201525
vt 0.319340 0.201525
vt 0.319340 0.201525
vt 0.319340 0.201525
vt 0.319340 0.201525
vt 0.319340 0.201525
vt 0.319340 0.201525
vt 0.319340 0.201525
vt 0.319340 0.201525
vt 0.319340 0.201525
vt 0.319340 0.201525
vt 0.319340 0.201525
vt 0.319340 0.201525
vt 0.319340 0.201525
vt 0.319340 0.201525
vt 0.319340 0.201525
vt 0.319340 0.201525
vt 0.319340 0.201525
vt 0.319340 0.201525
vt 0.319340 0.201525
vt 0.319340 0.201525
vt 0.319340 0.201525
vt 0.319340 0.201525
vt 0.319340 0.201525
vt 0.319340 0.201525
vt 0.319340 0.201525
vt 0.319340 0.201525
vt 0.319340 0.201525
vt 0.319340 0.201525
vt 0.319340 0.201525
vt 0.319340 0.201525
vt 0.319340 0.201525
vt 0.319340 0.201525
vt 0.319340 0.201525
vt 0.319340 0.201525
vt 0.319340 0.201525
vt 0.319340 0.201525
vt 0.319340 0.201525
vt 0.319340 0.201525
vt 0.319340 0.201525
vt 0.319340 0.201525
vt 0.319340 0.201525
vt 0.319340 0.201525
vt 0.319340 0.201525
vt 0.319340 0.201525
vt 0.319340 0.201525
vt 0.319340 0.201525
vt 0.319340 0.201525
vt 0.319340 0.201525
vt 0.319340 0.201525
vt 0.319340 0.201525
vt 0.319340 0.201525
vt 0.319340 0.201525
vt 0.319340 0.201525
vt 0.319340 0.201525
vt 0.319340 0.201525
vt 0.319340 0.201525
vt 0.319340 0.201525
vt 0.319340 0.201525
vt 0.319340 0.201525
vt 0.319340 0.201525
vt 0.319340 0.201525
vt 0.319340 0.201525
vt 0.319340 0.201525
vt 0.319340 0.201525
vt 0.319340 0.201525
vt 0.319340 0.201525
vt 0.319340 0.201525
vt 0.319340 0.201525
vt 0.319340 0.201525
vt 0.319340 0.201525
vt 0.319340 0.201525
vt 0.319340 0.201525
vt 0.319340 0.201525
vt 0.319340 0.201525
vt 0.319340 0.201525
vt 0.319340 0.201525
vt 0.319340 0.201525
vt 0.319340 0.201525
vt 0.319340 0.201525
vt 0.319340 0.201525
vt 0.319340 0.201525
vt 0.319340 0.201525
vt 0.319340 0.201525
vt 0.319340 0.201525
vt 0.319340 0.201525
vt 0.319340 0.201525
vt 0.319340 0.201525
vt 0.319340 0.201525
vt 0.319340 0.201525
vt 0.319340 0.201525
vt 0.319340 0.201525
vt 0.319340 0.201525
vt 0.319340 0.201525
vt 0.319340 0.201525
vt 0.319340 0.201525
vt 0.319340 0.201525
vt 0.319340 0.201525
vt 0.319340 0.201525
vt 0.319340 0.201525
vt 0.319340 0.201525
vt 0.319340 0.201525
vt 0.319340 0.201525
vt 0.319340 0.201525
vt 0.319340 0.201525
vt 0.319340 0.201525
vt 0.319340 0.201525
vt 0.319340 0.201525
vt 0.319340 0.201525
vt 0.319340 0.201525
vt 0.319340 0.201525
vt 0.319340 0.201525
vt 0.319340 0.201525
vt 0.319340 0.201525
vt 0.319340 0.201525
vt 0.319340 0.201525
vt 0.319340 0.201525
vt 0.319340 0.201525
vt 0.319340 0.201525
vt 0.319340 0.201525
vt 0.319340 0.201525
vt 0.319340 0.201525
vt 0.319340 0.201525
vt 0.319340 0.201525
vt 0.319340 0.201525
vt 0.319340 0.201525
vt 0.319340 0.201525
vt 0.319340 0.201525
vt 0.319340 0.201525
vt 0.319340 0.201525
vt 0.319340 0.201525
vt 0.319340 0.201525
vt 0.319340 0.201525
vt 0.319340 0.201525
vt 0.319340 0.201525
vt 0.319340 0.201525
vt 0.319340 0.201525
vt 0.319340 0.201525
vt 0.319340 0.201525
vt 0.319340 0.201525
vt 0.319340 0.201525
vt 0.319340 0.201525
vt 0.319340 0.201525
vt 0.319340 0.201525
vt 0.319340 0.201525
vt 0.319340 0.201525
vt 0.319340 0.201525
vt 0.319340 0.201525
vt 0.319340 0.201525
vt 0.319340 0.201525
vt 0.319340 0.201525
vt 0.319340 0.201525
vt 0.319340 0.201525
vt 0.319340 0.201525
vt 0.319340 0.201525
vt 0.319340 0.201525
vt 0.319340 0.201525
vt 0.319340 0.201525
vt 0.319340 0.201525
vt 0.319340 0.201525
vt 0.319340 0.201525
vt 0.319340 0.201525
vt 0.319340 0.201525
vt 0.319340 0.201525
vt 0.319340 0.201525
vt 0.319340 0.201525
vt 0.319340 0.201525
vt 0.319340 0.201525
vt 0.319340 0.201525
vt 0.319340 0.201525
vt 0.319340 0.201525
vt 0.319340 0.201525
vt 0.319340 0.201525
vt 0.319340 0.201525
vt 0.319340 0.201525
vt 0.319340 0.201525
vt 0.319340 0.201525
vt 0.319340 0.201525
vt 0.319340 0.201525
vt 0.319340 0.201525
vt 0.319340 0.201525
vt 0.319340 0.201525
vt 0.319340 0.201525
vt 0.319340 0.201525
vt 0.319340 0.201525
vt 0.319340 0.201525
vt 0.319340 0.201525
vt 0.319340 0.201525
vt 0.319340 0.201525
vt 0.319340 0.201525
vt 0.319340 0.201525
vt 0.319340 0.201525
vt 0.319340 0.201525
vt 0.319340 0.201525
vt 0.319340 0.201525
vt 0.319340 0.201525
vt 0.319340 0.201525
vt 0.319340 0.201525
vt 0.319340 0.201525
vt 0.319340 0.201525
vt 0.319340 0.201525
vt 0.319340 0.201525
vt 0.319340 0.201525
vt 0.319340 0.201525
vt 0.319340 0.201525
vt 0.319340 0.201525
vt 0.319340 0.201525
vt 0.319340 0.201525
vt 0.319340 0.201525
vt 0.319340 0.201525
vt 0.319340 0.201525
vt 0.319340 0.201525
vt 0.319340 0.201525
vt 0.319340 0.201525
vt 0.319340 0.201525
vt 0.319340 0.201525
vt 0.319340 0.201525
vt 0.319340 0.201525
vt 0.319340 0.201525
vt 0.319340 0.201525
vt 0.319340 0.201525
vt 0.319340 0.201525
vt 0.319340 0.201525
vt 0.319340 0.201525
vt 0.319340 0.201525
vt 0.319340 0.201525
vt 0.319340 0.201525
vt 0.319340 0.201525
vt 0.319340 0.201525
vt 0.319340 0.201525
vt 0.319340 0.201525
vt 0.319340 0.201525
vt 0.319340 0.201525
vt 0.319340 0.201525
vt 0.319340 0.201525
vt 0.319340 0.201525
vt 0.319340 0.201525
vt 0.319340 0.201525
vt 0.319340 0.201525
vt 0.319340 0.201525
vt 0.319340 0.201525
vt 0.319340 0.201525
vt 0.319340 0.201525
vt 0.319340 0.201525
vt 0.319340 0.201525
vt 0.319340 0.201525
vt 0.319340 0.201525
vt 0.319340 0.201525
vt 0.319340 0.201525
vt 0.319340 0.201525
vt 0.319340 0.201525
vt 0.319340 0.201525
vt 0.319340 0.201525
vt 0.319340 0.201525
vt 0.319340 0.201525
vt 0.319340 0.201525
vt 0.319340 0.201525
vt 0.319340 0.201525
vt 0.319340 0.201525
vt 0.319340 0.201525
vt 0.319340 0.201525
vt 0.319340 0.201525
vt 0.319340 0.201525
vt 0.319340 0.201525
vt 0.319340 0.201525
vt 0.319340 0.201525
vt 0.319340 0.201525
vt 0.319340 0.201525
vt 0.319340 0.201525
vt 0.319340 0.201525
vt 0.319340 0.201525
vt 0.319340 0.201525
vt 0.319340 0.201525
vt 0.319340 0.201525
vt 0.319340 0.201525
vt 0.319340 0.201525
vt 0.319340 0.201525
vt 0.319340 0.201525
vt 0.319340 0.201525
vt 0.319340 0.201525
vt 0.319340 0.201525
vt 0.319340 0.201525
vt 0.319340 0.201525
vt 0.319340 0.201525
vt 0.319340 0.201525
vt 0.319340 0.201525
vt 0.319340 0.201525
vt 0.319340 0.201525
vt 0.319340 0.201525
vt 0.319340 0.201525
vt 0.319340 0.201525
vt 0.319340 0.201525
vt 0.319340 0.201525
vt 0.319340 0.201525
vt 0.319340 0.201525
vt 0.319340 0.201525
vt 0.319340 0.201525
vt 0.319340 0.201525
vt 0.319340 0.201525
vt 0.319340 0.201525
vt 0.319340 0.201525
vt 0.319340 0.201525
vt 0.319340 0.201525
vt 0.319340 0.201525
vt 0.319340 0.201525
vt 0.319340 0.201525
vt 0.319340 0.201525
vt 0.319340 0.201525
vt 0.319340 0.201525
vt 0.319340 0.201525
vt 0.319340 0.201525
vt 0.319340 0.201525
vt 0.319340 0.201525
vt 0.319340 0.201525
vt 0.319340 0.201525
vt 0.319340 0.201525
vt 0.319340 0.201525
vt 0.319340 0.201525
vt 0.319340 0.201525
vt 0.319340 0.201525
vt 0.319340 0.201525
vt 0.319340 0.201525
vt 0.319340 0.201525
vt 0.319340 0.201525
vt 0.319340 0.201525
vt 0.319340 0.201525
vt 0.319340 0.201525
vt 0.319340 0.201525
vt 0.319340 0.201525
vt 0.319340 0.201525
vt 0.319340 0.201525
vt 0.319340 0.201525
vt 0.319340 0.201525
vt 0.319340 0.201525
vt 0.319340 0.201525
vt 0.319340 0.201525
vt 0.319340 0.201525
vt 0.319340 0.201525
vt 0.319340 0.201525
vt 0.319340 0.201525
vt 0.319340 0.201525
vt 0.319340 0.201525
vt 0.319340 0.201525
vt 0.319340 0.201525
vt 0.319340 0.201525
vt 0.319340 0.201525
vt 0.319340 0.201525
vt 0.319340 0.201525
vt 0.319340 0.201525
vt 0.319340 0.201525
vt 0.319340 0.201525
vt 0.319340 0.201525
vt 0.319340 0.201525
vt 0.319340 0.201525
vt 0.319340 0.201525
vt 0.319340 0.201525
vt 0.319340 0.201525
vt 0.319340 0.201525
vt 0.319340 0.201525
vt 0.319340 0.201525
vt 0.319340 0.201525
vt 0.319340 0.201525
vt 0.319340 0.201525
vt 0.319340 0.201525
vt 0.319340 0.201525
vt 0.319340 0.201525
vt 0.319340 0.201525
vt 0.319340 0.201525
vt 0.319340 0.201525
vt 0.319340 0.201525
vt 0.319340 0.201525
vt 0.319340 0.201525
vt 0.319340 0.201525
vt 0.319340 0.201525
vt 0.319340 0.201525
vt 0.319340 0.201525
vt 0.319340 0.201525
vt 0.319340 0.201525
vt 0.319340 0.201525
vt 0.319340 0.201525
vt 0.319340 0.201525
vt 0.319340 0.201525
vt 0.319340 0.201525
vt 0.319340 0.201525
vt 0.319340 0.201525
vt 0.319340 0.201525
vt 0.319340 0.201525
vt 0.319340 0.201525
vt 0.319340 0.201525
vt 0.319340 0.201525
vt 0.319340 0.201525
vt 0.319340 0.201525
vt 0.319340 0.201525
vt 0.319340 0.201525
vt 0.319340 0.201525
vt 0.319340 0.201525
vt 0.319340 0.201525
vt 0.319340 0.201525
vt 0.319340 0.201525
vt 0.319340 0.201525
vt 0.319340 0.201525
vt 0.319340 0.201525
vt 0.319340 0.201525
vt 0.319340 0.201525
vt 0.319340 0.201525
vt 0.319340 0.201525
vt 0.319340 0.201525
vt 0.319340 0.201525
vt 0.319340 0.201525
vt 0.319340 0.201525
vt 0.319340 0.201525
vt 0.319340 0.201525
vt 0.319340 0.201525
vt 0.319340 0.201525
vt 0.319340 0.201525
vt 0.319340 0.201525
vt 0.319340 0.201525
vt 0.319340 0.201525
vt 0.319340 0.201525
vt 0.319340 0.201525
vt 0.319340 0.201525
vt 0.319340 0.201525
vt 0.319340 0.201525
vt 0.319340 0.201525
vt 0.319340 0.201525
vt 0.319340 0.201525
vt 0.319340 0.201525
vt 0.319340 0.201525
vt 0.319340 0.201525
vt 0.319340 0.201525
vt 0.319340 0.201525
vt 0.319340 0.201525
vt 0.319340 0.201525
vt 0.319340 0.201525
vt 0.319340 0.201525
vt 0.319340 0.201525
vt 0.319340 0.201525
vt 0.319340 0.201525
vt 0.319340 0.201525
vt 0.319340 0.201525
vt 0.319340 0.201525
vt 0.319340 0.201525
vt 0.319340 0.201525
vt 0.319340 0.201525
vt 0.319340 0.201525
vt 0.319340 0.201525
vt 0.319340 0.201525
vt 0.319340 0.201525
vt 0.319340 0.201525
vt 0.319340 0.201525
vt 0.319340 0.201525
vt 0.319340 0.201525
vt 0.319340 0.201525
vt 0.319340 0.201525
vt 0.319340 0.201525
vt 0.319340 0.201525
vt 0.319340 0.201525
vt 0.319340 0.201525
vt 0.319340 0.201525
vt 0.319340 0.201525
vt 0.319340 0.201525
vt 0.319340 0.201525
vt 0.319340 0.201525
vt 0.319340 0.201525
vt 0.319340 0.201525
vt 0.319340 0.201525
vt 0.319340 0.201525
vt 0.319340 0.201525
vt 0.319340 0.201525
vt 0.319340 0.201525
vt 0.319340 0.201525
vt 0.319340 0.201525
vt 0.319340 0.201525
vt 0.319340 0.201525
vt 0.319340 0.201525
vt 0.319340 0.201525
vt 0.319340 0.201525
vt 0.319340 0.201525
vt 0.319340 0.201525
vt 0.319340 0.201525
vt 0.319340 0.201525
vt 0.319340 0.201525
vt 0.319340 0.201525
vt 0.319340 0.201525
vt 0.319340 0.201525
vt 0.319340 0.201525
vt 0.319340 0.201525
vt 0.319340 0.201525
vt 0.319340 0.201525
vt 0.319340 0.201525
vt 0.319340 0.201525
vt 0.319340 0.201525
vt 0.319340 0.201525
vt 0.319340 0.201525
vt 0.319340 0.201525
vt 0.319340 0.201525
vt 0.319340 0.201525
vt 0.319340 0.201525
vt 0.319340 0.201525
vt 0.319340 0.201525
vt 0.319340 0.201525
vt 0.319340 0.201525
vt 0.319340 0.201525
vt 0.319340 0.201525
vt 0.319340 0.201525
vt 0.319340 0.201525
vt 0.319340 0.201525
vt 0.319340 0.201525
vt 0.319340 0.201525
vt 0.319340 0.201525
vt 0.319340 0.201525
vt 0.319340 0.201525
vt 0.319340 0.201525
vt 0.319340 0.201525
vt 0.319340 0.201525
vt 0.319340 0.201525
vt 0.319340 0.201525
vt 0.319340 0.201525
vt 0.319340 0.201525
vt 0.319340 0.201525
vt 0.319340 0.201525
vt 0.319340 0.201525
vt 0.319340 0.201525
vt 0.319340 0.201525
vt 0.319340 0.201525
vt 0.319340 0.201525
vt 0.319340 0.201525
vt 0.319340 0.201525
vt 0.319340 0.201525
vt 0.319340 0.201525
vt 0.319340 0.201525
vt 0.319340 0.201525
vt 0.319340 0.201525
vt 0.319340 0.201525
vt 0.319340 0.201525
vt 0.319340 0.201525
vt 0.319340 0.201525
vt 0.319340 0.201525
vt 0.319340 0.201525
vt 0.319340 0.201525
vt 0.319340 0.201525
vt 0.319340 0.201525
vt 0.319340 0.201525
vt 0.319340 0.201525
vt 0.319340 0.201525
vt 0.319340 0.201525
vt 0.319340 0.201525
vt 0.319340 0.201525
vt 0.319340 0.201525
vt 0.319340 0.201525
vt 0.319340 0.201525
vt 0.319340 0.201525
vt 0.319340 0.201525
vt 0.319340 0.201525
vt 0.319340 0.201525
vt 0.319340 0.201525
vt 0.319340 0.201525
vt 0.319340 0.201525
vt 0.319340 0.201525
vt 0.319340 0.201525
vt 0.319340 0.201525
vt 0.319340 0.201525
vt 0.319340 0.201525
vt 0.319340 0.201525
vt 0.319340 0.201525
vt 0.319340 0.201525
vt 0.319340 0.201525
vt 0.319340 0.201525
vt 0.319340 0.201525
vt 0.319340 0.201525
vt 0.319340 0.201525
vt 0.319340 0.201525
vt 0.319340 0.201525
vt 0.319340 0.201525
vt 0.319340 0.201525
vt 0.319340 0.201525
vt 0.319340 0.201525
vt 0.319340 0.201525
vt 0.319340 0.201525
vt 0.319340 0.201525
vt 0.319340 0.201525
vt 0.319340 0.201525
vt 0.319340 0.201525
vt 0.319340 0.201525
vt 0.319340 0.201525
vt 0.319340 0.201525
vt 0.319340 0.201525
vt 0.319340 0.201525
vt 0.319340 0.201525
vt 0.319340 0.201525
vt 0.319340 0.201525
vt 0.319340 0.201525
vt 0.319340 0.201525
vt 0.319340 0.201525
vt 0.319340 0.201525
vt 0.319340 0.201525
vt 0.319340 0.201525
vt 0.319340 0.201525
vt 0.319340 0.201525
vt 0.319340 0.201525
vt 0.319340 0.201525
vt 0.319340 0.201525
vt 0.319340 0.201525
vt 0.319340 0.201525
vt 0.319340 0.201525
vt 0.319340 0.201525
vt 0.319340 0.201525
vt 0.319340 0.201525
vt 0.319340 0.201525
vt 0.319340 0.201525
vt 0.319340 0.201525
vt 0.319340 0.201525
vt 0.319340 0.201525
vt 0.319340 0.201525
vt 0.319340 0.201525
vt 0.319340 0.201525
vt 0.319340 0.201525
vt 0.319340 0.201525
vt 0.319340 0.201525
vt 0.319340 0.201525
vt 0.319340 0.201525
vt 0.319340 0.201525
vt 0.319340 0.201525
vt 0.319340 0.201525
vt 0.319340 0.201525
vt 0.319340 0.201525
vt 0.319340 0.201525
vt 0.319340 0.201525
vt 0.319340 0.201525
vt 0.319340 0.201525
vt 0.319340 0.201525
vt 0.319340 0.201525
vt 0.319340 0.201525
vt 0.319340 0.201525
vt 0.319340 0.201525
vt 0.319340 0.201525
vt 0.319340 0.201525
vt 0.319340 0.201525
vt 0.319340 0.201525
vt 0.319340 0.201525
vt 0.319340 0.201525
vt 0.319340 0.201525
vt 0.319340 0.201525
vt 0.319340 0.201525
vt 0.319340 0.201525
vt 0.319340 0.201525
vt 0.319340 0.201525
vt 0.319340 0.201525
vt 0.319340 0.201525
vt 0.319340 0.201525
vt 0.319340 0.201525
vt 0.319340 0.201525
vt 0.319340 0.201525
vt 0.319340 0.201525
vt 0.319340 0.201525
vt 0.319340 0.201525
vt 0.319340 0.201525
vt 0.319340 0.201525
vt 0.319340 0.201525
vt 0.319340 0.201525
vt 0.319340 0.201525
vt 0.319340 0.201525
vt 0.319340 0.201525
vt 0.319340 0.201525
vt 0.319340 0.201525
vt 0.319340 0.201525
vt 0.319340 0.201525
vt 0.319340 0.201525
vt 0.319340 0.201525
vt 0.319340 0.201525
vt 0.319340 0.201525
vt 0.319340 0.201525
vt 0.319340 0.201525
vt 0.319340 0.201525
vt 0.319340 0.201525
vt 0.319340 0.201525
vt 0.319340 0.201525
vt 0.319340 0.201525
vt 0.319340 0.201525
vt 0.319340 0.201525
vt 0.319340 0.201525
vt 0.319340 0.201525
vt 0.319340 0.201525
vt 0.319340 0.201525
vt 0.319340 0.201525
vt 0.319340 0.201525
vt 0.319340 0.201525
vt 0.319340 0.201525
vt 0.319340 0.201525
vt 0.319340 0.201525
vt 0.319340 0.201525
vt 0.319340 0.201525
vt 0.319340 0.201525
vt 0.319340 0.201525
vt 0.319340 0.201525
vt 0.319340 0.201525
vt 0.319340 0.201525
vt 0.319340 0.201525
vt 0.319340 0.201525
vt 0.319340 0.201525
vt 0.319340 0.201525
vt 0.319340 0.201525
vt 0.319340 0.201525
vt 0.319340 0.201525
vt 0.319340 0.201525
vt 0.319340 0.201525
vt 0.319340 0.201525
vt 0.319340 0.201525
vt 0.319340 0.201525
vt 0.319340 0.201525
vt 0.319340 0.201525
vt 0.319340 0.201525
vt 0.319340 0.201525
vt 0.319340 0.201525
vt 0.319340 0.201525
vt 0.319340 0.201525
vt 0.319340 0.201525
vt 0.319340 0.201525
vt 0.319340 0.201525
vt 0.319340 0.201525
vt 0.319340 0.201525
vt 0.319340 0.201525
vt 0.319340 0.201525
vt 0.319340 0.201525
vt 0.319340 0.201525
vt 0.319340 0.201525
vt 0.319340 0.201525
vt 0.319340 0.201525
vt 0.319340 0.201525
vt 0.319340 0.201525
vt 0.319340 0.201525
vt 0.319340 0.201525
vt 0.319340 0.201525
vt 0.319340 0.201525
vt 0.319340 0.201525
vt 0.319340 0.201525
vt 0.319340 0.201525
vt 0.319340 0.201525
vt 0.319340 0.201525
vt 0.319340 0.201525
vt 0.319340 0.201525
vt 0.319340 0.201525
vt 0.319340 0.201525
vt 0.319340 0.201525
vt 0.319340 0.201525
vt 0.319340 0.201525
vt 0.319340 0.201525
vt 0.319340 0.201525
vt 0.319340 0.201525
vt 0.319340 0.201525
vt 0.319340 0.201525
vt 0.319340 0.201525
vt 0.319340 0.201525
vt 0.319340 0.201525
vt 0.319340 0.201525
vt 0.319340 0.201525
vt 0.319340 0.201525
vt 0.319340 0.201525
vt 0.319340 0.201525
vt 0.319340 0.201525
vt 0.319340 0.201525
vt 0.319340 0.201525
vt 0.319340 0.201525
vt 0.319340 0.201525
vt 0.319340 0.201525
vt 0.319340 0.201525
vt 0.319340 0.201525
vt 0.319340 0.201525
vt 0.319340 0.201525
vt 0.319340 0.201525
vt 0.319340 0.201525
vt 0.319340 0.201525
vt 0.319340 0.201525
vt 0.319340 0.201525
vt 0.319340 0.201525
vt 0.319340 0.201525
vt 0.319340 0.201525
vt 0.319340 0.201525
vt 0.319340 0.201525
vt 0.319340 0.201525
vt 0.319340 0.201525
vt 0.319340 0.201525
vt 0.319340 0.201525
vt 0.319340 0.201525
vt 0.319340 0.201525
vt 0.319340 0.201525
vt 0.319340 0.201525
vt 0.319340 0.201525
vt 0.319340 0.201525
vt 0.319340 0.201525
vt 0.319340 0.201525
vt 0.319340 0.201525
vt 0.319340 0.201525
vt 0.319340 0.201525
vt 0.319340 0.201525
vt 0.319340 0.201525
vt 0.319340 0.201525
vt 0.319340 0.201525
vt 0.319340 0.201525
vt 0.319340 0.201525
vt 0.319340 0.201525
vt 0.319340 0.201525
vt 0.319340 0.201525
vt 0.319340 0.201525
vt 0.319340 0.201525
vt 0.319340 0.201525
vt 0.319340 0.201525
vt 0.319340 0.201525
vt 0.319340 0.201525
vt 0.319340 0.201525
vt 0.319340 0.201525
vt 0.319340 0.201525
vt 0.319340 0.201525
vt 0.319340 0.201525
vt 0.319340 0.201525
vt 0.319340 0.201525
vt 0.319340 0.201525
vt 0.319340 0.201525
vt 0.319340 0.201525
vt 0.319340 0.201525
vt 0.319340 0.201525
vt 0.319340 0.201525
vt 0.319340 0.201525
vt 0.319340 0.201525
vt 0.319340 0.201525
vt 0.319340 0.201525
vt 0.319340 0.201525
vt 0.319340 0.201525
vt 0.319340 0.201525
vt 0.319340 0.201525
vt 0.319340 0.201525
vt 0.319340 0.201525
vt 0.319340 0.201525
vt 0.319340 0.201525
vt 0.319340 0.201525
vt 0.319340 0.201525
vt 0.319340 0.201525
vt 0.319340 0.201525
vt 0.319340 0.201525
vt 0.319340 0.201525
vt 0.319340 0.201525
vt 0.319340 0.201525
vt 0.319340 0.201525
vt 0.319340 0.201525
vt 0.319340 0.201525
vt 0.319340 0.201525
vt 0.319340 0.201525
vt 0.319340 0.201525
vt 0.319340 0.201525
vt 0.319340 0.201525
vt 0.319340 0.201525
vt 0.319340 0.201525
vt 0.319340 0.201525
vt 0.319340 0.201525
vt 0.319340 0.201525
vt 0.319340 0.201525
vt 0.319340 0.201525
vt 0.319340 0.201525
vt 0.319340 0.201525
vt 0.319340 0.201525
vt 0.319340 0.201525
vt 0.319340 0.201525
vt 0.319340 0.201525
vt 0.319340 0.201525
vt 0.319340 0.201525
vt 0.319340 0.201525
vt 0.319340 0.201525
vt 0.319340 0.201525
vt 0.319340 0.201525
vt 0.319340 0.201525
vt 0.319340 0.201525
vt 0.319340 0.201525
vt 0.319340 0.201525
vt 0.319340 0.201525
vt 0.319340 0.201525
vt 0.319340 0.201525
vt 0.319340 0.201525
vt 0.319340 0.201525
vt 0.319340 0.201525
vt 0.319340 0.201525
vt 0.319340 0.201525
vt 0.319340 0.201525
vt 0.319340 0.201525
vt 0.319340 0.201525
vt 0.319340 0.201525
vt 0.319340 0.201525
vt 0.319340 0.201525
vt 0.319340 0.201525
vt 0.319340 0.201525
vt 0.319340 0.201525
vt 0.319340 0.201525
vt 0.319340 0.201525
vt 0.319340 0.201525
vt 0.319340 0.201525
vt 0.319340 0.201525
vt 0.319340 0.201525
vt 0.319340 0.201525
vt 0.319340 0.201525
vt 0.319340 0.201525
vt 0.319340 0.201525
vt 0.319340 0.201525
vt 0.319340 0.201525
vt 0.319340 0.201525
vt 0.319340 0.201525
vt 0.319340 0.201525
vt 0.319340 0.201525
vt 0.319340 0.201525
vt 0.319340 0.201525
vt 0.319340 0.201525
vt 0.319340 0.201525
vt 0.319340 0.201525
vt 0.319340 0.201525
vt 0.319340 0.201525
vt 0.319340 0.201525
vt 0.319340 0.201525
vt 0.319340 0.201525
vt 0.319340 0.201525
vt 0.319340 0.201525
vt 0.319340 0.201525
vt 0.319340 0.201525
vt 0.319340 0.201525
vt 0.319340 0.201525
vt 0.319340 0.201525
vt 0.319340 0.201525
vt 0.319340 0.201525
vt 0.319340 0.201525
vt 0.319340 0.201525
vt 0.319340 0.201525
vt 0.319340 0.201525
vt 0.319340 0.201525
vt 0.319340 0.201525
vt 0.319340 0.201525
vt 0.319340 0.201525
vt 0.319340 0.201525
vt 0.319340 0.201525
vt 0.319340 0.201525
vt 0.319340 0.201525
vt 0.319340 0.201525
vt 0.319340 0.201525
vt 0.319340 0.201525
vt 0.319340 0.201525
vt 0.319340 0.201525
vt 0.319340 0.201525
vt 0.319340 0.201525
vt 0.319340 0.201525
vt 0.319340 0.201525
vt 0.319340 0.201525
vt 0.319340 0.201525
vt 0.319340 0.201525
vt 0.319340 0.201525
vt 0.319340 0.201525
vt 0.319340 0.201525
vt 0.319340 0.201525
vt 0.319340 0.201525
vt 0.319340 0.201525
vt 0.319340 0.201525
vt 0.319340 0.201525
vt 0.319340 0.201525
vt 0.319340 0.201525
vt 0.319340 0.201525
vt 0.319340 0.201525
vt 0.319340 0.201525
vt 0.319340 0.201525
vt 0.319340 0.201525
vt 0.319340 0.201525
vt 0.319340 0.201525
vt 0.319340 0.201525
vt 0.319340 0.201525
vt 0.319340 0.201525
vt 0.319340 0.201525
vt 0.319340 0.201525
vt 0.319340 0.201525
vt 0.319340 0.201525
vt 0.319340 0.201525
vt 0.319340 0.201525
vt 0.319340 0.201525
vt 0.319340 0.201525
vt 0.319340 0.201525
vt 0.319340 0.201525
vt 0.319340 0.201525
vt 0.319340 0.201525
vt 0.319340 0.201525
vt 0.319340 0.201525
vt 0.319340 0.201525
vt 0.319340 0.201525
vt 0.319340 0.201525
vt 0.319340 0.201525
vt 0.319340 0.201525
vt 0.319340 0.201525
vt 0.319340 0.201525
vt 0.319340 0.201525
vt 0.319340 0.201525
vt 0.319340 0.201525
vt 0.319340 0.201525
vt 0.319340 0.201525
vt 0.319340 0.201525
vt 0.319340 0.201525
vt 0.319340 0.201525
vt 0.319340 0.201525
vt 0.319340 0.201525
vt 0.319340 0.201525
vt 0.319340 0.201525
vt 0.319340 0.201525
vt 0.319340 0.201525
vt 0.319340 0.201525
vt 0.319340 0.201525
vt 0.319340 0.201525
vt 0.319340 0.201525
vt 0.319340 0.201525
vt 0.319340 0.201525
vt 0.319340 0.201525
vt 0.319340 0.201525
vt 0.319340 0.201525
vt 0.319340 0.201525
vt 0.319340 0.201525
vt 0.319340 0.201525
vt 0.319340 0.201525
vt 0.319340 0.201525
vt 0.319340 0.201525
vt 0.319340 0.201525
vt 0.319340 0.201525
vt 0.319340 0.201525
vt 0.319340 0.201525
vt 0.319340 0.201525
vt 0.319340 0.201525
vt 0.319340 0.201525
vt 0.319340 0.201525
vt 0.319340 0.201525
vt 0.319340 0.201525
vt 0.319340 0.201525
vt 0.319340 0.201525
vt 0.319340 0.201525
vt 0.319340 0.201525
vt 0.319340 0.201525
vt 0.319340 0.201525
vt 0.319340 0.201525
vt 0.319340 0.201525
vt 0.319340 0.201525
vt 0.319340 0.201525
vt 0.319340 0.201525
vt 0.319340 0.201525
vt 0.319340 0.201525
vt 0.319340 0.201525
vt 0.319340 0.201525
vt 0.319340 0.201525
vt 0.319340 0.201525
vt 0.319340 0.201525
vt 0.319340 0.201525
vt 0.319340 0.201525
vt 0.319340 0.201525
vt 0.319340 0.201525
vt 0.319340 0.201525
vt 0.319340 0.201525
vt 0.319340 0.201525
vt 0.319340 0.201525
vt 0.319340 0.201525
vt 0.319340 0.201525
vt 0.319340 0.201525
vt 0.319340 0.201525
vt 0.319340 0.201525
vt 0.319340 0.201525
vt 0.319340 0.201525
vt 0.319340 0.201525
vt 0.319340 0.201525
vt 0.319340 0.201525
vt 0.319340 0.201525
vt 0.319340 0.201525
vt 0.319340 0.201525
vt 0.319340 0.201525
vt 0.319340 0.201525
vt 0.319340 0.201525
vt 0.319340 0.201525
vt 0.319340 0.201525
vt 0.319340 0.201525
vt 0.319340 0.201525
vt 0.319340 0.201525
vt 0.319340 0.201525
vt 0.319340 0.201525
vt 0.319340 0.201525
vt 0.319340 0.201525
vt 0.319340 0.201525
vt 0.319340 0.201525
vt 0.319340 0.201525
vt 0.319340 0.201525
vt 0.319340 0.201525
vt 0.319340 0.201525
vt 0.319340 0.201525
vt 0.319340 0.201525
vt 0.319340 0.201525
vt 0.319340 0.201525
vt 0.319340 0.201525
vt 0.319340 0.201525
vt 0.319340 0.201525
vt 0.319340 0.201525
vt 0.319340 0.201525
vt 0.319340 0.201525
vt 0.319340 0.201525
vt 0.319340 0.201525
vt 0.319340 0.201525
vt 0.319340 0.201525
vt 0.319340 0.201525
vt 0.319340 0.201525
vt 0.319340 0.201525
vt 0.319340 0.201525
vt 0.319340 0.201525
vt 0.319340 0.201525
vt 0.319340 0.201525
vt 0.319340 0.201525
vt 0.319340 0.201525
vt 0.319340 0.201525
vt 0.319340 0.201525
vt 0.319340 0.201525
vt 0.319340 0.201525
vt 0.319340 0.201525
vt 0.319340 0.201525
vt 0.319340 0.201525
vt 0.319340 0.201525
vt 0.319340 0.201525
vt 0.319340 0.201525
vt 0.319340 0.201525
vt 0.319340 0.201525
vt 0.319340 0.201525
vt 0.319340 0.201525
vt 0.319340 0.201525
vt 0.319340 0.201525
vt 0.319340 0.201525
vt 0.319340 0.201525
vt 0.319340 0.201525
vt 0.319340 0.201525
vt 0.319340 0.201525
vt 0.319340 0.201525
vt 0.319340 0.201525
vt 0.319340 0.201525
vt 0.319340 0.201525
vt 0.319340 0.201525
vt 0.319340 0.201525
vt 0.319340 0.201525
vt 0.319340 0.201525
vt 0.319340 0.201525
vt 0.319340 0.201525
vt 0.319340 0.201525
vt 0.319340 0.201525
vt 0.319340 0.201525
vt 0.319340 0.201525
vt 0.319340 0.201525
vt 0.319340 0.201525
vt 0.319340 0.201525
vt 0.319340 0.201525
vt 0.319340 0.201525
vt 0.319340 0.201525
vt 0.319340 0.201525
vt 0.319340 0.201525
vt 0.319340 0.201525
vt 0.319340 0.201525
vt 0.319340 0.201525
vt 0.319340 0.201525
vt 0.319340 0.201525
vt 0.319340 0.201525
vt 0.319340 0.201525
vt 0.319340 0.201525
vt 0.319340 0.201525
vt 0.319340 0.201525
vt 0.319340 0.201525
vt 0.319340 0.201525
vt 0.319340 0.201525
vt 0.319340 0.201525
vt 0.319340 0.201525
vt 0.319340 0.201525
vt 0.319340 0.201525
vt 0.319340 0.201525
vt 0.319340 0.201525
vt 0.319340 0.201525
vt 0.319340 0.201525
vt 0.319340 0.201525
vt 0.319340 0.201525
vt 0.319340 0.201525
vt 0.319340 0.201525
vt 0.319340 0.201525
vt 0.319340 0.201525
vt 0.319340 0.201525
vt 0.319340 0.201525
vt 0.319340 0.201525
vt 0.319340 0.201525
vt 0.319340 0.201525
vt 0.319340 0.201525
vt 0.319340 0.201525
vt 0.319340 0.201525
vt 0.319340 0.201525
vt 0.319340 0.201525
vt 0.319340 0.201525
vt 0.319340 0.201525
vt 0.319340 0.201525
vt 0.319340 0.201525
vt 0.319340 0.201525
vt 0.319340 0.201525
vt 0.319340 0.201525
vt 0.319340 0.201525
vt 0.319340 0.201525
vt 0.319340 0.201525
vt 0.319340 0.201525
vt 0.319340 0.201525
vt 0.319340 0.201525
vt 0.319340 0.201525
vt 0.319340 0.201525
vt 0.319340 0.201525
vt 0.319340 0.201525
vt 0.319340 0.201525
vt 0.319340 0.201525
vt 0.319340 0.201525
vt 0.319340 0.201525
vt 0.319340 0.201525
vt 0.319340 0.201525
vt 0.319340 0.201525
vt 0.319340 0.201525
vt 0.319340 0.201525
vt 0.319340 0.201525
vt 0.319340 0.201525
vt 0.319340 0.201525
vt 0.319340 0.201525
vt 0.319340 0.201525
vt 0.319340 0.201525
vt 0.319340 0.201525
vt 0.319340 0.201525
vt 0.319340 0.201525
vt 0.319340 0.201525
vt 0.319340 0.201525
vt 0.319340 0.201525
vt 0.319340 0.201525
vt 0.319340 0.201525
vt 0.319340 0.201525
vt 0.319340 0.201525
vt 0.319340 0.201525
vt 0.319340 0.201525
vt 0.319340 0.201525
vt 0.319340 0.201525
vt 0.319340 0.201525
vt 0.319340 0.201525
vt 0.319340 0.201525
vt 0.319340 0.201525
vt 0.319340 0.201525
vt 0.319340 0.201525
vt 0.319340 0.201525
vt 0.319340 0.201525
vt 0.319340 0.201525
vt 0.319340 0.201525
vt 0.319340 0.201525
vt 0.319340 0.201525
vt 0.319340 0.201525
vt 0.319340 0.201525
vt 0.319340 0.201525
vt 0.319340 0.201525
vt 0.319340 0.201525
vt 0.319340 0.201525
vt 0.319340 0.201525
vt 0.319340 0.201525
vt 0.319340 0.201525
vt 0.319340 0.201525
vt 0.319340 0.201525
vt 0.319340 0.201525
vt 0.319340 0.201525
vt 0.319340 0.201525
vt 0.319340 0.201525
vt 0.319340 0.201525
vt 0.319340 0.201525
vt 0.319340 0.201525
vt 0.319340 0.201525
vt 0.319340 0.201525
vt 0.319340 0.201525
vt 0.319340 0.201525
vt 0.319340 0.201525
vt 0.319340 0.201525
vt 0.319340 0.201525
vt 0.319340 0.201525
vt 0.319340 0.201525
vt 0.319340 0.201525
vt 0.319340 0.201525
vt 0.319340 0.201525
vt 0.319340 0.201525
vt 0.319340 0.201525
vt 0.319340 0.201525
vt 0.319340 0.201525
vt 0.319340 0.201525
vt 0.319340 0.201525
vt 0.319340 0.201525
vt 0.319340 0.201525
vt 0.319340 0.201525
vt 0.319340 0.201525
vt 0.319340 0.201525
vt 0.319340 0.201525
vt 0.319340 0.201525
vt 0.319340 0.201525
vt 0.319340 0.201525
vt 0.319340 0.201525
vt 0.319340 0.201525
vt 0.319340 0.201525
vt 0.319340 0.201525
vt 0.319340 0.201525
vt 0.319340 0.201525
vt 0.319340 0.201525
vt 0.319340 0.201525
vt 0.319340 0.201525
vt 0.319340 0.201525
vt 0.319340 0.201525
vt 0.319340 0.201525
vt 0.319340 0.201525
vt 0.319340 0.201525
vt 0.319340 0.201525
vt 0.319340 0.201525
vt 0.319340 0.201525
vt 0.319340 0.201525
vt 0.319340 0.201525
vt 0.319340 0.201525
vt 0.319340 0.201525
vt 0.319340 0.201525
vt 0.319340 0.201525
vt 0.319340 0.201525
vt 0.319340 0.201525
vt 0.319340 0.201525
vt 0.319340 0.201525
vt 0.319340 0.201525
vt 0.319340 0.201525
vt 0.319340 0.201525
vt 0.319340 0.201525
vt 0.319340 0.201525
vt 0.319340 0.201525
vt 0.319340 0.201525
vt 0.319340 0.201525
vt 0.319340 0.201525
vt 0.319340 0.201525
vt 0.319340 0.201525
vt 0.319340 0.201525
vt 0.319340 0.201525
vt 0.319340 0.201525
vt 0.319340 0.201525
vt 0.319340 0.201525
vt 0.319340 0.201525
vt 0.319340 0.201525
vt 0.319340 0.201525
vt 0.319340 0.201525
vt 0.319340 0.201525
vt 0.319340 0.201525
vt 0.319340 0.201525
vt 0.319340 0.201525
vt 0.319340 0.201525
vt 0.319340 0.201525
vt 0.319340 0.201525
vt 0.319340 0.201525
vt 0.319340 0.201525
vt 0.319340 0.201525
vt 0.319340 0.201525
vt 0.319340 0.201525
vt 0.319340 0.201525
vt 0.319340 0.201525
vt 0.319340 0.201525
vt 0.319340 0.201525
vt 0.319340 0.201525
vt 0.319340 0.201525
vt 0.319340 0.201525
vt 0.319340 0.201525
vt 0.319340 0.201525
vt 0.319340 0.201525
vt 0.319340 0.201525
vt 0.319340 0.201525
vt 0.319340 0.201525
vt 0.319340 0.201525
vt 0.319340 0.201525
vt 0.319340 0.201525
vt 0.319340 0.201525
vt 0.319340 0.201525
vt 0.319340 0.201525
vt 0.319340 0.201525
vt 0.319340 0.201525
vt 0.319340 0.201525
vt 0.319340 0.201525
vt 0.319340 0.201525
vt 0.319340 0.201525
vt 0.319340 0.201525
vt 0.319340 0.201525
vt 0.319340 0.201525
vt 0.319340 0.201525
vt 0.319340 0.201525
vt 0.319340 0.201525
vt 0.319340 0.201525
vt 0.319340 0.201525
vt 0.319340 0.201525
vt 0.319340 0.201525
vt 0.319340 0.201525
vt 0.319340 0.201525
vt 0.319340 0.201525
vt 0.319340 0.201525
vt 0.319340 0.201525
vt 0.319340 0.201525
vt 0.319340 0.201525
vt 0.319340 0.201525
vt 0.319340 0.201525
vt 0.319340 0.201525
vt 0.319340 0.201525
vt 0.319340 0.201525
vt 0.319340 0.201525
vt 0.319340 0.201525
vt 0.319340 0.201525
vt 0.319340 0.201525
vt 0.319340 0.201525
vt 0.319340 0.201525
vt 0.319340 0.201525
vt 0.319340 0.201525
vt 0.319340 0.201525
vt 0.319340 0.201525
vt 0.319340 0.201525
vt 0.319340 0.201525
vt 0.319340 0.201525
vt 0.319340 0.201525
vt 0.319340 0.201525
vt 0.319340 0.201525
vt 0.319340 0.201525
vt 0.319340 0.201525
vt 0.319340 0.201525
vt 0.319340 0.201525
vt 0.319340 0.201525
vt 0.319340 0.201525
vt 0.319340 0.201525
vt 0.319340 0.201525
vt 0.319340 0.201525
vt 0.319340 0.201525
vt 0.319340 0.201525
vt 0.319340 0.201525
vt 0.319340 0.201525
vt 0.319340 0.201525
vt 0.319340 0.201525
vt 0.319340 0.201525
vt 0.319340 0.201525
vt 0.319340 0.201525
vt 0.319340 0.201525
vt 0.319340 0.201525
vt 0.319340 0.201525
vt 0.319340 0.201525
vt 0.319340 0.201525
vt 0.319340 0.201525
vt 0.319340 0.201525
vt 0.319340 0.201525
vt 0.319340 0.201525
vt 0.319340 0.201525
vt 0.319340 0.201525
vt 0.319340 0.201525
vt 0.319340 0.201525
vt 0.319340 0.201525
vt 0.319340 0.201525
vt 0.319340 0.201525
vt 0.319340 0.201525
vt 0.319340 0.201525
vt 0.319340 0.201525
vt 0.319340 0.201525
vt 0.319340 0.201525
vt 0.319340 0.201525
vt 0.319340 0.201525
vt 0.319340 0.201525
vt 0.319340 0.201525
vt 0.319340 0.201525
vt 0.319340 0.201525
vt 0.319340 0.201525
vt 0.319340 0.201525
vt 0.319340 0.201525
vt 0.319340 0.201525
vt 0.319340 0.201525
vt 0.319340 0.201525
vt 0.319340 0.201525
vt 0.319340 0.201525
vt 0.319340 0.201525
vt 0.319340 0.201525
vt 0.319340 0.201525
vt 0.319340 0.201525
vt 0.319340 0.201525
vt 0.319340 0.201525
vt 0.319340 0.201525
vt 0.319340 0.201525
vt 0.319340 0.201525
vt 0.319340 0.201525
vt 0.319340 0.201525
vt 0.319340 0.201525
vt 0.319340 0.201525
vt 0.319340 0.201525
vt 0.319340 0.201525
vt 0.319340 0.201525
vt 0.319340 0.201525
vt 0.319340 0.201525
vt 0.319340 0.201525
vt 0.319340 0.201525
vt 0.319340 0.201525
vt 0.319340 0.201525
vt 0.319340 0.201525
vt 0.319340 0.201525
vt 0.319340 0.201525
vt 0.319340 0.201525
vt 0.319340 0.201525
vt 0.319340 0.201525
vt 0.319340 0.201525
vt 0.319340 0.201525
vt 0.319340 0.201525
vt 0.319340 0.201525
vt 0.319340 0.201525
vt 0.319340 0.201525
vt 0.319340 0.201525
vt 0.319340 0.201525
vt 0.319340 0.201525
vt 0.319340 0.201525
vt 0.319340 0.201525
vt 0.319340 0.201525
vt 0.319340 0.201525
vt 0.319340 0.201525
vt 0.319340 0.201525
vt 0.319340 0.201525
vt 0.319340 0.201525
vt 0.319340 0.201525
vt 0.319340 0.201525
vt 0.319340 0.201525
vt 0.319340 0.201525
vt 0.319340 0.201525
vt 0.319340 0.201525
vt 0.319340 0.201525
vt 0.319340 0.201525
vt 0.319340 0.201525
vt 0.319340 0.201525
vt 0.319340 0.201525
vt 0.319340 0.201525
vt 0.319340 0.201525
vt 0.319340 0.201525
vt 0.319340 0.201525
vt 0.319340 0.201525
vt 0.319340 0.201525
vt 0.319340 0.201525
vt 0.319340 0.201525
vt 0.319340 0.201525
vt 0.319340 0.201525
vt 0.319340 0.201525
vt 0.319340 0.201525
vt 0.319340 0.201525
vt 0.319340 0.201525
vt 0.319340 0.201525
vt 0.319340 0.201525
vt 0.319340 0.201525
vt 0.319340 0.201525
vt 0.319340 0.201525
vt 0.319340 0.201525
vt 0.319340 0.201525
vt 0.319340 0.201525
vt 0.319340 0.201525
vt 0.319340 0.201525
vt 0.319340 0.201525
vt 0.319340 0.201525
vt 0.319340 0.201525
vt 0.319340 0.201525
vt 0.319340 0.201525
vt 0.319340 0.201525
vt 0.319340 0.201525
vt 0.319340 0.201525
vt 0.319340 0.201525
vt 0.319340 0.201525
vt 0.319340 0.201525
vt 0.319340 0.201525
vt 0.319340 0.201525
vt 0.319340 0.201525
vt 0.319340 0.201525
vt 0.319340 0.201525
vt 0.319340 0.201525
vt 0.319340 0.201525
vt 0.319340 0.201525
vt 0.319340 0.201525
vt 0.319340 0.201525
vt 0.319340 0.201525
vt 0.319340 0.201525
vt 0.319340 0.201525
vt 0.319340 0.201525
vt 0.319340 0.201525
vt 0.319340 0.201525
vt 0.319340 0.201525
vt 0.319340 0.201525
vt 0.319340 0.201525
vt 0.319340 0.201525
vt 0.319340 0.201525
vt 0.319340 0.201525
vt 0.319340 0.201525
vt 0.319340 0.201525
vt 0.319340 0.201525
vt 0.319340 0.201525
vt 0.319340 0.201525
vt 0.319340 0.201525
vt 0.319340 0.201525
vt 0.319340 0.201525
vt 0.319340 0.201525
vt 0.319340 0.201525
vt 0.319340 0.201525
vt 0.319340 0.201525
vt 0.319340 0.201525
vt 0.319340 0.201525
vt 0.319340 0.201525
vt 0.319340 0.201525
vt 0.319340 0.201525
vt 0.319340 0.201525
vt 0.319340 0.201525
vt 0.319340 0.201525
vt 0.319340 0.201525
vt 0.319340 0.201525
vt 0.319340 0.201525
vt 0.319340 0.201525
vt 0.319340 0.201525
vt 0.319340 0.201525
vt 0.319340 0.201525
vt 0.319340 0.201525
vt 0.319340 0.201525
vt 0.319340 0.201525
vt 0.319340 0.201525
vt 0.319340 0.201525
vt 0.319340 0.201525
vt 0.319340 0.201525
vt 0.319340 0.201525
vt 0.319340 0.201525
vt 0.319340 0.201525
vt 0.319340 0.201525
vt 0.319340 0.201525
vt 0.319340 0.201525
vt 0.319340 0.201525
vt 0.319340 0.201525
vt 0.319340 0.201525
vt 0.319340 0.201525
vt 0.319340 0.201525
vt 0.319340 0.201525
vt 0.319340 0.201525
vt 0.319340 0.201525
vt 0.319340 0.201525
vt 0.319340 0.201525
vt 0.319340 0.201525
vt 0.319340 0.201525
vt 0.319340 0.201525
vt 0.319340 0.201525
vt 0.319340 0.201525
vt 0.319340 0.201525
vt 0.319340 0.201525
vt 0.319340 0.201525
vt 0.319340 0.201525
vt 0.319340 0.201525
vt 0.319340 0.201525
vt 0.319340 0.201525
vt 0.319340 0.201525
vt 0.319340 0.201525
vt 0.319340 0.201525
vt 0.319340 0.201525
vt 0.319340 0.201525
vt 0.319340 0.201525
vt 0.319340 0.201525
vt 0.319340 0.201525
vt 0.319340 0.201525
vt 0.319340 0.201525
vt 0.319340 0.201525
vt 0.319340 0.201525
vt 0.319340 0.201525
vt 0.319340 0.201525
vt 0.319340 0.201525
vt 0.319340 0.201525
vt 0.319340 0.201525
vt 0.319340 0.201525
vt 0.319340 0.201525
vt 0.319340 0.201525
vt 0.319340 0.201525
vt 0.319340 0.201525
vt 0.319340 0.201525
vt 0.319340 0.201525
vt 0.319340 0.201525
vt 0.319340 0.201525
vt 0.319340 0.201525
vt 0.319340 0.201525
vt 0.319340 0.201525
vt 0.319340 0.201525
vt 0.319340 0.201525
vt 0.319340 0.201525
vt 0.319340 0.201525
vt 0.319340 0.201525
vt 0.319340 0.201525
vt 0.319340 0.201525
vt 0.319340 0.201525
vt 0.319340 0.201525
vt 0.319340 0.201525
vt 0.319340 0.201525
vt 0.319340 0.201525
vt 0.319340 0.201525
vt 0.319340 0.201525
vt 0.319340 0.201525
vt 0.319340 0.201525
vt 0.319340 0.201525
vt 0.319340 0.201525
vt 0.319340 0.201525
vt 0.319340 0.201525
vt 0.319340 0.201525
vt 0.319340 0.201525
vt 0.319340 0.201525
vt 0.319340 0.201525
vt 0.319340 0.201525
vt 0.319340 0.201525
vt 0.319340 0.201525
vt 0.319340 0.201525
vt 0.319340 0.201525
vt 0.319340 0.201525
vt 0.319340 0.201525
vt 0.319340 0.201525
vt 0.319340 0.201525
vt 0.319340 0.201525
vt 0.319340 0.201525
vt 0.319340 0.201525
vt 0.319340 0.201525
vt 0.319340 0.201525
vt 0.319340 0.201525
vt 0.319340 0.201525
vt 0.319340 0.201525
vt 0.319340 0.201525
vt 0.319340 0.201525
vt 0.319340 0.201525
vt 0.319340 0.201525
vt 0.319340 0.201525
vt 0.319340 0.201525
vt 0.319340 0.201525
vt 0.319340 0.201525
vt 0.319340 0.201525
vt 0.319340 0.201525
vt 0.319340 0.201525
vt 0.319340 0.201525
vt 0.319340 0.201525
vt 0.319340 0.201525
vt 0.319340 0.201525
vt 0.319340 0.201525
vt 0.319340 0.201525
vt 0.319340 0.201525
vt 0.319340 0.201525
vt 0.319340 0.201525
vt 0.319340 0.201525
vt 0.319340 0.201525
vt 0.319340 0.201525
vt 0.319340 0.201525
vt 0.319340 0.201525
vt 0.319340 0.201525
vt 0.319340 0.201525
vt 0.319340 0.201525
vt 0.319340 0.201525
vt 0.319340 0.201525
vt 0.319340 0.201525
vt 0.319340 0.201525
vt 0.319340 0.201525
vt 0.319340 0.201525
vt 0.319340 0.201525
vt 0.319340 0.201525
vt 0.319340 0.201525
vt 0.319340 0.201525
vt 0.319340 0.201525
vt 0.319340 0.201525
vt 0.319340 0.201525
vt 0.319340 0.201525
vt 0.319340 0.201525
vt 0.319340 0.201525
vt 0.319340 0.201525
vt 0.319340 0.201525
vt 0.319340 0.201525
vt 0.319340 0.201525
vt 0.319340 0.201525
vt 0.319340 0.201525
vt 0.319340 0.201525
vt 0.319340 0.201525
vt 0.319340 0.201525
vt 0.319340 0.201525
vt 0.319340 0.201525
vt 0.319340 0.201525
vt 0.319340 0.201525
vt 0.319340 0.201525
vt 0.319340 0.201525
vt 0.319340 0.201525
vt 0.319340 0.201525
vt 0.319340 0.201525
vt 0.319340 0.201525
vt 0.319340 0.201525
vt 0.319340 0.201525
vt 0.319340 0.201525
vt 0.319340 0.201525
vt 0.319340 0.201525
vt 0.319340 0.201525
vt 0.319340 0.201525
vt 0.319340 0.201525
vt 0.319340 0.201525
vt 0.319340 0.201525
vt 0.319340 0.201525
vt 0.319340 0.201525
vt 0.319340 0.201525
vt 0.319340 0.201525
vt 0.319340 0.201525
vt 0.319340 0.201525
vt 0.319340 0.201525
vt 0.319340 0.201525
vt 0.319340 0.201525
vt 0.319340 0.201525
vt 0.319340 0.201525
vt 0.319340 0.201525
vt 0.319340 0.201525
vt 0.319340 0.201525
vt 0.319340 0.201525
vt 0.319340 0.201525
vt 0.319340 0.201525
vt 0.319340 0.201525
vt 0.319340 0.201525
vt 0.319340 0.201525
vt 0.319340 0.201525
vt 0.319340 0.201525
vt 0.319340 0.201525
vt 0.319340 0.201525
vt 0.319340 0.201525
vt 0.319340 0.201525
vt 0.319340 0.201525
vt 0.319340 0.201525
vt 0.319340 0.201525
vt 0.319340 0.201525
vt 0.319340 0.201525
vt 0.319340 0.201525
vt 0.319340 0.201525
vt 0.319340 0.201525
vt 0.319340 0.201525
vt 0.319340 0.201525
vt 0.319340 0.201525
vt 0.319340 0.201525
vt 0.319340 0.201525
vt 0.319340 0.201525
vt 0.319340 0.201525
vt 0.319340 0.201525
vt 0.319340 0.201525
vt 0.319340 0.201525
vt 0.319340 0.201525
vt 0.319340 0.201525
vt 0.319340 0.201525
vt 0.319340 0.201525
vt 0.319340 0.201525
vt 0.319340 0.201525
vt 0.319340 0.201525
vt 0.319340 0.201525
vt 0.319340 0.201525
vt 0.319340 0.201525
vt 0.319340 0.201525
vt 0.319340 0.201525
vt 0.319340 0.201525
vt 0.319340 0.201525
vt 0.319340 0.201525
vt 0.319340 0.201525
vt 0.319340 0.201525
vt 0.319340 0.201525
vt 0.319340 0.201525
vt 0.319340 0.201525
vt 0.319340 0.201525
vt 0.319340 0.201525
vt 0.319340 0.201525
vt 0.319340 0.201525
vt 0.319340 0.201525
vt 0.319340 0.201525
vt 0.319340 0.201525
vt 0.319340 0.201525
vt 0.319340 0.201525
vt 0.319340 0.201525
vt 0.319340 0.201525
vt 0.319340 0.201525
vt 0.319340 0.201525
vt 0.319340 0.201525
vt 0.319340 0.201525
vt 0.319340 0.201525
vt 0.319340 0.201525
vt 0.319340 0.201525
vt 0.319340 0.201525
vt 0.319340 0.201525
vt 0.319340 0.201525
vt 0.319340 0.201525
vt 0.319340 0.201525
vt 0.319340 0.201525
vt 0.319340 0.201525
vt 0.319340 0.201525
vt 0.319340 0.201525
vt 0.319340 0.201525
vt 0.319340 0.201525
vt 0.319340 0.201525
vt 0.319340 0.201525
vt 0.319340 0.201525
vt 0.319340 0.201525
vt 0.319340 0.201525
vt 0.319340 0.201525
vt 0.319340 0.201525
vt 0.319340 0.201525
vt 0.319340 0.201525
vt 0.319340 0.201525
vt 0.319340 0.201525
vt 0.319340 0.201525
vt 0.319340 0.201525
vt 0.319340 0.201525
vt 0.319340 0.201525
vt 0.319340 0.201525
vt 0.319340 0.201525
vt 0.319340 0.201525
vt 0.319340 0.201525
vt 0.319340 0.201525
vt 0.319340 0.201525
vt 0.319340 0.201525
vt 0.319340 0.201525
vt 0.319340 0.201525
vt 0.319340 0.201525
vt 0.319340 0.201525
vt 0.319340 0.201525
vt 0.319340 0.201525
vt 0.319340 0.201525
vt 0.319340 0.201525
vt 0.319340 0.201525
vt 0.319340 0.201525
vt 0.319340 0.201525
vt 0.319340 0.201525
vt 0.319340 0.201525
vt 0.319340 0.201525
vt 0.319340 0.201525
vt 0.319340 0.201525
vt 0.319340 0.201525
vt 0.319340 0.201525
vt 0.319340 0.201525
vt 0.319340 0.201525
vt 0.319340 0.201525
vt 0.319340 0.201525
vt 0.319340 0.201525
vt 0.319340 0.201525
vt 0.319340 0.201525
vt 0.319340 0.201525
vt 0.319340 0.201525
vt 0.319340 0.201525
vt 0.319340 0.201525
vt 0.319340 0.201525
vt 0.319340 0.201525
vt 0.319340 0.201525
vt 0.319340 0.201525
vt 0.319340 0.201525
vt 0.319340 0.201525
vt 0.319340 0.201525
vt 0.319340 0.201525
vt 0.319340 0.201525
vt 0.319340 0.201525
vt 0.319340 0.201525
vt 0.319340 0.201525
vt 0.319340 0.201525
vt 0.319340 0.201525
vt 0.319340 0.201525
vt 0.319340 0.201525
vt 0.319340 0.201525
vt 0.319340 0.201525
vt 0.319340 0.201525
vt 0.319340 0.201525
vt 0.319340 0.201525
vt 0.319340 0.201525
vt 0.319340 0.201525
vt 0.319340 0.201525
vt 0.319340 0.201525
vt 0.319340 0.201525
vt 0.319340 0.201525
vt 0.319340 0.201525
vt 0.319340 0.201525
vt 0.319340 0.201525
vt 0.319340 0.201525
vt 0.319340 0.201525
vt 0.319340 0.201525
vt 0.319340 0.201525
vt 0.319340 0.201525
vt 0.319340 0.201525
vt 0.319340 0.201525
vt 0.319340 0.201525
vt 0.319340 0.201525
vt 0.319340 0.201525
vt 0.319340 0.201525
vt 0.319340 0.201525
vt 0.319340 0.201525
vt 0.319340 0.201525
vt 0.319340 0.201525
vt 0.319340 0.201525
vt 0.319340 0.201525
vt 0.319340 0.201525
vt 0.319340 0.201525
vt 0.319340 0.201525
vt 0.319340 0.201525
vt 0.319340 0.201525
vt 0.319340 0.201525
vt 0.319340 0.201525
vt 0.319340 0.201525
vt 0.319340 0.201525
vt 0.319340 0.201525
vt 0.319340 0.201525
vt 0.319340 0.201525
vt 0.319340 0.201525
vt 0.319340 0.201525
vt 0.319340 0.201525
vt 0.319340 0.201525
vt 0.319340 0.201525
vt 0.319340 0.201525
vt 0.319340 0.201525
vt 0.319340 0.201525
vt 0.319340 0.201525
vt 0.319340 0.201525
vt 0.319340 0.201525
vt 0.319340 0.201525
vt 0.319340 0.201525
vt 0.319340 0.201525
vt 0.319340 0.201525
vt 0.319340 0.201525
vt 0.319340 0.201525
vt 0.319340 0.201525
vt 0.319340 0.201525
vt 0.319340 0.201525
vt 0.319340 0.201525
vt 0.319340 0.201525
vt 0.319340 0.201525
vt 0.319340 0.201525
vt 0.319340 0.201525
vt 0.319340 0.201525
vt 0.319340 0.201525
vt 0.319340 0.201525
vt 0.319340 0.201525
vt 0.319340 0.201525
vt 0.319340 0.201525
vt 0.319340 0.201525
vt 0.319340 0.201525
vt 0.319340 0.201525
vt 0.319340 0.201525
vt 0.319340 0.201525
vt 0.319340 0.201525
vt 0.319340 0.201525
vt 0.319340 0.201525
vt 0.319340 0.201525
vt 0.319340 0.201525
vt 0.319340 0.201525
vt 0.319340 0.201525
vt 0.319340 0.201525
vt 0.319340 0.201525
vt 0.319340 0.201525
vt 0.319340 0.201525
vt 0.319340 0.201525
vt 0.319340 0.201525
vt 0.319340 0.201525
vt 0.319340 0.201525
vt 0.319340 0.201525
vt 0.319340 0.201525
vt 0.319340 0.201525
vt 0.319340 0.201525
vt 0.319340 0.201525
vt 0.319340 0.201525
vt 0.319340 0.201525
vt 0.319340 0.201525
vt 0.319340 0.201525
vt 0.319340 0.201525
vt 0.319340 0.201525
vt 0.319340 0.201525
vt 0.319340 0.201525
vt 0.319340 0.201525
vt 0.319340 0.201525
vt 0.319340 0.201525
vt 0.319340 0.201525
vt 0.319340 0.201525
vt 0.319340 0.201525
vt 0.319340 0.201525
vt 0.319340 0.201525
vt 0.319340 0.201525
vt 0.319340 0.201525
vt 0.319340 0.201525
vt 0.319340 0.201525
vt 0.319340 0.201525
vt 0.319340 0.201525
vt 0.319340 0.201525
vt 0.319340 0.201525
vt 0.319340 0.201525
vt 0.319340 0.201525
vt 0.319340 0.201525
vt 0.319340 0.201525
vt 0.319340 0.201525
vt 0.319340 0.201525
vt 0.319340 0.201525
vt 0.319340 0.201525
vt 0.319340 0.201525
vt 0.319340 0.201525
vt 0.319340 0.201525
vt 0.319340 0.201525
vt 0.319340 0.201525
vt 0.319340 0.201525
vt 0.319340 0.201525
vt 0.319340 0.201525
vt 0.319340 0.201525
vt 0.319340 0.201525
vt 0.319340 0.201525
vt 0.319340 0.201525
vt 0.319340 0.201525
vt 0.319340 0.201525
vt 0.319340 0.201525
vt 0.319340 0.201525
vt 0.319340 0.201525
vt 0.319340 0.201525
vt 0.319340 0.201525
vt 0.319340 0.201525
vt 0.319340 0.201525
vt 0.319340 0.201525
vt 0.319340 0.201525
vt 0.319340 0.201525
vt 0.319340 0.201525
vt 0.319340 0.201525
vt 0.319340 0.201525
vt 0.319340 0.201525
vt 0.319340 0.201525
vt 0.319340 0.201525
vt 0.319340 0.201525
vt 0.319340 0.201525
vt 0.319340 0.201525
vt 0.319340 0.201525
vt 0.319340 0.201525
vt 0.319340 0.201525
vt 0.319340 0.201525
vt 0.319340 0.201525
vt 0.319340 0.201525
vt 0.319340 0.201525
vt 0.319340 0.201525
vt 0.319340 0.201525
vt 0.319340 0.201525
vt 0.319340 0.201525
vt 0.319340 0.201525
vt 0.319340 0.201525
vt 0.319340 0.201525
vt 0.319340 0.201525
vt 0.319340 0.201525
vt 0.319340 0.201525
vt 0.319340 0.201525
vt 0.319340 0.201525
vt 0.319340 0.201525
vn 0.6896 0.0039 0.7242
vn 0.6201 0.0039 0.7845
vn 0.5959 0.0039 0.8030
vn 0.5114 0.0171 0.8592
vn 0.5303 -0.0039 0.8478
vn 0.4998 -0.0045 0.8661
vn 0.4966 -0.0022 0.8680
vn 0.5030 -0.0027 0.8643
vn 0.5022 0.0035 0.8647
vn 0.5017 -0.0042 0.8650
vn 0.6078 -0.0058 0.7941
vn 0.6015 0.0058 0.7988
vn 0.5034 0.0023 -0.8641
vn 0.4651 -0.0039 -0.8852
vn 0.5037 -0.0019 -0.8639
vn 0.5032 0.0027 -0.8641
vn 0.4887 0.0212 -0.8722
vn 0.4030 0.0039 -0.9152
vn 0.2823 0.0039 -0.9593
vn 0.3712 0.0039 -0.9286
vn 0.3712 0.0039 -0.9285
vn 0.5024 -0.0038 -0.8646
vn 0.4962 -0.0001 -0.8682
vn 0.3886 0.0043 -0.9214
vn 0.3958 -0.0043 -0.9183
vn -0.0025 1.0000 0.0030
vn 0.0021 1.0000 -0.0033
vn 0.0002 1.0000 -0.0039
vn 0.0025 1.0000 -0.0030
vn -0.0028 1.0000 -0.0027
vn -0.0033 1.0000 -0.0021
vn -0.0012 1.0000 -0.0037
vn 0.0097 0.9953 -0.0958
vn -0.0355 0.9681 -0.2480
vn 0.0466 0.9854 -0.1638
vn 0.0643 0.9575 -0.2811
vn 0.0589 0.9930 -0.1020
vn 0.0267 0.9926 -0.1183
vn -0.0276 0.9373 -0.3475
vn 0.0039 1.0000 -0.0002
vn 0.0610 0.9977 -0.0303
vn 0.0293 0.9977 -0.0615
vn 0.0226 0.9929 -0.1170
vn -0.0014 1.0000 -0.0022
vn 0.0702 0.9613 -0.2665
vn 0.0037 1.0000 0.0014
vn 0.0027 1.0000 -0.0028
vn 0.0016 1.0000 0.0035
vn -0.0010 -1.0000 0.0038
vn 0.0039 -1.0000 -0.0001
vn 0.0003 -1.0000 -0.0039
vn 0.0021 -1.0000 0.0033
vn 0.0030 -1.0000 0.0025
vn -0.0015 -1.0000 -0.0036
vn 0.0032 -1.0000 -0.0027
vn -0.0004 -1.0000 -0.0057
vn -0.0034 -1.0000 -0.0026
vn -0.0034 -1.0000 -0.0020
vn -0.0003 -1.0000 -0.0039
vn -0.0035 -1.0000 0.0017
vn 0.0035 -1.0000 0.0021
vn -0.0003 -1.0000 0.0042
vn 0.0029 -1.0000 -0.0024
vn -0.0034 -1.0000 0.0017
vn -0.0013 -1.0000 -0.0026
vn 0.0006 -1.0000 0.0043
vn 0.0039 -1.0000 0.0001
vn 0.0007 -1.0000 0.0038
vn -0.0022 -1.0000 0.0025
vn 0.0026 -1.0000 -0.0028
vn 0.0039 -1.0000 0.0005
vn 0.0011 -1.0000 -0.0037
vn -0.0034 -1.0000 -0.0016
vn -0.0037 -1.0000 -0.0012
vn -0.0021 -1.0000 -0.0014
vn 0.0028 -1.0000 0.0026
vn 0.0019 -1.0000 0.0027
vn -0.0027 -1.0000 -0.0018
vn 0.0009 -1.0000 0.0025
vn -0.0042 -1.0000 0.0009
vn -0.0020 -1.0000 0.0031
vn 0.0038 -1.0000 -0.0006
vn 0.0039 -1.0000 -0.0004
vn -0.0023 -1.0000 0.0031
vn -0.0025 -1.0000 -0.0030
vn 0.0037 -1.0000 -0.0012
vn 0.0031 -1.0000 0.0024
vn 0.0027 -1.0000 0.0028
vn -0.0005 -1.0000 0.0039
vn 0.0030 -1.0000 -0.0022
vn 0.0012 -1.0000 -0.0029
vn 0.0003 -1.0000 -0.0052
vn 0.0023 -1.0000 -0.0040
vn 0.0025 -1.0000 0.0024
vn 0.0038 -1.0000 0.0007
vn -0.0017 -1.0000 -0.0035
vn -0.0031 -1.0000 -0.0023
vn 0.0025 1.0000 -0.0029
vn 0.0037 1.0000 -0.0011
vn 0.0013 1.0000 -0.0037
vn 0.0013 1.0000 0.0036
vn 0.0030 1.0000 0.0025
vn 0.0000 1.0000 -0.0038
vn 0.0000 1.0000 -0.0039
vn -0.0038 1.0000 -0.0006
vn -0.0029 1.0000 0.0028
vn -0.0012 1.0000 -0.0035
vn 0.1115 0.0275 -0.9934
vn -0.0423 0.0196 -0.9989
vn -0.2085 -0.0044 -0.9780
vn 0.3822 0.0275 -0.9237
vn 0.5522 0.0274 -0.8333
vn 0.7366 0.0275 -0.6757
vn 0.8723 0.0274 -0.4882
vn 0.9700 -0.1017 -0.2208
vn -0.2339 -0.0477 -0.9711
vn 0.9648 0.1160 -0.2362
vn 0.9967 0.0743 -0.0325
vn 0.9773 0.0635 -0.2020
vn 0.9846 0.0242 -0.1730
vn 0.9920 0.0166 -0.1250
vn 0.9859 0.0039 -0.1673
vn 0.9874 -0.0152 -0.1575
vn 0.9855 0.0039 0.1694
vn 0.9792 0.0945 0.1796
vn 0.8914 0.0353 0.4518
vn 0.9746 0.1196 0.1891
vn 0.9799 0.1991 0.0096
vn 0.9648 -0.0892 0.2474
vn 0.7502 0.0431 0.6598
vn 0.5819 0.0353 0.8125
vn 0.4272 0.0353 0.9035
vn 0.1470 0.0353 0.9885
vn 0.0358 0.0196 0.9992
vn -0.1377 0.0191 0.9903
vn -0.1446 0.0034 0.9895
vn 0.9837 0.0223 0.1782
vn 0.9874 -0.0152 0.1575
vn -0.0038 -1.0000 0.0010
vn 0.0030 -1.0000 0.0007
vn 0.0028 -1.0000 -0.0027
vn 0.0037 -1.0000 -0.0010
vn 0.0018 -1.0000 -0.0035
vn -0.0026 -1.0000 0.0027
vn 0.0002 -1.0000 0.0023
vn 0.0038 -1.0000 -0.0010
vn 0.0015 -1.0000 0.0036
vn 0.0000 -1.0000 -0.0039
vn 0.0032 -1.0000 0.0022
vn 0.0033 -1.0000 -0.0014
vn 0.0038 -1.0000 0.0005
vn -0.0028 -1.0000 0.0026
vn -0.0020 -1.0000 0.0034
vn 0.0020 -1.0000 0.0036
vn -0.0027 -1.0000 0.0004
vn -0.0006 -1.0000 0.0038
vn 0.0032 -1.0000 -0.0022
vn 0.0033 -1.0000 0.0022
vn 0.0036 -1.0000 0.0013
vn 0.0029 -1.0000 -0.0037
vn -0.0002 -1.0000 -0.0042
vn -0.0008 -1.0000 -0.0038
vn -0.0012 -1.0000 -0.0029
vn 0.0009 -1.0000 -0.0038
vn -0.0008 -1.0000 0.0033
vn -0.0004 -1.0000 -0.0034
vn 0.0030 -1.0000 -0.0044
vn -0.0025 -1.0000 -0.0033
vn -0.0034 -1.0000 0.0001
vn 0.0025 -1.0000 0.0030
vn -0.0023 -1.0000 -0.0032
vn -0.0039 -1.0000 -0.0004
vn -0.0029 -1.0000 -0.0023
vn -0.0012 -1.0000 -0.0039
vn -0.0007 -1.0000 -0.0038
vn -0.0017 -1.0000 0.0013
vn -0.0029 -1.0000 -0.0026
vn 0.0025 -1.0000 -0.0029
vn -0.0001 -1.0000 -0.0037
vn 0.0010 -1.0000 -0.0037
vn 0.0018 -1.0000 0.0035
vn -0.0004 -1.0000 0.0039
vn -0.0022 -1.0000 0.0032
vn -0.0013 -1.0000 -0.0036
vn -0.0038 -1.0000 0.0009
vn -0.0004 -1.0000 0.0036
vn -0.0024 -1.0000 -0.0009
vn -0.0020 -1.0000 0.0005
vn 0.0021 -1.0000 -0.0014
vn 0.0031 -1.0000 0.0010
vn -0.0005 -1.0000 0.0038
vn 0.0036 -1.0000 -0.0015
vn -0.0011 -1.0000 0.0037
vn 0.0014 -1.0000 -0.0036
vn 0.0029 -1.0000 0.0026
vn 0.0038 -1.0000 -0.0009
vn -0.0022 -1.0000 0.0033
vn -0.0012 -1.0000 -0.0037
vn -0.0037 -1.0000 -0.0010
vn -0.0036 -1.0000 0.0014
vn -0.0039 -1.0000 0.0002
vn -0.0037 -1.0000 0.0012
vn -0.0039 -1.0000 -0.0003
vn -0.0038 -1.0000 -0.0005
vn -0.0028 -1.0000 -0.0027
vn -0.0026 -1.0000 -0.0004
vn 0.0021 -1.0000 -0.0036
vn 0.0012 -1.0000 -0.0037
vn -0.0028 -1.0000 -0.0026
vn 0.0035 -1.0000 0.0017
vn 0.0034 -1.0000 -0.0019
vn -0.0003 -1.0000 0.0039
vn 0.0038 -1.0000 0.0010
vn 0.0040 -1.0000 -0.0011
vn 0.0024 -1.0000 -0.0035
vn 0.0011 -1.0000 0.0037
vn 0.0007 -1.0000 0.0040
vn 0.0051 -1.0000 0.0023
vn -0.0005 -1.0000 -0.0038
vn 0.0030 -1.0000 0.0024
vn -0.0031 -1.0000 -0.0016
vn -0.0031 -1.0000 0.0018
vn 0.0029 -1.0000 -0.0026
vn 0.0033 -1.0000 -0.0020
vn 0.0038 -1.0000 -0.0008
vn 0.0008 -1.0000 -0.0038
vn -0.0009 -1.0000 0.0035
vn -0.0010 -1.0000 -0.0035
vn -0.0032 -1.0000 -0.0022
vn 0.0029 -1.0000 0.0017
vn -0.0006 -1.0000 -0.0038
vn -0.0030 -1.0000 0.0014
vn -0.0022 -1.0000 -0.0032
vn -0.0011 -1.0000 0.0038
vn -0.0014 -1.0000 0.0036
vn 0.0015 -1.0000 -0.0036
vn 0.0016 -1.0000 0.0036
vn -0.0010 -1.0000 -0.0038
vn -0.0025 -1.0000 0.0030
vn -0.9405 0.0589 0.3346
vn -0.9896 0.0510 0.1347
vn -0.9844 0.0017 0.1762
vn -0.9547 0.0669 -0.2900
vn -0.9861 -0.0152 0.1653
vn -0.9909 0.0275 -0.1320
vn -0.9863 -0.0164 -0.1641
vn -0.9766 -0.0007 -0.2152
vn -0.9697 -0.0064 -0.2443
vn -0.9663 0.0127 -0.2572
vn -0.9581 0.0156 -0.2861
vn -0.9474 0.0382 -0.3177
vn -0.8980 0.1137 -0.4250
vn -0.7647 0.0432 -0.6429
vn -0.8508 0.0509 -0.5231
vn -0.7645 0.0118 -0.6445
vn -0.6066 0.0410 -0.7940
vn -0.6116 0.0705 -0.7880
vn -1.0000 -0.0039 -0.0057
vn -0.9803 0.0156 -0.1967
vn -0.9845 0.0030 -0.1755
vn -0.9610 0.0049 -0.2766
vn -1.0000 0.0036 -0.0015
vn -1.0000 0.0000 0.0039
vn -0.9594 0.0024 -0.2819
vn -0.9893 -0.0136 -0.1451
vn -0.9983 -0.0039 -0.0589
vn -0.9990 0.0049 -0.0445
vn -0.9990 -0.0039 -0.0444
vn -0.9808 -0.0039 0.1949
vn -0.9987 -0.0118 0.0486
vn -1.0000 -0.0016 -0.0036
vn -0.9868 -0.0216 0.1604
vn -0.9892 -0.0139 0.1457
vn -0.9800 0.0140 0.1983
vn -0.9659 -0.0185 0.2581
vn -0.9578 -0.0415 0.2844
vn -0.9929 -0.0039 0.1189
vn -0.9714 -0.0039 0.2376
vn -0.9465 0.0066 0.3228
vn -0.9370 -0.0024 0.3493
vn -0.9944 0.0166 0.1046
vn -0.9944 -0.0169 0.1043
vn -0.8190 0.0510 0.5715
vn -0.9444 0.0317 0.3274
vn -0.7090 0.0510 0.7034
vn -0.5522 0.1216 0.8248
vn -0.5186 0.0567 0.8531
vn -0.5523 0.0032 0.8336
vn -0.9576 0.0085 0.2881
vn -0.9665 0.0119 0.2563
vn -0.9697 -0.0070 0.2441
vn 0.0028 1.0000 0.0026
vn -0.0022 1.0000 -0.0032
vn 0.0015 1.0000 0.0036
vn 0.0033 1.0000 0.0021
vn -0.0013 1.0000 -0.0036
vn 0.0018 1.0000 0.0034
vn 0.0037 1.0000 -0.0010
vn 0.0034 1.0000 -0.0018
vn -0.0037 1.0000 0.0010
vn 0.0038 1.0000 0.0008
vn -0.0740 0.9963 0.0432
vn -0.2097 0.9657 0.1532
vn -0.1405 0.9900 0.0076
vn -0.2760 0.9583 0.0743
vn -0.1173 0.9930 0.0131
vn -0.1003 0.9948 0.0173
vn -0.2754 0.9402 0.2006
vn -0.0408 0.9992 -0.0039
vn -0.0425 0.9991 0.0020
vn 0.0036 1.0000 -0.0025
vn -0.1497 0.9866 0.0650
vn -0.2589 0.9639 0.0618
vn 0.2120 0.0039 0.9773
vn 0.2856 0.0039 0.9583
vn 0.1914 0.0080 0.9815
vn 0.2146 0.0033 0.9767
vn 0.3652 0.0041 0.9309
vn 0.3624 0.1171 0.9246
vn 0.3704 0.0014 0.9289
vn 0.4685 0.0039 0.8835
vn 0.4602 -0.0009 0.8878
vn 0.7577 0.0063 0.6526
vn 0.8379 0.0039 0.5457
vn 0.1826 0.0433 0.9822
vn 0.3769 0.1722 0.9101
vn 0.4075 0.3194 0.8555
vn 0.3344 0.4955 0.8017
vn 0.3124 0.5040 0.8052
vn 0.2666 0.7093 0.6526
vn 0.2602 0.7158 0.6480
vn 0.2262 0.7677 0.5995
vn 0.2252 0.7676 0.6001
vn 0.9503 0.0219 0.3106
vn 0.9857 0.0040 0.1687
vn 0.9583 0.0288 -0.2843
vn 0.9717 -0.0275 -0.2348
vn 0.9455 -0.0287 -0.3245
vn 0.9212 0.0193 -0.3885
vn 0.9870 -0.0039 -0.1606
vn 0.9963 -0.0039 -0.0862
vn 0.9963 -0.0039 0.0862
vn 0.9869 -0.0118 0.1610
vn 0.9450 -0.0271 0.3260
vn 0.9720 -0.0275 0.2335
vn 0.9286 0.0038 0.3711
vn 0.9238 0.1314 -0.3596
vn 0.7850 0.3177 -0.5318
vn 0.7034 -0.0196 -0.7105
vn 0.7724 0.1683 -0.6124
vn 0.7415 -0.0150 -0.6708
vn 0.5461 0.1059 -0.8310
vn 0.3884 0.0118 -0.9214
vn 0.2383 0.0745 -0.9683
vn -0.0768 0.0588 -0.9953
vn 0.9223 0.0174 0.3860
vn 0.9589 0.0275 0.2825
vn 0.9297 0.1254 0.3462
vn 0.8075 0.1289 0.5756
vn 0.6951 0.0196 0.7187
vn 0.7062 -0.0039 0.7080
vn 0.4684 0.0510 0.8820
vn 0.3414 0.0039 0.9399
vn 0.2543 -0.0179 0.9670
vn 0.2589 0.1782 0.9493
vn -0.0569 0.1058 0.9928
vn 0.8014 0.0049 0.5981
vn 0.0039 -0.0149 0.9999
vn -0.3534 -0.0039 0.9355
vn -0.3914 0.0039 0.9202
vn -0.6692 -0.0118 0.7430
vn -0.7206 0.0118 0.6933
vn -0.8728 -0.1041 0.4769
vn -0.8662 -0.0073 0.4997
vn -0.9197 0.0221 0.3920
vn -0.9591 0.0209 0.2822
vn -0.9453 -0.0282 0.3249
vn -0.9716 -0.0274 0.2352
vn -0.9871 -0.0039 0.1603
vn -0.8795 0.0353 0.4746
vn -0.9963 -0.0039 0.0859
vn -0.9963 -0.0039 -0.0860
vn -0.8693 0.0139 0.4940
vn -0.9869 -0.0118 -0.1608
vn -0.9450 -0.0270 -0.3260
vn -0.9719 -0.0275 -0.2337
vn -0.9284 0.0053 -0.3716
vn -0.9113 0.0218 -0.4112
vn -0.8981 -0.0050 -0.4398
vn -0.9927 -0.0486 -0.1105
vn -0.9858 0.0039 0.1680
vn -0.9676 0.0037 0.2526
vn -0.9446 0.0024 0.3282
vn -0.8905 -0.0190 -0.4546
vn -0.7308 0.0118 -0.6825
vn -0.6954 0.0066 -0.7186
vn -0.5437 0.1302 -0.8291
vn -0.3645 -0.0149 -0.9311
vn -0.6710 -0.0118 -0.7413
vn -0.3535 -0.0039 -0.9354
vn 0.0363 0.0238 -0.9991
vn -0.0415 0.0308 -0.9987
vn -0.2133 -0.1340 -0.9678
vn 0.0703 -0.0151 -0.9974
vn -0.0010 1.0000 0.0038
vn -0.0026 1.0000 0.0029
vn 0.0039 1.0000 0.0005
vn -0.0036 1.0000 -0.0015
vn -0.0039 1.0000 0.0002
vn -0.0035 1.0000 0.0017
vn -0.0004 1.0000 0.0039
vn -0.0037 1.0000 -0.0075
vn 0.0044 1.0000 0.0058
vn 0.0073 1.0000 -0.0005
vn -0.0033 1.0000 0.0021
vn 0.0010 1.0000 -0.0038
vn 0.0039 1.0000 0.0002
vn 0.0023 1.0000 0.0031
vn 0.9810 0.0039 0.1941
vn 0.9787 0.0152 0.2047
vn 0.9658 -0.0190 0.2584
vn 0.9883 -0.0092 0.1523
vn 0.9877 0.0025 0.1560
vn 0.9861 -0.0143 0.1653
vn 0.9884 0.0346 0.1481
vn 0.9985 0.0040 0.0549
vn 0.9986 0.0039 0.0536
vn 0.9715 0.0050 0.2371
vn 0.9556 0.0132 0.2945
vn 0.9989 -0.0039 -0.0458
vn 0.9986 0.0039 -0.0535
vn 0.9975 0.0584 -0.0387
vn 0.9863 -0.0142 -0.1646
vn 0.9892 -0.0067 -0.1463
vn 0.9882 -0.0094 -0.1527
vn 0.9830 -0.0114 -0.1833
vn 0.9788 0.0157 -0.2042
vn 0.9978 0.0489 -0.0450
vn 0.9798 0.0124 -0.1997
vn 0.9693 0.0039 -0.2459
vn 0.9574 0.0039 -0.2887
vn 0.9610 0.0049 -0.2766
vn 0.9464 0.0060 -0.3230
vn 0.9493 0.0078 -0.3143
vn 0.9370 -0.0032 -0.3494
vn -0.0584 -0.9913 -0.1178
vn -0.0968 -0.9734 -0.2077
vn 0.0039 -1.0000 -0.0002
vn 0.0035 -1.0000 -0.0017
vn 0.0024 -1.0000 -0.0030
vn 0.0007 -1.0000 -0.0038
vn -0.0001 -1.0000 -0.0039
vn -0.0016 -1.0000 -0.0035
vn 0.0534 -0.9909 -0.1236
vn -0.0024 -1.0000 -0.0030
vn 0.0794 -0.9744 -0.2104
vn 0.0003 -0.9308 -0.3656
vn -0.0011 -0.9102 -0.4141
vn 0.0028 -0.7200 -0.6940
vn -0.0048 -0.6827 -0.7307
vn 0.0036 -0.3924 -0.9198
vn -0.0035 -0.3683 -0.9297
vn -0.0003 -0.9308 -0.3656
vn 0.0011 -0.9102 -0.4141
vn -0.0027 -0.7199 -0.6941
vn 0.0048 -0.6827 -0.7307
vn -0.0036 -0.3924 -0.9198
vn 0.0035 -0.3683 -0.9297
vn -0.0062 -0.1638 -0.9865
vn 0.0065 -0.1716 -0.9851
vn -0.0072 -0.1616 -0.9868
vn 0.0001 -0.0056 -1.0000
vn -0.0045 0.0032 -1.0000
vn 0.0030 0.0027 -1.0000
vn -0.0053 0.0025 -1.0000
vn -0.0007 -0.1619 -0.9868
vn 0.0001 0.0056 -1.0000
vn 0.0052 0.0018 -1.0000
vn -0.0031 0.0027 -1.0000
vn 0.0053 0.0025 -1.0000
vn 0.0011 0.0055 -1.0000
vn -0.0013 -1.0000 0.0037
vn 0.0534 -0.9909 0.1236
vn 0.0008 -1.0000 0.0039
vn 0.0896 -0.9738 0.2091
vn 0.0010 -1.0000 0.0037
vn 0.0031 -1.0000 0.0023
vn 0.0008 -1.0000 -0.0039
vn -0.0584 -0.9913 0.1179
vn -0.0954 -0.9735 0.2080
vn -0.0004 -0.9308 0.3655
vn 0.0011 -0.9102 0.4142
vn -0.0027 -0.7198 0.6942
vn 0.0048 -0.6826 0.7307
vn -0.0036 -0.3923 0.9198
vn 0.0035 -0.3683 0.9297
vn 0.0004 -0.9308 0.3655
vn -0.0011 -0.9102 0.4141
vn 0.0027 -0.7200 0.6940
vn -0.0049 -0.6826 0.7307
vn 0.0036 -0.3923 0.9198
vn -0.0035 -0.3683 0.9297
vn 0.0062 -0.1638 0.9865
vn -0.0065 -0.1716 0.9851
vn -0.0007 -0.1619 0.9868
vn -0.0056 0.0001 1.0000
vn 0.0045 0.0032 1.0000
vn -0.0030 0.0027 1.0000
vn 0.0053 0.0025 1.0000
vn -0.0072 -0.1616 0.9868
vn -0.0001 0.0056 1.0000
vn -0.0052 0.0019 1.0000
vn 0.0030 0.0027 1.0000
vn -0.0053 0.0025 1.0000
vn -0.0011 0.0055 1.0000
vn 0.0013 1.0000 0.0037
vn -0.0038 1.0000 -0.0007
vn -0.0009 1.0000 0.0038
vn 0.0026 1.0000 0.0029
vn 0.0036 1.0000 -0.0013
vn 0.0034 1.0000 0.0020
vn 0.0026 1.0000 -0.0029
vn -0.0023 1.0000 0.0031
vn -0.8341 0.0017 -0.5517
vn -0.8384 -0.0017 -0.5451
vn 0.0092 -1.0000 0.0032
vn -0.0038 -1.0000 -0.0007
vn -0.0015 -1.0000 0.0041
vn -0.0039 -1.0000 0.0000
vn -0.0014 -1.0000 -0.0043
vn 0.0097 -1.0000 -0.0024
vn 0.0098 -1.0000 -0.0000
vn 0.0022 -1.0000 -0.0035
vn 0.0029 -1.0000 -0.0000
vn 0.0020 -1.0000 -0.0007
vn 0.0019 -1.0000 0.0034
vn -0.0019 -1.0000 0.0034
vn -0.0019 -1.0000 -0.0034
vn 0.0019 -1.0000 -0.0034
vn 0.0031 -1.0000 -0.0024
vn 0.0039 -1.0000 -0.0000
vn 0.0026 -1.0000 0.0010
vn 0.0010 -1.0000 0.0028
vn 0.0077 -1.0000 0.0004
vn 0.5032 -0.0020 -0.8642
vn 0.4964 0.0021 -0.8681
vn 0.4965 0.0021 -0.8681
vn 0.9617 0.0056 -0.2740
vn 0.9643 -0.0125 -0.2644
vn 0.9660 -0.0139 -0.2580
vn 0.9661 0.0144 -0.2579
vn 0.9659 -0.0138 -0.2586
vn 0.9643 0.0128 -0.2647
vn 0.9661 -0.0137 -0.2579
vn -0.9672 -0.0007 0.2541
vn -0.8171 0.0005 0.5765
vn -0.8211 -0.0016 0.5709
vn -0.9313 -0.0039 0.3642
vn -0.8172 0.0003 0.5764
vn -0.8170 0.0007 0.5766
vn -0.9927 -0.0039 0.1209
vn -0.9997 0.0011 0.0244
vn -0.9315 -0.0039 -0.3636
vn -0.8982 -0.0096 -0.4395
vn -0.6620 -0.0039 -0.7495
vn -0.4816 0.0134 -0.8763
vn -0.2294 -0.0039 -0.9733
vn -0.0162 0.0119 -0.9998
vn 0.0367 -0.0025 -0.9993
vn 0.1748 -0.0193 -0.9844
vn 0.0330 -0.0039 -0.9994
vn 0.2470 -0.0037 -0.9690
vn 0.2579 -0.0033 -0.9662
vn 0.2544 0.0037 -0.9671
vn 0.0122 0.0044 -0.9999
vn 0.0200 -0.0044 -0.9998
vn 0.7176 -0.0037 0.6964
vn 0.8526 -0.0039 0.5225
vn 0.7669 -0.0201 0.6415
vn 0.7077 -0.0031 0.7065
vn 0.7104 0.0037 0.7038
vn 0.8509 -0.0026 0.5254
vn 0.8607 0.0002 0.5090
vn 0.8567 -0.0002 0.5158
vn 0.8802 0.0053 0.4746
vn 0.9601 -0.0039 0.2795
vn 1.0000 0.0056 0.0068
vn 0.9778 -0.0039 -0.2096
vn 0.8285 -0.0106 -0.5598
vn 0.7718 -0.0039 -0.6359
vn 0.4884 0.0037 -0.8726
vn 0.3942 -0.0039 -0.9190
vn 0.2595 -0.0010 -0.9657
vn 0.1386 -0.0039 -0.9903
vn -0.0906 -0.0035 -0.9959
vn -0.0834 0.0022 -0.9965
vn -0.0833 -0.0030 -0.9965
vn -0.0837 0.0026 -0.9965
vn -0.0908 -0.0033 -0.9959
vn -0.0836 0.0027 -0.9965
vn -0.0907 -0.0034 -0.9959
vn 0.2514 -0.9679 0.0001
vn -0.0040 -1.0000 -0.0007
vn -0.0001 -1.0000 -0.0047
vn 0.1290 -0.9892 -0.0693
vn 0.3784 -0.9179 -0.1193
vn 0.5689 -0.8205 -0.0555
vn 0.6672 -0.7446 -0.0184
vn 0.6934 -0.7104 -0.1209
vn 0.7025 -0.7098 -0.0513
vn 0.4896 -0.8716 0.0242
vn 0.7025 -0.7098 0.0513
vn 0.6949 -0.7092 0.1191
vn 0.5895 -0.8000 0.1119
vn 0.4631 -0.8863 0.0000
vn 0.1303 -0.9904 -0.0452
vn 0.2513 -0.9679 -0.0002
vn -0.0040 -1.0000 0.0007
vn -0.0001 -1.0000 0.0047
vn 0.9922 -0.0041 -0.1248
vn 0.9920 0.0023 -0.1265
vn 0.9922 -0.0042 -0.1248
vn 0.9929 0.0024 -0.1188
vn -1.0000 0.0002 -0.0037
vn -1.0000 0.0002 -0.0038
vn -0.9608 0.0039 0.2773
vn -0.8804 -0.0039 0.4742
vn -0.9438 -0.0119 0.3302
vn -0.9667 0.0133 0.2557
vn -0.8826 -0.0039 0.4702
vn -0.9624 -0.0109 0.2713
vn -0.8708 -0.0036 0.4916
vn -0.8746 0.0036 0.4848
vn -0.8572 0.0119 0.5149
vn -0.7268 -0.0039 0.6869
vn -0.5166 0.0117 0.8561
vn -0.3199 -0.0039 0.9475
vn 0.0653 -0.0085 0.9978
vn 0.1645 -0.0039 0.9864
vn 0.5153 0.0027 0.8570
vn 0.6028 -0.0039 0.7979
vn 0.6926 -0.0011 0.7214
vn 0.7799 -0.0040 0.6258
vn 0.9078 0.0006 0.4195
vn 0.9080 0.0011 0.4190
vn 0.9049 -0.0019 0.4256
vn 0.9076 0.0003 0.4198
vn 0.0737 0.9908 0.1138
vn 0.1317 0.9844 0.1170
vn 0.2201 0.9567 0.1904
vn 0.2799 0.9497 0.1405
vn 0.1911 0.9790 0.0708
vn 0.0995 0.9916 0.0826
vn 0.0253 0.9978 0.0611
vn 0.3132 0.9373 0.1527
vn 0.0291 0.9971 0.0704
vn 0.0475 0.9982 0.0361
vn 0.0575 0.9956 0.0741
vn -0.0002 1.0000 -0.0029
vn 0.2054 0.9591 0.1947
vn 0.0039 1.0000 -0.0004
vn -0.7081 0.0038 -0.7062
vn -0.7111 0.0021 -0.7031
vn -0.7067 0.0005 -0.7075
vn -0.7072 -0.0000 -0.7070
vn -0.7064 0.0006 -0.7078
vn -0.7115 -0.0016 -0.7027
vn 0.0354 0.0039 -0.9994
vn 0.3701 -0.0019 -0.9290
vn 0.1619 0.0141 -0.9867
vn 0.3624 0.1167 -0.9247
vn 0.1826 0.0433 -0.9822
vn 0.3776 0.1715 -0.9099
vn 0.4056 0.3272 -0.8535
vn 0.3343 0.4959 -0.8015
vn 0.3126 0.5027 -0.8060
vn 0.2665 0.7093 -0.6525
vn 0.2605 0.7157 -0.6479
vn 0.2263 0.7677 -0.5995
vn 0.2250 0.7674 -0.6004
vn 0.2146 0.0031 -0.9767
vn -0.0052 -0.0006 -1.0000
vn 0.2847 -0.1070 -0.9526
vn 0.4680 0.0039 -0.8837
vn 0.7094 0.0532 -0.7028
vn 0.8297 0.0039 -0.5582
vn 0.9768 -0.0548 -0.2071
vn 0.9857 0.0039 -0.1687
vn 0.0055 0.0009 -1.0000
vn 0.6346 -0.7359 0.2361
vn 0.6336 -0.7412 0.2219
vn 0.6336 -0.7367 0.2360
vn 0.6535 -0.7231 0.2240
vn 0.6573 -0.7197 0.2236
vn 0.8948 -0.0063 -0.4464
vn 0.8913 0.0063 -0.4534
vn -0.3879 -0.0035 0.9217
vn -0.3864 0.0020 0.9223
vn -0.3936 0.0020 0.9193
vn -0.2043 0.0039 -0.9789
vn -0.1768 0.0039 -0.9842
vn -0.3708 -0.0012 -0.9287
vn -0.3624 0.1168 -0.9247
vn -0.2783 0.0039 -0.9605
vn -0.2143 0.0033 -0.9768
vn -0.3677 0.0038 -0.9299
vn -0.3695 -0.0012 -0.9292
vn -0.4692 0.0039 -0.8831
vn -0.3622 0.0012 -0.9321
vn -0.4598 0.0359 -0.8873
vn -0.6268 -0.0021 -0.7791
vn -0.6780 0.0044 -0.7350
vn -0.1827 0.0433 -0.9822
vn -0.3776 0.1715 -0.9100
vn -0.4074 0.3199 -0.8554
vn -0.3344 0.4956 -0.8016
vn -0.3124 0.5041 -0.8052
vn -0.2666 0.7092 -0.6526
vn -0.2602 0.7158 -0.6480
vn -0.2262 0.7677 -0.5995
vn -0.2252 0.7676 -0.6001
vn -0.0023 1.0000 -0.0031
vn 0.0036 1.0000 -0.0014
vn 0.0038 1.0000 0.0007
vn 0.0028 1.0000 0.0027
vn 0.0039 1.0000 -0.0003
vn 0.0024 -1.0000 0.0025
vn 0.0034 -1.0000 0.0012
vn -0.0048 -0.9999 0.0153
vn 0.0036 -1.0000 -0.0014
vn -0.0000 -1.0000 0.0039
vn -0.0032 -1.0000 0.0022
vn -0.0036 -1.0000 -0.0015
vn -0.0020 -1.0000 -0.0034
vn 0.0008 -1.0000 0.0038
vn -0.0013 -1.0000 -0.0037
vn 0.0021 -1.0000 -0.0033
vn 0.0013 -1.0000 0.0036
vn 0.0025 -1.0000 -0.0025
vn -0.0055 -0.9999 0.0124
vn 0.0039 -1.0000 0.0003
vn -0.2576 0.0037 0.9662
vn -0.2534 0.0023 0.9674
vn -0.2594 0.0008 0.9658
vn -0.2585 -0.0001 0.9660
vn -0.2598 0.0009 0.9657
vn -0.2528 -0.0017 0.9675
vn 0.0012 1.0000 -0.0026
vn 0.0028 1.0000 -0.0049
vn -0.0002 1.0000 0.0027
vn -0.0084 0.9999 0.0100
vn -0.0161 0.9998 0.0072
vn -0.0001 1.0000 0.0023
vn 0.0069 1.0000 -0.0022
vn 0.0190 0.9998 0.0054
vn -0.0050 0.9997 -0.0220
vn 0.0028 0.9999 -0.0097
vn 0.0025 1.0000 0.0011
vn 0.0036 1.0000 0.0017
vn 0.0019 1.0000 -0.0031
vn -0.0028 1.0000 0.0023
vn -0.0019 1.0000 -0.0050
vn -0.0004 1.0000 -0.0023
vn 0.0015 1.0000 0.0006
vn 0.0009 1.0000 0.0012
vn 0.0034 1.0000 0.0019
vn -0.0003 1.0000 -0.0034
vn -0.0024 1.0000 0.0016
vn -0.0116 0.9999 0.0006
vn 0.0056 0.9999 0.0123
vn -0.0045 1.0000 0.0039
vn 0.0015 1.0000 -0.0015
vn -0.0011 1.0000 -0.0036
vn -0.0034 1.0000 -0.0018
vn -0.0011 1.0000 0.0037
vn 0.0039 1.0000 0.0004
vn 0.0017 1.0000 -0.0021
vn -0.0044 1.0000 0.0020
vn 0.0038 1.0000 -0.0021
vn -0.0035 1.0000 0.0014
vn -0.0012 1.0000 0.0037
vn -0.0015 1.0000 0.0015
vn -0.0022 1.0000 -0.0033
vn 0.0040 1.0000 -0.0008
vn 0.0001 1.0000 -0.0039
vn 0.0032 1.0000 0.0013
vn -0.0034 1.0000 -0.0020
vn -0.0031 1.0000 0.0007
vn -0.0002 1.0000 0.0014
vn 0.0036 1.0000 0.0014
vn -0.0019 1.0000 -0.0034
vn 0.4969 0.0025 0.8678
vn 0.5034 -0.0024 0.8640
vn 0.5035 -0.0024 0.8640
vn 0.2922 0.7098 -0.6409
vn 0.3520 0.7127 -0.6068
vn 0.3294 0.7156 -0.6159
vn 0.2775 0.7098 -0.6474
vn 0.2026 0.7098 -0.6746
vn 0.1853 0.7098 -0.6796
vn 0.1232 0.7176 -0.6855
vn 0.0981 0.7063 -0.7011
vn 0.1000 0.7088 -0.6983
vn 0.0668 0.7060 -0.7050
vn 0.3639 0.7125 -0.6000
vn -0.3111 0.0039 0.9504
vn -0.1758 0.0004 0.9844
vn 0.0004 0.0055 1.0000
vn -0.2071 0.0029 0.9783
vn 0.0004 -0.0039 1.0000
vn -0.3657 0.0043 0.9307
vn -0.3624 0.1172 0.9246
vn -0.3626 -0.0007 0.9319
vn -0.3697 0.0010 0.9291
vn -0.3667 -0.0031 0.9303
vn -0.0377 -0.0237 0.9990
vn -0.1554 -0.0015 0.9879
vn -0.0012 0.0016 1.0000
vn -0.3630 0.0020 0.9318
vn -0.2452 0.0059 0.9695
vn -0.1826 0.0433 0.9822
vn -0.3768 0.1723 0.9101
vn -0.4056 0.3273 0.8535
vn -0.3343 0.4959 0.8014
vn -0.3126 0.5029 0.8058
vn -0.2666 0.7091 0.6527
vn -0.2605 0.7159 0.6478
vn -0.2263 0.7677 0.5995
vn -0.2248 0.7673 0.6006
vn -0.1303 -0.9904 0.0452
vn -0.5676 -0.8211 -0.0602
vn -0.4637 -0.8860 -0.0000
vn -0.2519 -0.9678 0.0002
vn 0.0040 -1.0000 -0.0007
vn 0.0001 -1.0000 -0.0047
vn 0.0040 -1.0000 0.0007
vn -0.5895 -0.8000 -0.1119
vn -0.6642 -0.7473 -0.0202
vn -0.6949 -0.7092 -0.1191
vn -0.7026 -0.7098 -0.0514
vn -0.7025 -0.7098 0.0514
vn -0.5664 -0.8239 -0.0205
vn -0.6933 -0.7105 0.1209
vn -0.3790 -0.9177 0.1193
vn -0.1285 -0.9914 -0.0264
vn -0.2519 -0.9677 -0.0001
vn 0.0001 -1.0000 0.0047
vn -0.8758 0.0050 0.4826
vn -0.8981 -0.0039 0.4398
vn -0.8170 -0.0006 0.5766
vn -0.9106 0.0039 0.4133
vn -0.8976 0.0039 0.4408
vn -0.8172 -0.0019 0.5764
vn -0.9342 0.0123 0.3565
vn -0.9314 -0.0123 0.3638
vn -0.9936 0.0030 0.1125
vn -0.9841 -0.0039 0.1775
vn -0.9634 -0.0039 -0.2679
vn -0.9700 0.0035 -0.2433
vn -0.9069 0.0076 -0.4213
vn -0.8847 -0.0090 -0.4661
vn 0.0014 1.0000 0.0036
vn -0.0038 1.0000 -0.0008
vn -0.0034 1.0000 0.0018
vn -0.0014 1.0000 -0.0037
vn -0.8605 0.0006 0.5095
vn -0.8605 0.0006 0.5094
vn -0.8565 -0.0006 0.5161
vn -0.8565 -0.0006 0.5162
vn 0.0698 -0.7098 -0.7010
vn 0.0697 -0.7098 -0.7010
vn 0.3859 -0.7098 -0.5893
vn -0.2622 -0.7098 -0.6538
vn 0.6178 -0.7098 -0.3385
vn 0.6179 -0.7098 -0.3383
vn 0.7066 -0.7071 -0.0274
vn 0.7066 -0.7071 -0.0275
vn 0.6276 -0.7098 0.3198
vn 0.6275 -0.7098 0.3200
vn 0.4073 -0.7098 0.5747
vn 0.4074 -0.7098 0.5746
vn 0.0926 -0.7098 0.6983
vn 0.0927 -0.7098 0.6983
vn -0.2412 -0.7098 0.6618
vn -0.2623 -0.7098 -0.6538
vn -0.5410 -0.7098 -0.4511
vn -0.5406 -0.7098 -0.4515
vn -0.6798 -0.7098 -0.1844
vn -0.6798 -0.7098 -0.1847
vn -0.6823 -0.7098 0.1752
vn -0.6823 -0.7098 0.1749
vn -0.5171 -0.7098 0.4783
vn -0.5171 -0.7098 0.4784
vn -0.2408 -0.7098 0.6620
vn 0.9959 0.0196 0.0880
vn 0.9818 0.0884 0.1680
vn 0.9822 -0.0099 0.1877
vn 0.9909 0.0088 0.1347
vn 0.9915 0.0187 0.1286
vn 0.9994 0.0274 -0.0192
vn 0.9936 0.0244 -0.1103
vn 0.9776 0.0196 -0.2097
vn 0.9908 0.0089 -0.1347
vn 0.9821 -0.0094 -0.1883
vn 0.9761 0.0302 -0.2152
vn 0.9873 0.1373 0.0793
vn 0.9756 0.0217 -0.2185
vn -0.6375 -0.0042 0.7704
vn -0.6376 -0.0041 0.7704
vn -0.6316 0.0043 0.7753
vn -0.6317 0.0043 0.7752
vn 0.0039 -1.0000 0.0011
vn 0.0033 -1.0000 -0.0016
vn -0.0023 -0.9999 -0.0135
vn 0.0005 -1.0000 0.0038
vn 0.0020 -1.0000 -0.0034
vn -0.0031 -1.0000 -0.0025
vn 0.0020 -1.0000 0.0034
vn 0.0010 -1.0000 0.0038
vn 0.0025 -1.0000 -0.0030
vn 0.0024 -1.0000 0.0026
vn -0.0036 -0.9999 -0.0130
vn -0.7043 -0.0039 -0.7099
vn -0.7098 0.0039 -0.7044
vn 0.0018 1.0000 -0.0015
vn 0.0078 0.9999 -0.0095
vn -0.0024 1.0000 0.0013
vn 0.0155 0.9999 -0.0070
vn 0.0004 1.0000 0.0010
vn 0.0044 1.0000 -0.0031
vn -0.0057 0.9999 -0.0123
vn 0.0117 0.9999 -0.0001
vn 0.0017 1.0000 0.0021
vn 0.0017 1.0000 -0.0013
vn 0.0012 1.0000 0.0007
vn -0.0014 1.0000 -0.0018
vn -0.0075 1.0000 0.0026
vn 0.0015 1.0000 0.0031
vn -0.0027 1.0000 -0.0068
vn -0.0190 0.9998 -0.0054
vn 0.0049 0.9997 0.0219
vn -0.0028 0.9999 0.0105
vn -0.0031 1.0000 -0.0006
vn 0.0018 1.0000 0.0035
vn 0.0002 1.0000 0.0021
vn -0.0010 1.0000 -0.0012
vn 0.0056 0.9999 -0.0083
vn -0.0026 1.0000 0.0019
vn -0.0034 1.0000 0.0013
vn -0.0062 1.0000 -0.0021
vn 0.0043 1.0000 -0.0019
vn -0.0037 1.0000 0.0023
vn -0.0039 1.0000 -0.0004
vn -0.0012 1.0000 0.0025
vn -0.1410 0.7096 0.6904
vn -0.0196 0.7586 0.6512
vn -0.0084 0.7451 0.6669
vn -0.1923 0.7179 0.6691
vn -0.4188 0.7098 0.5663
vn -0.3962 0.7099 0.5823
vn -0.4799 0.7554 0.4461
vn -0.5076 0.7358 0.4483
vn 0.0647 0.7228 0.6881
vn -0.5683 0.7193 0.3996
vn 0.8379 0.2669 0.4761
vn 0.8270 0.4674 0.3124
vn 0.8717 0.3560 0.3368
vn 0.8483 0.2621 0.4600
vn 0.8358 0.4550 0.3073
vn 0.9127 0.1427 0.3828
vn 0.8094 0.5092 0.2926
vn 0.7496 0.6127 0.2504
vn 0.6870 0.7196 0.1009
vn 0.7079 0.7045 -0.0509
vn 0.7138 0.6979 0.0586
vn 0.7098 0.7020 -0.0586
vn 0.7099 0.7019 0.0587
vn 0.5562 0.8253 0.0979
vn 0.8424 0.4955 0.2118
vn 0.7138 0.6979 -0.0586
vn 0.7079 0.7045 0.0510
vn 0.6870 0.7196 -0.1009
vn 0.7496 0.6127 -0.2504
vn 0.8133 0.5030 -0.2925
vn 0.8358 0.4553 -0.3068
vn 0.5562 0.8253 -0.0979
vn 0.8424 0.4955 -0.2118
vn 0.8270 0.4676 -0.3123
vn 0.8395 0.2677 -0.4728
vn 0.8715 0.3568 -0.3363
vn 0.8477 0.2548 -0.4653
vn 0.8980 0.1754 -0.4036
vn -0.0007 -1.0000 0.0040
vn 0.0026 -1.0000 -0.0027
vn 0.0028 -1.0000 0.0027
vn 0.0027 -1.0000 0.0040
vn -0.0039 -1.0000 -0.0007
vn 0.0034 -1.0000 -0.0021
vn -0.0021 -1.0000 0.0033
vn -0.7825 0.0140 0.6225
vn -0.6836 0.0426 0.7286
vn -0.8630 0.0510 0.5025
vn -0.6840 -0.0432 0.7282
vn -0.8637 -0.0431 0.5022
vn -0.9467 0.0294 0.3208
vn -0.9723 -0.0513 0.2282
vn -0.9724 0.0507 0.2276
vn 0.2626 -0.0041 0.9649
vn 0.2551 0.0041 0.9669
vn 0.0379 0.9976 0.0584
vn 0.0039 1.0000 0.0000
vn 0.0533 0.9891 0.1372
vn 0.1026 0.9738 0.2029
vn 0.0740 0.9721 0.2225
vn 0.0379 0.9976 -0.0584
vn 0.0533 0.9891 -0.1372
vn 0.1026 0.9738 -0.2029
vn 0.0740 0.9721 -0.2225
vn -0.5073 0.7097 -0.4888
vn -0.4864 0.7100 -0.5093
vn -0.5693 0.7217 -0.3938
vn -0.3070 0.7098 -0.6339
vn -0.2687 0.7098 -0.6512
vn -0.1339 0.7518 -0.6457
vn -0.1279 0.7362 -0.6646
vn -0.5401 0.7491 -0.3835
vn -0.4651 0.8585 -0.2159
vn -0.0611 0.7157 -0.6957
vn -0.3699 0.8953 -0.2481
vn 0.0039 -0.4118 -0.9113
vn -0.0031 -0.4053 -0.9142
vn -0.0045 -0.4069 -0.9135
vn -0.7116 0.5027 0.4909
vn -0.7094 0.5059 0.4908
vn -0.7112 0.5026 0.4915
vn -0.0607 0.0020 0.9982
vn -0.0529 -0.0020 0.9986
vn -0.3521 -0.0006 -0.9360
vn -0.3522 -0.0006 -0.9359
vn -0.3556 -0.0031 -0.9346
vn -0.3484 -0.0034 -0.9373
vn 0.5811 -0.0017 -0.8139
vn 0.5747 0.0017 -0.8184
vn 0.0028 1.0000 0.0028
vn 0.0010 -1.0000 -0.0038
vn -0.0037 -1.0000 0.0013
vn 0.0036 -1.0000 0.0007
vn 0.0037 -1.0000 0.0012
vn -0.0016 -1.0000 0.0025
vn 0.0038 -1.0000 -0.0012
vn -0.0030 -1.0000 -0.0020
vn -0.0026 -1.0000 -0.0028
vn -0.0039 -1.0000 -0.0002
vn 0.0023 -1.0000 -0.0031
vn 0.4965 0.0021 -0.8680
vn 0.5033 -0.0022 -0.8641
vn -0.9761 0.0303 0.2152
vn -0.9776 0.0196 0.2097
vn -0.9820 -0.0090 0.1886
vn -0.9909 0.0087 0.1345
vn -0.9936 0.0244 0.1099
vn -0.9959 0.0196 -0.0881
vn -0.9994 0.0274 0.0192
vn -0.9916 0.0186 -0.1282
vn -0.9909 0.0088 -0.1346
vn -0.9821 -0.0094 -0.1881
vn -0.9818 0.0884 -0.1680
vn -0.9874 0.1373 -0.0793
vn -0.9756 0.0217 0.2185
vn 0.2551 0.0041 -0.9669
vn 0.2626 -0.0041 -0.9649
vn 0.9679 -0.0093 -0.2512
vn 0.9639 -0.0141 -0.2659
vn 0.9659 0.0141 -0.2584
vn 0.9662 -0.0140 -0.2575
vn 0.9625 -0.0113 -0.2709
vn 0.9625 -0.0113 -0.2710
vn 0.9660 0.0138 -0.2581
vn 0.9640 -0.0138 -0.2657
vn -0.2583 0.0028 0.9661
vn -0.2520 -0.0009 0.9677
vn -0.2584 0.0030 0.9660
vn -0.2520 0.0009 0.9677
vn -0.2541 0.0036 0.9672
vn -0.2564 0.0044 0.9666
vn -0.2595 -0.0008 0.9657
vn 0.1175 0.6102 0.7835
vn 0.0739 0.7180 0.6921
vn -0.1757 0.7048 0.6873
vn 0.1884 0.5534 0.8114
vn -0.1861 0.7083 0.6810
vn 0.2186 0.6687 0.7107
vn 0.3513 0.7117 0.6083
vn 0.3559 0.7023 0.6165
vn -0.9648 -0.0107 0.2626
vn -0.9669 0.0107 0.2550
vn 0.9671 0.0100 0.2544
vn 0.9650 -0.0100 0.2620
vn -0.0039 1.0000 -0.0000
vn -0.0379 0.9976 0.0584
vn -0.0533 0.9891 0.1372
vn -0.1026 0.9738 0.2029
vn -0.0740 0.9721 0.2225
vn -0.0379 0.9976 -0.0584
vn -0.0533 0.9891 -0.1372
vn -0.1026 0.9738 -0.2029
vn -0.0740 0.9721 -0.2225
vn -0.7119 -0.0017 -0.7023
vn -0.7065 -0.0007 -0.7077
vn -0.7073 0.0029 -0.7069
vn -0.7120 0.0007 -0.7021
vn -0.7074 -0.0028 -0.7069
vn -0.7074 -0.0028 -0.7068
vn -0.7122 -0.0006 -0.7020
vn -0.7122 0.0006 -0.7020
vn -0.7368 0.6106 -0.2903
vn -0.7248 0.6836 -0.0856
vn -0.5057 0.7063 -0.4955
vn -0.7999 0.5517 -0.2360
vn -0.4981 0.7072 -0.5018
vn -0.7552 0.6322 -0.1734
vn -0.7071 0.7071 0.0000
vn -0.2547 0.0037 0.9670
vn -0.2622 -0.0037 0.9650
vn -0.0108 0.0030 -0.9999
vn -0.0187 -0.0030 -0.9998
vn 0.8714 -0.0024 0.4905
vn 0.8753 0.0024 0.4836
vn 0.8753 0.0023 0.4836
vn 0.5398 -0.0024 0.8418
vn 0.5464 0.0024 0.8375
vn 0.0033 -1.0000 0.0021
vn 0.0026 -1.0000 0.0028
vn -0.6916 0.7098 -0.1337
vn -0.6916 0.7098 -0.1336
vn -0.3945 0.8512 0.3462
vn -0.7009 0.7021 -0.1256
vn -0.6916 0.7098 0.1337
vn -0.6916 0.7098 0.1336
vn -0.7010 0.7021 0.1252
vn -0.3844 0.8513 -0.3572
vn -0.7019 0.7098 0.0596
vn -0.5863 0.7098 0.3904
vn -0.3364 0.7098 0.6189
vn -0.1464 0.7098 0.6891
vn -0.1469 0.7174 0.6810
vn -0.1485 0.7099 0.6884
vn -0.2567 0.7186 0.6463
vn -0.2608 0.7204 0.6426
vn -0.7018 0.7098 -0.0605
vn -0.5860 0.7098 -0.3908
vn -0.3364 0.7098 -0.6189
vn -0.1464 0.7098 -0.6891
vn -0.1469 0.7174 -0.6810
vn -0.1485 0.7099 -0.6884
vn -0.2571 0.7188 -0.6459
vn -0.2604 0.7208 -0.6424
vn 0.2545 0.0035 0.9671
vn 0.2621 -0.0035 0.9650
vn 0.0002 -1.0000 -0.0039
vn 0.0004 -1.0000 -0.0039
vn 0.7925 -0.0019 0.6098
vn 0.7973 0.0019 0.6036
vn 0.9927 0.0872 -0.0829
vn 0.9920 -0.0872 -0.0908
vn -0.9920 -0.0872 0.0908
vn -0.9927 0.0872 0.0829
vn 0.4114 0.7098 0.5717
vn 0.3492 0.7108 0.6106
vn 0.3671 0.7168 0.5928
vn 0.4233 0.7098 0.5630
vn 0.4794 0.7098 0.5162
vn 0.5020 0.7098 0.4941
vn 0.5309 0.7176 0.4508
vn 0.5638 0.7020 0.4350
vn 0.5537 0.7117 0.4323
vn 0.5803 0.7053 0.4072
vn 0.3333 0.7098 0.6206
vn -0.6043 0.0015 -0.7967
vn -0.6045 -0.0017 -0.7966
vn -0.6043 0.0014 -0.7967
vn -0.5982 -0.0017 -0.8013
vn -0.8717 0.3560 -0.3368
vn -0.8379 0.2671 -0.4760
vn -0.8270 0.4675 -0.3124
vn -0.8487 0.2617 -0.4595
vn -0.8357 0.4552 -0.3071
vn -0.9066 0.1606 -0.3903
vn -0.8094 0.5092 -0.2926
vn -0.7496 0.6127 -0.2503
vn -0.6877 0.7189 -0.1011
vn -0.7079 0.7045 0.0508
vn -0.7138 0.6979 -0.0587
vn -0.7098 0.7020 0.0586
vn -0.7100 0.7018 -0.0586
vn -0.5563 0.8252 -0.0978
vn -0.8424 0.4955 -0.2118
vn -0.7138 0.6979 0.0587
vn -0.7079 0.7045 -0.0509
vn -0.6877 0.7189 0.1011
vn -0.7496 0.6127 0.2503
vn -0.8137 0.5025 0.2922
vn -0.8358 0.4554 0.3067
vn -0.5563 0.8252 0.0978
vn -0.8424 0.4955 0.2118
vn -0.8270 0.4675 0.3124
vn -0.8396 0.2674 0.4729
vn -0.8715 0.3568 0.3364
vn -0.8475 0.2550 0.4655
vn -0.8980 0.1751 0.4038
vn -0.9000 -0.0876 0.4269
vn -0.8990 -0.0804 0.4306
vn -0.8987 -0.0844 0.4303
vn -0.9004 -0.0777 0.4280
vn -0.0910 0.0030 -0.9958
vn -0.0034 1.0000 -0.0013
vn 0.0018 1.0000 -0.0020
vn 0.0010 1.0000 0.0030
vn -0.0012 1.0000 0.0036
vn 0.0037 1.0000 0.0010
vn 0.0012 1.0000 -0.0014
vn -0.0021 1.0000 0.0032
vn -0.0034 1.0000 -0.0019
vn 0.9331 0.0119 -0.3595
vn 0.8630 0.0510 -0.5026
vn 0.9724 0.0509 -0.2278
vn 0.9722 -0.0515 -0.2284
vn 0.8636 -0.0431 -0.5023
vn 0.7492 0.0373 -0.6613
vn 0.6840 -0.0432 -0.7282
vn 0.6836 0.0426 -0.7286
vn 0.7043 -0.0039 0.7099
vn 0.7098 0.0039 0.7044
vn -0.6836 0.0427 -0.7286
vn -0.7828 0.0141 -0.6221
vn -0.8632 0.0510 -0.5022
vn -0.6840 -0.0433 -0.7282
vn -0.8639 -0.0431 -0.5019
vn -0.9468 0.0291 -0.3206
vn -0.9723 -0.0513 -0.2282
vn -0.9724 0.0507 -0.2277
vn -0.0914 0.0027 -0.9958
vn 0.0741 -0.0039 -0.9972
vn 0.0976 -0.0039 -0.9952
vn 0.0656 0.0039 -0.9978
vn 0.0279 0.0103 -0.9996
vn -0.0916 0.0019 -0.9958
vn 0.1613 -0.0046 -0.9869
vn 0.1536 0.0046 -0.9881
vn 0.3929 -0.0059 -0.9196
vn 0.3344 -0.0039 -0.9424
vn 0.6934 -0.0040 -0.7205
vn 0.6823 0.0004 -0.7311
vn 0.8213 -0.0006 -0.5705
vn 0.8325 0.0050 -0.5540
vn -0.6123 -0.7098 0.3482
vn -0.6122 -0.7098 0.3485
vn -0.7071 -0.7071 0.0001
vn -0.3551 -0.7098 0.6084
vn -0.3558 -0.7098 0.6079
vn -0.0119 -0.7098 0.7043
vn -0.0120 -0.7098 0.7043
vn 0.3474 -0.7098 0.6128
vn 0.3394 -0.7098 0.6173
vn 0.6047 -0.7098 0.3614
vn -0.6039 -0.7098 -0.3626
vn -0.6043 -0.7098 -0.3619
vn -0.3398 -0.7098 -0.6170
vn -0.3472 -0.7098 -0.6129
vn 0.0115 -0.7098 -0.7043
vn 0.0116 -0.7098 -0.7043
vn 0.3553 -0.7098 -0.6082
vn 0.3554 -0.7098 -0.6082
vn 0.6116 -0.7098 -0.3495
vn 0.6124 -0.7098 -0.3482
vn 0.6045 -0.7098 0.3615
vn 0.7069 -0.7073 0.0002
vn 0.7070 -0.7073 0.0004
vn -0.1828 -0.0917 -0.9789
vn -0.1745 -0.0959 -0.9800
vn -0.1850 -0.0818 -0.9793
vn -0.1902 -0.0726 -0.9791
vn 0.0892 -0.0912 0.9918
vn 0.0907 -0.0897 0.9918
vn 0.0909 -0.0832 0.9924
vn 0.0843 -0.0921 0.9922
vn -0.2627 -0.0041 0.9649
vn -0.2551 0.0041 0.9669
vn 0.7841 -0.0059 0.6206
vn 0.6840 -0.0433 0.7282
vn 0.8641 -0.0431 0.5014
vn 0.6836 0.0427 0.7286
vn 0.9468 0.0290 0.3205
vn 0.9724 -0.0508 0.2277
vn 0.9726 0.0502 0.2272
vn 0.8635 0.0510 0.5018
vn -0.5053 0.7049 -0.4978
vn -0.2983 0.6281 -0.7187
vn -0.4979 0.7094 -0.4989
vn -0.1705 0.6998 -0.6937
vn -0.2567 0.5780 -0.7746
vn -0.2264 0.5941 -0.7719
vn -0.1438 0.6578 -0.7393
vn -0.0596 0.7102 -0.7015
vn -0.0590 0.7093 -0.7024
vn 0.8576 -0.0030 0.5143
vn 0.8590 -0.0041 0.5120
vn 0.8615 -0.0021 0.5078
vn 0.8662 0.0055 0.4996
vn 0.8607 0.0025 0.5090
vn 0.8603 -0.0029 0.5098
vn 0.9294 -0.0007 0.3690
vn 0.9651 -0.0103 0.2617
vn 0.9674 0.0088 0.2533
vn 0.8611 0.0052 0.5084
vn 0.8609 0.0019 0.5087
vn 0.9738 -0.0078 0.2271
vn -0.9948 0.0328 -0.0963
vn -0.9955 -0.0328 -0.0885
vn 0.9929 -0.0937 0.0731
vn 0.9916 -0.1145 0.0599
vn 0.9806 -0.0797 0.1789
vn 0.9921 -0.0782 0.0983
vn 0.9776 -0.0791 0.1950
vn 0.0009 1.0000 -0.0038
vn -0.0017 1.0000 0.0035
vn 0.0023 1.0000 -0.0031
vn -0.5168 -0.7314 0.4449
vn -0.6607 -0.7417 0.1157
vn -0.5160 -0.7403 0.4309
vn -0.6448 -0.7494 0.1508
vn -0.6549 -0.7412 -0.1475
vn -0.6653 -0.7406 -0.0945
vn -0.5580 -0.7332 -0.3887
vn -0.5740 -0.7330 -0.3649
vn -0.3898 -0.7334 -0.5570
vn -0.3856 -0.7412 -0.5495
vn -0.4794 -0.7333 -0.4821
vn -0.4691 -0.7412 -0.4802
vn -0.2659 -0.7331 -0.6260
vn -0.2835 -0.7332 -0.6181
vn 0.0240 -0.7410 -0.6710
vn 0.0178 -0.7409 -0.6713
vn 0.2274 -0.7475 -0.6241
vn 0.3016 -0.7334 -0.6092
vn 0.4687 -0.7425 -0.4786
vn 0.6730 -0.7396 0.0055
vn 0.6190 -0.7347 -0.2776
vn 0.6730 -0.7339 -0.0918
vn 0.6262 -0.7412 0.2417
vn 0.6380 -0.7334 0.2346
vn 0.4374 -0.7333 0.5204
vn 0.4500 -0.7332 0.5099
vn 0.2893 -0.7199 0.6309
vn 0.2827 -0.7145 0.6399
vn -0.7071 -0.7071 0.0003
vn -0.7071 -0.7071 0.0002
vn -0.6044 -0.7098 -0.3617
vn -0.6121 -0.7098 0.3486
vn -0.3399 -0.7098 -0.6170
vn 0.3557 -0.7098 -0.6080
vn 0.6119 -0.7098 -0.3490
vn 0.6122 -0.7098 -0.3484
vn 0.7070 -0.7072 0.0008
vn 0.7069 -0.7073 0.0003
vn 0.6045 -0.7098 0.3616
vn 0.6046 -0.7098 0.3614
vn 0.3394 -0.7098 0.6172
vn 0.3475 -0.7098 0.6127
vn -0.0117 -0.7098 0.7043
vn -0.3562 -0.7098 0.6077
vn -0.3554 -0.7098 0.6082
vn -0.6123 -0.7098 0.3483
vn 0.2614 -0.0028 -0.9652
vn 0.2538 -0.0053 -0.9672
vn 0.2538 0.0028 -0.9673
vn 0.2614 0.0053 -0.9652
vn 0.9078 -0.0007 0.4194
vn 0.8298 -0.0039 0.5580
vn 0.8091 -0.0039 0.5876
vn 0.8275 0.0039 0.5615
vn 0.8562 0.0059 0.5166
vn 0.9077 -0.0021 0.4196
vn 0.7743 -0.0057 0.6328
vn 0.7792 0.0057 0.6267
vn 0.5977 -0.0024 0.8017
vn 0.6530 -0.0039 0.7574
vn 0.2734 -0.0039 0.9619
vn 0.2850 0.0011 0.9585
vn 0.0847 -0.0045 0.9964
vn 0.0650 -0.0023 0.9979
vn 0.6423 0.7072 0.2955
vn 0.6373 0.7098 0.3002
vn 0.6388 0.7088 0.2991
vn 0.6385 0.7078 0.3022
vn 0.6231 0.7588 0.1898
vn 0.5331 0.8090 0.2476
vn -0.8666 0.0036 0.4990
vn -0.7804 -0.0004 0.6253
vn -0.7087 -0.0060 0.7055
vn -0.7024 0.0046 0.7118
vn -0.8701 0.0005 0.4928
vn -0.8729 -0.0052 0.4878
vn -0.8717 -0.0060 0.4901
vn -0.8713 0.0027 0.4908
vn -0.8713 -0.0027 0.4908
vn -0.6821 -0.0011 0.7312
vn -0.4851 -0.0858 -0.8702
vn -0.5635 -0.0902 -0.8212
vn -0.4794 -0.0854 -0.8734
vn -0.5625 -0.0902 -0.8219
vn -0.7032 -0.0902 -0.7052
vn -0.7025 -0.0902 -0.7059
vn -0.7715 -0.0807 -0.6311
vn -0.7674 -0.0784 -0.6364
vn 0.3273 -0.7332 0.5960
vn 0.2937 -0.7333 0.6132
vn 0.3735 -0.7334 0.5680
vn 0.3841 -0.7333 0.5610
vn 0.1181 -0.7333 0.6695
vn 0.1260 -0.7333 0.6681
vn 0.0416 -0.7411 0.6701
vn 0.0632 -0.7333 0.6770
vn -0.1383 -0.7209 0.6791
vn -0.1478 -0.7209 0.6770
vn -0.0637 -0.7332 0.6770
vn -0.0805 -0.7334 0.6750
vn -0.1607 -0.7334 0.6606
vn -0.1667 -0.7320 0.6606
vn 0.9648 -0.0110 0.2629
vn 0.9668 0.0110 0.2554
vn -0.9648 -0.0108 -0.2628
vn -0.9668 0.0108 -0.2552
vn -0.9648 -0.0108 -0.2627
vn -0.9668 0.0108 -0.2551
vn 0.2553 0.0043 0.9669
vn 0.2629 -0.0043 0.9648
vn -0.5112 -0.0853 0.8552
vn -0.4263 -0.0902 0.9001
vn -0.5161 -0.0852 0.8523
vn -0.4280 -0.0902 0.8993
vn -0.2622 -0.0902 0.9608
vn -0.2629 -0.0902 0.9606
vn -0.1607 -0.0825 0.9835
vn -0.1673 -0.0809 0.9826
vn 0.3538 -0.7333 -0.5807
vn 0.3762 -0.7333 -0.5663
vn 0.3055 -0.7334 -0.6073
vn 0.2970 -0.7333 -0.6116
vn 0.5253 -0.7333 -0.4316
vn 0.5254 -0.7333 -0.4316
vn 0.5521 -0.7413 -0.3816
vn 0.5565 -0.7333 -0.3906
vn 0.6563 -0.7217 -0.2200
vn 0.6613 -0.7198 -0.2111
vn 0.6247 -0.7333 -0.2685
vn 0.6309 -0.7334 -0.2531
vn 0.6463 -0.7396 -0.1880
vn 0.6558 -0.7317 -0.1857
vn 0.8154 -0.0816 -0.5732
vn 0.8181 -0.0796 -0.5695
vn 0.8141 -0.0912 -0.5735
vn 0.8167 -0.0945 -0.5692
vn 0.3242 -0.7098 -0.6254
vn 0.3540 -0.7111 -0.6074
vn 0.3233 -0.7098 -0.6258
vn 0.3536 -0.7021 -0.6181
vn 0.2770 -0.7098 -0.6477
vn 0.2767 -0.7098 -0.6478
vn 0.2008 -0.7098 -0.6752
vn 0.2006 -0.7098 -0.6752
vn 0.2474 -0.7021 -0.6677
vn 0.2716 -0.7017 -0.6587
vn 0.4094 -0.7098 -0.5732
vn 0.3946 -0.7098 -0.5835
vn 0.6203 -0.7098 -0.3338
vn 0.6111 -0.7098 -0.3504
vn 0.7070 -0.7071 0.0118
vn 0.7036 -0.7094 -0.0411
vn 0.7104 -0.7027 -0.0390
vn 0.5099 -0.8338 -0.2118
vn 0.6540 -0.7100 -0.2610
vn 0.4869 -0.7098 -0.5090
vn 0.2309 -0.7098 -0.6655
vn 0.0566 -0.7100 -0.7019
vn 0.0797 -0.7094 -0.7003
vn 0.0447 -0.7100 -0.7028
vn 0.2716 -0.7098 -0.6500
vn 0.2712 -0.7098 -0.6501
vn 0.5405 -0.7098 -0.4517
vn 0.5231 -0.7098 -0.4717
vn 0.6879 -0.7098 -0.1515
vn 0.6723 -0.7098 -0.2103
vn 0.6774 -0.7098 0.1930
vn 0.6772 -0.7098 0.1940
vn 0.5892 -0.7102 0.3853
vn 0.6002 -0.7093 0.3697
vn 0.5953 -0.7102 0.3758
vn 0.3441 -0.9373 -0.0554
vn 0.6692 -0.7098 0.2199
vn 0.6880 -0.7098 -0.1512
vn 0.5488 -0.7098 -0.4416
vn 0.2717 -0.7098 -0.6499
vn 0.0903 -0.7102 -0.6982
vn -0.0569 -0.7083 -0.7036
vn -0.0664 -0.7047 -0.7064
vn 0.7099 0.0038 -0.7043
vn 0.7043 -0.0038 -0.7099
vn -0.9649 -0.0104 0.2623
vn -0.9670 0.0104 0.2547
vn -0.2626 -0.0040 0.9649
vn -0.2550 0.0040 0.9669
vn -0.7043 -0.0038 -0.7099
vn -0.7099 0.0038 -0.7043
vn -0.2611 0.0056 -0.9653
vn -0.2611 -0.0025 -0.9653
vn -0.2535 0.0025 -0.9673
vn -0.2535 -0.0056 -0.9673
vn -0.5792 0.7087 0.4027
vn -0.5801 0.7084 0.4021
vn -0.5262 0.7373 0.4237
vn -0.5778 0.7098 0.4030
vn -0.5780 0.7063 0.4087
vn -0.5332 0.7553 0.3811
vn -0.0012 -1.0000 0.0037
vn -0.0033 -1.0000 0.0020
vn 0.0022 -1.0000 -0.0021
vn -0.0000 -1.0000 0.0007
vn -0.0038 -1.0000 -0.0039
vn 0.0025 -0.9999 -0.0113
vn -0.0030 -1.0000 -0.0025
vn 0.0018 -1.0000 0.0020
vn 0.0117 -0.9999 0.0010
vn -0.0610 0.7105 -0.7010
vn -0.0598 0.7101 -0.7015
vn -0.1053 0.7406 -0.6636
vn -0.0651 0.7098 -0.7014
vn -0.0641 0.7027 -0.7085
vn -0.0552 0.7552 -0.6531
vn -0.9031 -0.0958 -0.4186
vn -0.9010 -0.0916 -0.4239
vn -0.9049 -0.0794 -0.4181
vn -0.9023 -0.0800 -0.4236
vn -0.0038 1.0000 0.0007
vn 0.1807 0.7110 -0.6796
vn 0.1823 0.7108 -0.6794
vn 0.1792 0.7034 -0.6878
vn 0.1811 0.7024 -0.6883
vn -0.0569 0.7079 -0.7040
vn -0.0613 0.7103 -0.7013
vn -0.0619 0.7026 -0.7089
vn -0.0664 0.7058 -0.7053
vn 0.5031 0.7087 0.4945
vn 0.5060 0.7044 0.4978
vn 0.5002 0.7053 0.5024
vn 0.4977 0.7091 0.4995
vn -0.1139 -0.8036 -0.5842
vn -0.1126 -0.8039 -0.5841
vn -0.1137 -0.8033 -0.5846
vn 0.0014 1.0000 0.0035
vn 0.0036 1.0000 -0.0012
vn -0.0036 1.0000 0.0014
vn -0.0016 1.0000 -0.0039
vn 0.0027 1.0000 0.0028
vn 0.0024 1.0000 0.0024
vn 0.3702 -0.7098 0.5993
vn 0.3501 -0.7038 0.6181
vn 0.3711 -0.7098 0.5987
vn 0.3575 -0.7093 0.6075
vn 0.4172 -0.7098 0.5675
vn 0.4175 -0.7098 0.5674
vn 0.4867 -0.7098 0.5092
vn 0.4869 -0.7098 0.5091
vn 0.4522 -0.7022 0.5500
vn 0.4406 -0.7017 0.5600
vn 0.2923 -0.7098 0.6409
vn 0.3082 -0.7098 0.6334
vn -0.0339 -0.7098 0.7036
vn -0.0196 -0.7098 0.7041
vn -0.3490 -0.7098 0.6118
vn -0.3130 -0.7094 0.6315
vn -0.3535 -0.7024 0.6178
vn -0.0620 -0.8339 0.5485
vn -0.1044 -0.7100 0.6965
vn 0.1971 -0.7098 0.6763
vn 0.4571 -0.7098 0.5360
vn 0.5753 -0.7101 0.4060
vn 0.5616 -0.7094 0.4259
vn 0.5823 -0.7100 0.3961
vn 0.4214 -0.7098 0.5645
vn 0.4216 -0.7098 0.5643
vn 0.1242 -0.7098 0.6934
vn 0.1414 -0.7098 0.6901
vn -0.2169 -0.7098 0.6702
vn -0.2009 -0.7098 0.6752
vn -0.5062 -0.7098 0.4899
vn -0.4905 -0.7098 0.5056
vn -0.6212 -0.7103 0.3311
vn -0.6128 -0.7092 0.3486
vn -0.6215 -0.7103 0.3306
vn -0.4172 -0.8667 0.2733
vn -0.5141 -0.7098 0.4815
vn -0.2240 -0.7098 0.6679
vn 0.1091 -0.7098 0.6959
vn 0.4207 -0.7098 0.5650
vn 0.5510 -0.7103 0.4380
vn 0.6421 -0.7049 0.3015
vn 0.6412 -0.7084 0.2951
vn 0.6382 -0.7081 0.3023
vn -0.3461 0.6728 0.6539
vn -0.5353 0.7734 0.3397
vn -0.5356 0.7749 0.3358
vn -0.4767 0.6551 0.5862
vn 0.0938 0.7628 0.6398
vn -0.0475 0.7858 0.6166
vn -0.5309 0.7787 0.3343
vn -0.2490 0.8479 0.4680
vn -0.0968 0.7924 0.6022
vn 0.2281 0.7524 0.6180
vn 0.4179 0.7662 0.4883
vn 0.5122 0.5924 0.6219
vn 0.5417 0.7492 0.3811
vn 0.6600 0.5656 0.4945
vn 0.6583 0.6586 0.3644
vn 0.6435 0.6725 0.3656
vn 0.6485 0.6668 0.3673
vn -0.0046 -1.0000 -0.0030
vn -0.0027 -1.0000 0.0028
vn -0.0015 -1.0000 0.0037
vn -0.0018 -1.0000 -0.0035
vn 0.0038 -1.0000 0.0011
vn -0.0011 -1.0000 -0.0003
vn -0.0035 -0.9999 -0.0109
vn 0.0032 -1.0000 0.0032
vn -0.0039 -1.0000 -0.0001
vn -0.0017 -1.0000 0.0057
vn -0.0039 -1.0000 0.0005
vn 0.3488 0.7055 -0.6169
vn 0.5042 0.6695 -0.5455
vn 0.3584 0.7085 -0.6080
vn 0.5978 0.7110 -0.3703
vn 0.6069 0.5529 -0.5709
vn 0.6304 0.6197 -0.4675
vn 0.6670 0.7246 -0.1736
vn 0.6986 0.6879 -0.1969
vn 0.2629 -0.0043 -0.9648
vn 0.2553 0.0043 -0.9669
vn -0.7603 -0.0855 0.6440
vn -0.7602 -0.0854 0.6441
vn -0.7591 -0.0942 0.6441
vn -0.7592 -0.0941 0.6440
vn -0.6628 0.7236 0.1925
vn -0.6639 0.7253 0.1821
vn -0.7016 0.6872 0.1886
vn -0.7021 0.6895 0.1782
vn 0.0037 -1.0000 -0.0014
vn -0.5129 0.6999 0.4971
vn -0.5550 0.5937 0.5827
vn -0.5492 0.5757 0.6057
vn -0.4699 0.6302 0.6181
vn -0.1792 0.7035 0.6877
vn -0.1823 0.7108 0.6794
vn -0.5704 0.6539 0.4970
vn -0.5810 0.7077 0.4021
vn -0.5857 0.7079 0.3948
vn -0.6465 0.7149 0.2665
vn -0.6471 0.7085 0.2815
vn -0.6556 0.7041 0.2730
vn -0.6553 0.7016 0.2799
vn -0.6529 0.7031 0.2816
vn -0.6641 0.6999 0.2630
vn -0.0006 -1.0000 0.0039
vn -0.9244 -0.0034 0.3815
vn -0.9213 0.0034 0.3887
vn 0.0038 -1.0000 0.0009
vn -0.0033 -1.0000 -0.0006
vn 0.0005 -1.0000 -0.0038
vn -0.0030 -1.0000 -0.0024
vn -0.0034 -1.0000 -0.0019
vn -0.0024 -1.0000 -0.0031
vn -0.0028 -1.0000 0.0027
vn 0.0016 -1.0000 0.0077
vn 0.0042 -1.0000 0.0010
vn -0.0020 -1.0000 0.0033
vn -0.0011 -1.0000 -0.0037
vn -0.0015 -1.0000 0.0018
vn -0.0009 -1.0000 -0.0013
vn -0.5207 0.6554 -0.5471
vn -0.5219 0.6540 -0.5476
vn -0.5189 0.6546 -0.5497
vn -0.5239 0.6515 -0.5487
vn -0.5194 0.6547 -0.5492
vn 0.9420 -0.0902 0.3233
vn 0.9340 -0.0776 0.3486
vn 0.9428 -0.0823 0.3230
vn 0.9335 -0.0986 0.3447
vn 0.9461 -0.0863 0.3123
vn 0.9450 -0.0826 0.3164
vn 0.7098 0.0039 -0.7044
vn 0.7043 -0.0039 -0.7099
vn 0.9650 -0.0100 -0.2620
vn 0.9670 0.0100 -0.2544
vn 0.1851 0.7098 -0.6797
vn 0.0775 0.7200 -0.6896
vn 0.0341 0.6963 -0.7169
vn 0.2017 0.7098 -0.6749
vn 0.3927 0.7098 -0.5848
vn 0.3860 0.7098 -0.5892
vn 0.4805 0.7194 -0.5016
vn 0.5206 0.6996 -0.4895
vn 0.5564 0.7058 -0.4384
vn -0.0203 0.7017 -0.7122
vn -0.7037 -0.7098 -0.0308
vn -0.7035 -0.7098 -0.0350
vn -0.7054 -0.7071 -0.0503
vn -0.7059 -0.7072 -0.0406
vn -0.6967 -0.7098 0.1042
vn -0.6959 -0.7098 0.1091
vn -0.7077 -0.7023 0.0768
vn -0.7101 -0.7016 0.0599
vn -0.7075 -0.7067 -0.0005
vn -0.7077 -0.7065 0.0006
vn -0.6917 -0.7098 -0.1330
vn -0.6918 -0.7098 -0.1326
vn -0.5709 -0.7098 -0.4126
vn -0.5964 -0.7096 -0.3752
vn -0.5923 -0.7871 -0.1720
vn -0.5837 -0.7021 -0.4079
vn -0.6819 -0.7098 -0.1764
vn -0.6924 -0.7098 0.1297
vn -0.6358 -0.7100 0.3027
vn -0.6455 -0.7094 0.2830
vn -0.6309 -0.7100 0.3128
vn -0.6951 -0.7098 0.1139
vn -0.6951 -0.7098 0.1142
vn -0.6608 -0.7098 -0.2440
vn -0.6672 -0.7098 -0.2258
vn -0.4675 -0.7098 -0.5269
vn -0.4832 -0.7098 -0.5126
vn -0.1679 -0.7098 -0.6841
vn -0.1838 -0.7098 -0.6800
vn 0.0311 -0.7102 -0.7033
vn 0.0131 -0.7092 -0.7049
vn 0.0320 -0.7102 -0.7033
vn -0.0192 -0.8667 -0.4985
vn -0.1592 -0.7098 -0.6862
vn -0.4604 -0.7098 -0.5331
vn -0.6532 -0.7098 -0.2636
vn -0.6949 -0.7098 0.1153
vn -0.6488 -0.7102 0.2732
vn -0.5827 -0.7049 0.4045
vn -0.5769 -0.7072 0.4088
vn -0.5803 -0.7085 0.4017
vn -0.9668 0.0108 0.2551
vn -0.9648 -0.0108 0.2627
vn 0.9648 -0.0108 0.2627
vn 0.9668 0.0108 0.2551
vn -0.0101 0.6636 -0.7480
vn -0.0077 0.6688 -0.7434
vn 0.0975 0.5664 -0.8184
vn 0.1813 0.7565 -0.6284
vn 0.5080 0.7640 -0.3979
vn -0.0036 0.6702 -0.7422
vn 0.2828 0.5921 -0.7546
vn 0.2132 0.7655 -0.6071
vn 0.4199 0.7509 -0.5097
vn 0.5694 0.7928 -0.2175
vn 0.5380 0.8427 -0.0198
vn 0.7462 0.6550 0.1193
vn 0.7363 0.6764 -0.0199
vn 0.5666 0.7701 0.2931
vn 0.5609 0.7730 0.2965
vn 0.5575 0.7848 -0.2706
vn 0.5694 0.7718 0.2829
vn 0.5682 0.7728 0.2828
vn -0.4593 0.7064 -0.5386
vn -0.4716 0.7024 -0.5331
vn -0.4677 0.7044 -0.5340
vn -0.4649 0.7017 -0.5398
vn -0.4789 0.6966 -0.5342
vn -0.4825 0.6992 -0.5276
vn -0.2366 0.7075 0.6659
vn -0.2270 0.7023 0.6747
vn -0.2288 0.7035 0.6728
vn -0.2368 0.7014 0.6723
vn -0.2236 0.6975 0.6808
vn -0.2158 0.7007 0.6800
vn -0.6421 0.6639 0.3835
vn -0.6392 0.6706 0.3764
vn -0.7618 0.5622 0.3219
vn -0.6361 0.7550 0.1589
vn -0.6098 0.7586 -0.2296
vn -0.6413 0.6688 0.3760
vn -0.7959 0.5918 0.1279
vn -0.6318 0.7661 0.1182
vn -0.6256 0.7679 -0.1377
vn -0.4699 0.7944 -0.3849
vn -0.2722 0.8528 -0.4457
vn -0.2715 0.6527 -0.7073
vn -0.3869 0.6756 -0.6276
vn -0.0308 0.7687 -0.6389
vn -0.0248 0.7742 -0.6324
vn -0.5148 0.7797 -0.3564
vn -0.0431 0.7727 -0.6333
vn -0.0387 0.7757 -0.6299
vn 0.7214 0.6859 0.0952
vn 0.7991 0.5805 0.1563
vn 0.7530 0.6579 0.0109
vn 0.6628 0.7247 -0.1886
vn 0.7019 0.6886 -0.1818
vn 0.7724 0.6045 0.1949
vn 0.7142 0.6560 0.2441
vn 0.6391 0.7074 0.3020
vn 0.6374 0.7116 0.2955
vn 0.4968 0.0025 0.8678
vn 0.5036 -0.0025 0.8639
vn -0.5241 0.2283 -0.8205
vn -0.3503 -0.0024 -0.9366
vn -0.6273 0.0895 -0.7736
vn -0.1125 -0.0039 -0.9936
vn -0.9178 0.0421 -0.3947
vn -0.0673 0.0050 -0.9977
vn 0.0550 0.0001 -0.9985
vn -0.8741 -0.0250 -0.4851
vn -0.9610 -0.0019 -0.2764
vn -0.9756 0.0178 -0.2189
vn -0.9650 0.0098 0.2621
vn -0.9622 0.0272 0.2708
vn -0.9641 -0.0134 0.2652
vn -0.9647 -0.0120 0.2631
vn -0.9660 0.0138 0.2581
vn 0.6782 0.7239 -0.1268
vn 0.7051 0.6991 -0.1185
vn 0.7135 0.6864 -0.1409
vn 0.7087 0.6970 -0.1095
vn 0.6885 0.7127 -0.1342
vn 0.7031 0.6931 -0.1589
vn -0.9977 0.0504 0.0464
vn -0.9973 -0.0504 0.0542
vn -1.0000 -0.0002 0.0041
vn -1.0000 0.0003 -0.0036
vn -1.0000 0.0004 -0.0036
vn 0.1319 0.0014 -0.9913
vn 0.1241 -0.0014 -0.9923
vn -0.6407 0.0059 -0.7678
vn -0.6343 0.0002 -0.7731
vn -0.6273 -0.0013 -0.7788
vn -0.6078 0.0139 -0.7940
vn -0.5228 0.1045 -0.8460
vn -0.2240 -0.0965 -0.9698
vn -0.1838 -0.0039 -0.9830
vn 0.0135 0.0046 -0.9999
vn 0.0187 -0.0013 -0.9998
vn 0.0186 -0.0015 -0.9998
vn 0.0103 -0.0034 -0.9999
vn 0.0129 -0.0043 -0.9999
vn 0.0079 0.0038 -1.0000
vn 0.0119 0.0040 -0.9999
vn -0.1242 -0.0902 0.9882
vn -0.2502 -0.0855 0.9644
vn -0.1192 -0.0823 0.9895
vn -0.2446 -0.0849 0.9659
vn -0.0346 -0.0817 0.9961
vn -0.0291 -0.0886 0.9956
vn -0.7041 0.7099 0.0149
vn -0.7020 0.7098 0.0587
vn -0.6674 0.7207 -0.1872
vn -0.7041 0.7099 -0.0149
vn -0.7181 0.6868 -0.1125
vn -0.6674 0.7207 0.1872
vn -0.7181 0.6868 0.1126
vn -0.6631 0.7095 -0.2387
vn -0.5878 0.6944 -0.4150
vn -0.6402 0.6228 -0.4497
vn -0.6405 0.6427 -0.4203
vn -0.6631 0.7095 0.2387
vn -0.5878 0.6945 0.4148
vn -0.6406 0.6222 0.4499
vn -0.6405 0.6428 0.4203
vn -0.5402 0.5794 -0.6103
vn -0.5525 0.5232 -0.6488
vn -0.5206 0.5284 -0.6706
vn -0.4711 0.3789 -0.7965
vn -0.4591 0.3851 -0.8006
vn -0.4338 0.2675 -0.8604
vn -0.4104 0.2271 -0.8831
vn -0.4156 0.1312 -0.9000
vn -0.4135 0.0725 -0.9076
vn -0.4173 0.0015 -0.9088
vn -0.4128 0.0044 -0.9108
vn -0.4167 -0.0015 -0.9090
vn -0.5335 0.5860 0.6099
vn -0.5524 0.5232 0.6489
vn -0.5206 0.5283 0.6707
vn -0.4709 0.3778 0.7972
vn -0.4661 0.3802 0.7989
vn -0.4276 0.2717 0.8622
vn -0.4103 0.2263 0.8834
vn -0.4159 0.1343 0.8995
vn -0.4140 0.0814 0.9066
vn -0.4169 0.0021 0.9089
vn -0.4101 0.0021 0.9120
vn -0.4154 -0.0036 0.9097
vn 0.3552 0.7069 -0.6117
vn 0.3495 0.7110 -0.6102
vn 0.3501 0.7117 -0.6090
vn 0.3581 0.7087 -0.6078
vn 0.3565 0.7025 -0.6159
vn 0.3479 0.7076 -0.6150
vn 0.9746 0.2200 -0.0411
vn 0.9864 0.0086 0.1642
vn 0.9740 0.1685 -0.1518
vn 0.9152 -0.0039 0.4029
vn 0.8084 0.0377 -0.5874
vn 0.8978 0.0032 0.4404
vn 0.8374 -0.0079 0.5465
vn 0.8569 -0.0267 -0.5148
vn 0.7235 0.0026 -0.6903
vn 0.6794 0.0140 -0.7336
vn 0.2559 0.0030 -0.9667
vn 0.2555 0.0194 -0.9666
vn 0.2523 0.0012 -0.9676
vn 0.2593 -0.0058 -0.9658
vn 0.2594 -0.0007 -0.9658
vn 0.9865 0.0096 0.1633
vn 0.9866 0.0096 0.1631
vn 0.9871 -0.0132 0.1595
vn 0.9858 -0.0132 0.1672
vn 0.5761 0.7081 -0.4083
vn 0.5760 0.7093 -0.4063
vn 0.5832 0.7052 -0.4033
vn 0.5829 0.7045 -0.4049
vn -0.5761 0.7083 0.4079
vn -0.5791 0.7091 0.4021
vn -0.5825 0.7056 0.4035
vn -0.5798 0.7044 0.4095
vn 0.0664 0.7058 0.7053
vn 0.0663 0.7074 0.7037
vn 0.0570 0.7080 0.7039
vn 0.0570 0.7067 0.7052
vn -0.4499 0.2252 0.8642
vn -0.6353 0.0012 0.7723
vn -0.3583 0.0868 0.9296
vn -0.7979 -0.0039 0.6028
vn 0.1082 0.0388 0.9934
vn -0.8286 0.0006 0.5599
vn -0.8918 -0.0004 0.4524
vn 0.0137 -0.0290 0.9995
vn 0.2402 -0.0017 0.9707
vn 0.2952 0.0099 0.9554
vn 0.7094 -0.0044 0.7047
vn 0.7107 0.0200 0.7033
vn 0.7119 0.0011 0.7023
vn 0.7026 0.0015 0.7116
vn 0.7067 -0.0004 0.7075
vn 0.1750 0.7081 -0.6841
vn 0.1787 0.7028 -0.6886
vn 0.1867 0.7057 -0.6834
vn 0.1831 0.7104 -0.6796
vn -0.0038 -1.0000 0.0008
vn 0.0014 -1.0000 -0.0009
vn 0.0014 -1.0000 -0.0016
vn 0.0113 -0.9999 -0.0036
vn -0.0007 -1.0000 0.0038
vn -0.0027 -1.0000 0.0044
vn 0.0020 -1.0000 0.0040
vn -0.4060 -0.7496 0.5227
vn -0.1282 -0.7412 0.6590
vn 0.1611 -0.7499 0.6417
vn 0.1692 -0.7411 0.6498
vn 0.4466 -0.7333 0.5126
vn 0.4292 -0.7408 0.5168
vn 0.6129 -0.7413 0.2735
vn 0.6380 -0.7279 0.2512
vn 0.6543 -0.7560 0.0170
vn 0.5821 -0.7400 -0.3371
vn 0.5862 -0.7395 -0.3309
vn 0.3425 -0.7570 -0.5565
vn 0.4768 -0.7416 -0.4719
vn 0.2315 -0.7257 -0.6479
vn 0.0014 -0.7417 -0.6707
vn -0.0288 -0.7414 -0.6704
vn -0.4348 -0.7343 -0.5213
vn -0.5958 -0.7477 -0.2934
vn -0.5809 -0.7336 -0.3528
vn -0.6696 -0.7411 -0.0486
vn -0.6794 -0.7337 0.0013
vn -0.6251 -0.7332 0.2677
vn -0.6230 -0.7415 0.2491
vn -0.4026 -0.7426 0.5353
vn -0.5008 -0.0871 -0.8612
vn -0.4964 -0.0841 -0.8640
vn -0.5012 -0.0864 -0.8610
vn -0.4962 -0.0879 -0.8638
vn 0.9202 -0.0902 -0.3809
vn 0.9605 -0.0809 -0.2663
vn 0.9191 -0.0823 -0.3854
vn 0.9588 -0.0882 -0.2701
vn 0.8788 -0.0928 -0.4681
vn 0.8775 -0.0767 -0.4733
vn -0.7433 0.6687 -0.0187
vn -0.6650 0.7466 0.0194
vn -0.7068 0.7074 0.0000
vn -0.7071 0.7071 -0.0001
vn -0.7073 0.7069 -0.0001
vn -0.7072 0.7070 0.0003
vn 0.4587 0.0041 -0.8886
vn 0.4517 -0.0041 -0.8922
vn 0.3523 0.7058 0.6146
vn 0.3537 0.7120 0.6066
vn 0.3473 0.7060 0.6172
vn 0.3554 0.7019 0.6173
vn 0.3582 0.7085 0.6080
vn 0.3488 0.7114 0.6101
vn -0.5823 -0.6315 -0.5120
vn -0.6493 -0.6972 -0.3039
vn -0.4170 -0.7254 -0.5476
vn -0.3865 -0.4883 -0.7824
vn -0.3954 -0.4526 -0.7992
vn -0.6012 -0.6959 -0.3927
vn -0.6330 -0.6508 -0.4193
vn -0.6219 -0.5097 -0.5945
vn -0.5840 -0.5120 -0.6299
vn -0.5599 -0.2754 -0.7814
vn -0.5943 -0.2733 -0.7564
vn -0.5631 -0.1104 -0.8190
vn -0.5731 0.0053 -0.8195
vn -0.5680 0.0022 -0.8230
vn 0.6570 -0.7497 0.0798
vn 0.6362 -0.7412 -0.2145
vn 0.4675 -0.7498 -0.4681
vn 0.4816 -0.7410 -0.4679
vn 0.2204 -0.7333 -0.6432
vn 0.2355 -0.7407 -0.6292
vn -0.0777 -0.7413 -0.6666
vn -0.1230 -0.7274 -0.6751
vn -0.3215 -0.7569 -0.5690
vn -0.5615 -0.7403 -0.3697
vn -0.5519 -0.7401 -0.3843
vn -0.6514 -0.7578 0.0392
vn -0.6438 -0.7413 -0.1895
vn -0.6803 -0.7259 0.1008
vn -0.5814 -0.7418 0.3344
vn -0.5606 -0.7414 0.3689
vn -0.2396 -0.7342 0.6353
vn 0.0468 -0.7477 0.6624
vn -0.0120 -0.7335 0.6796
vn 0.2912 -0.7411 0.6050
vn 0.2966 -0.7334 0.6117
vn 0.5461 -0.7333 0.4050
vn 0.5297 -0.7415 0.4118
vn 0.6623 -0.7428 0.0979
vn -0.4955 -0.0870 0.8642
vn -0.5002 -0.0848 0.8618
vn -0.4951 -0.0857 0.8646
vn -0.5000 -0.0881 0.8615
vn 0.0617 0.7103 0.7012
vn 0.0662 0.7059 0.7052
vn 0.0615 0.7035 0.7080
vn 0.4994 0.7102 0.4962
vn 0.4977 0.7092 0.4993
vn 0.5059 0.7045 0.4978
vn 0.5055 0.7077 0.4935
vn 0.5028 0.7024 0.5038
vn 0.5791 0.7091 -0.4021
vn 0.5832 0.7051 -0.4033
vn 0.5761 0.7081 -0.4084
vn 0.5798 0.7045 -0.4094
vn 0.1780 0.7110 -0.6803
vn 0.1832 0.7103 -0.6796
vn 0.1752 0.7074 -0.6848
vn 0.1860 0.7048 -0.6846
vn 0.1967 0.7153 0.6705
vn 0.3144 0.7098 0.6303
vn 0.3152 0.7098 0.6299
vn 0.1609 0.6967 0.6991
vn 0.4861 0.7098 0.5098
vn 0.4888 0.7098 0.5071
vn 0.5605 0.7165 0.4153
vn 0.5982 0.7004 0.3894
vn 0.1059 0.7037 0.7025
vn 0.6293 0.7034 0.3305
vn 0.0646 -0.7102 -0.7011
vn 0.3541 -0.7111 -0.6074
vn -0.1951 -0.7164 -0.6699
vn 0.3536 -0.7020 -0.6182
vn -0.0830 -0.7099 -0.6994
vn -0.1174 -0.7020 -0.7024
vn -0.1374 -0.7098 -0.6909
vn 0.0611 -0.7103 -0.7012
vn 0.0197 -0.7082 -0.7057
vn 0.3533 -0.7115 -0.6075
vn 0.3535 -0.7019 -0.6183
vn -0.6408 0.7088 -0.2948
vn -0.6406 0.7090 -0.2949
vn -0.6414 0.7048 -0.3030
vn -0.6419 0.7044 -0.3030
vn -0.0670 0.7055 -0.7055
vn -0.0662 0.7074 -0.7037
vn -0.0564 0.7074 -0.7045
vn -0.0570 0.7066 -0.7053
vn 0.7041 0.7100 -0.0151
vn 0.7023 0.7095 0.0587
vn 0.6674 0.7207 0.1873
vn 0.7180 0.6868 0.1129
vn 0.7041 0.7100 0.0151
vn 0.6674 0.7207 -0.1873
vn 0.7180 0.6868 -0.1128
vn 0.6625 0.7100 0.2386
vn 0.5878 0.6945 0.4148
vn 0.6408 0.6221 0.4499
vn 0.6405 0.6428 0.4202
vn 0.6625 0.7101 -0.2386
vn 0.5878 0.6944 -0.4150
vn 0.6403 0.6227 -0.4498
vn 0.6405 0.6428 -0.4203
vn 0.5332 0.5862 -0.6100
vn 0.5524 0.5232 -0.6490
vn 0.5206 0.5284 -0.6706
vn 0.4706 0.3779 -0.7973
vn 0.4661 0.3801 -0.7989
vn 0.4256 0.2644 -0.8654
vn 0.4103 0.2260 -0.8835
vn 0.4154 0.1277 -0.9006
vn 0.4140 0.0812 -0.9067
vn 0.4102 0.0022 -0.9120
vn 0.4170 -0.0019 -0.9089
vn 0.5350 0.5783 0.6159
vn 0.5266 0.5209 0.6718
vn 0.5524 0.5232 0.6489
vn 0.4713 0.3795 0.7961
vn 0.4658 0.3788 0.7997
vn 0.4347 0.2660 0.8604
vn 0.4103 0.2258 0.8836
vn 0.4153 0.1274 0.9007
vn 0.4135 0.0738 0.9075
vn 0.4107 0.0036 0.9118
vn 0.4127 -0.0022 0.9109
vn 0.4091 0.0052 0.9125
vn -0.5761 0.7084 0.4078
vn -0.5760 0.7093 0.4063
vn -0.5827 0.7055 0.4034
vn -0.5828 0.7046 0.4049
vn -0.5001 0.7054 -0.5023
vn -0.5032 0.7087 -0.4945
vn -0.5059 0.7045 -0.4978
vn -0.4977 0.7092 -0.4994
vn -0.9648 -0.0108 0.2628
vn -0.9668 0.0108 0.2552
vn -0.1867 0.7058 0.6834
vn -0.1749 0.7081 0.6842
vn -0.1792 0.7034 0.6878
vn -0.1824 0.7108 0.6794
vn -0.5822 -0.6315 0.5120
vn -0.4170 -0.7254 0.5476
vn -0.6505 -0.6973 0.3010
vn -0.3865 -0.4883 0.7825
vn -0.3952 -0.4531 0.7991
vn -0.6024 -0.6965 0.3899
vn -0.6294 -0.6590 0.4117
vn -0.6165 -0.5075 0.6020
vn -0.5840 -0.5120 0.6300
vn -0.5599 -0.2757 0.7813
vn -0.5944 -0.2742 0.7560
vn -0.5631 -0.1103 0.8190
vn -0.5735 0.0062 0.8191
vn -0.5688 0.0016 0.8225
vn -0.1137 -0.8033 0.5846
vn -0.1126 -0.8039 0.5841
vn -0.1139 -0.8036 0.5842
vn -0.6539 -0.7101 0.2612
vn -0.7074 -0.7068 -0.0004
vn -0.4856 -0.7163 0.5011
vn -0.7075 -0.7067 0.0004
vn -0.5614 -0.7098 0.4253
vn -0.5567 -0.7019 0.4444
vn -0.5258 -0.7098 0.4688
vn -0.6496 -0.7102 0.2714
vn -0.6376 -0.7086 0.3023
vn -0.7073 -0.7069 -0.0002
vn -0.7082 -0.7060 0.0011
vn 0.5761 0.7084 -0.4078
vn 0.5826 0.7053 -0.4038
vn 0.5760 0.7087 -0.4073
vn 0.5827 0.7055 -0.4034
vn 0.5739 -0.7102 0.4078
vn 0.3502 -0.7039 0.6179
vn 0.6792 -0.7163 0.1604
vn 0.3571 -0.7096 0.6074
vn 0.6495 -0.7098 0.2726
vn 0.6698 -0.7020 0.2419
vn 0.6600 -0.7098 0.2462
vn 0.5749 -0.7103 0.4061
vn 0.6000 -0.7082 0.3720
vn 0.3506 -0.7042 0.6174
vn 0.3577 -0.7092 0.6075
vn 0.3588 0.7079 0.6084
vn 0.3512 0.7117 0.6083
vn 0.3559 0.7029 0.6159
vn 0.3559 0.7024 0.6164
vn 0.3472 0.7098 0.6129
vn 0.3542 0.7112 0.6073
vn -0.6919 0.7063 0.1496
vn -0.6927 0.7053 0.1508
vn -0.6871 0.7087 0.1601
vn -0.6886 0.7069 0.1613
vn -0.7069 0.7073 -0.0000
vn -0.7069 0.7074 0.0000
vn -0.7070 0.7072 -0.0000
vn 0.4754 0.7051 0.5261
vn 0.4771 0.7035 0.5267
vn 0.4821 0.7100 0.5133
vn 0.4837 0.7087 0.5137
vn 0.3568 0.7025 -0.6158
vn 0.3489 0.7056 -0.6168
vn 0.3579 0.7089 -0.6078
vn 0.3580 0.7088 -0.6078
vn 0.3479 0.7098 -0.6125
vn 0.3512 0.7038 -0.6176
vn 0.5995 0.7022 -0.3842
vn 0.6214 0.7111 -0.3291
vn 0.5649 0.7176 -0.4074
vn 0.6109 0.7162 -0.3375
vn 0.5548 0.7293 -0.4005
vn 0.5694 0.7154 -0.4050
vn 0.6094 0.7224 -0.3267
vn 0.6057 0.7351 -0.3047
vn 0.6070 0.7038 0.3691
vn 0.6077 0.7099 0.3560
vn 0.6047 0.7116 0.3576
vn 0.6095 0.7026 0.3673
vn 0.5926 0.8017 -0.0782
vn 0.5927 0.8016 -0.0783
vn 0.6042 0.7957 -0.0434
vn 0.6044 0.7955 -0.0437
vn 0.9649 -0.0104 0.2623
vn 0.9670 0.0104 0.2547
vn 0.1483 0.7099 -0.6885
vn 0.3946 0.8512 -0.3461
vn 0.1470 0.7174 -0.6809
vn 0.1464 0.7098 -0.6891
vn 0.2571 0.7188 -0.6459
vn 0.2604 0.7208 -0.6424
vn 0.3364 0.7098 -0.6189
vn 0.5860 0.7098 -0.3908
vn 0.7018 0.7098 -0.0603
vn 0.7009 0.7021 0.1255
vn 0.6916 0.7098 0.1336
vn 0.6916 0.7098 0.1337
vn 0.6916 0.7098 -0.1337
vn 0.6916 0.7098 -0.1336
vn 0.7009 0.7021 -0.1258
vn 0.3844 0.8513 0.3571
vn 0.7019 0.7098 0.0593
vn 0.5863 0.7098 0.3904
vn 0.3364 0.7098 0.6189
vn 0.1464 0.7098 0.6891
vn 0.1470 0.7174 0.6810
vn 0.1483 0.7099 0.6885
vn 0.2566 0.7186 0.6464
vn 0.2608 0.7204 0.6427
vn -0.6176 0.7051 0.3484
vn -0.6194 0.7072 0.3407
vn -0.6176 0.7088 0.3409
vn -0.6159 0.7064 0.3487
vn -0.3448 0.8012 -0.4890
vn -0.3450 0.8011 -0.4891
vn -0.3595 0.7962 -0.4866
vn -0.3589 0.7963 -0.4869
vn -0.0014 -1.0000 0.0029
vn -0.0038 -1.0000 -0.0010
vn 0.0024 -1.0000 -0.0028
vn 0.0034 -1.0000 0.0020
vn -0.0012 -1.0000 0.0025
vn -0.0004 -1.0000 0.0042
vn 0.0036 -1.0000 -0.0021
vn -0.0008 -1.0000 -0.0062
vn -0.0043 -1.0000 -0.0010
vn 0.0020 -1.0000 0.0038
vn -0.6376 0.7088 -0.3018
vn -0.6416 0.7043 -0.3037
vn -0.6412 0.7086 -0.2945
vn -0.6456 0.7038 -0.2966
vn -0.6651 0.7188 0.2021
vn -0.6638 0.7254 0.1822
vn -0.7015 0.6874 0.1884
vn -0.6847 0.6978 0.2103
vn -0.6896 0.7064 0.1594
vn 0.1756 -0.0814 -0.9811
vn 0.1699 -0.0811 -0.9821
vn 0.1755 -0.0814 -0.9811
vn 0.1697 -0.0890 -0.9815
vn 0.7616 -0.0868 0.6422
vn 0.7654 -0.0834 0.6382
vn 0.7617 -0.0867 0.6422
vn 0.7653 -0.0834 0.6382
vn 0.9975 0.0518 0.0478
vn 0.9971 -0.0518 0.0557
vn 0.3464 -0.0227 -0.9378
vn 0.6322 0.0320 -0.7741
vn 0.6726 -0.0058 -0.7400
vn 0.7718 0.0066 -0.6358
vn 0.3278 0.0058 -0.9447
vn 0.1923 -0.0039 -0.9813
vn -0.2628 -0.0042 -0.9649
vn -0.2552 0.0042 -0.9669
vn 0.6027 -0.6965 0.3894
vn 0.6507 -0.6974 0.3003
vn 0.5821 -0.6315 0.5122
vn 0.4172 -0.7254 0.5475
vn 0.3865 -0.4883 0.7824
vn 0.3952 -0.4533 0.7990
vn 0.6295 -0.6591 0.4114
vn 0.6163 -0.5071 0.6024
vn 0.5838 -0.5113 0.6307
vn 0.5599 -0.2756 0.7814
vn 0.5942 -0.2740 0.7563
vn 0.5631 -0.1104 0.8190
vn 0.5732 0.0055 0.8194
vn 0.5680 0.0021 0.8230
vn 0.5821 -0.6316 -0.5121
vn 0.6507 -0.6974 -0.3003
vn 0.6027 -0.6965 -0.3894
vn 0.4171 -0.7254 -0.5475
vn 0.3865 -0.4883 -0.7824
vn 0.3954 -0.4527 -0.7992
vn 0.6295 -0.6591 -0.4115
vn 0.6164 -0.5073 -0.6022
vn 0.5838 -0.5113 -0.6307
vn 0.5599 -0.2758 -0.7813
vn 0.5944 -0.2741 -0.7561
vn 0.5631 -0.1104 -0.8190
vn 0.5728 0.0047 -0.8197
vn 0.5671 0.0028 -0.8237
vn 0.1862 0.7082 -0.6810
vn 0.1756 0.7048 -0.6873
vn 0.1824 0.7108 -0.6794
vn -0.4752 0.7051 -0.5264
vn -0.4769 0.7034 -0.5271
vn -0.4819 0.7101 -0.5133
vn -0.4834 0.7089 -0.5136
vn 0.6364 -0.0193 0.7711
vn 0.3594 0.0274 0.9328
vn 0.3061 -0.0031 0.9520
vn 0.1715 0.0131 0.9851
vn 0.6539 0.0028 0.7566
vn 0.7539 -0.0044 0.6570
vn 0.0141 0.7086 -0.7054
vn 0.0066 0.7047 -0.7095
vn 0.0057 0.7061 -0.7081
vn 0.0149 0.7072 -0.7068
vn -0.5415 -0.0003 0.8407
vn -0.5481 0.0003 0.8364
vn 0.0039 -0.4118 0.9113
vn -0.0045 -0.4069 0.9135
vn -0.0031 -0.4053 0.9142
vn 0.4981 0.7075 0.5014
vn 0.5051 0.7065 0.4957
vn 0.5057 0.7046 0.4978
vn 0.4977 0.7092 0.4994
vn 0.6919 0.7063 -0.1496
vn 0.6929 0.7052 -0.1505
vn 0.6873 0.7084 -0.1605
vn 0.6887 0.7069 -0.1614
vn 0.2550 0.0040 0.9669
vn 0.2626 -0.0040 0.9649
vn 0.6394 -0.7067 0.3028
vn 0.6405 -0.7091 0.2950
vn 0.6418 -0.7044 0.3033
vn 0.6414 -0.7049 0.3029
vn 0.6450 -0.7046 0.2960
vn -0.5811 -0.7074 0.4023
vn -0.5762 -0.7087 0.4070
vn -0.5809 -0.7067 0.4040
vn -0.5816 -0.7062 0.4037
vn -0.5778 -0.7073 0.4072
vn 0.0026 -1.0000 0.0029
vn 0.0020 -1.0000 0.0033
vn -0.0022 -1.0000 -0.0047
vn -0.0013 -1.0000 0.0071
vn -0.0021 -1.0000 -0.0010
vn 0.0031 -1.0000 0.0027
vn 0.0009 -1.0000 0.0013
vn 0.0018 -1.0000 -0.0028
vn 1.0000 -0.0031 0.0006
vn 0.9892 -0.1440 -0.0262
vn 0.9855 -0.0902 -0.1436
vn 0.9847 -0.1741 0.0010
vn 0.9673 -0.0711 -0.2433
vn -0.2428 -0.7497 -0.6156
vn -0.5116 -0.7412 -0.4347
vn -0.6360 -0.7498 -0.1826
vn -0.6509 -0.7410 -0.1649
vn -0.6716 -0.7334 0.1053
vn -0.6613 -0.7409 0.1174
vn -0.5344 -0.7413 0.4061
vn -0.5244 -0.7274 0.4425
vn -0.3351 -0.7568 0.5612
vn -0.0655 -0.7331 0.6769
vn -0.0630 -0.7331 0.6772
vn 0.1988 -0.7415 0.6408
vn 0.1900 -0.7333 0.6529
vn -0.2615 -0.7426 -0.6166
vn 0.0895 -0.7415 -0.6650
vn 0.0764 -0.7332 -0.6757
vn 0.3925 -0.7333 -0.5551
vn 0.3849 -0.7333 -0.5604
vn 0.6106 -0.7333 -0.2992
vn 0.6027 -0.7333 -0.3146
vn 0.6670 -0.7330 -0.1338
vn 0.6700 -0.7335 -0.1144
vn 0.5652 -0.7400 0.3647
vn 0.5698 -0.7416 0.3541
vn 0.4371 -0.7333 0.5209
vn 0.4507 -0.7333 0.5090
vn -0.9668 0.0110 0.2554
vn -0.9648 -0.0110 0.2629
vn -0.9920 0.0024 -0.1265
vn -0.9929 -0.0024 -0.1187
vn 0.1141 -0.8036 0.5841
vn 0.1124 -0.8039 0.5840
vn 0.1138 -0.8033 0.5847
vn 0.1137 -0.8033 -0.5846
vn 0.1126 -0.8039 -0.5841
vn 0.1139 -0.8036 -0.5841
vn -0.7013 -0.7100 -0.0635
vn -0.7015 -0.7098 -0.0632
vn -0.6416 -0.7517 -0.1528
vn -0.6210 -0.7673 -0.1601
vn -0.7015 -0.7099 0.0634
vn -0.7013 -0.7100 0.0634
vn -0.6416 -0.7517 0.1527
vn -0.6212 -0.7671 0.1603
vn 0.9650 -0.0102 -0.2621
vn 0.9670 0.0102 -0.2546
vn -0.4614 0.0010 -0.8872
vn -0.4545 -0.0010 -0.8908
vn -0.0029 1.0000 0.0025
vn -0.0008 1.0000 -0.0028
vn 0.0021 1.0000 0.0005
vn 0.6695 -0.7233 -0.1691
vn 0.6958 -0.6895 -0.2011
vn 0.6959 -0.6892 -0.2016
vn 0.6690 -0.7237 -0.1694
vn -0.0594 -0.7101 -0.7016
vn -0.0655 -0.7063 -0.7049
vn -0.0589 -0.7098 -0.7019
vn -0.0579 -0.7088 -0.7030
vn -0.0604 -0.7069 -0.7047
vn -0.9763 -0.0101 -0.2161
vn -0.9890 0.0205 -0.1468
vn -0.9398 0.0153 -0.3414
vn -0.9859 -0.0215 0.1662
vn -0.9821 -0.0006 0.1884
vn -0.9491 -0.0169 0.3146
vn -0.1856 -0.7088 0.6806
vn -0.1762 -0.7046 0.6873
vn -0.1763 -0.7047 0.6873
vn -0.1857 -0.7087 0.6806
vn -0.6785 0.0039 0.7346
vn -0.6471 0.0039 0.7624
vn -0.6745 -0.0014 0.7383
vn -0.6448 0.0032 0.7644
vn -0.7042 -0.0040 -0.7100
vn -0.7098 0.0040 -0.7044
vn -0.4980 -0.7076 -0.5013
vn -0.5040 -0.7079 -0.4948
vn -0.5061 -0.7059 -0.4956
vn -0.5057 -0.7037 -0.4991
vn -0.4978 -0.7075 -0.5016
vn 0.3392 -0.7098 0.6173
vn 0.3475 -0.7098 0.6128
vn 0.6042 -0.7098 0.3621
vn 0.6044 -0.7098 0.3619
vn 0.7071 -0.7071 -0.0002
vn 0.7071 -0.7071 -0.0003
vn 0.6121 -0.7098 -0.3486
vn -0.3475 -0.7098 -0.6127
vn -0.3395 -0.7098 -0.6172
vn -0.6041 -0.7098 -0.3623
vn -0.6042 -0.7098 -0.3621
vn -0.7071 -0.7071 -0.0000
vn -0.7070 -0.7072 -0.0000
vn -0.3556 -0.7098 0.6081
vn -0.3554 -0.7098 0.6081
vn 0.6868 -0.6960 -0.2093
vn 0.7019 -0.6892 -0.1798
vn 0.6680 -0.7242 -0.1712
vn -0.1854 -0.7089 0.6805
vn -0.1752 -0.7069 0.6853
vn -0.1760 -0.7045 0.6875
vn -0.1808 -0.7028 0.6880
vn -0.1849 -0.7093 0.6802
vn -0.4979 -0.7072 -0.5019
vn -0.5058 -0.7060 -0.4957
vn -0.0660 -0.7040 -0.7071
vn -0.0570 -0.7072 -0.7047
vn -0.0570 -0.7084 -0.7035
vn -0.0618 -0.7107 -0.7008
vn -0.0662 -0.7049 -0.7062
vn -0.4783 -0.0007 -0.8782
vn -0.4851 0.0007 -0.8744
vn 0.4141 -0.0021 0.9102
vn 0.4213 0.0021 0.9069
vn 0.9995 -0.0208 0.0247
vn 0.9996 0.0208 0.0169
vn -0.5213 0.0042 0.8533
vn -0.5147 -0.0042 0.8574
vn -0.4180 -0.7331 0.5365
vn -0.1759 -0.7412 0.6479
vn -0.1832 -0.7334 0.6547
vn -0.3945 -0.7332 0.5539
vn -0.2862 -0.7412 0.6073
vn -0.5883 -0.7411 0.3235
vn -0.5921 -0.7409 0.3170
vn -0.6542 -0.7476 0.1146
vn -0.6781 -0.7333 0.0505
vn -0.2834 -0.7334 0.6179
vn -0.0425 -0.7331 0.6788
vn -0.0646 -0.7332 0.6769
vn 0.2438 -0.7411 0.6256
vn 0.2259 -0.7333 0.6412
vn 0.3954 -0.7221 0.5677
vn 0.3878 -0.7242 0.5702
vn -0.6467 -0.7423 -0.1756
vn -0.3489 -0.7397 -0.5755
vn -0.5573 -0.7344 -0.3874
vn -0.4052 -0.7336 -0.5456
vn -0.1082 -0.7412 -0.6625
vn -0.0985 -0.7335 -0.6725
vn 0.2365 -0.7333 -0.6374
vn 0.2229 -0.7332 -0.6424
vn 0.4043 -0.7175 -0.5673
vn 0.4114 -0.7164 -0.5635
vn 0.8220 -0.0002 -0.5695
vn 0.8175 0.0002 -0.5760
vn 0.0825 -0.0038 0.9966
vn 0.0902 0.0038 0.9959
vn 0.0824 -0.0039 0.9966
vn -0.9043 0.0001 -0.4270
vn -0.9076 -0.0001 -0.4199
vn -0.4289 -0.0887 -0.8990
vn -0.3717 -0.0989 -0.9231
vn -0.4415 -0.0804 -0.8936
vn -0.3504 -0.1075 -0.9304
vn -0.1762 -0.7049 0.6871
vn -0.1803 -0.7043 0.6866
vn -0.1816 -0.7112 0.6792
vn -0.1798 -0.7042 0.6869
vn -0.1849 -0.7090 0.6806
vn -0.9996 0.0242 0.0160
vn -0.9826 0.0073 0.1855
vn -0.9995 -0.0006 -0.0316
vn -0.9482 -0.0333 -0.3158
vn -0.9506 -0.0036 -0.3104
vn -0.9002 -0.0090 -0.4354
vn 0.9933 -0.0835 0.0795
vn 0.9846 -0.1049 0.1402
vn 0.9916 -0.1108 0.0666
vn 0.9833 -0.0854 0.1605
vn 0.6951 -0.6901 -0.2015
vn 0.6782 -0.7102 -0.1891
vn 0.6632 -0.7258 -0.1827
vn 0.7011 -0.6880 -0.1876
vn 0.6853 -0.7035 -0.1883
vn 0.5385 -0.0085 0.8426
vn 0.6481 0.0111 0.7615
vn 0.4909 0.0192 0.8710
vn 0.2013 -0.0336 0.9790
vn 0.2079 0.0040 0.9781
vn 0.0747 -0.0042 0.9972
vn 0.4632 -0.0030 -0.8863
vn 0.3369 0.0135 -0.9415
vn 0.5109 0.0167 -0.8595
vn 0.7506 -0.0384 -0.6596
vn 0.7430 0.0012 -0.6693
vn 0.8272 -0.0043 -0.5618
vn -0.5052 -0.7064 -0.4958
vn -0.5047 -0.7051 -0.4980
vn -0.4979 -0.7095 -0.4987
vn -0.5049 -0.7051 -0.4978
vn -0.4992 -0.7068 -0.5012
vn 0.7043 -0.0038 0.7099
vn 0.7099 0.0038 0.7043
vn -0.6271 0.7097 0.3212
vn -0.6262 0.7182 0.3034
vn -0.6223 0.7125 0.3242
vn -0.6100 0.7128 0.3461
vn -0.6302 0.7108 0.3124
vn -0.6072 0.7075 0.3616
vn -0.6052 0.7035 0.3726
vn -0.7071 -0.7040 0.0660
vn -0.7029 -0.7090 0.0574
vn -0.7017 -0.7100 0.0594
vn -0.7081 -0.7032 0.0641
vn 0.6403 0.0051 -0.7681
vn 0.6450 -0.0051 -0.7641
vn 0.6431 -0.0060 -0.7657
vn 0.6422 0.0060 -0.7665
vn 0.0003 1.0000 -0.0039
vn -0.0038 1.0000 0.0009
vn -0.9747 0.2226 0.0205
vn -0.9996 0.0245 0.0118
vn -0.9974 0.0716 -0.0106
vn -0.9997 0.0215 0.0086
vn 0.6288 0.7209 0.2912
vn 0.6258 0.7221 0.2949
vn 0.6247 0.7253 0.2893
vn 0.9744 0.2239 -0.0194
vn 0.9995 0.0284 -0.0153
vn 0.9973 0.0724 0.0098
vn 0.9839 0.1781 0.0127
vn 0.2082 0.7177 -0.6645
vn 0.2098 0.7233 -0.6579
vn 0.2009 0.7231 -0.6609
vn -0.9074 0.0026 -0.4203
vn -0.9068 0.0031 -0.4216
vn -0.9047 0.0011 -0.4260
vn -0.9080 -0.0011 -0.4189
vn -0.9069 -0.0013 -0.4213
vn -0.9046 0.0025 -0.4263
vn -0.6288 -0.5060 0.5904
vn -0.6293 -0.5101 0.5863
vn -0.6302 -0.5094 0.5859
vn -0.4736 0.5080 0.7195
vn -0.4705 0.5057 0.7231
vn -0.4742 0.5072 0.7197
vn 0.5762 0.7084 -0.4076
vn 0.5822 0.7053 -0.4044
vn 0.5761 0.7091 -0.4066
vn 0.5823 0.7058 -0.4035
vn -0.3640 -0.5056 0.7822
vn -0.3553 -0.5106 0.7830
vn -0.3561 -0.5119 0.7818
vn -0.1674 0.5108 0.8432
vn -0.1630 0.5057 0.8472
vn -0.1685 0.5099 0.8436
vn -0.5310 -0.0884 0.8427
vn -0.4864 -0.0823 0.8698
vn -0.4884 -0.0902 0.8680
vn -0.4456 -0.0797 0.8917
vn -0.4488 -0.0798 0.8900
vn -0.5279 -0.0883 0.8447
vn 0.9896 -0.1387 0.0387
vn 0.9964 -0.0820 -0.0229
vn 0.9937 -0.0902 0.0660
vn 0.9971 -0.0481 -0.0592
vn 0.9911 -0.1204 -0.0565
vn 0.9987 -0.0382 0.0333
vn 0.7726 -0.0980 0.6273
vn 0.8194 -0.0817 0.5674
vn 0.6287 -0.0824 0.7733
vn 0.7371 -0.0802 0.6710
vn 0.4589 -0.0667 0.8860
vn -0.4651 -0.0884 -0.8808
vn -0.5104 -0.0823 -0.8560
vn -0.5074 -0.0902 -0.8570
vn -0.5484 -0.0864 -0.8318
vn -0.5454 -0.0820 -0.8342
vn -0.4685 -0.0883 -0.8790
vn 0.1629 -0.0922 -0.9823
vn 0.1318 -0.0798 -0.9881
vn 0.1381 -0.0832 -0.9869
vn 0.1679 -0.0910 -0.9816
vn 0.0661 0.7060 0.7051
vn 0.0571 0.7074 0.7045
vn 0.0661 0.7069 0.7042
vn 0.0571 0.7081 0.7038
vn -0.9321 -0.0997 0.3482
vn -0.9215 -0.0824 0.3794
vn -0.9234 -0.0888 0.3734
vn -0.9337 -0.0983 0.3443
vn -0.0003 1.0000 0.0039
vn 0.0031 1.0000 0.0024
vn 0.0037 1.0000 -0.0012
vn 0.0011 1.0000 -0.0037
vn 0.0028 1.0000 -0.0027
vn 0.0017 1.0000 0.0035
vn -0.7043 -0.0038 0.7099
vn -0.7099 0.0038 0.7043
vn -0.0392 -0.5136 0.8571
vn -0.0360 -0.5074 0.8609
vn -0.0347 -0.5081 0.8606
vn -0.0032 1.0000 -0.0022
vn -0.0036 1.0000 0.0015
vn -0.0008 1.0000 0.0038
vn 0.0009 1.0000 0.0037
vn -0.0039 1.0000 -0.0002
vn -0.0572 -0.7072 -0.7046
vn -0.0633 -0.7043 -0.7071
vn -0.0661 -0.7072 -0.7039
vn -0.0599 -0.7102 -0.7014
vn -0.0029 1.0000 -0.0026
vn -0.0038 1.0000 0.0010
vn 0.0005 1.0000 -0.0039
vn 0.0035 1.0000 -0.0017
vn -0.0037 1.0000 -0.0011
vn 0.0022 1.0000 -0.0032
vn -0.7683 -0.0028 -0.6401
vn -0.7673 -0.0040 -0.6412
vn -0.7648 0.0040 -0.6443
vn -0.7638 0.0028 -0.6454
vn 0.7042 -0.0040 0.7100
vn 0.7098 0.0040 0.7044
vn -0.0640 -0.7034 -0.7079
vn -0.0668 -0.7070 -0.7041
vn -0.0566 -0.7063 -0.7056
vn -0.0593 -0.7100 -0.7017
vn -0.1897 -0.0877 0.9779
vn -0.2040 -0.0939 0.9745
vn -0.1843 -0.0824 0.9794
vn -0.1672 -0.0835 0.9824
vn -0.1661 -0.0797 0.9829
vn 0.7055 -0.7064 -0.0566
vn 0.7057 -0.7054 -0.0665
vn 0.7042 -0.7069 -0.0669
vn 0.7038 -0.7081 -0.0569
vn -0.2548 0.0038 -0.9670
vn -0.2624 -0.0038 -0.9650
vn -0.9368 -0.0992 -0.3356
vn -0.9373 -0.0979 -0.3345
vn -0.9352 -0.0904 -0.3423
vn -0.9355 -0.0913 -0.3413
vn 0.6203 -0.7680 -0.1594
vn 0.6412 -0.7519 -0.1534
vn 0.7013 -0.7100 -0.0633
vn 0.7015 -0.7099 -0.0630
vn 0.7013 -0.7100 0.0632
vn 0.7015 -0.7098 0.0632
vn 0.6413 -0.7519 0.1533
vn 0.6205 -0.7678 0.1596
vn -0.7522 -0.0886 -0.6530
vn -0.7417 -0.0990 -0.6634
vn -0.7607 -0.0823 -0.6438
vn -0.7674 -0.0791 -0.6362
vn -0.7677 -0.0894 -0.6346
vn -0.2628 -0.0042 0.9649
vn -0.2552 0.0042 0.9669
vn 0.7358 -0.1017 -0.6696
vn 0.7486 -0.1052 -0.6546
vn 0.7328 -0.0987 -0.6733
vn 0.7538 -0.1103 -0.6478
vn 0.9410 -0.0967 -0.3243
vn 0.9457 -0.0966 -0.3105
vn 0.9408 -0.0824 -0.3288
vn 0.9348 -0.0803 -0.3460
vn 0.9348 -0.0730 -0.3477
vn 0.1795 -0.0949 0.9792
vn 0.1805 -0.0939 0.9791
vn 0.1732 -0.0948 0.9803
vn 0.1740 -0.0955 0.9801
vn -0.5784 0.7062 0.4083
vn -0.5810 0.7067 0.4038
vn -0.5794 0.7089 0.4023
vn -0.5763 0.7089 0.4066
vn 0.7091 0.0050 -0.7051
vn 0.7035 -0.0050 -0.7107
vn -0.9922 -0.0883 0.0879
vn -0.9921 -0.0955 0.0814
vn -0.9926 -0.0796 0.0914
vn -0.9936 -0.0734 0.0854
vn 0.5624 -0.0806 0.8230
vn 0.5634 -0.0793 0.8224
vn 0.5641 -0.0866 0.8211
vn 0.5649 -0.0878 0.8205
vn 0.3074 -0.0959 -0.9467
vn 0.2815 -0.0857 -0.9557
vn 0.3150 -0.1007 -0.9437
vn 0.2711 -0.0819 -0.9591
vn -0.9751 -0.0794 0.2070
vn -0.9687 -0.0830 0.2338
vn -0.9746 -0.1041 0.1981
vn -0.9654 -0.0924 0.2438
vn -0.7098 0.0039 0.7044
vn -0.7043 -0.0039 0.7099
vn 0.4119 -0.6253 -0.6628
vn 0.4137 -0.6236 -0.6633
vn 0.4119 -0.6235 -0.6646
vn 0.9648 -0.0108 -0.2627
vn 0.9668 0.0108 -0.2551
vn 0.1997 -0.7497 -0.6310
vn 0.2318 -0.7414 -0.6298
vn -0.1151 -0.7348 -0.6685
vn -0.1144 -0.7370 -0.6661
vn 0.4309 -0.7412 -0.5148
vn 0.4129 -0.7414 -0.5290
vn 0.6247 -0.7326 -0.2703
vn 0.6257 -0.7377 -0.2536
vn 0.6881 -0.6878 0.2311
vn 0.6897 -0.7092 0.1460
vn 0.5792 -0.7240 0.3746
vn 0.5913 -0.7412 0.3179
vn 0.3824 -0.7333 0.5622
vn 0.3892 -0.7501 0.5346
vn 0.1708 -0.7341 0.6572
vn -0.2648 -0.7397 0.6186
vn -0.2408 -0.7414 0.6264
vn -0.4769 -0.7412 0.4724
vn -0.4104 -0.7466 0.5236
vn -0.6785 -0.7342 0.0251
vn -0.6888 -0.7245 -0.0233
vn -0.6038 -0.7411 -0.2935
vn -0.6224 -0.7332 -0.2739
vn -0.5169 -0.7240 -0.4568
vn -0.5147 -0.7170 -0.4701
vn 0.9669 0.0107 0.2550
vn 0.9648 -0.0107 0.2626
vn 0.0650 0.7092 0.7020
vn 0.0572 0.7082 0.7037
vn 0.0663 0.7063 0.7048
vn 0.0563 0.7073 0.7046
vn 0.0668 0.7051 0.7060
vn -0.5222 -0.6236 -0.5817
vn -0.5215 -0.6245 -0.5814
vn -0.5214 -0.6237 -0.5824
vn 0.8164 0.0019 -0.5775
vn 0.8144 0.0006 -0.5803
vn 0.8215 0.0007 -0.5703
vn 0.8169 -0.0008 -0.5768
vn 0.8199 -0.0029 -0.5726
vn 0.8193 0.0042 -0.5734
vn 0.5878 0.7678 -0.2549
vn 0.6780 0.7086 -0.1956
vn 0.6012 0.7613 -0.2428
vn 0.6834 0.7125 -0.1590
vn 0.7320 0.6579 -0.1771
vn 0.7369 0.6540 -0.1710
vn 0.7351 0.6527 -0.1833
vn 0.7382 0.6495 -0.1821
vn 0.7369 0.6541 -0.1710
vn 0.7629 0.0011 -0.6466
vn 0.7679 -0.0011 -0.6405
vn -0.5354 0.7335 0.4187
vn -0.6686 0.5615 0.4874
vn -0.6678 0.5637 0.4861
vn -0.5235 0.7480 0.4079
vn 0.0006 1.0000 -0.0038
vn -0.0169 0.9998 -0.0063
vn 0.0015 1.0000 -0.0021
vn -0.0101 0.9999 -0.0080
vn 0.0020 1.0000 0.0033
vn -0.0018 1.0000 0.0021
vn -0.0009 1.0000 -0.0026
vn 0.0011 1.0000 0.0024
vn 0.0076 1.0000 0.0045
vn 0.0055 1.0000 -0.0013
vn 0.6037 -0.0007 -0.7972
vn 0.5974 0.0007 -0.8019
vn 0.1758 0.0045 0.9844
vn 0.1681 -0.0046 0.9858
vn 0.1681 -0.0045 0.9858
vn 0.4053 -0.0808 0.9106
vn 0.4099 -0.0890 0.9078
vn 0.4058 -0.0804 0.9104
vn 0.4095 -0.0888 0.9080
vn 0.5581 0.7095 -0.4303
vn 0.6835 0.5306 -0.5013
vn 0.6851 0.5273 -0.5026
vn 0.5417 0.7219 -0.4306
vn 0.0006 1.0000 -0.0039
vn 0.0197 0.9998 0.0096
vn -0.0012 1.0000 0.0020
vn 0.0127 0.9999 0.0058
vn 0.0017 1.0000 -0.0020
vn 0.0009 1.0000 0.0026
vn -0.0012 1.0000 -0.0025
vn -0.0085 0.9999 -0.0056
vn -0.0048 1.0000 -0.0057
vn 0.5860 -0.0846 -0.8059
vn 0.5815 -0.0856 -0.8090
vn 0.5861 -0.0847 -0.8058
vn 0.5814 -0.0858 -0.8091
vn -0.9730 0.2304 0.0106
vn -0.9996 0.0245 0.0138
vn -0.9956 0.0936 -0.0046
vn -0.9997 0.0210 0.0121
vn 0.7479 0.1233 -0.6523
vn 0.7490 0.1297 -0.6497
vn 0.7393 0.2371 -0.6303
vn 0.7397 0.2496 -0.6250
vn -0.2123 0.6524 0.7275
vn -0.2139 0.6550 0.7247
vn -0.2162 0.6508 0.7278
vn -0.2177 0.6511 0.7271
vn -0.2138 0.6550 0.7247
vn 0.3894 0.0052 0.9210
vn 0.3894 0.0052 0.9211
vn 0.3966 -0.0052 0.9180
vn -0.7507 0.1270 0.6484
vn -0.7451 0.1312 0.6539
vn -0.7375 0.2519 0.6266
vn -0.7330 0.2475 0.6336
vn 0.9733 0.2293 -0.0116
vn 0.9996 0.0239 -0.0134
vn 0.9957 0.0927 0.0056
vn 0.9848 0.1734 0.0101
vn 0.3874 -0.0989 0.9166
vn 0.4387 -0.0864 0.8945
vn 0.4262 -0.0837 0.9007
vn 0.3779 -0.0954 0.9209
vn -0.9869 0.1555 0.0439
vn -0.9902 0.1343 0.0395
vn -0.9074 0.4170 0.0528
vn -0.8799 0.4692 0.0749
vn 0.9925 0.1194 -0.0257
vn 0.9887 0.1404 -0.0518
vn 0.9111 0.4099 -0.0439
vn 0.8627 0.5000 -0.0754
vn -0.9896 -0.0746 -0.1230
vn -0.9917 -0.1084 -0.0688
vn -0.9941 -0.0703 -0.0824
vn -0.9848 -0.1112 -0.1331
vn 0.5994 -0.0973 -0.7945
vn 0.5553 -0.0889 -0.8269
vn 0.5668 -0.0902 -0.8189
vn 0.6075 -0.0985 -0.7882
vn -0.6566 0.5407 -0.5259
vn -0.6666 0.5271 -0.5271
vn -0.6567 0.5297 -0.5368
vn -0.7220 -0.0924 -0.6857
vn -0.7531 -0.0896 -0.6517
vn -0.7449 -0.0880 -0.6613
vn -0.7129 -0.1028 -0.6937
vn 0.4309 -0.0862 -0.8983
vn 0.4258 -0.0841 -0.9009
vn 0.4278 -0.0827 -0.9001
vn 0.4288 -0.0809 -0.8998
vn -0.9679 0.2513 0.0084
vn -0.9985 0.0550 0.0044
vn -0.9998 0.0210 0.0058
vn -0.9546 0.2962 0.0315
vn 0.7577 0.0262 -0.6521
vn 0.7448 -0.2546 -0.6168
vn 0.7471 -0.2707 -0.6071
vn 0.7585 0.0454 -0.6501
vn 0.9891 -0.0240 -0.1451
vn 1.0000 0.0038 0.0000
vn 1.0000 -0.0009 0.0062
vn 0.9879 -0.0277 -0.1527
vn -0.7547 0.0309 0.6553
vn -0.7449 -0.2546 0.6168
vn -0.7471 -0.2707 0.6071
vn -0.7558 0.0494 0.6529
vn 0.9524 0.3033 -0.0293
vn 0.9988 0.0492 -0.0066
vn 0.9999 0.0132 -0.0059
vn 0.9593 0.2818 -0.0204
vn -0.3709 -0.0056 0.9286
vn -0.4995 0.0061 0.8663
vn -0.5039 0.0057 0.8638
vn -0.3632 -0.0023 0.9317
vn -0.2053 0.1893 0.9602
vn -0.2213 0.2715 0.9367
vn -0.1963 0.1641 0.9667
vn -0.2342 0.2905 0.9278
vn 0.2059 0.1900 -0.9599
vn 0.2202 0.2706 -0.9372
vn 0.1971 0.1634 -0.9667
vn 0.2364 0.2876 -0.9281
vn 0.9521 -0.0864 -0.2933
vn 0.9406 -0.0938 -0.3264
vn 0.9446 -0.0805 -0.3180
vn 0.9522 -0.0920 -0.2912
vn -0.1942 0.1765 0.9650
vn -0.2354 0.3469 0.9079
vn -0.1909 0.1305 0.9729
vn -0.2478 0.3714 0.8948
vn -0.6053 0.7117 -0.3565
vn -0.6012 0.7119 -0.3630
vn -0.6066 0.7052 -0.3671
vn -0.6113 0.7044 -0.3608
vn -0.2248 0.1182 0.9672
vn -0.2233 0.1216 0.9671
vn -0.2215 0.1180 0.9680
vn 0.1219 0.0280 0.9921
vn 0.0145 0.2244 0.9744
vn 0.1311 0.0125 0.9913
vn 0.1456 0.1135 0.9828
vn 0.0170 0.3127 0.9497
vn -0.7098 0.0040 0.7044
vn -0.7042 -0.0040 0.7100
vn 0.9373 -0.0953 -0.3354
vn 0.9425 -0.0848 -0.3232
vn 0.9366 -0.0854 -0.3399
vn -0.0774 0.1190 -0.9899
vn -0.0239 0.2179 -0.9757
vn -0.1439 -0.0139 -0.9895
vn 0.0546 0.3552 -0.9332
vn -0.2210 -0.0955 0.9706
vn -0.1882 -0.0864 0.9783
vn -0.1966 -0.0870 0.9766
vn -0.2238 -0.0899 0.9705
vn -0.0087 0.7064 0.7078
vn -0.0083 0.7090 0.7051
vn -0.0117 0.7098 0.7043
vn -0.0122 0.7088 0.7053
vn -0.2579 0.1530 0.9540
vn -0.2598 0.1597 0.9524
vn -0.2527 0.1570 0.9547
vn 0.9451 -0.0903 -0.3141
vn 0.9386 -0.0873 -0.3338
vn 0.9423 -0.1026 -0.3185
vn -0.2028 0.0907 0.9750
vn -0.2080 0.0966 0.9733
vn -0.1995 0.0971 0.9751
vn -0.0773 0.1191 -0.9899
vn -0.0244 0.2172 -0.9758
vn -0.1436 -0.0144 -0.9895
vn 0.0563 0.3545 -0.9334
vn -0.2601 0.1596 0.9523
vn -0.2529 0.1573 0.9546
vn -0.0789 0.1403 -0.9870
vn -0.0341 0.2228 -0.9743
vn -0.1486 0.0175 -0.9887
vn 0.0442 0.3564 -0.9333
vn 0.9373 -0.0898 -0.3368
vn 0.9408 -0.0840 -0.3284
vn 0.9371 -0.0832 -0.3391
vn -0.0775 0.1190 -0.9899
vn -0.0240 0.2178 -0.9757
vn -0.1444 -0.0129 -0.9894
vn 0.0540 0.3555 -0.9331
vn 0.9451 -0.0907 -0.3140
vn 0.9390 -0.0875 -0.3326
vn 0.9424 -0.1022 -0.3184
vn 0.6399 0.7005 0.3160
vn 0.6436 0.6944 0.3218
vn 0.6225 0.7218 0.3025
vn 0.6221 0.7189 0.3102
vn 0.9669 0.0106 -0.2550
vn 0.9649 -0.0106 -0.2625
vn 0.1947 0.1769 -0.9648
vn 0.2328 0.3454 -0.9091
vn 0.1897 0.1316 -0.9730
vn 0.2492 0.3695 -0.8952
vn -0.3169 0.1225 0.9405
vn -0.3179 0.1217 0.9403
vn -0.3178 0.1227 0.9402
vn -0.2626 -0.0040 -0.9649
vn -0.2626 -0.0041 -0.9649
vn -0.2550 0.0040 -0.9669
vn -0.9649 -0.0106 -0.2625
vn -0.9669 0.0106 -0.2550
vn -0.7075 0.0030 -0.7067
vn -0.7078 0.0031 -0.7064
vn -0.7073 -0.0026 -0.7069
vn -0.7115 0.0026 -0.7027
vn -0.7066 -0.0006 -0.7076
vn -0.2519 0.0008 0.9677
vn -0.2542 -0.0037 0.9671
vn -0.2547 -0.0039 0.9670
vn -0.2584 -0.0028 0.9660
vn -0.2529 0.0028 0.9675
vn -0.2595 -0.0008 0.9658
vn 0.3020 0.1216 -0.9455
vn 0.3094 0.1265 -0.9425
vn 0.3026 0.1284 -0.9444
vn 0.2554 0.0044 0.9668
vn 0.2629 -0.0044 0.9648
vn 0.2552 0.0042 -0.9669
vn 0.2627 -0.0042 -0.9649
vn -0.7105 0.0029 0.7036
vn -0.7050 -0.0029 0.7092
vn -0.7106 0.0029 0.7036
vn 0.9670 0.0104 -0.2547
vn 0.9649 -0.0104 -0.2623
vn 0.7035 -0.0050 0.7107
vn 0.7091 0.0050 0.7051
vn -0.7034 0.1760 -0.6886
vn -0.7047 0.1687 -0.6892
vn -0.6999 0.1731 -0.6930
vn 0.2621 0.1833 -0.9475
vn 0.2578 0.1894 -0.9475
vn 0.2554 0.1834 -0.9493
vn -0.1245 0.2874 0.9497
vn -0.1716 0.2261 0.9589
vn -0.2620 0.1281 0.9565
vn -0.0493 0.3785 0.9243
vn -0.9649 -0.0104 -0.2623
vn -0.9670 0.0104 -0.2547
vn -0.7012 0.1726 -0.6918
vn -0.7029 0.1765 -0.6890
vn -0.7043 0.1715 -0.6889
vn -0.7011 0.1721 -0.6920
vn -0.7045 0.1711 -0.6888
vn 0.2632 0.1832 -0.9472
vn 0.2543 0.1833 -0.9496
vn 0.2587 0.1763 -0.9497
vn -0.1203 0.2848 0.9510
vn -0.1679 0.2236 0.9601
vn -0.2577 0.1265 0.9579
vn -0.0425 0.3720 0.9273
vn -0.7050 -0.0029 -0.7092
vn -0.7106 0.0029 -0.7036
vn 0.2625 0.1833 -0.9474
vn 0.2549 0.1843 -0.9492
vn 0.2580 0.1779 -0.9496
vn -0.1201 0.2849 0.9510
vn -0.1676 0.2238 0.9601
vn -0.2575 0.1261 0.9580
vn -0.0422 0.3717 0.9274
vn 0.7851 0.4175 0.4576
vn 0.7135 0.3606 0.6008
vn 0.6629 0.2312 0.7122
vn 0.7890 0.4687 0.3973
vn 0.8452 0.4782 0.2386
vn 0.7851 0.4175 0.4575
vn 0.7135 0.3608 0.6006
vn 0.6631 0.2309 0.7120
vn 0.7893 0.4686 0.3968
vn 0.8452 0.4783 0.2386
vn 0.2595 -0.0008 -0.9658
vn 0.2519 0.0008 -0.9677
vn 0.2583 0.0028 -0.9661
vn 0.2589 0.0026 -0.9659
vn 0.2522 0.0016 -0.9677
vn 0.2594 -0.0015 -0.9658
vn 0.7871 0.4218 0.4501
vn 0.7134 0.3523 0.6058
vn 0.6601 0.2195 0.7184
vn 0.7962 0.4667 0.3849
vn 0.8418 0.4926 0.2206
vn -0.1798 0.7042 0.6869
vn -0.1769 0.7051 0.6867
vn -0.1815 0.7112 0.6792
vn -0.1845 0.7097 0.6800
vn 0.9614 0.0043 -0.2752
vn 0.9660 -0.0138 -0.2581
vn 0.9614 0.0042 -0.2751
vn 0.9678 0.0095 -0.2514
vn 0.9622 -0.0095 -0.2723
vn -0.9660 0.0139 0.2582
vn -0.9639 -0.0140 0.2658
vn -0.9627 0.0111 0.2702
vn -0.9624 0.0113 0.2715
vn -0.9663 0.0135 0.2572
vn -0.9638 -0.0136 0.2663
vn 0.6384 0.7088 0.3002
vn 0.6406 0.7068 0.3003
vn 0.6388 0.7100 0.2962
vn 0.6405 0.7086 0.2960
vn 0.6996 0.6903 -0.1847
vn 0.6953 0.6908 -0.1984
vn 0.6613 0.7270 -0.1847
vn 0.6661 0.7260 -0.1712
vn 0.6182 0.7084 -0.3404
vn 0.6163 0.7095 -0.3418
vn 0.6171 0.7065 -0.3465
vn 0.6178 0.7046 -0.3492
vn -0.1206 -0.5152 0.8485
vn -0.1209 -0.5165 0.8477
vn -0.1253 -0.5149 0.8481
vn 0.1299 -0.4659 -0.8753
vn 0.1301 -0.4639 -0.8763
vn 0.1235 -0.4647 -0.8768
vn 0.6877 0.5851 -0.4299
vn 0.6967 0.5569 -0.4522
vn 0.6444 0.6986 -0.3110
vn 0.7220 0.4176 -0.5516
vn -0.6185 0.7858 -0.0067
vn -0.6120 0.7908 -0.0002
vn -0.5842 0.7805 0.2227
vn -0.6113 0.7759 -0.1560
vn 0.6800 0.5922 -0.4323
vn 0.6901 0.5592 -0.4594
vn 0.6291 0.7142 -0.3070
vn 0.7162 0.4169 -0.5597
vn -0.6185 0.7856 -0.0173
vn -0.7501 0.6429 -0.1549
vn -0.5853 0.7797 0.2227
vn -0.7370 0.6358 -0.2293
vn -0.8238 0.4425 -0.3545
vn 0.9451 -0.0913 -0.3138
vn 0.9389 -0.0875 -0.3329
vn 0.9422 -0.1031 -0.3187
vn -0.2580 0.1527 0.9540
vn -0.2581 0.1601 0.9528
vn -0.2517 0.1554 0.9552
vn -0.0769 0.1194 -0.9899
vn -0.0249 0.2165 -0.9760
vn -0.1435 -0.0145 -0.9895
vn 0.0571 0.3541 -0.9335
vn 0.6876 0.5851 -0.4299
vn 0.6966 0.5574 -0.4518
vn 0.6425 0.6998 -0.3121
vn 0.7199 0.4186 -0.5536
vn -0.6185 0.7857 -0.0065
vn -0.6120 0.7908 0.0000
vn -0.5841 0.7806 0.2227
vn -0.6113 0.7759 -0.1559
vn 0.0038 1.0000 0.0006
vn -0.0027 1.0000 0.0028
vn 0.0020 1.0000 0.0034
vn 0.4277 -0.0978 0.8986
vn 0.4294 -0.0959 0.8980
vn 0.4263 -0.0968 0.8994
vn 0.4276 -0.0983 0.8986
vn 0.5655 -0.0939 -0.8194
vn 0.5624 -0.1001 -0.8208
vn 0.5665 -0.1004 -0.8179
vn 0.5648 -0.0935 -0.8199
vn -0.9853 0.0044 -0.1705
vn -0.9767 -0.0056 -0.2147
vn -0.9446 0.0024 -0.3282
vn -0.0011 1.0000 -0.0037
vn 0.0033 1.0000 0.0020
vn 0.9467 -0.0862 0.3102
vn 0.9121 -0.0998 0.3977
vn 0.9204 -0.0924 0.3799
vn 0.9521 -0.0782 0.2958
vn -0.8024 0.4090 0.4345
vn -0.8992 0.2615 0.3507
vn -0.8636 0.3325 0.3790
vn -0.9290 0.1744 0.3263
vn -0.1969 -0.0853 -0.9767
vn -0.1137 -0.1060 -0.9878
vn -0.1332 -0.1023 -0.9858
vn -0.2198 -0.0784 -0.9724
vn -0.7427 -0.0804 0.6648
vn -0.7996 -0.1127 0.5899
vn -0.7884 -0.1062 0.6060
vn -0.7320 -0.0842 0.6761
vn -0.0908 0.1602 0.9829
vn -0.1059 0.1294 0.9859
vn -0.1145 0.1066 0.9877
vn -0.0838 0.1779 0.9805
vn -0.9465 0.0065 -0.3228
vn -0.9370 -0.0020 -0.3493
vn 0.0890 0.1620 -0.9828
vn 0.1053 0.1299 -0.9859
vn 0.1163 0.1081 -0.9873
vn 0.0868 0.1809 -0.9797
vn 0.9465 0.0071 0.3226
vn 0.9370 -0.0033 0.3494
vn 0.6759 -0.0933 0.7311
vn 0.7017 -0.0821 0.7078
vn 0.6950 -0.0812 0.7144
vn 0.6742 -0.0954 0.7323
vn -0.5655 0.7515 -0.3399
vn -0.3916 0.8109 -0.4347
vn -0.3743 0.8197 -0.4336
vn -0.1880 0.8509 -0.4905
vn 0.3171 0.6027 0.7322
vn 0.3154 0.6076 0.7289
vn 0.3206 0.6056 0.7283
vn -0.5333 0.7606 -0.3703
vn -0.3767 0.8117 -0.4463
vn -0.3687 0.8108 -0.4546
vn -0.2078 0.8354 -0.5089
vn 0.2472 0.6319 0.7346
vn 0.2419 0.6308 0.7373
vn 0.2421 0.6351 0.7336
vn -0.5472 0.1736 -0.8188
vn -0.5537 0.1703 -0.8151
vn -0.5535 0.1695 -0.8154
vn -0.3766 0.8118 -0.4464
vn -0.3686 0.8108 -0.4547
vn 0.2472 0.6321 0.7344
vn 0.2421 0.6308 0.7372
vn 0.2421 0.6350 0.7336
vn -0.5330 0.7615 -0.3689
vn -0.3754 0.8120 -0.4469
vn -0.3682 0.8109 -0.4549
vn -0.2076 0.8358 -0.5083
vn 0.2418 0.6308 0.7373
vn 0.2418 0.6352 0.7335
vn 0.7115 0.4472 -0.5420
vn 0.6932 0.5818 -0.4254
vn 0.6722 0.6463 -0.3611
vn 0.6035 0.7569 -0.2509
vn 0.2384 0.9526 -0.1889
vn 0.2346 0.9549 -0.1820
vn 0.2306 0.9546 -0.1885
vn 0.7143 0.4453 -0.5398
vn 0.6932 0.5807 -0.4269
vn 0.6723 0.6458 -0.3618
vn 0.6055 0.7556 -0.2499
vn 0.2387 0.9527 -0.1879
vn 0.2345 0.9549 -0.1819
vn 0.2314 0.9545 -0.1883
vn 0.7119 0.4470 -0.5417
vn 0.6932 0.5805 -0.4271
vn 0.6724 0.6453 -0.3625
vn 0.6034 0.7569 -0.2509
vn 0.2384 0.9526 -0.1888
vn 0.7119 0.4391 -0.5480
vn 0.6933 0.5832 -0.4233
vn 0.6731 0.6426 -0.3661
vn 0.6126 0.7431 -0.2691
vn 0.2120 0.9564 -0.2010
vn 0.2431 0.9526 -0.1831
vn 0.2149 0.9624 -0.1664
vn -0.5328 0.7621 -0.3679
vn -0.3764 0.8118 -0.4465
vn -0.3687 0.8108 -0.4547
vn -0.2072 0.8365 -0.5072
vn 0.2854 0.6098 0.7394
vn 0.2796 0.6149 0.7374
vn 0.2863 0.6156 0.7342
vn 0.7120 0.4469 -0.5416
vn 0.6933 0.5800 -0.4277
vn 0.6722 0.6467 -0.3603
vn 0.6030 0.7572 -0.2510
vn 0.2393 0.9530 -0.1860
vn 0.2350 0.9547 -0.1823
vn 0.2338 0.9540 -0.1876
vn -0.7212 0.5925 0.3588
vn -0.8577 0.3796 0.3469
vn -0.8454 0.3713 0.3839
vn -0.6253 0.7406 0.2461
vn -0.9268 0.1561 0.3416
vn -0.8024 0.4088 0.4348
vn -0.9012 0.2578 0.3485
vn -0.8646 0.3313 0.3778
vn -0.9287 0.1725 0.3283
vn -0.8025 0.4091 0.4344
vn -0.8993 0.2614 0.3506
vn -0.8637 0.3324 0.3790
vn -0.9291 0.1745 0.3262
vn 0.0136 0.0021 -0.9999
vn 0.0067 -0.0011 -1.0000
vn 0.0021 -0.0021 -1.0000
vn 0.0174 -0.0061 -0.9998
vn 0.8588 -0.0039 0.5122
vn 0.8630 0.0034 0.5052
vn 0.8653 -0.0067 0.5013
vn 0.8570 -0.0004 0.5154
vn -0.8730 -0.0007 0.4878
vn -0.8694 0.0015 0.4942
vn -0.8670 -0.0046 0.4983
vn -0.8748 -0.0032 0.4844
vn -0.7151 0.6053 0.3495
vn -0.8482 0.4063 0.3399
vn -0.8522 0.3550 0.3843
vn -0.5819 0.7785 0.2353
vn -0.9288 0.1731 0.3277
vn 0.8437 -0.0835 -0.5303
vn 0.8300 -0.0780 -0.5523
vn 0.8290 -0.0857 -0.5526
vn 0.8466 -0.0846 -0.5255
vn -0.8819 -0.0832 -0.4641
vn -0.8942 -0.0712 -0.4420
vn -0.8941 -0.0746 -0.4416
vn -0.8791 -0.0823 -0.4694
vn 0.0323 -0.0852 0.9958
vn 0.0052 -0.0917 0.9958
vn 0.0093 -0.0927 0.9957
vn 0.0321 -0.0871 0.9957
vn -0.9263 -0.0045 -0.3769
vn -0.9292 0.0045 -0.3696
vn -0.7403 -0.0096 0.6722
vn -0.6870 0.0025 0.7267
vn -0.7501 -0.0107 0.6612
vn -0.6846 0.0094 0.7289
vn 0.9528 -0.0122 0.3032
vn 0.9711 0.0208 0.2377
vn 0.9494 -0.0202 0.3134
vn 0.9737 0.0119 0.2277
vn -0.2101 -0.0079 -0.9777
vn -0.2863 0.0040 -0.9581
vn -0.1967 -0.0097 -0.9804
vn -0.2923 0.0052 -0.9563
vn 0.9865 0.0120 -0.1631
vn 0.9980 -0.0520 -0.0368
vn 0.9912 -0.0221 -0.1306
vn 0.9956 0.0535 -0.0769
vn -0.3628 -0.0105 0.9318
vn -0.4434 0.0047 0.8963
vn -0.3752 -0.0070 0.9269
vn -0.4492 0.0052 0.8934
vn -0.9764 0.0040 0.2158
vn -0.9747 -0.0040 0.2234
vn -0.0911 0.0029 -0.9958
vn -0.0834 -0.0029 -0.9965
vn -0.8168 -0.0009 0.5769
vn -0.8213 0.0009 0.5704
vn -0.6281 -0.0082 -0.7781
vn -0.5607 0.0038 -0.8280
vn -0.6193 -0.0026 -0.7851
vn -0.5547 0.0053 -0.8320
vn 0.6752 -0.0006 0.7377
vn 0.6751 -0.0006 0.7377
vn 0.6809 0.0006 0.7324
vn -0.9079 -0.0010 -0.4191
vn -0.9046 0.0010 -0.4262
vn -0.9047 0.0010 -0.4262
vn 0.0219 0.8653 0.5007
vn -0.0204 0.8998 0.4358
vn -0.0163 0.9012 0.4331
vn -0.0714 0.9279 0.3660
vn 0.8169 -0.0007 -0.5767
vn 0.8214 0.0007 -0.5703
vn 0.0910 0.0031 0.9958
vn 0.0832 -0.0031 0.9965
vn 0.0222 0.8673 0.4973
vn -0.0167 0.8978 0.4401
vn -0.0132 0.8983 0.4391
vn -0.0580 0.9218 0.3833
vn -0.2519 0.0009 0.9677
vn -0.2595 -0.0009 0.9657
vn -0.7122 0.0005 -0.7020
vn -0.7067 -0.0005 -0.7076
vn 0.9731 -0.0108 -0.2300
vn 0.9749 0.0108 -0.2223
vn -0.2870 -0.0035 0.9579
vn -0.2945 0.0035 0.9556
vn -0.5647 -0.0949 0.8198
vn -0.5167 -0.0789 0.8525
vn -0.5229 -0.0839 0.8483
vn -0.5739 -0.0919 0.8137
vn 0.2594 0.0007 -0.9658
vn 0.2518 -0.0007 -0.9678
vn 0.2518 0.0007 -0.9678
vn 0.7122 0.0005 0.7020
vn 0.7122 -0.0006 0.7020
vn 0.7122 -0.0005 0.7020
vn 0.7066 0.0006 0.7076
vn 0.7538 0.4846 0.4438
vn 0.7985 0.4525 0.3970
vn 0.6760 0.4230 0.6034
vn 0.8456 0.4699 0.2534
vn -0.0909 0.0032 -0.9959
vn -0.0831 -0.0032 -0.9965
vn 0.7637 0.4717 0.4408
vn 0.8005 0.4443 0.4022
vn 0.6912 0.4158 0.5910
vn 0.8430 0.4668 0.2671
vn 0.7538 0.4847 0.4437
vn 0.7982 0.4524 0.3977
vn 0.6750 0.4244 0.6035
vn 0.8448 0.4713 0.2533
vn 0.7539 0.4846 0.4436
vn 0.7981 0.4524 0.3978
vn 0.6749 0.4245 0.6035
vn -0.8170 -0.0007 0.5767
vn -0.8214 0.0007 0.5703
vn -0.6750 -0.0008 -0.7378
vn -0.6807 0.0008 -0.7326
vn 0.2520 0.0009 -0.9677
vn 0.2596 -0.0009 -0.9657
vn 0.9766 -0.0058 -0.2149
vn 0.9800 -0.0107 -0.1986
vn 0.9780 0.0116 -0.2081
vn 0.7121 0.0007 0.7021
vn 0.7121 -0.0007 0.7021
vn 0.7066 0.0007 0.7077
vn 0.9764 0.0041 -0.2159
vn 0.9747 -0.0041 -0.2235
vn 0.7594 0.4737 0.4460
vn 0.8028 0.4444 0.3976
vn 0.6954 0.4177 0.5847
vn 0.8418 0.4692 0.2669
vn 0.9072 0.0008 -0.4207
vn 0.9039 -0.0008 -0.4278
vn 0.0832 0.0031 0.9965
vn 0.0910 -0.0030 0.9958
vn 0.0910 -0.0031 0.9958
vn 0.0833 0.0030 0.9965
vn 0.8170 -0.0006 -0.5766
vn 0.8215 0.0006 -0.5702
vn 0.0358 0.9138 0.4045
vn 0.0267 0.9160 0.4002
vn 0.0339 0.9180 0.3951
vn -0.0883 -0.0020 0.9961
vn -0.0883 -0.0021 0.9961
vn -0.0805 0.0020 0.9968
vn -0.8177 0.0006 -0.5757
vn -0.8222 -0.0006 -0.5692
vn 0.2390 0.9405 -0.2416
vn 0.2239 0.9410 -0.2536
vn 0.2398 0.9357 -0.2589
vn -0.1761 0.5053 -0.8448
vn -0.1715 0.5056 -0.8455
vn -0.1739 0.5093 -0.8428
vn -0.1883 0.5126 -0.8377
vn -0.1868 0.5060 -0.8421
vn -0.1801 0.5116 -0.8401
vn 0.2396 0.9406 -0.2404
vn 0.2235 0.9413 -0.2531
vn 0.2403 0.9356 -0.2588
vn -0.1883 0.5127 -0.8377
vn -0.1862 0.5059 -0.8422
vn -0.1797 0.5121 -0.8399
vn 0.2399 0.9407 -0.2397
vn 0.2229 0.9416 -0.2525
vn 0.2402 0.9356 -0.2588
vn 0.0269 0.9152 0.4020
vn 0.0198 0.9137 0.4060
vn 0.0190 0.9165 0.3995
vn -0.7494 0.3669 -0.5512
vn -0.8083 0.2908 -0.5120
vn -0.8630 0.1884 -0.4687
vn -0.8953 0.0963 -0.4349
vn 0.0868 -0.0005 0.9962
vn 0.0921 -0.0359 0.9951
vn 0.0921 -0.0019 0.9957
vn 0.0903 -0.0351 0.9953
vn 0.8193 -0.0043 -0.5733
vn 0.8134 -0.0386 -0.5804
vn 0.8208 0.0019 -0.5713
vn 0.8191 -0.0321 -0.5727
vn -0.7494 0.3674 -0.5508
vn -0.8093 0.2898 -0.5109
vn -0.8650 0.1855 -0.4661
vn -0.8949 0.0950 -0.4360
vn 0.0088 0.9115 0.4112
vn 0.0220 0.9129 0.4075
vn 0.0205 0.9082 0.4180
vn -0.6061 0.7704 0.1978
vn -0.5944 0.7811 0.1911
vn -0.5931 0.7780 0.2071
vn -0.7626 0.3392 -0.5508
vn -0.8218 0.2611 -0.5065
vn -0.8720 0.1687 -0.4596
vn -0.8977 0.0732 -0.4346
vn -0.7494 0.3672 -0.5510
vn -0.8083 0.2908 -0.5119
vn -0.8629 0.1887 -0.4689
vn -0.8955 0.0968 -0.4345
vn -0.7493 0.3669 -0.5513
vn -0.8084 0.2907 -0.5119
vn -0.8628 0.1887 -0.4689
vn -0.8954 0.0967 -0.4346
vn -0.6062 0.7704 0.1976
vn -0.5950 0.7802 0.1929
vn -0.5950 0.7765 0.2073
vn 0.0090 0.9115 0.4111
vn 0.0219 0.9130 0.4074
vn 0.0205 0.9084 0.4177
vn 0.0205 0.9083 0.4179
vn -0.5950 0.7802 0.1930
vn -0.7970 0.4226 0.4315
vn -0.7939 0.4157 0.4437
vn -0.8024 0.4085 0.4350
vn 0.8526 -0.0938 -0.5141
vn 0.8359 -0.0813 -0.5428
vn 0.8404 -0.0929 -0.5340
vn 0.8535 -0.0990 -0.5116
vn -0.7958 0.4165 0.4396
vn -0.8000 0.4125 0.4358
vn -0.7985 0.4184 0.4329
vn -0.9838 -0.0842 -0.1580
vn -0.9846 -0.0864 -0.1521
vn -0.9848 -0.0801 -0.1540
vn -0.9843 -0.0827 -0.1557
vn -0.6872 -0.0812 0.7219
vn -0.6930 -0.0807 0.7164
vn -0.6761 -0.0930 0.7309
vn -0.6723 -0.0927 0.7344
vn -0.8836 -0.0854 0.4604
vn -0.8788 -0.0732 0.4716
vn -0.8840 -0.0794 0.4607
vn -0.8792 -0.0736 0.4708
vn -0.2818 -0.0860 -0.9556
vn -0.2739 -0.0870 -0.9578
vn -0.2952 -0.0913 -0.9511
vn -0.2998 -0.0923 -0.9495
vn 0.8408 -0.0860 0.5344
vn 0.8481 -0.0738 0.5247
vn 0.8412 -0.0783 0.5351
vn 0.8473 -0.0742 0.5259
vn 0.0419 -0.0812 -0.9958
vn 0.0300 -0.0770 -0.9966
vn 0.0417 -0.0839 -0.9956
vn 0.0309 -0.0788 -0.9964
vn -0.8772 -0.0994 -0.4698
vn -0.8898 -0.0811 -0.4492
vn -0.8857 -0.0909 -0.4553
vn -0.8752 -0.0920 -0.4749
vn 0.0341 -0.0913 0.9952
vn 0.0539 -0.0854 0.9949
vn 0.0468 -0.0866 0.9951
vn 0.0281 -0.0909 0.9955
vn 0.3012 -0.0035 -0.9536
vn 0.2937 0.0035 -0.9559
vn 0.9049 0.0015 0.4257
vn 0.9081 -0.0015 0.4186
vn -0.1696 0.8517 -0.4958
vn -0.1622 0.8521 -0.4976
vn -0.1645 0.8551 -0.4917
vn 0.4985 0.7099 0.4975
vn 0.5061 0.7044 0.4978
vn 0.4990 0.7049 0.5042
vn -0.1648 0.8540 -0.4935
vn -0.1574 0.8515 -0.5001
vn -0.1554 0.8565 -0.4923
vn -0.1695 0.8516 -0.4960
vn -0.1616 0.8522 -0.4976
vn -0.1644 0.8552 -0.4915
vn -0.8684 -0.4007 -0.2922
vn -0.8707 -0.4050 -0.2789
vn -0.8658 -0.4062 -0.2922
vn 0.9448 -0.1507 -0.2911
vn 0.9526 -0.1468 -0.2664
vn 0.9475 -0.1349 -0.2898
vn 0.3381 -0.0854 0.9372
vn 0.3406 -0.0817 0.9366
vn 0.3370 -0.0867 0.9375
vn 0.3415 -0.0827 0.9362
vn 0.6425 -0.0868 -0.7614
vn 0.6393 -0.0822 -0.7646
vn 0.6420 -0.0863 -0.7619
vn 0.6398 -0.0817 -0.7642
vn 0.9526 -0.1469 -0.2664
vn 0.9475 -0.1350 -0.2898
vn 0.9529 -0.0809 -0.2924
vn 0.9481 -0.0893 -0.3051
vn 0.9528 -0.0907 -0.2896
vn -0.9284 0.0053 0.3716
vn 0.9284 0.0054 -0.3716
vn -0.9692 0.0703 0.2359
vn -0.9741 0.0707 0.2150
vn -0.9691 0.0865 0.2309
vn -0.8334 0.4363 -0.3393
vn -0.8281 0.4344 -0.3545
vn -0.8257 0.4462 -0.3452
vn -0.9691 0.0712 0.2361
vn -0.9743 0.0706 0.2141
vn -0.9692 0.0880 0.2302
vn -0.8332 0.4363 -0.3397
vn -0.8278 0.4348 -0.3546
vn -0.8257 0.4461 -0.3453
vn 0.6549 -0.0588 0.7534
vn 0.6591 -0.0590 0.7497
vn 0.6584 -0.0644 0.7499
vn -0.9786 -0.0770 0.1909
vn -0.9824 -0.0582 0.1774
vn -0.9793 -0.0465 0.1969
vn 0.3257 -0.0591 -0.9436
vn 0.3175 -0.0589 -0.9464
vn 0.3181 -0.0674 -0.9457
vn 0.8214 -0.0634 0.5668
vn 0.8181 -0.0666 0.5712
vn 0.8170 -0.0609 0.5735
vn 0.0805 -0.0646 -0.9947
vn 0.0875 -0.0666 -0.9939
vn 0.0887 -0.0595 -0.9943
vn -0.8687 -0.0002 0.4954
vn -0.0004 1.0000 0.0069
vn -0.0048 1.0000 0.0023
vn 0.0024 1.0000 -0.0016
vn 0.0001 1.0000 -0.0001
vn 0.0010 1.0000 -0.0029
vn 0.0042 1.0000 -0.0008
vn -0.0040 1.0000 -0.0003
vn -0.0030 1.0000 -0.0033
vn 0.0004 1.0000 -0.0010
usemtl iron
s 1
f 3338/3338/2985 3340/3339/2986 3339/3340/2985
f 3341/3341/2986 3340/3339/2986 3338/3338/2985
f 3338/3338/2985 3339/3340/2985 3342/3342/2987
f 3342/3342/2987 3339/3340/2985 3343/3343/2987
f 3342/3342/2987 3343/3343/2987 3344/3344/2988
f 3345/3345/2989 3342/3342/2987 3344/3344/2988
f 3346/3346/2990 3345/3345/2989 3344/3344/2988
f 3347/3347/2991 3345/3345/2989 3346/3346/2990
f 3346/3346/2990 3348/3348/2992 3347/3347/2991
f 3347/3347/2991 3348/3348/2992 3349/3349/2993
f 3346/3346/2990 3344/3344/2988 3350/3350/2994
f 3341/3341/2986 3351/3351/2995 3340/3339/2986
f 3352/3352/2996 3351/3351/2995 3341/3341/2986
f 3353/3353/2997 3355/3354/2998 3354/3355/2999
f 3354/3355/2999 3356/3356/3000 3353/3353/2997
f 3354/3355/2999 3355/3354/2998 3357/3357/3001
f 3355/3354/2998 3358/3358/3002 3357/3357/3001
f 3358/3358/3002 3359/3359/3002 3357/3357/3001
f 3358/3358/3002 3360/3360/3003 3359/3359/3002
f 3361/3361/3003 3360/3360/3003 3358/3358/3002
f 3361/3361/3003 3362/3362/3004 3360/3360/3003
f 3363/3363/3005 3362/3362/3004 3361/3361/3003
f 3353/3353/2997 3356/3356/3000 3364/3364/3006
f 3354/3355/2999 3357/3357/3001 3365/3365/3007
f 3363/3363/3005 3366/3366/3008 3362/3362/3004
f 3367/3367/3009 3366/3366/3008 3363/3363/3005
f 3368/3368/3010 3370/3369/3011 3369/3370/3012
f 3371/3371/3013 3370/3369/3011 3368/3368/3010
f 3368/3368/3010 3372/3372/3014 3371/3371/3013
f 3368/3368/3010 3373/3373/3015 3372/3372/3014
f 3374/3374/3013 3373/3373/3015 3368/3368/3010
f 3374/3374/3013 3375/3375/3013 3373/3373/3015
f 3376/3376/3016 3373/3373/3015 3375/3375/3013
f 3377/3377/3015 3375/3375/3013 3374/3374/3013
f 3377/3377/3015 3378/3378/3017 3375/3375/3013
f 3379/3379/3018 3378/3378/3017 3377/3377/3015
f 3379/3379/3018 3380/3380/3019 3378/3378/3017
f 3379/3379/3018 3381/3381/3020 3380/3380/3019
f 3382/3382/3021 3380/3380/3019 3381/3381/3020
f 3382/3382/3021 3383/3383/3022 3380/3380/3019
f 3378/3378/3017 3380/3380/3019 3383/3383/3022
f 3384/3384/3016 3377/3377/3015 3374/3374/3013
f 3385/3385/3023 3381/3381/3020 3379/3379/3018
f 3371/3371/3013 3372/3372/3014 3386/3386/3024
f 3378/3378/3017 3383/3383/3022 3387/3387/3025
f 3383/3383/3022 3388/3388/3026 3387/3387/3025
f 3383/3383/3022 3389/3389/3027 3388/3388/3026
f 3389/3389/3027 3383/3383/3022 3382/3382/3021
f 3388/3388/3026 3390/3390/3028 3387/3387/3025
f 3382/3382/3021 3381/3381/3020 3391/3391/3029
f 3371/3371/3013 3386/3386/3024 3392/3392/3030
f 3393/3393/3031 3371/3371/3013 3392/3392/3030
f 3372/3372/3014 3394/3394/3032 3386/3386/3024
f 3395/3395/3033 3397/3396/3034 3396/3397/3035
f 3395/3395/3033 3396/3397/3035 3398/3398/3033
f 3398/3398/3033 3396/3397/3035 3399/3399/3036
f 3400/3400/3037 3399/3399/3036 3396/3397/3035
f 3401/3401/3038 3397/3396/3034 3395/3395/3033
f 3396/3397/3035 3397/3396/3034 3402/3402/3039
f 3402/3402/3039 3397/3396/3034 3403/3403/3040
f 3403/3403/3040 3404/3404/3041 3402/3402/3039
f 3402/3402/3039 3404/3404/3041 3405/3405/3042
f 3404/3404/3041 3406/3406/3043 3405/3405/3042
f 3402/3402/3039 3405/3405/3042 3407/3407/3044
f 3402/3402/3039 3407/3407/3044 3408/3408/3045
f 3408/3408/3045 3407/3407/3044 3409/3409/3046
f 3408/3408/3045 3409/3409/3046 3410/3410/3047
f 3411/3411/3048 3406/3406/3043 3404/3404/3041
f 3406/3406/3043 3411/3411/3048 3412/3412/3047
f 3412/3412/3047 3411/3411/3048 3413/3413/3049
f 3410/3410/3047 3414/3414/3050 3408/3408/3045
f 3408/3408/3045 3414/3414/3050 3415/3415/3051
f 3408/3408/3045 3415/3415/3051 3416/3416/3052
f 3416/3416/3052 3415/3415/3051 3417/3417/3053
f 3417/3417/3053 3418/3418/3054 3416/3416/3052
f 3417/3417/3053 3419/3419/3055 3418/3418/3054
f 3417/3417/3053 3420/3420/3056 3419/3419/3055
f 3421/3421/3057 3412/3412/3047 3413/3413/3049
f 3422/3422/3058 3412/3412/3047 3421/3421/3057
f 3409/3409/3046 3423/3423/3059 3410/3410/3047
f 3424/3424/3060 3423/3423/3059 3409/3409/3046
f 3424/3424/3060 3425/3425/3061 3423/3423/3059
f 3426/3426/3062 3425/3425/3061 3424/3424/3060
f 3426/3426/3062 3424/3424/3060 3427/3427/3063
f 3427/3427/3063 3424/3424/3060 3428/3428/3064
f 3428/3428/3064 3429/3429/3065 3427/3427/3063
f 3430/3430/3066 3429/3429/3065 3428/3428/3064
f 3430/3430/3066 3431/3431/3067 3429/3429/3065
f 3432/3432/3068 3431/3431/3067 3430/3430/3066
f 3433/3433/3069 3420/3420/3056 3417/3417/3053
f 3433/3433/3069 3434/3434/3070 3420/3420/3056
f 3433/3433/3069 3435/3435/3071 3434/3434/3070
f 3436/3436/3072 3435/3435/3071 3433/3433/3069
f 3436/3436/3072 3437/3437/3073 3435/3435/3071
f 3435/3435/3071 3437/3437/3073 3438/3438/3074
f 3435/3435/3071 3438/3438/3074 3439/3439/3075
f 3439/3439/3075 3438/3438/3074 3440/3440/3076
f 3439/3439/3075 3440/3440/3076 3441/3441/3077
f 3441/3441/3077 3440/3440/3076 3442/3442/3078
f 3443/3443/3079 3441/3441/3077 3442/3442/3078
f 3432/3432/3068 3443/3443/3079 3444/3444/3080
f 3444/3444/3080 3445/3445/3081 3432/3432/3068
f 3432/3432/3068 3445/3445/3081 3431/3431/3067
f 3446/3446/3070 3443/3443/3079 3442/3442/3078
f 3447/3447/3056 3443/3443/3079 3446/3446/3070
f 3444/3444/3080 3443/3443/3079 3447/3447/3056
f 3448/3448/3082 3450/3449/3083 3449/3450/3084
f 3451/3451/3085 3450/3449/3083 3448/3448/3082
f 3448/3448/3082 3452/3452/3086 3451/3451/3085
f 3448/3448/3082 3449/3450/3084 3453/3453/3087
f 3453/3453/3087 3449/3450/3084 3454/3454/3088
f 3453/3453/3087 3454/3454/3088 3455/3455/3089
f 3455/3455/3089 3456/3456/3090 3453/3453/3087
f 3455/3455/3089 3457/3457/3091 3456/3456/3090
f 3458/3458/3092 3460/3459/3093 3459/3460/3094
f 3458/3458/3092 3461/3461/3095 3460/3459/3093
f 3462/3462/3096 3461/3461/3095 3458/3458/3092
f 3462/3462/3096 3463/3463/3097 3461/3461/3095
f 3464/3464/3098 3463/3463/3097 3462/3462/3096
f 3464/3464/3098 3465/3465/3099 3463/3463/3097
f 3459/3460/3094 3460/3459/3093 3466/3466/3100
f 3467/3467/3101 3465/3465/3099 3464/3464/3098
f 3467/3467/3101 3464/3464/3098 3468/3468/3102
f 3468/3468/3102 3469/3469/3103 3467/3467/3101
f 3468/3468/3102 3470/3470/3104 3469/3469/3103
f 3471/3471/3105 3470/3470/3104 3468/3468/3102
f 3472/3472/3106 3471/3471/3105 3468/3468/3102
f 3473/3473/3107 3471/3471/3105 3472/3472/3106
f 3472/3472/3106 3468/3468/3102 3474/3474/3108
f 3474/3474/3108 3468/3468/3102 3475/3475/3109
f 3476/3476/3110 3475/3475/3109 3468/3468/3102
f 3476/3476/3110 3477/3477/3111 3475/3475/3109
f 3474/3474/3108 3475/3475/3109 3478/3478/3112
f 3479/3479/3113 3477/3477/3111 3476/3476/3110
f 3479/3479/3113 3476/3476/3110 3480/3480/3114
f 3480/3480/3114 3476/3476/3110 3481/3481/3115
f 3480/3480/3114 3481/3481/3115 3482/3482/3116
f 3482/3482/3116 3481/3481/3115 3483/3483/3117
f 3482/3482/3116 3483/3483/3117 3484/3484/3118
f 3484/3484/3118 3483/3483/3117 3485/3485/3119
f 3484/3484/3118 3485/3485/3119 3486/3486/3120
f 3478/3478/3112 3487/3487/3121 3474/3474/3108
f 3474/3474/3108 3487/3487/3121 3488/3488/3122
f 3489/3489/3123 3491/3490/3124 3490/3491/3125
f 3490/3491/3125 3492/3492/3126 3489/3489/3123
f 3490/3491/3125 3493/3493/3127 3492/3492/3126
f 3489/3489/3123 3494/3494/3128 3491/3490/3124
f 3491/3490/3124 3494/3494/3128 3495/3495/3129
f 3491/3490/3124 3495/3495/3129 3496/3496/3130
f 3491/3490/3124 3496/3496/3130 3497/3497/3131
f 3497/3497/3131 3496/3496/3130 3498/3498/3132
f 3499/3499/3133 3497/3497/3131 3498/3498/3132
f 3500/3500/3134 3497/3497/3131 3499/3499/3133
f 3500/3500/3134 3501/3501/3135 3497/3497/3131
f 3501/3501/3135 3502/3502/3136 3497/3497/3131
f 3497/3497/3131 3502/3502/3136 3503/3503/3137
f 3502/3502/3136 3504/3504/3138 3503/3503/3137
f 3503/3503/3137 3504/3504/3138 3505/3505/3139
f 3498/3498/3132 3496/3496/3130 3506/3506/3140
f 3498/3498/3132 3506/3506/3140 3507/3507/3141
f 3507/3507/3141 3506/3506/3140 3508/3508/3142
f 3507/3507/3141 3508/3508/3142 3509/3509/3143
f 3509/3509/3143 3508/3508/3142 3510/3510/3144
f 3509/3509/3143 3510/3510/3144 3511/3511/3145
f 3509/3509/3143 3511/3511/3145 3512/3512/3146
f 3513/3513/3147 3501/3501/3135 3500/3500/3134
f 3514/3514/3148 3513/3513/3147 3500/3500/3134
f 3514/3514/3148 3515/3515/3149 3513/3513/3147
f 3516/3516/3150 3515/3515/3149 3514/3514/3148
f 3516/3516/3150 3514/3514/3148 3517/3517/3151
f 3517/3517/3151 3514/3514/3148 3518/3518/3152
f 3518/3518/3152 3519/3519/3153 3517/3517/3151
f 3520/3520/3154 3519/3519/3153 3518/3518/3152
f 3520/3520/3154 3521/3521/3155 3519/3519/3153
f 3522/3522/3156 3521/3521/3155 3520/3520/3154
f 3512/3512/3146 3511/3511/3145 3523/3523/3157
f 3512/3512/3146 3523/3523/3157 3524/3524/3126
f 3524/3524/3126 3523/3523/3157 3525/3525/3158
f 3512/3512/3146 3524/3524/3126 3526/3526/3159
f 3527/3527/3160 3525/3525/3158 3523/3523/3157
f 3527/3527/3160 3528/3528/3161 3525/3525/3158
f 3526/3526/3159 3524/3524/3126 3529/3529/3162
f 3527/3527/3160 3530/3530/3163 3528/3528/3161
f 3527/3527/3160 3531/3531/3164 3530/3530/3163
f 3532/3532/3165 3530/3530/3163 3531/3531/3164
f 3489/3489/3123 3530/3530/3163 3532/3532/3165
f 3532/3532/3165 3533/3533/3156 3489/3489/3123
f 3489/3489/3123 3533/3533/3156 3494/3494/3128
f 3522/3522/3156 3534/3534/3166 3521/3521/3155
f 3535/3535/3167 3534/3534/3166 3522/3522/3156
f 3522/3522/3156 3536/3536/3168 3535/3535/3167
f 3535/3535/3167 3536/3536/3168 3537/3537/3169
f 3537/3537/3169 3536/3536/3168 3538/3538/3161
f 3538/3538/3161 3536/3536/3168 3539/3539/3170
f 3536/3536/3168 3540/3540/3171 3539/3539/3170
f 3540/3540/3171 3541/3541/3172 3539/3539/3170
f 3542/3542/3173 3541/3541/3172 3540/3540/3171
f 3542/3542/3173 3543/3543/3174 3541/3541/3172
f 3544/3544/3175 3543/3543/3174 3542/3542/3173
f 3544/3544/3175 3545/3545/3176 3543/3543/3174
f 3544/3544/3175 3546/3546/3177 3545/3545/3176
f 3544/3544/3175 3547/3547/3178 3546/3546/3177
f 3548/3548/3179 3547/3547/3178 3544/3544/3175
f 3549/3549/3180 3547/3547/3178 3548/3548/3179
f 3549/3549/3180 3503/3503/3137 3547/3547/3178
f 3505/3505/3139 3547/3547/3178 3503/3503/3137
f 3550/3550/3181 3503/3503/3137 3549/3549/3180
f 3550/3550/3181 3551/3551/3182 3503/3503/3137
f 3552/3552/3183 3551/3551/3182 3550/3550/3181
f 3551/3551/3182 3553/3553/3183 3503/3503/3137
f 3503/3503/3137 3553/3553/3183 3554/3554/3184
f 3503/3503/3137 3554/3554/3184 3555/3555/3185
f 3555/3555/3185 3554/3554/3184 3556/3556/3186
f 3555/3555/3185 3556/3556/3186 3557/3557/3187
f 3557/3557/3187 3558/3558/3188 3555/3555/3185
f 3555/3555/3185 3558/3558/3188 3559/3559/3155
f 3558/3558/3188 3560/3560/3189 3559/3559/3155
f 3559/3559/3155 3560/3560/3189 3561/3561/3189
f 3559/3559/3155 3561/3561/3189 3562/3562/3190
f 3562/3562/3190 3563/3563/3191 3559/3559/3155
f 3559/3559/3155 3563/3563/3191 3564/3564/3192
f 3563/3563/3191 3565/3565/3193 3564/3564/3192
f 3564/3564/3192 3565/3565/3193 3566/3566/3034
f 3567/3567/3194 3564/3564/3192 3566/3566/3034
f 3568/3568/3195 3564/3564/3192 3567/3567/3194
f 3564/3564/3192 3568/3568/3195 3569/3569/3196
f 3569/3569/3196 3570/3570/3197 3564/3564/3192
f 3564/3564/3192 3570/3570/3197 3571/3571/3198
f 3570/3570/3197 3572/3572/3199 3571/3571/3198
f 3571/3571/3198 3572/3572/3199 3573/3573/3200
f 3567/3567/3194 3566/3566/3034 3574/3574/3196
f 3574/3574/3196 3575/3575/3201 3567/3567/3194
f 3576/3576/3202 3575/3575/3201 3574/3574/3196
f 3577/3577/3203 3570/3570/3197 3569/3569/3196
f 3569/3569/3196 3578/3578/3204 3577/3577/3203
f 3573/3573/3200 3572/3572/3199 3579/3579/3205
f 3573/3573/3200 3579/3579/3205 3580/3580/3068
f 3580/3580/3068 3579/3579/3205 3581/3581/3072
f 3582/3582/3206 3575/3575/3201 3576/3576/3202
f 3583/3583/3207 3575/3575/3201 3582/3582/3206
f 3577/3577/3203 3578/3578/3204 3584/3584/3208
f 3585/3585/3070 3584/3584/3208 3578/3578/3204
f 3586/3586/3183 3584/3584/3208 3585/3585/3070
f 3587/3587/3209 3581/3581/3072 3579/3579/3205
f 3588/3588/3210 3581/3581/3072 3587/3587/3209
f 3587/3587/3209 3589/3589/3211 3588/3588/3210
f 3588/3588/3210 3589/3589/3211 3590/3590/3176
f 3590/3590/3176 3589/3589/3211 3591/3591/3212
f 3590/3590/3176 3591/3591/3212 3592/3592/3213
f 3593/3593/3214 3591/3591/3212 3589/3589/3211
f 3594/3594/3215 3591/3591/3212 3593/3593/3214
f 3593/3593/3214 3595/3595/3216 3594/3594/3215
f 3585/3585/3070 3594/3594/3215 3596/3596/3217
f 3585/3585/3070 3596/3596/3217 3586/3586/3183
f 3597/3597/3218 3594/3594/3215 3585/3585/3070
f 3597/3597/3218 3598/3598/3052 3594/3594/3215
f 3599/3599/3219 3598/3598/3052 3597/3597/3218
f 3594/3594/3215 3600/3600/3220 3596/3596/3217
f 3594/3594/3215 3595/3595/3216 3600/3600/3220
f 3599/3599/3219 3601/3601/3221 3598/3598/3052
f 3592/3592/3213 3591/3591/3212 3602/3602/3222
f 3591/3591/3212 3603/3603/3159 3602/3602/3222
f 3602/3602/3222 3603/3603/3159 3604/3604/3223
f 3605/3605/3224 3607/3606/3225 3606/3607/3226
f 3608/3608/3227 3607/3606/3225 3605/3605/3224
f 3606/3607/3226 3607/3606/3225 3609/3609/3228
f 3608/3608/3227 3610/3610/3229 3607/3606/3225
f 3611/3611/3230 3610/3610/3229 3608/3608/3227
f 3608/3608/3227 3612/3612/3231 3611/3611/3230
f 3608/3608/3227 3613/3613/3232 3612/3612/3231
f 3614/3614/3233 3613/3613/3232 3608/3608/3227
f 3608/3608/3227 3615/3615/3234 3614/3614/3233
f 3608/3608/3227 3616/3616/3235 3615/3615/3234
f 3617/3617/3236 3616/3616/3235 3608/3608/3227
f 3618/3618/3237 3617/3617/3236 3608/3608/3227
f 3618/3618/3237 3619/3619/3238 3617/3617/3236
f 3620/3620/3239 3619/3619/3238 3618/3618/3237
f 3618/3618/3237 3621/3621/3240 3620/3620/3239
f 3621/3621/3240 3622/3622/3241 3620/3620/3239
f 3623/3623/3242 3625/3624/3243 3624/3625/3244
f 3624/3625/3244 3625/3624/3243 3626/3626/3245
f 3627/3627/3246 3623/3623/3242 3624/3625/3244
f 3627/3627/3246 3628/3628/3247 3623/3623/3242
f 3624/3625/3244 3626/3626/3245 3629/3629/3248
f 3623/3623/3242 3630/3630/3249 3625/3624/3243
f 3631/3631/3250 3630/3630/3249 3623/3623/3242
f 3631/3631/3250 3632/3632/3251 3630/3630/3249
f 3633/3633/3252 3632/3632/3251 3631/3631/3250
f 3634/3634/3253 3633/3633/3252 3631/3631/3250
f 3634/3634/3253 3635/3635/3254 3633/3633/3252
f 3636/3636/3255 3628/3628/3247 3627/3627/3246
f 3637/3637/3256 3635/3635/3254 3634/3634/3253
f 3637/3637/3256 3634/3634/3253 3638/3638/3257
f 3634/3634/3253 3639/3639/3258 3638/3638/3257
f 3634/3634/3253 3640/3640/3259 3639/3639/3258
f 3641/3641/3260 3640/3640/3259 3634/3634/3253
f 3634/3634/3253 3642/3642/3261 3641/3641/3260
f 3641/3641/3260 3642/3642/3261 3643/3643/3262
f 3641/3641/3260 3644/3644/3263 3640/3640/3259
f 3645/3645/3264 3644/3644/3263 3641/3641/3260
f 3646/3646/3265 3643/3643/3262 3642/3642/3261
f 3642/3642/3261 3647/3647/3266 3646/3646/3265
f 3648/3648/3267 3605/3605/3224 3649/3649/3268
f 3648/3648/3267 3650/3650/3269 3605/3605/3224
f 3651/3651/3270 3650/3650/3269 3648/3648/3267
f 3652/3652/3271 3650/3650/3269 3651/3651/3270
f 3653/3653/3272 3650/3650/3269 3652/3652/3271
f 3605/3605/3224 3654/3654/3273 3649/3649/3268
f 3605/3605/3224 3655/3655/3274 3654/3654/3273
f 3656/3656/3275 3655/3655/3274 3605/3605/3224
f 3605/3605/3224 3606/3607/3226 3656/3656/3275
f 3657/3657/3276 3659/3658/3085 3658/3659/3085
f 3660/3660/3277 3659/3658/3085 3657/3657/3276
f 3658/3659/3085 3661/3661/3278 3657/3657/3276
f 3658/3659/3085 3662/3662/3279 3661/3661/3278
f 3663/3663/3280 3662/3662/3279 3658/3659/3085
f 3663/3663/3280 3664/3664/3281 3662/3662/3279
f 3665/3665/3085 3664/3664/3281 3663/3663/3280
f 3663/3663/3280 3666/3666/3282 3665/3665/3085
f 3663/3663/3280 3667/3667/3283 3666/3666/3282
f 3668/3668/3085 3667/3667/3283 3663/3663/3280
f 3665/3665/3085 3666/3666/3282 3669/3669/3284
f 3668/3668/3085 3670/3670/3085 3667/3667/3283
f 3671/3671/3285 3667/3667/3283 3670/3670/3085
f 3672/3672/3283 3670/3670/3085 3668/3668/3085
f 3672/3672/3283 3673/3673/3286 3670/3670/3085
f 3674/3674/3287 3673/3673/3286 3672/3672/3283
f 3674/3674/3287 3675/3675/3288 3673/3673/3286
f 3674/3674/3287 3676/3676/3289 3675/3675/3288
f 3677/3677/3290 3675/3675/3288 3676/3676/3289
f 3677/3677/3290 3678/3678/3291 3675/3675/3288
f 3673/3673/3286 3675/3675/3288 3678/3678/3291
f 3679/3679/3285 3672/3672/3283 3668/3668/3085
f 3680/3680/3292 3676/3676/3289 3674/3674/3287
f 3673/3673/3286 3678/3678/3291 3681/3681/3293
f 3678/3678/3291 3682/3682/3294 3681/3681/3293
f 3682/3682/3294 3683/3683/3295 3681/3681/3293
f 3678/3678/3291 3684/3684/3296 3682/3682/3294
f 3684/3684/3296 3678/3678/3291 3677/3677/3290
f 3677/3677/3290 3676/3676/3289 3685/3685/3297
f 3686/3686/3298 3688/3687/3299 3687/3688/3300
f 3687/3688/3300 3688/3687/3299 3689/3689/3301
f 3690/3690/3302 3686/3686/3298 3687/3688/3300
f 3691/3691/3303 3690/3690/3302 3687/3688/3300
f 3692/3692/3304 3690/3690/3302 3691/3691/3303
f 3689/3689/3301 3688/3687/3299 3693/3693/3305
f 3688/3687/3299 3694/3694/3306 3693/3693/3305
f 3693/3693/3305 3694/3694/3306 3695/3695/3307
f 3693/3693/3305 3695/3695/3307 3696/3696/3308
f 3687/3688/3300 3689/3689/3301 3697/3697/3309
f 3687/3688/3300 3697/3697/3309 3691/3691/3303
f 3691/3691/3303 3697/3697/3309 3698/3698/3310
f 3691/3691/3303 3698/3698/3310 3699/3699/3311
f 3699/3699/3311 3698/3698/3310 3700/3700/3312
f 3699/3699/3311 3700/3700/3312 3701/3701/3313
f 3700/3700/3312 3702/3702/3314 3701/3701/3313
f 3703/3703/3315 3702/3702/3314 3700/3700/3312
f 3704/3704/3316 3702/3702/3314 3703/3703/3315
f 3702/3702/3314 3704/3704/3316 3705/3705/3317
f 3696/3696/3308 3695/3695/3307 3706/3706/3318
f 3696/3696/3308 3706/3706/3318 3707/3707/3319
f 3707/3707/3319 3706/3706/3318 3708/3708/3320
f 3708/3708/3320 3709/3709/3321 3707/3707/3319
f 3709/3709/3321 3708/3708/3320 3710/3710/3322
f 3710/3710/3322 3708/3708/3320 3711/3711/3323
f 3712/3712/3324 3709/3709/3321 3710/3710/3322
f 3710/3710/3322 3713/3713/3325 3712/3712/3324
f 3712/3712/3324 3713/3713/3325 3714/3714/3326
f 3712/3712/3324 3714/3714/3326 3715/3715/3327
f 3715/3715/3327 3714/3714/3326 3716/3716/3328
f 3715/3715/3327 3716/3716/3328 3717/3717/3329
f 3717/3717/3329 3716/3716/3328 3718/3718/3330
f 3711/3711/3323 3708/3708/3320 3719/3719/3331
f 3719/3719/3331 3708/3708/3320 3720/3720/3332
f 3719/3719/3331 3720/3720/3332 3721/3721/3333
f 3721/3721/3333 3720/3720/3332 3722/3722/3334
f 3723/3723/3335 3721/3721/3333 3722/3722/3334
f 3724/3724/3336 3721/3721/3333 3723/3723/3335
f 3724/3724/3336 3725/3725/3337 3721/3721/3333
f 3726/3726/3338 3725/3725/3337 3724/3724/3336
f 3726/3726/3338 3727/3727/3339 3725/3725/3337
f 3728/3728/3340 3717/3717/3329 3718/3718/3330
f 3728/3728/3340 3729/3729/3341 3717/3717/3329
f 3730/3730/3342 3729/3729/3341 3728/3728/3340
f 3730/3730/3342 3731/3731/3343 3729/3729/3341
f 3730/3730/3342 3732/3732/3344 3731/3731/3343
f 3731/3731/3343 3732/3732/3344 3733/3733/3345
f 3733/3733/3345 3732/3732/3344 3734/3734/3346
f 3734/3734/3346 3732/3732/3344 3735/3735/3347
f 3734/3734/3346 3735/3735/3347 3736/3736/3348
f 3736/3736/3348 3735/3735/3347 3737/3737/3349
f 3738/3738/3350 3737/3737/3349 3735/3735/3347
f 3731/3731/3343 3733/3733/3345 3739/3739/3351
f 3740/3740/3352 3737/3737/3349 3738/3738/3350
f 3740/3740/3352 3738/3738/3350 3741/3741/3353
f 3740/3740/3352 3741/3741/3353 3742/3742/3354
f 3742/3742/3354 3741/3741/3353 3743/3743/3355
f 3742/3742/3354 3743/3743/3355 3744/3744/3356
f 3744/3744/3356 3743/3743/3355 3745/3745/3357
f 3744/3744/3356 3745/3745/3357 3746/3746/3358
f 3746/3746/3358 3745/3745/3357 3747/3747/3359
f 3746/3746/3358 3747/3747/3359 3748/3748/3360
f 3748/3748/3360 3747/3747/3359 3749/3749/3361
f 3749/3749/3361 3750/3750/3362 3748/3748/3360
f 3749/3749/3361 3751/3751/3363 3750/3750/3362
f 3746/3746/3358 3748/3748/3360 3752/3752/3364
f 3753/3753/3365 3751/3751/3363 3749/3749/3361
f 3754/3754/3366 3751/3751/3363 3753/3753/3365
f 3746/3746/3358 3752/3752/3364 3755/3755/3367
f 3754/3754/3366 3756/3756/3368 3751/3751/3363
f 3757/3757/3369 3756/3756/3368 3754/3754/3366
f 3757/3757/3369 3758/3758/3370 3756/3756/3368
f 3759/3759/3371 3758/3758/3370 3757/3757/3369
f 3759/3759/3371 3760/3760/3372 3758/3758/3370
f 3760/3760/3372 3761/3761/3373 3758/3758/3370
f 3762/3762/3374 3758/3758/3370 3761/3761/3373
f 3763/3763/3375 3758/3758/3370 3762/3762/3374
f 3763/3763/3375 3762/3762/3374 3764/3764/3376
f 3763/3763/3375 3764/3764/3376 3765/3765/3377
f 3760/3760/3372 3766/3766/3378 3761/3761/3373
f 3761/3761/3373 3766/3766/3378 3767/3767/3379
f 3767/3767/3379 3766/3766/3378 3768/3768/3380
f 3767/3767/3379 3768/3768/3380 3769/3769/3381
f 3769/3769/3381 3768/3768/3380 3770/3770/3382
f 3771/3771/3383 3770/3770/3382 3768/3768/3380
f 3771/3771/3383 3768/3768/3380 3766/3766/3378
f 3772/3772/3384 3770/3770/3382 3771/3771/3383
f 3772/3772/3384 3773/3773/3385 3770/3770/3382
f 3774/3774/3386 3770/3770/3382 3773/3773/3385
f 3775/3775/3387 3770/3770/3382 3774/3774/3386
f 3774/3774/3386 3773/3773/3385 3776/3776/3388
f 3776/3776/3388 3773/3773/3385 3726/3726/3338
f 3773/3773/3385 3727/3727/3339 3726/3726/3338
f 3727/3727/3339 3773/3773/3385 3772/3772/3384
f 3777/3777/3389 3779/3778/3390 3778/3779/3391
f 3778/3779/3391 3779/3778/3390 3780/3780/3392
f 3778/3779/3391 3780/3780/3392 3781/3781/3393
f 3777/3777/3389 3782/3782/3394 3779/3778/3390
f 3782/3782/3394 3783/3783/3395 3779/3778/3390
f 3781/3781/3393 3784/3784/3396 3778/3779/3391
f 3778/3779/3391 3784/3784/3396 3785/3785/3397
f 3778/3779/3391 3785/3785/3397 3786/3786/3398
f 3787/3787/3399 3782/3782/3394 3777/3777/3389
f 3777/3777/3389 3788/3788/3395 3787/3787/3399
f 3789/3789/3400 3788/3788/3395 3777/3777/3389
f 3789/3789/3400 3790/3790/3401 3788/3788/3395
f 3791/3791/3402 3790/3790/3401 3789/3789/3400
f 3792/3792/3403 3794/3793/3404 3793/3794/3405
f 3792/3792/3403 3795/3795/3406 3794/3793/3404
f 3796/3796/3407 3795/3795/3406 3792/3792/3403
f 3796/3796/3407 3797/3797/3408 3795/3795/3406
f 3798/3798/3409 3797/3797/3408 3796/3796/3407
f 3797/3797/3408 3798/3798/3409 3799/3799/3410
f 3797/3797/3408 3799/3799/3410 3800/3800/3411
f 3793/3794/3405 3801/3801/3412 3792/3792/3403
f 3793/3794/3405 3802/3802/3413 3801/3801/3412
f 3800/3800/3411 3799/3799/3410 3803/3803/3414
f 3800/3800/3411 3803/3803/3414 3804/3804/3415
f 3804/3804/3415 3803/3803/3414 3805/3805/3416
f 3804/3804/3415 3805/3805/3416 3806/3806/3417
f 3806/3806/3417 3805/3805/3416 3807/3807/3418
f 3806/3806/3417 3807/3807/3418 3808/3808/3419
f 3807/3807/3418 3809/3809/3420 3808/3808/3419
f 3808/3808/3419 3809/3809/3420 3810/3810/3421
f 3811/3811/3422 3805/3805/3416 3803/3803/3414
f 3809/3809/3420 3812/3812/3423 3810/3810/3421
f 3810/3810/3421 3812/3812/3423 3813/3813/3424
f 3810/3810/3421 3813/3813/3424 3814/3814/3425
f 3810/3810/3421 3814/3814/3425 3815/3815/3426
f 3815/3815/3426 3814/3814/3425 3816/3816/3427
f 3814/3814/3425 3817/3817/3428 3816/3816/3427
f 3816/3816/3427 3817/3817/3428 3818/3818/3429
f 3819/3819/3052 3821/3820/3196 3820/3821/3430
f 3820/3821/3430 3821/3820/3196 3822/3822/3431
f 3819/3819/3052 3823/3823/3072 3821/3820/3196
f 3824/3824/3194 3823/3823/3072 3819/3819/3052
f 3824/3824/3194 3825/3825/3432 3823/3823/3072
f 3826/3826/3433 3825/3825/3432 3824/3824/3194
f 3826/3826/3433 3827/3827/3434 3825/3825/3432
f 3828/3828/3435 3827/3827/3434 3826/3826/3433
f 3828/3828/3435 3829/3829/3436 3827/3827/3434
f 3828/3828/3435 3830/3830/3437 3829/3829/3436
f 3831/3831/3438 3830/3830/3437 3828/3828/3435
f 3831/3831/3438 3832/3832/3439 3830/3830/3437
f 3833/3833/3440 3832/3832/3439 3831/3831/3438
f 3822/3822/3431 3834/3834/3441 3820/3821/3430
f 3835/3835/3442 3834/3834/3441 3822/3822/3431
f 3835/3835/3442 3836/3836/3443 3834/3834/3441
f 3837/3837/3444 3836/3836/3443 3835/3835/3442
f 3837/3837/3444 3838/3838/3445 3836/3836/3443
f 3839/3839/3446 3838/3838/3445 3837/3837/3444
f 3840/3840/3447 3833/3833/3440 3831/3831/3438
f 3833/3833/3440 3840/3840/3447 3841/3841/3448
f 3841/3841/3448 3840/3840/3447 3842/3842/3449
f 3841/3841/3448 3842/3842/3449 3843/3843/3450
f 3843/3843/3450 3842/3842/3449 3844/3844/3451
f 3843/3843/3450 3844/3844/3451 3845/3845/3452
f 3845/3845/3452 3844/3844/3451 3846/3846/3453
f 3839/3839/3446 3847/3847/3454 3838/3838/3445
f 3845/3845/3452 3846/3846/3453 3848/3848/3455
f 3849/3849/3456 3848/3848/3455 3846/3846/3453
f 3846/3846/3453 3850/3850/3457 3849/3849/3456
f 3851/3851/3458 3850/3850/3457 3846/3846/3453
f 3852/3852/3459 3851/3851/3458 3846/3846/3453
f 3853/3853/3460 3847/3847/3454 3839/3839/3446
f 3853/3853/3460 3854/3854/3461 3847/3847/3454
f 3855/3855/3462 3847/3847/3454 3854/3854/3461
f 3855/3855/3462 3856/3856/3463 3847/3847/3454
f 3857/3857/3464 3847/3847/3454 3856/3856/3463
f 3851/3851/3458 3858/3858/3465 3850/3850/3457
f 3859/3859/3466 3861/3860/3467 3860/3861/3468
f 3862/3862/3469 3861/3860/3467 3859/3859/3466
f 3859/3859/3466 3860/3861/3468 3863/3863/3470
f 3863/3863/3470 3860/3861/3468 3864/3864/3194
f 3863/3863/3470 3864/3864/3194 3865/3865/3471
f 3865/3865/3471 3864/3864/3194 3866/3866/3067
f 3866/3866/3067 3864/3864/3194 3867/3867/3433
f 3866/3866/3067 3867/3867/3433 3868/3868/3434
f 3868/3868/3434 3867/3867/3433 3869/3869/3472
f 3868/3868/3434 3869/3869/3472 3870/3870/3203
f 3870/3870/3203 3869/3869/3472 3871/3871/3473
f 3870/3870/3203 3871/3871/3473 3872/3872/3474
f 3862/3862/3469 3873/3873/3475 3861/3860/3467
f 3874/3874/3476 3873/3873/3475 3862/3862/3469
f 3874/3874/3476 3875/3875/3477 3873/3873/3475
f 3876/3876/3478 3875/3875/3477 3874/3874/3476
f 3876/3876/3478 3877/3877/3479 3875/3875/3477
f 3878/3878/3480 3877/3877/3479 3876/3876/3478
f 3879/3879/3481 3872/3872/3474 3871/3871/3473
f 3872/3872/3474 3879/3879/3481 3880/3880/3482
f 3880/3880/3482 3879/3879/3481 3881/3881/3483
f 3880/3880/3482 3881/3881/3483 3882/3882/3484
f 3882/3882/3484 3881/3881/3483 3883/3883/3485
f 3882/3882/3484 3883/3883/3485 3884/3884/3486
f 3884/3884/3486 3883/3883/3485 3885/3885/3487
f 3878/3878/3480 3886/3886/3488 3877/3877/3479
f 3884/3884/3486 3885/3885/3487 3887/3887/3489
f 3888/3888/3490 3887/3887/3489 3885/3885/3487
f 3885/3885/3487 3889/3889/3491 3888/3888/3490
f 3890/3890/3492 3889/3889/3491 3885/3885/3487
f 3891/3891/3493 3890/3890/3492 3885/3885/3487
f 3892/3892/3494 3886/3886/3488 3878/3878/3480
f 3892/3892/3494 3893/3893/3495 3886/3886/3488
f 3894/3894/3496 3886/3886/3488 3893/3893/3495
f 3894/3894/3496 3895/3895/3497 3886/3886/3488
f 3896/3896/3498 3886/3886/3488 3895/3895/3497
f 3890/3890/3492 3897/3897/3499 3889/3889/3491
f 3898/3898/3500 3900/3899/3501 3899/3900/3502
f 3898/3898/3500 3899/3900/3502 3901/3901/3503
f 3902/3902/3504 3900/3899/3501 3898/3898/3500
f 3898/3898/3500 3901/3901/3503 3903/3903/3505
f 3903/3903/3505 3901/3901/3503 3904/3904/3505
f 3903/3903/3505 3904/3904/3505 3905/3905/3506
f 3906/3906/3507 3903/3903/3505 3905/3905/3506
f 3907/3907/3508 3909/3908/3509 3908/3909/3508
f 3907/3907/3508 3908/3909/3508 3910/3910/3509
f 3911/3911/3510 3913/3912/3511 3912/3913/3512
f 3912/3913/3512 3913/3912/3511 3914/3914/3513
f 3913/3912/3511 3915/3915/3514 3914/3914/3513
f 3913/3912/3511 3916/3916/3515 3915/3915/3514
f 3915/3915/3514 3916/3916/3515 3917/3917/3516
f 3915/3915/3514 3917/3917/3516 3918/3918/3517
f 3917/3917/3516 3919/3919/3518 3918/3918/3517
f 3917/3917/3516 3920/3920/3519 3919/3919/3518
f 3919/3919/3518 3920/3920/3519 3921/3921/3179
f 3919/3919/3518 3921/3921/3179 3922/3922/3520
f 3922/3922/3520 3921/3921/3179 3923/3923/3140
f 3922/3922/3520 3923/3923/3140 3924/3924/3521
f 3924/3924/3521 3923/3923/3140 3925/3925/3044
f 3924/3924/3521 3925/3925/3044 3926/3926/3513
f 3926/3926/3513 3925/3925/3044 3927/3927/3042
f 3926/3926/3513 3927/3927/3042 3928/3928/3522
f 3928/3928/3522 3927/3927/3042 3929/3929/3043
f 3928/3928/3522 3929/3929/3043 3930/3930/3523
f 3930/3930/3523 3929/3929/3043 3931/3931/3524
f 3930/3930/3523 3931/3931/3524 3932/3932/3525
f 3932/3932/3525 3931/3931/3524 3933/3933/3526
f 3932/3932/3525 3933/3933/3526 3934/3934/3527
f 3934/3934/3527 3933/3933/3526 3935/3935/3528
f 3934/3934/3527 3935/3935/3528 3912/3913/3512
f 3912/3913/3512 3935/3935/3528 3911/3911/3510
f 3936/3936/3529 3938/3937/3529 3937/3938/3530
f 3939/3939/3531 3938/3937/3529 3936/3936/3529
f 3940/3940/3532 3942/3941/3533 3941/3942/3534
f 3943/3943/3535 3942/3941/3533 3940/3940/3532
f 3940/3940/3532 3941/3942/3534 3944/3944/3536
f 3941/3942/3534 3945/3945/3537 3944/3944/3536
f 3946/3946/3538 3945/3945/3537 3941/3942/3534
f 3947/3947/3539 3949/3948/3540 3948/3949/3541
f 3947/3947/3539 3950/3950/3542 3949/3948/3540
f 3948/3949/3541 3949/3948/3540 3951/3951/3543
f 3952/3952/3544 3949/3948/3540 3950/3950/3542
f 3950/3950/3542 3947/3947/3539 3953/3953/3545
f 3953/3953/3545 3947/3947/3539 3954/3954/3546
f 3953/3953/3545 3954/3954/3546 3955/3955/3547
f 3955/3955/3547 3954/3954/3546 3956/3956/3548
f 3957/3957/3549 3955/3955/3547 3956/3956/3548
f 3956/3956/3548 3958/3958/3550 3957/3957/3549
f 3957/3957/3549 3958/3958/3550 3959/3959/3551
f 3959/3959/3551 3958/3958/3550 3960/3960/3552
f 3959/3959/3551 3960/3960/3552 3961/3961/3553
f 3961/3961/3553 3960/3960/3552 3962/3962/3554
f 3962/3962/3554 3963/3963/3555 3961/3961/3553
f 3964/3964/3556 3963/3963/3555 3962/3962/3554
f 3962/3962/3554 3965/3965/3557 3964/3964/3556
f 3964/3964/3556 3965/3965/3557 3966/3966/3558
f 3967/3967/3559 3963/3963/3555 3964/3964/3556
f 3968/3968/3560 3967/3967/3559 3964/3964/3556
f 3969/3969/3561 3971/3970/3562 3970/3971/3563
f 3970/3971/3563 3972/3972/3564 3969/3969/3561
f 3969/3969/3561 3972/3972/3564 3973/3973/3565
f 3970/3971/3563 3971/3970/3562 3974/3974/3566
f 3975/3975/3567 3971/3970/3562 3969/3969/3561
f 3976/3976/3568 3975/3975/3567 3969/3969/3561
f 3974/3974/3566 3977/3977/3569 3970/3971/3563
f 3978/3978/3570 3977/3977/3569 3974/3974/3566
f 3978/3978/3570 3979/3979/3571 3977/3977/3569
f 3980/3980/3572 3979/3979/3571 3978/3978/3570
f 3981/3981/3573 3979/3979/3571 3980/3980/3572
f 3980/3980/3572 3982/3982/3574 3981/3981/3573
f 3982/3982/3574 3983/3983/3575 3981/3981/3573
f 3984/3984/3576 3983/3983/3575 3982/3982/3574
f 3984/3984/3576 3985/3985/3577 3983/3983/3575
f 3986/3986/3578 3985/3985/3577 3984/3984/3576
f 3985/3985/3577 3986/3986/3578 3987/3987/3579
f 3985/3985/3577 3987/3987/3579 3988/3988/3580
f 3989/3989/3581 3987/3987/3579 3986/3986/3578
f 3988/3988/3580 3987/3987/3579 3990/3990/3582
f 3988/3988/3580 3990/3990/3582 3991/3991/3583
f 3991/3991/3583 3990/3990/3582 3992/3992/3584
f 3993/3993/3585 3988/3988/3580 3991/3991/3583
f 3991/3991/3583 3992/3992/3584 3994/3994/3583
f 3995/3995/3586 3997/3996/3587 3996/3997/3588
f 3995/3995/3586 3998/3998/3589 3997/3996/3587
f 3995/3995/3586 3999/3999/3590 3998/3998/3589
f 3998/3998/3589 3999/3999/3590 4000/4000/3591
f 3999/3999/3590 4001/4001/3592 4000/4000/3591
f 3999/3999/3590 4002/4002/3593 4001/4001/3592
f 4001/4001/3592 4002/4002/3593 4003/4003/3594
f 4001/4001/3592 4003/4003/3594 4004/4004/3595
f 4000/4000/3591 4001/4001/3592 4004/4004/3595
f 4004/4004/3595 4003/4003/3594 4005/4005/3596
f 4004/4004/3595 4005/4005/3596 4006/4006/3597
f 4006/4006/3597 4007/4007/3598 4004/4004/3595
f 4000/4000/3591 4004/4004/3595 4007/4007/3598
f 4007/4007/3598 4008/4008/3599 4000/4000/3591
f 4009/4009/3600 4000/4000/3591 4008/4008/3599
f 3997/3996/3587 3998/3998/3589 4009/4009/3600
f 3998/3998/3589 4000/4000/3591 4009/4009/3600
f 4009/4009/3600 4008/4008/3599 4010/4010/3601
f 4011/4011/3602 4009/4009/3600 4010/4010/3601
f 3997/3996/3587 4009/4009/3600 4011/4011/3602
f 4011/4011/3602 4010/4010/3601 4012/4012/3603
f 4013/4013/3604 4015/4014/3605 4014/4015/3606
f 4013/4013/3604 4014/4015/3606 4016/4016/3607
f 4017/4017/3608 4019/4018/3609 4018/4019/3247
f 4020/4020/3247 4019/4018/3609 4017/4017/3608
f 4021/4021/3610 4023/4022/3611 4022/4023/3612
f 4022/4023/3612 4024/4024/3613 4021/4021/3610
f 4022/4023/3612 4023/4022/3611 4025/4025/3614
f 4021/4021/3610 4024/4024/3613 4026/4026/3615
f 4027/4027/3616 4023/4022/3611 4021/4021/3610
f 4028/4028/3617 4027/4027/3616 4021/4021/3610
f 4025/4025/3614 4029/4029/3618 4022/4023/3612
f 4030/4030/3619 4029/4029/3618 4025/4025/3614
f 4030/4030/3619 4031/4031/3620 4029/4029/3618
f 4032/4032/3621 4031/4031/3620 4030/4030/3619
f 4033/4033/3622 4031/4031/3620 4032/4032/3621
f 4032/4032/3621 4034/4034/3623 4033/4033/3622
f 4034/4034/3623 4035/4035/3624 4033/4033/3622
f 4036/4036/3625 4035/4035/3624 4034/4034/3623
f 4036/4036/3625 4037/4037/3626 4035/4035/3624
f 4038/4038/3627 4037/4037/3626 4036/4036/3625
f 4037/4037/3626 4038/4038/3627 4039/4039/3628
f 4040/4040/3629 4039/4039/3628 4038/4038/3627
f 4037/4037/3626 4039/4039/3628 4041/4041/3630
f 4041/4041/3630 4039/4039/3628 4042/4042/3631
f 4043/4043/3632 4045/4044/3633 4044/4045/3634
f 4046/4046/3635 4044/4045/3634 4045/4044/3633
f 4046/4046/3635 4045/4044/3633 4047/4047/3636
f 4043/4043/3632 4048/4048/3637 4045/4044/3633
f 4049/4049/3638 4045/4044/3633 4048/4048/3637
f 4047/4047/3636 4045/4044/3633 4049/4049/3638
f 4050/4050/3639 4044/4045/3634 4046/4046/3635
f 4049/4049/3638 4048/4048/3637 4051/4051/3640
f 4048/4048/3637 4052/4052/3641 4051/4051/3640
f 4048/4048/3637 4053/4053/3642 4052/4052/3641
f 4053/4053/3642 4048/4048/3637 4043/4043/3632
f 4052/4052/3641 4054/4054/3643 4051/4051/3640
f 4043/4043/3632 4044/4045/3634 4055/4055/3644
f 4049/4049/3638 4056/4056/3392 4047/4047/3636
f 4057/4057/3645 4056/4056/3392 4049/4049/3638
f 4058/4058/3646 4060/4059/3647 4059/4060/3648
f 4061/4061/3649 4060/4059/3647 4058/4058/3646
f 4058/4058/3646 4059/4060/3648 4062/4062/3650
f 4059/4060/3648 4063/4063/3651 4062/4062/3650
f 4064/4064/3648 4063/4063/3651 4059/4060/3648
f 4065/4065/3652 4067/4066/3653 4066/4067/3654
f 4066/4067/3654 4067/4066/3653 4068/4068/3655
f 4068/4068/3655 4069/4069/3656 4066/4067/3654
f 4068/4068/3655 4070/4070/3657 4069/4069/3656
f 4071/4071/3658 4070/4070/3657 4068/4068/3655
f 4071/4071/3658 4072/4072/3659 4070/4070/3657
f 4073/4073/3660 4072/4072/3659 4071/4071/3658
f 4074/4074/3661 4072/4072/3659 4073/4073/3660
f 4075/4075/3662 4072/4072/3659 4074/4074/3661
f 4074/4074/3661 4076/4076/3663 4075/4075/3662
f 4077/4077/3664 4076/4076/3663 4074/4074/3661
f 4069/4069/3656 4078/4078/3665 4066/4067/3654
f 4079/4079/3666 4066/4067/3654 4078/4078/3665
f 4079/4079/3666 4078/4078/3665 4080/4080/3667
f 4080/4080/3667 4078/4078/3665 4081/4081/3668
f 4080/4080/3667 4081/4081/3668 4082/4082/3669
f 4082/4082/3669 4081/4081/3668 4083/4083/3670
f 4082/4082/3669 4083/4083/3670 4084/4084/3671
f 4084/4084/3671 4083/4083/3670 4085/4085/3672
f 4084/4084/3671 4085/4085/3672 3729/3729/3341
f 3729/3729/3341 4085/4085/3672 3717/3717/3329
f 4086/4086/3673 4066/4067/3654 4079/4079/3666
f 4066/4067/3654 4086/4086/3673 4065/4065/3652
f 4087/4087/3674 4089/4088/3675 4088/4089/3676
f 4090/4090/3677 4089/4088/3675 4087/4087/3674
f 4090/4090/3677 4091/4091/3678 4089/4088/3675
f 4092/4092/3679 4094/4093/3679 4093/4094/3680
f 4092/4092/3679 4095/4095/3680 4094/4093/3679
f 4096/4096/3681 4098/4097/3682 4097/4098/3681
f 4096/4096/3681 4097/4098/3681 4099/4099/3683
f 4100/4100/3684 4102/4101/3685 4101/4102/3686
f 4101/4102/3686 4102/4101/3685 4103/4103/3687
f 4100/4100/3684 4104/4104/3688 4102/4101/3685
f 4102/4101/3685 4104/4104/3688 4105/4105/3689
f 4101/4102/3686 4103/4103/3687 4106/4106/3690
f 4106/4106/3690 4103/4103/3687 4107/4107/3691
f 4105/4105/3689 4104/4104/3688 4108/4108/3692
f 4106/4106/3690 4107/4107/3691 4109/4109/3693
f 4104/4104/3688 4110/4110/3694 4108/4108/3692
f 4108/4108/3692 4110/4110/3694 4111/4111/3695
f 4108/4108/3692 4111/4111/3695 4112/4112/3696
f 4102/4101/3685 4113/4113/3697 4103/4103/3687
f 4102/4101/3685 4105/4105/3689 4113/4113/3697
f 4103/4103/3687 4113/4113/3697 4114/4114/3698
f 4103/4103/3687 4114/4114/3698 4115/4115/3699
f 4115/4115/3699 4114/4114/3698 4116/4116/3700
f 4115/4115/3699 4116/4116/3700 4117/4117/3701
f 4116/4116/3700 4118/4118/3702 4117/4117/3701
f 4119/4119/3703 4118/4118/3702 4116/4116/3700
f 4120/4120/3704 4118/4118/3702 4119/4119/3703
f 4118/4118/3702 4120/4120/3704 4121/4121/3705
f 4122/4122/3706 4124/4123/3389 4123/4124/3707
f 4123/4124/3707 4124/4123/3389 4125/4125/3708
f 4126/4126/3400 4125/4125/3708 4124/4123/3389
f 4123/4124/3707 4125/4125/3708 4127/4127/3083
f 4127/4127/3083 4125/4125/3708 4128/4128/3709
f 4129/4129/3710 4128/4128/3709 4125/4125/3708
f 4130/4130/3711 4132/4131/3148 4131/4132/3523
f 4130/4130/3711 4133/4133/3712 4132/4131/3148
f 4134/4134/3713 4133/4133/3712 4130/4130/3711
f 4131/4132/3523 4132/4131/3148 4135/4135/3714
f 4131/4132/3523 4135/4135/3714 4136/4136/3525
f 4136/4136/3525 4135/4135/3714 4137/4137/3133
f 4136/4136/3525 4137/4137/3133 4138/4138/3520
f 4138/4138/3520 4137/4137/3133 4139/4139/3715
f 4138/4138/3520 4139/4139/3715 4140/4140/3521
f 4140/4140/3521 4139/4139/3715 4141/4141/3716
f 4140/4140/3521 4141/4141/3716 4142/4142/3513
f 4142/4142/3513 4141/4141/3716 4143/4143/3717
f 4142/4142/3513 4143/4143/3717 4144/4144/3718
f 4144/4144/3718 4143/4143/3717 4145/4145/3719
f 4144/4144/3718 4145/4145/3719 4146/4146/3521
f 4146/4146/3521 4145/4145/3719 4147/4147/3720
f 4146/4146/3521 4147/4147/3720 4148/4148/3525
f 4148/4148/3525 4147/4147/3720 4149/4149/3721
f 4149/4149/3721 4150/4150/3722 4148/4148/3525
f 4148/4148/3525 4150/4150/3722 4151/4151/3520
f 4150/4150/3722 4152/4152/3723 4151/4151/3520
f 4150/4150/3722 4153/4153/3724 4152/4152/3723
f 4152/4152/3723 4153/4153/3724 4134/4134/3713
f 4152/4152/3723 4134/4134/3713 4154/4154/3725
f 4134/4134/3713 4130/4130/3711 4154/4154/3725
f 4155/4155/3726 4157/4156/3727 4156/4157/3728
f 4158/4158/3729 4157/4156/3727 4155/4155/3726
f 4155/4155/3726 4156/4157/3728 4159/4159/3730
f 4156/4157/3728 4160/4160/3731 4159/4159/3730
f 4161/4161/3728 4160/4160/3731 4156/4157/3728
f 4162/4162/3732 4164/4163/3733 4163/4164/3734
f 4163/4164/3734 4165/4165/3735 4162/4162/3732
f 4165/4165/3735 4163/4164/3734 4166/4166/3736
f 4163/4164/3734 4164/4163/3733 4167/4167/3737
f 4163/4164/3734 4167/4167/3737 4168/4168/3738
f 4168/4168/3738 4167/4167/3737 4169/4169/3739
f 4168/4168/3738 4169/4169/3739 4170/4170/3740
f 4170/4170/3740 4169/4169/3739 4171/4171/3741
f 4170/4170/3740 4171/4171/3741 4172/4172/3742
f 4169/4169/3739 4167/4167/3737 4173/4173/3743
f 4169/4169/3739 4173/4173/3743 4174/4174/3744
f 4175/4175/3745 4172/4172/3742 4171/4171/3741
f 4176/4176/3746 4172/4172/3742 4175/4175/3745
f 4176/4176/3746 4177/4177/3747 4172/4172/3742
f 4176/4176/3746 4178/4178/3748 4177/4177/3747
f 4172/4172/3742 4177/4177/3747 4179/4179/3749
f 4180/4180/3750 4178/4178/3748 4176/4176/3746
f 4178/4178/3748 4181/4181/3751 4177/4177/3747
f 4178/4178/3748 4182/4182/3752 4181/4181/3751
f 4181/4181/3751 4182/4182/3752 4183/4183/3753
f 4181/4181/3751 4183/4183/3753 4184/4184/3754
f 4184/4184/3754 4183/4183/3753 4185/4185/3755
f 4184/4184/3754 4185/4185/3755 4165/4165/3735
f 4165/4165/3735 4185/4185/3755 4186/4186/3756
f 4182/4182/3752 4187/4187/3757 4183/4183/3753
f 4162/4162/3732 4165/4165/3735 4186/4186/3756
f 4185/4185/3755 4188/4188/3758 4186/4186/3756
f 4189/4189/3759 4188/4188/3758 4185/4185/3755
f 4180/4180/3750 4176/4176/3746 4190/4190/3760
f 4180/4180/3750 4190/4190/3760 4191/4191/3761
f 4192/4192/3762 4187/4187/3757 4182/4182/3752
f 4192/4192/3762 4193/4193/3763 4187/4187/3757
f 4187/4187/3757 4193/4193/3763 4194/4194/3764
f 4194/4194/3764 4193/4193/3763 4191/4191/3761
f 4191/4191/3761 4195/4195/3765 4194/4194/3764
f 4191/4191/3761 4190/4190/3760 4195/4195/3765
f 4194/4194/3764 4195/4195/3765 4196/4196/3766
f 4196/4196/3766 4197/4197/3767 4194/4194/3764
f 4197/4197/3767 4196/4196/3766 4198/4198/3768
f 4197/4197/3767 4198/4198/3768 4171/4171/3741
f 4175/4175/3745 4171/4171/3741 4198/4198/3768
f 4199/4199/3769 4188/4188/3758 4189/4189/3759
f 4199/4199/3769 4189/4189/3759 4200/4200/3283
f 4200/4200/3283 4189/4189/3759 4201/4201/3770
f 4200/4200/3283 4201/4201/3770 4202/4202/3771
f 4202/4202/3771 4201/4201/3770 4203/4203/3772
f 4201/4201/3770 4204/4204/3773 4203/4203/3772
f 4174/4174/3744 4204/4204/3773 4201/4201/3770
f 4202/4202/3771 4203/4203/3772 4205/4205/3760
f 4174/4174/3744 4173/4173/3743 4204/4204/3773
f 4202/4202/3771 4205/4205/3760 4162/4162/3732
f 4162/4162/3732 4205/4205/3760 4164/4163/3733
f 4206/4206/3501 4208/4207/3774 4207/4208/3775
f 4206/4206/3501 4207/4208/3775 4209/4209/3710
f 4210/4210/3395 4208/4207/3774 4206/4206/3501
f 4211/4211/3776 4213/4212/3776 4212/4213/3777
f 4214/4214/3778 4213/4212/3776 4211/4211/3776
f 4215/4215/3779 4217/4216/3780 4216/4217/3781
f 4216/4217/3781 4218/4218/3782 4215/4215/3779
f 4215/4215/3779 4218/4218/3782 4219/4219/3783
f 4215/4215/3779 4219/4219/3783 4220/4220/3784
f 4220/4220/3784 4219/4219/3783 4221/4221/3785
f 4220/4220/3784 4221/4221/3785 4222/4222/3786
f 4222/4222/3786 4221/4221/3785 4223/4223/3787
f 4222/4222/3786 4223/4223/3787 4224/4224/3788
f 4216/4217/3781 4217/4216/3780 4225/4225/3789
f 4226/4226/3790 4228/4227/3791 4227/4228/3792
f 4227/4228/3792 4228/4227/3791 4229/4229/3793
f 4227/4228/3792 4229/4229/3793 4230/4230/3794
f 4231/4231/3795 4228/4227/3791 4226/4226/3790
f 4231/4231/3795 4232/4232/3796 4228/4227/3791
f 4233/4233/3797 4232/4232/3796 4231/4231/3795
f 4233/4233/3797 4234/4234/3798 4232/4232/3796
f 4235/4235/3799 4232/4232/3796 4234/4234/3798
f 4230/4230/3794 4229/4229/3793 4236/4236/3800
f 4229/4229/3793 4237/4237/3801 4236/4236/3800
f 4230/4230/3794 4236/4236/3800 4238/4238/3802
f 4233/4233/3797 4239/4239/3803 4234/4234/3798
f 4240/4240/3804 4237/4237/3801 4229/4229/3793
f 4232/4232/3796 4241/4241/3805 4228/4227/3791
f 4241/4241/3805 4229/4229/3793 4228/4227/3791
f 4232/4232/3796 4242/4242/3806 4241/4241/3805
f 4243/4243/3807 4242/4242/3806 4232/4232/3796
f 4243/4243/3807 4244/4244/3808 4242/4242/3806
f 4245/4245/3809 4244/4244/3808 4243/4243/3807
f 4246/4246/3810 4244/4244/3808 4245/4245/3809
f 4247/4247/3811 4244/4244/3808 4246/4246/3810
f 4246/4246/3810 4248/4248/3812 4247/4247/3811
f 4249/4249/3813 4248/4248/3812 4246/4246/3810
f 4250/4250/3814 4252/4251/3815 4251/4252/3816
f 4250/4250/3814 4251/4252/3816 4253/4253/3817
f 4254/4254/3818 4250/4250/3814 4253/4253/3817
f 4254/4254/3818 4253/4253/3817 4255/4255/3819
f 4256/4256/3820 4250/4250/3814 4254/4254/3818
f 4257/4257/3821 4251/4252/3816 4252/4251/3815
f 4252/4251/3815 4258/4258/3822 4257/4257/3821
f 4259/4259/3823 4257/4257/3821 4258/4258/3822
f 4258/4258/3822 4260/4260/3824 4259/4259/3823
f 4258/4258/3822 4261/4261/3825 4260/4260/3824
f 4262/4262/3826 4261/4261/3825 4258/4258/3822
f 4252/4251/3815 4262/4262/3826 4258/4258/3822
f 4262/4262/3826 4263/4263/3827 4261/4261/3825
f 4264/4264/3828 4263/4263/3827 4262/4262/3826
f 4264/4264/3828 4262/4262/3826 4252/4251/3815
f 4265/4265/3829 4264/4264/3828 4252/4251/3815
f 4265/4265/3829 4252/4251/3815 4250/4250/3814
f 4256/4256/3820 4265/4265/3829 4250/4250/3814
f 4266/4266/3830 4265/4265/3829 4256/4256/3820
f 4266/4266/3830 4264/4264/3828 4265/4265/3829
f 4266/4266/3830 4256/4256/3820 4267/4267/3831
f 4268/4268/3832 4270/4269/3833 4269/4270/3834
f 4269/4270/3834 4270/4269/3833 4271/4271/3835
f 4269/4270/3834 4271/4271/3835 4272/4272/3836
f 4268/4268/3832 4269/4270/3834 4273/4273/3837
f 4274/4274/3838 4272/4272/3836 4271/4271/3835
f 4274/4274/3838 4275/4275/3839 4272/4272/3836
f 4276/4276/3840 4270/4269/3833 4268/4268/3832
f 4277/4277/3841 4270/4269/3833 4276/4276/3840
f 4278/4278/3842 4277/4277/3841 4276/4276/3840
f 4276/4276/3840 4279/4279/3843 4278/4278/3842
f 4278/4278/3842 4279/4279/3843 4280/4280/3844
f 4278/4278/3842 4280/4280/3844 4281/4281/3845
f 4282/4282/3846 4284/4283/3084 4283/4284/3847
f 4284/4283/3084 4285/4285/3848 4283/4284/3847
f 4286/4286/3846 4285/4285/3848 4284/4283/3084
f 4282/4282/3846 4283/4284/3847 4287/4287/3085
f 4287/4287/3085 4283/4284/3847 4288/4288/3085
f 4287/4287/3085 4288/4288/3085 4289/4289/3849
f 4290/4290/3850 4292/4291/3851 4291/4292/3852
f 4290/4290/3850 4293/4293/3853 4292/4291/3851
f 4294/4294/3854 4296/4295/3855 4295/4296/3856
f 4297/4297/3857 4296/4295/3855 4294/4294/3854
f 4294/4294/3854 4295/4296/3856 4298/4298/3856
f 4298/4298/3856 4295/4296/3856 4299/4299/3858
f 4298/4298/3856 4299/4299/3858 4300/4300/3859
f 4300/4300/3859 4299/4299/3858 4301/4301/3860
f 4301/4301/3860 4299/4299/3858 4302/4302/3861
f 4301/4301/3860 4302/4302/3861 4303/4303/3862
f 4303/4303/3862 4302/4302/3861 4304/4304/3863
f 4303/4303/3862 4304/4304/3863 4305/4305/3864
f 4305/4305/3864 4304/4304/3863 4306/4306/3865
f 4305/4305/3864 4306/4306/3865 4307/4307/3866
f 4307/4307/3866 4306/4306/3865 4308/4308/3867
f 4307/4307/3866 4308/4308/3867 4309/4309/3868
f 4294/4294/3854 4310/4310/3869 4297/4297/3857
f 4297/4297/3857 4310/4310/3869 4311/4311/3870
f 4310/4310/3869 4312/4312/3871 4311/4311/3870
f 4313/4313/3872 4311/4311/3870 4312/4312/3871
f 4313/4313/3872 4314/4314/3873 4311/4311/3870
f 4315/4315/3874 4314/4314/3873 4313/4313/3872
f 4316/4316/3875 4315/4315/3874 4313/4313/3872
f 4317/4317/3876 4315/4315/3874 4316/4316/3875
f 4316/4316/3875 4318/4318/3877 4317/4317/3876
f 4317/4317/3876 4318/4318/3877 4319/4319/3878
f 4317/4317/3876 4319/4319/3878 4309/4309/3868
f 4307/4307/3866 4309/4309/3868 4319/4319/3878
f 4320/4320/3879 4322/4321/3880 4321/4322/3881
f 4321/4322/3881 4323/4323/3882 4320/4320/3879
f 4320/4320/3879 4323/4323/3882 4324/4324/3883
f 4320/4320/3879 4324/4324/3883 4325/4325/3884
f 4320/4320/3879 4325/4325/3884 4326/4326/3885
f 4320/4320/3879 4326/4326/3885 4327/4327/3886
f 4327/4327/3886 4326/4326/3885 4328/4328/3887
f 4327/4327/3886 4328/4328/3887 4329/4329/3888
f 4330/4330/3889 4327/4327/3886 4329/4329/3888
f 4321/4322/3881 4322/4321/3880 4331/4331/3890
f 4327/4327/3886 4330/4330/3889 4332/4332/3891
f 4333/4333/3892 4335/4334/3893 4334/4335/3894
f 4333/4333/3892 4336/4336/3895 4335/4334/3893
f 4337/4337/3896 4339/4338/3897 4338/4339/3898
f 4340/4340/3521 4339/4338/3897 4337/4337/3896
f 4340/4340/3521 4341/4341/3899 4339/4338/3897
f 4342/4342/3520 4341/4341/3899 4340/4340/3521
f 4342/4342/3520 4343/4343/3194 4341/4341/3899
f 4344/4344/3525 4343/4343/3194 4342/4342/3520
f 4344/4344/3525 4345/4345/3195 4343/4343/3194
f 4346/4346/3900 4345/4345/3195 4344/4344/3525
f 4346/4346/3900 4347/4347/3035 4345/4345/3195
f 4348/4348/3522 4347/4347/3035 4346/4346/3900
f 4348/4348/3522 4349/4349/3901 4347/4347/3035
f 4350/4350/3513 4349/4349/3901 4348/4348/3522
f 4350/4350/3513 4351/4351/3186 4349/4349/3901
f 4352/4352/3523 4351/4351/3186 4350/4350/3513
f 4352/4352/3523 4353/4353/3056 4351/4351/3186
f 4354/4354/3521 4353/4353/3056 4352/4352/3523
f 4354/4354/3521 4352/4352/3523 4355/4355/3902
f 4356/4356/3525 4354/4354/3521 4355/4355/3902
f 4356/4356/3525 4357/4357/3903 4354/4354/3521
f 4358/4358/3904 4357/4357/3903 4356/4356/3525
f 4358/4358/3904 4356/4356/3525 4359/4359/3900
f 4360/4360/3905 4358/4358/3904 4359/4359/3900
f 4361/4361/3906 4358/4358/3904 4360/4360/3905
f 4360/4360/3905 4338/4339/3898 4361/4361/3906
f 4337/4337/3896 4338/4339/3898 4360/4360/3905
f 4362/4362/3520 4364/4363/3523 4363/4364/3525
f 4365/4365/3525 4364/4363/3523 4362/4362/3520
f 4365/4365/3525 4362/4362/3520 4366/4366/3521
f 4365/4365/3525 4366/4366/3521 4367/4367/3520
f 4367/4367/3520 4366/4366/3521 4368/4368/3137
f 4369/4369/3522 4364/4363/3523 4365/4365/3525
f 4365/4365/3525 4370/4370/3523 4369/4369/3522
f 4369/4369/3522 4370/4370/3523 4371/4371/3718
f 4369/4369/3522 4371/4371/3718 4372/4372/3513
f 4373/4373/3513 4372/4372/3513 4371/4371/3718
f 4374/4374/3137 4372/4372/3513 4373/4373/3513
f 4366/4366/3521 4375/4375/3513 4368/4368/3137
f 4368/4368/3137 4375/4375/3513 4376/4376/3513
f 4376/4376/3513 4375/4375/3513 4377/4377/3522
f 4377/4377/3522 4375/4375/3513 4378/4378/3522
f 4378/4378/3522 4379/4379/3900 4377/4377/3522
f 4378/4378/3522 4380/4380/3525 4379/4379/3900
f 4381/4381/3523 4380/4380/3525 4378/4378/3522
f 4381/4381/3523 4382/4382/3520 4380/4380/3525
f 4382/4382/3520 4383/4383/3137 4380/4380/3525
f 4374/4374/3137 4383/4383/3137 4372/4372/3513
f 4384/4384/3520 4383/4383/3137 4374/4374/3137
f 4380/4380/3525 4383/4383/3137 4384/4384/3520
f 4385/4385/3525 4382/4382/3520 4381/4381/3523
f 4386/4386/3907 4388/4387/3908 4387/4388/3908
f 4389/4389/3907 4387/4388/3908 4388/4387/3908
f 4390/4390/3909 4392/4391/3910 4391/4392/3911
f 4392/4391/3910 4390/4390/3909 4393/4393/3912
f 4391/4392/3911 4392/4391/3910 4394/4394/3913
f 4394/4394/3913 4392/4391/3910 4395/4395/3914
f 4395/4395/3914 4392/4391/3910 4396/4396/3915
f 4395/4395/3914 4396/4396/3915 4397/4397/3916
f 4397/4397/3916 4396/4396/3915 4398/4398/3917
f 4398/4398/3917 4399/4399/3918 4397/4397/3916
f 4391/4392/3911 4400/4400/3919 4390/4390/3909
f 4398/4398/3917 4401/4401/3920 4399/4399/3918
f 4390/4390/3909 4400/4400/3919 4402/4402/3921
f 4397/4397/3916 4399/4399/3918 4403/4403/3922
f 4402/4402/3921 4400/4400/3919 4404/4404/3923
f 4405/4405/3924 4402/4402/3921 4404/4404/3923
f 4405/4405/3924 4406/4406/3925 4402/4402/3921
f 4407/4407/3926 4406/4406/3925 4405/4405/3924
f 4407/4407/3926 4408/4408/3927 4406/4406/3925
f 4409/4409/3928 4408/4408/3927 4407/4407/3926
f 4409/4409/3928 4401/4401/3920 4410/4410/3929
f 4409/4409/3928 4410/4410/3929 4408/4408/3927
f 4410/4410/3929 4401/4401/3920 4398/4398/3917
f 4408/4408/3927 4410/4410/3929 4411/4411/3930
f 4409/4409/3928 4407/4407/3926 4412/4412/3765
f 4403/4403/3922 4399/4399/3918 4413/4413/3931
f 4413/4413/3931 4414/4414/3932 4403/4403/3922
f 4403/4403/3922 4414/4414/3932 4415/4415/3933
f 4415/4415/3933 4414/4414/3932 4416/4416/3934
f 4417/4417/3935 4415/4415/3933 4416/4416/3934
f 4417/4417/3935 4418/4418/3760 4409/4409/3928
f 4417/4417/3935 4416/4416/3934 4418/4418/3760
f 4419/4419/3936 4415/4415/3933 4417/4417/3935
f 4415/4415/3933 4419/4419/3936 4420/4420/3767
f 4420/4420/3767 4421/4421/3937 4407/4407/3926
f 4407/4407/3926 4421/4421/3937 4412/4412/3765
f 4420/4420/3767 4419/4419/3936 4422/4422/3938
f 4422/4422/3938 4421/4421/3937 4420/4420/3767
f 4409/4409/3928 4418/4418/3760 4401/4401/3920
f 4423/4423/3939 4425/4424/3940 4424/4425/3941
f 4423/4423/3939 4426/4426/3942 4425/4424/3940
f 4427/4427/3943 4426/4426/3942 4423/4423/3939
f 4427/4427/3943 4428/4428/3944 4426/4426/3942
f 4429/4429/3945 4428/4428/3944 4427/4427/3943
f 4427/4427/3943 4430/4430/3946 4429/4429/3945
f 4424/4425/3941 4425/4424/3940 4431/4431/3947
f 4429/4429/3945 4430/4430/3946 4432/4432/3948
f 4433/4433/3949 4435/4434/3950 4434/4435/3951
f 4433/4433/3949 4434/4435/3951 4436/4436/3952
f 4433/4433/3949 4437/4437/3953 4435/4434/3950
f 4436/4436/3952 4438/4438/3954 4433/4433/3949
f 4439/4439/3955 4435/4434/3950 4437/4437/3953
f 4440/4440/3956 4439/4439/3955 4437/4437/3953
f 4441/4441/3957 4439/4439/3955 4440/4440/3956
f 4440/4440/3956 4442/4442/3958 4441/4441/3957
f 4441/4441/3957 4442/4442/3958 4443/4443/3959
f 4444/4444/3960 4443/4443/3959 4442/4442/3958
f 4444/4444/3960 4445/4445/3961 4443/4443/3959
f 4441/4441/3957 4443/4443/3959 4446/4446/3962
f 4441/4441/3957 4447/4447/3963 4439/4439/3955
f 4439/4439/3955 4447/4447/3963 4435/4434/3950
f 4448/4448/3964 4445/4445/3961 4444/4444/3960
f 4448/4448/3964 4444/4444/3960 4449/4449/3965
f 4448/4448/3964 4449/4449/3965 4450/4450/3966
f 4450/4450/3966 4449/4449/3965 4451/4451/3967
f 4450/4450/3966 4451/4451/3967 4452/4452/3968
f 4453/4453/3969 4452/4452/3968 4451/4451/3967
f 4450/4450/3966 4454/4454/3970 4448/4448/3964
f 4450/4450/3966 4452/4452/3968 4455/4455/3971
f 4456/4456/3972 4452/4452/3968 4453/4453/3969
f 4455/4455/3971 4452/4452/3968 4456/4456/3972
f 4456/4456/3972 4453/4453/3969 4457/4457/3973
f 4457/4457/3973 4458/4458/3974 4456/4456/3972
f 4457/4457/3973 4459/4459/3975 4458/4458/3974
f 4457/4457/3973 4460/4460/3976 4459/4459/3975
f 4461/4461/3977 4463/4462/3978 4462/4463/3979
f 3583/3583/3207 4461/4461/3977 4462/4463/3979
f 3583/3583/3207 4462/4463/3979 4464/4464/3207
f 4465/4465/3980 4463/4462/3978 4461/4461/3977
f 4465/4465/3980 4466/4466/3472 4463/4462/3978
f 4462/4463/3979 4467/4467/3981 4464/4464/3207
f 4465/4465/3980 4468/4468/3982 4466/4466/3472
f 4465/4465/3980 4469/4469/3130 4468/4468/3982
f 3582/3582/3206 4461/4461/3977 3583/3583/3207
f 4468/4468/3982 4469/4469/3130 4470/4470/3983
f 4468/4468/3982 4470/4470/3983 3561/3561/3189
f 3561/3561/3189 4470/4470/3983 4471/4471/3221
f 3561/3561/3189 4471/4471/3221 3562/3562/3190
f 4472/4472/3984 4474/4473/3985 4473/4474/3986
f 4475/4475/3987 4474/4473/3985 4472/4472/3984
f 4475/4475/3987 4472/4472/3984 4476/4476/3988
f 4476/4476/3988 4472/4472/3984 4477/4477/3989
f 4472/4472/3984 4473/4474/3986 4477/4477/3989
f 4476/4476/3988 4477/4477/3989 4478/4478/3990
f 4477/4477/3989 4479/4479/3991 4478/4478/3990
f 4477/4477/3989 4473/4474/3986 4479/4479/3991
f 4480/4480/3992 4482/4481/3992 4481/4482/3993
f 4483/4483/3993 4482/4481/3992 4480/4480/3992
f 4484/4484/3994 4486/4485/3995 4485/4486/3995
f 4485/4486/3995 4487/4487/3996 4484/4484/3994
f 4488/4488/3997 4484/4484/3994 4487/4487/3996
f 4488/4488/3997 4489/4489/3998 4484/4484/3994
f 4485/4486/3995 4486/4485/3995 4490/4490/3999
f 4485/4486/3995 4490/4490/3999 4491/4491/4000
f 4491/4491/4000 4490/4490/3999 4492/4492/4001
f 4492/4492/4001 4490/4490/3999 4493/4493/4002
f 4494/4494/4003 4496/4495/4004 4495/4496/4005
f 4494/4494/4003 4497/4497/4006 4496/4495/4004
f 4498/4498/4007 4497/4497/4006 4494/4494/4003
f 4498/4498/4007 4499/4499/4008 4497/4497/4006
f 4500/4500/4009 4499/4499/4008 4498/4498/4007
f 4495/4496/4005 4501/4501/4010 4494/4494/4003
f 4501/4501/4010 4502/4502/4011 4494/4494/4003
f 4500/4500/4009 4503/4503/4012 4499/4499/4008
f 4494/4494/4003 4502/4502/4011 4504/4504/4013
f 4505/4505/4014 4507/4506/4015 4506/4507/4016
f 4508/4508/4017 4510/4509/4018 4509/4510/4019
f 4511/4511/4020 4513/4512/4021 4512/4513/4020
f 4511/4511/4020 4512/4513/4020 4514/4514/4021
f 4515/4515/4022 4517/4516/4023 4516/4517/4024
f 4515/4515/4022 4518/4518/4025 4517/4516/4023
f 4519/4519/4026 4521/4520/4027 4520/4521/4026
f 4519/4519/4026 4520/4521/4026 4522/4522/4027
f 4523/4523/3014 4525/4524/3015 4524/4525/3016
f 4526/4526/4028 4525/4524/3015 4523/4523/3014
f 4523/4523/3014 4524/4525/3016 4527/4527/3013
f 4527/4527/3013 4524/4525/3016 4528/4528/3013
f 4527/4527/3013 4528/4528/3013 4529/4529/3010
f 4530/4530/4029 4532/4531/4030 4531/4532/4031
f 3422/3422/3058 4532/4531/4030 4530/4530/4029
f 3422/3422/3058 4530/4530/4029 4533/4533/4032
f 4531/4532/4031 4532/4531/4030 4534/4534/4033
f 4531/4532/4031 4534/4534/4033 4535/4535/4034
f 4530/4530/4029 4536/4536/3720 4533/4533/4032
f 4535/4535/4034 4534/4534/4033 4537/4537/4035
f 4534/4534/4033 4538/4538/4036 4537/4537/4035
f 3421/3421/3057 4532/4531/4030 3422/3422/3058
f 4537/4537/4035 4538/4538/4036 4539/4539/4037
f 4537/4537/4035 4539/4539/4037 3395/3395/3033
f 3395/3395/3033 4539/4539/4037 4540/4540/4038
f 3395/3395/3033 4540/4540/4038 3401/3401/3038
f 4541/4541/4039 4543/4542/4040 4542/4543/4040
f 4542/4543/4040 4543/4542/4040 4544/4544/4039
f 4545/4545/4041 4547/4546/4042 4546/4547/4043
f 4547/4546/4042 4548/4548/4044 4546/4547/4043
f 4547/4546/4042 4549/4549/4045 4548/4548/4044
f 4550/4550/4046 4549/4549/4045 4547/4546/4042
f 4550/4550/4046 4551/4551/4047 4549/4549/4045
f 4550/4550/4046 4552/4552/4048 4551/4551/4047
f 4550/4550/4046 4553/4553/4049 4552/4552/4048
f 4554/4554/4050 4553/4553/4049 4550/4550/4046
f 4550/4550/4046 4555/4555/4051 4554/4554/4050
f 4554/4554/4050 4555/4555/4051 4556/4556/4052
f 4547/4546/4042 4545/4545/4041 4557/4557/4053
f 4558/4558/4054 4560/4559/4054 4559/4560/4055
f 4561/4561/4055 4560/4559/4054 4558/4558/4054
f 4562/4562/4056 4564/4563/4057 4563/4564/4058
f 4563/4564/4058 4565/4565/4059 4562/4562/4056
f 4562/4562/4056 4565/4565/4059 4566/4566/4060
f 4562/4562/4056 4566/4566/4060 4567/4567/4061
f 4567/4567/4061 4566/4566/4060 4568/4568/4062
f 4567/4567/4061 4568/4568/4062 4569/4569/4063
f 4570/4570/4064 4572/4571/4065 4571/4572/4066
f 4573/4573/4067 4572/4571/4065 4570/4570/4064
f 4570/4570/4064 4571/4572/4066 4574/4574/4068
f 4570/4570/4064 4574/4574/4068 4575/4575/4069
f 4575/4575/4069 4574/4574/4068 4576/4576/4070
f 4575/4575/4069 4576/4576/4070 4577/4577/4067
f 4578/4578/4071 4580/4579/4072 4579/4580/4073
f 4578/4578/4071 4581/4581/4074 4580/4579/4072
f 4579/4580/4073 4580/4579/4072 4582/4582/4075
f 4580/4579/4072 4581/4581/4074 4583/4583/4076
f 4580/4579/4072 4583/4583/4076 4584/4584/4077
f 4584/4584/4077 4583/4583/4076 4585/4585/4078
f 4586/4586/4079 4588/4587/4079 4587/4588/4080
f 4589/4589/4080 4588/4587/4079 4586/4586/4079
f 4590/4590/4081 4592/4591/4081 4591/4592/4082
f 4593/4593/4082 4592/4591/4081 4590/4590/4081
f 4594/4594/4083 4596/4595/4084 4595/4596/4085
f 4595/4596/4085 4596/4595/4084 4597/4597/4086
f 4597/4597/4086 4596/4595/4084 4598/4598/4087
f 4594/4594/4083 4599/4599/4083 4596/4595/4084
f 4600/4600/4088 4599/4599/4083 4594/4594/4083
f 4594/4594/4083 4601/4601/4089 4600/4600/4088
f 4602/4602/4090 4600/4600/4088 4601/4601/4089
f 4602/4602/4090 4603/4603/4091 4600/4600/4088
f 4604/4604/4092 4606/4605/4093 4605/4606/4094
f 4607/4607/4095 4606/4605/4093 4604/4604/4092
f 4604/4604/4092 4605/4606/4094 4608/4608/4096
f 4604/4604/4092 4608/4608/4096 4609/4609/4097
f 4609/4609/4097 4608/4608/4096 4610/4610/4098
f 4609/4609/4097 4610/4610/4098 4611/4611/4099
f 4612/4612/4100 4614/4613/4101 4613/4614/4102
f 4612/4612/4100 4615/4615/4103 4614/4613/4101
f 4613/4614/4102 4614/4613/4101 4616/4616/4104
f 4614/4613/4101 4615/4615/4103 4617/4617/4105
f 4617/4617/4105 4618/4618/4106 4614/4613/4101
f 4619/4619/4106 4618/4618/4106 4617/4617/4105
f 4618/4618/4106 4620/4620/4106 4614/4613/4101
f 4621/4621/4107 4623/4622/4107 4622/4623/4108
f 4624/4624/4108 4623/4622/4107 4621/4621/4107
f 4625/4625/4109 4627/4626/4109 4626/4627/4110
f 4625/4625/4109 4628/4628/4110 4627/4626/4109
f 4629/4629/4111 4631/4630/4112 4630/4631/4111
f 4629/4629/4111 4630/4631/4111 4632/4632/4113
f 4633/4633/4114 4635/4634/4114 4634/4635/4115
f 4633/4633/4114 4636/4636/4115 4635/4634/4114
f 3571/3571/3198 4637/4637/3471 3400/3400/3037
f 4637/4637/3471 4638/4638/4116 3400/3400/3037
f 4638/4638/4116 4639/4639/4117 3400/3400/3037
f 3400/3400/3037 4639/4639/4117 3399/3399/3036
f 3573/3573/3200 4637/4637/3471 3571/3571/3198
f 4640/4640/4118 4642/4641/4119 4641/4642/4120
f 4641/4642/4120 4642/4641/4119 4643/4643/4121
f 4644/4644/4122 4642/4641/4119 4640/4640/4118
f 4644/4644/4122 4645/4645/4123 4642/4641/4119
f 4646/4646/4124 4645/4645/4123 4644/4644/4122
f 4646/4646/4124 4644/4644/4122 4647/4647/4125
f 4643/4643/4121 4648/4648/4126 4641/4642/4120
f 4641/4642/4120 4648/4648/4126 4649/4649/4127
f 4641/4642/4120 4649/4649/4127 4650/4650/4128
f 4641/4642/4120 4650/4650/4128 4651/4651/4129
f 4652/4652/4130 4641/4642/4120 4651/4651/4129
f 4653/4653/4131 4641/4642/4120 4652/4652/4130
f 4653/4653/4131 4652/4652/4130 4654/4654/4132
f 4654/4654/4132 4652/4652/4130 4655/4655/4133
f 4646/4646/4124 4647/4647/4125 4656/4656/4134
f 4656/4656/4134 4647/4647/4125 4657/4657/4135
f 4647/4647/4125 4658/4658/4136 4657/4657/4135
f 4659/4659/4137 4658/4658/4136 4647/4647/4125
f 4647/4647/4125 4660/4660/4138 4659/4659/4137
f 4661/4661/4139 4660/4660/4138 4647/4647/4125
f 4661/4661/4139 4662/4662/4140 4660/4660/4138
f 4660/4660/4138 4662/4662/4140 4663/4663/4141
f 4664/4664/3907 4666/4665/3908 4665/4666/3908
f 4665/4666/3908 4666/4665/3908 4667/4667/3907
f 4668/4668/4142 4670/4669/4143 4669/4670/4143
f 4669/4670/4143 4670/4669/4143 4671/4671/4142
f 3416/3416/3052 4672/4672/3056 3490/3491/3125
f 3416/3416/3052 4673/4673/4144 4672/4672/3056
f 4674/4674/4145 4673/4673/4144 3416/3416/3052
f 4672/4672/3056 3493/3493/3127 3490/3491/3125
f 3416/3416/3052 3418/3418/3054 4674/4674/4145
f 4675/4675/4146 4677/4676/4146 4676/4677/4147
f 4675/4675/4146 4678/4678/4147 4677/4676/4146
f 4679/4679/4148 4681/4680/4148 4680/4681/4149
f 4682/4682/4149 4681/4680/4148 4679/4679/4148
f 4683/4683/4150 4685/4684/4151 4684/4685/4151
f 4684/4685/4151 4685/4684/4151 4686/4686/4150
f 4687/4687/4152 4689/4688/4153 4688/4689/4154
f 4688/4689/4154 4690/4690/4155 4687/4687/4152
f 4687/4687/4152 4690/4690/4155 4691/4691/4156
f 4687/4687/4152 4691/4691/4156 4692/4692/4157
f 4692/4692/4157 4691/4691/4156 4693/4693/4158
f 4692/4692/4157 4693/4693/4158 4694/4694/4159
f 4694/4694/4159 4693/4693/4158 4695/4695/4160
f 4694/4694/4159 4695/4695/4160 4696/4696/4161
f 4688/4689/4154 4689/4688/4153 4697/4697/4162
f 4698/4698/4163 4700/4699/4164 4699/4700/4165
f 4698/4698/4163 4699/4700/4165 4701/4701/4166
f 4702/4702/4167 4704/4703/4168 4703/4704/4169
f 4704/4703/4168 4702/4702/4167 4705/4705/4170
f 4706/4706/4171 4703/4704/4169 4704/4703/4168
f 4705/4705/4170 4707/4707/4172 4704/4703/4168
f 4708/4708/4173 4703/4704/4169 4706/4706/4171
f 4709/4709/4174 4708/4708/4173 4706/4706/4171
f 4710/4710/4175 4708/4708/4173 4709/4709/4174
f 4709/4709/4174 4711/4711/4176 4710/4710/4175
f 4710/4710/4175 4711/4711/4176 4712/4712/4177
f 4713/4713/4178 4712/4712/4177 4711/4711/4176
f 4713/4713/4178 4714/4714/4179 4712/4712/4177
f 4710/4710/4175 4712/4712/4177 4715/4715/4180
f 4710/4710/4175 4716/4716/4181 4708/4708/4173
f 4708/4708/4173 4716/4716/4181 4703/4704/4169
f 4717/4717/4182 4714/4714/4179 4713/4713/4178
f 4717/4717/4182 4713/4713/4178 4718/4718/4183
f 4717/4717/4182 4718/4718/4183 4719/4719/4184
f 4719/4719/4184 4718/4718/4183 4720/4720/4185
f 4719/4719/4184 4720/4720/4185 4721/4721/4186
f 4722/4722/4187 4721/4721/4186 4720/4720/4185
f 4719/4719/4184 4723/4723/4188 4717/4717/4182
f 4719/4719/4184 4721/4721/4186 4724/4724/4189
f 4725/4725/4190 4721/4721/4186 4722/4722/4187
f 4724/4724/4189 4721/4721/4186 4725/4725/4190
f 4725/4725/4190 4722/4722/4187 4726/4726/4191
f 4726/4726/4191 4727/4727/4192 4725/4725/4190
f 4726/4726/4191 4728/4728/4193 4727/4727/4192
f 4726/4726/4191 4729/4729/4194 4728/4728/4193
f 4730/4730/4195 4732/4731/4196 4731/4732/4197
f 4733/4733/4198 4730/4730/4195 4731/4732/4197
f 4734/4734/3581 4736/4735/3581 4735/4736/4199
f 4737/4737/4199 4736/4735/3581 4734/4734/3581
f 4738/4738/3765 4740/4739/4200 4739/4740/4201
f 4738/4738/3765 4741/4741/4202 4740/4739/4200
f 4740/4739/4200 4741/4741/4202 4742/4742/4203
f 4741/4741/4202 4743/4743/4204 4742/4742/4203
f 4742/4742/4203 4743/4743/4204 4395/4395/3914
f 4740/4739/4200 4744/4744/4205 4739/4740/4201
f 4745/4745/4206 4744/4744/4205 4740/4739/4200
f 4746/4746/4207 4744/4744/4205 4745/4745/4206
f 4746/4746/4207 4745/4745/4206 4405/4405/3924
f 4395/4395/3914 4743/4743/4204 4394/4394/3913
f 4746/4746/4207 4405/4405/3924 4404/4404/3923
f 4738/4738/3765 4739/4740/4201 4747/4747/3760
f 4747/4747/3760 4739/4740/4201 4748/4748/3505
f 4747/4747/3760 4748/4748/3505 4391/4392/3911
f 4391/4392/3911 4748/4748/3505 4400/4400/3919
f 4749/4749/4208 4751/4750/4209 4750/4751/4210
f 4752/4752/4211 4749/4749/4208 4750/4751/4210
f 4753/4753/4212 4749/4749/4208 4752/4752/4211
f 4753/4753/4212 4754/4754/4213 4749/4749/4208
f 4754/4754/4213 4751/4750/4209 4749/4749/4208
f 4755/4755/4214 4754/4754/4213 4753/4753/4212
f 4755/4755/4214 4756/4756/4215 4754/4754/4213
f 4754/4754/4213 4756/4756/4215 4751/4750/4209
f 4757/4757/4216 4759/4758/4217 4758/4759/4217
f 4760/4760/4216 4758/4759/4217 4759/4758/4217
f 4761/4761/4218 4763/4762/4219 4762/4763/4220
f 4761/4761/4218 4764/4764/4221 4763/4762/4219
f 4763/4762/4219 4764/4764/4221 4765/4765/4222
f 4763/4762/4219 4765/4765/4222 4766/4766/4223
f 4762/4763/4220 4763/4762/4219 4766/4766/4223
f 4766/4766/4223 4765/4765/4222 4767/4767/4224
f 4766/4766/4223 4767/4767/4224 4768/4768/4225
f 4762/4763/4220 4766/4766/4223 4768/4768/4225
f 4769/4769/4226 4771/4770/4227 4770/4771/4228
f 4769/4769/4226 4770/4771/4228 4772/4772/4229
f 4773/4773/4230 4771/4770/4227 4769/4769/4226
f 4773/4773/4230 4769/4769/4226 4774/4774/4231
f 4775/4775/4232 4772/4772/4229 4770/4771/4228
f 4775/4775/4232 4776/4776/4233 4772/4772/4229
f 4771/4770/4227 4773/4773/4230 4777/4777/4234
f 4771/4770/4227 4777/4777/4234 4778/4778/4235
f 4778/4778/4235 4777/4777/4234 4779/4779/4236
f 4779/4779/4236 4777/4777/4234 4780/4780/4237
f 4779/4779/4236 4780/4780/4237 4781/4781/4238
f 4779/4779/4236 4781/4781/4238 4782/4782/4239
f 4783/4783/4240 4785/4784/4241 4784/4785/4242
f 4784/4785/4242 4785/4784/4241 4786/4786/4242
f 4783/4783/4240 4787/4787/4243 4785/4784/4241
f 4788/4788/4244 4787/4787/4243 4783/4783/4240
f 4788/4788/4244 4789/4789/4245 4787/4787/4243
f 4790/4790/4246 4789/4789/4245 4788/4788/4244
f 4790/4790/4246 4791/4791/4247 4789/4789/4245
f 4792/4792/4248 4791/4791/4247 4790/4790/4246
f 4792/4792/4248 4793/4793/4249 4791/4791/4247
f 4784/4785/4242 4786/4786/4242 4794/4794/4250
f 4794/4794/4250 4786/4786/4242 4795/4795/4251
f 4794/4794/4250 4795/4795/4251 4796/4796/4252
f 4796/4796/4252 4795/4795/4251 4797/4797/4253
f 4796/4796/4252 4797/4797/4253 4798/4798/4254
f 4798/4798/4254 4797/4797/4253 4799/4799/4255
f 4798/4798/4254 4799/4799/4255 4800/4800/4256
f 4800/4800/4256 4799/4799/4255 4801/4801/4257
f 4800/4800/4256 4801/4801/4257 4802/4802/4258
f 4802/4802/4258 4801/4801/4257 4803/4803/4259
f 4804/4804/4260 4793/4793/4249 4792/4792/4248
f 4804/4804/4260 4805/4805/4261 4793/4793/4249
f 4806/4806/4262 4805/4805/4261 4804/4804/4260
f 4806/4806/4262 4803/4803/4259 4805/4805/4261
f 4802/4802/4258 4803/4803/4259 4806/4806/4262
f 4807/4807/3525 4809/4808/3525 4808/4809/3520
f 4808/4809/3520 4809/4808/3525 4810/4810/3520
f 4808/4809/3520 4810/4810/3520 4811/4811/3137
f 4812/4812/3523 4809/4808/3525 4807/4807/3525
f 4812/4812/3523 4813/4813/3900 4809/4808/3525
f 4814/4814/3522 4813/4813/3900 4812/4812/3523
f 4811/4811/3137 4810/4810/3520 4815/4815/3521
f 4811/4811/3137 4815/4815/3521 4816/4816/3513
f 4816/4816/3513 4815/4815/3521 4817/4817/3513
f 4816/4816/3513 4817/4817/3513 4818/4818/3522
f 4816/4816/3513 4818/4818/3522 4819/4819/3522
f 4819/4819/3522 4818/4818/3522 4820/4820/3523
f 4819/4819/3522 4820/4820/3523 4821/4821/3523
f 4821/4821/3523 4820/4820/3523 4822/4822/3525
f 4822/4822/3525 4823/4823/3525 4821/4821/3523
f 4822/4822/3525 4824/4824/3520 4823/4823/3525
f 4825/4825/3520 4824/4824/3520 4822/4822/3525
f 4825/4825/3520 4826/4826/3521 4824/4824/3520
f 4827/4827/3137 4826/4826/3521 4825/4825/3520
f 4827/4827/3137 4828/4828/3513 4826/4826/3521
f 4828/4828/3513 4829/4829/3522 4814/4814/3522
f 4828/4828/3513 4830/4830/3513 4829/4829/3522
f 4827/4827/3137 4830/4830/3513 4828/4828/3513
f 4814/4814/3522 4829/4829/3522 4813/4813/3900
f 4831/4831/4263 4833/4832/4264 4832/4833/4265
f 4831/4831/4263 4832/4833/4265 4834/4834/4266
f 4835/4835/4267 4837/4836/4268 4836/4837/4269
f 4838/4838/4270 4837/4836/4268 4835/4835/4267
f 4839/4839/4271 4841/4840/4272 4840/4841/4272
f 4840/4841/4272 4841/4840/4272 4842/4842/4271
f 4843/4843/4273 4845/4844/4274 4844/4845/4275
f 4846/4846/4276 4845/4844/4274 4843/4843/4273
f 4843/4843/4273 4844/4845/4275 4847/4847/4277
f 4847/4847/4277 4844/4845/4275 4848/4848/4278
f 4849/4849/4279 4847/4847/4277 4848/4848/4278
f 4850/4850/4280 4847/4847/4277 4849/4849/4279
f 4846/4846/4276 4843/4843/4273 4850/4850/4280
f 4850/4850/4280 4843/4843/4273 4847/4847/4277
f 4851/4851/4281 4853/4852/4282 4852/4853/4283
f 4854/4854/4284 4853/4852/4282 4851/4851/4281
f 4854/4854/4284 4855/4855/4285 4853/4852/4282
f 4854/4854/4284 4856/4856/4286 4855/4855/4285
f 4857/4857/4287 4856/4856/4286 4854/4854/4284
f 4854/4854/4284 4858/4858/4288 4857/4857/4287
f 4857/4857/4287 4858/4858/4288 4859/4859/4289
f 4860/4860/4290 4862/4861/4291 4861/4862/4292
f 4863/4863/4293 4862/4861/4291 4860/4860/4290
f 4860/4860/4290 4864/4864/4294 4863/4863/4293
f 4860/4860/4290 4861/4862/4292 4865/4865/4295
f 4863/4863/4293 4864/4864/4294 4866/4866/4296
f 4863/4863/4293 4866/4866/4296 4867/4867/4297
f 4867/4867/4297 4866/4866/4296 4868/4868/4298
f 4865/4865/4295 4861/4862/4292 4869/4869/4299
f 4865/4865/4295 4869/4869/4299 4870/4870/4300
f 4868/4868/4298 4866/4866/4296 4871/4871/4301
f 4872/4872/4302 4874/4873/4303 4873/4874/4302
f 4872/4872/4302 4873/4874/4302 4875/4875/4303
f 4876/4876/4304 4878/4877/4305 4877/4878/4306
f 4877/4878/4306 4879/4879/4307 4876/4876/4304
f 4877/4878/4306 4880/4880/4308 4879/4879/4307
f 4881/4881/4309 4883/4882/3013 4882/4883/3013
f 4884/4884/4310 4883/4882/3013 4881/4881/4309
f 4882/4883/3013 4885/4885/4311 4881/4881/4309
f 4882/4883/3013 3369/3370/3012 4885/4885/4311
f 3368/3368/3010 3369/3370/3012 4882/4883/3013
f 4886/4886/4312 4888/4887/4313 4887/4888/4314
f 4889/4889/4315 4888/4887/4313 4886/4886/4312
f 4890/4890/4316 4888/4887/4313 4889/4889/4315
f 4890/4890/4316 4891/4891/4317 4888/4887/4313
f 4892/4892/4318 4891/4891/4317 4890/4890/4316
f 4892/4892/4318 4893/4893/4319 4891/4891/4317
f 4894/4894/4320 4893/4893/4319 4892/4892/4318
f 4894/4894/4320 4895/4895/4321 4893/4893/4319
f 4896/4896/4322 4895/4895/4321 4894/4894/4320
f 4896/4896/4322 4897/4897/4323 4895/4895/4321
f 4898/4898/4324 4897/4897/4323 4896/4896/4322
f 4896/4896/4322 4899/4899/4325 4898/4898/4324
f 4899/4899/4325 4900/4900/4326 4898/4898/4324
f 4901/4901/4327 4900/4900/4326 4899/4899/4325
f 4901/4901/4327 4902/4902/4328 4900/4900/4326
f 4903/4903/4329 4902/4902/4328 4901/4901/4327
f 4904/4904/4330 4902/4902/4328 4903/4903/4329
f 4904/4904/4330 4905/4905/4331 4902/4902/4328
f 4906/4906/4332 4905/4905/4331 4904/4904/4330
f 4906/4906/4332 4907/4907/4333 4905/4905/4331
f 4907/4907/4333 4908/4908/4334 4905/4905/4331
f 4908/4908/4334 4909/4909/4335 4905/4905/4331
f 4908/4908/4334 4910/4910/4336 4909/4909/4335
f 4911/4911/4337 4910/4910/4336 4908/4908/4334
f 4911/4911/4337 4912/4912/4338 4910/4910/4336
f 4913/4913/4339 4912/4912/4338 4911/4911/4337
f 4914/4914/4340 4916/4915/4341 4915/4916/4342
f 4915/4916/4342 4916/4915/4341 4917/4917/4251
f 4914/4914/4340 4918/4918/4343 4916/4915/4341
f 4915/4916/4342 4917/4917/4251 4919/4919/4344
f 4919/4919/4344 4917/4917/4251 4920/4920/4253
f 4919/4919/4344 4920/4920/4253 4921/4921/4254
f 4921/4921/4254 4920/4920/4253 4922/4922/4255
f 4921/4921/4254 4922/4922/4255 4923/4923/4345
f 4923/4923/4345 4922/4922/4255 4924/4924/4345
f 4923/4923/4345 4924/4924/4345 4925/4925/4346
f 4925/4925/4346 4924/4924/4345 4926/4926/4347
f 4925/4925/4346 4926/4926/4347 4927/4927/4348
f 4927/4927/4348 4926/4926/4347 4928/4928/4349
f 4927/4927/4348 4928/4928/4349 4929/4929/4350
f 4929/4929/4350 4928/4928/4349 4930/4930/4351
f 4929/4929/4350 4930/4930/4351 4931/4931/4352
f 4931/4931/4352 4930/4930/4351 4932/4932/4353
f 4931/4931/4352 4932/4932/4353 4933/4933/4354
f 4933/4933/4354 4932/4932/4353 4934/4934/4354
f 4933/4933/4354 4934/4934/4354 4935/4935/4355
f 4935/4935/4355 4934/4934/4354 4936/4936/4356
f 4935/4935/4355 4936/4936/4356 4937/4937/4357
f 4937/4937/4357 4936/4936/4356 4918/4918/4343
f 4937/4937/4357 4918/4918/4343 4914/4914/4340
f 4938/4938/4358 4940/4939/4359 4939/4940/4360
f 4939/4940/4360 4940/4939/4359 4941/4941/4361
f 4942/4942/3520 4944/4943/3525 4943/4944/3520
f 4945/4945/3525 4944/4943/3525 4942/4942/3520
f 4946/4946/3523 4944/4943/3525 4945/4945/3525
f 4942/4942/3520 4943/4944/3520 4947/4947/3521
f 4947/4947/3521 4943/4944/3520 4948/4948/3521
f 4947/4947/3521 4948/4948/3521 4949/4949/3513
f 4946/4946/3523 4950/4950/3523 4944/4943/3525
f 4951/4951/3522 4950/4950/3523 4946/4946/3523
f 4951/4951/3522 4952/4952/3522 4950/4950/3523
f 4953/4953/3513 4952/4952/3522 4951/4951/3522
f 4953/4953/3513 4954/4954/3513 4952/4952/3522
f 4955/4955/3521 4954/4954/3513 4953/4953/3513
f 4955/4955/3521 4953/4953/3513 4956/4956/3521
f 4955/4955/3521 4956/4956/3521 4957/4957/3520
f 4957/4957/3520 4956/4956/3521 4958/4958/3520
f 4957/4957/3520 4958/4958/3520 4959/4959/3525
f 4959/4959/3525 4958/4958/3520 4960/4960/3525
f 4959/4959/3525 4960/4960/3525 4961/4961/3900
f 4961/4961/3900 4962/4962/3900 4959/4959/3525
f 4963/4963/3718 4962/4962/3900 4961/4961/3900
f 4949/4949/3513 4964/4964/3522 4963/4963/3718
f 4963/4963/3718 4964/4964/3522 4962/4962/3900
f 4949/4949/3513 4965/4965/3513 4964/4964/3522
f 4949/4949/3513 4948/4948/3521 4965/4965/3513
f 4966/4966/4362 4968/4967/4363 4967/4968/4364
f 4966/4966/4362 4967/4968/4364 4969/4969/4365
f 4970/4970/4366 4968/4967/4363 4966/4966/4362
f 4970/4970/4366 4966/4966/4362 4971/4971/4367
f 4972/4972/4368 4969/4969/4365 4967/4968/4364
f 4972/4972/4368 4973/4973/4369 4969/4969/4365
f 4968/4967/4363 4970/4970/4366 4974/4974/4370
f 4968/4967/4363 4974/4974/4370 4975/4975/4371
f 4975/4975/4371 4974/4974/4370 4976/4976/4372
f 4976/4976/4372 4974/4974/4370 4977/4977/4373
f 4976/4976/4372 4977/4977/4373 4978/4978/4374
f 4976/4976/4372 4978/4978/4374 4979/4979/4375
f 4980/4980/4054 4982/4981/4054 4981/4982/4055
f 4983/4983/4055 4982/4981/4054 4980/4980/4054
f 4984/4984/4376 4986/4985/4377 4985/4986/4378
f 4985/4986/4378 4986/4985/4377 4987/4987/4379
f 4985/4986/4378 4987/4987/4379 4988/4988/4380
f 4985/4986/4378 4988/4988/4380 4989/4989/4381
f 4990/4990/4382 4992/4991/4383 4991/4992/4384
f 4991/4992/4384 4992/4991/4383 4993/4993/4385
f 4990/4990/4382 4994/4994/4386 4992/4991/4383
f 4995/4995/4387 4994/4994/4386 4990/4990/4382
f 4990/4990/4382 4996/4996/4388 4995/4995/4387
f 4995/4995/4387 4996/4996/4388 4997/4997/4389
f 4995/4995/4387 4997/4997/4389 4998/4998/4390
f 4993/4993/4385 4992/4991/4383 4999/4999/4391
f 5000/5000/4392 5002/5001/4393 5001/5002/4394
f 5002/5001/4393 5003/5003/4395 5001/5002/4394
f 5002/5001/4393 5004/5004/4396 5003/5003/4395
f 5005/5005/4397 5004/5004/4396 5002/5001/4393
f 5005/5005/4397 5006/5006/4398 5004/5004/4396
f 5007/5007/4399 5006/5006/4398 5005/5005/4397
f 5008/5008/4400 5010/5009/4401 5009/5010/4402
f 5009/5010/4402 5010/5009/4401 5011/5011/4403
f 5009/5010/4402 5011/5011/4403 5012/5012/4404
f 5012/5012/4404 5011/5011/4403 5013/5013/4405
f 5008/5008/4400 5014/5014/4406 5010/5009/4401
f 5015/5015/4407 5014/5014/4406 5008/5008/4400
f 5015/5015/4407 5016/5016/4408 5014/5014/4406
f 5017/5017/4409 5016/5016/4408 5015/5015/4407
f 5012/5012/4404 5013/5013/4405 5018/5018/4410
f 5018/5018/4410 5013/5013/4405 5019/5019/4411
f 5018/5018/4410 5019/5019/4411 5020/5020/4412
f 5020/5020/4412 5019/5019/4411 5021/5021/4413
f 5022/5022/4414 5024/5023/4415 5023/5024/4415
f 5023/5024/4415 5024/5023/4415 5025/5025/4414
f 5026/5026/4416 5028/5027/4416 5027/5028/4417
f 5026/5026/4416 5029/5029/4417 5028/5027/4416
f 5030/5030/4418 5032/5031/4419 5031/5032/4419
f 5031/5032/4419 5032/5031/4419 5033/5033/4418
f 5034/5034/4420 5036/5035/4421 5035/5036/4421
f 5035/5036/4421 5036/5035/4421 5037/5037/4420
f 5038/5038/4422 5040/5039/4423 5039/5040/4424
f 5040/5039/4423 5041/5041/4425 5039/5040/4424
f 5040/5039/4423 5042/5042/4426 5041/5041/4425
f 5043/5043/4427 5042/5042/4426 5040/5039/4423
f 5043/5043/4427 5044/5044/4428 5042/5042/4426
f 5045/5045/4429 5044/5044/4428 5043/5043/4427
f 5046/5046/4430 5048/5047/4431 5047/5048/4432
f 5047/5048/4432 5048/5047/4431 5049/5049/4433
f 5047/5048/4432 5049/5049/4433 5050/5050/4434
f 5050/5050/4434 5049/5049/4433 5051/5051/4435
f 5046/5046/4430 5052/5052/4436 5048/5047/4431
f 5053/5053/4437 5052/5052/4436 5046/5046/4430
f 5053/5053/4437 5054/5054/4438 5052/5052/4436
f 5055/5055/4439 5054/5054/4438 5053/5053/4437
f 5050/5050/4434 5051/5051/4435 5056/5056/4440
f 5056/5056/4440 5051/5051/4435 5057/5057/4441
f 5056/5056/4440 5057/5057/4441 5058/5058/4442
f 5058/5058/4442 5057/5057/4441 5059/5059/4443
f 5060/5060/4444 5062/5061/4445 5061/5062/4446
f 5063/5063/4447 5062/5061/4445 5060/5060/4444
f 5064/5064/4448 5066/5065/4449 5065/5066/4450
f 5067/5067/4451 5066/5065/4449 5064/5064/4448
f 5064/5064/4448 5065/5066/4450 5068/5068/4452
f 5064/5064/4448 5068/5068/4452 5069/5069/4453
f 5069/5069/4453 5068/5068/4452 5070/5070/4454
f 5069/5069/4453 5070/5070/4454 5071/5071/4455
f 5071/5071/4455 5070/5070/4454 5072/5072/4456
f 5071/5071/4455 5072/5072/4456 5073/5073/4457
f 5074/5074/4458 5073/5073/4457 5072/5072/4456
f 5074/5074/4458 5075/5075/4459 5073/5073/4457
f 5076/5076/4460 5075/5075/4459 5074/5074/4458
f 5076/5076/4460 5077/5077/4461 5075/5075/4459
f 5078/5078/4462 5077/5077/4461 5076/5076/4460
f 5078/5078/4462 5079/5079/4463 5077/5077/4461
f 5080/5080/4464 5079/5079/4463 5078/5078/4462
f 5078/5078/4462 5081/5081/4465 5080/5080/4464
f 5080/5080/4464 5081/5081/4465 5082/5082/4466
f 5082/5082/4466 5081/5081/4465 5083/5083/4467
f 5083/5083/4467 5081/5081/4465 5084/5084/4468
f 5084/5084/4468 5081/5081/4465 5085/5085/4469
f 5085/5085/4469 5081/5081/4465 5086/5086/4470
f 5086/5086/4470 5081/5081/4465 5087/5087/4471
f 5088/5088/4472 5086/5086/4470 5087/5087/4471
f 5087/5087/4471 5089/5089/4473 5088/5088/4472
f 5088/5088/4472 5089/5089/4473 5090/5090/4474
f 5088/5088/4472 5090/5090/4474 5091/5091/4475
f 5091/5091/4475 5090/5090/4474 5092/5092/4476
f 5091/5091/4475 5092/5092/4476 5093/5093/4477
f 5093/5093/4477 5092/5092/4476 5094/5094/4478
f 5093/5093/4477 5094/5094/4478 5095/5095/4479
f 5095/5095/4479 5094/5094/4478 5096/5096/4480
f 5095/5095/4479 5096/5096/4480 5097/5097/4481
f 5097/5097/4481 5096/5096/4480 5098/5098/4482
f 5098/5098/4482 5096/5096/4480 5099/5099/4483
f 5099/5099/4483 5100/5100/4484 5098/5098/4482
f 5099/5099/4483 5101/5101/4485 5100/5100/4484
f 5099/5099/4483 5102/5102/4486 5101/5101/4485
f 5099/5099/4483 5103/5103/4487 5102/5102/4486
f 5104/5104/4488 5103/5103/4487 5099/5099/4483
f 5104/5104/4488 5099/5099/4483 5105/5105/4489
f 5105/5105/4489 5099/5099/4483 5106/5106/4490
f 5107/5107/4491 5109/5108/4492 5108/5109/4492
f 5108/5109/4492 5109/5108/4492 5110/5110/4491
f 5111/5111/4493 5113/5112/4493 5112/5113/4494
f 5114/5114/4494 5113/5112/4493 5111/5111/4493
f 5115/5115/3521 5117/5116/3513 5116/5117/3522
f 5115/5115/3521 5116/5117/3522 5118/5118/3520
f 5118/5118/3520 5116/5117/3522 5119/5119/3523
f 5118/5118/3520 5119/5119/3523 5120/5120/3525
f 5120/5120/3525 5119/5119/3523 5121/5121/3525
f 5120/5120/3525 5121/5121/3525 5122/5122/3520
f 5120/5120/3525 5122/5122/3520 5123/5123/3900
f 5123/5123/3900 5122/5122/3520 5124/5124/3521
f 5123/5123/3900 5124/5124/3521 5125/5125/3522
f 5125/5125/3522 5124/5124/3521 5126/5126/3513
f 5127/5127/4495 5129/5128/4496 5128/5129/4496
f 5128/5129/4496 5129/5128/4496 5130/5130/4495
f 5131/5131/4497 5133/5132/4498 5132/5133/4498
f 5132/5133/4498 5133/5132/4498 5134/5134/4497
f 5135/5135/4499 5137/5136/4500 5136/5137/4501
f 5138/5138/4502 5137/5136/4500 5135/5135/4499
f 5139/5139/4503 5141/5140/4504 5140/5141/4505
f 5139/5139/4503 5142/5142/4506 5141/5140/4504
f 5143/5143/4507 5142/5142/4506 5139/5139/4503
f 5139/5139/4503 5140/5141/4505 5144/5144/4508
f 5145/5145/4509 5147/5146/3523 5146/5147/4510
f 5145/5145/4509 5148/5148/4511 5147/5146/3523
f 5145/5145/4509 5149/5149/4512 5148/5148/4511
f 5150/5150/4513 5149/5149/4512 5145/5145/4509
f 5150/5150/4513 5151/5151/4514 5149/5149/4512
f 5152/5152/4515 5145/5145/4509 5146/5147/4510
f 5148/5148/4511 5153/5153/4516 5147/5146/3523
f 5148/5148/4511 5154/5154/4517 5153/5153/4516
f 5155/5155/4518 5157/5156/4519 5156/5157/4520
f 5155/5155/4518 5158/5158/4521 5157/5156/4519
f 5159/5159/4522 5158/5158/4521 5155/5155/4518
f 5155/5155/4518 5156/5157/4520 5160/5160/4523
f 5161/5161/4524 5163/5162/4525 5162/5163/4526
f 5164/5164/4527 5163/5162/4525 5161/5161/4524
f 5165/5165/3013 5167/5166/4528 5166/5167/3016
f 5167/5166/4528 5168/5168/3015 5166/5167/3016
f 5169/5169/3013 5168/5168/3015 5167/5166/4528
f 5165/5165/3013 5166/5167/3016 5170/5170/3013
f 5170/5170/3013 5166/5167/3016 5171/5171/3013
f 5170/5170/3013 5171/5171/3013 5172/5172/3010
f 5173/5173/4529 5175/5174/4530 5174/5175/4531
f 5176/5176/4532 5175/5174/4530 5173/5173/4529
f 5177/5177/4533 5179/5178/4534 5178/5179/4535
f 5180/5180/4536 5179/5178/4534 5177/5177/4533
f 5181/5181/4537 5183/5182/4538 5182/5183/4539
f 5184/5184/4540 5183/5182/4538 5181/5181/4537
f 5185/5185/4541 5187/5186/4542 5186/5187/4543
f 5188/5188/4492 5190/5189/4492 5189/5190/4491
f 5191/5191/4491 5190/5189/4492 5188/5188/4492
f 5192/5192/4544 5194/5193/4545 5193/5194/4546
f 5192/5192/4544 5195/5195/4547 5194/5193/4545
f 5193/5194/4546 5196/5196/4548 5192/5192/4544
f 5195/5195/4547 5197/5197/4549 5194/5193/4545
f 5198/5198/3159 5200/5199/3052 5199/5200/3052
f 5199/5200/3052 5200/5199/3052 5201/5201/3159
f 5202/5202/4550 5204/5203/4551 5203/5204/4552
f 5205/5205/4553 5204/5203/4551 5202/5202/4550
f 5202/5202/4550 5203/5204/4552 5206/5206/4554
f 5202/5202/4550 5206/5206/4554 5207/5207/4555
f 5207/5207/4555 5206/5206/4554 5208/5208/4556
f 5207/5207/4555 5208/5208/4556 5209/5209/4557
f 5209/5209/4557 5208/5208/4556 5210/5210/4558
f 5209/5209/4557 5210/5210/4558 5211/5211/4559
f 5212/5212/4560 5211/5211/4559 5210/5210/4558
f 5212/5212/4560 5213/5213/4561 5211/5211/4559
f 5214/5214/4562 5213/5213/4561 5212/5212/4560
f 5214/5214/4562 5215/5215/4563 5213/5213/4561
f 5216/5216/4564 5215/5215/4563 5214/5214/4562
f 5216/5216/4564 5217/5217/4565 5215/5215/4563
f 5218/5218/4566 5217/5217/4565 5216/5216/4564
f 5216/5216/4564 5219/5219/4567 5218/5218/4566
f 5218/5218/4566 5219/5219/4567 5220/5220/4568
f 5220/5220/4568 5219/5219/4567 5221/5221/4569
f 5221/5221/4569 5219/5219/4567 5222/5222/4570
f 5222/5222/4570 5219/5219/4567 5223/5223/4571
f 5223/5223/4571 5219/5219/4567 5224/5224/4572
f 5224/5224/4572 5219/5219/4567 5225/5225/4573
f 5226/5226/4574 5224/5224/4572 5225/5225/4573
f 5225/5225/4573 5227/5227/4575 5226/5226/4574
f 5226/5226/4574 5227/5227/4575 5228/5228/4576
f 5226/5226/4574 5228/5228/4576 5229/5229/4577
f 5229/5229/4577 5228/5228/4576 5230/5230/4578
f 5229/5229/4577 5230/5230/4578 5231/5231/4579
f 5231/5231/4579 5230/5230/4578 5232/5232/4580
f 5231/5231/4579 5232/5232/4580 5233/5233/4581
f 5233/5233/4581 5232/5232/4580 5234/5234/4582
f 5233/5233/4581 5234/5234/4582 5235/5235/4583
f 5235/5235/4583 5234/5234/4582 5236/5236/4584
f 5236/5236/4584 5234/5234/4582 5237/5237/4585
f 5237/5237/4585 5238/5238/4586 5236/5236/4584
f 5237/5237/4585 5239/5239/4587 5238/5238/4586
f 5237/5237/4585 5240/5240/4588 5239/5239/4587
f 5237/5237/4585 5241/5241/4589 5240/5240/4588
f 5242/5242/4590 5241/5241/4589 5237/5237/4585
f 5243/5243/4591 5242/5242/4590 5237/5237/4585
f 5243/5243/4591 5237/5237/4585 5244/5244/4592
f 5245/5245/4593 5242/5242/4590 5243/5243/4591
f 5246/5246/4594 5248/5247/4595 5247/5248/4596
f 5246/5246/4594 5247/5248/4596 5249/5249/4597
f 5249/5249/4597 5250/5250/4598 5246/5246/4594
f 5246/5246/4594 5250/5250/4598 5251/5251/4599
f 5249/5249/4597 5247/5248/4596 5252/5252/4600
f 5249/5249/4597 5253/5253/4601 5250/5250/4598
f 5253/5253/4601 5254/5254/4602 5250/5250/4598
f 5250/5250/4598 5254/5254/4602 5255/5255/4603
f 5250/5250/4598 5255/5255/4603 5256/5256/4604
f 5257/5257/4605 5250/5250/4598 5256/5256/4604
f 5250/5250/4598 5257/5257/4605 5258/5258/4606
f 5250/5250/4598 5258/5258/4606 5259/5259/4607
f 5259/5259/4607 5258/5258/4606 5260/5260/4608
f 5260/5260/4608 5261/5261/4609 5259/5259/4607
f 5260/5260/4608 5262/5262/4610 5261/5261/4609
f 5260/5260/4608 5258/5258/4606 5262/5262/4610
f 5262/5262/4610 5258/5258/4606 5257/5257/4605
f 5263/5263/3521 5265/5264/3522 5264/5265/3520
f 5264/5265/3520 5265/5264/3522 5266/5266/3523
f 5263/5263/3521 5267/5267/3513 5265/5264/3522
f 5268/5268/3513 5267/5267/3513 5263/5263/3521
f 5268/5268/3513 5269/5269/3521 5267/5267/3513
f 5270/5270/3718 5269/5269/3521 5268/5268/3513
f 5270/5270/3718 5271/5271/3520 5269/5269/3521
f 5272/5272/3523 5271/5271/3520 5270/5270/3718
f 5264/5265/3520 5266/5266/3523 5273/5273/3525
f 5272/5272/3523 5274/5274/3525 5271/5271/3520
f 5275/5275/3200 5277/5276/4611 5276/5277/3176
f 5276/5277/3176 5278/5278/4612 5275/5275/3200
f 5275/5275/3200 5278/5278/4612 5279/5279/3715
f 5275/5275/3200 5279/5279/3715 5280/5280/4613
f 5281/5281/3056 5278/5278/4612 5276/5277/3176
f 5281/5281/3056 5282/5282/4614 5278/5278/4612
f 5281/5281/3056 5283/5283/3466 5282/5282/4614
f 5277/5276/4611 5284/5284/4615 5276/5277/3176
f 5277/5276/4611 5285/5285/4616 5284/5284/4615
f 5286/5286/4617 5285/5285/4616 5277/5276/4611
f 5278/5278/4612 5287/5287/3219 5279/5279/3715
f 5288/5288/4618 5287/5287/3219 5278/5278/4612
f 5275/5275/3200 5280/5280/4613 5289/5289/4619
f 5288/5288/4618 5290/5290/4620 5287/5287/3219
f 5282/5282/4614 5283/5283/3466 5291/5291/4621
f 5292/5292/4622 5294/5293/4623 5293/5294/4624
f 5295/5295/4625 5294/5293/4623 5292/5292/4622
f 5295/5295/4625 5296/5296/4626 5294/5293/4623
f 5297/5297/4627 5296/5296/4626 5295/5295/4625
f 5298/5298/4628 5297/5297/4627 5295/5295/4625
f 5299/5299/4629 5297/5297/4627 5298/5298/4628
f 5300/5300/4630 5302/5301/4631 5301/5302/4631
f 5301/5302/4631 5302/5301/4631 5303/5303/4630
f 5304/5304/4632 5306/5305/4633 5305/5306/4634
f 5307/5307/4635 5306/5305/4633 5304/5304/4632
f 5308/5308/4636 5310/5309/4637 5309/5310/4638
f 5311/5311/4639 5310/5309/4637 5308/5308/4636
f 5312/5312/3080 5314/5313/4640 5313/5314/3520
f 3419/3419/3055 5312/5312/3080 5313/5314/3520
f 3420/3420/3056 5312/5312/3080 3419/3419/3055
f 5315/5315/4641 5317/5316/4642 5316/5317/4643
f 5315/5315/4641 5316/5317/4643 5318/5318/4644
f 5315/5315/4641 5318/5318/4644 5319/5319/4645
f 5319/5319/4645 5318/5318/4644 5320/5320/4646
f 5321/5321/4647 5317/5316/4642 5315/5315/4641
f 5315/5315/4641 5322/5322/4648 5321/5321/4647
f 5321/5321/4647 5322/5322/4648 5323/5323/4649
f 5324/5324/4650 5326/5325/4651 5325/5326/4652
f 5324/5324/4650 5325/5326/4652 5327/5327/4653
f 5328/5328/4654 5326/5325/4651 5324/5324/4650
f 5324/5324/4650 5327/5327/4653 5329/5329/4655
f 5330/5330/4656 5332/5331/4619 5331/5332/3725
f 5331/5332/3725 5332/5331/4619 3580/3580/3068
f 3580/3580/3068 3581/3581/3072 5331/5332/3725
f 5333/5333/4657 5335/5334/4657 5334/5335/4658
f 5333/5333/4657 5336/5336/4658 5335/5334/4657
f 5337/5337/4659 5339/5338/4660 5338/5339/4661
f 5338/5339/4661 5340/5340/4662 5337/5337/4659
f 5337/5337/4659 5340/5340/4662 5341/5341/4663
f 5337/5337/4659 5341/5341/4663 5342/5342/4664
f 5343/5343/3072 5340/5340/4662 5338/5339/4661
f 5343/5343/3072 5344/5344/4037 5340/5340/4662
f 5343/5343/3072 5345/5345/3069 5344/5344/4037
f 5339/5338/4660 5346/5346/4665 5338/5339/4661
f 5339/5338/4660 5347/5347/4666 5346/5346/4665
f 5348/5348/4667 5347/5347/4666 5339/5338/4660
f 5340/5340/4662 5349/5349/4664 5341/5341/4663
f 5337/5337/4659 5342/5342/4664 5350/5350/4668
f 5344/5344/4037 5345/5345/3069 5351/5351/3220
f 5352/5352/4669 5349/5349/4664 5340/5340/4662
f 5353/5353/4670 5349/5349/4664 5352/5352/4669
f 5353/5353/4670 5354/5354/4671 5349/5349/4664
f 5355/5355/4672 5357/5356/4673 5356/5357/4674
f 5355/5355/4672 5356/5357/4674 5358/5358/4675
f 5359/5359/4676 5357/5356/4673 5355/5355/4672
f 5360/5360/4677 5362/5361/4678 5361/5362/4679
f 5363/5363/4680 5362/5361/4678 5360/5360/4677
f 5360/5360/4677 5361/5362/4679 5364/5364/4681
f 5364/5364/4681 5361/5362/4679 5365/5365/4682
f 5366/5366/4683 5368/5367/4684 5367/5368/4684
f 5367/5368/4684 5368/5367/4684 5369/5369/4683
f 5370/5370/4685 5372/5371/4685 5371/5372/4686
f 5373/5373/4686 5372/5371/4685 5370/5370/4685
f 5374/5374/4687 5376/5375/4688 5375/5376/4689
f 5374/5374/4687 5377/5377/4690 5376/5375/4688
f 5378/5378/4691 5377/5377/4690 5374/5374/4687
f 5378/5378/4691 5379/5379/4692 5377/5377/4690
f 5380/5380/4693 5379/5379/4692 5378/5378/4691
f 5378/5378/4691 5381/5381/4694 5380/5380/4693
f 5380/5380/4693 5381/5381/4694 5382/5382/4695
f 5375/5376/4689 5376/5375/4688 5383/5383/4696
f 5384/5384/4697 5386/5385/4698 5385/5386/4699
f 5384/5384/4697 5385/5386/4699 5387/5387/4700
f 5387/5387/4700 5385/5386/4699 5388/5388/4701
f 5387/5387/4700 5388/5388/4701 5389/5389/4702
f 5389/5389/4702 5388/5388/4701 5390/5390/4703
f 5389/5389/4702 5390/5390/4703 5391/5391/4704
f 5386/5385/4698 5384/5384/4697 5392/5392/4705
f 5392/5392/4705 5384/5384/4697 5393/5393/4706
f 5394/5394/4707 5391/5391/4704 5390/5390/4703
f 5390/5390/4703 5395/5395/4708 5394/5394/4707
f 5394/5394/4707 5395/5395/4708 5396/5396/4709
f 5394/5394/4707 5396/5396/4709 5397/5397/4710
f 5397/5397/4710 5396/5396/4709 5398/5398/4711
f 5397/5397/4710 5398/5398/4711 5399/5399/4712
f 5399/5399/4712 5398/5398/4711 5400/5400/4713
f 5400/5400/4713 5398/5398/4711 5401/5401/4714
f 5401/5401/4714 5398/5398/4711 5402/5402/4715
f 5402/5402/4715 5398/5398/4711 5403/5403/4716
f 5403/5403/4716 5398/5398/4711 5404/5404/4717
f 5405/5405/4718 5403/5403/4716 5404/5404/4717
f 5404/5404/4717 5406/5406/4719 5405/5405/4718
f 5405/5405/4718 5406/5406/4719 5407/5407/4720
f 5405/5405/4718 5407/5407/4720 5408/5408/4721
f 5408/5408/4721 5407/5407/4720 5409/5409/4722
f 5408/5408/4721 5409/5409/4722 5410/5410/4723
f 5410/5410/4723 5409/5409/4722 5411/5411/4724
f 5410/5410/4723 5411/5411/4724 5412/5412/4725
f 5412/5412/4725 5411/5411/4724 5413/5413/4726
f 5412/5412/4725 5413/5413/4726 5414/5414/4727
f 5414/5414/4727 5413/5413/4726 5415/5415/4728
f 5415/5415/4728 5413/5413/4726 5416/5416/4729
f 5416/5416/4729 5417/5417/4730 5415/5415/4728
f 5416/5416/4729 5418/5418/4731 5417/5417/4730
f 5416/5416/4729 5419/5419/4732 5418/5418/4731
f 5416/5416/4729 5420/5420/4733 5419/5419/4732
f 5421/5421/4734 5420/5420/4733 5416/5416/4729
f 5422/5422/4735 5421/5421/4734 5416/5416/4729
f 5422/5422/4735 5416/5416/4729 5423/5423/4736
f 5424/5424/4737 5421/5421/4734 5422/5422/4735
f 5425/5425/4738 5427/5426/4739 5426/5427/4739
f 5426/5427/4739 5427/5426/4739 5428/5428/4738
f 5429/5429/4740 5431/5430/4741 5430/5431/4741
f 5430/5431/4741 5431/5430/4741 5432/5432/4740
f 5433/5433/4742 5435/5434/4743 5434/5435/4744
f 5434/5435/4744 5436/5436/4745 5433/5433/4742
f 5437/5437/4746 5436/5436/4745 5434/5435/4744
f 5433/5433/4742 5436/5436/4745 5438/5438/4747
f 5433/5433/4742 5438/5438/4747 5435/5434/4743
f 5437/5437/4746 5439/5439/4748 5436/5436/4745
f 5438/5438/4747 5436/5436/4745 5439/5439/4748
f 5439/5439/4748 5437/5437/4746 5440/5440/4749
f 5437/5437/4746 5441/5441/4750 5440/5440/4749
f 5437/5437/4746 5442/5442/4751 5441/5441/4750
f 5443/5443/4752 5442/5442/4751 5437/5437/4746
f 5444/5444/4753 5443/5443/4752 5437/5437/4746
f 5444/5444/4753 5437/5437/4746 5445/5445/4754
f 5445/5445/4754 5446/5446/4755 5444/5444/4753
f 5445/5445/4754 5447/5447/4756 5446/5446/4755
f 5445/5445/4754 5437/5437/4746 5448/5448/4757
f 5446/5446/4755 5447/5447/4756 5449/5449/4758
f 5449/5449/4758 5450/5450/4759 5446/5446/4755
f 5451/5451/4760 5453/5452/4761 5452/5453/4762
f 5452/5453/4762 5453/5452/4761 5454/5454/4763
f 5454/5454/4763 5453/5452/4761 5455/5455/4764
f 5456/5456/4765 5455/5455/4764 5453/5452/4761
f 5457/5457/4766 5459/5458/4767 5458/5459/4768
f 5458/5459/4768 5459/5458/4767 5460/5460/4769
f 5460/5460/4769 5459/5458/4767 5461/5461/4770
f 5462/5462/4771 5461/5461/4770 5459/5458/4767
f 5463/5463/4772 5465/5464/4773 5464/5465/4774
f 5464/5465/4774 5466/5466/4775 5463/5463/4772
f 5467/5467/4776 5466/5466/4775 5464/5465/4774
f 5463/5463/4772 5468/5468/4777 5465/5464/4773
f 5463/5463/4772 5466/5466/4775 5468/5468/4777
f 5467/5467/4776 5469/5469/4778 5466/5466/4775
f 5468/5468/4777 5466/5466/4775 5469/5469/4778
f 5469/5469/4778 5467/5467/4776 5470/5470/4779
f 5467/5467/4776 5471/5471/4780 5470/5470/4779
f 5467/5467/4776 5472/5472/4781 5471/5471/4780
f 5473/5473/4782 5472/5472/4781 5467/5467/4776
f 5474/5474/4783 5473/5473/4782 5467/5467/4776
f 5474/5474/4783 5467/5467/4776 5475/5475/4784
f 5475/5475/4784 5476/5476/4785 5474/5474/4783
f 5475/5475/4784 5477/5477/4786 5476/5476/4785
f 5475/5475/4784 5467/5467/4776 5478/5478/4787
f 5476/5476/4785 5477/5477/4786 5479/5479/4788
f 5476/5476/4785 5479/5479/4788 5480/5480/4789
f 5481/5481/4790 5483/5482/4791 5482/5483/4792
f 5484/5484/4793 5481/5481/4790 5482/5483/4792
f 5485/5485/4794 5481/5481/4790 5484/5484/4793
f 5481/5481/4790 5486/5486/4795 5483/5482/4791
f 5487/5487/4796 5486/5486/4795 5481/5481/4790
f 5481/5481/4790 5488/5488/4797 5487/5487/4796
f 5487/5487/4796 5488/5488/4797 5489/5489/4798
f 5490/5490/3776 5492/5491/4799 5491/5492/4800
f 5493/5493/4800 5492/5491/4799 5490/5490/3776
f 5494/5494/3284 5496/5495/3283 5495/5496/3282
f 5495/5496/3282 5496/5495/3283 5497/5497/3285
f 5495/5496/3282 5497/5497/3285 5498/5498/3085
f 5498/5498/3085 5497/5497/3285 5499/5499/3085
f 5498/5498/3085 5499/5499/3085 5500/5500/3280
f 5501/5501/3525 5503/5502/3525 5502/5503/3520
f 5501/5501/3525 5502/5503/3520 5504/5504/3523
f 5501/5501/3525 5505/5505/3523 5503/5502/3525
f 5506/5506/3902 5505/5505/3523 5501/5501/3525
f 5506/5506/3902 5507/5507/3522 5505/5505/3523
f 5508/5508/3521 5507/5507/3522 5506/5506/3902
f 5504/5504/3523 5502/5503/3520 5509/5509/3521
f 5504/5504/3523 5509/5509/3521 5510/5510/3522
f 5508/5508/3521 5511/5511/3513 5507/5507/3522
f 5510/5510/3522 5509/5509/3521 5512/5512/3513
f 5513/5513/4801 5515/5514/4802 5514/5515/4803
f 5516/5516/4804 5515/5514/4802 5513/5513/4801
f 5513/5513/4801 5514/5515/4803 5517/5517/4805
f 5518/5518/4806 5516/5516/4804 5513/5513/4801
f 5518/5518/4806 5519/5519/4807 5516/5516/4804
f 5517/5517/4805 5514/5515/4803 5520/5520/4808
f 5517/5517/4805 5520/5520/4808 5521/5521/4809
f 5517/5517/4805 5521/5521/4809 5522/5522/4810
f 5523/5523/4811 5525/5524/4812 5524/5525/4813
f 5526/5526/4814 5525/5524/4812 5523/5523/4811
f 5525/5524/4812 5527/5527/4815 5524/5525/4813
f 5528/5528/4816 5530/5529/4817 5529/5530/4818
f 5529/5530/4818 5530/5529/4817 5531/5531/4819
f 5531/5531/4819 5530/5529/4817 5532/5532/4820
f 5533/5533/4821 5532/5532/4820 5530/5529/4817
f 5534/5534/4822 5536/5535/4823 5535/5536/4822
f 5534/5534/4822 5535/5536/4822 5537/5537/4823
f 5538/5538/4824 5540/5539/4825 5539/5540/4826
f 5539/5540/4826 5540/5539/4825 5541/5541/4824
f 5542/5542/4827 5544/5543/4827 5543/5544/4828
f 5542/5542/4827 5545/5545/4828 5544/5543/4827
f 5546/5546/4829 5548/5547/4830 5547/5548/4831
f 5546/5546/4829 5547/5548/4831 5549/5549/4832
f 5547/5548/4831 5550/5550/4833 5549/5549/4832
f 5551/5551/4834 5549/5549/4832 5550/5550/4833
f 5552/5552/4835 5549/5549/4832 5551/5551/4834
f 5551/5551/4834 5553/5553/4836 5552/5552/4835
f 5554/5554/4837 5553/5553/4836 5551/5551/4834
f 5551/5551/4834 5555/5555/4838 5554/5554/4837
f 5554/5554/4837 5555/5555/4838 5556/5556/4839
f 5554/5554/4837 5556/5556/4839 5557/5557/4840
f 5557/5557/4840 5556/5556/4839 5558/5558/4841
f 5557/5557/4840 5558/5558/4841 5559/5559/4842
f 5560/5560/4843 5562/5561/4844 5561/5562/4845
f 5561/5562/4845 5562/5561/4844 5563/5563/4846
f 5560/5560/4843 5561/5562/4845 5564/5564/4847
f 5560/5560/4843 5564/5564/4847 5565/5565/4848
f 5566/5566/4849 5568/5567/4850 5567/5568/4851
f 5569/5569/4852 5568/5567/4850 5566/5566/4849
f 5566/5566/4849 5567/5568/4851 5570/5570/4853
f 5571/5571/4854 5568/5567/4850 5569/5569/4852
f 5569/5569/4852 5572/5572/4855 5571/5571/4854
f 5573/5573/4856 5570/5570/4853 5567/5568/4851
f 5574/5574/4857 5570/5570/4853 5573/5573/4856
f 5575/5575/4858 5574/5574/4857 5573/5573/4856
f 5575/5575/4858 5573/5573/4856 5576/5576/4859
f 5576/5576/4859 5573/5573/4856 5567/5568/4851
f 5572/5572/4855 5577/5577/4860 5571/5571/4854
f 5578/5578/4861 5577/5577/4860 5572/5572/4855
f 5578/5578/4861 5579/5579/4862 5577/5577/4860
f 5579/5579/4862 5580/5580/4863 5577/5577/4860
f 5577/5577/4860 5580/5580/4863 5571/5571/4854
f 5575/5575/4858 5576/5576/4859 5581/5581/4864
f 5581/5581/4864 5574/5574/4857 5575/5575/4858
f 5581/5581/4864 5582/5582/4865 5574/5574/4857
f 5583/5583/4866 5582/5582/4865 5581/5581/4864
f 5581/5581/4864 5576/5576/4859 5583/5583/4866
f 5583/5583/4866 5584/5584/4867 5582/5582/4865
f 5583/5583/4866 5585/5585/4868 5584/5584/4867
f 5584/5584/4867 5585/5585/4868 5586/5586/4869
f 5587/5587/4870 5586/5586/4869 5585/5585/4868
f 5588/5588/4871 5586/5586/4869 5587/5587/4870
f 5587/5587/4870 5589/5589/4872 5588/5588/4871
f 5589/5589/4872 5590/5590/4873 5588/5588/4871
f 5590/5590/4873 5591/5591/4874 5588/5588/4871
f 5592/5592/4875 5590/5590/4873 5589/5589/4872
f 5593/5593/4876 5580/5580/4863 5579/5579/4862
f 5593/5593/4876 5579/5579/4862 5578/5578/4861
f 5578/5578/4861 5594/5594/4877 5593/5593/4876
f 5593/5593/4876 5594/5594/4877 5595/5595/4878
f 5595/5595/4878 5580/5580/4863 5593/5593/4876
f 5595/5595/4878 5594/5594/4877 5596/5596/4879
f 5596/5596/4879 5597/5597/4880 5595/5595/4878
f 5598/5598/4881 5597/5597/4880 5596/5596/4879
f 5599/5599/4882 5597/5597/4880 5598/5598/4881
f 5599/5599/4882 5598/5598/4881 5600/5600/4883
f 5599/5599/4882 5600/5600/4883 5601/5601/4884
f 5600/5600/4883 5602/5602/4885 5601/5601/4884
f 5600/5600/4883 5603/5603/4886 5602/5602/4885
f 5601/5601/4884 5602/5602/4885 5604/5604/4887
f 5605/5605/4888 5607/5606/4889 5606/5607/4890
f 5606/5607/4890 5608/5608/4891 5605/5605/4888
f 5608/5608/4891 5609/5609/4892 5605/5605/4888
f 5605/5605/4888 5609/5609/4892 5610/5610/4893
f 5611/5611/4894 5613/5612/4895 5612/5613/4896
f 5614/5614/4897 5613/5612/4895 5611/5611/4894
f 5611/5611/4894 5612/5613/4896 5615/5615/4898
f 5616/5616/4899 5614/5614/4897 5611/5611/4894
f 5616/5616/4899 5617/5617/4900 5614/5614/4897
f 5615/5615/4898 5612/5613/4896 5618/5618/4901
f 5615/5615/4898 5618/5618/4901 5619/5619/4902
f 5615/5615/4898 5619/5619/4902 5620/5620/4903
f 5621/5621/4904 5623/5622/4905 5622/5623/4906
f 5624/5624/4907 5623/5622/4905 5621/5621/4904
f 5623/5622/4905 5625/5625/4908 5622/5623/4906
f 5626/5626/4909 5628/5627/4910 5627/5628/4911
f 5626/5626/4909 5629/5629/4912 5628/5627/4910
f 5630/5630/4913 5632/5631/4914 5631/5632/4915
f 5633/5633/4916 5632/5631/4914 5630/5630/4913
f 5634/5634/4917 5636/5635/4918 5635/5636/4919
f 5635/5636/4919 5636/5635/4918 5637/5637/4920
f 5638/5638/4921 5640/5639/4922 5639/5640/4923
f 5641/5641/4924 5640/5639/4922 5638/5638/4921
f 5642/5642/4925 5644/5643/4926 5643/5644/4927
f 5645/5645/4928 5644/5643/4926 5642/5642/4925
f 5642/5642/4925 5643/5644/4927 5646/5646/4929
f 5647/5647/4930 5645/5645/4928 5642/5642/4925
f 5647/5647/4930 5648/5648/4931 5645/5645/4928
f 5646/5646/4929 5643/5644/4927 5649/5649/4932
f 5646/5646/4929 5649/5649/4932 5650/5650/4933
f 5646/5646/4929 5650/5650/4933 5651/5651/4934
f 5652/5652/4935 5654/5653/4936 5653/5654/4937
f 5655/5655/4938 5654/5653/4936 5652/5652/4935
f 5654/5653/4936 5656/5656/4939 5653/5654/4937
f 5657/5657/4940 5659/5658/4941 5658/5659/4942
f 5660/5660/4943 5659/5658/4941 5657/5657/4940
f 5661/5661/4496 5663/5662/4496 5662/5663/4495
f 5664/5664/4495 5663/5662/4496 5661/5661/4496
f 5665/5665/4944 5667/5666/3034 5666/5667/4663
f 5665/5665/4944 5668/5668/4945 5667/5666/3034
f 5665/5665/4944 5669/5669/3174 5668/5668/4945
f 5670/5670/4946 5669/5669/3174 5665/5665/4944
f 5670/5670/4946 5671/5671/4947 5669/5669/3174
f 5672/5672/4948 5665/5665/4944 5666/5667/4663
f 5668/5668/4945 5673/5673/4949 5667/5666/3034
f 5668/5668/4945 5674/5674/4950 5673/5673/4949
f 5675/5675/4951 5677/5676/4952 5676/5677/4953
f 5676/5677/4953 5677/5676/4952 5678/5678/4954
f 5676/5677/4953 5678/5678/4954 5679/5679/4955
f 5679/5679/4955 5678/5678/4954 5680/5680/4956
f 5679/5679/4955 5680/5680/4956 5681/5681/4957
f 5681/5681/4957 5680/5680/4956 5682/5682/4958
f 5681/5681/4957 5682/5682/4958 5683/5683/4959
f 5681/5681/4957 5683/5683/4959 5684/5684/4960
f 5681/5681/4957 5684/5684/4960 5685/5685/4961
f 5685/5685/4961 5684/5684/4960 5686/5686/4962
f 5685/5685/4961 5686/5686/4962 5687/5687/4963
f 5687/5687/4963 5686/5686/4962 5688/5688/4964
f 5688/5688/4964 5686/5686/4962 5689/5689/4965
f 5688/5688/4964 5689/5689/4965 5690/5690/4966
f 5690/5690/4966 5689/5689/4965 5691/5691/4967
f 5691/5691/4967 5689/5689/4965 5692/5692/4968
f 5691/5691/4967 5692/5692/4968 5693/5693/4969
f 5693/5693/4969 5692/5692/4968 5694/5694/4970
f 5694/5694/4970 5692/5692/4968 5695/5695/4971
f 5694/5694/4970 5695/5695/4971 5696/5696/4972
f 5696/5696/4972 5695/5695/4971 5697/5697/4973
f 5696/5696/4972 5697/5697/4973 5675/5675/4951
f 5675/5675/4951 5697/5697/4973 5698/5698/4974
f 5675/5675/4951 5698/5698/4974 5677/5676/4952
f 5699/5699/4975 5701/5700/4976 5700/5701/4977
f 5702/5702/4978 5701/5700/4976 5699/5699/4975
f 5703/5703/4979 5705/5704/4980 5704/5705/4981
f 5704/5705/4981 5705/5704/4980 5706/5706/4982
f 5703/5703/4979 5704/5705/4981 5707/5707/4983
f 5703/5703/4979 5707/5707/4983 5708/5708/4984
f 5709/5709/4985 5711/5710/4986 5710/5711/4987
f 5710/5711/4987 5712/5712/4988 5709/5709/4985
f 5712/5712/4988 5713/5713/4989 5709/5709/4985
f 5709/5709/4985 5713/5713/4989 5714/5714/4990
f 5715/5715/4991 5717/5716/4992 5716/5717/4991
f 5715/5715/4991 5716/5717/4991 5718/5718/4992
f 5719/5719/4993 5721/5720/4994 5720/5721/4995
f 5720/5721/4995 5722/5722/4996 5719/5719/4993
f 5722/5722/4996 5723/5723/4997 5719/5719/4993
f 5719/5719/4993 5723/5723/4997 5724/5724/4998
f 5725/5725/4999 5727/5726/5000 5726/5727/5001
f 5725/5725/4999 5726/5727/5001 5728/5728/5002
f 5728/5728/5002 5726/5727/5001 5729/5729/5003
f 5730/5730/5004 5727/5726/5000 5725/5725/4999
f 5731/5731/5005 5727/5726/5000 5730/5730/5004
f 5730/5730/5004 5732/5732/5006 5731/5731/5005
f 5731/5731/5005 5732/5732/5006 5733/5733/5007
f 5733/5733/5007 5732/5732/5006 5734/5734/5008
f 5734/5734/5008 5732/5732/5006 5735/5735/5009
f 5734/5734/5008 5735/5735/5009 5736/5736/5010
f 5737/5737/5011 5736/5736/5010 5735/5735/5009
f 5737/5737/5011 5735/5735/5009 5738/5738/5012
f 5739/5739/5013 5741/5740/5014 5740/5741/5015
f 5740/5741/5015 5741/5740/5014 5742/5742/5016
f 5740/5741/5015 5742/5742/5016 5743/5743/5017
f 5743/5743/5017 5742/5742/5016 5744/5744/5018
f 5743/5743/5017 5744/5744/5018 5745/5745/5019
f 5745/5745/5019 5744/5744/5018 5746/5746/5020
f 5745/5745/5019 5746/5746/5020 5747/5747/5021
f 5745/5745/5019 5747/5747/5021 5748/5748/5022
f 5745/5745/5019 5748/5748/5022 5749/5749/5023
f 5749/5749/5023 5748/5748/5022 5750/5750/5024
f 5749/5749/5023 5750/5750/5024 5751/5751/5025
f 5751/5751/5025 5750/5750/5024 5752/5752/5026
f 5752/5752/5026 5750/5750/5024 5753/5753/5027
f 5752/5752/5026 5753/5753/5027 5754/5754/5028
f 5754/5754/5028 5753/5753/5027 5755/5755/5029
f 5755/5755/5029 5753/5753/5027 5756/5756/5030
f 5755/5755/5029 5756/5756/5030 5757/5757/5031
f 5757/5757/5031 5756/5756/5030 5758/5758/5032
f 5758/5758/5032 5756/5756/5030 5759/5759/5033
f 5758/5758/5032 5759/5759/5033 5760/5760/5034
f 5760/5760/5034 5759/5759/5033 5761/5761/5035
f 5760/5760/5034 5761/5761/5035 5739/5739/5013
f 5739/5739/5013 5761/5761/5035 5762/5762/5036
f 5739/5739/5013 5762/5762/5036 5741/5740/5014
f 5763/5763/5037 5765/5764/5038 5764/5765/5039
f 5766/5766/5040 5765/5764/5038 5763/5763/5037
f 5767/5767/5041 5769/5768/4923 5768/5769/5042
f 5770/5770/5043 5769/5768/4923 5767/5767/5041
f 5771/5771/5044 5773/5772/5045 5772/5773/5046
f 5771/5771/5044 5774/5774/5047 5773/5772/5045
f 5775/5775/5048 5774/5774/5047 5771/5771/5044
f 5776/5776/5049 5778/5777/5050 5777/5778/5051
f 5779/5779/5052 5778/5777/5050 5776/5776/5049
f 5780/5780/5053 5782/5781/5054 5781/5782/4941
f 5780/5780/5053 5783/5783/5055 5782/5781/5054
f 5784/5784/5056 5783/5783/5055 5780/5780/5053
f 5785/5785/5057 5787/5786/5058 5786/5787/5059
f 5786/5787/5059 5788/5788/5060 5785/5785/5057
f 5786/5787/5059 5787/5786/5058 5789/5789/5061
f 5786/5787/5059 5789/5789/5061 5790/5790/5062
f 5790/5790/5062 5789/5789/5061 5791/5791/5063
f 5790/5790/5062 5791/5791/5063 5792/5792/5064
f 5785/5785/5057 5788/5788/5060 5793/5793/5065
f 5792/5792/5064 5791/5791/5063 5794/5794/5066
f 5795/5795/5067 5797/5796/5068 5796/5797/5069
f 5798/5798/5070 5797/5796/5068 5795/5795/5067
f 5796/5797/5069 5799/5799/5071 5795/5795/5067
f 5800/5800/5072 5799/5799/5071 5796/5797/5069
f 5801/5801/5073 5800/5800/5072 5796/5797/5069
f 5802/5802/5074 5800/5800/5072 5801/5801/5073
f 5802/5802/5074 5803/5803/5075 5800/5800/5072
f 5802/5802/5074 5804/5804/5076 5803/5803/5075
f 5805/5805/5077 5804/5804/5076 5802/5802/5074
f 5806/5806/5078 5808/5807/5079 5807/5808/5080
f 5806/5806/5078 5809/5809/5081 5808/5807/5079
f 5810/5810/5082 5812/5811/5083 5811/5812/5084
f 5813/5813/5085 5812/5811/5083 5810/5810/5082
f 5814/5814/5086 5816/5815/5087 5815/5816/5088
f 5814/5814/5086 5815/5816/5088 5817/5817/5089
f 5818/5818/5090 5816/5815/5087 5814/5814/5086
f 5819/5819/5091 5816/5815/5087 5818/5818/5090
f 5818/5818/5090 5820/5820/5092 5819/5819/5091
f 5821/5821/5093 5817/5817/5089 5815/5816/5088
f 5822/5822/5094 5817/5817/5089 5821/5821/5093
f 5823/5823/5095 5822/5822/5094 5821/5821/5093
f 5823/5823/5095 5821/5821/5093 5824/5824/5096
f 5824/5824/5096 5821/5821/5093 5815/5816/5088
f 5820/5820/5092 5825/5825/5097 5819/5819/5091
f 5826/5826/5098 5825/5825/5097 5820/5820/5092
f 5826/5826/5098 5827/5827/5099 5825/5825/5097
f 5827/5827/5099 5828/5828/5100 5825/5825/5097
f 5825/5825/5097 5828/5828/5100 5819/5819/5091
f 5829/5829/5101 5828/5828/5100 5827/5827/5099
f 5829/5829/5101 5827/5827/5099 5826/5826/5098
f 5826/5826/5098 5830/5830/5102 5829/5829/5101
f 5829/5829/5101 5830/5830/5102 5831/5831/5103
f 5831/5831/5103 5828/5828/5100 5829/5829/5101
f 5831/5831/5103 5830/5830/5102 5832/5832/5104
f 5832/5832/5104 5833/5833/5105 5831/5831/5103
f 5834/5834/5106 5833/5833/5105 5832/5832/5104
f 5835/5835/5107 5833/5833/5105 5834/5834/5106
f 5835/5835/5107 5834/5834/5106 5836/5836/5108
f 5835/5835/5107 5836/5836/5108 5837/5837/5109
f 5838/5838/5110 5837/5837/5109 5836/5836/5108
f 5839/5839/5111 5837/5837/5109 5838/5838/5110
f 5840/5840/5112 5824/5824/5096 5841/5841/5113
f 5841/5841/5113 5842/5842/5114 5840/5840/5112
f 5841/5841/5113 5843/5843/5115 5842/5842/5114
f 5844/5844/5116 5843/5843/5115 5841/5841/5113
f 5840/5840/5112 5842/5842/5114 5822/5822/5094
f 5844/5844/5116 5845/5845/5117 5843/5843/5115
f 5846/5846/5118 5845/5845/5117 5844/5844/5116
f 5847/5847/5119 5845/5845/5117 5846/5846/5118
f 5846/5846/5118 5848/5848/5120 5847/5847/5119
f 5849/5849/5121 5847/5847/5119 5848/5848/5120
f 5849/5849/5121 5850/5850/5122 5847/5847/5119
f 5849/5849/5121 5848/5848/5120 5851/5851/5123
f 5823/5823/5095 5824/5824/5096 5840/5840/5112
f 5840/5840/5112 5822/5822/5094 5823/5823/5095
f 5852/5852/5124 5854/5853/5125 5853/5854/5126
f 5855/5855/5127 5854/5853/5125 5852/5852/5124
f 5856/5856/5128 5858/5857/5129 5857/5858/5130
f 5857/5858/5130 5858/5857/5129 5859/5859/5131
f 5860/5860/5132 5862/5861/5133 5861/5862/5133
f 5861/5862/5133 5862/5861/5133 5863/5863/5132
f 5864/5864/5134 5866/5865/5135 5865/5866/5136
f 5865/5866/5136 5866/5865/5135 5867/5867/5137
f 5868/5868/5138 5870/5869/5139 5869/5870/5140
f 5871/5871/5141 5870/5869/5139 5868/5868/5138
f 5871/5871/5141 5872/5872/5142 5870/5869/5139
f 5868/5868/5138 5869/5870/5140 5873/5873/5143
f 5873/5873/5143 5869/5870/5140 5874/5874/5144
f 5873/5873/5143 5874/5874/5144 5875/5875/5145
f 5875/5875/5145 5874/5874/5144 5876/5876/5146
f 5877/5877/5147 5875/5875/5145 5876/5876/5146
f 5877/5877/5147 5878/5878/5148 5875/5875/5145
f 5879/5879/5149 5878/5878/5148 5877/5877/5147
f 5880/5880/5150 5878/5878/5148 5879/5879/5149
f 5881/5881/5151 5878/5878/5148 5880/5880/5150
f 5882/5882/5152 5884/5883/5153 5883/5884/5154
f 5885/5885/5155 5887/5886/5156 5886/5887/5157
f 5888/5888/5158 5887/5886/5156 5885/5885/5155
f 5886/5887/5157 5889/5889/5159 5885/5885/5155
f 5890/5890/5160 5889/5889/5159 5886/5887/5157
f 5891/5891/5161 5890/5890/5160 5886/5887/5157
f 5892/5892/5162 5890/5890/5160 5891/5891/5161
f 5892/5892/5162 5893/5893/5163 5890/5890/5160
f 5892/5892/5162 5894/5894/5164 5893/5893/5163
f 5895/5895/5165 5894/5894/5164 5892/5892/5162
f 5896/5896/5166 5898/5897/5167 5897/5898/5168
f 5896/5896/5166 5897/5898/5168 5899/5899/5169
f 5900/5900/4055 5902/5901/4054 5901/5902/4054
f 5901/5902/4054 5902/5901/4054 5903/5903/4055
f 5904/5904/5170 5906/5905/5171 5905/5906/5172
f 5907/5907/5173 5906/5905/5171 5904/5904/5170
f 5905/5906/5172 5908/5908/5174 5904/5904/5170
f 5909/5909/5175 5908/5908/5174 5905/5906/5172
f 5910/5910/5176 5909/5909/5175 5905/5906/5172
f 5911/5911/5177 5909/5909/5175 5910/5910/5176
f 5911/5911/5177 5912/5912/5178 5909/5909/5175
f 5911/5911/5177 5913/5913/5179 5912/5912/5178
f 5914/5914/5180 5913/5913/5179 5911/5911/5177
f 5915/5915/5181 5917/5916/5182 5916/5917/5183
f 5915/5915/5181 5918/5918/5184 5917/5916/5182
f 5915/5915/5181 5919/5919/5185 5918/5918/5184
f 5920/5920/5186 5919/5919/5185 5915/5915/5181
f 5921/5921/5187 5923/5922/5188 5922/5923/5189
f 5924/5924/5190 5923/5922/5188 5921/5921/5187
f 5925/5925/5191 5927/5926/5192 5926/5927/4987
f 5925/5925/5191 5928/5928/5191 5927/5926/5192
f 5925/5925/5191 5929/5929/4988 5928/5928/5191
f 5930/5930/5193 5929/5929/4988 5925/5925/5191
f 5931/5931/5194 5933/5932/5195 5932/5933/5196
f 5934/5934/5197 5933/5932/5195 5931/5931/5194
f 5935/5935/5198 5937/5936/5199 5936/5937/5200
f 5935/5935/5198 5938/5938/5201 5937/5936/5199
f 5935/5935/5198 5939/5939/5202 5938/5938/5201
f 5940/5940/5203 5939/5939/5202 5935/5935/5198
f 5941/5941/5204 5943/5942/5205 5942/5943/5206
f 5941/5941/5204 5944/5944/5207 5943/5942/5205
f 5941/5941/5204 5942/5943/5206 5945/5945/5208
f 5941/5941/5204 5945/5945/5208 5946/5946/5209
f 5947/5947/5210 5944/5944/5207 5941/5941/5204
f 5941/5941/5204 5948/5948/5211 5947/5947/5210
f 5949/5949/5212 5951/5950/5213 5950/5951/5214
f 5950/5951/5214 5951/5950/5213 5952/5952/5215
f 5953/5953/5216 5955/5954/5217 5954/5955/5218
f 5956/5956/5219 5955/5954/5217 5953/5953/5216
f 5957/5957/5220 5959/5958/5221 5958/5959/5221
f 5958/5959/5221 5959/5958/5221 5960/5960/5220
f 5961/5961/5222 5963/5962/5223 5962/5963/5224
f 5962/5963/5224 5963/5962/5223 5964/5964/5225
f 5961/5961/5222 5962/5963/5224 5965/5965/5226
f 5965/5965/5226 5962/5963/5224 5966/5966/5227
f 5963/5962/5223 5967/5967/5228 5964/5964/5225
f 5963/5962/5223 5968/5968/5229 5967/5967/5228
f 5963/5962/5223 5969/5969/5230 5968/5968/5229
f 5970/5970/5231 5969/5969/5230 5963/5962/5223
f 5963/5962/5223 5971/5971/5232 5970/5970/5231
f 5972/5972/5233 5971/5971/5232 5963/5962/5223
f 5973/5973/5234 5971/5971/5232 5972/5972/5233
f 5973/5973/5234 5974/5974/5235 5971/5971/5232
f 5975/5975/5236 5974/5974/5235 5973/5973/5234
f 5975/5975/5236 5973/5973/5234 5976/5976/5237
f 5975/5975/5236 5976/5976/5237 5977/5977/5238
f 5977/5977/5238 5976/5976/5237 5978/5978/5239
f 5976/5976/5237 5979/5979/5240 5978/5978/5239
f 5980/5980/5241 5979/5979/5240 5976/5976/5237
f 5976/5976/5237 5981/5981/5242 5980/5980/5241
f 5982/5982/5243 5981/5981/5242 5976/5976/5237
f 5982/5982/5243 5983/5983/5244 5981/5981/5242
f 5981/5981/5242 5983/5983/5244 5984/5984/5245
f 5985/5985/5246 5987/5986/5247 5986/5987/5248
f 5986/5987/5248 5987/5986/5247 5988/5988/5249
f 5989/5989/5250 5991/5990/5251 5990/5991/5252
f 5992/5992/5253 5991/5990/5251 5989/5989/5250
f 5993/5993/5254 5995/5994/5255 5994/5995/5256
f 5996/5996/5257 5993/5993/5254 5994/5995/5256
f 5994/5995/5256 5995/5994/5255 5997/5997/5258
f 5998/5998/5259 5993/5993/5254 5996/5996/5257
f 5999/5999/5260 5993/5993/5254 5998/5998/5259
f 5999/5999/5260 6000/6000/5261 5993/5993/5254
f 5994/5995/5256 5997/5997/5258 6001/6001/5262
f 6001/6001/5262 6002/6002/5263 5994/5995/5256
f 6003/6003/5264 6005/6004/5265 6004/6005/5266
f 6006/6006/5267 6005/6004/5265 6003/6003/5264
f 6007/6007/5268 6009/6008/5269 6008/6009/5270
f 6007/6007/5268 6010/6010/5271 6009/6008/5269
f 6011/6011/5272 6010/6010/5271 6007/6007/5268
f 6012/6012/5273 6014/6013/5274 6013/6014/5275
f 6012/6012/5273 6013/6014/5275 6015/6015/5276
f 6016/6016/5277 6018/6017/5278 6017/6018/5279
f 6016/6016/5277 6017/6018/5279 6019/6019/5280
f 6020/6020/5281 6022/6021/5282 6021/6022/5281
f 6021/6022/5281 6023/6023/5282 6020/6020/5281
f 6024/6024/5283 6026/6025/5284 6025/6026/5285
f 6025/6026/5285 6026/6025/5284 6027/6027/5286
f 6024/6024/5283 6028/6028/5287 6026/6025/5284
f 6029/6029/5288 6028/6028/5287 6024/6024/5283
f 6030/6030/5289 6032/6031/5290 6031/6032/5290
f 6032/6031/5290 6033/6033/5289 6031/6032/5290
f 6034/6034/5291 6036/6035/5292 6035/6036/5293
f 6035/6036/5293 6036/6035/5292 6037/6037/5294
f 6035/6036/5293 6037/6037/5294 6038/6038/5295
f 6038/6038/5295 6037/6037/5294 6039/6039/5296
f 6040/6040/5297 6036/6035/5292 6034/6034/5291
f 6034/6034/5291 6041/6041/5298 6040/6040/5297
f 6040/6040/5297 6041/6041/5298 6042/6042/5299
f 6042/6042/5299 6041/6041/5298 6043/6043/5300
f 6043/6043/5300 6041/6041/5298 6044/6044/5301
f 6043/6043/5300 6044/6044/5301 6045/6045/5302
f 6046/6046/5303 6045/6045/5302 6044/6044/5301
f 6046/6046/5303 6044/6044/5301 6047/6047/5304
f 6048/6048/5305 6050/6049/5306 6049/6050/5307
f 6048/6048/5305 6051/6051/5308 6050/6049/5306
f 6052/6052/5309 6051/6051/5308 6048/6048/5305
f 6052/6052/5309 6053/6053/5310 6051/6051/5308
f 6049/6050/5307 6050/6049/5306 6054/6054/5311
f 6049/6050/5307 6054/6054/5311 6055/6055/5312
f 6055/6055/5312 6054/6054/5311 6056/6056/5313
f 6057/6057/5314 6055/6055/5312 6056/6056/5313
f 6057/6057/5314 6058/6058/5315 6055/6055/5312
f 6059/6059/5316 6058/6058/5315 6057/6057/5314
f 6060/6060/5317 6058/6058/5315 6059/6059/5316
f 6061/6061/5318 6058/6058/5315 6060/6060/5317
f 6062/6062/5319 6064/6063/5320 6063/6064/4531
f 6063/6064/4531 6064/6063/5320 6065/6065/5321
f 6066/6066/5322 6068/6067/5323 6067/6068/5324
f 6069/6069/5325 6068/6067/5323 6066/6066/5322
f 6070/6070/5326 6072/6071/5327 6071/6072/5328
f 6071/6072/5328 6072/6071/5327 6073/6073/5329
f 6070/6070/5326 6074/6074/5330 6072/6071/5327
f 6075/6075/5331 6074/6074/5330 6070/6070/5326
f 6076/6076/5332 6078/6077/5333 6077/6078/5334
f 6077/6078/5334 6078/6077/5333 6079/6079/5335
f 6080/6080/5336 6082/6081/5337 6081/6082/5336
f 6081/6082/5336 6083/6083/5337 6080/6080/5336
f 6084/6084/5338 6086/6085/5339 6085/6086/5340
f 6087/6087/5341 6089/6088/5342 6088/6089/5343
f 6088/6089/5343 6089/6088/5342 6090/6090/5344
f 6091/6091/5345 6093/6092/5346 6092/6093/5347
f 6094/6094/5348 6093/6092/5346 6091/6091/5345
f 6095/6095/5349 6097/6096/5350 6096/6097/5350
f 6096/6097/5350 6097/6096/5350 6098/6098/5349
f 6099/6099/5351 6101/6100/5352 6100/6101/5353
f 6100/6101/5353 6101/6100/5352 6102/6102/5354
f 6102/6102/5354 6103/6103/5355 6100/6101/5353
f 6104/6104/5356 6106/6105/5357 6105/6106/5358
f 6105/6106/5358 6106/6105/5357 6107/6107/5359
f 6107/6107/5359 6108/6108/5360 6105/6106/5358
f 6109/6109/5361 6111/6110/5362 6110/6111/3436
f 6109/6109/5361 6112/6112/5363 6111/6110/5362
f 6109/6109/5361 6113/6113/5364 6112/6112/5363
f 6114/6114/5365 6113/6113/5364 6109/6109/5361
f 6114/6114/5365 6115/6115/5366 6113/6113/5364
f 6116/6116/4030 6109/6109/5361 6110/6111/3436
f 6112/6112/5363 6117/6117/5367 6111/6110/5362
f 6112/6112/5363 6118/6118/5368 6117/6117/5367
f 6119/6119/5290 6121/6120/5289 6120/6121/5289
f 6120/6121/5289 6121/6120/5289 6122/6122/5290
f 6123/6123/5369 6125/6124/5370 6124/6125/5371
f 6126/6126/5372 6125/6124/5370 6123/6123/5369
f 6125/6124/5370 6127/6127/5373 6124/6125/5371
f 6128/6128/5374 6130/6129/5375 6129/6130/5376
f 6129/6130/5376 6130/6129/5375 6131/6131/5377
f 6129/6130/5376 6131/6131/5377 6132/6132/5378
f 6132/6132/5378 6131/6131/5377 6133/6133/5379
f 6132/6132/5378 6133/6133/5379 6134/6134/5380
f 6134/6134/5380 6133/6133/5379 6135/6135/5381
f 6134/6134/5380 6135/6135/5381 6136/6136/5382
f 6134/6134/5380 6136/6136/5382 6137/6137/5383
f 6134/6134/5380 6137/6137/5383 6138/6138/5384
f 6138/6138/5384 6137/6137/5383 6139/6139/5385
f 6138/6138/5384 6139/6139/5385 6140/6140/5386
f 6128/6128/5374 6141/6141/5387 6130/6129/5375
f 6128/6128/5374 6142/6142/5388 6141/6141/5387
f 6143/6143/5389 6142/6142/5388 6128/6128/5374
f 6143/6143/5389 6144/6144/5390 6142/6142/5388
f 6145/6145/5391 6144/6144/5390 6143/6143/5389
f 6145/6145/5391 6146/6146/5392 6144/6144/5390
f 6147/6147/5393 6146/6146/5392 6145/6145/5391
f 6147/6147/5393 6148/6148/5394 6146/6146/5392
f 6149/6149/5395 6148/6148/5394 6147/6147/5393
f 6149/6149/5395 6150/6150/5396 6148/6148/5394
f 6151/6151/5397 6150/6150/5396 6149/6149/5395
f 6152/6152/5398 6150/6150/5396 6151/6151/5397
f 6152/6152/5398 6153/6153/5399 6150/6150/5396
f 6140/6140/5386 6153/6153/5399 6152/6152/5398
f 6140/6140/5386 6139/6139/5385 6153/6153/5399
f 6154/6154/5400 6156/6155/5401 6155/6156/5401
f 6155/6156/5401 6156/6155/5401 6157/6157/5400
f 6158/6158/5402 6160/6159/5403 6159/6160/5402
f 6158/6158/5402 6159/6160/5402 6161/6161/5403
f 6162/6162/5404 6164/6163/5405 6163/6164/5406
f 6165/6165/5407 6167/6166/5408 6166/6167/5409
f 6168/6168/5410 6170/6169/5411 6169/6170/5412
f 6168/6168/5410 6169/6170/5412 6171/6171/5413
f 6168/6168/5410 6172/6172/5414 6170/6169/5411
f 6173/6173/5415 6172/6172/5414 6168/6168/5410
f 6173/6173/5415 6174/6174/5416 6172/6172/5414
f 6175/6175/5417 6174/6174/5416 6173/6173/5415
f 6176/6176/5418 6178/6177/5418 6177/6178/5419
f 6179/6179/5419 6178/6177/5418 6176/6176/5418
f 6180/6180/5420 6182/6181/5421 6181/6182/5420
f 6181/6182/5420 6183/6183/5421 6180/6180/5420
f 6184/6184/5422 6186/6185/5423 6185/6186/5424
f 6187/6187/5425 6189/6188/5426 6188/6189/5427
f 6188/6189/5427 6189/6188/5426 6190/6190/5428
f 6191/6191/5429 6193/6192/5430 6192/6193/5431
f 6192/6193/5431 6193/6192/5430 6194/6194/5432
f 6194/6194/5432 6195/6195/5433 6192/6193/5431
f 6196/6196/5434 6198/6197/5435 6197/6198/5436
f 6199/6199/5437 6198/6197/5435 6196/6196/5434
f 6199/6199/5437 6200/6200/5438 6198/6197/5435
f 6201/6201/5439 6200/6200/5438 6199/6199/5437
f 6202/6202/5440 6204/6203/5441 6203/6204/5442
f 6203/6204/5442 6204/6203/5441 6205/6205/5443
f 6206/6206/5444 6208/6207/5445 6207/6208/5446
f 6207/6208/5446 6208/6207/5445 6209/6209/5447
f 6210/6210/5448 6212/6211/5449 6211/6212/5449
f 6211/6212/5449 6212/6211/5449 6213/6213/5448
f 6214/6214/5450 6216/6215/5451 6215/6216/5452
f 6215/6216/5452 6216/6215/5451 6217/6217/5453
f 6217/6217/5453 6218/6218/5454 6215/6216/5452
f 6219/6219/5455 6221/6220/5456 6220/6221/4354
f 6219/6219/5455 6222/6222/5457 6221/6220/5456
f 6223/6223/5458 6222/6222/5457 6219/6219/5455
f 6223/6223/5458 6224/6224/5459 6222/6222/5457
f 6225/6225/5460 6224/6224/5459 6223/6223/5458
f 6225/6225/5460 6226/6226/5461 6224/6224/5459
f 6227/6227/4347 6226/6226/5461 6225/6225/5460
f 6227/6227/4347 6228/6228/4257 6226/6226/5461
f 6229/6229/4256 6228/6228/4257 6227/6227/4347
f 6229/6229/4256 6230/6230/4255 6228/6228/4257
f 6231/6231/4254 6230/6230/4255 6229/6229/4256
f 6231/6231/4254 6232/6232/5462 6230/6230/4255
f 6233/6233/5463 6232/6232/5462 6231/6231/4254
f 6233/6233/5463 6234/6234/5464 6232/6232/5462
f 6235/6235/5465 6234/6234/5464 6233/6233/5463
f 6235/6235/5465 6236/6236/5466 6234/6234/5464
f 6237/6237/5467 6236/6236/5466 6235/6235/5465
f 6237/6237/5467 6238/6238/4241 6236/6236/5466
f 6239/6239/4357 6238/6238/4241 6237/6237/5467
f 6239/6239/4357 6240/6240/5468 6238/6238/4241
f 6241/6241/5469 6240/6240/5468 6239/6239/4357
f 6241/6241/5469 6242/6242/4354 6240/6240/5468
f 6220/6221/4354 6242/6242/4354 6241/6241/5469
f 6220/6221/4354 6221/6220/5456 6242/6242/4354
f 6243/6243/5425 6245/6244/5470 6244/6245/5427
f 6244/6245/5427 6245/6244/5470 6246/6246/5471
f 6246/6246/5471 6247/6247/5472 6244/6245/5427
f 6248/6248/5473 6250/6249/5474 6249/6250/5475
f 6249/6250/5475 6250/6249/5474 6251/6251/5476
f 6251/6251/5476 6252/6252/5477 6249/6250/5475
f 6253/6253/5478 6255/6254/5479 6254/6255/5479
f 6254/6255/5479 6255/6254/5479 6256/6256/5478
f 6257/6257/5480 6259/6258/5481 6258/6259/5482
f 6258/6259/5482 6259/6258/5481 6260/6260/5483
f 6258/6259/5482 6260/6260/5483 6261/6261/5484
f 6262/6262/5485 6264/6263/5485 6263/6264/5486
f 6262/6262/5485 6265/6265/5486 6264/6263/5485
f 6266/6266/5487 6268/6267/5487 6267/6268/5488
f 6266/6266/5487 6269/6269/5488 6268/6267/5487
f 6270/6270/5489 6272/6271/5490 6271/6272/5489
f 6270/6270/5489 6271/6272/5489 6273/6273/5490
f 6274/6274/5491 6276/6275/5491 6275/6276/5492
f 6274/6274/5491 6277/6277/5492 6276/6275/5491
f 6278/6278/5493 6280/6279/5494 6279/6280/5495
f 6279/6280/5495 6281/6281/5496 6278/6278/5493
f 6279/6280/5495 6280/6279/5494 6282/6282/5497
f 6281/6281/5496 6283/6283/5498 6278/6278/5493
f 6284/6284/5499 6283/6283/5498 6281/6281/5496
f 6284/6284/5499 6285/6285/5500 6283/6283/5498
f 6286/6286/5501 6285/6285/5500 6284/6284/5499
f 6279/6280/5495 6282/6282/5497 6287/6287/5502
f 6287/6287/5502 6282/6282/5497 6288/6288/5503
f 6287/6287/5502 6288/6288/5503 6289/6289/5504
f 6289/6289/5504 6288/6288/5503 6290/6290/5505
f 6289/6289/5504 6290/6290/5505 6291/6291/5506
f 6291/6291/5506 6290/6290/5505 6292/6292/5507
f 6291/6291/5506 6292/6292/5507 6293/6293/5508
f 6294/6294/5509 6285/6285/5500 6286/6286/5501
f 6294/6294/5509 6295/6295/5510 6285/6285/5500
f 6296/6296/5511 6295/6295/5510 6294/6294/5509
f 6296/6296/5511 6297/6297/5512 6295/6295/5510
f 6297/6297/5512 6298/6298/5513 6295/6295/5510
f 6298/6298/5513 6299/6299/5514 6295/6295/5510
f 6298/6298/5513 6300/6300/5515 6299/6299/5514
f 6301/6301/5516 6300/6300/5515 6298/6298/5513
f 6301/6301/5516 6302/6302/5517 6300/6300/5515
f 6303/6303/5518 6302/6302/5517 6301/6301/5516
f 6304/6304/5519 6306/6305/5520 6305/6306/5519
f 6304/6304/5519 6305/6306/5519 6307/6307/5520
f 6308/6308/5521 6310/6309/5522 6309/6310/5523
f 6308/6308/5521 6309/6310/5523 6311/6311/5522
f 6312/6312/5524 6314/6313/5525 6313/6314/5524
f 6312/6312/5524 6313/6314/5524 6315/6315/5525
f 6316/6316/5526 6318/6317/5527 6317/6318/5528
f 6316/6316/5526 6319/6319/5529 6318/6317/5527
f 6320/6320/5530 6322/6321/5531 6321/6322/5532
f 6321/6322/5532 6322/6321/5531 6323/6323/5533
f 6323/6323/5533 6322/6321/5531 6324/6324/5534
f 6325/6325/5535 6327/6326/5536 6326/6327/5537
f 6325/6325/5535 6326/6327/5537 6328/6328/5538
f 6328/6328/5538 6326/6327/5537 6329/6329/5539
f 6328/6328/5538 6329/6329/5539 6330/6330/5540
f 6331/6331/5541 6333/6332/5542 6332/6333/5543
f 6331/6331/5541 6334/6334/5544 6333/6332/5542
f 6335/6335/5545 6337/6336/5546 6336/6337/5547
f 6336/6337/5547 6337/6336/5546 6338/6338/5548
f 6338/6338/5548 6337/6336/5546 6339/6339/5549
f 6340/6340/5550 6342/6341/5551 6341/6342/5552
f 6340/6340/5550 6341/6342/5552 6343/6343/5553
f 6343/6343/5553 6341/6342/5552 6344/6344/5554
f 6343/6343/5553 6344/6344/5554 6345/6345/5555
f 6346/6346/5556 6348/6347/5557 6347/6348/5558
f 6346/6346/5556 6347/6348/5558 6349/6349/5559
f 6349/6349/5559 6347/6348/5558 6350/6350/5560
f 6349/6349/5559 6350/6350/5560 6351/6351/5561
f 6352/6352/5562 6354/6353/5563 6353/6354/5564
f 6353/6354/5564 6354/6353/5563 6355/6355/5565
f 6355/6355/5565 6354/6353/5563 6356/6356/5566
f 6357/6357/5567 6359/6358/5568 6358/6359/5568
f 6358/6359/5568 6359/6358/5568 6360/6360/5567
f 6361/6361/5569 6363/6362/5570 6362/6363/5571
f 6361/6361/5569 6362/6363/5571 6364/6364/5572
f 6361/6361/5569 6365/6365/5573 6363/6362/5570
f 6361/6361/5569 6364/6364/5572 6366/6366/5574
f 6366/6366/5574 6364/6364/5572 6367/6367/5575
f 6368/6368/5576 6370/6369/5577 6369/6370/5578
f 6369/6370/5578 6370/6369/5577 6371/6371/5579
f 6372/6372/5580 6374/6373/5581 6373/6374/5582
f 6373/6374/5582 6374/6373/5581 6375/6375/5583
f 6376/6376/3394 6378/6377/3012 6377/6378/5584
f 6378/6377/3012 6376/6376/3394 6379/6379/4204
f 6378/6377/3012 6379/6379/4204 6380/6380/3846
f 6380/6380/3846 6379/6379/4204 6381/6381/5585
f 6382/6382/3016 6381/6381/5585 6379/6379/4204
f 6382/6382/3016 6383/6383/3507 6381/6381/5585
f 6384/6384/5586 6386/6385/5587 6385/6386/5588
f 6385/6386/5588 6386/6385/5587 6387/6387/5589
f 6388/6388/5590 6390/6389/5591 6389/6390/5592
f 6391/6391/5593 6393/6392/5594 6392/6393/5595
f 6392/6393/5595 6393/6392/5594 6394/6394/5596
f 6395/6395/5597 6397/6396/5598 6396/6397/5599
f 6398/6398/5600 6400/6399/5601 6399/6400/5602
f 6398/6398/5600 6399/6400/5602 6401/6401/5603
f 6398/6398/5600 6402/6402/5604 6400/6399/5601
f 6398/6398/5600 6403/6403/5605 6402/6402/5604
f 6404/6404/5606 6406/6405/5607 6405/6406/5608
f 6407/6407/5609 6409/6408/5610 6408/6409/5611
f 6410/6410/5612 6412/6411/5613 6411/6412/5614
f 6410/6410/5612 6411/6412/5614 6413/6413/5615
f 6414/6414/5616 6416/6415/5617 6415/6416/5618
f 6417/6417/5619 6419/6418/5620 6418/6419/5621
f 6420/6420/5622 6422/6421/5623 6421/6422/5624
f 6421/6422/5624 6422/6421/5623 6423/6423/5625
f 6423/6423/5625 6422/6421/5623 6424/6424/5626
f 6420/6420/5622 6421/6422/5624 6425/6425/5627
f 6426/6426/5628 6428/6427/5629 6427/6428/5630
f 6427/6428/5630 6428/6427/5629 6429/6429/5631
f 6429/6429/5631 6428/6427/5629 6430/6430/5632
f 6426/6426/5628 6427/6428/5630 6431/6431/5633
f 6432/6432/5634 6434/6433/5635 6433/6434/5636
f 6432/6432/5634 6433/6434/5636 6435/6435/5637
f 6435/6435/5637 6433/6434/5636 6436/6436/5638
f 6437/6437/5639 6439/6438/5640 6438/6439/5641
f 6438/6439/5641 6439/6438/5640 6440/6440/5642
f 6440/6440/5642 6439/6438/5640 6441/6441/5643
f 6437/6437/5639 6438/6439/5641 6442/6442/5644
f 6443/6443/5645 6445/6444/5646 6444/6445/5647
f 6443/6443/5645 6444/6445/5647 6446/6446/5648
f 6447/6447/5649 6449/6448/5650 6448/6449/5651
f 6447/6447/5649 6448/6449/5651 6450/6450/5652
f 6451/6451/5653 6453/6452/5654 6452/6453/5655
f 6451/6451/5653 6452/6453/5655 6454/6454/5656
f 6455/6455/5657 6457/6456/3708 6456/6457/5658
f 6456/6457/5658 6457/6456/3708 6458/6458/5659
f 6458/6458/5659 6457/6456/3708 6459/6459/5660
f 6460/6460/5661 6457/6456/3708 6455/6455/5657
f 6457/6456/3708 6461/6461/5662 6459/6459/5660
f 6462/6462/5663 6464/6463/5663 6463/6464/5664
f 6465/6465/5664 6464/6463/5663 6462/6462/5663
f 6466/6466/5665 6468/6467/5666 6467/6468/5667
f 6469/6469/5668 6471/6470/3010 6470/6471/5669
f 6470/6471/5669 6471/6470/3010 6472/6472/5670
f 6472/6472/5670 6471/6470/3010 6473/6473/4548
f 6474/6474/5671 6471/6470/3010 6469/6469/5668
f 6471/6470/3010 6475/6475/5672 6473/6473/4548
f 6476/6476/5673 6478/6477/5674 6477/6478/5675
f 6477/6478/5675 6478/6477/5674 6479/6479/5676
f 6480/6480/5677 6482/6481/3280 6481/6482/5678
f 6483/6483/5679 6482/6481/3280 6480/6480/5677
f 6484/6484/5680 6482/6481/3280 6483/6483/5679
f 6485/6485/5681 6482/6481/3280 6484/6484/5680
f 6482/6481/3280 6486/6486/5682 6481/6482/5678
f 6487/6487/5683 6489/6488/5684 6488/6489/5685
f 6490/6490/5686 6489/6488/5684 6487/6487/5683
f 6491/6491/5687 6493/6492/5688 6492/6493/5688
f 6492/6493/5688 6493/6492/5688 6494/6494/5687
f 6495/6495/5689 6497/6496/5690 6496/6497/5691
f 6498/6498/5692 6497/6496/5690 6495/6495/5689
f 6499/6499/5693 6501/6500/5694 6500/6501/5695
f 6499/6499/5693 6500/6501/5695 6502/6502/5696
f 6502/6502/5696 6500/6501/5695 6503/6503/5697
f 6504/6504/5698 6506/6505/5699 6505/6506/5700
f 6505/6506/5700 6506/6505/5699 6507/6507/5701
f 6508/6508/5702 6510/6509/5703 6509/6510/5703
f 6509/6510/5703 6510/6509/5703 6511/6511/5702
f 6512/6512/5704 6514/6513/5705 6513/6514/5706
f 6512/6512/5704 6515/6515/5707 6514/6513/5705
f 6516/6516/5708 6518/6517/5709 6517/6518/5710
f 6517/6518/5710 6518/6517/5709 6519/6519/5711
f 6517/6518/5710 6519/6519/5711 6520/6520/5712
f 6520/6520/5712 6519/6519/5711 6521/6521/5713
f 6520/6520/5712 6521/6521/5713 6522/6522/5714
f 6520/6520/5712 6522/6522/5714 6523/6523/5715
f 6524/6524/5716 6526/6525/5717 6525/6526/5718
f 6524/6524/5716 6525/6526/5718 6527/6527/5719
f 6527/6527/5719 6525/6526/5718 6528/6528/5720
f 6529/6529/5721 6531/6530/5722 6530/6531/5722
f 6530/6531/5722 6531/6530/5722 6532/6532/5721
f 6533/6533/5723 6535/6534/5724 6534/6535/5725
f 6533/6533/5723 6536/6536/5726 6535/6534/5724
f 6537/6537/5727 6539/6538/5728 6538/6539/5729
f 6537/6537/5727 6538/6539/5729 6540/6540/5730
f 6540/6540/5730 6538/6539/5729 6541/6541/5731
f 6542/6542/5732 6544/6543/5733 6543/6544/5734
f 6542/6542/5732 6545/6545/5735 6544/6543/5733
f 6546/6546/5736 6548/6547/5737 6547/6548/5738
f 6547/6548/5738 6548/6547/5737 6549/6549/5739
f 6550/6550/5740 6552/6551/5741 6551/6552/5741
f 6551/6552/5741 6552/6551/5741 6553/6553/5740
f 6554/6554/5742 6556/6555/5743 6555/6556/5744
f 6554/6554/5742 6557/6557/5745 6556/6555/5743
f 6558/6558/5746 6560/6559/5747 6559/6560/5748
f 6558/6558/5746 6561/6561/5749 6560/6559/5747
f 6562/6562/5750 6564/6563/5751 6563/6564/5752
f 6562/6562/5750 6565/6565/5753 6564/6563/5751
f 6566/6566/5754 6568/6567/5755 6567/6568/5756
f 6566/6566/5754 6569/6569/5757 6568/6567/5755
f 6570/6570/4495 6572/6571/4496 6571/6572/4496
f 6571/6572/4496 6572/6571/4496 6573/6573/4495
f 6574/6574/5289 6576/6575/5289 6575/6576/5290
f 6577/6577/5290 6576/6575/5289 6574/6574/5289
f 6578/6578/5758 6580/6579/5759 6579/6580/5759
f 6579/6580/5759 6580/6579/5759 6581/6581/5758
f 6582/6582/5760 6584/6583/5761 6583/6584/5762
f 6585/6585/4217 6587/6586/4217 6586/6587/4216
f 6588/6588/4216 6587/6586/4217 6585/6585/4217
f 6589/6589/4417 6591/6590/4417 6590/6591/4416
f 6592/6592/4416 6591/6590/4417 6589/6589/4417
f 6593/6593/5763 6595/6594/5763 6594/6595/5764
f 6596/6596/5764 6595/6594/5763 6593/6593/5763
f 6597/6597/5765 6599/6598/5766 6598/6599/5767
f 6598/6599/5767 6599/6598/5766 6600/6600/5768
f 6601/6601/5769 6599/6598/5766 6597/6597/5765
f 6601/6601/5769 6602/6602/5770 6599/6598/5766
f 6603/6603/5771 6602/6602/5770 6601/6601/5769
f 6603/6603/5771 6604/6604/5772 6602/6602/5770
f 6603/6603/5771 6605/6605/5773 6604/6604/5772
f 6606/6606/5774 6605/6605/5773 6603/6603/5771
f 6605/6605/5773 6606/6606/5774 6607/6607/5775
f 6607/6607/5775 6606/6606/5774 6608/6608/5776
f 6607/6607/5775 6608/6608/5776 6609/6609/5777
f 6607/6607/5775 6609/6609/5777 6610/6610/5778
f 6610/6610/5778 6609/6609/5777 6611/6611/5779
f 6611/6611/5779 6612/6612/5780 6610/6610/5778
f 6613/6613/5781 6612/6612/5780 6611/6611/5779
f 6614/6614/5782 6612/6612/5780 6613/6613/5781
f 6614/6614/5782 6615/6615/5783 6612/6612/5780
f 6615/6615/5783 6614/6614/5782 6616/6616/5784
f 6617/6617/5785 6616/6616/5784 6614/6614/5782
f 6617/6617/5785 6618/6618/5786 6616/6616/5784
f 6619/6619/5787 6618/6618/5786 6617/6617/5785
f 6619/6619/5787 6620/6620/5788 6618/6618/5786
f 6621/6621/5789 6620/6620/5788 6619/6619/5787
f 6622/6622/5790 6624/6623/5791 6623/6624/5790
f 6623/6624/5790 6625/6625/5791 6622/6622/5790
f 6626/6626/5792 6628/6627/5793 6627/6628/5794
f 6626/6626/5792 6627/6628/5794 6629/6629/5795
f 6626/6626/5792 6629/6629/5795 6630/6630/5796
f 6631/6631/5797 6633/6632/5798 6632/6633/5799
f 6634/6634/5800 6636/6635/5801 6635/6636/5802
f 6634/6634/5800 6635/6636/5802 6637/6637/5803
f 6634/6634/5800 6638/6638/5804 6636/6635/5801
f 6634/6634/5800 6639/6639/5805 6638/6638/5804
f 6640/6640/5806 6642/6641/5807 6641/6642/5808
f 6641/6642/5808 6642/6641/5807 6643/6643/5809
f 6644/6644/5810 6646/6645/5811 6645/6646/5812
f 6644/6644/5810 6647/6647/5813 6646/6645/5811
f 6648/6648/5814 6647/6647/5813 6644/6644/5810
f 6649/6649/5815 6651/6650/5815 6650/6651/5816
f 6652/6652/5816 6651/6650/5815 6649/6649/5815
f 6653/6653/5817 6655/6654/5818 6654/6655/5819
f 6653/6653/5817 6656/6656/5820 6655/6654/5818
f 6657/6657/5821 6659/6658/5822 6658/6659/5823
f 6658/6659/5823 6659/6658/5822 6660/6660/5824
f 6658/6659/5823 6661/6661/5825 6657/6657/5821
f 6658/6659/5823 6662/6662/5826 6661/6661/5825
f 6663/6663/5827 6662/6662/5826 6658/6659/5823
f 6662/6662/5826 6663/6663/5827 6664/6664/5828
f 6662/6662/5826 6664/6664/5828 6665/6665/5829
f 6662/6662/5826 6665/6665/5829 6666/6666/5830
f 6667/6667/5831 6669/6668/5831 6668/6669/5832
f 6667/6667/5831 6670/6670/5832 6669/6668/5831
f 6671/6671/5833 6673/6672/5833 6672/6673/5834
f 6674/6674/5835 6673/6672/5833 6671/6671/5833
f 6675/6675/5836 6677/6676/5837 6676/6677/5838
f 6675/6675/5836 6676/6677/5838 6678/6678/5839
f 6679/6679/5840 6681/6680/5841 6680/6681/5842
f 6679/6679/5840 6682/6682/5843 6681/6680/5841
f 6683/6683/5844 6685/6684/5845 6684/6685/5846
f 6684/6685/5846 6685/6684/5845 6686/6686/5847
f 6684/6685/5846 6687/6687/5825 6683/6683/5844
f 6684/6685/5846 6688/6688/5848 6687/6687/5825
f 6689/6689/5849 6688/6688/5848 6684/6685/5846
f 6688/6688/5848 6689/6689/5849 6690/6690/5850
f 6688/6688/5848 6690/6690/5850 6691/6691/5851
f 6688/6688/5848 6691/6691/5851 6692/6692/5852
f 6693/6693/5853 6695/6694/5854 6694/6695/5855
f 6693/6693/5853 6694/6695/5855 6696/6696/5856
f 6697/6697/5857 6699/6698/5858 6698/6699/5859
f 6698/6699/5859 6699/6698/5858 6700/6700/5860
f 6701/6701/5861 6703/6702/5862 6702/6703/5863
f 6704/6704/5864 6702/6703/5863 6703/6702/5862
f 6705/6705/5865 6707/6706/5866 6706/6707/5867
f 6705/6705/5865 6708/6708/5868 6707/6706/5866
f 6709/6709/5869 6708/6708/5868 6705/6705/5865
f 6710/6710/5870 6712/6711/5871 6711/6712/5872
f 6710/6710/5870 6713/6713/5872 6712/6711/5871
f 6714/6714/5873 6716/6715/5874 6715/6716/5875
f 6717/6717/5876 6715/6716/5875 6716/6715/5874
f 6718/6718/5877 6720/6719/5878 6719/6720/5879
f 6719/6720/5879 6720/6719/5878 6721/6721/5880
f 6722/6722/5881 6724/6723/5882 6723/6724/5883
f 6722/6722/5881 6723/6724/5883 6725/6725/5884
f 6726/6726/5885 6728/6727/5886 6727/6728/5887
f 6729/6729/5888 6726/6726/5885 6727/6728/5887
f 6730/6730/5889 6732/6731/5890 6731/6732/5891
f 6733/6733/5892 6730/6730/5889 6731/6732/5891
f 6734/6734/5893 6736/6735/5894 6735/6736/5895
f 6734/6734/5893 6735/6736/5895 6737/6737/5896
f 6738/6738/5897 6740/6739/5898 6739/6740/5899
f 6738/6738/5897 6739/6740/5899 6741/6741/5900
f 6742/6742/5901 6744/6743/5902 6743/6744/5903
f 6745/6745/5904 6747/6746/5905 6746/6747/5906
f 6745/6745/5904 6746/6747/5906 6748/6748/5907
f 6749/6749/5908 6751/6750/5909 6750/6751/5910
f 6749/6749/5908 6750/6751/5910 6752/6752/5911
f 6753/6753/5912 6755/6754/5913 6754/6755/5914
f 6756/6756/5915 6755/6754/5913 6753/6753/5912
f 6757/6757/5916 6759/6758/5917 6758/6759/5918
f 6760/6760/5919 6759/6758/5917 6757/6757/5916
f 6761/6761/5920 6763/6762/5921 6762/6763/5922
f 6764/6764/5923 6763/6762/5921 6761/6761/5920
f 6765/6765/5924 6767/6766/5925 6766/6767/5926
f 6768/6768/5927 6767/6766/5925 6765/6765/5924
f 6769/6769/5928 6771/6770/5929 6770/6771/5930
f 6772/6772/5931 6771/6770/5929 6769/6769/5928
f 6773/6773/5932 6775/6774/5933 6774/6775/5934
f 6776/6776/5935 6775/6774/5933 6773/6773/5932
f 6777/6777/5936 6779/6778/5937 6778/6779/5938
f 6779/6778/5937 6777/6777/5936 6780/6780/5939
f 6781/6781/5940 6783/6782/5941 6782/6783/5942
f 6783/6782/5941 6781/6781/5940 6784/6784/5943
f 6785/6785/5944 6787/6786/5945 6786/6787/5946
f 6785/6785/5944 6786/6787/5946 6788/6788/5947
f 6789/6789/5948 6791/6790/5949 6790/6791/5950
f 6791/6790/5949 6789/6789/5948 6792/6792/5951
f 6793/6793/5952 6795/6794/5953 6794/6795/5954
f 6796/6796/5955 6795/6794/5953 6793/6793/5952
f 6797/6797/5956 6799/6798/5957 6798/6799/5958
f 6800/6800/5959 6802/6801/5960 6801/6802/5961
f 6803/6803/5962 6802/6801/5960 6800/6800/5959
f 6802/6801/5960 6803/6803/5962 6804/6804/5963
f 6805/6805/5964 6807/6806/5965 6806/6807/5965
f 6806/6807/5965 6807/6806/5965 6808/6808/5964
f 6809/6809/5966 6811/6810/5967 6810/6811/5968
f 6812/6812/5969 6814/6813/5970 6813/6814/5971
f 6812/6812/5969 6815/6815/5972 6814/6813/5970
f 6816/6816/5973 6818/6817/5974 6817/6818/5975
f 6816/6816/5973 6817/6818/5975 6819/6819/5976
f 6820/6820/5977 6822/6821/5978 6821/6822/5979
f 6823/6823/5980 6822/6821/5978 6820/6820/5977
f 6824/6824/5981 6826/6825/5982 6825/6826/5983
f 6827/6827/5984 6829/6828/5985 6828/6829/5986
f 6830/6830/5987 6832/6831/5988 6831/6832/5989
f 6833/6833/5990 6835/6834/5991 6834/6835/5992
f 6833/6833/5990 6836/6836/5993 6835/6834/5991
f 6837/6837/5981 6839/6838/5994 6838/6839/5995
f 6840/6840/5996 6842/6841/5997 6841/6842/5998
f 6840/6840/5996 6843/6843/5999 6842/6841/5997
f 6844/6844/6000 6846/6845/6001 6845/6846/6002
f 6847/6847/6003 6849/6848/6004 6848/6849/6005
f 6847/6847/6003 6850/6850/6006 6849/6848/6004
f 6851/6851/6007 6853/6852/6008 6852/6853/6009
f 6854/6854/6010 6856/6855/6011 6855/6856/6012
f 6854/6854/6010 6855/6856/6012 6857/6857/6013
f 6858/6858/6014 6860/6859/6015 6859/6860/6015
f 6859/6860/6015 6860/6859/6015 6861/6861/6014
f 6862/6862/6016 6864/6863/6017 6863/6864/6018
f 6864/6863/6017 6862/6862/6016 6865/6865/6019
f 6866/6866/6020 6868/6867/6021 6867/6868/6022
f 6869/6869/6023 6871/6870/6024 6870/6871/6025
f 6872/6872/6025 6871/6870/6024 6869/6869/6023
f 6873/6873/6026 6875/6874/6027 6874/6875/6027
f 6874/6875/6027 6875/6874/6027 6876/6876/6026
f 6877/6877/4099 6879/6878/6028 6878/6879/6029
f 6878/6879/6029 6879/6878/6028 6880/6880/6030
f 6878/6879/6029 6880/6880/6030 6881/6881/6031
f 6877/6877/4099 6878/6879/6029 6882/6882/6032
f 6883/6883/6033 6885/6884/6034 6884/6885/6035
f 6884/6885/6035 6885/6884/6034 6886/6886/6036
f 6884/6885/6035 6886/6886/6036 6887/6887/6037
f 6883/6883/6033 6884/6885/6035 6888/6888/6038
f 6889/6889/6039 6891/6890/6040 6890/6891/6041
f 6892/6892/4420 6894/6893/4421 6893/6894/4421
f 6893/6894/4421 6894/6893/4421 6895/6895/4420
f 6896/6896/6042 6898/6897/6043 6897/6898/6043
f 6897/6898/6043 6898/6897/6043 6899/6899/6042
f 6900/6900/6044 6902/6901/6044 6901/6902/6045
f 6903/6903/6045 6902/6901/6044 6900/6900/6044
f 6904/6904/6046 6906/6905/6047 6905/6906/6047
f 6905/6906/6047 6906/6905/6047 6907/6907/6048
f 6908/6908/6049 6910/6909/6050 6909/6910/6050
f 6909/6910/6050 6910/6909/6050 6911/6911/6049
f 6912/6912/6051 6914/6913/6052 6913/6914/6052
f 6913/6914/6052 6914/6913/6052 6915/6915/6051
f 6916/6916/4491 6918/6917/4492 6917/6918/4492
f 6917/6918/4492 6918/6917/4492 6919/6919/4491
f 6920/6920/6053 6922/6921/6054 6921/6922/6055
f 6923/6923/5964 6925/6924/5965 6924/6925/5965
f 6924/6925/5965 6925/6924/5965 6926/6926/5964
f 6927/6927/6056 6929/6928/6057 6928/6929/6058
f 6930/6930/6059 6932/6931/6060 6931/6932/6061
f 6930/6930/6059 6933/6933/6062 6932/6931/6060
f 6934/6934/6063 6936/6935/6064 6935/6936/6064
f 6935/6936/6064 6936/6935/6064 6937/6937/6063
f 6938/6938/6065 6940/6939/6066 6939/6940/6067
f 6941/6941/6068 6943/6942/6066 6942/6943/6069
f 6944/6944/6070 6946/6945/6071 6945/6946/6072
f 6947/6947/6073 6949/6948/6074 6948/6949/6075
f 6947/6947/6073 6950/6950/6076 6949/6948/6074
f 6951/6951/6077 6953/6952/6078 6952/6953/6078
f 6952/6953/6078 6953/6952/6078 6954/6954/6077
f 6955/6955/6079 6957/6956/6080 6956/6957/6081
f 6958/6958/6082 6960/6959/6083 6959/6960/6084
f 6958/6958/6082 6961/6961/6085 6960/6959/6083
f 6962/6962/6086 6964/6963/6087 6963/6964/6088
f 6962/6962/6086 6965/6965/6089 6964/6963/6087
f 6966/6966/6090 6965/6965/6089 6962/6962/6086
f 6967/6967/6091 6969/6968/6092 6968/6969/6093
f 6967/6967/6091 6970/6970/6094 6969/6968/6092
f 6971/6971/6095 6970/6970/6094 6967/6967/6091
f 6972/6972/6096 6974/6973/6097 6973/6974/6098
f 6973/6974/6098 6975/6975/6099 6972/6972/6096
f 6973/6974/6098 6976/6976/6100 6975/6975/6099
f 6975/6975/6099 6976/6976/6100 6977/6977/6101
f 6978/6978/6102 6980/6979/6103 6979/6980/6104
f 6978/6978/6102 6981/6981/6105 6980/6979/6103
f 6982/6982/6106 6981/6981/6105 6978/6978/6102
f 6983/6983/6107 6985/6984/6108 6984/6985/6109
f 6983/6983/6107 6986/6986/6110 6985/6984/6108
f 6987/6987/6111 6989/6988/6112 6988/6989/6113
f 6987/6987/6111 6988/6989/6113 6990/6990/6114
f 6991/6991/6115 6987/6987/6111 6990/6990/6114
f 6992/6992/4062 6989/6988/6112 6987/6987/6111
f 6993/6993/6116 6995/6994/6117 6994/6995/6118
f 6994/6995/6118 6996/6996/6119 6993/6993/6116
f 6994/6995/6118 6997/6997/6120 6996/6996/6119
f 6996/6996/6119 6997/6997/6120 6998/6998/6121
f 6999/6999/6122 7001/7000/6123 7000/7001/6124
f 7002/7002/6125 7001/7000/6123 6999/6999/6122
f 7003/7003/6126 7005/7004/6127 7004/7005/6128
f 7003/7003/6126 7006/7006/6129 7005/7004/6127
f 7007/7007/6130 7009/7008/6131 7008/7009/6132
f 7010/7010/6133 7009/7008/6131 7007/7007/6130
f 7011/7011/6134 7013/7012/6135 7012/7013/6136
f 7014/7014/6137 7016/7015/6138 7015/7016/6139
f 7017/7017/6140 7019/7018/6141 7018/7019/6142
f 7020/7020/6143 7019/7018/6141 7017/7017/6140
f 7021/7021/6144 7023/7022/6145 7022/7023/6146
f 7023/7022/6145 7021/7021/6144 7024/7024/6147
f 7025/7025/6148 7027/7026/6149 7026/7027/6150
f 7028/7028/6151 7027/7026/6149 7025/7025/6148
f 7029/7029/6152 7031/7030/6153 7030/7031/6154
f 7031/7030/6153 7029/7029/6152 7032/7032/6155
f 7033/7033/6156 7031/7030/6153 7032/7032/6155
f 7034/7034/6157 7036/7035/6158 7035/7036/6159
f 7037/7037/6160 7039/7038/6161 7038/7039/6162
f 7040/7040/6163 7042/7041/6164 7041/7042/6165
f 7040/7040/6163 7043/7043/6166 7042/7041/6164
f 7044/7044/6167 7046/7045/6168 7045/7046/6169
f 7047/7047/6170 7046/7045/6168 7044/7044/6167
f 7048/7048/6171 7050/7049/6172 7049/7050/6173
f 7050/7049/6172 7048/7048/6171 7051/7051/6174
f 7052/7052/3391 7054/7053/6175 7053/7054/6176
f 7052/7052/3391 7055/7055/6177 7054/7053/6175
f 7053/7054/6176 7054/7053/6175 7056/7056/3769
f 7054/7053/6175 7055/7055/6177 7057/7057/4309
f 7058/7058/6178 7060/7059/6179 7059/7060/6180
f 7058/7058/6178 7061/7061/6181 7060/7059/6179
f 7062/7062/6182 7064/7063/6183 7063/7064/6184
f 7062/7062/6182 7065/7065/6185 7064/7063/6183
f 7066/7066/6186 7067/7067/6187 3748/3748/3360
f 7068/7068/6188 7067/7067/6187 7066/7066/6186
f 3748/3748/3360 3750/3750/3362 7066/7066/6186
f 7069/7069/4311 7071/7070/3013 7070/7071/6189
f 7069/7069/4311 7072/7072/3995 7071/7070/3013
f 7070/7071/6189 7071/7070/3013 7073/7073/6190
f 7071/7070/3013 7072/7072/3995 7074/7074/3014
f 7075/7075/6191 7077/7076/6192 7076/7077/6193
f 7075/7075/6191 7076/7077/6193 7078/7078/6194
f 7079/7079/6195 7081/7080/6196 7080/7081/6197
f 7080/7081/6197 7081/7080/6196 7082/7082/6198
f 7083/7083/6199 7085/7084/6200 7084/7085/6201
f 7083/7083/6199 7084/7085/6201 7086/7086/6202
f 7087/7087/6203 7089/7088/6204 7088/7089/6205
f 7087/7087/6203 7088/7089/6205 7090/7090/6206
f 7091/7091/6207 7093/7092/6208 7092/7093/6209
f 7094/7094/6210 7093/7092/6208 7091/7091/6207
f 3629/3629/3248 7096/7095/6211 7095/7096/6212
f 3629/3629/3248 3626/3626/3245 7096/7095/6211
f 7097/7097/6213 7099/7098/6214 7098/7099/6215
f 7100/7100/6216 7099/7098/6214 7097/7097/6213
f 7101/7101/6217 7102/7102/6218 3802/3802/3413
f 7101/7101/6217 3802/3802/3413 3793/3794/3405
f 7103/7103/6219 7105/7104/6220 7104/7105/6221
f 7103/7103/6219 7104/7105/6221 7106/7106/6222
f 7107/7107/6223 7109/7108/6224 7108/7109/6225
f 7108/7109/6225 7109/7108/6224 7110/7110/6226
f 7111/7111/6227 7113/7112/6228 7112/7113/6229
f 7114/7114/6230 7116/7115/6231 7115/7116/6232
f 7115/7116/6232 7116/7115/6231 7117/7117/6233
f 7118/7118/6234 7120/7119/6235 7119/7120/6236
f 7121/7121/6237 7123/7122/6238 7122/7123/6239
f 7124/7124/6230 7126/7125/6240 7125/7126/6241
f 7125/7126/6241 7126/7125/6240 7127/7127/6233
f 7128/7128/6242 7130/7129/6243 7129/7130/6244
f 7131/7131/6245 7133/7132/6246 7132/7133/6247
f 7132/7133/6247 7133/7132/6246 7134/7134/6248
f 7135/7135/6242 7137/7136/6249 7136/7137/6250
f 7138/7138/6251 7140/7139/6252 7139/7140/6253
f 7139/7140/6253 7140/7139/6252 7141/7141/6254
f 7142/7142/6255 7144/7143/6256 7143/7144/6257
f 7145/7145/6258 7147/7146/6259 7146/7147/6260
f 7146/7147/6260 7147/7146/6259 7148/7148/6261
f 7149/7149/6262 7151/7150/6263 7150/7151/6264
f 7152/7152/6265 7154/7153/6266 7153/7154/6267
f 7153/7154/6267 7154/7153/6266 7155/7155/6268
f 7156/7156/6269 7158/7157/6263 7157/7158/6257
f 7159/7159/6270 7161/7160/6271 7160/7161/6272
f 7160/7161/6272 7161/7160/6271 7162/7162/6273
f 7163/7163/6274 7165/7164/6275 7164/7165/6276
f 7166/7166/6277 7168/7167/6278 7167/7168/6279
f 7167/7168/6279 7168/7167/6278 7169/7169/6280
f 7170/7170/6281 7172/7171/6282 7171/7172/6283
f 7173/7173/6284 7175/7174/6285 7174/7175/6286
f 7174/7175/6286 7175/7174/6285 7176/7176/6287
f 7177/7177/6288 7179/7178/6289 7178/7179/6290
f 7180/7180/6291 7182/7181/6292 7181/7182/6293
f 7183/7183/6294 7182/7181/6292 7180/7180/6291
f 7181/7182/6293 7182/7181/6292 7184/7184/6295
f 7185/7185/6296 7187/7186/6297 7186/7187/6298
f 7186/7187/6298 7187/7186/6297 7188/7188/6299
f 7189/7189/6300 7191/7190/6301 7190/7191/6302
f 7190/7191/6302 7191/7190/6301 7192/7192/6303
f 7193/7193/6304 7195/7194/6305 7194/7195/6306
f 7193/7193/6304 7194/7195/6306 7196/7196/6307
f 7197/7197/6308 7199/7198/6309 7198/7199/6310
f 7197/7197/6308 7198/7199/6310 7200/7200/6311
f 7201/7201/6312 7203/7202/6313 7202/7203/6314
f 7201/7201/6312 7202/7203/6314 7204/7204/6315
f 7205/7205/6316 7207/7206/6317 7206/7207/6318
f 7208/7208/6319 7207/7206/6317 7205/7205/6316
f 7206/7207/6318 7207/7206/6317 7209/7209/6320
f 7210/7210/6321 7212/7211/6322 7211/7212/6323
f 7210/7210/6321 7211/7212/6323 7213/7213/6324
f 7214/7214/6325 7216/7215/6326 7215/7216/6327
f 7214/7214/6325 7215/7216/6327 7217/7217/6328
f 7218/7218/6329 7220/7219/6330 7219/7220/6331
f 7218/7218/6329 7219/7220/6331 7221/7221/6332
f 7222/7222/6333 7224/7223/6334 7223/7224/6333
f 7222/7222/6333 7223/7224/6333 7225/7225/6334
f 7226/7226/6335 7228/7227/6336 7227/7228/6337
f 7226/7226/6335 7229/7229/6338 7228/7227/6336
f 7230/7230/6339 7232/7231/6340 7231/7232/6341
f 7230/7230/6339 7233/7233/6342 7232/7231/6340
f 7234/7234/6343 7236/7235/6344 7235/7236/6345
f 7234/7234/6343 7237/7237/6346 7236/7235/6344
f 7238/7238/6347 7240/7239/6348 7239/7240/6349
f 7239/7240/6349 7240/7239/6348 7241/7241/6350
f 7242/7242/6351 7244/7243/6352 7243/7244/6353
f 7243/7244/6353 7244/7243/6352 7245/7245/6354
f 7246/7246/6355 7248/7247/6355 7247/7248/6356
f 7249/7249/6356 7248/7247/6355 7246/7246/6355
f 7250/7250/6357 7252/7251/6358 7251/7252/6358
f 7251/7252/6358 7252/7251/6358 7253/7253/6357
f 7254/7254/6359 7256/7255/6360 7255/7256/6360
f 7255/7256/6360 7256/7255/6360 7257/7257/6359
f 7258/7258/6361 7260/7259/6362 7259/7260/6363
f 7259/7260/6363 7260/7259/6362 7261/7261/6364
f 7262/7262/6365 7264/7263/6366 7263/7264/6367
f 7265/7265/6367 7264/7263/6366 7262/7262/6365
f 7266/7266/6368 7268/7267/6369 7267/7268/6370
f 7267/7268/6370 7268/7267/6369 7269/7269/6368
f 7270/7270/6371 7272/7271/6372 7271/7272/6373
f 7273/7273/6374 7271/7272/6373 7272/7271/6372
f 7274/7274/6375 7276/7275/6376 7275/7276/6376
f 7275/7276/6376 7276/7275/6376 7277/7277/6375
f 7278/7278/6371 7280/7279/6372 7279/7280/6373
f 7281/7281/6374 7279/7280/6373 7280/7279/6372
f 7282/7282/6377 7284/7283/6378 7283/7284/6378
f 7283/7284/6378 7284/7283/6378 7285/7285/6377
f 7286/7286/6379 7288/7287/6380 7287/7288/6381
f 7289/7289/6382 7287/7288/6381 7288/7287/6380
f 7290/7290/6383 7292/7291/6384 7291/7292/6384
f 7291/7292/6384 7292/7291/6384 7293/7293/6383
f 7294/7294/6385 7296/7295/6386 7295/7296/6386
f 7295/7296/6386 7296/7295/6386 7297/7297/6385
f 7298/7298/6387 7300/7299/6387 7299/7300/6388
f 7301/7301/6388 7300/7299/6387 7298/7298/6387
f 7302/7302/6389 7304/7303/6389 7303/7304/6390
f 7305/7305/6390 7304/7303/6389 7302/7302/6389
f 7306/7306/6391 7308/7307/6392 7307/7308/6393
f 7306/7306/6391 7307/7308/6393 7309/7309/6394
f 7310/7310/6395 7312/7311/6396 7311/7312/6396
f 7311/7312/6396 7312/7311/6396 7313/7313/6397
f 7314/7314/6398 7316/7315/6399 7315/7316/6400
f 7315/7316/6400 7316/7315/6399 7317/7317/6401
f 7318/7318/6402 7320/7319/6403 7319/7320/6404
f 7321/7321/6405 7320/7319/6403 7318/7318/6402
f 7322/7322/6406 7324/7323/6407 7323/7324/6407
f 7323/7324/6407 7324/7323/6407 7325/7325/6406
f 7326/7326/6408 7328/7327/6409 7327/7328/6410
f 7329/7329/6411 7328/7327/6409 7326/7326/6408
f 7330/7330/6412 7332/7331/6413 7331/7332/6414
f 7333/7333/6415 7332/7331/6413 7330/7330/6412
f 7334/7334/6416 7336/7335/6417 7335/7336/6418
f 7337/7337/6415 7336/7335/6417 7334/7334/6416
f 7338/7338/6419 7340/7339/6420 7339/7340/6420
f 7339/7340/6420 7340/7339/6420 7341/7341/6419
f 7342/7342/6421 7344/7343/6421 7343/7344/6422
f 7345/7345/6422 7344/7343/6421 7342/7342/6421
f 7346/7346/6423 7348/7347/6424 7347/7348/6424
f 7347/7348/6424 7348/7347/6424 7349/7349/6423
f 7350/7350/6425 7352/7351/6426 7351/7352/6427
f 7353/7353/6428 7355/7354/6429 7354/7355/6429
f 7354/7355/6429 7355/7354/6429 7356/7356/6430
f 7357/7357/6431 7359/7358/6431 7358/7359/6432
f 7360/7360/6432 7359/7358/6431 7357/7357/6431
f 7361/7361/6433 7363/7362/6434 7362/7363/6435
f 7364/7364/6436 7363/7362/6434 7361/7361/6433
f 7365/7365/6437 7367/7366/6437 7366/7367/6438
f 7365/7365/6437 7368/7368/6438 7367/7366/6437
f 7369/7369/6439 7371/7370/6440 7370/7371/6441
f 7370/7371/6441 7371/7370/6440 7372/7372/6442
f 7373/7373/6443 7375/7374/6444 7374/7375/6444
f 7374/7375/6444 7375/7374/6444 7376/7376/6443
f 7377/7377/6445 7379/7378/6446 7378/7379/6447
f 7380/7380/6448 7382/7381/6449 7381/7382/6450
f 7380/7380/6448 7383/7383/6450 7382/7381/6449
f 7384/7384/6451 7386/7385/6451 7385/7386/6452
f 7384/7384/6451 7387/7387/6452 7386/7385/6451
f 7388/7388/6453 7390/7389/6454 7389/7390/6455
f 7391/7391/6456 7393/7392/6457 7392/7393/6458
f 7394/7394/6459 7396/7395/6460 7395/7396/6461
f 7397/7397/6462 7399/7398/6463 7398/7399/6464
f 7400/7400/6465 7402/7401/6466 7401/7402/6467
f 7403/7403/6468 7405/7404/6469 7404/7405/6470
f 7406/7406/6471 7408/7407/6472 7407/7408/6473
f 7409/7409/6474 7411/7410/6475 7410/7411/6476
f 7412/7412/6477 7410/7411/6476 7411/7410/6475
f 7413/7413/6478 7415/7414/6479 7414/7415/6480
f 7413/7413/6478 7416/7416/6481 7415/7414/6479
f 7417/7417/6482 7419/7418/6483 7418/7419/6484
f 7417/7417/6482 7420/7420/6485 7419/7418/6483
f 7421/7421/6486 7423/7422/6487 7422/7423/6488
f 7424/7424/6489 7422/7423/6488 7423/7422/6487
f 7425/7425/6490 7427/7426/6491 7426/7427/6492
f 7428/7428/6493 7430/7429/6494 7429/7430/6495
f 7431/7431/6496 7433/7432/6497 7432/7433/6498
f 7434/7434/6499 7432/7433/6498 7433/7432/6497
f 7435/7435/6500 7437/7436/6501 7436/7437/6502
f 7438/7438/6503 7436/7437/6502 7437/7436/6501
f 7439/7439/6504 7441/7440/6505 7440/7441/6506
f 7442/7442/6507 7440/7441/6506 7441/7440/6505
f 7443/7443/6508 7445/7444/6509 7444/7445/6510
f 7446/7446/6511 7448/7447/6512 7447/7448/6513
f 7449/7449/6490 7451/7450/6512 7450/7451/6514
f 7452/7452/6508 7454/7453/6515 7453/7454/6510
f 7455/7455/6516 7457/7456/6517 7456/7457/6518
f 7458/7458/6519 7460/7459/6520 7459/7460/6521
f 7458/7458/6519 7459/7460/6521 7461/7461/6522
f 7462/7462/6523 7464/7463/6524 7463/7464/6525
f 7465/7465/6523 7467/7466/6524 7466/7467/6525
f 7468/7468/6526 7470/7469/6527 7469/7470/6528
f 7468/7468/6526 7469/7470/6528 7471/7471/6529
f 7472/7472/6530 7474/7473/6531 7473/7474/6532
f 7473/7474/6532 7475/7475/6533 7472/7472/6530
f 7476/7476/6534 7478/7477/6535 7477/7478/6536
f 7476/7476/6534 7479/7479/6537 7478/7477/6535
f 7480/7480/6538 7482/7481/6539 7481/7482/6540
f 7481/7482/6540 7483/7483/6541 7480/7480/6538
f 7484/7484/6542 7486/7485/6543 7485/7486/6544
f 7484/7484/6542 7487/7487/6545 7486/7485/6543
f 7488/7488/6546 7490/7489/6547 7489/7490/6548
f 7488/7488/6546 7491/7491/6549 7490/7489/6547
f 7492/7492/6550 7494/7493/6551 7493/7494/6552
f 7492/7492/6550 7493/7494/6552 7495/7495/6553
f 7496/7496/6554 7498/7497/6555 7497/7498/6556
f 7496/7496/6554 7497/7498/6556 7499/7499/6557
f 7500/7500/6558 7502/7501/6558 7501/7502/6559
f 7503/7503/6559 7502/7501/6558 7500/7500/6558
f 7504/7504/6560 7506/7505/6560 7505/7506/6561
f 7507/7507/6561 7506/7505/6560 7504/7504/6560
f 7508/7508/6562 7510/7509/6563 7509/7510/6564
f 7511/7511/6565 7513/7512/6566 7512/7513/6567
f 7514/7514/6568 7516/7515/6569 7515/7516/6570
f 7517/7517/6571 7519/7518/6572 7518/7519/6573
f 7520/7520/6574 7522/7521/6575 7521/7522/6576
f 7523/7523/6577 7525/7524/6578 7524/7525/6579
f 7526/7526/6580 7528/7527/6581 7527/7528/6582
f 7526/7526/6580 7527/7528/6582 7529/7529/6583
f 7530/7530/6584 7532/7531/6585 7531/7532/6586
f 7530/7530/6584 7531/7532/6586 7533/7533/6587
f 7534/7534/6577 7536/7535/6588 7535/7536/6589
f 7537/7537/6590 7539/7538/6591 7538/7539/6592
f 3749/3749/3361 3747/3747/3359 7540/7540/6593
f 3710/3710/3322 3711/3711/3323 7541/7541/6594
f 7542/7542/6595 7544/7543/6596 7543/7544/6597
f 7545/7545/6598 7547/7546/6599 7546/7547/6600
f 7548/7548/6601 7550/7549/6602 7549/7550/6603
f 7551/7551/6595 7553/7552/6596 7552/7553/6597
f 7554/7554/6604 7556/7555/6605 7555/7556/6606
f 7557/7557/6607 7559/7558/6608 7558/7559/6609
f 7560/7560/6610 7562/7561/6611 7561/7562/6612
f 7563/7563/6613 7565/7564/6614 7564/7565/6615
f 7566/7566/6616 7568/7567/6617 7567/7568/6618
f 7569/7569/6619 7571/7570/6620 7570/7571/6621
f 7572/7572/6622 3755/3755/3367 3752/3752/3364
f 7573/7573/6623 7575/7574/6624 7574/7575/6625
f 7576/7576/6626 7578/7577/6627 7577/7578/6628
f 7579/7579/6629 7581/7580/6630 7580/7581/6631
