[05jun.2024 15:12:21.554] [main/INFO] [net.minecraftforge.userdev.ArgumentList/]: Duplicate entries for mixin.config Unindexable
[05jun.2024 15:12:21.610] [main/INFO] [cpw.mods.modlauncher.Launcher/MODLAUNCHER]: ModLauncher running: args [-mixin.config=beycraft.mixins.json, -mixin.config=beycraft.mixins.json, --username, grillo78, --uuid, b8a6cebf-7221-4d53-b120-6e759f14fbfb, --gameDir, ., --launchTarget, fmluserdevclient, --fml.mcpVersion, 20210115.111550, --fml.mcVersion, 1.16.5, --fml.forgeGroup, net.minecraftforge, --fml.forgeVersion, 36.2.29, --assetIndex, 1.16, --assetsDir, C:\Users\Grillo\.gradle\caches\forge_gradle\assets, --version, MOD_DEV, --accessToken, ❄❄❄❄❄❄❄❄, --userProperties, {}]
[05jun.2024 15:12:21.613] [main/INFO] [cpw.mods.modlauncher.Launcher/MODLAUNCHER]: ModLauncher 8.1.3+8.1.3+main-8.1.x.c94d18ec starting: java version 11.0.8 by AdoptOpenJDK
[05jun.2024 15:12:22.172] [main/INFO] [net.minecraftforge.fml.loading.FixSSL/CORE]: Added Lets Encrypt root certificates as additional trust
[05jun.2024 15:12:22.255] [main/INFO] [mixin/]: SpongePowered MIXIN Subsystem Version=0.8.4 Source=file:/C:/Users/Grillo/.gradle/caches/modules-2/files-2.1/org.spongepowered/mixin/0.8.4/4ec7d77d9ab32596ca0b78bb123956734767e3a/mixin-0.8.4.jar Service=ModLauncher Env=CLIENT
[05jun.2024 15:12:23.956] [main/INFO] [STDERR/]: [jdk.nashorn.api.scripting.NashornScriptEngine:<init>:143]: Warning: Nashorn engine is planned to be removed from a future JDK release
[05jun.2024 15:12:24.050] [main/INFO] [STDERR/]: [jdk.nashorn.api.scripting.NashornScriptEngine:<init>:143]: Warning: Nashorn engine is planned to be removed from a future JDK release
[05jun.2024 15:12:24.056] [main/INFO] [STDERR/]: [jdk.nashorn.api.scripting.NashornScriptEngine:<init>:143]: Warning: Nashorn engine is planned to be removed from a future JDK release
[05jun.2024 15:12:24.998] [main/INFO] [mixin/]: Successfully loaded Mixin Connector [vazkii.patchouli.common.MixinConnector]
[05jun.2024 15:12:25.001] [main/INFO] [cpw.mods.modlauncher.LaunchServiceHandler/MODLAUNCHER]: Launching target 'fmluserdevclient' with arguments [--version, MOD_DEV, --gameDir, ., --assetsDir, C:\Users\Grillo\.gradle\caches\forge_gradle\assets, --uuid, b8a6cebf-7221-4d53-b120-6e759f14fbfb, --username, grillo78, --assetIndex, 1.16, --accessToken, ❄❄❄❄❄❄❄❄, --userProperties, {}]
[05jun.2024 15:12:25.012] [main/WARN] [mixin/]: Reference map 'beycraft.refmap.json' for beycraft.mixins.json could not be read. If this is a development environment you can ignore this message
[05jun.2024 15:12:25.241] [main/INFO] [mixin/]: Remapping refMap parcool.refmap.json using D:\GitHub\BeyCraft/build/createSrgToMcp/output.srg
[05jun.2024 15:12:25.242] [main/INFO] [mixin/]: Remapping refMap patchouli.refmap.json using D:\GitHub\BeyCraft/build/createSrgToMcp/output.srg
[05jun.2024 15:12:57.128] [Render thread/INFO] [com.mojang.authlib.yggdrasil.YggdrasilAuthenticationService/]: Environment: authHost='https://authserver.mojang.com', accountsHost='https://api.mojang.com', sessionHost='https://sessionserver.mojang.com', servicesHost='https://api.minecraftservices.com', name='PROD'
[05jun.2024 15:12:57.655] [Render thread/INFO] [net.minecraft.client.Minecraft/]: Setting user: grillo78
[05jun.2024 15:12:57.794] [Render thread/INFO] [net.minecraft.client.Minecraft/]: Backend library: LWJGL version 3.2.2 build 10
[05jun.2024 15:12:58.347] [modloading-worker-2/INFO] [net.minecraftforge.common.ForgeMod/FORGEMOD]: Forge mod loading, version 36.2.29, for MC 1.16.5 with MCP 20210115.111550
[05jun.2024 15:12:58.348] [modloading-worker-2/INFO] [net.minecraftforge.common.MinecraftForge/FORGE]: MinecraftForge v36.2.29 Initialized
[05jun.2024 15:12:58.845] [modloading-worker-13/INFO] [grillo78.beycraft.Beycraft/]: 64 parts was found in BeyParts folder
[05jun.2024 15:12:58.888] [modloading-worker-13/INFO] [STDOUT/]: [friedrichlp.renderlib.util.ConsoleLogger:info:70]: [RENDERLIB-INFO] Registered new RenderLayer with ID 0
[05jun.2024 15:12:58.888] [modloading-worker-13/INFO] [STDOUT/]: [friedrichlp.renderlib.util.ConsoleLogger:info:71]: At: friedrichlp.renderlib.tracking.RenderManager.addRenderLayer()
[05jun.2024 15:12:58.927] [modloading-worker-13/INFO] [STDOUT/]: [friedrichlp.renderlib.util.ConsoleLogger:debug:100]: [32m[RENDERLIB-DEBUG] [0mRegistered model BeyParts\models\0.obj
[05jun.2024 15:12:58.927] [modloading-worker-13/INFO] [STDOUT/]: [friedrichlp.renderlib.util.ConsoleLogger:debug:101]: At: friedrichlp.renderlib.tracking.ModelManager.internal_registerModel()
[05jun.2024 15:12:58.947] [modloading-worker-13/INFO] [STDOUT/]: [friedrichlp.renderlib.util.ConsoleLogger:info:70]: [RENDERLIB-INFO] Registered new RenderLayer with ID 1
[05jun.2024 15:12:58.948] [modloading-worker-13/INFO] [STDOUT/]: [friedrichlp.renderlib.util.ConsoleLogger:info:71]: At: friedrichlp.renderlib.tracking.RenderManager.addRenderLayer()
[05jun.2024 15:12:58.948] [modloading-worker-13/INFO] [STDOUT/]: [friedrichlp.renderlib.util.ConsoleLogger:debug:100]: [32m[RENDERLIB-DEBUG] [0mRegistered model BeyParts\models\1.obj
[05jun.2024 15:12:58.948] [modloading-worker-13/INFO] [STDOUT/]: [friedrichlp.renderlib.util.ConsoleLogger:debug:101]: At: friedrichlp.renderlib.tracking.ModelManager.internal_registerModel()
[05jun.2024 15:12:58.949] [modloading-worker-13/INFO] [STDOUT/]: [friedrichlp.renderlib.util.ConsoleLogger:info:70]: [RENDERLIB-INFO] Registered new RenderLayer with ID 2
[05jun.2024 15:12:58.949] [modloading-worker-13/INFO] [STDOUT/]: [friedrichlp.renderlib.util.ConsoleLogger:info:71]: At: friedrichlp.renderlib.tracking.RenderManager.addRenderLayer()
[05jun.2024 15:12:58.949] [modloading-worker-13/INFO] [STDOUT/]: [friedrichlp.renderlib.util.ConsoleLogger:debug:100]: [32m[RENDERLIB-DEBUG] [0mRegistered model BeyParts\models\11.obj
[05jun.2024 15:12:58.949] [modloading-worker-13/INFO] [STDOUT/]: [friedrichlp.renderlib.util.ConsoleLogger:debug:101]: At: friedrichlp.renderlib.tracking.ModelManager.internal_registerModel()
[05jun.2024 15:12:58.951] [modloading-worker-13/INFO] [STDOUT/]: [friedrichlp.renderlib.util.ConsoleLogger:info:70]: [RENDERLIB-INFO] Registered new RenderLayer with ID 3
[05jun.2024 15:12:58.951] [modloading-worker-13/INFO] [STDOUT/]: [friedrichlp.renderlib.util.ConsoleLogger:info:71]: At: friedrichlp.renderlib.tracking.RenderManager.addRenderLayer()
[05jun.2024 15:12:58.951] [modloading-worker-13/INFO] [STDOUT/]: [friedrichlp.renderlib.util.ConsoleLogger:debug:100]: [32m[RENDERLIB-DEBUG] [0mRegistered model BeyParts\models\12.obj
[05jun.2024 15:12:58.951] [modloading-worker-13/INFO] [STDOUT/]: [friedrichlp.renderlib.util.ConsoleLogger:debug:101]: At: friedrichlp.renderlib.tracking.ModelManager.internal_registerModel()
[05jun.2024 15:12:58.965] [modloading-worker-13/INFO] [STDOUT/]: [friedrichlp.renderlib.util.ConsoleLogger:info:70]: [RENDERLIB-INFO] Registered new RenderLayer with ID 4
[05jun.2024 15:12:58.966] [modloading-worker-13/INFO] [STDOUT/]: [friedrichlp.renderlib.util.ConsoleLogger:info:71]: At: friedrichlp.renderlib.tracking.RenderManager.addRenderLayer()
[05jun.2024 15:12:58.966] [modloading-worker-13/INFO] [STDOUT/]: [friedrichlp.renderlib.util.ConsoleLogger:debug:100]: [32m[RENDERLIB-DEBUG] [0mRegistered model BeyParts\models\4.obj
[05jun.2024 15:12:58.966] [modloading-worker-13/INFO] [STDOUT/]: [friedrichlp.renderlib.util.ConsoleLogger:debug:101]: At: friedrichlp.renderlib.tracking.ModelManager.internal_registerModel()
[05jun.2024 15:12:58.967] [modloading-worker-13/INFO] [STDOUT/]: [friedrichlp.renderlib.util.ConsoleLogger:info:70]: [RENDERLIB-INFO] Registered new RenderLayer with ID 5
[05jun.2024 15:12:58.967] [modloading-worker-13/INFO] [STDOUT/]: [friedrichlp.renderlib.util.ConsoleLogger:info:71]: At: friedrichlp.renderlib.tracking.RenderManager.addRenderLayer()
[05jun.2024 15:12:58.967] [modloading-worker-13/INFO] [STDOUT/]: [friedrichlp.renderlib.util.ConsoleLogger:debug:100]: [32m[RENDERLIB-DEBUG] [0mRegistered model BeyParts\models\6.obj
[05jun.2024 15:12:58.967] [modloading-worker-13/INFO] [STDOUT/]: [friedrichlp.renderlib.util.ConsoleLogger:debug:101]: At: friedrichlp.renderlib.tracking.ModelManager.internal_registerModel()
[05jun.2024 15:12:58.968] [modloading-worker-13/INFO] [STDOUT/]: [friedrichlp.renderlib.util.ConsoleLogger:info:70]: [RENDERLIB-INFO] Registered new RenderLayer with ID 6
[05jun.2024 15:12:58.968] [modloading-worker-13/INFO] [STDOUT/]: [friedrichlp.renderlib.util.ConsoleLogger:info:71]: At: friedrichlp.renderlib.tracking.RenderManager.addRenderLayer()
[05jun.2024 15:12:58.968] [modloading-worker-13/INFO] [STDOUT/]: [friedrichlp.renderlib.util.ConsoleLogger:debug:100]: [32m[RENDERLIB-DEBUG] [0mRegistered model BeyParts\models\7.obj
[05jun.2024 15:12:58.968] [modloading-worker-13/INFO] [STDOUT/]: [friedrichlp.renderlib.util.ConsoleLogger:debug:101]: At: friedrichlp.renderlib.tracking.ModelManager.internal_registerModel()
[05jun.2024 15:12:58.982] [modloading-worker-13/INFO] [STDOUT/]: [friedrichlp.renderlib.util.ConsoleLogger:info:70]: [RENDERLIB-INFO] Registered new RenderLayer with ID 7
[05jun.2024 15:12:58.982] [modloading-worker-13/INFO] [STDOUT/]: [friedrichlp.renderlib.util.ConsoleLogger:info:71]: At: friedrichlp.renderlib.tracking.RenderManager.addRenderLayer()
[05jun.2024 15:12:58.982] [modloading-worker-13/INFO] [STDOUT/]: [friedrichlp.renderlib.util.ConsoleLogger:debug:100]: [32m[RENDERLIB-DEBUG] [0mRegistered model BeyParts\models\8.obj
[05jun.2024 15:12:58.983] [modloading-worker-13/INFO] [STDOUT/]: [friedrichlp.renderlib.util.ConsoleLogger:debug:101]: At: friedrichlp.renderlib.tracking.ModelManager.internal_registerModel()
[05jun.2024 15:12:58.987] [modloading-worker-13/INFO] [STDOUT/]: [friedrichlp.renderlib.util.ConsoleLogger:info:70]: [RENDERLIB-INFO] Registered new RenderLayer with ID 8
[05jun.2024 15:12:58.987] [modloading-worker-13/INFO] [STDOUT/]: [friedrichlp.renderlib.util.ConsoleLogger:info:71]: At: friedrichlp.renderlib.tracking.RenderManager.addRenderLayer()
[05jun.2024 15:12:58.988] [modloading-worker-13/INFO] [STDOUT/]: [friedrichlp.renderlib.util.ConsoleLogger:debug:100]: [32m[RENDERLIB-DEBUG] [0mRegistered model BeyParts\models\Atomic.obj
[05jun.2024 15:12:58.988] [modloading-worker-13/INFO] [STDOUT/]: [friedrichlp.renderlib.util.ConsoleLogger:debug:101]: At: friedrichlp.renderlib.tracking.ModelManager.internal_registerModel()
[05jun.2024 15:12:59.012] [modloading-worker-13/INFO] [STDOUT/]: [friedrichlp.renderlib.util.ConsoleLogger:info:70]: [RENDERLIB-INFO] Registered new RenderLayer with ID 9
[05jun.2024 15:12:59.012] [modloading-worker-13/INFO] [STDOUT/]: [friedrichlp.renderlib.util.ConsoleLogger:info:71]: At: friedrichlp.renderlib.tracking.RenderManager.addRenderLayer()
[05jun.2024 15:12:59.012] [modloading-worker-13/INFO] [STDOUT/]: [friedrichlp.renderlib.util.ConsoleLogger:debug:100]: [32m[RENDERLIB-DEBUG] [0mRegistered model BeyParts\models\Blitz Wheel.obj
[05jun.2024 15:12:59.012] [modloading-worker-13/INFO] [STDOUT/]: [friedrichlp.renderlib.util.ConsoleLogger:debug:101]: At: friedrichlp.renderlib.tracking.ModelManager.internal_registerModel()
[05jun.2024 15:12:59.013] [modloading-worker-13/INFO] [STDOUT/]: [friedrichlp.renderlib.util.ConsoleLogger:info:70]: [RENDERLIB-INFO] Registered new RenderLayer with ID 10
[05jun.2024 15:12:59.013] [modloading-worker-13/INFO] [STDOUT/]: [friedrichlp.renderlib.util.ConsoleLogger:info:71]: At: friedrichlp.renderlib.tracking.RenderManager.addRenderLayer()
[05jun.2024 15:12:59.014] [modloading-worker-13/INFO] [STDOUT/]: [friedrichlp.renderlib.util.ConsoleLogger:debug:100]: [32m[RENDERLIB-DEBUG] [0mRegistered model BeyParts\models\Boost.obj
[05jun.2024 15:12:59.014] [modloading-worker-13/INFO] [STDOUT/]: [friedrichlp.renderlib.util.ConsoleLogger:debug:101]: At: friedrichlp.renderlib.tracking.ModelManager.internal_registerModel()
[05jun.2024 15:12:59.022] [modloading-worker-13/INFO] [STDOUT/]: [friedrichlp.renderlib.util.ConsoleLogger:info:70]: [RENDERLIB-INFO] Registered new RenderLayer with ID 11
[05jun.2024 15:12:59.022] [modloading-worker-13/INFO] [STDOUT/]: [friedrichlp.renderlib.util.ConsoleLogger:info:71]: At: friedrichlp.renderlib.tracking.RenderManager.addRenderLayer()
[05jun.2024 15:12:59.023] [modloading-worker-13/INFO] [STDOUT/]: [friedrichlp.renderlib.util.ConsoleLogger:debug:100]: [32m[RENDERLIB-DEBUG] [0mRegistered model BeyParts\models\Cho-Z Spriggan.obj
[05jun.2024 15:12:59.023] [modloading-worker-13/INFO] [STDOUT/]: [friedrichlp.renderlib.util.ConsoleLogger:debug:101]: At: friedrichlp.renderlib.tracking.ModelManager.internal_registerModel()
[05jun.2024 15:12:59.023] [modloading-worker-13/INFO] [STDOUT/]: [friedrichlp.renderlib.util.ConsoleLogger:info:70]: [RENDERLIB-INFO] Registered new RenderLayer with ID 12
[05jun.2024 15:12:59.023] [modloading-worker-13/INFO] [STDOUT/]: [friedrichlp.renderlib.util.ConsoleLogger:info:71]: At: friedrichlp.renderlib.tracking.RenderManager.addRenderLayer()
[05jun.2024 15:12:59.024] [modloading-worker-13/INFO] [STDOUT/]: [friedrichlp.renderlib.util.ConsoleLogger:debug:100]: [32m[RENDERLIB-DEBUG] [0mRegistered model BeyParts\models\Cho-Z Valkyrie.obj
[05jun.2024 15:12:59.024] [modloading-worker-13/INFO] [STDOUT/]: [friedrichlp.renderlib.util.ConsoleLogger:debug:101]: At: friedrichlp.renderlib.tracking.ModelManager.internal_registerModel()
[05jun.2024 15:12:59.037] [modloading-worker-13/INFO] [STDOUT/]: [friedrichlp.renderlib.util.ConsoleLogger:info:70]: [RENDERLIB-INFO] Registered new RenderLayer with ID 13
[05jun.2024 15:12:59.037] [modloading-worker-13/INFO] [STDOUT/]: [friedrichlp.renderlib.util.ConsoleLogger:info:71]: At: friedrichlp.renderlib.tracking.RenderManager.addRenderLayer()
[05jun.2024 15:12:59.037] [modloading-worker-13/INFO] [STDOUT/]: [friedrichlp.renderlib.util.ConsoleLogger:debug:100]: [32m[RENDERLIB-DEBUG] [0mRegistered model BeyParts\models\Cyber Wheel.obj
[05jun.2024 15:12:59.037] [modloading-worker-13/INFO] [STDOUT/]: [friedrichlp.renderlib.util.ConsoleLogger:debug:101]: At: friedrichlp.renderlib.tracking.ModelManager.internal_registerModel()
[05jun.2024 15:12:59.054] [modloading-worker-13/INFO] [STDOUT/]: [friedrichlp.renderlib.util.ConsoleLogger:info:70]: [RENDERLIB-INFO] Registered new RenderLayer with ID 14
[05jun.2024 15:12:59.055] [modloading-worker-13/INFO] [STDOUT/]: [friedrichlp.renderlib.util.ConsoleLogger:info:71]: At: friedrichlp.renderlib.tracking.RenderManager.addRenderLayer()
[05jun.2024 15:12:59.055] [modloading-worker-13/INFO] [STDOUT/]: [friedrichlp.renderlib.util.ConsoleLogger:debug:100]: [32m[RENDERLIB-DEBUG] [0mRegistered model BeyParts\models\C_Pegasus.obj
[05jun.2024 15:12:59.055] [modloading-worker-13/INFO] [STDOUT/]: [friedrichlp.renderlib.util.ConsoleLogger:debug:101]: At: friedrichlp.renderlib.tracking.ModelManager.internal_registerModel()
[05jun.2024 15:12:59.056] [modloading-worker-13/INFO] [STDOUT/]: [friedrichlp.renderlib.util.ConsoleLogger:info:70]: [RENDERLIB-INFO] Registered new RenderLayer with ID 15
[05jun.2024 15:12:59.056] [modloading-worker-13/INFO] [STDOUT/]: [friedrichlp.renderlib.util.ConsoleLogger:info:71]: At: friedrichlp.renderlib.tracking.RenderManager.addRenderLayer()
[05jun.2024 15:12:59.057] [modloading-worker-13/INFO] [STDOUT/]: [friedrichlp.renderlib.util.ConsoleLogger:debug:100]: [32m[RENDERLIB-DEBUG] [0mRegistered model BeyParts\models\Dark Deathscyther.obj
[05jun.2024 15:12:59.057] [modloading-worker-13/INFO] [STDOUT/]: [friedrichlp.renderlib.util.ConsoleLogger:debug:101]: At: friedrichlp.renderlib.tracking.ModelManager.internal_registerModel()
[05jun.2024 15:12:59.072] [modloading-worker-13/INFO] [STDOUT/]: [friedrichlp.renderlib.util.ConsoleLogger:info:70]: [RENDERLIB-INFO] Registered new RenderLayer with ID 16
[05jun.2024 15:12:59.073] [modloading-worker-13/INFO] [STDOUT/]: [friedrichlp.renderlib.util.ConsoleLogger:info:71]: At: friedrichlp.renderlib.tracking.RenderManager.addRenderLayer()
[05jun.2024 15:12:59.073] [modloading-worker-13/INFO] [STDOUT/]: [friedrichlp.renderlib.util.ConsoleLogger:debug:100]: [32m[RENDERLIB-DEBUG] [0mRegistered model BeyParts\models\Drain Fafnir.obj
[05jun.2024 15:12:59.074] [modloading-worker-13/INFO] [STDOUT/]: [friedrichlp.renderlib.util.ConsoleLogger:debug:101]: At: friedrichlp.renderlib.tracking.ModelManager.internal_registerModel()
[05jun.2024 15:12:59.075] [modloading-worker-13/INFO] [STDOUT/]: [friedrichlp.renderlib.util.ConsoleLogger:info:70]: [RENDERLIB-INFO] Registered new RenderLayer with ID 17
[05jun.2024 15:12:59.075] [modloading-worker-13/INFO] [STDOUT/]: [friedrichlp.renderlib.util.ConsoleLogger:info:71]: At: friedrichlp.renderlib.tracking.RenderManager.addRenderLayer()
[05jun.2024 15:12:59.075] [modloading-worker-13/INFO] [STDOUT/]: [friedrichlp.renderlib.util.ConsoleLogger:debug:100]: [32m[RENDERLIB-DEBUG] [0mRegistered model BeyParts\models\Evolution.obj
[05jun.2024 15:12:59.075] [modloading-worker-13/INFO] [STDOUT/]: [friedrichlp.renderlib.util.ConsoleLogger:debug:101]: At: friedrichlp.renderlib.tracking.ModelManager.internal_registerModel()
[05jun.2024 15:12:59.076] [modloading-worker-13/INFO] [STDOUT/]: [friedrichlp.renderlib.util.ConsoleLogger:info:70]: [RENDERLIB-INFO] Registered new RenderLayer with ID 18
[05jun.2024 15:12:59.076] [modloading-worker-13/INFO] [STDOUT/]: [friedrichlp.renderlib.util.ConsoleLogger:info:71]: At: friedrichlp.renderlib.tracking.RenderManager.addRenderLayer()
[05jun.2024 15:12:59.077] [modloading-worker-13/INFO] [STDOUT/]: [friedrichlp.renderlib.util.ConsoleLogger:debug:100]: [32m[RENDERLIB-DEBUG] [0mRegistered model BeyParts\models\Force.obj
[05jun.2024 15:12:59.077] [modloading-worker-13/INFO] [STDOUT/]: [friedrichlp.renderlib.util.ConsoleLogger:debug:101]: At: friedrichlp.renderlib.tracking.ModelManager.internal_registerModel()
[05jun.2024 15:12:59.079] [modloading-worker-13/INFO] [STDOUT/]: [friedrichlp.renderlib.util.ConsoleLogger:info:70]: [RENDERLIB-INFO] Registered new RenderLayer with ID 19
[05jun.2024 15:12:59.079] [modloading-worker-13/INFO] [STDOUT/]: [friedrichlp.renderlib.util.ConsoleLogger:info:71]: At: friedrichlp.renderlib.tracking.RenderManager.addRenderLayer()
[05jun.2024 15:12:59.079] [modloading-worker-13/INFO] [STDOUT/]: [friedrichlp.renderlib.util.ConsoleLogger:debug:100]: [32m[RENDERLIB-DEBUG] [0mRegistered model BeyParts\models\GGlaive.obj
[05jun.2024 15:12:59.079] [modloading-worker-13/INFO] [STDOUT/]: [friedrichlp.renderlib.util.ConsoleLogger:debug:101]: At: friedrichlp.renderlib.tracking.ModelManager.internal_registerModel()
[05jun.2024 15:12:59.081] [modloading-worker-13/INFO] [STDOUT/]: [friedrichlp.renderlib.util.ConsoleLogger:info:70]: [RENDERLIB-INFO] Registered new RenderLayer with ID 20
[05jun.2024 15:12:59.081] [modloading-worker-13/INFO] [STDOUT/]: [friedrichlp.renderlib.util.ConsoleLogger:info:71]: At: friedrichlp.renderlib.tracking.RenderManager.addRenderLayer()
[05jun.2024 15:12:59.081] [modloading-worker-13/INFO] [STDOUT/]: [friedrichlp.renderlib.util.ConsoleLogger:debug:100]: [32m[RENDERLIB-DEBUG] [0mRegistered model BeyParts\models\God Valkyrie.obj
[05jun.2024 15:12:59.081] [modloading-worker-13/INFO] [STDOUT/]: [friedrichlp.renderlib.util.ConsoleLogger:debug:101]: At: friedrichlp.renderlib.tracking.ModelManager.internal_registerModel()
[05jun.2024 15:12:59.082] [modloading-worker-13/INFO] [STDOUT/]: [friedrichlp.renderlib.util.ConsoleLogger:info:70]: [RENDERLIB-INFO] Registered new RenderLayer with ID 21
[05jun.2024 15:12:59.082] [modloading-worker-13/INFO] [STDOUT/]: [friedrichlp.renderlib.util.ConsoleLogger:info:71]: At: friedrichlp.renderlib.tracking.RenderManager.addRenderLayer()
[05jun.2024 15:12:59.082] [modloading-worker-13/INFO] [STDOUT/]: [friedrichlp.renderlib.util.ConsoleLogger:debug:100]: [32m[RENDERLIB-DEBUG] [0mRegistered model BeyParts\models\Gravity.obj
[05jun.2024 15:12:59.082] [modloading-worker-13/INFO] [STDOUT/]: [friedrichlp.renderlib.util.ConsoleLogger:debug:101]: At: friedrichlp.renderlib.tracking.ModelManager.internal_registerModel()
[05jun.2024 15:12:59.084] [modloading-worker-13/INFO] [STDOUT/]: [friedrichlp.renderlib.util.ConsoleLogger:info:70]: [RENDERLIB-INFO] Registered new RenderLayer with ID 22
[05jun.2024 15:12:59.084] [modloading-worker-13/INFO] [STDOUT/]: [friedrichlp.renderlib.util.ConsoleLogger:info:71]: At: friedrichlp.renderlib.tracking.RenderManager.addRenderLayer()
[05jun.2024 15:12:59.084] [modloading-worker-13/INFO] [STDOUT/]: [friedrichlp.renderlib.util.ConsoleLogger:debug:100]: [32m[RENDERLIB-DEBUG] [0mRegistered model BeyParts\models\Impact.obj
[05jun.2024 15:12:59.084] [modloading-worker-13/INFO] [STDOUT/]: [friedrichlp.renderlib.util.ConsoleLogger:debug:101]: At: friedrichlp.renderlib.tracking.ModelManager.internal_registerModel()
[05jun.2024 15:12:59.100] [modloading-worker-13/INFO] [STDOUT/]: [friedrichlp.renderlib.util.ConsoleLogger:info:70]: [RENDERLIB-INFO] Registered new RenderLayer with ID 23
[05jun.2024 15:12:59.100] [modloading-worker-13/INFO] [STDOUT/]: [friedrichlp.renderlib.util.ConsoleLogger:info:71]: At: friedrichlp.renderlib.tracking.RenderManager.addRenderLayer()
[05jun.2024 15:12:59.101] [modloading-worker-13/INFO] [STDOUT/]: [friedrichlp.renderlib.util.ConsoleLogger:debug:100]: [32m[RENDERLIB-DEBUG] [0mRegistered model BeyParts\models\Iron.obj
[05jun.2024 15:12:59.101] [modloading-worker-13/INFO] [STDOUT/]: [friedrichlp.renderlib.util.ConsoleLogger:debug:101]: At: friedrichlp.renderlib.tracking.ModelManager.internal_registerModel()
[05jun.2024 15:12:59.102] [modloading-worker-13/INFO] [STDOUT/]: [friedrichlp.renderlib.util.ConsoleLogger:info:70]: [RENDERLIB-INFO] Registered new RenderLayer with ID 24
[05jun.2024 15:12:59.102] [modloading-worker-13/INFO] [STDOUT/]: [friedrichlp.renderlib.util.ConsoleLogger:info:71]: At: friedrichlp.renderlib.tracking.RenderManager.addRenderLayer()
[05jun.2024 15:12:59.102] [modloading-worker-13/INFO] [STDOUT/]: [friedrichlp.renderlib.util.ConsoleLogger:debug:100]: [32m[RENDERLIB-DEBUG] [0mRegistered model BeyParts\models\Jaggy.obj
[05jun.2024 15:12:59.102] [modloading-worker-13/INFO] [STDOUT/]: [friedrichlp.renderlib.util.ConsoleLogger:debug:101]: At: friedrichlp.renderlib.tracking.ModelManager.internal_registerModel()
[05jun.2024 15:12:59.103] [modloading-worker-13/INFO] [STDOUT/]: [friedrichlp.renderlib.util.ConsoleLogger:info:70]: [RENDERLIB-INFO] Registered new RenderLayer with ID 25
[05jun.2024 15:12:59.103] [modloading-worker-13/INFO] [STDOUT/]: [friedrichlp.renderlib.util.ConsoleLogger:info:71]: At: friedrichlp.renderlib.tracking.RenderManager.addRenderLayer()
[05jun.2024 15:12:59.103] [modloading-worker-13/INFO] [STDOUT/]: [friedrichlp.renderlib.util.ConsoleLogger:debug:100]: [32m[RENDERLIB-DEBUG] [0mRegistered model BeyParts\models\Kaiser Kerbeus.obj
[05jun.2024 15:12:59.104] [modloading-worker-13/INFO] [STDOUT/]: [friedrichlp.renderlib.util.ConsoleLogger:debug:101]: At: friedrichlp.renderlib.tracking.ModelManager.internal_registerModel()
[05jun.2024 15:12:59.104] [modloading-worker-13/INFO] [STDOUT/]: [friedrichlp.renderlib.util.ConsoleLogger:info:70]: [RENDERLIB-INFO] Registered new RenderLayer with ID 26
[05jun.2024 15:12:59.104] [modloading-worker-13/INFO] [STDOUT/]: [friedrichlp.renderlib.util.ConsoleLogger:info:71]: At: friedrichlp.renderlib.tracking.RenderManager.addRenderLayer()
[05jun.2024 15:12:59.105] [modloading-worker-13/INFO] [STDOUT/]: [friedrichlp.renderlib.util.ConsoleLogger:debug:100]: [32m[RENDERLIB-DEBUG] [0mRegistered model BeyParts\models\Knuckle.obj
[05jun.2024 15:12:59.105] [modloading-worker-13/INFO] [STDOUT/]: [friedrichlp.renderlib.util.ConsoleLogger:debug:101]: At: friedrichlp.renderlib.tracking.ModelManager.internal_registerModel()
[05jun.2024 15:12:59.105] [modloading-worker-13/INFO] [STDOUT/]: [friedrichlp.renderlib.util.ConsoleLogger:info:70]: [RENDERLIB-INFO] Registered new RenderLayer with ID 27
[05jun.2024 15:12:59.105] [modloading-worker-13/INFO] [STDOUT/]: [friedrichlp.renderlib.util.ConsoleLogger:info:71]: At: friedrichlp.renderlib.tracking.RenderManager.addRenderLayer()
[05jun.2024 15:12:59.105] [modloading-worker-13/INFO] [STDOUT/]: [friedrichlp.renderlib.util.ConsoleLogger:debug:100]: [32m[RENDERLIB-DEBUG] [0mRegistered model BeyParts\models\Legend Spriggan.obj
[05jun.2024 15:12:59.105] [modloading-worker-13/INFO] [STDOUT/]: [friedrichlp.renderlib.util.ConsoleLogger:debug:101]: At: friedrichlp.renderlib.tracking.ModelManager.internal_registerModel()
[05jun.2024 15:12:59.106] [modloading-worker-13/INFO] [STDOUT/]: [friedrichlp.renderlib.util.ConsoleLogger:info:70]: [RENDERLIB-INFO] Registered new RenderLayer with ID 28
[05jun.2024 15:12:59.106] [modloading-worker-13/INFO] [STDOUT/]: [friedrichlp.renderlib.util.ConsoleLogger:info:71]: At: friedrichlp.renderlib.tracking.RenderManager.addRenderLayer()
[05jun.2024 15:12:59.106] [modloading-worker-13/INFO] [STDOUT/]: [friedrichlp.renderlib.util.ConsoleLogger:debug:100]: [32m[RENDERLIB-DEBUG] [0mRegistered model BeyParts\models\Limited.obj
[05jun.2024 15:12:59.106] [modloading-worker-13/INFO] [STDOUT/]: [friedrichlp.renderlib.util.ConsoleLogger:debug:101]: At: friedrichlp.renderlib.tracking.ModelManager.internal_registerModel()
[05jun.2024 15:12:59.107] [modloading-worker-13/INFO] [STDOUT/]: [friedrichlp.renderlib.util.ConsoleLogger:info:70]: [RENDERLIB-INFO] Registered new RenderLayer with ID 29
[05jun.2024 15:12:59.107] [modloading-worker-13/INFO] [STDOUT/]: [friedrichlp.renderlib.util.ConsoleLogger:info:71]: At: friedrichlp.renderlib.tracking.RenderManager.addRenderLayer()
[05jun.2024 15:12:59.108] [modloading-worker-13/INFO] [STDOUT/]: [friedrichlp.renderlib.util.ConsoleLogger:debug:100]: [32m[RENDERLIB-DEBUG] [0mRegistered model BeyParts\models\Lost Longinus.obj
[05jun.2024 15:12:59.108] [modloading-worker-13/INFO] [STDOUT/]: [friedrichlp.renderlib.util.ConsoleLogger:debug:101]: At: friedrichlp.renderlib.tracking.ModelManager.internal_registerModel()
[05jun.2024 15:12:59.108] [modloading-worker-13/INFO] [STDOUT/]: [friedrichlp.renderlib.util.ConsoleLogger:info:70]: [RENDERLIB-INFO] Registered new RenderLayer with ID 30
[05jun.2024 15:12:59.109] [modloading-worker-13/INFO] [STDOUT/]: [friedrichlp.renderlib.util.ConsoleLogger:info:71]: At: friedrichlp.renderlib.tracking.RenderManager.addRenderLayer()
[05jun.2024 15:12:59.109] [modloading-worker-13/INFO] [STDOUT/]: [friedrichlp.renderlib.util.ConsoleLogger:debug:100]: [32m[RENDERLIB-DEBUG] [0mRegistered model BeyParts\models\Magnum.obj
[05jun.2024 15:12:59.109] [modloading-worker-13/INFO] [STDOUT/]: [friedrichlp.renderlib.util.ConsoleLogger:debug:101]: At: friedrichlp.renderlib.tracking.ModelManager.internal_registerModel()
[05jun.2024 15:12:59.110] [modloading-worker-13/INFO] [STDOUT/]: [friedrichlp.renderlib.util.ConsoleLogger:info:70]: [RENDERLIB-INFO] Registered new RenderLayer with ID 31
[05jun.2024 15:12:59.110] [modloading-worker-13/INFO] [STDOUT/]: [friedrichlp.renderlib.util.ConsoleLogger:info:71]: At: friedrichlp.renderlib.tracking.RenderManager.addRenderLayer()
[05jun.2024 15:12:59.110] [modloading-worker-13/INFO] [STDOUT/]: [friedrichlp.renderlib.util.ConsoleLogger:debug:100]: [32m[RENDERLIB-DEBUG] [0mRegistered model BeyParts\models\Merge.obj
[05jun.2024 15:12:59.110] [modloading-worker-13/INFO] [STDOUT/]: [friedrichlp.renderlib.util.ConsoleLogger:debug:101]: At: friedrichlp.renderlib.tracking.ModelManager.internal_registerModel()
[05jun.2024 15:12:59.111] [modloading-worker-13/INFO] [STDOUT/]: [friedrichlp.renderlib.util.ConsoleLogger:info:70]: [RENDERLIB-INFO] Registered new RenderLayer with ID 32
[05jun.2024 15:12:59.111] [modloading-worker-13/INFO] [STDOUT/]: [friedrichlp.renderlib.util.ConsoleLogger:info:71]: At: friedrichlp.renderlib.tracking.RenderManager.addRenderLayer()
[05jun.2024 15:12:59.111] [modloading-worker-13/INFO] [STDOUT/]: [friedrichlp.renderlib.util.ConsoleLogger:debug:100]: [32m[RENDERLIB-DEBUG] [0mRegistered model BeyParts\models\Nine.obj
[05jun.2024 15:12:59.111] [modloading-worker-13/INFO] [STDOUT/]: [friedrichlp.renderlib.util.ConsoleLogger:debug:101]: At: friedrichlp.renderlib.tracking.ModelManager.internal_registerModel()
[05jun.2024 15:12:59.130] [modloading-worker-13/INFO] [STDOUT/]: [friedrichlp.renderlib.util.ConsoleLogger:info:70]: [RENDERLIB-INFO] Registered new RenderLayer with ID 33
[05jun.2024 15:12:59.130] [modloading-worker-13/INFO] [STDOUT/]: [friedrichlp.renderlib.util.ConsoleLogger:info:71]: At: friedrichlp.renderlib.tracking.RenderManager.addRenderLayer()
[05jun.2024 15:12:59.130] [modloading-worker-13/INFO] [STDOUT/]: [friedrichlp.renderlib.util.ConsoleLogger:debug:100]: [32m[RENDERLIB-DEBUG] [0mRegistered model BeyParts\models\Nothing.obj
[05jun.2024 15:12:59.130] [modloading-worker-13/INFO] [STDOUT/]: [friedrichlp.renderlib.util.ConsoleLogger:debug:101]: At: friedrichlp.renderlib.tracking.ModelManager.internal_registerModel()
[05jun.2024 15:12:59.131] [modloading-worker-13/INFO] [STDOUT/]: [friedrichlp.renderlib.util.ConsoleLogger:info:70]: [RENDERLIB-INFO] Registered new RenderLayer with ID 34
[05jun.2024 15:12:59.131] [modloading-worker-13/INFO] [STDOUT/]: [friedrichlp.renderlib.util.ConsoleLogger:info:71]: At: friedrichlp.renderlib.tracking.RenderManager.addRenderLayer()
[05jun.2024 15:12:59.131] [modloading-worker-13/INFO] [STDOUT/]: [friedrichlp.renderlib.util.ConsoleLogger:debug:100]: [32m[RENDERLIB-DEBUG] [0mRegistered model BeyParts\models\Orbit.obj
[05jun.2024 15:12:59.132] [modloading-worker-13/INFO] [STDOUT/]: [friedrichlp.renderlib.util.ConsoleLogger:debug:101]: At: friedrichlp.renderlib.tracking.ModelManager.internal_registerModel()
[05jun.2024 15:12:59.132] [modloading-worker-13/INFO] [STDOUT/]: [friedrichlp.renderlib.util.ConsoleLogger:info:70]: [RENDERLIB-INFO] Registered new RenderLayer with ID 35
[05jun.2024 15:12:59.132] [modloading-worker-13/INFO] [STDOUT/]: [friedrichlp.renderlib.util.ConsoleLogger:info:71]: At: friedrichlp.renderlib.tracking.RenderManager.addRenderLayer()
[05jun.2024 15:12:59.132] [modloading-worker-13/INFO] [STDOUT/]: [friedrichlp.renderlib.util.ConsoleLogger:debug:100]: [32m[RENDERLIB-DEBUG] [0mRegistered model BeyParts\models\PGlaive.obj
[05jun.2024 15:12:59.132] [modloading-worker-13/INFO] [STDOUT/]: [friedrichlp.renderlib.util.ConsoleLogger:debug:101]: At: friedrichlp.renderlib.tracking.ModelManager.internal_registerModel()
[05jun.2024 15:12:59.133] [modloading-worker-13/INFO] [STDOUT/]: [friedrichlp.renderlib.util.ConsoleLogger:info:70]: [RENDERLIB-INFO] Registered new RenderLayer with ID 36
[05jun.2024 15:12:59.133] [modloading-worker-13/INFO] [STDOUT/]: [friedrichlp.renderlib.util.ConsoleLogger:info:71]: At: friedrichlp.renderlib.tracking.RenderManager.addRenderLayer()
[05jun.2024 15:12:59.133] [modloading-worker-13/INFO] [STDOUT/]: [friedrichlp.renderlib.util.ConsoleLogger:debug:100]: [32m[RENDERLIB-DEBUG] [0mRegistered model BeyParts\models\Press.obj
[05jun.2024 15:12:59.133] [modloading-worker-13/INFO] [STDOUT/]: [friedrichlp.renderlib.util.ConsoleLogger:debug:101]: At: friedrichlp.renderlib.tracking.ModelManager.internal_registerModel()
[05jun.2024 15:12:59.134] [modloading-worker-13/INFO] [STDOUT/]: [friedrichlp.renderlib.util.ConsoleLogger:info:70]: [RENDERLIB-INFO] Registered new RenderLayer with ID 37
[05jun.2024 15:12:59.134] [modloading-worker-13/INFO] [STDOUT/]: [friedrichlp.renderlib.util.ConsoleLogger:info:71]: At: friedrichlp.renderlib.tracking.RenderManager.addRenderLayer()
[05jun.2024 15:12:59.134] [modloading-worker-13/INFO] [STDOUT/]: [friedrichlp.renderlib.util.ConsoleLogger:debug:100]: [32m[RENDERLIB-DEBUG] [0mRegistered model BeyParts\models\Reboot.obj
[05jun.2024 15:12:59.135] [modloading-worker-13/INFO] [STDOUT/]: [friedrichlp.renderlib.util.ConsoleLogger:debug:101]: At: friedrichlp.renderlib.tracking.ModelManager.internal_registerModel()
[05jun.2024 15:12:59.135] [modloading-worker-13/INFO] [STDOUT/]: [friedrichlp.renderlib.util.ConsoleLogger:info:70]: [RENDERLIB-INFO] Registered new RenderLayer with ID 38
[05jun.2024 15:12:59.135] [modloading-worker-13/INFO] [STDOUT/]: [friedrichlp.renderlib.util.ConsoleLogger:info:71]: At: friedrichlp.renderlib.tracking.RenderManager.addRenderLayer()
[05jun.2024 15:12:59.136] [modloading-worker-13/INFO] [STDOUT/]: [friedrichlp.renderlib.util.ConsoleLogger:debug:100]: [32m[RENDERLIB-DEBUG] [0mRegistered model BeyParts\models\Revolve.obj
[05jun.2024 15:12:59.136] [modloading-worker-13/INFO] [STDOUT/]: [friedrichlp.renderlib.util.ConsoleLogger:debug:101]: At: friedrichlp.renderlib.tracking.ModelManager.internal_registerModel()
[05jun.2024 15:12:59.136] [modloading-worker-13/INFO] [STDOUT/]: [friedrichlp.renderlib.util.ConsoleLogger:info:70]: [RENDERLIB-INFO] Registered new RenderLayer with ID 39
[05jun.2024 15:12:59.136] [modloading-worker-13/INFO] [STDOUT/]: [friedrichlp.renderlib.util.ConsoleLogger:info:71]: At: friedrichlp.renderlib.tracking.RenderManager.addRenderLayer()
[05jun.2024 15:12:59.136] [modloading-worker-13/INFO] [STDOUT/]: [friedrichlp.renderlib.util.ConsoleLogger:debug:100]: [32m[RENDERLIB-DEBUG] [0mRegistered model BeyParts\models\Rising Ragnaruk.obj
[05jun.2024 15:12:59.137] [modloading-worker-13/INFO] [STDOUT/]: [friedrichlp.renderlib.util.ConsoleLogger:debug:101]: At: friedrichlp.renderlib.tracking.ModelManager.internal_registerModel()
[05jun.2024 15:12:59.137] [modloading-worker-13/INFO] [STDOUT/]: [friedrichlp.renderlib.util.ConsoleLogger:info:70]: [RENDERLIB-INFO] Registered new RenderLayer with ID 40
[05jun.2024 15:12:59.137] [modloading-worker-13/INFO] [STDOUT/]: [friedrichlp.renderlib.util.ConsoleLogger:info:71]: At: friedrichlp.renderlib.tracking.RenderManager.addRenderLayer()
[05jun.2024 15:12:59.138] [modloading-worker-13/INFO] [STDOUT/]: [friedrichlp.renderlib.util.ConsoleLogger:debug:100]: [32m[RENDERLIB-DEBUG] [0mRegistered model BeyParts\models\Sieg Xcalibur.obj
[05jun.2024 15:12:59.138] [modloading-worker-13/INFO] [STDOUT/]: [friedrichlp.renderlib.util.ConsoleLogger:debug:101]: At: friedrichlp.renderlib.tracking.ModelManager.internal_registerModel()
[05jun.2024 15:12:59.138] [modloading-worker-13/INFO] [STDOUT/]: [friedrichlp.renderlib.util.ConsoleLogger:info:70]: [RENDERLIB-INFO] Registered new RenderLayer with ID 41
[05jun.2024 15:12:59.138] [modloading-worker-13/INFO] [STDOUT/]: [friedrichlp.renderlib.util.ConsoleLogger:info:71]: At: friedrichlp.renderlib.tracking.RenderManager.addRenderLayer()
[05jun.2024 15:12:59.139] [modloading-worker-13/INFO] [STDOUT/]: [friedrichlp.renderlib.util.ConsoleLogger:debug:100]: [32m[RENDERLIB-DEBUG] [0mRegistered model BeyParts\models\Spiral.obj
[05jun.2024 15:12:59.139] [modloading-worker-13/INFO] [STDOUT/]: [friedrichlp.renderlib.util.ConsoleLogger:debug:101]: At: friedrichlp.renderlib.tracking.ModelManager.internal_registerModel()
[05jun.2024 15:12:59.139] [modloading-worker-13/INFO] [STDOUT/]: [friedrichlp.renderlib.util.ConsoleLogger:info:70]: [RENDERLIB-INFO] Registered new RenderLayer with ID 42
[05jun.2024 15:12:59.139] [modloading-worker-13/INFO] [STDOUT/]: [friedrichlp.renderlib.util.ConsoleLogger:info:71]: At: friedrichlp.renderlib.tracking.RenderManager.addRenderLayer()
[05jun.2024 15:12:59.139] [modloading-worker-13/INFO] [STDOUT/]: [friedrichlp.renderlib.util.ConsoleLogger:debug:100]: [32m[RENDERLIB-DEBUG] [0mRegistered model BeyParts\models\Spriggan Requiem.obj
[05jun.2024 15:12:59.139] [modloading-worker-13/INFO] [STDOUT/]: [friedrichlp.renderlib.util.ConsoleLogger:debug:101]: At: friedrichlp.renderlib.tracking.ModelManager.internal_registerModel()
[05jun.2024 15:12:59.140] [modloading-worker-13/INFO] [STDOUT/]: [friedrichlp.renderlib.util.ConsoleLogger:info:70]: [RENDERLIB-INFO] Registered new RenderLayer with ID 43
[05jun.2024 15:12:59.140] [modloading-worker-13/INFO] [STDOUT/]: [friedrichlp.renderlib.util.ConsoleLogger:info:71]: At: friedrichlp.renderlib.tracking.RenderManager.addRenderLayer()
[05jun.2024 15:12:59.140] [modloading-worker-13/INFO] [STDOUT/]: [friedrichlp.renderlib.util.ConsoleLogger:debug:100]: [32m[RENDERLIB-DEBUG] [0mRegistered model BeyParts\models\Storm Spriggan.obj
[05jun.2024 15:12:59.140] [modloading-worker-13/INFO] [STDOUT/]: [friedrichlp.renderlib.util.ConsoleLogger:debug:101]: At: friedrichlp.renderlib.tracking.ModelManager.internal_registerModel()
[05jun.2024 15:12:59.141] [modloading-worker-13/INFO] [STDOUT/]: [friedrichlp.renderlib.util.ConsoleLogger:info:70]: [RENDERLIB-INFO] Registered new RenderLayer with ID 44
[05jun.2024 15:12:59.141] [modloading-worker-13/INFO] [STDOUT/]: [friedrichlp.renderlib.util.ConsoleLogger:info:71]: At: friedrichlp.renderlib.tracking.RenderManager.addRenderLayer()
[05jun.2024 15:12:59.141] [modloading-worker-13/INFO] [STDOUT/]: [friedrichlp.renderlib.util.ConsoleLogger:debug:100]: [32m[RENDERLIB-DEBUG] [0mRegistered model BeyParts\models\Strike God Valkyrie.obj
[05jun.2024 15:12:59.141] [modloading-worker-13/INFO] [STDOUT/]: [friedrichlp.renderlib.util.ConsoleLogger:debug:101]: At: friedrichlp.renderlib.tracking.ModelManager.internal_registerModel()
[05jun.2024 15:12:59.158] [modloading-worker-13/INFO] [STDOUT/]: [friedrichlp.renderlib.util.ConsoleLogger:info:70]: [RENDERLIB-INFO] Registered new RenderLayer with ID 45
[05jun.2024 15:12:59.158] [modloading-worker-13/INFO] [STDOUT/]: [friedrichlp.renderlib.util.ConsoleLogger:info:71]: At: friedrichlp.renderlib.tracking.RenderManager.addRenderLayer()
[05jun.2024 15:12:59.159] [modloading-worker-13/INFO] [STDOUT/]: [friedrichlp.renderlib.util.ConsoleLogger:debug:100]: [32m[RENDERLIB-DEBUG] [0mRegistered model BeyParts\models\S_Pegasus.obj
[05jun.2024 15:12:59.159] [modloading-worker-13/INFO] [STDOUT/]: [friedrichlp.renderlib.util.ConsoleLogger:debug:101]: At: friedrichlp.renderlib.tracking.ModelManager.internal_registerModel()
[05jun.2024 15:12:59.160] [modloading-worker-13/INFO] [STDOUT/]: [friedrichlp.renderlib.util.ConsoleLogger:info:70]: [RENDERLIB-INFO] Registered new RenderLayer with ID 46
[05jun.2024 15:12:59.160] [modloading-worker-13/INFO] [STDOUT/]: [friedrichlp.renderlib.util.ConsoleLogger:info:71]: At: friedrichlp.renderlib.tracking.RenderManager.addRenderLayer()
[05jun.2024 15:12:59.161] [modloading-worker-13/INFO] [STDOUT/]: [friedrichlp.renderlib.util.ConsoleLogger:debug:100]: [32m[RENDERLIB-DEBUG] [0mRegistered model BeyParts\models\Tornado Wyvern.obj
[05jun.2024 15:12:59.161] [modloading-worker-13/INFO] [STDOUT/]: [friedrichlp.renderlib.util.ConsoleLogger:debug:101]: At: friedrichlp.renderlib.tracking.ModelManager.internal_registerModel()
[05jun.2024 15:12:59.161] [modloading-worker-13/INFO] [STDOUT/]: [friedrichlp.renderlib.util.ConsoleLogger:info:70]: [RENDERLIB-INFO] Registered new RenderLayer with ID 47
[05jun.2024 15:12:59.161] [modloading-worker-13/INFO] [STDOUT/]: [friedrichlp.renderlib.util.ConsoleLogger:info:71]: At: friedrichlp.renderlib.tracking.RenderManager.addRenderLayer()
[05jun.2024 15:12:59.162] [modloading-worker-13/INFO] [STDOUT/]: [friedrichlp.renderlib.util.ConsoleLogger:debug:100]: [32m[RENDERLIB-DEBUG] [0mRegistered model BeyParts\models\Ultimate Reboot.obj
[05jun.2024 15:12:59.162] [modloading-worker-13/INFO] [STDOUT/]: [friedrichlp.renderlib.util.ConsoleLogger:debug:101]: At: friedrichlp.renderlib.tracking.ModelManager.internal_registerModel()
[05jun.2024 15:12:59.178] [modloading-worker-13/INFO] [STDOUT/]: [friedrichlp.renderlib.util.ConsoleLogger:info:70]: [RENDERLIB-INFO] Registered new RenderLayer with ID 48
[05jun.2024 15:12:59.178] [modloading-worker-13/INFO] [STDOUT/]: [friedrichlp.renderlib.util.ConsoleLogger:info:71]: At: friedrichlp.renderlib.tracking.RenderManager.addRenderLayer()
[05jun.2024 15:12:59.178] [modloading-worker-13/INFO] [STDOUT/]: [friedrichlp.renderlib.util.ConsoleLogger:debug:100]: [32m[RENDERLIB-DEBUG] [0mRegistered model BeyParts\models\Unicorno II.obj
[05jun.2024 15:12:59.178] [modloading-worker-13/INFO] [STDOUT/]: [friedrichlp.renderlib.util.ConsoleLogger:debug:101]: At: friedrichlp.renderlib.tracking.ModelManager.internal_registerModel()
[05jun.2024 15:12:59.196] [modloading-worker-13/INFO] [STDOUT/]: [friedrichlp.renderlib.util.ConsoleLogger:info:70]: [RENDERLIB-INFO] Registered new RenderLayer with ID 49
[05jun.2024 15:12:59.196] [modloading-worker-13/INFO] [STDOUT/]: [friedrichlp.renderlib.util.ConsoleLogger:info:71]: At: friedrichlp.renderlib.tracking.RenderManager.addRenderLayer()
[05jun.2024 15:12:59.197] [modloading-worker-13/INFO] [STDOUT/]: [friedrichlp.renderlib.util.ConsoleLogger:debug:100]: [32m[RENDERLIB-DEBUG] [0mRegistered model BeyParts\models\Unite.obj
[05jun.2024 15:12:59.197] [modloading-worker-13/INFO] [STDOUT/]: [friedrichlp.renderlib.util.ConsoleLogger:debug:101]: At: friedrichlp.renderlib.tracking.ModelManager.internal_registerModel()
[05jun.2024 15:12:59.197] [modloading-worker-13/INFO] [STDOUT/]: [friedrichlp.renderlib.util.ConsoleLogger:info:70]: [RENDERLIB-INFO] Registered new RenderLayer with ID 50
[05jun.2024 15:12:59.197] [modloading-worker-13/INFO] [STDOUT/]: [friedrichlp.renderlib.util.ConsoleLogger:info:71]: At: friedrichlp.renderlib.tracking.RenderManager.addRenderLayer()
[05jun.2024 15:12:59.197] [modloading-worker-13/INFO] [STDOUT/]: [friedrichlp.renderlib.util.ConsoleLogger:debug:100]: [32m[RENDERLIB-DEBUG] [0mRegistered model BeyParts\models\Variable.obj
[05jun.2024 15:12:59.197] [modloading-worker-13/INFO] [STDOUT/]: [friedrichlp.renderlib.util.ConsoleLogger:debug:101]: At: friedrichlp.renderlib.tracking.ModelManager.internal_registerModel()
[05jun.2024 15:12:59.198] [modloading-worker-13/INFO] [STDOUT/]: [friedrichlp.renderlib.util.ConsoleLogger:info:70]: [RENDERLIB-INFO] Registered new RenderLayer with ID 51
[05jun.2024 15:12:59.211] [modloading-worker-13/INFO] [STDOUT/]: [friedrichlp.renderlib.util.ConsoleLogger:info:71]: At: friedrichlp.renderlib.tracking.RenderManager.addRenderLayer()
[05jun.2024 15:12:59.211] [modloading-worker-13/INFO] [STDOUT/]: [friedrichlp.renderlib.util.ConsoleLogger:debug:100]: [32m[RENDERLIB-DEBUG] [0mRegistered model BeyParts\models\Vertical.obj
[05jun.2024 15:12:59.211] [modloading-worker-13/INFO] [STDOUT/]: [friedrichlp.renderlib.util.ConsoleLogger:debug:101]: At: friedrichlp.renderlib.tracking.ModelManager.internal_registerModel()
[05jun.2024 15:12:59.212] [modloading-worker-13/INFO] [STDOUT/]: [friedrichlp.renderlib.util.ConsoleLogger:info:70]: [RENDERLIB-INFO] Registered new RenderLayer with ID 52
[05jun.2024 15:12:59.213] [modloading-worker-13/INFO] [STDOUT/]: [friedrichlp.renderlib.util.ConsoleLogger:info:71]: At: friedrichlp.renderlib.tracking.RenderManager.addRenderLayer()
[05jun.2024 15:12:59.213] [modloading-worker-13/INFO] [STDOUT/]: [friedrichlp.renderlib.util.ConsoleLogger:debug:100]: [32m[RENDERLIB-DEBUG] [0mRegistered model BeyParts\models\Victory Valkyrie.obj
[05jun.2024 15:12:59.213] [modloading-worker-13/INFO] [STDOUT/]: [friedrichlp.renderlib.util.ConsoleLogger:debug:101]: At: friedrichlp.renderlib.tracking.ModelManager.internal_registerModel()
[05jun.2024 15:12:59.213] [modloading-worker-13/INFO] [STDOUT/]: [friedrichlp.renderlib.util.ConsoleLogger:info:70]: [RENDERLIB-INFO] Registered new RenderLayer with ID 53
[05jun.2024 15:12:59.213] [modloading-worker-13/INFO] [STDOUT/]: [friedrichlp.renderlib.util.ConsoleLogger:info:71]: At: friedrichlp.renderlib.tracking.RenderManager.addRenderLayer()
[05jun.2024 15:12:59.214] [modloading-worker-13/INFO] [STDOUT/]: [friedrichlp.renderlib.util.ConsoleLogger:debug:100]: [32m[RENDERLIB-DEBUG] [0mRegistered model BeyParts\models\Volcanic.obj
[05jun.2024 15:12:59.214] [modloading-worker-13/INFO] [STDOUT/]: [friedrichlp.renderlib.util.ConsoleLogger:debug:101]: At: friedrichlp.renderlib.tracking.ModelManager.internal_registerModel()
[05jun.2024 15:12:59.214] [modloading-worker-13/INFO] [STDOUT/]: [friedrichlp.renderlib.util.ConsoleLogger:info:70]: [RENDERLIB-INFO] Registered new RenderLayer with ID 54
[05jun.2024 15:12:59.214] [modloading-worker-13/INFO] [STDOUT/]: [friedrichlp.renderlib.util.ConsoleLogger:info:71]: At: friedrichlp.renderlib.tracking.RenderManager.addRenderLayer()
[05jun.2024 15:12:59.214] [modloading-worker-13/INFO] [STDOUT/]: [friedrichlp.renderlib.util.ConsoleLogger:debug:100]: [32m[RENDERLIB-DEBUG] [0mRegistered model BeyParts\models\Vortex.obj
[05jun.2024 15:12:59.214] [modloading-worker-13/INFO] [STDOUT/]: [friedrichlp.renderlib.util.ConsoleLogger:debug:101]: At: friedrichlp.renderlib.tracking.ModelManager.internal_registerModel()
[05jun.2024 15:12:59.215] [modloading-worker-13/INFO] [STDOUT/]: [friedrichlp.renderlib.util.ConsoleLogger:info:70]: [RENDERLIB-INFO] Registered new RenderLayer with ID 55
[05jun.2024 15:12:59.215] [modloading-worker-13/INFO] [STDOUT/]: [friedrichlp.renderlib.util.ConsoleLogger:info:71]: At: friedrichlp.renderlib.tracking.RenderManager.addRenderLayer()
[05jun.2024 15:12:59.215] [modloading-worker-13/INFO] [STDOUT/]: [friedrichlp.renderlib.util.ConsoleLogger:debug:100]: [32m[RENDERLIB-DEBUG] [0mRegistered model BeyParts\models\Wall.obj
[05jun.2024 15:12:59.215] [modloading-worker-13/INFO] [STDOUT/]: [friedrichlp.renderlib.util.ConsoleLogger:debug:101]: At: friedrichlp.renderlib.tracking.ModelManager.internal_registerModel()
[05jun.2024 15:12:59.215] [modloading-worker-13/INFO] [STDOUT/]: [friedrichlp.renderlib.util.ConsoleLogger:info:70]: [RENDERLIB-INFO] Registered new RenderLayer with ID 56
[05jun.2024 15:12:59.215] [modloading-worker-13/INFO] [STDOUT/]: [friedrichlp.renderlib.util.ConsoleLogger:info:71]: At: friedrichlp.renderlib.tracking.RenderManager.addRenderLayer()
[05jun.2024 15:12:59.216] [modloading-worker-13/INFO] [STDOUT/]: [friedrichlp.renderlib.util.ConsoleLogger:debug:100]: [32m[RENDERLIB-DEBUG] [0mRegistered model BeyParts\models\Wild Wyvern.obj
[05jun.2024 15:12:59.216] [modloading-worker-13/INFO] [STDOUT/]: [friedrichlp.renderlib.util.ConsoleLogger:debug:101]: At: friedrichlp.renderlib.tracking.ModelManager.internal_registerModel()
[05jun.2024 15:12:59.217] [modloading-worker-13/INFO] [STDOUT/]: [friedrichlp.renderlib.util.ConsoleLogger:info:70]: [RENDERLIB-INFO] Registered new RenderLayer with ID 57
[05jun.2024 15:12:59.217] [modloading-worker-13/INFO] [STDOUT/]: [friedrichlp.renderlib.util.ConsoleLogger:info:71]: At: friedrichlp.renderlib.tracking.RenderManager.addRenderLayer()
[05jun.2024 15:12:59.217] [modloading-worker-13/INFO] [STDOUT/]: [friedrichlp.renderlib.util.ConsoleLogger:debug:100]: [32m[RENDERLIB-DEBUG] [0mRegistered model BeyParts\models\Winning Valkyrie.obj
[05jun.2024 15:12:59.217] [modloading-worker-13/INFO] [STDOUT/]: [friedrichlp.renderlib.util.ConsoleLogger:debug:101]: At: friedrichlp.renderlib.tracking.ModelManager.internal_registerModel()
[05jun.2024 15:12:59.218] [modloading-worker-13/INFO] [STDOUT/]: [friedrichlp.renderlib.util.ConsoleLogger:info:70]: [RENDERLIB-INFO] Registered new RenderLayer with ID 58
[05jun.2024 15:12:59.219] [modloading-worker-13/INFO] [STDOUT/]: [friedrichlp.renderlib.util.ConsoleLogger:info:71]: At: friedrichlp.renderlib.tracking.RenderManager.addRenderLayer()
[05jun.2024 15:12:59.219] [modloading-worker-13/INFO] [STDOUT/]: [friedrichlp.renderlib.util.ConsoleLogger:debug:100]: [32m[RENDERLIB-DEBUG] [0mRegistered model BeyParts\models\Xeno Xcalibur.obj
[05jun.2024 15:12:59.219] [modloading-worker-13/INFO] [STDOUT/]: [friedrichlp.renderlib.util.ConsoleLogger:debug:101]: At: friedrichlp.renderlib.tracking.ModelManager.internal_registerModel()
[05jun.2024 15:12:59.220] [modloading-worker-13/INFO] [STDOUT/]: [friedrichlp.renderlib.util.ConsoleLogger:info:70]: [RENDERLIB-INFO] Registered new RenderLayer with ID 59
[05jun.2024 15:12:59.220] [modloading-worker-13/INFO] [STDOUT/]: [friedrichlp.renderlib.util.ConsoleLogger:info:71]: At: friedrichlp.renderlib.tracking.RenderManager.addRenderLayer()
[05jun.2024 15:12:59.221] [modloading-worker-13/INFO] [STDOUT/]: [friedrichlp.renderlib.util.ConsoleLogger:debug:100]: [32m[RENDERLIB-DEBUG] [0mRegistered model BeyParts\models\Xtend+.obj
[05jun.2024 15:12:59.221] [modloading-worker-13/INFO] [STDOUT/]: [friedrichlp.renderlib.util.ConsoleLogger:debug:101]: At: friedrichlp.renderlib.tracking.ModelManager.internal_registerModel()
[05jun.2024 15:12:59.222] [modloading-worker-13/INFO] [STDOUT/]: [friedrichlp.renderlib.util.ConsoleLogger:info:70]: [RENDERLIB-INFO] Registered new RenderLayer with ID 60
[05jun.2024 15:12:59.222] [modloading-worker-13/INFO] [STDOUT/]: [friedrichlp.renderlib.util.ConsoleLogger:info:71]: At: friedrichlp.renderlib.tracking.RenderManager.addRenderLayer()
[05jun.2024 15:12:59.222] [modloading-worker-13/INFO] [STDOUT/]: [friedrichlp.renderlib.util.ConsoleLogger:debug:100]: [32m[RENDERLIB-DEBUG] [0mRegistered model BeyParts\models\Xtend.obj
[05jun.2024 15:12:59.222] [modloading-worker-13/INFO] [STDOUT/]: [friedrichlp.renderlib.util.ConsoleLogger:debug:101]: At: friedrichlp.renderlib.tracking.ModelManager.internal_registerModel()
[05jun.2024 15:12:59.223] [modloading-worker-13/INFO] [STDOUT/]: [friedrichlp.renderlib.util.ConsoleLogger:info:70]: [RENDERLIB-INFO] Registered new RenderLayer with ID 61
[05jun.2024 15:12:59.223] [modloading-worker-13/INFO] [STDOUT/]: [friedrichlp.renderlib.util.ConsoleLogger:info:71]: At: friedrichlp.renderlib.tracking.RenderManager.addRenderLayer()
[05jun.2024 15:12:59.223] [modloading-worker-13/INFO] [STDOUT/]: [friedrichlp.renderlib.util.ConsoleLogger:debug:100]: [32m[RENDERLIB-DEBUG] [0mRegistered model BeyParts\models\Z-Achilles.obj
[05jun.2024 15:12:59.223] [modloading-worker-13/INFO] [STDOUT/]: [friedrichlp.renderlib.util.ConsoleLogger:debug:101]: At: friedrichlp.renderlib.tracking.ModelManager.internal_registerModel()
[05jun.2024 15:12:59.223] [modloading-worker-13/INFO] [STDOUT/]: [friedrichlp.renderlib.util.ConsoleLogger:info:70]: [RENDERLIB-INFO] Registered new RenderLayer with ID 62
[05jun.2024 15:12:59.223] [modloading-worker-13/INFO] [STDOUT/]: [friedrichlp.renderlib.util.ConsoleLogger:info:71]: At: friedrichlp.renderlib.tracking.RenderManager.addRenderLayer()
[05jun.2024 15:12:59.224] [modloading-worker-13/INFO] [STDOUT/]: [friedrichlp.renderlib.util.ConsoleLogger:debug:100]: [32m[RENDERLIB-DEBUG] [0mRegistered model BeyParts\models\Zenith.obj
[05jun.2024 15:12:59.224] [modloading-worker-13/INFO] [STDOUT/]: [friedrichlp.renderlib.util.ConsoleLogger:debug:101]: At: friedrichlp.renderlib.tracking.ModelManager.internal_registerModel()
[05jun.2024 15:12:59.224] [modloading-worker-13/INFO] [STDOUT/]: [friedrichlp.renderlib.util.ConsoleLogger:info:70]: [RENDERLIB-INFO] Registered new RenderLayer with ID 63
[05jun.2024 15:12:59.224] [modloading-worker-13/INFO] [STDOUT/]: [friedrichlp.renderlib.util.ConsoleLogger:info:71]: At: friedrichlp.renderlib.tracking.RenderManager.addRenderLayer()
[05jun.2024 15:12:59.224] [modloading-worker-13/INFO] [STDOUT/]: [friedrichlp.renderlib.util.ConsoleLogger:debug:100]: [32m[RENDERLIB-DEBUG] [0mRegistered model BeyParts\models\Zeta.obj
[05jun.2024 15:12:59.224] [modloading-worker-13/INFO] [STDOUT/]: [friedrichlp.renderlib.util.ConsoleLogger:debug:101]: At: friedrichlp.renderlib.tracking.ModelManager.internal_registerModel()
[05jun.2024 15:12:59.224] [modloading-worker-13/INFO] [grillo78.beycraft.Beycraft/]: Items were registered
[05jun.2024 15:12:59.239] [modloading-worker-13/INFO] [grillo78.beycraft.Beycraft/]: Starting to processing stadium.json collisions
[05jun.2024 15:14:00.415] [modloading-worker-13/INFO] [grillo78.beycraft.Beycraft/]: Finished processing of stadium.json collisions
[05jun.2024 15:14:00.545] [Render thread/INFO] [patchouli/]: Loaded book jsons on Thread[Render thread,5,main] in 17 ms
[05jun.2024 15:14:00.600] [Render thread/WARN] [net.minecraftforge.common.ForgeHooks/]: Called deprecated GlobalEntityTypeAttributes#put for null, use EntityAttributeCreationEvent instead.
[05jun.2024 15:14:01.372] [Render thread/INFO] [com.mojang.text2speech.NarratorWindows/]: Narrator library for x64 successfully loaded
[05jun.2024 15:14:01.420] [Render thread/INFO] [net.minecraft.resources.SimpleReloadableResourceManager/]: Reloading ResourceManager: Default, Mod Resources
[05jun.2024 15:14:01.562] [Forge Version Check/INFO] [net.minecraftforge.fml.VersionChecker/]: [forge] Starting version check at https://files.minecraftforge.net/net/minecraftforge/forge/promotions_slim.json
[05jun.2024 15:14:01.813] [Forge Version Check/INFO] [net.minecraftforge.fml.VersionChecker/]: [forge] Found status: OUTDATED Current: 36.2.29 Target: 36.2.34
[05jun.2024 15:14:01.911] [Worker-Main-9/INFO] [STDOUT/]: [friedrichlp.renderlib.util.ConsoleLogger:info:70]: [RENDERLIB-INFO] Registered new RenderLayer with ID 64
[05jun.2024 15:14:01.911] [Worker-Main-9/INFO] [STDOUT/]: [friedrichlp.renderlib.util.ConsoleLogger:info:71]: At: friedrichlp.renderlib.tracking.RenderManager.addRenderLayer()
[05jun.2024 15:14:01.941] [Render thread/INFO] [STDOUT/]: [friedrichlp.renderlib.util.ConsoleLogger:info:70]: [RENDERLIB-INFO] Registered new RenderLayer with ID 65
[05jun.2024 15:14:01.942] [Render thread/INFO] [STDOUT/]: [friedrichlp.renderlib.util.ConsoleLogger:info:71]: At: friedrichlp.renderlib.tracking.RenderManager.addRenderLayer()
[05jun.2024 15:14:05.944] [Worker-Main-11/WARN] [net.minecraft.client.renderer.model.ModelBakery/]: Unable to load model: 'clothes_mod:glasses#inventory' referenced from: clothes_mod:glasses#inventory: java.io.FileNotFoundException: clothes_mod:models/item/glasses.json
[05jun.2024 15:14:05.944] [Worker-Main-11/WARN] [net.minecraft.client.renderer.model.ModelBakery/]: Unable to load model: 'clothes_mod:green_cap#inventory' referenced from: clothes_mod:green_cap#inventory: java.io.FileNotFoundException: clothes_mod:models/item/green_cap.json
[05jun.2024 15:14:05.944] [Worker-Main-11/WARN] [net.minecraft.client.renderer.model.ModelBakery/]: Unable to load model: 'clothes_mod:red_white_cap#inventory' referenced from: clothes_mod:red_white_cap#inventory: java.io.FileNotFoundException: clothes_mod:models/item/red_white_cap.json
[05jun.2024 15:14:05.944] [Worker-Main-11/WARN] [net.minecraft.client.renderer.model.ModelBakery/]: Unable to load model: 'clothes_mod:anchor_shirt#inventory' referenced from: clothes_mod:anchor_shirt#inventory: java.io.FileNotFoundException: clothes_mod:models/item/anchor_shirt.json
[05jun.2024 15:14:05.944] [Worker-Main-11/WARN] [net.minecraft.client.renderer.model.ModelBakery/]: Unable to load model: 'clothes_mod:dinosaur_shirt#inventory' referenced from: clothes_mod:dinosaur_shirt#inventory: java.io.FileNotFoundException: clothes_mod:models/item/dinosaur_shirt.json
[05jun.2024 15:14:05.945] [Worker-Main-11/WARN] [net.minecraft.client.renderer.model.ModelBakery/]: Unable to load model: 'clothes_mod:pizza_shirt#inventory' referenced from: clothes_mod:pizza_shirt#inventory: java.io.FileNotFoundException: clothes_mod:models/item/pizza_shirt.json
[05jun.2024 15:14:05.945] [Worker-Main-11/WARN] [net.minecraft.client.renderer.model.ModelBakery/]: Unable to load model: 'clothes_mod:planet_shirt#inventory' referenced from: clothes_mod:planet_shirt#inventory: java.io.FileNotFoundException: clothes_mod:models/item/planet_shirt.json
[05jun.2024 15:14:05.945] [Worker-Main-11/WARN] [net.minecraft.client.renderer.model.ModelBakery/]: Unable to load model: 'clothes_mod:skull_shirt#inventory' referenced from: clothes_mod:skull_shirt#inventory: java.io.FileNotFoundException: clothes_mod:models/item/skull_shirt.json
[05jun.2024 15:14:05.945] [Worker-Main-11/WARN] [net.minecraft.client.renderer.model.ModelBakery/]: Unable to load model: 'clothes_mod:smile_shirt#inventory' referenced from: clothes_mod:smile_shirt#inventory: java.io.FileNotFoundException: clothes_mod:models/item/smile_shirt.json
[05jun.2024 15:14:05.945] [Worker-Main-11/WARN] [net.minecraft.client.renderer.model.ModelBakery/]: Unable to load model: 'clothes_mod:cookie_shirt#inventory' referenced from: clothes_mod:cookie_shirt#inventory: java.io.FileNotFoundException: clothes_mod:models/item/cookie_shirt.json
[05jun.2024 15:14:05.945] [Worker-Main-11/WARN] [net.minecraft.client.renderer.model.ModelBakery/]: Unable to load model: 'clothes_mod:brown_shorts#inventory' referenced from: clothes_mod:brown_shorts#inventory: java.io.FileNotFoundException: clothes_mod:models/item/brown_shorts.json
[05jun.2024 15:14:05.945] [Worker-Main-11/WARN] [net.minecraft.client.renderer.model.ModelBakery/]: Unable to load model: 'clothes_mod:gray_pants#inventory' referenced from: clothes_mod:gray_pants#inventory: java.io.FileNotFoundException: clothes_mod:models/item/gray_pants.json
[05jun.2024 15:14:05.945] [Worker-Main-11/WARN] [net.minecraft.client.renderer.model.ModelBakery/]: Unable to load model: 'clothes_mod:dark_blue_shorts#inventory' referenced from: clothes_mod:dark_blue_shorts#inventory: java.io.FileNotFoundException: clothes_mod:models/item/dark_blue_shorts.json
[05jun.2024 15:14:05.945] [Worker-Main-11/WARN] [net.minecraft.client.renderer.model.ModelBakery/]: Unable to load model: 'clothes_mod:dark_blue_jeans#inventory' referenced from: clothes_mod:dark_blue_jeans#inventory: java.io.FileNotFoundException: clothes_mod:models/item/dark_blue_jeans.json
[05jun.2024 15:14:05.946] [Worker-Main-11/WARN] [net.minecraft.client.renderer.model.ModelBakery/]: Unable to load model: 'clothes_mod:blue_jeans#inventory' referenced from: clothes_mod:blue_jeans#inventory: java.io.FileNotFoundException: clothes_mod:models/item/blue_jeans.json
[05jun.2024 15:14:05.946] [Worker-Main-11/WARN] [net.minecraft.client.renderer.model.ModelBakery/]: Unable to load model: 'clothes_mod:light_gray_pants#inventory' referenced from: clothes_mod:light_gray_pants#inventory: java.io.FileNotFoundException: clothes_mod:models/item/light_gray_pants.json
[05jun.2024 15:14:05.946] [Worker-Main-11/WARN] [net.minecraft.client.renderer.model.ModelBakery/]: Unable to load model: 'clothes_mod:purple_pants#inventory' referenced from: clothes_mod:purple_pants#inventory: java.io.FileNotFoundException: clothes_mod:models/item/purple_pants.json
[05jun.2024 15:14:05.946] [Worker-Main-11/WARN] [net.minecraft.client.renderer.model.ModelBakery/]: Unable to load model: 'clothes_mod:blue_shoes#inventory' referenced from: clothes_mod:blue_shoes#inventory: java.io.FileNotFoundException: clothes_mod:models/item/blue_shoes.json
[05jun.2024 15:14:05.946] [Worker-Main-11/WARN] [net.minecraft.client.renderer.model.ModelBakery/]: Unable to load model: 'clothes_mod:green_shoes#inventory' referenced from: clothes_mod:green_shoes#inventory: java.io.FileNotFoundException: clothes_mod:models/item/green_shoes.json
[05jun.2024 15:14:05.946] [Worker-Main-11/WARN] [net.minecraft.client.renderer.model.ModelBakery/]: Unable to load model: 'clothes_mod:dark_blue_sandals#inventory' referenced from: clothes_mod:dark_blue_sandals#inventory: java.io.FileNotFoundException: clothes_mod:models/item/dark_blue_sandals.json
[05jun.2024 15:14:05.946] [Worker-Main-11/WARN] [net.minecraft.client.renderer.model.ModelBakery/]: Unable to load model: 'clothes_mod:light_blue_shoes#inventory' referenced from: clothes_mod:light_blue_shoes#inventory: java.io.FileNotFoundException: clothes_mod:models/item/light_blue_shoes.json
[05jun.2024 15:14:05.946] [Worker-Main-11/WARN] [net.minecraft.client.renderer.model.ModelBakery/]: Unable to load model: 'clothes_mod:black_shoes#inventory' referenced from: clothes_mod:black_shoes#inventory: java.io.FileNotFoundException: clothes_mod:models/item/black_shoes.json
[05jun.2024 15:14:05.947] [Worker-Main-11/WARN] [net.minecraft.client.renderer.model.ModelBakery/]: Unable to load model: 'clothes_mod:gray_sandals#inventory' referenced from: clothes_mod:gray_sandals#inventory: java.io.FileNotFoundException: clothes_mod:models/item/gray_sandals.json
[05jun.2024 15:14:05.947] [Worker-Main-11/WARN] [net.minecraft.client.renderer.model.ModelBakery/]: Unable to load model: 'clothes_mod:dark_cyan_shoes#inventory' referenced from: clothes_mod:dark_cyan_shoes#inventory: java.io.FileNotFoundException: clothes_mod:models/item/dark_cyan_shoes.json
[05jun.2024 15:14:06.061] [Worker-Main-11/WARN] [net.minecraft.client.renderer.model.ModelBakery/]: Unable to load model: 'beycraft:0#inventory' referenced from: beycraft:0#inventory: java.io.FileNotFoundException: beycraft:models/item/0.json
[05jun.2024 15:14:06.062] [Worker-Main-11/WARN] [net.minecraft.client.renderer.model.ModelBakery/]: Unable to load model: 'beycraft:1#inventory' referenced from: beycraft:1#inventory: java.io.FileNotFoundException: beycraft:models/item/1.json
[05jun.2024 15:14:06.064] [Worker-Main-11/WARN] [net.minecraft.client.renderer.model.ModelBakery/]: Unable to load model: 'beycraft:11#inventory' referenced from: beycraft:11#inventory: java.io.FileNotFoundException: beycraft:models/item/11.json
[05jun.2024 15:14:06.065] [Worker-Main-11/WARN] [net.minecraft.client.renderer.model.ModelBakery/]: Unable to load model: 'beycraft:12#inventory' referenced from: beycraft:12#inventory: java.io.FileNotFoundException: beycraft:models/item/12.json
[05jun.2024 15:14:06.066] [Worker-Main-11/WARN] [net.minecraft.client.renderer.model.ModelBakery/]: Unable to load model: 'beycraft:4#inventory' referenced from: beycraft:4#inventory: java.io.FileNotFoundException: beycraft:models/item/4.json
[05jun.2024 15:14:06.068] [Worker-Main-11/WARN] [net.minecraft.client.renderer.model.ModelBakery/]: Unable to load model: 'beycraft:6#inventory' referenced from: beycraft:6#inventory: java.io.FileNotFoundException: beycraft:models/item/6.json
[05jun.2024 15:14:06.069] [Worker-Main-11/WARN] [net.minecraft.client.renderer.model.ModelBakery/]: Unable to load model: 'beycraft:7#inventory' referenced from: beycraft:7#inventory: java.io.FileNotFoundException: beycraft:models/item/7.json
[05jun.2024 15:14:06.071] [Worker-Main-11/WARN] [net.minecraft.client.renderer.model.ModelBakery/]: Unable to load model: 'beycraft:8#inventory' referenced from: beycraft:8#inventory: java.io.FileNotFoundException: beycraft:models/item/8.json
[05jun.2024 15:14:06.072] [Worker-Main-11/WARN] [net.minecraft.client.renderer.model.ModelBakery/]: Unable to load model: 'beycraft:atomic#inventory' referenced from: beycraft:atomic#inventory: java.io.FileNotFoundException: beycraft:models/item/atomic.json
[05jun.2024 15:14:06.073] [Worker-Main-11/WARN] [net.minecraft.client.renderer.model.ModelBakery/]: Unable to load model: 'beycraft:blitzwheel#inventory' referenced from: beycraft:blitzwheel#inventory: java.io.FileNotFoundException: beycraft:models/item/blitzwheel.json
[05jun.2024 15:14:06.074] [Worker-Main-11/WARN] [net.minecraft.client.renderer.model.ModelBakery/]: Unable to load model: 'beycraft:boost#inventory' referenced from: beycraft:boost#inventory: java.io.FileNotFoundException: beycraft:models/item/boost.json
[05jun.2024 15:14:06.075] [Worker-Main-11/WARN] [net.minecraft.client.renderer.model.ModelBakery/]: Unable to load model: 'beycraft:cho-zspriggan#inventory' referenced from: beycraft:cho-zspriggan#inventory: java.io.FileNotFoundException: beycraft:models/item/cho-zspriggan.json
[05jun.2024 15:14:06.076] [Worker-Main-11/WARN] [net.minecraft.client.renderer.model.ModelBakery/]: Unable to load model: 'beycraft:cho-zvalkyrie#inventory' referenced from: beycraft:cho-zvalkyrie#inventory: java.io.FileNotFoundException: beycraft:models/item/cho-zvalkyrie.json
[05jun.2024 15:14:06.078] [Worker-Main-11/WARN] [net.minecraft.client.renderer.model.ModelBakery/]: Unable to load model: 'beycraft:cyberwheel#inventory' referenced from: beycraft:cyberwheel#inventory: java.io.FileNotFoundException: beycraft:models/item/cyberwheel.json
[05jun.2024 15:14:06.079] [Worker-Main-11/WARN] [net.minecraft.client.renderer.model.ModelBakery/]: Unable to load model: 'beycraft:c_pegasus#inventory' referenced from: beycraft:c_pegasus#inventory: java.io.FileNotFoundException: beycraft:models/item/c_pegasus.json
[05jun.2024 15:14:06.080] [Worker-Main-11/WARN] [net.minecraft.client.renderer.model.ModelBakery/]: Unable to load model: 'beycraft:darkdeathscyther#inventory' referenced from: beycraft:darkdeathscyther#inventory: java.io.FileNotFoundException: beycraft:models/item/darkdeathscyther.json
[05jun.2024 15:14:06.081] [Worker-Main-11/WARN] [net.minecraft.client.renderer.model.ModelBakery/]: Unable to load model: 'beycraft:drainfafnir#inventory' referenced from: beycraft:drainfafnir#inventory: java.io.FileNotFoundException: beycraft:models/item/drainfafnir.json
[05jun.2024 15:14:06.082] [Worker-Main-11/WARN] [net.minecraft.client.renderer.model.ModelBakery/]: Unable to load model: 'beycraft:evolution#inventory' referenced from: beycraft:evolution#inventory: java.io.FileNotFoundException: beycraft:models/item/evolution.json
[05jun.2024 15:14:06.084] [Worker-Main-11/WARN] [net.minecraft.client.renderer.model.ModelBakery/]: Unable to load model: 'beycraft:force#inventory' referenced from: beycraft:force#inventory: java.io.FileNotFoundException: beycraft:models/item/force.json
[05jun.2024 15:14:06.085] [Worker-Main-11/WARN] [net.minecraft.client.renderer.model.ModelBakery/]: Unable to load model: 'beycraft:gglaive#inventory' referenced from: beycraft:gglaive#inventory: java.io.FileNotFoundException: beycraft:models/item/gglaive.json
[05jun.2024 15:14:06.086] [Worker-Main-11/WARN] [net.minecraft.client.renderer.model.ModelBakery/]: Unable to load model: 'beycraft:godvalkyrie#inventory' referenced from: beycraft:godvalkyrie#inventory: java.io.FileNotFoundException: beycraft:models/item/godvalkyrie.json
[05jun.2024 15:14:06.087] [Worker-Main-11/WARN] [net.minecraft.client.renderer.model.ModelBakery/]: Unable to load model: 'beycraft:gravity#inventory' referenced from: beycraft:gravity#inventory: java.io.FileNotFoundException: beycraft:models/item/gravity.json
[05jun.2024 15:14:06.088] [Worker-Main-11/WARN] [net.minecraft.client.renderer.model.ModelBakery/]: Unable to load model: 'beycraft:impact#inventory' referenced from: beycraft:impact#inventory: java.io.FileNotFoundException: beycraft:models/item/impact.json
[05jun.2024 15:14:06.089] [Worker-Main-11/WARN] [net.minecraft.client.renderer.model.ModelBakery/]: Unable to load model: 'beycraft:iron#inventory' referenced from: beycraft:iron#inventory: java.io.FileNotFoundException: beycraft:models/item/iron.json
[05jun.2024 15:14:06.090] [Worker-Main-11/WARN] [net.minecraft.client.renderer.model.ModelBakery/]: Unable to load model: 'beycraft:jaggy#inventory' referenced from: beycraft:jaggy#inventory: java.io.FileNotFoundException: beycraft:models/item/jaggy.json
[05jun.2024 15:14:06.092] [Worker-Main-11/WARN] [net.minecraft.client.renderer.model.ModelBakery/]: Unable to load model: 'beycraft:kaiserkerbeus#inventory' referenced from: beycraft:kaiserkerbeus#inventory: java.io.FileNotFoundException: beycraft:models/item/kaiserkerbeus.json
[05jun.2024 15:14:06.093] [Worker-Main-11/WARN] [net.minecraft.client.renderer.model.ModelBakery/]: Unable to load model: 'beycraft:knuckle#inventory' referenced from: beycraft:knuckle#inventory: java.io.FileNotFoundException: beycraft:models/item/knuckle.json
[05jun.2024 15:14:06.094] [Worker-Main-11/WARN] [net.minecraft.client.renderer.model.ModelBakery/]: Unable to load model: 'beycraft:legendspriggan#inventory' referenced from: beycraft:legendspriggan#inventory: java.io.FileNotFoundException: beycraft:models/item/legendspriggan.json
[05jun.2024 15:14:06.095] [Worker-Main-11/WARN] [net.minecraft.client.renderer.model.ModelBakery/]: Unable to load model: 'beycraft:limited#inventory' referenced from: beycraft:limited#inventory: java.io.FileNotFoundException: beycraft:models/item/limited.json
[05jun.2024 15:14:06.096] [Worker-Main-11/WARN] [net.minecraft.client.renderer.model.ModelBakery/]: Unable to load model: 'beycraft:lostlonginus#inventory' referenced from: beycraft:lostlonginus#inventory: java.io.FileNotFoundException: beycraft:models/item/lostlonginus.json
[05jun.2024 15:14:06.098] [Worker-Main-11/WARN] [net.minecraft.client.renderer.model.ModelBakery/]: Unable to load model: 'beycraft:magnum#inventory' referenced from: beycraft:magnum#inventory: java.io.FileNotFoundException: beycraft:models/item/magnum.json
[05jun.2024 15:14:06.099] [Worker-Main-11/WARN] [net.minecraft.client.renderer.model.ModelBakery/]: Unable to load model: 'beycraft:merge#inventory' referenced from: beycraft:merge#inventory: java.io.FileNotFoundException: beycraft:models/item/merge.json
[05jun.2024 15:14:06.100] [Worker-Main-11/WARN] [net.minecraft.client.renderer.model.ModelBakery/]: Unable to load model: 'beycraft:nine#inventory' referenced from: beycraft:nine#inventory: java.io.FileNotFoundException: beycraft:models/item/nine.json
[05jun.2024 15:14:06.102] [Worker-Main-11/WARN] [net.minecraft.client.renderer.model.ModelBakery/]: Unable to load model: 'beycraft:nothing#inventory' referenced from: beycraft:nothing#inventory: java.io.FileNotFoundException: beycraft:models/item/nothing.json
[05jun.2024 15:14:06.102] [Worker-Main-11/WARN] [net.minecraft.client.renderer.model.ModelBakery/]: Unable to load model: 'beycraft:orbit#inventory' referenced from: beycraft:orbit#inventory: java.io.FileNotFoundException: beycraft:models/item/orbit.json
[05jun.2024 15:14:06.103] [Worker-Main-11/WARN] [net.minecraft.client.renderer.model.ModelBakery/]: Unable to load model: 'beycraft:pglaive#inventory' referenced from: beycraft:pglaive#inventory: java.io.FileNotFoundException: beycraft:models/item/pglaive.json
[05jun.2024 15:14:06.105] [Worker-Main-11/WARN] [net.minecraft.client.renderer.model.ModelBakery/]: Unable to load model: 'beycraft:press#inventory' referenced from: beycraft:press#inventory: java.io.FileNotFoundException: beycraft:models/item/press.json
[05jun.2024 15:14:06.106] [Worker-Main-11/WARN] [net.minecraft.client.renderer.model.ModelBakery/]: Unable to load model: 'beycraft:reboot#inventory' referenced from: beycraft:reboot#inventory: java.io.FileNotFoundException: beycraft:models/item/reboot.json
[05jun.2024 15:14:06.107] [Worker-Main-11/WARN] [net.minecraft.client.renderer.model.ModelBakery/]: Unable to load model: 'beycraft:revolve#inventory' referenced from: beycraft:revolve#inventory: java.io.FileNotFoundException: beycraft:models/item/revolve.json
[05jun.2024 15:14:06.108] [Worker-Main-11/WARN] [net.minecraft.client.renderer.model.ModelBakery/]: Unable to load model: 'beycraft:risingragnaruk#inventory' referenced from: beycraft:risingragnaruk#inventory: java.io.FileNotFoundException: beycraft:models/item/risingragnaruk.json
[05jun.2024 15:14:06.110] [Worker-Main-11/WARN] [net.minecraft.client.renderer.model.ModelBakery/]: Unable to load model: 'beycraft:siegxcalibur#inventory' referenced from: beycraft:siegxcalibur#inventory: java.io.FileNotFoundException: beycraft:models/item/siegxcalibur.json
[05jun.2024 15:14:06.111] [Worker-Main-11/WARN] [net.minecraft.client.renderer.model.ModelBakery/]: Unable to load model: 'beycraft:spiral#inventory' referenced from: beycraft:spiral#inventory: java.io.FileNotFoundException: beycraft:models/item/spiral.json
[05jun.2024 15:14:06.112] [Worker-Main-11/WARN] [net.minecraft.client.renderer.model.ModelBakery/]: Unable to load model: 'beycraft:sprigganrequiem#inventory' referenced from: beycraft:sprigganrequiem#inventory: java.io.FileNotFoundException: beycraft:models/item/sprigganrequiem.json
[05jun.2024 15:14:06.113] [Worker-Main-11/WARN] [net.minecraft.client.renderer.model.ModelBakery/]: Unable to load model: 'beycraft:stormspriggan#inventory' referenced from: beycraft:stormspriggan#inventory: java.io.FileNotFoundException: beycraft:models/item/stormspriggan.json
[05jun.2024 15:14:06.114] [Worker-Main-11/WARN] [net.minecraft.client.renderer.model.ModelBakery/]: Unable to load model: 'beycraft:strikegodvalkyrie#inventory' referenced from: beycraft:strikegodvalkyrie#inventory: java.io.FileNotFoundException: beycraft:models/item/strikegodvalkyrie.json
[05jun.2024 15:14:06.115] [Worker-Main-11/WARN] [net.minecraft.client.renderer.model.ModelBakery/]: Unable to load model: 'beycraft:s_pegasus#inventory' referenced from: beycraft:s_pegasus#inventory: java.io.FileNotFoundException: beycraft:models/item/s_pegasus.json
[05jun.2024 15:14:06.117] [Worker-Main-11/WARN] [net.minecraft.client.renderer.model.ModelBakery/]: Unable to load model: 'beycraft:tornadowyvern#inventory' referenced from: beycraft:tornadowyvern#inventory: java.io.FileNotFoundException: beycraft:models/item/tornadowyvern.json
[05jun.2024 15:14:06.118] [Worker-Main-11/WARN] [net.minecraft.client.renderer.model.ModelBakery/]: Unable to load model: 'beycraft:ultimatereboot#inventory' referenced from: beycraft:ultimatereboot#inventory: java.io.FileNotFoundException: beycraft:models/item/ultimatereboot.json
[05jun.2024 15:14:06.119] [Worker-Main-11/WARN] [net.minecraft.client.renderer.model.ModelBakery/]: Unable to load model: 'beycraft:unicornoii#inventory' referenced from: beycraft:unicornoii#inventory: java.io.FileNotFoundException: beycraft:models/item/unicornoii.json
[05jun.2024 15:14:06.120] [Worker-Main-11/WARN] [net.minecraft.client.renderer.model.ModelBakery/]: Unable to load model: 'beycraft:unite#inventory' referenced from: beycraft:unite#inventory: java.io.FileNotFoundException: beycraft:models/item/unite.json
[05jun.2024 15:14:06.121] [Worker-Main-11/WARN] [net.minecraft.client.renderer.model.ModelBakery/]: Unable to load model: 'beycraft:variable#inventory' referenced from: beycraft:variable#inventory: java.io.FileNotFoundException: beycraft:models/item/variable.json
[05jun.2024 15:14:06.122] [Worker-Main-11/WARN] [net.minecraft.client.renderer.model.ModelBakery/]: Unable to load model: 'beycraft:vertical#inventory' referenced from: beycraft:vertical#inventory: java.io.FileNotFoundException: beycraft:models/item/vertical.json
[05jun.2024 15:14:06.124] [Worker-Main-11/WARN] [net.minecraft.client.renderer.model.ModelBakery/]: Unable to load model: 'beycraft:victoryvalkyrie#inventory' referenced from: beycraft:victoryvalkyrie#inventory: java.io.FileNotFoundException: beycraft:models/item/victoryvalkyrie.json
[05jun.2024 15:14:06.125] [Worker-Main-11/WARN] [net.minecraft.client.renderer.model.ModelBakery/]: Unable to load model: 'beycraft:volcanic#inventory' referenced from: beycraft:volcanic#inventory: java.io.FileNotFoundException: beycraft:models/item/volcanic.json
[05jun.2024 15:14:06.126] [Worker-Main-11/WARN] [net.minecraft.client.renderer.model.ModelBakery/]: Unable to load model: 'beycraft:vortex#inventory' referenced from: beycraft:vortex#inventory: java.io.FileNotFoundException: beycraft:models/item/vortex.json
[05jun.2024 15:14:06.127] [Worker-Main-11/WARN] [net.minecraft.client.renderer.model.ModelBakery/]: Unable to load model: 'beycraft:wall#inventory' referenced from: beycraft:wall#inventory: java.io.FileNotFoundException: beycraft:models/item/wall.json
[05jun.2024 15:14:06.129] [Worker-Main-11/WARN] [net.minecraft.client.renderer.model.ModelBakery/]: Unable to load model: 'beycraft:wildwyvern#inventory' referenced from: beycraft:wildwyvern#inventory: java.io.FileNotFoundException: beycraft:models/item/wildwyvern.json
[05jun.2024 15:14:06.130] [Worker-Main-11/WARN] [net.minecraft.client.renderer.model.ModelBakery/]: Unable to load model: 'beycraft:winningvalkyrie#inventory' referenced from: beycraft:winningvalkyrie#inventory: java.io.FileNotFoundException: beycraft:models/item/winningvalkyrie.json
[05jun.2024 15:14:06.131] [Worker-Main-11/WARN] [net.minecraft.client.renderer.model.ModelBakery/]: Unable to load model: 'beycraft:xenoxcalibur#inventory' referenced from: beycraft:xenoxcalibur#inventory: java.io.FileNotFoundException: beycraft:models/item/xenoxcalibur.json
[05jun.2024 15:14:06.132] [Worker-Main-11/WARN] [net.minecraft.client.renderer.model.ModelBakery/]: Unable to load model: 'beycraft:xtendplus#inventory' referenced from: beycraft:xtendplus#inventory: java.io.FileNotFoundException: beycraft:models/item/xtendplus.json
[05jun.2024 15:14:06.133] [Worker-Main-11/WARN] [net.minecraft.client.renderer.model.ModelBakery/]: Unable to load model: 'beycraft:xtend#inventory' referenced from: beycraft:xtend#inventory: java.io.FileNotFoundException: beycraft:models/item/xtend.json
[05jun.2024 15:14:06.135] [Worker-Main-11/WARN] [net.minecraft.client.renderer.model.ModelBakery/]: Unable to load model: 'beycraft:z-achilles#inventory' referenced from: beycraft:z-achilles#inventory: java.io.FileNotFoundException: beycraft:models/item/z-achilles.json
[05jun.2024 15:14:06.136] [Worker-Main-11/WARN] [net.minecraft.client.renderer.model.ModelBakery/]: Unable to load model: 'beycraft:zenith#inventory' referenced from: beycraft:zenith#inventory: java.io.FileNotFoundException: beycraft:models/item/zenith.json
[05jun.2024 15:14:06.137] [Worker-Main-11/WARN] [net.minecraft.client.renderer.model.ModelBakery/]: Unable to load model: 'beycraft:zeta#inventory' referenced from: beycraft:zeta#inventory: java.io.FileNotFoundException: beycraft:models/item/zeta.json
[05jun.2024 15:14:06.580] [Worker-Main-11/WARN] [net.minecraft.client.renderer.model.ModelBakery/]: Unable to resolve texture reference: #missing in beycraft:item/stadium
[05jun.2024 15:14:06.580] [Worker-Main-11/WARN] [net.minecraft.client.renderer.model.ModelBakery/]: Unable to resolve texture reference: #missing in beycraft:block/stadium
[05jun.2024 15:14:06.903] [Worker-Main-11/WARN] [net.minecraft.client.renderer.texture.AtlasTexture/]: Texture beycraft:items/disc_icon with size 32x31 limits mip level from 4 to 0
[05jun.2024 15:14:08.249] [Render thread/INFO] [net.minecraft.client.audio.SoundSystem/]: OpenAL initialized.
[05jun.2024 15:14:08.250] [Render thread/INFO] [net.minecraft.client.audio.SoundEngine/SOUNDS]: Sound engine started
[05jun.2024 15:14:08.654] [Render thread/INFO] [net.minecraft.client.renderer.texture.AtlasTexture/]: Created: 1024x512x4 minecraft:textures/atlas/blocks.png-atlas
[05jun.2024 15:14:08.669] [Render thread/INFO] [net.minecraft.client.renderer.texture.AtlasTexture/]: Created: 256x128x4 minecraft:textures/atlas/signs.png-atlas
[05jun.2024 15:14:08.669] [Render thread/INFO] [net.minecraft.client.renderer.texture.AtlasTexture/]: Created: 512x512x4 minecraft:textures/atlas/banner_patterns.png-atlas
[05jun.2024 15:14:08.670] [Render thread/INFO] [net.minecraft.client.renderer.texture.AtlasTexture/]: Created: 512x512x4 minecraft:textures/atlas/shield_patterns.png-atlas
[05jun.2024 15:14:08.670] [Render thread/INFO] [net.minecraft.client.renderer.texture.AtlasTexture/]: Created: 256x256x4 minecraft:textures/atlas/chest.png-atlas
[05jun.2024 15:14:08.671] [Render thread/INFO] [net.minecraft.client.renderer.texture.AtlasTexture/]: Created: 512x256x4 minecraft:textures/atlas/beds.png-atlas
[05jun.2024 15:14:08.671] [Render thread/INFO] [net.minecraft.client.renderer.texture.AtlasTexture/]: Created: 512x256x4 minecraft:textures/atlas/shulker_boxes.png-atlas
[05jun.2024 15:14:09.337] [Render thread/INFO] [net.minecraft.client.renderer.texture.AtlasTexture/]: Created: 1024x512x0 minecraft:textures/atlas/particles.png-atlas
[05jun.2024 15:14:09.340] [Render thread/INFO] [net.minecraft.client.renderer.texture.AtlasTexture/]: Created: 256x256x0 minecraft:textures/atlas/paintings.png-atlas
[05jun.2024 15:14:09.341] [Render thread/INFO] [net.minecraft.client.renderer.texture.AtlasTexture/]: Created: 128x128x0 minecraft:textures/atlas/mob_effects.png-atlas
[05jun.2024 15:14:09.547] [Realms Notification Availability checker #1/INFO] [com.mojang.realmsclient.client.RealmsClient/]: Could not authorize you against Realms server: Invalid session id
[05jun.2024 15:14:15.345] [Render thread/WARN] [net.minecraft.command.Commands/]: Ambiguity between arguments [teleport, destination] and [teleport, targets] with inputs: [Player, 0123, @e, dd12be42-52a9-4a91-a8a1-11c01849e498]
[05jun.2024 15:14:15.346] [Render thread/WARN] [net.minecraft.command.Commands/]: Ambiguity between arguments [teleport, location] and [teleport, destination] with inputs: [0.1 -0.5 .9, 0 0 0]
[05jun.2024 15:14:15.347] [Render thread/WARN] [net.minecraft.command.Commands/]: Ambiguity between arguments [teleport, location] and [teleport, targets] with inputs: [0.1 -0.5 .9, 0 0 0]
[05jun.2024 15:14:15.348] [Render thread/WARN] [net.minecraft.command.Commands/]: Ambiguity between arguments [teleport, targets] and [teleport, destination] with inputs: [Player, 0123, dd12be42-52a9-4a91-a8a1-11c01849e498]
[05jun.2024 15:14:15.348] [Render thread/WARN] [net.minecraft.command.Commands/]: Ambiguity between arguments [teleport, targets, location] and [teleport, targets, destination] with inputs: [0.1 -0.5 .9, 0 0 0]
[05jun.2024 15:14:15.352] [Render thread/INFO] [net.minecraft.resources.SimpleReloadableResourceManager/]: Reloading ResourceManager: Default, bukkit, forge-1.16.5-36.2.29_mapped_parchment_2022.03.06-1.16.5-recomp.jar, main, Patchouli-1.16.4-53.3_mapped_parchment_2022.03.06-1.16.5.jar, parcool-482378-4772411_mapped_parchment_2022.03.06-1.16.5.jar, clothes_mod-0.2_mapped_parchment_2022.03.06-1.16.5.jar
[05jun.2024 15:14:16.528] [Render thread/ERROR] [net.minecraft.item.crafting.RecipeManager/]: Parsing error loading recipe beycraft:robotrecipe
com.google.gson.JsonSyntaxException: Unknown item 'beycraft:launcher_handle'
	at net.minecraft.item.crafting.Ingredient.lambda$valueFromJson$11(Ingredient.java:216) ~[forge-1.16.5-36.2.29_mapped_parchment_2022.03.06-1.16.5-recomp.jar:?]
	at java.util.Optional.orElseThrow(Optional.java:408) ~[?:?]
	at net.minecraft.item.crafting.Ingredient.valueFromJson(Ingredient.java:215) ~[forge-1.16.5-36.2.29_mapped_parchment_2022.03.06-1.16.5-recomp.jar:?]
	at net.minecraftforge.common.crafting.VanillaIngredientSerializer.parse(VanillaIngredientSerializer.java:41) ~[forge-1.16.5-36.2.29_mapped_parchment_2022.03.06-1.16.5-recomp.jar:?]
	at net.minecraftforge.common.crafting.CraftingHelper.getIngredient(CraftingHelper.java:155) ~[forge-1.16.5-36.2.29_mapped_parchment_2022.03.06-1.16.5-recomp.jar:?]
	at net.minecraft.item.crafting.Ingredient.fromJson(Ingredient.java:189) ~[forge-1.16.5-36.2.29_mapped_parchment_2022.03.06-1.16.5-recomp.jar:?]
	at net.minecraft.item.crafting.ShapedRecipe.keyFromJson(ShapedRecipe.java:274) ~[forge-1.16.5-36.2.29_mapped_parchment_2022.03.06-1.16.5-recomp.jar:?]
	at net.minecraft.item.crafting.ShapedRecipe.access$000(ShapedRecipe.java:24) ~[forge-1.16.5-36.2.29_mapped_parchment_2022.03.06-1.16.5-recomp.jar:?]
	at net.minecraft.item.crafting.ShapedRecipe$Serializer.fromJson(ShapedRecipe.java:298) ~[forge-1.16.5-36.2.29_mapped_parchment_2022.03.06-1.16.5-recomp.jar:?]
	at net.minecraft.item.crafting.ShapedRecipe$Serializer.fromJson(ShapedRecipe.java:294) ~[forge-1.16.5-36.2.29_mapped_parchment_2022.03.06-1.16.5-recomp.jar:?]
	at net.minecraft.item.crafting.RecipeManager.fromJson(RecipeManager.java:144) ~[forge-1.16.5-36.2.29_mapped_parchment_2022.03.06-1.16.5-recomp.jar:?]
	at net.minecraft.item.crafting.RecipeManager.apply(RecipeManager.java:61) ~[forge-1.16.5-36.2.29_mapped_parchment_2022.03.06-1.16.5-recomp.jar:?]
	at net.minecraft.item.crafting.RecipeManager.apply(RecipeManager.java:38) ~[forge-1.16.5-36.2.29_mapped_parchment_2022.03.06-1.16.5-recomp.jar:?]
	at net.minecraft.client.resources.ReloadListener.lambda$reload$1(ReloadListener.java:14) ~[forge-1.16.5-36.2.29_mapped_parchment_2022.03.06-1.16.5-recomp.jar:?]
	at java.util.concurrent.CompletableFuture$UniAccept.tryFire$$$capture(CompletableFuture.java:714) ~[?:?]
	at java.util.concurrent.CompletableFuture$UniAccept.tryFire(CompletableFuture.java) ~[?:?]
	at java.util.concurrent.CompletableFuture$Completion.run(CompletableFuture.java:478) ~[?:?]
	at net.minecraft.resources.AsyncReloader.lambda$null$3(AsyncReloader.java:66) ~[forge-1.16.5-36.2.29_mapped_parchment_2022.03.06-1.16.5-recomp.jar:?]
	at net.minecraft.util.concurrent.ThreadTaskExecutor.doRunTask(ThreadTaskExecutor.java:139) ~[forge-1.16.5-36.2.29_mapped_parchment_2022.03.06-1.16.5-recomp.jar:?]
	at net.minecraft.util.concurrent.RecursiveEventLoop.doRunTask(RecursiveEventLoop.java:22) ~[forge-1.16.5-36.2.29_mapped_parchment_2022.03.06-1.16.5-recomp.jar:?]
	at net.minecraft.util.concurrent.ThreadTaskExecutor.pollTask(ThreadTaskExecutor.java:109) ~[forge-1.16.5-36.2.29_mapped_parchment_2022.03.06-1.16.5-recomp.jar:?]
	at net.minecraft.util.concurrent.ThreadTaskExecutor.managedBlock(ThreadTaskExecutor.java:122) ~[forge-1.16.5-36.2.29_mapped_parchment_2022.03.06-1.16.5-recomp.jar:?]
	at net.minecraft.client.Minecraft.makeServerStem(Minecraft.java:1912) ~[forge-1.16.5-36.2.29_mapped_parchment_2022.03.06-1.16.5-recomp.jar:?]
	at net.minecraft.client.Minecraft.loadWorld(Minecraft.java:1761) ~[forge-1.16.5-36.2.29_mapped_parchment_2022.03.06-1.16.5-recomp.jar:?]
	at net.minecraft.client.Minecraft.loadLevel(Minecraft.java:1730) ~[forge-1.16.5-36.2.29_mapped_parchment_2022.03.06-1.16.5-recomp.jar:?]
	at net.minecraft.client.gui.screen.WorldSelectionList$Entry.loadWorld(WorldSelectionList.java:364) ~[forge-1.16.5-36.2.29_mapped_parchment_2022.03.06-1.16.5-recomp.jar:?]
	at net.minecraft.client.gui.screen.WorldSelectionList$Entry.joinWorld(WorldSelectionList.java:273) ~[forge-1.16.5-36.2.29_mapped_parchment_2022.03.06-1.16.5-recomp.jar:?]
	at net.minecraft.client.gui.screen.WorldSelectionList$Entry.mouseClicked(WorldSelectionList.java:225) ~[forge-1.16.5-36.2.29_mapped_parchment_2022.03.06-1.16.5-recomp.jar:?]
	at net.minecraft.client.gui.widget.list.AbstractList.mouseClicked(AbstractList.java:309) ~[forge-1.16.5-36.2.29_mapped_parchment_2022.03.06-1.16.5-recomp.jar:?]
	at net.minecraft.client.gui.INestedGuiEventHandler.mouseClicked(INestedGuiEventHandler.java:31) ~[forge-1.16.5-36.2.29_mapped_parchment_2022.03.06-1.16.5-recomp.jar:?]
	at net.minecraft.client.MouseHelper.lambda$onPress$0(MouseHelper.java:92) ~[forge-1.16.5-36.2.29_mapped_parchment_2022.03.06-1.16.5-recomp.jar:?]
	at net.minecraft.client.gui.screen.Screen.wrapScreenError(Screen.java:427) ~[forge-1.16.5-36.2.29_mapped_parchment_2022.03.06-1.16.5-recomp.jar:?]
	at net.minecraft.client.MouseHelper.onPress(MouseHelper.java:90) ~[forge-1.16.5-36.2.29_mapped_parchment_2022.03.06-1.16.5-recomp.jar:?]
	at net.minecraft.client.MouseHelper.lambda$null$4(MouseHelper.java:191) ~[forge-1.16.5-36.2.29_mapped_parchment_2022.03.06-1.16.5-recomp.jar:?]
	at net.minecraft.util.concurrent.ThreadTaskExecutor.execute(ThreadTaskExecutor.java:86) ~[forge-1.16.5-36.2.29_mapped_parchment_2022.03.06-1.16.5-recomp.jar:?]
	at net.minecraft.client.MouseHelper.lambda$setup$5(MouseHelper.java:190) ~[forge-1.16.5-36.2.29_mapped_parchment_2022.03.06-1.16.5-recomp.jar:?]
	at org.lwjgl.glfw.GLFWMouseButtonCallbackI.callback(GLFWMouseButtonCallbackI.java:36) ~[lwjgl-glfw-3.2.2.jar:build 10]
	at org.lwjgl.system.JNI.invokeV(Native Method) ~[lwjgl-3.2.2.jar:build 10]
	at org.lwjgl.glfw.GLFW.glfwWaitEventsTimeout(GLFW.java:3174) ~[lwjgl-glfw-3.2.2.jar:build 10]
	at com.mojang.blaze3d.systems.RenderSystem.limitDisplayFPS(RenderSystem.java:112) ~[forge-1.16.5-36.2.29_mapped_parchment_2022.03.06-1.16.5-recomp.jar:?]
	at net.minecraft.client.Minecraft.runTick(Minecraft.java:1026) ~[forge-1.16.5-36.2.29_mapped_parchment_2022.03.06-1.16.5-recomp.jar:?]
	at net.minecraft.client.Minecraft.run(Minecraft.java:612) ~[forge-1.16.5-36.2.29_mapped_parchment_2022.03.06-1.16.5-recomp.jar:?]
	at net.minecraft.client.main.Main.main(Main.java:184) ~[forge-1.16.5-36.2.29_mapped_parchment_2022.03.06-1.16.5-recomp.jar:?]
	at jdk.internal.reflect.NativeMethodAccessorImpl.invoke0(Native Method) ~[?:?]
	at jdk.internal.reflect.NativeMethodAccessorImpl.invoke(NativeMethodAccessorImpl.java:62) ~[?:?]
	at jdk.internal.reflect.DelegatingMethodAccessorImpl.invoke(DelegatingMethodAccessorImpl.java:43) ~[?:?]
	at java.lang.reflect.Method.invoke(Method.java:566) ~[?:?]
	at net.minecraftforge.userdev.FMLUserdevClientLaunchProvider.lambda$launchService$0(FMLUserdevClientLaunchProvider.java:52) ~[forge-1.16.5-36.2.29_mapped_parchment_2022.03.06-1.16.5-recomp.jar:?]
	at cpw.mods.modlauncher.LaunchServiceHandlerDecorator.launch(LaunchServiceHandlerDecorator.java:37) [modlauncher-8.1.3.jar:?]
	at cpw.mods.modlauncher.LaunchServiceHandler.launch(LaunchServiceHandler.java:54) [modlauncher-8.1.3.jar:?]
	at cpw.mods.modlauncher.LaunchServiceHandler.launch(LaunchServiceHandler.java:72) [modlauncher-8.1.3.jar:?]
	at cpw.mods.modlauncher.Launcher.run(Launcher.java:82) [modlauncher-8.1.3.jar:?]
	at cpw.mods.modlauncher.Launcher.main(Launcher.java:66) [modlauncher-8.1.3.jar:?]
	at net.minecraftforge.userdev.LaunchTesting.main(LaunchTesting.java:108) [forge-1.16.5-36.2.29_mapped_parchment_2022.03.06-1.16.5-recomp.jar:?]
[05jun.2024 15:14:16.545] [Render thread/ERROR] [net.minecraft.item.crafting.RecipeManager/]: Parsing error loading recipe beycraft:handlerecipe
com.google.gson.JsonSyntaxException: Unknown item 'beycraft:launcher_handle'
	at net.minecraft.item.crafting.ShapedRecipe.lambda$itemFromJson$0(ShapedRecipe.java:284) ~[forge-1.16.5-36.2.29_mapped_parchment_2022.03.06-1.16.5-recomp.jar:?]
	at java.util.Optional.orElseThrow(Optional.java:408) ~[?:?]
	at net.minecraft.item.crafting.ShapedRecipe.itemFromJson(ShapedRecipe.java:283) ~[forge-1.16.5-36.2.29_mapped_parchment_2022.03.06-1.16.5-recomp.jar:?]
	at net.minecraft.item.crafting.ShapedRecipe$Serializer.fromJson(ShapedRecipe.java:303) ~[forge-1.16.5-36.2.29_mapped_parchment_2022.03.06-1.16.5-recomp.jar:?]
	at net.minecraft.item.crafting.ShapedRecipe$Serializer.fromJson(ShapedRecipe.java:294) ~[forge-1.16.5-36.2.29_mapped_parchment_2022.03.06-1.16.5-recomp.jar:?]
	at net.minecraft.item.crafting.RecipeManager.fromJson(RecipeManager.java:144) ~[forge-1.16.5-36.2.29_mapped_parchment_2022.03.06-1.16.5-recomp.jar:?]
	at net.minecraft.item.crafting.RecipeManager.apply(RecipeManager.java:61) ~[forge-1.16.5-36.2.29_mapped_parchment_2022.03.06-1.16.5-recomp.jar:?]
	at net.minecraft.item.crafting.RecipeManager.apply(RecipeManager.java:38) ~[forge-1.16.5-36.2.29_mapped_parchment_2022.03.06-1.16.5-recomp.jar:?]
	at net.minecraft.client.resources.ReloadListener.lambda$reload$1(ReloadListener.java:14) ~[forge-1.16.5-36.2.29_mapped_parchment_2022.03.06-1.16.5-recomp.jar:?]
	at java.util.concurrent.CompletableFuture$UniAccept.tryFire$$$capture(CompletableFuture.java:714) ~[?:?]
	at java.util.concurrent.CompletableFuture$UniAccept.tryFire(CompletableFuture.java) ~[?:?]
	at java.util.concurrent.CompletableFuture$Completion.run(CompletableFuture.java:478) ~[?:?]
	at net.minecraft.resources.AsyncReloader.lambda$null$3(AsyncReloader.java:66) ~[forge-1.16.5-36.2.29_mapped_parchment_2022.03.06-1.16.5-recomp.jar:?]
	at net.minecraft.util.concurrent.ThreadTaskExecutor.doRunTask(ThreadTaskExecutor.java:139) ~[forge-1.16.5-36.2.29_mapped_parchment_2022.03.06-1.16.5-recomp.jar:?]
	at net.minecraft.util.concurrent.RecursiveEventLoop.doRunTask(RecursiveEventLoop.java:22) ~[forge-1.16.5-36.2.29_mapped_parchment_2022.03.06-1.16.5-recomp.jar:?]
	at net.minecraft.util.concurrent.ThreadTaskExecutor.pollTask(ThreadTaskExecutor.java:109) ~[forge-1.16.5-36.2.29_mapped_parchment_2022.03.06-1.16.5-recomp.jar:?]
	at net.minecraft.util.concurrent.ThreadTaskExecutor.managedBlock(ThreadTaskExecutor.java:122) ~[forge-1.16.5-36.2.29_mapped_parchment_2022.03.06-1.16.5-recomp.jar:?]
	at net.minecraft.client.Minecraft.makeServerStem(Minecraft.java:1912) ~[forge-1.16.5-36.2.29_mapped_parchment_2022.03.06-1.16.5-recomp.jar:?]
	at net.minecraft.client.Minecraft.loadWorld(Minecraft.java:1761) ~[forge-1.16.5-36.2.29_mapped_parchment_2022.03.06-1.16.5-recomp.jar:?]
	at net.minecraft.client.Minecraft.loadLevel(Minecraft.java:1730) ~[forge-1.16.5-36.2.29_mapped_parchment_2022.03.06-1.16.5-recomp.jar:?]
	at net.minecraft.client.gui.screen.WorldSelectionList$Entry.loadWorld(WorldSelectionList.java:364) ~[forge-1.16.5-36.2.29_mapped_parchment_2022.03.06-1.16.5-recomp.jar:?]
	at net.minecraft.client.gui.screen.WorldSelectionList$Entry.joinWorld(WorldSelectionList.java:273) ~[forge-1.16.5-36.2.29_mapped_parchment_2022.03.06-1.16.5-recomp.jar:?]
	at net.minecraft.client.gui.screen.WorldSelectionList$Entry.mouseClicked(WorldSelectionList.java:225) ~[forge-1.16.5-36.2.29_mapped_parchment_2022.03.06-1.16.5-recomp.jar:?]
	at net.minecraft.client.gui.widget.list.AbstractList.mouseClicked(AbstractList.java:309) ~[forge-1.16.5-36.2.29_mapped_parchment_2022.03.06-1.16.5-recomp.jar:?]
	at net.minecraft.client.gui.INestedGuiEventHandler.mouseClicked(INestedGuiEventHandler.java:31) ~[forge-1.16.5-36.2.29_mapped_parchment_2022.03.06-1.16.5-recomp.jar:?]
	at net.minecraft.client.MouseHelper.lambda$onPress$0(MouseHelper.java:92) ~[forge-1.16.5-36.2.29_mapped_parchment_2022.03.06-1.16.5-recomp.jar:?]
	at net.minecraft.client.gui.screen.Screen.wrapScreenError(Screen.java:427) ~[forge-1.16.5-36.2.29_mapped_parchment_2022.03.06-1.16.5-recomp.jar:?]
	at net.minecraft.client.MouseHelper.onPress(MouseHelper.java:90) ~[forge-1.16.5-36.2.29_mapped_parchment_2022.03.06-1.16.5-recomp.jar:?]
	at net.minecraft.client.MouseHelper.lambda$null$4(MouseHelper.java:191) ~[forge-1.16.5-36.2.29_mapped_parchment_2022.03.06-1.16.5-recomp.jar:?]
	at net.minecraft.util.concurrent.ThreadTaskExecutor.execute(ThreadTaskExecutor.java:86) ~[forge-1.16.5-36.2.29_mapped_parchment_2022.03.06-1.16.5-recomp.jar:?]
	at net.minecraft.client.MouseHelper.lambda$setup$5(MouseHelper.java:190) ~[forge-1.16.5-36.2.29_mapped_parchment_2022.03.06-1.16.5-recomp.jar:?]
	at org.lwjgl.glfw.GLFWMouseButtonCallbackI.callback(GLFWMouseButtonCallbackI.java:36) ~[lwjgl-glfw-3.2.2.jar:build 10]
	at org.lwjgl.system.JNI.invokeV(Native Method) ~[lwjgl-3.2.2.jar:build 10]
	at org.lwjgl.glfw.GLFW.glfwWaitEventsTimeout(GLFW.java:3174) ~[lwjgl-glfw-3.2.2.jar:build 10]
	at com.mojang.blaze3d.systems.RenderSystem.limitDisplayFPS(RenderSystem.java:112) ~[forge-1.16.5-36.2.29_mapped_parchment_2022.03.06-1.16.5-recomp.jar:?]
	at net.minecraft.client.Minecraft.runTick(Minecraft.java:1026) ~[forge-1.16.5-36.2.29_mapped_parchment_2022.03.06-1.16.5-recomp.jar:?]
	at net.minecraft.client.Minecraft.run(Minecraft.java:612) ~[forge-1.16.5-36.2.29_mapped_parchment_2022.03.06-1.16.5-recomp.jar:?]
	at net.minecraft.client.main.Main.main(Main.java:184) ~[forge-1.16.5-36.2.29_mapped_parchment_2022.03.06-1.16.5-recomp.jar:?]
	at jdk.internal.reflect.NativeMethodAccessorImpl.invoke0(Native Method) ~[?:?]
	at jdk.internal.reflect.NativeMethodAccessorImpl.invoke(NativeMethodAccessorImpl.java:62) ~[?:?]
	at jdk.internal.reflect.DelegatingMethodAccessorImpl.invoke(DelegatingMethodAccessorImpl.java:43) ~[?:?]
	at java.lang.reflect.Method.invoke(Method.java:566) ~[?:?]
	at net.minecraftforge.userdev.FMLUserdevClientLaunchProvider.lambda$launchService$0(FMLUserdevClientLaunchProvider.java:52) ~[forge-1.16.5-36.2.29_mapped_parchment_2022.03.06-1.16.5-recomp.jar:?]
	at cpw.mods.modlauncher.LaunchServiceHandlerDecorator.launch(LaunchServiceHandlerDecorator.java:37) [modlauncher-8.1.3.jar:?]
	at cpw.mods.modlauncher.LaunchServiceHandler.launch(LaunchServiceHandler.java:54) [modlauncher-8.1.3.jar:?]
	at cpw.mods.modlauncher.LaunchServiceHandler.launch(LaunchServiceHandler.java:72) [modlauncher-8.1.3.jar:?]
	at cpw.mods.modlauncher.Launcher.run(Launcher.java:82) [modlauncher-8.1.3.jar:?]
	at cpw.mods.modlauncher.Launcher.main(Launcher.java:66) [modlauncher-8.1.3.jar:?]
	at net.minecraftforge.userdev.LaunchTesting.main(LaunchTesting.java:108) [forge-1.16.5-36.2.29_mapped_parchment_2022.03.06-1.16.5-recomp.jar:?]
[05jun.2024 15:14:16.549] [Render thread/INFO] [net.minecraft.item.crafting.RecipeManager/]: Loaded 7 recipes
[05jun.2024 15:14:17.307] [Render thread/ERROR] [net.minecraft.loot.LootTableManager/]: Couldn't parse loot table beycraft:blocks/robot
com.google.gson.JsonSyntaxException: Expected name to be an item, was unknown string 'beycraft:robot'
	at net.minecraft.util.JSONUtils.lambda$convertToItem$0(JSONUtils.java:111) ~[forge-1.16.5-36.2.29_mapped_parchment_2022.03.06-1.16.5-recomp.jar:?]
	at java.util.Optional.orElseThrow(Optional.java:408) ~[?:?]
	at net.minecraft.util.JSONUtils.convertToItem(JSONUtils.java:110) ~[forge-1.16.5-36.2.29_mapped_parchment_2022.03.06-1.16.5-recomp.jar:?]
	at net.minecraft.util.JSONUtils.getAsItem(JSONUtils.java:120) ~[forge-1.16.5-36.2.29_mapped_parchment_2022.03.06-1.16.5-recomp.jar:?]
	at net.minecraft.loot.ItemLootEntry$Serializer.deserialize(ItemLootEntry.java:58) ~[forge-1.16.5-36.2.29_mapped_parchment_2022.03.06-1.16.5-recomp.jar:?]
	at net.minecraft.loot.ItemLootEntry$Serializer.deserialize(ItemLootEntry.java:46) ~[forge-1.16.5-36.2.29_mapped_parchment_2022.03.06-1.16.5-recomp.jar:?]
	at net.minecraft.loot.StandaloneLootEntry$Serializer.deserializeCustom(StandaloneLootEntry.java:158) ~[forge-1.16.5-36.2.29_mapped_parchment_2022.03.06-1.16.5-recomp.jar:?]
	at net.minecraft.loot.StandaloneLootEntry$Serializer.deserializeCustom(StandaloneLootEntry.java:138) ~[forge-1.16.5-36.2.29_mapped_parchment_2022.03.06-1.16.5-recomp.jar:?]
	at net.minecraft.loot.LootEntry$Serializer.deserialize(LootEntry.java:83) ~[forge-1.16.5-36.2.29_mapped_parchment_2022.03.06-1.16.5-recomp.jar:?]
	at net.minecraft.loot.LootEntry$Serializer.deserialize(LootEntry.java:66) ~[forge-1.16.5-36.2.29_mapped_parchment_2022.03.06-1.16.5-recomp.jar:?]
	at net.minecraft.loot.LootTypesManager$Serializer.deserialize(LootTypesManager.java:91) ~[forge-1.16.5-36.2.29_mapped_parchment_2022.03.06-1.16.5-recomp.jar:?]
	at com.google.gson.internal.bind.TreeTypeAdapter.read(TreeTypeAdapter.java:69) ~[gson-2.8.0.jar:?]
	at com.google.gson.internal.bind.TypeAdapterRuntimeTypeWrapper.read(TypeAdapterRuntimeTypeWrapper.java:41) ~[gson-2.8.0.jar:?]
	at com.google.gson.internal.bind.ArrayTypeAdapter.read(ArrayTypeAdapter.java:72) ~[gson-2.8.0.jar:?]
	at com.google.gson.Gson.fromJson(Gson.java:887) ~[gson-2.8.0.jar:?]
	at com.google.gson.Gson.fromJson(Gson.java:952) ~[gson-2.8.0.jar:?]
	at com.google.gson.internal.bind.TreeTypeAdapter$GsonContextImpl.deserialize(TreeTypeAdapter.java:162) ~[gson-2.8.0.jar:?]
	at net.minecraft.util.JSONUtils.convertToObject(JSONUtils.java:319) ~[forge-1.16.5-36.2.29_mapped_parchment_2022.03.06-1.16.5-recomp.jar:?]
	at net.minecraft.util.JSONUtils.getAsObject(JSONUtils.java:327) ~[forge-1.16.5-36.2.29_mapped_parchment_2022.03.06-1.16.5-recomp.jar:?]
	at net.minecraft.loot.LootPool$Serializer.deserialize(LootPool.java:192) ~[forge-1.16.5-36.2.29_mapped_parchment_2022.03.06-1.16.5-recomp.jar:?]
	at net.minecraft.loot.LootPool$Serializer.deserialize(LootPool.java:189) ~[forge-1.16.5-36.2.29_mapped_parchment_2022.03.06-1.16.5-recomp.jar:?]
	at com.google.gson.internal.bind.TreeTypeAdapter.read(TreeTypeAdapter.java:69) ~[gson-2.8.0.jar:?]
	at com.google.gson.internal.bind.TypeAdapterRuntimeTypeWrapper.read(TypeAdapterRuntimeTypeWrapper.java:41) ~[gson-2.8.0.jar:?]
	at com.google.gson.internal.bind.ArrayTypeAdapter.read(ArrayTypeAdapter.java:72) ~[gson-2.8.0.jar:?]
	at com.google.gson.Gson.fromJson(Gson.java:887) ~[gson-2.8.0.jar:?]
	at com.google.gson.Gson.fromJson(Gson.java:952) ~[gson-2.8.0.jar:?]
	at com.google.gson.internal.bind.TreeTypeAdapter$GsonContextImpl.deserialize(TreeTypeAdapter.java:162) ~[gson-2.8.0.jar:?]
	at net.minecraft.util.JSONUtils.convertToObject(JSONUtils.java:319) ~[forge-1.16.5-36.2.29_mapped_parchment_2022.03.06-1.16.5-recomp.jar:?]
	at net.minecraft.util.JSONUtils.getAsObject(JSONUtils.java:334) ~[forge-1.16.5-36.2.29_mapped_parchment_2022.03.06-1.16.5-recomp.jar:?]
	at net.minecraft.loot.LootTable$Serializer.deserialize(LootTable.java:277) ~[forge-1.16.5-36.2.29_mapped_parchment_2022.03.06-1.16.5-recomp.jar:?]
	at net.minecraft.loot.LootTable$Serializer.deserialize(LootTable.java:274) ~[forge-1.16.5-36.2.29_mapped_parchment_2022.03.06-1.16.5-recomp.jar:?]
	at com.google.gson.internal.bind.TreeTypeAdapter.read(TreeTypeAdapter.java:69) ~[gson-2.8.0.jar:?]
	at com.google.gson.Gson.fromJson(Gson.java:887) ~[gson-2.8.0.jar:?]
	at com.google.gson.Gson.fromJson(Gson.java:952) ~[gson-2.8.0.jar:?]
	at com.google.gson.Gson.fromJson(Gson.java:925) ~[gson-2.8.0.jar:?]
	at net.minecraftforge.common.ForgeHooks.loadLootTable(ForgeHooks.java:888) ~[forge-1.16.5-36.2.29_mapped_parchment_2022.03.06-1.16.5-recomp.jar:?]
	at net.minecraft.loot.LootTableManager.lambda$apply$0(LootTableManager.java:48) ~[forge-1.16.5-36.2.29_mapped_parchment_2022.03.06-1.16.5-recomp.jar:?]
	at java.util.HashMap.forEach(HashMap.java:1336) ~[?:?]
	at net.minecraft.loot.LootTableManager.apply(LootTableManager.java:46) ~[forge-1.16.5-36.2.29_mapped_parchment_2022.03.06-1.16.5-recomp.jar:?]
	at net.minecraft.loot.LootTableManager.apply(LootTableManager.java:21) ~[forge-1.16.5-36.2.29_mapped_parchment_2022.03.06-1.16.5-recomp.jar:?]
	at net.minecraft.client.resources.ReloadListener.lambda$reload$1(ReloadListener.java:14) ~[forge-1.16.5-36.2.29_mapped_parchment_2022.03.06-1.16.5-recomp.jar:?]
	at java.util.concurrent.CompletableFuture$UniAccept.tryFire$$$capture(CompletableFuture.java:714) ~[?:?]
	at java.util.concurrent.CompletableFuture$UniAccept.tryFire(CompletableFuture.java) ~[?:?]
	at java.util.concurrent.CompletableFuture$Completion.run(CompletableFuture.java:478) ~[?:?]
	at net.minecraft.resources.AsyncReloader.lambda$null$3(AsyncReloader.java:66) ~[forge-1.16.5-36.2.29_mapped_parchment_2022.03.06-1.16.5-recomp.jar:?]
	at net.minecraft.util.concurrent.ThreadTaskExecutor.doRunTask(ThreadTaskExecutor.java:139) ~[forge-1.16.5-36.2.29_mapped_parchment_2022.03.06-1.16.5-recomp.jar:?]
	at net.minecraft.util.concurrent.RecursiveEventLoop.doRunTask(RecursiveEventLoop.java:22) ~[forge-1.16.5-36.2.29_mapped_parchment_2022.03.06-1.16.5-recomp.jar:?]
	at net.minecraft.util.concurrent.ThreadTaskExecutor.pollTask(ThreadTaskExecutor.java:109) ~[forge-1.16.5-36.2.29_mapped_parchment_2022.03.06-1.16.5-recomp.jar:?]
	at net.minecraft.util.concurrent.ThreadTaskExecutor.managedBlock(ThreadTaskExecutor.java:122) ~[forge-1.16.5-36.2.29_mapped_parchment_2022.03.06-1.16.5-recomp.jar:?]
	at net.minecraft.client.Minecraft.makeServerStem(Minecraft.java:1912) ~[forge-1.16.5-36.2.29_mapped_parchment_2022.03.06-1.16.5-recomp.jar:?]
	at net.minecraft.client.Minecraft.loadWorld(Minecraft.java:1761) ~[forge-1.16.5-36.2.29_mapped_parchment_2022.03.06-1.16.5-recomp.jar:?]
	at net.minecraft.client.Minecraft.loadLevel(Minecraft.java:1730) ~[forge-1.16.5-36.2.29_mapped_parchment_2022.03.06-1.16.5-recomp.jar:?]
	at net.minecraft.client.gui.screen.WorldSelectionList$Entry.loadWorld(WorldSelectionList.java:364) ~[forge-1.16.5-36.2.29_mapped_parchment_2022.03.06-1.16.5-recomp.jar:?]
	at net.minecraft.client.gui.screen.WorldSelectionList$Entry.joinWorld(WorldSelectionList.java:273) ~[forge-1.16.5-36.2.29_mapped_parchment_2022.03.06-1.16.5-recomp.jar:?]
	at net.minecraft.client.gui.screen.WorldSelectionList$Entry.mouseClicked(WorldSelectionList.java:225) ~[forge-1.16.5-36.2.29_mapped_parchment_2022.03.06-1.16.5-recomp.jar:?]
	at net.minecraft.client.gui.widget.list.AbstractList.mouseClicked(AbstractList.java:309) ~[forge-1.16.5-36.2.29_mapped_parchment_2022.03.06-1.16.5-recomp.jar:?]
	at net.minecraft.client.gui.INestedGuiEventHandler.mouseClicked(INestedGuiEventHandler.java:31) ~[forge-1.16.5-36.2.29_mapped_parchment_2022.03.06-1.16.5-recomp.jar:?]
	at net.minecraft.client.MouseHelper.lambda$onPress$0(MouseHelper.java:92) ~[forge-1.16.5-36.2.29_mapped_parchment_2022.03.06-1.16.5-recomp.jar:?]
	at net.minecraft.client.gui.screen.Screen.wrapScreenError(Screen.java:427) ~[forge-1.16.5-36.2.29_mapped_parchment_2022.03.06-1.16.5-recomp.jar:?]
	at net.minecraft.client.MouseHelper.onPress(MouseHelper.java:90) ~[forge-1.16.5-36.2.29_mapped_parchment_2022.03.06-1.16.5-recomp.jar:?]
	at net.minecraft.client.MouseHelper.lambda$null$4(MouseHelper.java:191) ~[forge-1.16.5-36.2.29_mapped_parchment_2022.03.06-1.16.5-recomp.jar:?]
	at net.minecraft.util.concurrent.ThreadTaskExecutor.execute(ThreadTaskExecutor.java:86) ~[forge-1.16.5-36.2.29_mapped_parchment_2022.03.06-1.16.5-recomp.jar:?]
	at net.minecraft.client.MouseHelper.lambda$setup$5(MouseHelper.java:190) ~[forge-1.16.5-36.2.29_mapped_parchment_2022.03.06-1.16.5-recomp.jar:?]
	at org.lwjgl.glfw.GLFWMouseButtonCallbackI.callback(GLFWMouseButtonCallbackI.java:36) ~[lwjgl-glfw-3.2.2.jar:build 10]
	at org.lwjgl.system.JNI.invokeV(Native Method) ~[lwjgl-3.2.2.jar:build 10]
	at org.lwjgl.glfw.GLFW.glfwWaitEventsTimeout(GLFW.java:3174) ~[lwjgl-glfw-3.2.2.jar:build 10]
	at com.mojang.blaze3d.systems.RenderSystem.limitDisplayFPS(RenderSystem.java:112) ~[forge-1.16.5-36.2.29_mapped_parchment_2022.03.06-1.16.5-recomp.jar:?]
	at net.minecraft.client.Minecraft.runTick(Minecraft.java:1026) ~[forge-1.16.5-36.2.29_mapped_parchment_2022.03.06-1.16.5-recomp.jar:?]
	at net.minecraft.client.Minecraft.run(Minecraft.java:612) ~[forge-1.16.5-36.2.29_mapped_parchment_2022.03.06-1.16.5-recomp.jar:?]
	at net.minecraft.client.main.Main.main(Main.java:184) ~[forge-1.16.5-36.2.29_mapped_parchment_2022.03.06-1.16.5-recomp.jar:?]
	at jdk.internal.reflect.NativeMethodAccessorImpl.invoke0(Native Method) ~[?:?]
	at jdk.internal.reflect.NativeMethodAccessorImpl.invoke(NativeMethodAccessorImpl.java:62) ~[?:?]
	at jdk.internal.reflect.DelegatingMethodAccessorImpl.invoke(DelegatingMethodAccessorImpl.java:43) ~[?:?]
	at java.lang.reflect.Method.invoke(Method.java:566) ~[?:?]
	at net.minecraftforge.userdev.FMLUserdevClientLaunchProvider.lambda$launchService$0(FMLUserdevClientLaunchProvider.java:52) ~[forge-1.16.5-36.2.29_mapped_parchment_2022.03.06-1.16.5-recomp.jar:?]
	at cpw.mods.modlauncher.LaunchServiceHandlerDecorator.launch(LaunchServiceHandlerDecorator.java:37) [modlauncher-8.1.3.jar:?]
	at cpw.mods.modlauncher.LaunchServiceHandler.launch(LaunchServiceHandler.java:54) [modlauncher-8.1.3.jar:?]
	at cpw.mods.modlauncher.LaunchServiceHandler.launch(LaunchServiceHandler.java:72) [modlauncher-8.1.3.jar:?]
	at cpw.mods.modlauncher.Launcher.run(Launcher.java:82) [modlauncher-8.1.3.jar:?]
	at cpw.mods.modlauncher.Launcher.main(Launcher.java:66) [modlauncher-8.1.3.jar:?]
	at net.minecraftforge.userdev.LaunchTesting.main(LaunchTesting.java:108) [forge-1.16.5-36.2.29_mapped_parchment_2022.03.06-1.16.5-recomp.jar:?]
[05jun.2024 15:14:17.530] [Render thread/INFO] [net.minecraft.advancements.AdvancementList/]: Loaded 928 advancements
[05jun.2024 15:14:17.685] [Render thread/INFO] [net.minecraftforge.registries.GameData/REGISTRIES]: Injecting existing registry data into this CLIENT instance
[05jun.2024 15:14:18.327] [Render thread/WARN] [net.minecraft.command.Commands/]: Ambiguity between arguments [teleport, destination] and [teleport, targets] with inputs: [Player, 0123, @e, dd12be42-52a9-4a91-a8a1-11c01849e498]
[05jun.2024 15:14:18.327] [Render thread/WARN] [net.minecraft.command.Commands/]: Ambiguity between arguments [teleport, location] and [teleport, destination] with inputs: [0.1 -0.5 .9, 0 0 0]
[05jun.2024 15:14:18.328] [Render thread/WARN] [net.minecraft.command.Commands/]: Ambiguity between arguments [teleport, location] and [teleport, targets] with inputs: [0.1 -0.5 .9, 0 0 0]
[05jun.2024 15:14:18.328] [Render thread/WARN] [net.minecraft.command.Commands/]: Ambiguity between arguments [teleport, targets] and [teleport, destination] with inputs: [Player, 0123, dd12be42-52a9-4a91-a8a1-11c01849e498]
[05jun.2024 15:14:18.329] [Render thread/WARN] [net.minecraft.command.Commands/]: Ambiguity between arguments [teleport, targets, location] and [teleport, targets, destination] with inputs: [0.1 -0.5 .9, 0 0 0]
[05jun.2024 15:14:18.329] [Render thread/INFO] [net.minecraft.resources.SimpleReloadableResourceManager/]: Reloading ResourceManager: Default, bukkit, forge-1.16.5-36.2.29_mapped_parchment_2022.03.06-1.16.5-recomp.jar, main, Patchouli-1.16.4-53.3_mapped_parchment_2022.03.06-1.16.5.jar, parcool-482378-4772411_mapped_parchment_2022.03.06-1.16.5.jar, clothes_mod-0.2_mapped_parchment_2022.03.06-1.16.5.jar
[05jun.2024 15:14:19.352] [Render thread/ERROR] [net.minecraft.item.crafting.RecipeManager/]: Parsing error loading recipe beycraft:robotrecipe
com.google.gson.JsonSyntaxException: Unknown item 'beycraft:launcher_handle'
	at net.minecraft.item.crafting.Ingredient.lambda$valueFromJson$11(Ingredient.java:216) ~[forge-1.16.5-36.2.29_mapped_parchment_2022.03.06-1.16.5-recomp.jar:?]
	at java.util.Optional.orElseThrow(Optional.java:408) ~[?:?]
	at net.minecraft.item.crafting.Ingredient.valueFromJson(Ingredient.java:215) ~[forge-1.16.5-36.2.29_mapped_parchment_2022.03.06-1.16.5-recomp.jar:?]
	at net.minecraftforge.common.crafting.VanillaIngredientSerializer.parse(VanillaIngredientSerializer.java:41) ~[forge-1.16.5-36.2.29_mapped_parchment_2022.03.06-1.16.5-recomp.jar:?]
	at net.minecraftforge.common.crafting.CraftingHelper.getIngredient(CraftingHelper.java:155) ~[forge-1.16.5-36.2.29_mapped_parchment_2022.03.06-1.16.5-recomp.jar:?]
	at net.minecraft.item.crafting.Ingredient.fromJson(Ingredient.java:189) ~[forge-1.16.5-36.2.29_mapped_parchment_2022.03.06-1.16.5-recomp.jar:?]
	at net.minecraft.item.crafting.ShapedRecipe.keyFromJson(ShapedRecipe.java:274) ~[forge-1.16.5-36.2.29_mapped_parchment_2022.03.06-1.16.5-recomp.jar:?]
	at net.minecraft.item.crafting.ShapedRecipe.access$000(ShapedRecipe.java:24) ~[forge-1.16.5-36.2.29_mapped_parchment_2022.03.06-1.16.5-recomp.jar:?]
	at net.minecraft.item.crafting.ShapedRecipe$Serializer.fromJson(ShapedRecipe.java:298) ~[forge-1.16.5-36.2.29_mapped_parchment_2022.03.06-1.16.5-recomp.jar:?]
	at net.minecraft.item.crafting.ShapedRecipe$Serializer.fromJson(ShapedRecipe.java:294) ~[forge-1.16.5-36.2.29_mapped_parchment_2022.03.06-1.16.5-recomp.jar:?]
	at net.minecraft.item.crafting.RecipeManager.fromJson(RecipeManager.java:144) ~[forge-1.16.5-36.2.29_mapped_parchment_2022.03.06-1.16.5-recomp.jar:?]
	at net.minecraft.item.crafting.RecipeManager.apply(RecipeManager.java:61) ~[forge-1.16.5-36.2.29_mapped_parchment_2022.03.06-1.16.5-recomp.jar:?]
	at net.minecraft.item.crafting.RecipeManager.apply(RecipeManager.java:38) ~[forge-1.16.5-36.2.29_mapped_parchment_2022.03.06-1.16.5-recomp.jar:?]
	at net.minecraft.client.resources.ReloadListener.lambda$reload$1(ReloadListener.java:14) ~[forge-1.16.5-36.2.29_mapped_parchment_2022.03.06-1.16.5-recomp.jar:?]
	at java.util.concurrent.CompletableFuture$UniAccept.tryFire$$$capture(CompletableFuture.java:714) ~[?:?]
	at java.util.concurrent.CompletableFuture$UniAccept.tryFire(CompletableFuture.java) ~[?:?]
	at java.util.concurrent.CompletableFuture$Completion.run(CompletableFuture.java:478) ~[?:?]
	at net.minecraft.resources.AsyncReloader.lambda$null$3(AsyncReloader.java:66) ~[forge-1.16.5-36.2.29_mapped_parchment_2022.03.06-1.16.5-recomp.jar:?]
	at net.minecraft.util.concurrent.ThreadTaskExecutor.doRunTask(ThreadTaskExecutor.java:139) ~[forge-1.16.5-36.2.29_mapped_parchment_2022.03.06-1.16.5-recomp.jar:?]
	at net.minecraft.util.concurrent.RecursiveEventLoop.doRunTask(RecursiveEventLoop.java:22) ~[forge-1.16.5-36.2.29_mapped_parchment_2022.03.06-1.16.5-recomp.jar:?]
	at net.minecraft.util.concurrent.ThreadTaskExecutor.pollTask(ThreadTaskExecutor.java:109) ~[forge-1.16.5-36.2.29_mapped_parchment_2022.03.06-1.16.5-recomp.jar:?]
	at net.minecraft.util.concurrent.ThreadTaskExecutor.managedBlock(ThreadTaskExecutor.java:122) ~[forge-1.16.5-36.2.29_mapped_parchment_2022.03.06-1.16.5-recomp.jar:?]
	at net.minecraft.client.Minecraft.makeServerStem(Minecraft.java:1912) ~[forge-1.16.5-36.2.29_mapped_parchment_2022.03.06-1.16.5-recomp.jar:?]
	at net.minecraft.client.Minecraft.loadWorld(Minecraft.java:1764) ~[forge-1.16.5-36.2.29_mapped_parchment_2022.03.06-1.16.5-recomp.jar:?]
	at net.minecraft.client.Minecraft.loadLevel(Minecraft.java:1730) ~[forge-1.16.5-36.2.29_mapped_parchment_2022.03.06-1.16.5-recomp.jar:?]
	at net.minecraft.client.gui.screen.WorldSelectionList$Entry.loadWorld(WorldSelectionList.java:364) ~[forge-1.16.5-36.2.29_mapped_parchment_2022.03.06-1.16.5-recomp.jar:?]
	at net.minecraft.client.gui.screen.WorldSelectionList$Entry.joinWorld(WorldSelectionList.java:273) ~[forge-1.16.5-36.2.29_mapped_parchment_2022.03.06-1.16.5-recomp.jar:?]
	at net.minecraft.client.gui.screen.WorldSelectionList$Entry.mouseClicked(WorldSelectionList.java:225) ~[forge-1.16.5-36.2.29_mapped_parchment_2022.03.06-1.16.5-recomp.jar:?]
	at net.minecraft.client.gui.widget.list.AbstractList.mouseClicked(AbstractList.java:309) ~[forge-1.16.5-36.2.29_mapped_parchment_2022.03.06-1.16.5-recomp.jar:?]
	at net.minecraft.client.gui.INestedGuiEventHandler.mouseClicked(INestedGuiEventHandler.java:31) ~[forge-1.16.5-36.2.29_mapped_parchment_2022.03.06-1.16.5-recomp.jar:?]
	at net.minecraft.client.MouseHelper.lambda$onPress$0(MouseHelper.java:92) ~[forge-1.16.5-36.2.29_mapped_parchment_2022.03.06-1.16.5-recomp.jar:?]
	at net.minecraft.client.gui.screen.Screen.wrapScreenError(Screen.java:427) ~[forge-1.16.5-36.2.29_mapped_parchment_2022.03.06-1.16.5-recomp.jar:?]
	at net.minecraft.client.MouseHelper.onPress(MouseHelper.java:90) ~[forge-1.16.5-36.2.29_mapped_parchment_2022.03.06-1.16.5-recomp.jar:?]
	at net.minecraft.client.MouseHelper.lambda$null$4(MouseHelper.java:191) ~[forge-1.16.5-36.2.29_mapped_parchment_2022.03.06-1.16.5-recomp.jar:?]
	at net.minecraft.util.concurrent.ThreadTaskExecutor.execute(ThreadTaskExecutor.java:86) ~[forge-1.16.5-36.2.29_mapped_parchment_2022.03.06-1.16.5-recomp.jar:?]
	at net.minecraft.client.MouseHelper.lambda$setup$5(MouseHelper.java:190) ~[forge-1.16.5-36.2.29_mapped_parchment_2022.03.06-1.16.5-recomp.jar:?]
	at org.lwjgl.glfw.GLFWMouseButtonCallbackI.callback(GLFWMouseButtonCallbackI.java:36) ~[lwjgl-glfw-3.2.2.jar:build 10]
	at org.lwjgl.system.JNI.invokeV(Native Method) ~[lwjgl-3.2.2.jar:build 10]
	at org.lwjgl.glfw.GLFW.glfwWaitEventsTimeout(GLFW.java:3174) ~[lwjgl-glfw-3.2.2.jar:build 10]
	at com.mojang.blaze3d.systems.RenderSystem.limitDisplayFPS(RenderSystem.java:112) ~[forge-1.16.5-36.2.29_mapped_parchment_2022.03.06-1.16.5-recomp.jar:?]
	at net.minecraft.client.Minecraft.runTick(Minecraft.java:1026) ~[forge-1.16.5-36.2.29_mapped_parchment_2022.03.06-1.16.5-recomp.jar:?]
	at net.minecraft.client.Minecraft.run(Minecraft.java:612) ~[forge-1.16.5-36.2.29_mapped_parchment_2022.03.06-1.16.5-recomp.jar:?]
	at net.minecraft.client.main.Main.main(Main.java:184) ~[forge-1.16.5-36.2.29_mapped_parchment_2022.03.06-1.16.5-recomp.jar:?]
	at jdk.internal.reflect.NativeMethodAccessorImpl.invoke0(Native Method) ~[?:?]
	at jdk.internal.reflect.NativeMethodAccessorImpl.invoke(NativeMethodAccessorImpl.java:62) ~[?:?]
	at jdk.internal.reflect.DelegatingMethodAccessorImpl.invoke(DelegatingMethodAccessorImpl.java:43) ~[?:?]
	at java.lang.reflect.Method.invoke(Method.java:566) ~[?:?]
	at net.minecraftforge.userdev.FMLUserdevClientLaunchProvider.lambda$launchService$0(FMLUserdevClientLaunchProvider.java:52) ~[forge-1.16.5-36.2.29_mapped_parchment_2022.03.06-1.16.5-recomp.jar:?]
	at cpw.mods.modlauncher.LaunchServiceHandlerDecorator.launch(LaunchServiceHandlerDecorator.java:37) [modlauncher-8.1.3.jar:?]
	at cpw.mods.modlauncher.LaunchServiceHandler.launch(LaunchServiceHandler.java:54) [modlauncher-8.1.3.jar:?]
	at cpw.mods.modlauncher.LaunchServiceHandler.launch(LaunchServiceHandler.java:72) [modlauncher-8.1.3.jar:?]
	at cpw.mods.modlauncher.Launcher.run(Launcher.java:82) [modlauncher-8.1.3.jar:?]
	at cpw.mods.modlauncher.Launcher.main(Launcher.java:66) [modlauncher-8.1.3.jar:?]
	at net.minecraftforge.userdev.LaunchTesting.main(LaunchTesting.java:108) [forge-1.16.5-36.2.29_mapped_parchment_2022.03.06-1.16.5-recomp.jar:?]
[05jun.2024 15:14:19.356] [Render thread/ERROR] [net.minecraft.item.crafting.RecipeManager/]: Parsing error loading recipe beycraft:handlerecipe
com.google.gson.JsonSyntaxException: Unknown item 'beycraft:launcher_handle'
	at net.minecraft.item.crafting.ShapedRecipe.lambda$itemFromJson$0(ShapedRecipe.java:284) ~[forge-1.16.5-36.2.29_mapped_parchment_2022.03.06-1.16.5-recomp.jar:?]
	at java.util.Optional.orElseThrow(Optional.java:408) ~[?:?]
	at net.minecraft.item.crafting.ShapedRecipe.itemFromJson(ShapedRecipe.java:283) ~[forge-1.16.5-36.2.29_mapped_parchment_2022.03.06-1.16.5-recomp.jar:?]
	at net.minecraft.item.crafting.ShapedRecipe$Serializer.fromJson(ShapedRecipe.java:303) ~[forge-1.16.5-36.2.29_mapped_parchment_2022.03.06-1.16.5-recomp.jar:?]
	at net.minecraft.item.crafting.ShapedRecipe$Serializer.fromJson(ShapedRecipe.java:294) ~[forge-1.16.5-36.2.29_mapped_parchment_2022.03.06-1.16.5-recomp.jar:?]
	at net.minecraft.item.crafting.RecipeManager.fromJson(RecipeManager.java:144) ~[forge-1.16.5-36.2.29_mapped_parchment_2022.03.06-1.16.5-recomp.jar:?]
	at net.minecraft.item.crafting.RecipeManager.apply(RecipeManager.java:61) ~[forge-1.16.5-36.2.29_mapped_parchment_2022.03.06-1.16.5-recomp.jar:?]
	at net.minecraft.item.crafting.RecipeManager.apply(RecipeManager.java:38) ~[forge-1.16.5-36.2.29_mapped_parchment_2022.03.06-1.16.5-recomp.jar:?]
	at net.minecraft.client.resources.ReloadListener.lambda$reload$1(ReloadListener.java:14) ~[forge-1.16.5-36.2.29_mapped_parchment_2022.03.06-1.16.5-recomp.jar:?]
	at java.util.concurrent.CompletableFuture$UniAccept.tryFire$$$capture(CompletableFuture.java:714) ~[?:?]
	at java.util.concurrent.CompletableFuture$UniAccept.tryFire(CompletableFuture.java) ~[?:?]
	at java.util.concurrent.CompletableFuture$Completion.run(CompletableFuture.java:478) ~[?:?]
	at net.minecraft.resources.AsyncReloader.lambda$null$3(AsyncReloader.java:66) ~[forge-1.16.5-36.2.29_mapped_parchment_2022.03.06-1.16.5-recomp.jar:?]
	at net.minecraft.util.concurrent.ThreadTaskExecutor.doRunTask(ThreadTaskExecutor.java:139) ~[forge-1.16.5-36.2.29_mapped_parchment_2022.03.06-1.16.5-recomp.jar:?]
	at net.minecraft.util.concurrent.RecursiveEventLoop.doRunTask(RecursiveEventLoop.java:22) ~[forge-1.16.5-36.2.29_mapped_parchment_2022.03.06-1.16.5-recomp.jar:?]
	at net.minecraft.util.concurrent.ThreadTaskExecutor.pollTask(ThreadTaskExecutor.java:109) ~[forge-1.16.5-36.2.29_mapped_parchment_2022.03.06-1.16.5-recomp.jar:?]
	at net.minecraft.util.concurrent.ThreadTaskExecutor.managedBlock(ThreadTaskExecutor.java:122) ~[forge-1.16.5-36.2.29_mapped_parchment_2022.03.06-1.16.5-recomp.jar:?]
	at net.minecraft.client.Minecraft.makeServerStem(Minecraft.java:1912) ~[forge-1.16.5-36.2.29_mapped_parchment_2022.03.06-1.16.5-recomp.jar:?]
	at net.minecraft.client.Minecraft.loadWorld(Minecraft.java:1764) ~[forge-1.16.5-36.2.29_mapped_parchment_2022.03.06-1.16.5-recomp.jar:?]
	at net.minecraft.client.Minecraft.loadLevel(Minecraft.java:1730) ~[forge-1.16.5-36.2.29_mapped_parchment_2022.03.06-1.16.5-recomp.jar:?]
	at net.minecraft.client.gui.screen.WorldSelectionList$Entry.loadWorld(WorldSelectionList.java:364) ~[forge-1.16.5-36.2.29_mapped_parchment_2022.03.06-1.16.5-recomp.jar:?]
	at net.minecraft.client.gui.screen.WorldSelectionList$Entry.joinWorld(WorldSelectionList.java:273) ~[forge-1.16.5-36.2.29_mapped_parchment_2022.03.06-1.16.5-recomp.jar:?]
	at net.minecraft.client.gui.screen.WorldSelectionList$Entry.mouseClicked(WorldSelectionList.java:225) ~[forge-1.16.5-36.2.29_mapped_parchment_2022.03.06-1.16.5-recomp.jar:?]
	at net.minecraft.client.gui.widget.list.AbstractList.mouseClicked(AbstractList.java:309) ~[forge-1.16.5-36.2.29_mapped_parchment_2022.03.06-1.16.5-recomp.jar:?]
	at net.minecraft.client.gui.INestedGuiEventHandler.mouseClicked(INestedGuiEventHandler.java:31) ~[forge-1.16.5-36.2.29_mapped_parchment_2022.03.06-1.16.5-recomp.jar:?]
	at net.minecraft.client.MouseHelper.lambda$onPress$0(MouseHelper.java:92) ~[forge-1.16.5-36.2.29_mapped_parchment_2022.03.06-1.16.5-recomp.jar:?]
	at net.minecraft.client.gui.screen.Screen.wrapScreenError(Screen.java:427) ~[forge-1.16.5-36.2.29_mapped_parchment_2022.03.06-1.16.5-recomp.jar:?]
	at net.minecraft.client.MouseHelper.onPress(MouseHelper.java:90) ~[forge-1.16.5-36.2.29_mapped_parchment_2022.03.06-1.16.5-recomp.jar:?]
	at net.minecraft.client.MouseHelper.lambda$null$4(MouseHelper.java:191) ~[forge-1.16.5-36.2.29_mapped_parchment_2022.03.06-1.16.5-recomp.jar:?]
	at net.minecraft.util.concurrent.ThreadTaskExecutor.execute(ThreadTaskExecutor.java:86) ~[forge-1.16.5-36.2.29_mapped_parchment_2022.03.06-1.16.5-recomp.jar:?]
	at net.minecraft.client.MouseHelper.lambda$setup$5(MouseHelper.java:190) ~[forge-1.16.5-36.2.29_mapped_parchment_2022.03.06-1.16.5-recomp.jar:?]
	at org.lwjgl.glfw.GLFWMouseButtonCallbackI.callback(GLFWMouseButtonCallbackI.java:36) ~[lwjgl-glfw-3.2.2.jar:build 10]
	at org.lwjgl.system.JNI.invokeV(Native Method) ~[lwjgl-3.2.2.jar:build 10]
	at org.lwjgl.glfw.GLFW.glfwWaitEventsTimeout(GLFW.java:3174) ~[lwjgl-glfw-3.2.2.jar:build 10]
	at com.mojang.blaze3d.systems.RenderSystem.limitDisplayFPS(RenderSystem.java:112) ~[forge-1.16.5-36.2.29_mapped_parchment_2022.03.06-1.16.5-recomp.jar:?]
	at net.minecraft.client.Minecraft.runTick(Minecraft.java:1026) ~[forge-1.16.5-36.2.29_mapped_parchment_2022.03.06-1.16.5-recomp.jar:?]
	at net.minecraft.client.Minecraft.run(Minecraft.java:612) ~[forge-1.16.5-36.2.29_mapped_parchment_2022.03.06-1.16.5-recomp.jar:?]
	at net.minecraft.client.main.Main.main(Main.java:184) ~[forge-1.16.5-36.2.29_mapped_parchment_2022.03.06-1.16.5-recomp.jar:?]
	at jdk.internal.reflect.NativeMethodAccessorImpl.invoke0(Native Method) ~[?:?]
	at jdk.internal.reflect.NativeMethodAccessorImpl.invoke(NativeMethodAccessorImpl.java:62) ~[?:?]
	at jdk.internal.reflect.DelegatingMethodAccessorImpl.invoke(DelegatingMethodAccessorImpl.java:43) ~[?:?]
	at java.lang.reflect.Method.invoke(Method.java:566) ~[?:?]
	at net.minecraftforge.userdev.FMLUserdevClientLaunchProvider.lambda$launchService$0(FMLUserdevClientLaunchProvider.java:52) ~[forge-1.16.5-36.2.29_mapped_parchment_2022.03.06-1.16.5-recomp.jar:?]
	at cpw.mods.modlauncher.LaunchServiceHandlerDecorator.launch(LaunchServiceHandlerDecorator.java:37) [modlauncher-8.1.3.jar:?]
	at cpw.mods.modlauncher.LaunchServiceHandler.launch(LaunchServiceHandler.java:54) [modlauncher-8.1.3.jar:?]
	at cpw.mods.modlauncher.LaunchServiceHandler.launch(LaunchServiceHandler.java:72) [modlauncher-8.1.3.jar:?]
	at cpw.mods.modlauncher.Launcher.run(Launcher.java:82) [modlauncher-8.1.3.jar:?]
	at cpw.mods.modlauncher.Launcher.main(Launcher.java:66) [modlauncher-8.1.3.jar:?]
	at net.minecraftforge.userdev.LaunchTesting.main(LaunchTesting.java:108) [forge-1.16.5-36.2.29_mapped_parchment_2022.03.06-1.16.5-recomp.jar:?]
[05jun.2024 15:14:19.358] [Render thread/INFO] [net.minecraft.item.crafting.RecipeManager/]: Loaded 7 recipes
[05jun.2024 15:14:20.009] [Render thread/ERROR] [net.minecraft.loot.LootTableManager/]: Couldn't parse loot table beycraft:blocks/robot
com.google.gson.JsonSyntaxException: Expected name to be an item, was unknown string 'beycraft:robot'
	at net.minecraft.util.JSONUtils.lambda$convertToItem$0(JSONUtils.java:111) ~[forge-1.16.5-36.2.29_mapped_parchment_2022.03.06-1.16.5-recomp.jar:?]
	at java.util.Optional.orElseThrow(Optional.java:408) ~[?:?]
	at net.minecraft.util.JSONUtils.convertToItem(JSONUtils.java:110) ~[forge-1.16.5-36.2.29_mapped_parchment_2022.03.06-1.16.5-recomp.jar:?]
	at net.minecraft.util.JSONUtils.getAsItem(JSONUtils.java:120) ~[forge-1.16.5-36.2.29_mapped_parchment_2022.03.06-1.16.5-recomp.jar:?]
	at net.minecraft.loot.ItemLootEntry$Serializer.deserialize(ItemLootEntry.java:58) ~[forge-1.16.5-36.2.29_mapped_parchment_2022.03.06-1.16.5-recomp.jar:?]
	at net.minecraft.loot.ItemLootEntry$Serializer.deserialize(ItemLootEntry.java:46) ~[forge-1.16.5-36.2.29_mapped_parchment_2022.03.06-1.16.5-recomp.jar:?]
	at net.minecraft.loot.StandaloneLootEntry$Serializer.deserializeCustom(StandaloneLootEntry.java:158) ~[forge-1.16.5-36.2.29_mapped_parchment_2022.03.06-1.16.5-recomp.jar:?]
	at net.minecraft.loot.StandaloneLootEntry$Serializer.deserializeCustom(StandaloneLootEntry.java:138) ~[forge-1.16.5-36.2.29_mapped_parchment_2022.03.06-1.16.5-recomp.jar:?]
	at net.minecraft.loot.LootEntry$Serializer.deserialize(LootEntry.java:83) ~[forge-1.16.5-36.2.29_mapped_parchment_2022.03.06-1.16.5-recomp.jar:?]
	at net.minecraft.loot.LootEntry$Serializer.deserialize(LootEntry.java:66) ~[forge-1.16.5-36.2.29_mapped_parchment_2022.03.06-1.16.5-recomp.jar:?]
	at net.minecraft.loot.LootTypesManager$Serializer.deserialize(LootTypesManager.java:91) ~[forge-1.16.5-36.2.29_mapped_parchment_2022.03.06-1.16.5-recomp.jar:?]
	at com.google.gson.internal.bind.TreeTypeAdapter.read(TreeTypeAdapter.java:69) ~[gson-2.8.0.jar:?]
	at com.google.gson.internal.bind.TypeAdapterRuntimeTypeWrapper.read(TypeAdapterRuntimeTypeWrapper.java:41) ~[gson-2.8.0.jar:?]
	at com.google.gson.internal.bind.ArrayTypeAdapter.read(ArrayTypeAdapter.java:72) ~[gson-2.8.0.jar:?]
	at com.google.gson.Gson.fromJson(Gson.java:887) ~[gson-2.8.0.jar:?]
	at com.google.gson.Gson.fromJson(Gson.java:952) ~[gson-2.8.0.jar:?]
	at com.google.gson.internal.bind.TreeTypeAdapter$GsonContextImpl.deserialize(TreeTypeAdapter.java:162) ~[gson-2.8.0.jar:?]
	at net.minecraft.util.JSONUtils.convertToObject(JSONUtils.java:319) ~[forge-1.16.5-36.2.29_mapped_parchment_2022.03.06-1.16.5-recomp.jar:?]
	at net.minecraft.util.JSONUtils.getAsObject(JSONUtils.java:327) ~[forge-1.16.5-36.2.29_mapped_parchment_2022.03.06-1.16.5-recomp.jar:?]
	at net.minecraft.loot.LootPool$Serializer.deserialize(LootPool.java:192) ~[forge-1.16.5-36.2.29_mapped_parchment_2022.03.06-1.16.5-recomp.jar:?]
	at net.minecraft.loot.LootPool$Serializer.deserialize(LootPool.java:189) ~[forge-1.16.5-36.2.29_mapped_parchment_2022.03.06-1.16.5-recomp.jar:?]
	at com.google.gson.internal.bind.TreeTypeAdapter.read(TreeTypeAdapter.java:69) ~[gson-2.8.0.jar:?]
	at com.google.gson.internal.bind.TypeAdapterRuntimeTypeWrapper.read(TypeAdapterRuntimeTypeWrapper.java:41) ~[gson-2.8.0.jar:?]
	at com.google.gson.internal.bind.ArrayTypeAdapter.read(ArrayTypeAdapter.java:72) ~[gson-2.8.0.jar:?]
	at com.google.gson.Gson.fromJson(Gson.java:887) ~[gson-2.8.0.jar:?]
	at com.google.gson.Gson.fromJson(Gson.java:952) ~[gson-2.8.0.jar:?]
	at com.google.gson.internal.bind.TreeTypeAdapter$GsonContextImpl.deserialize(TreeTypeAdapter.java:162) ~[gson-2.8.0.jar:?]
	at net.minecraft.util.JSONUtils.convertToObject(JSONUtils.java:319) ~[forge-1.16.5-36.2.29_mapped_parchment_2022.03.06-1.16.5-recomp.jar:?]
	at net.minecraft.util.JSONUtils.getAsObject(JSONUtils.java:334) ~[forge-1.16.5-36.2.29_mapped_parchment_2022.03.06-1.16.5-recomp.jar:?]
	at net.minecraft.loot.LootTable$Serializer.deserialize(LootTable.java:277) ~[forge-1.16.5-36.2.29_mapped_parchment_2022.03.06-1.16.5-recomp.jar:?]
	at net.minecraft.loot.LootTable$Serializer.deserialize(LootTable.java:274) ~[forge-1.16.5-36.2.29_mapped_parchment_2022.03.06-1.16.5-recomp.jar:?]
	at com.google.gson.internal.bind.TreeTypeAdapter.read(TreeTypeAdapter.java:69) ~[gson-2.8.0.jar:?]
	at com.google.gson.Gson.fromJson(Gson.java:887) ~[gson-2.8.0.jar:?]
	at com.google.gson.Gson.fromJson(Gson.java:952) ~[gson-2.8.0.jar:?]
	at com.google.gson.Gson.fromJson(Gson.java:925) ~[gson-2.8.0.jar:?]
	at net.minecraftforge.common.ForgeHooks.loadLootTable(ForgeHooks.java:888) ~[forge-1.16.5-36.2.29_mapped_parchment_2022.03.06-1.16.5-recomp.jar:?]
	at net.minecraft.loot.LootTableManager.lambda$apply$0(LootTableManager.java:48) ~[forge-1.16.5-36.2.29_mapped_parchment_2022.03.06-1.16.5-recomp.jar:?]
	at java.util.HashMap.forEach(HashMap.java:1336) ~[?:?]
	at net.minecraft.loot.LootTableManager.apply(LootTableManager.java:46) ~[forge-1.16.5-36.2.29_mapped_parchment_2022.03.06-1.16.5-recomp.jar:?]
	at net.minecraft.loot.LootTableManager.apply(LootTableManager.java:21) ~[forge-1.16.5-36.2.29_mapped_parchment_2022.03.06-1.16.5-recomp.jar:?]
	at net.minecraft.client.resources.ReloadListener.lambda$reload$1(ReloadListener.java:14) ~[forge-1.16.5-36.2.29_mapped_parchment_2022.03.06-1.16.5-recomp.jar:?]
	at java.util.concurrent.CompletableFuture$UniAccept.tryFire$$$capture(CompletableFuture.java:714) ~[?:?]
	at java.util.concurrent.CompletableFuture$UniAccept.tryFire(CompletableFuture.java) ~[?:?]
	at java.util.concurrent.CompletableFuture$Completion.run(CompletableFuture.java:478) ~[?:?]
	at net.minecraft.resources.AsyncReloader.lambda$null$3(AsyncReloader.java:66) ~[forge-1.16.5-36.2.29_mapped_parchment_2022.03.06-1.16.5-recomp.jar:?]
	at net.minecraft.util.concurrent.ThreadTaskExecutor.doRunTask(ThreadTaskExecutor.java:139) ~[forge-1.16.5-36.2.29_mapped_parchment_2022.03.06-1.16.5-recomp.jar:?]
	at net.minecraft.util.concurrent.RecursiveEventLoop.doRunTask(RecursiveEventLoop.java:22) ~[forge-1.16.5-36.2.29_mapped_parchment_2022.03.06-1.16.5-recomp.jar:?]
	at net.minecraft.util.concurrent.ThreadTaskExecutor.pollTask(ThreadTaskExecutor.java:109) ~[forge-1.16.5-36.2.29_mapped_parchment_2022.03.06-1.16.5-recomp.jar:?]
	at net.minecraft.util.concurrent.ThreadTaskExecutor.managedBlock(ThreadTaskExecutor.java:122) ~[forge-1.16.5-36.2.29_mapped_parchment_2022.03.06-1.16.5-recomp.jar:?]
	at net.minecraft.client.Minecraft.makeServerStem(Minecraft.java:1912) ~[forge-1.16.5-36.2.29_mapped_parchment_2022.03.06-1.16.5-recomp.jar:?]
	at net.minecraft.client.Minecraft.loadWorld(Minecraft.java:1764) ~[forge-1.16.5-36.2.29_mapped_parchment_2022.03.06-1.16.5-recomp.jar:?]
	at net.minecraft.client.Minecraft.loadLevel(Minecraft.java:1730) ~[forge-1.16.5-36.2.29_mapped_parchment_2022.03.06-1.16.5-recomp.jar:?]
	at net.minecraft.client.gui.screen.WorldSelectionList$Entry.loadWorld(WorldSelectionList.java:364) ~[forge-1.16.5-36.2.29_mapped_parchment_2022.03.06-1.16.5-recomp.jar:?]
	at net.minecraft.client.gui.screen.WorldSelectionList$Entry.joinWorld(WorldSelectionList.java:273) ~[forge-1.16.5-36.2.29_mapped_parchment_2022.03.06-1.16.5-recomp.jar:?]
	at net.minecraft.client.gui.screen.WorldSelectionList$Entry.mouseClicked(WorldSelectionList.java:225) ~[forge-1.16.5-36.2.29_mapped_parchment_2022.03.06-1.16.5-recomp.jar:?]
	at net.minecraft.client.gui.widget.list.AbstractList.mouseClicked(AbstractList.java:309) ~[forge-1.16.5-36.2.29_mapped_parchment_2022.03.06-1.16.5-recomp.jar:?]
	at net.minecraft.client.gui.INestedGuiEventHandler.mouseClicked(INestedGuiEventHandler.java:31) ~[forge-1.16.5-36.2.29_mapped_parchment_2022.03.06-1.16.5-recomp.jar:?]
	at net.minecraft.client.MouseHelper.lambda$onPress$0(MouseHelper.java:92) ~[forge-1.16.5-36.2.29_mapped_parchment_2022.03.06-1.16.5-recomp.jar:?]
	at net.minecraft.client.gui.screen.Screen.wrapScreenError(Screen.java:427) ~[forge-1.16.5-36.2.29_mapped_parchment_2022.03.06-1.16.5-recomp.jar:?]
	at net.minecraft.client.MouseHelper.onPress(MouseHelper.java:90) ~[forge-1.16.5-36.2.29_mapped_parchment_2022.03.06-1.16.5-recomp.jar:?]
	at net.minecraft.client.MouseHelper.lambda$null$4(MouseHelper.java:191) ~[forge-1.16.5-36.2.29_mapped_parchment_2022.03.06-1.16.5-recomp.jar:?]
	at net.minecraft.util.concurrent.ThreadTaskExecutor.execute(ThreadTaskExecutor.java:86) ~[forge-1.16.5-36.2.29_mapped_parchment_2022.03.06-1.16.5-recomp.jar:?]
	at net.minecraft.client.MouseHelper.lambda$setup$5(MouseHelper.java:190) ~[forge-1.16.5-36.2.29_mapped_parchment_2022.03.06-1.16.5-recomp.jar:?]
	at org.lwjgl.glfw.GLFWMouseButtonCallbackI.callback(GLFWMouseButtonCallbackI.java:36) ~[lwjgl-glfw-3.2.2.jar:build 10]
	at org.lwjgl.system.JNI.invokeV(Native Method) ~[lwjgl-3.2.2.jar:build 10]
	at org.lwjgl.glfw.GLFW.glfwWaitEventsTimeout(GLFW.java:3174) ~[lwjgl-glfw-3.2.2.jar:build 10]
	at com.mojang.blaze3d.systems.RenderSystem.limitDisplayFPS(RenderSystem.java:112) ~[forge-1.16.5-36.2.29_mapped_parchment_2022.03.06-1.16.5-recomp.jar:?]
	at net.minecraft.client.Minecraft.runTick(Minecraft.java:1026) ~[forge-1.16.5-36.2.29_mapped_parchment_2022.03.06-1.16.5-recomp.jar:?]
	at net.minecraft.client.Minecraft.run(Minecraft.java:612) ~[forge-1.16.5-36.2.29_mapped_parchment_2022.03.06-1.16.5-recomp.jar:?]
	at net.minecraft.client.main.Main.main(Main.java:184) ~[forge-1.16.5-36.2.29_mapped_parchment_2022.03.06-1.16.5-recomp.jar:?]
	at jdk.internal.reflect.NativeMethodAccessorImpl.invoke0(Native Method) ~[?:?]
	at jdk.internal.reflect.NativeMethodAccessorImpl.invoke(NativeMethodAccessorImpl.java:62) ~[?:?]
	at jdk.internal.reflect.DelegatingMethodAccessorImpl.invoke(DelegatingMethodAccessorImpl.java:43) ~[?:?]
	at java.lang.reflect.Method.invoke(Method.java:566) ~[?:?]
	at net.minecraftforge.userdev.FMLUserdevClientLaunchProvider.lambda$launchService$0(FMLUserdevClientLaunchProvider.java:52) ~[forge-1.16.5-36.2.29_mapped_parchment_2022.03.06-1.16.5-recomp.jar:?]
	at cpw.mods.modlauncher.LaunchServiceHandlerDecorator.launch(LaunchServiceHandlerDecorator.java:37) [modlauncher-8.1.3.jar:?]
	at cpw.mods.modlauncher.LaunchServiceHandler.launch(LaunchServiceHandler.java:54) [modlauncher-8.1.3.jar:?]
	at cpw.mods.modlauncher.LaunchServiceHandler.launch(LaunchServiceHandler.java:72) [modlauncher-8.1.3.jar:?]
	at cpw.mods.modlauncher.Launcher.run(Launcher.java:82) [modlauncher-8.1.3.jar:?]
	at cpw.mods.modlauncher.Launcher.main(Launcher.java:66) [modlauncher-8.1.3.jar:?]
	at net.minecraftforge.userdev.LaunchTesting.main(LaunchTesting.java:108) [forge-1.16.5-36.2.29_mapped_parchment_2022.03.06-1.16.5-recomp.jar:?]
[05jun.2024 15:14:20.149] [Render thread/INFO] [net.minecraft.advancements.AdvancementList/]: Loaded 928 advancements
[05jun.2024 15:14:20.191] [Render thread/INFO] [net.minecraftforge.registries.GameData/REGISTRIES]: Injecting existing registry data into this CLIENT instance
[05jun.2024 15:14:21.139] [Render thread/INFO] [com.mojang.authlib.yggdrasil.YggdrasilAuthenticationService/]: Environment: authHost='https://authserver.mojang.com', accountsHost='https://api.mojang.com', sessionHost='https://sessionserver.mojang.com', servicesHost='https://api.minecraftservices.com', name='PROD'
[05jun.2024 15:14:21.167] [Server thread/INFO] [net.minecraft.server.integrated.IntegratedServer/]: Starting integrated minecraft server version 1.16.5
[05jun.2024 15:14:21.167] [Server thread/INFO] [net.minecraft.server.MinecraftServer/]: Generating keypair
[05jun.2024 15:14:21.444] [Server thread/INFO] [net.minecraft.server.MinecraftServer/]: Preparing start region for dimension minecraft:overworld
[05jun.2024 15:14:24.527] [Render thread/INFO] [net.minecraft.world.chunk.listener.LoggingChunkStatusListener/]: Preparing spawn area: 0%
[05jun.2024 15:14:24.527] [Render thread/INFO] [net.minecraft.world.chunk.listener.LoggingChunkStatusListener/]: Preparing spawn area: 0%
[05jun.2024 15:14:24.527] [Render thread/INFO] [net.minecraft.world.chunk.listener.LoggingChunkStatusListener/]: Preparing spawn area: 0%
[05jun.2024 15:14:24.527] [Render thread/INFO] [net.minecraft.world.chunk.listener.LoggingChunkStatusListener/]: Preparing spawn area: 0%
[05jun.2024 15:14:24.527] [Render thread/INFO] [net.minecraft.world.chunk.listener.LoggingChunkStatusListener/]: Preparing spawn area: 0%
[05jun.2024 15:14:24.527] [Render thread/INFO] [net.minecraft.world.chunk.listener.LoggingChunkStatusListener/]: Preparing spawn area: 0%
[05jun.2024 15:14:24.527] [Render thread/INFO] [net.minecraft.world.chunk.listener.LoggingChunkStatusListener/]: Preparing spawn area: 0%
[05jun.2024 15:14:24.963] [Render thread/INFO] [net.minecraft.world.chunk.listener.LoggingChunkStatusListener/]: Preparing spawn area: 83%
[05jun.2024 15:14:25.549] [Render thread/INFO] [net.minecraft.world.chunk.listener.LoggingChunkStatusListener/]: Time elapsed: 4095 ms
[05jun.2024 15:14:25.841] [Server thread/INFO] [net.minecraft.server.integrated.IntegratedServer/]: Changing view distance to 7, from 10
[05jun.2024 15:14:27.181] [Netty Local Client IO #0/INFO] [net.minecraftforge.fml.network.NetworkHooks/]: Connected to a modded server.
[05jun.2024 15:14:27.296] [Server thread/INFO] [net.minecraftforge.common.AdvancementLoadFix/]: Using new advancement loading for net.minecraft.advancements.PlayerAdvancements@405ed850
[05jun.2024 15:14:27.312] [Server thread/INFO] [net.minecraft.server.management.PlayerList/]: grillo78[local:E:780488d7] logged in with entity id 5492 at (232.4536234615005, 69.0, -182.88214081169738)
[05jun.2024 15:14:27.338] [Server thread/INFO] [net.minecraft.server.MinecraftServer/]: grillo78 joined the game
[05jun.2024 15:14:27.512] [Server thread/INFO] [net.minecraft.server.integrated.IntegratedServer/]: Saving and pausing game...
[05jun.2024 15:14:27.562] [Server thread/INFO] [net.minecraft.server.MinecraftServer/]: Saving chunks for level 'ServerLevel[Greenfield v0.5.3]'/minecraft:overworld
[05jun.2024 15:14:28.067] [Render thread/WARN] [net.minecraft.client.network.play.ClientPlayNetHandler/]: Unknown custom packet identifier: clothes_mod:network
[05jun.2024 15:14:28.071] [Render thread/INFO] [net.minecraft.client.gui.NewChatGui/]: [CHAT] [BeyCraft] -> Join to my Discord server: 
[05jun.2024 15:14:28.071] [Render thread/INFO] [net.minecraft.client.gui.NewChatGui/]: [CHAT] https://discord.gg/2PpbtFr
[05jun.2024 15:14:28.075] [Render thread/INFO] [net.minecraft.advancements.AdvancementList/]: Loaded 478 advancements
[05jun.2024 15:14:28.354] [Render thread/INFO] [STDOUT/]: [friedrichlp.renderlib.util.ConsoleLogger:info:70]: [RENDERLIB-INFO] Registered new RenderLayer with ID 66
[05jun.2024 15:14:28.354] [Render thread/INFO] [STDOUT/]: [friedrichlp.renderlib.util.ConsoleLogger:info:71]: At: friedrichlp.renderlib.tracking.RenderManager.addRenderLayer()
[05jun.2024 15:14:28.356] [Server thread/INFO] [net.minecraft.server.MinecraftServer/]: Saving chunks for level 'ServerLevel[Greenfield v0.5.3]'/minecraft:the_nether
[05jun.2024 15:14:28.357] [Server thread/INFO] [net.minecraft.server.MinecraftServer/]: Saving chunks for level 'ServerLevel[Greenfield v0.5.3]'/minecraft:the_end
[05jun.2024 15:14:28.425] [Render thread/INFO] [STDOUT/]: [friedrichlp.renderlib.util.ConsoleLogger:debug:100]: [32m[RENDERLIB-DEBUG] [0mLoading model Victory Valkyrie.obj
[05jun.2024 15:14:28.425] [Render thread/INFO] [STDOUT/]: [friedrichlp.renderlib.util.ConsoleLogger:debug:101]: At: friedrichlp.renderlib.tracking.Model.onLoad()
[05jun.2024 15:14:28.431] [Render thread/INFO] [STDOUT/]: [friedrichlp.renderlib.util.ConsoleLogger:debug:100]: [32m[RENDERLIB-DEBUG] [0mLoading model Strike God Valkyrie.obj
[05jun.2024 15:14:28.431] [Render thread/INFO] [STDOUT/]: [friedrichlp.renderlib.util.ConsoleLogger:debug:101]: At: friedrichlp.renderlib.tracking.Model.onLoad()
[05jun.2024 15:14:28.434] [Render thread/INFO] [STDOUT/]: [friedrichlp.renderlib.util.ConsoleLogger:debug:100]: [32m[RENDERLIB-DEBUG] [0mLoading model Cho-Z Spriggan.obj
[05jun.2024 15:14:28.434] [Render thread/INFO] [STDOUT/]: [friedrichlp.renderlib.util.ConsoleLogger:debug:101]: At: friedrichlp.renderlib.tracking.Model.onLoad()
[05jun.2024 15:14:28.435] [Render thread/INFO] [STDOUT/]: [friedrichlp.renderlib.util.ConsoleLogger:debug:100]: [32m[RENDERLIB-DEBUG] [0mLoading model God Valkyrie.obj
[05jun.2024 15:14:28.435] [Render thread/INFO] [STDOUT/]: [friedrichlp.renderlib.util.ConsoleLogger:debug:101]: At: friedrichlp.renderlib.tracking.Model.onLoad()
[05jun.2024 15:14:28.832] [pool-7-thread-4/INFO] [STDOUT/]: [friedrichlp.renderlib.util.ConsoleLogger:debug:100]: [32m[RENDERLIB-DEBUG] [0mMTL: ignored line 'map_d transparent.png'
[05jun.2024 15:14:28.833] [pool-7-thread-4/INFO] [STDOUT/]: [friedrichlp.renderlib.util.ConsoleLogger:debug:101]: At: friedrichlp.renderlib.model.MaterialCollection.loadFromMtls()
[05jun.2024 15:14:28.837] [pool-7-thread-2/INFO] [STDOUT/]: [friedrichlp.renderlib.util.ConsoleLogger:debug:100]: [32m[RENDERLIB-DEBUG] [0mMTL: ignored line 'map_d transparent.png'
[05jun.2024 15:14:28.837] [pool-7-thread-2/INFO] [STDOUT/]: [friedrichlp.renderlib.util.ConsoleLogger:debug:101]: At: friedrichlp.renderlib.model.MaterialCollection.loadFromMtls()
[05jun.2024 15:14:28.846] [pool-7-thread-1/INFO] [STDOUT/]: [friedrichlp.renderlib.util.ConsoleLogger:debug:100]: [32m[RENDERLIB-DEBUG] [0mMTL: ignored line 'map_d transparent.png'
[05jun.2024 15:14:28.846] [pool-7-thread-1/INFO] [STDOUT/]: [friedrichlp.renderlib.util.ConsoleLogger:debug:101]: At: friedrichlp.renderlib.model.MaterialCollection.loadFromMtls()
[05jun.2024 15:14:30.540] [Server thread/INFO] [net.minecraft.server.integrated.IntegratedServer/]: Saving and pausing game...
[05jun.2024 15:14:30.555] [Server thread/INFO] [net.minecraft.server.MinecraftServer/]: Saving chunks for level 'ServerLevel[Greenfield v0.5.3]'/minecraft:overworld
[05jun.2024 15:14:30.736] [Server thread/INFO] [net.minecraft.server.MinecraftServer/]: Saving chunks for level 'ServerLevel[Greenfield v0.5.3]'/minecraft:the_nether
[05jun.2024 15:14:30.737] [Server thread/INFO] [net.minecraft.server.MinecraftServer/]: Saving chunks for level 'ServerLevel[Greenfield v0.5.3]'/minecraft:the_end
[05jun.2024 15:14:33.907] [Server thread/INFO] [net.minecraft.network.play.ServerPlayNetHandler/]: grillo78 lost connection: Disconnected
[05jun.2024 15:14:33.907] [Server thread/INFO] [net.minecraft.server.MinecraftServer/]: grillo78 left the game
[05jun.2024 15:14:33.922] [Server thread/INFO] [net.minecraft.network.play.ServerPlayNetHandler/]: Stopping singleplayer server as player logged out
[05jun.2024 15:14:33.923] [Server thread/INFO] [net.minecraft.server.MinecraftServer/]: [grillo78: Kicked grillo78: Kicked by an operator]
[05jun.2024 15:14:33.956] [Server thread/INFO] [net.minecraft.server.MinecraftServer/]: Stopping server
[05jun.2024 15:14:33.957] [Server thread/INFO] [net.minecraft.server.MinecraftServer/]: Saving players
[05jun.2024 15:14:33.957] [Server thread/INFO] [net.minecraft.server.MinecraftServer/]: Saving worlds
[05jun.2024 15:14:33.957] [Server thread/INFO] [net.minecraft.server.MinecraftServer/]: Saving chunks for level 'ServerLevel[Greenfield v0.5.3]'/minecraft:overworld
[05jun.2024 15:14:35.469] [Server thread/INFO] [net.minecraft.world.server.ChunkManager/]: ThreadedAnvilChunkStorage (world): All chunks are saved
[05jun.2024 15:14:35.470] [Server thread/INFO] [net.minecraft.server.MinecraftServer/]: Saving chunks for level 'ServerLevel[Greenfield v0.5.3]'/minecraft:the_nether
[05jun.2024 15:14:35.471] [Server thread/INFO] [net.minecraft.world.server.ChunkManager/]: ThreadedAnvilChunkStorage (DIM-1): All chunks are saved
[05jun.2024 15:14:35.471] [Server thread/INFO] [net.minecraft.server.MinecraftServer/]: Saving chunks for level 'ServerLevel[Greenfield v0.5.3]'/minecraft:the_end
[05jun.2024 15:14:35.472] [Server thread/INFO] [net.minecraft.world.server.ChunkManager/]: ThreadedAnvilChunkStorage (DIM1): All chunks are saved
[05jun.2024 15:14:35.523] [Server thread/INFO] [net.minecraft.world.server.ChunkManager/]: ThreadedAnvilChunkStorage (world): All chunks are saved
[05jun.2024 15:14:35.721] [Server thread/INFO] [net.minecraft.world.server.ChunkManager/]: ThreadedAnvilChunkStorage (DIM-1): All chunks are saved
[05jun.2024 15:14:35.721] [Server thread/INFO] [net.minecraft.world.server.ChunkManager/]: ThreadedAnvilChunkStorage (DIM1): All chunks are saved
[05jun.2024 15:14:38.521] [Render thread/INFO] [net.minecraft.client.gui.screen.ConnectingScreen/]: Connecting to localhost, 25575
[05jun.2024 15:14:39.416] [Render thread/INFO] [net.minecraftforge.registries.GameData/REGISTRIES]: Injecting existing registry data into this CLIENT instance
[05jun.2024 15:14:39.432] [Render thread/INFO] [net.minecraftforge.registries.ForgeRegistry/REGISTRIES]: Registry minecraft:block: Found a missing id from the world beycraft:robot
[05jun.2024 15:14:39.432] [Render thread/INFO] [net.minecraftforge.registries.ForgeRegistry/REGISTRIES]: Registry minecraft:block: Found a missing id from the world cfm:acacia_bedside_cabinet
[05jun.2024 15:14:39.432] [Render thread/INFO] [net.minecraftforge.registries.ForgeRegistry/REGISTRIES]: Registry minecraft:block: Found a missing id from the world cfm:acacia_blinds
[05jun.2024 15:14:39.432] [Render thread/INFO] [net.minecraftforge.registries.ForgeRegistry/REGISTRIES]: Registry minecraft:block: Found a missing id from the world cfm:acacia_cabinet
[05jun.2024 15:14:39.432] [Render thread/INFO] [net.minecraftforge.registries.ForgeRegistry/REGISTRIES]: Registry minecraft:block: Found a missing id from the world cfm:acacia_chair
[05jun.2024 15:14:39.432] [Render thread/INFO] [net.minecraftforge.registries.ForgeRegistry/REGISTRIES]: Registry minecraft:block: Found a missing id from the world cfm:acacia_coffee_table
[05jun.2024 15:14:39.432] [Render thread/INFO] [net.minecraftforge.registries.ForgeRegistry/REGISTRIES]: Registry minecraft:block: Found a missing id from the world cfm:acacia_crate
[05jun.2024 15:14:39.432] [Render thread/INFO] [net.minecraftforge.registries.ForgeRegistry/REGISTRIES]: Registry minecraft:block: Found a missing id from the world cfm:acacia_desk
[05jun.2024 15:14:39.432] [Render thread/INFO] [net.minecraftforge.registries.ForgeRegistry/REGISTRIES]: Registry minecraft:block: Found a missing id from the world cfm:acacia_desk_cabinet
[05jun.2024 15:14:39.432] [Render thread/INFO] [net.minecraftforge.registries.ForgeRegistry/REGISTRIES]: Registry minecraft:block: Found a missing id from the world cfm:acacia_hedge
[05jun.2024 15:14:39.432] [Render thread/INFO] [net.minecraftforge.registries.ForgeRegistry/REGISTRIES]: Registry minecraft:block: Found a missing id from the world cfm:acacia_kitchen_counter
[05jun.2024 15:14:39.432] [Render thread/INFO] [net.minecraftforge.registries.ForgeRegistry/REGISTRIES]: Registry minecraft:block: Found a missing id from the world cfm:acacia_kitchen_drawer
[05jun.2024 15:14:39.432] [Render thread/INFO] [net.minecraftforge.registries.ForgeRegistry/REGISTRIES]: Registry minecraft:block: Found a missing id from the world cfm:acacia_kitchen_sink_dark
[05jun.2024 15:14:39.432] [Render thread/INFO] [net.minecraftforge.registries.ForgeRegistry/REGISTRIES]: Registry minecraft:block: Found a missing id from the world cfm:acacia_kitchen_sink_light
[05jun.2024 15:14:39.432] [Render thread/INFO] [net.minecraftforge.registries.ForgeRegistry/REGISTRIES]: Registry minecraft:block: Found a missing id from the world cfm:acacia_mail_box
[05jun.2024 15:14:39.433] [Render thread/INFO] [net.minecraftforge.registries.ForgeRegistry/REGISTRIES]: Registry minecraft:block: Found a missing id from the world cfm:acacia_park_bench
[05jun.2024 15:14:39.433] [Render thread/INFO] [net.minecraftforge.registries.ForgeRegistry/REGISTRIES]: Registry minecraft:block: Found a missing id from the world cfm:acacia_table
[05jun.2024 15:14:39.433] [Render thread/INFO] [net.minecraftforge.registries.ForgeRegistry/REGISTRIES]: Registry minecraft:block: Found a missing id from the world cfm:acacia_upgraded_fence
[05jun.2024 15:14:39.433] [Render thread/INFO] [net.minecraftforge.registries.ForgeRegistry/REGISTRIES]: Registry minecraft:block: Found a missing id from the world cfm:acacia_upgraded_gate
[05jun.2024 15:14:39.433] [Render thread/INFO] [net.minecraftforge.registries.ForgeRegistry/REGISTRIES]: Registry minecraft:block: Found a missing id from the world cfm:andesite_bedside_cabinet
[05jun.2024 15:14:39.433] [Render thread/INFO] [net.minecraftforge.registries.ForgeRegistry/REGISTRIES]: Registry minecraft:block: Found a missing id from the world cfm:andesite_cabinet
[05jun.2024 15:14:39.433] [Render thread/INFO] [net.minecraftforge.registries.ForgeRegistry/REGISTRIES]: Registry minecraft:block: Found a missing id from the world cfm:andesite_chair
[05jun.2024 15:14:39.433] [Render thread/INFO] [net.minecraftforge.registries.ForgeRegistry/REGISTRIES]: Registry minecraft:block: Found a missing id from the world cfm:andesite_coffee_table
[05jun.2024 15:14:39.433] [Render thread/INFO] [net.minecraftforge.registries.ForgeRegistry/REGISTRIES]: Registry minecraft:block: Found a missing id from the world cfm:andesite_desk
[05jun.2024 15:14:39.433] [Render thread/INFO] [net.minecraftforge.registries.ForgeRegistry/REGISTRIES]: Registry minecraft:block: Found a missing id from the world cfm:andesite_desk_cabinet
[05jun.2024 15:14:39.433] [Render thread/INFO] [net.minecraftforge.registries.ForgeRegistry/REGISTRIES]: Registry minecraft:block: Found a missing id from the world cfm:andesite_table
[05jun.2024 15:14:39.433] [Render thread/INFO] [net.minecraftforge.registries.ForgeRegistry/REGISTRIES]: Registry minecraft:block: Found a missing id from the world cfm:birch_bedside_cabinet
[05jun.2024 15:14:39.433] [Render thread/INFO] [net.minecraftforge.registries.ForgeRegistry/REGISTRIES]: Registry minecraft:block: Found a missing id from the world cfm:birch_blinds
[05jun.2024 15:14:39.433] [Render thread/INFO] [net.minecraftforge.registries.ForgeRegistry/REGISTRIES]: Registry minecraft:block: Found a missing id from the world cfm:birch_cabinet
[05jun.2024 15:14:39.433] [Render thread/INFO] [net.minecraftforge.registries.ForgeRegistry/REGISTRIES]: Registry minecraft:block: Found a missing id from the world cfm:birch_chair
[05jun.2024 15:14:39.433] [Render thread/INFO] [net.minecraftforge.registries.ForgeRegistry/REGISTRIES]: Registry minecraft:block: Found a missing id from the world cfm:birch_coffee_table
[05jun.2024 15:14:39.433] [Render thread/INFO] [net.minecraftforge.registries.ForgeRegistry/REGISTRIES]: Registry minecraft:block: Found a missing id from the world cfm:birch_crate
[05jun.2024 15:14:39.433] [Render thread/INFO] [net.minecraftforge.registries.ForgeRegistry/REGISTRIES]: Registry minecraft:block: Found a missing id from the world cfm:birch_desk
[05jun.2024 15:14:39.433] [Render thread/INFO] [net.minecraftforge.registries.ForgeRegistry/REGISTRIES]: Registry minecraft:block: Found a missing id from the world cfm:birch_desk_cabinet
[05jun.2024 15:14:39.433] [Render thread/INFO] [net.minecraftforge.registries.ForgeRegistry/REGISTRIES]: Registry minecraft:block: Found a missing id from the world cfm:birch_hedge
[05jun.2024 15:14:39.433] [Render thread/INFO] [net.minecraftforge.registries.ForgeRegistry/REGISTRIES]: Registry minecraft:block: Found a missing id from the world cfm:birch_kitchen_counter
[05jun.2024 15:14:39.433] [Render thread/INFO] [net.minecraftforge.registries.ForgeRegistry/REGISTRIES]: Registry minecraft:block: Found a missing id from the world cfm:birch_kitchen_drawer
[05jun.2024 15:14:39.433] [Render thread/INFO] [net.minecraftforge.registries.ForgeRegistry/REGISTRIES]: Registry minecraft:block: Found a missing id from the world cfm:birch_kitchen_sink_dark
[05jun.2024 15:14:39.433] [Render thread/INFO] [net.minecraftforge.registries.ForgeRegistry/REGISTRIES]: Registry minecraft:block: Found a missing id from the world cfm:birch_kitchen_sink_light
[05jun.2024 15:14:39.433] [Render thread/INFO] [net.minecraftforge.registries.ForgeRegistry/REGISTRIES]: Registry minecraft:block: Found a missing id from the world cfm:birch_mail_box
[05jun.2024 15:14:39.433] [Render thread/INFO] [net.minecraftforge.registries.ForgeRegistry/REGISTRIES]: Registry minecraft:block: Found a missing id from the world cfm:birch_park_bench
[05jun.2024 15:14:39.433] [Render thread/INFO] [net.minecraftforge.registries.ForgeRegistry/REGISTRIES]: Registry minecraft:block: Found a missing id from the world cfm:birch_table
[05jun.2024 15:14:39.433] [Render thread/INFO] [net.minecraftforge.registries.ForgeRegistry/REGISTRIES]: Registry minecraft:block: Found a missing id from the world cfm:birch_upgraded_fence
[05jun.2024 15:14:39.433] [Render thread/INFO] [net.minecraftforge.registries.ForgeRegistry/REGISTRIES]: Registry minecraft:block: Found a missing id from the world cfm:birch_upgraded_gate
[05jun.2024 15:14:39.433] [Render thread/INFO] [net.minecraftforge.registries.ForgeRegistry/REGISTRIES]: Registry minecraft:block: Found a missing id from the world cfm:black_cooler
[05jun.2024 15:14:39.433] [Render thread/INFO] [net.minecraftforge.registries.ForgeRegistry/REGISTRIES]: Registry minecraft:block: Found a missing id from the world cfm:black_grill
[05jun.2024 15:14:39.433] [Render thread/INFO] [net.minecraftforge.registries.ForgeRegistry/REGISTRIES]: Registry minecraft:block: Found a missing id from the world cfm:black_kitchen_counter
[05jun.2024 15:14:39.433] [Render thread/INFO] [net.minecraftforge.registries.ForgeRegistry/REGISTRIES]: Registry minecraft:block: Found a missing id from the world cfm:black_kitchen_drawer
[05jun.2024 15:14:39.433] [Render thread/INFO] [net.minecraftforge.registries.ForgeRegistry/REGISTRIES]: Registry minecraft:block: Found a missing id from the world cfm:black_kitchen_sink
[05jun.2024 15:14:39.433] [Render thread/INFO] [net.minecraftforge.registries.ForgeRegistry/REGISTRIES]: Registry minecraft:block: Found a missing id from the world cfm:black_picket_fence
[05jun.2024 15:14:39.433] [Render thread/INFO] [net.minecraftforge.registries.ForgeRegistry/REGISTRIES]: Registry minecraft:block: Found a missing id from the world cfm:black_picket_gate
[05jun.2024 15:14:39.433] [Render thread/INFO] [net.minecraftforge.registries.ForgeRegistry/REGISTRIES]: Registry minecraft:block: Found a missing id from the world cfm:black_sofa
[05jun.2024 15:14:39.433] [Render thread/INFO] [net.minecraftforge.registries.ForgeRegistry/REGISTRIES]: Registry minecraft:block: Found a missing id from the world cfm:blue_cooler
[05jun.2024 15:14:39.433] [Render thread/INFO] [net.minecraftforge.registries.ForgeRegistry/REGISTRIES]: Registry minecraft:block: Found a missing id from the world cfm:blue_grill
[05jun.2024 15:14:39.433] [Render thread/INFO] [net.minecraftforge.registries.ForgeRegistry/REGISTRIES]: Registry minecraft:block: Found a missing id from the world cfm:blue_kitchen_counter
[05jun.2024 15:14:39.433] [Render thread/INFO] [net.minecraftforge.registries.ForgeRegistry/REGISTRIES]: Registry minecraft:block: Found a missing id from the world cfm:blue_kitchen_drawer
[05jun.2024 15:14:39.433] [Render thread/INFO] [net.minecraftforge.registries.ForgeRegistry/REGISTRIES]: Registry minecraft:block: Found a missing id from the world cfm:blue_kitchen_sink
[05jun.2024 15:14:39.433] [Render thread/INFO] [net.minecraftforge.registries.ForgeRegistry/REGISTRIES]: Registry minecraft:block: Found a missing id from the world cfm:blue_picket_fence
[05jun.2024 15:14:39.433] [Render thread/INFO] [net.minecraftforge.registries.ForgeRegistry/REGISTRIES]: Registry minecraft:block: Found a missing id from the world cfm:blue_picket_gate
[05jun.2024 15:14:39.433] [Render thread/INFO] [net.minecraftforge.registries.ForgeRegistry/REGISTRIES]: Registry minecraft:block: Found a missing id from the world cfm:blue_sofa
[05jun.2024 15:14:39.433] [Render thread/INFO] [net.minecraftforge.registries.ForgeRegistry/REGISTRIES]: Registry minecraft:block: Found a missing id from the world cfm:brown_cooler
[05jun.2024 15:14:39.433] [Render thread/INFO] [net.minecraftforge.registries.ForgeRegistry/REGISTRIES]: Registry minecraft:block: Found a missing id from the world cfm:brown_grill
[05jun.2024 15:14:39.433] [Render thread/INFO] [net.minecraftforge.registries.ForgeRegistry/REGISTRIES]: Registry minecraft:block: Found a missing id from the world cfm:brown_kitchen_counter
[05jun.2024 15:14:39.433] [Render thread/INFO] [net.minecraftforge.registries.ForgeRegistry/REGISTRIES]: Registry minecraft:block: Found a missing id from the world cfm:brown_kitchen_drawer
[05jun.2024 15:14:39.433] [Render thread/INFO] [net.minecraftforge.registries.ForgeRegistry/REGISTRIES]: Registry minecraft:block: Found a missing id from the world cfm:brown_kitchen_sink
[05jun.2024 15:14:39.433] [Render thread/INFO] [net.minecraftforge.registries.ForgeRegistry/REGISTRIES]: Registry minecraft:block: Found a missing id from the world cfm:brown_picket_fence
[05jun.2024 15:14:39.433] [Render thread/INFO] [net.minecraftforge.registries.ForgeRegistry/REGISTRIES]: Registry minecraft:block: Found a missing id from the world cfm:brown_picket_gate
[05jun.2024 15:14:39.433] [Render thread/INFO] [net.minecraftforge.registries.ForgeRegistry/REGISTRIES]: Registry minecraft:block: Found a missing id from the world cfm:brown_sofa
[05jun.2024 15:14:39.433] [Render thread/INFO] [net.minecraftforge.registries.ForgeRegistry/REGISTRIES]: Registry minecraft:block: Found a missing id from the world cfm:crimson_bedside_cabinet
[05jun.2024 15:14:39.433] [Render thread/INFO] [net.minecraftforge.registries.ForgeRegistry/REGISTRIES]: Registry minecraft:block: Found a missing id from the world cfm:crimson_blinds
[05jun.2024 15:14:39.433] [Render thread/INFO] [net.minecraftforge.registries.ForgeRegistry/REGISTRIES]: Registry minecraft:block: Found a missing id from the world cfm:crimson_cabinet
[05jun.2024 15:14:39.433] [Render thread/INFO] [net.minecraftforge.registries.ForgeRegistry/REGISTRIES]: Registry minecraft:block: Found a missing id from the world cfm:crimson_chair
[05jun.2024 15:14:39.433] [Render thread/INFO] [net.minecraftforge.registries.ForgeRegistry/REGISTRIES]: Registry minecraft:block: Found a missing id from the world cfm:crimson_coffee_table
[05jun.2024 15:14:39.433] [Render thread/INFO] [net.minecraftforge.registries.ForgeRegistry/REGISTRIES]: Registry minecraft:block: Found a missing id from the world cfm:crimson_crate
[05jun.2024 15:14:39.433] [Render thread/INFO] [net.minecraftforge.registries.ForgeRegistry/REGISTRIES]: Registry minecraft:block: Found a missing id from the world cfm:crimson_desk
[05jun.2024 15:14:39.433] [Render thread/INFO] [net.minecraftforge.registries.ForgeRegistry/REGISTRIES]: Registry minecraft:block: Found a missing id from the world cfm:crimson_desk_cabinet
[05jun.2024 15:14:39.434] [Render thread/INFO] [net.minecraftforge.registries.ForgeRegistry/REGISTRIES]: Registry minecraft:block: Found a missing id from the world cfm:crimson_kitchen_counter
[05jun.2024 15:14:39.434] [Render thread/INFO] [net.minecraftforge.registries.ForgeRegistry/REGISTRIES]: Registry minecraft:block: Found a missing id from the world cfm:crimson_kitchen_drawer
[05jun.2024 15:14:39.434] [Render thread/INFO] [net.minecraftforge.registries.ForgeRegistry/REGISTRIES]: Registry minecraft:block: Found a missing id from the world cfm:crimson_kitchen_sink_dark
[05jun.2024 15:14:39.434] [Render thread/INFO] [net.minecraftforge.registries.ForgeRegistry/REGISTRIES]: Registry minecraft:block: Found a missing id from the world cfm:crimson_kitchen_sink_light
[05jun.2024 15:14:39.434] [Render thread/INFO] [net.minecraftforge.registries.ForgeRegistry/REGISTRIES]: Registry minecraft:block: Found a missing id from the world cfm:crimson_mail_box
[05jun.2024 15:14:39.434] [Render thread/INFO] [net.minecraftforge.registries.ForgeRegistry/REGISTRIES]: Registry minecraft:block: Found a missing id from the world cfm:crimson_park_bench
[05jun.2024 15:14:39.434] [Render thread/INFO] [net.minecraftforge.registries.ForgeRegistry/REGISTRIES]: Registry minecraft:block: Found a missing id from the world cfm:crimson_table
[05jun.2024 15:14:39.434] [Render thread/INFO] [net.minecraftforge.registries.ForgeRegistry/REGISTRIES]: Registry minecraft:block: Found a missing id from the world cfm:crimson_upgraded_fence
[05jun.2024 15:14:39.434] [Render thread/INFO] [net.minecraftforge.registries.ForgeRegistry/REGISTRIES]: Registry minecraft:block: Found a missing id from the world cfm:crimson_upgraded_gate
[05jun.2024 15:14:39.434] [Render thread/INFO] [net.minecraftforge.registries.ForgeRegistry/REGISTRIES]: Registry minecraft:block: Found a missing id from the world cfm:cyan_cooler
[05jun.2024 15:14:39.434] [Render thread/INFO] [net.minecraftforge.registries.ForgeRegistry/REGISTRIES]: Registry minecraft:block: Found a missing id from the world cfm:cyan_grill
[05jun.2024 15:14:39.434] [Render thread/INFO] [net.minecraftforge.registries.ForgeRegistry/REGISTRIES]: Registry minecraft:block: Found a missing id from the world cfm:cyan_kitchen_counter
[05jun.2024 15:14:39.434] [Render thread/INFO] [net.minecraftforge.registries.ForgeRegistry/REGISTRIES]: Registry minecraft:block: Found a missing id from the world cfm:cyan_kitchen_drawer
[05jun.2024 15:14:39.434] [Render thread/INFO] [net.minecraftforge.registries.ForgeRegistry/REGISTRIES]: Registry minecraft:block: Found a missing id from the world cfm:cyan_kitchen_sink
[05jun.2024 15:14:39.434] [Render thread/INFO] [net.minecraftforge.registries.ForgeRegistry/REGISTRIES]: Registry minecraft:block: Found a missing id from the world cfm:cyan_picket_fence
[05jun.2024 15:14:39.434] [Render thread/INFO] [net.minecraftforge.registries.ForgeRegistry/REGISTRIES]: Registry minecraft:block: Found a missing id from the world cfm:cyan_picket_gate
[05jun.2024 15:14:39.434] [Render thread/INFO] [net.minecraftforge.registries.ForgeRegistry/REGISTRIES]: Registry minecraft:block: Found a missing id from the world cfm:cyan_sofa
[05jun.2024 15:14:39.434] [Render thread/INFO] [net.minecraftforge.registries.ForgeRegistry/REGISTRIES]: Registry minecraft:block: Found a missing id from the world cfm:dark_oak_bedside_cabinet
[05jun.2024 15:14:39.434] [Render thread/INFO] [net.minecraftforge.registries.ForgeRegistry/REGISTRIES]: Registry minecraft:block: Found a missing id from the world cfm:dark_oak_blinds
[05jun.2024 15:14:39.434] [Render thread/INFO] [net.minecraftforge.registries.ForgeRegistry/REGISTRIES]: Registry minecraft:block: Found a missing id from the world cfm:dark_oak_cabinet
[05jun.2024 15:14:39.434] [Render thread/INFO] [net.minecraftforge.registries.ForgeRegistry/REGISTRIES]: Registry minecraft:block: Found a missing id from the world cfm:dark_oak_chair
[05jun.2024 15:14:39.434] [Render thread/INFO] [net.minecraftforge.registries.ForgeRegistry/REGISTRIES]: Registry minecraft:block: Found a missing id from the world cfm:dark_oak_coffee_table
[05jun.2024 15:14:39.434] [Render thread/INFO] [net.minecraftforge.registries.ForgeRegistry/REGISTRIES]: Registry minecraft:block: Found a missing id from the world cfm:dark_oak_crate
[05jun.2024 15:14:39.434] [Render thread/INFO] [net.minecraftforge.registries.ForgeRegistry/REGISTRIES]: Registry minecraft:block: Found a missing id from the world cfm:dark_oak_desk
[05jun.2024 15:14:39.434] [Render thread/INFO] [net.minecraftforge.registries.ForgeRegistry/REGISTRIES]: Registry minecraft:block: Found a missing id from the world cfm:dark_oak_desk_cabinet
[05jun.2024 15:14:39.434] [Render thread/INFO] [net.minecraftforge.registries.ForgeRegistry/REGISTRIES]: Registry minecraft:block: Found a missing id from the world cfm:dark_oak_hedge
[05jun.2024 15:14:39.434] [Render thread/INFO] [net.minecraftforge.registries.ForgeRegistry/REGISTRIES]: Registry minecraft:block: Found a missing id from the world cfm:dark_oak_kitchen_counter
[05jun.2024 15:14:39.434] [Render thread/INFO] [net.minecraftforge.registries.ForgeRegistry/REGISTRIES]: Registry minecraft:block: Found a missing id from the world cfm:dark_oak_kitchen_drawer
[05jun.2024 15:14:39.434] [Render thread/INFO] [net.minecraftforge.registries.ForgeRegistry/REGISTRIES]: Registry minecraft:block: Found a missing id from the world cfm:dark_oak_kitchen_sink_dark
[05jun.2024 15:14:39.434] [Render thread/INFO] [net.minecraftforge.registries.ForgeRegistry/REGISTRIES]: Registry minecraft:block: Found a missing id from the world cfm:dark_oak_kitchen_sink_light
[05jun.2024 15:14:39.434] [Render thread/INFO] [net.minecraftforge.registries.ForgeRegistry/REGISTRIES]: Registry minecraft:block: Found a missing id from the world cfm:dark_oak_mail_box
[05jun.2024 15:14:39.434] [Render thread/INFO] [net.minecraftforge.registries.ForgeRegistry/REGISTRIES]: Registry minecraft:block: Found a missing id from the world cfm:dark_oak_park_bench
[05jun.2024 15:14:39.434] [Render thread/INFO] [net.minecraftforge.registries.ForgeRegistry/REGISTRIES]: Registry minecraft:block: Found a missing id from the world cfm:dark_oak_table
[05jun.2024 15:14:39.434] [Render thread/INFO] [net.minecraftforge.registries.ForgeRegistry/REGISTRIES]: Registry minecraft:block: Found a missing id from the world cfm:dark_oak_upgraded_fence
[05jun.2024 15:14:39.434] [Render thread/INFO] [net.minecraftforge.registries.ForgeRegistry/REGISTRIES]: Registry minecraft:block: Found a missing id from the world cfm:dark_oak_upgraded_gate
[05jun.2024 15:14:39.434] [Render thread/INFO] [net.minecraftforge.registries.ForgeRegistry/REGISTRIES]: Registry minecraft:block: Found a missing id from the world cfm:diorite_bedside_cabinet
[05jun.2024 15:14:39.434] [Render thread/INFO] [net.minecraftforge.registries.ForgeRegistry/REGISTRIES]: Registry minecraft:block: Found a missing id from the world cfm:diorite_cabinet
[05jun.2024 15:14:39.434] [Render thread/INFO] [net.minecraftforge.registries.ForgeRegistry/REGISTRIES]: Registry minecraft:block: Found a missing id from the world cfm:diorite_chair
[05jun.2024 15:14:39.434] [Render thread/INFO] [net.minecraftforge.registries.ForgeRegistry/REGISTRIES]: Registry minecraft:block: Found a missing id from the world cfm:diorite_coffee_table
[05jun.2024 15:14:39.434] [Render thread/INFO] [net.minecraftforge.registries.ForgeRegistry/REGISTRIES]: Registry minecraft:block: Found a missing id from the world cfm:diorite_desk
[05jun.2024 15:14:39.434] [Render thread/INFO] [net.minecraftforge.registries.ForgeRegistry/REGISTRIES]: Registry minecraft:block: Found a missing id from the world cfm:diorite_desk_cabinet
[05jun.2024 15:14:39.434] [Render thread/INFO] [net.minecraftforge.registries.ForgeRegistry/REGISTRIES]: Registry minecraft:block: Found a missing id from the world cfm:diorite_table
[05jun.2024 15:14:39.434] [Render thread/INFO] [net.minecraftforge.registries.ForgeRegistry/REGISTRIES]: Registry minecraft:block: Found a missing id from the world cfm:diving_board
[05jun.2024 15:14:39.434] [Render thread/INFO] [net.minecraftforge.registries.ForgeRegistry/REGISTRIES]: Registry minecraft:block: Found a missing id from the world cfm:door_mat
[05jun.2024 15:14:39.434] [Render thread/INFO] [net.minecraftforge.registries.ForgeRegistry/REGISTRIES]: Registry minecraft:block: Found a missing id from the world cfm:freezer_dark
[05jun.2024 15:14:39.434] [Render thread/INFO] [net.minecraftforge.registries.ForgeRegistry/REGISTRIES]: Registry minecraft:block: Found a missing id from the world cfm:freezer_light
[05jun.2024 15:14:39.434] [Render thread/INFO] [net.minecraftforge.registries.ForgeRegistry/REGISTRIES]: Registry minecraft:block: Found a missing id from the world cfm:fridge_dark
[05jun.2024 15:14:39.434] [Render thread/INFO] [net.minecraftforge.registries.ForgeRegistry/REGISTRIES]: Registry minecraft:block: Found a missing id from the world cfm:fridge_light
[05jun.2024 15:14:39.434] [Render thread/INFO] [net.minecraftforge.registries.ForgeRegistry/REGISTRIES]: Registry minecraft:block: Found a missing id from the world cfm:granite_bedside_cabinet
[05jun.2024 15:14:39.434] [Render thread/INFO] [net.minecraftforge.registries.ForgeRegistry/REGISTRIES]: Registry minecraft:block: Found a missing id from the world cfm:granite_cabinet
[05jun.2024 15:14:39.434] [Render thread/INFO] [net.minecraftforge.registries.ForgeRegistry/REGISTRIES]: Registry minecraft:block: Found a missing id from the world cfm:granite_chair
[05jun.2024 15:14:39.434] [Render thread/INFO] [net.minecraftforge.registries.ForgeRegistry/REGISTRIES]: Registry minecraft:block: Found a missing id from the world cfm:granite_coffee_table
[05jun.2024 15:14:39.434] [Render thread/INFO] [net.minecraftforge.registries.ForgeRegistry/REGISTRIES]: Registry minecraft:block: Found a missing id from the world cfm:granite_desk
[05jun.2024 15:14:39.434] [Render thread/INFO] [net.minecraftforge.registries.ForgeRegistry/REGISTRIES]: Registry minecraft:block: Found a missing id from the world cfm:granite_desk_cabinet
[05jun.2024 15:14:39.434] [Render thread/INFO] [net.minecraftforge.registries.ForgeRegistry/REGISTRIES]: Registry minecraft:block: Found a missing id from the world cfm:granite_table
[05jun.2024 15:14:39.434] [Render thread/INFO] [net.minecraftforge.registries.ForgeRegistry/REGISTRIES]: Registry minecraft:block: Found a missing id from the world cfm:gray_cooler
[05jun.2024 15:14:39.434] [Render thread/INFO] [net.minecraftforge.registries.ForgeRegistry/REGISTRIES]: Registry minecraft:block: Found a missing id from the world cfm:gray_grill
[05jun.2024 15:14:39.434] [Render thread/INFO] [net.minecraftforge.registries.ForgeRegistry/REGISTRIES]: Registry minecraft:block: Found a missing id from the world cfm:gray_kitchen_counter
[05jun.2024 15:14:39.434] [Render thread/INFO] [net.minecraftforge.registries.ForgeRegistry/REGISTRIES]: Registry minecraft:block: Found a missing id from the world cfm:gray_kitchen_drawer
[05jun.2024 15:14:39.434] [Render thread/INFO] [net.minecraftforge.registries.ForgeRegistry/REGISTRIES]: Registry minecraft:block: Found a missing id from the world cfm:gray_kitchen_sink
[05jun.2024 15:14:39.435] [Render thread/INFO] [net.minecraftforge.registries.ForgeRegistry/REGISTRIES]: Registry minecraft:block: Found a missing id from the world cfm:gray_picket_fence
[05jun.2024 15:14:39.435] [Render thread/INFO] [net.minecraftforge.registries.ForgeRegistry/REGISTRIES]: Registry minecraft:block: Found a missing id from the world cfm:gray_picket_gate
[05jun.2024 15:14:39.435] [Render thread/INFO] [net.minecraftforge.registries.ForgeRegistry/REGISTRIES]: Registry minecraft:block: Found a missing id from the world cfm:gray_sofa
[05jun.2024 15:14:39.435] [Render thread/INFO] [net.minecraftforge.registries.ForgeRegistry/REGISTRIES]: Registry minecraft:block: Found a missing id from the world cfm:green_cooler
[05jun.2024 15:14:39.435] [Render thread/INFO] [net.minecraftforge.registries.ForgeRegistry/REGISTRIES]: Registry minecraft:block: Found a missing id from the world cfm:green_grill
[05jun.2024 15:14:39.435] [Render thread/INFO] [net.minecraftforge.registries.ForgeRegistry/REGISTRIES]: Registry minecraft:block: Found a missing id from the world cfm:green_kitchen_counter
[05jun.2024 15:14:39.435] [Render thread/INFO] [net.minecraftforge.registries.ForgeRegistry/REGISTRIES]: Registry minecraft:block: Found a missing id from the world cfm:green_kitchen_drawer
[05jun.2024 15:14:39.435] [Render thread/INFO] [net.minecraftforge.registries.ForgeRegistry/REGISTRIES]: Registry minecraft:block: Found a missing id from the world cfm:green_kitchen_sink
[05jun.2024 15:14:39.435] [Render thread/INFO] [net.minecraftforge.registries.ForgeRegistry/REGISTRIES]: Registry minecraft:block: Found a missing id from the world cfm:green_picket_fence
[05jun.2024 15:14:39.435] [Render thread/INFO] [net.minecraftforge.registries.ForgeRegistry/REGISTRIES]: Registry minecraft:block: Found a missing id from the world cfm:green_picket_gate
[05jun.2024 15:14:39.435] [Render thread/INFO] [net.minecraftforge.registries.ForgeRegistry/REGISTRIES]: Registry minecraft:block: Found a missing id from the world cfm:green_sofa
[05jun.2024 15:14:39.435] [Render thread/INFO] [net.minecraftforge.registries.ForgeRegistry/REGISTRIES]: Registry minecraft:block: Found a missing id from the world cfm:jungle_bedside_cabinet
[05jun.2024 15:14:39.435] [Render thread/INFO] [net.minecraftforge.registries.ForgeRegistry/REGISTRIES]: Registry minecraft:block: Found a missing id from the world cfm:jungle_blinds
[05jun.2024 15:14:39.435] [Render thread/INFO] [net.minecraftforge.registries.ForgeRegistry/REGISTRIES]: Registry minecraft:block: Found a missing id from the world cfm:jungle_cabinet
[05jun.2024 15:14:39.435] [Render thread/INFO] [net.minecraftforge.registries.ForgeRegistry/REGISTRIES]: Registry minecraft:block: Found a missing id from the world cfm:jungle_chair
[05jun.2024 15:14:39.435] [Render thread/INFO] [net.minecraftforge.registries.ForgeRegistry/REGISTRIES]: Registry minecraft:block: Found a missing id from the world cfm:jungle_coffee_table
[05jun.2024 15:14:39.435] [Render thread/INFO] [net.minecraftforge.registries.ForgeRegistry/REGISTRIES]: Registry minecraft:block: Found a missing id from the world cfm:jungle_crate
[05jun.2024 15:14:39.435] [Render thread/INFO] [net.minecraftforge.registries.ForgeRegistry/REGISTRIES]: Registry minecraft:block: Found a missing id from the world cfm:jungle_desk
[05jun.2024 15:14:39.435] [Render thread/INFO] [net.minecraftforge.registries.ForgeRegistry/REGISTRIES]: Registry minecraft:block: Found a missing id from the world cfm:jungle_desk_cabinet
[05jun.2024 15:14:39.435] [Render thread/INFO] [net.minecraftforge.registries.ForgeRegistry/REGISTRIES]: Registry minecraft:block: Found a missing id from the world cfm:jungle_hedge
[05jun.2024 15:14:39.435] [Render thread/INFO] [net.minecraftforge.registries.ForgeRegistry/REGISTRIES]: Registry minecraft:block: Found a missing id from the world cfm:jungle_kitchen_counter
[05jun.2024 15:14:39.435] [Render thread/INFO] [net.minecraftforge.registries.ForgeRegistry/REGISTRIES]: Registry minecraft:block: Found a missing id from the world cfm:jungle_kitchen_drawer
[05jun.2024 15:14:39.435] [Render thread/INFO] [net.minecraftforge.registries.ForgeRegistry/REGISTRIES]: Registry minecraft:block: Found a missing id from the world cfm:jungle_kitchen_sink_dark
[05jun.2024 15:14:39.435] [Render thread/INFO] [net.minecraftforge.registries.ForgeRegistry/REGISTRIES]: Registry minecraft:block: Found a missing id from the world cfm:jungle_kitchen_sink_light
[05jun.2024 15:14:39.435] [Render thread/INFO] [net.minecraftforge.registries.ForgeRegistry/REGISTRIES]: Registry minecraft:block: Found a missing id from the world cfm:jungle_mail_box
[05jun.2024 15:14:39.435] [Render thread/INFO] [net.minecraftforge.registries.ForgeRegistry/REGISTRIES]: Registry minecraft:block: Found a missing id from the world cfm:jungle_park_bench
[05jun.2024 15:14:39.435] [Render thread/INFO] [net.minecraftforge.registries.ForgeRegistry/REGISTRIES]: Registry minecraft:block: Found a missing id from the world cfm:jungle_table
[05jun.2024 15:14:39.435] [Render thread/INFO] [net.minecraftforge.registries.ForgeRegistry/REGISTRIES]: Registry minecraft:block: Found a missing id from the world cfm:jungle_upgraded_fence
[05jun.2024 15:14:39.435] [Render thread/INFO] [net.minecraftforge.registries.ForgeRegistry/REGISTRIES]: Registry minecraft:block: Found a missing id from the world cfm:jungle_upgraded_gate
[05jun.2024 15:14:39.435] [Render thread/INFO] [net.minecraftforge.registries.ForgeRegistry/REGISTRIES]: Registry minecraft:block: Found a missing id from the world cfm:light_blue_cooler
[05jun.2024 15:14:39.435] [Render thread/INFO] [net.minecraftforge.registries.ForgeRegistry/REGISTRIES]: Registry minecraft:block: Found a missing id from the world cfm:light_blue_grill
[05jun.2024 15:14:39.435] [Render thread/INFO] [net.minecraftforge.registries.ForgeRegistry/REGISTRIES]: Registry minecraft:block: Found a missing id from the world cfm:light_blue_kitchen_counter
[05jun.2024 15:14:39.435] [Render thread/INFO] [net.minecraftforge.registries.ForgeRegistry/REGISTRIES]: Registry minecraft:block: Found a missing id from the world cfm:light_blue_kitchen_drawer
[05jun.2024 15:14:39.435] [Render thread/INFO] [net.minecraftforge.registries.ForgeRegistry/REGISTRIES]: Registry minecraft:block: Found a missing id from the world cfm:light_blue_kitchen_sink
[05jun.2024 15:14:39.435] [Render thread/INFO] [net.minecraftforge.registries.ForgeRegistry/REGISTRIES]: Registry minecraft:block: Found a missing id from the world cfm:light_blue_picket_fence
[05jun.2024 15:14:39.435] [Render thread/INFO] [net.minecraftforge.registries.ForgeRegistry/REGISTRIES]: Registry minecraft:block: Found a missing id from the world cfm:light_blue_picket_gate
[05jun.2024 15:14:39.435] [Render thread/INFO] [net.minecraftforge.registries.ForgeRegistry/REGISTRIES]: Registry minecraft:block: Found a missing id from the world cfm:light_blue_sofa
[05jun.2024 15:14:39.435] [Render thread/INFO] [net.minecraftforge.registries.ForgeRegistry/REGISTRIES]: Registry minecraft:block: Found a missing id from the world cfm:light_gray_cooler
[05jun.2024 15:14:39.435] [Render thread/INFO] [net.minecraftforge.registries.ForgeRegistry/REGISTRIES]: Registry minecraft:block: Found a missing id from the world cfm:light_gray_grill
[05jun.2024 15:14:39.435] [Render thread/INFO] [net.minecraftforge.registries.ForgeRegistry/REGISTRIES]: Registry minecraft:block: Found a missing id from the world cfm:light_gray_kitchen_counter
[05jun.2024 15:14:39.435] [Render thread/INFO] [net.minecraftforge.registries.ForgeRegistry/REGISTRIES]: Registry minecraft:block: Found a missing id from the world cfm:light_gray_kitchen_drawer
[05jun.2024 15:14:39.435] [Render thread/INFO] [net.minecraftforge.registries.ForgeRegistry/REGISTRIES]: Registry minecraft:block: Found a missing id from the world cfm:light_gray_kitchen_sink
[05jun.2024 15:14:39.435] [Render thread/INFO] [net.minecraftforge.registries.ForgeRegistry/REGISTRIES]: Registry minecraft:block: Found a missing id from the world cfm:light_gray_picket_fence
[05jun.2024 15:14:39.435] [Render thread/INFO] [net.minecraftforge.registries.ForgeRegistry/REGISTRIES]: Registry minecraft:block: Found a missing id from the world cfm:light_gray_picket_gate
[05jun.2024 15:14:39.435] [Render thread/INFO] [net.minecraftforge.registries.ForgeRegistry/REGISTRIES]: Registry minecraft:block: Found a missing id from the world cfm:light_gray_sofa
[05jun.2024 15:14:39.435] [Render thread/INFO] [net.minecraftforge.registries.ForgeRegistry/REGISTRIES]: Registry minecraft:block: Found a missing id from the world cfm:lime_cooler
[05jun.2024 15:14:39.435] [Render thread/INFO] [net.minecraftforge.registries.ForgeRegistry/REGISTRIES]: Registry minecraft:block: Found a missing id from the world cfm:lime_grill
[05jun.2024 15:14:39.435] [Render thread/INFO] [net.minecraftforge.registries.ForgeRegistry/REGISTRIES]: Registry minecraft:block: Found a missing id from the world cfm:lime_kitchen_counter
[05jun.2024 15:14:39.435] [Render thread/INFO] [net.minecraftforge.registries.ForgeRegistry/REGISTRIES]: Registry minecraft:block: Found a missing id from the world cfm:lime_kitchen_drawer
[05jun.2024 15:14:39.435] [Render thread/INFO] [net.minecraftforge.registries.ForgeRegistry/REGISTRIES]: Registry minecraft:block: Found a missing id from the world cfm:lime_kitchen_sink
[05jun.2024 15:14:39.435] [Render thread/INFO] [net.minecraftforge.registries.ForgeRegistry/REGISTRIES]: Registry minecraft:block: Found a missing id from the world cfm:lime_picket_fence
[05jun.2024 15:14:39.435] [Render thread/INFO] [net.minecraftforge.registries.ForgeRegistry/REGISTRIES]: Registry minecraft:block: Found a missing id from the world cfm:lime_picket_gate
[05jun.2024 15:14:39.435] [Render thread/INFO] [net.minecraftforge.registries.ForgeRegistry/REGISTRIES]: Registry minecraft:block: Found a missing id from the world cfm:lime_sofa
[05jun.2024 15:14:39.435] [Render thread/INFO] [net.minecraftforge.registries.ForgeRegistry/REGISTRIES]: Registry minecraft:block: Found a missing id from the world cfm:magenta_cooler
[05jun.2024 15:14:39.435] [Render thread/INFO] [net.minecraftforge.registries.ForgeRegistry/REGISTRIES]: Registry minecraft:block: Found a missing id from the world cfm:magenta_grill
[05jun.2024 15:14:39.435] [Render thread/INFO] [net.minecraftforge.registries.ForgeRegistry/REGISTRIES]: Registry minecraft:block: Found a missing id from the world cfm:magenta_kitchen_counter
[05jun.2024 15:14:39.435] [Render thread/INFO] [net.minecraftforge.registries.ForgeRegistry/REGISTRIES]: Registry minecraft:block: Found a missing id from the world cfm:magenta_kitchen_drawer
[05jun.2024 15:14:39.435] [Render thread/INFO] [net.minecraftforge.registries.ForgeRegistry/REGISTRIES]: Registry minecraft:block: Found a missing id from the world cfm:magenta_kitchen_sink
[05jun.2024 15:14:39.436] [Render thread/INFO] [net.minecraftforge.registries.ForgeRegistry/REGISTRIES]: Registry minecraft:block: Found a missing id from the world cfm:magenta_picket_fence
[05jun.2024 15:14:39.436] [Render thread/INFO] [net.minecraftforge.registries.ForgeRegistry/REGISTRIES]: Registry minecraft:block: Found a missing id from the world cfm:magenta_picket_gate
[05jun.2024 15:14:39.436] [Render thread/INFO] [net.minecraftforge.registries.ForgeRegistry/REGISTRIES]: Registry minecraft:block: Found a missing id from the world cfm:magenta_sofa
[05jun.2024 15:14:39.436] [Render thread/INFO] [net.minecraftforge.registries.ForgeRegistry/REGISTRIES]: Registry minecraft:block: Found a missing id from the world cfm:oak_bedside_cabinet
[05jun.2024 15:14:39.436] [Render thread/INFO] [net.minecraftforge.registries.ForgeRegistry/REGISTRIES]: Registry minecraft:block: Found a missing id from the world cfm:oak_blinds
[05jun.2024 15:14:39.436] [Render thread/INFO] [net.minecraftforge.registries.ForgeRegistry/REGISTRIES]: Registry minecraft:block: Found a missing id from the world cfm:oak_cabinet
[05jun.2024 15:14:39.436] [Render thread/INFO] [net.minecraftforge.registries.ForgeRegistry/REGISTRIES]: Registry minecraft:block: Found a missing id from the world cfm:oak_chair
[05jun.2024 15:14:39.436] [Render thread/INFO] [net.minecraftforge.registries.ForgeRegistry/REGISTRIES]: Registry minecraft:block: Found a missing id from the world cfm:oak_coffee_table
[05jun.2024 15:14:39.436] [Render thread/INFO] [net.minecraftforge.registries.ForgeRegistry/REGISTRIES]: Registry minecraft:block: Found a missing id from the world cfm:oak_crate
[05jun.2024 15:14:39.436] [Render thread/INFO] [net.minecraftforge.registries.ForgeRegistry/REGISTRIES]: Registry minecraft:block: Found a missing id from the world cfm:oak_desk
[05jun.2024 15:14:39.436] [Render thread/INFO] [net.minecraftforge.registries.ForgeRegistry/REGISTRIES]: Registry minecraft:block: Found a missing id from the world cfm:oak_desk_cabinet
[05jun.2024 15:14:39.436] [Render thread/INFO] [net.minecraftforge.registries.ForgeRegistry/REGISTRIES]: Registry minecraft:block: Found a missing id from the world cfm:oak_hedge
[05jun.2024 15:14:39.436] [Render thread/INFO] [net.minecraftforge.registries.ForgeRegistry/REGISTRIES]: Registry minecraft:block: Found a missing id from the world cfm:oak_kitchen_counter
[05jun.2024 15:14:39.436] [Render thread/INFO] [net.minecraftforge.registries.ForgeRegistry/REGISTRIES]: Registry minecraft:block: Found a missing id from the world cfm:oak_kitchen_drawer
[05jun.2024 15:14:39.436] [Render thread/INFO] [net.minecraftforge.registries.ForgeRegistry/REGISTRIES]: Registry minecraft:block: Found a missing id from the world cfm:oak_kitchen_sink_dark
[05jun.2024 15:14:39.436] [Render thread/INFO] [net.minecraftforge.registries.ForgeRegistry/REGISTRIES]: Registry minecraft:block: Found a missing id from the world cfm:oak_kitchen_sink_light
[05jun.2024 15:14:39.436] [Render thread/INFO] [net.minecraftforge.registries.ForgeRegistry/REGISTRIES]: Registry minecraft:block: Found a missing id from the world cfm:oak_mail_box
[05jun.2024 15:14:39.436] [Render thread/INFO] [net.minecraftforge.registries.ForgeRegistry/REGISTRIES]: Registry minecraft:block: Found a missing id from the world cfm:oak_park_bench
[05jun.2024 15:14:39.436] [Render thread/INFO] [net.minecraftforge.registries.ForgeRegistry/REGISTRIES]: Registry minecraft:block: Found a missing id from the world cfm:oak_table
[05jun.2024 15:14:39.436] [Render thread/INFO] [net.minecraftforge.registries.ForgeRegistry/REGISTRIES]: Registry minecraft:block: Found a missing id from the world cfm:oak_upgraded_fence
[05jun.2024 15:14:39.436] [Render thread/INFO] [net.minecraftforge.registries.ForgeRegistry/REGISTRIES]: Registry minecraft:block: Found a missing id from the world cfm:oak_upgraded_gate
[05jun.2024 15:14:39.436] [Render thread/INFO] [net.minecraftforge.registries.ForgeRegistry/REGISTRIES]: Registry minecraft:block: Found a missing id from the world cfm:orange_cooler
[05jun.2024 15:14:39.436] [Render thread/INFO] [net.minecraftforge.registries.ForgeRegistry/REGISTRIES]: Registry minecraft:block: Found a missing id from the world cfm:orange_grill
[05jun.2024 15:14:39.436] [Render thread/INFO] [net.minecraftforge.registries.ForgeRegistry/REGISTRIES]: Registry minecraft:block: Found a missing id from the world cfm:orange_kitchen_counter
[05jun.2024 15:14:39.436] [Render thread/INFO] [net.minecraftforge.registries.ForgeRegistry/REGISTRIES]: Registry minecraft:block: Found a missing id from the world cfm:orange_kitchen_drawer
[05jun.2024 15:14:39.436] [Render thread/INFO] [net.minecraftforge.registries.ForgeRegistry/REGISTRIES]: Registry minecraft:block: Found a missing id from the world cfm:orange_kitchen_sink
[05jun.2024 15:14:39.436] [Render thread/INFO] [net.minecraftforge.registries.ForgeRegistry/REGISTRIES]: Registry minecraft:block: Found a missing id from the world cfm:orange_picket_fence
[05jun.2024 15:14:39.436] [Render thread/INFO] [net.minecraftforge.registries.ForgeRegistry/REGISTRIES]: Registry minecraft:block: Found a missing id from the world cfm:orange_picket_gate
[05jun.2024 15:14:39.436] [Render thread/INFO] [net.minecraftforge.registries.ForgeRegistry/REGISTRIES]: Registry minecraft:block: Found a missing id from the world cfm:orange_sofa
[05jun.2024 15:14:39.436] [Render thread/INFO] [net.minecraftforge.registries.ForgeRegistry/REGISTRIES]: Registry minecraft:block: Found a missing id from the world cfm:pink_cooler
[05jun.2024 15:14:39.436] [Render thread/INFO] [net.minecraftforge.registries.ForgeRegistry/REGISTRIES]: Registry minecraft:block: Found a missing id from the world cfm:pink_grill
[05jun.2024 15:14:39.436] [Render thread/INFO] [net.minecraftforge.registries.ForgeRegistry/REGISTRIES]: Registry minecraft:block: Found a missing id from the world cfm:pink_kitchen_counter
[05jun.2024 15:14:39.436] [Render thread/INFO] [net.minecraftforge.registries.ForgeRegistry/REGISTRIES]: Registry minecraft:block: Found a missing id from the world cfm:pink_kitchen_drawer
[05jun.2024 15:14:39.436] [Render thread/INFO] [net.minecraftforge.registries.ForgeRegistry/REGISTRIES]: Registry minecraft:block: Found a missing id from the world cfm:pink_kitchen_sink
[05jun.2024 15:14:39.436] [Render thread/INFO] [net.minecraftforge.registries.ForgeRegistry/REGISTRIES]: Registry minecraft:block: Found a missing id from the world cfm:pink_picket_fence
[05jun.2024 15:14:39.436] [Render thread/INFO] [net.minecraftforge.registries.ForgeRegistry/REGISTRIES]: Registry minecraft:block: Found a missing id from the world cfm:pink_picket_gate
[05jun.2024 15:14:39.436] [Render thread/INFO] [net.minecraftforge.registries.ForgeRegistry/REGISTRIES]: Registry minecraft:block: Found a missing id from the world cfm:pink_sofa
[05jun.2024 15:14:39.436] [Render thread/INFO] [net.minecraftforge.registries.ForgeRegistry/REGISTRIES]: Registry minecraft:block: Found a missing id from the world cfm:post_box
[05jun.2024 15:14:39.436] [Render thread/INFO] [net.minecraftforge.registries.ForgeRegistry/REGISTRIES]: Registry minecraft:block: Found a missing id from the world cfm:purple_cooler
[05jun.2024 15:14:39.436] [Render thread/INFO] [net.minecraftforge.registries.ForgeRegistry/REGISTRIES]: Registry minecraft:block: Found a missing id from the world cfm:purple_grill
[05jun.2024 15:14:39.436] [Render thread/INFO] [net.minecraftforge.registries.ForgeRegistry/REGISTRIES]: Registry minecraft:block: Found a missing id from the world cfm:purple_kitchen_counter
[05jun.2024 15:14:39.436] [Render thread/INFO] [net.minecraftforge.registries.ForgeRegistry/REGISTRIES]: Registry minecraft:block: Found a missing id from the world cfm:purple_kitchen_drawer
[05jun.2024 15:14:39.436] [Render thread/INFO] [net.minecraftforge.registries.ForgeRegistry/REGISTRIES]: Registry minecraft:block: Found a missing id from the world cfm:purple_kitchen_sink
[05jun.2024 15:14:39.436] [Render thread/INFO] [net.minecraftforge.registries.ForgeRegistry/REGISTRIES]: Registry minecraft:block: Found a missing id from the world cfm:purple_picket_fence
[05jun.2024 15:14:39.436] [Render thread/INFO] [net.minecraftforge.registries.ForgeRegistry/REGISTRIES]: Registry minecraft:block: Found a missing id from the world cfm:purple_picket_gate
[05jun.2024 15:14:39.436] [Render thread/INFO] [net.minecraftforge.registries.ForgeRegistry/REGISTRIES]: Registry minecraft:block: Found a missing id from the world cfm:purple_sofa
[05jun.2024 15:14:39.436] [Render thread/INFO] [net.minecraftforge.registries.ForgeRegistry/REGISTRIES]: Registry minecraft:block: Found a missing id from the world cfm:rainbow_sofa
[05jun.2024 15:14:39.436] [Render thread/INFO] [net.minecraftforge.registries.ForgeRegistry/REGISTRIES]: Registry minecraft:block: Found a missing id from the world cfm:red_cooler
[05jun.2024 15:14:39.436] [Render thread/INFO] [net.minecraftforge.registries.ForgeRegistry/REGISTRIES]: Registry minecraft:block: Found a missing id from the world cfm:red_grill
[05jun.2024 15:14:39.436] [Render thread/INFO] [net.minecraftforge.registries.ForgeRegistry/REGISTRIES]: Registry minecraft:block: Found a missing id from the world cfm:red_kitchen_counter
[05jun.2024 15:14:39.436] [Render thread/INFO] [net.minecraftforge.registries.ForgeRegistry/REGISTRIES]: Registry minecraft:block: Found a missing id from the world cfm:red_kitchen_drawer
[05jun.2024 15:14:39.436] [Render thread/INFO] [net.minecraftforge.registries.ForgeRegistry/REGISTRIES]: Registry minecraft:block: Found a missing id from the world cfm:red_kitchen_sink
[05jun.2024 15:14:39.436] [Render thread/INFO] [net.minecraftforge.registries.ForgeRegistry/REGISTRIES]: Registry minecraft:block: Found a missing id from the world cfm:red_picket_fence
[05jun.2024 15:14:39.436] [Render thread/INFO] [net.minecraftforge.registries.ForgeRegistry/REGISTRIES]: Registry minecraft:block: Found a missing id from the world cfm:red_picket_gate
[05jun.2024 15:14:39.436] [Render thread/INFO] [net.minecraftforge.registries.ForgeRegistry/REGISTRIES]: Registry minecraft:block: Found a missing id from the world cfm:red_sofa
[05jun.2024 15:14:39.437] [Render thread/INFO] [net.minecraftforge.registries.ForgeRegistry/REGISTRIES]: Registry minecraft:block: Found a missing id from the world cfm:rock_path
[05jun.2024 15:14:39.437] [Render thread/INFO] [net.minecraftforge.registries.ForgeRegistry/REGISTRIES]: Registry minecraft:block: Found a missing id from the world cfm:spruce_bedside_cabinet
[05jun.2024 15:14:39.437] [Render thread/INFO] [net.minecraftforge.registries.ForgeRegistry/REGISTRIES]: Registry minecraft:block: Found a missing id from the world cfm:spruce_blinds
[05jun.2024 15:14:39.437] [Render thread/INFO] [net.minecraftforge.registries.ForgeRegistry/REGISTRIES]: Registry minecraft:block: Found a missing id from the world cfm:spruce_cabinet
[05jun.2024 15:14:39.437] [Render thread/INFO] [net.minecraftforge.registries.ForgeRegistry/REGISTRIES]: Registry minecraft:block: Found a missing id from the world cfm:spruce_chair
[05jun.2024 15:14:39.437] [Render thread/INFO] [net.minecraftforge.registries.ForgeRegistry/REGISTRIES]: Registry minecraft:block: Found a missing id from the world cfm:spruce_coffee_table
[05jun.2024 15:14:39.437] [Render thread/INFO] [net.minecraftforge.registries.ForgeRegistry/REGISTRIES]: Registry minecraft:block: Found a missing id from the world cfm:spruce_crate
[05jun.2024 15:14:39.437] [Render thread/INFO] [net.minecraftforge.registries.ForgeRegistry/REGISTRIES]: Registry minecraft:block: Found a missing id from the world cfm:spruce_desk
[05jun.2024 15:14:39.437] [Render thread/INFO] [net.minecraftforge.registries.ForgeRegistry/REGISTRIES]: Registry minecraft:block: Found a missing id from the world cfm:spruce_desk_cabinet
[05jun.2024 15:14:39.437] [Render thread/INFO] [net.minecraftforge.registries.ForgeRegistry/REGISTRIES]: Registry minecraft:block: Found a missing id from the world cfm:spruce_hedge
[05jun.2024 15:14:39.437] [Render thread/INFO] [net.minecraftforge.registries.ForgeRegistry/REGISTRIES]: Registry minecraft:block: Found a missing id from the world cfm:spruce_kitchen_counter
[05jun.2024 15:14:39.437] [Render thread/INFO] [net.minecraftforge.registries.ForgeRegistry/REGISTRIES]: Registry minecraft:block: Found a missing id from the world cfm:spruce_kitchen_drawer
[05jun.2024 15:14:39.437] [Render thread/INFO] [net.minecraftforge.registries.ForgeRegistry/REGISTRIES]: Registry minecraft:block: Found a missing id from the world cfm:spruce_kitchen_sink_dark
[05jun.2024 15:14:39.437] [Render thread/INFO] [net.minecraftforge.registries.ForgeRegistry/REGISTRIES]: Registry minecraft:block: Found a missing id from the world cfm:spruce_kitchen_sink_light
[05jun.2024 15:14:39.437] [Render thread/INFO] [net.minecraftforge.registries.ForgeRegistry/REGISTRIES]: Registry minecraft:block: Found a missing id from the world cfm:spruce_mail_box
[05jun.2024 15:14:39.437] [Render thread/INFO] [net.minecraftforge.registries.ForgeRegistry/REGISTRIES]: Registry minecraft:block: Found a missing id from the world cfm:spruce_park_bench
[05jun.2024 15:14:39.437] [Render thread/INFO] [net.minecraftforge.registries.ForgeRegistry/REGISTRIES]: Registry minecraft:block: Found a missing id from the world cfm:spruce_table
[05jun.2024 15:14:39.437] [Render thread/INFO] [net.minecraftforge.registries.ForgeRegistry/REGISTRIES]: Registry minecraft:block: Found a missing id from the world cfm:spruce_upgraded_fence
[05jun.2024 15:14:39.437] [Render thread/INFO] [net.minecraftforge.registries.ForgeRegistry/REGISTRIES]: Registry minecraft:block: Found a missing id from the world cfm:spruce_upgraded_gate
[05jun.2024 15:14:39.437] [Render thread/INFO] [net.minecraftforge.registries.ForgeRegistry/REGISTRIES]: Registry minecraft:block: Found a missing id from the world cfm:stone_bedside_cabinet
[05jun.2024 15:14:39.437] [Render thread/INFO] [net.minecraftforge.registries.ForgeRegistry/REGISTRIES]: Registry minecraft:block: Found a missing id from the world cfm:stone_cabinet
[05jun.2024 15:14:39.437] [Render thread/INFO] [net.minecraftforge.registries.ForgeRegistry/REGISTRIES]: Registry minecraft:block: Found a missing id from the world cfm:stone_chair
[05jun.2024 15:14:39.437] [Render thread/INFO] [net.minecraftforge.registries.ForgeRegistry/REGISTRIES]: Registry minecraft:block: Found a missing id from the world cfm:stone_coffee_table
[05jun.2024 15:14:39.437] [Render thread/INFO] [net.minecraftforge.registries.ForgeRegistry/REGISTRIES]: Registry minecraft:block: Found a missing id from the world cfm:stone_desk
[05jun.2024 15:14:39.437] [Render thread/INFO] [net.minecraftforge.registries.ForgeRegistry/REGISTRIES]: Registry minecraft:block: Found a missing id from the world cfm:stone_desk_cabinet
[05jun.2024 15:14:39.437] [Render thread/INFO] [net.minecraftforge.registries.ForgeRegistry/REGISTRIES]: Registry minecraft:block: Found a missing id from the world cfm:stone_table
[05jun.2024 15:14:39.437] [Render thread/INFO] [net.minecraftforge.registries.ForgeRegistry/REGISTRIES]: Registry minecraft:block: Found a missing id from the world cfm:stripped_acacia_bedside_cabinet
[05jun.2024 15:14:39.437] [Render thread/INFO] [net.minecraftforge.registries.ForgeRegistry/REGISTRIES]: Registry minecraft:block: Found a missing id from the world cfm:stripped_acacia_blinds
[05jun.2024 15:14:39.437] [Render thread/INFO] [net.minecraftforge.registries.ForgeRegistry/REGISTRIES]: Registry minecraft:block: Found a missing id from the world cfm:stripped_acacia_cabinet
[05jun.2024 15:14:39.437] [Render thread/INFO] [net.minecraftforge.registries.ForgeRegistry/REGISTRIES]: Registry minecraft:block: Found a missing id from the world cfm:stripped_acacia_chair
[05jun.2024 15:14:39.437] [Render thread/INFO] [net.minecraftforge.registries.ForgeRegistry/REGISTRIES]: Registry minecraft:block: Found a missing id from the world cfm:stripped_acacia_coffee_table
[05jun.2024 15:14:39.437] [Render thread/INFO] [net.minecraftforge.registries.ForgeRegistry/REGISTRIES]: Registry minecraft:block: Found a missing id from the world cfm:stripped_acacia_crate
[05jun.2024 15:14:39.437] [Render thread/INFO] [net.minecraftforge.registries.ForgeRegistry/REGISTRIES]: Registry minecraft:block: Found a missing id from the world cfm:stripped_acacia_desk
[05jun.2024 15:14:39.437] [Render thread/INFO] [net.minecraftforge.registries.ForgeRegistry/REGISTRIES]: Registry minecraft:block: Found a missing id from the world cfm:stripped_acacia_desk_cabinet
[05jun.2024 15:14:39.437] [Render thread/INFO] [net.minecraftforge.registries.ForgeRegistry/REGISTRIES]: Registry minecraft:block: Found a missing id from the world cfm:stripped_acacia_kitchen_counter
[05jun.2024 15:14:39.437] [Render thread/INFO] [net.minecraftforge.registries.ForgeRegistry/REGISTRIES]: Registry minecraft:block: Found a missing id from the world cfm:stripped_acacia_kitchen_drawer
[05jun.2024 15:14:39.437] [Render thread/INFO] [net.minecraftforge.registries.ForgeRegistry/REGISTRIES]: Registry minecraft:block: Found a missing id from the world cfm:stripped_acacia_kitchen_sink_dark
[05jun.2024 15:14:39.437] [Render thread/INFO] [net.minecraftforge.registries.ForgeRegistry/REGISTRIES]: Registry minecraft:block: Found a missing id from the world cfm:stripped_acacia_kitchen_sink_light
[05jun.2024 15:14:39.437] [Render thread/INFO] [net.minecraftforge.registries.ForgeRegistry/REGISTRIES]: Registry minecraft:block: Found a missing id from the world cfm:stripped_acacia_mail_box
[05jun.2024 15:14:39.437] [Render thread/INFO] [net.minecraftforge.registries.ForgeRegistry/REGISTRIES]: Registry minecraft:block: Found a missing id from the world cfm:stripped_acacia_park_bench
[05jun.2024 15:14:39.437] [Render thread/INFO] [net.minecraftforge.registries.ForgeRegistry/REGISTRIES]: Registry minecraft:block: Found a missing id from the world cfm:stripped_acacia_table
[05jun.2024 15:14:39.437] [Render thread/INFO] [net.minecraftforge.registries.ForgeRegistry/REGISTRIES]: Registry minecraft:block: Found a missing id from the world cfm:stripped_acacia_upgraded_fence
[05jun.2024 15:14:39.437] [Render thread/INFO] [net.minecraftforge.registries.ForgeRegistry/REGISTRIES]: Registry minecraft:block: Found a missing id from the world cfm:stripped_acacia_upgraded_gate
[05jun.2024 15:14:39.437] [Render thread/INFO] [net.minecraftforge.registries.ForgeRegistry/REGISTRIES]: Registry minecraft:block: Found a missing id from the world cfm:stripped_birch_bedside_cabinet
[05jun.2024 15:14:39.437] [Render thread/INFO] [net.minecraftforge.registries.ForgeRegistry/REGISTRIES]: Registry minecraft:block: Found a missing id from the world cfm:stripped_birch_blinds
[05jun.2024 15:14:39.437] [Render thread/INFO] [net.minecraftforge.registries.ForgeRegistry/REGISTRIES]: Registry minecraft:block: Found a missing id from the world cfm:stripped_birch_cabinet
[05jun.2024 15:14:39.437] [Render thread/INFO] [net.minecraftforge.registries.ForgeRegistry/REGISTRIES]: Registry minecraft:block: Found a missing id from the world cfm:stripped_birch_chair
[05jun.2024 15:14:39.437] [Render thread/INFO] [net.minecraftforge.registries.ForgeRegistry/REGISTRIES]: Registry minecraft:block: Found a missing id from the world cfm:stripped_birch_coffee_table
[05jun.2024 15:14:39.437] [Render thread/INFO] [net.minecraftforge.registries.ForgeRegistry/REGISTRIES]: Registry minecraft:block: Found a missing id from the world cfm:stripped_birch_crate
[05jun.2024 15:14:39.437] [Render thread/INFO] [net.minecraftforge.registries.ForgeRegistry/REGISTRIES]: Registry minecraft:block: Found a missing id from the world cfm:stripped_birch_desk
[05jun.2024 15:14:39.437] [Render thread/INFO] [net.minecraftforge.registries.ForgeRegistry/REGISTRIES]: Registry minecraft:block: Found a missing id from the world cfm:stripped_birch_desk_cabinet
[05jun.2024 15:14:39.437] [Render thread/INFO] [net.minecraftforge.registries.ForgeRegistry/REGISTRIES]: Registry minecraft:block: Found a missing id from the world cfm:stripped_birch_kitchen_counter
[05jun.2024 15:14:39.437] [Render thread/INFO] [net.minecraftforge.registries.ForgeRegistry/REGISTRIES]: Registry minecraft:block: Found a missing id from the world cfm:stripped_birch_kitchen_drawer
[05jun.2024 15:14:39.437] [Render thread/INFO] [net.minecraftforge.registries.ForgeRegistry/REGISTRIES]: Registry minecraft:block: Found a missing id from the world cfm:stripped_birch_kitchen_sink_dark
[05jun.2024 15:14:39.437] [Render thread/INFO] [net.minecraftforge.registries.ForgeRegistry/REGISTRIES]: Registry minecraft:block: Found a missing id from the world cfm:stripped_birch_kitchen_sink_light
[05jun.2024 15:14:39.437] [Render thread/INFO] [net.minecraftforge.registries.ForgeRegistry/REGISTRIES]: Registry minecraft:block: Found a missing id from the world cfm:stripped_birch_mail_box
[05jun.2024 15:14:39.438] [Render thread/INFO] [net.minecraftforge.registries.ForgeRegistry/REGISTRIES]: Registry minecraft:block: Found a missing id from the world cfm:stripped_birch_park_bench
[05jun.2024 15:14:39.438] [Render thread/INFO] [net.minecraftforge.registries.ForgeRegistry/REGISTRIES]: Registry minecraft:block: Found a missing id from the world cfm:stripped_birch_table
[05jun.2024 15:14:39.438] [Render thread/INFO] [net.minecraftforge.registries.ForgeRegistry/REGISTRIES]: Registry minecraft:block: Found a missing id from the world cfm:stripped_birch_upgraded_fence
[05jun.2024 15:14:39.438] [Render thread/INFO] [net.minecraftforge.registries.ForgeRegistry/REGISTRIES]: Registry minecraft:block: Found a missing id from the world cfm:stripped_birch_upgraded_gate
[05jun.2024 15:14:39.438] [Render thread/INFO] [net.minecraftforge.registries.ForgeRegistry/REGISTRIES]: Registry minecraft:block: Found a missing id from the world cfm:stripped_crimson_bedside_cabinet
[05jun.2024 15:14:39.438] [Render thread/INFO] [net.minecraftforge.registries.ForgeRegistry/REGISTRIES]: Registry minecraft:block: Found a missing id from the world cfm:stripped_crimson_blinds
[05jun.2024 15:14:39.438] [Render thread/INFO] [net.minecraftforge.registries.ForgeRegistry/REGISTRIES]: Registry minecraft:block: Found a missing id from the world cfm:stripped_crimson_cabinet
[05jun.2024 15:14:39.438] [Render thread/INFO] [net.minecraftforge.registries.ForgeRegistry/REGISTRIES]: Registry minecraft:block: Found a missing id from the world cfm:stripped_crimson_chair
[05jun.2024 15:14:39.438] [Render thread/INFO] [net.minecraftforge.registries.ForgeRegistry/REGISTRIES]: Registry minecraft:block: Found a missing id from the world cfm:stripped_crimson_coffee_table
[05jun.2024 15:14:39.438] [Render thread/INFO] [net.minecraftforge.registries.ForgeRegistry/REGISTRIES]: Registry minecraft:block: Found a missing id from the world cfm:stripped_crimson_crate
[05jun.2024 15:14:39.438] [Render thread/INFO] [net.minecraftforge.registries.ForgeRegistry/REGISTRIES]: Registry minecraft:block: Found a missing id from the world cfm:stripped_crimson_desk
[05jun.2024 15:14:39.438] [Render thread/INFO] [net.minecraftforge.registries.ForgeRegistry/REGISTRIES]: Registry minecraft:block: Found a missing id from the world cfm:stripped_crimson_desk_cabinet
[05jun.2024 15:14:39.438] [Render thread/INFO] [net.minecraftforge.registries.ForgeRegistry/REGISTRIES]: Registry minecraft:block: Found a missing id from the world cfm:stripped_crimson_kitchen_counter
[05jun.2024 15:14:39.438] [Render thread/INFO] [net.minecraftforge.registries.ForgeRegistry/REGISTRIES]: Registry minecraft:block: Found a missing id from the world cfm:stripped_crimson_kitchen_drawer
[05jun.2024 15:14:39.438] [Render thread/INFO] [net.minecraftforge.registries.ForgeRegistry/REGISTRIES]: Registry minecraft:block: Found a missing id from the world cfm:stripped_crimson_kitchen_sink_dark
[05jun.2024 15:14:39.438] [Render thread/INFO] [net.minecraftforge.registries.ForgeRegistry/REGISTRIES]: Registry minecraft:block: Found a missing id from the world cfm:stripped_crimson_kitchen_sink_light
[05jun.2024 15:14:39.438] [Render thread/INFO] [net.minecraftforge.registries.ForgeRegistry/REGISTRIES]: Registry minecraft:block: Found a missing id from the world cfm:stripped_crimson_mail_box
[05jun.2024 15:14:39.438] [Render thread/INFO] [net.minecraftforge.registries.ForgeRegistry/REGISTRIES]: Registry minecraft:block: Found a missing id from the world cfm:stripped_crimson_park_bench
[05jun.2024 15:14:39.438] [Render thread/INFO] [net.minecraftforge.registries.ForgeRegistry/REGISTRIES]: Registry minecraft:block: Found a missing id from the world cfm:stripped_crimson_table
[05jun.2024 15:14:39.438] [Render thread/INFO] [net.minecraftforge.registries.ForgeRegistry/REGISTRIES]: Registry minecraft:block: Found a missing id from the world cfm:stripped_crimson_upgraded_fence
[05jun.2024 15:14:39.438] [Render thread/INFO] [net.minecraftforge.registries.ForgeRegistry/REGISTRIES]: Registry minecraft:block: Found a missing id from the world cfm:stripped_crimson_upgraded_gate
[05jun.2024 15:14:39.438] [Render thread/INFO] [net.minecraftforge.registries.ForgeRegistry/REGISTRIES]: Registry minecraft:block: Found a missing id from the world cfm:stripped_dark_oak_bedside_cabinet
[05jun.2024 15:14:39.438] [Render thread/INFO] [net.minecraftforge.registries.ForgeRegistry/REGISTRIES]: Registry minecraft:block: Found a missing id from the world cfm:stripped_dark_oak_blinds
[05jun.2024 15:14:39.438] [Render thread/INFO] [net.minecraftforge.registries.ForgeRegistry/REGISTRIES]: Registry minecraft:block: Found a missing id from the world cfm:stripped_dark_oak_cabinet
[05jun.2024 15:14:39.438] [Render thread/INFO] [net.minecraftforge.registries.ForgeRegistry/REGISTRIES]: Registry minecraft:block: Found a missing id from the world cfm:stripped_dark_oak_chair
[05jun.2024 15:14:39.438] [Render thread/INFO] [net.minecraftforge.registries.ForgeRegistry/REGISTRIES]: Registry minecraft:block: Found a missing id from the world cfm:stripped_dark_oak_coffee_table
[05jun.2024 15:14:39.438] [Render thread/INFO] [net.minecraftforge.registries.ForgeRegistry/REGISTRIES]: Registry minecraft:block: Found a missing id from the world cfm:stripped_dark_oak_crate
[05jun.2024 15:14:39.438] [Render thread/INFO] [net.minecraftforge.registries.ForgeRegistry/REGISTRIES]: Registry minecraft:block: Found a missing id from the world cfm:stripped_dark_oak_desk
[05jun.2024 15:14:39.438] [Render thread/INFO] [net.minecraftforge.registries.ForgeRegistry/REGISTRIES]: Registry minecraft:block: Found a missing id from the world cfm:stripped_dark_oak_desk_cabinet
[05jun.2024 15:14:39.438] [Render thread/INFO] [net.minecraftforge.registries.ForgeRegistry/REGISTRIES]: Registry minecraft:block: Found a missing id from the world cfm:stripped_dark_oak_kitchen_counter
[05jun.2024 15:14:39.438] [Render thread/INFO] [net.minecraftforge.registries.ForgeRegistry/REGISTRIES]: Registry minecraft:block: Found a missing id from the world cfm:stripped_dark_oak_kitchen_drawer
[05jun.2024 15:14:39.438] [Render thread/INFO] [net.minecraftforge.registries.ForgeRegistry/REGISTRIES]: Registry minecraft:block: Found a missing id from the world cfm:stripped_dark_oak_kitchen_sink_dark
[05jun.2024 15:14:39.438] [Render thread/INFO] [net.minecraftforge.registries.ForgeRegistry/REGISTRIES]: Registry minecraft:block: Found a missing id from the world cfm:stripped_dark_oak_kitchen_sink_light
[05jun.2024 15:14:39.438] [Render thread/INFO] [net.minecraftforge.registries.ForgeRegistry/REGISTRIES]: Registry minecraft:block: Found a missing id from the world cfm:stripped_dark_oak_mail_box
[05jun.2024 15:14:39.438] [Render thread/INFO] [net.minecraftforge.registries.ForgeRegistry/REGISTRIES]: Registry minecraft:block: Found a missing id from the world cfm:stripped_dark_oak_park_bench
[05jun.2024 15:14:39.438] [Render thread/INFO] [net.minecraftforge.registries.ForgeRegistry/REGISTRIES]: Registry minecraft:block: Found a missing id from the world cfm:stripped_dark_oak_table
[05jun.2024 15:14:39.438] [Render thread/INFO] [net.minecraftforge.registries.ForgeRegistry/REGISTRIES]: Registry minecraft:block: Found a missing id from the world cfm:stripped_dark_oak_upgraded_fence
[05jun.2024 15:14:39.438] [Render thread/INFO] [net.minecraftforge.registries.ForgeRegistry/REGISTRIES]: Registry minecraft:block: Found a missing id from the world cfm:stripped_dark_oak_upgraded_gate
[05jun.2024 15:14:39.438] [Render thread/INFO] [net.minecraftforge.registries.ForgeRegistry/REGISTRIES]: Registry minecraft:block: Found a missing id from the world cfm:stripped_jungle_bedside_cabinet
[05jun.2024 15:14:39.438] [Render thread/INFO] [net.minecraftforge.registries.ForgeRegistry/REGISTRIES]: Registry minecraft:block: Found a missing id from the world cfm:stripped_jungle_blinds
[05jun.2024 15:14:39.438] [Render thread/INFO] [net.minecraftforge.registries.ForgeRegistry/REGISTRIES]: Registry minecraft:block: Found a missing id from the world cfm:stripped_jungle_cabinet
[05jun.2024 15:14:39.438] [Render thread/INFO] [net.minecraftforge.registries.ForgeRegistry/REGISTRIES]: Registry minecraft:block: Found a missing id from the world cfm:stripped_jungle_chair
[05jun.2024 15:14:39.438] [Render thread/INFO] [net.minecraftforge.registries.ForgeRegistry/REGISTRIES]: Registry minecraft:block: Found a missing id from the world cfm:stripped_jungle_coffee_table
[05jun.2024 15:14:39.438] [Render thread/INFO] [net.minecraftforge.registries.ForgeRegistry/REGISTRIES]: Registry minecraft:block: Found a missing id from the world cfm:stripped_jungle_crate
[05jun.2024 15:14:39.438] [Render thread/INFO] [net.minecraftforge.registries.ForgeRegistry/REGISTRIES]: Registry minecraft:block: Found a missing id from the world cfm:stripped_jungle_desk
[05jun.2024 15:14:39.438] [Render thread/INFO] [net.minecraftforge.registries.ForgeRegistry/REGISTRIES]: Registry minecraft:block: Found a missing id from the world cfm:stripped_jungle_desk_cabinet
[05jun.2024 15:14:39.438] [Render thread/INFO] [net.minecraftforge.registries.ForgeRegistry/REGISTRIES]: Registry minecraft:block: Found a missing id from the world cfm:stripped_jungle_kitchen_counter
[05jun.2024 15:14:39.438] [Render thread/INFO] [net.minecraftforge.registries.ForgeRegistry/REGISTRIES]: Registry minecraft:block: Found a missing id from the world cfm:stripped_jungle_kitchen_drawer
[05jun.2024 15:14:39.438] [Render thread/INFO] [net.minecraftforge.registries.ForgeRegistry/REGISTRIES]: Registry minecraft:block: Found a missing id from the world cfm:stripped_jungle_kitchen_sink_dark
[05jun.2024 15:14:39.438] [Render thread/INFO] [net.minecraftforge.registries.ForgeRegistry/REGISTRIES]: Registry minecraft:block: Found a missing id from the world cfm:stripped_jungle_kitchen_sink_light
[05jun.2024 15:14:39.438] [Render thread/INFO] [net.minecraftforge.registries.ForgeRegistry/REGISTRIES]: Registry minecraft:block: Found a missing id from the world cfm:stripped_jungle_mail_box
[05jun.2024 15:14:39.438] [Render thread/INFO] [net.minecraftforge.registries.ForgeRegistry/REGISTRIES]: Registry minecraft:block: Found a missing id from the world cfm:stripped_jungle_park_bench
[05jun.2024 15:14:39.438] [Render thread/INFO] [net.minecraftforge.registries.ForgeRegistry/REGISTRIES]: Registry minecraft:block: Found a missing id from the world cfm:stripped_jungle_table
[05jun.2024 15:14:39.438] [Render thread/INFO] [net.minecraftforge.registries.ForgeRegistry/REGISTRIES]: Registry minecraft:block: Found a missing id from the world cfm:stripped_jungle_upgraded_fence
[05jun.2024 15:14:39.438] [Render thread/INFO] [net.minecraftforge.registries.ForgeRegistry/REGISTRIES]: Registry minecraft:block: Found a missing id from the world cfm:stripped_jungle_upgraded_gate
[05jun.2024 15:14:39.438] [Render thread/INFO] [net.minecraftforge.registries.ForgeRegistry/REGISTRIES]: Registry minecraft:block: Found a missing id from the world cfm:stripped_oak_bedside_cabinet
[05jun.2024 15:14:39.438] [Render thread/INFO] [net.minecraftforge.registries.ForgeRegistry/REGISTRIES]: Registry minecraft:block: Found a missing id from the world cfm:stripped_oak_blinds
[05jun.2024 15:14:39.438] [Render thread/INFO] [net.minecraftforge.registries.ForgeRegistry/REGISTRIES]: Registry minecraft:block: Found a missing id from the world cfm:stripped_oak_cabinet
[05jun.2024 15:14:39.438] [Render thread/INFO] [net.minecraftforge.registries.ForgeRegistry/REGISTRIES]: Registry minecraft:block: Found a missing id from the world cfm:stripped_oak_chair
[05jun.2024 15:14:39.438] [Render thread/INFO] [net.minecraftforge.registries.ForgeRegistry/REGISTRIES]: Registry minecraft:block: Found a missing id from the world cfm:stripped_oak_coffee_table
[05jun.2024 15:14:39.438] [Render thread/INFO] [net.minecraftforge.registries.ForgeRegistry/REGISTRIES]: Registry minecraft:block: Found a missing id from the world cfm:stripped_oak_crate
[05jun.2024 15:14:39.439] [Render thread/INFO] [net.minecraftforge.registries.ForgeRegistry/REGISTRIES]: Registry minecraft:block: Found a missing id from the world cfm:stripped_oak_desk
[05jun.2024 15:14:39.439] [Render thread/INFO] [net.minecraftforge.registries.ForgeRegistry/REGISTRIES]: Registry minecraft:block: Found a missing id from the world cfm:stripped_oak_desk_cabinet
[05jun.2024 15:14:39.439] [Render thread/INFO] [net.minecraftforge.registries.ForgeRegistry/REGISTRIES]: Registry minecraft:block: Found a missing id from the world cfm:stripped_oak_kitchen_counter
[05jun.2024 15:14:39.439] [Render thread/INFO] [net.minecraftforge.registries.ForgeRegistry/REGISTRIES]: Registry minecraft:block: Found a missing id from the world cfm:stripped_oak_kitchen_drawer
[05jun.2024 15:14:39.439] [Render thread/INFO] [net.minecraftforge.registries.ForgeRegistry/REGISTRIES]: Registry minecraft:block: Found a missing id from the world cfm:stripped_oak_kitchen_sink_dark
[05jun.2024 15:14:39.439] [Render thread/INFO] [net.minecraftforge.registries.ForgeRegistry/REGISTRIES]: Registry minecraft:block: Found a missing id from the world cfm:stripped_oak_kitchen_sink_light
[05jun.2024 15:14:39.439] [Render thread/INFO] [net.minecraftforge.registries.ForgeRegistry/REGISTRIES]: Registry minecraft:block: Found a missing id from the world cfm:stripped_oak_mail_box
[05jun.2024 15:14:39.439] [Render thread/INFO] [net.minecraftforge.registries.ForgeRegistry/REGISTRIES]: Registry minecraft:block: Found a missing id from the world cfm:stripped_oak_park_bench
[05jun.2024 15:14:39.439] [Render thread/INFO] [net.minecraftforge.registries.ForgeRegistry/REGISTRIES]: Registry minecraft:block: Found a missing id from the world cfm:stripped_oak_table
[05jun.2024 15:14:39.439] [Render thread/INFO] [net.minecraftforge.registries.ForgeRegistry/REGISTRIES]: Registry minecraft:block: Found a missing id from the world cfm:stripped_oak_upgraded_fence
[05jun.2024 15:14:39.439] [Render thread/INFO] [net.minecraftforge.registries.ForgeRegistry/REGISTRIES]: Registry minecraft:block: Found a missing id from the world cfm:stripped_oak_upgraded_gate
[05jun.2024 15:14:39.439] [Render thread/INFO] [net.minecraftforge.registries.ForgeRegistry/REGISTRIES]: Registry minecraft:block: Found a missing id from the world cfm:stripped_spruce_bedside_cabinet
[05jun.2024 15:14:39.439] [Render thread/INFO] [net.minecraftforge.registries.ForgeRegistry/REGISTRIES]: Registry minecraft:block: Found a missing id from the world cfm:stripped_spruce_blinds
[05jun.2024 15:14:39.439] [Render thread/INFO] [net.minecraftforge.registries.ForgeRegistry/REGISTRIES]: Registry minecraft:block: Found a missing id from the world cfm:stripped_spruce_cabinet
[05jun.2024 15:14:39.439] [Render thread/INFO] [net.minecraftforge.registries.ForgeRegistry/REGISTRIES]: Registry minecraft:block: Found a missing id from the world cfm:stripped_spruce_chair
[05jun.2024 15:14:39.439] [Render thread/INFO] [net.minecraftforge.registries.ForgeRegistry/REGISTRIES]: Registry minecraft:block: Found a missing id from the world cfm:stripped_spruce_coffee_table
[05jun.2024 15:14:39.439] [Render thread/INFO] [net.minecraftforge.registries.ForgeRegistry/REGISTRIES]: Registry minecraft:block: Found a missing id from the world cfm:stripped_spruce_crate
[05jun.2024 15:14:39.439] [Render thread/INFO] [net.minecraftforge.registries.ForgeRegistry/REGISTRIES]: Registry minecraft:block: Found a missing id from the world cfm:stripped_spruce_desk
[05jun.2024 15:14:39.439] [Render thread/INFO] [net.minecraftforge.registries.ForgeRegistry/REGISTRIES]: Registry minecraft:block: Found a missing id from the world cfm:stripped_spruce_desk_cabinet
[05jun.2024 15:14:39.439] [Render thread/INFO] [net.minecraftforge.registries.ForgeRegistry/REGISTRIES]: Registry minecraft:block: Found a missing id from the world cfm:stripped_spruce_kitchen_counter
[05jun.2024 15:14:39.439] [Render thread/INFO] [net.minecraftforge.registries.ForgeRegistry/REGISTRIES]: Registry minecraft:block: Found a missing id from the world cfm:stripped_spruce_kitchen_drawer
[05jun.2024 15:14:39.439] [Render thread/INFO] [net.minecraftforge.registries.ForgeRegistry/REGISTRIES]: Registry minecraft:block: Found a missing id from the world cfm:stripped_spruce_kitchen_sink_dark
[05jun.2024 15:14:39.439] [Render thread/INFO] [net.minecraftforge.registries.ForgeRegistry/REGISTRIES]: Registry minecraft:block: Found a missing id from the world cfm:stripped_spruce_kitchen_sink_light
[05jun.2024 15:14:39.439] [Render thread/INFO] [net.minecraftforge.registries.ForgeRegistry/REGISTRIES]: Registry minecraft:block: Found a missing id from the world cfm:stripped_spruce_mail_box
[05jun.2024 15:14:39.439] [Render thread/INFO] [net.minecraftforge.registries.ForgeRegistry/REGISTRIES]: Registry minecraft:block: Found a missing id from the world cfm:stripped_spruce_park_bench
[05jun.2024 15:14:39.439] [Render thread/INFO] [net.minecraftforge.registries.ForgeRegistry/REGISTRIES]: Registry minecraft:block: Found a missing id from the world cfm:stripped_spruce_table
[05jun.2024 15:14:39.439] [Render thread/INFO] [net.minecraftforge.registries.ForgeRegistry/REGISTRIES]: Registry minecraft:block: Found a missing id from the world cfm:stripped_spruce_upgraded_fence
[05jun.2024 15:14:39.439] [Render thread/INFO] [net.minecraftforge.registries.ForgeRegistry/REGISTRIES]: Registry minecraft:block: Found a missing id from the world cfm:stripped_spruce_upgraded_gate
[05jun.2024 15:14:39.439] [Render thread/INFO] [net.minecraftforge.registries.ForgeRegistry/REGISTRIES]: Registry minecraft:block: Found a missing id from the world cfm:stripped_warped_bedside_cabinet
[05jun.2024 15:14:39.439] [Render thread/INFO] [net.minecraftforge.registries.ForgeRegistry/REGISTRIES]: Registry minecraft:block: Found a missing id from the world cfm:stripped_warped_blinds
[05jun.2024 15:14:39.439] [Render thread/INFO] [net.minecraftforge.registries.ForgeRegistry/REGISTRIES]: Registry minecraft:block: Found a missing id from the world cfm:stripped_warped_cabinet
[05jun.2024 15:14:39.439] [Render thread/INFO] [net.minecraftforge.registries.ForgeRegistry/REGISTRIES]: Registry minecraft:block: Found a missing id from the world cfm:stripped_warped_chair
[05jun.2024 15:14:39.439] [Render thread/INFO] [net.minecraftforge.registries.ForgeRegistry/REGISTRIES]: Registry minecraft:block: Found a missing id from the world cfm:stripped_warped_coffee_table
[05jun.2024 15:14:39.439] [Render thread/INFO] [net.minecraftforge.registries.ForgeRegistry/REGISTRIES]: Registry minecraft:block: Found a missing id from the world cfm:stripped_warped_crate
[05jun.2024 15:14:39.439] [Render thread/INFO] [net.minecraftforge.registries.ForgeRegistry/REGISTRIES]: Registry minecraft:block: Found a missing id from the world cfm:stripped_warped_desk
[05jun.2024 15:14:39.439] [Render thread/INFO] [net.minecraftforge.registries.ForgeRegistry/REGISTRIES]: Registry minecraft:block: Found a missing id from the world cfm:stripped_warped_desk_cabinet
[05jun.2024 15:14:39.439] [Render thread/INFO] [net.minecraftforge.registries.ForgeRegistry/REGISTRIES]: Registry minecraft:block: Found a missing id from the world cfm:stripped_warped_kitchen_counter
[05jun.2024 15:14:39.439] [Render thread/INFO] [net.minecraftforge.registries.ForgeRegistry/REGISTRIES]: Registry minecraft:block: Found a missing id from the world cfm:stripped_warped_kitchen_drawer
[05jun.2024 15:14:39.439] [Render thread/INFO] [net.minecraftforge.registries.ForgeRegistry/REGISTRIES]: Registry minecraft:block: Found a missing id from the world cfm:stripped_warped_kitchen_sink_dark
[05jun.2024 15:14:39.439] [Render thread/INFO] [net.minecraftforge.registries.ForgeRegistry/REGISTRIES]: Registry minecraft:block: Found a missing id from the world cfm:stripped_warped_kitchen_sink_light
[05jun.2024 15:14:39.439] [Render thread/INFO] [net.minecraftforge.registries.ForgeRegistry/REGISTRIES]: Registry minecraft:block: Found a missing id from the world cfm:stripped_warped_mail_box
[05jun.2024 15:14:39.439] [Render thread/INFO] [net.minecraftforge.registries.ForgeRegistry/REGISTRIES]: Registry minecraft:block: Found a missing id from the world cfm:stripped_warped_park_bench
[05jun.2024 15:14:39.439] [Render thread/INFO] [net.minecraftforge.registries.ForgeRegistry/REGISTRIES]: Registry minecraft:block: Found a missing id from the world cfm:stripped_warped_table
[05jun.2024 15:14:39.439] [Render thread/INFO] [net.minecraftforge.registries.ForgeRegistry/REGISTRIES]: Registry minecraft:block: Found a missing id from the world cfm:stripped_warped_upgraded_fence
[05jun.2024 15:14:39.439] [Render thread/INFO] [net.minecraftforge.registries.ForgeRegistry/REGISTRIES]: Registry minecraft:block: Found a missing id from the world cfm:stripped_warped_upgraded_gate
[05jun.2024 15:14:39.439] [Render thread/INFO] [net.minecraftforge.registries.ForgeRegistry/REGISTRIES]: Registry minecraft:block: Found a missing id from the world cfm:trampoline
[05jun.2024 15:14:39.439] [Render thread/INFO] [net.minecraftforge.registries.ForgeRegistry/REGISTRIES]: Registry minecraft:block: Found a missing id from the world cfm:warped_bedside_cabinet
[05jun.2024 15:14:39.439] [Render thread/INFO] [net.minecraftforge.registries.ForgeRegistry/REGISTRIES]: Registry minecraft:block: Found a missing id from the world cfm:warped_blinds
[05jun.2024 15:14:39.439] [Render thread/INFO] [net.minecraftforge.registries.ForgeRegistry/REGISTRIES]: Registry minecraft:block: Found a missing id from the world cfm:warped_cabinet
[05jun.2024 15:14:39.439] [Render thread/INFO] [net.minecraftforge.registries.ForgeRegistry/REGISTRIES]: Registry minecraft:block: Found a missing id from the world cfm:warped_chair
[05jun.2024 15:14:39.439] [Render thread/INFO] [net.minecraftforge.registries.ForgeRegistry/REGISTRIES]: Registry minecraft:block: Found a missing id from the world cfm:warped_coffee_table
[05jun.2024 15:14:39.439] [Render thread/INFO] [net.minecraftforge.registries.ForgeRegistry/REGISTRIES]: Registry minecraft:block: Found a missing id from the world cfm:warped_crate
[05jun.2024 15:14:39.439] [Render thread/INFO] [net.minecraftforge.registries.ForgeRegistry/REGISTRIES]: Registry minecraft:block: Found a missing id from the world cfm:warped_desk
[05jun.2024 15:14:39.439] [Render thread/INFO] [net.minecraftforge.registries.ForgeRegistry/REGISTRIES]: Registry minecraft:block: Found a missing id from the world cfm:warped_desk_cabinet
[05jun.2024 15:14:39.439] [Render thread/INFO] [net.minecraftforge.registries.ForgeRegistry/REGISTRIES]: Registry minecraft:block: Found a missing id from the world cfm:warped_kitchen_counter
[05jun.2024 15:14:39.439] [Render thread/INFO] [net.minecraftforge.registries.ForgeRegistry/REGISTRIES]: Registry minecraft:block: Found a missing id from the world cfm:warped_kitchen_drawer
[05jun.2024 15:14:39.439] [Render thread/INFO] [net.minecraftforge.registries.ForgeRegistry/REGISTRIES]: Registry minecraft:block: Found a missing id from the world cfm:warped_kitchen_sink_dark
[05jun.2024 15:14:39.439] [Render thread/INFO] [net.minecraftforge.registries.ForgeRegistry/REGISTRIES]: Registry minecraft:block: Found a missing id from the world cfm:warped_kitchen_sink_light
[05jun.2024 15:14:39.439] [Render thread/INFO] [net.minecraftforge.registries.ForgeRegistry/REGISTRIES]: Registry minecraft:block: Found a missing id from the world cfm:warped_mail_box
[05jun.2024 15:14:39.439] [Render thread/INFO] [net.minecraftforge.registries.ForgeRegistry/REGISTRIES]: Registry minecraft:block: Found a missing id from the world cfm:warped_park_bench
[05jun.2024 15:14:39.440] [Render thread/INFO] [net.minecraftforge.registries.ForgeRegistry/REGISTRIES]: Registry minecraft:block: Found a missing id from the world cfm:warped_table
[05jun.2024 15:14:39.440] [Render thread/INFO] [net.minecraftforge.registries.ForgeRegistry/REGISTRIES]: Registry minecraft:block: Found a missing id from the world cfm:warped_upgraded_fence
[05jun.2024 15:14:39.440] [Render thread/INFO] [net.minecraftforge.registries.ForgeRegistry/REGISTRIES]: Registry minecraft:block: Found a missing id from the world cfm:warped_upgraded_gate
[05jun.2024 15:14:39.440] [Render thread/INFO] [net.minecraftforge.registries.ForgeRegistry/REGISTRIES]: Registry minecraft:block: Found a missing id from the world cfm:white_cooler
[05jun.2024 15:14:39.440] [Render thread/INFO] [net.minecraftforge.registries.ForgeRegistry/REGISTRIES]: Registry minecraft:block: Found a missing id from the world cfm:white_grill
[05jun.2024 15:14:39.440] [Render thread/INFO] [net.minecraftforge.registries.ForgeRegistry/REGISTRIES]: Registry minecraft:block: Found a missing id from the world cfm:white_kitchen_counter
[05jun.2024 15:14:39.440] [Render thread/INFO] [net.minecraftforge.registries.ForgeRegistry/REGISTRIES]: Registry minecraft:block: Found a missing id from the world cfm:white_kitchen_drawer
[05jun.2024 15:14:39.440] [Render thread/INFO] [net.minecraftforge.registries.ForgeRegistry/REGISTRIES]: Registry minecraft:block: Found a missing id from the world cfm:white_kitchen_sink
[05jun.2024 15:14:39.440] [Render thread/INFO] [net.minecraftforge.registries.ForgeRegistry/REGISTRIES]: Registry minecraft:block: Found a missing id from the world cfm:white_picket_fence
[05jun.2024 15:14:39.440] [Render thread/INFO] [net.minecraftforge.registries.ForgeRegistry/REGISTRIES]: Registry minecraft:block: Found a missing id from the world cfm:white_picket_gate
[05jun.2024 15:14:39.440] [Render thread/INFO] [net.minecraftforge.registries.ForgeRegistry/REGISTRIES]: Registry minecraft:block: Found a missing id from the world cfm:white_sofa
[05jun.2024 15:14:39.440] [Render thread/INFO] [net.minecraftforge.registries.ForgeRegistry/REGISTRIES]: Registry minecraft:block: Found a missing id from the world cfm:yellow_cooler
[05jun.2024 15:14:39.440] [Render thread/INFO] [net.minecraftforge.registries.ForgeRegistry/REGISTRIES]: Registry minecraft:block: Found a missing id from the world cfm:yellow_grill
[05jun.2024 15:14:39.440] [Render thread/INFO] [net.minecraftforge.registries.ForgeRegistry/REGISTRIES]: Registry minecraft:block: Found a missing id from the world cfm:yellow_kitchen_counter
[05jun.2024 15:14:39.440] [Render thread/INFO] [net.minecraftforge.registries.ForgeRegistry/REGISTRIES]: Registry minecraft:block: Found a missing id from the world cfm:yellow_kitchen_drawer
[05jun.2024 15:14:39.440] [Render thread/INFO] [net.minecraftforge.registries.ForgeRegistry/REGISTRIES]: Registry minecraft:block: Found a missing id from the world cfm:yellow_kitchen_sink
[05jun.2024 15:14:39.440] [Render thread/INFO] [net.minecraftforge.registries.ForgeRegistry/REGISTRIES]: Registry minecraft:block: Found a missing id from the world cfm:yellow_picket_fence
[05jun.2024 15:14:39.440] [Render thread/INFO] [net.minecraftforge.registries.ForgeRegistry/REGISTRIES]: Registry minecraft:block: Found a missing id from the world cfm:yellow_picket_gate
[05jun.2024 15:14:39.440] [Render thread/INFO] [net.minecraftforge.registries.ForgeRegistry/REGISTRIES]: Registry minecraft:block: Found a missing id from the world cfm:yellow_sofa
[05jun.2024 15:14:39.440] [Render thread/INFO] [net.minecraftforge.registries.ForgeRegistry/REGISTRIES]: Registry minecraft:block: Found a missing id from the world heroesunited:titanium
[05jun.2024 15:14:39.440] [Render thread/INFO] [net.minecraftforge.registries.ForgeRegistry/REGISTRIES]: Registry minecraft:block: Found a missing id from the world heroesunited:titanium_ore
[05jun.2024 15:14:40.064] [Netty Client IO #1/INFO] [net.minecraftforge.fml.network.NetworkHooks/]: Connected to a modded server.
[05jun.2024 15:14:40.286] [Render thread/INFO] [com.mojang.authlib.yggdrasil.YggdrasilAuthenticationService/]: Environment: authHost='https://authserver.mojang.com', accountsHost='https://api.mojang.com', sessionHost='https://sessionserver.mojang.com', servicesHost='https://api.minecraftservices.com', name='PROD'
[05jun.2024 15:14:40.948] [Render thread/WARN] [net.minecraft.client.network.play.ClientPlayNetHandler/]: Unknown custom packet identifier: clothes_mod:network
[05jun.2024 15:14:40.948] [Render thread/INFO] [net.minecraft.client.gui.NewChatGui/]: [CHAT] [BeyCraft] -> Join to my Discord server: 
[05jun.2024 15:14:40.948] [Render thread/INFO] [net.minecraft.client.gui.NewChatGui/]: [CHAT] https://discord.gg/2PpbtFr
[05jun.2024 15:14:40.949] [Render thread/INFO] [net.minecraft.advancements.AdvancementList/]: Loaded 27 advancements
[05jun.2024 15:14:41.986] [Render thread/INFO] [STDOUT/]: [friedrichlp.renderlib.util.ConsoleLogger:debug:100]: [32m[RENDERLIB-DEBUG] [0mLoading model PGlaive.obj
[05jun.2024 15:14:41.986] [Render thread/INFO] [STDOUT/]: [friedrichlp.renderlib.util.ConsoleLogger:debug:101]: At: friedrichlp.renderlib.tracking.Model.onLoad()
[05jun.2024 15:14:41.986] [Render thread/INFO] [STDOUT/]: [friedrichlp.renderlib.util.ConsoleLogger:debug:100]: [32m[RENDERLIB-DEBUG] [0mLoading model Legend Spriggan.obj
[05jun.2024 15:14:41.987] [Render thread/INFO] [STDOUT/]: [friedrichlp.renderlib.util.ConsoleLogger:debug:101]: At: friedrichlp.renderlib.tracking.Model.onLoad()
[05jun.2024 15:14:41.987] [Render thread/INFO] [STDOUT/]: [friedrichlp.renderlib.util.ConsoleLogger:debug:100]: [32m[RENDERLIB-DEBUG] [0mLoading model Ultimate Reboot.obj
[05jun.2024 15:14:41.987] [Render thread/INFO] [STDOUT/]: [friedrichlp.renderlib.util.ConsoleLogger:debug:101]: At: friedrichlp.renderlib.tracking.Model.onLoad()
[05jun.2024 15:14:41.987] [Render thread/INFO] [STDOUT/]: [friedrichlp.renderlib.util.ConsoleLogger:debug:100]: [32m[RENDERLIB-DEBUG] [0mLoading model 1.obj
[05jun.2024 15:14:41.987] [Render thread/INFO] [STDOUT/]: [friedrichlp.renderlib.util.ConsoleLogger:debug:101]: At: friedrichlp.renderlib.tracking.Model.onLoad()
[05jun.2024 15:14:42.187] [pool-7-thread-3/INFO] [STDOUT/]: [friedrichlp.renderlib.util.ConsoleLogger:debug:100]: [32m[RENDERLIB-DEBUG] [0mMTL: ignored line 'map_d transparent.png'
[05jun.2024 15:14:42.188] [pool-7-thread-3/INFO] [STDOUT/]: [friedrichlp.renderlib.util.ConsoleLogger:debug:101]: At: friedrichlp.renderlib.model.MaterialCollection.loadFromMtls()
[05jun.2024 15:14:42.188] [pool-7-thread-3/INFO] [STDOUT/]: [friedrichlp.renderlib.util.ConsoleLogger:debug:100]: [32m[RENDERLIB-DEBUG] [0mMTL: ignored line 'map_d Legend_Spriggan/white.png'
[05jun.2024 15:14:42.188] [pool-7-thread-3/INFO] [STDOUT/]: [friedrichlp.renderlib.util.ConsoleLogger:debug:101]: At: friedrichlp.renderlib.model.MaterialCollection.loadFromMtls()
[05jun.2024 15:14:52.016] [Render thread/INFO] [net.minecraft.client.gui.NewChatGui/]: [CHAT] Set own game mode to Creative Mode
[05jun.2024 15:16:13.643] [Render thread/INFO] [net.minecraft.client.Minecraft/]: Stopping!
